"barcode","sex","celltype","rna_x","rna_y","atac_x","atac_y"
"AAACAGCCAATGAAGC-1","male","Astrocytes",2.59607313708607,-3.49621814553456,-12.7908230274868,4.48733728187493
"AAACAGCCATCCAGGT-1","male","Microglia",10.1186034543926,11.2238517397193,7.25220198929783,0.691334148816381
"AAACAGCCATCGCTCC-1","male","Astrocytes",-3.84106351299938,-4.07792705361562,-1.39566330611233,-2.66691572410652
"AAACATGCAACATAAG-1","male","Astrocytes",-1.95693077011761,-3.8760218030663,-0.249381825323146,-2.85700065834114
"AAACATGCAAGGTACG-1","male","Microglia",11.4350755079204,10.7514653795509,8.77233882248874,0.57646747487
"AAACATGCAGCAACAG-1","male","Astrocytes",2.12008451060596,-3.29972165887074,-1.2961219102097,-2.29745537979194
"AAACCAACAACTGGCT-1","male","Oligodendrocytes",3.76883672313038,4.64344817335887,0.365383222703892,11.5624157692712
"AAACCAACAATGAAGC-1","male","Microglia",10.9570481641704,10.479728280857,8.00211615860935,1.78990959184578
"AAACCAACAGTACCGT-1","male","Microglia",7.29726384715382,10.9291501634864,1.59500832856174,0.593491366080556
"AAACCAACAGTTTGGC-1","male","Microglia",10.3971688611919,10.4367871874122,8.09795947373386,-0.0832361672598979
"AAACCAACATATAACC-1","male","IN-CGE",-2.32800592346844,13.952797471836,0.612816169862706,-8.37700683815071
"AAACCAACATGCAACC-1","male","IN-MGE",-12.5213568346089,2.77399843867107,6.18555541337009,-4.76668340904304
"AAACCGAAGAATGACG-1","male","Microglia",8.85641740397755,11.5466714494972,7.85950846970554,-0.396348903008189
"AAACCGGCACTGACTA-1","male","Oligodendrocytes",6.1025721891338,0.80721235211177,1.14950986207004,11.516411473922
"AAACCGGCAGCTAATT-1","male","IN-CGE",-11.6144173280781,10.6130834215431,1.66888709366794,2.14820401924065
"AAACCGGCAGCTCATA-1","male","Microglia",9.65843461589161,10.6377378099708,7.99571795762058,0.773121720127378
"AAACGGATCCTCAGCT-1","male","Astrocytes",1.04703365401569,-4.31134694878774,-1.54410527646069,-2.47606117469856
"AAACGGATCCTGTTCA-1","male","Microglia",8.67928289012257,12.0233340853004,8.11987204850193,0.811976989678655
"AAACGGATCGAGGAGT-1","male","Microglia",9.81362985209766,11.1069789522438,8.10938544571872,1.24340977328232
"AAACGGATCGTCATTT-1","male","OPC",-8.09629465504345,-9.60602039162831,-10.0142231434536,-5.00323183281013
"AAACGTACACGTAATT-1","male","Pericytes",8.28838513926807,-12.9083513623925,-3.86034159361843,4.79479472892693
"AAACGTACAGGGAGGA-1","male","Microglia",6.47163413600269,10.055773317173,7.74151320755954,1.94629560964516
"AAAGCAAGTTATTGCC-1","male","OPC",-6.9473340646809,-5.82411474053578,-10.5184460133267,-5.37154562217781
"AAAGCACCAAATACCT-1","male","Microglia",10.9197852476055,11.7059999101905,7.98201175034519,1.01377111109308
"AAAGCCGCAAGGCCAA-1","male","IN-CGE",-8.99682833119091,11.2023616426734,1.12388058007236,-9.53924114448616
"AAAGCCGCATAAAGCA-1","male","Microglia",11.2720448835308,11.1044126146583,6.80502457917209,3.46748202102593
"AAAGGACGTCTATCGT-1","male","Astrocytes",1.62623284892384,-3.09241527383046,-0.00890283286098825,-0.139048645325389
"AAAGGACGTGTCCAAA-1","male","Microglia",11.2254884107524,10.3414760225563,8.19123454392429,0.558008303813253
"AAAGGAGCAGGCTGTT-1","male","Microglia",7.25598977641407,10.5254331224708,-3.43202786147122,1.49367516296319
"AAAGGAGCAGGGAGCT-1","male","Astrocytes",-0.361464305359688,-4.81902498070912,0.260880663995701,0.128558566741262
"AAAGGAGCATAATGTC-1","male","Microglia",10.2756087644512,10.7754588716774,8.22566981614109,1.42129384534768
"AAAGGCTCAGTTATCG-1","male","IN-MGE",-14.5302355424946,1.07683607871814,4.15885348618503,-5.4276741240699
"AAAGGTTAGCAGCTAT-1","male","Microglia",9.66599820689503,10.8844533556251,6.95018000901218,3.31219356315545
"AAATCCGGTTAACGGC-1","male","OPC",-6.22928739948925,-11.927965582058,-12.4482393711758,4.32973187225274
"AAATGCCTCAATGAGG-1","male","Astrocytes",-1.79108227654156,-4.12304395501332,-0.51239071785931,-2.67061931831428
"AAATGCCTCCGGAACC-1","male","Astrocytes",0.314708815377388,-4.85588353936391,-1.18515954911236,-3.05014307243415
"AAATGGCCAAACAACA-1","male","IN-CGE",-10.4301960603779,9.53654533560558,2.78904934227939,-9.27045948249885
"AAATGGCCAGCTTAAT-1","male","Oligodendrocytes",6.35235522822681,0.530909954860641,0.9073228389072,11.5421807076257
"AAATGGCCATTAAACC-1","male","Astrocytes",2.650248037141,-2.77898114983754,-2.5652660578442,0.595316639117513
"AACAAAGGTGTTTGAG-1","male","IN-CGE",-2.59864951534924,14.0456615083961,0.539525464181858,-8.48568660957405
"AACAAAGGTTCGGTAA-1","male","Microglia",10.3856017454082,11.2692781084327,8.02125449479099,0.763207560352598
"AACAAGCCAAGTGAAC-1","male","Microglia",3.44110606746021,5.11219698126598,7.03600259125705,3.14400809066704
"AACAAGCCAATTAAGG-1","male","Astrocytes",2.32574199275318,-2.95075553719716,-0.615689456458133,-2.31821663124153
"AACAGCAAGCGCAATT-1","male","IN-MGE",-13.7001230852192,1.49494931223972,4.37822194397922,-5.54399950248786
"AACAGGATCATTTAGG-1","male","IN-CGE",-11.9347078935688,8.95565754111095,3.3168310672092,-9.37352783424446
"AACAGGATCCAAGTTA-1","male","Microglia",-6.68136240406689,-9.73204082314687,-8.07586054503445,-6.10683376533576
"AACAGGATCCTCAGTC-1","male","OPC",-4.82312847538647,-13.1700176603051,-12.7820702046109,4.41674750106743
"AACAGGATCGGTTTGG-1","male","Microglia",9.59887002543751,10.5148931139259,8.69739718735691,0.91900712805203
"AACATAGCAAGGTCCT-1","male","Oligodendrocytes",3.81054042414967,4.81528502638621,0.563062503938633,10.9091908242028
"AACATAGCAGGATTAA-1","male","Microglia",6.54802630976978,10.0101428621559,-2.75635080039029,2.37474386947564
"AACATCATCGTTTCCA-1","male","Microglia",5.14930366114918,-4.25554508034902,7.69547744095798,1.42720304983071
"AACATTGTCCCATAAA-1","male","Oligodendrocytes",6.09689830378834,0.610093712165786,0.859102800493199,10.8744198586266
"AACATTGTCCTGGTCT-1","male","Astrocytes",-2.21394146843609,-4.2267503148766,1.13366134465213,2.51068442123345
"AACCTAATCGATTTAG-1","male","Microglia",6.74926923350636,10.1695485704689,-2.54842202364926,2.12435035961083
"AACCTAATCTCCTCAA-1","male","IN-MGE",-17.9474833147114,4.48306995566173,4.85505767167087,-5.8884928916175
"AACCTCACACTGACTA-1","male","IN-MGE",-11.4518025056904,0.08057421381755,8.23424620926853,-5.97648555976936
"AACCTTGCAATGCCTA-1","male","Microglia",-5.589897407729,-4.11994928185658,-3.42486290633206,1.72561519401482
"AACGCCCAGCGATACT-1","male","Astrocytes",2.80634163455311,-3.65270942513661,-1.1110119372559,-1.95948154670783
"AACGGTAAGTTAGGCT-1","male","Microglia",4.93314527110401,-4.23536056344228,6.08216662705417,0.5141155030053
"AACTACTCAACCTAAT-1","male","OPC",-8.29741646214184,-9.17525619332509,-10.679034277792,-5.82476742012092
"AACTACTCAGCTTAAT-1","male","Microglia",10.0203130109722,10.7859607332496,8.04254718125339,1.64350240486077
"AACTAGCTCACAGGAA-1","male","Oligodendrocytes",2.98649118975941,4.81150513823314,0.878555491571385,11.7926279808801
"AACTCACAGTTCCTGC-1","male","Astrocytes",-2.22857703133282,-4.3034858113976,-1.95789293944363,-2.17764599067756
"AACTGTTCAATATACC-1","male","OPC",-8.90744806690868,-9.23789924447255,-9.54460148512844,-6.00012190086433
"AACTGTTCATTAAACC-1","male","Microglia",12.10995744304,12.4241109483985,7.30575270951267,2.67913275020531
"AACTTAGTCATCAGTA-1","male","Microglia",12.1276433332378,11.661670266941,-0.242631837720913,-4.37824089271614
"AACTTAGTCCCGTTGT-1","male","Microglia",9.02305196360889,10.5378814333229,8.27266974747654,1.20486943977288
"AAGAACAGTTTACCGT-1","male","OPC",-7.7448136941975,-9.16001743142323,-9.65340618788723,-5.89348251564094
"AAGAATCAGCTAGAAG-1","male","Astrocytes",-0.912467493254509,-1.61970967118459,-2.77879182993893,1.3569710757058
"AAGAATCAGCTTACTT-1","male","Astrocytes",2.16752432421986,-2.89311069314198,-0.878522798414272,-2.8123894427497
"AAGACAAGTCCACAAA-1","male","Microglia",8.06438230113331,10.5820823305397,7.88239569962497,1.88585703628472
"AAGACAAGTGGATTGC-1","male","OPC",-6.61245895786938,-5.37432569329457,-8.77726320921902,-6.69576198799201
"AAGACATAGCTCCTAC-1","male","Astrocytes",1.40194355086628,-4.80010312859731,-2.02938847243313,-2.57551843864509
"AAGACATAGCTTCTCA-1","male","Microglia",8.08624147013966,10.9120641344337,8.4819192439365,0.15063642518929
"AAGACCAAGCATGACT-1","male","Microglia",11.201645599168,11.98927360709,7.08902926743503,0.724423101119314
"AAGCAAGTCACTTTAC-1","male","Astrocytes",-2.3527706996983,-3.78089088265614,0.453924372796971,-3.07030660850593
"AAGCAAGTCATAGCCG-1","male","Microglia",-0.3237517164534,-14.1415247327538,1.49461551011081,0.808841338328634
"AAGCAAGTCCAATTAG-1","male","Oligodendrocytes",1.91647981242481,4.70446687872691,1.57813067734714,9.9566056038659
"AAGCAAGTCTCACACC-1","male","Astrocytes",2.22438620166126,-2.63433593575673,-0.758705511684459,-1.76525981170722
"AAGCATGAGAGGATAT-1","male","OPC",-8.48707701130566,-8.19805377785878,-9.26301483809475,-5.69979221565315
"AAGCATGAGGGTTATC-1","male","Microglia",10.027757392686,10.8730264299659,8.56078906357761,-0.193698355980601
"AAGCATGAGTAAGAAC-1","male","Astrocytes",-10.9409163133686,10.2273336046485,-0.932137079532188,-4.13254625541755
"AAGCCTCCAATTGACT-1","male","OPC",-8.21217848225292,-9.71203845803456,-9.60739903151516,-6.5570948813636
"AAGCCTCCATGGCCCA-1","male","Microglia",-6.22982098026928,-4.8084382421227,-3.01295475661282,1.69144838111809
"AAGCCTGTCTCCATGC-1","male","Microglia",10.8626487119609,10.3231883638649,7.64544959366794,0.375795056990896
"AAGCCTGTCTGTTGCC-1","male","OPC",-4.84589744969067,-13.1277908689232,-12.8061886280728,4.46252100723198
"AAGCGAATCACAGCCA-1","male","Microglia",10.1331975324566,12.4587340944557,8.04664988816257,0.579401692323003
"AAGCGAATCTTGCAAA-1","male","Microglia",8.45397542552296,10.8355117433815,8.71586318314548,0.61983575480393
"AAGCGAGGTTATGTGG-1","male","IN-MGE",-11.2602942125386,0.131343781307174,8.05912871659275,-5.89180261833259
"AAGCGAGGTTTGCGCC-1","male","Endothelial",-1.37712855501827,-15.5337862378808,-2.82979516684536,2.29907470004967
"AAGCGGGTCACATTGA-1","male","Oligodendrocytes",3.07884691790882,4.87882286246104,0.343487694864231,11.6345278527062
"AAGCGGGTCAGTTCCC-1","male","Astrocytes",2.59910796717945,-3.74275392358022,-1.02929268776898,-2.28262669784614
"AAGCGGGTCATGGTGT-1","male","Astrocytes",-3.58779598637279,-2.99959939782338,2.25400228798862,-2.05726868850776
"AAGCGGGTCTACCTGC-1","male","IN-MGE",-11.5614569322651,0.251532255962325,8.04072757065769,-5.9910810683448
"AAGCGTTTCCGTTATT-1","male","IN-MGE",-11.2094099657124,0.706693112209274,7.65982146561618,-5.74576837760993
"AAGCGTTTCGCCTAAG-1","male","Microglia",7.43584130839649,11.0620370500831,7.62602801621433,0.49474065559319
"AAGCTAGAGCATGGTT-1","male","IN-CGE",-9.14743257923779,12.4792466753273,1.12667138875003,-9.89825470192024
"AAGCTAGAGCGATAAG-1","male","Microglia",11.3101184232647,12.6315284364967,6.9310478717136,3.32119553344658
"AAGCTAGAGGATTGCT-1","male","Microglia",9.17648957804981,11.1915145509986,7.18240447342868,1.27828325884751
"AAGCTCCCAAGCTAAA-1","male","Microglia",11.1185757978374,9.97227531607433,7.80294604599949,1.23715700762681
"AAGCTCCCATGAATAG-1","male","Oligodendrocytes",5.82085107402149,0.707495211914016,-0.0485740154934345,11.2312132622521
"AAGCTCCCATTGCAGC-1","male","Microglia",-5.66322351856884,-4.1318811780663,-3.19198493659024,1.42520435707978
"AAGCTTGGTCCACAAA-1","male","Microglia",10.5589730604107,10.7854953401832,6.83607812226291,1.77159052150658
"AAGGAAGCAAATGCCC-1","male","IN-MGE",-17.9757292406147,4.45341831381602,-3.41142110526089,1.56176190631798
"AAGGAAGCAGCTAATT-1","male","Astrocytes",1.93965791301075,-3.61987823312001,-3.22805671393399,1.31901069539002
"AAGGATCCAACCTGGT-1","male","Astrocytes",-6.89395309849438,6.79068714316173,-0.177319630975765,2.32671504276207
"AAGGATCCAAGCTTAT-1","male","Endothelial",-0.495937018699762,-15.397897184536,-0.754028432066482,3.53972499626092
"AAGGATTAGCATGGTT-1","male","Microglia",10.8768775327617,11.6289420717506,8.54400916398044,0.536593278817449
"AAGGCCCTCCCAGTAG-1","male","Microglia",10.3364903791362,11.1648727052955,8.35778613389011,-0.0676000807959697
"AAGGTATAGCATGGTT-1","male","Astrocytes",-1.78201736374554,-4.23270601098256,-1.16311533748631,-3.69050676567146
"AAGGTCAAGCCTGTGA-1","male","OPC",-10.9783146516865,10.4551749819068,3.32004781067844,-10.0015834067542
"AAGGTCAAGCTTAACA-1","male","Astrocytes",0.353888855736885,-2.39772361581044,0.404078796510655,1.19433196442536
"AAGGTCAAGGCGGATG-1","male","Microglia",7.25410960749928,10.6864572160987,9.12121672928806,1.53234349744729
"AAGGTCAAGTTTCCTG-1","male","Microglia",8.92602895335499,11.142777978733,7.00356526673313,1.79596870201043
"AAGTAGCCAGCCTGCA-1","male","Astrocytes",1.44009028510395,-3.71072334115224,-1.23059903084759,-2.85641820175239
"AAGTGAAGTTAAATGC-1","male","Astrocytes",3.03359650210682,-3.31442970101552,0.608035519723851,9.67915218131951
"AAGTGCAAGGAACCGG-1","male","Astrocytes",1.32131885127369,-3.97976821725087,-2.28262583910946,-1.95847756607124
"AAGTGCAAGGGTTAGA-1","male","Microglia",9.16279767588917,11.7102599733619,7.90852923691745,1.06672152685336
"AAGTGCAAGTGCACGC-1","male","Pericytes",7.67745660380665,-13.0565542585106,-4.13329057394986,4.75686114089898
"AAGTGTTGTAGGTTTG-1","male","Oligodendrocytes",6.26672242717091,1.17060720856471,0.712426140909153,10.6696030403893
"AAGTGTTGTATTACCC-1","male","Microglia",9.56491445140186,10.8438850038795,6.75495524704929,0.427030911616597
"AAGTGTTGTCACCTAT-1","male","Astrocytes",2.33188532428089,-3.93434423272328,-0.746969096357864,-3.44085056526252
"AAGTTTGTCAATTACG-1","male","Astrocytes",2.02811692790333,-2.7318133718224,-0.370738461608928,-2.64089352829048
"AATAACCGTGCTAGAC-1","male","Microglia",7.2642719610149,10.984686433628,8.25470538437839,0.940634993783746
"AATAACCGTTCCTGTG-1","male","Microglia",11.9327056272441,11.0790553682594,8.29162783921238,1.38872175472191
"AATAACCGTTTGCTGT-1","male","Microglia",10.3808915479595,10.9250016802101,7.85938258469577,0.782702511123929
"AATACCGGTCATCCTG-1","male","OPC",-7.666970504958,-6.78833621804433,1.30995173752781,1.56536357658318
"AATAGAGGTACGGTAC-1","male","Astrocytes",1.76349233226124,-3.84991449181752,-1.25543431937222,-2.57170421821662
"AATAGAGGTTGCCTCA-1","male","Microglia",9.21792672709766,11.572881280735,6.79803891480442,2.07589428680352
"AATAGCTGTCAAAGGG-1","male","Astrocytes",-3.73921348019299,-3.78471130196767,-1.60302077233319,-3.13352234108039
"AATATCCCATAGCGGA-1","male","Microglia",11.0774180753643,10.6424832933692,7.09066386521335,0.643702050618444
"AATCAGGAGCACAGAA-1","male","Endothelial",-1.54014445706066,-15.239169538662,-2.75797955691342,2.91843490856103
"AATCAGGAGCTTAACA-1","male","Microglia",-6.67723394795116,-9.72092384164052,-8.39768318831448,-6.25234205467292
"AATCAGGAGCTTCTCA-1","male","OPC",-6.76389147206005,-5.62593644921498,-10.5099354237271,-6.28585130912849
"AATCAGGAGTATGTGC-1","male","IN-CGE",-10.8436539308613,11.2013164156227,3.26833625138279,-10.0667794440467
"AATCAGGAGTGTGATC-1","male","OPC",-7.7927234308308,-8.1371130353661,-9.3065500706387,-6.09510309440681
"AATCAGGAGTTATCTC-1","male","IN-MGE",-11.2389652864521,0.697324871375991,8.11495681107517,-6.10364896995613
"AATCATCCAATCCTGA-1","male","OPC",-9.69914843006786,-8.71975845162587,-10.186958357687,-6.22047455055305
"AATCATGTCTGTTCAT-1","male","OPC",-8.21779657765087,-8.7696346646996,-9.68819050490383,-5.60001547081062
"AATCCATCAATATGGA-1","male","OPC",-9.08442999287304,-9.38021510903554,-9.82913689314846,-5.95281107170173
"AATCCATCAGTGAACG-1","male","Endothelial",-1.18812902136501,-15.4802011853905,-2.9861097782803,2.10016446369103
"AATCCATCATAATGAG-1","male","IN-CGE",-11.2868263856953,9.24140125448985,2.92980690300937,-8.85617763740608
"AATCCATCATCGTTCT-1","male","IN-MGE",-14.4113419191426,1.14997845824046,4.73834939301487,-5.49306471092292
"AATCCCTGTCAGGCAT-1","male","Astrocytes",0.0271419151240922,-4.61388295952992,0.763371780519444,2.44052033679894
"AATCCTAAGGTGCGGA-1","male","Astrocytes",1.93883322314564,-3.70629257027821,0.355838611726719,0.76014972286633
"AATCCTAAGTCATTAG-1","male","Astrocytes",1.87799547747913,-3.47536462609486,1.10767693818088,0.532661041192327
"AATCGCCCAGACAAAC-1","male","Microglia",7.4461099965984,10.9827113741188,7.59366889298435,0.977212831325445
"AATCGCCCATGCAACC-1","male","Astrocytes",-3.17558671398815,-3.26908057992177,0.0447635799693645,-2.889018843003
"AATCTCAAGACAAGTG-1","male","EN",-7.33435369892773,6.71405845816417,-2.04462449252133,-5.42346365196296
"AATCTCAAGATGGAGC-1","male","Microglia",10.7921607358867,12.228624879673,7.47770781815525,1.36461179511956
"AATCTCAAGGCAACAA-1","male","Microglia",11.2229544980938,10.6096034639625,7.49212165177341,1.49198686139992
"AATCTCAAGGCGCTAC-1","male","IN-MGE",-11.4193518297261,1.39878789271398,7.92700286210056,-5.85818655235359
"AATCTCAAGGGATTAG-1","male","IN-MGE",-12.3825266496724,1.9249271744041,5.96454472840305,-5.19833309394905
"AATGAAGGTTATAGCG-1","male","Astrocytes",1.84581206874195,-4.18413633172231,-2.22326187788967,-1.38464553100654
"AATGAAGGTTGTTGCT-1","male","OPC",-5.20901228352245,-13.3671249753685,-12.6887073963833,4.39296524780205
"AATGAAGGTTTACGTC-1","male","Endothelial",-0.158786101776924,-14.9249643689843,-2.42762796580319,3.12908785598687
"AATGCAACACCCTCAC-1","male","OPC",-5.50296951695141,-4.28478759591298,-12.4503822773648,4.23174135940484
"AATGCAACACTAAGCC-1","male","OPC",-7.85731722279247,-9.28112739388661,-9.7530193775845,-6.24346716148445
"AATGCAACATGTGGGA-1","male","Microglia",11.4688184125835,10.2679420107154,8.35460753739353,1.3598208929818
"AATGCATGTACTGAAT-1","male","IN-CGE",-8.75605513020214,10.8573318117408,1.06684167683597,-9.42724258644172
"AATGCATGTCCTTTAA-1","male","Oligodendrocytes",4.98004125193897,3.86027795012279,0.302175477151829,10.4164263512414
"AATGCGCGTCAAGACC-1","male","Microglia",10.7842576368267,11.8042598360328,6.45813365281101,2.148459007911
"AATGCGCGTCACAAAT-1","male","Microglia",9.48477243022266,10.8422742479591,8.50995345414158,0.819299822620664
"AATGCGCGTGATCATG-1","male","Microglia",8.91232751445118,10.4137759798316,7.49829097092624,0.948936399951194
"AATGCGCGTGGATTAT-1","male","Astrocytes",-4.09828664227184,-3.9502896672936,-1.02914577722077,-2.10227353317329
"AATGCGCGTTACCGGG-1","male","IN-MGE",-11.4124100343769,0.293587505176498,8.07671637833591,-6.03748972160408
"AATGCGCGTTAGCTGA-1","male","Microglia",10.0459802015239,11.201992570713,7.00235934556003,3.17749040382317
"AATGGCGCAAGCTAAA-1","male","Microglia",-5.44059158726391,-3.81255477730946,-3.46874813735012,1.58197950380257
"AATGGCGCAATAATCC-1","male","Microglia",9.15297387675587,11.3769021623878,7.52666659653659,1.86320452945641
"AATGTCATCATGCTAA-1","male","Microglia",6.95620463923756,10.2463002794532,4.95920462906833,0.679717650584493
"AATGTCATCGAGCAAA-1","male","IN-CGE",-2.32035006447491,13.9846673601417,0.579756215219456,-8.53465206367561
"AATGTCATCGCAACAT-1","male","Microglia",10.5831334455425,12.0328851335792,6.7019800692844,0.850386744312558
"AATGTCCAGCCATCAG-1","male","Microglia",9.09444402293507,11.877378999546,7.72287173569675,1.56913166301659
"AATGTCCAGCTAAGTC-1","male","IN-CGE",-2.98798562451061,14.2197223299293,0.648459747438389,-8.41416103584358
"AATTACCCAACACTTG-1","male","Microglia",11.3286588056499,11.8092799776344,6.48705716431614,3.74337022560051
"AATTAGCGTGCTAGAC-1","male","Microglia",10.7158114774639,9.97906833823009,7.58990378678318,1.46482329624108
"AATTAGCGTTCATTTG-1","male","Astrocytes",0.121816263955269,-3.89233392541127,-1.24053408205036,-2.56901795608589
"AATTAGCGTTTGAGGC-1","male","Oligodendrocytes",5.97699569300953,1.76230367954059,0.275459006433445,10.7658421303552
"AATTAGGCAACTAGAA-1","male","Astrocytes",2.19702552394215,-3.58122962777333,-1.38082025944714,-2.27387244445869
"AATTAGGCAGGCTTGT-1","male","IN-MGE",-14.5986702577656,0.998221605375244,4.31799025834079,-5.56947500450202
"AATTAGGCATCAGCAC-1","male","OPC",-8.32171989842113,-9.57636779610829,-9.76360897719387,-5.18089086753913
"AATTCGTCAGTTAGCC-1","male","Astrocytes",-1.21907748146709,-4.32958740060048,-0.682302623982471,-2.64878470642158
"AATTCGTCAGTTTCTC-1","male","OPC",-6.88092066212353,-5.74836582009511,-3.12721781432156,1.65650831716469
"AATTGACGTGGGTACT-1","male","Microglia",8.40100930766407,11.3467631929664,7.50378318131443,1.1853909398835
"AATTGACGTTCATTTG-1","male","IN-CGE",-10.9207737581318,10.1310935610084,3.24124093354221,-9.34557850105354
"AATTGCCAGCCTGAGC-1","male","Microglia",6.74531434611622,10.3464036577491,1.67549677193638,0.737946128420148
"AATTGCTCAACATAAG-1","male","Microglia",3.1368408067638,4.82197934325023,6.98734374344822,3.37305133598259
"AATTGCTCACCTCAGG-1","male","Astrocytes",-3.70451666279491,-4.19175857369618,0.503128245477635,0.986867839417968
"AATTGGACAACCGCCA-1","male","Astrocytes",-1.05258191986736,-4.39895290200429,-0.764903113241237,3.01901786582879
"AATTGGACATGCATAT-1","male","Oligodendrocytes",6.25517772273365,1.13557249243541,0.560503795747715,10.2686583306115
"AATTTCCTCCATTACT-1","male","Endothelial",-0.344824476677742,-14.0492262250634,-2.88516859709744,2.6318107153695
"AATTTCCTCCCGAAGC-1","male","Astrocytes",-3.92596770687756,-3.86449283425527,-1.59163396059994,-3.197537252732
"AATTTCCTCTTTGTAC-1","male","Microglia",9.19592355326954,12.0537315004615,7.56196112931247,0.756424194149289
"AATTTGCCACAAAGCG-1","male","Microglia",-5.88491035862621,-4.58945268456654,-3.21736507117276,1.38467066543511
"AATTTGCCATTAGGTT-1","male","Astrocytes",-1.69922424717602,-4.2564772969933,-1.09551338850979,-2.16787750465461
"AATTTGGTCACAGGAA-1","male","Astrocytes",2.46393750743214,-3.92836183373647,0.441056445245701,-3.22825700981208
"AATTTGGTCCTGAGTG-1","male","Astrocytes",-2.34327365322765,-4.02372497384267,-0.92460805922274,-2.31968123657295
"ACAAACTGTAAGCTTG-1","male","Microglia",10.0842559202129,11.3917766207008,7.38529486954685,0.172749331168447
"ACAAAGGTCTGTTGCC-1","male","Microglia",11.3867986066753,12.313377916172,7.43939109147068,0.550881108216558
"ACAACAACAAAGCTCC-1","male","Endothelial",-1.18610317869839,-15.3336653119774,-2.5439768284512,3.68635504501275
"ACAACAACAGTAATAG-1","male","IN-MGE",-11.0641520158833,0.442833124950363,7.92256827652927,-5.92528707725593
"ACAACAACATTATCCC-1","male","OPC",-4.8297484056538,-13.1622480756493,-3.54610590636258,1.37630667345933
"ACAACACTCACGAATC-1","male","Microglia",11.7608125074321,11.4251227968483,7.75632949173923,1.28272308962754
"ACAACACTCCTTAAGA-1","male","Microglia",-5.67798401280102,-4.24873250786977,-3.25566487013821,1.71677904384545
"ACAACACTCTCACTAT-1","male","IN-fetal",-9.99542452259716,10.4687257402687,-3.2487879246426,1.58785974042824
"ACAACACTCTTACTCG-1","male","IN-MGE",-17.8945219652241,4.53465515311046,4.96651454270359,-5.94277460319587
"ACAACAGAGTGAGCAA-1","male","Pericytes",8.30358289317432,-13.608665884182,-4.40920381247525,4.82941954391411
"ACAACATGTAGCTAAT-1","male","OPC",-7.95999504490551,-9.15585559670644,-9.74415592848782,-6.39460355979988
"ACAACATGTTAGCTGA-1","male","OPC",-6.14529682560619,-4.89564222161488,-10.0211515873623,-6.78559763176033
"ACACCTTGTCATTAGG-1","male","IN-MGE",-13.4621222154683,1.77908599312587,5.18999381363865,-5.52242452842781
"ACACCTTGTGGTGAGA-1","male","OPC",-8.787988914687,-9.13487666909413,-9.9452686756802,-5.90927440864631
"ACACCTTGTTTGTCTA-1","male","Oligodendrocytes",5.70969127253834,1.621520548418,1.1046386510181,10.9819618965905
"ACACGGACACAGCCTG-1","male","Microglia",9.80846570567432,11.011375963047,8.45367141068454,1.67621701019219
"ACACTAATCCCATAAA-1","male","Astrocytes",-1.04482783241924,-4.55679410760121,-0.112129673357051,-3.68429596168586
"ACACTAGGTCATAAGT-1","male","IN-MGE",-2.30774904652294,13.9562602632789,0.545703962449986,-8.5620187018592
"ACACTAGGTGCTAGCG-1","male","Oligodendrocytes",5.84454654292408,1.55285153473897,1.24229998887058,10.801419904403
"ACACTTAAGCACGATT-1","male","Microglia",10.8460404737407,10.6331000917701,7.04668422043796,3.17586772697381
"ACACTTAAGCATGTTA-1","male","Astrocytes",2.55569361285511,-4.34382814233022,-1.13140116631512,-2.12585098487922
"ACAGCGCTCATCCTGC-1","male","Astrocytes",-3.89483786984142,-3.8707670575829,-1.1864808052731,-2.93165833694526
"ACAGCGCTCTAAGTCA-1","male","Microglia",-5.48779655857738,-4.099671781704,-2.94811873137478,2.13435917156151
"ACAGGAATCGCTAAAC-1","male","EN",-4.928125633437,6.04761797125621,-3.99677090346341,-6.49159700614997
"ACAGGATCAATGCCCG-1","male","IN-MGE",-13.9095184938496,1.68622291024013,4.72574229538913,-5.31824381095954
"ACAGGATCAGGAACTG-1","male","Microglia",11.3233916624004,11.1162877672462,8.0749892741489,0.565908631257329
"ACAGGCTGTTTACCGT-1","male","Oligodendrocytes",5.87818597392384,0.538605272129012,1.22783847153659,10.1675783898156
"ACAGGTAAGACTTATG-1","male","Astrocytes",1.98048971728626,-2.44812339608388,0.542447045450169,-3.05726654274055
"ACATAGCTCAGTTCCC-1","male","Astrocytes",1.86971591548267,-4.49740547005849,-1.97962824999813,-2.38839466316291
"ACATAGCTCGATCAGT-1","male","Astrocytes",2.28898976878468,-3.88381618325429,-1.23821701108937,-2.30277759773323
"ACATCAATCCGTAAAC-1","male","Microglia",11.2302043302471,12.0188022249488,6.94994111359592,0.730942359141622
"ACATCATCATTGCAGC-1","male","IN-MGE",-11.5333168642109,0.213826953723861,8.04216094315525,-6.1140902732093
"ACATCATCATTGTCCT-1","male","OPC",-7.89887072010693,-9.40675109688954,-9.05474953352932,-5.38569051963874
"ACATTAGTCACGAATC-1","male","OPC",-5.29317737980541,-13.2141184217186,-12.6153154820157,4.18540804641655
"ACATTAGTCCCTCAAC-1","male","Oligodendrocytes",3.10523270205799,4.91197496588512,-0.279215022916835,11.2624069954675
"ACATTAGTCGATATTG-1","male","Astrocytes",2.23639820651356,-2.95141643349843,-0.793188925827783,-0.384303996391978
"ACATTAGTCGTAACGT-1","male","IN-CGE",-11.6847574846333,11.6286149614601,3.40431685746189,-10.562539408036
"ACATTGCAGCGAGTAA-1","male","IN-MGE",-11.0942795412129,0.381683527782394,-0.339990064497036,1.65442281024865
"ACATTGCAGGCACAGG-1","male","Astrocytes",2.13974331454578,-4.87604707543569,-1.51744894682888,-2.79570586425849
"ACCAAACTCGTTACTT-1","male","Microglia",11.4283025129253,11.4924779527931,8.52578635514255,-0.415869901009288
"ACCAAGCGTCATAACG-1","male","Microglia",10.5249230726177,11.5482640856056,8.20946116745945,0.818106165103231
"ACCAAGCGTTCAAGAT-1","male","Astrocytes",2.26491330699268,-2.5954985028954,-1.68718414008145,-1.77626640541145
"ACCAAGTTCAAACACC-1","male","Microglia",11.6750247342998,11.4492507570533,-0.142471179361385,-4.43960172874519
"ACCAAGTTCAAACTCA-1","male","IN-MGE",-17.8169043199604,4.6075204008369,4.85746426880832,-5.92390711052009
"ACCAAGTTCATAACGC-1","male","Microglia",8.41026662425343,11.1902185076026,7.73469920456882,1.13691980200223
"ACCAATATCCCGTTTA-1","male","Microglia",9.5334803922588,11.3671222322731,8.31340785325046,1.32703124540261
"ACCAATATCTGTTCAT-1","male","Microglia",-6.6337821619099,-5.40226262871938,-3.42852191626553,1.82336722867898
"ACCACACCAAAGCTCC-1","male","Oligodendrocytes",6.14740918711964,0.423667251422836,0.643302634363133,11.7214695717614
"ACCACACCAATAATGG-1","male","Endothelial",-1.34666783972439,-15.4722132093163,-2.94387154280667,3.1081370617669
"ACCACATAGTCTTGAA-1","male","Astrocytes",3.03596018390003,-3.60885089699941,-0.247587665910762,-3.37233717186042
"ACCACATAGTGAGCAA-1","male","Astrocytes",0.275183008473549,-4.26821702782826,-2.08375792204861,-2.56960684997627
"ACCAGGACAGCCTAAC-1","male","Oligodendrocytes",6.68803142146412,1.20372208888812,0.899063661699253,11.2971455361169
"ACCAGGCTCGGTTTGG-1","male","Oligodendrocytes",5.47761605815235,2.14945292408748,0.924076393251377,10.8216177727502
"ACCAGGCTCTCAATGA-1","male","Microglia",10.8336274488384,9.8661018007545,7.99616713822361,1.09930520313195
"ACCAGGGAGGTAACGA-1","male","Microglia",10.3616740568096,11.3787561052589,7.60489554703708,0.600308647326741
"ACCAGGGAGTTTGCGG-1","male","Microglia",9.39167855815235,11.5420337312965,7.0463494807529,3.13404982345513
"ACCATAATCTGGCAAT-1","male","Microglia",10.5759932859356,12.1945520036964,7.08273406327243,0.486933788232122
"ACCATTAAGCGATACT-1","male","Microglia",11.2953231199199,11.8807750337867,0.61369593441959,2.550554087333
"ACCATTAAGCTACTGG-1","male","IN-MGE",-11.3743899004048,0.0864892595557702,8.04617018998142,-6.04197246772834
"ACCCAACCAAGCCACT-1","male","Astrocytes",2.60414002970997,-3.63753742043691,-2.06718687712674,-2.39576632721015
"ACCCAACCACAATACT-1","male","IN-MGE",-12.5258791582173,1.95289221341891,5.70056147873874,-5.59560091239997
"ACCCAACCACATAGCC-1","male","Microglia",11.4832455976421,10.2451377504615,8.81659121811863,0.464693179301534
"ACCCAACCATGTCGCG-1","male","OPC",-9.03257776661571,-8.42873805825429,-9.61461929976467,-6.52835972053596
"ACCCGCTGTTCCTGTG-1","male","Microglia",8.927098975938,11.8440833681373,8.11715121567722,-0.475734302826609
"ACCCGGTAGGCCCAGT-1","male","Microglia",10.6035020215923,11.9052081697731,8.31569381058689,0.16197322862557
"ACCCGGTAGTCTCACC-1","male","Microglia",11.6455972059185,12.6306224458961,6.95863242447849,2.97741263168267
"ACCCTGTTCGTCAAGT-1","male","Astrocytes",-4.28144194050487,-3.9669904119225,-1.42809276282315,-2.42960960609504
"ACCCTGTTCTGTGCCT-1","male","Microglia",9.26457093791309,10.5944324129371,8.39562793076511,0.507726332120214
"ACCCTGTTCTTAGGAC-1","male","Oligodendrocytes",3.96402429179493,4.71668702299876,1.16743607819553,11.3430706764977
"ACCGAAGCATAAGGAC-1","male","OPC",-8.12033869190868,-9.61097854439931,-9.03842835127835,-5.45954401237556
"ACCGCAATCATTGACA-1","male","IN-MGE",-13.4310619966572,1.96572896774097,5.07697291672702,-5.74476177436897
"ACCGCAATCCTTAATC-1","male","Astrocytes",-0.803580357271996,-4.27904743020253,0.715303376321751,0.60588305252007
"ACCGCAATCGGGACTC-1","male","Microglia",10.8157870634014,10.1389775865821,7.93452163041111,1.43564047472886
"ACCGCAATCGTTATAG-1","male","Microglia",-6.72735811634716,-9.76796478097157,-0.354755237693828,-4.40942890388557
"ACCGGCTAGGGTCTAT-1","male","OPC",-7.7833674089497,-8.614901960537,-9.57494549452786,-6.60019571525642
"ACCGGCTAGTTATCTC-1","male","OPC",-8.7813618318623,-9.61658901040273,-9.15719799696926,-5.81196148140022
"ACCGGCTAGTTTGCGG-1","male","IN-CGE",-10.298372520644,9.55021816427989,2.80416603386875,-9.36205894691535
"ACCGGTTCACGAACAG-1","male","OPC",-8.57232977314648,-8.94578403298573,-9.12207131087307,-5.86830026847908
"ACCGGTTCAGTTATGT-1","male","Microglia",10.892880187791,10.9910798662452,7.55486007035251,0.832011928729329
"ACCTAAATCACATTGA-1","male","Oligodendrocytes",5.46615384654346,3.14475709135814,0.987171128396946,11.7267863060754
"ACCTAAATCCTCAGTC-1","male","Astrocytes",2.63112233714405,-3.24834579293446,-1.66150490939144,-2.51554925186225
"ACCTAAATCCTTGTTG-1","male","Astrocytes",-4.50608326359447,-3.7919325238915,-1.35155205428128,-2.63156134826728
"ACCTAAATCGCAAACT-1","male","Astrocytes",-0.0262940959518813,-4.72332280938344,-1.9210987538052,-2.54265696746894
"ACCTAAGGTCACACCC-1","male","IN-CGE",-9.76257730885204,9.84292179281993,2.05633063614841,-9.09087593299934
"ACCTAAGGTCAGGCCA-1","male","Astrocytes",2.24698327616993,-3.45119518105702,-0.893755756313842,-0.832899520226207
"ACCTAAGGTTACTTGC-1","male","Oligodendrocytes",6.27293513850513,0.398663102939559,0.841353610162693,10.6754395272057
"ACCTACCTCAATGACC-1","male","OPC",-7.88712240620312,-9.6465992337914,-8.63076166808133,-6.7508671973426
"ACCTACCTCATCACTT-1","male","OPC",-9.71770597859081,-8.73634284798817,-9.33589272200589,-6.21521217567512
"ACCTACCTCGGCTAGC-1","male","Astrocytes",2.29236887530628,-3.28154033486562,-2.25059323012356,-2.34535891754219
"ACCTCACTCATCCTAT-1","male","IN-CGE",-10.9991657869404,11.5971503847389,3.04055686295505,-10.4199174140174
"ACCTCACTCATGAAGG-1","male","Oligodendrocytes",5.53264878825489,1.54789551283403,0.0766902715014995,11.3160950447839
"ACCTGGATCCAATTAG-1","male","OPC",-7.93681980534252,-9.14220374886708,-10.2668581455899,-5.80831987602302
"ACCTGGTCACAAAGAC-1","male","Microglia",11.0877625806743,10.4153400057106,7.75781817734714,0.983189826778684
"ACCTGGTCAGGAATCG-1","male","IN-CGE",-10.3733074800557,9.56412655051036,2.82967706025119,-9.16146976692268
"ACCTGTTGTTGCATCT-1","male","Microglia",4.74300168589893,-4.13108724419789,-0.28025792538647,-4.13324672920295
"ACCTTCATCGCACACA-1","male","OPC",-8.09105135365185,-9.63943618600087,-9.18902687727932,-6.54093582374641
"ACCTTCATCTTGGATA-1","male","Oligodendrocytes",2.54049395160023,4.90678220923228,0.474301531915623,11.7892691399377
"ACCTTCCAGACTAAGG-1","male","Oligodendrocytes",6.66377376155201,1.31638099189086,0.441589906816441,11.2813126351159
"ACCTTCCAGCCTAACG-1","male","Microglia",9.59944890574757,12.4949393862037,7.55247111618992,1.0193063895624
"ACCTTCCAGGCAAGTA-1","male","Astrocytes",0.0715557201320268,-4.66090482537465,-0.573008045549434,-3.00504333717414
"ACCTTCCAGGCCTAAT-1","male","Microglia",11.2287642820293,11.2244210832862,7.01741357148166,2.76456814067772
"ACCTTGCTCCAATAGC-1","male","Microglia",10.3719746931011,12.1527028673439,7.82532878220554,1.45014532463959
"ACCTTGCTCTAAGGTC-1","male","EN",-7.23136259480175,6.76708322699351,-0.846445291298371,2.19460540073327
"ACCTTGTGTTCGGTAA-1","male","Oligodendrocytes",6.25093053416554,0.40395170386119,0.632117584352452,11.6128985192101
"ACGAACAAGTCAATCA-1","male","Microglia",11.5047986371929,10.8711753481178,8.81705279648777,0.437877764872823
"ACGAATCTCGATTTAG-1","male","Pericytes",8.09319947795216,-13.6361078626366,-3.65702395140652,4.36616366165093
"ACGAATCTCGTTAGCG-1","male","IN-fetal",-10.1101057664936,10.3195548647193,-3.27418307959561,1.66590940015725
"ACGACAAAGCACAGCC-1","male","Oligodendrocytes",2.7459294660503,4.65218406851573,1.30932445824619,10.2674433495324
"ACGACAAAGTTACTTC-1","male","Oligodendrocytes",4.98325179652515,3.87870722945018,1.12471885979648,11.9956118370812
"ACGACTTAGTGAGCAA-1","male","Astrocytes",0.843997464936409,-2.90260785882192,-0.917404398317379,-1.62622363311836
"ACGACTTAGTTAGCCG-1","male","OPC",-8.01161171360668,-8.86701339547353,-9.83550934493069,-5.6890562270362
"ACGAGTAAGCATGACT-1","male","IN-MGE",-13.8230421678608,1.71108460362239,4.42802853882785,-5.32951051933357
"ACGATTCAGCGATACT-1","male","IN-CGE",-10.5797331468647,10.0810990923194,2.15069861710544,-9.04513008338996
"ACGATTCAGGACTAAG-1","male","Microglia",8.09937165812794,10.6852832430152,6.24084086716648,2.43307154434136
"ACGCACGGTCCCGGAA-1","male","Astrocytes",2.76269887522999,-3.12785953347402,-0.643153145904583,2.79567520873955
"ACGCACGGTTATCGAG-1","male","Microglia",10.3619220121318,10.5196681612281,8.69095225632663,0.292041292361532
"ACGCCACAGCGTGCGT-1","male","Astrocytes",-3.41991712017712,-2.4012948877068,2.42353053391452,-2.1805694792945
"ACGCCACAGCTGCACA-1","male","OPC",-7.17602659626659,-6.15338891808705,-10.3479700535489,-5.48736221534797
"ACGCCTAAGCCTGATG-1","male","Microglia",7.73644040660206,11.1656242006568,7.45951171219822,1.6644165422242
"ACGCCTAAGCGGCTGT-1","male","Microglia",7.0591733320171,10.1881452196388,7.93968577683445,1.41074608819893
"ACGCCTAAGGACCTTG-1","male","Microglia",6.79722045497242,10.3064504259376,7.9687413722324,1.15941009478978
"ACGCCTAAGGTAACGA-1","male","Astrocytes",2.30548022822681,-4.14585059945302,-1.81979201733593,-2.7899924014289
"ACGCCTAAGTGAGAGC-1","male","Astrocytes",1.52355669574085,-4.46326106850819,-0.464494660491985,-2.68407947761604
"ACGCCTAAGTTAGCTA-1","male","Astrocytes",2.18048547343555,-4.7030333883019,-1.03441263734822,-2.76122886879035
"ACGCCTTTCCAGGTCA-1","male","OPC",-5.57585884495434,-12.8139633542748,-12.6452589482022,4.36407034652642
"ACGCTTGAGCCTCTCG-1","male","IN-CGE",-4.91297460957226,-3.40337652032094,0.434433296327549,3.21807425277642
"ACGCTTGAGGAAACTG-1","male","OPC",-7.76146246357616,-8.60772556130605,-8.63734297453884,-6.6458113883216
"ACGGTACGTGCTCACC-1","male","OPC",-7.84825922413525,-9.15627235238271,-10.0350914448452,-6.09199888450691
"ACGGTTAGTAGTTGGC-1","male","IN-CGE",-3.01783062382397,14.0356631868629,0.760001614694554,-8.42177231056282
"ACGGTTAGTATTCGTC-1","male","OPC",-6.83674837513622,-5.70465272729115,-9.75547413527493,-6.32413513404914
"ACGGTTAGTGGTTATG-1","male","OPC",-7.7163450853413,-9.11281818215565,-9.30654911696438,-5.74285299522468
"ACGGTTTAGCCTGAGC-1","male","IN-MGE",-14.4944365160054,0.958584069564773,4.18468518555637,-5.6597650740821
"ACGGTTTAGTGAACCT-1","male","IN-CGE",-9.55225683613476,10.0364318483619,2.12513299286838,-9.14415008766242
"ACGTACCCAGGCTTCG-1","male","Microglia",9.03698896006886,12.0332141512184,8.30658145249363,0.727149834803853
"ACGTACCCATAGCGGA-1","male","Endothelial",-1.40965528650936,-15.3753656751366,-2.77430371939663,2.74265866535119
"ACGTTACAGGCCCAGT-1","male","Astrocytes",2.57320736483875,-2.87335246865468,-1.44391344487194,-2.91279322845527
"ACGTTACAGTAACCCG-1","male","Oligodendrocytes",6.14317534999195,2.42048984701915,-0.229680106039089,11.0262877251428
"ACGTTACAGTCATTTC-1","male","Microglia",10.4002587659771,10.3532186144142,7.349228814249,0.183013549021993
"ACGTTGTAGCCTCTCG-1","male","Endothelial",-1.31679089232143,-15.4864038831444,0.540450528268772,11.4637514855187
"ACTAAAGCAAGGCCAA-1","male","OPC",-8.02608610554394,-9.19478076760487,-9.63385586440091,-6.09751636726448
"ACTAAAGCACCTACTT-1","male","IN-MGE",-13.8772013322895,1.74884745414539,4.64353938401218,-5.66210396034309
"ACTAAAGCACTGACCG-1","male","IN-CGE",-11.3189823762959,8.90263897116466,2.94517703354831,-8.72231609565803
"ACTAAAGCAGGCCAAA-1","male","Microglia",10.9670140607769,11.0582194917945,8.13364405930515,0.921792330167804
"ACTAACCAGACTCGCA-1","male","Endothelial",-0.884742362934914,-15.5467123395653,-1.59288476407055,-3.31772072059699
"ACTAACCAGTCGCTAG-1","male","IN-MGE",-11.255032791335,0.287795960262252,8.13922305405613,-5.92616922599861
"ACTAACGGTGTGAGGA-1","male","Microglia",8.66968511180225,11.7740903490333,7.95157141983982,0.334782471827779
"ACTAACGGTTCGCTTG-1","male","Astrocytes",-0.184710665184822,-4.61073440377431,0.642121270303685,12.0793854500573
"ACTAACTCACAGAAAC-1","male","Astrocytes",2.06577943400684,-3.65374702279286,-2.09603790938382,-2.51770360214302
"ACTAATCCAATCGCAC-1","male","IN-CGE",-5.83701063557323,-3.08431190316396,0.522684291009861,3.531875064544
"ACTAATCCACCAGGTT-1","male","IN-CGE",-11.0011665956562,9.29300981695934,-0.124872609968227,2.95714562194756
"ACTAATCCAGTCTATG-1","male","Oligodendrocytes",3.72556279734913,4.70516115362926,0.666447594766575,11.354286840133
"ACTAGGCGTACTTCAC-1","male","Oligodendrocytes",5.41428779200855,3.02310222323222,0.461568668489415,11.4468485619347
"ACTAGGCGTTTGAGGC-1","male","Astrocytes",2.65197084979359,-3.9803132421227,-1.09505017101292,-2.50928051216194
"ACTATCCGTGCTTTAC-1","male","Microglia",10.849971519273,11.4778667085914,8.53643889725681,-0.119758198090281
"ACTATCCGTTTGCAGA-1","male","IN-MGE",-12.4955437318867,1.89473032887263,4.10857720673557,-5.28649408561775
"ACTCACCTCACGTTAA-1","male","OPC",-9.45385385914501,-8.44897884194569,-9.82202248274807,-6.75498420936653
"ACTCACCTCGCATTAA-1","male","OPC",-9.40207506581005,-8.57474559609608,-8.85672383009915,-5.73592455131599
"ACTCACTGTAAGCACC-1","male","Astrocytes",-0.283318413931694,-4.84143585030751,-1.94664148985867,-2.76349956733772
"ACTCACTGTCAATGTG-1","male","OPC",-8.38031364842113,-8.13736003701405,-10.6080236881924,-5.96060068351814
"ACTCACTGTGTAACCA-1","male","Astrocytes",-2.74326826496777,-3.59982293908315,0.435459926729161,-2.77387315971443
"ACTCACTGTTCGCTCA-1","male","Oligodendrocytes",6.2894503934795,0.569665252521468,0.862462237482029,11.5654198433678
"ACTCAGTAGCTGGAAA-1","male","Astrocytes",2.22661207751575,-3.99179452721791,-1.31733857094769,-2.90777356369087
"ACTCAGTAGGCTCATG-1","male","OPC",-9.12553144856152,-9.60364764992909,-8.62494902312283,-6.74380905372688
"ACTCCTCAGGCCAATT-1","male","Microglia",9.65754960612598,10.8046937578468,-0.64287415146355,3.04036658065728
"ACTCGCGCACTTCATC-1","male","Microglia",10.6857907636577,11.091827928379,8.85885806382175,0.472340604237829
"ACTCGCGCAGCAATAA-1","male","Microglia",10.3412844999248,12.2310777300148,6.62985368073459,2.14382713096551
"ACTCGCTTCATGCGTG-1","male","Microglia",10.1392953260357,11.2244887941627,8.30352301896091,0.790404966048513
"ACTGAAACAGGAACTG-1","male","Microglia",-5.76274849339184,-3.88338655297475,-3.38700680434231,1.70878582256249
"ACTTACAAGTCCTTCA-1","male","Microglia",11.54408143596,11.3955216997413,7.70929808915134,1.36311178462914
"ACTTACAAGTTGCGTG-1","male","Astrocytes",-2.31079830094036,-3.96862024132924,-0.835942551023257,-2.71700317604133
"ACTTACTTCACGTTAA-1","male","Microglia",11.2110087736065,11.3691096895484,7.09836430848117,3.07449715392998
"ACTTACTTCGCTCCAT-1","male","OPC",-7.98988224430737,-9.58874934975819,-10.0621576756192,-6.25629408104011
"ACTTACTTCTTGTCTG-1","male","Astrocytes",2.07706688479725,-2.59069055382924,-0.854079136620206,-2.13540227157661
"ACTTAGGGTACCGAAC-1","male","IN-MGE",-14.4614412920063,1.08098241622729,4.15692706406589,-5.44327671272346
"ACTTAGGGTCTCAGCC-1","male","Astrocytes",-0.867578520018425,-4.33299964730458,-1.6705306023312,-3.13938600761482
"ACTTAGGGTTAGGCTA-1","male","Astrocytes",1.27319131926838,-5.962305010006,-1.3703494518948,-3.4802954886634
"ACTTAGTCAATTAACC-1","male","IN-CGE",-5.80928303166088,-3.17068094079213,0.223517969255406,2.53931873100213
"ACTTAGTCAGTAGGTG-1","male","IN-CGE",-11.4860146181172,8.93826156790538,3.11517567933078,-8.59503967506477
"ACTTAGTCATAATCGT-1","male","OPC",-6.98211933537182,-5.89017909829335,-10.0323229283047,-5.91111404640266
"ACTTGCACAGCCAGAA-1","male","Oligodendrocytes",3.38180588321034,4.72491365607066,0.420243933801609,11.8288838173669
"ACTTGCACATATTGAC-1","male","Microglia",6.33418153361622,9.84620243246837,6.57290454209324,1.90095221059731
"ACTTGCACATGGTTAT-1","male","Endothelial",-1.07570274038967,-15.2837919599267,-2.97320918738369,2.81017570751122
"ACTTGCACATTGTGGC-1","male","Oligodendrocytes",3.29148100451771,4.8427453630714,0.716867044572789,11.8094126488488
"ACTTGTAAGGGCCATC-1","male","Astrocytes",2.25308202342335,-2.57855743233876,-0.883512873197836,-2.7750530932624
"ACTTGTCGTCATTACC-1","male","Microglia",11.3286473615581,10.1588636034278,7.8425788432407,1.04861210095099
"AGAAACCCACATACTG-1","male","Microglia",9.71926282481495,10.4558683031349,7.76982589066501,0.600987723044668
"AGAAACCCAGCTTAAT-1","male","OPC",-8.5289728776997,-9.75440067116933,-9.21523384749417,-5.55799944145271
"AGAAACCCATACCCGG-1","male","Microglia",-5.55517174168285,-4.0380877858849,-3.19752483069424,2.04867809074334
"AGAAACTAGCTGAGGG-1","male","Microglia",8.66280911998096,12.0010333650856,8.09930415451999,0.33226393716744
"AGAAAGGCAAAGCTAA-1","male","Microglia",10.7550713880474,9.80235630209727,7.38823981583591,1.61464517372063
"AGAACAAGTCAGGCAT-1","male","OPC",-8.69285131855663,-7.89371150796132,-10.6673565357876,-6.30016596061775
"AGAACAAGTGATGATT-1","male","Astrocytes",2.35676716403309,-2.73918384377675,-1.34737060963635,-2.25029213172981
"AGAACAAGTGGTTCTT-1","male","IN-MGE",-11.7972071306294,2.54578953917308,6.44792695343967,-4.71638853294441
"AGAACCGCAACTAGCC-1","male","Microglia",10.1259534223491,10.1228643053321,7.66520781815525,1.82263641612938
"AGAACCGCAGCCAGAA-1","male","IN-MGE",-14.3055632249897,1.36921525682492,4.39330954850193,-5.66585333091804
"AGAAGGTGTAAACAAG-1","male","Astrocytes",1.589457021516,-3.50641673867421,-1.2752769142342,-1.52380473358222
"AGAAGGTGTCAAGTAT-1","male","OPC",-5.04852224751171,-12.9924492246361,-12.8257189243985,4.50624721305779
"AGAAGGTGTCTTACTA-1","male","OPC",-4.86489035053905,-13.1017870313378,-0.874492075289529,-2.55352694732734
"AGAATCGAGAGAGGCT-1","male","Astrocytes",-0.523693590003815,-4.6122769719811,-1.38081119954113,-3.48213941795417
"AGAATCGAGGTGAAAT-1","male","Astrocytes",-3.00267959995922,-4.08443731133656,-0.273120447988552,-2.71057564956733
"AGAATCTGTAGGTTTG-1","male","OPC",-8.07798649235424,-7.67539924447255,-0.0625095814419209,1.21631174343041
"AGAATCTGTGAAACAA-1","male","Astrocytes",2.2638521058971,-2.994615972683,-1.63085661828045,-2.73906595451423
"AGACACGCACATGCTA-1","male","Pericytes",7.67733548716846,-13.3935503370018,-4.00679306685452,4.58982961433342
"AGACACGCACCTGCCT-1","male","Endothelial",-1.37157662077602,-15.2605585462304,-2.68038444220547,2.82913582580498
"AGACACGCACGTAATT-1","male","Microglia",7.22513459758106,10.3051906221656,6.99200005829807,3.28018801467827
"AGACACGCACTCAACA-1","male","Astrocytes",-2.41318644447979,-4.19651931588368,-0.972336992616695,-2.86842877609321
"AGACACGCAGTAGGTG-1","male","Oligodendrocytes",5.1351797445232,3.73669797117992,1.45437212288852,10.1867501045983
"AGACACGCATAGGCGA-1","male","Endothelial",-0.319889663297501,-14.3409637815209,-3.00384835898404,3.50184815185479
"AGACTATGTGTCCAAA-1","male","IN-CGE",-11.4963228838032,8.98788505728526,-0.854159964243811,2.70651488559655
"AGAGAAGCAAGCCACT-1","male","IN-fetal",-10.3056280748433,10.629087983921,-3.27837328612332,1.51973860519341
"AGAGAAGCAATGCGCT-1","male","Oligodendrocytes",3.40926669673267,4.80022126372142,-0.054934009904903,11.1267773415368
"AGAGATTAGGAGCAAC-1","male","IN-CGE",-3.01242495938,14.3233533495216,-0.281296834344905,-0.84002918941566
"AGAGATTAGGCTCATG-1","male","Astrocytes",2.25180290774647,-3.47370046441274,-2.80541507899289,0.576413562468801
"AGAGGAACAGCCAGTT-1","male","IN-MGE",-14.2250864641255,1.4781794271542,4.17852778733249,-5.4313657973487
"AGAGGATGTGAATCGC-1","male","Microglia",7.21296714381519,10.6948142641334,8.33394332230564,0.923964055202518
"AGAGGATGTTCACTGT-1","male","OPC",-4.97665954991039,-13.0897755033226,-12.7167120426846,4.32010453002862
"AGAGGATGTTCGGTAA-1","male","Microglia",8.42141698436085,11.6537509554176,6.02166362107273,1.05628185527733
"AGAGGATGTTGACTTC-1","male","IN-MGE",-11.113108886916,0.462390720203353,7.91200728714939,-5.85189993125984
"AGATGAAGTAGGATCC-1","male","IN-CGE",-11.650329841811,11.168638765171,0.52637596428867,1.95658653037957
"AGATGAAGTGGAAGGC-1","male","Oligodendrocytes",6.50843785838429,1.26663543219848,0.986539199953038,10.3495785500329
"AGATGAAGTTAGGTTG-1","male","Microglia",9.87594293193165,11.1860967272071,8.32453723252292,0.228491475753103
"AGATGCTTCCTAACGG-1","male","Astrocytes",-2.86354471607861,-4.068590582058,1.17694611847873,11.816333463363
"AGATGCTTCCTGGCTT-1","male","Endothelial",-0.377483582634296,-15.3364061719628,-1.17904345690731,3.35082118766717
"AGATGCTTCGGCCAGT-1","male","Pericytes",8.22957681254688,-13.7277893430443,-3.86766676604275,4.55103009002617
"AGCAAATAGACTAAGG-1","male","IN-CGE",-10.8746245042866,10.58604389365,3.48490281403537,-10.1260922644813
"AGCAAATAGCTGTCAG-1","male","EN",-7.3380229608601,6.98020845587535,-0.414428815240902,2.86636309879235
"AGCAAATAGTAAACCC-1","male","Astrocytes",-0.324304445225563,-4.1043080693932,-0.623039498920482,-2.86073286277839
"AGCAAATAGTTTGGGT-1","male","Microglia",11.3062951429302,10.6292501085548,6.57119317353244,2.10476618068627
"AGCAACAAGCTTTGTT-1","male","Oligodendrocytes",3.95916913585011,4.51973086531444,0.61704511940952,11.6469628121178
"AGCAACAAGGAGGCAT-1","male","EN",-7.1296317712849,6.64690071280284,-0.720744565124553,2.33806972759179
"AGCAAGGGTTAACGGC-1","male","Astrocytes",4.1607358320171,-2.38208597962575,-1.13115416466717,-3.62264282447883
"AGCAAGGGTTAATGAC-1","male","OPC",-8.48713327809032,-8.46021026437001,-8.6758389919949,-6.68296272499153
"AGCAATACAGTATGTT-1","male","OPC",-8.77119184895214,-8.36510795418935,-10.197495505209,-5.46129781944343
"AGCAATACATAGCTTG-1","male","Astrocytes",1.47626529769245,-4.35317033593373,-0.484323069448513,2.20400719898156
"AGCAATTGTTAGTGAT-1","male","OPC",-4.90026356144604,-13.1539978391381,-12.6122494190884,4.33570664184502
"AGCAATTGTTTCCACG-1","male","Astrocytes",-1.4993223087376,-4.6833571798058,-2.77381519972805,0.61674605863503
"AGCACAGCATAAGCAA-1","male","Microglia",-7.17051960392651,-9.5174373990746,-9.3387070149136,-5.9993556235511
"AGCACAGCATGGTTAT-1","male","Astrocytes",1.23337946967426,-2.98872131173329,-1.01163485645775,-2.82716853363105
"AGCACTTAGATGCCTG-1","male","IN-CGE",-11.725787414748,10.9290118807106,3.49697346985813,-10.7509425376136
"AGCACTTAGCTTTGTT-1","male","Microglia",8.52152799205128,10.4038539522438,7.48368830979343,1.93374537485055
"AGCACTTAGGGTTATC-1","male","Microglia",-6.32029463215527,-4.73319619958119,-3.22102527319912,1.69434701459816
"AGCAGGTAGCACTTGG-1","male","Astrocytes",2.59544347361866,-3.88312858407216,-1.50022159516339,-2.02586610061714
"AGCAGGTAGCTTTGTT-1","male","Pericytes",7.89624188975636,-12.8487371808739,-4.39854530989651,4.61290567176751
"AGCATCCCACAGAAAC-1","male","Microglia",5.88236449794117,-3.86875099007802,-0.245329722757381,-3.84347564918586
"AGCATTTCAAGGAATC-1","male","Astrocytes",2.8735875947887,-4.03877872292714,-0.959859237070125,-2.9461272452552
"AGCCAGTGTTGCACAA-1","male","OPC",-8.0481813089436,-8.32401603524403,-10.2188797444058,-6.41191417915412
"AGCCGCTAGCCACAAT-1","male","IN-CGE",-10.041837944228,9.71789318259044,2.68411870301242,-8.96130115730354
"AGCCGCTAGCCTGGTA-1","male","Astrocytes",-2.44906522198376,-4.42922300164418,-0.610023453826946,-3.30655987007209
"AGCCGCTAGGCTAATC-1","male","Microglia",10.176987396043,11.8919273012428,6.90266890824314,3.3026041294854
"AGCCTAAGTTATCCGT-1","male","IN-MGE",-11.5591128007954,0.436965524509384,7.97180552781101,-6.01016218406745
"AGCCTAAGTTTATGGG-1","male","OPC",-6.87951971455273,-5.7437729245873,-10.1481094807339,-6.80209429008552
"AGCCTAAGTTTGGGTA-1","male","Microglia",10.0370051725322,10.6353507631568,8.46266360581394,0.529353162221227
"AGCCTGGGTGCAACTA-1","male","Microglia",7.02764056758228,10.6840310686378,8.73887534440036,0.510754933528219
"AGCCTGGGTGTTTCAC-1","male","IN-CGE",-11.7107727663105,8.70081907446666,3.33715482056614,-8.40847046119758
"AGCCTGGGTTTATGGG-1","male","OPC",-9.37333799763378,-8.41683715645985,-9.32764153182034,-5.25346452934333
"AGCGATTTCACTAAGC-1","male","EN",-7.34973694248852,6.79287725622935,-2.26573006808285,-5.52492935401985
"AGCGATTTCAGGCTAT-1","male","Microglia",11.7209346158916,11.0924983614234,0.820901826028782,11.9227225090783
"AGCGATTTCATCAGTA-1","male","Oligodendrocytes",2.77495359019581,4.78957658942027,1.03398187458988,11.2602583672326
"AGCGATTTCATTACTC-1","male","Microglia",11.1456487043316,11.4405408495216,7.43274207413669,0.752207612566266
"AGCGATTTCCTTAGGG-1","male","Microglia",8.82012437419239,12.2136874788551,8.32187552750583,-0.421126911469187
"AGCGCCTAGGAACCAA-1","male","Astrocytes",2.79320071772877,-3.50578588311391,0.147465303544957,0.656069120339666
"AGCGCCTAGTTAACCA-1","male","Astrocytes",1.8304386003429,-3.84716790978627,-1.46374081074719,-3.07860262138435
"AGCGCCTAGTTCCTCA-1","male","Microglia",11.46542619304,11.4671102159767,0.0437865406322063,-4.47182686073371
"AGCGCTCAGAGGGACT-1","male","Oligodendrocytes",6.53184197978321,0.911690651729537,0.634210422639805,11.9366146828454
"AGCGGACCACCCACAG-1","male","OPC",-8.02559114857372,-8.7686056501122,-9.93037419020657,-6.29699022514411
"AGCGGATAGCACGTTG-1","male","Astrocytes",1.11448393897358,-3.75313371483998,-1.68053101002697,-2.64634663803169
"AGCGGATAGGATTTGC-1","male","Oligodendrocytes",3.3961250646526,4.845138847187,1.17642565072055,10.5422617699426
"AGCGGATAGGTGAAAT-1","male","Microglia",9.07326673106495,10.5437799089698,6.20991845429416,0.940587401337538
"AGCTAAACACCCACCT-1","male","Astrocytes",2.59872459010426,-2.92278188531117,1.2074081450748,0.744639595917974
"AGCTAAACAGGCAAGC-1","male","Oligodendrocytes",6.25420116023365,0.757288693740798,1.10851331055637,10.9382225777428
"AGCTAAACATCACAGC-1","male","Microglia",11.1917931898052,10.697257577732,8.38243003190036,0.576818546227727
"AGCTAACTCTTCAATC-1","male","OPC",-6.12876297398266,-4.6444920903893,-3.48432593047146,1.46304254787377
"AGCTACGTCGGTTACG-1","male","Astrocytes",-1.7495961324757,-4.29523843590932,-0.528006628150982,-1.94683725578376
"AGCTACGTCTACTAAG-1","male","OPC",-9.41407038136181,-8.86514228646474,-9.49880318343167,-5.92408735496589
"AGCTACGTCTCAATGA-1","male","Astrocytes",-1.51365221901592,-3.76145547692494,-0.0413615554523884,-2.62704808456489
"AGCTACTAGCTAATCA-1","male","EN",-7.41277529164013,6.70950847800059,-2.2928839176846,-5.58938820106574
"AGCTAGTTCAATAGCC-1","male","Microglia",10.4319283826763,12.0811477297096,6.58904834092136,2.09648483055047
"AGCTAGTTCATCCTCA-1","male","Astrocytes",-2.51687885685619,-4.02497381036,-1.38504539429669,-3.13453562004158
"AGCTAGTTCATTAGCA-1","male","Microglia",11.2571027143413,10.1563449495582,8.02341265976902,1.04999644862822
"AGCTAGTTCGGTTTCC-1","male","Astrocytes",1.17262040213886,-5.66881698434071,-1.73111955821041,-2.57005054695198
"AGCTATATCTTAGTCT-1","male","Endothelial",-1.39013470574078,-15.3306040174218,-2.93354587256436,3.04654925125054
"AGCTCATAGGCCGGAA-1","male","Endothelial",-1.50077225132641,-15.3159136182518,-2.62840346991543,3.08268158691338
"AGCTCATAGTTTGAGC-1","male","Microglia",11.3160912855083,10.6163974397926,9.06898589432712,1.51701503055504
"AGCTTCCTCAAGTGTC-1","male","IN-CGE",-11.9680931703633,8.88622957403941,1.42260093987461,-8.18388397438117
"AGCTTCCTCACCGGTA-1","male","IN-CGE",-11.5697901384419,11.7248759859352,3.46775288880344,-10.7606547568519
"AGCTTCCTCCTTAGTT-1","male","IPC",-9.35568167133984,9.46684318716808,-3.00261954962735,1.52877735155037
"AGCTTCCTCGGTTTGG-1","male","OPC",-8.86011816425976,-9.78623241250233,-8.66451029479031,-6.62628204567024
"AGCTTGGTCTTCAATC-1","male","Microglia",9.09313462809864,12.0308480852394,7.24027343094822,1.64188187377862
"AGCTTTAAGCCTGGTA-1","male","IN-MGE",-14.1333983079976,1.51175877015276,4.19563908875461,-5.51666862709114
"AGGAAACGTAATCGTG-1","male","Astrocytes",2.18749760226551,-3.75380700890736,0.0599640756892742,-0.518135855026927
"AGGAAACGTGTAATAC-1","male","IN-MGE",-14.3991530077046,1.32578298385425,4.3242306262302,-5.53624803764411
"AGGAACCAGGCCTGGT-1","male","Astrocytes",0.532809720795784,-4.52373546426015,-1.15926851331715,-2.29836041671821
"AGGAACGGTCCGTGAG-1","male","Oligodendrocytes",5.37452672557179,3.35237604315562,1.0749755650806,10.3398758675378
"AGGACGTAGACAGGTA-1","male","IN-CGE",-11.5488178865498,11.6898341768531,3.46818251908298,-10.621410677262
"AGGACGTAGGGTTATC-1","male","OPC",-5.55811478062328,-12.8358272916527,-12.5583286732388,4.28248040931634
"AGGACGTAGTCAATCA-1","male","Endothelial",-1.06904186173138,-15.3863424665184,0.775401070718724,11.7724758889001
"AGGACTAAGCCTGATG-1","male","Microglia",10.5202224119121,10.6938090914039,7.79950805008884,0.208865692786489
"AGGACTAAGCTTGCTC-1","male","Oligodendrocytes",6.6901376111919,0.693883060768081,6.92978091538425,3.33671682136467
"AGGACTAAGGCAGGTG-1","male","Oligodendrocytes",5.6477324827129,2.22959148819728,0.396873429422337,11.7165047432702
"AGGAGCTAGCGTGCGT-1","male","Astrocytes",-2.41150165959057,-4.06163209740834,0.925558283929783,2.6125509049218
"AGGAGCTAGGAGGGTT-1","male","Pericytes",8.19639276103321,-12.3956789380761,-3.98546414076809,4.59903376357964
"AGGATATAGTCAGTAC-1","male","Microglia",9.72052262858692,11.2354312532691,7.60227198899265,0.247811308078084
"AGGATATAGTTATGGC-1","male","IN-CGE",-10.8736050264424,10.8460260027198,3.23948140442844,-10.5032428000648
"AGGATCCGTGGTTATG-1","male","Microglia",7.18157170848194,10.6107278459816,6.87635798752781,3.29794161575249
"AGGATCCGTTAGGATT-1","male","Endothelial",-1.0991952554768,-15.3254713422509,-2.67055015265469,2.65606289165429
"AGGATGCAGTGAGCAA-1","male","Microglia",9.27401422099415,11.6248136156349,7.21217150986667,0.342665841750417
"AGGATGTCATGTCAGC-1","male","OPC",-7.85764194889721,-7.51907581155019,-9.25607208907132,-6.11476118309089
"AGGATTGAGCAAGATG-1","male","Astrocytes",1.81802033023182,-3.08809369866567,-0.550995633001369,-2.23376185638496
"AGGATTGAGGTGTCCA-1","male","Microglia",8.91753362254444,11.0815702074317,8.10545535386081,1.0864796991866
"AGGCAATCAGGCTAGA-1","male","OPC",-8.23343206806835,-8.72174876992421,-9.83578591048245,-5.68569452507087
"AGGCCCAGTCTTGCTG-1","male","OPC",-5.04324413700756,-13.1398662931176,-12.4475536793423,4.05461638229302
"AGGCCCAGTGGTTCCC-1","male","Astrocytes",2.85135673121754,-3.04763025109486,0.92433567345615,11.4612185265344
"AGGCGGATCAAGCCTG-1","male","OPC",-8.43133522434887,-8.92111152474599,-9.93151573836331,-5.49705583793708
"AGGCGGATCCTTAGGG-1","male","Astrocytes",-4.03694917126354,-3.84316629235463,0.576612070207554,0.514755835704122
"AGGCGGATCGTAACGT-1","male","Astrocytes",1.86874483660999,-2.53943580453114,0.393546894197422,-2.64384181243965
"AGGCTAAAGTTTGAGC-1","male","Astrocytes",-1.88753570480999,-4.28787463967519,-0.791675664479774,-2.25127155525276
"AGGGCCTTCAAACCGT-1","male","Microglia",-5.84291006489452,-4.37685436074452,-3.11486344038967,1.91862844484261
"AGGGCTACAATATACC-1","male","IN-MGE",-12.6980507509297,1.6226289712934,6.16848988831516,-5.82663233024665
"AGGGCTACACAACAAA-1","male","OPC",-5.23051048680004,-13.0266765958519,-12.7430906742764,4.38440411346367
"AGGGCTACACCTATAG-1","male","OPC",-7.83846928044018,-9.18378394906239,-9.63694004714016,-6.02999002677986
"AGGGCTACAGTTAGCC-1","male","Microglia",8.46560548381153,11.0130792253761,7.74856086075779,0.189528098277364
"AGGGCTACATGAGTTT-1","male","Microglia",8.15693639354054,11.5701585405616,7.78558249772068,0.0896806027214864
"AGGGTTGCAGGATAAC-1","male","OPC",-8.71247221394237,-8.38460868661122,-10.0071535557461,-6.05023319465705
"AGGGTTGCATCTAGCA-1","male","Microglia",7.23215030268971,10.9363380068092,7.7523459941196,0.677642425469671
"AGGTAACCAAGGTGGC-1","male","Microglia",11.0496871335918,10.8362393968849,7.54891104996677,0.408623626403127
"AGGTAACCATGCTCCC-1","male","Astrocytes",-1.43154574795422,-4.35624831978993,-1.85889737307553,-1.14115888816902
"AGGTATTGTGTTCCCA-1","male","Astrocytes",0.45645968751255,-4.56405443017201,-1.68731336295132,-3.1350749228675
"AGGTATTGTTGCAGTA-1","male","IN-MGE",-14.3233406679219,1.45010485063477,4.60711236298557,-5.71952898246833
"AGGTCAAAGGCACAGG-1","male","Microglia",10.9775912626201,10.7729116075782,-0.0736105889034687,-3.7923596595008
"AGGTCAAAGTCATTAG-1","male","Astrocytes",2.42351864413563,-4.03513902489858,-1.3932359665585,-3.04871732933113
"AGGTCAAAGTTATCTC-1","male","VSMC",11.9460008008892,-3.89909118478017,-3.61775092780117,6.30012910621575
"AGGTCATTCATAACTG-1","male","Microglia",-0.22344724698719,-13.9327997571679,8.35446734726902,1.21543662803582
"AGGTCATTCGATAACC-1","male","Microglia",-5.95922876759228,-4.37579339806752,-3.38541035353665,1.5880085136216
"AGGTCCGGTCTTGCAT-1","male","OPC",-5.03931595249828,-13.0383505231591,-12.7826385945034,4.38976519363335
"AGGTCCGGTTATTGCC-1","male","Microglia",4.19305108622852,-4.3073543912621,0.33046896756168,-3.71176273567268
"AGGTCTTAGCGGTTAT-1","male","OPC",-5.68069054051098,-12.6317257291527,-12.5138617008877,4.19451968925408
"AGGTCTTAGTGTTGTA-1","male","Microglia",4.38486169413868,-4.26968854729848,-0.334407076234859,-4.02760965568611
"AGGTGAATCAATCTCT-1","male","Microglia",-5.7341616289204,-4.19208949868398,-3.44220404326443,1.2721975650113
"AGGTGAATCATGTTTC-1","male","Microglia",7.77409337596241,10.5759540193824,7.7541188746738,1.63193016307763
"AGGTGAATCTCACTAT-1","male","IN-MGE",-7.30945135517773,6.90076166327281,4.31117339432712,-5.44667560798713
"AGGTGAGGTAAGCACC-1","male","Microglia",6.70076011256519,10.2026038759498,8.09604831040378,0.816149508528028
"AGGTGAGGTTTGGGTA-1","male","IN-CGE",-13.9951088563984,1.67749004001899,0.148952141408879,2.93215887802056
"AGGTTAACAGGACCAA-1","male","Oligodendrocytes",6.25068019465748,0.720792352512313,0.932040765886265,11.9927222039025
"AGGTTACTCATCCTCA-1","male","Microglia",11.0108058317119,10.5726266496925,8.20896144211765,1.40284549253396
"AGGTTACTCCGGTATG-1","male","Astrocytes",2.34655092791859,-3.90867179696278,-1.57891725003247,-2.76426059944221
"AGGTTAGAGGCCTAAT-1","male","Astrocytes",-2.69004465504345,-4.10351222817616,-0.70587828754906,-1.9358151648719
"AGGTTGCGTCAGTAAT-1","male","Microglia",8.57182763652149,11.6427112215309,8.44729323685642,1.14916781144551
"AGGTTTATCACTAATG-1","male","Microglia",11.8970811231548,10.9941831224708,0.0152382999705852,-4.40478355629035
"AGGTTTATCATGGTGT-1","male","Microglia",6.60576938227955,10.1122308367042,8.09011931717868,1.19546446757725
"AGGTTTGGTTACTAGG-1","male","OPC",-5.6573999063557,-4.32709115807729,-9.01044563948635,-5.50914795143196
"AGTAAACAGGACAATG-1","male","Microglia",9.65350602702442,10.0958324068336,6.82992263138767,2.19204991119317
"AGTAAACAGGGCCACT-1","male","Microglia",10.2051055295879,10.7077298754005,7.50957484543796,0.796786865166936
"AGTAACACACTGGCTG-1","male","OPC",-7.87447620793041,-9.16455406014638,-10.1437130421353,-5.33375675422737
"AGTAACACATTGGGAG-1","male","OPC",-7.96946026249584,-9.48681777779774,-9.62522225081448,-5.44137890083381
"AGTAACGAGACACTTA-1","male","OPC",-9.76394010945019,-9.06805747811513,-10.1962709873867,-6.16251833183357
"AGTAACGAGGCGCATC-1","male","Microglia",10.0568597181255,10.9867482775001,8.30377478898044,1.05350231187752
"AGTAACGAGTCACCTC-1","male","Microglia",-6.07688595219311,-4.28165811364369,-3.38724164664273,1.40851013915947
"AGTAATCGTAACGAGG-1","male","Pericytes",8.41718743876759,-13.1210092908593,-3.70426945387844,4.6634246613305
"AGTAATGCATGCTATG-1","male","Oligodendrocytes",5.72309468821827,1.3946886801271,-1.32969807087902,-3.00675160629341
"AGTACGCGTACAAAGA-1","male","Astrocytes",4.77256511287037,4.1614812010078,-1.10762290656094,-3.74128849250862
"AGTACGCGTCCACAAA-1","male","Astrocytes",1.86194704608265,-3.3514069921227,0.985411003236729,-2.79152495605537
"AGTAGCTTCACCAATA-1","male","IN-MGE",-13.6157639162129,1.50476685940458,-0.307177647943538,2.6052632834237
"AGTAGCTTCCGCAAGC-1","male","Astrocytes",2.00861834124867,-3.30815833871083,-0.366666033859295,-1.95484311325141
"AGTATAGCAATTGACT-1","male","Microglia",8.80142377452198,11.5672364824562,8.45787425339695,0.387657036952291
"AGTCAAGAGTTAGCTA-1","male","IN-CGE",-10.3545887605732,9.58766704733653,2.42054958642002,-9.23554069740364
"AGTCAATGTAATCGCA-1","male","OPC",-6.83940626545605,-5.70691961114125,-9.82271198927883,-6.39139158470222
"AGTCAGGCAAGCGATG-1","male","Microglia",10.5559422834331,12.0326810472755,7.70817466080661,-0.116800973244395
"AGTCAGGCAGGTTATT-1","male","IN-CGE",-11.0963585512226,0.504617213561965,0.429436996583897,2.90952103393487
"AGTCCTTGTAATGGAA-1","male","Astrocytes",-0.437647963452902,-5.04696458642201,-2.19411008059506,-2.16086203796455
"AGTCCTTGTCCGTGAG-1","male","OPC",-9.07713915272411,-7.90760940377431,-9.39614300429348,-6.51204712135383
"AGTCCTTGTTTGGCTT-1","male","OPC",-8.11478878422436,-9.51730102364735,-9.19901661574368,-5.72037441474983
"AGTCGCATCCCGAACA-1","male","Astrocytes",-2.92950869961437,-4.04672902886586,-1.02123756706242,2.4317899252694
"AGTCGCATCGATCAGT-1","male","Astrocytes",2.41915892199818,-4.04059165780263,-1.51809857785229,-2.68570930702278
"AGTCGCATCGCAACAT-1","male","Microglia",6.50305484370533,10.0325675600318,7.9005336314487,-0.560924360581126
"AGTCGCATCTCATCAT-1","male","OPC",-8.55963446064648,-9.28701633279042,-10.158975645895,-5.63125450355598
"AGTCTTGCAAGCTAAA-1","male","OPC",-8.35991884632763,-9.48068660561757,-9.76044468581204,-6.6223853324134
"AGTCTTGCAGGAACCA-1","male","Astrocytes",-3.52148701115307,-3.42909234826283,-0.476333484048885,-2.82029230339118
"AGTGAACCAAGATTCT-1","male","Oligodendrocytes",5.7500069005901,2.86795586283488,1.40486688912388,9.99914615409783
"AGTGAGTCATTCAGCA-1","male","Microglia",6.5308005674297,10.1072240465431,7.84184356034275,0.498717239074025
"AGTGATGAGGCTAGAA-1","male","IN-MGE",-17.8264429704731,4.59885722334666,4.70011277497287,-5.97203619224616
"AGTGATGAGGGTGAGT-1","male","IN-CGE",-11.1795914308613,9.01349121268077,0.378057554368931,2.42788379447869
"AGTGCACGTCAATAGT-1","male","Astrocytes",2.69320462779346,-2.87076419655995,0.853135898714024,9.68858402030877
"AGTGCCGGTAATGACT-1","male","IN-CGE",-9.7797052995747,12.1814780824928,1.60666270554538,-10.2899373267371
"AGTGCGGAGGCGGATG-1","male","Pericytes",8.7507426603252,-13.1047224408837,-4.16115836798672,4.58473365562371
"AGTGCGGAGGCTTAGT-1","male","Pericytes",7.58784173564259,-13.119483411953,-3.81650118529324,4.54528420226983
"AGTGGACAGGACACTT-1","male","IN-MGE",-12.8530886308735,1.67759831185622,5.67308564484592,-5.58696348411628
"AGTGTGGCAACATAAG-1","male","Microglia",9.13117097453419,11.9659762972145,7.1163243800449,0.327804019622121
"AGTGTGGCACAGGAAT-1","male","Microglia",9.42940591410938,11.7923150652198,7.38352008164402,0.334812393359456
"AGTGTGGCAGTAAAGC-1","male","Microglia",8.64710877970997,10.4917455309181,8.05087085068699,0.539466490916524
"AGTGTTTCAATAACGA-1","male","IN-MGE",-11.4428970949238,2.1509397619514,6.92106242478367,-5.4716342185218
"AGTGTTTCATAGGCGA-1","male","Oligodendrocytes",6.27211164073292,2.0279476040153,1.07013912499424,11.0949227120202
"AGTTACATCCCTCACG-1","male","Microglia",10.8141820295269,10.896910249546,6.60021634400364,2.05563240306786
"AGTTACATCTTAGCCC-1","male","IN-CGE",-11.6823589937275,11.4746804827003,3.44124169648166,-10.7490475867469
"AGTTACTCAACAGCCT-1","male","Endothelial",-0.485310765027817,-15.950911939785,-1.31590194999699,2.99302833335808
"AGTTACTCATTATGAC-1","male","Microglia",10.308467613023,10.6442199342994,7.47609229386326,1.09817231254986
"AGTTATGTCAAGCGCC-1","male","IN-MGE",-12.5998547212666,2.63416427309795,5.94226022065159,-5.28094227058479
"AGTTATGTCACATTGA-1","male","Microglia",-6.64740444584545,-10.3939880735131,-0.253056868906063,-4.35583526832649
"AGTTATGTCATGTTTC-1","male","Microglia",10.0219075544292,10.7665544145851,7.62619300187107,1.37960993307045
"AGTTGCAGTTTGTGGA-1","male","Oligodendrocytes",6.4305899007732,0.661606907203628,0.581396773462254,11.9717041756432
"AGTTGGCGTCCCGAAG-1","male","OPC",-5.58720804615673,-12.8338112241478,-12.6886110752774,4.26618449943474
"AGTTGTCAGATTGAGG-1","male","Microglia",9.79113172129932,10.5861783617286,8.00561518967624,1.75381981389931
"AGTTGTCAGCCAGTAT-1","male","Microglia",-8.85276914997753,-9.40384525124745,-8.45141129195217,-6.10565979225227
"AGTTGTCAGGATTGAG-1","male","Microglia",9.98507760600391,11.1384463899879,7.24291606247898,1.45243563311509
"AGTTGTCAGTATTGGC-1","male","OPC",-8.00674129887279,-9.32930511300282,-9.33229832350735,-6.38166649086067
"AGTTTGATCAAACCGT-1","male","Astrocytes",-1.42786194248852,-4.58056587044911,-0.973898515100521,-3.0308702681739
"AGTTTGATCTCACAAA-1","male","Astrocytes",2.44570087031666,-2.96791166131215,-1.25034557282452,-1.99947697860786
"AGTTTGCAGGACCAGG-1","male","OPC",-5.92254949970898,-12.2988294965477,-12.422876402731,4.07416718261651
"AGTTTGCAGGCTAGAA-1","male","IN-CGE",-10.9038956300801,10.5316606157569,3.5073155909824,-10.3612359259803
"ATAAGCCTCCCATAGG-1","male","OPC",-6.9707920686787,-5.90385717217641,-9.77286915480618,-6.46275455696174
"ATAAGCCTCGCTAAGT-1","male","IN-CGE",-3.02660132809338,14.3133874529151,0.58019299805637,-8.37779552681037
"ATAAGTCGTCCCGAAG-1","male","Microglia",9.39734815196339,11.284415780857,7.93289084733005,1.54110853927544
"ATAAGTCGTGAAGCCT-1","male","OPC",-8.22837377949413,-8.06313651864247,-10.1908112019253,-5.99444038612434
"ATACCGGTCAATGACC-1","male","Oligodendrocytes",5.53967593745533,1.10591822798534,-3.3683279007626,1.38824995415619
"ATAGATGCAAACGCGA-1","male","OPC",-5.53680969639477,-12.9634603864403,-12.7039881199551,4.31868975418023
"ATAGATGCATAATGAG-1","male","Astrocytes",1.23236619071308,-4.34621995751576,-1.27423869072918,0.166646769217763
"ATAGATGCATTATCCC-1","male","Astrocytes",-1.20172984762844,-4.8653263456078,-2.9261367768002,0.835629394225393
"ATAGCATGTCCTTCAG-1","male","Microglia",11.5478236539775,12.0503287905006,8.07243914902683,-0.868280837364878
"ATAGCATGTTTAGCTC-1","male","OPC",-8.4018919603413,-7.70107692544179,-10.1636028736782,-6.55152923805305
"ATAGGTACACTGGCCA-1","male","Astrocytes",2.36766193942371,-2.9592885381432,-2.03885702788357,-2.39028508407661
"ATAGGTACATGGAGGC-1","male","Oligodendrocytes",6.33078931407276,2.11067753966136,0.745105102662999,11.7055575157922
"ATATAGGCAGCTTACA-1","male","IN-MGE",-11.6980345384663,0.452308475330306,4.69664807618137,-5.58061058265754
"ATATAGGCATTCAGCA-1","male","Pericytes",8.13055490092579,-12.8555998212548,-3.88871102034573,4.24102084892205
"ATATGCATCAATGAGG-1","male","Microglia",9.89615415171925,12.3140674227027,8.32143492997165,-0.187529752083506
"ATATGGTGTACGCGCA-1","male","EN",-7.32566286488232,6.87622076208873,-2.30324368178372,-5.5542643759925
"ATATGGTGTAGGTGTC-1","male","Astrocytes",-2.78177524967846,-4.17872566048818,-0.588142141695064,1.84685211437157
"ATATGGTGTTAGCAGC-1","male","OPC",-8.65679956837353,-8.87876933877187,-9.91093544661526,-6.23481638176033
"ATATGTCCAAACTGCC-1","male","Astrocytes",1.53947352008167,-3.83416789834218,-2.9602902382565,1.23847561138085
"ATCAAGACATCACTTC-1","male","OPC",-7.63832212849316,-8.71857971017079,-9.42484001814846,-6.05233509285041
"ATCAAGCTCAAGCGCC-1","male","IN-CGE",-10.1605570451802,9.60505443747325,2.27282710373874,-9.0113824103553
"ATCAAGCTCAGGTTTA-1","male","Microglia",6.95698522166554,10.5085092180519,6.66035218537326,2.101055791549
"ATCAATCCAATTATGC-1","male","IN-MGE",-11.4930718080586,0.0950092666892541,8.24726863205906,-6.08371860725471
"ATCAATCCATTGACAT-1","male","Microglia",-5.93465877934154,-4.49058622185902,-3.10667566954617,1.62580375926903
"ATCACAATCATTTGCT-1","male","Astrocytes",2.9975221021587,-3.59251827065663,-1.86483065783505,-3.1747534964759
"ATCACAATCCTTCTAG-1","male","Microglia",-5.55364300175365,-4.19758790795522,-3.28093723952298,1.4569771494191
"ATCACACAGACAAGTG-1","male","Oligodendrocytes",4.11668084697071,4.65081554587169,1.0620954781818,10.2802607323449
"ATCACACAGCTGTCAG-1","male","IN-CGE",-11.7176344530171,8.71292883093639,3.23533006012912,-8.41039974433967
"ATCACACAGGACGTAA-1","male","Astrocytes",2.18161057071034,-3.59138006036,-1.37198232113842,-2.42105443222114
"ATCACACAGGGTTATC-1","male","Pericytes",8.1650082929546,-13.1767048246117,-4.20327644049649,4.63429730194024
"ATCACACAGGTACCGC-1","male","IN-CGE",-9.12179972096142,12.4104714983253,1.20519919693943,-9.92028648597785
"ATCACCCTCCACCCTG-1","male","Pericytes",8.33704827861134,-12.5401214963646,-3.50856237113003,4.98084419029168
"ATCACTAAGTGGACAA-1","male","Oligodendrocytes",6.13452743129078,0.695786237075759,0.654335454111058,11.2941128517907
"ATCAGGTTCAATCATG-1","male","OPC",-8.69182230396923,-8.29040187661366,-9.80935291945462,-6.07366354209968
"ATCAGGTTCCCGCAAA-1","male","OPC",-9.42828585072216,-8.41087859933095,-9.28591732680325,-5.62698919517585
"ATCAGGTTCTTAGTGA-1","male","Astrocytes",2.75657867030445,-3.10401433770375,-0.986015126104396,-3.68713266594001
"ATCAGGTTCTTGAGGT-1","male","IN-MGE",-11.3779957429951,0.0508620136527551,8.07665057480808,-5.93352396232673
"ATCATCAAGCAAGACA-1","male","Oligodendrocytes",3.46304629878346,4.66857463057323,0.788270667200047,10.7108723427575
"ATCATCAAGGATAAAC-1","male","OPC",-8.29335237904247,-9.19097083871083,-9.59434704482083,-6.38096077186653
"ATCATGTCAAGGGTTG-1","male","RG",-1.80107261105236,-0.195189178630875,-3.02705721556668,1.71033935802392
"ATCCAACAGATGGAGC-1","male","Astrocytes",2.15825174884144,-3.18074363534169,1.12845213711734,11.8088413979333
"ATCCAACAGCAAACCT-1","male","Astrocytes",2.86660955981556,-3.37845128838735,-0.485367462034267,-3.93473512870857
"ATCCAACAGCATTATG-1","male","IN-MGE",-11.795876754958,2.86657267744823,6.29343886673923,-4.69394142372199
"ATCCAACAGCCAGGTC-1","male","OPC",-7.3172185556477,-10.3817457563134,0.593853071336705,11.5388371254723
"ATCCAACAGCGATAAG-1","male","Microglia",5.34986756877247,-4.23379176919179,-0.348762795324367,-3.99473983985969
"ATCCACCTCCTAGTAA-1","male","OPC",-7.987931026656,-9.74456256692128,-9.99317173659329,-5.72668392402717
"ATCCACCTCCTGTTCA-1","male","EN",-7.30713726444897,6.78282171423717,-2.2211932390881,-5.42346698982307
"ATCCATAAGCGAGTAA-1","male","Microglia",-6.15105844898876,-4.93758958642201,-8.27603487669949,-6.2343352530677
"ATCCATAAGGCTAATC-1","male","Microglia",11.2119691236431,10.0931192034034,8.3127355128574,0.9625592443101
"ATCCATAAGTAGCCAT-1","male","Microglia",11.741853462022,10.4765868776588,0.107150092725712,-4.47356827003547
"ATCCATAAGTGAACAG-1","male","Oligodendrocytes",3.27444957331959,4.91363149817271,0.364466980104405,11.3673645760339
"ATCCGTGAGGTAGCTT-1","male","IN-MGE",-11.2361872331684,0.442440330341293,7.72870059311863,-5.78850204689094
"ATCCGTGAGTACCGCA-1","male","OPC",-7.51698042317089,-6.61138099496083,-9.58585552870755,-6.66438514930793
"ATCCTCATCAAGGACA-1","male","Pericytes",-4.32639671726879,-4.22356075112538,-4.25964002310757,4.54897134559563
"ATCCTGACAGAAATGC-1","male","EN",-7.22482134266552,6.46253544028087,1.09350426495548,3.23060386436394
"ATCCTGACATTATGGT-1","male","OPC",-6.26529861851391,-4.95793050591664,-10.2687540501309,-5.34736044151374
"ATCCTTAGTAGACAAA-1","male","Microglia",10.8751580579692,9.85617977316661,7.43504042923923,0.54150768177918
"ATCCTTAGTCTTTGAC-1","male","Oligodendrocytes",3.89434360102955,4.84440928633494,0.85606653988834,11.7229553963464
"ATCCTTAGTTAAGCCA-1","male","Microglia",-6.24874092503246,-4.76175159280019,-3.43376187979702,1.61281733768395
"ATCCTTAGTTTGCTGT-1","male","Pericytes",7.90750287608448,-13.0604204541893,-3.99296669661526,4.76380317466668
"ATCGAGGCACCATATG-1","male","Microglia",7.4222948415691,10.5808101290016,0.993255332117039,10.3156286980431
"ATCGAGGCACCTACTT-1","male","Oligodendrocytes",3.61240838603321,4.80584913428111,0.372134640817601,11.7597119118493
"ATCGAGGCATAGCTTG-1","male","Astrocytes",-1.21153826876339,-4.4190749532433,-1.8759646862698,-2.68879086715766
"ATCGGCCAGACACTTA-1","male","Microglia",8.12826989726368,11.6778035753517,7.25341124833103,0.165675451926503
"ATCTATGAGACTTATG-1","male","Oligodendrocytes",3.45277188853565,4.70379692251964,0.392535284166294,11.8131949211877
"ATCTATGAGGGTCCAC-1","male","IN-MGE",-11.0846321718281,0.575644611671401,8.33103652298923,-6.11006672126838
"ATCTATGAGTGAAGTG-1","male","Microglia",9.82234071330372,11.3484550112037,7.2751149684238,1.71425735013894
"ATCTTTGGTCATAAGT-1","male","Astrocytes",-3.52545763416943,-3.9585356122704,0.889737084512669,-2.82234461052009
"ATCTTTGGTCCTAAGA-1","male","OPC",-6.14362503452953,-4.89355415169911,-10.1511011570645,-6.614435980149
"ATCTTTGGTTCAAGAT-1","male","Astrocytes",-4.01668931408581,-3.64384073083119,0.0317493230151714,-2.88814694625923
"ATCTTTGGTTCACCAT-1","male","Microglia",6.5113103254253,10.0945535295753,7.06891436875339,1.19618875341824
"ATGAAGCCAACTAGGG-1","male","Astrocytes",0.269042239945564,-4.47167533700185,-0.836838928512227,-2.00651390297004
"ATGAATGCAGCCAGTT-1","male","Oligodendrocytes",5.76872800425831,1.67827065224929,0.368370726709324,10.8642088677209
"ATGACAACAATAATCC-1","male","IN-CGE",-9.48208834095654,10.0522685640602,-0.658720836038631,3.10700052040032
"ATGACAACACAATTAC-1","male","OPC",-5.86066223545727,-12.3636955625267,-12.503123328085,4.18786304252556
"ATGACCAGTAGTAAGA-1","male","Microglia",11.2896735532695,12.3377338045387,7.86492152512546,-0.324264476128306
"ATGACGAAGACAACAG-1","male","Astrocytes",2.51228903369251,-3.85416072671132,-1.40998487174038,-2.92596895439216
"ATGACGAAGACTTATG-1","male","Oligodendrocytes",4.59460042552296,4.2542067163734,1.17083664238926,10.5726658608239
"ATGACGAAGCTATTGA-1","male","Astrocytes",0.837017284196053,-4.58166164223866,-0.28547398745541,2.17310564773491
"ATGACGAAGGCTTAAC-1","male","EN",-7.20106483860668,6.96793800528331,-2.30344538390164,-5.66297228080818
"ATGACTCAGCCTTAAA-1","male","Astrocytes",-2.20951522751507,-4.05109733407216,0.720905974512059,-2.02582795364448
"ATGACTCAGGCGCTTA-1","male","Microglia",7.03216575221363,10.7962527864723,6.97385211289402,-0.0150873158652446
"ATGACTCAGTAAAGGT-1","male","Pericytes",8.13408731059376,-12.7597364789696,-3.97321514784817,4.47909705894402
"ATGACTCAGTTCCCAC-1","male","Microglia",-5.5228202478474,-4.15468877618031,-3.06893329321865,1.87136446493081
"ATGAGCCGTGGAAGGC-1","male","Oligodendrocytes",-1.57312108441051,-15.2876161939354,0.647625640039402,11.7712046410363
"ATGAGCCGTGTGAGGA-1","male","OPC",-5.02904011173901,-13.027614057705,-12.7030249088955,4.29399698036126
"ATGAGCCGTTGTCCAT-1","male","Microglia",10.647991882127,10.8749528520851,0.179422214631993,3.35333793418816
"ATGATGACAAGTGTCC-1","male","Microglia",9.93238710002247,10.5721402757911,6.45296473801609,2.35667233722619
"ATGATGACAGTACCGT-1","male","Astrocytes",2.57486365870777,-3.46038526360707,-1.16666088997845,-2.3513835166175
"ATGATGACATGACTAT-1","male","Microglia",11.8840052946025,11.7419505708961,8.47044081986423,0.709219505957876
"ATGATGGAGGATTGCT-1","male","OPC",-9.42717386646923,-8.36728328530507,-10.9164953678799,-6.2931936476905
"ATGATGGAGGCTGGCT-1","male","Endothelial",0.105358289044533,-14.4588903791161,-2.94668798148159,2.91913872020653
"ATGCAAACAATAGTCT-1","male","Astrocytes",-3.97565866871532,-2.99948543374257,-0.103893145914119,2.14020769851616
"ATGCAGGCACCTCACC-1","male","Microglia",-7.37054706974682,-6.39507478539662,-2.92221383749966,2.04508178489617
"ATGCATTCACAAAGAC-1","male","IN-MGE",-12.5708172456807,2.13244998390956,6.23935790360447,-5.48542482597419
"ATGCATTCACCGTTCC-1","male","Microglia",11.2299859388286,13.2296891802101,8.2565078288364,0.57230972307137
"ATGCATTCATAGACTT-1","male","Astrocytes",0.449027822774086,-5.46495097939687,-2.0680326670361,-2.21496278984138
"ATGCCTGAGTAAGTCC-1","male","Astrocytes",2.47463987902943,-3.09907859627919,-1.15284527837757,-3.27135927421638
"ATGCGATTCACTTCAT-1","male","Microglia",11.7419192655498,11.0792070024757,7.8681907206821,1.23054685252121
"ATGCGATTCTTAATGG-1","male","IN-CGE",-11.838302864272,0.889337598636581,-0.0183948725414692,3.01856010215691
"ATGCTTAAGCTCAAAC-1","male","Astrocytes",2.67015074328724,-3.49127525155263,-1.03618119656567,-2.71936971885749
"ATGGACAAGCTCCCTG-1","male","Astrocytes",1.81079338626209,-4.29616302315907,-1.52286081015591,-3.06310732109138
"ATGGACAAGTGACCTG-1","male","OPC",-8.37862183018383,-8.24358028237538,-10.1673689335537,-5.58376009208747
"ATGGACAAGTTATTCC-1","male","Endothelial",-0.243193669754829,-14.2209038144799,-2.8505752533627,3.50219171302727
"ATGGCCCAGAGGAGGA-1","male","Oligodendrocytes",4.69626210765186,4.25836783583446,0.420287206773716,11.3646151329797
"ATGGCCCAGGATGATG-1","male","Astrocytes",1.91750119761768,-3.39876169030385,-2.3081244677258,-2.28776509506294
"ATGGCCCAGGGCTAAA-1","male","IN-MGE",-9.25287939472851,-9.46395629708485,-8.67958454787258,-5.15841991645881
"ATGGCCGGTTATTGCC-1","male","IN-CGE",-9.09409929676708,11.5467563265113,1.18670029938694,-9.67326004249641
"ATGGCCGGTTGTTGGA-1","male","OPC",-9.29139925404247,-8.5723223096581,-10.1849127262783,-5.4035714362342
"ATGGCTAGTCGTTATC-1","male","OPC",-5.36387850208935,-13.0097698575707,-12.5518360584927,4.18357222335747
"ATGGCTAGTTACCTGT-1","male","IN-MGE",-11.0936281816548,0.60857999260707,7.88500876725193,-5.98310024482795
"ATGGCTAGTTATCCTA-1","male","Oligodendrocytes",4.9113290174419,4.10945111449046,1.17081303894992,11.5171763207238
"ATGGCTTAGCATTATG-1","male","EN",-5.33097006245312,-2.93509858910756,-0.712358161802333,2.88048951881341
"ATGGCTTAGGCGCTAC-1","male","EN",-7.03683639927563,6.86940389807506,-2.39259485899929,-5.55631572944709
"ATGGCTTAGTTTCCTG-1","male","IN-MGE",-17.9132197038716,4.51314908201976,4.72297997773166,-6.00189382774421
"ATGGTCTAGAAGGTGC-1","male","Microglia",8.83816693858448,11.2410951250343,-0.0358197539997517,3.13677399413994
"ATGGTCTAGCCTGGTA-1","male","Microglia",8.88054441050831,11.7305503481178,8.16900630295749,0.72998399095944
"ATGGTCTAGGCTACAT-1","male","IN-CGE",-11.7156698839253,10.7798247926979,3.52920623124118,-10.7608388159949
"ATGGTGCGTCCTGATT-1","male","Microglia",7.07398007945362,10.0976405733375,-3.30680756270413,1.56328075187615
"ATGGTTATCATGCGTG-1","male","Astrocytes",2.18099449710194,-3.84988588158803,-1.64469037949566,-2.86914069397041
"ATGTAACGTTACTTGC-1","male","Pericytes",8.34628556804005,-13.3020977384301,-4.12384133040432,4.49315970199517
"ATGTAAGCATTGCAGC-1","male","Astrocytes",1.59602569178883,-4.83078426186757,-0.174830600614589,-2.62963039619514
"ATGTCATCAGCACCAT-1","male","Astrocytes",-2.83452917500195,-4.12502998177724,-0.782213672990841,-2.92722303611824
"ATGTCCACATAATCCG-1","male","Oligodendrocytes",5.50708650187794,1.66875664825721,1.14959903061863,10.2943560387414
"ATGTCCACATAGGCGA-1","male","Endothelial",-0.356223581868973,-13.9814161664696,-2.9771621674252,3.56539910095147
"ATGTGAGAGCGGTTAT-1","male","Astrocytes",-4.37376524372753,-3.36526340310292,1.62154860795017,-2.26211745483467
"ATGTTGTCATCTTGAG-1","male","Astrocytes",2.21643565730396,-2.97709554497914,-0.856287364843231,-2.41182024223396
"ATGTTTGAGTTGTCTT-1","male","Astrocytes",2.36680410937611,-3.19312518899159,-2.47404877841,-0.335249969788279
"ATTAACCCAACATAAG-1","male","IN-CGE",-11.9230396883076,8.84968095953746,3.28019852936741,-8.42148143989631
"ATTACCCGTCATAAGT-1","male","Microglia",11.5628945691997,10.7269874208717,6.30441088974949,2.31583469169549
"ATTACCGCAGCTAATT-1","male","Microglia",-5.82959772511181,-4.3062033063622,-2.80977456271176,2.11968844192437
"ATTACCGCATACTCCT-1","male","OPC",-5.65231443806347,-4.33560937707143,-11.1646013706875,-6.00154859764167
"ATTACGTCAGGCATGA-1","male","IN-MGE",-12.0809710161274,1.37191132391973,6.38681359589573,-5.88196308357307
"ATTACGTCATAGCGAG-1","male","Astrocytes",-10.9158585207051,10.4580197923927,-0.350106462831539,-3.70590669853279
"ATTACTGAGCCTTAAA-1","male","IN-MGE",-17.8258192674702,4.5950475328712,-0.726509183640522,2.79568057315758
"ATTACTGAGTCATTTC-1","male","IN-MGE",-11.3591206209248,0.475680410221053,7.90226264298435,-5.86972458107063
"ATTAGCGGTTAGACCA-1","male","Pericytes",8.55107282237354,-13.4162792569848,-4.21357111632351,4.71330874221734
"ATTAGCTCACCCTCAC-1","male","IN-MGE",-14.4648211137837,1.09916663105769,3.98195882142063,-5.54324228508064
"ATTAGCTCAGTAGGTG-1","male","Microglia",-5.98842646046337,-4.57509082619862,-3.17677836119656,1.59505670326165
"ATTAGCTCATCATGGC-1","male","Microglia",9.73699735240284,12.3740916841774,-0.273925885553402,3.07389824645928
"ATTAGGTGTTGCAATG-1","male","Microglia",-5.70797039433178,-4.4798340207787,-3.22095064818386,1.85378407495431
"ATTAGTCCAAATGCCC-1","male","Astrocytes",2.06370304660145,-3.87183231179433,-1.5070574134541,-2.59981472236701
"ATTAGTCCACATTGCA-1","male","Astrocytes",2.67830036715809,-2.83571904961781,-0.724002197380108,-4.10066444618293
"ATTATCCTCAGGGCCT-1","male","Astrocytes",2.26262019709888,-2.6722020513268,-1.21852280199055,-2.12789256317207
"ATTATCCTCCTAAATG-1","male","Microglia",2.35878585414234,4.82424098189159,6.78816457093235,3.20807998435906
"ATTATGGTCAAGCTAC-1","male","IN-MGE",-13.2484629289692,2.21266519959254,5.5709232837009,-5.27947694999763
"ATTCAACCAATAAGCA-1","male","IN-CGE",-11.4884779588765,11.6843200319557,3.30404801667209,-10.4725735877235
"ATTCATGAGCACCACA-1","male","Oligodendrocytes",6.7648618085796,1.14570161636157,1.0117671042728,11.5738407875817
"ATTCATGAGGCAGGTG-1","male","Microglia",-6.71269203587231,-9.65886634652333,-0.249684974546474,-4.42791683418342
"ATTCATGAGGGCCATC-1","male","Astrocytes",0.142715619366798,-4.6589636213036,-1.8272392004681,-2.43280942184516
"ATTCATGAGTCAATCA-1","male","IN-CGE",-9.73130918904003,9.93190151388927,2.01674480736728,-8.84559662086555
"ATTCCGGAGTTCCTGC-1","male","OPC",-7.8715341226643,-9.22886127297597,-9.11062817275051,-5.93584902031013
"ATTCCTAGTGCTTTAC-1","male","OPC",-7.80098749561962,-9.27253288094716,-9.91521076857571,-5.66238434059211
"ATTCCTCCAGTATGTT-1","male","IN-MGE",-11.1682140962666,0.250272332981063,7.94031138718601,-5.97163135749885
"ATTCGTTTCCCGTTGT-1","male","Endothelial",-0.234855307776298,-15.3090414411278,0.165796831254918,2.83172505157403
"ATTCGTTTCCCTCTAA-1","male","Microglia",3.80951140956226,5.01657754118724,7.1346177607822,0.315096666983877
"ATTCGTTTCCGGTATG-1","male","Microglia",-5.48846985264477,-4.46684593026357,-3.14261011778836,1.55717932241372
"ATTCGTTTCGCAACAT-1","male","OPC",-6.2009322778767,-5.10161727730946,-10.4918013066006,-5.97180111152717
"ATTCGTTTCTAGCGTG-1","male","Astrocytes",-1.55849553509411,-4.36753934685902,-0.958866484458488,-2.31561071617195
"ATTGAAGCACACTAAT-1","male","Astrocytes",2.05106447772327,-3.94939559762196,-2.13348250090603,-2.17014915687629
"ATTGAAGCACATACTG-1","male","OPC",-8.44183994694408,-9.35343974892812,-9.58256535231594,-6.78488046867439
"ATTGACTCACAAAGAC-1","male","OPC",-9.58196665211376,-8.39726489846425,-9.48644547163967,-6.36661369545051
"ATTGACTCATCTTGAG-1","male","Astrocytes",-1.99637462063488,-4.14983791176991,0.148342385892826,-3.40822059852668
"ATTGCACAGTAACGGA-1","male","Astrocytes",-3.63617612286266,-3.64783233468251,0.0598354488658489,-2.70876915199348
"ATTGCACAGTCATTAG-1","male","Astrocytes",2.86752365664784,-3.35803836648183,-9.20305924117092,-5.41194612724372
"ATTGCGCCATGTCGCG-1","male","Astrocytes",1.36611007289234,-3.28110832040028,-0.902457084502023,-2.6563220713813
"ATTGCTCGTCTAGCTT-1","male","IN-MGE",-11.9193318025654,2.81393498118205,6.55865330994602,-4.77762777549812
"ATTGCTCGTGCGCATG-1","male","IN-CGE",-10.9751637117451,10.4033418291358,3.56146521866794,-10.346248934098
"ATTGCTCGTGCTTTAC-1","male","IN-CGE",-10.8555424348896,10.9120526903419,3.34312386811252,-10.4623883460242
"ATTGGCTAGGTGTTAC-1","male","Astrocytes",1.78079699115101,-3.28407138650136,-1.59655861556057,-2.55536968452522
"ATTGGTTCAAACTGCC-1","male","Microglia",11.1553790433818,12.0182910555152,7.03465743363376,1.82890938775948
"ATTGGTTCACTAAGTT-1","male","OPC",-8.91379953785595,-9.21160548989491,-10.2835302799893,-6.30618746025154
"ATTGGTTCATTGCGAC-1","male","Microglia",8.41338704661671,11.5511985414772,6.74158473313327,2.0292876269143
"ATTGTCCGTGCATTTC-1","male","Microglia",10.6738231046611,10.6141448610572,7.20446868241306,1.5631563569825
"ATTGTGATCGCGACAC-1","male","Astrocytes",-3.89285684986767,-3.1913875943871,2.34956474602695,-1.76427371246406
"ATTTAGCCAAGGAATC-1","male","EN",-7.12962604923901,6.7662048929481,1.31660623848911,3.05691187637261
"ATTTAGCCATGAGTTT-1","male","Microglia",10.2102000577861,11.5339637392311,7.54188437760349,0.861674865655217
"ATTTAGGTCAATCTCT-1","male","OPC",-8.85045458241161,-8.86854690377431,-11.0799055546475,-5.81231624824592
"ATTTAGGTCACGCCAA-1","male","Microglia",10.1740529401714,10.6040540331153,6.2924227267551,2.45852761524132
"ATTTAGGTCCGCAAAT-1","male","IN-CGE",-11.0631163255757,9.92192321951671,3.13150115311618,-9.41606361610481
"ATTTGCAAGCATTTCT-1","male","IN-MGE",-7.2573139802998,7.04739147360606,0.352959945802647,3.20327799575738
"ATTTGCAAGCTATTGA-1","male","Microglia",11.5186326368267,10.9030337923316,8.32741542160984,0.972611895709846
"ATTTGCAAGGCTGTCA-1","male","EN",-5.39297462864574,-2.9520830518456,0.493537858133274,3.08470838325432
"ATTTGCGCAAGATTCT-1","male","IN-MGE",-14.4580738679951,1.2007858448772,4.36166901886936,-5.48912651283332
"ATTTGCGCACAAAGCG-1","male","Astrocytes",2.67324613169971,-4.32886165444569,-2.08969430624966,-1.51494199974128
"ATTTGCGCACCTACTT-1","male","IN-CGE",-11.8025372163838,11.3656821840553,3.30150313675876,-10.2085755561072
"ATTTGCGCACGGTTTA-1","male","Microglia",-6.01448942585644,-4.55129569832997,-3.43076781928067,1.52108811395577
"ATTTGCGCACTCAACA-1","male","Microglia",6.65445731715504,10.1916385286598,7.50812812149997,1.17356491642407
"ATTTGCGCAGGCTTGT-1","male","Microglia",10.566391692918,11.6660123461036,7.29542823136326,0.506415655783925
"ATTTGCGCATAAACCT-1","male","OPC",-7.55776812000927,-9.18157714669423,-9.85385994612698,-6.06660587532112
"ATTTGTGAGCCGCAAC-1","male","Oligodendrocytes",5.81542800502125,0.788727044418289,0.989329174165684,11.0137564446252
"CAAACAACAAGGTACG-1","male","Microglia",10.6244265897686,11.1690316789894,7.68298240006443,0.507852932385717
"CAAACAACATCGTTCT-1","male","Microglia",6.80275224284473,10.1942802065162,8.10917373002048,1.27222569840363
"CAAACACTCGTTAACA-1","male","IN-MGE",-11.4388430254048,0.23416799242778,8.27943034470554,-5.97904903633186
"CAAACATGTGAAACAA-1","male","OPC",-8.02224661274609,-9.60371536080556,-9.23036389052395,-5.60000068885871
"CAAACATGTTGGATAT-1","male","IN-CGE",-11.7442619936055,10.9781194322853,3.42160268128391,-10.6227429602821
"CAAACATGTTTCCACG-1","male","Astrocytes",-3.32045008106884,-3.99834436242299,0.916411235933262,-2.72732455474922
"CAAACCGTCGTGCTTC-1","male","IN-CGE",-3.22367621823009,14.0489946001319,-0.669116333122295,1.91513513582161
"CAAACCGTCTCGCCTG-1","male","Microglia",11.6372449262554,10.5650249117164,8.67714972794529,1.41766582982949
"CAAACGCGTCACCTAT-1","male","Microglia",11.1029040677959,10.7256627672462,8.87129302323337,0.507217576674733
"CAAACGCGTCCTAATC-1","male","IN-CGE",-3.03553201122936,14.2174220674781,0.661332204942662,-8.39894897682258
"CAAACGCGTTAGTTGG-1","male","Astrocytes",1.91300462321583,-2.57930177514272,-0.672810465092701,-2.28503949386665
"CAAACTGGTTCCGGGA-1","male","Microglia",5.61563466624561,-4.18201059167104,-0.353815481061977,-4.03366930229255
"CAAAGGATCCTAATAG-1","male","Oligodendrocytes",3.05144260958973,4.93002992804332,0.81304736435886,11.7336136605065
"CAAATCATCCTAAGTA-1","male","EN",-7.10231043263134,6.88416343863292,0.51869614422794,1.91214489000252
"CAACCCGCAAGACTCC-1","male","Pericytes",7.97765134410206,-12.9174789792748,-1.70104001461987,-2.9364791606147
"CAACCCGCATCTTGAG-1","male","Astrocytes",-1.12471617623028,-4.56751912896352,-0.336369141931575,2.5855254437249
"CAACCCTTCAGCTAAC-1","male","Astrocytes",-3.07375456257519,-3.80835050408559,-1.66884081065182,-2.56653315765449
"CAACCCTTCCGTTAAA-1","male","Oligodendrocytes",4.13174460963551,4.57028919394298,-0.349520936603588,10.7939736153405
"CAACCGGGTAACCAGC-1","male","OPC",-7.33954311772045,-6.37658304040151,-3.29303602873806,1.5351390148919
"CAACCGGGTCACAAAT-1","male","EN",-7.00318313999828,6.98813348944469,-3.56377606093411,-6.44197828514167
"CAACTAATCAGCCAAT-1","male","IN-MGE",-11.4898045198506,0.175959288433029,7.89525790513034,-5.89730531913825
"CAACTAATCCTTAGGG-1","male","IN-CGE",-11.8415644304341,8.93194061453624,3.30950970948215,-8.41099674446174
"CAACTAGGTGCTCCAC-1","male","OPC",-4.82643915577587,-13.1664652234765,-12.8756695240689,4.28358810203484
"CAAGAACCATTAAGTC-1","male","Microglia",3.38511537150684,5.0039785497932,7.03621669114109,3.21434109466485
"CAAGAACCATTCCTCG-1","male","Microglia",10.6945397718364,10.8579936617164,8.02886195481296,0.826680710486684
"CAAGACAAGGGATTAG-1","male","IN-CGE",-3.11429072781261,14.2263227098732,0.730128481988865,-8.58646042091438
"CAAGCTAGTTGGATAT-1","male","Oligodendrocytes",5.79518626765553,1.92603558237834,1.24900431931492,10.65408866661
"CAAGGCTGTCACACCC-1","male","OPC",-5.13563562794384,-13.0021490461083,-12.6185818165493,4.26682536857537
"CAAGGCTGTCCACAAA-1","male","OPC",-7.80427385731396,-8.50852531258778,-11.0747242420865,-5.98824341041633
"CAAGGGAGTTCGGGAT-1","male","IN-MGE",-11.7482245103901,2.86521500284953,6.23726935685154,-5.29705030662605
"CAAGGTAAGGCGTAAA-1","male","IN-MGE",-11.0541832582539,0.284079849079086,8.11047072709079,-6.17907650215217
"CAAGGTTTCGGTCAAT-1","male","Astrocytes",-11.8723919527119,1.85759264166637,6.48852629960056,-5.27454025489875
"CAAGTAACAACCGCCA-1","male","Microglia",11.4097449644024,10.4287486665992,7.49878211319919,0.936866378359113
"CAAGTAACACATTAAC-1","male","Microglia",4.50425933436695,-4.28268426720815,-0.481755241746944,-3.32456047279426
"CAAGTATGTTAGGCTA-1","male","IN-MGE",-14.3165199892109,0.763634204223586,4.33121819794651,-5.79805977088996
"CAAGTTATCCTCAGTC-1","male","OPC",-6.11587454243359,-4.88366359536366,-9.64895538985257,-6.12876398307868
"CAAGTTATCTTAGGGT-1","male","Microglia",11.2818238599712,12.7243838899879,8.17853350937839,1.13775064604691
"CAATAAGCATCCCGCT-1","male","OPC",-8.24753643437084,-9.18088668648915,-9.97410206496243,-4.86527616722175
"CAATAGCTCATGGCTG-1","male","IN-MGE",-11.2605211870259,0.482040106609298,7.81616874039646,-5.94255811912605
"CAATAGCTCATTCATC-1","male","IN-CGE",-11.5652907030171,11.7702680223732,3.32611079514499,-10.6245463584144
"CAATAGCTCTTAGGGT-1","male","IN-MGE",-14.4476444856709,1.35321873362346,4.54890723526951,-5.46116192085334
"CAATCCCTCTCGCCTG-1","male","Microglia",-6.97861648960766,-5.86433404748158,0.327479675416905,-1.29519040329048
"CAATCCTGTACCAGGT-1","male","Microglia",8.25755094127003,10.6893125170021,8.56491465867038,1.18979865866116
"CAATCCTGTCTTACTA-1","male","Astrocytes",-3.23487712307629,-3.12546724145131,0.940152719621617,-2.94607503158637
"CAATCGCCACAAAGAC-1","male","OPC",-9.26360632343945,-8.11051982705312,-10.065831229086,-6.67302829963752
"CAATCTAAGCACAGAA-1","male","IN-MGE",-14.483488334853,1.19807216460986,4.55600018799778,-5.58779413444587
"CAATCTAAGGCCTGGT-1","male","IN-CGE",-10.9749939577168,11.3408275240211,3.11912865937229,-10.4975627158363
"CAATGAACACAAAGAC-1","male","Microglia",11.1258389814312,9.94591957266612,7.9510411769199,1.60677271144799
"CAATGAACACAGCCTG-1","male","Pericytes",7.59069131450001,-13.0902313596459,-2.88800387084011,4.95100777404717
"CAATGACTCCTAGTTT-1","male","IN-CGE",-9.21232344074902,11.7106071108131,1.16048093140598,-9.78190548164436
"CAATGACTCTCCTCTT-1","male","Oligodendrocytes",2.78596232966724,4.9812300794868,0.440788343553501,10.7568337227624
"CAATGCCCAACTAGCC-1","male","IN-MGE",-14.2975113527363,1.28592352505012,-3.656133219595,6.35926454322747
"CAATGCCCAAGCTAAA-1","male","Astrocytes",-6.13426853581127,-10.9294466382714,-0.367570534343761,-4.2735665534217
"CAATGCCCATGCAACC-1","male","OPC",-4.84914566441235,-13.1933025724144,-12.8509951084805,4.40652578132561
"CAATGTCAGGACCTGC-1","male","Oligodendrocytes",5.57293389872852,2.01463508541865,1.09517915547367,11.5807091500085
"CAATGTCAGTAGCGGG-1","male","Astrocytes",-1.93900288506207,-4.33335441415028,-2.1756176203442,-2.31894428474494
"CAATGTGGTCCTTTAA-1","male","VSMC",12.0408875806743,-3.74821561639027,-3.42038969695095,6.4689232613366
"CAATGTGGTTGTTGTC-1","male","Astrocytes",-4.19920135899242,-3.80862993066029,-1.53911493718151,-2.32439381820747
"CACAAGCGTAACGGGA-1","male","IN-CGE",-5.5665238039082,-3.30675500695424,0.115051820878941,2.89392857807091
"CACAAGCGTTTGAGCA-1","male","Astrocytes",1.46565018729511,-4.01397651498036,-1.08561256527428,-2.71908123237678
"CACAGGCTCAATGAGG-1","male","OPC",-5.92340589924511,-12.2916521436425,-12.6334982365323,4.29387038009575
"CACAGGCTCATGGCCA-1","male","Microglia",4.94944594935719,-4.11930030648427,7.05961365998264,-0.0781969521720073
"CACAGGCTCTATCGCC-1","male","Astrocytes",-2.52120686932262,-4.25984901253896,-1.08184933661942,-2.7352638934333
"CACAGGCTCTCATCAT-1","male","Microglia",11.4565179212505,11.1532283418922,6.83947320282932,3.36233299034051
"CACAGGGAGTGAGGGT-1","male","Oligodendrocytes",3.34332035617176,4.81591802771373,1.42118234932895,10.137471845321
"CACATAATCAGGAACA-1","male","IN-MGE",-12.0603554384297,3.06548780138774,6.41662211716648,-5.16894705040046
"CACATACAGAGAAGGG-1","male","Astrocytes",-0.283501400191154,-4.82887405221181,-0.981448337430996,-3.03827459556648
"CACATTAAGCGGCTGT-1","male","Astrocytes",-1.70600630207714,-4.0507249242516,-0.0722793787670551,-3.66857654792854
"CACCAACCATCGCTCC-1","male","Astrocytes",-2.52746440334972,-4.01472181145863,-0.679322540755314,-2.45723659736701
"CACCAACCATTGCGTA-1","male","Microglia",7.63887475566212,9.65043693716808,6.66318078339573,2.16657071369103
"CACCTCAGTCAATAGT-1","male","Microglia",-6.2209370271748,-4.37918132607655,-3.36012463271145,1.42397939222268
"CACCTCAGTCTTTGAC-1","male","Endothelial",-1.26313729448971,-15.337859571621,-2.77452664076809,2.92651157634667
"CACCTGTTCGCTCCAT-1","male","Endothelial",0.181925760071907,-15.1654295331688,-2.96825341879849,2.95905452030114
"CACGCAATCTAACCAA-1","male","Microglia",9.65058206157032,11.4200320833473,7.72340102494236,1.61399607913903
"CACGCTAAGAAAGCAT-1","male","Oligodendrocytes",2.97990273074451,4.79393535788341,1.20022626221653,11.0588137413781
"CACGCTAAGCAAGGTA-1","male","Astrocytes",0.17684589461628,-4.52755302254872,-1.72062985598568,-2.20757586700508
"CACTAGCCAATTTGGT-1","male","OPC",-5.53690267964062,-12.8260931379052,-12.692106291647,4.3880271221917
"CACTTAAAGAGAAGGG-1","male","IN-CGE",-3.1387984888142,14.3187366121559,0.719990924005467,-8.39576179725715
"CACTTAAAGGTGTTAC-1","male","Oligodendrocytes",6.16884778575245,0.503543674304916,0.83197911084171,11.4842106606286
"CACTTTGTCCCTGATC-1","male","Microglia",11.4998938901836,11.3265596025733,7.88014979660984,0.586911937169347
"CACTTTGTCCTAAGGT-1","male","OPC",-7.95664097233471,-9.19452327553944,-9.90202145277981,-6.63338453514167
"CACTTTGTCGACAAAG-1","male","Astrocytes",2.54414819316212,-3.10441154305653,-1.20159877836232,-2.10868222457954
"CACTTTGTCGCTAAAC-1","male","Astrocytes",2.16763590411488,-4.0507363683434,-1.92120592295651,-2.66566450340339
"CACTTTGTCGTCCTTA-1","male","Microglia",9.6401526792461,11.2637754076271,7.99034495652195,-0.106006452866282
"CAGAATCTCCCTCATA-1","male","Astrocytes",3.04462836818043,-3.65720123116689,-2.67744712531094,0.71879333811215
"CAGCAAGCATGAAGTA-1","male","IN-MGE",-11.2010138170308,0.305457531764938,8.046494439249,-5.880154440232
"CAGCATGTCACTAGGT-1","male","Microglia",10.8847062452251,10.7216821306495,8.83639807999607,0.556535592250142
"CAGCATGTCCTAAGGT-1","male","Astrocytes",-3.2885890142506,-4.03442281548695,-1.87022177874569,-2.77771575195381
"CAGCATGTCCTGATGG-1","male","IN-CGE",-10.8045914308613,10.2463374727516,3.19586177170749,-10.1342967246253
"CAGCATTAGGCTAATC-1","male","Astrocytes",2.66709469394032,-3.44279331032948,-1.95558325945858,-2.8005018923957
"CAGCCAATCAATTACG-1","male","Microglia",7.69435094432179,11.1039701097755,8.39634414017673,0.275099506549154
"CAGCCAATCCCGTTAC-1","male","OPC",-8.7193272249287,-9.2512487775536,-9.47017960249905,-5.64197952491828
"CAGCCTAAGATAGACG-1","male","Astrocytes",-3.10658885403332,-4.04627507989125,-1.39527736603741,-3.27757818443366
"CAGCCTAAGTTGGCCA-1","male","Microglia",8.44195436076466,11.8128400438575,-0.00589118897442209,-3.69576914054939
"CAGCCTAAGTTTCCTG-1","male","Microglia",11.5736682279522,10.7764726274757,7.41134352982517,0.913201356254134
"CAGCCTTTCCAATAGC-1","male","Astrocytes",-0.69237099452671,-4.46162360970693,-2.69186703860287,0.381405522994314
"CAGCTAAGTGTCCAAA-1","male","Astrocytes",-0.7144518630093,-4.30914348427968,1.51359839737888,1.96290366905144
"CAGCTAAGTGTTAAAC-1","male","OPC",-8.54720713062939,-8.28962749306874,-9.09004501997952,-5.11827881080696
"CAGCTAAGTTAGGATT-1","male","IN-MGE",-11.2104857103413,0.305245696857406,8.06675334275242,-5.97505981666633
"CAGCTAAGTTGACTTC-1","male","IN-MGE",-14.0041372911518,0.961969136550857,5.02899785340305,-5.88678772193977
"CAGCTATAGATTGAGG-1","male","Astrocytes",-3.34886027737316,-3.82741349999623,0.821403458719212,-2.91970712883064
"CAGCTATAGCATGACT-1","male","Astrocytes",-4.06983615322765,-3.92178195779042,-0.902808181936782,-2.48526723129341
"CAGGACACAGTAGGTG-1","male","Microglia",10.3175599439556,10.3752742403297,8.19813914597507,0.742466976813588
"CAGGCTATCAATTGGC-1","male","Microglia",11.0557372434551,11.5922313326149,6.68333287537571,2.08781533496789
"CAGGCTATCGCTCACT-1","male","Astrocytes",0.697684512894783,-4.06251376931386,-0.791942134494823,1.99375682132653
"CAGGCTATCTCGACCT-1","male","Microglia",10.50071500377,11.6480746858863,7.63197608292576,0.0767824556153157
"CAGGCTGGTAGTAAGA-1","male","IN-CGE",-11.6357672349995,11.4521623247413,3.59493489563938,-10.5000918601234
"CAGGGCTTCCACCTTA-1","male","Microglia",-6.91210962696728,-9.65539020364003,-8.67341284453396,-6.59302074653694
"CAGGGTGAGTCATGCG-1","male","Astrocytes",-3.42213894291576,-3.81777995888905,-1.9489148110104,-2.08851535064765
"CAGGTCCAGACAGGTA-1","male","Microglia",11.3860280378276,10.5162091844825,8.00440974534031,0.170384040049825
"CAGGTCCAGACTTATG-1","male","Astrocytes",2.27123879031483,-3.11882680718617,-2.07831148802761,-2.3797746394355
"CAGGTTAGTAGCAGCT-1","male","Astrocytes",0.87668024138752,-5.52341216866689,-1.19754131137852,-3.03113252861091
"CAGGTTAGTCAACAAT-1","male","Astrocytes",0.758287535470161,-4.23936265771108,-0.885017167772096,-2.74179155571052
"CAGTACCCACTTAGGC-1","male","Microglia",10.6582867963726,11.9492622011451,6.50154300034519,0.344130745105062
"CAGTACCCATCCTAGA-1","male","Oligodendrocytes",6.47999690608326,0.554898976638748,0.172071531419712,11.4301792885583
"CATAACGGTACCGGAT-1","male","EN",-7.15596176548656,6.94292074377818,-0.104120239610714,3.46298687713555
"CATAACGGTTGGCGTG-1","male","Oligodendrocytes",6.192479835313,0.860267936542465,0.659621313219029,11.0752627159875
"CATAAGCTCAGGGCCT-1","male","Microglia",-6.55042148991283,-10.7337765104027,1.57725854218479,-0.277869889565196
"CATAATCCAAGGGTTG-1","male","Astrocytes",-1.45839048786816,-2.16607874695973,0.657186821107823,2.45898609416894
"CATAATCCAGCCAGAA-1","male","Astrocytes",-3.09556414051708,-4.12431806390004,-1.12504325806622,-2.89832837326118
"CATAATGTCGCTAAGT-1","male","Pericytes",7.97006105021778,-13.5880684262963,-4.08639983832363,4.57565920608452
"CATAGACTCCACCCTG-1","male","Astrocytes",2.87892840937916,-3.37469142739491,-1.44495050608639,-3.11595470649787
"CATAGACTCCGGAACC-1","male","OPC",-7.32637049122509,-10.3820518857689,-8.74343065917019,-6.73934538108894
"CATAGGCGTTTATCGC-1","male","Microglia",5.71092389659229,-4.10929101769643,-12.8301315754605,4.50424640434197
"CATAGGTTCATGCCTC-1","male","Astrocytes",2.79440663890186,-3.43875640694814,-2.53784005343441,0.114886751345907
"CATAGGTTCCGTGACA-1","male","Astrocytes",-3.49015165730175,-3.89281982247548,-0.898530587549251,-3.46853954536506
"CATAGGTTCGGTTACG-1","male","IN-MGE",-14.5249779359883,1.03743797476573,4.10741896927829,-5.63636190635749
"CATAGGTTCTCCATAT-1","male","VSMC",11.9311206205303,-3.87149995629506,-3.36538247763638,6.32282798545769
"CATATCGCACCTAAGC-1","male","Astrocytes",-2.50415111942944,-3.57935041253285,1.08936293423649,-2.17122847778388
"CATCAATCAAATTGCT-1","male","IN-MGE",-12.9491598741597,1.75453635986133,4.27066989243503,-5.50296337349006
"CATCAATCATACTCCT-1","male","IN-CGE",-3.0796411172932,14.2513156526832,0.708952382211644,-8.83069069130012
"CATCAATCATCACAGC-1","male","Oligodendrocytes",6.54830192164722,1.19874215061946,-0.0671838968944966,11.2089735771935
"CATCACACATGTGGGA-1","male","Astrocytes",-3.38067890568432,-3.31575387780385,0.737445548181492,-2.73476273758003
"CATCAGCCACCTAATG-1","male","Astrocytes",0.434737430375252,-4.72874921624379,-2.23606209456448,-1.23216469032356
"CATCATGCACCTGCCT-1","male","Astrocytes",-2.03389204903301,-4.44126695458608,-1.28156913816456,-1.64335758430549
"CATCATGCATTAAACC-1","male","Oligodendrocytes",5.91218684748951,0.651255070522262,0.845073893670994,11.5824381615441
"CATCCCAGTTCCATTA-1","male","Microglia",9.67179559306446,10.4455228441505,8.37681384385105,1.04422209965399
"CATCCCAGTTGCTGGG-1","male","Oligodendrocytes",6.39802096919361,1.9219047122745,0.502367332582432,11.7562615181725
"CATCCTCAGGTAAGCA-1","male","OPC",-9.46700979633984,-8.82727760140614,-8.93403343855862,-5.76501638633796
"CATCCTGGTCCCGGAA-1","male","Microglia",10.5716054304058,11.6539254778175,7.82831855118747,1.12189265149048
"CATCCTGGTTGTCCAT-1","male","Astrocytes",2.30068706111256,-2.83550828759389,-1.08834372460369,-2.27638919097969
"CATCCTTCAGCAGGTA-1","male","Microglia",8.77484582499805,11.5951991670875,1.09619386494632,2.22998492973259
"CATCCTTCATGCATAT-1","male","Oligodendrocytes",3.21980284289661,4.77511101897044,1.08496876061435,11.8706690575402
"CATCGCTTCCCTGGAA-1","male","Astrocytes",1.44503222541157,-2.7570351964684,-0.368384376163524,-3.13310463172981
"CATCGCTTCGAAGCGG-1","male","IN-CGE",-3.11923052235302,14.2596841448097,0.719455912713963,-8.40357429725715
"CATCGCTTCGGTTTCC-1","male","OPC",-5.46850563450512,-12.9526743299218,-12.551876112814,4.23285453575066
"CATCGCTTCTGGCAAT-1","male","Oligodendrocytes",6.1189010007793,1.51170913811011,0.906223967676121,11.5001026894372
"CATGAGGCAATAGCCC-1","male","Oligodendrocytes",4.58102248744312,4.22642403776927,1.1644873172092,10.4256436135095
"CATGAGGCAATCCCTT-1","male","Microglia",11.3521230085308,10.8283706301002,8.31073088944431,0.786213880352292
"CATGAGGCAGAAATTG-1","male","Microglia",8.5513026578838,11.7775922411232,8.40545077622409,1.23385416524819
"CATGCAAGTAAGCTCA-1","male","Microglia",9.68439267710987,11.113315164402,8.17042727768894,1.10648501472882
"CATGCAAGTCAGGAAG-1","male","Microglia",6.83780883387867,10.19457489188,8.30817599595066,-0.23885924560615
"CATGCAAGTCTTTATG-1","male","OPC",-8.25302387638744,-8.6874060041161,-10.6612015217495,-5.43709737999031
"CATGCAAGTTTAGCGA-1","male","Astrocytes",1.68437360362354,-2.86034673516469,-0.405692353839916,-3.08258850318977
"CATGCATAGACACCGC-1","male","IN-MGE",-11.6241171495503,2.47067028219981,6.73302312195774,-5.6717975829322
"CATGCGCAGCACAGAA-1","male","Astrocytes",-11.4586498872822,1.0590915077476,0.0451849848079265,-3.67806036216804
"CATGCGCAGCACTAGT-1","male","Microglia",9.77398561076466,11.0124526613502,7.71720500290867,1.76970612066201
"CATGCGCAGGAACGGT-1","male","Microglia",11.3694436414653,10.2714210146217,6.72079892457004,2.05432610767296
"CATGCGCAGGCGGGTA-1","male","EN",-7.30032135410961,7.08635097677989,1.90368075669284,-8.82469780189582
"CATGCGGGTTGTGATG-1","male","OPC",-7.15502287312206,-6.10581821267323,-9.59066872298245,-6.82471210701057
"CATGCGGGTTTACTTG-1","male","Microglia",8.06113599376026,11.131059228733,-0.31168054043774,3.29381554382256
"CATGGATTCACCAATA-1","male","IN-CGE",-10.8906948701924,10.0606256120948,3.23049111664768,-9.40102894050666
"CATGGATTCAGAAACG-1","male","Astrocytes",2.66132711009327,-3.43049758736806,-0.560401186342281,-3.8736232016761
"CATGGCGGTGCAATGC-1","male","Astrocytes",2.45094536380116,-4.25135988061147,-2.5832275599194,0.51520877139977
"CATTATCTCGAAGTGA-1","male","Astrocytes",2.35688613490406,-2.72737401787953,-0.82293790392105,-2.02828104240486
"CATTATCTCGAGGAGT-1","male","Oligodendrocytes",5.39228700236622,3.35448950465007,0.850160792474705,11.0677134300988
"CATTATCTCTTGGACG-1","male","Astrocytes",-0.821007056671944,-4.58965772454457,-0.0839651077938496,2.36151724117211
"CATTATGAGACAGGCG-1","male","Microglia",10.4398114545757,11.4374709718971,8.41074366868015,0.594237020186696
"CATTATGAGTAGAGGC-1","male","Astrocytes",-3.70902015133556,-2.36496990983205,0.941824391488987,-2.91880900604316
"CATTATGAGTGAACGA-1","male","OPC",-9.4797728197163,-8.63201278512196,-10.1464014500332,-5.83868057472297
"CATTCATTCATGACCG-1","male","IN-MGE",-11.431037201125,1.9149082296638,6.76173014939304,-5.26910192710945
"CATTCATTCGCCTGTT-1","male","OPC",-6.26921011372265,-4.95980399911122,-10.0454826801968,-6.55171329719612
"CATTGCGAGCATTATG-1","male","Microglia",10.4562861783916,11.6535649889259,7.99006743729587,1.04292675661257
"CATTGCGAGGATAAAC-1","male","Microglia",11.8970754011089,11.4899592989234,6.78639741242405,3.36951415794304
"CATTGTAAGCTGGACC-1","male","Microglia",10.0125024183208,10.8067775362281,8.07803340256687,0.485552212170873
"CATTGTGCAGCAAATA-1","male","OPC",-8.54252554341015,-8.60052532021718,-8.93171028792385,-6.26498157722541
"CATTTGTTCATCCTGC-1","male","Microglia",8.39979528025929,11.5867353075294,-0.557644799346965,3.44030564086846
"CATTTGTTCCTTCTAG-1","male","Oligodendrocytes",5.56156657771412,1.74994468624873,-0.392909035081905,11.2059761788171
"CATTTGTTCGGTTCCT-1","male","Microglia",11.1994645460064,10.6331334703712,7.34205050766941,1.41390504496506
"CCAAACTAGCGAGCGA-1","male","Microglia",10.3654887540752,12.226970254734,7.92324347794529,0.29566668527535
"CCAAACTAGGGTGGAT-1","male","Endothelial",-0.26033507152256,-15.7286905652733,-1.43425188958172,3.39291231887749
"CCAACATAGCTCGCTT-1","male","Microglia",-5.55454422398266,-4.08727639977651,-3.40669707953457,1.65816735284737
"CCAACATAGCTGTAAC-1","male","OPC",-6.85548330708202,-5.74860519234853,-9.73898606001858,-6.79061586601325
"CCAACATAGGTACCGC-1","male","Astrocytes",2.59460590915028,-2.76165384118276,-1.32749201356892,-2.67697555763313
"CCAACCCGTGGACCTG-1","male","IN-MGE",-14.4933760301655,1.18175092275424,4.10464139283176,-5.40675241691658
"CCAACCCGTTACAACG-1","male","IN-MGE",-11.293772949416,0.0193560713080896,8.12057776749607,-6.05607588035652
"CCAACCCGTTTACTTG-1","male","Microglia",11.3391368253643,11.2219386690406,8.44894500077243,-0.0940945838172099
"CCAACCCGTTTCCTCC-1","male","Microglia",11.4073951108867,12.0687032335548,8.32857985795017,0.233965864352498
"CCAAGGCTCGTCAAGT-1","male","Microglia",8.53547071055714,11.5521503084449,1.86999078095432,2.40777879016808
"CCAATATCAGCGCTTG-1","male","Astrocytes",1.91704319552723,-4.56779712502675,-2.75831107794766,0.599390825204168
"CCAATATCAGGCCTTG-1","male","OPC",-8.0595634119099,-9.53056186501698,-9.67667774855618,-5.59378750068733
"CCACAATAGACAACGA-1","male","Astrocytes",1.7915050847942,-3.86828130547719,-1.94107489287381,-2.31058652145454
"CCACAATAGCTGTCAG-1","male","Astrocytes",0.318254814904366,-2.59201997582631,-2.26880197226529,0.589147647790227
"CCACAATAGGCTTAAC-1","male","Oligodendrocytes",4.13601277903858,4.54399210150523,0.875605061655003,11.2317349221032
"CCACAATAGTTTCCGC-1","male","Astrocytes",-4.01278211041149,-3.04285901848988,2.02051158249851,-1.94279653770515
"CCACACAAGCGCTAAT-1","male","Microglia",11.8145692212993,11.7343822115211,0.822406843309361,12.1237122322839
"CCACACAAGGCATTAC-1","male","Astrocytes",0.847788320344124,-5.328844488308,-1.99477307497982,-1.80496890289375
"CCACACAAGGTCCACA-1","male","Microglia",10.1236646039898,11.4809918993263,7.895784333353,0.600757529906545
"CCACAGGGTTAGCATG-1","male","EN",-5.17765213413891,-2.92010015313344,1.33216758072849,2.92872588890008
"CCACTTGGTAACCAGC-1","male","IN-MGE",-12.8095648424214,2.26622098620219,6.07093997300144,-5.50470621330329
"CCACTTGGTTGTAAAC-1","male","Microglia",11.5861718519146,11.308097421482,7.66875644028659,1.27579765575341
"CCAGACTCACCTAAGC-1","male","Astrocytes",1.09231303767506,-5.47551196877675,-0.333825752134365,-2.77709705574104
"CCAGCTAAGCTTGCTC-1","male","OPC",-6.74004246159252,-5.59750503365712,-10.4000339955044,-6.2954171393592
"CCAGCTAAGGAGCACG-1","male","IN-MGE",-14.3959286348408,1.34199009771629,4.41569991410251,-5.49919159156867
"CCAGCTAAGGATGATG-1","male","IN-CGE",-9.49583174153027,10.0738740556983,2.25481124222751,-9.02980453712532
"CCAGCTAAGGGTGAAC-1","male","OPC",-5.97438742085155,-4.73625224892812,-10.6870966404629,-6.3102195952613
"CCAGCTGCATACCCGG-1","male","Microglia",9.2654139860088,11.5562358492164,6.71000571549411,1.92019878881386
"CCAGCTGCATAGACCC-1","male","OPC",-5.1531503336018,-13.2909941083642,-12.8187809437466,4.38064806716851
"CCAGGAACAAATACCT-1","male","Astrocytes",3.05073617533985,-4.00582116906361,-0.676503971214336,2.26830404060296
"CCAGGAACAAGGGTTG-1","male","Microglia",-11.031451477248,10.4594979875831,0.272019222383458,2.00437741535119
"CCAGGAACAGGTCCTG-1","male","Microglia",-8.43328310414013,-9.65969508950429,-8.2489738911343,-6.20317680580207
"CCAGGATGTAACCAGC-1","male","Astrocytes",1.22140966491047,-4.22016137902455,-1.37795506417279,-1.98316628677436
"CCATAAATCATAATCG-1","male","Endothelial",-0.112301750618782,-14.8027738935204,-2.75438503920559,3.52039377944878
"CCATAAATCCCAGTAG-1","male","Oligodendrocytes",3.46663163737598,4.78523904021068,0.724269226198155,10.9928185250085
"CCATAAATCCTAGTTT-1","male","Astrocytes",-4.13973952694591,-3.85088962380605,-1.12120039760594,-2.78847462875434
"CCATATTTCCAACTGG-1","male","Microglia",9.12664578990284,11.5918985002784,7.35461802781101,1.73955225007943
"CCATCACTCAGGTCCA-1","male","IN-CGE",-2.96848894520458,14.237486421421,0.580309346322972,-8.43304760200569
"CCATCACTCATGCTAA-1","male","Astrocytes",2.06982372836414,-4.47804826562123,-1.5295069068623,-1.17768580658027
"CCATCACTCTAAGGTC-1","male","Microglia",10.7787778242046,10.6752973192482,6.71037288010593,2.11612396495751
"CCATCATGTAAGCTTG-1","male","Astrocytes",0.740100966256294,-4.16768878762441,-0.243023023004573,2.4934388901513
"CCATCATGTGCGCGTA-1","male","Astrocytes",2.24481652812305,-3.33489698235707,-1.36737351119046,-2.39958626968452
"CCATCATGTTTACGTC-1","male","Astrocytes",2.5561261041576,-4.14636224572377,-1.17778377234463,-3.21043808204719
"CCATTATTCAGCACCA-1","male","IN-MGE",-9.51430059834179,11.9807868593483,1.09942670166965,-9.7664864752967
"CCATTGTGTCAAAGGG-1","male","OPC",-8.1348774568623,-9.27636760537343,-9.11849884688382,-5.55157644493171
"CCATTGTGTTAAGTGT-1","male","Astrocytes",-0.93037901683506,-4.27971118752675,0.474457576875645,2.73324136989525
"CCCAAACCATCTTGAG-1","male","Microglia",-6.28472877903637,-5.04370111291127,-7.93991141020779,-6.29679853660652
"CCCAAATAGTTTGGGT-1","male","IN-CGE",-10.9079430238789,10.6310239427833,3.38959927857395,-10.2173751090247
"CCCAACCGTTAAATGC-1","male","Endothelial",-0.168015404183235,-15.5541986829491,-2.90244965254788,4.01378076332024
"CCCAACCGTTTATTCG-1","male","Astrocytes",-3.20279933376965,-3.80887931649403,0.207318261270481,1.01485679107121
"CCCAATTGTTCGGTAA-1","male","Pericytes",8.18576501445118,-12.3641580945702,-4.29793362318997,4.73840015190056
"CCCAGCACAAGCTTAT-1","male","Astrocytes",-3.48093558712658,-3.61467641656117,0.232505992059666,-2.4571967814643
"CCCAGCACAGCTCATA-1","male","Microglia",11.0891835554058,11.4830289476661,7.87509341538425,0.943409252859268
"CCCAGCACATTGTGCA-1","male","Oligodendrocytes",5.86688684062305,0.750841616943313,0.492984727029759,11.9631354119103
"CCCAGTTTCAAACTCA-1","male","Microglia",11.6907641752178,10.4396205538063,8.04532141983982,0.309568813018117
"CCCAGTTTCAAGTGTC-1","male","Oligodendrocytes",4.25362752513233,4.63362246687694,0.770965889100987,11.2138840462487
"CCCAGTTTCAGGAACA-1","male","Oligodendrocytes",-8.87440039082226,-9.81310409371571,1.65076108277317,9.77357166068963
"CCCAGTTTCGAAGTAG-1","male","OPC",-8.88151575489696,-8.56554263894276,-10.2424841374112,-5.72175724250862
"CCCATAACAGAGGGAG-1","male","IN-CGE",-10.9597427980488,10.6437430971412,3.12437196076389,-9.49766762001106
"CCCGCAACATTGTGCA-1","male","Endothelial",-1.57411505146679,-15.2684797651024,-2.8649635761929,2.69211702602318
"CCCGCTTCACAGACTC-1","male","IN-CGE",-10.8706209795063,11.1233020418434,3.19784398377414,-9.78819019538948
"CCCGCTTCATGCAACC-1","male","Astrocytes",1.15049146251026,-4.4049524671288,-1.38769666850094,-2.12998277885505
"CCCGTAAAGTAAGAAC-1","male","EN",-6.41025616093334,6.80853325064464,1.33511705697055,2.71600668685845
"CCCGTAAAGTAATCCA-1","male","IN-MGE",-5.99713636799511,-3.07510560815053,0.604398086671788,2.64846151130608
"CCCGTAAAGTACTGGT-1","male","Astrocytes",-0.235598965126839,-4.80634778802113,1.55427522957798,1.9407192971032
"CCCGTTGTCTCACTCA-1","male","OPC",-8.49234701557812,-9.78732246224599,-9.22379498183255,-6.68189651710578
"CCCTAATGTGATGAAA-1","male","Microglia",8.55235360698048,11.7089801424293,7.63125510514255,0.583659848145757
"CCCTAATGTTTGTCTA-1","male","Astrocytes",-6.78756023808178,-5.63469737832265,-2.9725234955502,1.43716122763566
"CCCTCACCACAGGGAC-1","male","Astrocytes",2.64029334620777,-3.12249797646718,-0.607767403121036,-3.41947395546028
"CCCTCACCACCCTCAC-1","male","Oligodendrocytes",3.51529239253346,4.65776234801097,0.678042724733311,11.7867609764855
"CCCTCAGTCTTAAGTG-1","male","Microglia",-6.95673824711498,-5.80166429345326,-3.32001285254483,1.47146146552971
"CCCTCATAGAATCGCT-1","male","OPC",-6.29331995411571,-5.05172962014394,-10.1908140629483,-6.6334470008094
"CCCTCATAGGCTAATC-1","male","Oligodendrocytes",6.24660085276905,0.34448236162944,1.39200945199009,10.2388140465539
"CCCTCATAGGGCTTAT-1","male","OPC",-4.81447960301098,-13.1835760480614,-12.7992468327237,4.4038802887719
"CCCTCATAGTAACGAG-1","male","Oligodendrocytes",3.54519294337574,4.54303747351451,0.366642311220127,10.8796631600182
"CCCTCATAGTGCTGTG-1","male","IN-MGE",-13.7525332109517,1.60048796172423,4.58187241852756,-5.43482525093147
"CCCTGTTAGAGCCGGA-1","male","IN-MGE",-13.9698469774311,1.73075389797969,4.63993735611911,-5.44278843147346
"CCCTTAATCAGCAAGA-1","male","Astrocytes",2.33469532565418,-4.42380708520131,-1.93762068449978,-2.37829787475654
"CCCTTAATCTCACAAA-1","male","Astrocytes",1.63985537127796,-2.54180663888173,-0.794301945711416,-2.76543528778144
"CCGACAGGTAAATTGC-1","male","Microglia",10.7736031873638,11.4282575243263,7.3266343623447,0.761774307064328
"CCGCAAATCACCTGCT-1","male","OPC",-4.82908798618969,-13.1009582883568,-12.7704792469693,4.41172235267571
"CCGCAAGGTCACACCC-1","male","Microglia",11.1845815046245,10.5547090166358,8.84004206955906,0.505179187230382
"CCGCAAGGTTCATTTG-1","male","Microglia",10.982633338731,10.9106832140235,8.30510516465183,1.14755066292695
"CCGCAAGGTTGCACGG-1","male","IN-CGE",-10.6536162035054,10.0237193697242,3.22361893952366,-9.79275924903938
"CCGCACACATGTTGCA-1","male","Astrocytes",-1.97200442715343,-4.21965402428822,-1.5200356095982,-2.47486407501289
"CCGCCAACATATTGAC-1","male","IN-MGE",-11.3628943101948,0.274852334812118,8.26997561753269,-6.03405601722785
"CCGCTAAAGCTTGCTC-1","male","Endothelial",-0.343382193285789,-15.6867079145165,-2.07977204024319,2.77803926723412
"CCGCTAAAGGAGCACG-1","male","IN-CGE",-9.51445509358105,9.96489864523692,1.55693383515354,-9.30230457527229
"CCGCTAAAGTCATTGA-1","male","EN",-4.98193575306591,5.87423998053355,-3.80663232504849,-6.70309812767097
"CCGCTAGCAGCTCATA-1","male","Astrocytes",-3.63499976559338,-3.80348104302602,-0.996440842742962,-2.85945565445014
"CCGCTTAGTAAAGCAA-1","male","IN-CGE",-11.6395180360859,11.6198621385841,3.34331078827854,-10.4209283087928
"CCGCTTAGTCATCAAG-1","male","Astrocytes",1.94596861438099,-4.26357072655873,0.87814553082462,0.473835280112539
"CCGCTTAGTCATGAGC-1","male","Microglia",8.1330258710796,10.6931901567726,8.61830134690281,0.808272203377996
"CCGCTTAGTTAATGCG-1","male","Microglia",8.6845748289043,10.8934779756813,7.81333823502536,0.690599402360235
"CCGGTTAAGACTCGCA-1","male","Microglia",9.73755620555225,11.914415895298,8.20144648850437,1.55756514327935
"CCGGTTAAGATAAAGC-1","male","Astrocytes",2.42868207530323,-3.30361026589589,-1.66761384903912,-2.49902374488899
"CCGGTTAAGGTAAGCA-1","male","Microglia",11.1318051679546,11.0991979234962,7.79653830826755,-0.154882380791392
"CCGTTAACAATATACC-1","male","EN",-6.45195986195263,6.85439020331187,-0.070106312627834,3.27805392997674
"CCGTTAACAGATAGAC-1","male","OPC",-6.98886085911449,-5.8830961591454,-10.4458475559903,-6.25690633995124
"CCGTTACTCACTCGCT-1","male","Astrocytes",-1.32033778591808,-3.99927705590444,-2.18856088816647,-0.926740357704844
"CCGTTACTCGACCTGA-1","male","OPC",-7.74926687641796,-6.93653243844228,-9.47215180098538,-5.66888696891853
"CCGTTACTCGCCTGTT-1","male","Astrocytes",2.7560670240337,-3.62488645379262,-1.45138899981503,-2.36624104721137
"CCGTTGCGTCTATCGT-1","male","Oligodendrocytes",4.22850440577808,4.50570732291026,0.0282713919925274,11.179557492904
"CCGTTGCGTGAGCACT-1","male","OPC",-8.65539766712841,-8.96992152993398,-8.69414763152127,-4.84018165809699
"CCGTTGCGTGTAACCA-1","male","IN-MGE",-14.0859863893574,1.7799706154613,4.78746743500705,-5.71169216377326
"CCGTTTGGTTATCCGT-1","male","Microglia",9.77187036113087,11.2342229479103,8.26901336014743,0.357298424414907
"CCTAAAGGTTACTTGC-1","male","Oligodendrocytes",6.52838920192066,2.04413932497783,0.993650034074742,11.5507704521935
"CCTAAATCAAATTGCT-1","male","Microglia",-5.89014793797192,-4.49035781686025,-3.33196668326382,1.57692312257699
"CCTAAATCAGGAATCG-1","male","Astrocytes",0.209146664899025,-5.07578557793813,-0.770600192244094,-2.20058734161445
"CCTAAGCCAAGGTCCT-1","male","Microglia",10.3732344968731,11.0117250078468,8.04604525864597,0.998572034708772
"CCTAAGCCATGTCGCG-1","male","Microglia",8.38986943797413,11.5768199556617,8.71915049851413,0.0184870864670613
"CCTAAGTAGGAACACA-1","male","OPC",-8.35574652119335,-7.75131362740712,-10.4484281986905,-5.91660530311653
"CCTAAGTAGTGAGGGT-1","male","OPC",-5.47666384144482,-12.953883588955,-12.6806898564053,4.33923571365288
"CCTAAGTAGTTATTCC-1","male","Oligodendrocytes",3.60423492030445,4.82569795782848,1.08088047802921,11.3611561562341
"CCTAATAAGCCTAATA-1","male","Microglia",7.73236058787647,11.4116483324317,5.46970792115207,0.543558141164098
"CCTAATAAGGCCTAAT-1","male","IN-MGE",-11.2095358507222,0.631561755493118,7.83933253586765,-5.82122499687263
"CCTAATCGTACCGTAA-1","male","Astrocytes",2.19765900210682,-3.2332372075768,-2.2676107138348,0.527218958310399
"CCTAATCGTAGCTGGT-1","male","Astrocytes",-1.32341261072811,-4.39174360100942,-0.103842303152126,1.98667924659661
"CCTAATCGTCATAAGT-1","male","Microglia",9.80636762217823,10.7151780718116,2.19331665337558,-1.78142220718452
"CCTAATCGTGAGGTAG-1","male","OPC",-8.29247070713695,-7.85392326180653,-9.43662266432766,-5.07929689628669
"CCTACTGGTAAAGCAA-1","male","Microglia",-5.87209249897655,-4.58354944054799,-3.39223556220059,1.47841989057473
"CCTACTGGTAACGAGG-1","male","Astrocytes",-2.85305692120251,-4.10967868630605,-0.872325567523879,-2.53929264289924
"CCTACTGGTTATCCTA-1","male","Astrocytes",1.99930690364185,-3.5584792501183,-2.4862592667294,0.150721063784871
"CCTACTGGTTGGTTCT-1","male","OPC",-8.53794027729687,-8.99603885476308,1.0579074174213,0.909669363818679
"CCTACTGGTTGTGATG-1","male","Microglia",2.23586343364063,4.8552363508491,0.83840353787418,11.7122246529382
"CCTAGTTGTGTTGTAG-1","male","Pericytes",8.16553376750294,-12.3819460279198,-2.95024876296048,4.79731171386651
"CCTAGTTGTTCCTCCT-1","male","Astrocytes",-3.64429141445812,-3.52644723717885,-0.302475020284694,-2.46273596031257
"CCTATAGCATCAGCAC-1","male","OPC",-9.62935377522167,-8.92019218270497,-9.70265774428372,-6.66470844490119
"CCTATAGCATCGCTTT-1","male","Pericytes",7.57023404673878,-10.869821012661,-2.98590736090664,5.08675258415154
"CCTATATTCAAGTGAG-1","male","Astrocytes",2.50755594806019,-3.447900713131,-2.01417414843563,-1.95535332901069
"CCTATATTCACCTGCT-1","male","OPC",-9.08955313130077,-9.04066890542226,-10.8419113606167,-6.14367325050422
"CCTATATTCCTTCGTA-1","male","Astrocytes",-3.94224573536571,-3.90461391274648,-1.27236871420864,-2.41421062690803
"CCTATATTCTCAATTC-1","male","Endothelial",-0.0602600411957168,-14.4397644407006,-0.981897786254924,3.67469756858758
"CCTATATTCTTACTCG-1","male","Microglia",10.5085999830181,10.5807986849098,7.62347407639499,1.67131029622963
"CCTATTGTCAACCAAC-1","male","OPC",-8.47990156574902,-9.22103446786122,-9.94318680464749,-6.54360277397224
"CCTATTGTCGAAGTGA-1","male","Oligodendrocytes",6.25590489939991,1.11120629246516,0.443270280961949,11.5339600350182
"CCTATTTAGAGGATAT-1","male","Microglia",10.6982982023174,10.7192159288673,8.39510150254245,0.660529902152334
"CCTCAAACACCGGTAT-1","male","EN",-7.32269503040966,6.54476219351573,-2.28225652873043,-5.46826631767341
"CCTCAATGTACCAGGT-1","male","Microglia",8.56728719310108,11.4513669603614,8.95534797013279,1.09669785755089
"CCTCAGTTCCACAATA-1","male","Astrocytes",2.16226147250477,-2.81904834572987,-2.64495794474606,0.678873619012151
"CCTCAGTTCCCTCAGT-1","male","Astrocytes",-2.30302657051739,-4.00403398339467,-2.09929661452298,-2.15244538528511
"CCTCAGTTCGGGATTT-1","male","Microglia",10.9573943479473,11.0035720461158,8.37706275284763,0.501174500159536
"CCTCAGTTCGTTACTT-1","male","Endothelial",-0.833003385502663,-15.3744215375634,-2.26858834921841,2.88443284290246
"CCTCAGTTCGTTAGTA-1","male","OPC",-5.23442007466015,-13.1026758558007,-12.5614109486294,4.18748228805474
"CCTCCTGAGGATAAAC-1","male","Astrocytes",-4.11738587780651,-3.73163122002797,-0.262189373369259,-2.90391833526679
"CCTGAATAGTGCTGTG-1","male","Astrocytes",0.444466875355873,-4.1626862889977,0.190203621988255,2.13811939018181
"CCTGAGTCAATATGGA-1","male","IN-CGE",-11.5591309206074,8.9113841646461,3.22856898606296,-8.59312565071174
"CCTGAGTCAGCATGTC-1","male","Microglia",-5.9042923585957,-4.46171134774403,-3.11373309790615,1.9082817341607
"CCTGAGTCATGAGTTT-1","male","Microglia",7.05456327037159,10.7145867937355,7.74496550858493,0.940380817226682
"CCTGAGTCATGTTGTG-1","male","Microglia",11.1443822248394,10.9096952074317,8.15765567124363,0.687086960248266
"CCTGATGAGTCGCAAT-1","male","Microglia",9.93577359752003,11.1808934801368,6.24593253434177,2.3278167750161
"CCTGATGAGTCTGGGC-1","male","OPC",-6.16395450993237,-11.9799084073754,-12.4360790699673,4.129864385299
"CCTGCTCCAGCATGTC-1","male","Microglia",8.70499967173878,11.7847896211891,8.08725257218357,-0.6273639891822
"CCTGCTCCAGGCATGA-1","male","Astrocytes",0.515362249177132,-3.31113332574086,-0.837899297471088,-2.46917779190132
"CCTGGATCACTAAGAA-1","male","Astrocytes",0.615894780915413,-4.69255489175038,-1.24008060991291,-3.03599769813606
"CCTGGATCAGTACCGT-1","male","Microglia",9.95511888102833,11.6896443956642,7.4606618434238,1.02057719784192
"CCTGGATCATAATGAG-1","male","Oligodendrocytes",6.53119443492237,2.15338665182872,0.909680202608067,11.9549776818078
"CCTGGATCATGTTGCA-1","male","IN-MGE",-14.435166610915,1.19518774683757,4.16273446381565,-5.5716565345008
"CCTGGTAAGCTAAAGG-1","male","Endothelial",-0.216216458517876,-14.3528704053612,-2.91155986487393,2.37224893825463
"CCTGGTAAGGCTAGAA-1","male","Astrocytes",-1.20751787586864,-4.19125312630849,-0.725944384927791,-1.58099586708137
"CCTGTAACAGGGAGGA-1","male","Astrocytes",2.54756735400501,-2.88751834695058,-0.699591144914669,-0.798809597321238
"CCTGTAACAGTAAAGC-1","male","Microglia",11.5115334852153,10.8021369570045,9.01405806839939,1.37780868070534
"CCTGTATGTTAGAGGG-1","male","OPC",-7.7923252718037,-8.78425830666737,-8.59493784605984,-6.76729709846565
"CCTTAACGTAACGTGC-1","male","Oligodendrocytes",5.54190467433277,1.19318759377284,-0.257241770620388,-4.02315647346565
"CCTTAACGTGACATAT-1","male","IN-MGE",-11.5841953889912,0.272666036441757,8.07227702439304,-6.04655773384162
"CCTTACTCAAACGGGC-1","male","Microglia",-6.07152820988354,-4.77581971947865,-3.23827914893154,1.57117949979714
"CCTTACTCAAAGCTCC-1","male","Oligodendrocytes",3.50606320933643,4.86644512350841,1.10498066246982,11.2676655556481
"CCTTACTCAAGGTAAC-1","male","Oligodendrocytes",3.5485417707378,4.69392710860057,1.06783659756656,11.192873647384
"CCTTACTCAATCATGT-1","male","IN-MGE",-11.948090805251,2.52596121962352,6.52647204697605,-4.83441622001716
"CCTTAGTGTCAATGTG-1","male","Astrocytes",-0.861535771328773,-4.51077884499745,-1.67520914971356,-1.62994606239387
"CCTTAGTGTTGGATAT-1","male","OPC",-9.11464048786816,-8.50265353982167,-9.32108025252346,-5.91506464225837
"CCTTAGTGTTTCCGGC-1","male","Astrocytes",2.32242153720203,-3.24130052392201,-0.790149528528494,-1.88903982383796
"CCTTATGTCATTGCAA-1","male","OPC",-9.35651899738964,-8.30419868294911,-9.55634598433499,-6.73554832679817
"CCTTCAATCCCGAAGC-1","male","Oligodendrocytes",6.29741262034718,0.607101320579482,1.17619986832615,11.3821779991906
"CCTTCAATCCCGTTAC-1","male","Pericytes",7.62604878978077,-13.2405466443749,-3.38002519309048,4.38131110923699
"CCTTCAATCCTCGATC-1","male","Microglia",11.0466182096416,10.0452447527198,8.65575022995945,0.807998930982862
"CCTTCAATCGATTCTT-1","male","Astrocytes",2.75274108485523,-3.53409665887074,-0.684973031277698,-0.381186792679515
"CCTTCAGGTTTACTTG-1","male","Astrocytes",-1.47859872742352,-4.44849914376454,-2.16720287501339,-1.23206765396186
"CCTTCGGTCATGGCTG-1","male","Microglia",9.13675855235401,12.4094920748024,6.98808570206638,1.8963923360627
"CCTTGTTCATGGCCCA-1","male","OPC",-7.86759210987743,-9.09245628182607,-9.09235481917385,-6.35119564277717
"CCTTGTTCATTTGCTC-1","male","IN-CGE",-11.4593107835835,11.4110141390113,3.45780368149753,-10.5655835364539
"CCTTTAGTCATGCTTT-1","male","Astrocytes",2.69924973086659,-3.34414953057485,-0.276658281679195,-3.20956833107063
"CCTTTAGTCATGGCCA-1","male","Astrocytes",2.94616888598743,-3.53781789605336,-1.70484595000271,-1.30581314308235
"CGAACCGGTGGAGCAA-1","male","OPC",-5.83554197712597,-4.60182040993886,-9.50253205000882,-6.25804598075935
"CGAACCGGTGTCCTGC-1","male","Astrocytes",-0.628053768116798,-4.55909580056386,-1.52767460047726,-2.57042057258674
"CGAACCGGTTGAGGTC-1","male","IN-MGE",-11.8946592943257,2.98921042616649,6.20053286850925,-4.8457101081092
"CGAAGAATCGATTATG-1","male","OPC",-9.21351553364452,-8.66834586922841,-9.40245918929104,-6.6574629042823
"CGAAGCCTCCTGGCTT-1","male","Microglia",11.242718444627,11.8554578417091,6.96806760132785,3.28810827987603
"CGAAGCCTCGTTATAG-1","male","Astrocytes",2.06050704554859,-3.69707769219594,-2.18408541380886,-1.9467216227729
"CGAAGCGAGGCTACTG-1","male","Microglia",6.63353990153614,10.0448575609474,0.897759631280857,3.53589623229912
"CGAAGCGAGGGCCATC-1","male","Astrocytes",1.08439491824451,-3.87592119042592,-0.771418042476219,-2.76172311050483
"CGAAGCGAGTCAGTAC-1","male","Microglia",9.05236409739796,10.9169555300025,8.5569057017612,0.492867669038091
"CGAAGCGAGTGTTGCG-1","male","IN-MGE",-11.271685852248,0.260839044406844,8.22711177170749,-6.00106889946052
"CGAAGGCCACAACAAA-1","male","Microglia",11.0080849988872,10.2673745744972,0.972481086854893,3.41370504157952
"CGAATATGTAAGCTCA-1","male","Astrocytes",-0.7337699220961,-4.55294793908315,-1.9778124540997,-1.9318176005561
"CGAATATGTTAGGCGT-1","male","OPC",-8.19828010960278,-9.31609863106923,-9.59229283034329,-5.88936025840827
"CGAATATGTTAGTTGG-1","male","Microglia",10.5542847974712,9.92797237570567,7.77929206192966,0.122331669501577
"CGAATCTAGAGGCTAA-1","male","Astrocytes",-3.46368814869579,-4.10097163979726,-1.97627441584591,-2.44291145546028
"CGACCTGCACAACAAA-1","male","Astrocytes",-4.37385727329906,-3.52264446084218,0.610584571962315,-2.79268724662849
"CGACCTGCATTTGCTC-1","male","IN-MGE",-11.1859696046894,2.14762431319041,6.89904637635227,-5.54074890358039
"CGACTAAGTACCAGGT-1","male","Astrocytes",-0.878864540297356,-4.5713776952477,-1.49695400893216,-2.76358492118904
"CGACTAAGTCATCCTG-1","male","Microglia",7.23454450206104,10.2927938097267,1.03032143414493,3.05976360099724
"CGACTAAGTGGTTCCC-1","male","Astrocytes",-4.49134422703442,-3.28320115868764,1.12663443387027,11.6965338494103
"CGACTAAGTTCTTTAG-1","male","IN-CGE",-12.0489580766743,8.89798313315196,3.29931159317966,-8.38179809791633
"CGAGCGAAGCGCTCAA-1","male","Microglia",7.05290101603809,10.4089627855567,1.37814278901096,2.0317962672036
"CGAGCGAAGGTCCTGA-1","male","Microglia",8.86477540568653,11.8710036867408,0.341659262781102,-3.93862373573371
"CGAGCTGGTCTAACCT-1","male","IN-MGE",-17.896423591811,4.52900415594859,4.91066022217746,-5.89664489967414
"CGAGCTGGTGCTCCAC-1","male","Astrocytes",0.96448050574604,-3.83459228341298,1.12955005467411,0.836490919760976
"CGAGCTGGTTCAAGAT-1","male","Astrocytes",-14.2075045244282,1.29627707536502,-0.0459686368656574,-4.18261463386604
"CGAGCTGGTTCGCGCT-1","male","OPC",-8.11588074131664,-9.14469760720448,-9.36500267683987,-5.87708170158454
"CGAGGAAGTAAGCTCA-1","male","OPC",-5.06891800327953,-13.1201938993187,-12.8217983692837,4.44573848503045
"CGAGGAAGTTGCTGGG-1","male","OPC",-7.99805571003612,-8.22181457345204,-9.55970482527737,-6.39591247779914
"CGAGGAAGTTTGCAGA-1","male","OPC",-7.77279926701244,-9.05586856667714,-9.67356686293606,-6.13089210731574
"CGAGGCAAGGCCTGGT-1","male","Astrocytes",1.85590957240406,-4.32858127419667,-0.624264106149715,-1.7617748473365
"CGAGGCAAGGGCTTTG-1","male","Microglia",9.55839990214649,11.10277801688,8.02446551621433,1.49617373006753
"CGAGGCAAGTAACGAG-1","male","Endothelial",-1.39191432161983,-15.3475851422997,6.53176350892063,0.337841322593007
"CGAGGTGAGGACAACA-1","male","Astrocytes",2.00867460803333,-3.36111253564076,-0.333395108575863,-2.96815092308113
"CGAGTCGGTACCCACC-1","male","IN-CGE",-11.3551342622822,0.103885351970626,8.24761958420749,-6.08667928916999
"CGAGTCGGTCAGGCAT-1","male","OPC",-7.84711719914135,-9.37865203683095,-9.0893698185635,-6.30251342994758
"CGAGTCGGTGGACCTG-1","male","Microglia",10.0417134626323,10.9393535249977,8.35238452256199,1.21021146135739
"CGATATTCAAAGCTCC-1","male","Microglia",11.6783072812969,10.8548484438209,7.95923419297214,0.0837339069168904
"CGATATTCAGAAACGT-1","male","Astrocytes",1.83711360530201,-2.64208358590321,-1.22242055832867,-2.8830545638282
"CGATATTCAGCTAACC-1","male","Astrocytes",-3.32968355580029,-4.21615117852406,-1.90696315466885,-2.25863320571968
"CGATATTCAGGACCAA-1","male","Astrocytes",1.97378395633045,-3.2839078313561,-0.815815553064388,-2.56123001319953
"CGATCCTTCCAAATCA-1","male","Astrocytes",-4.63052488728222,-3.63604778115468,0.883404687051731,-2.91089207870552
"CGATGTCCAACTAGAA-1","male","OPC",-5.29019571705517,-13.1170381910058,-12.7009983509732,4.33144490974358
"CGATGTCCAGCTAACC-1","male","Pericytes",8.0787742002422,-13.2060121900292,-3.61883048712735,4.48274438636712
"CGATGTCCAGTAGGAT-1","male","Microglia",6.73667787150684,10.2989574068336,8.16457839310642,0.401073208026204
"CGATGTCCATAGCTGC-1","male","Astrocytes",2.34936140612904,-3.26646226708608,-0.768675692374748,-3.55662328941413
"CGATGTCCATCACTTC-1","male","Oligodendrocytes",6.27118037776295,0.915891408279373,0.650955274705845,11.9336201454919
"CGATGTCCATGAATCT-1","male","IN-MGE",-11.1220867769307,0.239362656429244,0.489228561525303,1.11670484202317
"CGATTATCAAATATCC-1","male","IN-MGE",-13.1280157701558,1.56866504932923,4.30129952729221,-5.7949517462928
"CGATTATCAACAGCCT-1","male","Microglia",7.60335324839893,11.0464597337989,7.72749800980564,0.582948615721975
"CGATTCCTCATGAAGG-1","male","Microglia",10.6367738111431,9.92982155020518,7.63416571915622,1.17785886483601
"CGATTCCTCGCGACAC-1","male","Astrocytes",2.04215501384083,-4.00413125817494,-1.85712055861477,-2.21598727447578
"CGATTGAGTCCGTGAG-1","male","Endothelial",-0.292705311018791,-14.4218353635521,-2.96227340399746,3.34731357353142
"CGATTTGCATTGTCAG-1","male","IN-CGE",-10.2796538011616,12.1240592592506,1.77596874535556,-10.3854277823646
"CGATTTGCATTTGCTC-1","male","IN-MGE",-11.3329622881001,0.516146540000869,7.7777537852573,-5.80145008308479
"CGCAAATTCCGCCTCA-1","male","Astrocytes",2.68373797969166,-3.08427900140004,-2.36322765051846,-0.056352803536143
"CGCAAATTCGGTTACG-1","male","Oligodendrocytes",3.31647299365345,4.63903099234386,0.930078938608128,11.0328575875085
"CGCAATCCACGTGCTG-1","male","Astrocytes",0.510220156472359,-4.17084258858876,-1.76261352002148,-1.51010877830574
"CGCAATTAGAACCTGT-1","male","OPC",-9.68377329273876,-8.94540351693349,-9.48791603743557,-6.44044668418952
"CGCAATTAGACAGGTA-1","male","Astrocytes",-3.45622111721691,-4.09159654442983,-3.01249532401089,2.05615954654625
"CGCAATTAGTGTGATC-1","male","Pericytes",8.66081594065968,-13.2734827405663,-3.80505160986904,4.38052003639153
"CGCAATTAGTTTAACG-1","male","Microglia",10.2015206678325,10.7304263704566,8.22912879288669,1.27016912954262
"CGCACAATCACTTTAC-1","male","Microglia",11.8755433423931,10.735439836338,7.28923602402683,0.616856833867345
"CGCACAATCCGCCAAA-1","male","Endothelial",-1.24810607596096,-15.4307741529198,-1.32990203797345,3.38652508514336
"CGCACAATCGTTTCGC-1","male","Astrocytes",1.55744789676014,-3.72068637673573,-0.23948644101147,3.45051377075127
"CGCACACAGGAGTCGG-1","male","Microglia",8.49742673472706,11.0122495287208,6.94148297608371,3.33153074043206
"CGCACACAGTTATCTC-1","male","IN-CGE",-11.6004440919941,11.2856050127296,3.4783620387363,-10.5989220832069
"CGCACCACAGCAACCT-1","male","OPC",-8.20489622517284,-9.6432861692162,-9.28851990401272,-5.44850618583747
"CGCATATAGACTTATG-1","male","Astrocytes",-2.64121033116039,-4.14226049248891,-1.99824409186367,-1.87799198371955
"CGCATATAGCTAGAAG-1","male","Microglia",11.2743279798442,10.9253364198951,6.39770312607761,2.27028649108819
"CGCATGATCACAAGCT-1","male","IN-MGE",-12.0149681703633,2.23142152960582,0.450567081575352,2.67063443916253
"CGCATGATCGCTTCTA-1","male","Astrocytes",-2.42851401730236,-3.85118669335561,-0.690941572184604,-2.44675476295539
"CGCATTTGTATTGGTG-1","male","Astrocytes",0.209067986767922,-5.08803790871816,-3.3665709942532,1.32335468190125
"CGCATTTGTGGACATC-1","male","Astrocytes",2.52937625483814,-2.88390439812856,-1.22688268124585,-2.09129626495429
"CGCATTTGTTGCAATG-1","male","IN-CGE",-11.0363037721699,9.92415386374278,3.25175662339206,-8.92853672248908
"CGCATTTGTTTAAAGC-1","male","OPC",-5.7859366075581,-4.32282966439443,-3.34599427878384,1.51477026002816
"CGCCAAATCTATCGCC-1","male","Astrocytes",-6.0129349367207,-11.97720950906,-12.6646967381192,4.35740082519463
"CGCCACACAAGCTAAA-1","male","Endothelial",-1.01530690355953,-15.9496149427147,-2.76817242800717,2.32538991229943
"CGCCACACATGGTTAT-1","male","Astrocytes",-3.91947366161999,-4.09684270684438,1.3261084109592,3.0182294155877
"CGCCACACATGTCGCG-1","male","Microglia",10.9834172590191,10.1096797579078,9.13133235276218,1.58706872718743
"CGCCTCATCCTAAGTA-1","male","Pericytes",8.58408998088184,-13.2926048642846,-4.38610462843899,4.83630364196709
"CGCCTCATCTCGCCTG-1","male","IN-MGE",-5.70802618427929,-3.24443811242299,0.403703048829991,2.97740667121819
"CGCCTCATCTTTAGGA-1","male","IN-MGE",-12.7939951555317,2.21659171517177,5.50778336823459,-5.51704342109748
"CGCCTGTGTCATCATC-1","male","Astrocytes",-2.75398708744701,-4.29799312417226,-1.33475731312756,-2.89208276016304
"CGCCTGTGTTAACACG-1","male","Astrocytes",-3.94029022617992,-3.98308748070912,0.0764697343158306,1.69593833940438
"CGCGATTCACTTGTTC-1","male","Microglia",6.47925923899952,10.0269609087257,8.07932849228855,0.596997400693212
"CGCGGATTCATGAAGG-1","male","Microglia",11.8087193830425,11.0550904863624,8.99506755173679,1.52449851291588
"CGCGGATTCCATAAGC-1","male","Pericytes",8.07663892344776,-13.2895731336327,-4.1687863320065,4.63763087051323
"CGCTAATAGACAAAGT-1","male","Pericytes",8.06121610240284,-12.3464855558129,-3.90274815260891,4.29882233398369
"CGCTACTTCACAGGAA-1","male","Oligodendrocytes",5.95295022563282,0.871881126716567,0.311772182588536,10.6507937218469
"CGCTACTTCACCGGTA-1","male","IN-MGE",-11.2762768404072,0.0171824091224206,8.19483084977146,-5.83290464622566
"CGCTATGAGACAAAGT-1","male","Astrocytes",2.41643284396473,-3.61797040765004,-2.73622111975674,0.620551487378392
"CGCTCAGCAACCGCCA-1","male","IN-CGE",-10.9803164140767,9.0939169519691,3.03979773819919,-8.83882648689338
"CGCTCAGCACAGGAAT-1","male","IN-CGE",-10.8130705492085,10.7122226351051,0.601547077302891,3.54501741187981
"CGCTCCATCATTGCGG-1","male","OPC",-7.34311891956982,-6.35889190499501,-9.63165478407864,-6.03458292228767
"CGCTCCATCTCCATAT-1","male","Microglia",7.38530467585865,10.9040589922218,8.28407473862644,1.60700624244622
"CGCTCCATCTTGACCC-1","male","Pericytes",8.67212461070362,-13.0273794538231,-4.31783322989468,4.41142719047478
"CGCTGTGCAATAACCT-1","male","Astrocytes",2.32650707797352,-3.52267545525746,-1.66044138371472,-2.84813077194282
"CGCTGTGCATAAGTCT-1","male","EN",-7.18771530552563,6.84416824515147,0.323138788347203,1.78790288227013
"CGCTTACTCAGCTAAC-1","male","Astrocytes",-3.2441132204121,-2.90750354592519,0.805214121942479,-3.01296074134895
"CGCTTACTCCCATAAA-1","male","Microglia",10.3525912626201,10.9613261812477,7.676790192728,0.674672057799611
"CGCTTACTCTTAGCGG-1","male","Microglia",9.67397092418018,10.2073369615821,8.58895011246677,1.14559504943303
"CGCTTCTAGTAACGAG-1","male","EN",-7.40257002278027,6.63940101797862,-2.27367524802212,-5.5856855605323
"CGCTTGCGTGTTGTGA-1","male","Astrocytes",-1.28582842512783,-4.13239330117421,-1.7799198478413,-2.9080937598426
"CGGAATCGTCGTAATG-1","male","IN-CGE",-10.2119925157612,9.77660614187999,2.91860623658176,-9.35575706703254
"CGGACAACACCGGCTA-1","male","Microglia",8.58372281627003,11.8884482973365,7.36431498826023,0.963673462107394
"CGGACCTAGGCTATGT-1","male","Microglia",10.8105599744732,10.182328759983,7.85208030045505,0.367518832854543
"CGGACCTAGGTACCGC-1","male","Astrocytes",-4.06462694569286,-3.23908656899648,0.869109109048802,-2.8883126471717
"CGGACCTAGTCATTGA-1","male","Microglia",8.53494332866016,11.6415162676124,6.61079449952121,2.29882805602959
"CGGAGTCTCACGCCAA-1","male","Microglia",-5.59824253483471,-4.1330699331017,-2.91212992369656,2.13681953208855
"CGGAGTCTCTTAGGAC-1","male","Microglia",7.12301753596607,10.307949601963,8.27144141495701,0.626468321255956
"CGGATAAAGGCCCAGT-1","male","OPC",-5.45211769505199,-12.9672655469628,-12.6385603398037,4.32460348861626
"CGGCAATGTTGGTTAG-1","male","OPC",-8.70007158680614,-9.31735938851552,-9.49499516188626,-6.0677092765052
"CGGCAATGTTTACTTG-1","male","Astrocytes",-3.37303520603832,-3.89597696129994,-1.07445897161488,-3.01103503448554
"CGGCCATAGCTCGCTT-1","male","Microglia",6.5795590742046,10.0822797411232,7.22281832993503,-0.256807992287364
"CGGCCATAGTTATCCT-1","male","Astrocytes",-1.75846792622265,-4.1953462964745,-0.275261506433529,1.94022028701714
"CGGCTAATCCGCACAA-1","male","IN-CGE",-11.7896368639058,9.12935882742686,3.24911351502414,-8.31531173927375
"CGGCTCACAATAGCCC-1","male","Microglia",-6.30755640431103,-5.04827207390981,-3.15610508620266,1.45455025690011
"CGGGACAAGCATGTCG-1","male","Microglia",6.81443666056934,10.2008147829322,-0.720203123981994,-3.00681144935676
"CGGGACAAGCCTTAAA-1","male","Endothelial",-0.460266175258722,-14.9346956617089,-1.31018690764431,3.25301473396233
"CGGGACAAGGGTGAAC-1","male","Microglia",9.38690827922169,11.983709871128,8.44307990372654,0.726329183153425
"CGGGCTTAGCTAGAAG-1","male","Astrocytes",1.41505693034473,-3.51931136910634,-3.33951215445523,1.3208889867585
"CGGGTATGTACTTCAC-1","male","Astrocytes",1.89702461795155,-3.14277213875966,-0.822335848580044,-2.2955244277198
"CGGGTATGTCATCCTG-1","male","OPC",-6.1246383325642,-4.83823341195302,-10.3109407871914,-6.30093891365119
"CGGGTATGTTTACGTC-1","male","Astrocytes",2.32817052439991,-3.23666185204701,-1.55753563344006,-2.49248249275276
"CGGGTCTAGGGCTTAT-1","male","Oligodendrocytes",6.08620236949268,1.52527523721738,1.00310118496891,10.2612187172692
"CGGTAACGTGCTAGAC-1","male","IN-CGE",-17.9658758775776,4.52136641676707,0.545757845048863,3.10822122352532
"CGGTGAACAACCTAAT-1","male","Astrocytes",1.77500485019032,-4.85549873177724,-1.26446355878834,-3.12182695610115
"CGGTGAACAATGAAGC-1","male","Astrocytes",-4.22337652607616,-3.65798753564076,0.595921829347569,1.71784668224267
"CGGTGAACAGACAAAC-1","male","IN-MGE",-12.2627680437153,3.03963011439128,6.07197184861179,-5.19060165626594
"CGGTGAGAGGCGCTAC-1","male","IN-MGE",-14.3494780199116,0.805627226188613,4.31696982682224,-5.70485336525032
"CGGTTCCGTTTACTTG-1","male","Astrocytes",2.2489595277721,-3.02341455285268,0.132807865743595,-0.254563758202281
"CGGTTGGGTACTAAAC-1","male","Astrocytes",-1.75502933426556,-4.36160653893666,-3.10972170531277,1.28973140376023
"CGGTTGGGTGTTGCAA-1","male","Microglia",11.1178023679668,11.202854692295,8.60338778794284,0.200865318946157
"CGGTTTGAGAAGCTAG-1","male","Microglia",9.06850026683155,11.2415691011695,8.55547232926365,-0.0273984764296672
"CGGTTTGAGTCATGCG-1","male","Astrocytes",1.90176938609425,-2.92947095696645,-0.878451559687894,-3.05735904914924
"CGTAACCCAAGGTGGC-1","male","Astrocytes",4.15239785746876,-2.41180294816213,-0.507897123689693,-4.26747495872566
"CGTAACTAGTAAGAAC-1","male","EN",-7.2402298585957,6.85744386847301,-2.24960832297329,-5.49653322441169
"CGTAACTAGTAGCTTA-1","male","Microglia",10.2327668531353,11.696829377964,8.08282370865818,1.40106817143372
"CGTAATGGTCCAAGAC-1","male","OPC",-7.65996719761547,-8.97752708260732,-9.37748627364163,-6.11663849098274
"CGTAATGGTCCTAGTT-1","male","OPC",-8.90594889088329,-9.56111759011464,-12.46039871871,4.21430866973809
"CGTAATGGTCCTCCAA-1","male","OPC",-6.61208416386303,-5.50549787347035,1.57722230256076,1.74178325193337
"CGTACGGGTCACAAAT-1","male","EN",-7.31198622151073,6.49571138556285,-0.785975389177841,2.63896982925347
"CGTACGGGTTACTTCA-1","male","Microglia",9.55824445323292,11.7911725633888,8.38316340744968,0.582982173136983
"CGTAGCGGTCCTAATC-1","male","OPC",-8.38964344425854,-9.53001254861073,-9.60807327925686,-6.14359171135017
"CGTAGCGGTGAGACTC-1","male","Microglia",9.69461701945606,10.8837533586769,8.81644149125095,-0.0580728743750712
"CGTAGCGGTTACTTCA-1","male","IN-MGE",-11.4082853929585,0.364103376224471,8.15475745499607,-6.13785965187141
"CGTAGTTAGCTAGAAG-1","male","Microglia",6.87666867808643,10.2515674227027,6.29961819947239,2.35263662593773
"CGTATTGCAGTTTGTG-1","male","Astrocytes",0.788582788270149,-3.79030984704213,-1.37230823933606,-2.33636624557563
"CGTATTGCATAGCTGC-1","male","IN-CGE",-5.90052725239452,-3.24830144707875,0.513935998086888,1.74808811204842
"CGTCAATAGGTTACAC-1","male","IN-MGE",-13.973122848708,1.68680360849185,-3.4203196018887,1.32962485211304
"CGTCATTGTCCAAATG-1","male","Oligodendrocytes",6.3568069799358,0.846138655498458,0.30904050171848,11.2331702019494
"CGTCATTGTTGCGGAT-1","male","Microglia",7.22887538508717,11.0483308428077,8.74162574112888,-0.0852148030478618
"CGTCCTAGTAACCAGC-1","male","Oligodendrocytes",3.65038798884693,4.67268925841136,-0.321164354677242,10.9522148873132
"CGTGCACAGGCCTTAG-1","male","OPC",-9.07352472706493,-8.61089366738515,-9.7696791142178,-5.70029384834358
"CGTGCTGCAACCTAAT-1","male","Astrocytes",-3.54563642903027,-3.57208675210194,-1.49842219054226,-2.60599834663459
"CGTGCTGCATGTCAGC-1","male","Microglia",10.6302888257915,11.6431842439918,8.24140258133884,0.813074743322645
"CGTGGTTCAAAGCTCC-1","male","OPC",-9.04237581654247,-8.13889449898915,-1.9487745016766,-0.333088943787303
"CGTGGTTCAGTCTATG-1","male","IN-MGE",-11.1836540834492,0.209767877414657,7.85517592728611,-5.8839352820594
"CGTGGTTCATTCCTCG-1","male","Astrocytes",0.91925619677845,-3.7502779370995,0.63762708008762,0.258278241328512
"CGTGTTACAATAAGCA-1","male","OPC",-8.31828905506786,-8.56965297524648,-9.52927879988674,-6.19804746849128
"CGTGTTACAGCCTGCA-1","male","Microglia",8.99357389048878,11.93103557761,8.72055239975925,0.928024651430164
"CGTTAAATCATAAGCC-1","male","Oligodendrocytes",3.78851293162647,4.82928711111827,0.77770538628574,11.147346189193
"CGTTAGGTCGAAGCGG-1","male","Oligodendrocytes",6.35529826716724,1.27351453836246,0.890382125978428,11.3226496483605
"CGTTAGGTCTACTAAG-1","male","EN",-7.38822676106152,6.81975036795421,-2.23576383292202,-5.51356489402839
"CGTTAGTAGGTGTCCA-1","male","Oligodendrocytes",6.26395295695606,1.95994666154666,1.03995890915867,11.5980431343835
"CGTTAGTAGTCCTTCA-1","male","OPC",-5.8682439462727,-12.3853611356469,-12.6146736592007,4.26671450393609
"CGTTATCGTCAAGTAT-1","male","Endothelial",-0.12367199226078,-14.3530306226464,0.623776867990452,3.58359186904839
"CGTTATTTCACTCAAA-1","male","Microglia",11.7922522886211,10.7282319658546,-2.87688736617092,1.77856408613137
"CGTTATTTCGCTCACT-1","male","Astrocytes",2.68799041346851,-3.06517690484242,-2.50032262503628,0.729149376920972
"CGTTGCGCATAGCTGC-1","male","Astrocytes",2.39865706996265,-2.74054330651479,-1.05399702488903,-2.43689973098823
"CGTTTCTCATAAGTTC-1","male","Astrocytes",2.04492353038136,-3.83285182778554,-2.27218417822842,-1.46652657730171
"CGTTTGGAGCCTGGTA-1","male","Microglia",9.01952146128956,11.8265443437843,8.48518939316745,0.966848520043854
"CGTTTGTGTGTTTGCT-1","male","Astrocytes",-12.3180668489521,2.07398641045375,-2.93382911383633,1.16659154551438
"CTAAAGCTCATTGCAA-1","male","Astrocytes",2.97517250613514,-3.14427465264516,-2.19560675322537,-2.48838908416816
"CTAAAGCTCGCAGGCT-1","male","Microglia",9.44843648509327,10.1984964006691,8.27825160325046,1.68134432094506
"CTAAATGTCAGCTAAC-1","male","OPC",-4.95138956471142,-3.91360133950429,-9.5901890248013,-6.66088707191535
"CTAAATGTCCGTTATT-1","male","Microglia",11.0645224912578,10.1808295839576,7.37059302628513,0.754440089635167
"CTAAATGTCGCTCCAT-1","male","IN-MGE",-14.360574020583,1.2576300197391,4.30965895951267,-5.6975396369178
"CTAAATGTCTTGAGGT-1","male","Astrocytes",-0.603498241443005,-4.97607988183217,-2.28952424227719,-1.78485543472358
"CTAACCACAACCCTAA-1","male","Astrocytes",2.89210961894337,-3.63902705971913,-0.705968111748737,-2.78266174537727
"CTAACCACAATCGCAC-1","male","IN-CGE",-10.2774527208393,12.1785693758277,1.36245770752903,-9.91775829536506
"CTAACCCTCCTTAGTT-1","male","OPC",-7.91329456730541,-9.1227840787621,-9.47313408553128,-6.43509704811164
"CTAACCCTCGATTATG-1","male","Astrocytes",2.19808410243336,-5.024156988308,-1.64119093119625,-2.91381151420661
"CTAAGGTTCAAACCTA-1","male","Oligodendrocytes",6.60272382335011,1.78742185170932,0.316444352273899,11.7678810860436
"CTAAGGTTCCGCCTCA-1","male","IN-CGE",-11.248079551894,10.8989349001197,3.51205296814914,-10.5565779898841
"CTAAGTCAGATGGAGC-1","male","Endothelial",-0.939574165779915,-15.746005476162,-2.44625751673703,2.8105466868203
"CTAAGTCAGCTAAGTC-1","male","Oligodendrocytes",6.82151292399708,1.30225627060218,0.525554969911534,11.6189696099084
"CTAATAGTCAGCACCA-1","male","Astrocytes",2.95382903651539,-3.5281648046227,-2.00465576350216,-0.619720647164073
"CTAATAGTCATAACGC-1","male","OPC",-9.4186213151997,-8.88168853585439,-10.9668722599698,-5.92305071098396
"CTAATAGTCCGCAAAT-1","male","Microglia",-6.05485464497265,-4.7921766645165,-3.14994196593289,1.53768139141015
"CTAATAGTCTTTAGGA-1","male","OPC",-8.44153572483715,-9.68965381447987,-9.27135471999173,-6.06665022117683
"CTAATCCGTCCTTCAG-1","male","OPC",-7.90812374516186,-9.13254016701894,-9.2996616810513,-5.46643573982307
"CTAATCCGTGTTAAAC-1","male","Pericytes",8.18353437022511,-13.0090097791405,-3.24572400748257,4.7941128517907
"CTAATCGCAAACTCAT-1","male","Oligodendrocytes",6.45979140834156,0.560632883861495,0.720455840234715,11.5955330635827
"CTAATCGCAAATATCC-1","male","OPC",-5.56861998005566,-12.8110784894677,-12.8179645985318,4.51488631027154
"CTAATCGCACGCAACT-1","male","IN-MGE",-13.8049194948262,1.72373898263259,4.39974541962619,-5.31023533088752
"CTAATCGCATCATGTG-1","male","Astrocytes",1.53782104090992,-5.33182376687245,-1.82691393792157,-2.88567645294258
"CTAATCTTCCAGGGAG-1","male","IN-CGE",-10.778262390334,9.95931488211436,3.22064967453952,-9.44053489906379
"CTAATCTTCGTTTCCA-1","male","Microglia",11.9515092237407,11.5531764620094,0.831918433313328,11.5493265892785
"CTAATGTCACATGCTA-1","male","Astrocytes",-2.45812882347759,-4.11921018426137,0.0292447954463543,2.43831746833733
"CTAATGTCACCTGCTC-1","male","OPC",-5.3299982683247,-12.8883671170922,-12.6516657322598,4.22129338043145
"CTAATTGAGCTGGACC-1","male","Endothelial",-0.435059907425012,-15.7209829694481,-3.11314301192288,3.52303450363091
"CTAATTGAGGAAGTAT-1","male","Microglia",11.5006291730816,10.8721299761085,8.80406184494968,0.963720909907565
"CTAATTGAGTTATCCT-1","male","Microglia",-5.96359468861279,-4.19205087487416,-3.11644677817349,1.90214203851632
"CTACAACAGGATCACT-1","male","Oligodendrocytes",4.087836967271,4.78882199461742,0.709757640962559,11.8347079064172
"CTACAACAGTAGCCAT-1","male","Pericytes",8.1055543287212,-13.2455295926781,-4.36977891623501,4.63461058395318
"CTACCGGCAATAAGCA-1","male","Astrocytes",2.87815188006702,-3.23476404015736,-0.609084948892635,-3.51335079414436
"CTACGAAGTACTTCAC-1","male","Microglia",7.68095372752491,11.1603265398292,7.03494592011448,1.38787381904534
"CTACGAAGTCATAAGT-1","male","Microglia",9.51615403727833,11.3053126924781,6.40490241349216,2.28206186550072
"CTACGAAGTGATTTGG-1","male","Microglia",-5.86510445042309,-4.16930049721913,-3.16032724081997,2.27755623119286
"CTACGAAGTTAGCGTA-1","male","OPC",-6.69113232060131,-5.54932683770375,-10.2587128132534,-6.49345476371833
"CTACTAAAGGAGTAAT-1","male","OPC",-6.06150366230663,-4.85455030266957,-11.1450539082241,-6.04583961708137
"CTACTTAGTTTGACCT-1","male","Astrocytes",-9.18048502369579,12.4108958833961,1.21879287064548,-9.73863346321174
"CTAGCGGGTAACGAGG-1","male","IN-MGE",-11.1013062135762,0.639139830425216,7.9529189616489,-6.02314502937385
"CTAGCTGAGGATTGCT-1","male","OPC",-9.1455443040913,-8.27772182290273,-9.38913826643948,-6.54041940910408
"CTAGCTTGTTGCAATG-1","male","Microglia",-6.70400358601269,-9.7375187284203,-8.73082070052151,-5.65931637031623
"CTAGCTTGTTGGCGTG-1","male","IN-MGE",-14.4067661897725,1.24537318880839,4.26749272644992,-5.54438526374885
"CTAGGCGGTTCAAGCA-1","male","EN",-7.15679480000195,6.76583295996471,-0.122186169023555,3.04788654106072
"CTAGGCGGTTCGCGCT-1","male","IN-MGE",-12.3812019960469,3.09318143065257,6.26304335892673,-4.95299894554206
"CTAGTAATCCGTTAAA-1","male","OPC",-8.58362699909862,-9.79894012276845,-9.74141411482815,-5.58207399589607
"CTAGTAATCTGTGAGT-1","male","Astrocytes",-2.67577053471264,-4.36953681771474,-0.831742609846336,-2.72313768608161
"CTAGTAGGTCGCATAA-1","male","Microglia",10.0706031186992,10.9325500124244,8.23433394730564,-0.0829514954764506
"CTAGTAGGTGAGAAAC-1","male","Oligodendrocytes",2.53701876239124,4.80143243010326,1.18633313477512,11.3344923760217
"CTAGTAGGTGCGCGTA-1","male","IN-MGE",-11.1271717683857,0.630417644336654,7.82334895432468,-5.89276344520637
"CTAGTCGAGAGAGGAG-1","male","IN-CGE",-11.0147287981099,10.2926135652809,3.26220794022556,-9.20329410774299
"CTAGTGAGTTCCGCAC-1","male","Microglia",7.86839650706593,10.5073314302711,7.82458491623874,1.43241943972519
"CTAGTGAGTTCGGGAT-1","male","Microglia",9.03421948985401,10.8196941011695,6.33615823090549,1.79572235601357
"CTATAACCAAGGATTA-1","male","Oligodendrocytes",6.20804856852833,1.07001781399531,0.615879848604161,11.7425362374108
"CTATGAGGTACCGTTT-1","male","Microglia",11.5558640821392,12.937552034214,4.42952056229587,-5.53011829597541
"CTATGAGGTTTAGCGA-1","male","Microglia",9.52386640147511,11.0275264375953,7.22262854874607,1.65860747354439
"CTATGATCACATTGCA-1","male","Endothelial",-0.33753330870327,-14.0346903211327,-2.17640475928311,3.03698079841546
"CTATGATCACTGACCG-1","male","IN-MGE",-13.4225256578511,1.94880616600795,4.88474316895481,-5.53246481163093
"CTATGATCATGAAATG-1","male","Microglia",8.56071923808399,11.5434985750465,8.68076224625583,0.61701091187409
"CTATGGCCACTGACCG-1","male","Endothelial",-0.317616535860863,-14.0915226346703,-3.04684571921353,3.53275959747246
"CTATGGCCAGCTCATA-1","male","Oligodendrocytes",2.09810756282154,4.89286190207286,0.76702161133762,11.00773685234
"CTATGGCCAGGCTAGA-1","male","Astrocytes",1.95074413852039,-3.14589780633168,-1.83811531960492,-2.66979534370491
"CTATGGCCAGGTCCTG-1","male","Astrocytes",1.69108604029957,-3.59301227395253,-1.8565760105801,-2.65971214515754
"CTATGTTTCCTAGTAA-1","male","IN-CGE",-11.086575760085,10.1594453447608,3.42342944443699,-9.84042865974494
"CTATTACTCAGTTCCC-1","male","OPC",-8.36770750446972,-9.84624522988515,-10.1059866398526,-5.63507015449592
"CTATTACTCCCTTGCG-1","male","OPC",-8.99191976948437,-9.06945747201161,-9.38798145949368,-5.63006527168342
"CTATTACTCCTAAGTA-1","male","Microglia",5.76692269877735,-4.14030736748891,-0.375660881395382,-4.11364633781501
"CTATTACTCTATCGCC-1","male","OPC",-8.67215277119335,-8.54033225838857,-9.55918221175198,-6.13784630043098
"CTATTCAGTATTTGGG-1","male","IN-MGE",-11.8556177751606,2.99259263212962,6.56593127549167,-4.78486377937385
"CTATTGAAGTCGCAAT-1","male","OPC",-9.05865789814648,-9.31682533089833,-11.1140499561978,-5.93637211067268
"CTCAATAAGATTCCTT-1","male","Astrocytes",2.09469269351307,-3.26924270455556,1.23374624550815,11.8134209420007
"CTCAATAAGCAATAGG-1","male","Microglia",11.2564093931133,11.0806489580421,8.00289054215427,0.990360632486258
"CTCAATAAGTAACCCG-1","male","Microglia",-5.96137882633862,-4.58596986596303,-3.28087906538967,1.67856394308022
"CTCACAACAGCTTAAT-1","male","Astrocytes",-3.91012908383068,-3.80224937264638,-1.77039180695538,-1.19472844345161
"CTCACAACATTCAGCA-1","male","OPC",-9.12262846394237,-8.36549323861317,-10.032833144064,-6.04074365837165
"CTCACTCAGCAAGGTA-1","male","IN-CGE",-3.05054236813244,13.9574227922706,1.30479116738315,1.42240636604241
"CTCACTCAGGAAGCTA-1","male","OPC",-6.35334898396191,-5.14499276940541,-10.1337366551114,-6.27323658210823
"CTCACTCAGTTGCGTG-1","male","Microglia",8.46464990214649,10.4469085329322,7.78551574051853,0.842488182656083
"CTCATCATCCGCAAAT-1","male","IN-MGE",-13.4907047884053,1.6146841117291,4.14915223420139,-5.55899412376472
"CTCATCATCGTTATAG-1","male","Oligodendrocytes",2.14830707148853,4.85561805899425,0.831910565500218,11.5876051689904
"CTCATGACAAATGCCC-1","male","Microglia",5.67762635783497,-3.98452991311269,-0.380521848793071,-4.12465889198371
"CTCATGACACAGGAAT-1","male","Microglia",11.666450248521,12.0981774919776,7.16023154557224,0.68664666073731
"CTCATGACAGGACACA-1","male","Microglia",-5.99892164631542,-4.09302944009023,-3.36628799139981,1.39423271077088
"CTCATGCTCAGCACGC-1","male","Astrocytes",-4.01072455807384,-3.25965541665273,0.849022343759495,-2.94210393173286
"CTCATGCTCCTAACGG-1","male","Astrocytes",0.371840642254982,-5.08891099755483,-1.15852917730336,-1.93674761993476
"CTCATGCTCTTGGACG-1","male","Microglia",11.5088908536846,10.5111508959083,8.40068049729343,0.981872789509211
"CTCATTAGTCATAGAT-1","male","IN-MGE",-11.2673370973652,0.721948623016311,7.97443576157566,-5.94788582069465
"CTCATTGTCTTGACCC-1","male","IN-CGE",-9.72204424305614,9.80802112753673,2.60006089509006,-9.36215049964973
"CTCATTTAGAGGAGTC-1","male","Endothelial",-0.38705953820404,-14.5460886365624,-2.54140286147122,3.20832960861138
"CTCATTTAGGTCTTGG-1","male","IN-CGE",-10.8932831422871,11.4316440218238,3.05211396515842,-10.4066546652991
"CTCATTTAGTTTGGTA-1","male","IN-CGE",-11.365417732436,11.8511844270973,3.28092284501072,-10.7211850379188
"CTCCAAACAATAGTCT-1","male","IN-MGE",-11.3439991609639,0.312625943973495,8.19442744553562,-6.06790144187995
"CTCCAAACACCCACCT-1","male","IN-CGE",-10.9912169115132,10.1132627123146,3.44478030503269,-10.0074856970985
"CTCCAAACACTTAACG-1","male","Astrocytes",2.67560003833118,-3.18663734261708,-2.22058360278134,0.269025077990804
"CTCCAAACAGGCTAAG-1","male","Pericytes",8.45936940745655,-13.5452951795311,-3.60943083464627,4.78927939193657
"CTCCAAACATTGCGTA-1","male","Astrocytes",2.44288037852589,-2.71844810311513,-0.637367740268749,-3.49462492210456
"CTCCAACTCAATTACG-1","male","Microglia",11.3833329542095,11.6714444750099,8.12794490159031,0.628371735982213
"CTCCAACTCGTTAGTA-1","male","Microglia",-11.325490249831,0.184484063938094,8.08585639298435,-5.94195587379524
"CTCCAACTCTATTGTC-1","male","EN",-7.28547741337475,6.65298134024425,1.27854414284702,3.14360611694268
"CTCCATCAGGAGTCGG-1","male","Astrocytes",1.95197890834156,-3.08067125146108,-1.33923514186863,-2.76973397476264
"CTCCATCAGGTCTTGG-1","male","Microglia",10.9524476392681,10.7920432680397,6.9017600566196,1.85553198116234
"CTCCCTGAGGAGGCAT-1","male","Microglia",10.0258691175396,11.6358161562233,8.00758357346531,1.28545250552109
"CTCCCTGAGTAACAGG-1","male","Astrocytes",2.30751942233387,-2.90373891656117,-1.76000259816174,-2.29532606346199
"CTCCCTGAGTAGCGGG-1","male","Microglia",-5.72350193424877,-4.17524570290761,-2.99530009924893,1.6913164760392
"CTCCGGACAACACTTG-1","male","Astrocytes",2.51163242892567,-4.15220397774892,-1.73196385800366,-2.92889911872932
"CTCCGGACAATTAGGA-1","male","Astrocytes",1.81533645228687,-3.54424089257436,-1.31366513669018,-2.23418290359565
"CTCCGGACATGAAATG-1","male","Astrocytes",-1.33035190268215,-15.3908285505028,-1.06249542533879,-2.28291852218696
"CTCCGTCCAATTAGCT-1","male","IN-MGE",-14.2508947984761,1.57818905945106,4.25195689499851,-5.43278581840583
"CTCCGTCCAGCTTAAT-1","male","EN",-7.23751713200268,6.77013832266612,1.0981940776157,2.82441180007866
"CTCCTAATCCTTTACG-1","male","Astrocytes",-4.18268848820385,-3.74673169915395,-1.57475040852551,-2.07641584617683
"CTCCTCACACTGACCG-1","male","Astrocytes",2.48115776614491,-4.3146728879662,-1.70216779410366,-0.661855528183665
"CTCGACAAGGCTACAT-1","male","Microglia",11.1150853498394,10.1897426241188,7.84829135239597,-0.344445655174937
"CTCGCTCCACAAAGAC-1","male","Microglia",8.58246682719532,11.9197641008644,8.5879172831821,0.65735890524796
"CTCGTTATCGCTATAA-1","male","Astrocytes",-3.43951298161205,-4.07538169686513,-0.875222887839121,-2.61856205207893
"CTCTAAGCACACAATT-1","male","Microglia",11.3135297162944,12.1187873476295,7.46143241227146,0.299090376071248
"CTCTAGCTCATTGACA-1","male","Astrocytes",-1.87980557842907,-4.60898488824086,-1.7242210358334,-1.4568465445716
"CTCTATGTCCAATTAG-1","male","EN",-7.24113394184765,6.87337022955699,-1.95536772906308,-5.39503462059089
"CTCTATGTCTTGGACG-1","male","Microglia",11.4733149869854,11.7431893938331,0.400714710359532,-3.30158359748908
"CTCTCACAGGTCCGTA-1","male","Astrocytes",3.0190634591991,-3.65017408196645,-1.89307801424984,-2.49843222839424
"CTCTGTTCAGGCATGA-1","male","OPC",-8.89095903797802,-8.50495189492421,-9.72586064040188,-6.04055244667121
"CTCTGTTCAGTCTAAT-1","male","Astrocytes",1.08239625529591,-4.73746913735585,0.00353015959735525,0.234588315657888
"CTCTTGATCAAGACTC-1","male","OPC",-5.21678472920116,-13.3838495618554,-12.4801645725918,4.09989564674309
"CTCTTGATCCATAATG-1","male","Microglia",9.8325297697002,10.6337533586769,8.65854831040378,0.563066562585149
"CTGACATAGCAAGGTA-1","male","Astrocytes",2.67807053164784,-2.93779176537709,-0.742790371174854,-2.76839430076667
"CTGACCAAGCTTAGTA-1","male","Pericytes",8.53827260569874,-12.9254240400048,-3.78803353011135,4.791325738601
"CTGACCAAGGCCTTAG-1","male","Astrocytes",2.65660356120411,-3.22956222359853,-1.59746156632428,-2.84071380836555
"CTGACCAAGGTTTGCG-1","male","Astrocytes",-0.288550599057045,-5.05400079552846,-1.1772858649445,-2.9920941088874
"CTGATCACAAGGAATC-1","male","Pericytes",7.93702291087452,-13.10855716531,-3.06082467734341,5.02922456520012
"CTGATCACACCTAAGC-1","male","Astrocytes",1.93830846385304,-3.84543746773915,-1.69222329556469,-2.53094799263069
"CTGATCACAGGACCAA-1","male","OPC",-9.32334734364208,-8.07863181893544,-10.3745956867886,-6.19240743858406
"CTGATCACAGTTAGCC-1","male","Oligodendrocytes",6.29031299189869,1.15282356674953,1.11915750802036,11.2678839470666
"CTGATCACATACCCGG-1","male","IN-MGE",-11.6021673814839,1.49591888423247,7.15583033860202,-5.79349548561164
"CTGCTCCCAAACTAAG-1","male","Microglia",8.35014508799854,10.8656135195045,6.82564158738132,0.597419490985189
"CTGCTCCCAACAGGTG-1","male","OPC",-5.80461193485912,-4.43425840203481,-3.42479638754849,1.51892535942009
"CTGGACCAGCTTAGTA-1","male","IN-MGE",-13.9397909776753,1.70793074305339,4.27332396805759,-5.36529810173103
"CTGGATGTCTTCAATC-1","male","Astrocytes",2.78342913226429,-3.33191436593251,0.383705452089268,1.40596362011841
"CTGGCTAAGACACCGC-1","male","Microglia",9.48078797892872,12.138124048069,7.16114611924167,1.40334360855034
"CTGGCTAAGGCTGGCT-1","male","Endothelial",-0.283748968083229,-15.9081377393456,-2.9324672669125,3.20313542144707
"CTGGCTTTCCCTCGCA-1","male","Astrocytes",-2.95042706890758,-4.18500322167592,-2.97745446860318,1.22959821479729
"CTGGTCAAGGAAGTAT-1","male","Microglia",9.9551169736797,10.7611156099586,8.31968589127536,0.856157241336618
"CTGGTCAAGTTATCTC-1","male","Astrocytes",-4.55198885365185,-3.54748195473866,-0.181000754232448,1.73907970445565
"CTGGTTACACAGCCTG-1","male","IN-CGE",-11.8597834245747,8.73085313971324,3.29586787522312,-8.35741550666877
"CTGGTTACAGGTTAAA-1","male","OPC",-8.26055361195263,-9.59767669503407,-9.00867466628079,-5.72773725730964
"CTGGTTACATGAATCT-1","male","Pericytes",7.65879129008595,-12.8380350476952,-3.63460521399502,5.35353248374871
"CTGGTTTGTACGGTAC-1","male","OPC",-9.59792353077587,-9.21010345284657,-10.5815411061001,-6.35234577400276
"CTGGTTTGTTTGTTGC-1","male","Astrocytes",-2.29745520516094,-4.25115150277333,-2.62176971137051,0.518386354617391
"CTGTAACAGCTATATG-1","male","Microglia",5.70894597606007,-4.14197439019399,-0.414962485427898,-3.90665657264778
"CTGTAACAGTTGGGCC-1","male","Oligodendrocytes",4.00293277339283,4.76444560225291,0.416261747484166,10.8873430992883
"CTGTATTTCTGTGCCT-1","male","Oligodendrocytes",4.91363738612476,3.98663932020946,0.958842709665257,10.7328936363976
"CTGTATTTCTTGGATA-1","male","Microglia",9.22312329844776,11.8945918672828,6.80959077179905,1.32993878977707
"CTGTGTGAGTCAATCA-1","male","Microglia",-5.37787748737987,-3.92095226113515,-2.94114880263333,1.77974854963234
"CTGTTAAAGTAACGGA-1","male","OPC",-8.44339682026562,-9.58599895302968,-9.32012276350979,-6.14738685829231
"CTGTTAAAGTCTCACC-1","male","EN",-7.28678585453686,6.75477415259166,0.0840174704837383,3.21128337638787
"CTGTTCATCAATCTCT-1","male","OPC",-8.52763868733105,-8.27960342232899,-9.46777062117581,-5.98952228767463
"CTGTTCATCCCGTTGT-1","male","Microglia",-6.13163067265209,-4.39961856667714,-3.57201270758633,1.49096142309121
"CTGTTGGAGCACAGCC-1","male","Microglia",11.1983640058452,10.6990781420021,8.17769046128269,0.462931385211263
"CTGTTGGAGTAACGAG-1","male","IN-MGE",-11.2915766374653,0.818142413452102,7.47276301682468,-5.70649511558601
"CTGTTTAGTTCACTGT-1","male","OPC",-5.31131864948925,-12.9623436338158,-12.6665554493618,4.34960096137932
"CTTAAGATCAATGTCA-1","male","Microglia",7.04150651530567,10.1209111803321,8.25156398118015,1.24498455779961
"CTTAAGATCCATAAGC-1","male","Oligodendrocytes",5.69034217433277,1.49684249126522,0.612492039804417,11.1043288018029
"CTTAAGATCTACCTGC-1","male","Oligodendrocytes",6.18444179133717,1.45014049048705,0.450464800004918,11.0517708565514
"CTTAAGGGTAGCTGGT-1","male","Microglia",10.914382682603,10.1744142168312,-0.200559005136531,-3.86566431266853
"CTTAATGAGGACCTGC-1","male","Microglia",9.41177438334766,12.3103681200294,7.44122977555271,1.4797989632409
"CTTAATGAGTTCCTGC-1","male","Astrocytes",2.1625726087505,-4.67849057976918,-0.0538056343746601,2.83510260837487
"CTTACCGGTGCCGCAA-1","male","Astrocytes",-2.2333630458897,-4.37562745873647,-0.301966533060115,-2.34999878151008
"CTTACCTCATTAAAGG-1","male","IN-CGE",-3.0952239172047,14.2392335527687,0.872652485971409,-9.06796486122199
"CTTACTAGTGTGCACG-1","male","Astrocytes",1.90195845202747,-4.3350963002892,-1.05474425851826,-3.30700142128059
"CTTACTAGTTAGGTGC-1","male","Astrocytes",2.28251002864185,-3.83307927911,-2.62143521010403,0.591889044217382
"CTTAGGAGTCACGAAC-1","male","EN",-5.30322672291454,-3.16992515389638,-0.66177308558945,2.94806938426903
"CTTAGGAGTTCACCAT-1","male","Astrocytes",-0.349112464625206,-4.62489932839589,-1.85849682986264,-2.67317731124946
"CTTAGTTTCGAGGTGG-1","male","OPC",-7.77232481404003,-8.85332435433583,-9.73636059462551,-5.9745639060218
"CTTAGTTTCGATATTG-1","male","Microglia",12.1047885282451,11.9840188616066,6.59936518967624,3.59991305129937
"CTTATGTTCCTCACAC-1","male","Microglia",11.6824471815044,10.6923118227272,8.20433421433445,1.25625397818497
"CTTATGTTCTTGAGGT-1","male","Pericytes",8.30581067637745,-13.1815952665062,-2.28994302451138,-5.58439333183357
"CTTATTGGTCAAGTGC-1","male","Microglia",7.01736997203175,10.0490813844947,6.84676928818699,1.89989220159462
"CTTCAAGCACAGAACG-1","male","Oligodendrocytes",6.35295127467457,0.488994538143112,0.186379984025914,10.9253193642419
"CTTCAAGCACCCACCT-1","male","EN",-7.3790705339497,6.63786941702647,-2.25325743853573,-5.46362287742683
"CTTCAAGCAGGTTATT-1","male","Astrocytes",-3.03839136524853,-3.93110269372182,-0.851389106358331,-2.58447916252204
"CTTCAATTCAAGCGCC-1","male","EN",-4.93287207050976,5.50656276877208,-3.78550319373135,-6.66868049842903
"CTTCAATTCCATCAGG-1","male","IN-MGE",-14.2836868898457,1.41357039596124,4.39312167466159,-5.48794395668098
"CTTCAATTCCCTGGAA-1","male","Microglia",10.8614079816753,11.6314092272071,7.70796866715427,0.851314349047456
"CTTCAATTCCGTCCAT-1","male","Astrocytes",-2.13281155987438,-4.01561063592152,-1.68043552338604,-2.88046343071052
"CTTCAATTCCTCAGTC-1","male","Oligodendrocytes",5.89316962794605,1.09220275218768,1.458927825098,10.1508662010949
"CTTCAATTCCTTCAAT-1","male","OPC",-8.86019827290234,-9.36864990060048,-10.7933226078701,-6.06478149635383
"CTTCACTCACATAGCC-1","male","OPC",-9.03277803822216,-8.52387946908192,-9.19953922926907,-6.40706951362678
"CTTCACTCACCCACCT-1","male","OPC",-8.58009363575634,-9.52969020669179,-9.20769409834866,-5.99666340095588
"CTTCAGGAGTATCGCG-1","male","Astrocytes",-5.25193287296947,-2.88633245293813,-0.633588433260959,3.26257460372857
"CTTCGCGTCCGCCAAA-1","male","OPC",-4.97130037708935,-13.1243433362694,-12.7254581898404,4.37047760742119
"CTTCGCGTCGCTAAGT-1","male","Astrocytes",1.44265507296864,-2.56838315789418,-0.776143431658786,-2.5642433856208
"CTTCTAAGTAGCCTAA-1","male","OPC",-5.53100515766796,-12.8068193799706,-12.5534201115323,4.17032425659112
"CTTCTCAAGCTAAAGG-1","male","Astrocytes",-4.15243007107433,-3.65312951867299,-0.341387018556636,-2.56887228233406
"CTTCTCAAGCTGTAAC-1","male","Oligodendrocytes",6.12735055522266,0.704513429954482,-0.0214106887531696,10.6722809578698
"CTTGAACAGCTTGCTC-1","male","Astrocytes",-4.12407828732189,-3.08030694787221,0.813235476617772,-3.02433497650215
"CTTGAACAGTTGTCCC-1","male","IN-MGE",-11.177450432021,2.16404491598888,6.77050633728977,-5.44254905922004
"CTTGAATCACAATTAC-1","male","Astrocytes",-2.8280930654591,-3.79415553872304,-2.41875819861416,-1.76442606193611
"CTTGAATCATGCTCCC-1","male","OPC",-8.15520883961376,-9.48281902138905,-9.14976887404446,-6.35916263801643
"CTTGACGAGGAAGCAC-1","male","OPC",-8.17551208897289,-9.40627902810292,-8.69246821105008,-6.6629937384803
"CTTGCAACAAGCTTAT-1","male","Pericytes",8.7145631177837,-12.9964613324852,-3.87707857787136,4.72768395202569
"CTTGCAACACCTCACC-1","male","Oligodendrocytes",6.331245170396,1.0223760300426,0.351734235887486,10.4442374016564
"CTTGCAACAGCACCAT-1","male","Microglia",11.6049191816265,11.0641542070655,7.58794780076023,0.926231505296741
"CTTGCAACATCCTGAA-1","male","Astrocytes",-2.34724534912762,-3.97691100899892,0.138653293256718,-2.81743223411628
"CTTGCATGTGAACAAA-1","male","Microglia",11.110334144395,11.1022019975929,7.98779673874851,1.4156524147313
"CTTGCGCGTAGCTGGT-1","male","Microglia",10.5762994153911,10.2892270677833,7.85668273270603,1.46510582225731
"CTTGCGCGTCATGCAA-1","male","Oligodendrocytes",5.58939813212696,2.4132266634254,0.565742805604893,11.6697699333947
"CTTGCGCGTTAAGTGT-1","male","OPC",-6.23109938069042,-4.95693534676747,-10.2293129414273,-6.55872137291023
"CTTGCTCAGTCACTCC-1","male","OPC",-9.05051351948437,-8.96043247048573,-10.5661240071011,-6.11669332725593
"CTTGGACCATGGCCTG-1","male","Microglia",11.0341918332988,10.8741737001686,7.13288588822361,3.04547803657464
"CTTGTAAAGCTTAGCG-1","male","Oligodendrocytes",6.38635896281544,1.13090407784267,0.188444450502354,11.6531731392663
"CTTGTAAAGGGTTATC-1","male","Microglia",7.1879141195232,10.9209638231544,8.73442359269138,1.10691057699135
"CTTGTAAAGTAAGTCC-1","male","Microglia",8.97347901896778,10.6804557436256,7.98537631333347,1.07036340045146
"CTTGTCCAGGGATGAC-1","male","Microglia",5.99237893657032,-3.83418220345693,5.63123698533054,0.664733191899572
"CTTGTTCCAAAGCTCC-1","male","Astrocytes",1.87306164340321,-3.53149312798695,-1.05527275800232,-3.08194381935188
"CTTGTTCCAAGGTATA-1","male","Microglia",-5.85297895832714,-4.17748922173695,-3.24605850874905,1.80091123836449
"CTTGTTCCAATAGTCT-1","male","Oligodendrocytes",6.39281247691456,1.94903537566943,0.817332938318211,10.8091017510217
"CTTGTTCCAGCTAACC-1","male","Microglia",10.9443871839458,12.29112201865,8.15758986771579,0.522196939162526
"CTTGTTCCAGCTTAAT-1","male","Microglia",11.1870782239849,11.631191789463,7.55482001603122,0.193259110621724
"CTTGTTCCATCGCTCC-1","male","OPC",-9.59306360645946,-8.79115909402089,-9.59394650160794,-6.04776413185188
"CTTGTTTAGCATTTCT-1","male","Oligodendrocytes",-7.38204504414257,7.16058593924327,0.597022011880833,9.72689502494744
"CTTGTTTAGCGCCTTT-1","male","EN",-4.87917877598461,5.97039991553111,-3.58799867331509,-6.45360119087287
"CTTTAGGCAGATTCAT-1","male","IN-CGE",-2.90608145161327,14.1247239702491,0.669655039911229,-8.46544010383674
"CTTTAGGCAGCCTTGG-1","male","Endothelial",-0.353605865079727,-14.25504154031,-11.122601553793,-6.13542730552741
"CTTTAGGCATCGCTTT-1","male","Microglia",-5.87947393818554,-4.56604999367909,-3.1337976902676,1.39819638984612
"CTTTAGGCATGTGGGA-1","male","OPC",-5.47848678990063,-12.8667806989403,-12.6957388371182,4.37193005340508
"CTTTATCAGCATTTCT-1","male","Astrocytes",2.03302334384266,-4.35464185540395,-2.72756521403317,0.893016522697721
"CTTTATCAGCCTGGTA-1","male","Astrocytes",3.0217993123943,-3.67264980141835,1.25420565903659,11.8713938500207
"CTTTATGGTCAGGCCA-1","male","Microglia",11.8199021680767,11.7455421083717,7.03453822434421,3.17450683372429
"CTTTCTTGTCACAAAT-1","male","OPC",-7.76876093311962,-9.08627742593007,-9.27528385817532,-6.13333685142585
"CTTTGAGCAAGGTACG-1","male","Oligodendrocytes",6.47752498225513,1.16771152551456,1.12509937584873,10.1823860909264
"CTTTGAGCAGCAACAG-1","male","Microglia",11.8932912214214,10.7957873934059,8.94545359910007,1.01385607006362
"CTTTGAGCAGGACCTT-1","male","EN",-7.46350695057568,7.14175468619151,-2.81294290720944,2.31751816528252
"CTTTGGGAGCACGATT-1","male","IN-MGE",-11.1446793214863,0.25597852404399,8.06548400223728,-6.07743389350959
"CTTTGGGAGCTGTAAC-1","male","Oligodendrocytes",6.51946948603931,1.04828786785884,0.660044625406224,11.0430485512536
"CTTTGGGAGTCCTGAG-1","male","Microglia",8.04229234294239,11.0349240892677,8.15728755295749,0.737924715451513
"CTTTGGTGTAGGTGTC-1","male","Microglia",-2.2446893589085,-3.80329555337148,-0.240154728288692,-3.34337694389411
"CTTTGGTGTTGAGGTC-1","male","Microglia",11.129226432603,10.0695491426734,8.35581870377536,-0.148717233963694
"CTTTGGTGTTTACTTG-1","male","Microglia",-7.23611952229198,-6.19839280907826,-3.09017781912808,1.84532134788445
"CTTTGTCCACTTCACT-1","male","Astrocytes",-0.135994328696098,-3.66682714287953,0.196601346139866,-2.8949900363166
"CTTTGTCCAGGTCCTG-1","male","Microglia",8.62785695628468,11.6281190508155,7.52645964920993,0.691704174451146
"GAAACCCGTAGTTAAC-1","male","OPC",-5.13769937916454,-13.3447994596215,-12.8475742787075,4.46595232742241
"GAAACCCGTTTATGGG-1","male","Astrocytes",-2.06128229065594,-4.11938279931264,-2.28100495039944,0.150344183615957
"GAAACTGAGACTAAGG-1","male","Astrocytes",2.91703532771412,4.82533389265819,-0.937484323973697,-3.26585609657356
"GAAAGCCAGGCCTGGT-1","male","Microglia",11.0432450635845,11.2894807451515,6.93430800736423,3.24235432403496
"GAAAGGCTCCTGAGTG-1","male","IN-MGE",-12.1547548906392,2.29983591969295,6.23537535965915,-5.40005523902961
"GAAAGGCTCTTGTTCG-1","male","Astrocytes",2.57125876979176,-3.41297477547841,-0.900282688434166,-2.06606633407661
"GAACACAAGGAAGCAC-1","male","Microglia",7.05583308772388,10.1265073412208,-0.570640936489147,2.76234011905602
"GAACCAAAGCAGGTTT-1","male","Microglia",10.8150527341777,11.0561757677345,8.72399230301853,0.721593191794668
"GAACCAGCAGCCAGAA-1","male","Astrocytes",-4.27538205547985,-3.63480562035756,-1.0511755198193,-2.16927559120246
"GAACCAGCATAGCTGC-1","male","Oligodendrocytes",2.52755426005665,4.93616729910655,1.00227697194095,11.1418978478234
"GAACCGCTCGTTACAA-1","male","Oligodendrocytes",4.50326560572926,4.33136516745372,0.554550126199681,11.6206957604211
"GAACCGCTCTTTAAGG-1","male","Microglia",10.1317336423809,10.3930640810279,8.66311927140232,0.490615388325963
"GAACCTTAGACCATAC-1","male","Astrocytes",-3.76815821095165,-4.05032295052724,-0.818141937251133,-3.07203562004158
"GAACCTTAGGTCTTGG-1","male","Astrocytes",-1.67964519425091,-3.64375203911977,1.29475612938877,-2.27482230407783
"GAACGAATCAATGAGG-1","male","OPC",-8.06787945194897,-8.36657756631093,-9.77594093977932,-6.81526977760383
"GAACTTATCAGGGCCT-1","male","OPC",-5.37267471714672,-13.2779068357201,-12.4287443607998,4.1556064392846
"GAACTTATCGCAACAT-1","male","Oligodendrocytes",5.6297299726421,1.88113257224841,1.17621107399936,11.1148173119347
"GAACTTATCGTCATTT-1","male","Microglia",8.68425057963673,10.8319984071998,6.33640189469333,2.39322011726311
"GAAGCCTGTAAGCACC-1","male","OPC",-7.84759260578808,-8.25056690041737,-0.477788701648754,2.21303241508416
"GAAGCCTGTAGTTAAC-1","male","IN-MGE",-14.4410927431172,1.12632161314769,-0.0481833070469319,2.36523454444817
"GAAGCCTGTTACAACG-1","male","Astrocytes",2.03471635417286,-3.86161845986562,-1.40802721678738,-2.96057564956733
"GAAGCTAAGCCGCAGT-1","male","Astrocytes",2.24968980387989,-3.21175998513417,-1.64474855362896,-2.30254299385139
"GAAGCTAAGTGATTCA-1","male","Astrocytes",0.660858975213203,-4.17711490456777,-1.45575140416149,-2.81247241241523
"GAAGCTAAGTTCCTGC-1","male","IN-CGE",-3.05528022213634,14.0977874391822,0.666407302026707,-8.52606136543342
"GAAGGCCCACTTGTTC-1","male","Endothelial",-0.666771201927032,-16.1921877271386,-1.81011562048916,3.10688989417962
"GAAGGCCCATCCTAGA-1","male","OPC",-9.27907873554882,-9.06338638131337,-9.23466973006253,-6.29775125724861
"GAAGGCTAGAAAGCAT-1","male","Pericytes",8.19473718241993,-12.9232572919579,1.2466954737949,10.4898039604943
"GAAGGCTAGGATAAAC-1","male","Astrocytes",1.37891267375294,-2.71633857552724,-0.575409993524593,-2.44713122589179
"GAAGGCTAGTAACTCA-1","male","Microglia",10.0966060026104,10.9111466997413,7.8605117350864,1.30404843943528
"GAAGTAAGTAGCTAAT-1","male","Microglia",6.90335296229664,10.3659215563087,6.84533782303806,1.9683893229287
"GAAGTATAGGTTACGT-1","male","OPC",-7.75510384007153,-8.93378299538808,-9.27465634047512,-6.70592291099616
"GAATTTGTCCTCATCA-1","male","Astrocytes",0.68708907203022,-5.65005296532826,-1.6543346494389,-2.24846036178657
"GACAATACAACGTGCT-1","male","Astrocytes",2.31192968921009,-2.96777957741933,-3.19451956450466,1.30994563358239
"GACAATACAGGCCTTG-1","male","OPC",-9.07318331165966,-8.12628501717763,-0.113791927690548,1.41457589524201
"GACAATACATTGGGAG-1","male","Microglia",-0.194734437901344,-15.4775366193505,7.40083117783542,1.92069905059746
"GACACCGGTGAGGTGA-1","male","Astrocytes",-3.84716297550854,-2.92338699166493,0.727485969667393,-2.96103365165779
"GACACCGGTTAATCGG-1","male","Microglia",8.37879727916065,11.4072080248146,0.298199370508152,3.07248323219231
"GACACCGGTTCCAGGG-1","male","Endothelial",-1.04250819845852,-15.2390474683495,-2.8467853516293,3.5089360977929
"GACACCGGTTGTTGTC-1","male","Microglia",-5.6080048219746,-4.14309066598134,-3.14510421454434,1.53790514724663
"GACATTATCGCTAGAT-1","male","Microglia",-5.88479925556835,-4.45819515053944,-2.86563925444607,2.01740103023461
"GACCGAACAATTGCGC-1","male","Microglia",10.7222411497051,9.95598274405284,7.05347056687351,1.97184758441857
"GACCGAACACCTAAGC-1","male","Microglia",8.99432061747852,11.7275596254615,-0.253260418767971,2.91987900989464
"GACCGAACATCCCTCA-1","male","IN-CGE",-11.3577215807026,10.0798593157081,-0.375619724388164,2.84392457263878
"GACCGTTCAAACTAAG-1","male","Microglia",12.0786864622051,11.5150256746559,9.10167117417331,1.56185685651711
"GACCGTTCACTTACAG-1","male","Microglia",10.6131188733989,10.951407968357,8.13431163132663,0.727434461883817
"GACCTAAGTAACGTGC-1","male","Microglia",8.56406758860889,11.3603129976539,7.0139598399448,3.16735284583977
"GACCTAAGTCTCACTG-1","male","Pericytes",8.14351152018848,-13.056043089077,-4.15189175307278,4.42724340217522
"GACCTGATCACAGACT-1","male","Astrocytes",2.76964400843922,-3.6218189603539,-1.50914095341687,-2.39690429908821
"GACCTGATCTTAGCGG-1","male","Microglia",10.6866605146343,10.7117124193458,8.15034957230564,0.19868045108727
"GACCTGCAGGAGCAAC-1","male","Microglia",11.5656335218364,11.0344958894996,8.02387423813816,-0.223468253441539
"GACCTGCAGGATTGAG-1","male","Astrocytes",1.77047561244312,-4.14636176888661,-1.88445203005795,-2.00893146736213
"GACCTTTGTCGCAAAC-1","male","Microglia",-6.3952214853352,-5.10236114327626,-2.88237695395474,2.29684191005639
"GACCTTTGTTTAGCTC-1","male","Oligodendrocytes",4.36146806315723,4.49737626250072,0.2977436333942,11.2040974404137
"GACGTAAAGCGCCTAA-1","male","OPC",-7.85643698139843,-9.34162372414784,-9.8033123463345,-6.48939401847908
"GACTAATGTAGCAGCT-1","male","Microglia",11.037375198167,10.6356015795021,7.7161025553989,1.50098531501702
"GACTCACCAGCACGAA-1","male","Microglia",9.18547795848194,11.5990701311378,7.82803340256687,1.18597673433236
"GACTCACCATAGACTT-1","male","Oligodendrocytes",6.56286405162159,1.35985639627261,1.0193788558292,11.8532816674035
"GACTTACAGGTAAGGC-1","male","OPC",-5.27409244938549,-13.3974213010521,-12.6653414219571,4.24628393905571
"GACTTACAGTTTGGTA-1","male","IN-CGE",-9.40664411945995,10.1758370989112,1.86225195229526,-8.9698670600135
"GACTTGGTCAATAGCC-1","male","EN",-4.7807662622517,5.66308218176646,-4.03959564864163,-6.51812011940071
"GACTTGGTCATGAGCT-1","male","Microglia",9.3597800596172,10.3900218599586,-0.277231141920131,2.67432563560418
"GACTTGGTCATGCTCC-1","male","Astrocytes",-6.20747877522167,-10.9197897321434,-0.167257949705165,-3.97472460014411
"GACTTGGTCGCACAAT-1","male","OPC",-8.76520086689648,-9.10248321358876,-9.47142986952786,-6.29642708046028
"GAGAAACGTAGTTAAC-1","male","OPC",-8.49044634266552,-9.17592662636952,-8.89147095381741,-5.70164758903572
"GAGAAACGTCCTTTAA-1","male","Astrocytes",2.03410576419178,-3.39700263802724,-1.36249642073635,-1.86548335296699
"GAGAAACGTGGCTTCC-1","male","Microglia",10.1197450025493,10.9563422792701,7.42746253312107,1.52060650842598
"GAGAACCAGCTTAACA-1","male","Endothelial",-0.127092673022118,-14.7411207563134,-3.06570319830899,3.39067380683831
"GAGAACCAGGACCAGG-1","male","Pericytes",8.1621949537212,-12.5731472379418,-4.11292080580716,4.43118613021782
"GAGAACCAGTGAGGGT-1","male","Astrocytes",-3.41472317143139,-3.86547368828969,-1.49400685727124,-2.44806749565193
"GAGATAAGTACGTTTC-1","male","Pericytes",7.83660577372852,-13.3783983594628,-4.44890336691861,4.78539674537591
"GAGATAAGTTGCAGTA-1","male","Oligodendrocytes",3.35458825663868,4.69772678549571,0.599226787691075,11.6441056038659
"GAGATAAGTTGTTCAC-1","male","Astrocytes",-1.79270721836742,-4.07942193810658,-0.638622090215725,-2.98445684654304
"GAGCAAGGTCATCAAG-1","male","Astrocytes",1.11710368232075,-4.27266496483998,-1.81796656548504,-2.29045350296089
"GAGCATGCAAAGGCCA-1","male","Microglia",6.58608268336597,0.584701120212509,1.62897725403782,9.85960262077263
"GAGCATGCATAAGTTC-1","male","Microglia",12.1626040800029,12.4652114504127,-0.105505093927425,-4.36071808082649
"GAGCATGCATTGGGAG-1","male","OPC",-7.94723297520336,-9.02985042397694,-9.64909939467434,-5.62211401207038
"GAGCCACTCCTAAGGT-1","male","Microglia",10.6512219770366,10.0538821810035,1.73788757622715,2.36551468627862
"GAGCCACTCTGTGCCT-1","male","Oligodendrocytes",6.18861220912281,0.49318510229869,0.452060535554844,10.9065005089562
"GAGCTAGCAGCCTTGG-1","male","Microglia",3.75993894175831,4.57210093672557,0.534539297227818,11.3227001930993
"GAGCTAGCATTAGGTT-1","male","Microglia",9.63774560527149,12.3689132326393,8.34957404435154,0.334028353862081
"GAGCTGCTCAAACCGT-1","male","Astrocytes",-0.180898203093376,-5.11039060418324,-1.49412654339794,-1.7020607684333
"GAGCTGCTCCGTCCAT-1","male","Astrocytes",1.49458085135761,-5.80201858346181,-1.9681802242947,-2.70303375465461
"GAGCTGCTCGAGCTAT-1","male","Microglia",9.25316499308888,10.7082296007423,0.218284562234837,3.49182098167351
"GAGCTGCTCGGCTAGC-1","male","OPC",-9.39218641682323,-8.6209644681664,-9.2988014668179,-6.18756229621955
"GAGCTTGTCACTAAGC-1","male","Microglia",7.52043889598194,10.8741555803566,7.76435942948337,0.16007052915505
"GAGCTTGTCGGTTTGG-1","male","Microglia",6.55392144755665,10.0304751985816,8.4619407206821,1.00375510933212
"GAGCTTGTCTAATCCT-1","male","Endothelial",-1.14217276735958,-15.2987856275292,-2.62408654391293,2.8049097563546
"GAGGACTAGGCAACAA-1","male","IN-MGE",-11.6729128496235,0.454074680164291,5.35353942215915,-5.98348266822883
"GAGGAGGCAGGCATGA-1","male","Astrocytes",-0.124874337155189,-4.44368976418691,-1.46051822602276,-2.59681398613044
"GAGGCAAGTAGGTTTG-1","male","Oligodendrocytes",6.23893188075367,0.79411089356227,0.856727078561741,10.3957373406213
"GAGGCAAGTTGTCCAT-1","male","Astrocytes",-1.60013116760906,-4.08328336541371,-1.92141489684109,-1.5230372641761
"GAGGCCTTCGCTAGCA-1","male","Microglia",8.04743455485645,10.7293391817359,7.29867835343357,1.45136847155503
"GAGGCCTTCGCTAGTG-1","male","Endothelial",-1.52081490917858,-15.2338156110497,-3.0187390297604,2.88092904346398
"GAGGCTACATCCTAGA-1","male","IN-MGE",-12.0869009630268,1.78041472966952,6.3128141909885,-4.99571926338264
"GAGGCTACATGATTGT-1","male","Astrocytes",-7.57589365406689,-10.1791328794213,-0.378429457540554,-4.27848942024299
"GAGGCTTGTGCCTCAC-1","male","Astrocytes",2.5893235071117,-3.53941911523061,0.530955389146763,0.456061353854451
"GAGGCTTGTGTTGCAA-1","male","Microglia",8.00183080272022,11.0968385332374,7.97470660508152,1.08411977993659
"GAGGGAGCAATCCTGA-1","male","Astrocytes",2.49923370913807,-3.7874421483727,-2.46742837130551,-1.5956519339759
"GAGGGAGCACCGGTAT-1","male","Microglia",9.07840703563038,11.9290271394996,0.203446105127293,2.48480229633263
"GAGGTGAGTACGGGTT-1","male","Microglia",7.80322145060841,10.7914252870826,6.05235476792331,2.46146695869378
"GAGTAACCAACTCGCG-1","male","IN-CGE",-3.19346453114208,14.1704536073951,0.958902552728611,-8.42807132942268
"GAGTAACCACATTAAC-1","male","Microglia",-6.64136148853954,-9.76056426827626,-8.45298485457424,-6.07906086189338
"GAGTAACCACTTAACG-1","male","Astrocytes",0.365243540566597,-5.12117713753896,0.108159855012852,1.19274229364804
"GAGTAACCAGGAACTG-1","male","Microglia",9.83734773234669,11.0605369203834,7.7556647807407,0.46651344554833
"GAGTAATAGCCAAATC-1","male","Endothelial",-1.29902644320187,-15.5785116559716,-2.9762220829678,2.93019001739434
"GAGTAATAGTTGGGCC-1","male","OPC",-8.33032347126659,-7.44979041878896,0.742480829362828,1.75923573034218
"GAGTATCTCATGCTTT-1","male","OPC",-8.82123590870556,-9.50881999795155,-9.66811279952053,-6.46565181953498
"GAGTATCTCCTAGTCC-1","male","Endothelial",-1.37897147103008,-15.5585703260155,-2.85032777487759,2.65137892024926
"GAGTCAAAGTAACCCG-1","male","IN-CGE",-10.957271827895,11.9092021578102,1.92143268883701,-10.420690843888
"GAGTCATTCACAGACT-1","male","Microglia",11.5319049222881,10.5655809038429,6.90966935456272,2.05312090175561
"GAGTCATTCTTTAAGG-1","male","Microglia",11.251751647752,10.7054620378761,7.59929652512546,0.481831183604512
"GAGTGTTTCATGCATA-1","male","IN-CGE",-12.6754114763325,1.86550015147014,0.780671194200474,3.10610239761284
"GAGTGTTTCCCTGGAA-1","male","Astrocytes",-0.015917940575447,-5.06806939904408,-1.63760720192913,-2.44540865165779
"GAGTGTTTCCTAAGGT-1","male","Microglia",-3.93504954739269,-3.78597778145985,-2.67874448000912,2.73697130935601
"GAGTTGCGTAGGTTGC-1","male","EN",-7.36043192310986,6.64498144324107,-2.24355129897122,-5.51895887596199
"GAGTTTGGTAAATTGC-1","male","IN-MGE",-17.9147474901265,4.5127676122932,4.82801528275486,-5.9938886855323
"GAGTTTGGTCCTAGTT-1","male","Astrocytes",0.583530293267403,-3.51693672005849,-2.10815374552731,0.744719332031522
"GAGTTTGGTTAACGGC-1","male","Microglia",7.05278037623707,10.6707721346168,7.57957072556492,1.13907851832322
"GAGTTTGGTTGTGATG-1","male","Microglia",-6.93397642536816,-5.80932325188832,-2.96415357291226,2.1026392485421
"GATAAAGGTGAGCACT-1","male","Microglia",10.2040555341655,10.5685926073341,8.19236941636081,0.520984968117986
"GATAAAGGTTGGATAT-1","male","Microglia",9.60292314128223,11.3634000414161,8.36870379746433,0.729510804585729
"GATAACGAGACCATAC-1","male","Astrocytes",2.95904587344471,-3.5313329107018,1.53991003334995,2.57405238407067
"GATAAGCCATACTCCT-1","male","Microglia",5.17452548579517,-4.26848119561391,-2.93921928107266,2.09818225162438
"GATAATCGTGCATCGG-1","male","EN",-7.27477480335888,7.12201839621348,-2.2041330784512,-5.50173027259895
"GATAATCGTTGTCCAT-1","male","Microglia",8.32355378703419,11.2725759142189,8.07768435776706,0.803994273714338
"GATAGACCATCGTTCT-1","male","Astrocytes",-2.00002826615032,-4.26431077782826,0.930177643899876,0.931172443501268
"GATCAAGAGCGAGCGA-1","male","OPC",-8.50458742542919,-7.95638412301259,-9.42378334700589,-6.36910564643928
"GATCAAGAGCTTAGTA-1","male","Microglia",8.95101426677052,10.8358312242775,7.82072730362888,0.641549101046834
"GATCAAGAGTTGGGCC-1","male","Microglia",8.84273599223438,11.6778531664161,8.09891887009617,0.196022918395314
"GATCACTAGCAAGATG-1","male","Microglia",10.4279200895244,10.4867120378761,8.21844001114841,1.16165307717732
"GATCACTAGCTTACTT-1","male","Microglia",11.6714408262188,11.5752130144386,7.71535678208347,-0.02144015771934
"GATCACTAGGAATAAC-1","male","Oligodendrocytes",5.98298381404224,1.04104766185565,-0.0821397155476032,11.3095967079919
"GATCACTAGTATTGTG-1","male","IN-CGE",-11.6720507280415,11.4320989244728,3.52865357697483,-10.5099700186927
"GATCAGGCAGGATGGC-1","male","Astrocytes",-3.56040383740124,-3.03485482995229,-0.252424284811061,3.08096759574822
"GATCAGTTCAGGTTTA-1","male","Microglia",11.7282245023662,12.6098323457984,8.0272597819614,0.747103651932988
"GATCAGTTCCTGATTT-1","male","Endothelial",-0.913698984820213,-15.4894384748192,-2.79199890791897,2.5602375771325
"GATCAGTTCGGTTCCT-1","male","Microglia",10.8269107206279,11.6696048372535,7.59982295334812,1.25612362282685
"GATCCGTCAGTAATAG-1","male","Astrocytes",2.32490538195911,-3.34317249123769,1.07291360199924,0.702792039088521
"GATCCGTCATCCTAGA-1","male","Microglia",9.09547017649952,10.8806291216163,8.23132796586033,0.819572767190252
"GATCGAGCAACAGGAT-1","male","Microglia",9.37449048594776,12.0705104463844,7.85453696549411,0.0782168413918355
"GATCGAGCAGTCTAAT-1","male","Astrocytes",-3.17681075497326,-4.16141551797109,-2.0029429644299,-1.98358804924079
"GATCGATTCTTGCTAT-1","male","Microglia",-6.01919723911938,-4.55683130089955,-2.79662780463223,1.90740775125435
"GATCGCTCAGGAACAT-1","male","Microglia",9.03201173381153,11.4125228517799,8.46727176011081,0.156618347338949
"GATGACTTCTAAGTGC-1","male","Microglia",8.52838586406055,11.4267831438331,7.87979789078708,0.703492453269277
"GATGCAGCACTCAACA-1","male","Astrocytes",0.975580440323982,-3.46460384194569,-0.614500597114605,-2.81291753990241
"GATGCAGCATGTTGGC-1","male","Astrocytes",2.80917428569141,-3.5772985822411,-0.570425197477382,-2.55462105018684
"GATGCATTCCTAATGA-1","male","IN-CGE",-10.940673126418,10.9432874315528,3.15536756813999,-10.5570920203406
"GATGCGACACCAGCAT-1","male","Endothelial",-0.225181265312996,-14.3995670682641,-1.14741446077351,3.35262601631096
"GATGCGACAGGATGGC-1","male","IN-MGE",-5.78640438481029,-3.19646018807607,0.609585002069432,1.19891852693966
"GATGCTTAGCATCCAG-1","male","Microglia",11.3607070310527,12.6563459032325,8.2095107585239,-0.183060834236827
"GATGCTTAGGAGGGTT-1","male","Microglia",7.62532781199757,10.9465270632057,8.53182788193699,0.443635335139547
"GATGCTTAGGTTAGCT-1","male","Astrocytes",2.109401212495,-3.10001033608632,-0.706749230618518,-2.68135602218696
"GATGGCTGTAGCCTAA-1","male","Microglia",10.2359835966045,11.3079372041969,6.54117341340061,2.20716302650384
"GATGGCTGTATTGAGT-1","male","Oligodendrocytes",5.92290996150318,1.07694801624103,0.617592051629979,11.1123854424279
"GATGGCTGTGGTTATG-1","male","Microglia",9.08135579661671,10.5862079256324,8.20491309464451,1.1763529385846
"GATGGCTGTTACTAGG-1","male","EN",-7.38785005970654,6.68004089529796,-2.33639614283566,-5.53713257057258
"GATGGCTGTTCCGCAC-1","male","Microglia",6.60120843486134,10.0842948549537,8.43890471756931,0.254386713675771
"GATGGCTGTTTACCGT-1","male","IN-MGE",-14.48388315602,0.998408316925002,4.17002053559299,-5.49365312797615
"GATTAAGCACCGGTAT-1","male","IN-CGE",-10.5496008531636,11.9992089861183,-0.366879597301525,3.19944327133111
"GATTAAGCAGCTAACC-1","male","Microglia",5.81270049647633,-4.0641788846703,0.407769635324437,1.79790466087273
"GATTACGGTAATCGTG-1","male","Microglia",11.2617966993267,11.0117974870948,9.02757640183445,1.44068529265336
"GATTAGCTCGAGGAAC-1","male","IN-CGE",-11.1571543352192,11.3462787264137,0.0295053869533123,3.54501669662407
"GATTATGTCAAACCTA-1","male","IN-MGE",-12.1844694749897,1.4951359456748,6.21737380326267,-5.78332168800422
"GATTATGTCATTGCGG-1","male","Oligodendrocytes",5.78608106211964,1.49627217889002,0.396403148775059,11.3792015816491
"GATTATGTCCTTAATC-1","male","Microglia",10.6337602003032,11.0106196993141,6.96613784134861,1.82346903341225
"GATTATGTCTACCTGC-1","male","Microglia",11.7310531003887,10.9274697893409,7.00866504014011,0.436956217459951
"GATTCAGGTAGCTGGT-1","male","Microglia",11.9118258817608,12.3396964662818,8.10949893296238,-0.00717771989890548
"GATTCAGGTGAGCAAG-1","male","IN-MGE",-12.7681992189473,2.25452965433879,5.3751110583591,-5.36005813819953
"GATTCAGGTTTAACCC-1","male","OPC",-9.19142557545361,-8.51105064217763,0.0272869020747722,1.3059568609517
"GATTCATCAACAGGAT-1","male","OPC",-6.17982317372021,-11.9601902372094,-12.5519085377407,4.28687374847344
"GATTCATCAACAGGTG-1","male","IN-CGE",-11.1815626756733,0.586285113647415,0.453323796396214,2.77290742652825
"GATTCATCACTGACCG-1","male","IN-MGE",-13.5455019609517,1.88053369458003,5.22714944184299,-5.56449634773323
"GATTCATCAGCATGAG-1","male","Microglia",9.13201306895557,11.4023614519386,7.77536959946628,0.600805720261846
"GATTCATCAGTGAACG-1","male","OPC",-6.31389786167797,-5.0420317060204,-9.36319546401028,-5.82770092231819
"GATTCCTGTGAAACAA-1","male","Microglia",9.43047593669239,11.1843047731666,7.37354846299167,0.822487344912801
"GATTCCTGTGTTCCCA-1","male","IN-CGE",-3.09839726849255,14.2120118730812,0.904648497705418,-8.86683876258918
"GATTCCTGTTGCGCGA-1","male","Astrocytes",-3.07643391056713,14.0856614702491,0.583627656106907,-8.42125923378059
"GATTCGCCAGTCTAAT-1","male","Microglia",-6.63029314442333,-5.36998599831777,-3.33955626189236,1.6586587335389
"GATTGATGTCGTTATC-1","male","Microglia",10.7369458539898,11.0773425691871,6.35093112290378,2.34503107326439
"GATTGCGTCACCTGCT-1","male","Pericytes",8.23381684855763,-12.8140739804955,-3.84913830458645,5.28716151969842
"GATTGCGTCTAAATCG-1","male","Astrocytes",-3.3505311147755,-3.62780183617787,0.649572089319188,-2.20334775192329
"GATTGCGTCTAATCTC-1","male","Microglia",10.5859277112896,11.366486131504,7.86945243180271,0.911283416621003
"GATTGGCGTTCCTGTG-1","male","Oligodendrocytes",5.80088018016163,1.73533312912269,0.728663161401707,11.0652224327844
"GATTGGCGTTGCAGTA-1","male","Astrocytes",-3.03542257710155,-4.04947370354848,-1.44140224158291,-2.20666725380012
"GATTGGTTCACCTGTC-1","male","Microglia",10.3755719526226,11.8506246202735,7.12542338669773,1.81685846107415
"GATTGGTTCACTTTAC-1","male","OPC",-7.85947729511913,-6.97601646249013,-9.86858372389798,-6.40190775138923
"GATTGTTCAAGCGATG-1","male","Microglia",8.40694974498096,11.3157020204811,1.10413570702549,2.92884092586449
"GATTGTTCACAGGATG-1","male","Microglia",-5.81052996082958,-4.13687318627553,-3.10542921721463,1.79789452808312
"GATTGTTCAGGATTAA-1","male","IN-MGE",-14.6325161592549,1.21347594197078,0.612649515275914,10.3270680214684
"GATTGTTCATGGCCTG-1","male","Microglia",11.6578776700908,11.2442165010719,8.23875804245945,-0.309135148354258
"GATTTGCAGGTACCGC-1","male","Astrocytes",-3.81167937679943,-3.25456994836049,0.888825133447605,-3.00651819450447
"GATTTGCAGTTGTCCC-1","male","Oligodendrocytes",6.37028812007252,0.887080191925002,0.901102021341282,11.8738075997155
"GCAAACAAGGAGGCAT-1","male","OPC",-8.73108126087841,-8.81533950631337,-9.53637318312649,-6.68567497474739
"GCAAACAAGGTTAGAG-1","male","Microglia",9.90304158763233,11.7450194948463,8.56174845993992,0.0530053879540303
"GCAAACAAGTATCGCG-1","male","Pericytes",8.48303388194386,-13.4984411603661,-3.79577068984036,4.58411972778252
"GCAAACCGTCCTTCTC-1","male","Microglia",10.149532066148,11.0359473818092,7.0160760432529,0.921045022032771
"GCAAACCGTGAGGTAG-1","male","Microglia",11.2310283048565,10.9029069536476,7.22115702927585,2.89241616981438
"GCAAACTTCTCGCCCA-1","male","OPC",-6.57325769825634,-5.40617698495107,-9.7934713810635,-4.92360622627326
"GCAACAGCACCTAATG-1","male","OPC",-8.81857229633984,-8.51509612862782,-9.31463055312161,-6.08726055366584
"GCAACAGCACGTAATT-1","male","OPC",-8.03501440449413,-8.83340877358632,-9.54531101881985,-6.00361044151374
"GCAACAGCACTTGTTC-1","male","Oligodendrocytes",5.54513333873096,2.1364310973434,1.25128741562839,10.5663611199181
"GCAACAGCAGGCTTCG-1","male","Microglia",9.82342027262989,11.1172614687233,6.60123868287082,0.650068899564061
"GCAAGCCTCATCCTAT-1","male","Pericytes",8.53678964213673,-13.1550144559594,1.29622574151035,10.532358815841
"GCAAGTCGTTTCCGGC-1","male","Microglia",10.5197598798687,10.2119432085304,7.89133067429538,0.290821721724782
"GCAAGTGCACAATACT-1","male","OPC",-8.25968910618481,-8.17935603921132,-9.25848965346341,-6.05456812126228
"GCAAGTGCAGGAATCG-1","male","IN-CGE",-2.97589064999279,14.1400809877662,0.602864697580296,-8.41704876167366
"GCAAGTGCAGGACACA-1","male","Microglia",9.789159522813,12.1243005388526,8.21472640336033,0.435772111586843
"GCAAGTGCAGTTAGCC-1","male","IN-CGE",-2.99366308613476,14.1265035265235,0.707420304422337,-8.48501045448371
"GCAATAGAGAGGAGTC-1","male","Microglia",8.54772828654591,10.529382287815,6.95398946106907,3.28919523017815
"GCAATAGAGTTTGAGC-1","male","Microglia",10.2039859159404,10.754799424961,8.63268657029148,0.487056633405004
"GCAATCTAGCAGGCCT-1","male","Astrocytes",2.09554742411915,-3.06687635247426,-2.01827995478634,-2.27889806968757
"GCAATGAAGGTCTTGG-1","male","IN-CGE",-11.743290199477,8.87511783774181,3.31505341828342,-8.359149286576
"GCAATGAAGTTGGCCA-1","male","Astrocytes",-2.90948869152721,-4.16665595833974,-1.27209170162205,-3.14481956703254
"GCAATGTTCCCATAAA-1","male","Oligodendrocytes",6.31599973277393,0.923931896045638,-0.044042691583675,10.7865235115807
"GCAATGTTCCTGTTCA-1","male","Microglia",8.62606023387257,9.56417804892345,6.80736108124729,1.85989820020608
"GCAATGTTCGGTTTCC-1","male","Astrocytes",2.44918416575733,-2.98792499367909,-1.2212676554871,-2.44262892944404
"GCAATGTTCGTTCACC-1","male","Oligodendrocytes",6.31227420405689,1.22165346081538,0.943948701028782,11.1466099526208
"GCAATGTTCTACCTGC-1","male","IN-MGE",-11.9792273180073,2.6097655885963,6.20118089020725,-5.0808084700782
"GCACATTAGTAACAGG-1","male","Astrocytes",0.686348305504952,-3.35304158990102,0.277693822984654,-2.83442671043464
"GCACATTAGTTAGTTG-1","male","IN-MGE",-11.1397793428486,2.06467533047481,6.73071141541477,-5.54527361137458
"GCACCTAAGACCATAC-1","male","IN-fetal",-10.3069994585102,10.6461558931617,-3.21230106055264,1.5745403076928
"GCACGAACAGCATTAT-1","male","IN-CGE",-11.3899834291523,9.22910839255138,-0.693256020541233,3.1546355988305
"GCACGAACATAATGAG-1","male","Astrocytes",2.53426049784962,-2.96340411965566,-1.33504633605008,-2.18277914268562
"GCACGGTTCATGCCTC-1","male","Astrocytes",2.56393550471607,-3.01141542260365,-2.64769427477841,0.272329440287862
"GCACTTACATAACGGG-1","male","Microglia",11.0125777585918,11.781883775547,7.96904845536228,0.749276017717634
"GCAGCAACACCCTCAC-1","male","Microglia",10.842418418687,12.1259551637916,8.24531073868747,0.23741667526177
"GCAGCAACAGGAATCG-1","male","Microglia",11.3302581174785,11.050682603672,8.31657691300388,1.06428964989594
"GCAGCAACATAAGTTC-1","male","IN-MGE",-11.4679033891743,2.19327372248454,6.50595040619846,-5.22548658592292
"GCAGCCAGTAATCCCT-1","male","Microglia",-6.24726511402782,-4.76385206048207,-2.83388952910427,1.83195780771187
"GCAGCTATCATTTGTC-1","male","Endothelial",-0.261162249881592,-15.617099226162,-2.50525288283352,3.38800781028679
"GCAGGAAGTAGTCAAT-1","male","Microglia",6.91299556330982,1.33100011880679,0.79417426884647,12.0659662987511
"GCAGGAAGTTACCGGG-1","male","Microglia",10.5479171140606,10.7219243639259,-0.588614597911876,-3.66941673500129
"GCAGGACCACCTAATG-1","male","Astrocytes",2.4176606996471,-2.95386403863149,-1.64299909770016,-3.02649028045722
"GCAGGATAGCTGTAAC-1","male","Microglia",9.80052350596729,11.2644181841163,7.48684974015232,-0.135968992539134
"GCAGGCAAGGAACCAA-1","male","Astrocytes",1.83255194262806,-2.86789888207631,-0.262640580530208,-2.61104829055854
"GCAGGCAAGTGCTGTG-1","male","IN-MGE",-11.1217224733418,0.3992707126884,8.07412047684665,-5.90328390342781
"GCAGGCAAGTTGGCCA-1","male","Endothelial",-0.763585640627708,-15.8200220472069,-2.35110180079464,3.40993778961113
"GCAGGTTGTAATAACC-1","male","Microglia",8.94319127635304,11.6604066484718,7.12614531815525,1.51573359029702
"GCATATATCAGCATTA-1","male","Endothelial",-0.982052131134834,-15.3818926221581,-2.72335843741421,3.00403015869072
"GCATGAAAGGGATTAG-1","male","Microglia",10.2534110410625,11.0751586550025,6.10883422196384,2.3688815142434
"GCATGAAAGGTACCGC-1","male","Astrocytes",-1.26017613573727,-4.56650823418813,-2.60447840392117,-0.641627499886241
"GCATGAGCATCGTTCT-1","male","Oligodendrocytes",6.70112918452564,0.879902958229019,0.999815657739598,10.7903553749841
"GCATTAGGTACTTCAC-1","male","Oligodendrocytes",4.02972100810352,4.61026173765941,0.514371231203038,11.6772219445031
"GCATTAGGTCCTAGTT-1","male","OPC",-5.52563311024364,-12.9807295209618,-12.5844803303433,4.31855623977593
"GCATTAGGTGTTCCCA-1","male","OPC",-8.9093439714497,-9.08127349679189,-9.13427834212307,-5.5554121230323
"GCATTGCCAATTAAGG-1","male","Microglia",3.33883403376881,4.7982204550056,0.432422354822117,-3.3677843306739
"GCATTGCCAGGATTAA-1","male","IN-MGE",-14.1217959062642,1.70282803411765,4.88685126603122,-5.59990436775276
"GCCAACATCCAAACAC-1","male","Microglia",11.5840442045147,10.4888091676979,8.67154021561618,0.315686514548574
"GCCAATAGTCGTTACT-1","male","OPC",-8.01818491383251,-8.47818797890858,-9.74911598860745,-5.78941137535163
"GCCAATAGTTCATTTG-1","male","Microglia",-6.1177818910664,-4.63932985131459,-2.85556654631619,1.64657454746178
"GCCAATTAGCTGTAAC-1","male","IN-CGE",-9.54977632923779,10.0327287309913,2.17355509102817,-9.10136158210823
"GCCAATTAGGACTTAC-1","male","Astrocytes",2.95650838450733,-3.76890415017323,-0.325861081476253,2.67040758388451
"GCCAATTAGGCGCATC-1","male","Microglia",8.74099134043995,11.4628701799659,8.79599757493015,0.207930197886739
"GCCAATTAGGGATGAC-1","male","Astrocytes",2.44618772105518,-4.45809739892201,-1.41777621209149,-2.31085498077461
"GCCAATTAGTGAGCAA-1","male","Oligodendrocytes",5.78716920451466,2.16543173725886,0.987478330736119,10.7514445092004
"GCCACAATCGCTAGTG-1","male","Astrocytes",2.63222931460682,-3.16600316827016,-1.80244366824154,-2.1152208541114
"GCCACACAGCGATACT-1","male","OPC",-5.2183449403828,-13.0070690519066,-12.8827839344693,4.47233884590081
"GCCAGGAAGGTTAGAG-1","male","Astrocytes",-3.19136001034435,-4.0806230909081,-2.07656066119198,-1.88550073844978
"GCCAGGAAGTCGCAAT-1","male","Microglia",8.64593289927784,11.5887809389381,6.23546452820774,2.41303484695366
"GCCAGGTTCAATCTAG-1","male","IN-MGE",-14.2888872758931,1.06587058241649,7.04383988678928,2.89213674323967
"GCCAGGTTCTTAATGG-1","male","Microglia",11.2987449033672,10.2378183000831,7.95745845139499,0.972601261868689
"GCCATGATCCTTAATC-1","male","Endothelial",-0.32482576234993,-13.9201950437279,-2.69906418025021,3.10058229225091
"GCCATTACAAGTAAGC-1","male","Microglia",8.52040074900929,11.9558110826759,-0.24475018679623,2.45857458370141
"GCCATTACAATATAGG-1","male","Astrocytes",2.04609774188343,-3.08889383141713,-2.08705548941616,-2.10848242981025
"GCCATTACACCTCAGG-1","male","Microglia",8.71441720561329,11.3791385286598,8.75673384964939,1.31813227193764
"GCCATTACAGGAACCA-1","male","IN-CGE",-10.9859497682637,11.5271449678688,0.736585810785252,-8.30414516670295
"GCCCAAATCACTAAGC-1","male","Oligodendrocytes",6.59516929225269,1.76882398064418,1.08827133477207,11.492187192611
"GCCCATAAGCTTAGCG-1","male","Astrocytes",0.607980714600716,-4.32380431954579,-1.75132624804501,-2.19825393898078
"GCCCATAAGTTGTCTT-1","male","Astrocytes",2.04200600222889,-3.25713294808583,-0.769150666887802,-2.74683363182136
"GCCCGTTGTTAGACCA-1","male","Microglia",5.27302669123951,-4.34120029275136,1.37318344414707,9.58303993003777
"GCCCTCATCCCTCAAC-1","male","OPC",-8.66669203205761,-9.54186385934071,-3.55794386565213,1.53738241451195
"GCCGTGAGTAGCCATA-1","male","Astrocytes",-2.40811325474438,-4.39725345437245,-2.01171617209439,1.61575691955498
"GCCTAATAGGCAACAA-1","male","Microglia",10.6687247617656,11.7392488115577,6.9369277507114,2.04176204460076
"GCCTACTTCACCTGTC-1","male","OPC",-7.07110716267284,-5.99270194832997,-10.2602434605313,-6.65105421287605
"GCCTACTTCAGGGCCT-1","male","IN-CGE",-3.08163143559154,14.2139583223609,0.663226559762913,-8.45259506446907
"GCCTATTGTATTGTCC-1","male","IN-CGE",-10.9234907762593,11.3929257982521,2.94092126191135,-10.5046609137733
"GCCTATTGTCGACTCC-1","male","OPC",-5.25340868397411,-12.9872717267724,-12.4428797215176,4.16559498565606
"GCCTATTGTTTCCACG-1","male","Microglia",11.8379533155376,10.9300008409767,6.36475510895725,2.32743029849938
"GCCTCAAAGACTTACA-1","male","IN-MGE",-11.5343315736836,2.31739717657848,6.76265664399143,-4.97843343956062
"GCCTCAAAGTATCGCG-1","male","Microglia",9.98251508311573,11.2043901079444,8.15784354508396,-0.180891105957713
"GCCTCCATCTAACTGA-1","male","Microglia",11.4213034971172,10.8553329103736,6.74355216324802,2.10946028488091
"GCCTCGACAGGGAGGA-1","male","Astrocytes",2.01336978511158,-2.438623369381,7.81301112473484,-5.72575790626594
"GCCTGACAGGGTGGAT-1","male","Microglia",-2.67809416218456,14.0154424303321,0.315415814523655,1.32505347388199
"GCCTGAGGTGTAACCA-1","male","Oligodendrocytes",3.02762316302601,4.86417394812389,0.269886448984105,11.5521475579064
"GCCTGAGGTTGCGGAT-1","male","Microglia",6.88899301127735,10.2294974916725,8.83674712479587,0.734853928856168
"GCCTGCTGTAGGATTT-1","male","IN-MGE",-14.4965508119648,1.26002538140102,4.05135293305393,-5.42512161476203
"GCCTGTGCAGGCATGA-1","male","Astrocytes",2.11037729815784,-2.93927043740468,-1.40579746663098,-2.63458544952461
"GCCTTAACATTGTCCT-1","male","IN-MGE",-11.3975651399678,0.250794708087875,8.11444564164158,-5.95683033210823
"GCCTTACTCCCTCATA-1","male","Microglia",7.37914489344898,10.9571729295997,8.52692313492771,0.736782794765744
"GCCTTACTCGGTTTGG-1","male","Microglia",10.3143775327617,11.2740045183448,8.39925093949314,0.9177252668362
"GCCTTACTCTAACCTT-1","male","OPC",-5.30590273304638,-13.0057834989281,-12.621209189291,4.46615188377312
"GCCTTACTCTCCTCTT-1","male","Pericytes",7.81748937205616,-13.0531324750634,-4.19917468726162,4.43702810066155
"GCCTTAGAGGCGAAAC-1","male","Microglia",11.3885781629497,10.7027392977027,7.94313521683689,1.6123935486596
"GCCTTGCGTATTACCC-1","male","Astrocytes",-4.19892050190624,-3.64551633660512,-2.86604337393765,0.6396117712777
"GCCTTGCGTTACAAAC-1","male","IN-MGE",-14.3976729051655,1.168993651226,4.2413563281345,-5.32708675605842
"GCCTTTGGTCACCTAT-1","male","Microglia",10.5976111753399,12.4078794115333,8.67956729233738,0.66349424975327
"GCCTTTGGTTAAGTGT-1","male","Pericytes",8.68427346782032,-12.8583816892357,-4.00238017737393,4.64027660148552
"GCGAGTGAGGTTACAC-1","male","Microglia",9.79307530955616,10.3896375292091,8.19563479722019,0.331676414183889
"GCGATATTCCTCAGTC-1","male","OPC",-7.84444309635815,-9.37206977669911,-10.2971573322964,-5.28455049736091
"GCGATATTCTGGCATG-1","male","Microglia",-6.04821230335888,-4.18674033944325,-3.05372409522061,2.12130670803002
"GCGATTAGTAAGCTCA-1","male","Microglia",11.2084548337871,10.8981204622535,7.69334216416355,0.609707495145116
"GCGATTAGTGAAGCCT-1","male","IN-CGE",-11.5814707414692,2.44606709416194,2.40209503472324,-8.84242183906623
"GCGATTAGTTACTTCA-1","male","OPC",-7.77459169789013,-7.19931835000234,0.0843286067294658,1.39384066121987
"GCGATTAGTTGCAATG-1","male","Astrocytes",1.52034638957325,-3.630038679287,-0.189667806024593,-2.9102123473365
"GCGATTTAGGAACGGT-1","male","Pericytes",8.13014005259815,-13.3300175077172,-3.30808357893948,4.78637998359612
"GCGATTTAGTAGCCAT-1","male","Microglia",10.7895820005352,12.0387578600196,7.07281203568454,3.10626404540947
"GCGCAATGTCACGAAC-1","male","IN-MGE",-14.0689823762959,1.61362082447095,4.25784440339084,-5.45678026420661
"GCGCCTTGTATTGTGG-1","male","OPC",-9.11500288410839,-9.44121974770741,-9.46082596480374,-6.44398004753181
"GCGCCTTGTGTTGCTT-1","male","Endothelial",-0.524295310068693,-15.4534773236962,6.75239367783542,-5.33914787513801
"GCGCCTTGTTAAGGCC-1","male","Pericytes",7.88935731486622,-12.603725851223,-3.96505479514126,4.50648038642815
"GCGCGATTCCCTTGCG-1","male","Astrocytes",-0.555506995457973,-4.32511466805653,-1.17726801335339,-2.6967170928199
"GCGCGATTCCGTTAAA-1","male","Oligodendrocytes",6.03306935862843,1.2914663844852,1.24767871201511,10.4469391609948
"GCGCTAGGTATTTGGG-1","male","Endothelial",-0.508621946487393,-15.6872305280419,-2.94434241950039,3.60815899627617
"GCGCTAGGTCCCGAAG-1","male","OPC",-8.12331224842724,-9.4671272641869,-9.5031300038052,-6.66376812202522
"GCGCTAGGTCGCAAAC-1","male","OPC",-8.01840616627392,-9.62024158303456,-9.59773640334133,-5.49262649757453
"GCGCTTAAGTAGCCAT-1","male","Microglia",1.9626989229137,-3.87609428231435,5.8478221446323,0.387365093402181
"GCGCTTGCAGGAACAT-1","male","IN-CGE",-9.93023992939648,9.81573253805919,2.80809040368076,-9.39542991859504
"GCGCTTGCAGTGAACG-1","male","Pericytes",7.9517981870586,-13.4138044721337,-4.02488641440396,4.44823353546074
"GCGCTTGCATTGTGAT-1","male","Microglia",9.02508710460011,11.7573276155738,8.41351123154636,0.785793682507787
"GCGGAACCAAGGACCA-1","male","OPC",-8.34756781025585,-9.27998489205556,-10.047502562399,-5.94554502708503
"GCGGAACCACAAAGAC-1","male","Astrocytes",2.65243838862721,-4.19548744027333,-1.75735364853863,-1.99587638122627
"GCGGGTTTCAGCAAGA-1","male","Microglia",10.810680137437,9.92557388479991,7.83480544388767,0.305818786792074
"GCGGGTTTCGAGCAAA-1","male","Astrocytes",-2.17808510227856,-4.32921785180287,-2.16041223704342,-2.41094834549018
"GCGGTTGGTATTCGCT-1","male","IN-CGE",-11.6097548143452,8.66537767584605,3.21370311081882,-8.50042946083137
"GCGGTTGGTCAGGAAG-1","male","OPC",-6.05362249775585,-4.76535743539052,-9.6291122883511,-6.71309549552986
"GCGGTTGGTTTGCAGA-1","male","IN-CGE",-11.678858055312,8.81146198447032,3.30947728455539,-8.40332824928352
"GCGTGCTAGCAGGCCT-1","male","Microglia",10.4171397550518,10.4815888994483,8.3239659816074,0.0347165371697286
"GCGTTTCTCTATCGCC-1","male","Astrocytes",-2.78558684750256,-4.02302354638295,-1.61850957571987,-2.35706670028755
"GCGTTTCTCTATGACA-1","male","Astrocytes",-1.6992609636372,-4.38846963708119,-2.45057491957669,-0.852946231194224
"GCTAACAGTGTCCAAA-1","male","Microglia",9.82988618449513,12.326242029026,7.5870799571323,1.06294248806647
"GCTAACAGTTAAGCGC-1","male","IN-CGE",-10.86891390248,10.1736674898414,3.2941202670383,-9.81004841072151
"GCTAACCCAGAATGAC-1","male","Microglia",-6.0506637231892,-3.76368278329091,-3.29439191519741,1.43691413658074
"GCTAACCCAGCAAGTG-1","male","OPC",-8.4488160745686,-9.70021289651112,-0.242956444616359,-4.15434200508186
"GCTAACCCATAGCTGC-1","male","Astrocytes",-0.383911176163521,-4.60848754708485,-1.50608889758114,-2.75022346717903
"GCTAACCCATTGTCAG-1","male","Astrocytes",-1.6423796550816,-4.51015847985463,0.134805753831822,1.59425221937111
"GCTAAGAAGGAGCACG-1","male","Pericytes",8.49016831950489,-13.3139328366967,-4.09844689070706,4.4327425267022
"GCTAAGCGTAACCTAG-1","male","Astrocytes",1.60592316226307,-3.72310394112782,-0.123771712179226,1.88776182191781
"GCTAAGTTCATAATCG-1","male","Astrocytes",1.79987596110645,-4.4135145551415,-0.742319494481128,-3.18434555275032
"GCTAAGTTCATCCTCA-1","male","Microglia",-5.96557737751659,-4.45105308358388,-3.31034879385952,1.41907667177132
"GCTAATATCCCAGTAG-1","male","Microglia",-5.59889437122997,-4.23702758614735,-3.0390096157742,2.02481000678948
"GCTAATATCCTAATAG-1","male","Astrocytes",1.68963955478016,-3.32799238030629,-1.56600831448559,-2.65377719146797
"GCTAATATCGCAAACT-1","male","Endothelial",-0.155787481505241,-14.3616155988427,-2.8980925530148,3.24784844177178
"GCTAATATCTTAAGTG-1","male","Microglia",8.4364869459087,11.0684056871681,8.65472503006931,0.573432167939458
"GCTAGCCAGGCGCTTA-1","male","Microglia",8.1566493375713,10.690590440586,8.33078666031833,1.55182611005715
"GCTAGCGGTAGGATTT-1","male","Microglia",8.08056424693409,10.9398637407569,7.96236415207859,0.823694562486921
"GCTAGCGGTGGGAACA-1","male","Microglia",4.34145997599903,-4.25190681283193,-0.435282006855053,-4.06966907722541
"GCTAGCGGTTACAACG-1","male","VSMC",12.1779496534282,-3.84930604760365,-3.54168085753445,5.33891074912957
"GCTAGCGGTTTACTTG-1","male","Astrocytes",2.55034707621876,-3.18185848061757,-1.15664191543583,-2.57009417755195
"GCTAGCTCAGGTATTT-1","male","Pericytes",8.34108518199268,-12.9910187131615,-3.11815242468838,4.80978315132073
"GCTAGTGTCATTACAG-1","male","Oligodendrocytes",6.43831561641041,1.08402338559909,0.230294659738499,10.5762173439782
"GCTAGTGTCTACCTAT-1","male","Astrocytes",0.669266210358772,-4.27957719628529,-2.01039128005032,-1.08361465675422
"GCTATAGGTAGGTTTG-1","male","OPC",-5.94227911396679,-4.70823234383778,-9.50661949812893,-6.64435417396614
"GCTATAGGTCATCCTG-1","male","Oligodendrocytes",3.03442452983204,4.82752686674876,1.15449424088474,11.1897227074426
"GCTATCCTCATTACGA-1","male","Microglia",9.58532212809864,10.9817739122657,7.93451209366794,0.290861656836782
"GCTATCCTCCTAATGA-1","male","OPC",-9.04432989521679,-9.66723007027821,-10.0135975331021,-5.71225435478279
"GCTATCCTCCTCCCTC-1","male","Microglia",11.6858899457866,11.2364745729713,7.95811744034763,0.0936508085053304
"GCTATCCTCGTCATTT-1","male","Oligodendrocytes",2.69128011302296,4.78437238867564,0.889638379220921,10.656192472152
"GCTATCCTCTGGCTTC-1","male","Microglia",8.99727891520802,11.5343385332374,8.11483569443699,1.3454245831292
"GCTCACAAGGTAGCTT-1","male","Microglia",9.89402459697071,11.2198367708473,7.65523810685154,0.815099021367345
"GCTCACAAGTTCCCGT-1","male","IN-CGE",-11.2493946687764,9.6612153642921,3.24815936387058,-9.12286979896614
"GCTCATTGTATTGAGT-1","male","Microglia",10.2218386991436,11.5556455248146,8.24131388962742,0.237730434111867
"GCTCATTGTCATAAGT-1","male","OPC",-8.27179552479443,-9.20223563973622,-10.8414984196377,-6.04827530128547
"GCTCATTGTTGCAGTA-1","male","Microglia",8.82501195506397,11.5510879152565,6.59896607697483,2.04302327888421
"GCTCATTGTTTAGTCC-1","male","Microglia",11.3361909254009,10.9379659288673,1.57175059617038,9.81998126762322
"GCTCCTTAGGTACCGC-1","male","Astrocytes",1.99159024791065,-2.61899179284291,-0.988932803268474,-2.71691281539985
"GCTCTGGCACCGTTCC-1","male","OPC",-8.21700073643383,-9.46895927254872,-9.28984265028958,-6.15945417625495
"GCTCTGGCAGTAAAGC-1","male","OPC",-8.52204348011669,-8.85183757607655,-9.42820744215969,-6.34483225090095
"GCTCTGTTCGAGCTAT-1","male","Microglia",-7.09125257893261,-6.02457755868153,-8.31606297194485,-6.26505977851936
"GCTCTGTTCTTAGCCC-1","male","Oligodendrocytes",3.6417658193523,4.87940674956126,1.17946763337131,10.0467230583947
"GCTGACATCATTTGTC-1","male","Microglia",8.34411881999317,11.1277433031349,8.03500457108493,-0.0735920165259502
"GCTGACATCGCTAGAT-1","male","Pericytes",8.35962556437794,-12.9519743329735,-3.36225919425015,4.83832781570366
"GCTGACATCGGTTACG-1","male","Astrocytes",2.13954304293934,-2.98491710488515,0.339107945566136,-0.0814773534018657
"GCTGAGGAGGCCTGGT-1","male","OPC",-5.75682331486401,-4.56692785088735,-10.5255041569424,-6.33017332298347
"GCTGAGGAGGCTAGAA-1","male","Oligodendrocytes",6.51480601863209,1.24619275267406,0.684651449327427,10.7052704598229
"GCTGAGGAGGGTGAAC-1","male","OPC",-7.83511711521801,-8.07122749154286,-9.14974693953518,-6.65021593315193
"GCTGATCCAAATGCCC-1","male","Oligodendrocytes",3.54108499125782,4.73945337469859,0.813535168771702,11.3812214638512
"GCTGATCCATGAGCAG-1","male","Astrocytes",-1.7962292568272,-4.26203388039784,-0.842935129413311,-2.7344938014228
"GCTGCAATCAGCAAGA-1","male","Oligodendrocytes",5.99134038523975,0.908366023853256,1.38906283677097,10.2471758629601
"GCTGCACAGTCATGCG-1","male","Microglia",9.48744653300587,11.5465255373268,8.39492221177097,0.520543774537359
"GCTGCATCACGGTACT-1","male","IN-CGE",-11.5613911287373,11.7176404588966,3.4238400012302,-10.676511118241
"GCTGGATGTTAGTTGG-1","male","EN",-5.39427782459911,-3.30428928200917,-0.855259754690271,2.87016742484978
"GCTGGTTCACGAATCC-1","male","OPC",-8.23453833027538,-9.49089664284901,-9.30161957442288,-6.5027359221656
"GCTGGTTCATAATGTC-1","male","IN-MGE",-17.9526236192768,4.47656422789378,4.77165503800388,-5.98147470695564
"GCTGTAAGTATTGTGG-1","male","Astrocytes",-1.04795403643307,-4.74203389947133,-1.89228372275357,-2.68254310829231
"GCTGTAAGTGCCGCAA-1","male","IN-MGE",-14.1735565797871,1.54416341643019,4.29436488450046,-5.48759872657844
"GCTGTACCACGAATCC-1","male","Astrocytes",2.31224368647877,-3.44969743554311,-1.4167293757153,-2.33062393409797
"GCTGTACCAGACAAAC-1","male","IN-MGE",-14.2991459505146,1.40732049132867,4.20517392457004,-5.5738538001258
"GCTGTGATCGAGGAGT-1","male","Astrocytes",-1.47576333447155,-4.50466817681508,1.16541571915622,3.12556998985222
"GCTTAAATCATTTAGG-1","male","Microglia",5.12823699549976,-4.21923011605458,1.58661814034458,2.38389699714592
"GCTTAAATCCTAGTCC-1","male","Microglia",10.5508077009136,11.0413156145362,8.52341075242038,0.414622297457967
"GCTTAAATCGTTATCT-1","male","Oligodendrocytes",5.39004729823414,1.41726878221316,0.716263249521214,11.1488072182458
"GCTTAACAGACAAACG-1","male","Microglia",10.4541261060649,10.9011054628639,8.00230784714695,0.628183295897756
"GCTTAACAGCGCTAAT-1","male","Microglia",10.3340203626567,11.3083863847999,6.37626500428196,2.28511755721978
"GCTTAACAGGAACACA-1","male","IN-MGE",-14.4921200410908,0.963357865169479,4.17930646241184,-5.54414112312385
"GCTTACCTCCAAATCA-1","male","Astrocytes",-0.628119452435341,-4.15375989739613,-0.969452515239757,-2.33414060813972
"GCTTACCTCCAATTAG-1","male","IN-MGE",-13.405064834792,1.93805333907886,5.30738349259372,-5.47267753822395
"GCTTACCTCGCTAGAT-1","male","OPC",-8.5876076356953,-8.67055934731679,-9.52451138197903,-5.79235441429206
"GCTTACCTCGGGATTT-1","male","Microglia",-6.12742878361401,-4.56706661050038,-3.12823586165432,1.7475675846856
"GCTTAGTAGGCTGGCT-1","male","OPC",-7.94122816487011,-7.06471866433339,1.55971927941318,1.95467322128228
"GCTTAGTAGGGATGAC-1","male","EN",-7.18366171284374,6.80873876745982,0.523294404153782,2.59294741409234
"GCTTAGTAGTTATTCC-1","male","Astrocytes",2.53712342814747,-3.59117072884755,-1.25705184041981,-2.84205682022163
"GCTTATCGTTTGTCTA-1","male","Microglia",9.64070008830372,10.9144092195777,1.41829939187046,-2.3171673510749
"GCTTCGCGTTTCGCGC-1","male","Microglia",11.073694930833,10.0438733690528,7.93584723771091,0.982376597769175
"GCTTGACCAGCACGAA-1","male","Microglia",6.6271607740337,10.1712995165138,5.90863318741794,0.542384257487569
"GCTTGTTGTAATAACC-1","male","OPC",-8.87207056446728,-8.32391876046376,-10.9990559071255,-6.10887987358161
"GCTTGTTGTACGGTAC-1","male","Astrocytes",-0.200332297522392,-5.09880966012196,-1.76348392664914,0.240648141078267
"GCTTGTTGTTGTGATG-1","male","Pericytes",8.77486871318165,-13.1538175946923,-3.0325968712521,5.32697074668816
"GCTTTACGTTAAGGCC-1","male","Endothelial",-0.394220671195354,-15.6584181195946,-2.53286235033993,3.11009185569695
"GCTTTACGTTAGGCGT-1","male","Astrocytes",0.672314868729744,-4.42742532555776,-1.08997315167908,-2.08237297279426
"GCTTTATTCAATGTGC-1","male","Microglia",8.59662698344532,11.5041289919166,7.348421052103,0.214890947512899
"GCTTTGTGTAATGGAA-1","male","OPC",-5.1744110719746,-13.2310108548851,-12.7990427464199,4.39690153854302
"GGAAACTCACCCACAG-1","male","Pericytes",8.46839307383839,-12.6582960492821,-3.14832119643216,4.66587822692803
"GGAAACTCACCGTTCC-1","male","Pericytes",8.19258283213917,-12.7837881452294,-3.75804691016201,4.38574831741265
"GGAACAATCCTGATTT-1","male","Microglia",10.947211967271,11.1418281191139,8.15551467240329,1.4455716218274
"GGAACAATCGCTAGTG-1","male","Microglia",8.41158937053028,11.7405934923439,7.8127240687656,1.44928370969704
"GGAACAATCTTAGGAC-1","male","Endothelial",-4.32176209850964,-3.7814869291039,-1.48878060280804,3.14987986343316
"GGAACCACAGCAAGTG-1","male","Pericytes",8.71267674998585,-13.0084843045922,-3.32531099020962,4.89494889038018
"GGAACCTGTGTGCACG-1","male","Microglia",9.23512433604542,10.7537398927955,8.54734607041355,0.906619517080102
"GGAACCTGTTAGCGTA-1","male","Microglia",8.19423459605518,11.0870338075904,8.86648364365574,0.54033192055634
"GGAACGGTCCACAATA-1","male","Microglia",10.1182486875469,10.6322112673072,7.48870845139499,0.752448653749738
"GGAACGGTCCCGCAAA-1","male","Microglia",11.1090352399761,10.7519307726173,8.66475863755222,1.00744624616912
"GGAACGGTCGTAATCA-1","male","IN-MGE",-11.3662216798848,0.02116578753276,8.08718295395847,-6.01940376503059
"GGAACTAAGTATTGGC-1","male","Endothelial",-0.336204885084,-14.117289007351,-2.71357910334591,3.28204911010674
"GGAACTAAGTCATTTC-1","male","Astrocytes",0.131025539200935,-4.29380124871449,-0.58608399331097,-2.73446709854194
"GGAAGCTAGCAAGGTA-1","male","OPC",-8.20926262303051,-8.47449630562978,-10.8066616505337,-5.94272262794563
"GGAAGTATCGAGCAAA-1","male","Astrocytes",-6.28329159184154,-10.91333526437,-0.212728962297481,-3.98570520622322
"GGAATCTTCACTTCAT-1","male","OPC",-5.24520851536449,-12.989377439663,-12.6354093998623,4.3137285019677
"GGAATCTTCCTTGAGG-1","male","IN-MGE",-11.2621166841572,0.340924798801376,8.10148616135593,-5.98691541893074
"GGACAGCCAATAAGCA-1","male","Astrocytes",1.281027541917,-5.55403703515248,-0.284487530584377,-0.197247335739817
"GGACAGCCAGCACGTT-1","male","Microglia",8.94448827342335,10.3998962038307,8.43765826523777,0.68170618074349
"GGACAGCCATAAGTCT-1","male","Microglia",6.61756824092213,10.1193442934303,7.42481799424167,0.855478828720365
"GGACATAAGCTTATGA-1","male","Oligodendrocytes",5.94299958781544,1.72972907061858,0.746421292428929,11.1731125618737
"GGACATAAGTCACTCC-1","male","IN-MGE",-14.3197548524922,1.09669372375293,5.10252280533786,-5.80812246543952
"GGACATAAGTCTTGAA-1","male","Microglia",11.100137458604,10.1416240328102,8.15594287217136,0.620273550919805
"GGACATAAGTGCTGTG-1","male","Microglia",11.2739550931865,10.6962762468605,7.39496226609226,1.3481951858323
"GGACCGAAGTATGTGC-1","male","Astrocytes",-6.2857244150227,-10.9881405240746,-3.13308458029751,1.53491847770623
"GGACCTCAGTGGACAA-1","male","OPC",-5.26224113865551,-13.3646883374901,-12.5127125233365,4.17597978370598
"GGACCTCAGTTATCCT-1","male","Astrocytes",-3.64337994023022,-3.96351522271352,-0.109771654005092,2.97922199027947
"GGACGAAGTATTTGCC-1","male","OPC",-8.18271566792187,-9.69075244729237,-9.75101570784573,-5.27664835197517
"GGACTAAAGCCTGATG-1","male","Astrocytes",1.97203396395985,-3.62375205819325,-2.46311406790737,0.531344851426397
"GGACTAAAGCTACTGG-1","male","Microglia",11.2284180982524,11.3807817095069,6.37548013031955,2.23920350330285
"GGAGCATAGTGTGATC-1","male","Astrocytes",2.06230805949513,-3.19425433938222,0.683704927568394,0.360095133952413
"GGAGCGATCCCAGTAG-1","male","IN-CGE",-10.4688933031147,9.54167801077647,2.84486408532138,-9.36310417396614
"GGAGCGATCGGTTCCT-1","male","IN-CGE",-11.6389963762349,11.2163568132667,3.41935820878025,-10.6405080054481
"GGAGGTTAGGACCAGG-1","male","OPC",-8.60113169117626,-8.23279041115956,-10.460040137167,-5.60306913597175
"GGAGGTTAGGCCTAAT-1","male","Microglia",4.40137504176441,-4.29062455956654,0.177752569322544,-3.9385998938758
"GGAGGTTAGGTTACAC-1","male","IN-MGE",-14.094216598708,1.62693986232562,4.75291962922092,-5.54166633827278
"GGAGTCTGTATTCGCT-1","male","Microglia",10.9976088865215,10.5209117525367,0.179601386194188,-4.49417526466438
"GGATAACCACCATATG-1","male","IN-MGE",-14.3557827608174,0.801730095699264,4.71931500733371,-5.87858755333015
"GGATAACCAGGCATGA-1","male","Astrocytes",2.72260211543385,-3.50340312783437,-1.79910705983166,-2.26159722549507
"GGATACTTCAAATCGC-1","male","Astrocytes",1.86417840556446,-3.48797792260365,-0.765012644226593,-2.84619075996467
"GGATACTTCCCTGACT-1","male","Microglia",10.796860442918,11.0347972505836,6.82265706360813,1.9405567552369
"GGATACTTCGCTAAGT-1","male","Microglia",10.9257991178447,9.90484100516124,8.19776721299167,1.62631391542367
"GGATACTTCTTCAATC-1","male","IN-CGE",-11.5183594362324,11.4725785845069,3.46909995377536,-10.5662434790809
"GGATATTGTAGTTGGC-1","male","IN-CGE",-11.3082440034932,11.5313335054664,3.47369284928318,-10.5965216849525
"GGATATTGTTGTCCAT-1","male","EN",-6.19664455815014,6.29109579260631,1.3504802733707,3.10122530715874
"GGATGAATCGGGCCAT-1","male","Microglia",-5.4318049089497,-4.19575113122182,-3.14037112891201,1.78822289960793
"GGATGGCCAACTGGGA-1","male","Microglia",9.69657395915333,12.3667264574317,8.51760287583347,0.846717027894769
"GGATTATGTAATCCCT-1","male","Microglia",-5.89819647236523,-4.48704713647084,-3.12353591620449,1.44214968936852
"GGATTATGTGGGTACT-1","male","Astrocytes",2.17647455767933,-2.81468099419789,-1.73325149714474,-2.39471657020637
"GGATTATGTGGTTCTT-1","male","OPC",-8.70112825794872,-9.79659980599599,-9.39378552138333,-6.36205990058967
"GGATTCAGTGAGAAAC-1","male","Astrocytes",2.60178397731129,-3.39540857140736,-1.44262926280026,-2.45483667594978
"GGATTCAGTGTGCAAC-1","male","Microglia",8.71740602092091,10.5092845552711,6.55630727112766,1.53633826034478
"GGATTTATCATTACTC-1","male","IN-MGE",-13.5873272554463,1.89476749236865,4.6891364604282,-5.72660333854743
"GGATTTATCTTACTCG-1","male","Oligodendrocytes",6.22744582728687,0.544058441474868,0.868174985055882,11.8596359993737
"GGCAAATCACGAATTT-1","male","Astrocytes",2.71596644954029,-3.74031871621327,-1.64142052828793,-2.79195482475349
"GGCAAATCATAGACTT-1","male","Microglia",10.9183566434795,10.3899293535499,7.58344836533542,1.43612547772339
"GGCAAGCCAAGGTCCT-1","male","Microglia",10.0793473585064,11.1872163408546,8.97969813645359,0.852071693114553
"GGCAAGCCAATCCTAG-1","male","OPC",-9.73871447010693,-8.66438335244374,-10.2026577442837,-6.04974920494148
"GGCAAGCCACGAATTT-1","male","Astrocytes",2.57389496402088,-3.32117122475819,-1.08023430406575,-2.26330263359138
"GGCAGGATCAATGAGG-1","male","Oligodendrocytes",5.60701821879688,1.19391065771861,0.64847822487827,9.99936931388787
"GGCAGGATCAATGTCA-1","male","Endothelial",-0.709300963718262,-15.1063055402489,-1.52094559370999,3.29473035591057
"GGCAGGATCCTTCTAG-1","male","IN-MGE",-11.2038405077046,0.032566367938949,0.118915215139347,1.31036307471207
"GGCATGGAGCGAGTAA-1","male","EN",-5.40362764759716,-2.80755418603139,-0.665035799140972,3.17310087936333
"GGCATGGAGGGATGAC-1","male","Astrocytes",0.745309220116768,-4.35508817498402,-1.30977667867665,-1.75408084137031
"GGCATGGAGTAGGATG-1","male","IN-CGE",-3.23724152012524,14.1798005693702,1.68703527749057,-0.670483419724192
"GGCATTAGTTACAACG-1","male","OPC",-4.78968788548168,-13.2576202756615,-12.8274622410489,4.40414827125481
"GGCATTGTCATGTGGT-1","male","Microglia",10.6194856031353,11.7186589830665,6.9876017123508,2.06145589607171
"GGCATTGTCCTGCGAA-1","male","Astrocytes",2.09156702594105,-3.80274576012807,-1.73134724795346,-2.58971936447212
"GGCATTGTCGTTATCT-1","male","Microglia",10.61963246898,10.1858735674171,8.64306254685398,-0.216281959839549
"GGCCAACTCGGTACGC-1","male","IN-MGE",-14.1498129503315,1.64989854331298,4.75693316758152,-5.52102215034553
"GGCCAGTTCACGTTAA-1","male","OPC",-9.19658972187695,-9.23518890206532,-3.245253607626,1.44740258710793
"GGCCATCAGGAACGGT-1","male","OPC",-8.95637155934032,-9.61769527260976,-9.30370430647854,-6.27405674202033
"GGCCGTTAGAGGATAT-1","male","Microglia",7.89099381999317,11.2708078020362,7.38708205521579,1.16691987770012
"GGCCGTTAGCGCATTG-1","male","IN-MGE",-11.3303444521016,0.372250973537399,8.09174247086521,-6.03814966423103
"GGCCGTTAGGACCAGG-1","male","Astrocytes",-2.98697353764233,-4.11702102486806,-2.84554152190213,0.780065810255323
"GGCCGTTAGGCTATGT-1","male","Microglia",10.1021716459209,10.0285659426002,6.55951781571384,2.1854690815728
"GGCCGTTAGGTATTGC-1","male","Astrocytes",1.46901570395771,-4.82648700539784,-2.65673355757717,0.558787396125112
"GGCCGTTAGTATTGGC-1","male","Microglia",9.83933995799366,10.5079627626686,7.54173465073581,1.06449491339139
"GGCCTAATCCCTCTAA-1","male","Microglia",11.8006741865093,11.4479585283546,8.26247306168552,0.286626985244069
"GGCCTAATCCTCGATC-1","male","Microglia",10.9912421567852,10.4334416979103,7.87473864853855,1.02660172986201
"GGCCTTCGTGACCTGG-1","male","Microglia",7.25430701808277,10.7920957201271,-0.947670653457683,-3.1115964148719
"GGCGATACAAACTGTT-1","male","Astrocytes",0.407869444649849,-4.70689433877187,-1.99225394427304,-1.74653823120185
"GGCGATACAACTAACT-1","male","OPC",-5.52116323872265,-12.9129776365014,-12.6710730045987,4.33080714004448
"GGCGATACAGATAGAC-1","male","OPC",-9.54334570332226,-9.15335124795155,-9.89029888808255,-5.77890140754768
"GGCGATACATAATGTC-1","male","IN-MGE",-14.2654965059346,0.756541251495315,4.29397721589084,-5.84046251518318
"GGCGATACATTAGGTT-1","male","Oligodendrocytes",6.7259943349773,1.12812167341991,-0.392409279937786,10.360598256759
"GGCGCTAGTGAGAAAC-1","male","IN-CGE",-7.78101421757397,10.6382995241432,1.01716049015995,-9.24114258033821
"GGCGGTTTCGGTCATG-1","male","Astrocytes",2.51376246051136,4.93418890173717,-2.83549730479245,1.69238322036675
"GGCGGTTTCTGTAATG-1","male","OPC",-8.17495228214916,-9.04719394509511,-10.0672522038174,-6.04911358100959
"GGCGTTATCCCTGGTT-1","male","OPC",-7.68550707264599,-8.95665401284413,-11.051668211813,-5.65312368614265
"GGCTATGTCCAGGTTG-1","male","Microglia",10.2158648832256,11.7334333055763,7.28560347855564,0.446709444693837
"GGCTATGTCGAAGCGG-1","male","Microglia",9.74278138713184,11.1355577104835,7.07727046311374,1.50012885587624
"GGCTATGTCGTCATTT-1","male","Microglia",-11.6129448549336,11.6848559969215,3.65459199250217,-10.753490755387
"GGCTATGTCTTTGAGA-1","male","Microglia",10.4851310117656,11.5384717577247,8.31102271378513,0.860888084344182
"GGCTCAATCTTTAGGA-1","male","IN-MGE",-14.2413923875874,1.55971942777915,4.34040398896213,-5.28618366462776
"GGCTCACAGGCCTAAT-1","male","Astrocytes",2.14455507830921,-3.1417860395165,-1.33709649741177,-2.21783716423103
"GGCTGAGAGCGATAGA-1","male","Microglia",10.7789609296733,10.6252122514991,8.49675650895115,0.939570322580252
"GGCTGAGAGCTGGCTA-1","male","Endothelial",-0.483697196047571,-16.138188779995,-2.70171539484982,3.24425905006341
"GGCTGAGAGGCTAAGA-1","male","Microglia",8.59018872813526,11.7329116457252,6.46487374604221,2.10737781780175
"GGCTGGTTCACTTTAC-1","male","OPC",-8.06940246983227,-8.86788219277577,-9.62728218733792,-5.65693552238533
"GGCTGTCAGGGTGAAC-1","male","Astrocytes",1.78199790553394,-3.20841449563222,-1.75058279931073,-1.40144998771736
"GGCTTAAGTTAATGCG-1","male","Astrocytes",2.08841847018543,-3.07934087578969,-1.74203215538983,-2.40945417625495
"GGCTTAAGTTTCCACG-1","male","Microglia",11.1681010587627,11.0311847322731,6.99785323441501,1.65397070901803
"GGCTTCAAGAGAGGAG-1","male","Astrocytes",-1.59409727020916,-4.13946861092763,-0.276874944562954,2.83852069633416
"GGCTTCAAGCGGATTT-1","male","OPC",-8.16039825840649,-9.10564082925038,-9.71174435317044,-6.63003999931404
"GGGAATATCACGCATG-1","male","Microglia",8.05358289317432,10.6643653505592,8.78296180069919,0.401137759856496
"GGGAATATCATGGTGT-1","male","Oligodendrocytes",2.17184613780323,4.87844949896617,0.27568860352512,11.052812268905
"GGGAATATCGCTAAAC-1","male","Microglia",10.9782578809673,11.3685680025367,6.42733187973972,0.264770498446737
"GGGATAATCCAATTAG-1","male","Oligodendrocytes",3.74210475520435,4.72829848463817,-3.34387306868557,1.54716043727807
"GGGATTAAGCGATACT-1","male","Pericytes",7.71600507335011,-13.0212740308495,-3.98829297720913,4.62229745643548
"GGGCAATAGTCTGGGC-1","male","Astrocytes",1.98593805865589,-2.60024827782826,0.267847850923497,-2.64226944191047
"GGGCATGAGTCACTCC-1","male","Astrocytes",-1.27833874388393,-4.31925195519643,-0.825000360603374,3.31500141876153
"GGGCATTGTCAGGCAT-1","male","Oligodendrocytes",5.56627105311695,3.05452388460918,1.15743274987217,10.8840986992638
"GGGCCTAGTCCTTTAA-1","male","IN-MGE",-11.7712080614155,1.8889019184856,6.84013600647922,-5.41457588417121
"GGGCCTAGTGCTAGAC-1","male","Astrocytes",-3.60110761089977,-3.75988477532582,-2.1076164692593,-2.49246699554512
"GGGCGAATCGTAATCA-1","male","Astrocytes",0.365695045750771,-3.3346981412621,-1.61924098431591,-2.68742425186225
"GGGTATTTCCGCAAGC-1","male","OPC",-7.64745737477001,-8.75930351082997,-9.17294602095608,-5.02641088707038
"GGGTCAACAGGTATTT-1","male","Microglia",11.3930556638652,10.6856580370216,7.19569106400486,2.86482553737572
"GGGTCAACATCCATCT-1","male","Oligodendrocytes",2.81897448138538,4.82427030737681,1.3340236693668,10.1434113289636
"GGGTCACTCCAAATCA-1","male","Microglia",-6.00195576115307,-4.61901754204945,-2.92118839919094,1.7521126772683
"GGGTGAAGTGTGCACG-1","male","Microglia",10.0644223554546,11.2216144197731,7.64293856919284,1.07694650994948
"GGGTGAAGTTGCTGGG-1","male","Microglia",11.05531190471,10.7108445757179,8.58692164719577,0.158664872817312
"GGGTGAAGTTTCGCGC-1","male","OPC",-8.39526678486523,-8.67154353921132,-9.29373364150051,-6.29189617378303
"GGGTGTTGTAAACAAG-1","male","OPC",-8.59911562367138,-9.39839118783192,1.52949042618747,2.52165167587212
"GGGTGTTGTGTTTGTC-1","male","Microglia",8.17062161998096,11.0765052431373,7.95340247452732,0.866939080826555
"GGGTGTTGTTAAGCCA-1","male","Microglia",6.52064441279713,10.0632186525611,4.96029897034641,0.699203362635885
"GGGTTACGTACGTTTC-1","male","Microglia",10.6680962903911,9.85673767264171,7.84595485032077,1.42625661747864
"GGGTTACGTTAGCAGC-1","male","Pericytes",7.79573319987598,-13.427573621914,-4.24171309172634,4.85173814552239
"GGGTTTCCACGTGCTG-1","male","OPC",-8.64823366566357,-8.56374210183339,-9.86974911391262,-5.89577228767463
"GGTAACTTCAGCACCA-1","male","Oligodendrocytes",5.81471227244679,2.50201862986369,0.125831022863346,11.6088330055993
"GGTAACTTCCTCATGC-1","male","Oligodendrocytes",5.6242573125774,2.3072279685287,0.515430763368565,11.7468449379723
"GGTAACTTCGTCATTT-1","male","Microglia",11.4487082822734,12.3152576082496,7.09131045639988,3.1352936531823
"GGTAACTTCTAACTGA-1","male","Microglia",11.2659156186992,10.3264537447242,7.85220904648777,1.29151844041756
"GGTACCGGTCAATGTG-1","male","Astrocytes",1.83173225955311,-3.54094260995107,1.31430955231662,11.59891288536
"GGTACCGGTCATTGAG-1","male","IN-CGE",-11.6014464037007,11.6567569368629,3.50351281464573,-10.7888444159705
"GGTACCGGTTAGTACG-1","male","IN-MGE",-11.2296202318257,0.188384591892196,8.18396754563327,-6.0949080680091
"GGTACTAGTTAAGTGT-1","male","EN-fetal-early",-7.50200010700878,7.30190044577403,-3.27162532507901,1.55073522584847
"GGTACTAGTTGCAATG-1","male","Endothelial",-1.41886301203426,-15.3248457318993,-2.79196350275997,2.53082030075005
"GGTACTTAGGTCCTGA-1","male","Astrocytes",1.88142918185535,-2.6124286061974,-0.223825380201381,-2.37720019561836
"GGTAGGAGTCACAGAC-1","male","Microglia",9.96157334880177,10.5103793733863,7.89336676896091,1.49506752746514
"GGTAGGAGTGCAATGC-1","male","Astrocytes",-2.42411376400646,-4.4654240018578,-2.85315208136563,0.805251767806325
"GGTAGGAGTTTCGCCA-1","male","OPC",-7.12753750248608,-6.06945937936025,-9.96427826582913,-6.53504783851692
"GGTATTGGTTCCTCCT-1","male","Pericytes",8.12319921092335,-12.4011911756249,-3.01029019057278,3.18690746086052
"GGTATTTCAACTGGGA-1","male","Oligodendrocytes",2.30407737330738,4.96709519560619,0.702928856019932,10.4719502236169
"GGTATTTCACTAAATC-1","male","IN-CGE",-10.871596588332,10.0353141420631,3.22489066422458,-9.42168743354866
"GGTCAAGCAATTAGGA-1","male","OPC",-9.36342169209179,-9.33868068520741,-9.50937752425198,-5.63561279518196
"GGTCAAGCAGGAACTG-1","male","Pericytes",8.45165322856251,-13.0862955457421,-4.09825281798367,4.45227234619072
"GGTCAGGAGGCTAATC-1","male","Astrocytes",2.82375858859364,-3.91503900353627,-1.48513780533795,-2.44216139061042
"GGTCCATCAATTAGGA-1","male","OPC",-6.10997797413525,-4.70947498147206,-9.83262543379788,-5.76124651176521
"GGTCCATCACCTGTAA-1","male","IN-MGE",-12.9171440736836,1.75910806591792,5.65064807236667,-5.62755710823127
"GGTCCATCACGTGCTG-1","male","Oligodendrocytes",5.42479489878956,2.21226561005397,0.810366943483311,10.6200758721154
"GGTCCATCAGTTATCG-1","male","Microglia",10.1504571302349,12.9130359285621,6.92876239121433,2.07896762149743
"GGTCCGTAGGTGCTGC-1","male","OPC",-9.57950045033154,-8.43071311776357,-9.31202988326077,-6.81462986213752
"GGTCCTGCAACTAGCC-1","male","OPC",-8.22822739048656,-8.52937263314442,-10.7314653843594,-6.09060270530769
"GGTCCTGCATAAGTCT-1","male","IN-MGE",-11.5638563768452,0.092339932277633,8.15955825150486,-6.1864722464759
"GGTCGGTTCAGCCAAT-1","male","Astrocytes",-1.87919904156384,-4.25954431359486,-1.45762912928585,-3.14058572990486
"GGTCGGTTCATAACGC-1","male","IN-CGE",-11.7170851366108,10.5714564913063,3.53409810364719,-10.7402404044349
"GGTCGGTTCGCTATAA-1","male","Astrocytes",2.62500594691578,-3.08125490014272,-0.481742069120449,-2.31282860977241
"GGTCGGTTCGTAACGT-1","male","Astrocytes",1.34592114524189,-5.56122392480092,-1.44987545907025,-2.69126255256721
"GGTCTTGAGTTAGCTA-1","male","OPC",-8.39806820316967,-9.44815295998769,-9.61429409682278,-6.5073574279029
"GGTCTTTGTTATCCTA-1","male","OPC",-7.66721083088573,-8.94737953011708,-9.09037213027005,-5.70528442604133
"GGTGAGCCACCAGGTT-1","male","Microglia",10.4174401624614,11.0708957308082,7.65517421067234,0.994208671100054
"GGTGAGCCAGCTAACC-1","male","Astrocytes",-6.06568457050976,-10.8980183011742,-0.422670796508831,-3.92261488182136
"GGTGAGGTCCTCATCA-1","male","Oligodendrocytes",5.98896859721485,2.59200960333629,0.260873392229039,11.5260578896325
"GGTGAGTAGCTACTGG-1","male","IN-MGE",-14.3658659593647,1.28897708590312,4.68234486878391,-5.68538028938362
"GGTGAGTAGGCTACAT-1","male","Microglia",10.5821273191387,12.0513921373634,8.56282706559177,0.313846042327199
"GGTGCTGGTTTACCGT-1","male","Pericytes",7.91934751109425,-11.5998634702416,-4.30851416289334,4.9696966912072
"GGTGTCCAGTTAGCCG-1","male","IN-MGE",-11.4971268312519,0.397003352001144,7.8060569316196,-6.04859764320442
"GGTGTGACAAACTGTT-1","male","Pericytes",7.7931878431255,-12.9456571943017,-3.83265332877163,4.69166558044365
"GGTGTGACAAAGCGCA-1","male","Oligodendrocytes",3.41986845568958,4.67979222471995,1.16827388108249,10.2334582115929
"GGTGTGACAAAGCTCC-1","male","Microglia",11.4056594236309,10.1923709505348,6.70097871125217,2.33315401332787
"GGTGTGACAATGAGGT-1","male","Endothelial",-0.21499644084629,-15.1176981336327,-2.48021094500546,3.00712793128899
"GGTGTGACACTAAGTT-1","male","OPC",-7.93321300907787,-7.13947719399648,-9.79697518050198,-5.68902380210945
"GGTGTTGTCCTTCAAT-1","male","Astrocytes",1.93334148959461,-4.71238130395131,-3.09607581793789,1.1407673116248
"GGTGTTGTCGGTCATG-1","male","Endothelial",-0.259227557617988,-14.8254064923974,-1.35746805369381,3.25260250823906
"GGTGTTGTCTTTGAGA-1","male","Microglia",10.9947726591045,10.6702294939308,8.60961432755466,1.2689786161702
"GGTTACTAGTCCTTCA-1","male","Microglia",7.27701924876514,10.3403459184913,7.76178355515476,1.4941729213517
"GGTTACTAGTGAACAG-1","male","Pericytes",8.74559949473682,-13.0096659070702,-3.8580043762875,4.65468542831353
"GGTTACTAGTTAGACC-1","male","Pericytes",7.82568429545704,-13.4454941159935,-4.37330751120571,5.38265626686028
"GGTTATATCAAGTGTC-1","male","Microglia",9.7873284681255,11.1163621538429,7.58255954087253,0.33686666744164
"GGTTATATCAGGTTTA-1","male","OPC",7.67539952830616,-13.0729812986107,-0.100449785585445,2.99812453048638
"GGTTATATCCACCTTA-1","male","Oligodendrocytes",2.67592142657581,4.87380200560374,0.628872945909459,11.4410778786462
"GGTTATATCCCTCAGT-1","male","Oligodendrocytes",4.08313010768238,4.70477181608958,1.21462245285984,10.5411030556481
"GGTTCTTGTCAATGTG-1","male","Microglia",-7.1765182153767,6.49644809897227,0.259962275629002,3.32470410125664
"GGTTGAGCAGAAACGT-1","male","OPC",-7.91291977329906,-9.3435339338036,-9.1492424458218,-5.56231815559455
"GGTTGCATCATGCTTT-1","male","IN-MGE",-11.4522392885273,0.0418254726676477,8.25284762681003,-6.15559465629646
"GGTTGCATCATGGCCA-1","male","OPC",-9.17877985401806,-8.79456085030751,-10.347720190878,-6.4963038657386
"GGTTGCATCCTAGTTT-1","male","OPC",-8.74888445301708,-9.11335128609853,-9.71679024397854,-6.36677486640998
"GGTTGCGGTTAAGGCC-1","male","Astrocytes",0.601597653191719,-5.33345979516225,-2.89639739691738,1.02014985489062
"GGTTGGTGTATTGGAT-1","male","OPC",-7.66081501408276,-9.00627750222401,-9.7897510975552,-6.77168972236701
"GGTTGGTGTTATAGCG-1","male","Microglia",11.5753638608867,12.2408996217994,7.90492911637302,-0.358803460427012
"GGTTGGTGTTTGTCTA-1","male","OPC",-9.57388426228222,-8.44227832619862,-9.43457321822171,-6.2704737876136
"GGTTTAATCTTGACCC-1","male","Microglia",10.8916108472759,10.4220996492652,8.54077906907077,0.168063810042653
"GGTTTCCTCTAGCGAT-1","male","Astrocytes",-1.01652885838207,-4.75327295129018,-0.329573616380733,-2.59249169570991
"GGTTTCTGTGCTTTAC-1","male","Endothelial",-0.591728440064754,-15.1342539197655,-2.80263845622067,3.88844506996087
"GGTTTCTGTTATAGCG-1","male","Microglia",-5.81272436543163,-4.63321393792348,-3.28715591132168,1.49765615718773
"GGTTTCTGTTGCCTCA-1","male","Astrocytes",1.18409012393299,-4.58678621117787,0.201077774171788,2.42162471073082
"GGTTTGTAGCTCCCTG-1","male","Astrocytes",0.816019521515999,-4.12760490243153,-1.60285960137371,-3.03745395881721
"GGTTTGTAGGAAACTG-1","male","Astrocytes",-4.11958338185009,-3.00692886178212,0.740556672220189,-2.97002823097297
"GGTTTGTAGTGGACAA-1","male","Oligodendrocytes",6.17190526561085,0.847667097404434,6.68375344574924,3.51694410102776
"GTAAAGCCAAACTCAT-1","male","OPC",-8.48574091358837,-9.53474181954579,-9.42799954115872,-5.05141050560066
"GTAAAGCCAATTAGGA-1","male","IN-CGE",-11.0001919405049,10.3414607637672,3.33850856125827,-9.58332092506477
"GTAAAGCCAGGCGATA-1","male","OPC",-5.55584646626171,-12.815923154995,-12.8390207737637,4.46762078063897
"GTAAGCAAGCACAGAA-1","male","OPC",-5.49702669544872,-12.8623747235985,-12.539744421835,4.24007599609307
"GTAAGCAAGCACTAGT-1","male","IN-CGE",-12.072804702956,8.73500114615245,3.25879950821872,-8.44242889625617
"GTAAGCTTCTTAGGAC-1","male","Endothelial",-1.28931040926632,-15.4767641431542,8.21794314682956,-6.01104480964729
"GTAATAGCAATACTGT-1","male","Microglia",-8.09699608250317,-8.86933845345692,-8.32926850020413,-6.17693454963752
"GTAATAGCATTGTGGC-1","male","Astrocytes",2.18707011775318,-3.55861181084828,-1.74341599642758,-2.33210832817146
"GTACAATGTACGGTAC-1","male","Oligodendrocytes",5.53695367411915,3.46272200281901,-3.29573993384365,1.4780414010804
"GTACAATGTCGCGCAA-1","male","Astrocytes",2.39636300639454,-3.06237787072377,-0.82587045989458,-2.13527781707832
"GTACAATGTGGAAGGC-1","male","Astrocytes",-1.05022169514355,-4.53301662270741,-1.67054878174786,-2.6773923133094
"GTACAATGTGTTGTAG-1","male","Astrocytes",-3.58343411846813,-4.0937690145226,-2.91306714713101,1.80789225356988
"GTACAATGTTATGTGG-1","male","Pericytes",8.16287873820606,-13.5814957029076,-4.31037311255459,4.81504123466424
"GTACACCCATGCTCCC-1","male","IN-MGE",-14.3335430757588,0.827953934028579,4.63521714509006,-5.86579305870124
"GTACACCCATGTTGTG-1","male","IN-MGE",-13.8627274171894,1.61915332014842,4.37069649994846,-5.3738182280738
"GTACGTAGTTTGACCT-1","male","Astrocytes",-3.23042632504162,-3.95163625542836,-0.877702463413519,-2.31102807266304
"GTACTAATCCTCCCTC-1","male","IN-CGE",-10.9287045137471,10.1047692888526,3.40658040345188,-9.8924048636634
"GTACTAGGTTAACGAT-1","male","IN-MGE",-11.5334026948994,0.116913377597762,8.19732566178318,-6.15234644157478
"GTACTAGGTTGTAAAC-1","male","Microglia",10.9875552518779,9.97349506552501,7.98347850144382,0.0805227066796163
"GTACTAGGTTTCCACG-1","male","IN-CGE",-3.11933733387646,14.1493621462135,0.723646596078831,-8.59815056068489
"GTACTGGTCACCAATA-1","male","Astrocytes",-1.99004913731274,-4.20291227166371,-1.46748732029919,-2.46505744201728
"GTACTTAAGAGAAGGG-1","male","Microglia",10.2608945234233,11.5685535066871,7.56985946000095,0.738154834083829
"GTACTTAAGCCGCTAA-1","male","Astrocytes",-2.31721152229961,-4.38527482812123,-2.23334829508786,-2.05334360344001
"GTACTTAAGCTATTGA-1","male","Microglia",10.8370034559185,10.9399438493995,-0.022389277811092,2.7596388365548
"GTACTTCGTTAACAGT-1","male","OPC",-8.70617319508251,-7.66427463357167,-9.64367870985989,-6.90723497612068
"GTACTTCGTTTATGGG-1","male","OPC",-8.56960989399609,-8.00007671181874,-8.71563057600979,-5.03807193977424
"GTAGCCATCCTAGTCC-1","male","Astrocytes",1.02556310729328,-4.77900928322987,-2.74918846785549,0.477917185000692
"GTAGCGCTCTGGCATG-1","male","OPC",-6.33733011646923,-5.14630121056752,-9.83172230422024,-6.261004755326
"GTAGCTGTCCTAGTCC-1","male","Pericytes",8.48945306376759,-12.8314251310082,1.10991950333591,10.3896443154137
"GTAGGAGGTCACGAAC-1","male","Astrocytes",-3.81796718998608,-3.01350635354237,0.535794213418919,-2.8982265685279
"GTAGGAGGTCCTAGTT-1","male","Microglia",10.3179738386089,10.7259975069313,7.31194968522068,0.781370749644552
"GTAGGAGGTGCAATAT-1","male","OPC",-7.61997438831982,-8.71614116494374,-10.3732672184658,-5.49233085853645
"GTAGGAGGTGCCGCAA-1","male","Microglia",11.3261334760601,10.6609864824562,7.77721019089695,1.41602849023751
"GTAGGAGGTTTAACGG-1","male","Microglia",8.74583505229298,11.1950440996437,8.51150985062595,0.944878878019367
"GTAGGATCAAAGGTAC-1","male","Microglia",9.83661054210011,12.61902385886,7.85430331528659,0.0695698167603352
"GTAGGCGAGGCGCTTA-1","male","Endothelial",-1.58104289932903,-15.2084307080956,-2.86518196761135,3.02239244239739
"GTAGGTGCAATTATGC-1","male","Astrocytes",-0.177862270314064,-3.71591705147939,0.756685212259251,2.44965105312279
"GTAGGTGCATTATCCC-1","male","OPC",-8.84629370136913,-8.4223913556786,-11.0898628681851,-6.14954740745613
"GTAGTTATCGGTTACG-1","male","OPC",-7.04437281056103,-5.9714660054894,-10.7979450672818,-5.7770016883094
"GTATCGCCACCTAAGC-1","male","Microglia",8.80346368388477,11.1258512132911,-0.107355102891964,2.84946136730126
"GTATCGCCACTTAACG-1","male","Microglia",9.63636945323292,11.0103135698585,8.47247309983249,0.738356208376203
"GTATCGCCATAGCAGG-1","male","OPC",-7.92320705815014,-8.89760536019521,-9.28961281477932,-5.6758783553321
"GTATGTGGTTTGCAGA-1","male","Astrocytes",2.2531008584911,-2.90891975228505,-2.55805973708157,0.430893590621267
"GTATGTTCAATTGAGA-1","male","Microglia",11.5468413694316,11.646931230381,7.03101868927951,3.19386832969597
"GTATTCAAGACTTATG-1","male","Oligodendrocytes",5.51514171199146,1.32582975859923,1.06708569825168,10.1281573082726
"GTATTCAAGGAGGACT-1","male","OPC",-9.23035265370068,-8.57571071450429,-9.98019032179837,-6.12638551933357
"GTATTGATCTTAGTGA-1","male","Microglia",11.334868179124,11.633428155735,8.24473376572605,0.440296700171743
"GTATTGCAGGACCTCA-1","male","Microglia",7.32743619517628,10.861377298191,0.291832044725376,2.59877352970055
"GTATTGCAGTTAGTTG-1","male","Astrocytes",0.764349208634529,-5.0563721067162,-2.10756592452053,-2.3378918860633
"GTCAAACTCGGTTCCT-1","male","IN-MGE",-11.4267265932148,0.159299313381149,8.21993441880222,-5.99962551338264
"GTCAATATCCTGATTT-1","male","Microglia",2.08749579028431,4.90847927267833,7.00310988724704,2.6103171612542
"GTCAATATCGAGCAAA-1","male","Astrocytes",-3.04528952999767,13.9482217424659,0.949247196321446,-8.66625721199104
"GTCATCACACGAACAG-1","male","IN-MGE",-12.1223986284321,2.04536855156703,6.43072028458591,-4.64830143196174
"GTCATCACACTATGGC-1","male","EN",-7.05381513996777,6.24735218222423,0.267636492853123,1.52923535364083
"GTCATCACATACCCGG-1","male","Microglia",9.43600820140186,11.0170207613258,8.63056083024021,0.169207384757314
"GTCATCACATTGTTGG-1","male","Microglia",11.2661874158794,11.5689416521339,7.89754386246677,0.294092347792898
"GTCATCCTCAATGACC-1","male","Astrocytes",-0.147797896105614,-3.60218948189931,-0.120502158994716,-2.68238026840278
"GTCATCCTCAGCATTA-1","male","Microglia",11.2481524808818,12.1205583208351,6.98499627411838,3.26257794158867
"GTCATGAGTGCTGGTG-1","male","IN-CGE",-17.9396326677388,4.48296767409129,1.17851252854343,2.97053139465264
"GTCATGAGTGTTTGTC-1","male","OPC",-7.92669989033398,-9.47480052773671,-9.897428557272,-4.96299822074958
"GTCATGAGTTACAACG-1","male","Pericytes",7.64305566386524,-13.1649469739647,-2.86437587439541,4.77225582855156
"GTCATGCCAAGGTATA-1","male","Endothelial",-0.69267840548214,-16.4443430310936,-2.81564800440792,3.05833046691826
"GTCATGCCAGGCTGTT-1","male","IN-MGE",-14.4850924150532,1.25108294124885,0.276623323564488,3.03118961112908
"GTCATGCCATGTGGGA-1","male","Oligodendrocytes",5.75086711482349,1.67276988859458,1.08616371453281,10.3100573326867
"GTCATTAAGCTCCCTG-1","male","Oligodendrocytes",3.65702699260059,4.81806832487865,0.0572858601855816,11.1299587990563
"GTCATTAAGTGAGGGT-1","male","Astrocytes",1.67299722270313,-4.58770269219594,-1.180811390276,-2.90697939140388
"GTCCAAGTCTCACATT-1","male","OPC",-5.91292406483349,-4.61858075921254,-10.0919809788418,-5.64978916389533
"GTCCAGGGTAACTACG-1","male","OPC",-8.21243168278393,-8.52339690987782,-9.53612999617581,-5.31795627815315
"GTCCAGGGTGACATAT-1","male","OPC",-8.74381376667675,-9.46941894356923,-10.2239551991177,-5.25125581962654
"GTCCATTGTACTGATG-1","male","Astrocytes",1.07438133792225,-5.77522558037953,-2.13327853381161,-2.1993706916053
"GTCCTAGAGCGCTAAT-1","male","Astrocytes",2.02338479594532,-3.10571044747548,-2.84376244246487,0.846062494389329
"GTCGCAATCACGTTAA-1","male","Microglia",10.048774467271,12.0331035249977,7.51226039231296,0.931451877526555
"GTCGCAATCATGCTAA-1","male","OPC",-8.55186106129345,-9.65629047219472,-8.67577700316433,-6.71192581398078
"GTCGCAATCTTAGCGG-1","male","Microglia",9.42525552348438,11.9341922395973,6.89772887528415,0.430205872229848
"GTCGGTTCACAATGCC-1","male","Pericytes",7.71442006663624,-12.8388313657494,-2.97453097998623,4.91102283256463
"GTCGGTTCAGTTATCG-1","male","Astrocytes",1.8993136747295,-3.21086162392812,-1.3603414148045,-2.88019973976203
"GTCTAACAGCCGCTAA-1","male","Microglia",9.77886651591602,11.6031852358131,7.80870814621921,0.48933511035851
"GTCTAACAGGCACAGG-1","male","Astrocytes",0.617390976708565,-4.47774308983998,-1.16325400769238,-1.14532453758308
"GTCTAACAGTCATGCG-1","male","Microglia",7.83221791819874,10.9922633760719,6.97703166306492,0.259551873378072
"GTCTAATCAATCGCAC-1","male","Astrocytes",0.0412458045894242,-4.59080070321278,-1.5433339923573,-1.81339771492073
"GTCTAATCACCTGGTG-1","male","EN",-7.32191921635326,7.08857875998302,-2.54714064299588,-5.78905231697151
"GTCTAATCACGAACAG-1","male","IN-CGE",-11.2416880266255,11.351292192295,3.5362667590427,-10.6538680289466
"GTCTAATCACGCAACT-1","male","Microglia",11.0260856016094,10.7149835222511,6.5727076083469,2.19306736247948
"GTCTAATCATAATCAC-1","male","Microglia",10.8480279310161,10.9694162004737,8.24433512986179,0.734801014832769
"GTCTATCGTGCGCAAT-1","male","Oligodendrocytes",6.34692023829762,0.449252306774093,0.572028234605748,10.5619618202966
"GTCTATGCACCTGCCT-1","male","Astrocytes",0.58310650424305,-5.28157562081532,-2.29466597735409,-1.99402267677375
"GTCTCACTCCTGATGG-1","male","Oligodendrocytes",3.4237425191814,4.61245971854015,0.867532804613072,12.0207821633141
"GTCTCACTCGAGCTAT-1","male","EN",-6.75235630436596,6.89489990408702,-2.24239175021176,-5.43959839088508
"GTCTTGCTCAGGCCTA-1","male","OPC",-5.62916971607861,-12.6976971036644,-12.4122238606167,4.06253879325799
"GTCTTGCTCCGCAAGC-1","male","Astrocytes",-1.37641943855938,-4.63618606393056,-2.0369424074841,-2.16065866691658
"GTCTTGCTCGATTTGA-1","male","Microglia",8.68047689036671,11.3813138597755,6.80499167740818,0.707065811328206
"GTCTTTAGTTATCCTA-1","male","Astrocytes",-3.95806576176342,-3.27997249428944,2.17043419182773,-2.08777172309944
"GTCTTTGTCAGTTCCC-1","male","IN-MGE",-12.4854548112934,2.06027191813274,-0.469483539457363,1.85101740615777
"GTGAACAAGTTAGCCG-1","male","Microglia",10.8781182630474,11.6487966173439,8.11910720170017,-0.239278027840342
"GTGAATCTCAATGAGG-1","male","Astrocytes",-3.77213550968822,-3.73191875283437,-0.71233589946751,2.17455773609093
"GTGAATCTCTACTAAG-1","male","IN-MGE",-14.5068190233296,1.29151672060771,4.45204634964939,-5.57890112144538
"GTGAGCGAGGACCTGC-1","male","Pericytes",8.53531526164356,-13.4243635541649,-3.94721584021572,4.48921792762688
"GTGAGCGAGGCAACAA-1","male","Microglia",8.85815213755909,10.6354318254737,7.87944503129001,1.34541921871117
"GTGAGCGAGGCAGGTG-1","male","IN-CGE",-11.4526789323872,9.04562145407481,3.06148143113132,-8.95461590034553
"GTGAGCGAGGTGCTGC-1","male","Astrocytes",1.36473618583027,-4.4373592740746,-1.93191795050625,-2.79360754234382
"GTGAGGAGTTTCCGGC-1","male","OPC",-8.31873680515942,-8.69581073586659,-9.62663750350003,-5.45201236946174
"GTGATCAGTGCAATGC-1","male","Astrocytes",2.3994619710857,-3.63934606377797,-1.29957903921131,-2.49025184852668
"GTGATGAAGCATGTTA-1","male","OPC",-4.82707859440502,-13.1420101529809,-12.8798771351529,4.4329604412835
"GTGCAAGCACCATATG-1","male","Microglia",-6.30133749409374,-5.0966724759789,-3.35368590056424,1.38379796402863
"GTGCACGGTTGCGCGA-1","male","OPC",-8.04141785069164,-7.50229877297597,-10.0331621617032,-5.76572735054084
"GTGCATTAGACTCGCA-1","male","Astrocytes",-10.9864199297017,10.213783799961,3.3221439868259,-10.3548196051795
"GTGCATTAGACTTACA-1","male","Astrocytes",-3.50096799297985,-3.27100604836659,2.25875563920017,-2.41003615600654
"GTGCATTAGGATTGCT-1","male","Microglia",10.0852553708965,10.3349815004615,8.46614737809177,0.626634797028814
"GTGCCTTTCCGTTAAA-1","male","Microglia",11.0781371457988,10.495974122837,8.70891375840183,0.993835369072471
"GTGCGCAGTCCGTAGG-1","male","Microglia",10.6599032743389,11.0679612749366,7.87204165757175,1.22260381834916
"GTGCGCAGTTAACGGC-1","male","Astrocytes",-0.427413275975552,-4.42627567116933,-2.081590458746,-2.21343857986518
"GTGCGCAGTTAGTTGG-1","male","OPC",-5.51425959034618,-12.9615673429223,-12.4289741963101,4.23971669929436
"GTGCGCAGTTCCTGTG-1","male","Oligodendrocytes",5.51231740550343,2.14051353867335,-0.02288340031628,10.5008551384728
"GTGCGCAGTTGCACAA-1","male","Astrocytes",1.77300904826466,-3.31193393532948,-0.90408314391498,-2.42049104911872
"GTGCGCAGTTGGCCGA-1","male","Endothelial",-0.271522371608581,-14.131539762661,-2.77809588610653,2.65053515689782
"GTGCGCAGTTTGGCGG-1","male","Microglia",7.37330745295826,9.44479185278697,-2.78451840579037,2.5584577824395
"GTGCGCAGTTTGTTGC-1","male","OPC",-6.05840135975536,-4.84160512749867,-10.7783661335659,-6.26931221229621
"GTGCGGTTCCGCATGA-1","male","IN-MGE",-13.9288113252705,1.65160246129317,4.04482789338108,-5.05408794624397
"GTGCGGTTCCTGATTT-1","male","IN-MGE",-6.07012630863842,-3.56830114190297,4.7450799495029,-5.94413311225959
"GTGCTCAAGGCGCACT-1","male","Astrocytes",2.23049067096058,-4.20132869546132,-2.64672534167294,0.672305991820607
"GTGCTCAAGTCATCCC-1","male","Astrocytes",2.09062837199513,-2.71451658074574,-1.2428623884869,-2.75857646209785
"GTGCTCCGTATACTGG-1","male","Microglia",11.6152045591289,10.993704377964,7.71799273789402,0.338449886016164
"GTGCTCCGTGCAACTA-1","male","Microglia",8.0821635587627,10.9092898958473,8.02835936844822,1.1015672292035
"GTGCTGATCCGTTATT-1","male","Microglia",10.6863200529033,10.794521867588,7.33667559922214,1.73829089658669
"GTGCTGGGTGGATTAT-1","male","Pericytes",8.49811051921192,-13.0119633084984,-3.21052388846402,4.91916673438958
"GTGCTGGGTTGGTTCT-1","male","Microglia",10.9574754102642,9.9079251879005,8.57206435502048,0.10191177385262
"GTGCTTCTCGTTATAG-1","male","Microglia",9.94208406047169,10.9284568422584,7.62023158371921,0.198625793628011
"GTGGACACAACCTAAT-1","male","IN-CGE",-11.0006268159932,10.57272773917,3.57190413773533,-10.3228944037635
"GTGGACACACAATGTT-1","male","EN",-5.33673263951,-2.96757406060414,0.300169184808689,3.63771360176018
"GTGGCTTCAACCCTAA-1","male","EN",-4.9912679330891,5.30479818518443,-3.86044268309597,-6.69224006874153
"GTGGCTTCACCCACAG-1","male","Oligodendrocytes",6.82131360606495,1.18962210352702,0.576924398546177,11.0947500969689
"GTGGTTAGTCCTAACT-1","male","Microglia",8.22456048564259,11.1652904146461,9.00628943741794,1.48355310218743
"GTGGTTAGTTGGCCGA-1","male","Microglia",-5.67829157276806,-4.31746715371327,-2.8136004656506,2.08423989074639
"GTGTCCAAGAACAAGT-1","male","EN",-6.00738598271069,6.22378212149425,-0.0427887290668904,3.53991930740288
"GTGTCCAAGGATTGCT-1","male","Microglia",10.2251279218608,11.3445697420387,8.33794493973728,0.661346336774144
"GTGTCCAAGTGTGATC-1","male","IN-CGE",-13.4548638002461,1.53771450306459,-0.202818498010677,3.36931197898797
"GTGTGAGCAACTAGAA-1","male","IN-CGE",-3.11929084225353,14.1251006716041,0.715171888475376,-8.48344547493049
"GTGTGAGCAGCGCTTG-1","male","Microglia",-5.42278267307934,-4.09315580193715,-3.15028576552395,1.61066870944909
"GTGTGAGCATTAGCCA-1","male","Astrocytes",2.10292075709644,-3.16666215722279,0.118111148481327,-1.77169925911018
"GTGTGTTAGGTCCAAT-1","male","Microglia",7.81288884715382,10.5707574480323,7.87879462540622,1.18095833616665
"GTGTTACAGGATCACT-1","male","Astrocytes",2.11096976832691,-2.6327356702538,-1.97683648764614,-2.63286406738349
"GTGTTCCTCCTTGCGT-1","male","OPC",-5.00470377369579,-13.1912617093773,-12.793460890646,4.40194409149102
"GTTAAACGTTATGTGG-1","male","Pericytes",8.60237763957325,-13.0546211606713,-3.9968622177792,4.44498746650628
"GTTAACCAGGACCTTG-1","male","IN-MGE",-11.3518612520283,0.0574383133201135,8.06857390702243,-5.9552014563758
"GTTAACGGTCAAAGGG-1","male","IN-CGE",-10.9542343751973,11.4339690798072,3.13301892579075,-10.4700158332069
"GTTAACGGTGGACCTG-1","male","Microglia",10.7901027067119,10.4601169222145,7.29416556656833,1.99840824859551
"GTTAACGGTGGTTAGC-1","male","Astrocytes",-3.04262162609753,-4.04031509225087,-0.415428861970943,-2.62681824905464
"GTTAAGCTCCTCACAC-1","male","Microglia",11.98313687877,11.4601522081642,8.10615344346042,0.236988892726217
"GTTACAGGTATTGAGT-1","male","EN",-7.41583897038158,6.61517339880748,-2.18741028010372,-5.5546944831092
"GTTACAGGTGCTTTAC-1","male","OPC",-5.57313276692089,-12.8078588849755,-12.7809648960782,4.43432896392754
"GTTACAGGTTATTGCC-1","male","OPC",-9.5664370195454,-8.41552776162343,-10.6813202351284,-6.08394844276496
"GTTACAGGTTCACCCA-1","male","Microglia",-5.90722729130444,-4.48450273339467,-3.13723616301541,1.60505413072518
"GTTACAGGTTGACTTC-1","male","Microglia",5.13134788111988,-4.15343087975697,-0.21396724879269,-4.20625478965827
"GTTACAGGTTTAGCGA-1","male","Microglia",9.43414090709034,10.5452857607154,7.54671187699314,1.26521809952668
"GTTACCTGTAATAACC-1","male","Astrocytes",2.24855063990894,-2.580224931881,-2.65477459132199,0.600306322745595
"GTTACCTGTTAATCGG-1","male","Oligodendrocytes",6.42655824260059,1.21078306372447,0.597348764543492,10.6673342491906
"GTTACCTGTTCACCCA-1","male","OPC",-8.31259037419018,-7.51609176461415,-0.181721076364559,3.345595767669
"GTTACCTGTTTACTTG-1","male","Astrocytes",1.78912209109608,-3.94617074792104,-1.2900800257874,-1.47536785347053
"GTTACGCCAAGGGTTG-1","male","Astrocytes",1.23214994506184,-4.205872953579,-0.359082564706844,-2.4825189803321
"GTTACGCCAGGAACCA-1","male","Oligodendrocytes",4.09028171138111,4.58524280722423,1.39922757447239,10.2077671791833
"GTTACGCCATCACAGC-1","male","EN",-4.84638859196362,5.55144745047374,-3.86404637991909,-6.57676679832527
"GTTACGTAGGTAAGGC-1","male","Microglia",8.34694264964405,10.6850410097389,7.26563926041599,1.95838223951272
"GTTACTAAGAAGGTGC-1","male","Microglia",10.0269353254253,10.957436143711,7.80478473008152,0.883316388301168
"GTTACTAAGCGTGCAC-1","male","Microglia",9.50005792216602,10.8184905641822,7.13980813324924,1.77861713426522
"GTTACTCGTAACCAGC-1","male","OPC",-8.48887611790356,-9.29021304909901,-10.9291897267056,-6.0395487044532
"GTTACTCGTATTGTCC-1","male","Endothelial",-1.49470855160412,-15.3130182630272,-2.64446894824032,2.95361738460473
"GTTACTCGTGGACATC-1","male","OPC",-7.67682911320385,-9.263339460537,-10.719883963461,-6.37835151893684
"GTTAGACTCACAAGCT-1","male","Astrocytes",-4.94016767903027,-4.05874818627553,-3.13459329306607,1.74288712995461
"GTTAGACTCCGCCAAA-1","male","Astrocytes",-2.9526252882069,-4.2133545285912,0.218635872011143,1.24227230804375
"GTTAGACTCCGCCTAT-1","male","OPC",-5.06300188465771,-13.0418762571068,-12.6736231297207,4.33570926444939
"GTTAGGCGTCATGCCC-1","male","Endothelial",-1.481039716441,-15.2545275098534,-2.83648793398861,2.69865422504357
"GTTCACCTCACTAAGC-1","male","Microglia",10.1123320920879,11.2846780412941,7.59295459092136,0.149215450457845
"GTTCACCTCATGCTAA-1","male","IN-CGE",-11.2033875124043,11.5593648546485,2.95188565552707,-9.96118194801399
"GTTCACCTCATGGCTG-1","male","Microglia",10.0291764600689,11.2128406160621,7.68841834366794,1.22921236412934
"GTTCACCTCGCAAACT-1","male","Microglia",10.2436721189434,10.4419541948585,-0.0107536166859089,3.05431549804619
"GTTCATTTCTGGCTTC-1","male","Astrocytes",-3.72396470471081,-3.813379228756,-0.846935375588876,2.68942718761376
"GTTCCCAGTGTGAGAG-1","male","IN-MGE",-5.56426073475536,-3.75155824486928,0.798206642274815,2.17675917404107
"GTTCCCAGTTATCCTA-1","male","Pericytes",7.6549231870586,-13.0513586408349,-3.9166632145596,5.03647678153924
"GTTCCTGGTCAAACTG-1","male","OPC",-5.37925983830151,-12.9386019117089,-12.3738451451016,4.06084244506768
"GTTCCTGGTTTACGTC-1","male","Astrocytes",0.0492774112636186,-4.46674293343739,-0.269244000310939,-4.16187937004158
"GTTCGCGCACCTGCCT-1","male","IN-MGE",-11.4091446535176,0.05541711981578,8.19139094651218,-5.91031391365119
"GTTCTCATCGAAGTGA-1","male","Astrocytes",-0.839516355234947,-4.18507045571523,0.531652763490635,1.03846154170445
"GTTCTCATCTTGATGA-1","male","Microglia",-6.26193691654858,-4.97623437707143,-3.35443429648404,1.58428119676522
"GTTCTTAGTAACGGGA-1","male","IN-CGE",-3.1228346960133,14.1093812578468,0.592616036539036,-8.3865979407508
"GTTCTTAGTGCATCGG-1","male","EN",-7.40374781056103,6.80906969244762,-2.29717008769039,-5.58282167656013
"GTTCTTGTCAATCTCT-1","male","Astrocytes",-4.30817033215221,-3.54656738106923,0.741053178911168,-2.70749623519966
"GTTCTTGTCCAGGGAG-1","male","Microglia",-2.77894879742321,14.035582124546,0.288487151269871,2.81673984783104
"GTTCTTGTCCTCACTA-1","male","Microglia",7.16299651698414,10.1737151735572,8.52385039628025,1.15413351910523
"GTTCTTGTCGTTAGCG-1","male","OPC",-8.29105020924267,-9.26586383645253,-9.39181713759426,-6.66611606819221
"GTTGCATAGCATGGTT-1","male","IN-MGE",-11.2777245180195,-0.0228467590065466,7.99658770859714,-5.96131307823249
"GTTGCATAGGTCTTGG-1","male","IN-CGE",-11.8736126558369,8.79518753226085,3.31346888840671,-8.48271496040412
"GTTGCATAGTAACGAG-1","male","Astrocytes",2.13119720057789,-3.57985585992055,-1.70383225380902,-2.8066864703376
"GTTGCCCGTTTACCGT-1","male","Microglia",6.95758269862476,10.44089180167,8.73171992600437,0.19354962366036
"GTTGGAGCAGAGGGAG-1","male","Astrocytes",1.77226208285633,-3.79563039605336,-1.69401381909375,-2.72698600036689
"GTTGGAGCAGGCCTTG-1","male","Pericytes",7.87094567851368,-12.9144853955956,-4.00324802100186,4.6009349133294
"GTTGGCCAGCTTATGA-1","male","Astrocytes",-2.65294362469372,-4.43438524071889,-0.562247648830455,1.6653498317521
"GTTGGCGGTGGGTACT-1","male","Oligodendrocytes",4.73389075831715,4.33897548849864,0.351527407770115,10.6671234871667
"GTTGTTGCACAAAGCG-1","male","Microglia",11.1237132413799,10.536805688694,7.38369269669529,1.80572443263939
"GTTGTTGCACCTATAG-1","male","Astrocytes",2.35381148890797,-3.72583001916127,-1.56112270056729,-1.92142231208869
"GTTTAGCAGAGAGGAG-1","male","OPC",-7.9075448648518,-8.60357517068105,-9.3010340183926,-5.52820141059944
"GTTTAGCAGGTGAAGC-1","male","Microglia",10.8290345533306,12.035922586277,7.12443633378025,2.75235348003319
"GTTTAGCAGTCTATGA-1","male","EN",-6.58339716358837,6.69448286230846,-0.13068883120541,2.10393064277581
"GTTTATCTCTTTAAGG-1","male","IN-MGE",-10.4143545763081,9.49304729635997,2.95395393670078,-10.0762599204261
"GTTTCAGCAGGTCCTG-1","male","OPC",-6.18318201466259,-4.52803605858998,-3.50688962637905,1.80046485917977
"GTTTCAGCATGAATCT-1","male","IN-CGE",-3.16518808766064,14.2249932878761,0.641374662523228,-8.55494529945442
"GTTTCTAGTATTGCAG-1","male","Microglia",10.9129397733623,10.5024734133033,7.58085151017185,0.794315909914289
"GTTTCTAGTCGCAAAC-1","male","Astrocytes",-10.9508116380757,11.2209172838478,0.0731102377223553,1.70179163473061
"GTTTGCTGTTAGTACG-1","male","Microglia",10.7175290449077,10.6340957277565,8.35003848374363,0.711352279357229
"GTTTGCTGTTGGGTTA-1","male","Astrocytes",-1.30025203390774,-4.44072431390004,-2.40811865031247,-1.1428840850074
"GTTTGTAAGATTCCTT-1","male","Astrocytes",1.62696193293873,-3.56884187524037,-2.53477410971646,0.4494923855584
"GTTTGTAAGCCTTAAA-1","male","Microglia",10.456302390855,12.3193498247413,8.30760093033786,-0.499047825165477
"GTTTGTAAGGCGGATG-1","male","Astrocytes",-1.72834087773022,-4.35159963433461,0.147327855234105,2.37835471885613
"GTTTGTCGTAAGCTTG-1","male","Microglia",-5.86535622044262,-4.51363509957509,-2.99092940985684,2.00295012252739
"GTTTGTCGTATTCGTC-1","male","IN-CGE",-11.0924656526631,9.68756920035167,3.40082545578952,-8.60035259468147
"GTTTGTCGTCCTCCAA-1","male","Astrocytes",2.55474470691029,-4.26996988122182,-1.28139205276493,-2.14204675895759
"GTTTGTCGTTAACACG-1","male","Astrocytes",1.44021450118366,-4.16527646844106,-1.4986858218861,-2.42802102310249
"GTTTGTTTCATGCATA-1","male","Microglia",11.3990542753154,10.7367768877296,8.12509436905857,0.586098065547262
"TAAACAGCAAATGCCC-1","male","Microglia",9.062521682542,10.7939296358375,6.96936555207248,2.14280050056389
"TAAACAGCAAGTAAGC-1","male","OPC",-8.33617235584911,-9.69883865182118,-9.43606476485257,-6.46257049781867
"TAAAGCCTCTAAGTCA-1","male","OPC",-8.89542509480175,-9.15533775155263,-9.26764588057522,-6.36382133705207
"TAAAGCCTCTCACATT-1","male","Oligodendrocytes",6.01529620723072,1.49954193906097,-0.112738236780208,11.5324847008508
"TAACCAGGTCGTAAAT-1","male","Microglia",9.59824727610889,11.880739747837,6.96552939713474,0.748590817622457
"TAACCGGTCATCAGTA-1","male","Oligodendrocytes",5.7751099927837,0.689858495548202,3.12271352112766,-10.3114979956824
"TAACCGGTCGTTATAG-1","male","OPC",-8.25444723530468,-9.42290920083241,-10.0108929127407,-6.69413263542243
"TAACCGGTCTGTGAGT-1","male","Astrocytes",0.435739622872505,-4.51016086404042,0.514332011346775,1.68391202943734
"TAACCTAAGATGGACA-1","male","IN-MGE",-13.4288513795918,1.68588195677085,6.11288256943699,-5.78654415351936
"TAACCTAAGCTCAATA-1","male","Microglia",10.399230705064,11.5477872484474,8.53601737320896,0.453406920604024
"TAACCTAAGTAGCCAT-1","male","Microglia",9.24048112468067,10.6454196565895,8.39009852707859,1.26364426868371
"TAAGCCTAGGCCATCA-1","male","Microglia",11.0581252439434,10.1816001528053,8.42678065598484,1.38319217222146
"TAAGCTATCACAAGCT-1","male","IN-CGE",-10.8255617754048,10.0486913316993,3.00146599114414,-9.49737484199592
"TAAGCTATCCCTCACG-1","male","IN-MGE",-11.9901573793476,2.24314784939571,6.13985629380222,-5.27031881553718
"TAAGCTATCGTCAAGT-1","male","Astrocytes",1.95152567462269,-2.84067434136586,-1.68272529541973,-3.00833232147285
"TAAGCTGGTCAGTAAT-1","male","Microglia",11.309968696397,10.334108888462,8.13117690384861,1.53587918537072
"TAAGCTGGTCATTGTC-1","male","Astrocytes",2.13981865481678,-3.63471454446034,-1.06227567791466,-2.3149495814521
"TAAGGACCATAATCGT-1","male","OPC",-4.80085159702953,-13.2008242017479,-12.6378031223965,4.28019874351433
"TAAGGCTTCCACCTGT-1","male","OPC",-5.11940218372997,-13.2690462476464,-12.8143053501797,4.34264414565972
"TAAGGCTTCCGTTAAA-1","male","Pericytes",8.43826745585743,-12.9677986509057,-3.52606992423062,5.05741231697014
"TAAGTAGCAAACTCAT-1","male","Astrocytes",2.15578411654774,-3.01721471612172,-0.876613814379018,-3.33517820579597
"TAAGTAGCAATATACC-1","male","Microglia",-13.181073440749,1.72035120363517,5.56517882645603,-5.54891330940315
"TAAGTAGCAATCTCTC-1","male","Astrocytes",4.366965041917,-2.16297811333852,0.569919541482884,11.3602196480553
"TAAGTAGCACAGGATG-1","male","Oligodendrocytes",6.12882541255299,1.66609823639674,1.06809313595768,11.3955523278039
"TAAGTAGCATACTCCT-1","male","Astrocytes",2.14060758189503,-4.43240875069814,-2.80483154952053,0.84222914086989
"TAAGTAGCATCCTGAA-1","male","Astrocytes",2.45093630389515,-3.6204065686913,-1.04416626691346,-2.8778625224311
"TAAGTGCTCATCCTCA-1","male","OPC",-4.84699083729443,-13.188276708767,-12.7310123890591,4.40311258094719
"TAATCACCAATTAGCT-1","male","Microglia",10.5942876203472,11.9689040773658,7.7150563746738,0.428463747672353
"TAATCACCACAATGTT-1","male","Astrocytes",2.43215011195484,-4.11039489571767,-1.75838409363751,-3.0401271079261
"TAATGCATCTAATCTC-1","male","Oligodendrocytes",3.63053725795094,4.61343961890025,-0.229633375997585,9.61036937492302
"TAATGGACACTAAGTT-1","male","Microglia",11.8959710462505,10.9094853990821,8.75124068558689,0.704686542920385
"TAATGGACAGTAAGTA-1","male","IN-MGE",-5.59906555576977,-3.27067893807607,8.21350951493259,-6.10669119102546
"TAATGGACATAATTGC-1","male","Microglia",8.20988153056446,11.5683398836402,8.67015548050876,0.690196534566198
"TAATGGTGTCCAAGAC-1","male","Oligodendrocytes",5.69606803492847,3.19426447089,0.705084040765721,11.6893679405969
"TAATGGTGTGTGTCCC-1","male","Oligodendrocytes",6.45781110362354,0.661994873836471,1.17833991349216,10.3569018151086
"TAATGGTGTTGCACAA-1","male","OPC",-5.92299677296337,-4.5579852468224,-11.1489906758023,-5.93461925727912
"TAATTGCCAGGCTACT-1","male","IN-CGE",-7.66204334660229,10.6386151903419,0.960617735986668,-9.1252740119178
"TAATTGCCATAGACTT-1","male","IN-MGE",-13.9473793642109,1.68841898377223,4.12335725129123,-5.49378664238044
"TAATTGCCATTGTCAG-1","male","OPC",-7.87907387180981,-9.15440315072255,-9.28348927199368,-5.87172872764656
"TACAACATCACTTTAC-1","male","Astrocytes",2.40624521807972,-3.29662793938832,-1.96146695315365,-2.4202061389167
"TACAACATCCACCCTG-1","male","Microglia",11.6384522779399,10.4153571718483,8.98347754776951,1.23573889391831
"TACAACATCTGTGCAG-1","male","Astrocytes",4.36875890330616,-4.23559325997548,-0.618233099575084,-3.20518142921516
"TACAAGCTCGCTTGCT-1","male","OPC",-4.78798939152416,-13.1987871534081,-12.7294273823452,4.36587088363579
"TACAAGCTCGTTATAG-1","male","OPC",-8.55806852741894,-8.94800514046864,-9.57774166762356,-6.49120790702888
"TACAATGTCATTAGCA-1","male","IN-MGE",-13.9882767335957,1.45527713309212,-0.492670580740017,1.97553282039574
"TACAATGTCCCTCAGT-1","male","Microglia",6.55566428736988,10.0703139894752,7.61227603257175,0.406030943564687
"TACAATGTCGGGCCAT-1","male","Oligodendrocytes",6.49982522563282,0.68191915686412,0.871769383554417,11.9375635887902
"TACAGCTAGCATTATG-1","male","IN-MGE",-13.4587872163838,2.06701487238689,5.3209118396091,-5.37681705696174
"TACAGCTAGTCATTTC-1","male","Microglia",-5.81342626972851,-4.4062690145226,-3.26097373663906,1.48335533397606
"TACAGCTAGTTATCTC-1","male","Astrocytes",-1.8589688674992,-4.26415008370595,-2.33557932078366,-2.06851989967414
"TACATCAAGCAAGGAC-1","male","Microglia",7.0357186658794,10.6912017458229,7.69114394486423,0.753023033909116
"TACATCAAGGTGAGAC-1","male","IN-CGE",-3.08468653126415,14.2623201006202,0.737406924371678,-8.45190460426399
"TACATCAAGTGAGAGC-1","male","Microglia",8.47352193431202,10.9069238298683,7.28028388321872,0.0401049758713582
"TACATCAAGTTACTTC-1","male","IN-CGE",-11.3578074113911,9.04739957983775,3.04988808930393,-9.34429199440071
"TACCAGGTCAGCACCA-1","male","Pericytes",8.24775575236622,-13.2466902143212,-4.00238446890835,4.40241639869622
"TACCGAAGTAGCCTAA-1","male","IN-MGE",-13.7677843706196,1.60192865069194,4.51958365738865,-5.61768324119636
"TACCGTTGTGATTACG-1","male","OPC",-7.75322128697094,-8.55189842049794,-9.79825977980618,-6.58269674522468
"TACCGTTGTTCAAGCA-1","male","Pericytes",8.69991277293507,-12.9696936017724,-4.02390460669522,4.85561197059563
"TACCTCATCCGGGACT-1","male","IN-MGE",-13.5272658006733,1.89513641531749,5.22689004242893,-5.47231132728645
"TACCTCATCCTAATGA-1","male","Astrocytes",-3.02502848072704,-3.95309585396962,-1.33355359732632,-3.55026943428108
"TACCTCATCTACTAAG-1","male","Endothelial",-0.086908592421379,-14.9073900586815,-2.83977179228787,3.30146305816582
"TACCTGCTCCCTGATC-1","male","Microglia",-7.04014660282787,-5.926012457058,-3.3073304146481,1.49023961084298
"TACCTGCTCCTCAGTC-1","male","IN-MGE",-12.8523314134663,1.56799743260427,4.65348811448093,-5.59818823082038
"TACCTGCTCCTTAGTT-1","male","Astrocytes",2.80783270434681,-3.37377113167958,-2.23459045588497,-0.429908940621104
"TACCTGCTCGTGCCTT-1","male","Astrocytes",-3.1464684145039,-4.1037902242394,-1.24742673336987,-2.62671954376289
"TACCTTTAGCATGGTT-1","male","Astrocytes",-3.2869644300526,-4.03839963738637,-0.541005745525402,-3.85170013649055
"TACCTTTAGGCAACAA-1","male","Microglia",9.5304868085796,11.9941878908424,6.706162407999,2.2379457260888
"TACGCACCACTTACAG-1","male","Microglia",11.2359330518657,11.3633161180763,8.77039237320896,0.613742878608022
"TACGCTTGTTAGCATG-1","male","Astrocytes",-3.97875596447643,-3.75288814370351,1.17889089882846,-1.96207411033699
"TACGGATTCGATTTGA-1","male","IN-MGE",-9.79487539692577,11.9925857179908,1.32978363335605,-9.98476726753303
"TACGGATTCTCACAAA-1","male","OPC",-4.94859100742992,-13.0902284986229,-12.6956882923794,4.38686268585137
"TACGGATTCTCTAGCC-1","male","Microglia",8.95649026469532,11.509851037815,8.24378009140964,-0.202592799492564
"TACGGTTAGGTGAGAC-1","male","Oligodendrocytes",-7.12651087208446,6.88142400915904,0.605110481386143,3.06606881874016
"TACGTAATCATGACCG-1","male","Astrocytes",2.49015186862293,-4.00752443139272,-2.32686631381039,-1.06551630241462
"TACGTAATCTTAGGGT-1","male","Microglia",7.41071008281055,11.0410943620948,8.48490996659275,-0.161571929283824
"TACGTACAGTCTTGAA-1","male","Microglia",5.89468883113209,-4.09243005578236,0.312584951524693,-3.84706670982429
"TACGTTAAGCTTTGGG-1","male","Microglia",10.499271140855,11.4300075166969,-0.0614902824116169,-3.90744859916755
"TACTAAGTCCGCCTCA-1","male","Microglia",6.9288227422649,10.2581229799537,7.41383834183689,0.714344954065595
"TACTAAGTCTTGGATA-1","male","IN-CGE",-11.7466652528828,8.94532829458995,3.26541943848606,-8.46451599342414
"TACTCAAAGCAGCTCA-1","male","OPC",-7.64513613148388,-9.15297168557362,-9.26313690840725,-5.68678552848884
"TACTCAAAGCCTAATA-1","male","Oligodendrocytes",6.29133628444019,1.45840724866076,0.802442744379002,11.8867871071618
"TACTCAAAGTCAATCA-1","male","Astrocytes",-3.60758711262402,-3.82104009453969,-2.38508538901333,-1.83051211578437
"TACTCAAAGTTATCCT-1","male","Astrocytes",3.11912416056934,-3.50643533532338,-1.21145661174778,-3.52136976463386
"TACTGACAGCATCCAG-1","male","IN-MGE",-12.662144912917,1.95976915891452,5.59831567109104,-5.23708088142463
"TACTGACAGCCTGATG-1","male","Microglia",-5.7409885065144,-4.24667161767201,-3.06105165183071,1.81076656835488
"TACTGGCCATTAAAGG-1","male","IN-CGE",-5.96356226368603,-3.81956762139516,4.6993150264072,-5.93780643684455
"TACTTGTTCAAACACC-1","male","OPC",-8.61816336079296,-8.68018287484364,-9.30744843184475,-6.35922748786994
"TACTTGTTCACAGCGC-1","male","Microglia",11.2437398298198,10.7528749101905,8.53033633530613,0.59677620785645
"TACTTGTTCATGGCTG-1","male","OPC",-8.09250952168163,-9.59086650674062,-10.0737133473111,-5.20851309043952
"TACTTGTTCCGGTTGA-1","male","Microglia",8.06470273570362,10.52083736594,7.29052634537693,1.86877208011559
"TACTTGTTCCTAAGGT-1","male","Oligodendrocytes",3.91872142390553,4.87685066397472,0.896310403947789,10.7310950066369
"TACTTGTTCCTCAGCT-1","male","Microglia",10.977524505418,10.8905187242775,7.61216159165378,0.818919723800931
"TAGACCAGTTTATCTG-1","male","Microglia",-12.4101688997334,1.88844442303462,5.29856534302707,-5.71492893440315
"TAGAGCCGTAAAGCAA-1","male","OPC",-9.10345961018261,-8.6869873410912,-10.7198305576992,-6.12005216819831
"TAGAGCCGTCGTTATC-1","male","Astrocytes",-2.61421514912304,-4.1523718244286,-0.843577410788205,-2.10587866050788
"TAGAGCCGTGAGGTGA-1","male","IN-MGE",-14.3011801378315,0.851313649967147,4.29240603745456,-5.74291069252082
"TAGCAGGCAAATATCC-1","male","Microglia",4.7450864179546,-4.18189853493886,7.65529914200779,-0.472616741486277
"TAGCAGGCAAGCTTAT-1","male","Microglia",-5.84581686421093,-4.40856260125356,-2.8123490065289,1.7907912637513
"TAGCAGGCAATTAGCT-1","male","Oligodendrocytes",5.94717715815846,1.86611810262485,0.571249678735691,11.4774491097253
"TAGCAGGCAGGAACTG-1","male","IN-MGE",-13.7409346239155,1.63643020327373,4.37955231965061,-5.72709257347175
"TAGCAGGCATAGACTT-1","male","IN-CGE",-5.99656464024242,-3.54645961587148,1.23301549256321,2.79102556960991
"TAGCAGGCATCCTGAA-1","male","Microglia",9.72710298137013,10.2723355882911,8.41291995347019,0.655790409020696
"TAGCATATCACTAATG-1","male","IN-CGE",-2.50707746906933,14.0595508211402,0.549053266649205,-8.31691772682258
"TAGCATATCAGGAAGC-1","male","Oligodendrocytes",2.41224764422718,4.79907923872752,1.42997927964206,10.2858816887658
"TAGCATATCGCAACAT-1","male","Oligodendrocytes",3.00987838343922,4.82347613508983,1.10907907784458,10.5064169670861
"TAGCCTGAGGCCTAAT-1","male","IN-CGE",-2.31324101849255,13.9538674944191,0.116082385187107,1.52257232921532
"TAGCCTTGTACCAGGT-1","male","IN-MGE",-12.2534020082539,1.95120212371631,6.23874135315891,-5.37657291633674
"TAGCCTTGTGATCATG-1","male","Microglia",7.69054196910206,11.3170495622901,7.0425619632053,1.63429163949898
"TAGCCTTGTGCACGCA-1","male","Astrocytes",-3.96216346188244,-2.6101002103539,0.950925305490452,-2.97143490058967
"TAGCCTTGTGTCCAGG-1","male","Astrocytes",-0.906842245299187,-4.49313539330678,-1.94577483832363,-1.95922000152656
"TAGCCTTGTTTAACGG-1","male","Microglia",11.5713956220562,11.3397222154884,8.24582476914402,-0.244294831581797
"TAGCGCGGTTGCAATG-1","male","Oligodendrocytes",6.35495017604176,0.758819996669723,0.372235968713719,11.6116177346032
"TAGCGGACAGCTAATT-1","male","Astrocytes",7.26708148555103,11.0059819811134,2.61268635094638,-1.95550734741279
"TAGCGGACATAGCGAG-1","male","IN-MGE",-11.1751186983174,0.636961578681899,8.13815398514743,-6.13525755149909
"TAGCGGCTCCTAAGTA-1","male","Pericytes",8.31367372111622,-13.078223646328,0.774424746637303,2.16748934047631
"TAGCTAATCTAACCTT-1","male","Oligodendrocytes",6.09063218669239,0.615342199161483,0.781919196252781,11.4496351982873
"TAGCTAGGTTTGCGAA-1","male","Microglia",10.5316731794292,12.5347304933815,6.88227696717258,2.05741362827233
"TAGCTTAAGTCACTCC-1","male","OPC",-9.2156012193745,-9.10523361031728,-8.49633888899807,-6.17365581733772
"TAGCTTGCAAACGGGC-1","male","OPC",-5.77219559117016,-4.48165124718861,-10.1860561817837,-6.62030346138069
"TAGCTTGCAAACTCAT-1","male","Oligodendrocytes",5.86943029002491,1.53745843033476,0.982612088327366,11.734941175155
"TAGCTTGCAAATATCC-1","male","OPC",-8.58409429951366,-7.83260005776601,-10.496905371542,-5.65831930381843
"TAGCTTGCAGGACCAA-1","male","Microglia",10.2653682096416,11.2634864443092,6.51150794327732,0.111674716643606
"TAGGAACCAGTTTGGC-1","male","Astrocytes",2.5299494131023,-3.18830722634511,-1.09794829785351,-2.40589577896186
"TAGGAACCATAGCGGA-1","male","OPC",-5.12927462025341,-13.3537773496361,-12.2067289799405,4.02969186561516
"TAGGAACCATAGGCGA-1","male","Microglia",9.54796956614796,11.0151515596656,7.41448397934909,1.62849544542244
"TAGGAGGGTCATGCAA-1","male","Astrocytes",-2.67354537411388,-4.31873792473988,-2.04670970141415,-2.12177903396675
"TAGGAGTCAATATACC-1","male","Microglia",10.6206967695171,12.1938367479591,7.49106402695652,0.804153105191503
"TAGGAGTCATCAATCG-1","male","IN-fetal",-9.94409109516796,10.3493686311988,2.4514176398563,-1.52696735603401
"TAGGCTAGTCATCAAG-1","male","Microglia",10.0228650434429,10.6643357866554,7.33792586625095,0.676374277047429
"TAGGCTGTCTTCAATC-1","male","OPC",-8.01047350331005,-8.21371406380849,-9.82429032027249,-5.95892698509284
"TAGGGTTTCATTACGA-1","male","Microglia",10.6802308423931,11.961140214756,8.24512667954441,0.820181285909925
"TAGGTGCGTATTGTGG-1","male","EN",-7.25554396076855,6.83398014242931,-2.24802331625943,-5.55712587577888
"TAGGTGCGTCTTGCTG-1","male","IN-CGE",-3.08126856251415,14.0877814882545,0.683717921380955,-8.62136680824348
"TAGGTTATCCATTACT-1","male","Microglia",-7.32598091526684,-6.34119314019399,-3.44425396620755,1.4024256970208
"TAGGTTATCCGTAAAC-1","male","Astrocytes",-4.06318999691662,-3.81356567208485,-0.658462047572178,3.37402575271538
"TAGGTTATCGTTAGCG-1","male","Microglia",10.3174378736431,10.6413407915382,8.78761477768894,1.2226552571576
"TAGGTTATCGTTATCT-1","male","Microglia",7.00825666026417,10.5687757128028,6.51069112122532,0.823182364873205
"TAGGTTATCTTGAGGT-1","male","Microglia",11.6412865980083,10.8286395662574,7.4686078578281,0.24085049884728
"TAGTAACGTAAGCACC-1","male","IN-MGE",-17.9236509935444,4.50618439848704,4.75799699128147,-5.97169143898078
"TAGTAACGTGTTTGCT-1","male","OPC",-7.95121027393993,-9.66407150094228,-8.6462021321011,-6.27137214881965
"TAGTAACGTTGTCCAT-1","male","Microglia",11.5583674772197,10.8013692491798,7.83627124131199,1.59962253826073
"TAGTACGGTTAGTGAT-1","male","Microglia",10.7892815931255,10.829093515232,7.69708342850681,-0.0342777465064189
"TAGTACGGTTTGCGAA-1","male","Oligodendrocytes",6.31594871119801,1.44283210422082,1.00521905720707,11.9320160652917
"TAGTCAATCAGCAAGA-1","male","Pericytes",7.77594159678761,-13.1361574537011,-4.16069297492031,4.42386811035088
"TAGTCAATCCATCAGG-1","male","Astrocytes",1.48143206672016,-4.94881385628896,-2.06982450186734,-1.84540135604927
"TAGTCAATCCTGTTCA-1","male","Astrocytes",0.40169267491642,-5.27991718117909,-8.34380535780911,-5.42441541893074
"TAGTGAGAGACACTTA-1","male","Astrocytes",2.36698459224049,-2.81652587716298,-1.02880753576283,-0.738110015221324
"TAGTGAGAGGCGGATG-1","male","IN-CGE",-11.0776732103413,9.76706653769298,3.37681384385105,-9.25896007759162
"TAGTGAGAGTTAGACC-1","male","Pericytes",8.43801473216358,-12.8742813474389,7.68187899888034,1.80967544572762
"TAGTGGCGTAATCGCA-1","male","Astrocytes",2.6847448213512,-3.99808734719472,0.62223823369022,-3.14056522590705
"TAGTGGCGTCAGGCAT-1","male","OPC",-6.63916660710033,-5.47769445244985,-10.0814285725308,-6.24419386131355
"TAGTGGCGTGATTACG-1","male","Endothelial",-1.37261529131588,-15.1869348890038,-2.92517285048489,2.64027934329918
"TAGTGTGGTAAGCTTG-1","male","Microglia",5.18849013881031,-4.33223193947987,-0.193194851274532,-4.0383108351905
"TAGTTGTCAACACCTA-1","male","Oligodendrocytes",3.80993484095875,4.58360081846995,0.279291465883213,11.7046019341271
"TAGTTGTCACGAATCC-1","male","Microglia",11.0347316129619,11.8599639528541,8.00002188981052,0.190063228778158
"TAGTTGTCAGCATGGA-1","male","Astrocytes",1.99865172938648,-3.28957074944692,-0.208105847234768,-2.09285433036872
"TAGTTGTCATTAAACC-1","male","Microglia",7.87610505656544,10.6625342958717,0.173456504945713,-3.88691980583259
"TAGTTTGAGAGCCGGA-1","male","Microglia",8.1260039670879,11.4826284044532,8.11658854783054,-0.276193330116954
"TAGTTTGAGTTTAACG-1","male","Oligodendrocytes",4.21309207515064,4.76876670058055,0.0318381935405315,10.0238825585168
"TATAACCCAATCCCTT-1","male","Astrocytes",2.51581357554737,-3.30087512795644,-0.637886509294551,-2.7421432231147
"TATAACCCAGGCTTCG-1","male","Microglia",10.7897374494487,10.4878211611061,7.77150817215915,1.44455449836663
"TATAACCCATAAACCT-1","male","Microglia",8.26261781291309,11.5486426943092,7.9611615687656,1.297588994674
"TATAGCCAGGAAGCTA-1","male","Microglia",-6.71082188053783,-9.69743579690175,-8.86271385848049,-5.90988094551155
"TATAGCTCACGTGCTG-1","male","Pericytes",8.19101117686573,-13.1820816404076,0.602334097032505,2.67351465480736
"TATAGCTCAGGGAGGA-1","male","Microglia",9.92031739787403,12.6031060808448,9.03696627915378,1.37755518215111
"TATAGGTGTGCAACTA-1","male","Microglia",11.6040685041362,10.4469991319923,7.56317706406589,0.508683165482793
"TATATCCTCACTTCAT-1","male","Microglia",-6.87589003010448,-5.69632810418324,-3.51286248862271,1.59614907758645
"TATATCCTCGCAAACT-1","male","Microglia",7.31208633021656,11.0336824053077,7.27661032975193,0.224920442275319
"TATATCCTCTATCGCC-1","male","Microglia",11.5732476575786,10.6263414018898,7.02814431488987,3.23663776176384
"TATCACAAGATGGAGC-1","male","Astrocytes",-3.84776641293224,-3.18882554833608,1.90143771470066,-2.08901269180366
"TATCACGCACTTACAG-1","male","Microglia",-5.59329534931835,-4.15152114693837,-3.0562899559689,1.57753824251107
"TATCCAGCACACTAAT-1","male","Microglia",10.8233821256572,11.5553823107032,7.72534652054783,0.169532528094564
"TATCCAGCACATGCTA-1","male","Microglia",7.17620204524342,10.7593007677345,-1.05006112157826,2.10160928028039
"TATCCAGCAGTTGCGT-1","male","OPC",-5.16230179234203,-13.1759962445946,-3.45144347846035,1.45672713773659
"TATCCGGAGCATGTCG-1","male","Microglia",7.44158290461842,11.1154208772926,7.9474954158115,0.125260820559774
"TATCCGGAGGTGTTAC-1","male","Astrocytes",1.66976641253773,-3.33297008340077,-1.00583164393429,-1.97826750022956
"TATCGAGGTTTCCGGC-1","male","Astrocytes",-1.05850840969738,-4.21756166283803,-0.552966400976223,1.67886142986229
"TATCGCACAGGACCAA-1","male","Astrocytes",4.32126926020924,-2.07284778420644,-0.223222479219478,-4.17842371208259
"TATGAAGCAAGGTATA-1","male","Microglia",10.3562972410137,11.5984321230201,8.18881507218357,-0.271766850777354
"TATGACATCCTTTACG-1","male","Astrocytes",-4.14942361279186,-3.29440206353383,0.0868145972537578,-2.89130336982795
"TATGACATCGCTAAGT-1","male","Microglia",7.28486941890064,9.90233856375499,1.72591181099888,2.49606578605584
"TATGACATCTGCAAGT-1","male","Microglia",11.4080092771465,10.8657823198585,8.0207204371738,0.678798129729543
"TATGACATCTGTGCCT-1","male","Oligodendrocytes",2.18536971644703,4.88182765181346,0.748476102952916,10.6394020821374
"TATGACTCACACTAAT-1","male","OPC",-8.08733822270092,-9.41913265053944,-9.42166523634915,-5.65831405860969
"TATGACTCATGAAATG-1","male","Astrocytes",2.55362628535572,-3.04456561867909,-1.29557169973378,-2.16011554939338
"TATGCATCACACAATT-1","male","Astrocytes",-3.81942202015575,-3.63874620263295,-0.0296470373821675,1.2863083388131
"TATGCATCATAAAGCA-1","male","Microglia",8.66027997569386,11.9019151323585,8.68817038834568,0.535158296994481
"TATGGATGTGATTTGG-1","male","Microglia",11.599688278001,10.668129503086,8.35402961075779,0.463646104506765
"TATGGATGTGGAAACG-1","male","Astrocytes",-0.786013944584694,-4.53271907632069,-2.72668020426754,0.501326968840871
"TATGGGCGTTACAACG-1","male","Endothelial",-1.13596619530376,-15.2714456922265,-3.12171916663174,1.86496811168603
"TATGGTCAGAACCTGT-1","male","Microglia",9.18244241313282,10.3950420015602,7.73603530228611,0.637693246773992
"TATGGTCAGGAACCAA-1","male","Astrocytes",2.23997305468861,-3.26664727990346,-1.45738081633572,-2.84187609893867
"TATTAGCCAAAGCGGC-1","male","Oligodendrocytes",5.42037318782154,3.61026936705394,0.765241578226048,10.3228346611779
"TATTAGCCATCGCTCC-1","male","Astrocytes",0.270847664635811,-4.37038272683339,0.129107430582005,2.50947647350243
"TATTAGCCATGTTGCA-1","male","Microglia",4.39602397517506,4.42175799544139,-0.0911148041439472,-4.43943340522834
"TATTAGGTCGCAACAT-1","male","Pericytes",8.05713437632862,-13.2097153073998,-4.31416992842678,4.55026142852715
"TATTAGGTCTAACTGA-1","male","OPC",-8.84492231770214,-8.68099254433827,-9.48306088149075,-6.79666263801643
"TATTCGTTCCGGGACT-1","male","IN-MGE",-11.5634586946553,2.46258866722865,-0.772573612625641,2.78883152263573
"TATTCGTTCCTACCTA-1","male","OPC",-6.85212541981396,-5.74897807900624,-10.5143137425137,-6.05821354133674
"TATTGACCAATCGCAC-1","male","IN-MGE",-11.6313002245015,1.51349525648339,7.40115447342868,-5.56662018043586
"TATTTGCTCACGAATC-1","male","Microglia",-7.005762352187,-5.8828634626122,-2.87408094107632,2.04029600875786
"TCAACAATCAATACGC-1","male","Oligodendrocytes",4.78432439402882,4.14697128470225,1.09336645901676,11.8913838173669
"TCAACAATCATGACCG-1","male","Microglia",-6.30744244023022,-10.5911497480126,-0.296085819597286,-4.27536518318244
"TCAACAATCATTAGGC-1","male","Astrocytes",1.55679153041187,-5.62238687340932,-0.967793270940822,-3.68977625114509
"TCAACAATCTATGACA-1","male","Microglia",7.50985263423267,9.54420715506358,1.60831923783298,1.07573117869309
"TCAACAATCTCACTCA-1","male","Astrocytes",2.72909306124989,-3.1438588506432,-1.5767788737965,-2.42841202957221
"TCAAGAACATTAAACC-1","male","Astrocytes",2.05305145816151,-3.5462722188683,-1.70228533446316,-2.06020004493782
"TCAAGCTAGGTACCGC-1","male","Microglia",10.7256667478496,10.9664645784645,2.47407217324253,-2.14707810623237
"TCAAGGAAGCTGCACA-1","male","Microglia",9.90764401988331,11.3017449968605,7.80335707962986,0.40500836627892
"TCAAGGTTCAATACGC-1","male","OPC",-8.81913114948925,-7.68248599831777,-9.53981785475735,-6.4000371192176
"TCAAGGTTCATTTGTC-1","male","Astrocytes",-3.86119057102856,-2.61605495278554,0.923381283884007,-2.96524173957893
"TCAAGGTTCCTACCTA-1","male","Astrocytes",-0.129536672074165,-4.51609796349721,-2.26994352042202,-1.91660959465095
"TCAATCGCAAGCTAAA-1","male","Astrocytes",2.50311397151295,-2.98274034325795,1.18825216591831,2.55266492622307
"TCAATCGCAGTTATGT-1","male","Microglia",9.96520494059864,10.7187581651954,6.80884070694919,0.901300383679185
"TCAATCGCATTAAACC-1","male","Astrocytes",1.75780581073109,-3.90496057336049,-0.662106975908321,-2.68708641273567
"TCACATAAGGTACCGC-1","male","Astrocytes",2.10108874873463,-3.57434457604604,-1.55676017701153,-1.55675441963264
"TCACATAAGGTCCACA-1","male","OPC",-8.65180231495556,-9.30182021920399,-9.88489060103421,-6.47830230934211
"TCACATAAGTAACAGG-1","male","Oligodendrocytes",6.04925416545216,0.580025910690261,0.80385763943668,11.4779040123742
"TCACATAAGTCACGAT-1","male","Oligodendrocytes",3.76073239878956,4.68804603750987,0.936063364152867,11.4914137627404
"TCACCGGCAGCAATAA-1","male","Astrocytes",1.28841720656696,-3.88666004006581,-2.65225641428952,2.37216525333336
"TCACCGGCATAATGTC-1","male","Microglia",11.8130147321636,12.0136886232643,7.73867221177097,0.484812846354757
"TCACCGGCATGTCAGC-1","male","Microglia",9.90427373484913,11.9315896623878,8.45989032090183,0.616098394564901
"TCACCTCAGGACCTCA-1","male","Oligodendrocytes",5.73321174220387,1.01919680769725,1.08227761090274,11.3870579506677
"TCACCTCAGTCAGTAC-1","male","IN-CGE",-9.7431948320454,9.96247249777599,1.87916059792514,-9.08435852272102
"TCACCTGGTCACAGCG-1","male","IN-MGE",-14.3414394990986,1.47374603460713,-3.31089000403408,1.37293704407624
"TCACCTGGTGCTTACT-1","male","Astrocytes",-0.336910589176979,-5.00153201882558,-2.5633790939999,-0.322927901573863
"TCACTGACAGGCATGA-1","male","IN-MGE",-11.830152763564,1.68452501232906,7.90766711533542,-5.94830543739387
"TCAGCAAGTCTAACCT-1","male","Microglia",11.0002801282817,10.3919797533302,7.35584445298191,0.432865014247213
"TCAGCAAGTTCACTGT-1","male","Microglia",11.4819323881084,11.4985318773536,6.8919682055759,3.39286248939446
"TCAGCCTTCGCAAACT-1","male","OPC",-9.30982710285839,-8.78134101693349,-9.67162995039944,-6.41620523674079
"TCAGCCTTCGGCTATG-1","male","Microglia",11.0022809369976,11.1130080812721,7.2557582408237,1.05579723226241
"TCAGCCTTCGTTAGTA-1","male","Endothelial",-1.24238176508602,-15.3251947766991,-2.87021903693203,2.3974447752755
"TCAGGAGCAACTAGGG-1","male","OPC",-9.23625017567333,-9.32810825173573,-10.1062365025235,-5.38268596870491
"TCAGGAGCAAGTGTCC-1","male","OPC",-8.55650736256298,-7.48298305337148,-10.1369858235074,-5.96173984748908
"TCAGGAGCAGCGCTTG-1","male","IN-CGE",-9.16717554493603,12.3317971819191,1.09775562584873,-9.6754449103553
"TCAGGAGCAGGTTATT-1","male","OPC",-6.13151527805981,-12.0455707914086,-12.3536386936856,4.00743668334893
"TCAGGAGCATAATTGC-1","male","OPC",-7.65780188008007,-8.97612327401357,-9.48944000899319,-6.58759481651374
"TCAGTAATCAAGCTAC-1","male","Microglia",10.990611778062,11.2278304689674,8.49375911057468,0.143983235530172
"TCAGTAATCTAACCTT-1","male","Oligodendrocytes",-3.43442870541271,-4.11094945733266,0.77839536965366,10.4420916344445
"TCAGTAGGTTCATTTG-1","male","Microglia",10.6657826764995,11.1492963426857,8.73617930710788,0.852191543154035
"TCAGTGAGTACGTTTC-1","male","Astrocytes",0.615455494683418,-4.80847448174672,-2.27057032286648,-1.77821857673713
"TCATAACCAAGGTCGA-1","male","Astrocytes",2.18597196177784,-3.62060064141469,-1.39374361931805,-2.85137302620002
"TCATAACCAGTTAGCC-1","male","IN-MGE",-13.7071516649311,1.67922621901317,4.1721834689426,-5.49328548652717
"TCATAACCATAAAGCA-1","male","Astrocytes",-3.16927935047802,-2.95396179024892,0.72367067635532,-2.89770419342109
"TCATCCATCCTCATGC-1","male","OPC",-8.10960556431469,-9.55514663521962,-9.94547562300686,-6.01831228477546
"TCATGAGGTCTTGCAT-1","male","Astrocytes",-3.66334010525402,-4.10393327538686,-1.99033956229214,-2.3254361842353
"TCATGAGGTGTTAGCA-1","male","Endothelial",-0.492868317801323,-14.7294725782128,-1.65475092827801,3.08669679420403
"TCATGAGGTTAACGGC-1","male","Astrocytes",1.66294883326832,-3.24128335778432,-0.922842994327587,-2.9854818080146
"TCATGAGGTTTGCGCC-1","male","Microglia",11.4243123395855,11.1082025163917,-8.35720400511746,-6.17103798133918
"TCATGTTTCGAAGCGG-1","male","Microglia",6.97550462321583,10.5596700304298,1.89780469239231,1.05407856213263
"TCATTACTCATGAGCT-1","male","Astrocytes",2.20276020602528,-3.68625539605336,-0.296164140100521,-0.919883439369883
"TCATTACTCTTGCAAA-1","male","Oligodendrocytes",4.13721250132862,4.66818076308055,0.896314576272923,11.9803692604821
"TCATTGCGTTGCTTCG-1","male","Oligodendrocytes",6.28758405284229,0.6005247228889,0.9627747088718,11.2115408684533
"TCATTGCGTTGTTGCT-1","male","OPC",-7.30766178532299,-6.37264198128896,-0.472735121841472,2.34167247074059
"TCATTGTTCATAGCCG-1","male","Microglia",11.2302176816875,10.5704875582008,7.6503009349155,0.271192004851613
"TCATTGTTCCCTTGCG-1","male","Oligodendrocytes",6.1999556882793,1.05385371978564,1.13045556843753,10.8629128243249
"TCATTGTTCGAGGAGT-1","male","Astrocytes",-1.52832855148968,-4.4639706021996,-0.591365680093807,1.23774500744751
"TCATTGTTCTTTGACT-1","male","OPC",-6.06386877461132,-12.1176695234032,-12.4888973683072,4.29188840644768
"TCATTTGGTCGTAAAT-1","male","Oligodendrocytes",3.8764693601543,4.5550187223701,-0.103125974531215,11.4411083962243
"TCATTTGGTGAATCGC-1","male","IN-CGE",-11.6734078065937,11.6386523836402,3.44465251267429,-10.7663930152137
"TCATTTGGTGGAAACG-1","male","Microglia",10.2268302305156,11.0189509981422,7.44815154374118,0.213989963702474
"TCCACAACAATATGGA-1","male","OPC",-8.36040951176342,-9.54896873299794,-9.93026451766018,-5.16122801048347
"TCCACAACAATGAAGC-1","male","OPC",-5.30891682072338,-13.1310238248559,-12.4608498066616,4.11825483100823
"TCCACAACACATTAAC-1","male","IN-MGE",-14.3137390749043,1.44143192405982,4.63529439270969,-5.487323114701
"TCCACAACAGGTATTT-1","male","Pericytes",7.54634259776417,-13.1490234739037,-3.87300591170315,4.3100721146386
"TCCAGGATCCCTCATA-1","male","IN-CGE",-10.9422028200215,11.4496427171974,3.48914714158054,-10.4282963965614
"TCCAGGATCGCTAAGT-1","male","Microglia",6.76314233378712,10.0726848238258,7.76470465958591,0.837818032078061
"TCCATAAAGCATCCAG-1","male","Astrocytes",2.69412849978748,-2.98311466042714,-1.30464537441258,-3.22711641532966
"TCCATATTCCTTAGGG-1","male","IN-MGE",-11.4076731340474,0.240957915142013,8.15444464982029,-6.12226040107795
"TCCATATTCGGCCATA-1","male","IN-MGE",-14.4234945909565,1.38479552353902,4.13788314164158,-5.59497482521125
"TCCATATTCGTGCTTC-1","male","OPC",-8.64326120777782,-7.5441650754662,0.985842302446324,1.04591756122521
"TCCATCATCCGCAAGC-1","male","Oligodendrocytes",4.00457690791431,4.60667878325267,0.852993443613011,10.8810354973595
"TCCATTGTCAGGTCCA-1","male","Microglia",9.07511590556446,11.6149421327858,6.9591273814487,1.00127469184211
"TCCATTGTCATTGCAA-1","male","Astrocytes",2.52582977847401,-3.08858722512441,-1.38173155486111,-2.55589682800361
"TCCATTGTCCGGGACT-1","male","Astrocytes",1.49785231189075,-3.80836576287465,-2.06865589320187,-2.48804361564704
"TCCATTGTCGCTAGTG-1","male","Microglia",7.24305986003223,10.7725425356178,1.69983597100254,0.93725919718257
"TCCCGGACAACCTAAT-1","male","Microglia",11.0833918912822,10.0154166811256,7.97684188187595,1.20429692225865
"TCCCGGACAACTGGCT-1","male","Microglia",-6.3683397905415,-4.96765130822377,-3.34255175292019,1.63767074602059
"TCCCGGACAATTAACC-1","male","IN-MGE",-11.2337153093403,0.143468200519515,7.89296717942234,-5.97433407051155
"TCCCGGACATAATCAC-1","male","Oligodendrocytes",6.25645040110889,0.684259354427291,0.475115492944676,11.2458826805871
"TCCCGGACATGTTGTG-1","male","IN-CGE",-11.1047728197163,10.5246797197608,3.48057742417331,-10.6307233069617
"TCCCGTTAGAGGGACT-1","male","Oligodendrocytes",3.04083608226124,4.7194314592628,0.963076427583653,11.5067497994225
"TCCCGTTAGGTCAAAG-1","male","EN",-7.34403540058788,6.76227480109019,-2.33733586966519,-5.55972654563972
"TCCCTCACAACCGCCA-1","male","IN-MGE",-13.5851824419087,1.91156738932414,0.778453424577671,1.50992821710518
"TCCCTCACAACTAACT-1","male","OPC",-5.27995277805981,-13.00979179208,-12.678606078024,4.32039277809075
"TCCCTCACACAGGATG-1","male","Microglia",-5.63525940342602,-4.26140588586049,-3.11537437140469,1.76425283210686
"TCCCTCACACATAACT-1","male","Astrocytes",2.47699545459095,-3.52851766411977,-1.67871139943127,-1.83621508819648
"TCCGGAATCGAGGTGG-1","male","Astrocytes",-2.6600067750996,-4.18714088265614,-1.20204706489567,-2.33205277664253
"TCCGGAATCGATTTGA-1","male","Microglia",6.68884347514454,10.2133746736793,-3.17393665015225,1.34516616719178
"TCCGGAATCTTAGGAC-1","male","Microglia",8.22422288493458,11.6497331255226,7.77367587388034,0.134184410743032
"TCCGGTAAGGGACCTC-1","male","Astrocytes",-2.59763623638805,-4.36482805077748,-2.07187978922848,-0.292378136940684
"TCCGGTAAGTAACCAC-1","male","IN-CGE",-2.40268565579113,13.9961524599342,0.653646543626744,-8.48722679359504
"TCCGGTTTCCGCAACA-1","male","OPC",-5.53653026982006,-12.796225965664,-12.8976946324063,4.48833911674431
"TCCTAGTGTCATCCTG-1","male","Microglia",5.6809766157085,-4.125306547329,-0.508011326189083,-3.09281618339607
"TCCTCACAGGGCTTTG-1","male","Oligodendrocytes",6.60773728923145,0.936652004077865,1.07004018128391,11.1969963814538
"TCCTCACAGTAAGTGG-1","male","Microglia",7.46911548213306,11.0197597139625,8.17505069077488,0.710346212558065
"TCCTGGTTCAAACCGT-1","male","Oligodendrocytes",6.1410333974773,0.416481315448715,0.26318450272556,10.7493283058923
"TCCTTCAAGAAAGGAA-1","male","Microglia",9.88627313212696,10.3206830614357,7.95163626969333,0.664694091252599
"TCCTTGCAGCTAATCA-1","male","Microglia",11.1618430478984,10.8201032274513,7.46265311539646,1.44548492687157
"TCCTTGCAGTTAGACC-1","male","Microglia",11.267244087022,11.6109319322853,7.89954467118259,0.472072681359563
"TCCTTTACAACAGGAT-1","male","Oligodendrocytes",5.99531434611622,0.634679972484542,0.727259233598668,11.860203435592
"TCCTTTACACAACAGG-1","male","OPC",-8.38052297993359,-7.80119746987538,-8.99374012648587,-5.28702766639778
"TCCTTTACACAATGCC-1","male","Microglia",10.6950347288066,12.1493116014747,8.29430480301853,-0.540459225006785
"TCCTTTACAGCTAATT-1","male","OPC",-8.87654138966259,-7.75958484475331,-3.53764609992031,1.54491477268151
"TCCTTTACATGCTATG-1","male","OPC",-5.66340805454906,-4.32298129861073,-9.6374826878262,-6.19058067543098
"TCGATTAAGACTATTG-1","male","Endothelial",-0.234968705612984,-14.3323244458886,-2.82601349055294,3.4373001362603
"TCGCATTGTGGACCTG-1","male","Microglia",10.8783147199566,10.1134324663429,8.61330027878757,1.11589028494767
"TCGCCCATCAGGGCCT-1","male","EN",-7.42176796360668,6.63032633002086,1.29982872307773,2.85718243377617
"TCGCCCATCTAACCTT-1","male","Astrocytes",-0.542714054275122,-4.81812471215444,-0.941608436400932,-2.70070321304389
"TCGCGCACAAAGCTCC-1","male","Astrocytes",1.95989512042347,-3.3000039464684,-0.848008000752818,-2.83435518486091
"TCGCTAACAGAGGGAG-1","male","Microglia",7.52200292186085,9.69244056875987,1.39909715950962,0.759952967933927
"TCGCTAACAGGCTACT-1","male","IN-MGE",-11.1383984224385,0.60204261477275,7.71800608933445,-5.8649652693946
"TCGCTAACAGGTTACC-1","male","Microglia",11.3507077558452,11.6924958818702,7.92704863846775,0.407483449153219
"TCGCTAACAGTCTATG-1","male","Microglia",10.6322553022319,11.188941537693,8.41704554856296,0.709664007596288
"TCGGTTACAAATACCT-1","male","IN-MGE",-17.8139155046528,4.6119034879951,4.84587903321262,-5.92116482002326
"TCGGTTACAAGCGAGC-1","male","IN-CGE",-10.9269869463032,10.7162633531837,0.822073772554356,1.5434603001397
"TCGGTTACATCGCTCC-1","male","Astrocytes",1.43719552592579,-4.10050767724233,-1.62326394021038,-3.02476818306037
"TCGGTTCTCAATGAGG-1","male","IN-CGE",-10.9632561342305,10.985985338047,1.20410938561435,2.75975363510064
"TCGGTTCTCCGCAAGC-1","male","Microglia",11.3694770200664,10.5208411806373,8.08366294205661,0.558689525298391
"TCGGTTTGTCGAAGTC-1","male","Astrocytes",2.86799930171314,-2.94878286187367,-0.508507087822002,-3.60161525947639
"TCGTAATCAGGCGATA-1","male","Astrocytes",-3.29294086857494,-3.9177059537621,-0.26829116045956,-2.96246225578376
"TCGTTACGTCATAAGT-1","male","IN-MGE",-14.0979941026753,1.47815166070296,4.88952250779148,-5.83844644767829
"TCGTTACGTTGCAGTA-1","male","OPC",-6.19601036472973,-11.9448360807152,-12.27826981246,3.72783582466057
"TCGTTAGCAAACTGCC-1","male","Astrocytes",2.38035367564503,-2.96713918511586,-2.93003229796414,1.26626821415833
"TCGTTAGCAACACCTA-1","male","Microglia",7.1066210134441,10.1283994310646,8.03441424668308,0.83518489258698
"TCGTTAGCACTTCATC-1","male","Oligodendrocytes",6.37267850474659,1.39891142334027,0.960050895814854,11.9772211815636
"TCGTTAGCAGCATGGA-1","male","Microglia",-4.84928156300243,-13.0689558393212,0.415651038293797,-0.353357384033885
"TCGTTAGCAGGTTTGC-1","male","Astrocytes",2.08689831332508,-3.09033197228627,-2.77523200213436,0.730178227595601
"TCGTTAGCAGTAGCCT-1","male","OPC",-7.71313644810375,-8.89770740334706,-10.0233240574551,-6.52223188621589
"TCGTTAGCATCCAGGT-1","male","Astrocytes",2.54213164882008,-3.06689113442616,-1.27256844937329,-2.28251845581123
"TCGTTATTCCTGGTCT-1","male","OPC",-6.27399708195385,-5.0724181539269,-10.1870012730313,-6.49933225853034
"TCGTTATTCCTTAAGA-1","male","IN-MGE",-12.319914116103,2.44244116480632,5.85579390824314,-5.32995159370491
"TCGTTATTCGTTACTT-1","male","Astrocytes",2.86753462390247,-3.96250766579823,-1.03813308476929,-2.10860378486701
"TCGTTTCCATAAGCAA-1","male","Oligodendrocytes",4.48753236369434,4.50141650374217,0.123430147771794,11.2847029473107
"TCTAACCGTAGCTGGT-1","male","IN-CGE",-11.8157961504048,9.2222619646339,3.14794678986545,-8.55816299659797
"TCTAACCGTGACATGC-1","male","IN-MGE",-14.5321972505635,1.16587138111873,4.04114194214817,-5.30778581840583
"TCTAACCGTTAATGAC-1","male","Astrocytes",2.51830409602467,-2.77071470086293,-1.75030808150296,-1.94552833778449
"TCTAACCGTTCCTGAT-1","male","Oligodendrocytes",2.48916219310108,4.89556437666698,0.868546441202122,11.9916655327599
"TCTAACCGTTTCCACG-1","male","Astrocytes",-4.0262222425526,-3.83803266350942,-2.71349541842465,0.572325428895269
"TCTAACTTCCACCTGT-1","male","Microglia",11.3299014432842,10.5584693544654,8.42787356675144,-0.387739846535411
"TCTAACTTCCCTCACG-1","male","Oligodendrocytes",4.30693458155933,4.57849723036571,1.08436031640049,12.033187558822
"TCTAACTTCTAACCTT-1","male","Astrocytes",0.116250918667946,-5.03320878808217,0.876127079133946,3.02988403098992
"TCTAAGGGTGAGGTAG-1","male","Endothelial",-0.653279318053093,-15.4811586744042,-2.72650735079769,1.96023451345376
"TCTAAGGGTGGATTAT-1","male","Microglia",8.90724061564747,11.2747951143531,6.92421288788791,-0.261977860756602
"TCTAAGGGTTCCATTA-1","male","Microglia",11.424205528062,10.4720130556373,6.84810443222995,2.12694661872796
"TCTAATCTCATGTCAA-1","male","OPC",-8.34946466847118,-9.56281894509511,-10.030633017416,-6.47545225364753
"TCTAATCTCGATAACC-1","male","Microglia",11.3086221082622,10.6706472032814,8.0979966670322,-0.129155108757701
"TCTACCTCAGTTATCG-1","male","Astrocytes",1.69059036807362,-5.25215047661977,-2.22697918116574,-2.18482215148994
"TCTACCTCATGCTCCC-1","male","IN-MGE",-11.2446901933735,0.393935381725265,7.92107482254978,-5.97158367378303
"TCTACTAGTAATAACC-1","male","Astrocytes",-5.78629995747265,-4.47176879708485,-3.36889533698086,1.52520500677041
"TCTACTAGTGCAATGC-1","male","Oligodendrocytes",3.7928535802776,4.76443225081248,1.20083041489597,10.0290476586144
"TCTAGCACAATCCTAG-1","male","Astrocytes",-4.04143191738781,-2.92832225625234,0.597731783990818,-2.86613995773384
"TCTAGCACATTGGGAG-1","male","Microglia",7.59659837321583,10.7192617052345,8.41562743485447,0.177207639388356
"TCTAGCCTCCTGCGAA-1","male","Oligodendrocytes",6.09959004954639,0.696066974952651,1.22827573121067,10.7455584313195
"TCTATGTTCACTCAAA-1","male","Microglia",7.09522269801441,10.5955319994239,7.51057334244724,1.38311164634636
"TCTATGTTCCGTGACA-1","male","Microglia",-5.95897032185253,-4.20940345589833,-3.09770898520474,1.81378482835702
"TCTATGTTCCTAAGTA-1","male","OPC",-8.42978931828197,-8.21388858620839,-0.907329440112156,2.04790990608147
"TCTATGTTCGTTTCCA-1","male","Microglia",10.6935832364971,12.3864827745704,8.39460940659519,0.252563944033895
"TCTATGTTCTCAATGA-1","male","Astrocytes",-2.80471517010387,-3.89525455300527,0.161928012971836,-2.58068353874275
"TCTCAAGCACTTCATC-1","male","Microglia",11.5261294706279,10.7646937959938,7.94997687638279,0.61297984974793
"TCTCAATTCATTGTCT-1","male","IN-MGE",-13.672058357436,1.41292694891973,4.52852196991916,-5.8295181487281
"TCTCAATTCCTGGTGA-1","male","Oligodendrocytes",3.82224916056934,4.52359658415599,0.385563686494786,11.5312821175378
"TCTCCTCGTAAATTGC-1","male","OPC",-7.99156834049877,-7.32533687417226,-0.278273388738674,2.75651304977349
"TCTCCTCGTAGTCAAT-1","male","IN-CGE",-10.4752800600117,9.78166156943126,3.1525256186771,-9.40201408607551
"TCTCCTCGTCTTGCAT-1","male","Microglia",8.40449117259327,11.8610349291114,7.75588507950779,0.794910749367986
"TCTCGCCCAACTAGCC-1","male","Microglia",7.21064828471485,10.4938397997169,8.04508490860935,0.0339824463646748
"TCTCGCCCAGGGAGGA-1","male","OPC",-7.27760435505566,-6.31415790383534,1.59490294754978,2.59972827690056
"TCTCGCCCAGTTAAAG-1","male","Astrocytes",-0.0354865030830764,-4.88651174370961,-0.924713730807346,-3.65341455680915
"TCTCGCCCATCAGTAT-1","male","OPC",-9.08430696888622,-8.20828861062245,-9.64444164931301,-6.85297758323738
"TCTGGCTTCCAACTGG-1","male","Microglia",10.3625209196025,10.4635806673316,8.64325137436863,0.802693581156049
"TCTGTGACAAACTGCC-1","male","OPC",-7.76363779469189,-9.06448024575429,-3.28393320738797,1.64716838853768
"TCTTAGCGTGTAACCA-1","male","OPC",-8.69514681263622,-7.65578597848134,-9.16800217329983,-5.69620687706062
"TCTTAGCGTTACTTCA-1","male","Microglia",10.501676307481,10.64561420615,9.0686883479404,1.55896090524605
"TCTTAGTTCATAGCCG-1","male","Microglia",9.73422311381641,12.3456731432228,7.26470752060886,1.27405502455643
"TCTTAGTTCCCAGTAG-1","male","Astrocytes",-11.3687002794331,2.26017785008235,6.57542367280002,-5.11414510948249
"TCTTAGTTCCCTGGAA-1","male","Astrocytes",4.47051213816944,-2.01927107636647,-1.08040983974461,-2.3837378714759
"TCTTCAAGTAACGTGC-1","male","Astrocytes",2.24007748202625,-2.75404447381215,-0.561664506788295,-2.89734036666938
"TCTTCAAGTAATCGCA-1","male","Pericytes",8.73691819743458,-13.0554184323998,-3.59746627509121,4.55432074325493
"TCTTCAAGTGGGTGAA-1","male","Oligodendrocytes",4.19087384776417,4.53457194502635,0.863673761491734,11.2289892937463
"TCTTCAAGTTTAACCC-1","male","OPC",-5.60353304310497,-12.7595896131249,-12.7108765095425,4.37012284057549
"TCTTGACGTACGGTAC-1","male","Astrocytes",2.49217103556934,-2.9139103299828,-1.23903416096691,-2.702082464524
"TCTTGTCCACTTAACG-1","male","Astrocytes",2.81100057200733,-2.97493118111806,-1.87736408411984,-2.60524327499458
"TGAAACTGTAAGCACC-1","male","Microglia",11.0619170530254,10.7101750963478,8.64501948655124,0.734176879696164
"TGAAACTGTAGGATCC-1","male","IN-MGE",-11.4740870134419,1.65785767073913,7.66713137925144,-5.81236345512458
"TGAACAACAGCTCAAC-1","male","IN-MGE",-13.7336971895283,1.80837005312724,4.18071408570285,-5.36952717048713
"TGAACAACAGGCCATT-1","male","Astrocytes",-2.63903309269604,-4.30606502358632,-1.05476145445828,-2.60741359932014
"TGAACAACAGTGAACG-1","male","Astrocytes",-4.09029294415173,-3.91804879967885,-2.14030234515194,-2.06039650184699
"TGAACAGAGCATGCAT-1","male","Microglia",10.1582982404644,11.0019555681495,7.76869006455417,0.129486849478994
"TGAACAGAGCCGCAGT-1","male","Astrocytes",-2.93795014782604,-3.88376897637563,-0.089265510435146,-2.41465956909248
"TGAAGGATCGGCCATA-1","male","Microglia",11.1875932081157,10.3259444826393,7.24812884629245,1.89277868526391
"TGAAGTGAGTTATCTC-1","male","OPC",-4.91755081577953,-13.1478943235131,-12.8338871449185,4.4462010170739
"TGACCTTGTAAGGTCC-1","male","Microglia",10.1367289884502,11.7269349687843,8.75841136277195,0.469512721471105
"TGACCTTGTGATTTGG-1","male","Microglia",7.66965650157276,10.2966514223365,8.1467494517612,1.71435331361702
"TGACCTTGTTGGCCGA-1","male","Microglia",6.85963843898121,10.4570241564064,8.39344783127781,0.168894281558309
"TGACTCCTCACAGACT-1","male","Astrocytes",-2.53874708576855,-4.39076370064931,-1.33992300927166,-3.44430477363655
"TGACTCCTCATGCTAA-1","male","Astrocytes",3.11835836009327,-3.77997535531239,-0.0555685013485371,-3.71195013267585
"TGACTCCTCTTACTCG-1","male","Astrocytes",0.389862643044624,-4.91113990609364,-0.979713052506488,-2.40648443443366
"TGACTTAAGCTGTAAC-1","male","Astrocytes",-0.635480551559296,-4.52420324151235,0.985660508279759,3.37310688751153
"TGACTTAAGGACGTAA-1","male","IN-CGE",-8.27969242497143,10.7198920839576,1.29960079491611,-9.27355320198127
"TGACTTCGTGCTTTAC-1","male","Pericytes",8.42940305308643,-12.732556760952,-4.02070026099209,4.41470401542595
"TGAGAACCACCGGCTA-1","male","Oligodendrocytes",2.87416432933155,4.75214701826854,1.11380608380314,11.6295277382653
"TGAGAACCACCTATAG-1","male","Oligodendrocytes",6.29245351390186,0.623061179473831,0.725994542245823,11.3917385842126
"TGAGCAAAGCTCCTTA-1","male","Astrocytes",-1.81767751141247,-2.3902994996758,0.427547648553807,-2.31548769218513
"TGAGCAAAGGCCATCA-1","male","Astrocytes",2.10814498500172,-3.79082197015004,-1.71932958065991,-2.68637425643989
"TGAGCAAAGTCAATCA-1","male","Oligodendrocytes",6.50604365901295,1.96820390160365,0.196610286836583,10.1872078682702
"TGAGCACGTCATTAGG-1","male","IN-MGE",-13.8881085054463,1.57864259864373,4.43538613617893,-5.51858360511848
"TGAGCCGGTGCAACTA-1","male","Microglia",6.99199889735523,10.6022496813087,8.05834193528171,1.34920652764252
"TGAGCTTAGGATAAAC-1","male","Oligodendrocytes",6.21101687983814,1.32629221613689,0.92380245030399,10.8590513970178
"TGAGGAGGTTGCACGG-1","male","Astrocytes",2.83698342875782,-3.23844188515859,-0.210755035276455,-4.18156177742073
"TGAGGCACAACTAGGG-1","male","IN-MGE",-14.1938269273823,0.731555163219406,4.39502139389988,-5.83752424461433
"TGAGGCACACATTGCA-1","male","IN-CGE",-10.968821777541,10.2034011476783,3.2573942691135,-9.61677486640998
"TGAGGCACATCTAGCA-1","male","IN-CGE",-6.0086453096455,-3.54218858544545,-0.713115155692142,2.43717174785546
"TGAGGGAGTAGGTTGC-1","male","OPC",-6.89812351628002,-5.79802364175038,-10.128198668356,-6.17219907981941
"TGAGGGCCAAGCTTAT-1","male","Microglia",10.9611174924785,11.5862641924171,7.36508746445652,1.50583844440392
"TGAGGGCCAGGATTAA-1","male","Astrocytes",2.34695743159596,-2.84692090813832,-1.41188429295544,-2.3160687182624
"TGAGGGCCAGGCTTCG-1","male","IN-CGE",-9.16608835621532,10.5611043566017,1.55997844040867,-9.34451706153938
"TGAGGGCCATGCAACC-1","male","Microglia",10.6631228788311,10.5962501161842,0.621459797029454,2.00247471588067
"TGAGTGAAGCTTTGGG-1","male","Astrocytes",2.19610594348255,-4.08282560174184,-1.76402281224255,-2.69369394523689
"TGAGTGAAGTAGCGCC-1","male","IN-MGE",-17.8565447465962,4.56875067885203,4.93143077195163,-5.86028368217536
"TGAGTTTCACGAATCC-1","male","Astrocytes",-2.67020226879772,-4.29987520043569,-1.31973107158665,-2.81267006141731
"TGAGTTTCAGAGAGCC-1","male","IN-CGE",-9.76917864247021,9.91114765341563,1.42758722603794,-9.29504329902717
"TGAGTTTCAGGGAGGA-1","male","OPC",-8.45040584965404,-9.43164104287343,-10.026129767294,-5.55786688072273
"TGAGTTTCATGCTATG-1","male","Microglia",11.4787881238872,11.0875955217628,6.96010346711155,3.14380281227044
"TGATCAATCCCTCAGT-1","male","Astrocytes",1.83973120288197,-2.46622246567922,-1.04926960169796,-2.41272814018318
"TGATCAATCCGGTTGA-1","male","Microglia",10.0098349912578,10.8458552950172,1.65841169655796,2.30126970069817
"TGATCAATCGGTTTGG-1","male","OPC",-5.50173260136303,-4.03855794732289,6.12361903489109,-4.86740905983039
"TGATCAGGTGGAAGGC-1","male","Microglia",10.1050402982647,10.5901389711647,8.34783358872409,0.32384770172051
"TGATGAACACAGGAAT-1","male","Astrocytes",1.59600590304676,-3.43373006646352,-0.582541123027843,-1.45368201477119
"TGATGAACAGTTTGTG-1","male","Astrocytes",2.1728675229961,-4.01745313470082,0.681898668413121,0.393026342562948
"TGATGACTCGTTAGTA-1","male","Astrocytes",-3.28317405148205,-4.0230321294518,-1.22243134676937,-2.37759358627387
"TGATGACTCTTGCTAT-1","male","Astrocytes",-6.38914705677685,-11.0787376767846,-8.0527339428616,-5.33720810157844
"TGATTAGTCGCCTAAG-1","male","IN-CGE",-12.9312737123555,1.60580595518632,-0.0234631150913654,3.28235166328362
"TGATTAGTCTTAGGAC-1","male","Microglia",10.9765918119365,10.0566211336402,7.53345389664646,1.59570710914544
"TGCAATATCAATCTCT-1","male","OPC",-8.31910826130566,-9.79339927499013,-9.26194576918606,-6.16311151725837
"TGCAATATCCGTAAAC-1","male","Microglia",6.65216945246998,10.2729068392066,1.68230004609104,0.797305082849775
"TGCACACCAAGGAATC-1","male","OPC",-8.15511967106518,-9.38514465157704,-10.6786928623867,-5.44701320869514
"TGCACACCACTAAGCC-1","male","Microglia",8.53082250193897,10.7697244280128,8.07701011002536,0.881460493377958
"TGCACACCATGTTGTG-1","male","Astrocytes",2.83588884906117,-3.52332109276967,-2.64306490122799,0.379440357856069
"TGCACCTTCATCCTCA-1","male","Endothelial",-0.655380351979103,-16.4127249128075,-2.72526113688473,2.6236445214074
"TGCACCTTCTTGCAGG-1","male","Microglia",10.19895719127,10.5511594408302,7.85346694291111,1.30137391941956
"TGCACTTGTCCGTGAG-1","male","Astrocytes",1.71635387973133,-3.90340274636464,-1.59090338646893,-1.72804910881111
"TGCAGGCTCACGCATG-1","male","Oligodendrocytes",3.43609546260181,4.86980968649669,1.35944576561924,10.4131800438683
"TGCAGGCTCCAATTAG-1","male","Astrocytes",-1.96878982945141,-1.3580340749474,1.0032803565311,-2.86701137764045
"TGCATCCTCAATGACC-1","male","Astrocytes",8.22414468364063,-12.9859728223534,-1.7252220958424,-2.84106046897956
"TGCATCCTCAGCATTA-1","male","Oligodendrocytes",5.82906983928028,1.35127045150085,0.735670641069371,11.917145421676
"TGCATGAGTGTGAGAG-1","male","Astrocytes",2.27831696109119,-3.24536603753285,-1.6235175579739,-2.4483826850135
"TGCATGAGTTATCGAG-1","male","Astrocytes",-4.20545960827526,-3.83458370034413,0.909707143907505,-2.92853266937324
"TGCATTAAGCGGGCAA-1","male","Microglia",-6.71438337727245,-9.72144264046864,-8.96608833968167,-5.92495615226814
"TGCCATTGTACCTTAC-1","male","Astrocytes",2.2712197168285,-3.57933992211537,1.53158564866062,2.17177205341271
"TGCCATTGTGGATTGC-1","male","Microglia",11.6293523176128,11.2696138017921,8.53245253861423,0.775023302010808
"TGCCATTGTTCATCTA-1","male","Microglia",11.5334069593364,10.8774076097755,8.00905032456394,-0.120311090775218
"TGCCATTGTTTGTTGC-1","male","Astrocytes",0.281518266957436,-5.06103462044911,-1.20055030285839,-2.71441275817939
"TGCCGGTAGCACCACA-1","male","Oligodendrocytes",6.47105048732105,1.41675017710014,1.05985791981693,10.768273999862
"TGCCGGTAGCCTGAGC-1","male","Microglia",8.78667901591602,11.901193200901,7.75534148514743,1.40399514692238
"TGCCTGTTCCCTCAGT-1","male","Astrocytes",-2.38850237293896,-4.37461131875234,-1.55006788670544,-1.92765838844367
"TGCCTGTTCCTTCAAT-1","male","Astrocytes",2.71333550051991,-3.3333119756432,-2.73083154856686,1.20959069388321
"TGCGATTAGCTCGCTT-1","male","Astrocytes",1.95451639727894,-2.96202844445424,-0.862260187040013,-1.77528364402839
"TGCGATTAGTGAGAGC-1","male","Astrocytes",2.02642820910755,-3.65245574776845,-0.984440922732395,-2.6988504622657
"TGCGATTAGTGTGATC-1","male","IN-MGE",-7.42793489857372,7.25262170965953,-2.03415124117855,-5.12725431663581
"TGCGCGAGTAGGATTT-1","male","Astrocytes",-1.73574890061077,-4.6259168988915,-2.55979792773251,0.222355773619924
"TGCGCGAGTAGTCAAT-1","male","OPC",-8.39848686619457,-8.48830264870839,-3.44882111250882,1.58910804050377
"TGCGCGAGTCAAGTGC-1","male","Microglia",7.96139310435596,11.2793117159156,7.36981673539158,1.13881221967152
"TGCGCGAGTCTATCGT-1","male","Astrocytes",0.587438808243904,-5.47393506829457,-2.4905944317532,0.574661573342595
"TGCGCGAGTTTAACGG-1","male","Astrocytes",1.68863724307362,-4.94528192345815,-2.75230948626522,0.520945569447789
"TGCGGTTCAAATTGCT-1","male","Microglia",10.7401587827617,12.2412639253883,6.79871316254612,1.9229124690812
"TGCGGTTCATGTTGGC-1","male","Microglia",10.4045493467266,10.3291698091774,7.81062121689792,0.58468150155953
"TGCTAACAGACAAACG-1","male","Pericytes",8.37959168986622,-13.0242704755517,-4.11377601325039,4.45202009933404
"TGCTAGCCAGCGCTTG-1","male","Microglia",8.96274636821095,11.4058671587257,5.19360156357761,0.654288580588613
"TGCTAGCCATTTAAGC-1","male","Astrocytes",1.27061782912556,-4.50273174111562,-1.92708282172207,-2.76828438980171
"TGCTCAACATACTCCT-1","male","EN",-7.24036146565136,6.7433481806068,-0.255336925382656,2.0029215122979
"TGCTCACTCACTAAGC-1","male","Astrocytes",-0.15733955665287,-5.1122745877953,1.00966830552097,0.925183607212816
"TGCTCACTCTCACTAT-1","male","IN-CGE",-9.22138143940624,12.0130296343116,1.55321593583103,-9.23462421638557
"TGCTCCGTCCTAGTTT-1","male","Astrocytes",-3.37623740597424,-4.00144809548573,-1.1110975295258,-2.62169821006843
"TGCTCCGTCTGGCATG-1","male","Microglia",-6.11065699024853,-4.48359388177113,-2.93669156729702,1.9649326111596
"TGCTCTCAGGAACGCG-1","male","Microglia",7.39059184626881,10.8427415483741,7.26202388108249,1.99474804656914
"TGCTCTCAGTATTGCA-1","male","IN-MGE",-11.3646137849873,0.470768510654403,7.79943557084079,-5.81730110389778
"TGCTCTCAGTGCACGC-1","male","Astrocytes",-4.12051750584301,-3.88718789879994,-0.502173081035656,-2.96398956520149
"TGCTGGATCATGTCAA-1","male","IN-MGE",-13.9742367403096,1.69022333557887,4.58527179062839,-5.4307554457862
"TGCTTGCTCAAGGACA-1","male","Microglia",-5.87342239781078,-4.54196590249257,-2.843797489996,2.21585219161919
"TGCTTGTGTTATCCGT-1","male","Pericytes",8.39636109904591,-13.4148792630883,-4.23550705611233,4.60429876106194
"TGCTTGTGTTTCCTCC-1","male","Astrocytes",0.855008469384346,-4.56629890267568,-1.628450021143,-2.52135069114753
"TGCTTTAGTTTGGCTT-1","male","Microglia",-7.13193870945629,-6.07506841485219,-3.22540311514859,1.64408003347329
"TGGAACAAGCACGTTG-1","male","Microglia",9.52499555186573,10.712810098484,8.24815650284763,1.08085176157168
"TGGAACAAGCGCTCAA-1","male","OPC",-9.240288032729,-8.35170120064931,0.759369447832066,3.11514942901543
"TGGAACAAGGTCCGTA-1","male","IN-MGE",-14.0373470918721,1.28483985300346,4.13874430954929,-5.47149975044319
"TGGACAAAGGAGTCTT-1","male","Astrocytes",0.427403376858864,-4.94071430031972,1.18734927475925,2.97200672882012
"TGGACCGGTAACCACA-1","male","Endothelial",-1.10380054875072,-15.2099203473778,-2.75529091059689,2.59622638481072
"TGGACCGGTAATAACC-1","male","Microglia",11.8554351194316,10.6489444368629,7.49433894455906,1.33151098149231
"TGGACCGGTAATCCCT-1","male","Microglia",8.85545228556934,12.1356425874977,7.85029788315769,0.667815497092519
"TGGACCGGTTAGCCAA-1","male","Microglia",11.1725871427471,11.2323690050392,7.27727694809909,2.95469277160576
"TGGACTAGTGTGAGAG-1","male","Astrocytes",0.384422229092751,-4.92872089211659,-1.38558845221524,-2.83731276733467
"TGGACTAGTTGCAGTA-1","male","Microglia",10.6022717817241,9.9180045717506,7.09221358597751,1.97822861926964
"TGGATTCAGACAGGCG-1","male","Microglia",10.8741910322124,10.505872308567,8.70939536393161,1.28546964185647
"TGGATTCAGATGCCTG-1","male","Astrocytes",0.00309254364315042,-4.7070297605248,-0.437583014364284,-2.77827055198738
"TGGATTCAGCAAGGAC-1","male","OPC",-6.81096054478344,-5.67644542519765,-10.6419859379483,-5.36628658515998
"TGGATTCAGCACAGAA-1","male","Microglia",11.1959626539165,10.7604156130104,8.2297744303989,-0.33205480320045
"TGGATTCAGCTTAACA-1","male","IN-CGE",-11.5292036668843,9.21699291403575,3.38882727921482,-8.98656494361946
"TGGATTGGTCACGGAT-1","male","Microglia",7.832372413438,10.4186006181983,7.13915772736545,1.45539989130906
"TGGATTGGTGTCCTGC-1","male","Astrocytes",-3.86588288708385,-3.98090595071034,-1.44067190587048,-2.3094347212989
"TGGCCAATCAATTACG-1","male","Microglia",-5.93025518818554,-4.34305852715688,-3.15002922713284,1.49991922634057
"TGGCCATCACTATGGC-1","male","Astrocytes",2.05523131923023,-3.3587083226891,-1.5864640921307,-2.04410297615119
"TGGCCATCATGCTCCC-1","male","Microglia",9.46348737315479,10.5556893938331,7.05593104660984,2.06818263786248
"TGGCCTGCACAGACTC-1","male","Microglia",-6.24382091923412,-4.96447414223866,-3.43626503645901,1.47203504102639
"TGGCGGTTCACAGCGC-1","male","Astrocytes",-1.51645912094769,-4.60753482644277,-1.4044544547749,-2.92919094307014
"TGGCTAAGTAAATTGC-1","male","Astrocytes",2.26266621188465,-3.4241380101891,-2.55822865664486,-0.562376329727854
"TGGCTAAGTGATCAGC-1","male","Astrocytes",-2.13128937645611,-3.72907012765126,0.436343148355442,-2.80486972076484
"TGGCTAAGTGATGAGG-1","male","IN-CGE",-9.05576731129345,12.5237002962379,1.17871017754551,-9.79172260505744
"TGGCTAAGTTACAAAC-1","male","Astrocytes",-2.45554782314953,-1.42560952965932,0.673235252504307,-2.99425728065559
"TGGCTAAGTTTCAGGA-1","male","OPC",-8.33567215367016,-7.65510410134511,-9.86809162795071,-6.76309568626472
"TGGCTAAGTTTGTGGA-1","male","Astrocytes",1.96625302867237,-3.84093374077992,-1.88717155158047,-2.34804827911445
"TGGCTATAGGAGCACG-1","male","Microglia",4.10424731807056,-4.40204757516103,-1.32870076596264,-3.24051649314949
"TGGCTATAGTAGCCAT-1","male","Oligodendrocytes",6.0738594396526,1.3843689554481,0.802805855874974,11.7387081887048
"TGGCTATAGTGACCTG-1","male","Astrocytes",-3.40255237980541,-3.93930286233144,0.503284528856236,1.59123324411324
"TGGCTTTGTTTGTCTA-1","male","Astrocytes",-0.927964283663597,-4.68192380730824,1.02070577443119,3.39678232925347
"TGGGCATGTCACGGAT-1","male","Astrocytes",1.71978877620045,-2.91268199746327,-2.66380636393551,1.0495942290347
"TGGGCATGTTCGCGCT-1","male","Oligodendrocytes",5.90849374369923,0.616940378501846,8.00172705948826,-6.00304062110969
"TGGGCCTAGCATCCAG-1","male","Microglia",9.54880879954639,12.5039506548194,8.34377188981052,-0.509751627274241
"TGGGCCTAGTATTGCA-1","male","OPC",-8.01158262654003,-9.08285182778554,-9.99480728804592,-5.83962661964485
"TGGTAAACAAGGTGGC-1","male","Astrocytes",2.5900559289867,-3.14566654030995,-0.875652458514017,-3.78977138740608
"TGGTAAACACCTATAG-1","male","Microglia",10.0329091413433,10.26706367667,7.25866027176853,0.902642080507789
"TGGTAAACAGCTTAAT-1","male","Oligodendrocytes",4.23516391352955,4.57567173178477,0.1744606047916,11.5424315239709
"TGGTCAGTCTAACTGA-1","male","OPC",-8.52849890156445,-9.61642116372304,-10.0845442265225,-5.0994885657508
"TGGTCATAGTAGGCGG-1","male","OPC",-6.16392971440014,-4.95564025704579,-9.50641350447659,-5.86735613090583
"TGGTGATTCCTGTTCA-1","male","Astrocytes",2.5530423982555,-2.88475936715321,-2.23894827067379,-2.2254937384803
"TGGTGCATCCCTGTTA-1","male","Endothelial",-0.0719024078434371,-15.0676493055077,-1.10291044413571,3.28754537361077
"TGGTTCTGTAGGTTAT-1","male","OPC",-7.74172283573803,-7.00968498055653,-9.88527683913235,-6.7376836035926
"TGGTTCTGTCCGTAGG-1","male","IN-CGE",-11.2054836885517,9.83276802237315,3.51588006318088,-8.94189960701057
"TGGTTCTGTCTAACCT-1","male","Astrocytes",-6.38112903996166,-10.9073957807274,7.93610854447361,-5.9175193999488
"TGGTTGAGTCCAAATG-1","male","OPC",-9.23666216297802,-9.16816562478261,-9.9699907749844,-6.34485656959602
"TGTAAAGCACCTAAGC-1","male","Astrocytes",1.71431850032154,-3.54431575600819,-1.41145227849011,-2.87946398002693
"TGTAAAGCACTCGCTC-1","male","Astrocytes",-6.61160160465893,-10.8617882138939,-8.58478455245022,-5.75233728630134
"TGTAAAGCAGGAATCG-1","male","IN-MGE",-14.0395462648457,1.47828070941551,-0.452626720066112,2.54924016254357
"TGTAACTCAGCACGTT-1","male","Astrocytes",-0.89783404632267,-4.59350055520253,-1.56057177483563,-2.8256917689521
"TGTAACTCATAATCCG-1","male","Microglia",10.3059270246441,12.7339044206886,8.33889098465915,0.0237961913864949
"TGTAACTCATGCTCCC-1","male","Microglia",8.66738103465382,12.1104541414527,8.46224208176609,0.115241458586965
"TGTAAGCTCAAATCGC-1","male","Astrocytes",-2.06450046463665,-4.16145128075795,0.621790483598668,3.49488299148491
"TGTAAGCTCCCGTTGT-1","male","Microglia",10.0395295484478,10.4214234941749,7.54272742569919,0.0484437848847249
"TGTAAGCTCGGGACCT-1","male","IN-MGE",-14.2522213594502,1.2607466721086,0.0965924412059368,1.98243599193505
"TGTAAGTGTGCTTACT-1","male","IN-MGE",-12.3160879747456,2.35329616005702,5.9089850932407,-5.72629148704597
"TGTAATGTCGGTTACG-1","male","OPC",-8.58894182606396,-8.73801750008778,-9.40540127455716,-6.19726593238899
"TGTATCCGTCTAACCT-1","male","Microglia",10.1959950788433,11.8959069841651,7.62768740952488,1.35969673650673
"TGTATCCGTTAGGACC-1","male","Astrocytes",2.08314322070423,-3.9172872907372,0.467076972131688,0.503283908538137
"TGTATCGCATAGCGAG-1","male","Microglia",10.5712420804912,10.5169940584449,8.28491301835056,1.01883944677523
"TGTATCGCATGCTTAG-1","male","Microglia",9.31621335582081,12.1846709841041,7.46156306565281,0.836227988771711
"TGTCAATCAAGCTTTG-1","male","Pericytes",8.16495393351856,-13.4362329847069,-4.13451580702786,4.45877354400567
"TGTCAATCAGGGAGCT-1","male","Astrocytes",-3.35465790196117,-3.95576661889272,-0.856637914660317,-2.82938320381233
"TGTCAGTAGAACAAGT-1","male","Oligodendrocytes",3.57466386393848,4.70149379904552,0.076202407484013,11.4047629143517
"TGTCAGTAGCTGGAAA-1","male","IN-CGE",-9.31538225575146,11.7856078737525,1.44825740159031,-10.1430199835975
"TGTCAGTAGGCACAGG-1","male","Astrocytes",1.88288305835072,-3.79221910302358,-1.22818209230427,-2.4230035041053
"TGTCATAAGGCTAGAA-1","male","Pericytes",8.36859582499805,-12.6121210462304,-4.30618672072415,4.84445541160515
"TGTCATAAGTGAACGA-1","male","IN-MGE",-14.3214142458027,0.754636287048293,4.32381625473972,-5.81728965980598
"TGTCCTGGTAGCTGCG-1","male","Microglia",-5.41596294804272,-4.01867479150014,-3.30554752051358,1.53174661653451
"TGTCCTGGTTTGCTGT-1","male","IN-MGE",-13.8523380891865,1.54612706164999,0.198395088319737,3.34111278312615
"TGTCCTTCAAGACTCC-1","male","Microglia",8.85776685313526,10.6497655504493,7.35086531937595,1.39190857665947
"TGTCCTTCAAGGATTA-1","male","IN-MGE",-14.5324137346333,1.17293760116382,1.25485177338596,3.19262855308465
"TGTGAAACAAGCGAGC-1","male","Astrocytes",0.896233068268929,-5.55932277505116,-1.44257335364346,-2.05700905067512
"TGTGAAACACCAAAGG-1","male","OPC",-5.90430380268749,-12.3233188993187,-12.4553556889248,4.21970408218316
"TGTGCGCAGGTTACAC-1","male","OPC",-8.72180773182568,-8.06747669045644,-9.9583940952969,-6.49830038291999
"TGTGCGGGTCCAAGAC-1","male","IN-MGE",-13.1670363084858,2.03323268826289,5.12281842530246,-5.4607847426612
"TGTGCGGGTTAATCGG-1","male","Astrocytes",-0.150512023407783,-4.80220741097646,-1.82508979737286,-2.33159858924934
"TGTGCGGGTTTAAAGC-1","male","Microglia",-4.92459274693188,-3.86771911446767,-3.34491614996914,1.46199365513733
"TGTGCTGAGTCACTCC-1","male","IN-CGE",-9.70781637592968,9.90643936331554,2.3927280455875,-9.38365967018196
"TGTGGCCAGACAAGTG-1","male","IN-MGE",-13.7678816453999,1.51479406404479,0.679182961587864,9.66114490287713
"TGTGGCCAGTGAACGA-1","male","Oligodendrocytes",5.74413894252125,2.16436386044307,0.969982579355198,10.995321920089
"TGTGGCGGTGACCTGG-1","male","Endothelial",-0.28548043831047,-14.629622877285,-2.32146565615658,3.3063849713128
"TGTGGCTCAATAGCCC-1","male","Astrocytes",3.1455671651775,-4.08077853982167,-0.323918685312313,-4.10040266258308
"TGTGGCTCAGGAATCG-1","male","Astrocytes",-1.31565029783901,-4.22166341607289,1.46411199868198,1.60003613489083
"TGTGTGAGTGCAATAT-1","male","Oligodendrocytes",-5.8925039903706,-4.42990821664052,0.695294335489231,11.9070088173669
"TGTGTGAGTTAATGAC-1","male","OPC",-6.38578583164867,-5.23795789544301,-9.87145237624173,-6.60576851112434
"TGTGTGAGTTTGCTGT-1","male","Microglia",7.65236733989063,11.1132169359474,0.354979828004795,2.77674083965233
"TGTTACTTCCCATAGG-1","male","Oligodendrocytes",6.2947199209148,1.6132859655766,0.363223150377232,9.74240558402947
"TGTTACTTCCTCAGTC-1","male","EN",-7.06962419911083,6.83806663687511,-2.2087146490765,-5.33716804725715
"TGTTAGCAGAAGCTAG-1","male","Microglia",11.634917007249,12.7303653353004,6.70626063645359,-4.83172781211921
"TGTTAGCAGACTTATG-1","male","OPC",-8.06270815296825,-7.6645902997704,-9.28800015151028,-6.29293901664802
"TGTTAGCAGTTGTCTT-1","male","IN-CGE",-10.9105036394184,10.3615623110084,1.16738863289829,0.623197426966939
"TGTTATGAGACAAACG-1","male","Microglia",8.60593103007618,11.8633456819801,8.00866217911716,0.226656010321889
"TGTTCATTCAAGCCTG-1","male","OPC",-8.8403275148457,-7.81130355660634,-10.0150242298794,-5.7836893294532
"TGTTCCTCAAGCCACT-1","male","Astrocytes",-3.36197163029369,-4.09819263283925,-1.7877682894421,-2.34348876220771
"TGTTGCACAACAACAA-1","male","Microglia",11.1438634260112,10.5086770647316,8.58795066178318,0.690862020425115
"TGTTGCACAATGCGCT-1","male","IN-CGE",-3.01165605946239,14.142630159214,0.667294934396702,-8.52494747383186
"TGTTGCACACAACCTA-1","male","IN-MGE",-12.6466686861103,1.77628186281009,6.24021191895481,-5.75080044014045
"TGTTGCACAGGCAAGC-1","male","Microglia",-5.96322895451244,-4.3870868093224,-3.48479704558377,1.64898942964486
"TGTTGTAAGGAGGCAT-1","male","Astrocytes",2.33740495280567,-3.80425304238515,-1.8697106093121,-1.58375103218147
"TGTTGTGCACCTGCCT-1","male","OPC",-8.28027607365307,-8.13217014138417,-9.57838158308987,-6.40988905174324
"TGTTTGTTCATGCTTT-1","male","IN-MGE",-11.8754036562031,1.6223094158916,6.59334464371677,-5.83872825843879
"TGTTTGTTCATTATGG-1","male","Microglia",11.2718598707134,11.2857022875099,7.70690436661716,0.614170243911062
"TGTTTGTTCTGTGCCT-1","male","OPC",-7.80642343922314,-9.14939254586415,-9.92932705580716,-5.28905279380866
"TTAAAGGCACTTACAG-1","male","VSMC",12.0248553617412,-3.75510066811757,-3.14484934508328,5.88481538551262
"TTAAAGGCAGTAGGTG-1","male","Astrocytes",-3.63179422779736,-4.07050222222524,-1.00140984355931,-2.72398073417732
"TTAACCAAGTCAATTG-1","male","Microglia",11.6866185529644,11.2603917711525,7.59356017411228,-0.225121328659739
"TTAACCAAGTTAGCCG-1","male","OPC",-8.70061994953808,-9.4328598386498,-9.73888306319241,-5.77277834159919
"TTAACCAAGTTTAACG-1","male","IN-CGE",-5.55148483677563,-3.21049016778188,0.861787155275303,3.14489977615288
"TTAACTGAGGATTGAG-1","male","Pericytes",8.64039777354542,-13.0951599485131,-2.65398578345303,4.62277548568657
"TTAAGCCAGCTGGAAA-1","male","Astrocytes",-6.27233816548046,-10.9036344892235,-0.258663102979702,-3.97493870002815
"TTAAGGACAGGACCTT-1","male","Endothelial",-0.322020484644737,-14.0033106214257,-2.83965270220761,3.39000814216546
"TTAAGGACATTAAGTC-1","male","OPC",-7.86617399616894,-9.20834106270985,-8.73571781813626,-6.00681907875129
"TTAAGTGTCATAACTG-1","male","Astrocytes",-2.89611674709972,-4.11123555962758,-2.33486668765072,-1.88386924011299
"TTAAGTGTCCTGGTGA-1","male","IN-MGE",-18.0085356370991,4.42099100287242,4.70422072709079,-5.97574169380256
"TTAAGTGTCTTAATGG-1","male","IN-MGE",-11.3341810838765,0.0517163866309656,7.94165034592624,-5.98303777916023
"TTAATCGAGTTATGTG-1","male","Astrocytes",1.11311911181751,-5.24181503121571,-1.70857428013806,-2.50668747169563
"TTACAGCAGCATGTCG-1","male","IN-CGE",-10.9214432375019,10.8257737749366,3.13623829186435,-9.82902939064094
"TTACAGCAGGAACGCG-1","male","Pericytes",8.74596856669727,-13.0323366529198,-3.88494686781887,4.61329310195855
"TTACCTGTCGCAGGCT-1","male","Pericytes",7.95077298716846,-13.1237310773583,8.01752944291111,-6.01732666236946
"TTACCTGTCTAACCTT-1","male","IN-MGE",-14.1101391450947,1.48150304733945,4.52024979889866,-5.60912925941535
"TTACCTGTCTACCTCA-1","male","Astrocytes",3.20250676707569,-3.53980916802602,0.845700576906163,11.6966788079064
"TTACGTTTCAGCACGC-1","male","IN-CGE",-11.7165482179707,2.56618899042888,-0.971097454423946,2.45250563877038
"TTACGTTTCTAAGTGC-1","male","Microglia",-6.48608900471386,-5.10918134515004,-3.33177666365628,1.37309374468735
"TTAGAAGCAATTAAGG-1","male","Astrocytes",0.535741911690865,-4.73597759072499,-0.571858361358684,1.56410132902077
"TTAGAAGCACCAACCG-1","male","Astrocytes",2.09033583239857,-3.59750884835439,1.1341911107349,0.678316226176534
"TTAGAAGCAGCATGAG-1","male","OPC",-8.36754537983593,-8.49576610390858,-9.82905678450589,-6.06042797309944
"TTAGACTCAATCGCAC-1","male","Microglia",-5.77573181553539,-4.19807475869374,-3.04127340018277,1.84564410703591
"TTAGACTCATAGACCC-1","male","Microglia",11.3892810209209,10.7414479845314,8.00144858658786,-0.266789862938609
"TTAGCAGGTAATGGAA-1","male","Astrocytes",2.51163385943714,-3.58500522439198,-2.23590533434872,0.891119701735292
"TTAGCCTGTGATGAGG-1","male","Astrocytes",1.54375623301807,-5.54325670067983,-1.650866493578,-2.05169803840705
"TTAGCCTGTTACCGGG-1","male","Oligodendrocytes",6.01633761958424,0.863744496658279,1.07142598927494,10.2913729454797
"TTAGCGGTCATAGCCG-1","male","Astrocytes",2.24718736247364,-3.43145603005605,-1.19693224131588,-3.16119892341682
"TTAGCGGTCATTTAGG-1","male","Astrocytes",2.40274857119862,-2.72968143288808,-2.63380269705777,0.534917941264425
"TTAGCTGCAGTAAAGC-1","male","Astrocytes",0.308770762246285,-4.80594152276235,-1.64355377852444,-2.81654507858345
"TTAGCTGCATTAGGTT-1","male","IN-CGE",-10.3709900514668,9.62339740927501,2.78829641640659,-9.58392078620979
"TTAGGAACATTATGCG-1","male","Microglia",10.5839021070415,10.7717767351417,8.58371730149265,0.914934450707946
"TTAGGATGTTAGACCA-1","male","Astrocytes",-1.15988685055431,-4.27631801430898,-3.26697950064663,1.23572333710602
"TTAGGATGTTCCAGGG-1","male","EN",-4.9800923006123,5.14498811896129,-3.83224801718716,-6.55339271766731
"TTAGGCCCAGCAAGAT-1","male","OPC",-7.76186300678905,-8.85454410378651,-9.79698376357083,-5.532893011399
"TTAGGCGTCACTTTAC-1","male","Pericytes",8.630805717271,-13.1016096479149,-2.56967715918545,4.55159275787285
"TTAGGCGTCCTGGTCT-1","male","Microglia",9.86342691020313,10.872517167881,8.41034598649021,0.990214228577528
"TTAGGCGTCTTAGGGT-1","male","Oligodendrocytes",5.90756867961231,2.79662579233928,1.01186545193668,11.7667853142541
"TTAGGCTAGACAGGTA-1","male","IN-CGE",-3.09133459492382,14.117330133274,0.688774064187962,-8.40744430763313
"TTAGTCAAGTGAGGTA-1","male","Astrocytes",-3.77826715870556,-3.9530858403893,-0.614787608380359,-2.95165712577888
"TTATAGCCAAGGTGCA-1","male","Oligodendrocytes",6.21413539485279,0.475154697254135,0.710531428461033,11.1298214699548
"TTATAGCCAGCTAACC-1","male","Astrocytes",-2.28457356854137,-3.87891238991933,-0.250062033529323,-2.69205720169136
"TTATAGCCAGGATGGC-1","male","OPC",-4.86703945561108,-13.1370691663475,-12.8274660557461,4.46308033721856
"TTATCCGTCATTAGGC-1","male","OPC",-8.43365503712353,-9.31726783578114,-9.20432762801174,-5.95799000007698
"TTATCCGTCATTCATC-1","male","Astrocytes",2.70043872432056,-3.77828973595815,-1.49821732937817,-1.97891695243904
"TTATCCGTCGCTATAA-1","male","OPC",-8.40323568745312,-9.17266696755605,-10.3113117665005,-5.81900388938972
"TTATGACCAGTGAACG-1","male","Microglia",10.984056220811,9.89688831503673,8.94089694321628,1.51195936458519
"TTATGACCATCGCTCC-1","male","IN-CGE",-12.016676201064,8.7800479524879,3.38419719040867,-8.46374065620491
"TTATGCGCAGCAAATA-1","male","Astrocytes",2.29165719584766,-4.12103074853139,-3.03928188979153,1.22948591964654
"TTATGCGCAGGACACA-1","male","Microglia",3.37423275546375,4.93920618231578,6.11814112961765,2.48658864753655
"TTATGCGCAGTAGGTG-1","male","Microglia",11.5821235044414,10.542909204319,6.24565882981296,2.3303916956704
"TTATGCGCATCGTTCT-1","male","Microglia",6.74396251277271,10.1709161394386,-3.23541454970364,1.41218372242859
"TTATTGCTCCTAAGTA-1","male","Microglia",10.1195847852642,11.7380214327125,7.53660483658786,0.518745114974294
"TTCACTGTCTTGGATA-1","male","Endothelial",-0.216330303389397,-14.4953579313012,-2.85825662314419,2.90107088344506
"TTCAGCACACAATTAC-1","male","IN-MGE",-14.1321365968769,1.51728049415333,4.44495148957248,-5.58633215171882
"TTCAGCACACACTAAT-1","male","Astrocytes",-0.162299616772499,-4.58666938607411,-1.4116536825848,-2.2352307532508
"TTCAGCACAGAAATGC-1","male","IN-MGE",-17.9499304430073,4.47648602659984,4.81071229279514,-6.03728611213752
"TTCAGCACAGGTATTT-1","male","Microglia",10.696030364793,12.1774831407814,8.2082728892612,0.012948622874532
"TTCAGCACAGTTAAAG-1","male","Oligodendrocytes",5.85924171046558,2.64486092264934,1.42360945046421,10.1234452034753
"TTCAGCACATTGCGAC-1","male","OPC",-8.62917639179882,-9.56916278664784,-8.77662424742703,-6.74703914863655
"TTCAGGTAGCTTACTT-1","male","OPC",-8.29623533650097,-8.84385055367665,-9.19690136610989,-6.18097431404182
"TTCAGGTAGTTATCTC-1","male","Astrocytes",-4.61890722675976,-3.63536113564687,-1.75014327466015,-2.70334179145881
"TTCAGTTTCAATCATG-1","male","Microglia",-6.16709114475903,-4.82341140572743,-3.30642776190762,1.67029391782692
"TTCAGTTTCCAGGTCA-1","male","Astrocytes",2.58139036731068,-3.4911717778893,-2.29501478373532,-1.77504784805366
"TTCAGTTTCCATTACT-1","male","Microglia",11.2097718580181,10.8859344118385,7.72144408524509,1.14521132963112
"TTCAGTTTCCCGCAAA-1","male","Astrocytes",2.09203933314625,-4.35714238946156,-1.25946538149838,-3.46711237175056
"TTCAGTTTCCTAGTCC-1","male","Microglia",11.7628209455425,10.629443704441,7.10276646912571,0.892498573235784
"TTCATCCCACATAACT-1","male","Oligodendrocytes",2.83069728450123,4.86551576788707,0.899280026559788,11.7796036507409
"TTCATTCAGAAAGCAT-1","male","OPC",-8.13861013813671,-8.81923717324452,-10.0494633167935,-6.28818685752937
"TTCATTCAGCAGCTCA-1","male","Microglia",10.1125781400615,12.3238845461158,7.89503093064304,1.40871768253258
"TTCATTCAGCTATGAC-1","male","OPC",-7.00267149372753,-5.90562146966176,-9.68294720351223,-5.80141098243782
"TTCATTCAGGAACGGT-1","male","Pericytes",7.43971847132984,-12.7573990232201,-3.51552586256985,4.79313080566338
"TTCATTCAGGTACCGC-1","male","Pericytes",8.32990716533009,-13.5043911344262,6.74842877686496,1.2212613727372
"TTCCCACAGACAACAG-1","male","OPC",-9.46504045887646,-9.19727653329091,-9.2016745060635,-5.96123344642707
"TTCCCACAGCGGATAA-1","male","Microglia",6.93817733363453,10.1835895174293,7.99114699662204,1.30007009761742
"TTCCCACAGGCGAATA-1","male","Microglia",11.2010075910503,11.1399503343849,7.54421897233005,1.05875311600379
"TTCCCACAGGTCCACA-1","male","Astrocytes",-3.02093030377087,-4.0326551801415,0.372605279092747,-2.8027904723365
"TTCCCGCCACAGGAAT-1","male","Oligodendrocytes",6.02410720424,1.32086296315475,0.62294407189365,11.8711907173913
"TTCCCGCCATAATTGC-1","male","Microglia",6.95653794841114,10.3878474825172,8.51562018692966,0.826946726016317
"TTCCTCAAGAGGAGTC-1","male","Astrocytes",2.55174254016224,-3.19683831994252,-1.42992530762677,-2.71979124290534
"TTCCTTCTCACGAATC-1","male","Endothelial",-1.01858152313885,-15.1858629590722,-2.47228543459896,2.99601929443291
"TTCCTTCTCGAGGTGG-1","male","Microglia",7.78885243968311,11.2724881761817,7.94235511124607,0.166633715800557
"TTCGCAACATAATGTC-1","male","Astrocytes",0.274319515984688,-5.24937576119618,-1.43946896492962,-3.46570284111091
"TTCGGTACAATAACCT-1","male","Pericytes",8.77138207988087,-12.9775061017724,1.04485876858707,10.1664425637048
"TTCGGTACATGTCAAT-1","male","Astrocytes",2.45475481585804,-2.7463077909203,0.641472175722081,0.277978053263936
"TTCGTGCTCACACAGT-1","male","Astrocytes",-6.39494968815502,-10.8515648252221,-0.293793544168514,-3.81308204872199
"TTCGTGCTCCATCAGG-1","male","Microglia",10.9455621107036,10.6493249529151,0.757285073404271,12.1067902352136
"TTCGTTAGTGACATAT-1","male","Microglia",11.0447318418438,11.7189508074073,7.82153125107761,-0.518039653130259
"TTCGTTAGTGTCCTGC-1","male","Microglia",8.17006753520313,10.7314830415992,7.96038050950046,0.798135092429433
"TTCTTAGGTCCTAACT-1","male","IN-CGE",-11.5626738206929,8.69087368185802,3.29925341904636,-8.53864414436408
"TTGACATCAATTGACT-1","male","OPC",-8.66711069508251,-9.77057594124989,-9.98810391127591,-6.47758848411628
"TTGACATCAGTCTAGC-1","male","IN-MGE",-14.5920307771748,1.04276990826411,0.359661534433323,2.42942827003411
"TTGAGCTAGGAGCACG-1","male","Microglia",7.10183452205006,10.6245656603126,0.145371869211155,3.13184921997002
"TTGAGCTAGTTGGATC-1","male","Astrocytes",-3.75329328938183,-3.9719519025536,-1.88157396018032,-1.59067852241584
"TTGAGGCGTAAAGCAA-1","male","IN-CGE",-8.45510507984814,10.7645803087501,1.13369961083408,-9.3923466895301
"TTGAGGCGTTGTTGGA-1","male","IN-CGE",-10.8776219026631,11.0304656618385,3.05028791726108,-10.2652457450111
"TTGCAAGGTTTGTCTA-1","male","Microglia",9.79433225230518,10.1130004518775,7.77960963547702,0.854645064048085
"TTGCACACACCCACAG-1","male","Astrocytes",0.478486047547493,-5.24069303338246,-1.47827552258496,-3.13878757698127
"TTGCATTTCACATTGA-1","male","IN-CGE",-10.9337504045552,11.1086068743019,3.20710606873508,-10.3641484473426
"TTGCGAGTCCTGAATA-1","male","OPC",-8.88857771320995,-8.90600341622548,-9.17156319319729,-6.04728920204231
"TTGCGTCTCCGTTAAA-1","male","Astrocytes",1.98356436328236,-2.66992610757069,0.121737077836949,-0.0112968776900432
"TTGCTTTAGGCGCACT-1","male","Oligodendrocytes",2.93822883204762,4.77437287504954,1.25265307724949,10.145881345443
"TTGCTTTAGGGTGAGT-1","male","Oligodendrocytes",6.14689754084888,0.846733986690475,0.722242906694371,12.0224110390466
"TTGCTTTAGTTTGGGT-1","male","IN-CGE",-3.03236938877758,14.2790828340797,0.684677556161839,-8.86126453620979
"TTGGAGGCACAGGAAT-1","male","Microglia",5.77339099482838,-4.10320419137196,0.459181860094029,-3.36720449668952
"TTGGAGGCAGGCCAAA-1","male","Astrocytes",2.13844464854542,-3.54659408395009,-1.89119057356839,-2.48479110939094
"TTGGATATCAGAAACG-1","male","Astrocytes",2.49137090281788,-4.05587381188588,-2.12250308691983,-2.32623941642829
"TTGGATATCCCGTTTA-1","male","IN-CGE",-11.6436121599263,8.89091306860728,0.276828721170384,2.56698100822381
"TTGGATATCCTAATGA-1","male","IN-MGE",-13.8396523134297,1.64542753930373,4.55783076584812,-5.40086729271003
"TTGGATATCTCACTCA-1","male","Microglia",-6.14002586765942,-4.91272348229604,-3.03506998717312,2.2648034598153
"TTGGATCAGGCATTAC-1","male","Oligodendrocytes",5.70446179942432,1.73446518118663,0.512779548768956,10.3452297951501
"TTGGCTACACCGTTCC-1","male","Microglia",-6.42796970768627,-10.4599699384423,-0.316633924837154,-4.2518814299781
"TTGGCTACACCTGGTG-1","male","Astrocytes",2.4794773919994,-3.12647479836659,-0.785503432149929,-2.77276808960029
"TTGGCTACAGGGAGCT-1","male","OPC",-9.39649607105907,-8.20894950692372,-10.0189247578335,-6.2388838027198
"TTGGCTGAGGGTCCAC-1","male","IN-MGE",-13.6269476549214,1.53897379647179,-0.222510859365505,3.21516673820427
"TTGGGCCAGCCAAATC-1","male","Astrocytes",-3.79560686512646,-3.70334667031484,2.07817931473728,-1.58094746810981
"TTGGGCCAGCGGATAA-1","male","Astrocytes",-1.2008713023251,-4.71144956414418,-1.58782957493786,-2.96427829010078
"TTGGGCCAGGCTAGAA-1","male","Microglia",10.5660502775127,11.9380117052345,7.63070769608493,1.37925647752694
"TTGGGCCAGGCTGGCT-1","male","IN-CGE",-11.4043133394307,11.4100595110206,3.51927705109592,-10.6455157492835
"TTGGGCCAGTGAACGA-1","male","Astrocytes",2.23427270488087,-3.876207769558,0.68160434067722,-3.06074030143806
"TTGGGCGGTACCTTAC-1","male","OPC",-8.95967699452099,-8.57468551461415,-8.17347578703884,-6.24039966804573
"TTGGGTTAGGCGAATA-1","male","Oligodendrocytes",3.01120828227345,4.95899206335826,1.19074077904697,10.6139818932336
"TTGGGTTAGTGCACGC-1","male","Microglia",10.2652375562603,11.5179143541603,7.89307494462009,0.869389695994172
"TTGGTGAGTTCCGCAC-1","male","Microglia",-6.13367582722362,-4.65937608544545,-3.16900043189053,1.3704195822995
"TTGGTGAGTTGCCTCA-1","male","Endothelial",-0.184735401112404,-14.8947405225487,-2.97805075346951,3.67885082023552
"TTGTAAGTCTTTAGGA-1","male","OPC",-6.56620050831493,-5.38213914696889,-10.4033489674282,-6.53167516929695
"TTGTAAGTCTTTGAGA-1","male","Astrocytes",2.98632024363819,-3.84640449349599,-1.71004740893368,-2.7850321028907
"TTGTCAAAGATGCCTG-1","male","OPC",-8.6790030138081,-8.98883289162831,-9.583632513876,-6.51833135826179
"TTGTCAAAGGAACCGG-1","male","Astrocytes",1.66135428981129,-3.85262531106191,-1.25928531586651,-2.74948484642097
"TTGTCAAAGTTGGCCA-1","male","Microglia",8.22307656840626,10.8798509233741,8.23535723984714,0.57719402568749
"TTGTCCCAGACTTACA-1","male","IN-MGE",-11.2317907945698,0.680423259094192,7.71747298539158,-5.84438736183235
"TTGTCCGGTAGCCTAA-1","male","Oligodendrocytes",5.72982047633472,2.00248742039485,0.389107301835972,11.4687659050744
"TTGTGCCTCGTTATCT-1","male","Astrocytes",2.46840404109303,-3.06120723550038,-2.39859180151944,0.0348397995751241
"TTGTGTGCACCTGCCT-1","male","OPC",-6.69878603382763,-5.52586358849721,-9.88335041701321,-6.09878141624519
"TTGTGTGCAGGATGGC-1","male","OPC",-8.77558256550487,-8.74257510964589,-9.68468193709378,-5.69085151893684
"TTGTGTGCAGGCAAGC-1","male","Astrocytes",1.41451583937946,-3.22085517708974,-2.07921044528012,0.444029619864736
"TTGTTCCCAGGAACTG-1","male","Microglia",8.16118882731739,11.0136857622413,8.03927607834812,0.214583566359792
"TTGTTCCCATAGACCC-1","male","Astrocytes",2.18016599253956,-3.78811258141713,-1.28064863383297,-2.2205024455268
"TTGTTGCGTTCGCTCA-1","male","OPC",-9.16626383228954,-8.5818323499413,-9.36740402876858,-5.98619539482185
"TTGTTGTTCGGTACGC-1","male","Astrocytes",-3.61893392964062,-4.00384706322865,-2.00695459544186,-1.89875085098335
"TTGTTTGGTCACACCC-1","male","Microglia",9.545112357896,10.3655477159767,8.09967894852634,0.529758920840535
"TTGTTTGGTTTAAAGC-1","male","IN-MGE",-14.561764015395,1.01395294006152,4.15236611664768,-5.59367115242073
"TTTAACCTCAACAAGG-1","male","Microglia",8.33060430125538,11.6918883913307,7.92549319565769,0.392547419242177
"TTTAACCTCCTAATAG-1","male","Astrocytes",-1.24251039190945,-4.34973472420888,0.83676083386417,0.994528250716243
"TTTAACCTCTAGCTTT-1","male","IN-MGE",-11.4770853654927,0.0769223564414514,8.14711757004734,-5.97651178581306
"TTTAAGCCAACCCTAA-1","male","Astrocytes",2.58159349994007,-2.7408317929955,-0.386187776918453,-2.63422376854011
"TTTAAGCCAACCGCCA-1","male","Microglia",8.82710527018848,11.2053065889625,8.80468268692966,-0.12639016849586
"TTTAAGCCAGGCGATA-1","male","Oligodendrocytes",5.89279006556812,2.3429940336494,0.413015678529698,10.713417699508
"TTTACGAAGCGAGTAA-1","male","Astrocytes",1.97290252284351,-3.77270644967275,-0.647564977402729,-2.50750286323616
"TTTACGAAGGTCTTGG-1","male","Microglia",10.6381728513652,10.8884502046852,8.49901385605808,-0.058029959030833
"TTTAGCAAGACTTACA-1","male","Microglia",11.8858201368267,12.1092515581398,0.2226384431171,-4.4289882872779
"TTTAGCAAGCGCTAAT-1","male","IN-MGE",-5.82554174824413,-4.0984773046227,-3.3551717251492,1.45511355059556
"TTTAGCTTCAAGCTAC-1","male","OPC",-8.40330816670116,-9.47500747506337,-9.66327576338772,-6.07378799659797
"TTTAGGATCCTAAATG-1","male","Astrocytes",1.49664448336903,-4.47857135598378,-1.86593358218197,-1.61982471687385
"TTTAGGATCCTCACAC-1","male","Astrocytes",1.59042690829578,-3.42504447762685,0.575872257356602,-2.91804892761299
"TTTAGGATCGCACAAT-1","male","Microglia",6.6349413259441,10.1684413545875,6.94913430512424,-0.185528228111949
"TTTAGGATCGCCTGTT-1","male","Astrocytes",2.30441592768971,-3.15145200555043,-0.9743540883017,-2.47997052414009
"TTTAGGATCTTGAGGT-1","male","IN-CGE",-10.9455082552021,9.95144325430675,0.530252173547703,1.97503381030968
"TTTCACCCACCTAATG-1","male","Astrocytes",-3.63574172421154,-3.82778209511952,-1.2185538858128,-2.25258977157661
"TTTCACCCAGTATGTT-1","male","IN-MGE",-11.1459133760517,0.584435223892166,7.60232348740574,-5.79958660347053
"TTTCAGTTCACTAGGT-1","male","OPC",-8.30177475376781,-9.16635078255849,-9.85063271224026,-6.31165439827033
"TTTCAGTTCATCCACC-1","male","Astrocytes",-6.1354968683308,-10.9163231260033,-0.309959635133785,-4.16259987098762
"TTTCATCAGAATCGCT-1","male","Microglia",-6.1467125551289,-4.69735711877065,-3.1893191784573,1.76964049594811
"TTTCATCAGGCCGGAA-1","male","Microglia",9.0702874525005,11.370883523777,8.54982943833347,0.779508834652219
"TTTCCACCACCTGGTG-1","male","Oligodendrocytes",3.6519877775127,4.68771344359202,1.47762604058262,10.1814028527062
"TTTCCACCAGCAAGTG-1","male","Pericytes",8.62748311595264,-13.257932127163,-4.02439717947964,4.43734185951165
"TTTCCACCAGTAAGTA-1","male","IN-MGE",-11.3233187334126,0.150738417461349,8.24700541794773,-6.16714699012824
"TTTCCGGGTAATCACG-1","male","IN-MGE",-14.4160444871968,1.34339627559466,4.58347697556492,-5.77232153160163
"TTTCCGGGTCCACAAA-1","male","OPC",-8.32697750492748,-9.29383415047841,-10.456302687521,-5.21754629356452
"TTTCCGGGTCCCGGAA-1","male","Microglia",-5.1931836740559,-4.339098394558,-2.95074753462796,1.74718009488991
"TTTCCTGAGGTGAAAT-1","male","Astrocytes",-3.82823516293224,-3.67899221245961,1.25822015107151,2.60437028663567
"TTTCTCACAGCATGTC-1","male","OPC",-8.49863840504345,-9.06302398507314,-10.0111332386685,-6.74498541099616
"TTTCTCACAGGACCTT-1","male","Microglia",7.72730325297657,9.63145309622569,-2.84270219504361,3.12856166618279
"TTTCTTGCAGCTTAAT-1","male","Microglia",11.6067035062725,10.9697080248146,-1.39856903254513,-2.14226991874763
"TTTCTTGCAGGCAAGC-1","male","Astrocytes",0.41732429103199,-4.61539739434438,-0.62951070069794,-2.19850833160469
"TTTCTTGCAGGCTTCG-1","male","Microglia",10.1259248121196,12.7214398973732,6.96518321335788,-0.194565722771373
"TTTGACCGTGCGCAAT-1","male","Microglia",10.0962779386455,11.1128297441749,7.27084155381199,0.530974259547506
"TTTGACCGTGTAACCA-1","male","Astrocytes",1.56213162974659,-4.12073224847035,-1.09834338724141,-2.89259321434089
"TTTGACTTCATGTCAA-1","male","Oligodendrocytes",3.54473804072681,4.75805383856578,0.964822605256993,10.8714148308556
"TTTGAGTCAACACTTG-1","male","Microglia",11.3350427015239,10.4524245851783,-0.311581179494899,10.2525040413659
"TTTGAGTCACCTCGCT-1","male","Astrocytes",2.19475339488331,-2.64786619012074,-1.39846442639355,-2.08313925010749
"TTTGCATTCAGGGCCT-1","male","Astrocytes",1.50188516215626,-5.34743064706044,-0.54706193506245,0.0499604846756795
"TTTGCATTCATGTTTC-1","male","Oligodendrocytes",4.24138997630421,4.51055246527476,0.0821791440295757,11.7084996010583
"TTTGCGACAACCTGGT-1","male","EN",-4.9724691049641,5.18896347220225,-4.04121212660794,-6.64364702446052
"TTTGCGACAGAGGGAG-1","male","OPC",-5.29632545872387,-13.2790655500145,-12.4957199543667,4.395893266372
"TTTGCGGAGTATTGTG-1","male","Astrocytes",-3.5517463819569,-2.67829555337148,0.263674810533482,-2.64601928932258
"TTTGGCTGTTATCCTA-1","male","IN-MGE",-11.5872633592671,0.190616905048324,8.13698573410984,-6.16226274711677
"TTTGGTAAGCCGCTAA-1","male","Microglia",7.00477431849781,10.3008361452369,-0.992999717588466,2.99122946517876
"TTTGGTGCAAACGGGC-1","male","Oligodendrocytes",6.03454278544727,1.72036255832,0.206349328165013,11.4978377129357
"TTTGTCCCAGAAACGT-1","male","Pericytes",8.31987451152149,-12.8335470563622,-3.73920588194851,4.20076768653801
"TTTGTCCCAGGAACAT-1","male","IN-CGE",-11.7612984315937,8.79550129111095,3.27943940461155,-8.76365596992561
"TTTGTCTAGCCAAATC-1","male","IN-MGE",-11.3682911531514,0.0862296217231286,7.97752375901218,-5.93889553291389
"TTTGTCTAGGAATAAC-1","male","Microglia",8.63213609294239,11.4038730257301,0.0180010944652141,2.17198937194756
"TTTGTCTAGGTCCGTA-1","male","OPC",-7.88400865956005,-9.34592956368642,-9.52686791121487,-6.5510814879615
"TTTGTGAAGCCTGATG-1","male","IN-MGE",-5.81013513966259,-3.11774677102284,0.38015957177158,1.36890031950882
"TTTGTGGCAAACCTTG-1","male","Astrocytes",2.1630551679546,-3.09839433495717,-0.757076315577072,-2.53191597206184
"TTTGTGGCAGTAAGTA-1","male","Astrocytes",1.79695247248951,-4.29169792000966,-1.22508080303196,-2.81891829711982
"TTTGTGGCATCCCGCT-1","male","Microglia",7.64308713511768,10.4365821474342,7.50680728257175,1.30837379949502
"TTTGTGTTCATGCTCC-1","male","Pericytes",8.3136842115337,-12.7721199399682,-3.69059519469265,4.8130759503167
"TTTGTGTTCCTGGTGA-1","male","Microglia",-6.00499750538525,-11.8824142820092,-12.7920008152676,4.4564241673272
"TTTGTTGGTTAGGATT-1","male","Astrocytes",0.878950105469856,-4.32288640801625,-2.38409142195706,-1.78687293273994
"AAACAGCCAAAGCGCA-2","female","Microglia",11.4331033094341,12.9360442751197,7.7451552897739,-0.43241507751533
"AAACAGCCAAGCTTAT-2","female","Oligodendrocytes",2.86297391490284,4.772549211338,0.270093157892186,11.2100025917809
"AAACAGCCAGCAGGTA-2","female","Astrocytes",1.94277976588551,-5.80598872964101,0.725376561288792,0.373740246466909
"AAACAGCCAGCTAATT-2","female","OPC",-8.4755814210957,-9.04996246163564,-10.6412306278897,-5.97371370536872
"AAACATGCAGCTTAAT-2","female","Astrocytes",1.47576247290913,-5.77104419533925,0.911014750604588,0.626120617560659
"AAACATGCAGTGAACG-2","female","OPC",-8.44707895680126,-9.55693095986562,-9.83464436232571,-5.76398069603034
"AAACATGCATCAGCAC-2","female","Astrocytes",-2.43471242352184,-1.82843774621205,1.69538731873508,-1.50419313652107
"AAACCGAAGATTGAGG-2","female","Microglia",10.9703204496318,-2.61177963082509,7.30571456254001,-0.218787381478038
"AAACCGAAGCTTCTCA-2","female","Astrocytes",-1.35056908293423,-0.904014528438615,2.02206869423862,-2.064231941529
"AAACCGAAGTATCGCG-2","female","Astrocytes",2.31422732905689,-3.7180365926476,-1.38331173359875,-2.57360107643196
"AAACCGGCATAATGTC-2","female","EN",-5.01411177082714,5.33263593848033,0.295347049837071,1.79469596403054
"AAACGCGCAAGCCACT-2","female","Oligodendrocytes",5.34526799754444,3.58658844168468,0.303139641885716,10.5721804405969
"AAACGCGCACAGAACG-2","female","Oligodendrocytes",4.01330922679249,-2.52707475487904,-1.48161481320385,-3.29219848854133
"AAACGCGCACAGCCTG-2","female","Microglia",-5.29118229313549,-3.61177104775624,-2.42305426299099,0.716354748181615
"AAACGCGCAGGCCAAA-2","female","Microglia",10.6754491193706,12.5227742784767,8.32619662583347,-0.614893743820872
"AAACGCGCATTGTCAG-2","female","Astrocytes",0.260827587407265,-3.54988664452748,-0.800233040000242,-1.08493859512397
"AAACGGATCATGCAAC-2","female","Oligodendrocytes",3.08004067973438,4.70685106451793,1.03706701100345,11.2736689354699
"AAACGGATCATTGACA-2","female","IN-CGE",-7.17917658253368,6.98510414297862,-0.0714385956478535,3.58677857177666
"AAACGGATCCAATTAG-2","female","Astrocytes",-2.10344196720776,-1.37902945344167,2.41773100197788,-1.84590608818122
"AAACGGATCGATTTGA-2","female","OPC",-9.00389982624706,-8.36509460274892,-9.93912796675686,-5.41199810249397
"AAACGGATCGTTTCGC-2","female","OPC",-8.00704409046825,-7.14338344399648,-10.8698416203213,-5.92075998527595
"AAACGTACAATCCTAG-2","female","Endothelial",-0.0121863321846389,-15.4737982160302,-3.02404312788967,3.52203958290032
"AAACGTACATACTCCT-2","female","Oligodendrocytes",5.63459180430714,2.06201994355006,0.198170498018223,10.7360255028527
"AAAGCAAGTCAATGTG-2","female","OPC",-8.34365774555859,-9.18896812264638,-9.62367062270169,-5.05355627281257
"AAAGCAAGTGAATCGC-2","female","OPC",-7.84636045857128,-8.06818050210194,-9.31719307600979,-5.65954668266365
"AAAGCAAGTTAACGGC-2","female","Astrocytes",-3.73067571087536,-3.05428069894032,2.32257194817539,-1.66872222168037
"AAAGCACCAACAACAA-2","female","Microglia",11.4072558744365,13.2061811083107,8.45056052506443,0.251842966250692
"AAAGCACCAGGCTAAG-2","female","Oligodendrocytes",5.47747396067921,1.96428331668658,0.238686993722874,9.6849352623742
"AAAGCACCATATTGAC-2","female","IN-MGE",-13.8512699739521,1.83087557490153,5.02066035569187,-5.43132860405036
"AAAGCCCGTTTGGGCG-2","female","Endothelial",0.0150281055385209,-14.6785807019921,-0.13400046526913,3.2958263661187
"AAAGCCGCAAGGCCAA-2","female","Oligodendrocytes",6.26515172557179,1.75369822914882,-0.127341195936245,11.0404087807458
"AAAGCGGGTAAAGCGG-2","female","Astrocytes",-4.02213837071117,-3.11118072335439,1.00846071541782,-1.82081753952095
"AAAGCGGGTCCTTAGT-2","female","Astrocytes",1.22762940959278,-5.31450790230946,-0.794717587525886,-0.265571782417979
"AAAGCTTGTATGGTGC-2","female","Oligodendrocytes",5.11053298549,3.84851723845286,-0.313225254411739,9.68452613609246
"AAAGCTTGTTCCGGGA-2","female","Astrocytes",-7.26805759831127,6.72175937826915,1.46558184922214,2.90233354823998
"AAAGCTTGTTCGGTAA-2","female","Astrocytes",-1.19280619784054,-4.60831350152211,0.0684403330134929,-0.243585893936839
"AAAGGACGTAACAGGG-2","female","IN-MGE",-11.2538159029072,0.713579773261978,7.72793383896824,-5.85687286598274
"AAAGGCTCACCATATG-2","female","Microglia",4.32002805308643,-4.2327956563683,-0.851446344512445,-1.31478078109809
"AAAGGTTAGCTCATAA-2","female","Oligodendrocytes",6.13056539134327,0.790377556636764,0.623043611650425,10.8180872704308
"AAAGGTTAGGACCTTG-2","female","Oligodendrocytes",2.79623435572926,4.89109736616893,0.0425561815547527,11.3885504509728
"AAAGGTTAGGATCACT-2","female","Microglia",11.6203563077861,13.137352525547,8.33363433182712,-0.414833376236644
"AAAGGTTAGGGTCCAC-2","female","IN-MGE",-13.5360729829853,1.90171396668239,5.34904332459446,-5.45045406562873
"AAAGGTTAGTTACTTC-2","female","Astrocytes",-3.2217915193623,-4.00837367837148,-1.59902714192395,-1.04658014518806
"AAATCCGGTTGCGGAT-2","female","Astrocytes",2.34349392489735,-4.96755641762929,-0.296387597913784,-0.519807526894297
"AAATGCCTCCGGGACT-2","female","IN-CGE",-11.9533140794819,8.79371792013927,3.3381843119907,-8.92289764625617
"AAATGCCTCCTAGTTT-2","female","Microglia",-5.14917255802807,-3.71359390084462,-0.963396444911998,1.83801894443444
"AAATGGCCAAACGCGA-2","female","IN-MGE",-12.4728233949726,2.80342191393657,0.428160503511387,2.58659355895928
"AAATGGCCACAAAGGT-2","female","Astrocytes",-6.36061216755566,-11.0955500013085,1.02962215245243,0.582113197020803
"AAATGGCCAGTTAAAG-2","female","Oligodendrocytes",2.97172282771412,4.87689238722606,0.767084792261082,9.72575538413933
"AACAAAGGTCATTGTC-2","female","Microglia",11.292185531419,12.2358594530372,7.8730268031406,-0.69365079147407
"AACAAAGGTGTTGTAG-2","female","VSMC",11.8232924802715,-4.19219964806752,-3.7493687123013,6.17308967369011
"AACAAAGGTTCACTGT-2","female","Astrocytes",-3.35156108303722,-2.2077974683495,1.91171522438999,-1.16136128646919
"AACAAAGGTTGGCGTG-2","female","Microglia",7.8865601880962,9.37060886557384,7.14852996170993,1.83865486638955
"AACAAGCCAGAACCGA-2","female","VSMC",11.103817687791,-2.72083228890614,-3.46727876364712,6.21225374000481
"AACAAGCCATAATGAG-2","female","OPC",-7.98827959461864,-8.23545783822255,1.18027706444736,2.17118077533654
"AACAAGCCATTAAACC-2","female","Astrocytes",-6.74869800968822,-10.7704977399559,2.11403627694126,-1.15558798057624
"AACAGATAGGGCTTAT-2","female","Endothelial",0.624738202851448,-14.7883657819481,-2.40709762274746,3.49443118827752
"AACAGCAAGCCTAACG-2","female","Microglia",7.7352454526836,10.5509296053199,6.8505601435947,0.556749930552755
"AACAGCAAGGCGCATC-2","female","VSMC",10.8217189176494,-2.57719749276357,-1.06294184922699,2.65696017997674
"AACAGCAAGTTATCCT-2","female","Microglia",10.6089713437969,11.7634902590065,7.61278910935398,-0.429061481781687
"AACAGGATCTCGACCT-2","female","Astrocytes",-0.815030528742638,-2.16881746117787,1.05401642621036,-2.0289924834449
"AACAGGATCTGTTGCC-2","female","IN-MGE",-11.8917496339863,3.02903562720103,6.28902383149143,-4.74886686546394
"AACATAGCAGGCCTTG-2","female","Microglia",11.7517459257061,12.6295304888038,7.59965415299411,-0.492384860344615
"AACATAGCAGGTTCAC-2","female","OPC",-8.57306314869579,-8.41063064400868,-10.280111357565,-6.21046049339363
"AACATAGCATTCCTGT-2","female","Oligodendrocytes",6.00854133204762,1.40050821687265,0.445755675439793,10.5342385079186
"AACATAGCATTGCGAC-2","female","Astrocytes",1.7923629148418,-5.04453843896108,-1.63582138716702,-0.544997761078562
"AACATCATCCGTGACA-2","female","OPC",-7.70936705036816,-10.1146435147973,-10.2917309254361,-5.83671409828254
"AACATCATCTAGCGTG-2","female","IN-CGE",-11.0579998628682,11.6499715441017,0.589068844919163,3.27257721679619
"AACATCATCTCCATAT-2","female","IN-CGE",-3.28563620014843,14.0069022768287,-0.599831968541187,3.30144779937676
"AACCCGCAGCTTAACA-2","female","EN",-4.7904360429829,5.46109038527293,-4.09085302054409,-6.71653444511482
"AACCCGCAGGAAGTAT-2","female","Astrocytes",1.76596592501942,-5.40517562691884,-0.643780052657169,-0.145953724213328
"AACCCGCAGTCAATCA-2","female","Astrocytes",-1.84352435036358,-1.18951743905263,1.72898931801792,-1.77962572319099
"AACCCGCAGTTATCTC-2","female","IN-MGE",-12.6572668687886,2.53907126124187,5.88763041794773,-5.15085632545539
"AACCGCTCACTTACAG-2","female","Astrocytes",1.87737558917347,-5.6432861692162,-1.26443018018727,-1.63699109298774
"AACCGCTCAGCACGTT-2","female","OPC",-9.41642786427196,-8.68300479714589,-10.4929943531704,-6.10308487159797
"AACCGCTCAGGTATTT-2","female","Microglia",-0.570725730199184,-4.42388862435536,-2.13890258967404,-0.314749429054942
"AACCGCTCATAATCCG-2","female","IN-CGE",-13.7906506197041,1.47757355245931,-0.305478677148861,2.52656083362511
"AACCGGCTCAAGCCTG-2","female","Astrocytes",-3.65375329418835,-2.31706613366322,2.7651440650272,-1.9102647994239
"AACCGGCTCACTAATG-2","female","Microglia",9.79245446757618,11.736527978733,8.15044112504001,-0.366790363617625
"AACCGGCTCGGTTCCT-2","female","OPC",-9.434717430312,-8.65182441537099,-9.6379709690762,-6.24451334220954
"AACCGGCTCTAAGGAG-2","female","Endothelial",-1.13096923990902,-15.4754671460839,-2.9183972328854,4.77430622833184
"AACCTAATCATGGTGT-2","female","IN-MGE",-11.7920744554585,2.90546709234996,6.35294051468845,-4.68967182380744
"AACCTCACACAAACTT-2","female","Astrocytes",1.57700656489674,-5.64299815957265,-2.11215417086605,-1.19757706863471
"AACCTCACAGCACCAT-2","female","IN-CGE",-11.1930716173237,10.4509311311988,3.37417741120334,-10.2695258353431
"AACCTCCTCAAATCGC-2","female","IN-CGE",-10.3299114839619,9.57546001608653,2.8884167224216,-9.01801616890022
"AACCTCCTCATGAAGG-2","female","VSMC",11.8898064954692,-4.19328540627675,-3.31502752005581,6.20907562034539
"AACCTCCTCTAAGGTC-2","female","OPC",-8.9547598497456,-8.65161842171864,-9.84808735548977,-5.59451944572517
"AACCTCCTCTCGACCT-2","female","Astrocytes",2.12296413020435,-4.67816156213002,-2.60898427664761,-1.04635817749092
"AACCTTAAGACAGGCG-2","female","OPC",-9.51990438862499,-9.1148437864037,-10.3973303288174,-5.49961025459358
"AACCTTAAGGACAATG-2","female","Microglia",11.1974637372905,12.681954919651,7.80138392746921,0.26697479741982
"AACCTTGCAAACTGTT-2","female","Oligodendrocytes",6.14383052424732,0.910853444889022,0.146433606748539,11.4830481316369
"AACCTTGCAGGGAGCT-2","female","IN-CGE",-9.18967939778027,12.1983972185401,1.17102380097385,-9.71835071785041
"AACGACAAGCAACATC-2","female","Astrocytes",2.14583920077625,-4.37711137597279,-1.75056658684735,-2.49869711143562
"AACGACAAGTAGCCAT-2","female","IN-MGE",-10.5620138780659,9.79280239279552,3.09511156380649,-9.20392925483772
"AACGCCCAGACAAAGT-2","female","EN",-4.83087612553295,5.69347149069591,-3.86173705756192,-6.49686081153938
"AACGCCCAGATGGACA-2","female","Oligodendrocytes",5.71175454692188,1.00104871328159,-0.296745285387081,10.5023371483605
"AACGCCCAGCCTGTTC-2","female","VSMC",11.0498158796245,-2.43601507012563,-2.43973295390133,4.86365406768731
"AACGCCCAGCTTACTT-2","female","Microglia",4.89335750178638,-4.01477187936025,-0.447042718524974,-3.81693775398323
"AACGCCCAGGTCCACA-2","female","Oligodendrocytes",6.59412740306202,1.14361089403911,0.30852563679691,10.9683195854943
"AACGCTAGTGTTAAAC-2","female","Microglia",3.81447957591358,-4.33542102639394,-1.37667457758908,-1.1836977694709
"AACGCTAGTTACTTCA-2","female","Pericytes",7.97498773173634,-12.0023331052514,-4.56138448416714,4.82842772262505
"AACGCTAGTTCATCTA-2","female","Astrocytes",1.97351311282459,-4.70378774468617,-1.5345871299458,-0.893010446854319
"AACGGTAAGAGGCTAA-2","female","Oligodendrocytes",4.98226760463062,3.92786413367076,1.22088475525852,9.31201999442986
"AACGGTAAGTCTATGA-2","female","Astrocytes",2.13939689235035,-5.24493068520741,-1.11836744844441,-0.480436274834361
"AACTACTCAAAGCGGC-2","female","OPC",-9.04431368275341,-8.82430023019032,-10.2683554142666,-5.51012212974616
"AACTACTCACCTGCCT-2","female","IN-CGE",-9.14133097096142,12.3914342516212,1.1522380858707,-9.81989605171272
"AACTACTCAGGCAAGC-2","female","Pericytes",7.70858262614552,-13.3676113492699,-4.29390315711026,4.7834071423333
"AACTAGCTCACTAGGT-2","female","IN-CGE",-11.9877436296528,9.07371288473888,3.3859023600864,-8.98106415016242
"AACTAGCTCATTGCAA-2","female","VSMC",11.2410285337383,-2.43832773034291,-3.11787419020657,5.11361091392449
"AACTCACAGCACAGAA-2","female","IN-CGE",-9.05159593983349,11.4456363313941,1.14465077221866,-9.70263893348762
"AACTCACAGGCCCAGT-2","female","Astrocytes",-2.5654604570454,-1.22714370553212,2.64078111947055,-1.81243235809394
"AACTCACAGGGATGCG-2","female","Oligodendrocytes",5.63677667216602,3.31565123732371,0.831727460031468,10.0373102928918
"AACTCACAGTTTCCGC-2","female","Oligodendrocytes",5.9072334630901,1.9299328618793,0.833184912805516,9.47423236625603
"AACTGTTCACCAGCAT-2","female","Astrocytes",1.7615065439159,-5.5747146016808,-1.41637401282315,-1.35974676353523
"AACTGTTCATCACAGC-2","female","Astrocytes",-3.28824688358959,-2.08925169770436,-0.442893221969646,10.0171496178429
"AACTGTTCATGTCGCG-2","female","VSMC",11.974423156541,-4.03658098046498,-3.6008227318478,6.34854572074822
"AACTTAGTCCACCTGT-2","female","Microglia",11.7978894575054,13.6108976000099,8.51796336472507,0.166962077788625
"AACTTAGTCTTGCAGG-2","female","VSMC",11.5749451978618,-3.09823268716054,-3.32215146719937,5.20546596305779
"AAGAACAGTACCCACC-2","female","Microglia",7.52712987498585,9.17449623282237,-2.83666758238797,2.79122512596062
"AAGAACAGTGCCTCAC-2","female","IN-CGE",-7.67724396153149,10.6207261675148,1.15157146752353,-9.40744716865608
"AAGAATCAGAGGATAT-2","female","Astrocytes",-0.386487080294456,-1.74236482445912,1.06941790879245,-2.26123578292915
"AAGAATCAGGATAAAC-2","female","Astrocytes",1.39490340785328,-3.75713914696889,-2.24567155539517,-0.827307650871958
"AAGAATCAGGGTTATC-2","female","IN-CGE",-2.34179629250225,13.9600253694801,0.608298018579441,1.12505207019261
"AAGAATCAGTAGCGGG-2","female","Endothelial",-0.993723882872429,-16.5365499860497,-1.45200382172589,3.46371619956902
"AAGAATCAGTTAGACC-2","female","Oligodendrocytes",5.65145610408131,1.67171646590514,-0.0750155895901142,9.17452876823357
"AAGACAAGTCGACTAA-2","female","Astrocytes",1.43357704715076,-5.04868978326039,-0.265672907228511,-0.0149626229483745
"AAGACAAGTGGATTCA-2","female","OPC",-8.98363901539501,-8.33154624764638,-10.8727732151699,-6.04223520500251
"AAGACATAGCCACAAT-2","female","OPC",-8.68567015095409,-8.64509147469716,-10.2914066761685,-5.60761053306648
"AAGACATAGGCTTAAC-2","female","Astrocytes",0.930961237710152,-4.97189086739735,-0.175250217313808,-0.104137012787547
"AAGACATAGTCATGCG-2","female","Astrocytes",0.249862120907936,-2.80075210396962,-1.24677793681149,-0.856898257561412
"AAGACATAGTTAACCA-2","female","Astrocytes",-5.27548719807323,-4.08632081811147,0.841265395288426,-2.46337468368598
"AAGACCAAGCTCAATA-2","female","IN-CGE",-11.1482117311543,10.502942621067,3.38033290207859,-9.94651634437629
"AAGACCAAGGCACAGG-2","female","Microglia",7.47165273265186,9.3312068575172,-2.76708476244931,2.69272344367913
"AAGACCAAGTGAGCGG-2","female","Astrocytes",-3.78018881245312,-2.91607087914662,1.56552000344272,-0.400133321114268
"AAGACCAAGTTAGGCT-2","female","Microglia",10.6925828321392,12.9328342073707,7.17463298142429,0.887530690006528
"AAGCATGAGCTTACTT-2","female","Astrocytes",1.91186307505909,-4.68270725075917,-2.41048900782589,-1.80595357162544
"AAGCATGAGGAGTCGG-2","female","EN",-5.15686012669262,6.11830145056529,-4.08065991103176,-6.65466625434944
"AAGCCACGTGCTTAGA-2","female","Microglia",7.51642201976124,11.3233943575172,7.62267680466648,-0.174904653855052
"AAGCCACGTTAATCGG-2","female","Microglia",10.6829087598735,11.8231559389381,8.15159411728855,1.38613500254563
"AAGCCTCCAAACGGGC-2","female","Astrocytes",-1.99098898335155,-0.440631926700638,2.44199056923862,-1.93371278984138
"AAGCCTCCAAGGTGGC-2","female","Astrocytes",4.62004064158741,-4.15993255440907,-1.00011719762806,-3.62419206840583
"AAGCCTCCACCGTTCC-2","female","Astrocytes",0.198359952729378,-4.65016740624623,-0.469648227090877,1.48719715135506
"AAGCCTCCAGCAACAG-2","female","Microglia",11.8914925916607,12.1021628969459,7.52517218888279,-0.255762526818003
"AAGCCTCCAGCTACGT-2","female","OPC",-8.03335310383495,-9.18150085274892,-9.55336765944485,-6.12900812370368
"AAGCCTCCAGTAGCCT-2","female","Astrocytes",2.95773409442249,-4.14673513238149,-1.11949674784664,-3.56588871223518
"AAGCCTCCATAGACCC-2","female","Microglia",8.0924346311504,11.655569612339,8.00669188797947,-0.0362504218299052
"AAGCCTGTCACCGGTA-2","female","Oligodendrocytes",5.93073533610645,0.574428080871536,0.58725996315952,11.5801359917443
"AAGCCTGTCAGCCAAT-2","female","OPC",-9.12658811970409,-9.42963546578603,-9.18547444045071,-5.45559532386848
"AAGCCTGTCATCCTAT-2","female","VSMC",11.1540162427837,-2.41520494286733,-3.16695599257473,5.75816505210808
"AAGCGAATCGGTTTCC-2","female","VSMC",11.2925641401226,-3.61770433251576,-2.80907420813565,5.2731053139489
"AAGCGAATCGTTAGTA-2","female","Astrocytes",-3.59214784069714,-2.94742864434438,1.68109627068515,-1.61941511375495
"AAGCGAATCTCACTAT-2","female","Pericytes",8.09445355967823,-13.5157675153466,-4.4048121422482,4.88063209312371
"AAGCGAGGTCCGCTGT-2","female","Endothelial",-0.976531489331093,-16.1092352277489,0.421145394449192,1.84683816688469
"AAGCGAGGTTATCGAG-2","female","OPC",-8.0400607721394,-8.71740096871571,-8.67070011794094,-4.72148210746833
"AAGCGCTGTGCATTTC-2","female","Endothelial",-0.38370260461029,-14.8095125562401,-1.42478196322445,3.43035285728386
"AAGCGGGTCACATTGA-2","female","Endothelial",-0.916992767292824,-16.3867697126122,1.67670269310947,2.22386794345788
"AAGCGGGTCCCGTTGT-2","female","Astrocytes",1.93796943263355,-5.7208532697411,0.138830259447056,0.135170390776906
"AAGCGGGTCCGCAAGC-2","female","Microglia",-1.33235211535152,-4.71506112878041,-2.1719509810162,-0.404333422013011
"AAGCGGGTCTGCAAAC-2","female","OPC",-8.55046202107128,-8.51961845223622,-10.7425165623379,-5.80110628349372
"AAGCGTTTCCAATTAG-2","female","Astrocytes",-1.9859858886784,-0.541715562984513,2.38080807030674,-1.89901168090888
"AAGCGTTTCCTCAGCT-2","female","Oligodendrocytes",6.10947249965015,2.50923424895091,0.218488290910679,10.6835486199181
"AAGCGTTTCCTCCCTC-2","female","IN-CGE",-3.24848128719982,14.1605888002662,0.653300598268467,-8.63942653877326
"AAGCGTTTCGCAACAT-2","female","Microglia",9.76940511302296,12.1485000246315,8.25161261857029,-0.132965752907481
"AAGCGTTTCTAGCTTT-2","female","Astrocytes",1.14368866519276,-4.76563686196523,-2.432136461134,-0.727600405045237
"AAGCTAGAGACCATAC-2","female","Astrocytes",-2.56623460217175,-4.34364408318715,-2.45815424620633,-0.494028279610362
"AAGCTAGAGCTGGCTA-2","female","IN-MGE",-12.3468239442891,3.08673566515727,6.17511744797702,-4.90496999961921
"AAGCTAGAGGAGGTTA-2","female","Oligodendrocytes",3.82105229930225,4.70013767416759,0.210573390130955,11.1192642952721
"AAGCTAGAGTAAGTCC-2","female","Oligodendrocytes",3.90852378444019,-2.65743583504872,0.735455349092442,10.6818987633508
"AAGCTATGTTCTTTAG-2","female","Pericytes",7.63683675364796,-10.9331364042016,-3.95873598753933,5.01160543220452
"AAGCTATGTTGTGATG-2","female","OPC",-8.28252245350536,-9.055331648037,-9.83147053420071,-5.99188739997932
"AAGCTCCCACCTAATG-2","female","Oligodendrocytes",5.60699342326466,2.07448923523707,0.119403794412571,10.710807492904
"AAGCTCCCATACTCCT-2","female","Microglia",-6.36265922947582,-10.3374132520409,-2.02584783732418,-0.180241534538951
"AAGCTCCCATAGCGAG-2","female","IN-MGE",-11.8037407533711,2.98087054426952,6.90135569870945,-5.5170591567237
"AAGCTTGGTGCGCGTA-2","female","IN-CGE",-9.51079393788036,9.6038251512794,1.00156576931949,0.772777935437475
"AAGCTTGGTTGAGGTC-2","female","Microglia",5.62698148326221,-4.27727073495107,0.636517599229771,-3.91082222206184
"AAGGAAGCACTATGGC-2","female","Pericytes",7.65594361857716,-10.9621300107689,-3.70131330191616,4.33232705848626
"AAGGAAGCAGTAGGAT-2","female","VSMC",12.0806748731548,-3.94739049737172,-3.36684875189785,6.24943177955559
"AAGGATCCAATTAGGA-2","female","IN-MGE",-12.1153700487202,3.17764252360149,6.29738755524631,-4.63592512352058
"AAGGATCCAGGGAGCT-2","female","Microglia",8.05752729014698,9.38760429556651,6.83858771622654,1.24536316650322
"AAGGATGTCGCTAGAT-2","female","IN-MGE",-11.3925688402241,1.86248329217715,6.55936951935764,-5.13145429832527
"AAGGATTAGCCAAATC-2","female","IN-CGE",-3.02499510212597,14.224152147129,0.75365503132816,-8.66882831794807
"AAGGATTAGCTCAAAC-2","female","Microglia",11.5086953504497,13.2846179598121,6.74585433304783,0.175598194770131
"AAGGATTAGGCTACAT-2","female","Astrocytes",1.1679425104076,-3.40461963479237,-2.19376532732968,-1.56632549507209
"AAGGATTAGGGTGAAC-2","female","Microglia",-1.92826343937572,-0.485853851482438,2.45553584397312,-2.1542239878852
"AAGGATTAGGTGAAGC-2","female","IN-MGE",-11.3719780580586,0.335107981517745,8.01321406662937,-6.02915031654426
"AAGGCCCTCCCGCCTA-2","female","Microglia",9.84452222422901,12.6175208681373,8.13814540207859,-0.412651846237864
"AAGGCCCTCCTAAGGT-2","female","IN-CGE",-3.27382303639111,14.0168891542701,0.83817811310764,-8.81777984840461
"AAGGCCCTCCTGGCTT-2","female","Oligodendrocytes",4.63350604609791,4.21750527556224,0.379317119722325,11.0468079354089
"AAGGTATAGGAAGCTA-2","female","IN-CGE",-8.34705330296215,13.6755223863868,-0.618987902994197,0.472919752768789
"AAGGTATAGGTCCTAG-2","female","IN-CGE",-8.38185573979076,13.6326404207496,-1.32106970250134,-0.103771993942942
"AAGGTATAGTGAGCGG-2","female","IN-CGE",-12.0244619981831,8.78366714651866,3.37634797394748,-8.61584121925422
"AAGGTATAGTGGACAA-2","female","IN-CGE",-8.38084675236401,10.75596576865,1.11647863686557,-9.29014141304084
"AAGGTCAAGCCACATG-2","female","Oligodendrocytes",-6.0987970964497,-3.14156383340077,0.947437718515355,10.4500042702477
"AAGGTCAAGGCAACAA-2","female","Endothelial",-1.13910414143261,-15.3332266217919,-2.93777899443631,4.94592111366204
"AAGGTCAAGGCATTGT-2","female","Microglia",5.37737535075489,-3.91203635995107,0.686149910097081,-2.97876984817573
"AAGGTGCAGGCATGAA-2","female","Astrocytes",-2.77161361141857,-4.20590585534291,-1.41445897519116,-0.308624813385691
"AAGGTGCAGTTTGAGC-2","female","Pericytes",7.68279336528126,-12.6863674527855,-1.22905959188465,3.74550025718621
"AAGTAGCCATAATTGC-2","female","OPC",-8.7825653688496,-9.01705116097646,-9.62483124434475,-6.20042736274787
"AAGTAGCCATTAGGTT-2","female","Endothelial",-1.08896113796886,-16.2989057904931,-2.79879491030697,3.75253145950249
"AAGTCTATCTCTAGCC-2","female","Astrocytes",-0.319230987269249,-2.0980939275475,-0.557549789543193,1.53426354186944
"AAGTCTATCTTACTCG-2","female","Endothelial",-0.382482676345673,-15.8603319532128,-3.14501290022854,5.18983953254632
"AAGTGAAGTCCTAAGA-2","female","OPC",-7.80440927906689,-8.43765777413564,-9.92007832228665,-5.93422109825202
"AAGTGCAAGCCTTAAA-2","female","Astrocytes",0.66861926154438,-5.50335162942128,-1.59677891432766,-1.22887952072212
"AAGTGTTGTTCCTGAT-2","female","Oligodendrocytes",6.18298028544727,0.667100071266128,0.0239326506900371,10.5017191674035
"AAGTTACGTAACGTGC-2","female","VSMC",10.9129378660137,-2.43399757210927,-3.53376679121975,5.6591989304345
"AAGTTACGTACTGATG-2","female","VSMC",11.1634423597271,-3.69584745232777,-3.93832330405239,5.50973956840447
"AAGTTACGTCTATCGT-2","female","IN-MGE",-12.1347639696186,2.97115701372905,6.32060237229343,-4.79369480354377
"AAGTTACGTGCTCCAC-2","female","Astrocytes",-3.6666727201527,-4.03988021676259,-2.18264560400967,-1.01061124546119
"AAGTTACGTGGTTAGC-2","female","Oligodendrocytes",5.85412810878101,2.54968565638347,-0.0198159068775593,10.1995913292687
"AAGTTACGTTAGGATT-2","female","Astrocytes",1.29569505290333,-4.83518928353505,-0.784964893008512,-0.385905930824961
"AAGTTACGTTCGCGCT-2","female","Microglia",10.276856170457,12.35459858115,7.95260901749607,-0.0582503770072124
"AAGTTAGCAAATACCT-2","female","Astrocytes",1.54387854174915,-5.52648490731435,-1.61599241196637,-0.298710653610911
"AAGTTAGCAACTAGGG-2","female","Microglia",11.4062440259868,13.2659288042335,6.99362416565891,1.05322657334021
"AAGTTAGCAATATACC-2","female","IN-CGE",-11.2320549623555,11.5858626955299,3.43491692841526,-10.4670575354774
"AAGTTAGCACCTGCTC-2","female","Astrocytes",-0.883716596800652,-1.22265571419911,1.11068935692783,-2.06397921783515
"AAGTTAGCAGCAAATA-2","female","Microglia",11.5397384031231,12.1962705248146,8.43344874680515,0.319478144816671
"AAGTTAGCAGCAACCT-2","female","Oligodendrocytes",6.13421796397511,0.555960952594711,-0.354111567134899,9.64125697868279
"AAGTTTGTCAAGCCTG-2","female","EN",-5.03650642796215,5.95566517050548,-3.78406433760647,-6.21103174430915
"AAGTTTGTCACGCGGT-2","female","Oligodendrocytes",2.17662857608143,4.85432320769115,0.747891381387669,10.3392731453698
"AAGTTTGTCACTTCAT-2","female","Microglia",11.4416653974468,11.3982577913551,8.07160373032566,0.0524098183434346
"AAGTTTGTCGCTTGCT-2","female","Astrocytes",2.54390190676991,-4.76764625374989,0.281040862207371,-0.0544695351798198
"AAGTTTGTCGTTACTT-2","female","OPC",-8.13499237461742,-9.32259696786122,-9.28752236067776,-6.33432275993415
"AAGTTTGTCTAACTGA-2","female","Oligodendrocytes",5.15210794047657,3.76319152052684,0.108894422655064,10.6986986901086
"AATAACCGTTAAGTGT-2","female","IN-CGE",-9.13727117939648,11.6562514894752,1.05990667641636,-9.84770424110481
"AATACCGGTAGCTGCG-2","female","Oligodendrocytes",5.30815003947559,3.17886251147075,0.72222717106815,9.83015601890496
"AATACCGGTTGCGGAT-2","female","Oligodendrocytes",5.33625720576588,2.80941420729442,0.204234912996251,9.72023265617302
"AATAGAGGTAGCAGCT-2","female","Astrocytes",-1.76084197922405,-0.264714778110551,2.37996812165256,-1.95676715118476
"AATAGAGGTTGTTGCT-2","female","Oligodendrocytes",6.64471887187305,1.22005119855685,0.484391167764622,11.738075902633
"AATAGCTGTAGGTTGC-2","female","Oligodendrocytes",4.94820331172291,3.96476679976268,-0.276996836061519,10.8119065071862
"AATAGCTGTTGGTTAG-2","female","Microglia",9.68211530284229,12.1620736711769,-0.566322699184459,2.24485759990624
"AATATCCCAATGCGCT-2","female","Microglia",5.39884160594288,-3.76595586602406,0.464038208131749,-3.40644485694953
"AATATCCCAGCCTGCA-2","female","Microglia",5.71002410487476,-3.89522355858998,0.639766290788609,-3.22774774772712
"AATCAGGAGCTCCCTG-2","female","IN-CGE",-9.1267569200581,12.3252778642921,1.0537627488422,3.30763571517876
"AATCAGGAGTACTGGT-2","female","IN-MGE",-11.2030623094624,2.04591923888011,6.25212378800388,-5.55762893898078
"AATCATGTCTGCAAAC-2","female","IN-MGE",-11.8957760469502,2.87262719805522,-0.598804533476871,3.533672979049
"AATCATGTCTTGAGGT-2","female","Oligodendrocytes",5.24441932277027,3.60191637213512,-0.161409720773738,11.1792418267053
"AATCCATCAAAGCGGC-2","female","Oligodendrocytes",6.1314389570171,0.976299523666335,-0.0351937264156758,11.0098854805749
"AATCCATCAGCAGGTA-2","female","Astrocytes",2.22813652591053,-5.22048419778066,-1.68365554511074,-1.07459027511665
"AATCCATCATAGCAGG-2","female","IN-CGE",-5.13514877720531,-2.94938081567006,-0.693549692626041,3.24251048820427
"AATCCATCATTAAGCT-2","female","Astrocytes",1.65401910380665,-4.09153074090199,-1.37073878943447,-0.463962862320628
"AATCCCTGTAAGCTTG-2","female","VSMC",11.2974469526226,-2.71524232690053,-3.54390434920315,5.68730848091057
"AATCCGTAGCAATAGG-2","female","Microglia",9.97441552714649,12.1839042299537,6.72059197724338,-0.0410509799201152
"AATCCGTAGCACTTGG-2","female","Microglia",9.11395906047169,11.5300193422584,7.23491092026706,-0.290361592598643
"AATCCGTAGCGCATTG-2","female","IN-CGE",-2.30184747143444,13.9563136690406,0.55308552086826,-8.58672077400276
"AATCCTAAGATTGAGG-2","female","Astrocytes",-1.28809495135006,-1.02712410752492,1.179879620676,-1.90775806648323
"AATCCTAAGCGCTCAA-2","female","Oligodendrocytes",4.68901132182423,4.1804602735786,0.921309784059483,9.30384891288689
"AATCCTAAGTCAATTG-2","female","RG",-1.94804002209362,-0.26453191106038,-2.75197057425503,1.98571925418786
"AATCGCCCAAACAACA-2","female","Astrocytes",0.516022549431953,-2.55338043038564,-0.909006968135875,-1.0446150992591
"AATCGCCCAAGGTCGA-2","female","Microglia",8.43643544749561,9.14386326010509,7.0180086642551,1.69399230735711
"AATCGCCCAATAGCAA-2","female","Oligodendrocytes",3.68314145640675,4.58438950712962,0.910304859285313,11.5091959740441
"AATCGCCCATTGCGAC-2","female","EN",-5.76801611347851,6.62891775305553,1.54394836724277,2.8639804627221
"AATCTCAAGAATGACG-2","female","VSMC",10.9748322828228,-3.57118552987294,-3.51395492255215,5.61275594489983
"AATCTCAAGAGGAGGA-2","female","Astrocytes",-3.47319628163036,-3.33276695077138,-0.277907535429042,2.8779808785241
"AATCTCAAGCACAGAA-2","female","Astrocytes",1.75142859057728,-5.63047260110097,-1.81079618632321,-0.333507606812205
"AATCTCAAGGTACCGC-2","female","Oligodendrocytes",2.28700040416065,4.90480667288585,0.341113284234959,11.1651760842126
"AATCTCAAGTTCCTCA-2","female","VSMC",11.5346000059063,-2.91783422295766,-3.66691307723049,6.28228395240716
"AATCTTGAGACAAAGT-2","female","Oligodendrocytes",4.06084130839649,4.59485942061229,0.396757796411473,11.1766173149865
"AATCTTGAGCGCATTG-2","female","Endothelial",-1.24351025982555,-15.81567901437,-3.02215580641751,3.91467588203362
"AATGAAGGTTAGGATT-2","female","Pericytes",7.95989869670216,-11.8389667875023,-3.91359619795803,4.92917220848015
"AATGAAGGTTTACTTG-2","female","Microglia",7.68123601512257,10.6119886034278,0.743082001810032,-0.221257755585398
"AATGCAACACGTGCTG-2","female","Oligodendrocytes",6.23311589793507,1.8067082756309,0.0393393784808697,10.5374142433923
"AATGCAACAGGCGATA-2","female","Microglia",-6.2284300462788,-10.5256294614525,0.552658870820958,-3.86625511390754
"AATGCAACAGTTTGTG-2","female","EN",-5.68025185032543,6.55980735953136,1.39711160958286,3.05739276664666
"AATGCAACATTGTCAG-2","female","EN",-4.65449119969067,4.92662745650096,-3.61279182135586,-6.46949178916999
"AATGCATGTGCCGCAA-2","female","OPC",-9.45997454090771,-8.85793918435292,-9.52863983809475,-6.08958322746345
"AATGCATGTTATAGCG-2","female","Microglia",10.444077239793,12.964558183506,8.30502887070652,-0.756181070633616
"AATGCGCGTACGATTG-2","female","Microglia",4.14980672435108,-4.30854982201772,0.401898935441929,-3.4815800879676
"AATGCGCGTGCACGCA-2","female","EN",-5.57051874561962,-3.04268592660146,6.36522193253513,-4.65052015525886
"AATGGCGCATCATGGC-2","female","Astrocytes",2.51298807696644,-2.89674133126454,-2.10221366583828,-1.32218987686225
"AATGTCCAGAGGGACT-2","female","Astrocytes",2.98964189128223,-3.9455847150536,-1.48697911202435,-2.34383756858894
"AATGTCCAGTAACCCG-2","female","VSMC",11.4806840284282,-2.81364196603017,-3.26504091917996,5.4944040085595
"AATGTCCAGTATTGCA-2","female","Microglia",8.67822335795704,9.19241100485606,6.57689185441013,2.06599812763146
"AATGTCCAGTTGCCTC-2","female","Oligodendrocytes",2.33594940738026,4.83297234709544,0.865609720354039,10.0894104744714
"AATTACCCAAACTAAG-2","female","EN",-5.46637607975658,6.57495886023326,2.00698919594761,-1.2449541781623
"AATTACCCAATATACC-2","female","Astrocytes",2.30601237849537,-4.89783567254262,-1.71653209626202,-0.134207675286021
"AATTACCCAGCCAGTT-2","female","Microglia",10.9941165311748,10.8202596300392,8.18726058304783,0.0324959065239766
"AATTACCCAGGTATTT-2","female","Astrocytes",-1.34735007448849,-1.77025955979543,1.21645803750034,-1.56564171058723
"AATTAGCGTTCGCTTG-2","female","IN-CGE",-7.84946276112255,10.6721082323341,1.26309247315403,-9.30985576850959
"AATTAGCGTTTGTCTA-2","female","VSMC",11.3534123762066,-2.71398299996571,-3.49234084784512,6.05315606849602
"AATTAGGCAAACGCGA-2","female","Astrocytes",-2.48020125790295,-4.44152301614003,-2.17323665320401,-0.872375676460948
"AATTAGGCAACCTAAT-2","female","OPC",-9.57736612721142,-9.23187965218739,-9.73620991408352,-6.33571798545906
"AATTCGTCAACGTGCT-2","female","IN-CGE",-10.2794573442524,12.1637883775978,1.44328708947178,-9.99895126564094
"AATTCGTCACCAGCAT-2","female","Oligodendrocytes",6.48343967036549,0.903125821903182,0.028833821420628,10.9552571083825
"AATTCGTCACGAATCC-2","female","Microglia",11.9155461652691,12.5822015398292,7.35268111527439,0.964258939237183
"AATTCGTCATCGCTCC-2","female","Astrocytes",-1.27479274435696,-0.965761125728654,1.03278811276432,-1.73432404739448
"AATTGACGTAAATTGC-2","female","IN-CGE",-10.0031654970234,12.1254487627296,1.43198080361362,-10.0669778083045
"AATTGACGTGGAAACG-2","female","VSMC",10.9511411054546,-2.52294343774037,-3.58854393660549,5.68489663856438
"AATTGACGTTAGCGTA-2","female","EN",-7.36375690861401,6.68531757529063,1.30909676850315,2.78069179313592
"AATTGACGTTGAAGCC-2","female","IN-MGE",-13.3235666887349,2.07936805422588,5.49392361939426,-5.45514232856819
"AATTGCCAGCGCTAAT-2","female","Microglia",11.4261462552959,13.270424424961,7.18074031174656,-0.362106511421885
"AATTGGACACCGGCTA-2","female","Oligodendrocytes",6.06583617762867,1.92459472949786,0.0375620871829571,10.8651053215783
"AATTGGACAGTAGGAT-2","female","Microglia",11.0657060010845,13.1078487032203,7.86411090195652,0.643158843688283
"AATTGGACATTAAGCT-2","female","Astrocytes",-6.16475225849804,6.7534685724525,1.24503870308872,2.30627780216149
"AATTGGGAGCAACAAG-2","female","IN-CGE",-7.22272039814648,6.95700508292003,-0.436385884876293,3.11329953926018
"AATTGTGTCATGCTCC-2","female","IN-CGE",-9.23937727375683,12.3456817262916,1.12482304871555,-9.67991096717903
"AATTGTGTCGCACACA-2","female","Oligodendrocytes",5.54465936259571,3.19019681151195,0.534173205499607,10.2222592140954
"AATTGTGTCGGTTTCC-2","female","Microglia",9.76783155040089,11.9968047731666,7.1880149394321,0.343518068961416
"AATTGTGTCTTGCAGG-2","female","Oligodendrocytes",5.77510379390064,2.33245444233699,0.818047598009068,10.4302212502282
"AATTTCCTCCCGTTGT-2","female","Astrocytes",1.50276254252735,-5.74386113946156,-2.38749925791745,-1.51411516410896
"AATTTCCTCCTCATGC-2","female","OPC",-7.76471496983227,-6.99261230294423,-9.65607361495022,-5.2903712485511
"AATTTGGTCACAGCCA-2","female","Endothelial",-1.22007383270916,-15.6919512159081,-2.98836617171292,3.80342047470025
"AATTTGGTCAGGTTTA-2","female","Astrocytes",-2.22793961926159,-0.579302013561295,2.18086667359348,-1.65849120361396
"AATTTGGTCCCTCGCA-2","female","Microglia",11.8173892362529,13.0621829622535,6.89421935379978,-0.161690542526927
"AATTTGGTCTTGCAGG-2","female","Microglia",8.45466588572804,9.16939693625255,7.10232253373142,1.75260906474999
"ACAAACTGTACTGATG-2","female","Microglia",11.5878341062481,13.281410753086,7.49540705979343,0.38227694290093
"ACAAACTGTATTACCC-2","female","Pericytes",7.83237527446095,-11.444099844143,-4.0897303074551,5.17252128379754
"ACAAACTGTTGCGGAT-2","female","EN",-4.98383976383862,6.02710014517589,-3.92588905989651,-6.61280948860237
"ACAACAACACAGACTC-2","female","Oligodendrocytes",5.88727258281055,1.65756356652064,-0.0565411895466267,10.5386053826135
"ACAACAACATGTTGCA-2","female","EN",-5.82244659825024,6.45504242117686,0.299231365327793,3.06585185783318
"ACAACACTCAGGCTAT-2","female","EN",-4.69714905186352,5.27552848990245,-3.81891493498806,-6.58217985374519
"ACAACACTCATGCTTT-2","female","Astrocytes",-0.87630398436245,-1.58264774148183,1.30359597504612,-1.64298708183357
"ACAACAGAGACTAAGG-2","female","Astrocytes",0.926410780709419,-3.90088313882069,-0.858997985715908,-2.58437211258003
"ACAACAGAGAGAGCCG-2","female","EN",-5.0448534624165,5.41364508803172,-0.764046996827167,1.84834711807183
"ACAACAGAGCGGTTAT-2","female","Astrocytes",1.534445510667,-5.66448682610707,0.17972822487827,0.137954940966878
"ACAACAGAGGAGGTTA-2","female","Microglia",8.81162427501026,12.1463008516578,6.43493266404148,0.887237435154233
"ACAACAGAGTCATGCG-2","female","EN",-5.19945360584911,6.2628188722877,1.1503865271854,2.91340248840264
"ACAACAGAGTTTGTCT-2","female","Oligodendrocytes",3.92912028865162,4.56859809096141,-0.514027729625744,10.9459130074303
"ACAACATGTAGTAAGA-2","female","Astrocytes",-0.75005207820591,-1.36219638650136,0.090025261049229,-1.24538070900032
"ACAACATGTCCGTAGG-2","female","IN-CGE",-11.3535797731465,11.5154348009376,3.06540770829197,-10.0383380149085
"ACACAATGTAGGTTAT-2","female","Astrocytes",2.43372415141407,-3.85908693139272,-2.50504033267025,-1.17378003341743
"ACACCTTGTAGTTAAC-2","female","Microglia",6.73360704020802,10.0677180879859,7.72394843399997,-0.455513784714427
"ACACGGACAAAGCGGC-2","female","Microglia",11.2392623289043,11.6125112169532,8.57150454819675,-0.496989319153514
"ACACGGACACCCACCT-2","female","OPC",-9.30946375294384,-9.04526084725575,-9.27369885146145,-6.05057508689949
"ACACTAATCCTAAGGT-2","female","VSMC",11.8114869459087,-4.19177478615956,-3.39221410452847,6.43173806922844
"ACACTAGGTAGGTTAT-2","female","Pericytes",7.74044869975391,-13.3723673230858,-4.08687953650479,4.74222367065362
"ACACTAGGTGGACATC-2","female","OPC",-9.3925097124165,-8.54887145821767,-10.5984755009365,-5.4786995146949
"ACACTTGCACAAAGCG-2","female","Astrocytes",-2.36747278137859,-4.53808254067616,0.987011983995396,0.649855961970601
"ACACTTGCAGCATGTC-2","female","Astrocytes",1.16688226298634,-5.36068672005849,-0.972790494556469,-0.965577671356883
"ACACTTGCATACTCCT-2","female","EN",-6.33611370487865,6.80364471609874,-0.481729552145046,3.22325747268609
"ACACTTGCATTGTGAT-2","female","Microglia",11.0316369398052,12.4388919466285,0.735934689645726,3.50095718162468
"ACAGCCGGTAGGATCC-2","female","Microglia",11.420525298875,10.7178035372047,7.54460425675388,0.112624933890615
"ACAGCCGGTTAGACCA-2","female","Astrocytes",-1.59865011139568,-1.27654331986623,1.47118778527256,-1.47640473587104
"ACAGCGCTCATGCATA-2","female","Endothelial",0.103589700024757,-14.6066717511864,-2.51708738505368,3.40101115959099
"ACAGCGCTCATTTGCT-2","female","Astrocytes",-0.466017975050774,-5.02438348595815,0.0885157734202923,1.16484754341057
"ACAGCGCTCTGTTGCC-2","female","Microglia",3.43806623057667,4.73395425017161,1.03192277253147,10.8524748589318
"ACAGCGCTCTTGCTAT-2","female","Astrocytes",1.85840772227589,-3.46228069131093,-1.21716536581044,-1.43208963615486
"ACAGGAATCATAGCCG-2","female","Microglia",7.4778630598003,11.24557930167,7.36122985184665,0.592265834979329
"ACAGGATCAACCCTCC-2","female","OPC",-9.5609667436665,-8.72372955147939,-9.88529400527005,-5.20612413627693
"ACAGGATCAAGGTAAC-2","female","VSMC",11.5326945646221,-2.48371166054921,-3.40490727126126,5.95106809394768
"ACAGGATCACCTATAG-2","female","EN",-4.68933416767773,5.38949948485179,-3.88056282698635,-6.50616628868171
"ACAGGATCACTTCACT-2","female","IN-CGE",-9.33964086933788,12.1332069032936,0.0660658031749309,3.04405086296013
"ACAGGATCAGCTAACC-2","female","Oligodendrocytes",6.27489970759693,2.57277148897929,1.17715163529392,9.28608863609246
"ACAGGATCAGCTCATA-2","female","Astrocytes",-1.03710175915417,-1.07009285752492,1.34040637314792,-2.08096749527046
"ACAGGATCATGCTTAG-2","female","Astrocytes",-3.36564613743481,-4.02420276467519,-2.08693020045285,-0.347328135796275
"ACAGGCTGTTAAATGC-2","female","Oligodendrocytes",5.30796311930958,3.35093527968211,0.655150607233006,10.5842530037682
"ACAGGCTGTTTCCTCC-2","female","OPC",-9.3440888063496,-8.13129848305898,-9.49571423232083,-5.02247555000373
"ACAGGTAAGTACCGCA-2","female","Astrocytes",10.7110154493267,-2.25943011109548,-3.34283261000637,6.14584701316765
"ACAGGTAAGTGAGCGG-2","female","OPC",-6.32527710362133,6.43627983267589,0.88922460377689,2.06004541175774
"ACAGTATGTAAAGCGG-2","female","Microglia",6.78088925914112,9.92635399039073,5.07669015229221,0.567842205933843
"ACAGTATGTCATTAGG-2","female","Pericytes",7.73924325541798,-11.0527881986351,-3.94223932921414,4.87167852180413
"ACAGTATGTTGGCGTG-2","female","VSMC",11.1368853910381,-2.70105069939809,-3.58312849699978,6.17334478156975
"ACAGTATGTTTACGTC-2","female","VSMC",11.9632975919658,-2.97978824441152,-3.25498752295498,5.84201448219231
"ACATAGCTCCTCAGCT-2","female","Astrocytes",0.480970488351021,-4.77502483193593,0.46415729821201,1.5734559203904
"ACATAGCTCGCTTCTA-2","female","Astrocytes",2.50943373278919,-3.57841056649403,-1.23815037309651,-0.0874540303427837
"ACATAGCTCTCACAAA-2","female","Astrocytes",-6.43943239613232,6.82740360434337,2.26471967995639,-1.46456701500007
"ACATCATCACTCGCTC-2","female","Astrocytes",1.98724125460926,-5.24808734719472,0.644074991350132,0.277905275992666
"ACATCATCAGGACACA-2","female","Astrocytes",0.660943733018074,-5.07244581048207,-2.23375742136959,-0.404675433464732
"ACATCATCATTAAACC-2","female","Microglia",12.0826194150859,12.9008231752662,8.56877894700046,-0.527259538002696
"ACATTAGTCCAAGTTA-2","female","IN-MGE",-14.5381109849995,1.06644862826152,0.486770465974766,1.544071188144
"ACATTAGTCGGTTACG-2","female","IN-CGE",-10.921494735915,9.98343044455333,0.668178036813694,3.53343265312127
"ACATTGCAGCTTAGTA-2","female","Microglia",11.5509621961528,11.9494310014991,7.16976161301609,3.04707997100762
"ACATTGCAGGCGCTTA-2","female","OPC",-9.66002203388866,-8.37542861764149,-10.1786537617398,-6.46129829628059
"ACATTGCAGGCTGTGC-2","female","Astrocytes",2.5559732778484,-4.00099366967397,-0.218469783659023,-0.843718359299388
"ACCAAACTCGAGCTAT-2","female","Oligodendrocytes",3.30723022059742,4.74773365195079,0.358332231645543,9.5164086128991
"ACCAAACTCGCTAAAC-2","female","Microglia",11.1403605802471,12.099510728672,8.30031771958347,-0.0740353558737895
"ACCAAACTCTTGAGGT-2","female","Oligodendrocytes",5.60903714732471,1.21411102946086,0.413809254770237,10.0871340538781
"ACCAAGCGTCAGGCCA-2","female","Astrocytes",0.185986743729744,-5.10545438592152,-2.321545287962,-0.460559437103953
"ACCAAGCGTTGGGTTA-2","female","Pericytes",8.16524957255665,-12.9828543073388,-3.95766453444485,4.613830974273
"ACCAATATCATAAGCC-2","female","Astrocytes",-1.16717685623821,-1.26207608048634,1.84950204194065,-1.00063414318153
"ACCAATATCATTGTTC-2","female","Astrocytes",1.54688428477589,-4.77221912209706,-2.21472828089718,-1.04039151413032
"ACCAATATCGCTAGAT-2","female","Microglia",10.7044484479839,12.4006200426368,8.3224725276279,-0.0957629178244731
"ACCAATATCTACCTGC-2","female","Astrocytes",0.567058668893013,-3.16748756234364,-2.08707480132107,-0.894945809670176
"ACCAATATCTTGTCTG-2","female","Astrocytes",2.34309600428883,-5.08261102502065,0.0840875059413494,0.450101366214071
"ACCACACCAAATTCGT-2","female","Oligodendrocytes",5.77238248423878,1.81655916507526,0.306204870347935,11.5551993157189
"ACCACACCACACTAAT-2","female","Astrocytes",-11.2419865266865,11.4275308244972,0.237059310083348,1.6311644222062
"ACCACACCACTTAGGC-2","female","Astrocytes",-1.48172850771603,-0.57545298402028,1.1229766160297,-1.59567291481086
"ACCACACCACTTCATC-2","female","Endothelial",-1.114584638316,-15.7599710828515,-3.06375984847073,3.59268396156243
"ACCACACCATCCATCT-2","female","Endothelial",-0.0351730422562026,-14.4742254621239,1.01799507439609,1.18032908993176
"ACCAGCTCATCAGTAT-2","female","OPC",-7.91096807881054,-9.22734683816151,-9.75881771742825,-5.42446167213508
"ACCAGGACAAAGGCCA-2","female","IN-MGE",-11.1739561693257,2.16566264565272,6.59632249176975,-5.57092458946296
"ACCAGGACAACCCTCC-2","female","Endothelial",-0.59848069264349,-15.5649084455224,-2.75386898219113,4.69731300132683
"ACCAGGACAATTGACT-2","female","Microglia",-6.71249939366039,-9.60640376870351,-8.63025526701931,-6.14661676628181
"ACCAGGACAGGTTATT-2","female","IN-CGE",-9.15779997273144,12.4718452089576,1.19173665345188,-9.87322075111457
"ACCAGGCTCACAAGCT-2","female","OPC",-9.2662775651997,-8.71350902383046,-9.54112820326809,-6.08385545951911
"ACCAGGCTCCGGCTAA-2","female","Pericytes",7.63956330851856,-10.9892572766991,-3.47402624785427,4.53829520004204
"ACCAGGCTCCTGATTT-2","female","Oligodendrocytes",5.70349763469044,3.21870201762004,1.17409534752842,9.18347614067009
"ACCAGGCTCGATTTGA-2","female","OPC",-8.5672562257832,-9.19749873940663,-9.93724636733059,-5.78025181037971
"ACCAGGCTCTAGCGTG-2","female","Microglia",11.1066472394878,11.9212756746559,7.48224349320408,1.2821057643216
"ACCAGGGAGCCTGATG-2","female","OPC",-9.0729296342915,-9.4138750440331,-10.0881834477139,-5.57488043052741
"ACCAGGGAGTAAGGGC-2","female","VSMC",11.8734576566631,-3.49293798272328,-3.33686618506436,6.24246423499993
"ACCAGGGAGTCTATGA-2","female","Astrocytes",0.0153211219722367,-3.10627359215932,-2.45352284609799,-1.80815989715644
"ACCAGGGAGTTACTTC-2","female","Astrocytes",-0.914754434067574,-1.2349027997704,1.2527396231937,-0.437784621544566
"ACCATAATCATCCACC-2","female","Microglia",-0.692021964628067,-4.3805703527184,-2.53216926753048,-0.837318847008433
"ACCATTAAGGACGTAA-2","female","OPC",-9.26648546620068,-8.93718093697743,-9.26630978285794,-6.11065609199592
"ACCCAACCATACCCGG-2","female","Oligodendrocytes",2.35214947299305,4.93224888975902,0.909633353357273,9.83451717155388
"ACCCAGGGTCAAACTG-2","female","OPC",-9.35316301747021,-9.61408180062489,-10.5231008976651,-5.75019104225227
"ACCCAGGGTCAATACG-2","female","Astrocytes",-4.03173424168285,-3.87112230126576,-1.37139992415432,0.555034389666829
"ACCCGCTGTTCTTTAG-2","female","Microglia",11.5795667035991,12.3713431947975,7.23451991379734,0.932562826148782
"ACCCGGTAGGAAGTAT-2","female","IN-CGE",-9.35643793507275,10.2195077532081,1.9819352179813,-9.23698646766731
"ACCCGGTAGGATGATG-2","female","Astrocytes",-6.39473225041088,-11.029302061245,-8.18940310179715,-5.21316034538337
"ACCCGGTAGGTTTGCG-2","female","Microglia",7.41162608699146,9.80120521719737,2.68888492882724,-2.28376657707283
"ACCCTCCCAACAGGTG-2","female","Astrocytes",-2.59014774723705,-4.42217201058583,-2.41851727663998,-0.87332780105659
"ACCCTCCCACCGGTAT-2","female","Endothelial",0.728433237832222,-14.725705564663,-3.28842906653408,4.36906044738701
"ACCCTGTTCAATGACC-2","female","Microglia",7.89420007304493,10.8660302751808,-0.262026652689022,-0.111763069458689
"ACCCTGTTCATGCTAA-2","female","Oligodendrocytes",5.08028911189381,3.89247637923045,-0.0255299061489521,10.6847903038781
"ACCCTGTTCCAATAGC-2","female","OPC",-9.11586023731884,-8.67814773385243,-9.13500599562649,-5.03493482811042
"ACCGAAGCACAGGAAT-2","female","VSMC",10.9461409910137,-3.19946330849843,-3.49561934172634,5.2514898087304
"ACCGAAGCACCAGGTT-2","female","Microglia",8.72640107707325,12.059134065464,6.31593461335178,0.3401333596032
"ACCGAAGCATCCATCT-2","female","Microglia",8.06478379802052,11.5880323045997,7.96731658280368,-0.158686587639537
"ACCGGCTAGAGGATAT-2","female","Endothelial",-0.135243071753349,-15.5222391492577,-0.954616203899425,1.96943216579369
"ACCGGCTAGCTTCTCA-2","female","Astrocytes",-1.96692086620983,-0.957652748271989,1.26316685975071,-1.3624497149665
"ACCGGCTAGTAACCCG-2","female","Astrocytes",1.25551901892963,-4.41674465005116,-1.57412318884854,-0.163289019890513
"ACCGGCTAGTAACGAG-2","female","Astrocytes",0.650966273110542,-5.15280145470815,-2.40389399230008,-0.920848319359507
"ACCGGTTCAATATGGA-2","female","EN",-5.22160507603344,6.34278160269542,-3.69560818373684,-6.65501768333503
"ACCGGTTCATAAGTCT-2","female","Astrocytes",1.57345746592823,-5.41014760796742,-2.58138982951168,-0.697404095955577
"ACCGGTTCATCGTTCT-2","female","IN-CGE",-11.9058373109883,8.80835920508189,3.23250384629245,-9.09992248756477
"ACCGGTTCATTAAGTC-2","female","Astrocytes",-3.77280594273266,-3.20068353478627,0.538576439027745,-1.40750367385932
"ACCTAAATCATTGCGG-2","female","Oligodendrocytes",3.02009318904224,4.76500350172801,0.483290746812779,10.384973218612
"ACCTAAATCCTAGTTT-2","female","Microglia",5.31225370005909,-4.16916745965199,0.545433834199864,-3.90272648078987
"ACCTAAATCCTTCTAG-2","female","IN-CGE",-10.2832768098896,9.59928375418468,1.32268257439609,2.16345529811791
"ACCTACCTCAACAAGG-2","female","Astrocytes",-3.057919515807,-1.76753753487782,1.22958512604709,-1.7641454432685
"ACCTACCTCCTGAATA-2","female","Astrocytes",1.92460034922901,-4.42076104943471,-1.23749481141095,-0.461034009285655
"ACCTACCTCCTTGTTG-2","female","Astrocytes",-6.35974956913647,-11.0827974683495,-0.688378408546489,-0.539992282219615
"ACCTCACTCCTTGTTG-2","female","IN-CGE",-11.4664528505391,11.5191188448219,3.48068042099949,-10.3666136954505
"ACCTCACTCTTGAGGT-2","female","Oligodendrocytes",5.48159097270313,1.56210193718953,0.565604045991856,10.1116129662316
"ACCTGGATCATGCATA-2","female","Microglia",8.04636643962208,9.61933189566417,0.307542994623143,-0.18071145755836
"ACCTGGATCATGCTAA-2","female","OPC",-7.16784788532909,-6.14849895302968,-10.5099630802823,-6.02322180015632
"ACCTGGATCCAACTGG-2","female","OPC",-8.30687214298901,-9.20557826821523,-9.96909050642971,-6.19232971412727
"ACCTGGATCGGTTACG-2","female","Pericytes",8.1781918867046,-13.2619594938012,-2.99692110716824,4.93960707443169
"ACCTGGATCGTTACAA-2","female","EN",-4.93174435063061,6.08131080801768,-0.0718510597896992,1.97375898616723
"ACCTGGTCACCTGGTG-2","female","Oligodendrocytes",6.30156253413502,2.55499857600017,0.302157714967686,11.0456959511559
"ACCTGGTCATGGCCCA-2","female","EN",-5.32773376866039,6.09059005911632,-0.219614908094448,2.81581669109276
"ACCTGTTGTTTGGTTC-2","female","Microglia",12.0298745496685,11.8692412966041,7.0900940448093,3.15866797225884
"ACCTTCATCGCTAGCA-2","female","IN-CGE",-11.6476338045185,9.2315221422462,-0.579282745714229,1.69546621101311
"ACCTTCATCTTTAAGG-2","female","IN-MGE",-11.6518709795063,2.42287921841426,6.36665768921848,-4.8973892424781
"ACCTTCCAGACAGGCG-2","female","OPC",-6.40391374989208,-11.0185226804467,-9.08459000288967,-4.90982801658699
"ACCTTCCAGCTGGAAA-2","female","Microglia",4.9692427976543,-4.02167743508534,-0.543707415456813,-3.66348392707893
"ACCTTCCAGCTGTACG-2","female","Oligodendrocytes",5.68916295604054,1.56715677614493,0.0602469593333782,10.4085785652917
"ACCTTCCAGTTATGTG-2","female","IN-CGE",-10.4047043459004,9.56234222586436,3.1289488822269,-9.46922237617561
"ACCTTCCAGTTGGGCC-2","female","OPC",-9.17448259754833,-8.99897426430898,-9.80899338423733,-5.11510832054206
"ACCTTGCTCATTGTTC-2","female","VSMC",12.0876004560405,-4.0052041417809,-3.34296421706204,5.84654586570672
"ACCTTGCTCTGTAATG-2","female","OPC",-9.43235899372753,-8.88526576821523,-9.1552353352261,-5.26686508400032
"ACCTTGTGTTGCCTCA-2","female","IN-CGE",-11.3691437379902,9.9047399156837,3.386497929697,-9.11660415870735
"ACCTTGTGTTGTTCAC-2","female","Oligodendrocytes",6.40199016169849,1.06813096936031,0.0479081422137798,9.97105567710808
"ACGAACAAGCGCATTG-2","female","OPC",-7.07226635380444,-6.014391363308,1.38239522278782,2.84273319499901
"ACGAACAAGGACAATG-2","female","Oligodendrocytes",2.52520869807545,4.82798463042064,0.140036717061955,11.381500890426
"ACGAACAAGGATTGCT-2","female","Astrocytes",2.23532889918629,-4.47873300378041,-1.15551902353291,-1.47375924331733
"ACGAAGTCAACTCGCG-2","female","Endothelial",-0.523411172020998,-16.2995504743309,0.526277020578343,-3.31585151893684
"ACGAAGTCACCTGTAA-2","female","OPC",-9.15491224690136,-8.33105987374501,-8.93884186446194,-4.84360439521858
"ACGAAGTCAGTACCGT-2","female","EN",-5.08860088749584,5.59744793112559,-3.46573452651028,-6.39462692482063
"ACGAATCTCAGAAACG-2","female","Oligodendrocytes",6.08667348460499,2.55912548239513,1.01752562821384,8.99217002647332
"ACGACAAAGCCAGTAT-2","female","IN-MGE",-12.4863922731465,2.9222062223701,6.02795262635227,-4.85280782920906
"ACGACAAAGGTGCTGC-2","female","Microglia",8.58507608012501,9.18049722845836,7.11973853409763,1.93869834201745
"ACGACAAAGTCACTAA-2","female","Oligodendrocytes",6.00629304484669,0.681129216506912,0.870450809602696,9.48331992881707
"ACGACAAAGTGAGAGC-2","female","Astrocytes",-2.56166793270763,-1.90461009804921,1.96609301865574,-1.44728619796821
"ACGACAAAGTTTCCTG-2","female","Microglia",8.03890679911915,9.76512867148204,6.34432645142551,2.34864931362084
"ACGACTTAGCGCTCAA-2","female","IN-MGE",-12.0445397035664,3.07135456736369,6.29862685502048,-5.03031522972175
"ACGACTTAGCTCCTAC-2","female","Pericytes",7.68341516093555,-13.2782539731713,-4.0713296383572,4.91631572502068
"ACGAGTAAGACTAAGG-2","female","Pericytes",8.38489602641407,-13.5679087049218,-4.43787960707669,4.85075562255791
"ACGAGTAAGGGCCATC-2","female","Pericytes",7.6936776502544,-13.5596660978051,-4.44981984793667,4.70423786895684
"ACGATTCAGCTGCACA-2","female","Microglia",11.8909585340435,13.260381280735,8.29311366379734,-0.723841736145701
"ACGATTCAGGCTACAT-2","female","Astrocytes",-2.76614023609814,-4.25160926644521,-0.109371110792202,0.381325533561025
"ACGCAAGCAAACCTTG-2","female","Pericytes",7.79582856730763,-13.4094261533471,-3.8179562538815,4.76460712211541
"ACGCAAGCACGAATCC-2","female","Astrocytes",4.52722953395191,-4.27653592889027,-1.70187167822842,-2.20149094802925
"ACGCAAGCATCGCTTT-2","female","Endothelial",-1.03802569075283,-16.0364088422509,-1.83917866646771,-3.05499822837898
"ACGCACGGTATTCGTC-2","female","Astrocytes",1.42599319056812,-5.44768375222402,-2.33953444659237,-1.41882664901802
"ACGCACGGTCATTAGG-2","female","Astrocytes",0.129386649888191,-5.13316243951039,1.13598175347324,2.517390897445
"ACGCCACAGAAAGGAA-2","female","OPC",-6.62147547169384,-5.47316068474965,-10.3225145786953,-6.50029022438117
"ACGCCACAGGTGAAGC-2","female","Astrocytes",-0.48613181249034,-4.80292886559682,0.0721084028529705,1.26914053218773
"ACGCCTAAGTATTGCA-2","female","EN",-5.92864061756786,6.11490589316173,1.23662467301365,2.94312434451989
"ACGCCTTTCAAATCGC-2","female","VSMC",10.7794358594829,-2.71778529946523,-3.72418837248806,6.08931176917962
"ACGCCTTTCCTAATAG-2","female","Endothelial",-0.355679704386558,-14.0746721631737,-2.71721546351437,3.51300280349663
"ACGCCTTTCGGCTATG-2","female","Microglia",11.9325177534038,12.7684980028419,7.56620879471775,-0.204258272476878
"ACGCCTTTCGTTCACC-2","female","Astrocytes",1.83990262584034,-5.86720365349965,-1.45854936539654,-0.746633479424205
"ACGCTTGAGGGTTATC-2","female","Endothelial",-0.550098991531696,-16.3577093488427,-3.14318518340115,4.12987249153069
"ACGCTTGAGTTAGGCT-2","female","Pericytes",7.79717706279102,-13.0257429486962,-4.00391416251187,4.41103999870232
"ACGCTTGAGTTATTCC-2","female","Oligodendrocytes",5.92769168452564,2.82306128676219,0.0995279699611248,10.7426468636315
"ACGGTACGTTATCGAG-2","female","Microglia",11.635369048875,13.11156707938,6.32454247773166,0.171988418273244
"ACGGTTAGTCATCATC-2","female","VSMC",11.1698262556011,-2.66486448113637,-3.73346619307522,5.78129499214104
"ACGGTTTAGAACCTGT-2","female","Oligodendrocytes",6.6499674184734,1.33562552864833,0.682452395563084,11.4212633873742
"ACGGTTTAGGACCTCA-2","female","Astrocytes",1.75875185565296,-5.74997609917836,0.595755651597935,0.193545808963094
"ACGGTTTAGGACTTAC-2","female","Endothelial",-0.972934438425865,-15.8385519391747,-2.98659424483303,3.46614520805291
"ACGGTTTAGTAACTCA-2","female","Oligodendrocytes",3.0511748655254,4.94632917578502,-0.0918930619907795,9.86318271415642
"ACGTACCCACCCACCT-2","female","EN",-4.76012541218456,5.03542381460948,-4.06361775099758,-6.4661296103675
"ACGTACCCATGAGCAG-2","female","OPC",-9.35335089131054,-9.27635234658437,-10.1825018376065,-6.2308648322303
"ACGTCAAGTTGCTGGG-2","female","Microglia",10.691916213792,12.5676799410133,7.4591502696323,-0.25799245578834
"ACGTCAAGTTTGGGCG-2","female","Microglia",10.0408627851421,12.830730020359,6.46056123078342,-0.0391530488211772
"ACGTCCAAGATTCCTT-2","female","Microglia",10.5102040632183,12.879461824253,7.22169585526462,-0.378702113457408
"ACGTCCAAGCATCCAG-2","female","EN",-5.18990017338451,6.24464422400279,-4.18068771063809,-6.6787670348365
"ACGTCCAAGCCGCAGT-2","female","Endothelial",0.677606449883614,-14.7242597943993,-0.048504635686916,10.106239965133
"ACGTCCAAGCCTAATA-2","female","OPC",-9.53155256672558,-8.42694038216786,-9.86149792372708,-5.9795425627906
"ACGTCCTTCAAGTGTC-2","female","Astrocytes",-1.54168404503521,-4.36016935174184,0.598635867242772,-2.0390330050666
"ACGTCCTTCCTTAAGA-2","female","IN-MGE",-13.8180296556538,1.79838234122081,0.58586652577396,3.11464612739495
"ACGTTACAGATGCCTG-2","female","OPC",-9.30990244312939,-9.47386878792958,-9.59444050490383,-6.18549997551033
"ACGTTGTAGGAACACA-2","female","IN-CGE",-9.19666792317089,12.4379706972389,1.40118618309971,-9.63717586738655
"ACGTTGTAGGACAACA-2","female","OPC",-8.48761249943432,-8.97234958474355,-9.79026894270901,-5.67512113792488
"ACGTTGTAGGCTACTG-2","female","IN-CGE",-10.6834137575215,9.4045711153297,0.413717344407994,2.75482659595421
"ACGTTGTAGGCTTAGT-2","female","Microglia",10.767054305833,12.1284156435279,6.72417588532444,0.725509410671506
"ACTAAAGCACAATACT-2","female","Astrocytes",-2.63901020451244,-4.26589435403066,1.14987893403049,1.22519083874634
"ACTAAAGCACAATTAC-2","female","OPC",-7.81529356404003,-8.05794471566396,0.482970312242466,2.22302847164086
"ACTAAAGCAGCAGGTA-2","female","EN",-5.92145992680248,6.63717085058971,0.871749714021641,1.51724355476311
"ACTAACCAGCCAAATC-2","female","OPC",-8.88054777546581,-8.05530303780751,-9.97704796492581,-6.64258892280647
"ACTAACCAGTGTTGTA-2","female","Oligodendrocytes",4.35155414180103,4.4044592970161,1.02424938977237,11.3122412468713
"ACTAACCAGTTAGCCG-2","female","OPC",-9.26981951161083,-9.22660964791493,-10.3269014805508,-6.23920089943
"ACTAACGGTAAATTGC-2","female","EN",-6.30899025364574,6.78476291830821,-0.385812118644756,2.86485653179101
"ACTAATCCACCATATG-2","female","IN-CGE",-10.9842150346821,10.0854755037574,3.3081640750217,-9.52878029090949
"ACTAATCCACCTACTT-2","female","Oligodendrocytes",5.59421180323902,2.40376406843944,-0.597463354463619,-4.0556562636573
"ACTAGGCGTCCGTGAG-2","female","Astrocytes",0.593806372445259,-5.43740028207021,-0.780880104745668,-0.330085108109202
"ACTAGGCGTTGGATAT-2","female","Astrocytes",-2.01964653893169,-0.737605989620255,2.20995350182529,-1.4577718470771
"ACTATCCGTGCTCACC-2","female","IN-MGE",-12.1851637498921,2.84478110010905,5.94091649353977,-4.65468771202156
"ACTATCCGTGGTTATG-2","female","Astrocytes",0.712747321885262,-4.4820255643578,-2.4433372467709,-1.31529481155464
"ACTATCCGTGTTGTGA-2","female","Microglia",5.93467925624195,-3.94573348824696,0.658821299676854,-3.95467121345588
"ACTATCCGTTGAATCG-2","female","Oligodendrocytes",2.58486937121693,4.8328040235786,0.590392544870335,10.1677614952844
"ACTATCCGTTGTTCAC-2","female","OPC",-9.43836618824657,-9.4137415296288,-9.44153885542874,-5.75333006126472
"ACTATGTCAACCCTAA-2","female","Oligodendrocytes",4.01986716822926,4.74728494818492,0.129233494405705,11.4720608498376
"ACTATGTCACTTAGGC-2","female","Microglia",11.5631091459209,12.7847858064918,7.41364283860202,0.0353875662606099
"ACTATGTCATGGAGGC-2","female","Microglia",8.6034266813213,11.820756494358,8.41943545639988,-0.732560465164866
"ACTCACTGTAAGTCGC-2","female","IN-CGE",-2.31482411785778,13.9744601839332,0.707451537256199,-8.65330822212287
"ACTCACTGTCTTGCAT-2","female","Microglia",12.0216910703594,12.6310392015724,8.40919680893894,-0.619852015801158
"ACTCACTGTGTGCACG-2","female","Pericytes",7.77505563334766,-11.0517572766991,-4.34789375960354,5.3281327988427
"ACTCACTGTTTCCGGC-2","female","Oligodendrocytes",5.17917703227345,3.45111578638835,0.879641726617772,10.9222027565759
"ACTCAGTAGCAGGTTT-2","female","OPC",-9.33127237721142,-9.31373351876454,-9.76840119063382,-6.18519718391487
"ACTCCTCAGCATTTCT-2","female","EN",-5.57927824421581,5.34449154074473,6.1807980090427,-5.09141571266242
"ACTCCTCAGGAAACTG-2","female","Pericytes",8.32706044749561,-13.3867840177269,-3.95195131003384,4.98009507911614
"ACTCCTCAGGAGCAAC-2","female","Astrocytes",2.35784028605763,-4.39647573296742,-2.05543045699124,-1.69967801315376
"ACTCCTCAGGTGTTAC-2","female","Microglia",12.1083829267437,12.4386153810768,7.60187907517429,0.0328358914177754
"ACTCCTCAGTATTGCA-2","female","IN-MGE",-12.0519907610005,1.32382324273868,6.53552575409885,-5.9204753134925
"ACTCGCGCAAATTGCT-2","female","IN-MGE",-11.2720158235615,0.0739268654136194,8.25182051957126,-6.02997953636238
"ACTCGCGCAGAAATTG-2","female","Oligodendrocytes",4.97190259532276,3.36713939841075,0.199406936769444,1.08404991584233
"ACTCGCGCAGGTTTGC-2","female","Pericytes",8.11727593974415,-12.3581756955834,-4.00326399504666,4.85273068206719
"ACTCGCTTCAAACACC-2","female","IN-CGE",-7.73520971699413,10.6497035616188,1.18193574250217,-9.40970165474006
"ACTCGCTTCACTCGCT-2","female","Microglia",11.7628800733501,12.3419986360816,6.42949195206638,0.0358578469078877
"ACTGAAACAACACCTA-2","female","EN",-7.36063171787914,6.61121612723155,-0.680941998953861,3.19815104263238
"ACTGAAACACGTAAGG-2","female","Pericytes",7.75644944743458,-13.138056219265,-3.29128818213467,4.94038241165093
"ACTGAAACAGCCTGCA-2","female","Astrocytes",1.16442357138935,-3.83282417123036,-1.88788668810849,-1.23787648422309
"ACTGAAACAGGAAGCC-2","female","Microglia",8.4127299650127,9.16291624243541,6.45038600266452,1.868858089618
"ACTGAAACAGGCTAAG-2","female","OPC",-8.83197809620556,-7.81445831124501,-9.49953274428372,-5.1341531966407
"ACTGAATGTAGCCTCC-2","female","IN-MGE",-13.3834126131123,2.09501767094417,5.29471869767185,-5.41019565803596
"ACTTACAAGGACTTAC-2","female","Microglia",9.63985417918507,12.3125167482643,6.34646554291721,0.146584620646749
"ACTTACAAGGCCAATT-2","female","IN-MGE",-11.329456581313,1.93616154725833,6.4615859538364,-4.95945389015266
"ACTTACAAGTAGCGCC-2","female","IN-CGE",-10.7865746156758,10.3239532106666,-0.650554150338215,1.88277046935967
"ACTTACAAGTGCACGC-2","female","Astrocytes",1.22569047049824,-3.45541185204701,-1.80161742865567,-0.125811884232249
"ACTTACTTCATTACTC-2","female","IN-MGE",-11.2344782487934,1.90275362069888,6.61204238236423,-5.59465391380378
"ACTTACTTCGATTATG-2","female","Astrocytes",1.83928822116199,-3.76006358926015,-2.07022254168515,-0.394001076050486
"ACTTAGGGTAGGATTT-2","female","Microglia",11.701045738023,12.1160703295021,7.49667735398288,-0.14153749687263
"ACTTAGGGTCATCATC-2","female","Oligodendrocytes",5.63917230204884,2.31109887297435,0.136754170064885,10.9452854897302
"ACTTAGGGTGCTAGAC-2","female","Astrocytes",3.13060234622303,-3.17223829095082,-1.82210938632016,-0.248811075516429
"ACTTAGGGTGGATTAT-2","female","VSMC",11.8988253934795,-2.90697091881947,-3.42120341956143,6.22208659904412
"ACTTAGGGTGTTGCTT-2","female","Microglia",6.57429240779224,10.1048265093116,7.20342345536228,0.273247471026693
"ACTTAGGGTTTACCGT-2","female","OPC",-9.42316366596874,-8.76456397835927,-9.16513733565335,-5.18588764411994
"ACTTAGTCAAGGCCAA-2","female","Pericytes",8.05736230449024,-13.2676252729149,-3.79155831038479,4.82664912002495
"ACTTAGTCACAGACTC-2","female","Microglia",10.7842137678081,12.0895171755104,7.1532830745029,-0.112773487396922
"ACTTAGTCACGTAATT-2","female","OPC",-8.99419523640331,-9.53411811654286,-9.00842098891262,-4.79743320686408
"ACTTAGTCAGCTTAAT-2","female","Oligodendrocytes",6.20185922221485,2.7266188257484,1.13772220910068,8.77862184303216
"ACTTAGTCAGTTAAAG-2","female","Astrocytes",2.4415283067638,-4.0021352178307,-1.80295746027951,-2.62637765152046
"ACTTAGTCATAAAGCA-2","female","IN-CGE",-9.03162504597362,10.8908200853614,1.33572430909153,-9.65558464271614
"ACTTAGTCATATAACC-2","female","Endothelial",-1.54031373425182,-15.2450632459374,-2.59727267920498,4.42270486610344
"ACTTATCTCCGTCCAT-2","female","Endothelial",-0.443202114242878,-16.0664724714013,-2.64349572360043,3.64912264602593
"ACTTATCTCCGTTAAA-2","female","Pericytes",7.69604085521046,-12.6037639981957,-3.74455647170071,4.33132975356988
"ACTTATCTCGGGACCT-2","female","Astrocytes",-2.63642789288219,-1.26231402222829,2.84415216744419,-1.80463773948738
"ACTTATCTCTAAGGTC-2","female","IN-CGE",-10.131946815688,12.1048093431739,1.60695381463047,-10.2581380103309
"ACTTATGAGCGAGTAA-2","female","OPC",-8.37908913059887,-8.84037536446767,-9.03305058180813,-6.34176952583381
"ACTTATGAGGAACACA-2","female","Microglia",9.62097810344044,12.0583863847999,7.69590564072605,-0.410618254967417
"ACTTATGAGTTCCCGT-2","female","IN-MGE",-17.9132254259175,4.51634365256114,-0.269584581251186,9.6489016320031
"ACTTCGCTCCTTGCGT-2","female","OPC",-8.20587421818432,-8.36473411385732,-9.66621498763089,-6.49410326225349
"ACTTGAATCACACAGT-2","female","Microglia",11.1922252042705,13.530455171421,8.10695929825779,0.0305684711258748
"ACTTGAATCCAGGTTG-2","female","VSMC",11.1569974286968,-2.42082756821828,-3.80634479224209,6.27428310172967
"ACTTGAATCCCTGGAA-2","female","Microglia",9.31363271312061,12.3797259920387,-0.751261949534458,2.08726065414361
"ACTTGAATCCTTGTTG-2","female","IN-CGE",-11.7004606859272,8.77018266852184,3.25589080155368,-9.06622249824592
"ACTTGAATCGATAACC-2","female","OPC",-9.53856016560253,-9.31262916390614,-9.82987503706936,-5.46452362281867
"ACTTGCACAACCTAAT-2","female","VSMC",12.089172111314,-3.95773166482167,-3.31700567900662,6.22645728843621
"ACTTGCACAGGCTTGT-2","female","Endothelial",-0.619843362409439,-16.2712225324364,-3.10923843085293,3.53380816238335
"ACTTGTAAGCCTAACG-2","female","IN-CGE",-8.37828375263866,13.6399255388526,1.41290374100681,-0.577054807968821
"ACTTGTAAGCTGCACA-2","female","Pericytes",7.44520019130055,-13.0203537351342,8.18887324631687,0.00195013540199784
"ACTTGTAAGGCCGGAA-2","female","Microglia",10.0688731534893,11.7455211275367,7.64682383835788,1.06537577318362
"ACTTGTAAGTCACTAA-2","female","Oligodendrocytes",2.87540601329151,4.76421004469676,0.879627302293736,9.06674068229607
"ACTTGTCGTAGTTAAC-2","female","Microglia",10.4166962964946,11.6568542116432,7.01496978104587,0.0947617198746541
"ACTTGTCGTTAGCCAA-2","female","Astrocytes",-1.17231996222195,-1.8669680959435,1.02101655304905,-1.9127791617591
"ACTTTGTTCCAGGTTG-2","female","Microglia",-5.47939468784985,-3.57818406884389,-2.83179251849179,1.65760212200097
"ACTTTGTTCCGCAAAT-2","female","Endothelial",-0.0187254683559798,-14.7152189618798,-0.97334070503239,3.08963768737725
"ACTTTGTTCTCTAGCC-2","female","OPC",-8.6206476823872,-9.00394290749745,-9.60475163161282,-5.10617096168586
"AGAAACCCAAGGTACG-2","female","EN",-7.19744373722729,6.92068058188243,1.51393981278415,2.02524464385918
"AGAAACCCAATAGTCT-2","female","OPC",-8.86495901508984,-8.64126724068837,-0.519916251297039,1.76721166627816
"AGAAACCCAGCAGGTA-2","female","Astrocytes",-0.543116009373035,-1.52329725091176,1.06007511914249,-1.88231212837287
"AGAAAGGCATAGCTTG-2","female","EN",-4.94680859013256,5.25089245970531,-3.78214292227749,-6.44056493980476
"AGAACAAGTCCGTGAG-2","female","Astrocytes",0.801209555428658,-5.49193090264516,-1.84701828658108,-1.71988541824409
"AGAACAAGTTTGTTGC-2","female","Microglia",5.82287906245533,-4.06812328164296,8.11038298905368,-0.927558014221873
"AGAACCAAGTCACCAG-2","female","Microglia",11.5606028898174,12.9077563875465,5.28999610245701,0.588421961240087
"AGAACCGCAACAGCCT-2","female","Astrocytes",1.93951033191029,-4.45024436776357,-2.27978257834439,-1.5759883616645
"AGAACCGCAACAGGAT-2","female","Astrocytes",1.78727005557362,-4.03464073006825,-2.48422066866879,-1.3981478903968
"AGAACCGCAATAAGCA-2","female","Oligodendrocytes",5.33684228495899,3.16073793108745,0.0819930583285869,11.4106776024621
"AGAACCGCAGGGAGCT-2","female","IN-MGE",-13.3454992906636,2.15708571608348,5.36142630875583,-5.40479166252204
"AGAACCGCAGTAATAG-2","female","Astrocytes",-1.06119228764233,-1.55518573586659,0.89218087494846,-1.88635070068428
"AGAACCGCAGTAGCCT-2","female","Astrocytes",1.96211360530201,-4.4454945928307,-2.31590990721707,-1.79028517944404
"AGAAGGTGTCCTTCAG-2","female","Microglia",10.3801400525982,12.6665931337623,7.63080210984226,-0.36984879715034
"AGAAGGTGTGCACGCA-2","female","Astrocytes",-0.12996198101696,-4.91164630715566,0.133493736391026,0.160305848292623
"AGAAGGTGTGCGCGTA-2","female","Microglia",10.5732772214824,12.6594520204811,7.70073409379001,-0.553600141831126
"AGAAGGTGTTCATTTG-2","female","Oligodendrocytes",4.97546933726612,3.95121127302928,0.433628633623082,10.6454731728356
"AGAAGGTGTTGCTTCG-2","female","Endothelial",-0.310502453286018,-15.7242369062157,-3.06031946837429,3.55615728156975
"AGAATCGAGAAACTGG-2","female","Astrocytes",-1.58577753468212,-1.78564375703053,0.973174169664341,-1.83284718734809
"AGAATCGAGCTTAACA-2","female","Oligodendrocytes",5.25587771968189,3.62222200568004,0.0794251114177288,10.7141567971032
"AGAATCGAGGCTAGAA-2","female","Microglia",11.0101029737407,12.0151429765968,8.62677855790134,-0.0922402833182475
"AGAATCTGTCGACTAA-2","female","Microglia",9.60762570933643,11.6725183122901,7.58084101975437,-0.0728533957678935
"AGAATCTGTGCTGTAA-2","female","Microglia",10.8555438383037,12.4608007066993,-0.123744115228695,2.68095164554528
"AGACAATAGATGGACA-2","female","Oligodendrocytes",5.48639272288624,1.72955642576499,0.515002563600499,10.4088742043298
"AGACAATAGGTCATTA-2","female","Astrocytes",-1.9864432947224,-0.251837552234696,2.6258618384647,-1.60596258384773
"AGACAATAGTAGCCAT-2","female","Endothelial",-0.555270663041439,-15.9828810102196,-1.43018500506405,3.59307282226494
"AGACAATAGTATTGTG-2","female","Astrocytes",0.43243454531971,-4.42107766930776,0.405371382837254,0.958266783918802
"AGACACGCAGGACCTT-2","female","VSMC",11.0382783277446,-3.07202142541127,-3.65584091841702,5.78974502342156
"AGACACGCATCTTGAG-2","female","VSMC",11.0741298063213,-3.68976205651479,-2.00583331286435,3.90814917343071
"AGACCCGGTGCATTTC-2","female","Microglia",11.1207129819805,12.9794898622779,7.21881480515476,0.301395585707937
"AGACTATGTGAATCGC-2","female","EN",-5.0517156259602,6.02797561819835,0.108266249303776,3.00663011329583
"AGACTATGTTAAGTGT-2","female","Oligodendrocytes",4.5947277410442,4.21825891669078,1.19164891541477,11.1521698738854
"AGACTATGTTGCACGG-2","female","Astrocytes",0.363136993210945,-2.25966948334889,1.72314162552829,-1.66886527282783
"AGAGAGGAGCTTCTCA-2","female","Oligodendrocytes",5.99756358699146,1.37352837558074,0.97897298634525,10.5363451744836
"AGAGAGGAGGCAATAG-2","female","OPC",-7.2006414072102,-6.16869682137685,-0.862862814213079,2.25297003047875
"AGAGAGGAGTAATCCA-2","female","Astrocytes",0.300323949616585,-2.88441222970204,-0.568948164577526,-0.31842787010261
"AGAGATTAGCAACATC-2","female","VSMC",11.7887027128154,-4.13876003091054,-3.58047752081875,5.54516999977044
"AGAGGAACACTAAGAA-2","female","Astrocytes",-1.94387806816753,-0.863218963787125,2.10903187096592,-1.64616520149299
"AGAGGATGTAAGGTCC-2","female","Astrocytes",-1.1296334998196,-0.834518135234879,1.17925353348728,-1.87205488426277
"AGAGGATGTTGAGGTC-2","female","VSMC",11.8316657407695,-4.18639510934071,-3.66730003058438,6.39229553001336
"AGAGGATGTTGGATAT-2","female","EN",-5.55948378010448,6.53029161627574,0.865957573060948,3.1990520264428
"AGATGAAGTCACAAAT-2","female","Oligodendrocytes",5.70157550410572,2.97867983515544,1.01378567517276,9.48833816307
"AGATGCTTCATTCATC-2","female","Astrocytes",1.698676811021,-4.97485917870717,-1.64878289401059,-0.834145614929881
"AGATGCTTCCCGCAAA-2","female","Microglia",-5.45727659626659,-4.43188566033559,-0.663468018169445,0.411962320975576
"AGCAAATAGAACCTAC-2","female","Microglia",11.6693370206768,12.7616267793922,8.10480304062839,-0.347171733208384
"AGCAAATAGGATTGCT-2","female","Microglia",10.1741025312358,12.9032626741676,7.93397708237644,-0.304982373543467
"AGCAAATAGTTGCGTG-2","female","IN-CGE",-11.6096460954731,11.1394582384376,0.607336238031346,3.06134956138543
"AGCAACAAGGCGGGTA-2","female","OPC",-7.81818081303295,-7.11586803261952,-10.3122091740323,-5.3648021910865
"AGCAACAAGTAGCGGG-2","female","Astrocytes",1.01042901114765,-5.02800124947743,-0.899924259628099,-0.381143281288829
"AGCAATACAAGGGTTG-2","female","IN-CGE",-10.5789349214619,9.46071439917369,-0.810800127680343,2.09209089534691
"AGCAATACACCCACCT-2","female","IN-CGE",-9.10378290577587,12.4546933763771,1.2455682307529,-9.79694206459114
"AGCAATACAGGTCCTG-2","female","Oligodendrocytes",5.66874383525196,2.13451450999065,1.13092286885257,11.1383997704308
"AGCAATTGTCCGGTTC-2","female","IN-CGE",-11.5046274797505,9.01111513312144,3.032418683176,-9.06973392707893
"AGCACAGCAATAACGA-2","female","Astrocytes",2.83907841281239,-3.75066179101186,-2.54983977972988,-0.41990561229774
"AGCACAGCACATAACT-2","female","EN",-5.73134924336132,6.5476260774879,-3.66572241484646,-6.82052499992439
"AGCACTAGTGAGCAAG-2","female","Astrocytes",-1.36619062586483,-1.00518721406178,1.6868478804874,-1.69809348327705
"AGCACTTAGCTAAGTC-2","female","Astrocytes",2.70025108889881,-4.52058929269032,-2.02360026537899,-1.49522907478401
"AGCACTTAGGGCCATC-2","female","VSMC",11.8585631711895,-3.03683942620473,-3.57673530280117,6.3537470604699
"AGCACTTAGTCATCCC-2","female","EN",-4.94160438938793,5.46407276327891,-0.799134694035095,1.80720531003884
"AGCACTTAGTGAGCGG-2","female","EN",-5.32877851887402,6.42606073553844,-4.21296267210965,-6.80647070152351
"AGCATCCCAAATGCCC-2","female","Oligodendrocytes",6.0754439695293,1.22277003462596,-0.0155654400539814,9.86166541831902
"AGCATCCCAACATAAG-2","female","IN-CGE",-11.4433004991597,9.25145059759898,3.21510453522678,-9.2652772162635
"AGCATCCCACAGCCAT-2","female","Oligodendrocytes",5.85721705989185,0.907340704753829,0.538195207719761,9.62779300468377
"AGCATTTCAAGCCACT-2","female","Astrocytes",2.18484972552601,-4.89734834496694,-2.27543298899655,-1.75635893089363
"AGCATTTCACAACCTA-2","female","Oligodendrocytes",5.36301969127003,2.8344741457252,-0.274465486402553,10.6510693337243
"AGCCGCTAGCAGGTTT-2","female","IN-CGE",-11.8185522691792,8.74287897284312,3.33529134095188,-8.64684231025764
"AGCCGCTAGGCAGGTG-2","female","IN-CGE",-3.40397907658276,14.1094365709571,0.768342807893711,-8.81694061500617
"AGCCGGTTCCTGAATA-2","female","IN-CGE",-11.3323967592305,9.99446827109142,3.42892022431369,-10.103570291825
"AGCCGGTTCGCTCACT-2","female","Pericytes",8.14902185038868,-13.046729505703,-3.02169732748989,4.89246647613457
"AGCCTAAGTTACGCGG-2","female","IN-CGE",-5.3046977655476,-2.91370719735341,-0.726175539190811,2.59064655559472
"AGCCTAGTCTCGCCCA-2","female","IN-CGE",-12.0020735399311,8.80300384695811,3.19515986741062,-8.86212761146614
"AGCCTCCGTAAATTGC-2","female","IN-CGE",-12.0149405138081,9.07863861258311,-0.19145987927441,3.31754534500054
"AGCCTCCGTCCTTCTC-2","female","IN-CGE",-9.62664820118603,9.90589386160655,-0.585362657899898,1.73997109191826
"AGCCTCCGTGTTTGCT-2","female","Pericytes",8.24127076701466,-12.6917814618798,-3.96533350646023,4.98735349433831
"AGCCTCCGTGTTTGTC-2","female","OPC",-9.51384378834423,-9.26300567452626,-10.5058374851895,-5.82264692527839
"AGCCTGGGTAGCTAAT-2","female","VSMC",10.9373109205181,-3.19167655770497,-3.57794503867154,6.04974000709466
"AGCCTGGGTCGCAATA-2","female","OPC",-9.62017752094921,-9.42762035195546,-9.20657925307278,-5.52943069679328
"AGCCTGGGTCTAACAG-2","female","Astrocytes",1.9219138486797,-5.72854274575429,-2.33860985934262,-1.69848520500251
"AGCGATTTCCCGTTGT-2","female","VSMC",10.8335463865215,-2.74661630456166,-3.77713541686062,5.48199718254021
"AGCGATTTCTAAATCG-2","female","OPC",-7.43491388722118,-10.2790502912255,-8.64056400954251,-6.71128351432868
"AGCGATTTCTTGCATT-2","female","Pericytes",8.02926133708302,-13.3869051343651,-4.13756613432888,4.53387658851555
"AGCGCCTAGATAGACG-2","female","Microglia",10.1816899640972,11.9857164018898,8.48725695908542,-0.360415289231028
"AGCGCCTAGATGGAGC-2","female","EN",-5.27515627308544,5.57236963446422,-3.94678978621487,-6.59969885093757
"AGCGCCTAGCGAGGTG-2","female","Astrocytes",0.719515906136665,-4.03966802422719,-1.53154353796963,-0.594887206383433
"AGCGCCTAGCGCTCAA-2","female","Astrocytes",-0.760938657957878,-2.92468351189809,0.357941225175816,0.855490384570871
"AGCGCCTAGCGGGCAA-2","female","Astrocytes",1.86474989489857,-4.00945895974355,-0.201104864473384,0.0232701803963521
"AGCGCTCAGCACGATT-2","female","IN-CGE",-11.4905731813496,0.185409485652877,-0.108465120191616,2.64879458206109
"AGCGCTCAGGGACTAA-2","female","IN-MGE",-12.3933260576313,3.15430432493968,6.18611617386814,-5.06513483268806
"AGCGCTCAGGTAAGGC-2","female","Oligodendrocytes",5.99896739558521,1.86839136417194,0.500594809656102,11.4258944298547
"AGCGCTCAGTATTGTG-2","female","Astrocytes",-3.81514383717236,-2.60921806161122,1.88634987175937,-0.853434870072093
"AGCGGACCAGGACACA-2","female","Microglia",11.1933019025737,12.6174150102882,8.02995391190525,0.436750044993673
"AGCGGACCATCATGTG-2","female","Microglia",8.40310453013721,9.14479595358653,6.26862664521213,1.48074548499993
"AGCGTGCTCTCTAGCC-2","female","Astrocytes",1.12684558467213,-5.42739337746816,0.69734068215366,0.526991238765035
"AGCTAAACAACTAGCC-2","female","Microglia",11.4774701459819,12.304061471775,7.45070739090915,-0.0412752125937602
"AGCTAAACAATTATGC-2","female","Astrocytes",2.05770968035999,-4.70586818520741,-2.28140871226315,-0.884229371376719
"AGCTAAACATCATGGC-2","female","Oligodendrocytes",6.16812823848072,2.24872910912318,0.530502155427891,11.5865685250085
"AGCTAACTCAGGCTAT-2","female","EN",-6.66121889515575,6.14692598517223,1.4741694480228,2.65749173419884
"AGCTAACTCATTGTCT-2","female","Oligodendrocytes",4.50395225123707,-1.84891480271535,1.56068201363559,-2.3078728411872
"AGCTAACTCCATAAGC-2","female","EN",-6.37449242039379,6.86201482947154,-0.286031827325863,3.41636388557366
"AGCTACGTCATTACAG-2","female","IN-CGE",-8.87918783589062,10.8399015062599,1.37923403084751,-9.85077507240364
"AGCTACGTCTTAATGG-2","female","Microglia",-5.29505611820873,-3.87032550637441,-1.66338543593411,-0.402026007004466
"AGCTACTAGCGATAAG-2","female","Astrocytes",0.667952523987923,-2.32484072510915,1.86368460953708,-2.32177812797615
"AGCTAGTTCATTAGCA-2","female","Microglia",11.6606709821636,12.9953151338844,7.97361560166355,-0.428217837639537
"AGCTATATCAGTTCCC-2","female","Astrocytes",1.44505117968861,-3.52547067467885,0.338547304277378,0.1617264653962
"AGCTATATCATTTGTC-2","female","Astrocytes",-2.25509251518902,-3.80248016183095,0.0128288418101848,-1.79547698242256
"AGCTATATCCGGTTGA-2","female","Astrocytes",-1.62875927849468,-0.666319072887467,2.16608734429355,-2.02495462638923
"AGCTCATAGCAAGATG-2","female","Astrocytes",-0.323159290987816,-1.66183465783315,0.148421302442509,-2.44834429962226
"AGCTCATAGGCCAATT-2","female","Oligodendrocytes",7.02438615397755,1.21142756874843,-0.231516644353908,10.1589018608849
"AGCTCATAGTTTGGGT-2","female","Oligodendrocytes",6.07295869426075,1.91401344473643,1.15975756943699,3.50310437934807
"AGCTGCTCAGCAACCT-2","female","OPC",-8.04496694966015,-8.92426341836171,-10.3653936833096,-6.45661527854988
"AGCTGCTCATCAGTAT-2","female","Endothelial",-0.85303549333271,-16.2932676679345,-2.93151645361904,3.93243377464226
"AGCTGCTCATGATTGT-2","female","Oligodendrocytes",6.92460416392628,0.829983770206405,1.03587944806095,10.8988720680993
"AGCTGCTCATGTCAAT-2","female","Pericytes",8.2682797773296,-13.1647447950097,-2.63777022063259,4.91167752998284
"AGCTTAATCATTAGTG-2","female","Astrocytes",1.10139845446888,-5.1403998738976,-0.461231812830013,-0.290254661865916
"AGCTTAATCCTTGCGT-2","female","VSMC",10.9686772687847,-2.81860250298695,-2.68475668131832,5.22253911750725
"AGCTTAATCTTGCTAT-2","female","Astrocytes",-0.515028583396044,-1.61065644089894,0.909419849519688,-2.43602282745429
"AGCTTTAAGTCAGTAC-2","female","EN",-4.6794593469685,5.25399023230357,-4.10851268469815,-6.49207670433113
"AGGAAACGTACTTCAC-2","female","OPC",-8.81470896168407,-8.4766830808373,-9.6075754612637,-4.97229559166023
"AGGAAACGTCTTGCAT-2","female","IN-MGE",-14.176512970168,1.5835439332871,4.43783231080051,-5.37705309135505
"AGGAACCAGGACACTT-2","female","OPC",-9.7024757997578,-8.65459579293446,-9.88972382246975,-5.97317487937995
"AGGAACGGTTGGTTCT-2","female","Microglia",11.7268197400982,13.5296798342018,7.75047583878513,-0.157623479195323
"AGGAACGGTTTCCTCC-2","female","Oligodendrocytes",5.7057945592815,3.40019208128734,0.130939438943821,10.5626303459924
"AGGACGTAGAGGGACT-2","female","Microglia",5.96812461451832,-3.89290469948964,7.16147227585788,-0.290364453621592
"AGGACGTAGCCAAATC-2","female","Astrocytes",2.05309699611012,-4.72647184197621,-2.44690756499295,-0.538385221787181
"AGGACGTAGGGCTTAT-2","female","Oligodendrocytes",3.134463296693,4.73492199118419,0.194191291933018,9.45077102439812
"AGGACTAAGGCGCTAC-2","female","Astrocytes",-2.0832542316502,-0.312847912952469,2.71895308793064,-1.90128237945625
"AGGACTAAGGCTAATC-2","female","Astrocytes",1.61923001841846,-4.94211620156484,-1.94980780779843,-1.66369731170722
"AGGACTAAGGTCGAGG-2","female","Pericytes",7.95982049540821,-12.2013124829979,-4.54936937987332,5.0920659806054
"AGGACTAAGTCACTAA-2","female","OPC",-9.61373831196484,-8.79199546639638,-10.3571873158169,-5.97103054267951
"AGGAGCTAGCCAGTAT-2","female","Oligodendrocytes",5.54434560374561,2.42852222855373,0.0355996042537273,10.3828684593957
"AGGAGCTAGGTAGCTT-2","female","Oligodendrocytes",5.85554240779224,2.28511995013042,0.501867130403477,11.9018627907555
"AGGAGCTAGTTACTTC-2","female","EN",-5.38169313831982,6.17009979422374,-3.66073946654324,-6.72233850700447
"AGGATATAGCCTGTTC-2","female","Astrocytes",1.82799027995411,-4.35002464120107,-1.4599045962048,-1.51572925788948
"AGGATATAGCTTGCTC-2","female","Microglia",10.8202216489727,10.9178538912086,8.46955390274997,-0.277911374397959
"AGGATCCGTAATGACT-2","female","Astrocytes",2.47621415690723,-4.68500179116444,-0.676119223232311,-0.829400250740733
"AGGATCCGTGTTGCTT-2","female","Astrocytes",-3.79509092732128,-3.77578300301747,0.941943243150669,-1.46036846382209
"AGGATCCGTTACTAGG-2","female","Astrocytes",0.710986243050728,-4.71746295754628,-2.23073665797238,-0.269212076492991
"AGGATCCGTTTGCGAA-2","female","Astrocytes",1.56759117678944,-4.09092563454823,-1.62474356591229,-0.274529764481272
"AGGATGCAGCCTCTGT-2","female","Oligodendrocytes",4.43902705745045,4.32396560843272,0.639027670030552,9.90455978172234
"AGGATGCAGCCTGATG-2","female","Microglia",11.3703725202495,12.1852965944557,7.95500941575046,0.0610531474869588
"AGGATGCAGTGTGATC-2","female","EN",-4.85538841648754,5.12241703207774,-3.99411325156216,-6.50015051109382
"AGGATTGAGGCTGGCT-2","female","Oligodendrocytes",4.25242017344776,4.50784522230907,0.185751155023533,9.31125228660515
"AGGCAATCATAAGTCT-2","female","Microglia",7.59945939616505,10.8608422868995,7.48022647202488,-0.336817810364451
"AGGCAGGTCCTCGATC-2","female","IN-CGE",-11.29039122029,10.8716960542945,3.43376059830661,-10.2982323859412
"AGGCAGGTCGTTATCT-2","female","Microglia",5.46700643138233,-4.33883088891225,1.94429202378269,-2.6612458918769
"AGGCGGATCGTTAGCG-2","female","Astrocytes",0.767975316804085,-4.67390579049306,0.166407421235997,-4.0032938216407
"AGGCGGATCGTTCACC-2","female","Astrocytes",0.902646289628181,-4.54494756524281,-2.32681457697872,-0.972642371483531
"AGGCTAAAGGAAGCTA-2","female","Pericytes",8.49754308299366,-13.1093525296898,-4.20118837058071,4.92825906532219
"AGGCTAAAGGCCTAAT-2","female","Astrocytes",0.222511456769142,-2.40093106095509,0.540375664834935,-1.96621448738166
"AGGCTAAAGGGTCCAC-2","female","Oligodendrocytes",-7.1074378625935,-10.4658369428368,-0.933621771628898,-3.27829010231086
"AGGCTAGCAACAACAA-2","female","VSMC",11.0156800611431,-2.47881287400441,-2.88834266364102,5.37520187156609
"AGGCTAGCAATTGAGA-2","female","Oligodendrocytes",6.06045363978687,1.91449844773097,0.356224969034153,11.1790005471032
"AGGCTAGCACCGTTCC-2","female","IN-MGE",-12.6839964525288,1.65872228081508,5.83540721238132,-5.7573049758155
"AGGGCCTTCCGGAACC-2","female","Microglia",9.2983500822002,12.4991880052833,-0.0890307873440205,3.18572204368523
"AGGGCCTTCGACAAAG-2","female","Oligodendrocytes",2.56429146365467,4.83689409430308,0.346445396547276,10.8280960823815
"AGGGCTACAAATGCCC-2","female","EN",-5.57000423832592,5.48979383642955,6.12821669877048,-5.1327613089759
"AGGGCTACAATCGCAC-2","female","Astrocytes",-4.18858386440929,-2.72452348534779,2.39202137291904,-1.23367531044074
"AGGGCTACACAGCCTG-2","female","IN-MGE",-11.6693289415425,2.6136170023231,6.65863271058078,-5.33857376319953
"AGGGCTACACGAATCC-2","female","IN-CGE",-4.95507742329296,5.26064068014903,0.978067114953953,2.72304873722008
"AGGGCTACAGGCTAGA-2","female","Microglia",11.7245824201519,13.0183015459327,8.33996291459079,-0.237154195137706
"AGGGCTACAGTAATAG-2","female","Astrocytes",-3.54898883267101,-2.28506654565053,2.07279868424411,-1.44134385330268
"AGGGCTACATGTCAAT-2","female","Oligodendrocytes",2.96534489230457,4.95687943632884,0.747837141160923,10.0148693825524
"AGGGTTGCACAGAACG-2","female","OPC",-8.1411931650227,-7.20917362038808,-10.3091803044033,-5.71974546653816
"AGGGTTGCACATGCTA-2","female","EN",-4.76738239689526,5.07234674628062,-0.758122965688747,1.92477058427743
"AGGGTTGCACCTATAG-2","female","Microglia",8.31717656688038,11.794392167881,6.39792962372776,0.311173250846181
"AGGGTTGCATCTTGAG-2","female","IN-MGE",-12.2133505479878,3.10466152365489,6.10890240967746,-5.07042438728401
"AGGTAACCAATCCCTT-2","female","OPC",-9.54768587513622,-9.29364532296376,-8.85407547652249,-6.05663330299446
"AGGTAACCACAATGTT-2","female","OPC",-9.25223471089062,-9.30738967721181,-8.97793392836575,-5.15713054878303
"AGGTACGCAGGCATCT-2","female","Oligodendrocytes",5.1076934202129,3.60610991652293,0.418810442094761,10.5914246346276
"AGGTACGCAGTTAAAG-2","female","Oligodendrocytes",5.27527640895191,3.38369744952006,0.330699756746251,10.0446440483849
"AGGTATTGTAACCAGC-2","female","IN-MGE",-12.2259609834736,3.00779896910472,6.43768449128147,-4.59970886451789
"AGGTATTGTCTATCGT-2","female","OPC",-8.71305395527538,-8.96020454232411,-9.90770058333401,-6.32024175865241
"AGGTATTGTGCGCGTA-2","female","IN-CGE",-10.9418537752217,11.3603473299293,3.16226144135471,-9.85179264289924
"AGGTCAAAGACAAACG-2","female","Microglia",11.8481080396587,12.9168687456398,7.33727355301853,0.179611852340017
"AGGTCAAAGACTTACA-2","female","Microglia",10.773308502,11.9536605470924,7.84715171158786,-0.0108072255332133
"AGGTCAAAGGACCGCT-2","female","Astrocytes",1.62412284449879,-5.70026153390126,-0.563741490240139,0.139689793757711
"AGGTCAAAGGCGCATC-2","female","OPC",-8.97521139546093,-8.72334235970692,-10.2530994862271,-5.79019958717414
"AGGTCAAAGGGCCACT-2","female","Astrocytes",1.64695714549366,-5.72115176980214,-0.236123129720729,-0.230596611328807
"AGGTCCGGTCACAAAT-2","female","OPC",-8.78160883351025,-7.85179275338368,-9.79112629591946,-4.94085008842536
"AGGTCCGGTTAGACCA-2","female","Astrocytes",0.166795955460701,-2.11413210694508,0.478575542573887,-1.66609914047309
"AGGTCTTAGGCTTAGT-2","female","IN-MGE",-2.95062114163097,14.151401101902,0.57767732441898,-8.54851371986457
"AGGTCTTAGGGACCTC-2","female","Microglia",-7.82508541508373,-8.57101672951894,-0.484399095172924,-4.19961054069587
"AGGTGAGGTACGCGCA-2","female","IN-MGE",-12.4459707872456,3.07380133803172,6.18492598832126,-4.69011051399299
"AGGTGAGGTAGGATCC-2","female","Pericytes",7.61246942118946,-10.9098953611107,-3.67310170828823,3.96801846282891
"AGGTGAGGTGTCCAAA-2","female","Astrocytes",-0.0250239507740401,-5.15703529183583,-0.998155325646442,-0.627197692223277
"AGGTGAGGTGTTGCAA-2","female","Astrocytes",1.08428393439594,-5.33906358544545,-1.26396293937687,-0.913729855843272
"AGGTTAACAACACCTA-2","female","Microglia",11.2367665632183,12.952987253025,8.58139987290378,0.00478797214439897
"AGGTTAACAAGGTGCA-2","female","EN",-6.39203287525829,6.87668710882945,0.517959550027806,3.48313849227837
"AGGTTAACAATTGAAG-2","female","Astrocytes",-1.40280164642986,-1.11416190926747,1.28855080903049,-2.0356846545417
"AGGTTAACACCTAAGC-2","female","Oligodendrocytes",5.99135421351734,2.55720299418254,-0.276583358640712,11.1822335030358
"AGGTTAACAGCACGTT-2","female","Pericytes",7.70828126506153,-11.2192587262841,-3.84543280303006,4.14725177543572
"AGGTTAACAGTACCGT-2","female","Astrocytes",-0.335046409208145,-4.75144666497426,0.602102592592198,1.45537324803284
"AGGTTAACATGTCAAT-2","female","VSMC",11.4143349988872,-2.84742492501454,-3.53136114775662,5.725398709945
"AGGTTACTCACTAGGT-2","female","Microglia",-5.1810028688496,-3.69840091530995,-2.58706037699704,0.907620424352203
"AGGTTAGAGGGTCTAT-2","female","Microglia",10.1886823041851,11.3946538561134,8.05557246506687,0.598505547217641
"AGGTTGCGTACGATTG-2","female","OPC",-8.80892778797802,-8.19900554482655,-10.6504612415982,-5.81703598243782
"AGGTTGCGTACTGAAT-2","female","Astrocytes",-6.19384600086864,-10.9575409299584,-8.52454285323147,-5.29646665794441
"AGGTTGCGTTTCAGGA-2","female","OPC",-9.27343012257275,-8.9918779737206,-10.0978489369107,-5.19575674278327
"AGGTTTATCACTTCAT-2","female","VSMC",11.0987603528911,-2.59272521798329,-3.48637203871731,5.49434869544915
"AGGTTTATCATGAAGG-2","female","Microglia",-6.21416593952831,6.51483637030406,8.60515590012546,0.498763939313207
"AGGTTTGGTGGCTTCC-2","female","Microglia",11.5627066953594,13.1746154421119,8.39016242325779,0.0173318888466695
"AGGTTTGGTTTAACCC-2","female","Microglia",-7.09356953068432,-9.56122535531239,-8.89728645979885,-6.10460359794685
"AGGTTTGGTTTCGCCA-2","female","Microglia",6.75064586238209,10.3120418184547,7.18782420456882,-0.13016099674293
"AGTAAACAGTAACGAG-2","female","Pericytes",8.19635461406055,-12.4530949002953,-4.59510664641384,4.74505250709466
"AGTAACACACATAACT-2","female","Astrocytes",-3.66441871090588,-2.40236967866139,1.72359438241001,-1.50867230636665
"AGTAACACACTAGGTC-2","female","Astrocytes",-1.50402761860546,-4.68663448159413,-1.76845483481411,-0.328594038315501
"AGTAACACAGGAACAT-2","female","Oligodendrocytes",6.18217919902149,1.82661506469531,-0.100863501424831,10.7250029351037
"AGTAACACATTTGCTC-2","female","Oligodendrocytes",5.53672526912037,3.13440078432841,0.0683815032290996,11.4704214836877
"AGTAACCTCAAGACTC-2","female","Pericytes",7.5047676427776,-12.9480671292992,7.91373820603367,-0.897903272934642
"AGTAACCTCATTAGGC-2","female","Microglia",7.50985501841846,9.39581495459361,-2.83197073637966,2.56758516090325
"AGTAACCTCCGCACAA-2","female","OPC",-6.73062588139233,-5.5758771306725,-9.58342461287503,-4.95717127067634
"AGTAACCTCCTTAGTT-2","female","OPC",-8.30151440067944,-8.410631597683,-9.3097296208096,-5.20506794197151
"AGTAACCTCGATTTGA-2","female","EN",-5.27496076985058,6.42138010199351,-0.622624933714908,2.66845541255883
"AGTAACCTCTAGCGAT-2","female","IN-MGE",-11.0868914262837,0.368504702403976,1.07037253678318,3.13892762916497
"AGTAACCTCTTGATGA-2","female","Astrocytes",-5.40685726566967,-3.77176135842519,-1.31056259572033,-2.66287572128364
"AGTAAGTAGCCTGTTC-2","female","Astrocytes",-2.86939836903271,-1.9941071874352,1.75829644501682,-1.58931548339912
"AGTAAGTAGGCGAATA-2","female","Oligodendrocytes",4.128279910844,4.6691339605598,0.0490700155543865,11.5643307472985
"AGTAATCGTCATGAGC-2","female","Astrocytes",2.02187965945545,-4.38494008843617,0.641657784585911,0.284782936744008
"AGTAATCGTCCCGAAG-2","female","IN-CGE",-11.2403805391377,9.00995260412975,-0.61231787502293,3.15236013191155
"AGTAATCGTTTACCGT-2","female","Astrocytes",-3.76479245587048,-2.60364621941762,2.2771069556522,-1.29165203315803
"AGTAATCGTTTCGCGC-2","female","OPC",-9.34296728535351,-8.75227016274648,-9.19855408370022,-4.7240002845008
"AGTAATGCACCACAAC-2","female","Oligodendrocytes",5.81938193873707,2.35928279097362,-0.0510854572010456,10.381368329696
"AGTAATGCATCTAGCA-2","female","Astrocytes",1.56349395350758,-4.61118644540028,-2.35798351466183,-2.02074820739814
"AGTACGCGTTCACCCA-2","female","IN-CGE",-13.7762987749165,1.69955034489913,-0.484501585359615,2.85466401832512
"AGTAGCTTCAGGTCCA-2","female","Microglia",12.0151507718975,12.6115794771461,8.56862635910984,-0.370825717278208
"AGTAGCTTCAGTATTG-2","female","Microglia",12.1239106519634,12.2428088777809,7.47265239060398,0.349486639670644
"AGTAGCTTCTATGACA-2","female","Pericytes",8.17242215709034,-13.1205028897973,-3.63433270155911,4.883273294143
"AGTAGGATCATGCGTG-2","female","Pericytes",8.00524686412159,-13.1507410413475,-4.30071978270535,4.93557875411919
"AGTATAGCACTTCATC-2","female","IN-CGE",-3.05080081387218,14.2047067278175,-0.0032186955166279,3.6289734150689
"AGTATAGCAGAATGAC-2","female","Astrocytes",1.88374947146717,-5.70996564690785,-1.58052287995343,-0.842881986923899
"AGTATAGCAGGTATTT-2","female","IN-CGE",-9.11944128437695,10.7975383394508,-0.673895642156643,1.75269102113656
"AGTATAGCATGAAATG-2","female","Astrocytes",1.27659903601948,-5.67808622185902,-1.755458518858,-0.295175382919993
"AGTCAAGAGATTGAGG-2","female","Astrocytes",-6.07753397389111,-10.8194879895897,1.62082786858555,-1.84893161995002
"AGTCAAGAGTAAGTCC-2","female","Microglia",11.314040885728,12.1590228670387,6.45037122071262,0.302594413928304
"AGTCAAGAGTGTTGCG-2","female","Astrocytes",-3.61466885967907,-3.0883807546349,-0.428488269443554,0.0570450331490376
"AGTCAATGTTTGAGCA-2","female","Astrocytes",1.36841951445881,-4.91237348382192,-2.11135117709164,-1.5834015105445
"AGTCCTGAGCATTATG-2","female","Astrocytes",1.28437338904682,-5.26568025414662,-1.84310071169857,-1.45063717109748
"AGTCCTGAGCTTCTCA-2","female","Oligodendrocytes",5.65230916575733,2.1181764596252,0.445980623369175,10.7157561089318
"AGTCCTGAGTTTGAGC-2","female","Microglia",-1.55804718895611,-4.54622215096669,-1.00494524836068,-0.036887118645396
"AGTCCTTGTGTTTGCT-2","female","OPC",-8.86578775807079,-8.53525680367665,-9.93014721571926,-5.10013420326301
"AGTCCTTGTTTAACGG-2","female","Pericytes",7.96472714976612,-13.4167723066063,-3.44616846739773,4.98842685478142
"AGTCGCATCAATGACC-2","female","Microglia",11.3113534315044,13.5641961687355,7.58619590104099,1.53837965982369
"AGTCGCATCACTAAGC-2","female","Oligodendrocytes",5.45473073558155,2.95360106165691,0.223524287347752,9.85662620323113
"AGTCGCATCCGCCTCA-2","female","IN-MGE",-12.8361532823628,1.78305980499072,5.70942111313816,-5.49637062294074
"AGTCGCATCGCTTCTA-2","female","Oligodendrocytes",4.80552886561695,4.0632465475349,-0.345582678909343,11.0153319145959
"AGTCTTGCAAAGCGCA-2","female","Astrocytes",0.177701042454872,-5.22343772713857,-2.33311156928067,-0.417490908928599
"AGTCTTGCACCCTCAC-2","female","OPC",-9.18204618855175,-9.53811687295155,-8.70132593810086,-4.37760526878425
"AGTCTTGCAGGCTAAG-2","female","IN-MGE",-11.6388828889912,2.58582812483592,6.51117081940647,-5.44542343360969
"AGTCTTGCATTCAGCA-2","female","Microglia",4.28508971766773,-4.50827688042836,-1.97421698271756,-0.511126825638499
"AGTGAACCAAGTCGCT-2","female","Oligodendrocytes",5.99249576167408,1.69349619682117,0.141466215257603,10.9635311867516
"AGTGAACCACAAAGAC-2","female","Microglia",5.12472652034107,-3.72831910912709,1.0860622674274,-2.36430532676765
"AGTGAGTCAACTGGCT-2","female","Astrocytes",1.20797668532673,-4.01432555978017,0.68643136322971,0.373742869071279
"AGTGAGTCACTAAGAA-2","female","Microglia",-4.26159573956188,-3.9249252683373,-2.13544897734646,-1.32165605766365
"AGTGAGTCATAGCGAG-2","female","Microglia",8.38882325724903,11.7517362230567,7.034691289072,-0.396391460724559
"AGTGAGTCATGCATAT-2","female","Astrocytes",-3.91762091084179,-2.80293506447987,1.42937774956699,-1.60123402816841
"AGTGATGAGAGCCGCT-2","female","Astrocytes",-3.58452416821178,-4.03521102730946,-2.50352673232083,-1.06146127922126
"AGTGATGAGCATTATG-2","female","Oligodendrocytes",6.03925727443043,1.46793490770443,0.457035496835667,10.6173636223595
"AGTGATGAGTAACAGG-2","female","Astrocytes",-1.7337771789616,-4.48749440972524,0.253307655458409,2.39518015640191
"AGTGATGAGTCATCCC-2","female","OPC",-9.37983061237987,-9.14639896218495,-9.23740486800198,-5.69219524604866
"AGTGCACGTACGATTG-2","female","IN-CGE",-11.674071563918,8.72254425223155,3.28663058579441,-9.35143310768196
"AGTGCACGTTTCCGGC-2","female","Astrocytes",0.079992578786049,-5.02187150780873,1.06104977429386,0.705431481770788
"AGTGCCGGTCGCATAA-2","female","OPC",-8.74853350086864,-9.05465263192372,-10.3096628636074,-5.47970516426155
"AGTGCCGGTGATTTGG-2","female","Astrocytes",2.3168694837505,-4.88300365273671,0.0684847980784954,0.498527130059514
"AGTGCCGGTGTCACGG-2","female","Oligodendrocytes",5.58239387111012,2.10691279108806,0.370918944482762,11.137791326217
"AGTGCCGGTTCAAGAT-2","female","Astrocytes",1.7732891900951,-4.64266961877065,-2.05281679331784,-1.85302812797615
"AGTGCCGGTTCACCAT-2","female","OPC",-9.21964384480175,-8.22219699685292,-10.5117283314419,-5.62917215568611
"AGTGCGGAGGACAATG-2","female","Microglia",10.1340558393413,12.4907193773536,6.9325069934177,0.694824865035329
"AGTGCGGAGTAACAGG-2","female","Oligodendrocytes",6.30131076411549,1.29842290218158,-0.384356543417019,10.892409017257
"AGTGCGGAGTTTGTCT-2","female","Astrocytes",1.84709142283741,-2.93723911111073,-2.4999219626141,-0.669145533867564
"AGTGGACAGGAATAAC-2","female","Oligodendrocytes",6.57552074031178,1.20760640437884,0.184056714181858,11.7118946816247
"AGTGGACAGGCCAATT-2","female","Microglia",4.67864297465626,-4.23588889901357,-0.0542230457020222,-3.87523252708503
"AGTGTGGCAGCACGTT-2","female","Astrocytes",1.56602834300343,-5.16437715356069,-0.193415984506649,0.265884688071523
"AGTGTGGCAGCTCATA-2","female","OPC",-8.63533331318554,-7.78937000100331,-8.95774082839016,-5.24209196312019
"AGTGTGGCAGGAACTG-2","female","OPC",-9.30659986897167,-9.01459354226308,-10.1934729069424,-6.44333393318244
"AGTGTGGCATTAAACC-2","female","Astrocytes",1.73911284045521,-4.37957280938344,-1.95168201624874,-1.99334938270637
"AGTGTGGCATTAGCCA-2","female","Astrocytes",1.58122514323536,-5.556139410183,-1.48260591923718,-1.90613395912239
"AGTGTTTCAGGACCTT-2","female","Astrocytes",-0.712217538196411,-1.38254708115773,0.966206625108677,-1.71789390785285
"AGTGTTTCATAAGCAA-2","female","Microglia",-4.47979475422558,-3.90533822838979,7.03436990082737,0.380360593966756
"AGTGTTTCATAGTCAT-2","female","EN",-5.09467102451977,6.15967899496837,-4.07709507643704,-6.89911062461921
"AGTTACATCGACCTGA-2","female","Oligodendrocytes",5.65027021006886,2.9954416149406,1.16366834938999,9.26950233238152
"AGTTACTCAGGCTTCG-2","female","Microglia",10.7282893522197,12.4334817522316,8.17701716721531,-0.694489667244639
"AGTTACTCATCATGGC-2","female","VSMC",11.2717473371441,-2.30630916421132,-3.77609662711148,6.26789825218133
"AGTTATGTCCCAGTAG-2","female","Astrocytes",-2.1194657222813,-0.362720430538224,2.59785385430332,-1.70324713928291
"AGTTATGTCTCGCCCA-2","female","Oligodendrocytes",3.05396269397083,4.72389298613353,-0.0110450833988606,10.8944470192712
"AGTTGCAGTATTACCC-2","female","Astrocytes",2.28029273585621,-5.02800697152333,-1.25269995629315,-0.90235919696876
"AGTTGCAGTCCTCCAA-2","female","IN-MGE",-11.7217705385273,2.48482859070582,6.53715796769138,-5.66416246635505
"AGTTGCAGTCGTTACT-2","female","OPC",-7.87154795094189,-7.11893504922109,1.11159498990055,1.17544591980389
"AGTTGCGTCAATGAGG-2","female","VSMC",10.9239337308818,-2.4631161100121,-3.56950812041287,5.61285083549431
"AGTTGCGTCGCACACA-2","female","Oligodendrocytes",5.90642808512989,1.87857308919711,-0.326477751131099,10.1651312615197
"AGTTGGCGTCATGCAA-2","female","IN-CGE",-11.1791136400288,11.647510110691,3.08239574730869,-10.3243659232337
"AGTTGGCGTGATGATT-2","female","Oligodendrocytes",6.15445064143482,1.28442245657725,-0.132783994073909,11.2977663780969
"AGTTGGCGTGTAATAC-2","female","EN",-5.89017702503857,6.33623033697887,1.67952843010898,2.1838741804879
"AGTTTGATCATCCTGC-2","female","Microglia",8.21661542491261,-13.0478538877221,0.0309851914691509,-3.84331447822639
"AGTTTGATCCGGTATG-2","female","Astrocytes",0.467071758073006,-4.20093721215444,-1.24829421936993,-0.596516558953013
"ATAACGACAGAATGAC-2","female","Microglia",9.48979638652149,12.1932292574195,7.02153773606296,0.0243013407509663
"ATAACGACAGCATGAG-2","female","Microglia",9.63219522075001,11.1879754656105,7.19333453476902,1.09676786320618
"ATAACGACATGCTTAG-2","female","OPC",-9.43644071980175,-9.62907737557607,6.32757039368625,-4.90273458702156
"ATAAGCCTCAACAAGG-2","female","VSMC",11.6218078000957,-3.31245368783193,-4.39971069991116,5.03986614005974
"ATAAGCCTCCTGTTCA-2","female","Pericytes",7.74536679820362,-11.1300796872826,-4.30635122954373,5.5024081970971
"ATAAGCCTCGCTAGAT-2","female","Oligodendrocytes",5.83340953425709,2.06134116585536,0.425146177415806,10.7974783684533
"ATAAGCCTCTAACCTT-2","female","Astrocytes",-2.49875809117016,-1.40671461884694,2.70109076798435,-1.70545370323249
"ATAAGTCGTGAGCGAA-2","female","OPC",-7.91038919850048,-9.36546653573232,-9.85242275893216,-4.97044832450935
"ATAAGTCGTTCAAGCA-2","female","IN-CGE",-10.798767341811,11.3210301988868,3.41593642533298,-10.4590800498206
"ATAATGGCAAATTCGT-2","female","IN-CGE",-11.3581850664204,11.7972112291603,3.11833591759678,-10.5560353491981
"ATAATGGCATAAGTCT-2","female","Oligodendrocytes",4.2784001691753,4.58375865156932,0.757734373216587,10.2770878578942
"ATAATGGCATTGACAT-2","female","Oligodendrocytes",5.30798934535328,3.67650657828136,0.162208989267308,11.413049390487
"ATACCGGTCCAAGTTA-2","female","OPC",-9.31412531300243,-9.43146938149648,-8.33683399855618,-5.30168564064094
"ATACCGGTCCGCAAGC-2","female","Endothelial",-0.644831939179268,-15.6137232190819,0.10056276619907,2.07639091270379
"ATACCGGTCTCGCCCA-2","female","Astrocytes",2.00852559642139,-5.3515290624352,1.40894956887241,1.60787045019082
"ATACCTGCATTATGGT-2","female","Oligodendrocytes",6.19857953624073,1.13669386441989,0.165185526018101,10.1691910530846
"ATAGATGCACACTAAT-2","female","Astrocytes",-5.29505897923168,-3.68653243844228,-2.40613119303707,1.2874933685582
"ATAGATGCAGGAATCG-2","female","Astrocytes",1.65350388125721,-5.64714616601186,-1.19401527940754,-0.718768904038157
"ATAGATGCATTCCTGT-2","female","Oligodendrocytes",3.30760453776661,4.94931536848827,1.1130375415134,11.7305132653039
"ATAGCATGTACAATGT-2","female","Microglia",11.4318730695659,13.4137101763038,7.08597417176242,-0.181412527390208
"ATAGCATGTGTTCCCA-2","female","Astrocytes",1.83313296870533,-4.90646308724599,-1.69226197897915,-0.623976180382457
"ATAGCATGTTCCTCCT-2","female","OPC",-8.03046299381908,-9.20613902871327,-9.41105274855618,-5.38391048652717
"ATAGCATGTTTATGGG-2","female","Microglia",11.2180478437358,12.9440589540748,8.24949450791355,0.29720978992394
"ATAGGTACAACAGGTG-2","female","OPC",-9.01093794270214,-8.1191391355248,-10.4634924381924,-5.72009832603523
"ATATAGGCATAGCGGA-2","female","IN-MGE",-12.4863102571553,2.97123950655742,6.2084269076633,-4.79726059181282
"ATATAGGCATGGTTAT-2","female","Astrocytes",1.32174168662373,-5.38986963097768,-2.24898855387692,-0.83813161594459
"ATATGCATCACTAATG-2","female","Oligodendrocytes",3.79490159587208,4.78130608732982,0.16349537671085,11.3374974037927
"ATATGCATCGTGCCTT-2","female","IN-MGE",-12.5917265550679,2.8183243864326,6.07366271317478,-5.06606895668098
"ATATGCTCACCTAAGC-2","female","Microglia",9.46349977092091,12.1063743227272,5.43269248307224,0.530322750977788
"ATATGCTCACTAAGTT-2","female","Microglia",-5.09674192829784,-3.73128074471669,-1.21738015114788,2.98065369384697
"ATATGCTCAGCTACGT-2","female","Astrocytes",-1.49309469624218,-4.48066848580556,-1.84250669180874,-0.329051325150218
"ATATGGTGTAAAGCGG-2","female","Microglia",5.85969518260304,-3.9953221685143,0.133954599504429,-4.03514559013435
"ATATGGTGTGAAGCCT-2","female","OPC",-7.80721546574291,-10.0413364774437,-9.75972370802883,-6.01915199501106
"ATATGTCCAAGGTCCT-2","female","Oligodendrocytes",2.0970949991161,4.87172681029124,-0.167077705259365,11.1265408303063
"ATATGTCCAATAAGCA-2","female","OPC",-8.63118482990917,-9.40893596474843,-9.9482040852261,-5.72800190193244
"ATATGTCCAATAATGG-2","female","Oligodendrocytes",5.72270225123707,1.27079172368331,0.620933845643956,10.0159451271813
"ATCAAGCTCCGCAACA-2","female","Astrocytes",-3.41522528095898,-2.61656564538197,1.49841256440159,-1.73505146247932
"ATCAAGCTCCGGTTAG-2","female","Astrocytes",0.234779225152168,-4.74276107613759,-2.37451271712307,-0.658164450951304
"ATCAAGCTCTCCATGC-2","female","Microglia",12.0468175275737,11.9314685457496,7.17715163529392,-0.377891847916331
"ATCAATCCAAGCGAGC-2","female","Astrocytes",-0.0747805671280288,-4.52675384347157,0.311258152131993,0.14206766145638
"ATCAATCCAAGGGTTG-2","female","Oligodendrocytes",4.25478576258961,4.50426155264659,0.587596490983921,10.2655655648034
"ATCAATCCACAAAGCG-2","female","Microglia",10.0626685483867,12.807798921421,6.39421267807956,0.130433192424093
"ATCACAATCAGTGAAG-2","female","Microglia",10.4029767377788,13.0689159029274,8.50388140976902,0.50978251355103
"ATCACAATCCAGGAAA-2","female","Astrocytes",-2.41225601597485,-0.99177378480153,2.63133974373813,-1.58579761726448
"ATCACAATCGGTTACG-2","female","Astrocytes",0.570281253617439,-4.86401361291127,-2.10175113379483,-0.253303954430308
"ATCACACAGCACAGAA-2","female","EN",-4.67122389240917,5.14544945891185,-3.84510354697232,-6.74802620155403
"ATCACACAGGACGTAA-2","female","Oligodendrocytes",6.08154462413136,1.45884671370669,0.467207744722325,9.92911975639275
"ATCACACAGGCTAATC-2","female","Pericytes",7.92253850535694,-12.9760383969994,-4.27599672972683,5.19912688987664
"ATCACCCTCACTCAAA-2","female","Astrocytes",0.471153901379738,-5.20210689370351,-0.14933888613705,-0.197962353058543
"ATCACCCTCCGGAACC-2","female","Astrocytes",0.952896819871101,-5.41138118569569,0.947138145570713,0.564611574582372
"ATCACCCTCGGTCAAT-2","female","Microglia",5.29074023799244,-4.37983888451772,0.601625993852574,-3.92251188499519
"ATCACCCTCTGGTCCT-2","female","OPC",-8.86012102528271,-9.8609260923119,-10.1833153217984,-6.07783014518806
"ATCACTAAGGGACGCA-2","female","OPC",-9.52024866505321,-9.1706299192162,-9.84254269301419,-5.71371013862678
"ATCAGGTTCAAGGACA-2","female","Microglia",11.3342692716533,13.1605659120826,8.63103862107273,-0.453455755539622
"ATCAGGTTCCGTTATT-2","female","VSMC",11.3179337842876,-2.74222225014882,-3.43653945624356,5.86754625099114
"ATCATCAAGCTAGAAG-2","female","Astrocytes",2.02111576632801,-5.40715831582265,-0.36391989886288,-0.0532682631690166
"ATCATCAAGGCTTAAC-2","female","Astrocytes",2.73801969127003,-4.03027242486195,-1.08469603955273,-3.13319809181282
"ATCATGTCAATTAACC-2","female","Astrocytes",2.3193359239513,-5.04359477822499,-1.25385709106449,-1.20126850349494
"ATCATGTCAGCCAGTT-2","female","Astrocytes",-0.0521383421009444,-2.21508568589406,1.01011045277591,0.0415791179459432
"ATCATGTCATTGTGTG-2","female","Astrocytes",-0.459956126797762,-4.58916467492299,0.531725361947972,0.753869628481183
"ATCCAACAGCCAGTAT-2","female","Oligodendrocytes",5.65580771998707,1.809040515974,0.0320727378177227,10.5057217385095
"ATCCAACAGGACCGCT-2","female","Oligodendrocytes",6.03010629252735,1.04464292462154,0.102842047815281,11.6014191414636
"ATCCAACAGTAACCCG-2","female","OPC",-8.52075315876659,-8.95362609688954,-10.5150766819668,-6.39411813957283
"ATCCAACAGTTAGCTA-2","female","IN-MGE",-12.3658983842915,3.05432110960765,6.0846385508823,-5.44773180229255
"ATCCACCTCCAAGTGT-2","female","Endothelial",-0.58676531030592,-15.7360700971337,0.948867753152806,0.838788902334485
"ATCCACCTCGATATTG-2","female","Microglia",11.008771644395,12.5982471102027,8.30898185074802,0.288825681380544
"ATCCACCTCGGTCATG-2","female","Astrocytes",1.45759330825153,-5.79934543435292,-1.84874765574459,-1.05333788139411
"ATCCATAAGAACAAGT-2","female","Astrocytes",1.04076682166401,-5.67607778374867,-0.708365678782505,0.447152545623098
"ATCCATAAGACAAGTG-2","female","Endothelial",-0.495545186146911,-15.6526693708153,-3.1569135636044,3.80885093467644
"ATCCATAAGGCATTGT-2","female","Endothelial",-0.34276860817131,-14.0859760648461,-3.14140348135952,3.74085276382378
"ATCCATAAGGGCCATC-2","female","Astrocytes",2.75073574618641,-3.98962968651967,-8.24308638274197,-5.32178909523078
"ATCCCGCGTACTGATG-2","female","Oligodendrocytes",4.78238032893482,4.09139519865794,0.841775134210545,10.4812590386193
"ATCCCGCGTGTTGTAG-2","female","EN",-6.36033703251537,6.67575508292003,1.44626946747776,2.93758147018364
"ATCCCGCGTTGGATAT-2","female","VSMC",11.8406236036235,-4.21033901040273,-3.53329758345608,6.48299758689812
"ATCCGTGAGCAAGATG-2","female","Oligodendrocytes",2.23696230487171,4.91874891455455,-0.23896233736996,11.1742722298425
"ATCCGTGAGCCGCTTT-2","female","IN-CGE",-10.9802429811543,10.0075708025245,3.11134238541599,-9.30029327613899
"ATCCGTGAGCTTCCCG-2","female","Microglia",4.78549979762379,-2.33113545243459,0.278852775697667,-3.84638674003669
"ATCCGTGAGGACAATG-2","female","IN-CGE",-8.14770246906933,10.7169471376686,0.951278522615391,-9.13382274849006
"ATCCGTGAGGCGAAAC-2","female","Astrocytes",-3.87485815449413,-3.45408719842152,1.35466308892246,-2.00942213279792
"ATCCGTGAGTGGCGGA-2","female","Oligodendrocytes",0.200824783604775,-15.1220793134423,-0.147054836149257,9.98465793388299
"ATCCTCATCCGTCCAT-2","female","OPC",-9.30597711964306,-9.15269416634755,-10.3291912525845,-6.50843651039192
"ATCCTGACAGGTTATT-2","female","IN-CGE",-11.1823628084248,11.6027837389259,3.0034298449802,-9.87492782814094
"ATCCTGACAGTCTAAT-2","female","Microglia",6.99691413478199,9.92505794699474,1.45324416459079,1.07412428962401
"ATCCTGACATAATCAC-2","female","Astrocytes",0.105415211480293,-2.44122761552052,0.466365769510228,-1.7319155429084
"ATCCTGACATTATGAC-2","female","Microglia",11.2822644575054,12.9782815569191,7.14737315476413,0.0815654303353169
"ATCCTTAGTAAGCACC-2","female","Microglia",10.3844411237651,12.4409604662208,7.84503741562839,1.09865421610287
"ATCCTTAGTCACCTAT-2","female","IN-MGE",-17.9460680620259,4.48219543631358,4.9006466418552,-5.78386289817878
"ATCGAGGCAGGCATCT-2","female","OPC",-8.47287155552563,-9.48360294167714,-9.80157093703274,-6.34829599601814
"ATCGCTTGTCCCGAAG-2","female","IN-CGE",-10.922172798354,10.115735589817,3.39875979722019,-9.39174110633918
"ATCGGCCAGCAAGGAC-2","female","Astrocytes",1.18430660800282,-2.45513743226247,0.513515666131932,-1.90268857223579
"ATCGGCCAGCGAAGTA-2","female","Astrocytes",-2.07085694237408,-0.560208500072526,2.59550257027622,-1.64553792221137
"ATCGGCCAGGACCTCA-2","female","Astrocytes",-2.85550285740551,-1.60197323624806,1.40157718956943,-1.46278054458686
"ATCGGCCAGTATGTGC-2","female","Microglia",7.03721974925343,0.948539792850448,7.04295296967502,2.91833048122338
"ATCTATGAGCGGCTGT-2","female","Astrocytes",1.15615354613606,-5.28020423714833,-1.40226285159115,-0.916452715225901
"ATCTTTGGTACCGGAT-2","female","IN-CGE",-11.3763430254048,11.7118754976539,0.939480736856419,1.30137719767502
"ATCTTTGGTTAATGAC-2","female","OPC",-8.91939951344189,-8.42568820779042,-10.0802593678189,-5.77406818611213
"ATCTTTGGTTGGATCA-2","female","IN-MGE",-11.3898632661885,0.14259654219432,7.72314734757419,-5.79081566078254
"ATGAAGCCAATGAAGC-2","female","Oligodendrocytes",3.95776771144215,4.66981226141734,-0.149430140848201,10.6697308327477
"ATGAAGCCACAAACTT-2","female","Astrocytes",1.94373415545765,-4.89756769005971,-2.39581625163082,-1.4220405314643
"ATGAAGCCAGCTAATT-2","female","Oligodendrocytes",4.36351083354298,4.40816837485118,0.34078939259525,11.588698079757
"ATGAAGCCAGGAACAT-2","female","OPC",-9.37363172932323,-9.07167667214589,-9.4916029423428,-5.58662874443122
"ATGAAGTAGACAACGA-2","female","Microglia",11.270230994981,13.2994294756202,7.62464137375827,0.0213222410004476
"ATGAAGTAGGACTTAC-2","female","Microglia",11.9438969953472,12.6993566149025,8.02557082474704,-0.853096077271189
"ATGAAGTAGGCTAGAA-2","female","IN-CGE",-7.757950557906,10.6530299776344,1.05070681870456,-9.29286319953987
"ATGAAGTAGTACTGGT-2","female","Astrocytes",-2.11975408955273,-1.42324513261037,1.21568985283847,0.291985263995443
"ATGAATGCAGGATAAC-2","female","Oligodendrocytes",3.17366646365467,4.80798894102855,0.114489153032261,10.9934965874474
"ATGACAACATTGCGGT-2","female","OPC",-9.34240175648388,-8.63759082619862,-9.53526405989651,-6.14092046958991
"ATGACCAGTTAATGCG-2","female","EN",-5.08655382557568,5.7101541155128,-3.79354648291592,-6.62154752952644
"ATGACCAGTTACTTGC-2","female","IN-CGE",-11.0194389955586,10.0865455263404,1.5131303817081,2.73526208656243
"ATGACCAGTTAGTACG-2","female","Astrocytes",2.70805905894581,-4.35245174233632,0.378739193086583,0.205331256560598
"ATGACCAGTTCCGCAC-2","female","OPC",-8.4083821909016,-9.21406120125966,2.2500745803165,-2.04885990364143
"ATGACCAGTTCGCTCA-2","female","Microglia",11.5363538129741,11.9743590944557,6.58832402527805,-0.101846406288829
"ATGACCAGTTGTTGCT-2","female","Astrocytes",-11.4966833726948,1.40861277963205,6.64894767106052,-4.98721773368904
"ATGACGAAGACAACAG-2","female","Endothelial",-0.807546271521416,-16.3259481794091,-2.87589339911465,3.72951953666619
"ATGACGAAGTAACCCG-2","female","Astrocytes",-3.64251376553234,-2.67131370370107,2.44042511284824,-1.83118064148017
"ATGACTCAGCAGGTTT-2","female","OPC",-9.07795454426464,-8.62770026986317,-10.361446425314,-6.34939415199348
"ATGAGCCGTAAGCTCA-2","female","EN",-4.77860762043652,4.99570757086558,-3.99805240332608,-6.49367410881111
"ATGAGCCGTTGCAGTA-2","female","EN",-5.83193613453564,6.49207979376598,1.41184587777134,1.49347369926384
"ATGAGCCGTTGTTGCT-2","female","Oligodendrocytes",6.11954091624561,2.19838815863414,-0.388589069242519,10.407111814193
"ATGATGACAGGTTCAC-2","female","Microglia",4.48196862773243,-4.27739518944936,-1.83159415423397,0.135692348651204
"ATGATGGAGCTTCTCA-2","female","OPC",-9.39879824085888,-8.55403846566396,-10.0203876942349,-5.19241411430427
"ATGATGGAGGAGCAAC-2","female","Pericytes",7.65855191783253,-10.9605459577294,-3.65013889967923,4.72726028221062
"ATGATGGAGTCAGTAC-2","female","Oligodendrocytes",5.3219849927837,2.71776133711619,0.473751381044346,10.2120653893273
"ATGCAAACAACAGCCT-2","female","IN-CGE",-9.11984754963573,11.5600448244361,1.19953460991855,-9.62177116615364
"ATGCAAACAACTGGGA-2","female","Astrocytes",-1.98188091679272,-0.243660271808671,2.49873228371616,-1.75371176940986
"ATGCAAACAAGACTCC-2","female","Astrocytes",-1.64489687843975,-0.455165565654801,1.98677869141575,-1.60703022224494
"ATGCAAACAAGATTCT-2","female","Microglia",11.5030276639873,12.473326265171,7.75119300187107,0.593551984004293
"ATGCAAACAATATACC-2","female","Oligodendrocytes",6.26159499720875,2.47432351048274,0.138088360433537,11.483681371383
"ATGCAAACAATGAGGT-2","female","Astrocytes",1.60005925731007,-5.77005428139882,1.14695079625126,-2.69325263244697
"ATGCAAACACAACAGG-2","female","EN",-5.6940267221516,6.34253412421031,-0.761966198678058,2.8288937117379
"ATGCAAACACGGTTTA-2","female","Microglia",5.44602702693287,-4.36441654030995,0.504193380479771,-3.77640897972175
"ATGCAAACAGGAAGCC-2","female","EN",-5.42469765110668,6.25717455084605,-0.820028401906532,2.04140227096489
"ATGCAAACATTATGAC-2","female","Astrocytes",3.73259900645557,-2.84072202508168,-0.0753416866016804,-0.00666380865165206
"ATGCAGGCAAGGTATA-2","female","Microglia",11.5082089765483,13.2465148561744,8.15169997513767,0.767234643868718
"ATGCAGGCAATAACGA-2","female","Microglia",-6.31830765171703,-5.17948192422109,-2.00021962821011,-0.056627461739268
"ATGCAGGCATCACTTC-2","female","IN-CGE",-12.0194246904438,9.03087001974864,-0.423279181118053,2.75320701854638
"ATGCATTCACAAAGCG-2","female","Astrocytes",-3.9830060140675,-2.62286228005605,2.77385397255893,-1.57416207534858
"ATGCATTCAGTTTACG-2","female","Oligodendrocytes",4.16760562495533,4.53871327574535,0.461684539918858,10.6831785942834
"ATGCATTCATGACTAT-2","female","Oligodendrocytes",6.00684999064747,1.11809155280872,0.0160555988597454,10.3955847527306
"ATGCCTGAGCAGGTGG-2","female","OPC",-8.70287729664501,-9.4661678678246,-10.092948958273,-5.55498058540412
"ATGCCTGAGGGCCACT-2","female","Microglia",7.61201165751759,9.38839489157481,-2.80949024855618,3.20900981681756
"ATGCCTGAGTAATCCA-2","female","Astrocytes",1.49504660205189,-5.38646215264516,-2.2152939289761,-0.373024890251841
"ATGCCTGAGTTTGTCT-2","female","Oligodendrocytes",5.48988698558155,2.63507336314006,0.409851148729283,9.49260394828728
"ATGCGATTCATGTGGT-2","female","OPC",-8.80028082295116,-8.21217292611317,-10.8807955235196,-6.0729206298072
"ATGCGATTCATTTAGG-2","female","OPC",-7.94692636891064,-9.26917880837636,-9.69698528944973,-6.45878250343391
"ATGCGATTCCCTTGCG-2","female","Oligodendrocytes",3.93658612803761,4.59256535704417,-0.125013574953121,9.90471904533318
"ATGCGATTCTAGCTTT-2","female","Microglia",11.3102633817608,13.4890599840431,7.27205176651951,0.232017388514791
"ATGCTTAAGACACTTA-2","female","Astrocytes",-3.8659770624226,-2.62701791588979,1.32210345566745,-1.64196259719917
"ATGCTTAAGCACTAAC-2","female","IN-CGE",-9.15204645558056,12.4491515749244,1.09140916169162,-9.91198379737922
"ATGCTTAAGCCTCTGT-2","female","Astrocytes",-6.15491987629589,-11.513487280056,-1.36357103287701,-3.11529524070808
"ATGCTTAAGGCTAAGA-2","female","VSMC",11.8753907545024,-4.09605878655629,-3.830787226553,5.33410899894646
"ATGCTTAAGGTCAAAG-2","female","VSMC",10.8219115598613,-2.51868814294057,-3.56353978812222,6.04294221656731
"ATGCTTAAGTCCTTTG-2","female","IN-MGE",-11.1595928804463,2.07538199360652,6.51245780289646,-5.72359592659065
"ATGGACAAGCTATGAC-2","female","Astrocytes",0.125857339661751,-5.39722818200307,-2.12511102854733,-1.63908583862373
"ATGGCCCAGAGGGACT-2","female","Microglia",8.04121469096485,10.8100591295509,6.0071296244907,0.216503312758718
"ATGGCCCAGCACTAGT-2","female","Microglia",7.20301412181202,10.0510440462379,1.30982489884372,0.959861190471415
"ATGGCCGGTCACCAAA-2","female","Pericytes",8.25478337840382,-12.8644842511864,-4.39186911284451,4.94854038017205
"ATGGCCGGTCATTACC-2","female","Astrocytes",1.19136665896717,-5.34707158868031,-1.89615027606015,-1.55265362007209
"ATGGCCGGTTGCAATG-2","female","EN",-4.78581262989696,5.25925594504161,-3.78696589171414,-6.83250076515266
"ATGGCTAGTCACGAAC-2","female","Endothelial",-0.945261253554192,-16.1046194440575,0.970689728860814,0.886249242297921
"ATGGCTGTCGCAGGCT-2","female","Pericytes",7.6654441221172,-10.9824242002221,-3.79585199057583,4.60009496467522
"ATGGCTTAGGACCAGG-2","female","Oligodendrocytes",2.28427122668568,4.90147763426585,0.834552600984532,11.5816256310265
"ATGGCTTAGGCGGGTA-2","female","Microglia",-6.68628288670238,-9.58706516091542,-8.06902126967434,-6.10668546897956
"ATGGCTTAGTAAGAAC-2","female","Astrocytes",2.53961847857777,-4.37366288964467,-0.125480398531002,0.00675868051460771
"ATGGCTTAGTATCGCG-2","female","Microglia",-6.6233217851704,-9.65430492226796,-7.75245384871487,-6.16833955986091
"ATGGCTTAGTTTCCTG-2","female","Astrocytes",2.26123546199146,-5.10730546776967,-1.71775178610806,-1.320499727555
"ATGGCTTAGTTTGCGG-2","female","Astrocytes",-1.7829680578297,-0.32509988610463,2.28087539971347,-1.81009895546028
"ATGGTCTAGGACAATG-2","female","Astrocytes",0.796090827744637,-4.58813613717275,1.06074006855961,0.5345291997712
"ATGGTCTAGGACCTGC-2","female","Astrocytes",2.04774712161366,-4.55605405633168,-2.18400423228268,-0.390149423905101
"ATGGTCTAGGCTTAAC-2","female","Astrocytes",-0.530214740473595,-4.75375741784291,0.0398905426311077,1.25895320432595
"ATGGTCTAGGTCGATT-2","female","EN",-6.40638710423168,6.84798771078868,1.21228952706333,2.44977550762108
"ATGGTCTAGTGAACGA-2","female","Oligodendrocytes",5.90407966212574,1.45681513036771,0.459898188714939,10.3461233879845
"ATGGTGCGTTAGAGCC-2","female","Microglia",6.76333211497608,9.86456257040782,5.63168950379367,0.621660610608373
"ATGGTTATCCCATAGG-2","female","Endothelial",-1.26973564787563,-15.5556291944237,-3.74573068320279,5.25509612815789
"ATGGTTATCCGGTTAG-2","female","Endothelial",-0.670515968043175,-16.4282831556054,-3.17385487257962,3.90377609985283
"ATGGTTATCTCAATTC-2","female","Astrocytes",1.95373486117664,-5.21204608742909,-1.78571765124325,-1.09883339149543
"ATGGTTATCTGTAAGC-2","female","Astrocytes",-0.203213258225288,-1.79435390298085,0.633918836717564,-3.40294773323127
"ATGTAACGTTTACTTG-2","female","Oligodendrocytes",5.97784160212818,1.99596702988429,0.464483931665379,10.8481318260949
"ATGTAAGCAGTTATCG-2","female","Microglia",10.9977528913433,12.311403810337,7.89503283799167,0.00495611684731034
"ATGTAAGCATAAGTCT-2","female","Endothelial",-0.0745321051662826,-15.4015364057274,-2.603248164053,4.79424708145073
"ATGTCAATCCCTCTAA-2","female","IN-CGE",-11.6387426988667,10.3184199922828,3.43607945740696,-9.45831424934455
"ATGTCAATCCGGCTAA-2","female","IN-CGE",-9.18424917622265,12.4806619280128,1.14350564778324,-9.78640777809211
"ATGTCAATCGTCCTTA-2","female","Astrocytes",1.51579116420094,-4.13172811333852,-1.63627026974682,-0.255834529228892
"ATGTCAATCGTTTCTG-2","female","EN",-5.53910185261425,6.51523023779674,-0.993903264398616,2.14669780986718
"ATGTCAATCTCCATAT-2","female","Microglia",-5.17162300511059,-3.77898401086049,-0.219775125379604,0.600999763182912
"ATGTCAATCTTAATGG-2","female","Astrocytes",1.25056181983295,-4.09706920449452,-2.18790058791165,-0.7843863461692
"ATGTCAATCTTAGTCT-2","female","Pericytes",8.0259644849712,-13.6467556363793,-4.58141283690457,4.88142078178338
"ATGTCCACACCGGCTA-2","female","Astrocytes",1.38816617564503,-5.64178842370229,-1.39319436251644,-0.749641845055308
"ATGTCCACAGCACCAT-2","female","EN",-5.05159832401928,5.12836629088206,0.0703311711597027,2.3041830565255
"ATGTCCACATCTTGAG-2","female","Astrocytes",-6.22331072254833,-10.92691654031,-0.930330649013561,-3.59421617729255
"ATGTGAGAGCGGTTAT-2","female","Oligodendrocytes",2.34903334216419,4.80769878561778,-0.141101405019802,2.6472417618554
"ATGTTCAAGCTGTACG-2","female","OPC",-8.65508581562695,-9.53428977791982,-9.55070881545071,-5.19342500907966
"ATGTTCAAGGAAACTG-2","female","Microglia",7.89909242228809,11.3112159364967,7.57907386124607,1.10079983430317
"ATGTTGTCAGTTTACG-2","female","EN",-4.9498860971516,6.00233942206187,-4.11546425520901,-6.19219572288581
"ATGTTTGAGCCGGTAC-2","female","Endothelial",-1.11650563641247,-15.5048384076806,-2.59678332507138,3.68348138587884
"ATGTTTGAGTTATCCT-2","female","Endothelial",-6.62721802159008,6.89718681509776,1.44959135354038,2.7109076287072
"ATTAACCCAGTGAACG-2","female","Oligodendrocytes",5.55844329432789,3.39127629931254,1.07634253800388,9.29189651267937
"ATTACCCGTTAGCTGA-2","female","OPC",-9.26525904102978,-9.56331294839101,-10.5595140904141,-6.31573755485603
"ATTACCGCACAAACTT-2","female","VSMC",11.9500567777568,-3.21641439263539,-3.46290545165066,6.41661184089592
"ATTACCGCACAACCTA-2","female","Oligodendrocytes",6.45091842250172,1.60692823614164,-0.469334825868648,10.7243487145226
"ATTACCGCATAGACCC-2","female","Microglia",-7.59684444828686,-9.80370658700185,-7.86763481795315,-6.24818927986213
"ATTACCGCATGTCAAT-2","female","Pericytes",7.61620687083546,-13.0161766416283,-4.46267633139614,4.89256470458916
"ATTACCGCATTGTGTG-2","female","Microglia",9.27485250071827,12.1501117342262,8.03544898331638,0.40754674928597
"ATTACGTCAAGGTGCA-2","female","IN-MGE",-12.6055033342427,2.29850178892894,6.08543391526218,-5.45964128715583
"ATTACGTCAAGTAAGC-2","female","Microglia",10.8994233472759,12.616579591587,8.2232579737949,1.05576273607424
"ATTACGTCACGAATTT-2","female","IN-CGE",-8.88632227345165,10.6743951433448,1.52448602021213,-9.59648353797981
"ATTACGTCAGCTAACC-2","female","OPC",-8.80549742146191,-8.2693848020287,-10.3019991368008,-5.74746114952156
"ATTACGTCAGGCGATA-2","female","Astrocytes",1.64038060740772,-2.59319394890981,-0.848785007367772,-3.10356409294197
"ATTACGTCATTGGGAG-2","female","OPC",-9.170632614333,-9.34284156624989,-8.99739937483792,-5.27041418296882
"ATTACTGAGGGTGAAC-2","female","Astrocytes",1.58839891986195,-4.25026840035634,-1.92778854071621,-1.39177210075447
"ATTACTGAGGTTACAC-2","female","OPC",-8.21445919438061,-9.03217262093739,-9.54232315718655,-5.57949669105598
"ATTAGCGGTAATGGAA-2","female","IN-CGE",-9.30311895771679,12.4161534899025,1.17127890885349,-9.87712700111457
"ATTAGCGGTCGTTACT-2","female","Endothelial",-0.681974245745506,-16.1788782483788,-2.22698907553677,3.20544736640862
"ATTAGCTCACCCACCT-2","female","Oligodendrocytes",3.06601785258595,4.91273027594371,0.589064076547581,11.5579382683556
"ATTAGCTCACTTGTTC-2","female","IN-CGE",-11.5552151338642,9.47103172476573,3.11983986199375,-9.53949005348274
"ATTAGGTGTCTATCGT-2","female","Astrocytes",-2.33734513683971,-0.963453710720109,2.70111389458652,-1.60063941223213
"ATTAGGTGTGTAATAC-2","female","Microglia",10.5572945936138,12.5055871599464,7.9411830455112,-0.734552690811839
"ATTAGGTGTTGCACGG-2","female","Microglia",11.2459637983257,13.2499833696632,7.91795726120945,-0.153502771683421
"ATTAGTCCAAACTGTT-2","female","IN-CGE",-7.69133640690502,10.6112371080665,-0.803784850980085,2.68819909351281
"ATTAGTCCATAGCGAG-2","female","OPC",-8.25782324238476,-9.12104457680898,-9.79650883376126,-5.45792419654914
"ATTATCCTCATTTAGG-2","female","Oligodendrocytes",5.34292815760914,3.14935344393535,0.00906755030627859,11.3055111672204
"ATTATCCTCGAGGAAC-2","female","VSMC",11.2894570691997,-3.75946086709218,-3.73161225020413,5.82044379966668
"ATTCACTTCCGTAAAC-2","female","Microglia",5.20143912867847,-3.69890588586049,0.583502724771458,-2.42729575378486
"ATTCACTTCCTAATTC-2","female","Astrocytes",0.372007952492867,-3.47362703149037,-1.90557770430569,-1.72827679855415
"ATTCACTTCCTTAGGG-2","female","Astrocytes",-2.07089163227734,-0.263746083423661,2.75115104020115,-1.77776152832099
"ATTCACTTCGCTATGG-2","female","Oligodendrocytes",3.51220344142262,4.63482266600413,1.02962298691745,8.90394132392815
"ATTCATGAGACACTTA-2","female","Microglia",12.1597535474712,12.4115748995094,6.51306720078464,0.261028638057027
"ATTCATGAGTGAGCAA-2","female","EN",-5.71609903736767,6.28732162649913,-4.01711659132962,-6.83380491478034
"ATTCCGGAGAGGCTAA-2","female","Astrocytes",1.38411151007954,-5.23332780663686,-2.31574814021115,-0.693052122421946
"ATTCCGGAGCGAGGTG-2","female","Astrocytes",0.821659551423225,-5.60843890969472,0.4444721490192,-3.92686207038948
"ATTCCGGAGGCTAAGA-2","female","OPC",-8.76016069813427,-9.00671809975819,-10.0722990482998,-5.80781538230964
"ATTCCGGAGGCTAATC-2","female","Microglia",10.9835898740703,12.3533855074195,8.17789264023777,0.102785458735738
"ATTCCTAGTAGGTTGC-2","female","Astrocytes",-1.46145166321453,-4.52336543862538,0.909531071786839,2.49786727683953
"ATTCCTAGTGCTCCAC-2","female","Endothelial",-1.14713372154888,-15.729440153286,-2.79877571761135,4.91105597274712
"ATTCCTCCAAATGCCC-2","female","Oligodendrocytes",2.42774103717152,4.88880449469371,0.0609211474704326,10.0138451363366
"ATTCCTCCACGGTTTA-2","female","Endothelial",-0.899865819651451,-15.6229242688866,-2.78863291441922,3.294086625747
"ATTCCTCCACTAAATC-2","female","EN",-4.68358875675854,5.15696436102672,-4.03354577719693,-6.76364500267097
"ATTCCTCCAGGCCATT-2","female","IN-CGE",-10.3584005968159,9.64699608023448,0.48918171227451,2.62135033862999
"ATTCGTTTCAAAGGCA-2","female","Astrocytes",1.12609206275288,-2.98812288109975,1.06554682553287,0.286470999888692
"ATTCGTTTCGTTAGCG-2","female","Microglia",-1.3103147284573,-15.7948641187401,7.44888682663913,0.176858296565328
"ATTGAAGCACCGGCTA-2","female","Oligodendrocytes",6.55954240397755,1.23251900012775,0.178463771944004,10.1039034630578
"ATTGACTCAGCACGAA-2","female","EN",-6.21287609501537,6.80070167715831,0.824997618799168,1.86191581743172
"ATTGCACAGAACAAGT-2","female","Astrocytes",0.981544123452339,-4.95144504372792,-1.48579417168621,-0.0102740023810527
"ATTGCACAGAATCTCA-2","female","IN-CGE",-11.7632677690571,8.85397726233287,3.36157889664646,-8.85238678199836
"ATTGCACAGGAACGGT-2","female","Microglia",9.19391130046192,12.2893939607887,6.84199710190769,0.0514955426972249
"ATTGCACAGGTGAAAT-2","female","Microglia",11.6358535154277,12.947374879673,8.21536727250095,-0.868576118775096
"ATTGCGCCAAGATTCT-2","female","Microglia",5.45675014094654,-4.14932102029042,-0.258906826372188,-4.04627639991828
"ATTGCGCCAAGCCACT-2","female","Oligodendrocytes",4.79207299784962,4.07555490668101,0.517305091028172,9.66404216545037
"ATTGCGCCAAGCTACC-2","female","Microglia",9.67845700816456,12.3299756639747,5.48602385819431,0.471029689482961
"ATTGCGCCACAGAACG-2","female","OPC",-7.79672218723949,-7.35011333291249,1.62095923722263,2.30706935184411
"ATTGCGCCAGTTTACG-2","female","IN-CGE",-11.447768463332,9.00688987906261,2.93913598359104,-9.15239937049934
"ATTGCTCGTGGATTCA-2","female","Astrocytes",0.96439300612751,-4.69263023202138,0.863286808137852,0.524071773461614
"ATTGGCTAGCTGCACA-2","female","Astrocytes",1.21727822856251,-4.2027778035851,-2.49323587119107,-1.16537434799262
"ATTGGTTCAAAGCCTC-2","female","Astrocytes",2.83461998538319,-3.87649577920155,-1.86617426573758,-1.05565530998298
"ATTGGTTCAAGGTAAC-2","female","Astrocytes",-3.71887756748852,-4.0837387448998,-2.15665058791165,-0.431473562546458
"ATTGTCCGTAAGGTCC-2","female","Endothelial",0.0218424661571122,-15.4758123761864,-3.28421168028836,5.07862489478997
"ATTGTCCGTAATGACT-2","female","OPC",-7.49286867542919,-10.2560991651268,-8.71928934752468,-6.6414921973426
"ATTGTGATCAAACCGT-2","female","Astrocytes",0.611085878174934,-2.95134013955312,1.06208820641513,0.440475216082845
"ATTGTGATCCTGATTT-2","female","Astrocytes",-1.26662196083721,-4.47912114922719,0.453558519487339,0.765045424870763
"ATTGTGATCGCTAAAC-2","female","Pericytes",7.94106076793018,-13.5606312162133,-4.46676783263211,4.72082989471367
"ATTGTGATCGCTATGG-2","female","Oligodendrocytes",6.49543164805714,1.28922013874335,0.150903418664891,10.7619320656579
"ATTGTGATCTTGCTAT-2","female","Pericytes",7.70902131633106,-13.1820806867333,-2.78875486552243,5.02896039741448
"ATTTAGCCACATACTG-2","female","IN-CGE",-3.30668331547436,13.984369813755,1.34142990410801,2.4905993248742
"ATTTAGCCACCTGCCT-2","female","Microglia",-5.21661735935863,-3.67243570153432,-2.6204008310986,1.3333301748555
"ATTTAGGTCACTAAGC-2","female","Astrocytes",1.33584807948414,-5.25062745873647,-1.95417110621456,-0.874683568306651
"ATTTAGGTCATTACAG-2","female","Oligodendrocytes",5.57032702998463,2.7141904228477,0.892290309076268,9.95455138938836
"ATTTAGGTCTAAGTGC-2","female","VSMC",10.7397458417827,-2.78415817086415,-3.38898806273465,5.80522458808831
"ATTTAGGTCTACTAAG-2","female","Astrocytes",1.89622353152576,-5.71587461297231,-2.28896538912777,-0.0823766682822368
"ATTTGCAAGGGATGAC-2","female","Oligodendrocytes",2.56623934344593,4.82622152502818,0.256802514200169,11.2610852028649
"ATTTGCAAGTCATTAG-2","female","Astrocytes",0.41512839631382,-4.84884399239735,-0.889502938832086,-2.39912349922248
"ATTTGCGCAAACTCAT-2","female","Astrocytes",1.1245938404018,-5.24823278252797,-1.71732531487469,-0.404925057717051
"ATTTGCGCATCCATCT-2","female","Microglia",11.7330930097515,12.7484956377296,7.4924001246738,-0.426523277588572
"ATTTGCGCATTGTGGC-2","female","Microglia",5.30097268657032,-4.30797761742787,0.635694101457554,-3.76004678947517
"ATTTGTGAGCTCGCTT-2","female","OPC",-8.0067093507832,-8.92650169198232,-9.27171330153469,-6.16788894874641
"ATTTGTGAGGGCCACT-2","female","OPC",-8.59981562061962,-7.63264888589101,-9.96778015791897,-6.33517963630744
"ATTTGTGAGTTGTCAA-2","female","Microglia",10.3594500883037,12.7998490923194,8.07160945237156,-0.438823411293711
"ATTTGTGAGTTTAACG-2","female","Astrocytes",-3.63876248760876,-3.08458608452992,1.14314778149601,-1.72354943496772
"CAAACAACACAATGTT-2","female","Microglia",-0.362202017146912,-4.3883361226769,-0.104351267213863,1.49028151290825
"CAAACAACATCAATCG-2","female","Microglia",11.7600505216533,11.183118402317,6.37667031586643,0.386980583838735
"CAAACAACATCGTTCT-2","female","Astrocytes",1.01525829867664,-5.59780925576405,-1.83045743405346,-0.369197199173655
"CAAACACTCCACCTTA-2","female","Microglia",11.4200436933452,13.4029832475929,7.59543509781833,0.227218499354635
"CAAACACTCCTTCGTA-2","female","Microglia",12.0840871198589,12.9298186891822,8.28289313614841,-0.77205450279304
"CAAACCGTCAAGTGTC-2","female","Astrocytes",1.20576726035419,-5.67203992669301,0.864099934701878,0.924505608103786
"CAAACCGTCACTTCAT-2","female","OPC",-8.25069643421825,-9.51331561867909,-10.0664816349698,-5.67637617332527
"CAAACCGTCCGCCAAA-2","female","Microglia",7.49795983866993,9.6142764681129,6.38983722031589,2.11324827926568
"CAAACCGTCCTAGTTT-2","female","Endothelial",-0.508011047307219,-15.5259661084862,-0.162377879018825,3.71994726913384
"CAAACGCGTTGCAATG-2","female","IN-CGE",-10.8352129594868,10.5632959001808,-0.742470838124794,2.50146703975609
"CAAACGCGTTTCCACG-2","female","Astrocytes",3.5924141271526,-2.98940175835805,-2.50569538771633,1.0472564976137
"CAAACGCGTTTGAGGC-2","female","OPC",-9.11018301411327,-9.54761642281728,-9.1477308720303,-5.89476663810798
"CAAACTGGTCTTGCAT-2","female","VSMC",11.6198928220684,-3.12818092171864,-3.77823142706875,6.08209817665032
"CAAACTGGTTCGCGCT-2","female","OPC",-9.58213068409618,-8.82661575143056,-9.73380951582913,-6.36829693061897
"CAAAGCGCATCCCTCA-2","female","Oligodendrocytes",4.29814981059376,-2.11287421052174,1.50760455430027,-2.43874842865058
"CAAAGGATCGGTTCCT-2","female","Oligodendrocytes",4.73253892497364,4.13440161879344,-0.0613932460499226,10.9969364907067
"CAAAGTGAGCCTTAAA-2","female","OPC",-7.49116779728588,-6.67363876168446,0.708030417566258,3.54040758865288
"CAAAGTGAGTAGCTTA-2","female","Microglia",6.77840159968678,10.2716975801734,8.31392379105564,0.0844612027924397
"CAAAGTGAGTCTTGAA-2","female","Microglia",4.30937312678638,-4.4547776586266,-1.10924662649159,-1.08830840332099
"CAAATCATCCTAAGTA-2","female","EN",-6.37976433201488,6.7528901689796,-0.581855490798992,3.20044987457207
"CAAATCATCTTGACCC-2","female","Oligodendrocytes",5.95038674907032,0.563386618450118,0.0432652384090008,10.1590906883996
"CAACAATGTAACGAGG-2","female","Microglia",11.3669202192241,12.9413676851539,7.81172080338474,0.44177823322228
"CAACAATGTCGCAAAC-2","female","IN-CGE",-9.55890108509716,10.0356288545875,2.01901574433323,-9.33866626960823
"CAACAATGTTTGGCTT-2","female","Microglia",12.0146567686016,11.9595523470191,7.97840781510349,0.35353462951592
"CAACAGGCAAGCGAGC-2","female","Microglia",10.6301152570659,11.1798043840675,6.7960266619968,0.885361304454122
"CAACAGGCAATGAATG-2","female","Oligodendrocytes",5.50299857692066,2.50480133230968,0.139972761278111,10.4769465233605
"CAACCCGCAATTATGC-2","female","Microglia",8.44714330272022,11.893585740879,7.67339034379001,0.44431637781075
"CAACCCGCAGCAATAA-2","female","VSMC",10.8879544599468,-2.52944415871816,-3.57657460867886,5.48589389579705
"CAACCCTTCCTACCTA-2","female","VSMC",12.1039912565166,-3.93242830102162,-3.50793318449978,6.20258157508782
"CAACCCTTCTGTTGCC-2","female","VSMC",11.3691127164775,-2.44357746903615,-3.52158193289761,5.91089408653191
"CAACTAATCCAGGTCA-2","female","Oligodendrocytes",6.25132440165821,2.31940001185222,-0.416183993215603,10.7940937783044
"CAACTAATCGCCTAAG-2","female","IN-CGE",-13.0071947710102,2.12068539793773,1.41323490441318,2.85413329856804
"CAACTAGGTAACAGGG-2","female","Oligodendrocytes",5.39645408229176,3.35281127627177,0.0919135958003582,10.2679497505944
"CAACTAGGTAGCTAAT-2","female","Astrocytes",1.82285951213184,-4.03182166878896,-0.308410212392849,-0.0884329770285747
"CAACTAGGTCCTTAGT-2","female","OPC",-8.7403404848164,-9.26016086404042,-9.97401718794827,-5.88105375511238
"CAACTAGGTGCTCACC-2","female","VSMC",10.9923083646709,-3.60865825478749,-3.31035046278958,5.78194873588494
"CAACTAGGTTTAGCGA-2","female","OPC",-8.90662790699657,-9.53292602364735,-9.42196850478176,-5.28091413719245
"CAAGAACCAAAGGCCA-2","female","IN-MGE",-12.1608069078511,3.01880901987834,6.25442214310642,-4.77602894050666
"CAAGAACCAACCTGGT-2","female","Astrocytes",-0.971954657275047,-4.78272765938954,-2.09571401774411,-1.01959581119606
"CAAGAACCAATAGTCT-2","female","OPC",-8.27371956272778,-9.4961447126122,-10.348259970541,-5.69793922645637
"CAAGAACCAATTAACC-2","female","OPC",-8.34153152867016,-8.69565719430165,-10.5448694676114,-6.27660639030525
"CAAGAACCAGGCTTCG-2","female","Astrocytes",-0.294672115284767,-4.98482459847646,0.261024907236058,1.04958975868634
"CAAGACAAGGACAACA-2","female","Astrocytes",-1.34794594212231,-4.62471717660146,-2.1633958071423,-1.58710868103095
"CAAGACAAGGAGCACG-2","female","OPC",-8.04951168461498,-8.20140022103505,-9.44530396162991,-6.38866169197151
"CAAGACAAGGCCTGGT-2","female","Microglia",7.50390933589283,9.38021761114879,-2.55910496413235,2.92072611110619
"CAAGACAAGGTTACAC-2","female","OPC",-8.38934780522045,-9.60816520516591,-9.31231884657864,-5.62897045356819
"CAAGCTAGTTGGATCA-2","female","Astrocytes",-6.23873878880199,-10.9445165998192,-0.336968883867305,-3.23142654640266
"CAAGGCCTCATTACAG-2","female","IN-MGE",-12.2477972642964,2.37922763760371,6.17554517090793,-5.51398069603034
"CAAGGCTGTAACCACA-2","female","Astrocytes",0.474122331898842,-5.28294891183095,-2.49745754897122,-0.919729301758494
"CAAGGCTGTACCTTAC-2","female","Microglia",5.21145032481495,-3.78459256951527,0.178078249101597,-1.20458919746467
"CAAGGCTGTGCACGCA-2","female","Astrocytes",0.893630967896614,-4.4841555959435,-0.786878217006963,-0.142934629746165
"CAAGGCTGTTCATTTG-2","female","Astrocytes",1.7147114141399,-4.06570905511098,-1.27099983393673,-1.04102689964363
"CAAGGGAGTACCGGAT-2","female","Microglia",11.8910128934795,12.5656095140724,7.46857924759861,-0.377304742165293
"CAAGGGAGTCAGGCAT-2","female","Microglia",5.59963630275074,-4.32233518426137,0.476150706415135,-3.83210975868293
"CAAGGTAAGTTAGAGG-2","female","Astrocytes",2.16154836253468,-4.54526561562734,-2.05930475890164,-0.528554746933665
"CAAGGTTTCCAAACAC-2","female","OPC",-9.19199015064892,-9.43271297280507,-10.4801941364956,-6.45364887458869
"CAAGGTTTCGCTAGAT-2","female","OPC",-8.75088240070995,-9.0955099469872,-9.5780754536343,-5.33372051460334
"CAAGTAACACAACAAA-2","female","OPC",-9.45568491383251,-9.3832935697289,-9.83521752058987,-5.21210796577522
"CAAGTATGTTTGTCTA-2","female","Pericytes",7.88596414164845,-13.5859569913598,-4.54538540541653,4.82869022148064
"CAAGTGAAGGCCTTAG-2","female","Astrocytes",-1.05013991757092,-1.04652470414357,1.4769725352573,-2.00549394828865
"CAAGTGAAGTCATCCC-2","female","EN",-4.67974401875195,5.49622923071666,-3.67201285063748,-6.46185047370979
"CAAGTTATCAAACCGT-2","female","IN-MGE",-12.4559023515767,3.07263725931926,6.26121278107639,-4.72748453361579
"CAAGTTATCACAGACT-2","female","Microglia",11.95264028148,13.0439077013282,8.17916007340427,-1.00884897453376
"CAATAAGCAACTCGCG-2","female","Astrocytes",1.66536592082325,-5.09225028817372,-2.31098835169796,-1.69936592323371
"CAATAAGCAGTAAGTA-2","female","Astrocytes",0.0863196118289567,-3.28712743584828,0.00423748791690481,-1.71102411491462
"CAATAGCTCACGCATG-2","female","Microglia",-11.3333208696431,0.567855834320022,0.113179638986546,-3.69184429390022
"CAATAGCTCATGACCG-2","female","Microglia",7.86167501048389,11.4089198702125,7.94069571793552,0.780571957997594
"CAATAGCTCTTTGTAC-2","female","Microglia",10.2032067640239,12.831350862339,2.07824511826511,2.38935249107293
"CAATATGTCCAAGTGT-2","female","Astrocytes",1.22901950911823,-4.52408593957143,-2.36111192404751,-1.18688900215217
"CAATATGTCCGTTAAA-2","female","Pericytes",7.65148519114796,-13.2109846479149,-4.46240048110012,4.95244782226494
"CAATATGTCGTCCTTA-2","female","VSMC",11.9589431150371,-3.0198697454186,-3.5863557308865,6.29679029243401
"CAATATGTCGTTAAGC-2","female","Astrocytes",1.13413892821613,-5.332666338131,-1.45172356068615,-1.31413228256294
"CAATCCCTCACTAGGT-2","female","OPC",-7.05310799046215,6.80308014090343,-8.84241013228421,-5.15629274589607
"CAATCCCTCGTCATTT-2","female","OPC",-9.31974913044628,-9.46273940865712,-9.73614887892727,-5.03013975364753
"CAATCCTGTCCACAAA-2","female","VSMC",10.825557456773,-3.149072588131,-4.01693706213955,5.50788562553338
"CAATCCTGTCCTAAGA-2","female","Astrocytes",-4.0063784257954,-2.84488910500722,2.52984996140476,-1.56102473480293
"CAATCCTGTGGACCTG-2","female","Oligodendrocytes",3.28670142726246,4.80908447439952,0.624026730661351,9.66439025657586
"CAATCCTGTGTGCAAC-2","female","Astrocytes",-0.546036495405998,-4.61793083016591,-1.67661665379528,-0.850230524368968
"CAATCGCCAATTAGCT-2","female","Oligodendrocytes",5.88688443736378,0.841186761215164,0.433442071084935,10.1719910408776
"CAATCGCCACCGTTCC-2","female","Astrocytes",-0.833607925612297,-1.25214570824818,1.26828499138828,-1.46593029243537
"CAATCGCCATGGCCTG-2","female","OPC",-9.04823519154247,-8.89911311928944,-9.85850815474514,-5.59397537452766
"CAATCTAAGGCATTAC-2","female","OPC",-9.09790254994091,-9.68318218056874,-10.1043549030972,-5.65760214073249
"CAATCTAAGTGACCTG-2","female","OPC",-8.67329908772167,-8.33502906624989,-9.88395886122708,-5.46346218330451
"CAATGAACAATTTGGT-2","female","Astrocytes",-1.12836451693233,-4.39762967889027,1.63825626671787,2.27288573043755
"CAATGAACAGCAAATA-2","female","Pericytes",8.17946790293995,-13.6845926648827,-4.25847916304592,4.86403816001824
"CAATGACTCACAGCCA-2","female","Astrocytes",-2.46249689026531,-1.46758621995168,1.89381285012241,-1.60786301834175
"CAATGACTCATGAAGG-2","female","Astrocytes",-1.29219902916607,-1.0846833593102,1.3652998954105,-1.69613249046394
"CAATGACTCCTCGATC-2","female","IN-MGE",-12.4829104082173,3.14805895026012,6.21520657837864,-5.08840210182258
"CAATGACTCGTTACTT-2","female","OPC",-8.70245291157421,-9.43557399575429,-9.6501665562344,-4.93936474067756
"CAATGACTCGTTTCCA-2","female","Astrocytes",1.46063803271595,-4.34119027917104,-0.699328958983463,-0.626916954346385
"CAATGCCCAACAACAA-2","female","Microglia",5.58749126033131,-4.3174394971581,0.610531166200596,-3.90421278221199
"CAATGCCCAACTAACT-2","female","IN-CGE",-13.3992617265767,1.52150998386724,0.481711819772679,2.73218601005486
"CAATGCCCACAGGATG-2","female","Microglia",11.4203317029888,12.80847698386,8.29777713120456,-0.296634981461253
"CAATGCCCACATAACT-2","female","OPC",-5.25845171375927,-13.2361530667992,1.04062290490146,1.02351333381942
"CAATGCCCATGTTGGC-2","female","OPC",-9.41835237904247,-8.90534442727284,-9.41210941969876,-4.92554647666999
"CAATGTCAGCTCAAAC-2","female","Microglia",5.13923238353077,-4.3643931752892,-1.83763639628414,-0.129838535614695
"CAATGTCAGGAGGCAT-2","female","OPC",-9.48806692524609,-8.58340972726064,-9.77115254103665,-5.84962589485237
"CAATGTCAGGCATTGT-2","female","OPC",-8.64950968189892,-9.09673255746083,-8.84618286787991,-5.21611101371833
"CAATGTGGTAATGGCC-2","female","Microglia",-5.10137058659252,-3.67762225930409,6.8913578540134,0.772574877313886
"CAATGTGGTTAAGCGC-2","female","IN-CGE",-11.4602759019917,9.3111906641273,3.34394402802463,-9.05071289283821
"CACAAGCGTACGGTAC-2","female","Astrocytes",-0.282094968993034,-5.07188934151845,-2.09614889323239,0.276626160315786
"CACAAGCGTTGTCCAT-2","female","Microglia",10.5465829236919,12.8838792436866,7.94370265305515,-0.669479915924754
"CACAATATCAGGGCCT-2","female","Oligodendrocytes",5.66136716441456,3.42600208456798,0.0585621148395122,10.3202740456384
"CACAATATCCCGTTTA-2","female","OPC",-8.53929830952343,-9.19481319253163,-9.81013779341702,-5.32635242683479
"CACAGGCTCCCTCAAC-2","female","Astrocytes",-1.78638006611523,-0.284291446849869,2.05565162003513,-1.91989142639228
"CACAGGCTCGCAAACT-2","female","Astrocytes",-1.9130973951405,-0.722387254879044,1.83769913018222,-2.00594074470588
"CACAGGGAGCAAACCT-2","female","Endothelial",-0.734471036631432,-15.8697084790917,-3.00930838286404,3.81800525443963
"CACAGGGAGGCCCAGT-2","female","Astrocytes",-5.50659490986523,-4.37320178811269,1.07992418110843,0.295564046077047
"CACAGGGAGGTTTGAC-2","female","Microglia",9.54475091533009,12.5805383318214,7.1773595362949,1.20696268039158
"CACATAATCTGCAAGT-2","female","Oligodendrocytes",5.46536801890675,2.69038063223643,0.549782231454808,10.6981426979821
"CACATAATCTTGCAGG-2","female","EN",-5.50573326512035,5.42104154761119,-0.428385809059185,1.76438294904641
"CACATACAGATAAAGC-2","female","Oligodendrocytes",5.74053262309376,1.12689009244723,0.0243401676463665,10.4512669350427
"CACATACAGATAGACG-2","female","IN-CGE",-8.75231577320751,10.8161111467628,1.32255883515354,-9.49020702583381
"CACATACAGTAGGCGG-2","female","OPC",-5.5783589021748,-3.00994342629628,-3.61666922270779,-6.04651529533454
"CACATTAAGACTCGCA-2","female","Astrocytes",-0.776244177061882,-1.27777856652455,1.36620207131382,-2.16889126045295
"CACATTAAGCTTGCTC-2","female","Microglia",11.5120351179058,13.0553088777809,7.56983275712009,-0.362765381165232
"CACCAACCACATTGCA-2","female","IN-MGE",-11.7209351198262,2.94447463686748,6.41200204194065,-4.81812460166999
"CACCAACCACCTCAGG-2","female","Pericytes",7.57397626475636,-13.3835453397484,-4.53834943472866,4.82529800193718
"CACCAACCAGAGGGAG-2","female","IN-MGE",-11.9318545000142,2.75273424322887,6.37612767518039,-4.67601043922492
"CACCGGTAGCAGGTTT-2","female","OPC",-9.1662266389912,-9.24819988076405,-9.85625366866116,-4.98601515037605
"CACCGGTAGGAGTAAT-2","female","Astrocytes",-3.59462381764111,-2.77342170541005,1.82300086319919,-1.15157921058723
"CACCGGTAGGCGGGTA-2","female","Microglia",7.50915597514454,9.63203960593028,1.04034657776828,0.732034435443197
"CACCGGTAGGCTAGAA-2","female","IN-CGE",-9.70478559895214,12.2205920809059,1.38115830719944,-10.0884192679603
"CACCGGTAGTTATGTG-2","female","IN-CGE",-11.0997698442524,0.696012794330551,-0.333119615907711,3.00315683143548
"CACCTCAGTAATAACC-2","female","Oligodendrocytes",2.58217810229603,4.95411831076427,0.0879808217334331,11.3646561409753
"CACCTCAGTACGTTTC-2","female","IN-CGE",-3.30881668492016,14.1540990465431,0.806147530679661,-8.87327129585334
"CACCTCAGTGGTTAGC-2","female","Astrocytes",2.17964027957264,-4.31171220605092,-1.52394722401623,-1.81761510116645
"CACCTGTTCCAAATCA-2","female","Pericytes",8.05594514445606,-13.4757570630761,-2.74575190245633,4.92059843795708
"CACCTGTTCTGGTCCT-2","female","Astrocytes",1.08425031737629,-5.21838468377309,0.440447404985386,0.243390312365804
"CACGCAATCCCGTTAC-2","female","IN-CGE",-3.07190562649425,14.2316928499488,0.687027171258885,-8.63590461952278
"CACGCAATCCCTGGAA-2","female","Astrocytes",-2.13330067558941,-0.35559636418538,2.48848052323337,-1.6221104357917
"CACGCAATCGAAGTGA-2","female","Astrocytes",-1.51147867603954,-4.67008441750722,1.14772386849399,0.680595328978811
"CACGCAATCGCTAAGT-2","female","VSMC",11.8505427701885,-3.87735980813222,-0.806165359909576,3.61707823532036
"CACGCAATCTTAGGAC-2","female","Astrocytes",2.47238801554981,-4.72104066674428,-2.41224507987027,-0.67911393386909
"CACGCTAAGCTGGCTA-2","female","Microglia",11.5327899320537,13.2917686098365,5.87522216141697,0.395888021163259
"CACGCTAAGCTGTACG-2","female","IN-CGE",-11.8347008363789,8.65482813055797,3.14978094399448,-8.66260177833625
"CACTAAGGTCAAACTG-2","female","IN-CGE",-9.61646677418407,9.83766418631358,1.57270903885837,-8.55626041633674
"CACTAAGGTCATTAGG-2","female","Endothelial",-0.646104915577736,-15.9245752698632,-3.03454951941494,4.15755908744744
"CACTAAGGTGCTAGAC-2","female","IN-MGE",-12.4561731950825,2.78534120257182,5.79922194779392,-5.50074751121589
"CACTAAGGTGGATTAT-2","female","Oligodendrocytes",6.08679412440601,2.03890192444606,-0.33415995537762,10.1677977349084
"CACTAGCCACCTCAGG-2","female","EN",-5.10949350758251,6.27473837073131,-4.11002855002407,-6.61466676933357
"CACTGACCATCAATCG-2","female","Oligodendrocytes",2.40946482257191,4.94411450560374,-0.178685352201503,10.7933861519616
"CACTTAAAGAGAGGAG-2","female","Microglia",9.71049951152149,12.2650819414405,7.39061923325534,-0.616995880432811
"CACTTAAAGGCTGGCT-2","female","Pericytes",7.9914653165752,-13.578769148037,-4.30825261771206,4.79674880760125
"CACTTAAAGGTTAGCT-2","female","IN-CGE",-10.8628323213642,11.3879151933937,3.23671002686496,-10.4075968955238
"CACTTTGTCACCGGTA-2","female","IN-CGE",-9.08766104145702,12.4762998216896,1.25817818940159,-9.76730663520881
"CACTTTGTCGTTAGTA-2","female","Astrocytes",-2.54566360874828,-1.31114500825124,2.24383278191562,-1.8544479106147
"CACTTTGTCTCGACCT-2","female","Endothelial",-0.0724328891819381,-14.4803518659325,-0.779406465585273,2.16995458858422
"CAGAACCGTGGTGAGA-2","female","IN-CGE",-3.30247713490185,14.2185979479103,0.830883935098606,-8.53002865058967
"CAGAATCTCAAACACC-2","female","VSMC",10.8466479642803,-2.71688693825917,-1.17556248604779,3.45098035591057
"CAGAATCTCAGGTCCA-2","female","Astrocytes",2.28963707522694,-4.95115369622426,-1.94456319510464,-0.844118664093699
"CAGAATCTCATTACTC-2","female","Astrocytes",1.94983814791981,-4.63832420174794,-0.616781100626033,-0.239492962189402
"CAGAATCTCATTATGG-2","female","IN-CGE",-10.9175331728047,10.5441375368385,3.26913018525119,-9.73557502967903
"CAGAATCTCCATAAGC-2","female","Astrocytes",-1.93292440338787,-0.156543195888566,2.47047133744236,-1.52056772453376
"CAGAATCTCGAGGAAC-2","female","EN",-6.74940945072826,6.84844404394908,-0.238002881403011,3.40207140701226
"CAGATTCAGAACCTGT-2","female","Microglia",-6.43747688694653,6.61137014563365,7.77872748673435,-0.639406034775462
"CAGATTCAGCTATATG-2","female","Oligodendrocytes",4.04136680201832,4.63731294806285,-0.236802801485103,10.5204645897668
"CAGATTCAGGCCGGAA-2","female","Astrocytes",-2.93915106220898,-1.72681468789296,0.411258652811009,-1.05247766716072
"CAGATTCAGTCATTGA-2","female","EN",-4.78346754475292,5.50353723700328,1.1178040057468,1.3386340345662
"CAGCAAGCAAACAACA-2","female","Microglia",11.5330703123027,12.6414723985939,7.43320460618015,-0.238023707695689
"CAGCAAGCAAGCTTAT-2","female","Astrocytes",-2.18748618527111,-1.48014921014027,2.00372977555271,-1.79791457397529
"CAGCAAGCAATGAATG-2","female","Microglia",-6.63328148289379,-9.62077468697743,-7.98178343474392,-6.19095260841438
"CAGCAAGCAATTGCGC-2","female","Astrocytes",1.44691597060505,-5.72110647027211,-0.040749177331966,0.136241843871389
"CAGCAAGCATGAATAG-2","female","Microglia",10.4886329038555,12.9132991426734,7.23235984147068,-0.277259657211985
"CAGCATGTCCCGAAGC-2","female","IN-MGE",-11.9897902147358,3.05062037642284,6.3752617389011,-4.66228086692878
"CAGCATGTCGCAACAT-2","female","OPC",-7.539932979781,-6.68680042092519,-0.247196659441036,3.56237857597283
"CAGCATGTCGCAATCG-2","female","Microglia",11.3901727064067,13.0923171633033,8.65077872574802,-0.0167536829192302
"CAGCATTAGCCGCAGT-2","female","Oligodendrocytes",5.96503852443043,1.20797216828151,0.0887959152507366,10.6711613442223
"CAGCATTAGTCAGGCC-2","female","Pericytes",7.64230798320118,-10.9525408155175,-3.6323352307034,3.94290607231072
"CAGCCAATCATCAGTA-2","female","OPC",-8.68731333180126,-9.67979854409413,-10.5353212803555,-5.88743145210334
"CAGCCAATCATTATGG-2","female","OPC",-9.51256681843456,-9.33759445016103,-9.46887974440579,-4.90689260704109
"CAGCCTAAGACAAACG-2","female","Astrocytes",0.876861916344795,-3.08130973641591,-1.75861130654339,-1.26212007743904
"CAGCCTTTCACTCAAA-2","female","Endothelial",0.727639184754524,-14.6534819013329,-2.60848610102658,3.83072011726311
"CAGCCTTTCCTGGCTT-2","female","Endothelial",-0.424448824066486,-15.5516504651757,-2.16372947394375,4.09759061592034
"CAGCCTTTCTTGAGCG-2","female","Oligodendrocytes",5.3063452108318,3.38608115847392,0.354426339273411,1.567204644851
"CAGCTAAGTCTAGCTT-2","female","Microglia",10.8623187406475,12.5754066103248,7.11557288468357,-0.452505061455455
"CAGCTAAGTTGGTTCT-2","female","OPC",-8.98114038868603,-9.21442550484853,-10.2240295857144,-5.33335621101448
"CAGCTCAAGACAACGA-2","female","IN-CGE",-3.35582448406872,13.9890933626441,-0.0987341254902302,3.60838883178643
"CAGCTCAAGCGCAATT-2","female","IN-CGE",-11.5807984010762,11.6677079790382,3.33601374924656,-10.5992015097816
"CAGCTCAAGTTAGAGG-2","female","Astrocytes",-1.87338282032665,-1.94494718377309,0.517876699571568,-1.22882969123908
"CAGGAAGGTACCGAAC-2","female","OPC",-5.55973650379833,-12.8609871274682,-12.5690012425137,4.38509791152886
"CAGGAAGGTCATAACG-2","female","Astrocytes",-1.96507276459393,-0.359567940876053,2.31703038514133,-1.50463301879951
"CAGGAAGGTGATGAAA-2","female","EN",-6.3273389474934,6.82583242590709,0.357356980447728,3.07142060058526
"CAGGACACAATATACC-2","female","Microglia",5.70193217830006,-4.24115604226308,0.633222654466587,-3.96453411323616
"CAGGACACACAATGTT-2","female","VSMC",11.986274467271,-2.9324936277123,-2.95826368033413,5.40907638328484
"CAGGACACACTAGCGT-2","female","OPC",-8.57008005543407,-8.54531139199452,-10.1736860722256,-6.13793117744514
"CAGGACACAGCAATAA-2","female","Astrocytes",2.38668941096607,-5.01792758767323,-1.86974184214596,-1.08408195716926
"CAGGACCTCAAGTGAG-2","female","Microglia",11.0040891035015,12.2380643480567,8.1380939036655,-0.0623217318732402
"CAGGACCTCAGGCCTA-2","female","Astrocytes",1.15936695174519,-4.40386480157094,-2.38604108988766,-1.06116778595039
"CAGGACCTCGCTCACT-2","female","Oligodendrocytes",4.03598521785084,4.60286503966136,0.230433300142247,10.206093480758
"CAGGATGCAGGCAAGC-2","female","Microglia",11.0943009717876,12.0315356844215,7.65370841324802,0.0717596914093831
"CAGGCTATCAGCAAAG-2","female","Astrocytes",-1.99427904053387,-0.624078453228043,2.04553504288669,-1.05265362007209
"CAGGCTATCTCCATAT-2","female","OPC",-9.17569948597607,-8.61986297433095,-9.96913914381985,-6.40606052620002
"CAGGCTGGTAACAGGG-2","female","Astrocytes",2.04257320002857,-4.8744463330956,-0.965310066933673,-1.04633028251716
"CAGGCTGGTCAATACG-2","female","Microglia",-0.0933285491054915,-15.5195459729882,7.26572032273288,1.03620073007754
"CAGGCTGGTCACTCGC-2","female","VSMC",11.179932342332,-2.76775640313344,-3.95081643759732,5.32773893135003
"CAGGGCTTCATGCAAC-2","female","Microglia",10.4365870817119,12.6213908785133,7.8405036479282,-0.328386614151683
"CAGGGTGAGGCAACAA-2","female","Astrocytes",0.681121097367439,-4.25037854973988,-0.78250112384085,-0.0127488468367717
"CAGGGTGAGGCTACAT-2","female","Astrocytes",-2.11429490013775,-1.01744598214345,2.37914128602024,-1.65989024383613
"CAGGGTGAGTTAGAGG-2","female","Astrocytes",0.990472660821114,-4.62841552560048,-0.209645554418605,0.163609972171102
"CAGGTCCAGATACTTG-2","female","Astrocytes",-3.59805537625011,-2.20550721947865,2.35345883667942,-1.47581393463203
"CAGGTCCAGCTCAAAC-2","female","IN-CGE",-8.6700976030415,10.7534537905006,1.36243481934543,-9.26309234840461
"CAGGTCCAGGCCTAAT-2","female","Microglia",-5.38316942616161,-3.71367162530141,-1.77188549935345,0.583485921792302
"CAGGTGGAGAGAAGGG-2","female","Astrocytes",0.507523999970589,-4.70770639245229,-1.90103308856015,-1.20794112426826
"CAGGTGGAGCACAGAA-2","female","Microglia",11.0828339918071,11.8084750765113,7.51087088883396,0.385022332839284
"CAGGTGGAGTTGCGTG-2","female","OPC",-9.25645853443798,-8.7641882306786,-10.2070036381436,-6.71142132026741
"CAGGTTAGTATGGTGC-2","female","Astrocytes",2.33446978167835,-4.93911069695668,-2.52204601466183,-0.651926228829112
"CAGGTTAGTTGGTTAG-2","female","OPC",-9.68300749226269,-8.99889129464345,-10.0639620274258,-6.62191564781257
"CAGGTTTAGCAATAGG-2","female","IN-CGE",-11.0409252779072,10.1313415163307,3.13664312661167,-9.79508907539436
"CAGGTTTAGCGAAGTA-2","female","Oligodendrocytes",6.73624204234425,1.73092093999667,0.0883843451785625,10.2738739754479
"CAGGTTTAGGCTACTG-2","female","IN-MGE",-11.2319939271992,2.03377699787898,6.69158072770115,-5.52853901130744
"CAGTACCCAAGCGATG-2","female","Astrocytes",0.699145303528938,-4.48544782464223,-2.34842185675625,-1.24472052795478
"CAGTACCCACAACAGG-2","female","Astrocytes",-2.00708605213818,-4.39614719216542,-1.84105502068524,-0.0728916619498393
"CAGTACCCACCTCGCT-2","female","OPC",-9.15847898884472,-8.175204694912,-9.95230869948391,-5.6512954924781
"CAGTACCCATCCTGAA-2","female","Oligodendrocytes",5.42800115184132,2.40315335924907,-0.0142400711727558,11.0618407036584
"CAGTATGGTCAGGCCA-2","female","Astrocytes",1.39549254016224,-4.92158740822987,-2.23301176726345,-0.53467817051002
"CAGTATGGTTAGGCGT-2","female","IN-CGE",-9.01911665363964,11.0123773210792,1.4015867263126,-9.58396274787971
"CAGTATGGTTGCCTCA-2","female","Astrocytes",1.10604404048267,-5.67947191064076,-2.42407278716091,-0.847995111771311
"CATAACGGTAGCCATA-2","female","Microglia",11.0677478177959,13.092635690525,7.18858332932468,0.41181384580544
"CATAACGGTGTCCAGG-2","female","EN",-6.27806974812206,6.77693468268199,1.03867383301731,2.74876706855706
"CATAACGGTTAGTGAT-2","female","Astrocytes",-1.92697633667644,-0.669196308300065,1.83060188591953,-0.723630497284617
"CATAAGCTCAATGAGG-2","female","Pericytes",7.60915063456837,-13.0410408384057,-4.42579154669766,4.6229759957116
"CATAAGCTCATGGCCA-2","female","Microglia",11.8149497373516,12.3278422945289,8.03695674241062,-0.0966082308966777
"CATAAGCTCGCTATAA-2","female","Astrocytes",0.987019882958565,-5.59320062463002,-1.72191803156857,-1.85659129364082
"CATAATCCACAAAGCG-2","female","Endothelial",-0.951093299824562,-16.3384355909081,-3.05009202658657,3.70885961311272
"CATAATCCAGGCATGA-2","female","OPC",-8.67696405811962,-8.44864600960927,-10.1745472401333,-5.84927255851814
"CATAATGTCATTGACA-2","female","VSMC",10.9454686506206,-2.41315263573842,-3.44033126532559,5.75263135688714
"CATAATGTCCGCCAAA-2","female","Astrocytes",1.33594356612507,-4.00813239876943,0.0489059835719646,0.546917309932027
"CATAATGTCGAAGTGA-2","female","Astrocytes",1.0639260871822,-4.36403554742055,-2.63730935751919,-0.969256112404551
"CATAGACTCCAGGGAG-2","female","Oligodendrocytes",5.05666373805347,3.90477710898204,-0.326544508333248,11.1875645424645
"CATAGACTCCTAACGG-2","female","Microglia",11.7052600248272,13.2292514436988,6.9715113192844,0.500272443465505
"CATAGACTCTAATCCT-2","female","Astrocytes",-0.722810833293762,-1.8459605581017,0.74193616211887,-1.74396021110603
"CATAGCTAGCAAGGTA-2","female","Microglia",11.2611243589336,13.4126039140968,7.62175174057956,0.475720843247686
"CATAGCTAGGAAGCTA-2","female","Pericytes",7.6412513120586,-13.065868795559,-2.34930901228909,4.03748410003594
"CATAGGCGTAACTACG-2","female","Microglia",10.6966321332866,12.7204089754371,7.67889495194431,0.00241505163124589
"CATAGGCGTGGACCTG-2","female","Astrocytes",-0.368950157005157,-5.04611057107167,0.107571557168919,0.0623410846512654
"CATAGGCGTTTAACCC-2","female","Pericytes",7.69591687754932,-13.3608688718529,-4.12883524596218,5.47339933174065
"CATAGGCGTTTCCTCC-2","female","IN-CGE",-11.057182563979,10.1283622377662,3.42702431977268,-9.79775554878303
"CATAGGTTCAAGACTC-2","female","Astrocytes",1.225483284753,-4.37202733819203,-2.43852560221676,-0.629575321503367
"CATAGGTTCATTTGCT-2","female","OPC",-4.89554764195141,-13.1761526471825,-12.6063681095791,4.28238027351311
"CATAGGTTCATTTGTC-2","female","Oligodendrocytes",5.72129653529469,1.74110731418414,-0.249297305936855,10.1052185799401
"CATAGGTTCTAAGTGC-2","female","VSMC",11.9731433256084,-3.13221448723988,-3.51970152556424,6.40766589897088
"CATAGTCAGCTAAGTC-2","female","IN-CGE",-10.9378063814228,11.5034356706886,3.04745717347141,-10.2968838904578
"CATAGTCAGCTCATAA-2","female","Microglia",11.8879392011577,13.1647258394508,7.48974509537693,-0.165174672432627
"CATAGTCAGCTTCTCA-2","female","Oligodendrocytes",5.75540183619801,1.82134652073665,0.823780849580723,9.41628234641961
"CATATCGCACAAACTT-2","female","Astrocytes",1.37291751937214,-4.27935737435536,-2.5515554398251,-1.10845095855781
"CATATCGCATGAGTTT-2","female","EN",-5.03203417225536,5.53737503226085,-3.87981538474087,-6.89179546577522
"CATCAATCAACCTAAT-2","female","Pericytes",7.83550046519581,-11.3507904416771,-3.00975780188565,5.06343715446404
"CATCAATCAAGACTCC-2","female","Astrocytes",1.40950690345112,-4.59455198113637,-0.390853717918438,0.00269543188026933
"CATCAATCAGTAAAGC-2","female","Astrocytes",-1.51885522766766,-0.509121120616959,1.7211541682529,-2.17666680557319
"CATCACACACAGAACG-2","female","Microglia",10.3044087751323,11.5767570131568,7.45917601883884,0.174151828460012
"CATCACACACTTAGGC-2","female","IN-CGE",-9.68472029133495,9.90423828299327,2.70591731369968,-9.20629150611946
"CATCACACAGGCATCT-2","female","OPC",-9.04142500324902,-9.45379108254628,-10.3138637989712,-5.92309267265388
"CATCACACATAAAGCA-2","female","Astrocytes",1.64654754237476,-4.21339744393544,-0.0682567805004536,0.081460585765157
"CATCACACATCCCTCA-2","female","Astrocytes",-14.0735113756245,1.18698921735568,-0.89254675060038,-3.3589256499488
"CATCACACATTGTGGC-2","female","Oligodendrocytes",5.81772492961231,2.69172078306956,-0.0640286654186665,10.8020073677819
"CATCAGCCAATCCTGA-2","female","Microglia",7.10855506495777,10.9007259004859,7.06537146866794,1.02609550761393
"CATCAGCCACAAACTT-2","female","Endothelial",-0.489763225335038,-15.5256780988427,-2.55168633162503,4.24947946327141
"CATCAGCCACCTATAG-2","female","OPC",-9.3807156221455,-8.64391845528798,-0.292472347612423,3.5081705357354
"CATCATAAGCCTAACG-2","female","Oligodendrocytes",2.81112383441273,4.83771568472667,0.549302771692234,10.6792303826135
"CATCATAAGTAAGTGG-2","female","OPC",-8.98052526875195,-9.31389659707265,-9.53742317854885,-6.57920534355232
"CATCATAAGTCATTAG-2","female","OPC",-1.20484103127178,-15.8393072492333,-9.11212925612454,-5.33981973869392
"CATCATAAGTCGCTAG-2","female","Pericytes",8.40003179148975,-13.4025396711083,-3.85356287657742,4.99158208625725
"CATCATGCATGTTGTG-2","female","Oligodendrocytes",5.87451718882862,1.75597828562541,-0.0571336597156941,10.1392246987145
"CATCCCAGTCGCGCAA-2","female","Astrocytes",-0.350577204067078,-4.46712106530385,-2.36169855296139,-0.840286919899668
"CATCCCAGTGACATGC-2","female","Astrocytes",0.0437491400653459,-2.16842454735951,-0.333684012289089,-2.57860977394172
"CATCCCAGTGTCCTGC-2","female","Oligodendrocytes",3.34177421168629,4.71774917776866,0.0385096222209514,11.1683365608971
"CATCCCAGTTTCCTCC-2","female","Microglia",7.88403390483204,11.3047299974708,7.33779235184665,0.0107638742249349
"CATCCTCAGCATCCAG-2","female","OPC",-9.20300318165478,-9.62015575234608,-9.57043747603421,-5.44962293846199
"CATCCTCAGCGATAAG-2","female","IN-CGE",-10.9298823015278,10.1312928789405,-0.107001468534511,1.34709813254288
"CATCCTCAGCTTTGTT-2","female","OPC",-7.26646686955151,-6.28957074944692,0.614575102930027,3.44689052360467
"CATCCTCAGTAAGTCC-2","female","IN-CGE",-9.20195509358105,12.2346835726051,1.19491620362278,-9.67421467048713
"CATCCTGGTCGTAATG-2","female","OPC",-8.81646372242626,-8.32255023781972,-9.90099243819241,-5.19371587974616
"CATCCTGGTTAAGTGT-2","female","Astrocytes",-1.30768801136669,-0.990803898021744,1.19752211869236,-1.97695190651008
"CATCCTGGTTACTTGC-2","female","IN-MGE",-11.3770535127705,1.00440588529391,0.639086201791722,2.28826420562676
"CATCCTGGTTGTTGTC-2","female","OPC",-9.25878263874706,-9.52808326546864,-9.7653370350552,-6.59040720207283
"CATCCTTCACAACAGG-2","female","EN",-4.73610855503735,5.2603409879951,-3.40186147391323,-6.84031755668708
"CATCCTTCAGATAGAC-2","female","Astrocytes",-0.233747793871727,-5.00609916512685,-0.863451829175395,-2.07967359764167
"CATCCTTCAGTTTGGC-2","female","Oligodendrocytes",5.77670692042652,3.19939321215434,0.796518161897618,11.0055252816003
"CATCGCTTCTAAGTGC-2","female","OPC",-7.98939253254589,-8.18984645669179,-9.40235619246487,-5.04221470100471
"CATGAGGCAGCAAATA-2","female","Microglia",10.7409474714214,12.8465438478736,8.16425414383884,-0.377521464653697
"CATGAGGCAGGCTTCG-2","female","Oligodendrocytes",2.94290970401112,4.92937809164806,0.284152820711094,9.75041263359002
"CATGAGGCATAAGCAA-2","female","Astrocytes",-6.5264184610432,-10.8721022016259,2.33490176499363,-2.07107169372627
"CATGAGGCATGTTGGC-2","female","OPC",-9.02758718891796,-9.51571506325917,-9.35853771864895,-5.97889358741828
"CATGCAAGTCTCAGCC-2","female","Astrocytes",2.11578296260181,-4.83483690087514,0.930636599664647,0.850191524199758
"CATGCAAGTGAACAAA-2","female","OPC",-8.9405882494038,-9.53524059121327,-9.04875282942776,-4.90594703895637
"CATGCAAGTTACTTGC-2","female","Microglia",7.60197137431446,11.1258988970069,-0.13320176302914,2.8293809201043
"CATGCAAGTTAGTACG-2","female","Astrocytes",1.8537711961681,-5.51921838586049,-2.07881335913662,-1.59609873039314
"CATGCAAGTTTAACCC-2","female","VSMC",-9.68932367726025,-9.5365967160912,-3.32453875243191,5.70964210288933
"CATGCATAGCAGCTAT-2","female","OPC",-8.44000698490795,-9.20344203774648,-10.6847553700161,-5.59303266746589
"CATGCATAGTCACCTC-2","female","Oligodendrocytes",3.55434058741871,4.73532873328014,0.90601475537296,10.5570999886315
"CATGCGCAGACTTATG-2","female","Oligodendrocytes",5.80294297770802,2.76774436171336,0.177869513635594,10.3273798729699
"CATGCGCAGAGGATAT-2","female","Astrocytes",2.42564867572132,-4.59520238702016,-1.94363741576199,-0.374321648903575
"CATGCGCAGCTGTAAC-2","female","Microglia",5.08597682551685,-4.28696101968007,0.480749800806004,-3.96065647346565
"CATGCGGGTCCTAAGA-2","female","OPC",-8.7069924013203,-8.43440860573964,-9.85389427840237,-6.5576470587928
"CATGCGGGTCTTGCAT-2","female","Oligodendrocytes",3.05451797084156,4.81106692488475,1.22875399888034,8.89476554649285
"CATGCGGGTGCTCCAC-2","female","Astrocytes",0.257683084767494,-5.191064775631,0.118619516496617,0.976486728474114
"CATGCGGGTTAACGAT-2","female","Astrocytes",0.251738832753334,-4.95982164208608,-2.27448360621456,-0.688735911675181
"CATGGATTCCTTCTAG-2","female","Oligodendrocytes",6.37613795832935,1.30486203666015,0.262016251687962,10.5196663643639
"CATGGATTCGTTAAGC-2","female","Microglia",11.890064941209,12.3825803392677,8.39692969620701,-0.429737160034861
"CATTATCTCAGTATTG-2","female","VSMC",10.9175975187236,-3.18296760384755,-3.58394555747036,5.90046994941643
"CATTATGAGTCATTAG-2","female","Microglia",11.9883401258403,12.9853931062965,7.15725989640232,0.914447171561036
"CATTCATTCGGTCATG-2","female","IN-CGE",-11.7203543321675,11.4490867250709,3.37552876770969,-10.1836808417518
"CATTGCGAGGACACTT-2","female","Endothelial",0.0476180179530717,-14.6392855054589,-2.86190681159024,3.17238514678887
"CATTGCGAGGCGCACT-2","female","OPC",-8.65688826008495,-7.72313350503163,-8.6492538899136,-4.41661579353401
"CATTGCGAGGGTCCAC-2","female","Astrocytes",-1.50785554810223,-1.01345795457082,1.3806590586948,-1.57667333824226
"CATTGCGAGTAACTCA-2","female","Microglia",10.774396644395,13.1582170122413,8.07842727005954,-0.238759825058665
"CATTGTAAGCAGCTCA-2","female","Oligodendrocytes",2.78605555133167,4.96281558211131,0.478845193986851,10.3574835564416
"CATTGTAAGGCAGGTG-2","female","OPC",-8.110161079604,-9.23555320565419,-10.1553974598599,-5.61487753135749
"CATTGTAAGTTATTCC-2","female","Pericytes",7.61363290385548,-13.340771139309,-3.5873859375668,4.67176358955315
"CATTGTGCACAGACTC-2","female","Pericytes",8.46464036540333,-13.4888061887475,-3.47323493659024,4.63082998054436
"CATTGTGCACTAGCGT-2","female","IN-CGE",-3.13442517681774,14.0458169573097,1.40096803009983,2.35226946132592
"CATTGTGCAGCTTAGC-2","female","OPC",-9.73484541340527,-8.43941348855214,-9.14337639510159,-5.44765741569587
"CATTGTGCATCAGTAT-2","female","IN-CGE",-2.34831596775707,13.9851546877174,0.598632410173375,-8.59728462440559
"CATTTGTTCATTGCAA-2","female","Oligodendrocytes",5.86159490184132,2.51884156401439,-0.144632622594875,9.4399811531823
"CATTTGTTCCCGAACA-2","female","Astrocytes",-0.93648065491375,-1.18638604943471,1.58382697403904,-1.83600551826545
"CATTTGTTCCCGCAAA-2","female","IN-CGE",-7.74263979359325,10.6301656358985,1.04569895565982,-9.22057850105354
"CATTTGTTCCGCAAGC-2","female","VSMC",11.3697879178936,-2.73533004586415,-3.72132639586453,6.22419660346917
"CATTTGTTCGTTCACC-2","female","IN-CGE",-10.8470747606343,10.9628701799659,3.32683701813694,-9.91557342750617
"CATTTGTTCTGGCAAT-2","female","Pericytes",8.18415807322804,-13.0879930860253,-4.47400598227505,5.10804813163689
"CCAAACCCAATGCCTA-2","female","IN-MGE",-13.8530047075337,1.75666433508678,1.2410904914188,3.30597918289116
"CCAAACCCAGTAGGAT-2","female","Endothelial",-1.29053492708858,-15.8236498243065,-3.01176719367031,3.56111161964348
"CCAAACCCATAAGTTC-2","female","Oligodendrocytes",6.09862445430103,1.26667088206096,0.103885844354588,11.5839144493859
"CCAAACTAGCTCCTTA-2","female","Microglia",9.65148805217091,12.1988540285377,7.70944495499607,-0.354797909088816
"CCAAACTAGGCTAAGA-2","female","Pericytes",7.70180677012745,-13.1912569410058,-2.13319699465756,4.2592281605523
"CCAAACTAGTATTGTG-2","female","Oligodendrocytes",6.15509675578419,1.54173346172257,-0.286434158678096,11.356969525985
"CCAAATCAGATGGACA-2","female","Astrocytes",0.53115211562458,-3.90617936913686,1.49327559769626,2.65889697330407
"CCAAATCAGCAGCTCA-2","female","Astrocytes",2.11789606646839,-3.97069305245595,-0.880231693382305,-0.71206218940803
"CCAAATCAGGACCTGC-2","female","Astrocytes",2.17566512660328,-4.97906869713979,-0.783080786461872,-0.374286959000315
"CCAAATCAGGGACGCA-2","female","Oligodendrocytes",2.85192154483143,4.9990683191566,-0.40758611261372,10.7823263909142
"CCAAATCAGTCAATCA-2","female","IN-CGE",-11.54065634175,11.269598543003,3.2212762385654,-10.3133385871131
"CCAACATAGCACTAGT-2","female","Astrocytes",-3.52299906178173,-2.87829679314809,1.2668506652164,-1.70670301658699
"CCAACATAGGGATGCG-2","female","VSMC",11.1616742475444,-2.71626180474477,-3.49446587264065,6.10839860694817
"CCAACATAGTGAACAG-2","female","Microglia",10.8836934431011,12.3418031328468,1.72654600441929,2.63456731098107
"CCAACATAGTGAGAGC-2","female","OPC",-7.28391338749584,-6.31742471520619,1.40114040673252,2.20120518463067
"CCAACCAAGAAACTGG-2","female","Microglia",11.5386607511455,12.3241468065528,6.21431584656711,0.349103202990804
"CCAACCAAGCCTTAAA-2","female","Microglia",11.9670913083965,12.8120599382667,8.54814620316501,-0.235868880577769
"CCAACCAAGGAAACTG-2","female","EN",-5.15486313267406,6.13817983801646,-3.77547435462002,-6.62344772560188
"CCAACCAAGGAGTAAT-2","female","OPC",-8.68112017079052,-7.6680025464745,-10.4579945057583,-6.57702047569343
"CCAACCAAGGCTGTCA-2","female","IN-MGE",-12.4702131883686,3.0489870899467,6.27808471024509,-4.81359846336433
"CCAACCAAGTTAGTGC-2","female","Astrocytes",1.2130743129665,-5.56742280785756,-0.284675404424709,0.0458464528839925
"CCAACCCGTGAGCAAG-2","female","Microglia",-7.32755733891186,6.70028167898936,0.533789947633702,2.64737122314385
"CCAACCCGTTACATCC-2","female","Endothelial",-0.771246983248558,-16.1806063062401,-2.82585434615139,3.68685357826165
"CCAACCCGTTACTAGG-2","female","Astrocytes",-1.46142543717083,-4.58860248391347,-2.3133358210278,-0.803822228737559
"CCAACCCGTTGAAGCC-2","female","Pericytes",8.17138646678272,-13.6008362180443,-4.25903682410244,4.63391535537652
"CCAACCCGTTGAGCCG-2","female","Microglia",5.88937543467823,-4.08005183999257,0.542447879915196,-4.01225216133186
"CCAACCCGTTGTGATG-2","female","Oligodendrocytes",5.78433154658619,2.43520474369807,-0.241099998350185,11.2889286782067
"CCAAGGCTCAATGTCA-2","female","OPC",-9.05424047871288,-8.83867877785878,-9.89639668166165,-5.52716810447761
"CCAAGTTAGAAGGTGC-2","female","OPC",-8.95007826252636,-7.78551811043935,-10.2471657246304,-5.91492635948249
"CCAAGTTAGGATAAAC-2","female","Astrocytes",-1.39426441355404,-0.591362178966569,1.42327208817478,-2.10340363723823
"CCAAGTTAGTTATCCT-2","female","Pericytes",7.90962384776417,-13.2383503324242,-4.14971928298001,5.09432285087517
"CCAAGTTAGTTTGAGC-2","female","Astrocytes",1.21887110308949,-5.5020360357018,-1.75022093951229,-2.96484429580757
"CCAATATCAGCCTTGG-2","female","VSMC",11.4782645566875,-2.75313085381703,-3.41990499197964,6.37363450782708
"CCAATATCAGGCTACT-2","female","Oligodendrocytes",6.07136939601246,2.57583028013988,0.186486914758641,11.6470724846642
"CCAATATCAGTTATGT-2","female","Astrocytes",1.65754531459156,-5.80364364449696,-2.33219020068173,-0.649405071564402
"CCAATATCATTGCGAC-2","female","Astrocytes",-2.69342090054211,-4.14349788491444,-2.01211409270291,-0.750513026543345
"CCAATATCATTGCGTA-2","female","Microglia",11.1719338758403,13.2052016847877,7.84808631241794,1.59907882469109
"CCACAATAGAGCAAGC-2","female","Microglia",10.0558469160015,12.6823306673316,7.06221576035495,0.467582097224508
"CCACAATAGGGATGAC-2","female","Astrocytes",4.98143075541798,-4.47161907021718,-2.0651314705563,-0.876295993157115
"CCACAATAGTAACGAG-2","female","Oligodendrocytes",4.91177342967335,4.03416162665172,0.89427740872379,9.90922324912957
"CCACACAAGCACAGAA-2","female","IN-CGE",-10.3523504869526,9.48824888403697,2.79886718094822,-9.52279789192268
"CCACACAAGCCTAATA-2","female","EN",-4.98581863804516,6.08466297323985,-3.72603587805752,-6.68616897804328
"CCACACAAGGACCAGG-2","female","IN-CGE",-11.6271927492207,11.3636146181373,3.34869904816623,-9.8318637107093
"CCACACAAGGCAACAA-2","female","EN",-6.30928780003246,6.79615741904063,1.4833931475925,3.14092581527642
"CCACAGGGTCAAAGGG-2","female","VSMC",11.8688008649761,-3.10418123070912,-3.26182489096646,5.4770380760949
"CCACATTGTCAAGTGC-2","female","VSMC",12.102711425584,-3.84188789193349,-3.69901709258084,6.02907006996087
"CCACATTGTGACATAT-2","female","Astrocytes",-0.933512462813225,-3.45318788354115,1.84413929284092,-0.656701633759227
"CCACTTGGTTTAACGG-2","female","Astrocytes",-0.653677477080193,-4.84449857537465,0.214124634866673,1.46545266168526
"CCAGACTCAAACAACA-2","female","EN",-7.08115936680492,6.84069830115123,-0.128931865091365,3.51586406486443
"CCAGACTCACGTGCTG-2","female","Astrocytes",2.36204718188587,-4.07280153100209,-1.88406626879696,-2.3242428992469
"CCAGACTCAGAACCGA-2","female","Microglia",7.86662362651173,9.63941627676768,0.360275819902378,2.26084499614647
"CCAGACTCAGTAAAGC-2","female","Microglia",7.03361819819752,10.8365541094093,-2.40480260550503,0.0274929906647542
"CCAGACTCATGGTTAT-2","female","Oligodendrocytes",5.81603692607227,1.56598683382554,0.469116404657322,11.1478516365807
"CCAGCCTGTTAATCGG-2","female","Astrocytes",-0.828855975109901,-1.58848780457692,0.507633879785496,-1.51536066276618
"CCAGCTAAGGACGTAA-2","female","Microglia",11.2694394452983,13.4223266237525,7.92944045365329,-0.456986019440379
"CCAGCTGCAATCATGT-2","female","EN",-5.49644113941845,6.18741947348399,-3.30108909308438,-6.17328102333137
"CCAGCTGCACAGCCAT-2","female","IN-MGE",-12.2724192277974,2.96153169806285,6.29201169312473,-5.42548210365364
"CCAGGAACAAGGTATA-2","female","Astrocytes",1.5345733030254,-4.12855047051625,-1.77952764927868,-0.661616394348826
"CCAGGAACAATAGCAA-2","female","EN",-6.04146028919872,6.72046762640758,-0.343601599330944,1.75903218048028
"CCAGGAACAATCGCAC-2","female","OPC",-9.23261190815624,-8.58672851388173,-9.22027210890774,-5.05965120536872
"CCAGGAACACTGACCG-2","female","OPC",-9.24110914631542,-8.44886344735341,-10.4990244358731,-5.8971279357154
"CCAGGATGTAATTAGC-2","female","Astrocytes",0.620553956788216,-5.45516008202748,-2.38500039278988,-0.957531759567942
"CCAGGATGTAGGTGTC-2","female","Astrocytes",2.06574843959156,-3.91870111291127,-1.71715877949719,-1.6880968306739
"CCAGGATGTGTGCAAC-2","female","Endothelial",-1.44615186615643,-15.5181173688622,-2.06685011088375,3.51918881195
"CCAGGATGTGTTGCAA-2","female","Astrocytes",0.692742691796455,-5.32486146752553,-0.961820691819233,-0.00409985525199386
"CCAGGATGTTTGAGCA-2","female","Astrocytes",1.41461382941547,-5.66350597207265,-0.784075476224464,-0.318702647515025
"CCAGTTTGTAAGCTCA-2","female","Astrocytes",-1.21821869774517,-4.54255479638295,1.15359087288852,2.28214662330559
"CCAGTTTGTAAGGTCC-2","female","Oligodendrocytes",6.25974248484913,2.76816528971477,0.499638393526036,11.5751387383263
"CCAGTTTGTAATCCCT-2","female","Oligodendrocytes",5.24122260646168,3.28331941302104,-0.272918984289211,10.7772013451379
"CCAGTTTGTAGCCATA-2","female","OPC",-8.31614805622753,-9.22689956490712,-8.98566918074612,-5.62595827323982
"CCAGTTTGTTCCGCAC-2","female","Astrocytes",-2.00086726113018,-0.300219715282487,2.39862580597873,-1.78559357864448
"CCATAAATCTTGGATA-2","female","Microglia",11.8572051389629,11.9046054476051,6.93679232895847,3.26096551673821
"CCATAATCAGCTTAAT-2","female","IN-MGE",-12.9020893709248,2.16873586113734,5.72156806290622,-5.6932500098426
"CCATAATCATTGCAGC-2","female","IN-MGE",-11.8759615556782,1.70293144817634,6.67508311570163,-5.79711229545661
"CCATAGCCAGCAACAG-2","female","Microglia",8.50993321971241,11.3831802004127,7.81121058762546,1.19113323646
"CCATAGCCATTAGCCA-2","female","Astrocytes",-6.13407064839062,-10.9568437940331,-1.88522617518429,-0.34312863094398
"CCATATTTCATAATCG-2","female","Astrocytes",-2.40688945217785,-1.22641581361012,1.70733375847812,-1.45609719497749
"CCATATTTCCATTACT-2","female","Microglia",11.5357110364849,11.9578233354835,7.23493380845066,1.27690624254159
"CCATATTTCTACCTAT-2","female","Oligodendrocytes",3.53138421611134,4.7966118448524,1.15249891579624,10.9584509636681
"CCATCACTCACTTTAC-2","female","OPC",-8.87963606281933,-9.49904197518544,-10.070301100607,-5.73967630607673
"CCATCACTCCAATTAG-2","female","Astrocytes",-0.184270067650642,-1.93622511689381,1.04841883481022,-1.82078988296577
"CCATCACTCGGTTACG-2","female","Astrocytes",2.87957404689137,-4.01731056039052,-1.31801675259594,-1.28111083252021
"CCATCACTCTGGCTTC-2","female","Oligodendrocytes",5.36859153346363,3.58790737326427,0.657230809335667,11.2468592430871
"CCATCATGTATTGAGT-2","female","VSMC",11.2382285459453,-3.63525909249501,-3.72832994162564,5.39351527946404
"CCATCATGTCTTACTA-2","female","Pericytes",7.60838674144093,-10.9131502515526,-3.08040933310513,4.94073264854363
"CCATCATGTGAGGTAG-2","female","OPC",-7.9406955377644,-8.88643020455556,-10.0936861485196,-6.50666982872077
"CCATTGTGTTCGGTAA-2","female","Microglia",-5.16392017765697,-3.75739187066274,0.703689053659397,-0.100862333603587
"CCATTGTGTTGTGACA-2","female","IN-MGE",-11.7044365541523,2.71844106848521,6.43508715928074,-4.73245603782722
"CCATTGTGTTGTGATG-2","female","Oligodendrocytes",5.82129071788136,2.88131660158916,-0.258666798467678,9.34417979972771
"CCCAAACCAAAGCTAA-2","female","Oligodendrocytes",5.13418553904835,3.65131860907359,0.69906564057346,1.17062022345475
"CCCAAACCAATTAAGG-2","female","OPC",-7.8100631372517,-6.9831470853539,-10.1340122669888,-5.96210367424079
"CCCAAACCATCGCTTT-2","female","IN-MGE",-11.2707932130879,2.07608121569438,6.83688636124607,-5.52221042854377
"CCCAAATAGAGGATAT-2","female","OPC",-9.57326246662792,-9.17191547219472,-9.09358505904202,-4.91826040489265
"CCCAAATAGGAAGTAT-2","female","Astrocytes",-1.64115406437572,-0.522033394023942,2.09002585709568,-1.86098749382087
"CCCAAATAGGAGGTTA-2","female","Astrocytes",-5.14989401264843,-3.65055364434438,1.12331552803989,-0.189010689087596
"CCCAAATAGGCAGGTG-2","female","Oligodendrocytes",6.15539430217091,2.0105537169723,0.416764453058201,11.5359045769494
"CCCAACCGTCATCATC-2","female","IN-CGE",-12.048357261855,8.763440667942,3.39553590119358,-8.60411197883674
"CCCAACCGTTAACAGT-2","female","OPC",-9.00983263416943,-8.66421932046132,-9.61422638594632,-5.09783727867195
"CCCAACCGTTACATCC-2","female","EN",-4.7792546884602,5.75867134268565,-3.92671827971463,-6.96939737541267
"CCCAATTGTAGGTTAT-2","female","Oligodendrocytes",5.67453979090992,3.03224557574077,-0.12190352379803,11.153449704818
"CCCAATTGTTACAAAC-2","female","Endothelial",-0.759984029967155,-16.402930677578,-2.87467698752407,3.66145293968133
"CCCAGCACAAGGTACG-2","female","Endothelial",-0.0858584777897262,-15.4426950818749,-2.79321555792813,4.03187482612542
"CCCAGCACAATTTGGT-2","female","VSMC",11.2691285474712,-2.63502544228749,-3.4774325340939,5.90788381355217
"CCCAGCACACAATTAC-2","female","EN",-7.20683647556957,6.81626850302501,-2.49311511218075,-5.61906416160652
"CCCAGCACACCTAATG-2","female","VSMC",11.4321763379985,-3.0531572705956,-3.69449739157681,6.09632222907952
"CCCAGCACATCTAGCA-2","female","Astrocytes",-1.38747329874691,-4.42410939995961,-1.34131596982006,-0.34860307914802
"CCCAGCACATTGCAGC-2","female","Pericytes",8.09624169902149,-12.5203937894555,-4.39299516379361,4.74152844207696
"CCCAGTTTCAGCATTA-2","female","EN",-5.76465011997875,6.6142593019752,-4.01136426627163,-6.85911113960334
"CCCAGTTTCATGCAAC-2","female","Microglia",11.9952075345928,12.2988257997779,7.79936690629001,-0.628493974037852
"CCCAGTTTCTCGCCCA-2","female","Astrocytes",2.77212761477772,-4.39329475228505,-1.68972109257702,-1.88035375816413
"CCCATAACACTTAGGC-2","female","Microglia",10.5468118055278,11.9117627733497,7.96393294632908,0.3488362933915
"CCCGCAACACAGGAAT-2","female","IN-MGE",-12.2993052141255,2.01293963129802,6.10143370926853,-5.49825412971565
"CCCGCAACAGCTACGT-2","female","Astrocytes",2.83176420764271,-4.50270170037465,-0.76827780156855,-0.666833827324595
"CCCGCAACAGTTTCTC-2","female","Astrocytes",-3.51677633686718,-4.18463367287831,-0.977444261307758,-0.611730525322642
"CCCGCTTCAAAGCTAA-2","female","Astrocytes",10.8177440030986,-3.53041738335805,-2.41760949790005,-1.86643249733039
"CCCGCTTCAAAGCTCC-2","female","Oligodendrocytes",6.63156579570118,1.54544590349479,0.33380217850681,11.5618263985436
"CCCGCTTCACTCGCTC-2","female","Astrocytes",-6.35281683369335,-11.0689615613671,-8.38049797713284,-5.34191448432991
"CCCGTAAAGTATTGTG-2","female","Microglia",11.4152877195293,13.00277095969,7.3219956904697,0.327689280680929
"CCCGTAAAGTTTGGTA-2","female","Astrocytes",-3.20102883740124,-3.99684995476918,-1.81297169625286,-2.26658994896003
"CCCGTTGTCCCGTTGT-2","female","OPC",-8.69391371174511,-9.20729869668202,-9.33208088576321,-4.9224456046302
"CCCGTTGTCCTACCTA-2","female","Microglia",5.80460237101856,-4.01987260644154,0.28712876141544,-3.94373018486091
"CCCGTTGTCTGGCATG-2","female","EN",-7.18016506596264,6.83195215399547,-0.16792277991299,1.43358947890214
"CCCTAATGTGATCAGC-2","female","Astrocytes",10.8515889509136,-2.24167960946278,-0.811681201676768,-2.26433665496894
"CCCTAATGTTAGTGAT-2","female","Pericytes",7.68947290019337,-11.0122551328392,-3.72030119597439,4.97159831779412
"CCCTCACCAATACTGT-2","female","VSMC",11.8482177122051,-2.89485687081532,-3.25680570303921,6.35047881858758
"CCCTCACCATGCTTAG-2","female","Microglia",11.852732406419,13.0982261293678,-1.58258746563916,-2.41165191871711
"CCCTCAGTCAGCAAAG-2","female","OPC",-9.35381151600536,-9.17450469796376,-9.64591793715481,-5.23100597602912
"CCCTCAGTCCCATAGG-2","female","Endothelial",0.0108696682864762,-15.3681234723778,-2.35091392695431,3.81847589271477
"CCCTCAGTCTACCTAT-2","female","Oligodendrocytes",5.98794435099903,1.02419534261508,0.0112298876094402,10.6819540764611
"CCCTCAGTCTGTGAGT-2","female","EN",-6.59240795536694,6.82728248770518,0.445939853792149,1.89712291019372
"CCCTCATAGATTCCTT-2","female","Astrocytes",1.76183532313648,-3.8455533391686,-2.09447948634152,-0.466424057312693
"CCCTCATAGGATTTGC-2","female","Astrocytes",1.29851542548481,-4.57537645165639,-1.57084070145611,-1.19886309845039
"CCCTGGACAAACTAAG-2","female","Astrocytes",-4.93398596211132,5.55861717398448,0.779636934404332,2.0594195629876
"CCCTGGACAAGGTGGC-2","female","Microglia",10.897256599229,12.3498492830543,8.67321486771579,0.119542589358602
"CCCTGGACACTTCACT-2","female","Oligodendrocytes",6.44726871089283,1.75099101598544,0.214245751504856,11.4670302178185
"CCCTGGACATGCTTAG-2","female","Astrocytes",2.09616349772755,-5.49643272225575,0.832661822442967,0.373746385745321
"CCCTGTTAGGCCTAAT-2","female","Microglia",4.73653911189381,-4.43992036645131,-2.55261544882779,-0.293641636200633
"CCCTTAATCAGGGCCT-2","female","IN-CGE",-10.7937424318379,9.43932110007091,2.68891258538242,-9.27153808815071
"CCCTTAATCCGCCAAA-2","female","OPC",-8.29665543003735,-9.30659622018056,-10.084723517294,-5.55249578697273
"CCCTTAATCCTTAGTT-2","female","Microglia",-6.18136860294994,-4.98255437676625,-10.7915010899258,-5.53414184791633
"CCCTTAATCGACAAAG-2","female","IN-MGE",-11.3003599779194,2.02674668963237,6.57500644028659,-5.5478962157447
"CCCTTAATCGGTAACT-2","female","Microglia",8.67689107493702,8.98631387884898,6.99061198533054,1.9097082521241
"CCCTTAATCTTGCAAA-2","female","Astrocytes",1.85999582843128,-5.4257420903893,-1.66015623509411,-0.953560540505137
"CCGACAGGTCATGAGC-2","female","OPC",-8.13980652256664,-9.17296165291982,-9.9004164189053,-5.75705845100471
"CCGACAGGTGTTGCTT-2","female","Astrocytes",2.00961016253773,-5.36090081994252,1.15771003067966,0.679093023709569
"CCGACAGGTTAGTTGG-2","female","Oligodendrocytes",6.41738341883961,1.73716553981586,0.30674226582523,10.7094780709069
"CCGACAGGTTATCCTA-2","female","Astrocytes",2.61528037623707,-4.42643159692006,-1.09780628978733,-0.941057512589183
"CCGACAGGTTCGCTTG-2","female","IN-MGE",-11.2300169603413,0.577602683856918,1.6136912852573,2.76075892703942
"CCGATGCAGCTGCACA-2","female","Microglia",10.3464791639263,11.8824887865333,8.04969497025486,0.153753688506398
"CCGATGCAGGTCTTGG-2","female","Astrocytes",-1.30284292860683,-0.840867698833512,1.74300737679477,-1.61003143531867
"CCGATGCAGTGAGGGT-2","female","Pericytes",7.62671159343067,-12.9682535535546,-2.31693439185147,4.16852324264458
"CCGCAAATCATAATCG-2","female","VSMC",11.6218774183208,-3.03242248360829,-3.49271373450283,6.19545429008416
"CCGCAAGGTCAACAAT-2","female","VSMC",12.0783784254009,-3.83658641640859,-3.58397845923428,6.36634843604973
"CCGCAAGGTGTTCCCA-2","female","Astrocytes",-1.42343915863689,-0.736170709774064,1.34180970490451,-1.51952941162178
"CCGCAAGGTTCATTTG-2","female","Endothelial",-0.449672693896856,-16.3949007398339,-1.89182023703579,-0.0108794067580363
"CCGCACACAACACCTA-2","female","Astrocytes",2.39511893824879,-4.88038533990102,0.955460861329991,0.530536135606084
"CCGCACACAATAGCAA-2","female","Astrocytes",-3.48233772679028,-2.31141728226857,0.382466390733677,1.17679435568265
"CCGCACACACAGCCAT-2","female","EN",-5.48225857182201,5.68343836005015,-0.596404269332927,1.95202343719414
"CCGCACACAGCAGGTA-2","female","OPC",-8.75974298878368,-8.78952735726552,-10.1106424778653,-5.54927904350349
"CCGCACACAGTATGTT-2","female","OPC",-9.57732798023876,-8.82684749428944,-9.3241978138638,-5.17477638465949
"CCGCACACATTAAAGG-2","female","Microglia",11.5359160764629,11.8580680483131,8.5193366557407,-0.423672625847544
"CCGCCAACAACCGCCA-2","female","Astrocytes",2.07072518901173,-3.90274852578359,-1.02610020339016,-1.93516571266242
"CCGCCAACAATAATGG-2","female","OPC",-8.1794912950581,-8.87171500985341,-9.77387146651272,-5.21613342506477
"CCGCCAACACCTGTAA-2","female","VSMC",11.065394149583,-2.43945306603627,-2.63472883402829,5.19496934669426
"CCGCCAACAGGCCAAA-2","female","Astrocytes",1.92461060122791,-5.06409210030751,-0.11080597340588,-0.183223554917063
"CCGCTAAAGAGCCGGA-2","female","Microglia",4.42602704600636,-2.18363136117177,0.924139216546971,-0.466654369660105
"CCGCTAAAGGACACTT-2","female","Astrocytes",-1.35202802582439,-1.19091123406606,1.27369733155246,-1.68919188720771
"CCGCTAAAGGCGGATG-2","female","Astrocytes",-0.156688524920311,-4.2736424810143,-1.52858136593823,-0.634060809441294
"CCGCTAAAGGCGGGTA-2","female","Astrocytes",0.752931342881355,-5.3714732534142,-2.3896890133572,-1.04392511589118
"CCGCTAAAGTGCTGTG-2","female","Astrocytes",0.724343763154182,-4.73991721932607,-2.05174057185177,-0.632064411469187
"CCGCTAGCAAACTAAG-2","female","Oligodendrocytes",5.14548371867481,3.61616164381785,-0.262239620084804,10.2355400826257
"CCGCTAGCAAACTCAT-2","female","Astrocytes",-3.64084125919994,-3.5913218862267,1.00773175061222,-1.4327827189643
"CCGCTAGCAATATACC-2","female","Oligodendrocytes",5.40696977214161,3.55120855505748,-0.196016356344265,10.4763705040734
"CCGCTAGCAGAAATGC-2","female","Microglia",9.0103862150127,12.0805965059547,7.84093947709079,-0.176668712921824
"CCGCTAGCAGCGCTTG-2","female","Microglia",7.98179505900684,11.4042831056861,8.18314643204685,-0.0550969336707255
"CCGCTAGCAGTAAGTA-2","female","EN",-5.0451500551289,6.20213466818614,1.03081281483646,1.9536000396531
"CCGCTTAGTGCATTAG-2","female","OPC",-8.97165895863232,-8.55939811532216,-9.52325157820706,-5.82716018898078
"CCGGTAGGTTAGGATT-2","female","Oligodendrocytes",3.75331615046803,-2.83726924721913,0.292129233484227,10.7045399452966
"CCGGTTAAGCTTTGTT-2","female","Microglia",10.5508124692852,11.7650361650733,8.19160552323337,-0.782254049607005
"CCGGTTAAGGATTTGC-2","female","EN",-7.09806944294628,6.35901218588634,0.748383834962803,3.39872424858025
"CCGTGCTGTAGCCTAA-2","female","Microglia",11.7310397489483,12.7914224260597,7.59170432389255,0.594947477750097
"CCGTGCTGTCCGTAGG-2","female","IN-CGE",-9.15908361836132,12.2259975069313,1.12852068245884,-9.70766479713508
"CCGTGCTGTTATCCTA-2","female","OPC",-7.96884848042187,-8.59577792947011,-10.0088596790982,-6.39397651893684
"CCGTGCTGTTTGCGAA-2","female","Astrocytes",1.82024334506336,-5.56306928460317,-1.5941357463551,-1.63833791954109
"CCGTTAACAGGCCAAA-2","female","Microglia",11.7647921903545,12.2227321260719,6.92824740708347,0.200298597983632
"CCGTTACTCATGTCAA-2","female","OPC",-8.90138365193066,-8.70485824410634,-0.317424044008297,2.26713817375115
"CCGTTATGTCACCAAA-2","female","IN-MGE",-12.0288689271992,3.13733905489726,6.3864054232883,-4.75645525199958
"CCGTTATGTCCTCCAA-2","female","OPC",-8.32795931263622,-8.17925399605946,-9.96794132887844,-5.48200304252693
"CCGTTGCGTACAATGT-2","female","Astrocytes",3.58985780314747,-3.01660674874501,-1.88929097353939,-2.8954578135688
"CCGTTGCGTTAAGCCA-2","female","Microglia",7.55102132396046,9.651455461338,-2.90587262808804,3.12463300483635
"CCGTTTGGTGCTCCAC-2","female","VSMC",11.6149918897564,-3.10086911980824,-3.73334793745999,5.97703664558342
"CCTAAAGGTTCACCAT-2","female","IN-MGE",-5.49201561375317,5.4223909967689,1.49375720322605,-9.12963325721809
"CCTAAAGGTTGTGACA-2","female","Oligodendrocytes",5.62648700312916,2.10279697115703,0.237714365129429,11.6310936714928
"CCTAAAGGTTTAAAGC-2","female","Astrocytes",0.39303641156498,-4.9178976422997,-2.08483104407315,-1.0793104861457
"CCTAAATCAACAGGAT-2","female","Microglia",11.1173579557354,13.1429896944313,7.69331546128269,0.313234975508962
"CCTAAATCAGTACCGT-2","female","Astrocytes",-2.63347746296581,-4.05858510796742,1.56490655243869,-0.780794093437876
"CCTAAATCATCTAGCA-2","female","Oligodendrocytes",8.55679391459766,9.08717161352916,-0.0988864749622761,10.2177378441613
"CCTAAGCCAGAAATGC-2","female","IN-MGE",-12.110329879958,2.25661337311549,6.0888790637302,-5.442401239701
"CCTAAGCCAGCCAGAA-2","female","Astrocytes",-1.13184870644268,-1.14539736573415,1.49083013833042,-1.80262906295845
"CCTAAGCCAGGACACA-2","female","Microglia",4.58630012111012,-4.22722524468617,-0.838586016087723,-3.61063272697517
"CCTAAGGTCAGAAACG-2","female","Astrocytes",1.45979462699238,-4.15121454064565,-0.315507754678768,-0.0926781390387675
"CCTAAGTAGCACCACA-2","female","Astrocytes",-5.16268135471996,-3.77559179131703,1.79358597100254,-1.27207000000068
"CCTAAGTAGCATGTTA-2","female","Microglia",11.7892310483867,12.4020505541114,7.73310370743747,-0.924011895485606
"CCTAAGTAGCCTTAAA-2","female","Microglia",5.34710334376637,-3.51521438424306,2.4593259841251,-2.34430582267829
"CCTAAGTAGCTTCCCG-2","female","OPC",-6.31035734577831,-4.8741588002892,-9.56258682906155,-6.14962894661018
"CCTAAGTAGGCGCTTA-2","female","EN",-4.99881245060619,6.14012867148204,-3.91089706122403,-6.90646202308723
"CCTAAGTAGGCTAGAA-2","female","Astrocytes",1.73894332484547,-4.9652494794579,1.77399702370639,-1.70093042594978
"CCTAAGTAGTTAGGCT-2","female","Astrocytes",-3.92586757107433,-2.65074533288197,2.59353394806858,-1.84125621063301
"CCTAATAAGGGCTTTG-2","female","VSMC",11.9464852674419,-2.9423846608849,-3.23999933897976,5.40316550987176
"CCTACTGGTGGATGTC-2","female","Astrocytes",1.71833108500782,-4.53778261010365,-1.77675549685482,-1.38467175705024
"CCTACTTCACGAACAG-2","female","IN-CGE",-9.12727285786327,12.4195266359596,1.19311971962925,-9.94260532600471
"CCTACTTCAGGAACAT-2","female","IN-CGE",-9.10020090504345,11.5908666246681,1.36143536866184,-9.70990307075569
"CCTACTTCAGGTCCTG-2","female","Astrocytes",1.68838547305408,-5.64205926720815,-1.85664443671231,-0.896045872994151
"CCTAGTTGTGAGCAAG-2","female","EN",-4.78158165379223,5.1332350366859,-3.42856530844693,-6.4271629546363
"CCTAGTTGTGGTTAGC-2","female","Oligodendrocytes",6.13168405131641,1.47444516170008,-0.233000680799526,11.0013472344201
"CCTAGTTGTTGGATCA-2","female","Microglia",11.6537902219707,12.2307849519996,2.57229180634494,-2.31417615158149
"CCTAGTTGTTTGTCTA-2","female","Astrocytes",-1.21534187956509,-1.65350550477223,1.5750793963718,2.22557013290337
"CCTATAGCAATAAGCA-2","female","Astrocytes",1.77492331103626,-5.22744602029042,-0.720408163960022,-0.0128171537596843
"CCTATAGCAGGATGGC-2","female","Astrocytes",2.02630065516773,-4.0953297025414,-1.45391200482373,-1.15874798042366
"CCTATAGCATTGCGAC-2","female","Astrocytes",-1.4323576228207,-0.895328462764786,1.68047828972812,-2.01165230018684
"CCTATATTCACAGCCA-2","female","Pericytes",8.2615601880962,-13.1277813321801,-4.48050098120694,4.72177450912407
"CCTATATTCATCCACC-2","female","Microglia",12.0396325452739,13.1435409181861,6.84131999314304,-0.196863004990306
"CCTATATTCCAATAGC-2","female","IN-CGE",-11.8900892870015,8.79034095938487,3.28205581009861,-8.79895050270149
"CCTATATTCGTTATCT-2","female","Endothelial",-0.829002066094246,-16.1186174756737,-3.03129772841458,3.96486490028313
"CCTATATTCTCCATAT-2","female","EN",-5.41429115696606,6.40197950537486,-3.95030455290799,-6.85311634285041
"CCTATTGTCACAGCCA-2","female","Microglia",7.29425500468555,11.1858926409034,7.12888760865207,0.1070070173066
"CCTATTGTCGCTATAA-2","female","Astrocytes",2.27074645594898,-4.58147805993276,-0.996524274344486,0.0641468073647359
"CCTCAAACACTCGCTC-2","female","Microglia",-5.21207977696117,-3.75629037682729,-2.26742701231961,-1.45624787551948
"CCTCAAACATCACTTC-2","female","Astrocytes",2.94028519229237,-3.78402704064565,-3.73912625014309,4.13573901908806
"CCTCAAACATCCATCT-2","female","Microglia",5.51508639888111,-4.26432937447743,6.20971913636203,0.175624540023122
"CCTCAAACATCTTGAG-2","female","Microglia",9.37321542338673,12.2737393968849,6.73205323517795,0.470146050624166
"CCTCAATGTCAGGAAG-2","female","VSMC",12.02464078502,-3.02189678017812,-3.27290253340725,5.91103856819085
"CCTCAATGTGTTGCTT-2","female","OPC",-9.69367052479443,-9.05564063851552,-9.9240808933926,-6.24994022590705
"CCTCAATGTTAAGCGC-2","female","Oligodendrocytes",6.06254123286549,2.40030413801952,-0.0155026763630329,9.2426106240075
"CCTCAGTTCAGGATGA-2","female","Astrocytes",2.23976062373463,-4.27512353722768,-1.73687373101239,-1.76751048309394
"CCTCAGTTCATAACGC-2","female","IN-MGE",-11.2670385973042,1.93729883368297,0.957658723001439,1.07727811294011
"CCTCAGTTCCATCAGG-2","female","Oligodendrocytes",4.88837264613453,3.86807447607799,-0.109420463438076,9.88492267387322
"CCTCCTCTCAAACCTA-2","female","Endothelial",-1.08337218924221,-16.2111601239892,-2.83001665770535,4.17425792472771
"CCTCCTCTCAGGAAGC-2","female","Oligodendrocytes",5.29425929621998,3.45708244974895,-0.175981506700557,9.37149017112664
"CCTCCTCTCATAGACC-2","female","Astrocytes",-3.61257530613598,-4.073717535183,-1.88976280390744,-0.469092557259288
"CCTCCTCTCCTTCGTA-2","female","Astrocytes",-0.784665747124519,-4.75994247262196,-2.57289473711972,-0.752120921440806
"CCTCCTCTCTTAGGGT-2","female","Astrocytes",0.592027293008003,-5.42850202386098,-2.35321931540493,-0.751784274407115
"CCTCCTGAGAGGAGTC-2","female","IN-CGE",-9.19325090809521,11.6423535936622,1.33267255127903,-9.74229747993537
"CCTCCTGAGCTCGCTT-2","female","EN",-5.22457195683178,5.9888635271339,1.36204452813144,2.61625020759514
"CCTCCTGAGGAGGGTT-2","female","Microglia",-4.80041338368114,-3.5611328489037,1.02797599137302,-0.608146974869456
"CCTGAATAGGGCTTAT-2","female","IN-CGE",-8.37304045124706,13.6443238847999,0.090817406778294,0.605512550048147
"CCTGAATAGTCATTTC-2","female","OPC",-9.59284998341259,-9.02841705147939,-9.32927517592434,-5.85403043968269
"CCTGACTTCACAGACT-2","female","Microglia",11.6693036420757,13.5001311891822,7.54808230698581,-0.0882809851843974
"CCTGACTTCAGCACGC-2","female","Astrocytes",-1.26323474808392,-1.05753201310353,1.35441465676304,-1.73912818176338
"CCTGACTTCATAATCG-2","female","IN-MGE",-12.083399070937,3.03173214133067,6.17682357132908,-5.35310203773567
"CCTGACTTCGGTACGC-2","female","IN-MGE",-11.4890787736958,1.73306451673789,6.96851535141941,-5.63823063118049
"CCTGACTTCTCATCAT-2","female","IN-CGE",-11.2658608095234,9.64895969565196,3.46019215882297,-9.18229229194709
"CCTGATGAGCTTATGA-2","female","OPC",-5.31063867970165,-13.2122291928978,-0.137143537397426,1.79693042295388
"CCTGATGAGTAACGAG-2","female","OPC",-8.42049242420849,-8.63621658150868,-10.0279055088711,-6.07897646171638
"CCTGCTCCAATTTAGC-2","female","Oligodendrocytes",5.71327804164234,1.18530780012889,0.784279540185887,11.0889803673547
"CCTGCTCCAGCTCAAC-2","female","Microglia",5.58175681666676,-4.24759715859609,0.517891839151341,-3.68157131416389
"CCTGCTCCAGTCTATG-2","female","Microglia",9.73718617991749,12.5473628633766,8.43412967026706,-0.21171993953773
"CCTGCTCCATAAGGAC-2","female","Microglia",11.8799941404277,13.2685905092506,8.17476458847995,0.297791710070882
"CCTGGATCAAGCCAGA-2","female","EN",-5.81265713139233,6.60726123984141,-3.8310587853146,-6.96124775154182
"CCTGGTAAGCATTATG-2","female","IN-CGE",-9.15082956715282,12.489460527256,1.15658338368412,-9.96686870796272
"CCTGGTAAGGATTGAG-2","female","Astrocytes",-3.66480137272533,-4.1383041745873,-0.483501508827251,-2.12213046295234
"CCTGTAACACCCACAG-2","female","Microglia",-5.40572620793041,-4.08883184258656,-2.69670753180508,3.26125829475335
"CCTGTAACACGTAAGG-2","female","Astrocytes",1.30224929885212,-5.00078433816152,-1.36700771748547,-0.556947300263133
"CCTGTAACACTTCATC-2","female","Microglia",9.13799165324513,12.3236194246559,7.76022429764743,0.860516658000264
"CCTGTAACAGAATGAC-2","female","Microglia",-5.08621002598461,-3.62511152093129,-3.1424134224606,1.21484838979653
"CCTGTAACATGAATCT-2","female","Astrocytes",-0.243789447981682,-4.89795726601796,-1.98384623229031,-0.58367604953834
"CCTGTATGTCACACCC-2","female","Astrocytes",-2.92164422436413,-1.63373917405324,2.23483605683323,-0.939167210884776
"CCTGTATGTCACCTAT-2","female","Oligodendrocytes",5.90315269069019,0.875607728317214,0.117724433546025,10.3461443688195
"CCTGTATGTGGAGCAA-2","female","Microglia",-4.81759764118847,-3.6988191014977,-2.27828507124905,0.837265973858152
"CCTGTATGTTGGTTCT-2","female","Astrocytes",1.49961875514332,-4.22470802132802,-2.08590178191189,-0.66303498489448
"CCTGTTGGTGGCTTCC-2","female","OPC",-8.04966761036571,-8.89510005776601,-10.2406197041226,-6.07845909339973
"CCTTAACGTCAGTAAT-2","female","Astrocytes",-2.36156619949993,-1.14095157448964,2.78693242371555,-1.64423997146675
"CCTTAACGTGCGCGTA-2","female","OPC",-9.23804689808544,-8.9190019971581,-9.95840458571438,-5.73396188957283
"CCTTAACGTGGACATC-2","female","Astrocytes",2.18985723094288,-4.74075979058461,0.460165455942112,-0.0394502375800273
"CCTTAACGTGGATTGC-2","female","Astrocytes",-1.96973611279186,-0.28730315034108,2.39116640389438,-1.68924433929512
"CCTTACTCATAGTCAT-2","female","Oligodendrocytes",3.59496806697193,4.8586669557838,0.491569474344212,9.65967910545281
"CCTTACTCATGAATAG-2","female","Oligodendrocytes",7.71182416514698,-11.0595220929833,-4.4527948349667,5.25227229850701
"CCTTAGTGTGTTTGCT-2","female","EN",-4.73735453053173,5.66152483160777,-4.11199216544155,-6.58822757942268
"CCTTAGTGTTACGCAA-2","female","IN-CGE",-11.9641554491108,8.87691551382823,3.40303082764621,-8.95454056007453
"CCTTATGTCATTGACA-2","female","Microglia",11.412432418626,11.2797313326149,6.36903758347507,0.27514289873055
"CCTTATGTCGGCCATA-2","female","Astrocytes",-5.7891628877705,-4.67018407647328,-8.71682505309109,-5.48157150489875
"CCTTCAATCCTGGTCT-2","female","VSMC",11.1011054380352,-3.57516950432973,-3.31570486723904,6.08519666450432
"CCTTCAATCCTTAGGG-2","female","OPC",-9.12530065937695,-9.33302921120839,-9.39071850478176,-5.29605753166267
"CCTTCAGGTACAAAGA-2","female","OPC",-9.60843588276562,-8.74023860757069,-9.21358112990383,-5.71059162361213
"CCTTCAGGTCAGGCCA-2","female","Pericytes",7.62392972544971,-13.0510057813378,-4.28170041739468,4.71457045333794
"CCTTCAGGTTAGTGAT-2","female","Oligodendrocytes",5.70355676249805,2.67993014986796,0.816772058610875,10.7131277825158
"CCTTCGGTCAGGATGA-2","female","Oligodendrocytes",4.20559285716358,4.44003373320384,0.21367950737949,11.0578886772912
"CCTTGCGTCATAATCG-2","female","Oligodendrocytes",5.55811856822315,2.88695281679912,1.1740350276279,9.8259903694909
"CCTTGTTCAAACCTTG-2","female","Astrocytes",-3.65078808232006,-4.12605756585317,-2.14949826895718,-0.938124368019786
"CCTTGTTCAACTAGCC-2","female","OPC",-9.16973520680126,-8.96789497201161,-9.35178665816311,-5.31444914085456
"CCTTGTTCAGCTCAAC-2","female","Astrocytes",1.76925204829517,-3.88928216759877,-2.25441829859738,-1.3702736590583
"CCTTGTTCAGGCATCT-2","female","Microglia",-5.15120006962475,-3.79147332970815,-0.212832435960811,-0.828508922882762
"CCTTGTTCATAAAGCA-2","female","Oligodendrocytes",5.82564900950733,0.695123433425857,0.216862276201207,9.97151630180291
"CCTTTAGTCCGTTAAA-2","female","Astrocytes",-0.920239402491417,-1.17246431176381,2.05524440110202,-1.29225713951179
"CCTTTAGTCGGCCAGT-2","female","Oligodendrocytes",5.74077962474171,1.28327803249641,0.24969024956699,10.0481049324792
"CGAAATGAGATGGACA-2","female","Astrocytes",1.36787079409901,-5.41945356194692,-2.06306211649899,-1.58217484695503
"CGAAATGAGCACAGCC-2","female","Microglia",8.15828107432667,9.3269286745338,6.39055390656467,1.10575248854569
"CGAAATGAGCACGTTG-2","female","Astrocytes",-1.17827947302517,-4.70237582986073,-0.928469739849609,-0.327628562279429
"CGAAATGAGCGGTTAT-2","female","Microglia",-7.05125261707958,-9.48712009255605,-8.16125349699978,-6.18008453590461
"CGAACAAAGTGAACCT-2","female","Oligodendrocytes",5.88554738597218,2.86077767546458,0.315513923768956,11.7796217705529
"CGAACCGGTATTCGTC-2","female","IN-CGE",-8.94932104511913,10.8197351091651,1.49783988297458,-9.34414131385871
"CGAACCGGTCAAGTGC-2","female","IN-MGE",-12.3396790163105,3.05679374869151,6.17784304917331,-5.08613331062385
"CGAAGAATCCGTCCAT-2","female","Oligodendrocytes",5.29841493205372,3.71157509024425,0.541390016679722,11.1242596413415
"CGAAGAATCCTTCTAG-2","female","Astrocytes",-0.950681968170967,-4.84365028207021,1.0268262177753,1.06798259722403
"CGAAGAATCTTAAGTG-2","female","Pericytes",8.2630832059795,-13.6793665296288,-3.92278437315945,5.18735521095208
"CGAAGCCTCCCTCAGT-2","female","EN",-4.8612859384602,5.48692685301585,-3.56897883116726,-6.16402370674201
"CGAAGCCTCGAAGTGA-2","female","Microglia",11.1306521757061,12.5189653032569,8.56333155930515,-0.4486450646598
"CGAAGCCTCGTTAAGC-2","female","Microglia",7.68724607066456,9.34669405157848,-2.7565868347836,2.47500722663811
"CGAAGCCTCTTAGCCC-2","female","Astrocytes",1.69631217555347,-4.95323795144277,-1.47533921896939,0.0646928455155232
"CGAAGCGAGTCCTGAG-2","female","Pericytes",7.62778733805958,-12.9383549100609,-2.82115463912014,5.08130567329339
"CGAAGGCCACAAGCCT-2","female","Microglia",-4.11810733242687,-3.88065522973256,6.58997531235691,0.646927317551885
"CGAAGGCCACATTAAC-2","female","OPC",-8.1802327768391,-9.31041377846913,-9.81221584975247,-5.28289968711921
"CGAAGGCCAGCATTAT-2","female","OPC",-9.35487867756542,-8.96381896798329,-10.4102669209195,-5.55733520729133
"CGAAGTAAGGAGCAAC-2","female","Endothelial",-1.10838456316647,-16.3292517072411,-2.96198539435391,3.66878741043023
"CGAAGTAAGGCCCAGT-2","female","Microglia",10.6391026838237,12.9269118898658,8.3557977229404,0.333493342570577
"CGAAGTAAGGTAACGA-2","female","Astrocytes",0.550876603882942,-5.29819530312734,-2.29221682250027,-0.417992422409739
"CGAAGTAAGGTGCGGA-2","female","Endothelial",-0.370422786611881,-15.8625368482323,-3.03550128638272,3.84806173103264
"CGAAGTAAGTAATCCA-2","female","VSMC",10.7872912748272,-2.59909719292836,-3.31269745528225,5.8050467278283
"CGAATATGTACTGATG-2","female","Astrocytes",-0.439858796585169,-1.65366023843007,0.722282484178501,-2.02117211563179
"CGAATATGTGAGAAAC-2","female","Astrocytes",-0.297755001623001,-2.60218185250478,-0.511192753906292,3.04013769882134
"CGAATATGTGCTCACC-2","female","IN-MGE",-10.8780815736836,9.21772152121349,8.25227637589451,-0.153399298020091
"CGAATATGTGCTCCAC-2","female","IN-MGE",-11.4036619798726,0.259410082652999,0.832717970018345,1.65791361587456
"CGAATATGTGGTTATG-2","female","IN-MGE",-10.1004583971089,9.85248714621349,2.90130849183078,-10.1396573279578
"CGAATATGTTGAGGTC-2","female","EN",-4.95323540135082,5.6279917352943,-0.541304901237529,-4.0875747893531
"CGAATCTAGGGTTATC-2","female","Astrocytes",-2.31315924091991,-4.31793874566274,-0.887937888498348,-0.0770689938742778
"CGACAAGCACTAAGTT-2","female","Astrocytes",0.0511328442508317,-2.79927247826772,0.746137216691929,-3.15659315330574
"CGACAAGCATGTCGCG-2","female","VSMC",12.0074498517925,-3.94118827645497,-3.93556003272061,5.66809671180657
"CGACCTGCAAAGCGGC-2","female","OPC",-6.84821106358227,-5.73640865151601,-10.6102505177212,-6.14397413475105
"CGACCTGCACCGTTCC-2","female","Oligodendrocytes",2.98972271518055,4.6310582750587,0.963847592477757,10.0609080101769
"CGACCTGCATCCTAGA-2","female","OPC",-5.74709774418529,-4.4273986226769,-0.211858257646602,1.65815072315148
"CGACCTGCATCCTGAA-2","female","EN",-6.95103098316845,6.25876671011729,0.0914893895434917,2.78559725540093
"CGACCTGCATTGTGCA-2","female","Microglia",11.9143321378643,12.4544416063575,7.67841239274021,-0.661511609383311
"CGACTAAGTAATCCCT-2","female","Endothelial",0.69285832480732,-14.7154898053856,-2.46321921050076,3.59338610427788
"CGACTAAGTTACAAAC-2","female","Microglia",11.5387513502056,13.2178025835304,7.51457877457615,-0.238815734215464
"CGAGCGAAGCGAAGTA-2","female","OPC",-9.39717127247509,-9.00844615761952,-10.5572910755825,-5.64761478645393
"CGAGCGAAGTGATTCA-2","female","VSMC",12.0643002851421,-3.59999555413442,-3.41015438735012,6.41283529060296
"CGAGCTGGTGAGACTC-2","female","Oligodendrocytes",3.8146288259441,-2.73868936364369,-1.71877793967251,-3.05932266456672
"CGAGGAAGTCCACAAA-2","female","Microglia",10.9939744337017,12.335425912693,8.46127505600925,-0.20753497821876
"CGAGGAAGTGAGCAAG-2","female","Microglia",10.2084376676494,12.9041629427223,7.2569264918613,-0.127556512184825
"CGAGGCAAGACAAACG-2","female","Microglia",-6.38288189335522,6.68389040167613,6.64368386567112,0.590022077731405
"CGAGGCAAGGGTGGAT-2","female","Oligodendrocytes",6.21471618251148,2.55756729777141,0.0694983750629009,11.4374510552209
"CGAGGTGAGAATGACG-2","female","VSMC",10.8549783094341,-3.19767183129506,-3.46013335883145,6.07204168098382
"CGAGGTGAGGAAGCTA-2","female","OPC",-8.58978010578808,-8.01175445382314,-9.15092186629299,-5.25960905296394
"CGAGGTGAGGCGTAAA-2","female","IN-CGE",-10.8571064607685,10.1895518892555,3.20175261795993,-9.52071411354133
"CGAGGTGAGTATTGTG-2","female","Pericytes",7.64771054820362,-13.3545078641625,-4.29450945555691,5.02485578315667
"CGAGGTGAGTTATCCT-2","female","Astrocytes",-2.58218218250927,-4.43276828591542,-2.21217624842648,-1.28256041748115
"CGAGTCGGTAATCCCT-2","female","IN-MGE",-11.7148802415913,2.84810119803233,6.55844874680515,-5.56872637016365
"CGAGTCGGTTAGTGAT-2","female","Oligodendrocytes",5.48613523082081,1.88199418719096,0.44322223961826,9.85178916709832
"CGAGTCGGTTCCTGTG-2","female","OPC",-9.21986414356884,-8.50440925423817,-9.42725948988919,-5.8608697150428
"CGATATTCAATAATGG-2","female","IN-CGE",-9.06348062916454,11.3090320223121,1.16369743645664,-9.8609278891761
"CGATATTCAATCATGT-2","female","Microglia",5.61538337306324,-4.22002881829457,7.4215993434238,-0.70501143676826
"CGATATTCACAAGCCT-2","female","OPC",-5.0257294313496,-13.1198944455834,-12.691503569479,4.34261172073296
"CGATATTCAGTCTAAT-2","female","Astrocytes",-0.552798120815124,-4.70222991769032,-1.07224845885758,-0.10142416698524
"CGATATTCATGAAATG-2","female","Oligodendrocytes",5.92317317561451,1.51220457564278,-0.238671109075588,11.2189499642175
"CGATATTCATGCTTAG-2","female","OPC",-8.8630325929707,-9.2653040296288,-9.60489086806301,-5.23786289436408
"CGATCCTTCAGGTTTA-2","female","VSMC",10.7822053296978,-2.68295949761586,-3.23142795264248,5.6518108155053
"CGATCCTTCCCTGATC-2","female","Microglia",11.3701426847393,11.8424897783546,5.91417737305637,0.314055671862874
"CGATCCTTCCTGGTGA-2","female","Astrocytes",-11.4933188097065,0.332554399326278,1.86446256936069,-2.52870733482429
"CGATCCTTCGAGCAAA-2","female","Oligodendrocytes",3.33901284770313,4.74006682570262,0.27785940468784,11.2536274697106
"CGATCCTTCGCTAGAT-2","female","Pericytes",8.38620351390186,-13.6100754148217,-4.18585352599148,4.95538132446221
"CGATGTCCAATAACGA-2","female","Microglia",-0.711034773427811,-16.3197588330956,7.96269507706638,0.670016964844976
"CGATGTCCACTTCACT-2","female","Oligodendrocytes",5.18343804911915,3.79100519354625,-0.236460015173,10.8876578118127
"CGATTATCACATGCTA-2","female","Microglia",10.9775597913677,12.5151000612525,8.00526233017917,-0.983985135384288
"CGATTATCATTGCGTA-2","female","Microglia",5.77053187922779,-4.07203525368886,0.368927553300816,-4.02081806404182
"CGATTCCTCACTAATG-2","female","Microglia",-5.10505510731396,-3.75180429284291,-9.18578819930081,-5.39920789939949
"CGATTCCTCAGCACGC-2","female","Microglia",11.6642768247539,13.5396915071754,8.05593581498142,0.121930649451528
"CGATTCCTCTTGAGCG-2","female","Microglia",11.2161929471904,12.9314704530983,8.3106898814487,-0.180492470093455
"CGATTGAGTAGTTACG-2","female","Microglia",7.67131112651173,11.4922080629615,8.27641864121433,-0.766204426117625
"CGATTGAGTGGAAGGC-2","female","EN",-7.22800470753368,6.51044899161143,0.900519087915379,9.27081554191521
"CGCAAATTCAATCTCT-2","female","IN-CGE",-8.47907759113964,10.7516303652076,1.40392918885227,-9.50879795295783
"CGCAAATTCAATGAGG-2","female","Endothelial",0.271485434334908,-15.1258005506249,-0.984908461566013,3.60904424446038
"CGCAAATTCCACCTTA-2","female","Oligodendrocytes",6.08858417109791,2.76808494265361,-0.1806898564053,10.6897112633508
"CGCAAATTCGCAACAT-2","female","Microglia",11.6349913938457,12.5324750536232,7.47542949021335,0.168267479113851
"CGCAATAGTCATAACG-2","female","Astrocytes",0.130298362534676,-2.41648858849721,0.771348193292576,-1.55408007843086
"CGCAATAGTGCTTTAC-2","female","Microglia",8.27331136302296,11.6307502382545,-0.417573824520153,1.8790435697358
"CGCAATCCAAGGACCA-2","female","IN-CGE",-10.4803583757466,11.9167676561622,1.84976263344761,-10.3783381674964
"CGCAATCCATAAGCAA-2","female","Microglia",10.7875020368511,12.2548242204933,7.872910454874,-0.226642796822276
"CGCAATCCATAATCCG-2","female","Oligodendrocytes",4.62618278102222,4.19482856924815,0.284813597803074,10.6171175743859
"CGCAATCCATCCCGCT-2","female","Astrocytes",2.01108382777515,-3.57799285714345,-1.8695098608685,0.00117503660133866
"CGCAATGTCAATCTCT-2","female","OPC",-8.14521290226635,-9.40519183938222,-9.11468701064114,-5.37974817497322
"CGCAATGTCATCCTCA-2","female","Endothelial",-0.00505275889095297,-14.5988726026268,-0.109901472921413,3.06349652069024
"CGCAATGTCCAGGGAG-2","female","Microglia",10.9861142499858,12.0557218187599,7.75858683884617,-0.0611965153891704
"CGCAATTAGGACCTTG-2","female","Astrocytes",-0.170329852539863,-4.5158447629662,-0.0254329889965473,1.84829478519372
"CGCAATTAGGTGCTGC-2","female","Astrocytes",-0.198205126959648,-4.84592241112904,0.46687193215366,0.712467959098134
"CGCAATTAGTAACCCG-2","female","Microglia",11.4479281766826,12.7509837740211,7.30443854630466,0.190472414664541
"CGCAATTAGTGTTGCG-2","female","Astrocytes",0.415648804467354,-4.98780673806386,-0.03582684695248,0.523832043580327
"CGCAATTAGTGTTGTA-2","female","Microglia",7.88829110698048,10.4879298799781,7.41540808976169,1.61952363508156
"CGCACAATCACATTGA-2","female","OPC",-9.65189863606152,-8.8677791959496,-9.78586582839016,-6.23170883400032
"CGCACAATCATCAGTA-2","female","Astrocytes",0.151498363774452,-5.27316469018178,-0.172571644182247,1.4303784574788
"CGCACAATCCCGTTGT-2","female","IN-CGE",-7.70085550709423,10.6139789217262,1.24108500779148,-9.4653914664466
"CGCACAATCCTGGTCT-2","female","Microglia",11.8504941327983,12.0324874513893,7.65349574387546,1.52394567983559
"CGCACACAGAATCGCT-2","female","Endothelial",0.74082659320179,-14.7093881971093,1.18332667649265,0.444105079345022
"CGCACACAGGAATAAC-2","female","Astrocytes",1.73128961161915,-5.74071353738027,-1.02154228090767,-0.179910490341868
"CGCACCACAAGCCACT-2","female","Astrocytes",-1.70870984955486,-4.50416320626454,-1.65546838938717,-0.18780739051887
"CGCACCACAATCCCTT-2","female","Astrocytes",1.79099033908192,-5.42404741112904,-1.48057989775662,-0.201907226868357
"CGCACCACAGGCAAGC-2","female","EN",-4.87194277210888,5.90374714072032,-3.9146838635159,-6.78891641838142
"CGCACCACAGTAGGAT-2","female","Astrocytes",1.9780011041576,-5.58866924111562,0.658797696237522,0.40952508705071
"CGCACCACATAATTGC-2","female","Astrocytes",2.11516903476063,-4.67078822915273,0.913430765275914,0.698168029956136
"CGCACCACATTCAGCA-2","female","Astrocytes",0.122555361550484,-2.32041519944386,0.202718570833165,-1.23175723297187
"CGCATATAGGCTATGT-2","female","Astrocytes",-0.30816179378685,-4.70399612252431,-0.0335156768513142,1.38303553121499
"CGCATGATCACTAGGT-2","female","OPC",-8.411186470229,-8.84825557534413,-9.09780125319485,-5.64485246879646
"CGCATGATCACTTTAC-2","female","Oligodendrocytes",5.28980563716236,3.41521340544505,0.16136975586887,10.9193388726037
"CGCATGATCATTAGCA-2","female","Astrocytes",1.01211200789753,-4.77185291115956,-2.29049055277829,-1.94383771164009
"CGCATGATCCCTCATA-2","female","Astrocytes",2.63832925395313,-4.78182834450917,-1.64173303544049,-0.971109340019908
"CGCATGATCCTGGCTT-2","female","OPC",-8.96651579304394,-8.31680148904042,-9.8301506489468,-5.949481317826
"CGCATTACACAATTAC-2","female","Oligodendrocytes",3.88473247126881,4.53193789656444,0.292390897874791,11.1905638481896
"CGCATTACACCTAATG-2","female","Microglia",8.3420045240337,9.17115884955211,0.530893042688328,3.07058851974419
"CGCATTACATGGAGGC-2","female","Astrocytes",2.27364562587086,-4.76735824410634,-1.21694560348515,-1.84287841064521
"CGCCAAATCACGCATG-2","female","Oligodendrocytes",2.3440739973003,4.80620890791698,0.756670191888768,9.54022758262566
"CGCCAAATCACTTTAC-2","female","Astrocytes",-0.721958993512955,-1.37022990052419,0.843738392000157,-1.90615017158576
"CGCCAAATCCCTCTAA-2","female","VSMC",11.5534608228618,-2.48589605157094,-3.54199366271023,6.0897032524865
"CGCCAAATCCGGTTGA-2","female","Astrocytes",3.08890865878407,-3.80007451836781,-1.02662706374649,-3.48364145500251
"CGCCAAATCCTAGTCC-2","female","Astrocytes",-13.9878342287129,1.4403041930048,-2.31781379878048,-1.17119557601997
"CGCCAAATCGCAGGCT-2","female","IN-CGE",-11.8177797929829,9.35442262823863,3.35518498719211,-9.19088203651496
"CGCCAAATCGTTTCCA-2","female","IN-CGE",-11.1132061616963,0.459036409213973,0.864759519700962,3.2623426224511
"CGCCACACAAACGCGA-2","female","Astrocytes",1.05952786044422,-4.08527702157216,-1.1006536632729,-1.37760216934272
"CGCCACACAGCGCTTG-2","female","Pericytes",7.82844422892872,-11.3340744382592,-3.48480205237393,5.05744521873406
"CGCCTCATCAATGAGG-2","female","IN-CGE",-11.1473677293843,9.75727993185802,3.43230672181125,-9.02692157966682
"CGCCTCATCACAAGCT-2","female","Oligodendrocytes",4.31747649745289,4.56815367872996,0.751739934091526,11.524980237655
"CGCCTCATCAGGTTTA-2","female","Oligodendrocytes",4.57329104976002,4.27074605162425,0.697318866853672,9.49283092277459
"CGCCTGTGTCCTCCAA-2","female","IN-MGE",-11.5364353792256,1.61239892925305,6.66822047532077,-5.53380853874275
"CGCCTGTGTTGGTTGA-2","female","Astrocytes",2.36376355723682,-4.88406318490224,-2.1501278132153,-0.566378662415232
"CGCCTGTGTTTCCTCC-2","female","OPC",-9.42640425129589,-8.93313163582997,-9.14667229353909,-6.15854913932868
"CGCGATTCAATAGCAA-2","female","Endothelial",-0.86306448145565,-15.5009836560936,0.279765322809178,3.54858796852044
"CGCGATTCACCACAAC-2","female","Astrocytes",1.40855156020466,-2.73755019967275,-2.32295922934536,-2.09533674461433
"CGCGGATTCATGCTCC-2","female","IN-CGE",-10.3172695772236,12.0591645830421,1.65588732064243,-10.2741215918739
"CGCGGATTCCGGAACC-2","female","Microglia",11.8686568601543,11.6715989702491,8.21419997513767,-0.730480859108653
"CGCGGATTCCTAAGAC-2","female","Microglia",7.14836953715626,9.69891411001964,-2.53962008654599,3.2557234074395
"CGCGGATTCCTAAGTA-2","female","IN-CGE",-3.3573670522755,14.0806871050148,0.76036079228397,-8.72227031929084
"CGCGGATTCGTTAGTA-2","female","IN-CGE",-9.21011187000927,12.3205600374488,0.663057282571751,2.54953913944176
"CGCGGATTCTTAGCCC-2","female","Microglia",8.00162862376514,-13.0164474851342,0.00875522196765555,-4.08774072868415
"CGCTAACCAAACTGTT-2","female","Astrocytes",-2.8835117952412,-1.60931319062428,2.75248475373264,-1.51532847625801
"CGCTAACCATAAACCT-2","female","Microglia",11.6070382459575,12.50099235709,6.28910775483127,0.287708034686361
"CGCTAATAGCACCACA-2","female","Astrocytes",1.16927360133472,-5.65215104882436,-1.78587512671475,-1.23061115486213
"CGCTACTTCGAGCAAA-2","female","Microglia",12.0611579282695,12.6259551637916,8.46872325242038,-0.350706050224986
"CGCTACTTCGCAGGCT-2","female","IN-CGE",-9.87484957142529,12.1572251909523,1.33034224808689,-9.95101768714973
"CGCTATGAGGACAATG-2","female","Microglia",11.3896586759502,13.1560388201026,8.44225497544284,0.310314169101033
"CGCTATGAGGAGCACG-2","female","IN-CGE",-12.0295231477803,8.87040430243297,3.31751962006565,-8.68017894966194
"CGCTATGAGGCCGGAA-2","female","Astrocytes",0.406748162072334,-5.2927231198998,-2.29207865893368,-0.31058890564033
"CGCTCAGCACATGCTA-2","female","Astrocytes",-2.10893429680523,-4.34055513207631,-1.461666569109,-0.0311722849089763
"CGCTCAGCACCTCACC-2","female","Microglia",7.50385640696827,9.62272125418468,1.64514727890964,1.44238935964516
"CGCTCAGCATTGTCCT-2","female","Astrocytes",1.39636038379017,-5.49964755837636,-0.425368949766201,-0.470203111000743
"CGCTCCATCGGGATTT-2","female","Astrocytes",0.931838975709114,-5.55438989464955,-1.91737894713406,-1.46300894958564
"CGCTCCATCTTGACCC-2","female","Microglia",11.6397940977031,12.8898053758888,7.63735862076755,0.163734307460103
"CGCTGTGCAATCCTAG-2","female","Oligodendrocytes",5.99345086650196,2.3571832173614,-0.00083588063244211,10.8572069908898
"CGCTGTGCACCATATG-2","female","Microglia",8.51178430156055,9.10197979147716,7.08313556015964,1.88507073181084
"CGCTGTGCACGCAACT-2","female","IN-MGE",-11.8964569704121,3.0439822071342,6.11228652298923,-4.99880058509895
"CGCTGTGCAGCCAGAA-2","female","Astrocytes",1.48885618285481,-4.30176824395375,-2.28058843314175,-1.39780194503852
"CGCTGTGCATAGGCGA-2","female","Astrocytes",1.9130608900005,-5.50006049935536,-0.31233869492535,-0.0815083478171489
"CGCTTAACAAGACTCC-2","female","Astrocytes",1.32671569423023,-4.70258516137319,-1.87292329966549,-0.656264493294444
"CGCTTAACAATATACC-2","female","IN-CGE",-7.69156910343822,10.6262050264625,1.01507575810428,-9.20585376960823
"CGCTTAACAGGCCAAA-2","female","IN-CGE",-9.09850527210888,11.5009103410987,1.20073814690586,-9.54533798439094
"CGCTTAACATGTTGGC-2","female","Oligodendrocytes",3.37073730067555,4.80041509802623,0.709384039049107,10.562855413131
"CGCTTACTCCAAACAC-2","female","Astrocytes",-0.842756851155128,-1.22835677926259,0.770725324754673,-1.5745599959571
"CGCTTACTCCTCAGTC-2","female","Oligodendrocytes",6.28208421305958,1.27641601796432,-0.140291556711238,10.1746975685876
"CGCTTACTCGAGCTAT-2","female","Astrocytes",1.8204824788982,-4.09581607644277,-2.20683376490597,-2.12040574295112
"CGCTTACTCTGCAAAC-2","female","Oligodendrocytes",3.70049546794239,4.71795374090953,0.499222233896214,11.3489777352136
"CGCTTACTCTTAGCGG-2","female","IN-CGE",-11.5771334306782,11.6343103044776,3.3814234286594,-10.700120279618
"CGCTTCTAGATGGAGC-2","female","Oligodendrocytes",6.21500657634083,1.30258832807822,0.886970594530064,10.2873617913049
"CGCTTCTAGCCGCAAC-2","female","OPC",-8.91457964344677,-9.89947933022694,-8.92162899672512,-4.93428976280281
"CGCTTCTAGCCTGGTA-2","female","EN",-7.34572197361645,6.795751630619,1.26169963181492,3.06549637573174
"CGCTTCTAGGCTAAGA-2","female","Astrocytes",-0.763887985188332,-4.54724162881093,0.844253614549595,0.682228257827077
"CGCTTGCGTACCGAAC-2","female","Microglia",11.1276423795635,13.2410436266212,8.38940234482761,0.267995526961599
"CGCTTGCGTGCTAGCG-2","female","Microglia",7.88728021220509,9.56800132925792,7.62776847184177,1.73832427518776
"CGCTTGCGTTCACTGT-2","female","IN-CGE",-11.2392943040913,11.546887933567,3.33336444199558,-10.2333253119666
"CGGAATCGTCCGCTGT-2","female","Astrocytes",0.383504496377144,-4.45338290993886,-0.316658064718288,-0.0550636742789409
"CGGAATCGTTGGCGTG-2","female","OPC",-8.65528608723339,-9.29573005501942,-9.05342106520657,-5.10678894264289
"CGGACAACAAGATTCT-2","female","IN-CGE",-11.7160456316059,10.8964753740577,0.444963887338597,2.24454348342827
"CGGACAACAGTGAACG-2","female","OPC",-8.47178865833935,-7.91650813882069,-9.0905323475552,-4.93023617012092
"CGGACCTAGCGAGGTG-2","female","Astrocytes",1.12358127669636,-3.87525409524159,-1.86539749800686,-1.66763598663398
"CGGACCTAGCTCCCTG-2","female","Microglia",11.9012629850322,12.4533525102882,7.34513278306003,0.327989688090596
"CGGAGCAAGACACTTA-2","female","OPC",-8.48753334446606,-7.80492252175527,0.533534720544773,1.76907156961373
"CGGAGCAAGAGAGGCT-2","female","EN",-4.74759079380688,5.07740622694774,-3.86096768080716,-6.48753387672492
"CGGAGCAAGGCTGGCT-2","female","Microglia",10.5451142652446,11.8784642809181,6.72751803696628,0.320621302298818
"CGGAGTCTCGGCTAGC-2","female","Astrocytes",2.0323817594463,-4.53328937356191,-1.45385293662075,-0.82436163169929
"CGGATAAAGACTATTG-2","female","OPC",-7.33873678608593,-6.39269536797719,-0.331615671510738,3.15857403533867
"CGGATAAAGGGACGCA-2","female","VSMC",11.5575368268901,-2.55126756493764,-3.67163114249234,6.10782878654412
"CGGATTAGTCAAGTGC-2","female","Astrocytes",-1.60244227810558,-4.58606427972035,-0.429545864458126,1.1697417105954
"CGGATTAGTTATGTGG-2","female","IN-MGE",-13.4621460573262,1.6789895140676,5.39027447998996,-5.38621599418708
"CGGCAATGTAGTTAAC-2","female","IN-CGE",-3.14002276821789,14.0505719774513,0.975408151750523,3.1422414089959
"CGGCAATGTTAGCTGA-2","female","Astrocytes",-1.98728503151592,-4.13038724724965,-2.28391949831967,-0.28779084426948
"CGGCAATGTTTCAGGA-2","female","Oligodendrocytes",4.26551984385792,4.41076642210765,1.13204593956943,9.2994896675866
"CGGCAATGTTTGTCTA-2","female","OPC",-8.95630575581249,-8.23674625222401,-10.5922413319302,-5.40122921211311
"CGGCCATAGGCGCATC-2","female","Oligodendrocytes",6.29224895076099,0.482826887920333,1.01684339344974,10.6106688286584
"CGGCCATAGGTGAGAC-2","female","Microglia",7.85986398295704,11.4145713442115,7.96778006852146,0.0658841039460042
"CGGCTAATCAGCTAAC-2","female","Oligodendrocytes",4.38481162623707,4.3621590727119,-0.164681836957973,11.1112725045007
"CGGCTAATCTCACTCA-2","female","Astrocytes",-1.36264909668621,-1.4430908567162,1.32237620652195,-2.02538139564582
"CGGCTAATCTGTGAGT-2","female","IN-MGE",-11.8614103929585,2.96181195910258,6.40519662201877,-4.86728412849494
"CGGCTCACAAACTGTT-2","female","Astrocytes",-1.97711528702435,-0.300429762050675,1.95654840767856,-0.770745465584483
"CGGCTCACAACTAGGG-2","female","Oligodendrocytes",5.99311326579395,0.813896416976882,-0.0638623088550984,11.3351103569787
"CGGCTCACAGCTACGT-2","female","IN-MGE",-11.147815956313,2.10514432127757,6.68736787140842,-5.6348250601966
"CGGGACAAGCATGTTA-2","female","Endothelial",-1.23247922821697,-15.8903707868309,-1.65045867859845,3.36959212081841
"CGGGACAAGCTTGCTC-2","female","Astrocytes",1.31285296515766,-4.66488212411122,-1.52220688759808,-1.5233178828437
"CGGGACAAGGTCCTGA-2","female","Astrocytes",2.15454696254078,-4.70638364617543,0.425242021684605,11.2838331963342
"CGGGACAAGTGAGCGG-2","female","Astrocytes",-0.308963103730049,-5.16071313683705,-2.08995012938504,-1.31886012298652
"CGGGCTTAGAAAGCAT-2","female","OPC",-9.45348001881298,-8.98529571358876,-9.79547505080227,-5.6520860884864
"CGGGCTTAGGTAACGA-2","female","Astrocytes",-6.31919647617992,-11.0580448514672,-8.94330506026272,-5.29658729774543
"CGGGTATGTCAGGCCA-2","female","Astrocytes",0.808041797440681,-5.00301307503896,-0.820925910021108,0.277630200557027
"CGGGTATGTGAGAAAC-2","female","RG",-9.40912462635693,-9.40231269662099,-10.6867418736172,-6.39623672706672
"CGGGTCTAGCCAAATC-2","female","Astrocytes",-0.330418555576172,-1.86271470849233,0.897503569726902,-1.35863811714241
"CGGGTCTAGTTAGTGC-2","female","IN-CGE",-10.845325721938,11.1969571703224,3.33051629364963,-9.7616732810218
"CGGTAACGTAACTACG-2","female","Microglia",3.60776256160084,-4.58282798592763,0.729606106882054,0.243992617301259
"CGGTAACGTCATAACG-2","female","Oligodendrocytes",5.72422288493458,2.95830994780345,1.06712706387516,9.34507243888787
"CGGTAACGTCATAAGT-2","female","Astrocytes",1.40165589885059,-3.7542390233727,-1.36912618577008,0.0446186568062642
"CGGTAACGTGGTGAGA-2","female","IN-CGE",-3.32806254788097,14.1100535982399,0.959810212259251,-9.0028670523841
"CGGTAACGTGTTTGCT-2","female","OPC",-7.92953850193676,-7.52730697457509,-10.4731197804165,-6.21298868400642
"CGGTGAACAGCCAGTT-2","female","IN-CGE",-10.2953856126851,12.1100803011207,0.177833631639439,2.03858809726647
"CGGTGAGAGCATGGTT-2","female","VSMC",10.9571702344829,-2.65084403817372,-3.58222059905056,5.74690215843133
"CGGTGAGAGCGTGCGT-2","female","Microglia",9.61982034282032,11.6919961565284,7.87989898026462,-0.534522721596446
"CGGTGAGAGCTTATGA-2","female","Microglia",10.9735925062114,13.1297917955665,8.43301291764255,0.626713802985463
"CGGTTATAGCTAAAGG-2","female","OPC",-8.64897753163036,-8.87248271767812,-9.95870690047268,-6.59464771492073
"CGGTTATAGTTAGACC-2","female","OPC",-9.60671068592724,-8.53185123269276,-10.1297874897671,-5.9627288077552
"CGGTTCCGTTAAATGC-2","female","Oligodendrocytes",4.4709427221233,-1.94359725777821,-1.68863271176342,-3.26537830574104
"CGGTTGGGTAACGGGA-2","female","OPC",-8.25321413441357,-7.22451633279042,-10.2557812184048,-5.36160261375495
"CGGTTGGGTTAATGAC-2","female","OPC",-8.27146412296947,-8.94450134103017,-10.3386040180874,-6.18040306312629
"CGGTTTCTCCTAGTCC-2","female","Astrocytes",-1.9516362087315,-1.2128559953423,1.40908785164829,-1.7305281851966
"CGGTTTCTCCTCCCTC-2","female","Microglia",-6.54587961598095,6.74217945273204,7.44868941605564,0.618049373797689
"CGGTTTGAGCAAGGGT-2","female","Endothelial",0.626217709344063,-14.7859568006249,-2.94164328276638,5.44785421150139
"CGGTTTGAGCCACATG-2","female","VSMC",10.8588826520855,-2.63757938210683,-3.4436612576199,6.01069896476677
"CGTAACCCAAACAACA-2","female","Oligodendrocytes",4.83769248561207,4.03766161139293,0.193233326082188,11.0809685494225
"CGTAACCCAGCTTACA-2","female","Astrocytes",1.71040390567127,-4.67481750313954,-2.46548990904812,-1.03084964496681
"CGTAACCCATCGCTCC-2","female","OPC",-8.99296595020946,-8.70306724374013,-10.3827457874966,-6.09396965248176
"CGTAATGGTCATCAAG-2","female","Oligodendrocytes",5.34869645671192,3.51226001913829,0.0342034250545086,11.1447436119836
"CGTAATGGTTGAGCCG-2","female","Astrocytes",1.67646430568043,-5.57281917397694,-1.5719651430798,-1.70097286445686
"CGTAATGGTTTCCTCC-2","female","OPC",-9.12084032459911,-8.25051158730702,-0.440687045450252,2.45096533554009
"CGTACGGGTACGCGCA-2","female","Microglia",-6.84912849827465,-9.52080005471425,-8.51301006972317,-6.21305114967414
"CGTACGGGTGCACGCA-2","female","Oligodendrocytes",5.64990018443409,2.9985253208427,0.872714474801976,9.56769149558953
"CGTACGGGTGTTTGTC-2","female","Pericytes",7.62623380259815,-12.8238691693993,-0.608048498625797,3.78176634567193
"CGTACGGGTTACCTGT-2","female","Astrocytes",1.82805608348194,-4.02630895440297,-2.18277601897244,-0.609882304497447
"CGTACGGGTTTGGGCG-2","female","Astrocytes",1.86051915721241,-4.74066537682729,-1.32463900744442,-1.22485072357246
"CGTAGCGGTTTGCAGA-2","female","Oligodendrocytes",4.01757644252125,4.56596976454539,0.742898538713414,10.8014237191003
"CGTAGTTAGCGATACT-2","female","Microglia",11.3108708723003,11.3422866457252,7.34350676835056,1.27385877626351
"CGTAGTTAGCTGAGGG-2","female","Astrocytes",0.448818789284859,-5.23406118218617,-1.6114474981976,-1.31066162330696
"CGTAGTTAGTCACTAA-2","female","Astrocytes",2.0505485399181,-3.84419387643056,-1.58858554064755,-1.09530026657173
"CGTATTGCACCGGTAT-2","female","OPC",-8.98471189900097,-9.17378658120351,-9.5638742893887,-6.17136318428108
"CGTATTGCACCTGCTC-2","female","Astrocytes",1.42829047278706,-4.68051523034291,-2.29654471575741,-1.70683581573554
"CGTATTGCATCCAGGT-2","female","Astrocytes",1.52983163432423,-5.43995231454091,0.942304685716587,0.424056937865529
"CGTCAATAGCCTGATG-2","female","Astrocytes",1.71602390841785,-5.08132070367055,-1.26339922844891,-1.47027642471382
"CGTCATTGTCATTAGG-2","female","Pericytes",7.84659551219288,-12.5726475126,-4.58611850440029,4.76239912765435
"CGTCCTAGTAATGGCC-2","female","IN-CGE",-8.42058779164013,10.7935796373634,1.18360848725315,-9.27981407386848
"CGTCCTAGTCCTAATC-2","female","Endothelial",-0.511884240943756,-15.5657190686913,-1.07483455538277,3.28320806281975
"CGTCCTAGTTAAGGTT-2","female","Astrocytes",-0.214641763407555,-5.17921918694692,0.549167111520726,0.926329629443202
"CGTCCTAGTTAATGAC-2","female","Oligodendrocytes",2.12900565699879,4.95417910750194,0.210518315439183,10.1206461693566
"CGTCCTAGTTAGTACG-2","female","Astrocytes",-1.05517162247356,-1.68846029107289,-0.778884604568523,1.94138984935692
"CGTCCTAGTTTGCGCC-2","female","EN",-4.8057758943623,5.53762870962901,-4.03965620696072,-6.66515619499275
"CGTGACATCACATTGA-2","female","Pericytes",7.64764951304737,-10.9198326474877,-2.99339322745327,4.41574805038384
"CGTGACATCACTCAAA-2","female","VSMC",11.4394233091289,-2.97441715066152,-3.59109000861172,6.34404199378899
"CGTGACATCTTGCAAA-2","female","Oligodendrocytes",4.38517020778004,-2.103915632412,-1.83982424437527,-2.94154293281623
"CGTGAGGAGGTCCACA-2","female","Microglia",9.47217534617725,12.3603988283424,7.41448207200046,0.410961380175863
"CGTGAGGAGGTTACGT-2","female","Astrocytes",-2.06786073609051,-0.293548405811356,2.67180223763462,-1.9004398081977
"CGTGCACAGTCGCAAT-2","female","Astrocytes",-1.34968377514538,-4.71381610696034,1.17041273415561,0.875527044705663
"CGTGCACAGTTAGTGC-2","female","Oligodendrocytes",5.66589759425465,2.64802914793773,0.421024754648167,11.1846758629601
"CGTGCTGCAATATAGG-2","female","Microglia",9.73531125621143,12.5218196504859,8.34582324326511,1.27904902952126
"CGTGCTGCACAAACTT-2","female","Astrocytes",0.595704899590645,-4.71244996850209,-1.38621847331051,-1.49521786911079
"CGTGCTGCACAACCTA-2","female","Microglia",8.40155957774464,9.10620027716441,6.54129119217868,1.43379630701951
"CGTGCTGCACCGGTAT-2","female","Astrocytes",-0.10355622931179,-4.62544626061635,0.528193429117161,1.04228389816693
"CGTGCTTTCATAGCCG-2","female","Astrocytes",-2.35764111443218,-1.06595534150319,2.71387191117283,-1.64794761879035
"CGTGCTTTCTAACTGA-2","female","Astrocytes",2.47292040423695,-4.45187944237904,-1.11292563378338,-1.40375215751716
"CGTGGTTCAAGTGAAC-2","female","IN-CGE",-9.0654137270039,11.5009112947731,1.24729533493992,-9.86500675422737
"CGTGTGTCAACAACAA-2","female","IN-CGE",-11.4536583559101,9.97127109701915,3.39113469422336,-9.15683395607063
"CGTGTTACACCATATG-2","female","OPC",-5.55041862888988,-12.8387531644555,-12.5649176090908,4.23985831993035
"CGTGTTACATAATCCG-2","female","EN",-7.16856552525219,6.84113508398814,1.44995971024509,2.12257759826592
"CGTGTTACATCACAGC-2","female","Microglia",10.1993672712261,12.8721843355445,7.44146914780613,-0.185669014282908
"CGTGTTACATCCTGAA-2","female","OPC",-8.06891323490795,-8.47879642312245,-10.6588802784634,-5.56092245323249
"CGTTAAATCAAGCGCC-2","female","VSMC",10.8584420545513,-2.60325187508778,-3.40272884070401,5.90126865165642
"CGTTAAATCAGGAAGC-2","female","Astrocytes",-1.45676375790295,-0.542400777980851,1.69967718422886,-2.02940852386543
"CGTTAAATCCTCGATC-2","female","Astrocytes",-4.46382643147167,-3.7373818761559,-0.442849144334835,-0.0598837826926372
"CGTTAAATCGAGGTGG-2","female","OPC",-8.4076726572102,-8.50575870339589,-10.1630545109463,-6.28023750526496
"CGTTAAATCGTTTCCA-2","female","Astrocytes",-3.09320618076977,-1.76053851906972,2.64301152527805,-1.56519491416999
"CGTTAACAGTCACCTC-2","female","Astrocytes",3.09469054774586,-3.88436216180043,0.185455992822605,0.499111881427083
"CGTTAACAGTCGCTAG-2","female","EN",-4.81212164326366,5.015069782093,-4.00418929755215,-6.62409574729988
"CGTTAGGTCCGTGACA-2","female","Astrocytes",0.227012620728645,-4.74393552605824,-0.337999448175472,-0.188877055474009
"CGTTAGTAGCGAAGTA-2","female","Pericytes",7.77767823771778,-12.9562248594017,-4.48807387053494,4.72646587150506
"CGTTAGTAGCTTTGGG-2","female","Microglia",4.08296035365406,-4.11167663399892,0.179464176301915,-3.49857790214607
"CGTTATCGTGTTGCAA-2","female","Pericytes",7.481955276292,-13.3217634565087,-4.22768358885769,5.0266305710595
"CGTTATTTCCACCTTA-2","female","Endothelial",-1.21161092682537,-15.9134306318017,-8.36956982314114,-6.35322220069953
"CGTTGCAAGGAGTCTT-2","female","Oligodendrocytes",3.03339575366322,4.76222997839732,1.00255663693424,10.2930084969323
"CGTTGCGCACATAACT-2","female","Microglia",12.0787255628521,12.2615504854469,8.11106677353855,-0.180806705780711
"CGTTGCGCACCTCGCT-2","female","Microglia",10.9912831647808,12.2757783525733,8.08872218430515,-0.164767215080943
"CGTTGCGCAGCCAGAA-2","female","Astrocytes",1.93867205218616,-4.51914161507802,-0.629730328912777,-0.437513778038707
"CGTTGCGCATGTTGGC-2","female","Oligodendrocytes",4.5077965124065,4.25125223334117,0.0454339534091533,11.6142899300378
"CGTTGCGCATTATGGT-2","female","OPC",-8.00213266773876,-7.67474120919423,0.281171515588719,2.23633473174981
"CGTTGCGCATTTGCTC-2","female","OPC",-9.32296396656689,-9.05560821358876,-9.99600987135891,-5.64919311744758
"CGTTTCTCAATATACC-2","female","Oligodendrocytes",5.83175538615528,2.98298793967052,0.185717299585301,11.6610972191613
"CGTTTGGAGCTTAGCG-2","female","Astrocytes",0.761043892663155,-4.68937915627675,-2.11989264189724,-0.561206290550914
"CGTTTGGAGGACGTAA-2","female","OPC",-6.24522711201366,-5.16210264031606,-0.496436461801571,3.00426857726983
"CTAAAGCTCGCGCTAA-2","female","IN-CGE",-2.262473954398,13.9222636812477,0.527101352815586,-8.62698204261848
"CTAAATGTCCGCAACA-2","female","Oligodendrocytes",5.16296123103443,3.75057417090221,-0.728094503278774,2.0090741421502
"CTAAATGTCCTTCGTA-2","female","Astrocytes",1.73378895358387,-4.76540654961781,-0.501748785371822,-0.277739116974559
"CTAAATGTCGCTAAAC-2","female","Astrocytes",-6.27293993397411,-10.4256481534691,5.94629140198703,0.148464074305806
"CTAAATGTCTTAGTCT-2","female","IN-MGE",-14.3674833910054,1.40473101969047,4.33661742508884,-5.62890274269172
"CTAAATGTCTTGAGCG-2","female","IN-MGE",-11.7337448732441,2.47170817787929,6.47980685532566,-5.46060735923835
"CTAACCACAACAGGTG-2","female","Microglia",7.44313071803394,11.1468806856422,7.41230006516452,0.0856975819390157
"CTAACCACAACTCGCG-2","female","Microglia",10.3060080869609,12.513100206211,8.21328826249118,-0.613309571572032
"CTAACCACATTGCGTA-2","female","Microglia",8.59137891368214,11.4574075334816,0.855393126611668,3.51799934165886
"CTAACCCTCCCTCAAC-2","female","Microglia",10.1288897855693,11.4998899095802,6.12340588868137,0.0904451515000203
"CTAACCCTCCTTAAGA-2","female","Astrocytes",-2.3746166364735,-1.31579631631093,1.78183741868015,-0.484739253349986
"CTAACCCTCGTTTCTG-2","female","Oligodendrocytes",6.61296819285694,1.75814837153239,0.726421907548863,11.0880514885705
"CTAACCTGTTAGGCGT-2","female","EN",-5.0567672388142,5.43077522452159,-3.66545395552639,-6.51823503715583
"CTAACCTGTTAGTACG-2","female","Microglia",11.7773234708721,12.3268075578956,8.04957766831394,-0.595176050492015
"CTAAGGTTCCCAGTAG-2","female","Endothelial",0.669959293168221,-14.6558641797753,1.29796595871921,2.15559749858788
"CTAAGGTTCCTCATGC-2","female","VSMC",10.8943469388897,-2.44009488885121,-3.20059923827175,5.68598716514519
"CTAAGGTTCGGGCCAT-2","female","IN-MGE",-12.0341360704487,1.59728617902084,6.40267033875461,-5.88539249641487
"CTAAGTCAGGGTGAAC-2","female","Microglia",11.6001508100444,12.6704745882301,7.01239009201999,0.039879729918752
"CTAAGTCAGGTGTTAC-2","female","Oligodendrocytes",6.44256232814137,1.08135285909457,0.109410539274174,10.1433569695275
"CTAATAGTCAGCACCA-2","female","Astrocytes",1.24928878382984,-3.6921314603539,-2.24148111044888,-0.669553825684275
"CTAATAGTCATTAGGC-2","female","Microglia",11.780165420335,12.5078693025856,8.04410929978367,-1.03547162754127
"CTAATAGTCCGCCTCA-2","female","Astrocytes",-0.956954075533714,-1.0302011377068,1.12888963521,-2.01110298378059
"CTAATAGTCGCTATGG-2","female","Microglia",6.75625012950245,10.1833930605201,1.49709887803074,2.14847426670006
"CTAATAGTCTGTTGCC-2","female","Astrocytes",1.05231319503132,-4.68915313546376,-0.403102502222103,0.197562744788442
"CTAATAGTCTTAGGAC-2","female","OPC",-8.93767954273876,-9.20944160287099,-10.0872211903286,-6.08526260597297
"CTAATCCGTGAGACTC-2","female","Astrocytes",-1.94971908493694,-0.582735479518937,2.26007767022129,-1.32900387985298
"CTAATCCGTGTTAAAC-2","female","Endothelial",-0.980122967202034,-15.1560510999413,-1.04007227718357,3.49935143249444
"CTAATCGCATGGCCCA-2","female","Astrocytes",3.63895009593311,-2.72070449654775,2.15371604264255,-2.25308186752387
"CTAATCGCATTAAACC-2","female","IN-CGE",-2.85278154774364,14.1544652574806,0.474381282930333,-8.29704315406867
"CTAATGTCAAAGGTAC-2","female","Microglia",10.8118121488506,11.3272863024025,7.68256182969089,-0.138214537926402
"CTAATGTCACTAAATC-2","female","Microglia",11.8400571210796,13.3405576341896,7.95350356400486,0.556634565762792
"CTAATGTCAGGCGATA-2","female","Astrocytes",-6.08524538441357,-4.90181583230214,0.157763198022801,-2.01959616882392
"CTAATGTCAGTTAAAG-2","female","Endothelial",-0.212639911610451,-15.0342974073143,1.36048527062412,2.73799937026909
"CTAATGTCATCCTGAA-2","female","Microglia",11.6512973173076,13.244002878025,7.23844619095798,0.859972624055658
"CTAATTGAGGGTTATC-2","female","Astrocytes",-0.698774962264862,-1.49886506859975,1.21160311997409,-2.09476001007148
"CTAATTGAGTTTGCGG-2","female","Microglia",-5.17812849445995,-3.77135652367787,-2.4690803736401,1.14219342725686
"CTACAACAGAGCAAGC-2","female","IN-MGE",-14.0880530016011,1.75006335909648,5.14829201996799,-5.43838102562019
"CTACAACAGGAACCGG-2","female","Astrocytes",1.28291557864491,-4.71912711922841,-2.50044576823239,-0.9981314633567
"CTACAACAGGGTTAGA-2","female","Microglia",8.47807191447559,9.12536817724986,6.66691680253025,1.94288974063805
"CTACAACAGTAACAGG-2","female","VSMC",12.1888606412822,-3.87866109673695,-3.46099857985501,6.3302137162011
"CTACAACAGTTTAACG-2","female","OPC",-8.98524691029247,-8.90536731545644,-9.59237103163723,-5.42119915229866
"CTACCGGCAGGAACCA-2","female","IN-MGE",-11.7640049593037,0.918655037239028,6.85913510621067,-5.96106846077033
"CTACCTCAGGCTTAGT-2","female","EN",-4.7365334169453,5.12261062796397,-3.94765071570401,-6.56977684242317
"CTACCTCAGTCGCTAG-2","female","EN",-4.85929132862743,5.1448898905067,1.23719044030185,2.97682087676934
"CTACCTCAGTCTATGA-2","female","IN-MGE",-11.1088116304463,2.02463823492808,-3.48034124075894,5.52532403724602
"CTACCTCAGTCTGGGC-2","female","Astrocytes",2.47268675402943,-4.22300142113881,-0.516072764987987,-0.068650076218333
"CTACGAAGTATTCGTC-2","female","Astrocytes",1.62241195277515,-4.90839856927113,-2.43844406306271,-1.74498326522895
"CTACGAAGTGAGGTAG-2","female","Endothelial",-0.31010605259594,-14.6965708142968,0.154530897741276,2.80565076129845
"CTACGAAGTGCTTTAC-2","female","Oligodendrocytes",5.82811616496388,1.74361649091525,0.560157373552281,9.73551719444207
"CTACTAAAGACTCGCA-2","female","Microglia",7.42300914363209,11.2197852724342,6.22734113038059,0.281289806536947
"CTACTAAAGAGAAGGG-2","female","EN",-5.41554094715771,6.21490436728282,-0.180839702482265,1.84326653736046
"CTACTAAAGTTATCTC-2","female","Oligodendrocytes",5.88248227671925,2.37691599066539,-0.26463566720013,10.4257876183312
"CTACTTAGTCATTAGG-2","female","Microglia",11.1192233426983,11.5023475282936,7.6710700541782,1.00632639410308
"CTAGATTCAAACATAG-2","female","OPC",-9.59688593311962,-9.06185668770985,-10.5650101154995,-6.16878206474372
"CTAGATTCACAAAGGT-2","female","IN-MGE",-12.2421219484394,2.92699748213573,6.16190476716037,-5.15783531410285
"CTAGATTCAGCAAATA-2","female","Astrocytes",2.81962083415333,-4.38455766503529,-1.42769007384304,-1.38790352088996
"CTAGATTCATTATCCC-2","female","Astrocytes",-0.993535591799583,-1.90502899949269,1.09211309254642,-1.61695844871589
"CTAGCGGGTAACAGGG-2","female","VSMC",11.9658477170879,-3.92408460442738,-3.62292484938626,4.87217729347161
"CTAGCGGGTCATCAAG-2","female","Pericytes",7.84966538981739,-12.9129547483178,-4.61692838370327,4.98398416297844
"CTAGCGGGTCATTACC-2","female","Astrocytes",1.52743242816273,-5.56541961495595,-1.38640378415112,-0.250421831436839
"CTAGCGGGTGATCAGC-2","female","OPC",-6.00992800160107,-12.17980426614,-12.5270023792935,4.26026647346428
"CTAGCTGAGATTGAGG-2","female","OPC",-5.33518434925732,-12.9447807676049,-12.6612167805386,4.32395141380242
"CTAGCTGAGCTATTAG-2","female","IN-CGE",-10.4463341371601,9.6037202471046,0.140767887239415,3.23550169723443
"CTAGCTGAGGGACTAA-2","female","Astrocytes",8.0323817594463,-13.6283201581688,-2.14699058234219,-1.13256151420661
"CTAGCTTGTCCTAAGA-2","female","VSMC",12.0854403837139,-3.88387054269032,-3.41227822005276,6.37523620384148
"CTAGCTTGTGGTTCTT-2","female","OPC",-8.63702799244579,-7.52007716958241,-10.1551619023037,-5.33453638298103
"CTAGCTTGTGTTGTGA-2","female","Oligodendrocytes",5.15299199656788,3.47790139849467,0.372152641420323,10.3260943199914
"CTAGGACGTGACATGC-2","female","EN",-6.17506147785839,6.71285587485118,0.548202112321812,3.24211399810723
"CTAGGACGTTACCTGT-2","female","OPC",-9.1604483263081,-8.59418052499013,-9.16852669417385,-4.73440630180427
"CTAGGACGTTGTTGTC-2","female","Microglia",-5.06102777882275,-3.80697482888417,7.423691704874,1.56402330654076
"CTAGGCGGTCCGCTGT-2","female","Endothelial",0.118905113499794,-15.3217958814354,-4.32662610709195,4.57745664375237
"CTAGTAATCAAGCTAC-2","female","OPC",-8.65519834919628,-8.3514913922997,-9.00950531661038,-5.149685690232
"CTAGTAGGTTACGCGG-2","female","OPC",-8.85721804066357,-8.73401302163319,-9.15732006728176,-6.10918743354866
"CTAGTAGGTTCATCTA-2","female","Oligodendrocytes",6.12021611766163,2.28697234328075,-0.238046154375118,10.8656451012414
"CTAGTAGGTTGCGCGA-2","female","Astrocytes",0.932337389748726,-4.80796331231313,-2.12311224638943,-1.14008528930732
"CTAGTCGAGACAAGTG-2","female","Astrocytes",1.15265987948719,-5.47912210290151,-1.96767179667477,-1.11264235717842
"CTAGTCGAGCAAGGGT-2","female","Astrocytes",-1.27927733822521,-4.55114978615956,0.224692299966771,1.10241969483307
"CTAGTCGAGCTTAGTA-2","female","Astrocytes",2.03212545947376,-3.65077680413442,-2.06445233523373,-1.39438326103279
"CTAGTGAGTCTATCGT-2","female","IN-CGE",-8.25259806080517,10.7208247774391,-0.773839510972541,2.76244943397454
"CTAGTGAGTTAAGCCA-2","female","Astrocytes",1.57315562800709,-5.11967366997914,0.805246070032078,0.522930493525777
"CTAGTGAGTTATTGCC-2","female","VSMC",11.8193604810649,-4.12172359292226,-3.59006671607022,5.59845178382805
"CTAGTGAGTTGAGGTC-2","female","OPC",-9.49213911457714,-8.94387668435292,-9.76796345412258,-6.42090589744636
"CTAGTTGCAACAGCCT-2","female","IN-CGE",-11.9918358461445,8.82106691534801,3.24652571976658,-9.03729183418342
"CTAGTTGCAAGGTACG-2","female","Microglia",5.97094653682056,-3.80957692925649,7.0471572428989,-0.229212233849253
"CTAGTTGCACATGCTA-2","female","Astrocytes",0.934854255479012,-3.71873563592152,-2.46788065135006,-1.12284261924812
"CTATGACAGCTTCCCG-2","female","Astrocytes",1.04398106173817,-4.5384220487328,-2.47334580122952,-1.08766181213447
"CTATGACAGGACTAAG-2","female","VSMC",10.9995791776592,-2.66598600213246,-3.40817908942227,5.84281795280388
"CTATGACAGGCTTAGT-2","female","Endothelial",-0.97157774730381,-16.1031240827294,-2.72359423338894,4.52251355903557
"CTATGACAGTCAGTAC-2","female","Astrocytes",0.776381479066048,-5.41890567605214,-2.29108624159817,-0.756167599983897
"CTATGAGGTACGGTAC-2","female","Microglia",7.11032937602345,1.04359292919917,0.931171253328282,10.5401360298913
"CTATGAGGTACTGATG-2","female","OPC",-9.232644333083,-8.37898105447011,-10.0752277821255,-5.82736046058723
"CTATGAGGTGATTACG-2","female","Microglia",9.75436185435596,11.9290233248024,8.1642055064487,1.21491383569649
"CTATGAGGTTTGGGCG-2","female","Microglia",7.59259866313282,9.32274538214488,-2.87247590720181,2.78277688281945
"CTATGATCAAACTCAT-2","female","VSMC",10.8278710706646,-3.25270026986318,-3.59864453970913,5.84004848258904
"CTATGATCACCTGTAA-2","female","Microglia",9.73045323924366,11.8193240755348,7.03021092713352,0.310480704478536
"CTATGATCAGTATGTT-2","female","Astrocytes",1.71169184283558,-5.6973804837914,-1.90315227210049,-1.56593615753242
"CTATGATCATAATGTC-2","female","IN-MGE",-11.8413670198506,1.94763013656421,6.51519675553318,-5.72069389564582
"CTATGATCATTGTCCT-2","female","Astrocytes",0.908366666596565,-3.97590011422353,-2.51412336527829,-1.00186080677101
"CTATGGCCATTGCAGC-2","female","OPC",-7.9906633035725,-8.74930232827382,-8.66214613615994,-4.72395498497077
"CTATGTTTCTAAATCG-2","female","Astrocytes",-2.64787436886486,-1.42841523949818,2.29366083443638,-1.26379663688728
"CTATGTTTCTGCAAAC-2","female","Astrocytes",1.75458096103016,-5.46966070000844,-0.791352257127803,-0.20571453315803
"CTATGTTTCTGCAACG-2","female","VSMC",11.0467440946514,-2.49541419808583,-3.30237011610989,5.34704606788567
"CTATTACTCGCTAGTG-2","female","Oligodendrocytes",5.17438815669361,3.66256982023997,0.432423785333592,10.0680691506188
"CTATTACTCGGTTAGT-2","female","Microglia",10.9058577878887,12.7132611864357,6.7372469455051,-0.16519529563972
"CTATTACTCTGGCAAT-2","female","OPC",-8.84108759327587,-8.27565234963612,-10.5067997425747,-5.91087944252082
"CTATTCAGTAGGTTGC-2","female","Astrocytes",0.521299587052498,-5.37369912926869,-0.993482291693729,0.235548248461995
"CTATTCAGTGGTTATG-2","female","IN-MGE",-12.0394404069966,1.82914283807559,6.61236138642307,-5.69079239112922
"CTATTCAGTGTTGCTT-2","female","Oligodendrocytes",5.84428571299854,0.423515021160079,2.11065025628086,-2.48618204338142
"CTATTGAAGACAACGA-2","female","OPC",-8.49988104267773,-9.01583999459462,-10.067971274252,-5.93374950630256
"CTATTGAAGCCTGTGA-2","female","Oligodendrocytes",2.39716337756458,4.82492929632945,0.188873603944737,10.9415852333825
"CTATTGAAGCTGTCAG-2","female","Oligodendrocytes",5.86391995982471,1.44105283851905,0.167405441408116,11.7709137703698
"CTATTGAAGGATGATG-2","female","Astrocytes",-1.9217746393269,-0.8102259046288,2.19464536011692,-2.04025513870307
"CTATTGAAGGCGCACT-2","female","Astrocytes",-1.47239251299557,-4.55803674523549,1.02190037072178,2.35870485561303
"CTATTGAAGGCTAGAA-2","female","Microglia",10.1254279478008,10.5181737535743,6.97152467072483,0.870127310923848
"CTCAATAAGCGCTCAA-2","female","Astrocytes",-1.464313818652,-0.758639515087174,1.47771640122409,-1.74666840774604
"CTCACAACAACCCTCC-2","female","Astrocytes",1.84059809283558,-4.97294467751698,-2.48806123435025,-1.49087149841377
"CTCACAACAAGCTAAA-2","female","IN-CGE",-10.3073637620991,12.1504855745582,1.53477521241184,2.60652940528801
"CTCACAACAAGGAATC-2","female","OPC",-8.18853737278637,-7.43460315530019,0.71209521592136,2.52019791858605
"CTCACAACAGGCATCT-2","female","OPC",-7.99623991413769,-9.20766490761952,-9.99920849501614,-5.47894747001716
"CTCACAACATGGTTAT-2","female","VSMC",10.7328183515483,-2.82247728173451,-2.89268712698941,5.15351836936883
"CTCACACTCTAACCTT-2","female","OPC",-9.1712486879414,-8.51695102517323,-10.0502510517788,-5.35178787452766
"CTCACACTCTAAGTCA-2","female","IN-MGE",-12.6689369813984,2.31442618305965,-0.87354660033707,2.22907142894677
"CTCACACTCTGTTGCC-2","female","Microglia",11.9714906080181,13.1750569933204,8.31721682847019,0.92498595448545
"CTCACTCAGCATGCAT-2","female","OPC",-8.97325254841503,-8.39110511605458,0.0259537249850811,1.29264577286652
"CTCAGGATCCTAAATG-2","female","IN-CGE",-3.06713820858654,14.2926173799781,3.07084794342991,-8.78451473457405
"CTCATCATCCGGTATG-2","female","Microglia",11.8433606489116,11.7841220491676,8.17309756577488,0.566208889655385
"CTCATCATCGGTCAGC-2","female","VSMC",11.9124753339702,-4.16402429406361,-3.69362024962429,6.12439124839715
"CTCATGACAACCCTCC-2","female","Oligodendrocytes",5.69441674784962,0.900002300098373,0.275719597940403,10.1638628746789
"CTCATGACAATACTGT-2","female","Microglia",11.9532449109966,13.1066251390724,8.24211306870456,-0.679908582993235
"CTCATGACATGATTGT-2","female","IN-CGE",-10.969743980605,11.4978318804054,8.34032721817966,-0.611768076248851
"CTCATGACATTATGGT-2","female","Astrocytes",1.58047889308277,-5.58726590935902,0.0912878662395061,0.241944363288198
"CTCATGCTCACGCATG-2","female","Astrocytes",1.03164433078114,-3.16926330392079,0.907200410966832,-0.109064528771128
"CTCATGCTCGGCCATA-2","female","IN-MGE",-13.6695702211445,1.82876959379001,5.72046418488498,-5.53093321067878
"CTCATTAGTTCGCGCT-2","female","Pericytes",7.7857129438335,-11.1570143110009,-3.97041229903225,4.69017713325432
"CTCATTGTCAAATCGC-2","female","Oligodendrocytes",5.31861136988941,3.58401709730907,0.53070934117313,10.4872833992761
"CTCATTGTCCCTCAAC-2","female","Oligodendrocytes",4.1989176137859,4.68570095236583,0.391499593858677,3.84670489089898
"CTCATTGTCGTACCGA-2","female","OPC",-6.35183502598461,-5.18100637261586,-10.3079643696499,-6.23216373664924
"CTCATTTAGCATCCAG-2","female","Oligodendrocytes",5.2934672697002,3.34936100180431,0.103457048540074,10.5094000603478
"CTCCAAACAACCTAAT-2","female","Astrocytes",-4.29343439503368,-2.75444930855946,1.43020077050205,-1.33246023399421
"CTCCAAACAAGGTGGC-2","female","Microglia",8.76425431804005,12.1176772707252,7.17270465195652,-0.170621702500071
"CTCCAAACAATGAATG-2","female","VSMC",10.9141070707256,-2.42277497117238,-2.47479991614346,4.54050772445611
"CTCCAAACACTAAGAA-2","female","Oligodendrocytes",4.11628125743214,4.6019530885963,0.900190785531956,10.9856230522912
"CTCCAAACAGTGAACG-2","female","Endothelial",-0.832194192845192,-16.2102560407372,-1.61284653841976,3.19066756027154
"CTCCAAACATCAGCAC-2","female","IN-CGE",-9.49287439747509,10.1035972231178,1.8083934336948,-9.38377029640266
"CTCCAACTCACTCAAA-2","female","IN-CGE",-8.66640306873974,10.7530475252418,1.31540675461765,-9.25257236702033
"CTCCAACTCGGTTAGT-2","female","Astrocytes",-1.31036974354443,-4.74012702767568,-1.38434515892987,-0.161893555947032
"CTCCATCAGCTTGCTC-2","female","IN-CGE",-11.7961485521382,8.83847004111095,3.2416791468906,-8.50733883125373
"CTCCATCAGTTGGGCC-2","female","Oligodendrocytes",6.03716538981739,2.97845274145885,0.724547460679966,9.68524616020134
"CTCCCTGAGCTATGAC-2","female","Microglia",12.0713851316387,13.0204911821632,7.40052409470554,0.409182121924672
"CTCCCTGAGGCTAATC-2","female","Endothelial",-0.175814344126549,-14.9110636121483,-1.17546539008145,3.54836266296319
"CTCCCTGAGTCAGTAC-2","female","IN-CGE",-9.13471342487987,12.5033259981422,1.09760041535373,0.872227592341218
"CTCCGGACAAATACCT-2","female","Microglia",11.4457280500347,13.3827396028785,5.66943354905124,0.326358428172384
"CTCCGGACAATAACGA-2","female","Astrocytes",-1.8675217763966,-1.80538815324025,1.75998659432407,-1.61441762191841
"CTCCGGACACAGCCAT-2","female","Astrocytes",2.22854779795948,-5.10484737221913,-1.45811758934979,-1.09897548896858
"CTCCGGACACGTTACA-2","female","EN",-7.39348818226513,7.15701633627696,0.908346489076573,3.31532042282036
"CTCCGTCCATCACAGC-2","female","Endothelial",0.33147715167347,-14.854611814663,-2.17119388281826,3.72853629844597
"CTCCTAATCGCTAGAT-2","female","Astrocytes",-3.78341723843273,-4.04358047311025,0.276050284509617,2.76802044170311
"CTCCTCACAACTGGGA-2","female","Microglia",5.52332757548634,-4.21324151818471,0.476296737794835,-3.67912847740241
"CTCCTGAGTCATGCCC-2","female","IN-MGE",-14.2221701280659,0.844049929931594,1.40522761643406,2.33586530940941
"CTCGACAAGGAGGGTT-2","female","Astrocytes",1.3483509881908,-5.62658017937856,-1.16080440580372,-1.37674600822517
"CTCGACAAGTTGCGTG-2","female","Endothelial",-1.31306637688335,-15.9313597089501,-3.23410014807705,3.6868232991021
"CTCGCTAGTTCCTGTG-2","female","Oligodendrocytes",5.77590392665211,1.86981493170543,-0.0545368045521198,11.2123181130212
"CTCGCTCCAATAATGG-2","female","Microglia",-0.48638436319102,-1.47979229752736,1.58879609406467,-2.49889881355354
"CTCGCTCCAGGACACA-2","female","Pericytes",7.78998445109669,-12.7589802152367,-4.41816739737515,4.55030267494134
"CTCGTTATCCTAAGAC-2","female","Astrocytes",-6.7839310304707,-10.6289333707543,-0.617296397681278,-3.42354471427986
"CTCGTTATCGTGCCTT-2","female","EN",-5.32996965809521,6.15345913107677,-0.618647530670208,-3.95583898765632
"CTCTAAGCAAGTCGCT-2","female","OPC",-6.99961306019482,-5.9155783063622,-11.0756235569668,-5.68442613823005
"CTCTAAGCAGCTTAGC-2","female","VSMC",11.4266135557109,-2.69329351250844,-3.52006344496731,5.97871606605462
"CTCTAGCTCAAGCCTG-2","female","IN-MGE",-11.972372307021,2.00860768492503,6.51106734574314,-4.6939185355384
"CTCTAGCTCATGGCCA-2","female","Astrocytes",-1.79078020020184,-1.37514203850942,2.0355400592136,-1.44057423812934
"CTCTAGCTCCCGAACA-2","female","Microglia",-6.57332445545849,-9.60716766183095,-8.29839472472195,-6.05493099433967
"CTCTAGCTCTCGCCTG-2","female","OPC",-9.71433092518505,-8.53643935982899,-9.80353264510159,-6.47937662345954
"CTCTAGCTCTTGTTCG-2","female","Astrocytes",-1.26598955555614,-4.3750337964745,-0.490622594947857,1.79636090057305
"CTCTATGTCCCTGGTT-2","female","EN",-6.34063602848705,6.70804077322765,-0.497441515321773,2.88892476814202
"CTCTATGTCCGCAACA-2","female","Microglia",8.45632432536427,11.7880969637184,6.51431412995334,-0.191417167015757
"CTCTATGTCGGCCATA-2","female","Endothelial",0.686933742325935,-14.7376951581688,-2.71674804389004,3.74739783065728
"CTCTATGTCGTTTCGC-2","female","IN-CGE",-11.0730402605122,10.5426059358863,3.3779735118198,-9.67491848213264
"CTCTATGTCTGCAACG-2","female","Microglia",11.6528909070903,13.3745437258033,7.38245578110691,-0.211078235932078
"CTCTCACAGCTGTACG-2","female","Astrocytes",2.15478180484119,-4.04059022729115,-0.824673490594071,-0.337493369408335
"CTCTCACAGGCGAATA-2","female","Astrocytes",-1.95457757874187,-0.351782501384782,2.50291843712803,-1.65347583038398
"CTCTCACAGGGATGCG-2","female","Microglia",10.9059817655498,11.7487407320289,8.2134055644321,-0.853595921822276
"CTCTCACAGGGTCCAC-2","female","Endothelial",-0.389491057533588,-15.3953661329003,1.27021093667026,2.79518275516442
"CTCTGTTCATAAGCAA-2","female","Astrocytes",-6.03978134556469,-10.8657125837059,1.33791513741489,-2.39577014190742
"CTCTTGATCCAAACAC-2","female","OPC",-9.37039495869335,-9.09672683541493,-10.1676521748257,-6.00726301414558
"CTCTTGATCTAAGTGC-2","female","Oligodendrocytes",5.3268358571941,3.33181649382396,0.398848846559483,10.0223643090051
"CTGAAACTCACTAGGT-2","female","Astrocytes",-8.07219387455639,-9.28102821175771,-9.87837509810452,-6.09026558143684
"CTGAAACTCATGCGTG-2","female","Microglia",10.8499619825298,11.8401475542335,8.04378028214451,-0.424946257897105
"CTGAAACTCGCTAGTG-2","female","Astrocytes",-2.0847864286488,-1.28881138627248,1.59025092423435,-1.53275425178596
"CTGAAACTCTAGCGTG-2","female","Astrocytes",-5.41285015507397,-4.14843553368764,1.96929211915012,-1.30253107292243
"CTGAAACTCTATGACA-2","female","Oligodendrocytes",5.25371287898365,3.60565191443248,-0.0925916284275471,10.9293114449303
"CTGAATATCCGGAACC-2","female","Oligodendrocytes",2.18221782283131,4.8452711694984,0.14818091691013,11.2630955483239
"CTGAATATCCTCCTAA-2","female","Astrocytes",-1.74107219143566,-4.07191222970204,-1.47994677721981,0.0201291348259786
"CTGACATAGCTCGCTT-2","female","OPC",-8.58024145527538,-8.64478153054433,-9.36106972395901,-5.59730894310066
"CTGACATAGCTGTCAG-2","female","OPC",-8.58292509480175,-9.70094817940907,-9.81828503310208,-5.7698348258216
"CTGACATAGGTTACAC-2","female","Oligodendrocytes",6.0676805837566,0.494261442974044,0.345821931962925,10.3500458504479
"CTGACATAGTGCACGC-2","female","IN-CGE",-8.94422460957226,10.7898231142311,1.31165523827549,-9.35477287513801
"CTGACATAGTGGACAA-2","female","Oligodendrocytes",5.82676337794605,2.30018794472499,0.0436824709224285,11.2862211968224
"CTGACATAGTTATCCT-2","female","Oligodendrocytes",2.76488612727467,4.95688658888621,0.906426146631199,10.9028212334435
"CTGACCAAGAAAGGAA-2","female","IN-CGE",-9.17289759083446,12.324738084629,1.18213005364414,-9.7968295310218
"CTGATCACACAATGCC-2","female","Endothelial",-0.596182739872303,-16.2954859143944,-1.79152868687634,3.38067596214226
"CTGCAATAGATAGACG-2","female","Astrocytes",-6.32531238957104,-11.015196264431,-8.52804665266995,-5.18120367271491
"CTGCAATAGGGACCTC-2","female","OPC",-6.19141317768749,-4.78138679330068,0.530897095804173,0.901073863677297
"CTGCAATAGTTAGCTA-2","female","Oligodendrocytes",2.56143926219288,4.88073497946544,-0.0999084562015949,10.5968052651208
"CTGCTATGTTAACGGC-2","female","EN",-7.30737139149364,6.70184475119395,-0.203295633192104,2.73273115413598
"CTGCTCCCAACGTGCT-2","female","OPC",-7.35964752598461,-6.41565841500478,-10.9076109379483,-5.60445673210212
"CTGCTCCCACTAGCGT-2","female","Astrocytes",-0.99052722616848,-1.61657708947377,0.936793759469944,-1.97306878311225
"CTGCTCCCAGGCGATA-2","female","Astrocytes",5.24551795558277,-3.47323554818349,2.4934577494907,-2.30047638160774
"CTGCTCCCAGGTTAAA-2","female","OPC",-8.52527643604931,-9.52210658852773,-9.64139370619778,-5.40271742088386
"CTGCTCCCATAATCGT-2","female","Astrocytes",2.43060968951527,-4.49925035302358,-1.53289227187161,-1.53027541381904
"CTGCTCCCATGAGTTT-2","female","Oligodendrocytes",5.58775876597706,1.62170380289836,-0.28644655644421,10.4743401314538
"CTGCTCCCATTGCGAC-2","female","Microglia",8.6615321500713,12.0460181825904,7.47916693985935,-0.567263672180857
"CTGGACCAGCATTTCT-2","female","OPC",-9.19325853748974,-9.37487262551503,-9.20511917769436,-5.42201931221076
"CTGGATGTCCGCAAGC-2","female","Astrocytes",-2.65954662724194,-1.57839506928639,1.51686854660984,-1.30131561500617
"CTGGCTAAGCATGTTA-2","female","Astrocytes",-6.33075977726635,-11.020042837307,-8.93724827467923,-4.65843326789924
"CTGGCTAAGCCTCTCG-2","female","EN",-4.89524580403027,5.30621415312572,1.18615241349216,2.92729645030907
"CTGGCTAAGTTGCCTC-2","female","Oligodendrocytes",6.18427918986622,1.59509766782804,0.947146251802403,9.66133182304314
"CTGGTAAGTAATCGCA-2","female","Astrocytes",-4.21048404141125,-3.00003141228871,1.44454355538364,-1.68392426712104
"CTGGTAAGTATTACCC-2","female","Microglia",11.0028483732158,10.4423175447731,2.61464901268955,-2.14917022926399
"CTGGTAAGTGATGATT-2","female","Microglia",11.7782065732891,12.7043367021827,7.93955703080173,-0.977363893814769
"CTGGTAAGTGGATGTC-2","female","Oligodendrocytes",7.63658975200001,-12.7453970319481,0.930703714494664,10.4222237374108
"CTGGTAAGTTCGCGCT-2","female","Astrocytes",0.963705287736092,-4.4376205808373,-1.96458713709835,-1.26878173095771
"CTGGTCAAGACTCGCA-2","female","Microglia",8.00108979777638,9.68943649466319,5.61126275361057,0.37371330516747
"CTGGTCAAGGCTAATC-2","female","Microglia",11.294512496751,13.4119411104469,7.11309619248386,0.228474309615407
"CTGGTTACAACAACAA-2","female","Astrocytes",1.46802340583149,-5.79069179360585,-0.205625876779598,-0.354325125046458
"CTGGTTACACAGGAAT-2","female","VSMC",11.6672255857402,-2.56035751168446,-3.29446654021267,5.86665885703972
"CTGGTTACAGGCTTCG-2","female","Pericytes",8.39580319957081,-13.0662721997948,-3.10187987982754,4.85261791007927
"CTGGTTACATTGCAGC-2","female","Astrocytes",1.01382337645832,-5.55351918999867,-1.19431672989849,-0.541189858742442
"CTGGTTTGTAAAGCGG-2","female","Microglia",4.8784134252483,-4.3784484273644,7.15667290986057,-0.457908699341502
"CTGGTTTGTCCTAAGA-2","female","Microglia",11.261761413377,12.0482068651466,7.47273726761814,0.38971125142983
"CTGGTTTGTGTCCAGG-2","female","Astrocytes",1.65338800982777,-4.3897780782433,0.0830892473506512,-0.246570536919322
"CTGGTTTGTTCGCGCT-2","female","Microglia",11.5699860914165,12.4211793535499,7.6909389048862,0.444775691203389
"CTGGTTTGTTGTTGTC-2","female","IN-MGE",-12.6017820970601,1.56697897548957,6.47617526352878,-5.80987579567024
"CTGTAACAGGAGCAAC-2","female","VSMC",11.3432338102275,-2.66693204705434,-3.06581644713406,4.89982931869439
"CTGTAACAGGCTGGCT-2","female","Endothelial",-0.0259739892071151,-14.79490608041,-2.64352099596981,3.9951671864312
"CTGTAACAGTAAACCC-2","female","Microglia",11.298044906419,13.1577439897804,8.15219493210788,-0.51825172645637
"CTGTAACAGTTTGAGC-2","female","Microglia",-5.24318052693066,-3.68292754952626,-0.950303517277282,0.465460857323919
"CTGTACCTCAGAAACG-2","female","EN",-5.06697536869701,5.34178548987193,-3.51648955046658,-6.33629162056037
"CTGTACCTCATCCACC-2","female","Microglia",7.80425618724171,10.5110345476417,-0.587919875974697,-0.180183718033519
"CTGTACCTCCTGAATA-2","female","Astrocytes",4.17591832713429,-2.34418672387319,0.467132642869908,0.532277366093908
"CTGTACCTCTCATCAT-2","female","Oligodendrocytes",6.52035926417652,1.73621490533633,-0.141530677671474,10.018650701217
"CTGTATTTCAATCTCT-2","female","Astrocytes",2.14942883090321,-3.82664340798573,-2.07636503874783,-2.39330656272956
"CTGTATTTCCTCACAC-2","female","Microglia",11.395173774522,13.3340020769386,7.47502131760593,-0.409455964394297
"CTGTATTTCGAGCAAA-2","female","IN-CGE",-10.2085240022725,12.2114463442115,1.48503609002109,-9.87288696510383
"CTGTGTGAGGGCCACT-2","female","Astrocytes",-2.01331092281994,-1.42235702340321,2.29759664834018,-1.5940056536872
"CTGTTAAAGGTACCGC-2","female","Oligodendrocytes",5.5305564268047,3.39353591139598,-0.16829572617535,11.2571141030114
"CTGTTGGAGACAAACG-2","female","IN-CGE",-11.7258770601338,11.0044932955055,3.46430154145237,-10.6189931128699
"CTGTTGGAGACTAAGG-2","female","OPC",-7.16405941410717,-6.13535493676381,0.520906046037632,1.31353857176713
"CTGTTGGAGCTGCACA-2","female","Microglia",11.2037436826641,12.7931352251319,8.67374892533298,-0.181333372421946
"CTGTTGGAGGAACCGG-2","female","Pericytes",8.4466187818462,-12.8090528852196,-4.29010276495938,4.96228497283867
"CTGTTGGAGGATTGCT-2","female","Astrocytes",-0.993455125529137,-1.00336211983876,1.34326405823703,-1.65255195838996
"CTGTTGGAGGCTACAT-2","female","Oligodendrocytes",5.59313891963306,1.00934317643924,0.552244737749058,10.4260708596032
"CTGTTGGAGTAATCCA-2","female","Oligodendrocytes",5.74651740626637,1.70071339543147,0.145327702169377,11.4031845833581
"CTGTTGGAGTGTGATC-2","female","IN-MGE",-14.4638407365864,1.29132267768664,4.56844325364109,-5.59574920875617
"CTGTTTAGTAGTAAGA-2","female","IN-CGE",-11.5190775529927,11.2735992067604,3.36455102265354,-10.1043046210487
"CTGTTTAGTGCCGCAA-2","female","Microglia",9.08834146098438,9.42267948324962,7.36933226883884,-0.548375675507273
"CTGTTTAGTTAAGGCC-2","female","Astrocytes",1.77405975894276,-4.47034639184194,-2.25935916602139,0.185791900328908
"CTGTTTAGTTCGCTCA-2","female","Microglia",11.9230096204692,12.3007560365943,7.97113128006931,-0.0832532141883037
"CTTAACAAGCGGTTAT-2","female","Astrocytes",0.0545809133464433,-5.22460979287343,-2.05051629244809,-0.541502425499644
"CTTAACAAGGCGTAAA-2","female","Astrocytes",1.52911447123829,-4.89550155465321,0.00323738158221853,0.0360791589539388
"CTTAAGATCTTACTCG-2","female","Microglia",4.64418290690723,-4.22193616692738,-1.21487887203221,-2.41083652717658
"CTTAAGGGTACCAGGT-2","female","IN-CGE",-10.0754206316059,9.73134666617198,2.66116113961216,-9.27410919410774
"CTTAAGGGTCCTTCAG-2","female","Astrocytes",-14.2763331071919,1.22368025715633,0.305729225282627,0.769272675685201
"CTTAAGGGTTAACGAT-2","female","Astrocytes",-2.16168285771069,-4.18834060494618,-0.926234886045498,0.0339645053665975
"CTTAAGGGTTAGGTTG-2","female","Oligodendrocytes",6.31463931636158,1.08342871005817,-0.250989064569515,10.8525101448815
"CTTAAGGGTTTCAGGA-2","female","OPC",-9.11647249622997,-8.83569377724843,-10.049169585104,-6.40359527809211
"CTTAATGAGTCCTGAG-2","female","IN-CGE",-10.8355848924702,11.264004289463,3.34322495759006,-10.0941851828773
"CTTAATGAGTTTGCGG-2","female","Microglia",10.3154809339458,12.0925021761207,6.11599536240574,0.687170972995076
"CTTACCGGTAGACAAA-2","female","OPC",-8.06234289570507,-8.63216728036122,-9.659879729147,-5.90037281257698
"CTTACCGGTGTGCACG-2","female","VSMC",10.8851506574566,-2.45609897439198,-3.59203176199917,6.00505321281365
"CTTACCTCAACCCTAA-2","female","Astrocytes",-1.78765560551342,-0.492453873798417,2.32482142746921,-1.68666822654792
"CTTACCTCAGGAACCA-2","female","IN-MGE",-12.3013355867451,2.65588766272349,5.98200745881076,-5.35269386512824
"CTTACCTCAGGACCAA-2","female","Endothelial",-0.230025096375313,-15.7588972455712,-2.98260550200466,3.80041425483635
"CTTACCTCAGTTAAAG-2","female","Astrocytes",1.07992588118855,-5.35836023156361,-0.964383035893482,-0.604373881645884
"CTTACCTCAGTTAGCC-2","female","Astrocytes",2.42342256144825,-3.88581413094716,-1.82509975134854,-1.29736144287178
"CTTACCTCATAGCTGC-2","female","Microglia",12.0799844129497,12.896780549839,6.30433221161838,0.178750267199788
"CTTACTAGTATTACCC-2","female","Oligodendrocytes",5.70842383937183,2.3595482104568,-0.253318235273403,11.0489651467126
"CTTACTAGTCATAGAT-2","female","Oligodendrocytes",6.26820491389576,0.713813542678787,-0.141444012517971,11.3290306832116
"CTTACTAGTGACCTGG-2","female","IN-MGE",-11.2005732194966,2.08712923462672,6.71061225235935,-5.4670537207801
"CTTACTAGTGGATTAT-2","female","Astrocytes",0.991576538842354,-3.19530195061879,-2.30212549864773,-1.29008991462776
"CTTACTAGTTTCGCCA-2","female","OPC",-8.58193518086132,-7.97834247414784,-9.96355156600003,-6.15172369224616
"CTTAGGAGTACTGAAT-2","female","Microglia",11.2743766172344,12.4707446687965,7.72970671952243,-0.694793054886546
"CTTAGGAGTCACCTAT-2","female","Astrocytes",0.592238531869087,-2.80219167535024,-0.676339462394756,-1.66504866821357
"CTTAGGAGTGATGAAA-2","female","Astrocytes",-0.796649678189125,-4.33831542794423,-0.650981187815708,-0.170620391197886
"CTTAGGAGTTCCGGCT-2","female","IN-CGE",-8.3400867120808,10.7588916414527,1.1893691569614,-9.61463291389533
"CTTAGTTTCAGGATGA-2","female","Astrocytes",1.11272727088276,-5.87021631066518,-1.6430374830914,-0.703375050850596
"CTTAGTTTCTCGCCCA-2","female","Microglia",10.5786826475078,12.4267221086769,7.82726092637058,0.385341038874898
"CTTATGTTCAAGTGTC-2","female","Microglia",11.9844605787212,12.2024112337379,6.69011969864841,0.182328453234945
"CTTATGTTCCACCCTG-2","female","Endothelial",-1.43662394447979,-15.6240343457909,-3.00649289786343,3.57194440620354
"CTTATGTTCGAGGTGG-2","female","IN-MGE",-13.2943632738179,2.0264924758224,5.66687245667453,-5.38700086814949
"CTTATTGGTTTGGGCG-2","female","IN-CGE",-9.1647150651997,12.3683152788429,1.14018554985996,-9.67348129493782
"CTTCAAGCAACAGCCT-2","female","EN",-5.9190194742268,6.68330484564586,0.738884285097081,3.17292468803338
"CTTCAAGCAAGTAAGC-2","female","Microglia",8.20260976390186,11.5710673921852,8.19507499039646,-0.160745332070079
"CTTCAATTCCCGCCTA-2","female","Astrocytes",2.14119576052967,-4.03286689583974,-1.63910047709469,-2.42931611282417
"CTTCAATTCCTGTTCA-2","female","Astrocytes",0.903586850922737,-5.43359750573354,0.346564605836827,1.11094272690228
"CTTCAATTCGGCTATG-2","female","Endothelial",-1.27637930079159,-15.822234571621,-2.61697952448849,3.50343029754571
"CTTCAATTCTAAGTGC-2","female","OPC",-9.42932058735546,-8.87011092965321,-10.3903360813809,-5.38502199394294
"CTTCACTCAAATGCCC-2","female","Endothelial",-0.676396457988586,-15.5803694135399,0.767943933610875,0.987612200848375
"CTTCACTCAAGTAAGC-2","female","Microglia",10.8262383802349,13.2693191164283,6.98389334977146,0.0186427141945699
"CTTCACTCATTGACAT-2","female","Microglia",-6.5102265016621,-5.29770416085439,-1.29047115146641,-0.24364931327888
"CTTCACTCATTGTGCA-2","female","Microglia",11.5214030607158,12.779068528965,8.26232905686374,0.277602544001851
"CTTCAGGAGGCTAGAA-2","female","Astrocytes",-3.44745208187756,-4.04906839196401,0.165292218332249,1.31109725492409
"CTTCAGGAGGTCATTA-2","female","EN",-5.0200183527058,5.71144968207164,-3.85085634886746,-6.63828785163948
"CTTCATCCAGATTCAT-2","female","IN-MGE",-11.4623196260517,2.30541962321086,6.63915534317966,-4.94133550865241
"CTTCATCCAGGTCCTG-2","female","Astrocytes",-6.56100584431347,-10.8908705121727,1.81081338227268,-2.19367415649482
"CTTCATCCATGTCGCG-2","female","IN-MGE",-12.4120819704121,3.01550930674358,5.97389407456394,-5.17794306022712
"CTTCGCGTCACACAGT-2","female","Oligodendrocytes",6.03229259089771,2.40298497612758,0.187675789003331,11.3541819359582
"CTTCGCGTCCGCAAGC-2","female","Microglia",6.81904147700611,10.342916070774,6.46736903489109,-0.0159946773726604
"CTTCTAAGTAGCAGCT-2","female","Astrocytes",2.80389855937305,-4.08567947213368,-2.14011852442746,-1.89930565101692
"CTTCTAAGTGTGTGGT-2","female","Astrocytes",-0.643057672817078,-4.85687249963002,-0.0557493418407856,-0.100310275383677
"CTTCTCAAGCTGAGGG-2","female","Astrocytes",-1.06445206566509,-1.04225939576344,1.05067236721988,-2.03076011879035
"CTTCTCAAGGAGTCTT-2","female","OPC",-9.01648737354931,-8.3166784650536,-8.87747578322415,-5.35941679222175
"CTTCTCAAGGGATGAC-2","female","IN-CGE",-11.4799168245381,8.78308302099986,2.91097612679477,-8.7118628714759
"CTTCTCAAGGGTGAAC-2","female","Microglia",10.6797540052349,13.2816873186378,7.43137927353855,0.174040188960347
"CTTCTCAAGTTTGGTA-2","female","OPC",-9.38374449177441,-9.13198226754384,-9.35129456221585,-6.22149116737434
"CTTGAACAGGAGGTTA-2","female","OPC",-8.21378923817333,-9.21451801125722,-9.60362248122219,-5.30416710121223
"CTTGAACAGGATTTGC-2","female","Microglia",12.0325734479839,12.6745095842628,7.52602954209324,0.512192657164846
"CTTGAATCAATAATCC-2","female","EN",-4.84220148487743,5.32406789000316,-3.95400218665127,-6.38383609993049
"CTTGAATCACCGGCTA-2","female","Astrocytes",0.00954450802150736,-4.59413188759999,0.795657470827061,0.847369683853898
"CTTGAATCACCTCAGG-2","female","IN-CGE",-7.80905319615063,10.6459222429542,1.20582766831394,-9.36505920631477
"CTTGAATCAGGCCAAA-2","female","Astrocytes",-5.06166244908031,-3.61497062508778,-0.157282456750911,0.129352739028249
"CTTGAATCAGGGAGGA-2","female","Astrocytes",1.88031552867237,-4.83623498742299,0.319168880586583,0.679396649770055
"CTTGACGAGCTAAGTC-2","female","Oligodendrocytes",3.51698516444508,4.68766385252757,0.142684713010746,10.2083946968835
"CTTGACGAGGTAAGGC-2","female","IN-CGE",-10.5755751268452,9.98827034170909,3.07896180451389,-9.5458529685218
"CTTGACGAGTTGGCCA-2","female","IN-CGE",-10.2986357347554,12.1941333406715,1.51551099122043,-10.0961230490882
"CTTGCAACAACACCTA-2","female","Astrocytes",2.0718583925182,-5.00505060021596,0.484127715234715,0.315936436824117
"CTTGCAACAATGAAGC-2","female","Astrocytes",1.78229449824635,-4.09106582467275,-0.0344455093098103,-0.0154683087546489
"CTTGCATGTGACCTGG-2","female","Microglia",-5.33268810673412,-3.72901338402944,-1.05380958318238,-3.16660148841926
"CTTGCATGTGATGATT-2","female","IN-MGE",-13.4679796831196,1.68146228726192,0.886214211587864,1.92341487663201
"CTTGCATGTGGTTAGC-2","female","Microglia",-5.36972500248608,-3.92582362954335,7.4865350276279,1.5058483983796
"CTTGCGCGTCATCATC-2","female","Astrocytes",-6.25179983540234,-11.0190138227196,-8.33227162062649,-5.3320120070655
"CTTGCGCGTCCTAACT-2","female","OPC",-9.11328436299023,-8.65101188485341,-9.19877819716458,-5.40560228569099
"CTTGCGCGTGCTGGTG-2","female","Astrocytes",0.908334718506966,-5.52527135674672,-1.26013572513584,-0.60528249485084
"CTTGCGCGTGTGTGGT-2","female","VSMC",10.8218972547466,-2.52472108666615,-3.67869310080532,5.64978139655999
"CTTGCGCGTTGCAGTA-2","female","Astrocytes",1.07570372657124,-5.549791753933,-0.223544284696621,-0.238561580010142
"CTTGCTCAGAATGACG-2","female","OPC",-9.13592554493603,-9.75857013528065,-9.53298096358303,-5.14379913551399
"CTTGCTCAGGCGCTTA-2","female","IN-MGE",-11.2672112123555,1.95872712071223,6.94007153809543,0.162411561183248
"CTTGCTCAGTAGCGGG-2","female","Microglia",10.2525765760357,12.8133607500343,7.94934459031101,0.303113212756429
"CTTGGACCAACTCGCG-2","female","Astrocytes",1.13074313239399,-4.80765384499745,-0.683697417373699,-0.0348001216132304
"CTTGGACCAACTGGGA-2","female","Astrocytes",2.34219716624561,-3.9715299016686,-2.06072871386532,-0.106659242935862
"CTTGGACCAAGCTAAA-2","female","VSMC",11.1996238096172,-2.47580760781484,-3.45666484534268,6.05002372520379
"CTTGGACCAGGATAAC-2","female","OPC",-8.70827604695019,-7.62287372414784,1.49617595971103,1.8372019435685
"CTTGGACCATCACAGC-2","female","Astrocytes",10.7876126630718,-2.4145321256371,0.716116979722935,-2.17750556213447
"CTTGTAAAGCAATAGG-2","female","Microglia",7.46012376384083,11.2578931444435,8.00582404435154,1.23700087325982
"CTTGTAAAGTTAGTTG-2","female","OPC",-9.11243082447704,-9.02638381783681,-9.00517372786526,-5.4414303992469
"CTTGTCCAGCGAGTAA-2","female","OPC",-6.45595337315258,-5.23972648446278,-10.5698595493985,-5.67943269950935
"CTTGTCCAGCTGTACG-2","female","Oligodendrocytes",5.56775783137623,3.59515744383617,0.0052765756892742,10.7362629677575
"CTTGTTCCAAAGGTAC-2","female","EN",-5.1427481309956,5.23001485998912,-3.88852982222561,-6.80730945808479
"CTTGTTCCACATTGCA-2","female","Oligodendrocytes",6.77097533778492,1.1943553977756,0.52441485226627,11.4373060967248
"CTTGTTCCATGGCCTG-2","female","IN-CGE",-3.36246968670544,14.0516296022682,-0.399838909502071,3.41693084495476
"CTTGTTCCATTGTGCA-2","female","Microglia",5.28539346293751,-4.28404039208608,0.512093380098301,-3.94519884330818
"CTTTAGGCACTGACTA-2","female","Astrocytes",1.39897309378925,-5.23714870278554,-2.0982045382214,-2.07021481735298
"CTTTAGGCAGATTCAT-2","female","Microglia",-5.15184379978832,-3.81393379037099,1.84986467659946,-0.985865185089793
"CTTTAGGCAGGGAGGA-2","female","Microglia",7.64508603648487,-10.9303764707299,8.32125563920017,0.133047452143941
"CTTTAGGCATAAAGCA-2","female","Microglia",5.50540231303516,-4.22003692452626,0.217520073060948,-3.76685602409431
"CTTTAGGCATCTTGAG-2","female","Microglia",11.6875140531475,11.8402000063209,8.41482539475437,0.415904631785665
"CTTTAGTTCCTGAATA-2","female","Oligodendrocytes",2.84616492823902,4.80361682112498,1.1544957906055,9.10079543846062
"CTTTAGTTCGATTTGA-2","female","OPC",-9.68265654011425,-8.59914726082997,-9.36780266463284,-5.06620771629402
"CTTTATCAGCCTGTGA-2","female","Microglia",11.9745681150371,12.7039104097633,8.23369593918796,0.946915667451535
"CTTTATCAGTAGCGGG-2","female","IN-MGE",-18.0419657365864,4.38608390028758,4.69012112915989,-5.78915436012336
"CTTTATGGTTTGCGCC-2","female","OPC",-9.43559767170605,-9.24773830239491,-9.74655060469632,-5.31646949989387
"CTTTCTTGTTACCTGT-2","female","Pericytes",7.86877702311817,-13.1858944303246,-4.01340298354153,5.15739362495354
"CTTTCTTGTTACTTCA-2","female","Microglia",9.62491010264698,12.4051766985206,1.32473082840915,2.50516038196496
"CTTTCTTGTTAGTGAT-2","female","Astrocytes",-6.47443653507885,-10.9363169080468,-1.3439030498219,-2.39753777725288
"CTTTGAGCAAGCTTTG-2","female","Oligodendrocytes",5.31277392939869,3.28861766989513,0.654319956903416,9.96956603782586
"CTTTGAGCAAGTCGCT-2","female","Microglia",10.1762149198467,12.625633775547,7.63346572220798,0.75860673742703
"CTTTGAGCAATTGAGA-2","female","Microglia",4.45084308223072,-4.25752586190419,-1.52472834288601,0.179146936110769
"CTTTGAGCACCAGGTT-2","female","Pericytes",7.72138379649464,-13.1686815625878,-3.44162563979153,4.4270519520562
"CTTTGAGCAGCACGTT-2","female","Oligodendrocytes",4.37598966197315,4.42606669600291,-0.405851826067012,10.2115818764489
"CTTTGAGCAGGCTGTT-2","female","Pericytes",7.86648915843311,-13.7124933606835,-4.56634859740261,4.96030466812066
"CTTTGGGAGCTTCTCA-2","female","Astrocytes",1.61235951022449,-4.81122011010365,-1.97101013361935,-0.245104977913584
"CTTTGGGAGGACCAGG-2","female","IN-MGE",-14.396821274001,1.06562945182605,4.86622567475315,-5.79897148353645
"CTTTGGGAGTACCGCA-2","female","Astrocytes",-2.48256040974316,-4.37083858315663,-2.44206885993008,-0.551691362686839
"CTTTGGGAGTCAGGCC-2","female","VSMC",12.0686404569561,-3.77097362343984,-3.23491840064053,6.19972961204461
"CTTTGGGAGTTAGAGG-2","female","OPC",-8.46171451969799,-9.48959106270985,-9.78904251753811,-5.44512922508308
"CTTTGGGAGTTAGTTG-2","female","Pericytes",7.55358670787159,-13.0908903485985,-0.449829950923961,0.431165447406087
"CTTTGGGAGTTATTCC-2","female","Pericytes",7.9218795164043,-13.4938358670922,-4.50909571349148,4.86424439208916
"CTTTGGGAGTTCCTGC-2","female","Microglia",-4.98759199543652,-3.77702182595448,-2.40273754298214,0.680914005212102
"CTTTGGTGTCGCATAA-2","female","Astrocytes",1.18995188311878,-4.5160307294579,0.220531776552159,0.0249636079590657
"CTTTGGTGTTACAACG-2","female","Astrocytes",1.77019713954273,-5.37277215783315,-0.729711711401981,1.90787332313469
"CTTTGGTGTTAGTACG-2","female","OPC",-7.89528156681713,-8.44067901437001,-9.03595833479885,-4.83343488914558
"CTTTGGTGTTGTTGGA-2","female","OPC",-8.64758039875683,-8.00044387643056,-10.0794535130215,-6.46782428962776
"CTTTGTCCAGGAACAT-2","female","Astrocytes",-2.29773105545696,-0.708326042339371,2.49639363587375,-1.75952083808967
"CTTTGTCCAGGCCAAA-2","female","Astrocytes",-0.290283753115501,-2.01630300347524,0.99994499981876,-2.08306247932502
"GAAACCCGTCATAGAT-2","female","OPC",-5.85159422321972,-4.52560323540883,-10.4960689991665,-6.43023092491218
"GAAACCCGTTTGCAGA-2","female","Oligodendrocytes",5.39698623256031,3.38676208193584,0.984237030153233,11.687445333175
"GAAACTGAGCTAGAAG-2","female","EN",-5.27799345417675,5.35497218306346,2.01045580208774,-1.30981476051399
"GAAACTGAGGCGCATC-2","female","IN-MGE",-11.7258246080464,1.78331625397487,6.28513284028049,-5.1151102278907
"GAAAGCCAGCCTTAAA-2","female","IN-MGE",-2.31941951676067,13.9544273012428,0.554122045640904,-8.56398517829963
"GAAAGCCAGTAAGTGG-2","female","Oligodendrocytes",2.67808722094837,4.86721712286754,0.337218478326756,10.5754830147546
"GAAAGGCTCACACAGT-2","female","Microglia",11.7269933088237,12.7080197923927,7.63115115464206,-0.270392010040965
"GAAAGGCTCCCTTGCG-2","female","IN-MGE",-11.2381441728657,0.108302532985641,8.18836016953464,-6.05645401222297
"GAACCAAAGATAGACG-2","female","OPC",-8.78549124165234,-8.02281707589345,-10.3078699558926,-6.33645469886848
"GAACCAAAGGGATGCG-2","female","Astrocytes",1.29121564463917,-3.20995467965321,0.687427833681065,-2.15651685936042
"GAACCAAAGGGTGAAC-2","female","EN",-6.66311336918529,6.75079256232066,0.186152532701451,1.54631452815941
"GAACCAAAGTAAGTGG-2","female","IN-MGE",-11.24990583821,2.13369947607799,6.68554110825534,-5.6065047476966
"GAACCAAAGTATTGCA-2","female","Oligodendrocytes",6.23132823542896,0.988013922527267,0.264957383279759,10.7664162422936
"GAACCAGCAGCTCATA-2","female","OPC",-8.09313703938183,-7.73189014260487,-0.0815494507503925,3.52704947250298
"GAACCAGCAGGCAAGC-2","female","EN",-4.71178556843456,5.11656242544932,-3.94247202574734,-6.58462507469245
"GAACCAGCAGGTTTGC-2","female","Microglia",5.12147496775929,-3.7249774343224,1.11389406025882,-2.5244541857917
"GAACCAGCAGTAATAG-2","female","Microglia",7.62348054484669,11.124503671482,6.11420960724826,0.385785570315633
"GAACCAGCATCGTTCT-2","female","Oligodendrocytes",5.94698308543507,2.94613033469005,0.866447523241001,9.7711521889489
"GAACCAGCATTGCAGC-2","female","Microglia",11.6718070371563,13.4445119493751,7.70008178055759,-0.345945308037486
"GAACCGCTCGTGCCTT-2","female","Endothelial",-0.463724276561108,-16.2816042310448,-1.13782952725415,0.417460789851461
"GAACCTGTCGTTAACA-2","female","Endothelial",-0.864665462214317,-16.216952741787,-2.996882721777,3.47622077720574
"GAACCTGTCTCGACCT-2","female","IN-MGE",-12.2673180238789,3.08665805990977,6.136835530405,-5.20262510521003
"GAACCTTAGGAGCACG-2","female","IN-CGE",-11.2899859087056,11.7739339464454,3.24891085923191,-10.4019788001258
"GAACCTTAGTGGACAA-2","female","Microglia",7.35782788829151,11.0306144350318,7.63034053147312,-0.052573153801646
"GAACGAATCATTAGCA-2","female","Endothelial",-0.895256473261681,-16.0101541883202,-2.63083462416653,4.19561021583489
"GAACGAATCTAGCGAT-2","female","Astrocytes",1.69236372546497,-5.78394025628285,0.803442075853306,0.579917451314245
"GAACGAATCTGTTGCC-2","female","Oligodendrocytes",2.67662738398853,4.89098578627391,-0.0353001803112446,10.5950409676354
"GAACTTATCGTTAACA-2","female","EN",-7.449121727187,7.25575929816051,-0.262458905572933,2.94601838844231
"GAACTTATCTTGTCTG-2","female","Oligodendrocytes",5.68648646907154,0.856776713684036,0.194073513154942,9.81670539634636
"GAAGCCTGTGCTTTAC-2","female","Microglia",5.44760774211231,-4.32467264001088,0.656978204851109,-3.7655852530677
"GAAGCTAAGGCTGTGC-2","female","Astrocytes",0.00124128298107157,-3.42966455285268,0.12870283425327,1.16877218144349
"GAAGCTAAGTTTGAGC-2","female","Astrocytes",-3.82855369015392,-3.98340457741933,0.767896130685765,-1.39660579902717
"GAAGGAACAATGAGGT-2","female","IN-CGE",-9.09202410145458,11.4837318056373,1.11209161580082,-9.64236576301643
"GAAGGAACAATTGCGC-2","female","EN",-5.06468368931469,5.5813379877357,-3.60541205107693,-6.90427000267097
"GAAGGAACACTAAGCC-2","female","Astrocytes",-1.47527898712811,-0.56561034981923,1.72227282822605,-1.80287701828071
"GAAGGAACAGCACCAT-2","female","Endothelial",-1.28378642960247,-15.7484201795311,-1.66598282753949,3.73585765617302
"GAAGGATGTGCTGGTG-2","female","VSMC",11.934516654771,-3.01689428155141,-3.53447465598111,6.29866426246575
"GAAGGCCCACAACAGG-2","female","EN",-4.79923988743481,5.71492105658336,-4.08154897391323,-6.59706575614997
"GAAGGCCCAGGCTAGA-2","female","Endothelial",0.0263078077251054,-14.7065500623436,0.680466726427037,1.88535963552407
"GAAGGCCCATCATGTG-2","female","OPC",-9.31788946552929,-8.83178085152821,-9.18937401473049,-4.98812992317268
"GAAGGCCCATTGCAGC-2","female","Astrocytes",-0.897937847811546,-4.61127942864613,0.324546292428929,1.14978324430398
"GAAGGCTAGCACTAAC-2","female","EN",-5.74712683125195,6.34869295294566,1.02603371441837,3.0787762905877
"GAAGTAAGTACCAGGT-2","female","Astrocytes",3.39310930804554,-4.50826639001088,-1.52865330874447,-1.55945164901802
"GAAGTAAGTATTCGCT-2","female","OPC",-9.06323172016796,-9.09230178658681,-9.59364514052395,-5.37979824287483
"GAAGTAAGTATTGTGG-2","female","Microglia",8.08039449290577,11.6297441118507,6.48252435029026,-0.0236440394599101
"GAAGTAAGTCACAGCG-2","female","Pericytes",8.11734746531788,-13.6621584302636,-3.90587501227383,4.46816556709221
"GAAGTAAGTCATCCTG-2","female","Astrocytes",1.0657229288036,-5.38069623772817,-0.468560770149273,-0.534639427490916
"GAAGTAAGTTACGCGG-2","female","Oligodendrocytes",2.39261649684254,4.83556276495738,0.0554635673808636,10.9805704857629
"GAAGTAAGTTTCAGGA-2","female","Astrocytes",-5.70808292790112,6.46244484122081,-0.0701906532001911,2.09260158794335
"GAAGTATAGGTTAGCT-2","female","Oligodendrocytes",2.19682429866138,4.82533746893687,0.902669146661717,10.7852923180383
"GAAGTATAGTTAGCCG-2","female","Pericytes",7.76873277262989,-11.3150638944359,0.46185369790073,1.42461579101494
"GAAGTCAAGGGACGCA-2","female","Microglia",9.81347344950977,11.8113999956398,7.46931262314792,0.0628526713173726
"GAAGTCAAGGTCCACA-2","female","Microglia",8.28563188151661,11.7236447923927,6.87059541047092,0.416485181025777
"GAAGTCAAGTATTGCA-2","female","Microglia",12.0008380277568,11.741730272129,7.39227576554294,-0.501020858116832
"GAAGTCAAGTTAGCTA-2","female","EN",-7.26485086842236,6.78953558142467,1.14199157059665,3.17335431831292
"GAAGTGATCAAGCCTG-2","female","EN",-5.0120484964436,5.40639358694835,-3.7856715172482,-6.72760755760261
"GAAGTGATCATGGTGT-2","female","Microglia",5.51210282878223,-4.28848880593495,0.513680174951512,-3.8605936263282
"GAAGTGATCCTCAGTC-2","female","IN-MGE",-11.6794827119892,2.41154146130366,6.63744874299045,-5.6346185897071
"GAAGTGATCTTTGAGA-2","female","OPC",-9.27615190907177,-8.54509204690175,-10.5070162266446,-5.87973530036994
"GAATTTGTCAACAAGG-2","female","OPC",-8.59104944630321,-8.85101360146718,-9.9088449925137,-6.23097641212532
"GAATTTGTCCATAAGC-2","female","Oligodendrocytes",6.00438283519093,2.2485868328361,0.62397380173679,11.0028235222619
"GAATTTGTCCGCAACA-2","female","Astrocytes",1.01614688472095,-5.57385534112172,-2.05526666342739,-0.598403999634471
"GACAATACAGCAACAG-2","female","Endothelial",0.0595901472980119,-14.784408033535,-1.49500219523434,3.7494453694146
"GACAATACAGTAGCCT-2","female","IN-MGE",-11.5037186281269,1.60439603711648,7.26818652451511,-5.87678320152351
"GACAATACATTAAGTC-2","female","OPC",-9.3328001634663,-9.35544914071278,-9.17331509291653,-5.62587434989997
"GACAATACATTGCGTA-2","female","Astrocytes",-4.26340104504284,-2.92234414879994,2.49526806176181,-1.66832501632759
"GACACCGGTGACCTGG-2","female","IN-MGE",-11.6479771272725,2.37732797797008,6.57603307068821,-5.63958008033821
"GACACCGGTGAGAAAC-2","female","OPC",-9.31542898579296,-8.43692535226064,-10.3169832676602,-6.00114614708015
"GACACCGGTTGAGCCG-2","female","EN",-4.94877602024731,5.65778738196178,-0.255855545396846,2.2359434868615
"GACATAGAGGGCTAAA-2","female","Endothelial",0.292620704930458,-15.13062042062,-2.51639835536007,3.49733345764092
"GACATAGAGGTGTCCA-2","female","OPC",-7.79821278019604,-8.85361427132802,-9.19914726912503,-5.32038242561408
"GACATAGAGGTTTGAC-2","female","Microglia",11.5535285337383,12.5381093614845,7.49450202286716,-0.567590186424937
"GACATAGAGTCATTTC-2","female","Endothelial",-0.42954012616333,-16.1830801374169,-3.04831437766079,3.48754565971306
"GACATTATCAATCATG-2","female","OPC",-9.34992052479443,-9.07149356667714,2.38283820450779,-1.66958100540229
"GACCGAACAGCTTAAT-2","female","IN-MGE",-12.7037012712544,2.57187670405192,6.11406035721775,-5.2138684485633
"GACCGAACAGGGAGCT-2","female","Microglia",4.79559539393726,-4.15938371483998,-0.127637967462581,-3.65138275367805
"GACCGAACAGGTATTT-2","female","Oligodendrocytes",6.01295445994679,2.37402635748668,0.793451264505345,11.6696583534997
"GACCGAACAGGTTATT-2","female","Astrocytes",-4.97724510594067,-2.8808087712975,1.76434274018284,-0.579047152825083
"GACCGAACATAGACCC-2","female","OPC",-8.98499609394726,-8.88281482522206,-10.2271757572842,-5.932231733628
"GACCGAACATGTTGGC-2","female","IN-MGE",-11.5067427293843,0.164248287036849,6.47076793015476,-5.85106498939582
"GACCTAAGTATTGTGG-2","female","EN",-4.78083206577953,5.31882220442577,-3.98364619910244,-6.84377462608406
"GACCTAAGTTCCGGCT-2","female","Microglia",9.08504174784962,11.6576877229957,7.00535722077366,0.795471897296224
"GACCTAAGTTGTAACG-2","female","Oligodendrocytes",5.98986028270069,1.20780873234553,-0.0939981788349568,11.479302098922
"GACCTAGTCATTAGTG-2","female","Microglia",11.1869742734844,12.7200933092384,7.56156249344822,-0.394726464577403
"GACCTAGTCTTCAATC-2","female","Pericytes",7.94291852549854,-11.9658502942772,-4.0900280922604,4.52600591438225
"GACCTAGTCTTTGAGA-2","female","Microglia",12.0420653684551,12.2482019060401,8.39401336014743,0.59860875266007
"GACCTCAAGGGTGAGT-2","female","IN-MGE",-12.2926552431172,3.10841733153148,6.25277753174778,-4.76800091011116
"GACCTCAAGGTGCTGC-2","female","EN",-5.39380051060375,6.52048498328014,-3.83773331343655,-6.52171690208503
"GACCTCAAGTAACGAG-2","female","Oligodendrocytes",6.80068372325245,1.26555490429683,1.25308771431919,8.91467778938225
"GACCTGATCAAATCGC-2","female","Astrocytes",-0.231949909169044,-4.76229327981191,-1.84153680502896,-1.36897570831367
"GACCTGATCAGTGAAG-2","female","EN",-4.90855051441845,5.30281740362926,-4.01589874922757,-6.76891214592048
"GACCTGATCCAGGTCA-2","female","Astrocytes",2.77022479609791,-3.88489002053456,-2.37438456713681,-1.58186323387214
"GACCTGATCCTCAGTC-2","female","Astrocytes",1.87577699260059,-4.31645292107777,-1.42044900357251,-1.03711564285346
"GACCTGATCGAGGTGG-2","female","Oligodendrocytes",6.08310674266163,1.49038298876194,0.273921802644688,9.84342067497185
"GACCTGATCTGGCAAT-2","female","Astrocytes",0.0894298417979814,-2.17537778680043,0.798359945421177,-1.29112798912116
"GACCTGATCTGTGCCT-2","female","Astrocytes",-1.13230748339352,-4.54088395898061,-1.45984326302533,-0.179521033592906
"GACCTGCAGCATGTTA-2","female","OPC",-9.28197027607616,-9.29809516732411,-9.7656565159512,-6.24132139427253
"GACCTTTGTACGTTTC-2","female","EN",-7.22363449497875,6.95077091391368,0.334312036638218,3.50423162239007
"GACCTTTGTGATTTGG-2","female","Astrocytes",0.880564556878243,-4.84047836129384,-2.18787674605374,-1.40236265403816
"GACCTTTGTTAACACG-2","female","Astrocytes",-6.6152594224995,-10.8366484052392,1.69302864373203,-1.97742087585517
"GACGCAACAATTGACT-2","female","OPC",-9.5249273912495,-8.46936744515614,-9.15406422316555,-5.79465706092903
"GACGCAACACCACAAC-2","female","IN-MGE",-13.5026419298237,1.99265107448383,5.02922911942478,-5.34472257835456
"GACGCAACACCTATAG-2","female","Endothelial",-0.39979391409811,-16.0772909528466,-2.82339744269375,4.33553498046807
"GACGCAACATTGCGAC-2","female","Astrocytes",-4.44368101521191,-4.45309394662099,-1.91006736456875,0.887986151448999
"GACGCAACATTGTGAT-2","female","Astrocytes",-6.4449565546101,-10.971814573452,-8.87994007765774,-5.10158283454963
"GACGCCTAGCTTAGTA-2","female","VSMC",12.049244628709,-3.98322957818227,-2.68959991633419,4.3229100014489
"GACGCCTAGGTGAGAC-2","female","Microglia",9.46597074107471,12.1769643419532,8.22652621567722,1.00056723686269
"GACGTAAAGCCGCAGT-2","female","Endothelial",-0.123068942267265,-15.3640207654686,-2.92696194350247,3.68083637016228
"GACGTAAAGCTAATCA-2","female","Microglia",11.5375954969341,12.6199908846168,7.83046336472507,0.0687888767044881
"GACTAATGTAACTACG-2","female","IN-CGE",-9.89456488056835,9.79247146780772,2.74216361344333,-9.36882049781867
"GACTAATGTGATGATT-2","female","Endothelial",0.716683851044807,-14.7236494428368,1.13094516098972,0.918518202326808
"GACTAATGTTTATCGC-2","female","IN-MGE",-14.4031288759297,1.37664409662767,0.867931559686619,2.90724878566674
"GACTAATGTTTGGGTA-2","female","EN",-5.301332248885,5.59489113028331,0.0992813259410442,2.52214389102868
"GACTATTCAAACCTTG-2","female","Oligodendrocytes",5.92924378947559,0.967222928359939,0.195820763711888,9.87140529411248
"GACTATTCACAGAACG-2","female","OPC",-8.28508640690502,-8.15192836587148,-8.7736607044888,-5.35029680473396
"GACTATTCACCTGTAA-2","female","Microglia",7.5926673276836,9.30145031149669,-2.72728817164425,2.83556764381341
"GACTATTCAGTAAAGC-2","female","Microglia",10.98251603679,12.4283195131568,8.14758487046238,0.265158584288869
"GACTATTCATAGTCAT-2","female","Microglia",11.9583175046856,11.9937644594459,6.9695934802341,1.40381236927918
"GACTCACCACGAACAG-2","female","Microglia",-6.23063541813549,-10.5309891111107,0.25775749981876,-3.94389612419197
"GACTCACCAGGGAGCT-2","female","Endothelial",0.621910200875435,-14.7020830518456,-2.92547969519619,3.75635712402276
"GACTCACCAGTACCGT-2","female","IN-MGE",-11.0743763582295,0.225678979709579,8.21876426041599,-6.17360670311042
"GACTCACCATCCCTCA-2","female","Astrocytes",1.89296673373524,-5.09153312508778,-1.62220083176617,-1.02871198398658
"GACTTACAGGAGCACG-2","female","Oligodendrocytes",3.18752001361195,4.76314479048534,0.919688895349461,10.4064633156579
"GACTTACAGGAGGTTA-2","female","Astrocytes",1.16363833979908,-4.61341518227773,-0.293310925359768,-0.104591080971446
"GACTTACAGTAGCGCC-2","female","IN-CGE",-11.7470400468892,8.75102287466808,3.32049603760715,-8.72529346687385
"GACTTACAGTGTTGCG-2","female","Astrocytes",-3.81002189083752,-2.49129623238759,2.23473782837864,-1.41786772949287
"GACTTAGGTACCAGGT-2","female","Oligodendrocytes",5.2598569257671,3.58448892767711,1.00693137944217,9.30660026328972
"GACTTAGGTCCAAGAC-2","female","Astrocytes",-0.842588140208092,-1.30760949914174,1.23057432473179,-2.01377041084358
"GACTTAGGTGTTGCTT-2","female","IN-CGE",-11.066423668105,9.88550811941905,3.24746413529392,-9.42862827522346
"GACTTAGGTTGGATCA-2","female","Astrocytes",-0.386154814202156,-5.02739232842641,-1.74252383410458,-0.64445907814094
"GACTTAGGTTTAGCGA-2","female","Microglia",-6.30556322498974,-10.6133674985619,0.124433770780522,-3.5983055327613
"GACTTGGTCATGAAGG-2","female","Microglia",8.67242597178761,11.6639896028785,5.73523326218601,0.234618654422078
"GACTTGGTCGTTCACC-2","female","Astrocytes",1.92477892474476,-3.02415555779652,0.133530333642918,-2.79495317680427
"GAGAAACGTGGGTGAA-2","female","Astrocytes",0.139413939278755,-4.67097801034169,0.153473213319737,1.92155169504098
"GAGAAACGTTTGCAGA-2","female","IN-MGE",-12.3989861146992,2.9781783216743,6.33617730439182,-4.70395071250984
"GAGAACCAGCAAGATG-2","female","OPC",-8.47454191609081,-8.76911395852284,-9.16824345290188,-5.92178089363166
"GAGAACCAGGCTATGT-2","female","Astrocytes",2.86214660243336,-3.9672779447289,-1.32148645817761,-0.35724909050056
"GAGAACCAGGCTTAGT-2","female","Oligodendrocytes",5.97054599360767,2.85165101225658,1.21406026185032,2.60156326549462
"GAGAACCAGTTTAACG-2","female","Microglia",11.3000380857402,13.5315213793067,6.65775533020969,0.507456174067769
"GAGATAAGTGGTTCCC-2","female","Microglia",8.59554933146778,9.11420351202769,7.0455121547031,-0.216901252098765
"GAGATAAGTGTCCTGC-2","female","Microglia",10.3889291150982,12.955506860569,7.96137996018406,-0.279187986679759
"GAGATAAGTTAGTGAT-2","female","OPC",-8.23356701298412,-7.94077247445302,2.60468168557163,-1.7142928336341
"GAGATAAGTTCCGCAC-2","female","Astrocytes",-1.2002894417828,-4.7006329900475,-1.98866717516903,-0.75671071750709
"GAGCAAATCCCTCGCA-2","female","Astrocytes",-3.4501154558247,-2.13720363442616,2.26734419167514,-1.64175421936103
"GAGCAAATCCGTTAAA-2","female","EN",-5.43631102009472,6.49927622015758,-4.06592635809903,-6.88805753929206
"GAGCAAATCGTCCTTA-2","female","IN-CGE",-11.6332142488545,11.1734614961891,-0.345441266889614,3.29484193580559
"GAGCAAGGTATTACCC-2","female","Astrocytes",0.83128605918232,-5.42586129967885,-0.601637497539562,-2.45404822570869
"GAGCAAGGTCACGGAT-2","female","Pericytes",7.8371970518047,-13.6270489103051,-4.43198613821987,4.87622492568902
"GAGCAAGGTCTTGCTG-2","female","Astrocytes",1.15044294432941,-4.50278991524892,-1.55448375641827,-1.03984338981697
"GAGCAAGGTTGAGGTC-2","female","IN-CGE",-11.2694761888569,10.076221048191,3.44838424027439,-9.29168731910774
"GAGCATGCACCTGCTC-2","female","IN-MGE",-14.2840569154805,1.47083554166539,4.51499266922947,-5.52050192100593
"GAGCATGCATAATTGC-2","female","Oligodendrocytes",4.32322429255787,4.48675686056895,0.668964341287571,10.4375149514001
"GAGCATGCATTGTGCA-2","female","Astrocytes",0.546737895768318,-2.63132613961415,-1.37097309529309,-1.42950541717597
"GAGCCACTCACAGCCA-2","female","VSMC",11.461393104356,-2.39120239083485,-3.14940099417691,5.59447400825432
"GAGCCACTCCCAGTAG-2","female","OPC",-8.76910997791943,-9.46396964852528,-10.0143652409268,-5.46457321388313
"GAGCCACTCCGCAAAT-2","female","Microglia",7.53376267985645,9.93063217337413,0.99540455639835,2.5375724341195
"GAGCCACTCGTTAACA-2","female","Oligodendrocytes",4.16589902476612,4.5875168436317,0.770455196504551,9.41213004844597
"GAGCGAAGTTCAAGAT-2","female","Microglia",10.1459395749981,11.7955852144508,7.76452536881443,-0.586516330071177
"GAGCGAAGTTCGCGCT-2","female","Astrocytes",-0.229026688773003,-5.03107017342763,-2.29356531798367,-1.02167923194953
"GAGCGAAGTTGCACAA-2","female","Microglia",9.45571206645313,12.3902145021705,7.78226180375095,0.168426146678243
"GAGCGATAGGCCATCA-2","female","Microglia",5.29681514338795,-4.06720918481069,0.327952817087132,-3.97555381996223
"GAGCGATAGGCGCACT-2","female","EN",-7.298486961562,7.12511354620738,-0.645521044726413,2.53264420288018
"GAGCGATAGTGTTGCG-2","female","Microglia",8.52980302409473,11.3736844652442,-0.0380720347118794,2.52629440086297
"GAGCGGTCAAGGGTTG-2","female","Oligodendrocytes",6.26361344889942,0.954721271350814,0.63409228623386,11.6635977532189
"GAGCGGTCACAATTAC-2","female","Microglia",10.5434977872783,12.426791726902,7.45322509110447,0.498009612731252
"GAGCGGTCACAGACTC-2","female","Astrocytes",1.96736787394825,-5.1412429219933,-1.39666830002789,-3.3074324820716
"GAGCGGTCATTAGCCA-2","female","Microglia",9.32195542887989,12.4294553392677,6.64151902497287,0.10731606738976
"GAGCTAGCAAGGTGGC-2","female","Oligodendrocytes",2.84807275370899,4.75234037573619,1.21989293396946,8.97876327293328
"GAGCTAGCAGCTAACC-2","female","Oligodendrocytes",5.4667112691814,3.07671147520824,0.865997746591526,10.1018034722131
"GAGCTGCTCCGGAACC-2","female","Pericytes",7.90747903422657,-11.6731876737328,-4.43834666907315,4.86756484764031
"GAGCTGCTCGCTAGTG-2","female","Oligodendrocytes",5.51684211329762,1.19728755886836,-0.321169719095272,10.8753086830895
"GAGCTGCTCGTAACGT-2","female","EN",-6.11764789982494,6.71760374243541,-0.875711273397249,2.1170744206231
"GAGCTGCTCTGGTCCT-2","female","Microglia",11.4984099729473,12.9736161821632,8.72362895310398,0.0482057835381368
"GAGCTGCTCTGTAATG-2","female","EN",-4.70944620533642,4.97803336317821,-3.9940979927731,-6.43781168205329
"GAGCTTAGTCTTTGAC-2","female","Astrocytes",1.4021772010738,-4.64505618874745,0.929195478563267,0.569448700122152
"GAGCTTGTCATGCTTT-2","female","IN-CGE",-10.8685982362812,11.5092101686744,3.04174752533909,-10.4531348441322
"GAGCTTGTCCAGGTTG-2","female","Astrocytes",3.92525170878712,-4.16030019585805,-0.818656295533222,-3.48551494819709
"GAGCTTGTCTCCATAT-2","female","Oligodendrocytes",6.28598187999073,1.63614921207709,-0.20411126315121,9.52792804496697
"GAGCTTGTCTTGCTAT-2","female","Astrocytes",0.509662674229775,-3.6214618093224,-1.79908393322949,-1.13447124702522
"GAGGACTAGCTAAAGG-2","female","Astrocytes",0.53780506686512,-4.7817835218163,-2.45656578242306,-1.08167249900886
"GAGGAGGCACAATTAC-2","female","Microglia",3.68222831324879,-4.58789342705922,-0.998016536231083,-0.959101507492747
"GAGGAGGCATGAATCT-2","female","Astrocytes",0.959945188325081,-4.71300500695424,0.44587071240421,0.60300790327004
"GAGGCAAGTAAGCTTG-2","female","Microglia",10.8295962675029,13.1733966463356,8.18388076127048,0.856923235527787
"GAGGCAAGTTTGGCTT-2","female","Pericytes",7.95481179789845,-13.4857448941918,-2.73791091143612,4.29177205818108
"GAGGCCTTCAAGGACA-2","female","Microglia",11.7027623517925,13.2321897142677,8.36551566422458,-0.809889862366404
"GAGGCCTTCTGGTCCT-2","female","OPC",-9.11756922169384,-8.6799768811913,-9.02635388075833,-5.72808010322639
"GAGGCTACAGAGGCTA-2","female","Astrocytes",0.0227470858508683,-4.67177575890736,0.224554851655918,1.0025366413813
"GAGGCTACAGCAAATA-2","female","Microglia",-6.00665832920727,-4.90505689446645,-0.748702377076191,1.55410282867363
"GAGGCTTGTAACCTAG-2","female","Oligodendrocytes",5.60996697978321,2.54868382151408,0.185667946939427,10.0316302086633
"GAGGCTTGTAATTAGC-2","female","Oligodendrocytes",5.87696860865894,2.66482299502177,0.209228351716954,10.3120676781457
"GAGGCTTGTCAAAGGG-2","female","Oligodendrocytes",5.12065766887013,3.83264094527049,0.364391162996251,11.2050978447717
"GAGGGAGCAAGCCAGA-2","female","Microglia",10.5411650999004,12.0893426531105,7.9399623423862,-0.18917412502357
"GAGGGAGCATCCCTCA-2","female","Astrocytes",1.03798662261311,-4.99759191338735,-1.67178700863842,-0.925244281120982
"GAGGGAGCATCTTGAG-2","female","Microglia",10.4166104658062,12.5111613863258,7.60639567673679,0.865531137160573
"GAGGTACAGGCTAGAA-2","female","OPC",-7.78240419789013,-9.28296798531728,-9.96111683547024,-6.22488004905769
"GAGGTACAGGTTAGCT-2","female","Astrocytes",-3.66452933712658,-2.39407318894582,2.5429110080051,-1.73651320678779
"GAGGTACAGTAACAGG-2","female","OPC",-7.9998414651936,-8.61232990090565,0.293466284875828,1.08189694391898
"GAGGTACAGTCATGCG-2","female","IN-CGE",-11.0394413606709,10.538285791233,3.47344537079807,-10.1655648444373
"GAGGTACAGTTTGCGG-2","female","IN-CGE",-11.7202723161763,8.92667823965831,3.36979003251072,-8.62822372657844
"GAGGTAGGTGCATTAG-2","female","Microglia",7.13540385798756,9.85974174673839,7.46904654801365,1.24924012082032
"GAGGTAGGTGTGCACG-2","female","OPC",-6.71130014820751,-5.59083503548818,-9.22025303542141,-5.8525722716529
"GAGGTGAGTTCAAGAT-2","female","Microglia",5.22965596751514,-3.8159312612267,0.640934780244786,-3.190851995774
"GAGGTGAGTTGCGGAT-2","female","Astrocytes",-6.25087715550121,-11.0015148526879,-8.52134661376004,-5.33754141075202
"GAGGTGAGTTGGATCA-2","female","Oligodendrocytes",-6.08761526508984,6.40774446661754,0.627537921075779,2.32191174285821
"GAGGTTAAGAAGCTAG-2","female","Astrocytes",1.08449612693134,-2.52178758446889,-0.41340230404858,-2.63942653877326
"GAGGTTAAGGAACCGG-2","female","Astrocytes",0.977907048028145,-4.54145711724477,-2.32956008612637,-1.6894224379737
"GAGGTTAAGGAAGCTA-2","female","Astrocytes",2.11747573451344,-4.86012739007192,-1.12808947264675,-1.1233630870063
"GAGTAACCACCAAAGG-2","female","EN",-6.02121378346142,6.37221819098277,-3.91502456366543,-6.92118341667243
"GAGTAACCACCTAATG-2","female","IN-MGE",-12.2446816103047,2.92201286490245,5.92506261170383,-5.01423389656135
"GAGTAACCAGTTTACG-2","female","OPC",-9.00714708729443,-8.39938205544667,-9.95441345870022,-5.42638094169685
"GAGTAATAGATGGAGC-2","female","Microglia",11.5864226682598,13.4349523180275,7.4001731425571,-0.57826001388618
"GAGTAATAGCATGAAG-2","female","OPC",-9.32767988606152,-9.34287399117665,-10.5369186848355,-5.50529033882209
"GAGTATCTCATCCTCA-2","female","Astrocytes",1.7412440641338,-5.2621130353661,-1.4308164566708,-0.759829351731028
"GAGTATCTCCGCAAGC-2","female","Astrocytes",1.51982854441944,-4.47242683236318,-1.83728550374035,-1.94764477951118
"GAGTATCTCGATTTGA-2","female","IN-CGE",-9.14928842945751,11.8298392885475,0.843959406022984,2.73074059741906
"GAGTATCTCGCAATCG-2","female","Pericytes",7.67830442027393,-12.9231800443383,-2.86375860869412,5.03888337867669
"GAGTATCTCTACCTGC-2","female","OPC",-8.61985994740185,-9.8275131589623,-9.86080460249905,-5.66474182350227
"GAGTCAAAGCTGTCAG-2","female","Astrocytes",1.71920870379749,-3.91412204568105,-1.8256562799168,-1.54488928062507
"GAGTCAAAGGGTCTAT-2","female","Astrocytes",0.816904173653755,-5.66691297356801,-2.32244853674893,-0.949356863327708
"GAGTCATTCAGCAAGA-2","female","Astrocytes",3.18677590922657,-3.34916251961903,0.747465446596104,0.85106327193192
"GAGTGAGGTATGGTGC-2","female","IN-MGE",-10.8132174150532,9.70751911337657,2.29158754647251,-9.50404388649055
"GAGTGAGGTCCGTAGG-2","female","IN-MGE",-11.8290684358662,2.78457266028209,6.43052716553684,-4.79520256263801
"GAGTGAGGTGAGACTC-2","female","Pericytes",7.77292798594776,-11.2451462156029,-4.03714351355557,5.47303884284905
"GAGTGAGGTGCTGGTG-2","female","Oligodendrocytes",5.55990336970631,2.56812268431468,-0.0796462744427143,11.0133864189904
"GAGTGAGGTTAGGACC-2","female","Oligodendrocytes",6.40162442759815,1.02838042314334,-0.263692960138363,10.5686795021813
"GAGTGAGGTTGTTGCT-2","female","Astrocytes",1.89972280101124,-4.16395276848988,-1.7919648736668,-1.02695781929084
"GAGTGATCAAACTGTT-2","female","Endothelial",-0.282187609512176,-15.6746820813866,-3.12646178900723,3.65277855651787
"GAGTGATCAAGGTGGC-2","female","Astrocytes",0.699671493333015,-4.68191188637929,-1.77218954264645,-1.31788332206794
"GAGTGATCAATTGAGA-2","female","EN",-4.77353264256176,5.83720785315318,-3.6637495011044,-6.60742599708625
"GAGTGATCATGAAATG-2","female","Astrocytes",1.67124675349537,-4.30923265282826,-1.45908014475827,-1.17167360527107
"GAGTGTTTCAAGCGCC-2","female","IN-CGE",-11.0309460298603,11.9094462984352,2.0207581073093,-10.4090550635535
"GAGTGTTTCACTTTAC-2","female","OPC",-9.28815485401806,-8.86487144295888,-9.11115460097317,-5.63513357383796
"GAGTGTTTCCTTAATC-2","female","EN",-6.17702080174145,6.61067014868541,-0.262180373067897,3.37864034431389
"GAGTTGCGTAGTTACG-2","female","OPC",-7.7855532304829,-9.06350368325429,-9.93980030714993,-5.65573341590949
"GAGTTGCGTCATCAAG-2","female","Microglia",12.0310532911235,11.7267308824806,6.86781497300144,3.34925358550957
"GAGTTGCGTGAATCGC-2","female","Astrocytes",2.25017236308399,-5.11582130257802,-0.0851707309437214,-0.0300183389861247
"GAGTTGCGTGCTCCAC-2","female","IN-CGE",-11.6917383806294,9.01878839667125,3.36915345490451,-8.8292535041053
"GAGTTGCGTTACTAGG-2","female","Oligodendrocytes",6.52313731746021,0.893388330295516,0.0436574965762676,10.2498413826745
"GAGTTGCGTTGTTGTC-2","female","Astrocytes",-0.371657042342987,-4.84544414345937,-1.2146718651009,-1.00936920387336
"GAGTTTGGTCCAAGAC-2","female","IN-MGE",-11.2213194505757,2.02245753939433,6.68107743561741,-5.57395155174324
"GAGTTTGGTTCACCCA-2","female","EN",-4.76025415821728,5.21921902830882,-4.00648455321316,-6.5595830176551
"GATAAAGGTGTGTGGT-2","female","Astrocytes",-4.11028791828808,-2.8683313733788,2.0136665850925,-1.16386944992134
"GATAAAGGTGTTGCTT-2","female","Astrocytes",-5.24091364308056,-3.76882404153066,1.07510371506687,10.2413155342858
"GATAACGAGTAAGTCC-2","female","Oligodendrocytes",4.95320437983814,3.88988262350841,-0.23694156109814,9.8560778404992
"GATAACGAGTAATCCA-2","female","Microglia",11.1502711637432,12.8380780809669,8.04929728806492,-0.54474885208198
"GATAACGAGTCATTGA-2","female","Astrocytes",-2.87807752056774,-1.63327425782399,1.99227400124546,-1.50932557327339
"GATAATCGTACTTCAC-2","female","Microglia",9.6685426099712,12.4444261186866,6.61332125962253,0.610046883992467
"GATAATCGTAGCTAAT-2","female","Microglia",-6.9932439462727,-9.71683830086903,8.46612925827976,1.05714505719355
"GATAATCGTGGGAACA-2","female","OPC",-6.38481403752026,-5.00801938836293,-10.805800482626,-5.85964615089485
"GATAATCGTTAATGCG-2","female","Astrocytes",-4.0109532014912,-2.83029264275746,2.62880678475376,-1.61708361846992
"GATAGACCAAGCCACT-2","female","Oligodendrocytes",5.57777665690723,2.29790407355113,1.01554627717014,11.4523503090661
"GATAGACCAGCTAACC-2","female","Pericytes",7.75061677531544,-13.497244299099,-4.43588905035977,4.91715805786065
"GATCAAGAGACTCGCA-2","female","Astrocytes",-1.98333765431103,-1.19475525681691,1.92946787178989,-1.67185957176277
"GATCAAGAGCAAGGAC-2","female","Microglia",-4.86157919331249,5.37955909903331,1.46215935051914,-0.284563848801341
"GATCAAGAGGAACGCG-2","female","Endothelial",-0.971806211907234,-16.0976004010888,-2.78359679877285,4.73428075569085
"GATCAAGAGGTAAGCA-2","female","Oligodendrocytes",-7.30482937260326,-10.3643640882225,0.335788682107884,10.2205836083215
"GATCACTAGACAAGTG-2","female","IN-CGE",-11.5647127763813,11.4370675676612,3.40923447907444,-10.5657361243446
"GATCACTAGCTATATG-2","female","OPC",-7.30030228062328,-6.31989616219716,-10.3221722096157,-5.50182564003059
"GATCACTAGGTAGCTT-2","female","Oligodendrocytes",3.49559019641224,4.62067943747325,-0.33392779528622,10.3617865349572
"GATCACTAGGTCCACA-2","female","IN-CGE",-11.5759251253193,9.47756200964732,3.3708877116489,-8.78834564430305
"GATCAGGCAGTAGGAT-2","female","Microglia",10.4732005460674,11.7329002016334,6.62067933381076,0.335732629470144
"GATCAGTTCCCGTTTA-2","female","Astrocytes",-2.53114129467663,-1.36972683732228,2.05822272599216,-1.51585371238777
"GATCAGTTCTCGCCCA-2","female","Astrocytes",0.506938563149605,-3.61963933770375,-2.36147455870633,-0.745523521729197
"GATCAGTTCTTGACCC-2","female","Astrocytes",-3.83364058895763,-3.14410775963979,1.13897915184971,-1.98749835235664
"GATCCGTCAGAGAGCC-2","female","Pericytes",7.79054711894337,-13.4166845685692,-3.31806163489346,4.98140399711541
"GATCGAGCAAGGAATC-2","female","Oligodendrocytes",5.94923327998463,1.69841901893897,-0.374491766090435,10.8992964531701
"GATCGAGCAGGCATGA-2","female","VSMC",11.1576526029522,-3.17582696740346,-3.76951150595669,5.28229921119622
"GATCGATTCTACTAAG-2","female","Astrocytes",1.43384109572712,-5.08711236779408,1.02478928864475,-2.15529257995674
"GATCGATTCTCGCCTG-2","female","Astrocytes",-3.87115885182079,-2.53242105309682,0.970856979494053,0.819938396982465
"GATCGCTCAACTGGGA-2","female","Astrocytes",1.62147115306202,-4.50505775277333,-1.61828725039486,-0.152359673805918
"GATCGCTCACATGCTA-2","female","OPC",-7.11209417744335,-6.06588405434804,-10.5924873799038,-5.52112848503181
"GATCGCTCAGCAAGGC-2","female","EN",-4.71616531773266,5.1489124887733,-3.7911794632626,-6.60572082740852
"GATCGCTCAGGCCATT-2","female","Microglia",-5.07577635212597,-3.68575614754872,7.3153571635532,0.77004127757958
"GATCGCTCAGTTTACG-2","female","IN-MGE",-12.4327404634541,1.85240617330356,1.21830053627964,3.19158928649834
"GATCGCTCATCGCTTT-2","female","Astrocytes",-1.81727053089794,-1.35331386391835,2.08888836205478,-1.94557912094184
"GATGAGGGTAATGGCC-2","female","OPC",-7.91530395909008,-8.08725875680165,-8.67223314940457,-4.45882875663825
"GATGAGGGTGCTAGCG-2","female","Astrocytes",-3.20241691036877,-3.98834508721547,-2.12009231745724,-0.155627200432505
"GATGCAGCAAACTAAG-2","female","Astrocytes",2.25276206569019,-5.37856525246816,-0.695961639280361,-0.0440327618796489
"GATGCAGCAAGCCACT-2","female","Astrocytes",1.43572090701405,-5.07930940453725,-0.943373098964733,-0.86772579891273
"GATGCAGCAATAGCCC-2","female","Pericytes",7.62424920634571,-10.9512495404931,-1.96039621531491,3.87580936210564
"GATGCAGCAATATGGA-2","female","EN",-5.32948090000805,-2.84954208199696,1.13158674538608,3.24582164543084
"GATGCAGCAATCCTGA-2","female","Endothelial",-0.068451835352745,-15.4322370893212,-1.21137459575657,3.47181957023552
"GATGCAGCACCACAAC-2","female","Pericytes",7.99748204783741,-13.105247915432,-4.39784626662258,4.63638632553032
"GATGCAGCATGAAGTA-2","female","Oligodendrocytes",6.06947539882008,2.23324984247966,0.145915403966862,11.1241156365197
"GATGCATTCGATTCTT-2","female","Astrocytes",-5.31163240833935,-3.61585563485341,-1.54153297841076,-1.94890553695747
"GATGCATTCGTGCTTC-2","female","Astrocytes",1.21820484237019,-5.18733495537953,0.0656705647754253,0.0131971146386006
"GATGCATTCTCACACC-2","female","Microglia",11.723093734544,13.0754590624122,7.84526248276706,-0.233624169655528
"GATGCGACAATTGAGA-2","female","Microglia",11.2565123899395,11.5298867815284,8.19663615525242,0.239790907077108
"GATGCGACATAGGCGA-2","female","EN",-4.82524610920605,5.11810237105174,-0.817510204384965,1.99845319049767
"GATGCTTAGATAAAGC-2","female","VSMC",11.6674706800396,-3.08699840371327,-3.76623062788967,6.07048194663933
"GATGCTTAGCAGGTTT-2","female","Microglia",7.482856498521,11.1576324098854,7.76927180588718,0.88165435748509
"GATGGACAGGAGCACG-2","female","Astrocytes",1.2282212837154,-5.14991611306386,-2.21880905329708,-1.59342510444709
"GATGGCTGTAAGTCGC-2","female","Microglia",9.66472600535694,12.0222192400245,7.73417945206638,-0.354008147545542
"GATGGCTGTCATAGAT-2","female","Astrocytes",0.928022728722725,-5.38187068764882,-0.474331840868038,-0.17755622608253
"GATTAAGCACAGGATG-2","female","Astrocytes",-0.553522645074692,-1.55044668976979,1.47995825112339,-2.06235606414863
"GATTAAGCACTGGCCA-2","female","Oligodendrocytes",5.65341113642994,2.2844983928947,0.832523778085667,11.2270991112511
"GATTACGGTCTAACCT-2","female","IN-MGE",-14.26331259175,1.11501493985934,4.48383565247532,-5.66973144752571
"GATTACGGTTCGCTCA-2","female","Endothelial",-0.472927790645327,-15.7783712751122,-3.11931733786587,4.39817111747674
"GATTACTCAAACTCAT-2","female","OPC",-9.14656664295849,-8.85435050790028,-10.2096128910733,-5.81677896720954
"GATTACTCAAGCTTAT-2","female","Oligodendrocytes",2.34579013423267,4.88918620283885,-0.624159306283039,3.28776662605217
"GATTACTCACAGCCTG-2","female","Endothelial",-0.719015164810982,-16.3760561353417,-2.86574177443508,3.7345310951989
"GATTACTCAGAGAGCC-2","female","Astrocytes",2.02777408198658,-4.8171142942162,-1.67160515486721,-0.616034695931163
"GATTAGCTCCTCCTAA-2","female","Astrocytes",1.41375862197224,-4.98337119881825,-0.120779201383632,0.169527104071889
"GATTAGTGTAAGGTCC-2","female","Microglia",8.37621854380909,9.17896419699474,6.59043116868015,1.87639146106652
"GATTCAATCAAGTGTC-2","female","Astrocytes",0.320328758519325,-4.81317848031239,1.1119274646091,0.912195185146842
"GATTCAATCAGTTCCC-2","female","Astrocytes",-6.48585392399487,-11.0190567380639,-8.53864149748806,-5.5058344100196
"GATTCAATCCAAGTTA-2","female","OPC",-9.30951239033398,-8.64528697793202,-9.46871380507473,-5.2198727820594
"GATTCAATCGAGGAAC-2","female","OPC",-7.82629133625683,-8.27130454842763,0.0861574560451092,2.19878297107628
"GATTCAATCGTTAACA-2","female","OPC",-8.10159803791698,-9.37917369668202,-9.86883454024319,-5.82493908149787
"GATTCATCAAGATTCT-2","female","Astrocytes",2.14447640017811,-4.2815508252831,0.207733467225987,0.316641678981099
"GATTCATCAATCCTAG-2","female","VSMC",11.8059899671489,-4.21174615685658,-3.69927959143643,6.22557180183342
"GATTCATCAATGAAGC-2","female","Oligodendrocytes",4.47897838191334,4.22238355810924,-0.290949270124477,10.5108029152673
"GATTCATCACAGGAAT-2","female","OPC",-8.83851267262157,-9.15138286416249,-10.583897635336,-6.27926666481086
"GATTCATCACTTCATC-2","female","IN-MGE",-12.1364567415303,2.41726183827205,6.16590209305759,-4.89498836738655
"GATTCATCAGGTTCAC-2","female","Microglia",7.76029656962696,11.4870877855567,8.07556624711033,0.0254358555596211
"GATTCGCCAACAACAA-2","female","Oligodendrocytes",5.40158818797413,1.61015292192979,0.129570916299778,10.3959328438561
"GATTCGCCATAGCTGC-2","female","Oligodendrocytes",2.59615276889149,4.94159823591991,-0.157680436964077,10.9808069969933
"GATTGATGTATGGTGC-2","female","Astrocytes",-9.08942533894237,12.4107461565284,1.16105313599582,-9.47333557350227
"GATTGATGTCATTAGG-2","female","EN",-5.52646471424755,5.87015920813365,1.36899490654941,3.10183923499993
"GATTGATGTTCGCGCT-2","female","Microglia",8.95013116435352,12.2797074907569,8.80865283310886,0.190821936301503
"GATTGCAGTTTGAGGC-2","female","Astrocytes",-1.19135750694927,-1.27450865571217,0.665110304956395,-1.30277139885017
"GATTGCGTCCCGAAGC-2","female","OPC",-8.42835451527294,-8.89156478707509,-10.5931873768521,-5.91959221107551
"GATTGCGTCTCGACCT-2","female","OPC",-9.09035231037792,-8.21453136269765,-9.95930294692044,-5.63394005043098
"GATTGCGTCTTGAGCG-2","female","IN-CGE",-10.8832485811299,11.4381366365699,3.12055368721958,-10.4132979605872
"GATTGGCGTCATCCTG-2","female","OPC",-5.44562746449169,-12.9508337384911,-12.711544081564,4.38491742866448
"GATTGGCGTTCACCCA-2","female","Microglia",8.96300576762501,11.9957414263038,7.91053099930759,-0.342876860924449
"GATTGGCGTTCGCTTG-2","female","Oligodendrocytes",6.02932571009937,1.2744887017755,0.0951396375941814,10.6332442070763
"GATTGGTTCGTTAGTA-2","female","Astrocytes",1.2846816642696,-4.80910152260976,-1.83267061411862,-0.995303461380686
"GATTGTTCACAATACT-2","female","Astrocytes",1.52944301204029,-5.73275941674428,-0.371190741653484,-0.316391894646373
"GATTGTTCACAATGTT-2","female","Pericytes",8.26872895793263,-13.5064138776513,-4.1818786114407,4.96764152305535
"GATTGTTCACCACAAC-2","female","Microglia",11.7845094068462,12.4229922884254,8.49752040207859,-0.0200715158660075
"GATTGTTCAGCAGGTA-2","female","IN-CGE",-3.38610173626598,14.2059865587501,0.701310113077122,-8.53076584083625
"GATTGTTCAGGATAAC-2","female","OPC",-9.0271418230122,-8.8028549558373,-10.4856367558194,-5.79361564857551
"GATTGTTCATAGCGGA-2","female","IN-CGE",-9.4452383653706,10.175191461399,1.74954505265232,-9.51025612098762
"GCAAACAAGACTCGCA-2","female","Astrocytes",0.385178373616371,-2.95297044579701,-1.26589272915844,-1.79532606346199
"GCAAACAAGCATGTTA-2","female","IN-MGE",-11.187478317458,1.99091705615802,6.76118321717258,-5.59002096397468
"GCAAACAAGGATTGCT-2","female","Astrocytes",-1.90769626064953,-1.59735888306813,1.56194348633762,-1.10027224762031
"GCAAACTTCGCAATCG-2","female","OPC",-8.3253481523579,-8.84295791451649,-9.02951912581448,-5.78143007499763
"GCAAACTTCGTTAACA-2","female","Astrocytes",0.639419899743233,-3.15961259667592,-0.706266477699321,-1.20851475936958
"GCAAACTTCTTGGACG-2","female","IN-CGE",-11.0933172838276,11.7595611208229,3.22456546128269,-10.1069138739783
"GCAACAGCAGGATGGC-2","female","Astrocytes",-1.15493829413113,-1.02818197076039,1.33012504876133,-1.72753269416877
"GCAAGCCTCCGGCTAA-2","female","Astrocytes",-0.656819476324882,-1.32400363747792,2.06027264893528,-2.21285111648628
"GCAAGCCTCCTTAAGA-2","female","Microglia",-5.06241537495312,-3.77149957482533,7.61061377823826,0.562944939307485
"GCAAGTCGTAATGACT-2","female","Microglia",0.290780232709084,-15.1647772199364,7.63128848374363,-0.600021788902964
"GCAAGTCGTTAGCGTA-2","female","Oligodendrocytes",5.69667504863087,1.89331710274501,0.107360795144993,10.766318013839
"GCAAGTCGTTGAGGTC-2","female","Astrocytes",-6.31902767582592,-11.0672201520653,-8.4450302571011,-5.39003116828987
"GCAAGTGCAAATATCC-2","female","Microglia",7.06144450740162,0.946957229927017,8.01749034226413,0.333158602885518
"GCAAGTGCAGGCAAGC-2","female","Astrocytes",2.08253000811878,-3.99488490884023,0.145957902078587,0.252108206919942
"GCAAGTGCAGGCATCT-2","female","Oligodendrocytes",3.73522924022022,4.57412129576488,0.310604289178807,10.7798172737878
"GCAAGTGCAGGCCATT-2","female","EN",-4.8484308855122,5.79578548605723,-3.95221285521511,-6.41112787468025
"GCAATAGAGACAGGCG-2","female","Microglia",11.4957043989116,12.613179742649,7.47151847184177,-0.494619796105113
"GCAATAGAGCGAGGTG-2","female","Endothelial",-0.23983512683567,-14.9348959333153,-1.558800980444,3.4824845101159
"GCAATAGAGCTATATG-2","female","IN-CGE",-11.909326805312,8.79050451453014,3.34562821686741,-8.97082073432991
"GCAATAGAGGGTGAGT-2","female","OPC",-8.72831655903515,-9.06575435464101,-9.6221018284512,-5.82981235725471
"GCAATATGTTGTCCAT-2","female","Oligodendrocytes",6.20564864711109,2.61558216746135,0.286957576875645,10.710693051986
"GCAATCTAGACACCGC-2","female","Astrocytes",0.643407569687996,-14.8209986097069,-2.27272085844998,-0.707480737992015
"GCAATCTAGGATTGCT-2","female","OPC",-9.37342096729931,-8.40695327584462,-10.7574692219449,-5.77942878944465
"GCAATCTAGGTTACAC-2","female","Microglia",11.8689124448711,13.3363223665504,7.80496592820163,-0.485677072830882
"GCAATCTAGTGTGATC-2","female","Pericytes",7.81043695048634,-13.6877540952416,-4.33649305998806,4.48629634635857
"GCAATGTTCAATGTCA-2","female","Microglia",12.0065715177471,12.0343061083107,8.46945281327243,-0.181184122391429
"GCAATGTTCACGCATG-2","female","Oligodendrocytes",5.50593112544361,1.45620747591539,-0.321439072485012,10.8520428444665
"GCAATGTTCGTCAAGT-2","female","Astrocytes",-1.85546173020061,-0.461366236850785,2.43289847672458,-2.092951605149
"GCAATGTTCTGTGCCT-2","female","IN-CGE",-9.25752092762646,12.4780269258766,1.58218260109897,-9.45278198463508
"GCACATTAGCTCATAA-2","female","Astrocytes",1.43349443511311,-5.316308916256,-0.586902812118572,0.719185477070127
"GCACATTAGCTTCTCA-2","female","Astrocytes",0.705915199082527,-2.90089696709828,-1.43492786585812,-1.00897843582221
"GCACATTAGGTAACGA-2","female","Oligodendrocytes",5.5891911848003,3.15548652346416,0.503183916215855,11.3036219383996
"GCACATTAGTTTGGTA-2","female","Microglia",-5.76120687885937,-5.35033792321401,7.15935797989841,0.0941873099129537
"GCACCTAAGGGCCACT-2","female","Astrocytes",1.68680142001453,-5.76731723611073,0.059048071508366,0.159091403655324
"GCACCTAAGTTGCGTG-2","female","OPC",-9.1420853273457,-8.72345298592763,-10.1645317524624,-6.63142950279304
"GCACGAACAACACCTA-2","female","Astrocytes",-4.0185113088673,-3.23847001855092,-2.2218275517178,-0.131446668930735
"GCACGAACACCTATAG-2","female","Endothelial",-0.928905321795311,-16.2071527845116,-2.92658810317044,3.64634864585808
"GCACGAACACTAAGCC-2","female","Microglia",-5.59093309803661,-4.64020580117421,8.66259188950534,-0.200821349449839
"GCACGAACAGGAACCA-2","female","Astrocytes",1.46763692931477,-4.17617410485463,0.321022823457676,0.308974375895772
"GCACGCTAGCACGTTG-2","female","VSMC",11.1642835004741,-3.23040860955434,-3.44476155936245,5.97791164176873
"GCACGCTAGGTTTGCG-2","female","OPC",-8.32707811756786,-7.41202396218495,-9.9687700718594,-6.26574690086433
"GCACGCTAGTAACCAC-2","female","Astrocytes",1.94136284426991,-5.05875486199574,-1.28303207456593,-0.665650198288645
"GCACGCTAGTAGCTTA-2","female","EN",-4.99953533573803,5.11105161841197,-0.344337299461406,3.22048323409966
"GCACGGTTCATGGCTG-2","female","Astrocytes",2.22098182277027,-5.32679027383046,-0.912735633547348,-0.512446114845957
"GCACGGTTCCTCCCTC-2","female","OPC",-9.34804178639111,-9.48793262307362,-3.48833756148342,6.02459161537102
"GCACGGTTCGTTATAG-2","female","Astrocytes",-1.68901409073528,-1.21065276925282,1.88420005143161,-1.75163562042304
"GCACGGTTCTTAGCCC-2","female","OPC",-8.04612137242016,-8.89689868752675,-9.32877831160549,-5.11120540840217
"GCACTAAGTGCAATGC-2","female","IN-CGE",-3.26080585880932,14.1269221895484,0.690811946992833,-8.6078589652259
"GCACTAAGTTACTTGC-2","female","Astrocytes",2.10895465449635,-3.74090284173207,1.28606672585483,0.994617436028633
"GCACTAAGTTTGGGCG-2","female","Endothelial",-0.545504255730476,-15.6895594007225,-2.88727001845364,3.48647110717705
"GCACTTACACAAAGAC-2","female","OPC",-8.64217020435986,-9.20369380776601,-9.16198067366604,-5.23148901207038
"GCACTTACAGCAGGTA-2","female","Oligodendrocytes",6.00811647013966,2.58593016798778,0.629577592019993,11.3653017784875
"GCACTTACATAAGTTC-2","female","IN-MGE",-11.3060715334004,2.15903216536327,6.69880528748508,-5.55239517433235
"GCACTTACATTAGGTT-2","female","Oligodendrocytes",6.06511996821705,2.37564366991801,-0.0239270776462971,10.399359395675
"GCAGCAACAACTGGGA-2","female","IN-MGE",-14.151737465102,1.58926835592075,4.61628337204929,-5.60860903007575
"GCAGCAACATAGACTT-2","female","VSMC",11.6451718671733,-3.12584489648061,-3.31438617407803,6.13635652320794
"GCAGCCAGTAGGTTAT-2","female","Astrocytes",1.53257726268116,-5.26621764962392,0.844216778879124,0.480504384211812
"GCAGCCAGTTAAGTGT-2","female","EN",-5.20808531208691,6.20066696341319,-3.79063396155362,-6.64070493919441
"GCAGCCAGTTACCGGG-2","female","Astrocytes",0.693012343209419,-4.20916932885365,0.418827489023167,0.278247227839742
"GCAGCTATCAATACGC-2","female","Astrocytes",2.27244280413929,-5.06463426415639,0.0371711403178753,0.374286165408407
"GCAGCTATCAATTACG-2","female","Microglia",7.16065667704884,1.00416582758708,7.85336680710788,-0.661015102692332
"GCAGCTATCCCTGACT-2","female","OPC",-9.48802877827343,-8.73602336709218,-10.3589354008389,-5.71164972526618
"GCAGCTATCTCACTAT-2","female","Microglia",11.0319869382793,13.0528054827003,6.1091255694675,0.191520025901113
"GCAGCTATCTGGCATG-2","female","Astrocytes",-2.98877765103039,-2.00712674920277,-0.633552223439258,-1.21401555282661
"GCAGGAAGTACAAAGA-2","female","Oligodendrocytes",6.23484967784229,1.22353616292758,-0.117115840311092,10.1491400505822
"GCAGGATAGCCGGTAC-2","female","Astrocytes",-11.874695076186,2.15651339228435,6.27041907608982,-4.68415672523567
"GCAGGATAGGAGGGTT-2","female","Astrocytes",1.73522757129017,-4.36392635171132,-1.01342348753933,-2.21098525268623
"GCAGGATAGTTGTCCC-2","female","Astrocytes",1.18122695521656,-4.84546035592275,-1.86370699107174,-0.617062876053538
"GCAGGCAAGGCATTGT-2","female","Astrocytes",-0.275335638362732,-2.74244302575307,-0.779759459192794,-0.540863225289073
"GCAGGCAAGTACTGGT-2","female","Astrocytes",0.351722822945747,-5.09338992898183,-2.28449933230404,-0.969533154793467
"GCAGGCTTCATGAGCT-2","female","Oligodendrocytes",6.13904737071339,2.56186956103129,0.465158537034947,11.1887099053185
"GCAGGCTTCATTACAG-2","female","OPC",-8.65309931202587,-9.08038944070058,-9.27745346724514,-4.88985569221565
"GCAGGCTTCCAAACAC-2","female","Microglia",11.5804259641582,12.6336370104103,8.4900283366489,-0.033382901974406
"GCAGGCTTCGCACAAT-2","female","Astrocytes",2.06355308131519,-4.93972152535634,-1.67433749138836,-1.59676725608894
"GCAGGTGAGAATGACG-2","female","Microglia",10.8070666654522,12.8675265901832,0.614523366098362,9.99274509208611
"GCAGGTGAGACTTATG-2","female","Microglia",7.36763213710133,9.92937046225352,-2.7140218466473,2.63947670715264
"GCAGGTTGTTTAAAGC-2","female","IN-CGE",-10.8804161684101,11.3261743181495,3.51076169312473,-10.1774914954383
"GCATATATCACAAGCT-2","female","Astrocytes",-1.77681054039654,-0.362047136470841,2.53350968659397,-1.59844524604866
"GCATATATCAGCAAGA-2","female","Endothelial",-0.704256548125114,-16.3763002759667,-2.88908891379361,3.50600784080437
"GCATATATCAGCTAAC-2","female","Astrocytes",1.70008848742786,-5.2619327909203,1.04087777436252,0.48250254052094
"GCATATATCATGCTAA-2","female","OPC",-9.37121797962841,-9.0622200376244,-9.4410191029263,-5.61283666832038
"GCATATATCGAGCAAA-2","female","Oligodendrocytes",5.61252950267139,1.98170146282001,-0.268385335798305,10.5097615029137
"GCATATATCTCCTCTT-2","female","IN-CGE",-8.47425104542431,10.7376199358253,1.11539585888858,-9.52719719154426
"GCATCCTTCATGTGGT-2","female","OPC",-9.06568933888134,-8.21129840676503,1.42745728791233,1.89284353511742
"GCATCCTTCCGTGACA-2","female","Microglia",5.46982835368458,-4.29212993447499,0.427556231622654,-3.9209602568824
"GCATCCTTCTAACCTT-2","female","Oligodendrocytes",5.49605868892017,2.20294576819224,0.607796147470433,9.77967326896599
"GCATCCTTCTGGCATG-2","female","Astrocytes",1.80561970309559,-3.90050596062856,-1.78160230814938,-1.64997417671272
"GCATGAAAGGACAACA-2","female","OPC",-8.88917471333202,-8.53463405434804,0.71114273369785,0.864925203792367
"GCATGAAAGGATGATG-2","female","Microglia",11.3870122297222,12.3006997698097,7.46040911972995,0.776901936106
"GCATGAAAGGGCTTTG-2","female","Oligodendrocytes",6.58683036403004,1.47770980681462,0.256702020769078,11.1471545006554
"GCATGAGCAAGTGTTT-2","female","VSMC",10.7732179029399,-2.89632076089101,-3.36857585608487,5.64973848121575
"GCATGAGCATAATTGC-2","female","Astrocytes",-1.07102186842617,-1.02249282662587,1.2568203955936,-1.92644412262031
"GCATGAGCATGGAGGC-2","female","Microglia",8.31175588206593,10.9844880693702,7.28023047745701,0.405380895308767
"GCATTGCCAAACTCAT-2","female","IN-CGE",-11.9909184114521,8.77949529822154,3.29608912766452,-9.10739166481086
"GCATTGCCAGGCTACT-2","female","Microglia",5.78776286677662,-4.14794868294911,8.05027575791355,-0.573516199417796
"GCATTGCCAGGTTATT-2","female","Oligodendrocytes",4.49272798137013,4.32143384154124,-0.114275321359676,10.6965214516442
"GCCAACATCAATCTCT-2","female","EN",-4.78999878330883,5.46666699583812,-3.69260768591885,-6.23967201454231
"GCCAACATCCTAATTC-2","female","EN",-4.76339365406689,5.19267350371165,-3.98615841567044,-6.68823749763557
"GCCAATAGTTAGCCAA-2","female","Astrocytes",0.970705734055672,-5.37573808495717,-2.48989491164212,-0.321287939377513
"GCCAATAGTTGGTTCT-2","female","VSMC",11.8390490873272,-4.20260518853383,-3.75977282225613,6.14201419609002
"GCCAATTAGCATGACT-2","female","Endothelial",0.23157571391407,-15.1942495710106,1.36577387154575,1.82474755304268
"GCCAATTAGGCTAATC-2","female","IN-MGE",-11.3395702974385,2.17655461962504,6.81602473557468,-5.45948011619636
"GCCAATTAGGTGAAAT-2","female","Astrocytes",2.6244273050243,-4.22449964348988,-2.27854339777951,-1.50646097404548
"GCCAATTAGTAGCGGG-2","female","Astrocytes",1.08840797976795,-4.31070321862416,-0.466791883106273,-0.163863727875437
"GCCAATTAGTCCTGAG-2","female","VSMC",11.9752967222149,-3.02961868111806,-3.2339969128323,6.01157348411492
"GCCACAATCATGAAGG-2","female","Endothelial",-0.692102162677612,-15.5728468305321,-0.3724583238316,3.27666085021905
"GCCACACAGCTCCTAC-2","female","OPC",-8.52328325672802,-9.47979492013173,-9.34242920577053,-5.83868581993171
"GCCACACAGTCAATTG-2","female","EN",-5.42893482609447,6.15103727515025,-4.0636940449429,-6.63761741859504
"GCCACACAGTTGTCCC-2","female","IN-CGE",-11.8243382112568,9.06885629828258,3.29261298478122,-10.1962664817054
"GCCACTAAGAATGACG-2","female","Microglia",8.04581044749561,11.6689181917457,7.10871167481418,0.731231635383878
"GCCACTAAGATGCCTG-2","female","Microglia",-5.94416166706737,-5.06819766823964,1.77412052453037,0.6864767874997
"GCCACTAAGGCTGGCT-2","female","OPC",-8.07824636860546,-8.54570621316151,-9.27960495650296,-5.19374592048713
"GCCAGGAAGCAATAGG-2","female","Oligodendrocytes",4.32998727397266,-2.16440218751149,0.575658157472569,11.2797924782555
"GCCAGGAAGGCTGTCA-2","female","Oligodendrocytes",5.72639726237598,0.13962703879161,-0.267298981542629,9.99092738883904
"GCCAGGTTCTTAGCGG-2","female","Oligodendrocytes",4.45333694056812,4.40680056746287,-0.135068997736019,10.9408652092736
"GCCATGATCCAAGTTA-2","female","Pericytes",8.12561200694386,-12.2354044324608,-3.37355093657498,5.35800760047844
"GCCATGATCCTAATGA-2","female","OPC",-8.00941444798168,-9.37159770791249,-9.02133373915676,-4.98474056465217
"GCCATGATCCTCCTAA-2","female","IN-CGE",-11.8797657625264,8.91741901572032,3.27858491242405,-9.0047791693885
"GCCATGATCGATCAGT-2","female","Endothelial",-0.93707565828022,-16.3642401105614,-2.99734430014614,3.73798125045708
"GCCATTACACAGGAAT-2","female","Astrocytes",2.23441480235401,-4.52321523492055,1.09386117756839,0.778205072454725
"GCCATTACATCAATCG-2","female","OPC",-9.22114969654736,-9.53855270211415,-10.3529234379483,-5.49633962852546
"GCCCAAATCAGCATTA-2","female","IN-MGE",-11.5988562242573,2.27295845682902,6.62276072800632,-5.66539127571174
"GCCCATAAGCTTATGA-2","female","Oligodendrocytes",5.93464540080372,0.951290666416122,-0.132961556310695,10.9804922844689
"GCCCATAAGGAACCAA-2","female","OPC",-9.40534902973827,-8.87855380837636,-10.3348513096524,-5.98906595451423
"GCCCATAAGGATAAAC-2","female","Microglia",12.1252553327495,12.1482043855934,7.73466582596775,0.342584898642812
"GCCCATAAGGCGGATG-2","female","Astrocytes",0.148254977028999,-4.54978364770131,-1.49522678553585,-0.920103976555552
"GCCCATAAGGGTGGAT-2","female","IN-MGE",-17.8786070482319,4.54743295843883,4.92375607789035,-5.88322241050788
"GCCCGTTGTCATCAAG-2","female","Microglia",10.9904906614238,12.696600496128,6.96802420914646,1.13459557848385
"GCCCGTTGTGAGCGAA-2","female","Endothelial",0.541353331368599,-14.9162706739159,1.59462757409092,-1.26276404602119
"GCCCGTTGTGATTACG-2","female","Astrocytes",0.786689267914925,-4.88546222512441,-1.99247257411007,-0.641756245918956
"GCCCGTTGTTGACTTC-2","female","OPC",-8.96789003773388,-9.34581512276845,-10.2745256870938,-6.21369726402351
"GCCCTCATCAGCACGC-2","female","IN-CGE",-11.5639574663227,9.05573040182872,3.48460383713718,-8.90832168800422
"GCCGTGAGTATGGTGC-2","female","Microglia",5.49117969111744,-4.33257860009389,0.567588165407139,-3.84478122932502
"GCCGTGAGTCCTAAGA-2","female","OPC",-8.48003078861889,-9.34761852090077,-9.80158333479885,-5.67800886375495
"GCCGTGAGTTTAGTCC-2","female","Microglia",5.25509666041676,-4.24122184579091,0.221508815889317,-3.91752559883186
"GCCTAATAGACAAACG-2","female","Microglia",4.06484292582813,-4.32675165002065,0.955199792985875,-3.86121971351692
"GCCTAATAGTTATGTG-2","female","OPC",-6.84049726887402,-5.76623243157582,-9.33931450545315,-4.85383398277351
"GCCTACTTCCATAAGC-2","female","Astrocytes",3.29504488543812,-3.53710931603627,-1.00408008694176,-3.47273952705451
"GCCTATTGTAAGCTTG-2","female","Microglia",-5.4543616907185,-4.91765779320912,7.01968188584324,0.65006526368073
"GCCTATTGTAGCTGGT-2","female","Oligodendrocytes",5.39289210871998,2.94632345373912,0.0833650976466717,11.1484886910241
"GCCTCAAAGCTAAAGG-2","female","EN",-7.26723171635326,7.01792627508922,-0.500198081131023,3.12419622199944
"GCCTCAAAGGACACTT-2","female","OPC",-7.85963369770702,-9.12019389931874,-10.2155237644864,-5.67537576896736
"GCCTCAAAGGATTGCT-2","female","Astrocytes",2.45985101298634,-4.62707036797719,-2.38510076701168,-0.717530438729014
"GCCTCAAAGTCATTGA-2","female","Astrocytes",2.13552616671864,-4.99696487252431,-2.2778064459515,-0.558008382149424
"GCCTCCATCATAACGC-2","female","Astrocytes",0.659864412110481,-3.33757346932607,0.486010745172459,0.673763802222524
"GCCTCCATCATGTGGT-2","female","Microglia",7.71814130381886,-11.0622658139916,6.62286277115818,0.0624643470566609
"GCCTCGACAGGTTCAC-2","female","Oligodendrocytes",6.12117646769825,0.678864359214736,0.106754496698338,11.3229376580041
"GCCTCGACATGTCGCG-2","female","Astrocytes",1.36345838145557,-4.94530004327016,-0.0186146944714008,0.14368103998116
"GCCTGACAGAGGGACT-2","female","Astrocytes",-4.13737727566418,-3.03184646432118,2.31088967621799,-1.80898172599861
"GCCTGACAGCCTGTGA-2","female","Endothelial",-0.812651468951073,-16.2778753644677,-2.64411787688259,3.88419001357964
"GCCTGACAGGTCCAAT-2","female","VSMC",12.0201508863384,-3.66570419137196,-3.31527452170376,5.64835565345696
"GCCTGACAGGTTTGCG-2","female","Oligodendrocytes",5.46672509745899,3.33372276957317,0.746430233125645,10.7454735543053
"GCCTGCTGTAGGTTGC-2","female","Astrocytes",-1.83766271038708,-1.28628939454274,1.54424686730381,-1.87624079925605
"GCCTGCTGTCATAAGT-2","female","Astrocytes",-0.0926792757099532,-1.97976392571645,1.64347787201877,-1.51253492576667
"GCCTGCTGTCATTACC-2","female","Microglia",11.5328404767925,11.577200471714,7.75220294297214,-0.478837439842906
"GCCTGCTGTGCTCCAC-2","female","OPC",-8.97326017780956,-9.27020496194081,-9.92528443037991,-5.36809189064094
"GCCTGCTGTTCAAGAT-2","female","Astrocytes",-2.18780781193432,-0.364863217517899,2.69642849267002,-1.85976106864997
"GCCTGTGCACTAAGCC-2","female","Astrocytes",-1.92171849175152,-0.331662357494401,2.50948734581943,-1.83984739524909
"GCCTGTGCATTGGGAG-2","female","Microglia",-6.75101353092846,-9.63715404336171,-7.96733336150174,-6.21105224830696
"GCCTTAACAAGCTAAA-2","female","Pericytes",7.98993943766895,-13.381841123745,-4.54634837805752,4.7246081139367
"GCCTTAACAATATGGA-2","female","EN",-6.23254181309399,6.76742511923595,1.39800281823154,2.95519213931969
"GCCTTAACAGCATTAT-2","female","IN-CGE",-6.51688553257641,6.32196050818248,-0.310848817224544,3.48419826286248
"GCCTTACTCATGCTCC-2","female","Microglia",11.8744151456768,12.9173131578712,8.70098395646091,-0.0510652754981181
"GCCTTACTCGCTTCTA-2","female","Oligodendrocytes",5.22945283488575,3.78531700308604,-0.101857110853237,10.9751040245812
"GCCTTACTCGGCCATA-2","female","IN-MGE",-11.3509934084004,1.85024201805873,0.603932574396092,3.24779694335869
"GCCTTAGAGAGAAGGG-2","female","Oligodendrocytes",4.29805253581348,4.52258926565929,0.916729405527073,9.47386138694695
"GCCTTAGAGCGGCTGT-2","female","Endothelial",-1.04045785828289,-15.1618761426659,-2.8595273941708,4.42631237762383
"GCCTTAGAGGCGAATA-2","female","VSMC",11.7324502332622,-3.28068536584096,-3.39695863425259,6.03151529090813
"GCCTTAGAGTGGACAA-2","female","Astrocytes",0.509992943566475,-5.10480827157216,-2.21330969035153,-0.672737667389598
"GCCTTAGAGTTAGAGG-2","female","IN-CGE",-10.985519661147,10.2305417650489,1.08469338715549,2.85731821315697
"GCCTTGCGTGATTTGG-2","female","Astrocytes",-2.80372072621044,-4.23219198052602,-2.26729159056668,-0.808665344544139
"GCCTTTATCATGCTTT-2","female","IN-MGE",-12.1708595888203,3.06729692156596,6.32805676758762,-5.07863981468269
"GCCTTTATCCAGCACA-2","female","Microglia",11.413782821458,13.3586278551368,2.65006656945224,-2.15245468360969
"GCCTTTATCCTGTTCA-2","female","Microglia",7.99672864512745,9.37281900580211,6.73530288041111,1.92922078626565
"GCCTTTATCTTAGGGT-2","female","Microglia",8.16302655772511,11.7900348299293,7.02514882386203,0.142324259452138
"GCCTTTGGTTTCAGGA-2","female","Astrocytes",1.46331380442921,-5.286439359829,-0.371661856765789,1.43458889978341
"GCGAAGCCACGGTTTA-2","female","Oligodendrocytes",6.06285976008717,2.65304273302837,0.0378148704814495,10.9780985619347
"GCGAAGCCACTTACAG-2","female","Astrocytes",-4.41651679440197,-3.60762304131703,0.562348201875645,-1.32955844146797
"GCGAAGCCAGGCGAGT-2","female","IN-MGE",-11.1447680131977,0.250980316951705,8.15164561570163,-5.99788696510383
"GCGAAGCCAGGGAGGA-2","female","IN-MGE",-10.6442167894429,10.0586076372413,2.97759671509739,-9.12324745399543
"GCGAAGCCAGTAAGTA-2","female","Astrocytes",1.13965366916004,-5.5267032987328,-1.96536616980557,-1.38140852195808
"GCGAAGTAGAATGACG-2","female","Microglia",8.28670953349415,11.8736405962257,7.75481982529636,0.0153698827545979
"GCGAAGTAGAGGAGGA-2","female","Microglia",8.16992448405567,10.875311433628,8.55900759995456,-0.034091422386851
"GCGAAGTAGAGGCTAA-2","female","IN-MGE",-12.9802277223652,2.25020700629039,5.92413993180271,-5.30239994270393
"GCGAGTGAGCACGATT-2","female","Astrocytes",0.995654211800728,-4.67290014092641,-1.41039483248715,-0.963985273667063
"GCGAGTGAGCCGCTTT-2","female","Oligodendrocytes",5.3465063436443,3.44512051279826,0.112655416135746,10.7789694573205
"GCGAGTGAGTAGCGGG-2","female","Microglia",9.37438653544727,11.0174174898414,6.99037928879734,-0.20847983104774
"GCGATATTCAGCCAAT-2","female","Pericytes",7.69142507151905,-13.1773800260277,-3.74454836546902,4.92044060485772
"GCGATATTCATAATCG-2","female","Microglia",8.77346585826221,11.7492604845314,8.60507483780857,-0.267909118958201
"GCGATATTCCCATAAA-2","female","OPC",-8.75911165638622,-9.08718723122792,-9.20348553359036,-5.28110058052131
"GCGATATTCTTGGATA-2","female","EN",-5.95579172535595,6.6665053957252,1.61720581353183,2.4473977591317
"GCGATTAGTACAATGT-2","female","IN-CGE",-11.9865725175923,8.92598301108165,3.2919139415073,-8.43997032386848
"GCGATTAGTCCTTCAG-2","female","EN",-12.4753782884663,1.51958352822049,-0.124556407327694,1.64467613952569
"GCGATTAGTCTATCGT-2","female","Microglia",10.8473937375957,12.51293426688,7.5525168925571,0.0705965067665913
"GCGATTAGTGACATGC-2","female","EN",-4.86407829685863,5.61082035239024,-3.64664344489102,-6.57057888252326
"GCGATTAGTGTGCACG-2","female","Astrocytes",0.998987422745857,-5.53705257241444,-0.539076700801891,-0.281171629257884
"GCGATTAGTGTTAGCA-2","female","Oligodendrocytes",2.91728972033802,4.94612151320262,0.90528745949741,11.8779818321984
"GCGATTTAGCGGATAA-2","female","Microglia",5.22475503520313,-3.45162195031361,2.5461110621738,-2.34890157920906
"GCGATTTAGCTAAAGG-2","female","Pericytes",8.02926419810596,-13.5617708570214,-4.10074357687954,4.86685817497185
"GCGATTTAGGTGTCCA-2","female","IN-MGE",-11.3051054613179,0.957138060882522,-0.926716305310768,2.34550624149254
"GCGCAAACAAAGCTCC-2","female","Astrocytes",-0.397868766028252,-4.60093969170766,0.312304690484959,1.0760648603957
"GCGCAAACAACATAAG-2","female","Astrocytes",0.855908499520454,-5.11587661568837,-1.95411150156979,-1.18847758514472
"GCGCAAACAATAATGG-2","female","Microglia",11.4234263761455,12.187081872776,8.45302005112644,-0.622321436234202
"GCGCAAACAGCACGTT-2","female","Astrocytes",-3.26715208454784,-1.99968618218617,2.49503679574009,-1.69204480392524
"GCGCAATGTTGCGCGA-2","female","EN",-5.30687166615185,5.78101116354747,-3.96294169127468,-6.80445987922737
"GCGCCTTGTTGCAGTA-2","female","Microglia",10.1457583768779,12.52376705344,7.86406226456638,0.545638075045858
"GCGCGATTCACAGGAA-2","female","IN-CGE",-11.9479544298237,8.93721777136607,3.28388257325168,-8.6879370902259
"GCGCGATTCCCTGGAA-2","female","Microglia",-2.24749709530529,-4.30534595315175,-1.29505588113789,-0.284145781822886
"GCGCGATTCGATATTG-2","female","OPC",-7.8191716806477,-8.1749834424706,1.48552413285251,1.94084464567116
"GCGCGATTCGTTTCTG-2","female","OPC",-7.88769747181591,-8.67812198464589,-9.45325474440579,-6.08052713615486
"GCGCTAGGTATGGTGC-2","female","Astrocytes",0.9300594194347,-5.72761529748158,0.83543927968021,0.829334964923177
"GCGCTTAAGGTTACGT-2","female","Microglia",-6.55020882054028,-9.35225528542714,0.752577975397068,1.11560361640862
"GCGCTTAAGTTGCCTC-2","female","EN",-4.94160105152782,5.88243061240001,-3.6595123261166,-6.88178999168464
"GCGCTTGCAACTAGGG-2","female","Endothelial",-0.642401604492035,-16.2625460035058,-0.0425441712093769,2.05374853866509
"GCGCTTGCACTTCACT-2","female","Astrocytes",-11.6514113084858,8.84144741232677,-2.3441511839581,-0.658105799980845
"GCGCTTGCAGCATGTC-2","female","IN-CGE",-11.0329153673237,10.707158624485,3.42753787339206,-10.4234374259193
"GCGCTTGCAGGAATCG-2","female","Oligodendrocytes",5.67361091212574,1.03653863008304,0.180174306039769,10.7147042061608
"GCGGAACCAATAGTCT-2","female","Astrocytes",-3.6086311475819,-2.42499512498097,1.51230593026157,-1.47614891273567
"GCGGAACCAATTTGGT-2","female","Oligodendrocytes",3.99494336680714,4.47620731528087,-0.120131298894924,10.4102045800011
"GCGGATACAACACCTA-2","female","Microglia",11.9346196515972,11.9716125124244,8.18308730423923,-0.643595049210276
"GCGGATACAAGACTCC-2","female","Astrocytes",-2.39064158363995,-4.44738286797719,-2.4364077299786,-0.608902404137339
"GCGGATACAAGCCACT-2","female","Microglia",11.2336270673687,11.9692197435646,7.82224746048923,-0.402486035652842
"GCGGATACACGAACAG-2","female","Pericytes",8.42913507060352,-13.5751881009789,-4.11556749045376,4.53754370468071
"GCGGGTTTCATTTGTC-2","female","Microglia",11.2853667600566,12.6865945452003,7.89805026352878,-0.58223242504188
"GCGGGTTTCCGCAAAT-2","female","Microglia",11.3155095441753,13.2906394594459,8.20859904587742,-0.694936940499034
"GCGGGTTTCCGGTTGA-2","female","Astrocytes",2.82105039195362,-4.21605581109242,-0.105870530004543,-2.47601229888984
"GCGGTTATCCCTCAGT-2","female","OPC",-8.22241903706249,-8.95333522622304,-9.65059380232815,-6.69611818534919
"GCGGTTATCTCATCAT-2","female","Microglia",4.60543654994312,-4.28272432152944,6.64474816620823,0.228460183314595
"GCGGTTATCTGGCAAT-2","female","Oligodendrocytes",6.32226584986988,0.98000824387355,0.321523025636631,11.3310324456017
"GCGGTTGGTACCGGAT-2","female","Astrocytes",-3.98352433605846,-3.88930553261952,0.170694306497532,-1.31392676574775
"GCGGTTGGTCATGAGC-2","female","Microglia",10.2161509855205,12.3023629778175,7.27344794571872,1.5196770932
"GCGGTTGGTTTGTGGA-2","female","Astrocytes",0.984570132058296,-4.42634099786,-1.22253929078106,-0.781429121323313
"GCGTAACGTAGCCTCC-2","female","Oligodendrocytes",5.80622695521656,2.34231990511699,-0.00668595730785715,10.4407917763512
"GCGTAACGTGACATAT-2","female","IN-MGE",-12.4745543138569,3.09186416800304,-0.850102059538406,2.08623450057915
"GCGTAACGTGTTGCTT-2","female","Astrocytes",2.15841029719654,-4.75328582589345,0.472964361314732,0.71863207774571
"GCGTAACGTTACAACG-2","female","Astrocytes",2.05549691752735,-3.44274514977651,-1.80793856083874,-0.693206260033335
"GCGTGCTAGGAGCAAC-2","female","Oligodendrocytes",6.67681907252613,1.54335162724538,0.112565949563939,10.7718102242272
"GCGTGCTAGGTACCGC-2","female","Astrocytes",2.56672357158009,-4.84802717034535,0.225411012773472,0.11845903652123
"GCGTTTCTCAATACGC-2","female","Microglia",8.45881246165577,9.11175543005748,6.76027961075779,0.835515489749227
"GCGTTTCTCTTTGAGA-2","female","Microglia",7.32635758952442,11.0303311937599,7.22929663956638,0.189729681185994
"GCTAACAGTATTCGTC-2","female","Oligodendrocytes",5.2156560285503,3.65819078619762,1.12438364327427,9.08051173942498
"GCTAACAGTTCCAGGG-2","female","Oligodendrocytes",5.61112187938038,1.68627013201995,0.307604983453709,11.4815804268639
"GCTAACCCAAGGTATA-2","female","Oligodendrocytes",-5.05626083775219,5.6765733354835,0.432642415170628,10.8900524880212
"GCTAACCCAATCCTAG-2","female","Astrocytes",2.27803085879627,-4.68953365151601,-2.24427287280087,-0.0788961146552226
"GCTAACCCACGTGCTG-2","female","Microglia",10.9189250333721,13.339874803379,7.90607734024997,-0.76168901664802
"GCTAACCCAGGCCTTG-2","female","Microglia",11.5506255491191,12.8038669222145,8.33013816178318,0.0469183232109883
"GCTAACCCAGTAGGAT-2","female","Oligodendrocytes",5.74627755717579,1.15445914800449,1.07201190293308,9.50533454673699
"GCTAAGAAGACACCGC-2","female","Oligodendrocytes",5.99989675120655,0.685803412750198,0.268542602662999,11.6362616326135
"GCTAAGAAGCATGAAG-2","female","EN",-5.38802362843212,6.36067920859141,1.32986302674289,3.0200912262719
"GCTAAGAAGTTTGCGG-2","female","OPC",-8.71361566944775,-7.96718257729726,-9.83685784041409,-5.16549999458381
"GCTAAGCGTGTGTCCC-2","female","OPC",-8.00777889652904,-8.94140094582753,-8.98148350417141,-6.1855595801551
"GCTAAGTTCGATAACC-2","female","Microglia",11.2662265165264,12.6139321916847,7.01794524491306,-0.461429307289805
"GCTAAGTTCGCTCACT-2","female","Oligodendrocytes",6.18657754496876,0.626535176589919,-0.318941757078212,10.3258415962975
"GCTAATATCAAGACTC-2","female","Astrocytes",1.9225914342815,-4.41944545571523,0.403914049272496,0.272355785540853
"GCTAGCCAGAACAAGT-2","female","VSMC",11.8268630369121,-3.89767545525746,-3.45486240088467,5.67336290138176
"GCTAGCCAGGATTTGC-2","female","Microglia",10.9248721464092,12.1605220430641,7.40626616776462,0.181896975211416
"GCTAGCCAGTATTGCA-2","female","Microglia",-6.87659384174999,-9.72680324380116,-8.38445620238308,-5.88126785499641
"GCTAGCGGTGAATCGC-2","female","EN",-5.1991913454121,5.7344141596107,0.882666066293675,3.16375558631829
"GCTAGCGGTGAGCGAA-2","female","IN-CGE",-12.0181601183003,8.92989545996471,3.36652465165134,-8.66359646064826
"GCTAGCTCAACTCGCG-2","female","VSMC",11.5812022550518,-2.50723451440053,-3.14977912604336,5.90686528938225
"GCTAGCTCACAAACTT-2","female","EN",-7.35650946064648,6.52799946005626,-0.403590306634945,3.31555478828362
"GCTAGCTCACCACAAC-2","female","Astrocytes",-6.34127499027904,-11.0259403592797,-8.06639723479275,-5.33287651283332
"GCTAGCTCAGTCTAAT-2","female","Astrocytes",-2.68366028233227,-1.48245853249745,2.2408406287479,-1.05610830528327
"GCTAGCTCAGTTAGCC-2","female","OPC",-8.26968361302074,-8.04526847665028,-10.031537100668,-5.45097429496833
"GCTAGCTCATGCAACC-2","female","Microglia",8.41518472270313,9.09394413168712,7.06051631272312,1.86293595092705
"GCTAGCTCATTGGGAG-2","female","Astrocytes",-1.23464198275265,-4.8267635709496,0.941703394060093,0.420783748797689
"GCTAGTGTCAAGCTTA-2","female","Oligodendrocytes",4.48483060435596,4.33926182921214,0.285050109033543,11.0385939385217
"GCTAGTGTCACTAAGC-2","female","OPC",-8.27476002140697,-9.19580501382069,-9.80915836989407,-5.2605279181678
"GCTAGTGTCCTCATCA-2","female","Astrocytes",0.418204711239967,-5.11474269692616,-2.07729046046261,-1.17994649154731
"GCTATAGGTCTTGCAT-2","female","Oligodendrocytes",5.81821511821095,1.4043294706492,0.246414735918003,10.4363705422204
"GCTATCCTCAATGACC-2","female","OPC",-9.11652113362011,-8.95351260964589,-9.70506481825833,-6.37541706306526
"GCTATCCTCATCAGTA-2","female","Microglia",8.59229348735157,9.14305740530772,7.59063716233249,1.71286534326485
"GCTATCCTCCCGTTGT-2","female","Microglia",4.64778159694019,-3.76094192330556,0.0867316871928753,-3.51689274055549
"GCTATTGCAGCCAGAA-2","female","Astrocytes",-2.79386283322033,-1.59512633149342,1.69425602257724,1.97170655982903
"GCTCAACCAACAGGTG-2","female","Astrocytes",-2.08283020420727,-0.280362427875565,2.60754342377659,-1.61430961830207
"GCTCAACCAAGCTTAT-2","female","VSMC",10.8439032895977,-2.64812368218617,-3.73874048888211,6.17530744331292
"GCTCAACCAATTAAGG-2","female","Astrocytes",-3.22703172131237,-1.90211647813039,2.2489017993259,-1.0724426005561
"GCTCAACCAGGCTAAG-2","female","Endothelial",0.672873006623421,-14.6956381208153,-4.02218155562405,5.3526222016137
"GCTCAACCATAATTGC-2","female","Astrocytes",1.2116436822826,-5.35446542565541,0.221648052339512,0.244622757605825
"GCTCACAAGTCACTCC-2","female","Oligodendrocytes",5.91574452952686,0.671683906867935,-0.0315089076710163,11.2120453621667
"GCTCATTGTCAAGTGC-2","female","IN-CGE",-12.3977663652485,2.8751555078773,6.24397988617893,-4.61376602394172
"GCTCATTGTGCTCCAC-2","female","IN-MGE",-13.9823334352559,1.5983713486342,5.28575845063205,-5.49985582573005
"GCTCATTGTTAGCATG-2","female","Microglia",8.51081536845509,9.10058218176646,0.68894977868076,9.98906963127068
"GCTCATTGTTGCAATG-2","female","Oligodendrocytes",5.89798282222096,1.1348986321239,-0.245008036489528,10.6807686592858
"GCTCCTTAGCAGCTAT-2","female","OPC",-8.88442541523632,-9.30963462655263,-10.4844990223599,-5.28041870338508
"GCTCCTTAGCGGCTGT-2","female","Microglia",8.17444490031544,9.30839496786876,5.86655230820652,0.387890269927297
"GCTCCTTAGGCCCAGT-2","female","Pericytes",8.21083234385792,-12.8697237378808,-0.503151431674999,3.64097063796929
"GCTCCTTAGGCGAAAC-2","female","IN-MGE",-11.1680634157246,2.01271980936809,6.4989189654636,-5.68509466392585
"GCTCCTTAGGCTGTGC-2","female","Microglia",11.1477362974102,12.3176160448341,8.60939021409031,0.0984456445496419
"GCTCCTTAGGTAGCTT-2","female","OPC",-8.61685968800243,-9.27603763405995,-9.29619316756253,-5.6637032721717
"GCTCCTTAGTCTATGA-2","female","Astrocytes",0.805004821580086,-2.60509580437856,1.36091680825229,2.00894789951256
"GCTCCTTAGTTTGGTA-2","female","EN",-6.08700634403881,6.71480089361949,0.284148290758091,1.94482379215172
"GCTCGATCAAGGATTA-2","female","Microglia",11.7014481885845,11.9625821703224,7.30265231431003,0.993702955491457
"GCTCGATCACTAAATC-2","female","Astrocytes",-1.23218531771358,-0.88089937035756,1.51793999970432,-1.41239316207954
"GCTCGATCACTAAGTT-2","female","OPC",-8.69449068470654,-8.41979736153798,0.297231629495579,1.72759317415169
"GCTCTGGCACAGAACG-2","female","Microglia",11.4151637418682,12.9855371111183,7.89444346726413,-0.699015090294566
"GCTCTGGCATGAATCT-2","female","OPC",-9.23977018757519,-9.48913997475819,-9.78131394087796,-5.5150764678199
"GCTCTGGCATGCATAT-2","female","Endothelial",-0.63055997951683,-15.6206793195458,-2.9685783833218,3.37491863029412
"GCTCTGTTCCCGAACA-2","female","Pericytes",7.7443368299419,-13.1274685270043,-4.43168024718289,5.25353353279046
"GCTCTGTTCCCGAAGC-2","female","Endothelial",-0.905178351837959,-16.2891840345116,-3.97044877707486,4.41802757041863
"GCTCTGTTCCCTCACG-2","female","Microglia",10.7500874860698,12.6423164003639,6.93063397706028,0.62914093392304
"GCTGACATCATGCCTC-2","female","Oligodendrocytes",5.76596997813526,2.0917995565681,1.08608134091373,0.996056077949319
"GCTGACATCCAGCACA-2","female","OPC",-6.89180447025951,-5.78407520119862,-10.2952204197598,-6.03202612144538
"GCTGACATCGATTTGA-2","female","OPC",-8.42134548588451,-8.7274622327538,-9.33964447676663,-5.23873121482917
"GCTGACATCTAAGTCA-2","female","OPC",-9.6679937974995,-8.86940234963612,-10.1513472050381,-5.25600034935066
"GCTGACCAGCAGGTTT-2","female","Microglia",8.03684876994434,11.3885989778785,7.54320807755466,1.34845679061821
"GCTGACCAGTAGCGGG-2","female","Microglia",-1.69888426228222,-4.31420081917958,-2.50439302622799,-1.11502845031806
"GCTGAGGAGGGCCACT-2","female","IN-MGE",-14.1484491960591,1.03419926698489,1.18272300065036,1.55697940843514
"GCTGAGGAGGTCCACA-2","female","Astrocytes",0.565211163323555,-3.54743236367421,-0.483334347600978,-0.0258326624114177
"GCTGAGGAGTTACCGG-2","female","Astrocytes",-2.76860858364758,-1.59716028039174,2.34535308182712,-1.62808973533699
"GCTGCAATCATGCTAA-2","female","Microglia",11.5404994352275,12.3997531526832,7.64472575486179,-0.652339765854563
"GCTGCAATCATGTTTC-2","female","Pericytes",8.31756089762989,-12.4987759000512,-3.87778167426113,4.73330323951653
"GCTGCAATCATTGCAA-2","female","Microglia",-5.30113817616161,-3.91497272317128,-2.32116059958462,0.530136337451253
"GCTGCAATCCTGATGG-2","female","Astrocytes",-1.03434534235653,-1.25739520852284,1.25500340760227,-1.40952594024726
"GCTGCAATCGGTACGC-2","female","VSMC",2.37760828570667,4.70588594610973,-3.80951003729824,5.87263458030633
"GCTGCACAGCACAGGG-2","female","IN-CGE",-9.36953283711132,10.3340621584205,-0.395799651737255,3.01847093360833
"GCTGCACAGCACGTTG-2","female","Astrocytes",0.926961169999275,-4.56185430352406,-2.4258230179501,-1.30027253372261
"GCTGCACAGGTAGCTT-2","female","EN",-5.74020220204052,6.56617408926768,-3.99975471198086,-6.89703542930671
"GCTGCATCAAACTGCC-2","female","Microglia",11.9312579496318,13.2807984941749,7.39173503220554,-0.0534485076148173
"GCTGCATCATAGCTGC-2","female","VSMC",11.8640200956279,-3.24353259865956,-2.88759188353543,5.24621885078362
"GCTGGATGTTTGTCTA-2","female","Astrocytes",2.1398401124889,-4.90730899636464,-0.650744780893367,-0.610115358658519
"GCTGGTTCATAAGTCT-2","female","OPC",-8.14482523365673,-7.68802875344472,0.759544566278416,1.83169489162377
"GCTGGTTCATAATTGC-2","female","VSMC",10.7845771177227,-2.56211465661244,-2.83771865069393,5.172579934768
"GCTGGTTCATTAGGTT-2","female","Astrocytes",2.01229499415699,-5.41537612740712,-0.605660691852611,-0.265000650711741
"GCTGTAAGTTACAAAC-2","female","Microglia",11.7493321760112,12.8979344957618,7.31186671555515,0.485719641618047
"GCTGTAAGTTGTGACA-2","female","Astrocytes",1.20770214633289,-4.92435211007314,-1.17810235917096,-0.665454814263072
"GCTGTACCAACAGGAT-2","female","Microglia",11.2109553678447,13.0744147890358,5.95714326203342,0.266927471331868
"GCTGTACCAATCATGT-2","female","Astrocytes",1.86537908152882,-3.46258539025502,-1.70347957312588,-1.00466878158637
"GCTGTACCAATTAGCT-2","female","OPC",-8.97845961018261,-9.91830390755849,0.902180626993138,3.19760720985344
"GCTGTACCAGTACCGT-2","female","Astrocytes",2.14106582240406,-4.77794021432118,-0.529632762069744,-0.365350434609141
"GCTGTACCATGTTGCA-2","female","OPC",-9.02279783650097,-8.57219642464833,-9.46098236739163,-5.24944812995979
"GCTGTACCATTGTGAT-2","female","Astrocytes",-2.18744303150829,-0.506623209163712,1.6530835181522,-0.327457854576792
"GCTGTGATCATTGACA-2","female","Microglia",8.86461995677296,12.0845237367897,6.96222682297702,0.215450754336629
"GCTGTGATCCTCACAC-2","female","OPC",-8.82554937763866,-9.60945743386464,-9.17989163100247,-5.93680269462654
"GCTGTGCAGCCGCTTT-2","female","Microglia",8.81161569194141,11.1741099947242,7.33807177842136,-0.502215215988841
"GCTGTGCAGCGCAATT-2","female","IN-CGE",-2.247421635825,13.9340987795143,0.557036235933262,-8.61178714973518
"GCTGTGCAGCTTAGCG-2","female","Endothelial",-0.799397511917915,-16.3433718091698,-3.15349917113308,4.33874123351983
"GCTGTGCAGCTTAGTA-2","female","OPC",-9.07182051106152,-8.59116023843007,-9.90555195509915,-5.30259401542732
"GCTGTGCAGGCTTAGT-2","female","Microglia",11.5437400205547,12.8320060365943,7.50202079117771,0.738220652512822
"GCTGTGCAGTCCTGAG-2","female","Astrocytes",1.60751555995289,-4.82517474953847,0.765906408433873,0.820031618646894
"GCTTAAATCGTTAAGC-2","female","VSMC",11.8120019300396,-3.14215701882558,-3.52677159010891,6.12098329322747
"GCTTAAATCTGCAAGT-2","female","Astrocytes",-3.46269465847668,-2.1784231073113,1.11538751423832,-1.44455249054023
"GCTTAACAGCATGTCG-2","female","Astrocytes",1.71429656581226,-4.51935476128774,-1.98320047556881,-1.55922205192634
"GCTTAACAGCGCAATT-2","female","Microglia",12.0774180753643,12.1124177568702,8.20610709488865,-0.118178436585154
"GCTTAACAGCTGCACA-2","female","Astrocytes",-1.51962090893444,-1.30229944054799,1.63741655648227,-1.54730827552864
"GCTTAACAGCTTATGA-2","female","Microglia",11.5375573499614,12.0889239900856,7.59352298081394,-0.427773186989512
"GCTTACCTCACAGACT-2","female","Microglia",11.193510757249,12.4387221926002,8.33311839402195,-0.171307155914988
"GCTTACCTCACTAGGT-2","female","OPC",-9.2345450059956,-8.78339713875966,-10.2006216496182,-5.42597229225227
"GCTTACCTCATGCTCC-2","female","Oligodendrocytes",2.60786388949696,4.923028766468,1.18854613602634,9.15053813713006
"GCTTACCTCCCTTGCG-2","female","IN-CGE",-11.9633343355244,8.84351116354747,3.37002940476413,-8.68840820533821
"GCTTACCTCGAGGTGG-2","female","IN-MGE",-13.9975893632954,1.49509076896293,-0.554128631944698,2.5147395636361
"GCTTACCTCGTTACTT-2","female","Oligodendrocytes",5.60326026515308,1.3798298531322,-0.0525840371799885,10.5426737572472
"GCTTACCTCTTGCAAA-2","female","EN",-4.66804148121532,5.13082343275828,-3.86247329413418,-6.80744440300056
"GCTTATCGTCATTACC-2","female","Endothelial",-0.476567791353729,-16.101209104702,-2.62023846804623,3.30290429847649
"GCTTATCGTGAGCAAG-2","female","Astrocytes",-11.5018885271138,1.83013600046916,-0.576217159624141,-4.00200731498786
"GCTTATCGTGCTAGAC-2","female","IN-MGE",-5.72918678684887,-3.29271835152821,1.29993052781101,-9.80116779548713
"GCTTCGCGTTGTTCAC-2","female","EN",-5.42112900181469,6.49341827566905,1.02349050343509,3.22909562843255
"GCTTGACCAACCTAAT-2","female","OPC",-8.92195059223827,-8.98887962166982,-9.60064034163479,-5.21559602958747
"GCTTGACCAGGCGAGT-2","female","Oligodendrocytes",5.82628224925343,0.857006072357131,0.282684639100987,10.2114807869714
"GCTTGACCATGGCCCA-2","female","Endothelial",-0.386893800038662,-15.8968099958153,-2.50872962176327,3.58776872413567
"GCTTGACCATTAAGTC-2","female","OPC",-8.32075573368725,-9.05690902535634,-9.25467304884915,-5.48557312233039
"GCTTGTTGTAGTTAAC-2","female","IN-CGE",-7.71485163136181,10.6420732134132,1.11448998749729,-9.33103973609992
"GCTTGTTGTATTCGTC-2","female","VSMC",11.3495728834087,-2.55496972863393,-3.4866607636166,6.20461337821892
"GCTTGTTGTCACAAAT-2","female","Astrocytes",-2.74949551983532,-1.51803034608083,2.56957192719455,-1.63871104461738
"GCTTGTTGTGATGGCT-2","female","OPC",-9.28019167347607,-8.65909332101064,-9.69785122572903,-5.61755306465217
"GCTTTACGTCAGTAAT-2","female","EN",-5.34252573414501,6.2945275896339,-0.553858205671352,2.8410003687661
"GCTTTACGTTGCACGG-2","female","Astrocytes",-3.7050838605946,-4.09067720238881,-0.287350520486873,-2.42142135841438
"GCTTTATTCAGCAAAG-2","female","Astrocytes",-4.02072884007153,-2.90869945351796,1.09689886868473,-1.46537143928596
"GCTTTATTCCCGCATT-2","female","IN-MGE",-11.4493343965596,0.230208217456771,8.11492724717136,-6.13767463905403
"GCTTTCATCAAGTGTC-2","female","IN-CGE",-9.46182943745312,10.2647071474342,1.53091521561618,-9.49466449958869
"GCTTTCATCAATGAGG-2","female","Endothelial",0.284904347222481,-14.9326338178368,-0.742220327253383,3.10970299499444
"GCTTTCATCCGCCTCA-2","female","Microglia",9.59811280803028,12.5757985704689,7.08971209824558,0.786557888559614
"GCTTTCATCGCGCTAA-2","female","Oligodendrocytes",2.16258333758656,4.85579258139415,1.05651243031498,9.59629886405877
"GCTTTGTGTTAAGGCC-2","female","IN-MGE",-11.9927361146992,3.02157407934947,-0.452295526857418,3.45309465187005
"GCTTTGTGTTGTTCAC-2","female","Oligodendrocytes",5.51356528834644,2.17587196762843,0.0406521707820476,10.6151682640832
"GGAAACTCAAAGGCCA-2","female","Astrocytes",1.88253711299244,-5.3596791631432,-1.99329571425442,-0.711998412438121
"GGAAACTCAGTCTAGC-2","female","Microglia",8.62043927745167,9.1877308481483,7.0232953578281,1.11077792005948
"GGAAACTCATGAGCAG-2","female","Microglia",11.8065307004863,12.6528440111427,7.68392749131199,1.68113314168862
"GGAAACTCATTTGCTC-2","female","OPC",-9.31199861927685,-9.12688010995107,-9.33841232954983,-5.67323429328987
"GGAACCACAACAGGTG-2","female","Pericytes",8.32299970225636,-12.8050503141137,-4.46724085509304,4.51390474098137
"GGAACCACATAATTGC-2","female","IN-MGE",-11.4012692110127,1.7237173610477,6.79883189499851,-5.63178426963874
"GGAACCTGTCAAACTG-2","female","VSMC",11.1916310651714,-2.47463506524281,-3.30926208197598,4.89330594795159
"GGAACCTGTCACCTAT-2","female","Microglia",-6.44973112507519,-9.58561366860585,7.45220465958591,-0.731094310112681
"GGAACCTGTCATTAGG-2","female","Oligodendrocytes",5.34775804118458,3.10517495806499,0.399665072565037,10.398343732528
"GGAACGGTCGCTCACT-2","female","Oligodendrocytes",3.42462347583118,4.88016945059581,-0.405504271383327,10.6901556755822
"GGAACGGTCGGTTTGG-2","female","Astrocytes",2.41024087504688,-4.99465173546986,-2.23016290366177,-1.47112757904121
"GGAACGGTCTAAGGAG-2","female","Oligodendrocytes",2.2211708887035,4.82147532637401,-0.0949570983601032,10.7719094063561
"GGAACTAAGCGCTAAT-2","female","Astrocytes",-0.776557667691078,-1.33643883530812,1.14581950009342,-1.48944027168342
"GGAACTAAGCTAATCA-2","female","IN-CGE",-11.6134607927388,8.82331567938609,3.27630229294773,-8.85229236824104
"GGAAGTATCATTAGGC-2","female","Oligodendrocytes",6.02893947200123,0.575582920864059,0.245420649652439,9.76479499595574
"GGAAGTATCCCTCGCA-2","female","EN",-5.0629837648457,6.01183706457896,-3.93313221632962,-6.55079681617805
"GGAAGTATCGTAATCA-2","female","Microglia",-6.56148792668041,-9.63166278664784,-8.05193524062161,-6.19926292640754
"GGAATCTTCAATGACC-2","female","EN",-5.36548401280102,6.183775483921,-4.03180246054654,-6.62057430488655
"GGAATCTTCACAGCCA-2","female","Microglia",11.8065087659771,11.4010377519874,7.54768271744724,0.276478519610677
"GGAATCTTCATAATCG-2","female","Astrocytes",1.44980214671436,-5.40425723855214,-2.4345618933392,-0.890325615235057
"GGAATCTTCCTAGTCC-2","female","OPC",-8.04286886616405,-7.91059440438466,0.298832133417088,2.60023205535821
"GGAATCTTCTAATCCT-2","female","OPC",-5.46931768818554,-12.7890600568505,-3.57798747717862,5.73063676612786
"GGAATCTTCTCTAGCC-2","female","OPC",-8.83335997029003,-9.12121814553456,-10.2011728733731,-5.55280811531135
"GGACAGCCAAAGCGCA-2","female","Oligodendrocytes",2.50407527522388,4.91094690497203,0.792251899843174,11.2990805413049
"GGACAGCCACAGCCTG-2","female","IN-CGE",-11.467881454665,9.58561855490489,3.4835118800449,-9.02157909614631
"GGACATAAGCGATACT-2","female","Microglia",10.8480880124981,12.0632987612037,7.23477645218845,0.952884007192765
"GGACATAAGGAGCATA-2","female","Astrocytes",0.388219462197456,-4.93061441247182,-1.80048511921887,-1.31574136955329
"GGACATAAGTTTGCGG-2","female","OPC",-8.13856054707226,-8.71735042397694,-9.86575226485257,-5.48600895149299
"GGACCGAAGACAACGA-2","female","Oligodendrocytes",5.79735206202808,1.61080313409848,0.319258168344456,9.72704189079217
"GGACCGAAGAGGGACT-2","female","Endothelial",-0.839013619858589,-15.9423975354882,-2.72801296412472,3.64921443717888
"GGACCGAAGCACCACA-2","female","Microglia",11.9265649183208,12.560185968235,8.43921275437351,-0.79197854740211
"GGACCGAAGCCTGTTC-2","female","IN-CGE",-8.74151541157421,10.8584027879982,1.0540638715076,-9.52820427162239
"GGACCGAAGCGCAATT-2","female","Astrocytes",1.56928013400379,-4.48005193536,-1.86672441660885,-1.01066059810707
"GGACCGAAGTATTGGC-2","female","Endothelial",-0.814249916512337,-15.6538099652977,-3.00797681509976,3.74281733291558
"GGACCTCAGCACTAGT-2","female","Pericytes",8.3447654111797,-12.713929594204,-4.04050831496243,5.82239740150384
"GGACCTCAGGCAGGTG-2","female","Microglia",10.1850602491314,11.7075582140235,6.90803141892429,-0.128278562851634
"GGACCTCAGGGTTATC-2","female","Oligodendrocytes",6.01248715953175,1.6641268127708,0.413312867288548,10.2380091454308
"GGACGAAGTCATGAGC-2","female","OPC",-6.85804296894726,-5.75378125970082,-10.4180822819424,-6.38795168144294
"GGACGAAGTGCAATGC-2","female","Pericytes",7.81180165843311,-11.3353771573754,-4.28558330237393,5.45985429542473
"GGACGAAGTTGTTGTC-2","female","Astrocytes",1.49604712561909,-5.43079465691762,-0.177973315115017,-0.026041159458842
"GGACGGATCGCAACAT-2","female","OPC",-8.16610027714428,-9.1773666745873,-10.3926706761074,-5.79779321891853
"GGACGGATCTTAGTGA-2","female","Microglia",10.7518536909038,11.9696107500343,7.42350192368503,-0.570241997070994
"GGACGGATCTTTAGGA-2","female","Astrocytes",1.86826394633595,-5.47479099099355,-1.74991028010372,-0.338732907601084
"GGACTAAAGACAACAG-2","female","OPC",-9.2805073396748,-9.23209136788564,-9.10133461653714,-6.2456353400428
"GGACTAAAGCAAACCT-2","female","Oligodendrocytes",2.3149459226543,4.88690262968822,0.644822433595616,9.75005977409295
"GGACTAAAGGCACAGG-2","female","Astrocytes",-3.71898199482616,-2.425120294735,2.1821407824802,-1.47805125457832
"GGACTAAAGGCTACTG-2","female","Astrocytes",1.45677183703724,-4.38112634484486,-2.36488406359677,-0.872437665291514
"GGAGCAAGTATTGGAT-2","female","OPC",-8.67359854145702,-8.69053787057118,-10.5746574848843,-5.5299313758094
"GGAGCATAGATACTTG-2","female","IN-MGE",-11.1542141573017,2.11806362803264,6.77671666443821,-5.73880893928596
"GGAGCGATCAAGTGTC-2","female","IN-MGE",-11.8194944994038,2.85680681402965,6.6883754283237,-5.50340873939582
"GGAGCGATCCTAATGA-2","female","Microglia",11.5214917524273,12.9265332811622,7.64450068772312,0.614143272809301
"GGAGCGATCGATATTG-2","female","Astrocytes",-0.950979752976265,-1.19443696801381,1.23218984902378,-1.53487665397712
"GGAGCGATCGTGCTTC-2","female","Astrocytes",0.255351410668526,-5.08826392953114,1.11970706284519,11.5448843743127
"GGAGGTTAGAACCTGT-2","female","OPC",-6.54019380970654,-5.38638585869985,-10.2005949467373,-5.75045950157234
"GGAGGTTAGGAGCATA-2","female","EN",-5.28441645069775,5.89473968680186,0.661636307840306,1.66009180801323
"GGAGGTTAGGCGCACT-2","female","Microglia",11.6589553220684,13.0055623644142,6.76685519516941,-4.93126423103401
"GGAGTCTGTACAAAGA-2","female","EN",-5.78295637531933,6.59061485464854,-4.01227240263943,-6.79586107475349
"GGAGTCTGTATTGCAG-2","female","Astrocytes",-1.17391605539974,-1.67225736443715,1.08927984536167,-2.28985364181587
"GGAGTCTGTGATGATT-2","female","Microglia",5.51063178614918,-4.29085487191396,6.9568776637363,1.05897555308751
"GGAGTCTGTGTCCAGG-2","female","OPC",-8.33668877049145,-8.36005061928944,-9.39038662611966,-6.09483844978401
"GGAGTCTGTTAGAGCC-2","female","Endothelial",-0.491510480803255,-16.1769232160302,-3.04844360053067,3.7888855244439
"GGAGTGAGTATTCGTC-2","female","VSMC",10.8078162534649,-2.62033647362904,-2.23364584147457,4.35400574462822
"GGAGTGAGTCCGTAGG-2","female","Oligodendrocytes",5.46972869471851,2.61035269434733,0.301647022371251,10.1375099922936
"GGATAACCAACCCTAA-2","female","Astrocytes",2.90270112590138,-4.36220973794179,-1.36139737069134,-3.10425216896125
"GGATAACCAATAATGG-2","female","OPC",-7.91114641590771,-9.25094264809804,-10.1935234516812,-5.09809858543464
"GGATAACCAGGCGATA-2","female","Astrocytes",1.11673604087177,-5.37517112557607,-0.128444775934261,-0.0473978017050883
"GGATACTTCCCGCAAA-2","female","Astrocytes",-2.66602255268749,-2.12502974335866,1.65282578766819,-1.57429129821845
"GGATACTTCGCACAAT-2","female","OPC",-7.67075945301708,-6.86138862435536,-9.71184067427639,-5.69810278160163
"GGATATTGTCAAAGGG-2","female","VSMC",12.1045739515239,-3.87356132332997,-3.73300628363613,6.15904824989251
"GGATATTGTCAAGACC-2","female","EN",-5.15520979328808,5.7365704172401,-3.71892218291287,-6.84146148902961
"GGATATTGTGTTAAAC-2","female","VSMC",11.772181258958,-2.7294153577538,-3.75939492880825,5.42674129264763
"GGATGAATCATGGCCA-2","female","Oligodendrocytes",5.5050790174419,2.49962717230601,0.751640632753331,0.706123700312887
"GGATGGCCACAGAACG-2","female","Microglia",7.63653157786671,11.1758857363014,7.65943236649509,1.55802356260232
"GGATGTAAGTAACCCG-2","female","Oligodendrocytes",5.91288112239185,2.89255648787303,0.421407416467625,9.99848239677361
"GGATGTAAGTTCCCGT-2","female","Microglia",10.6529319150859,11.7810273760108,7.62110991776462,-0.55687362892219
"GGATTATGTGGGAACA-2","female","Oligodendrocytes",4.75574229792896,4.10496526892467,0.00402177870746268,10.8712136055749
"GGATTCAGTGCTAGAC-2","female","Astrocytes",0.00607432560268412,-4.67759984795766,-1.51369039713864,-0.410237858124461
"GGATTCAGTTATCGAG-2","female","IN-MGE",-17.882866157729,4.5452211492805,5.10509057343479,-5.65283376915046
"GGATTGCGTAACAGGG-2","female","Oligodendrocytes",5.64715121821705,2.72276467020793,0.139938667421299,10.4781681801598
"GGATTGCGTTAGAGCC-2","female","OPC",-8.46957756443676,-9.29159206216054,-10.0051918476773,-6.49180156929084
"GGATTGCGTTAGCTGA-2","female","Endothelial",-0.734408153731194,-16.3588289624901,-3.02430133521084,3.75620596664361
"GGATTTATCTCTAGCC-2","female","OPC",-8.32480646534618,-9.55146735970692,-10.1684904545498,-6.01417095405647
"GGATTTATCTTGGACG-2","female","Astrocytes",-0.0596761838978194,-1.9725462800713,0.699537470941502,-1.79193289024421
"GGCAAATCAACGTGCT-2","female","EN",-7.29333282871899,6.61640459234996,0.449418857698399,3.09859364288262
"GGCAAATCAACTGGCT-2","female","Microglia",8.029562698167,9.51343399222179,0.772713139657933,11.902928044967
"GGCAAGCCACTAAATC-2","female","IN-CGE",-9.8857319490498,12.1697202318458,1.50671692193027,-10.0992205832679
"GGCAAGCCAGCAGGTA-2","female","VSMC",11.8456904752666,-4.12511104409413,-3.27125649153714,6.01136987464837
"GGCAATCGTATTGGAT-2","female","Endothelial",-0.611841878432598,-16.3061308271142,-3.06340984999661,3.77264778869561
"GGCAATCGTTCATCTA-2","female","Oligodendrocytes",3.40592382983509,4.62372285063548,1.29771538079258,2.39448409336022
"GGCAATCGTTCATTTG-2","female","Astrocytes",1.25489436225239,-3.71311277215199,-2.308277294035,-1.50309617263862
"GGCAGGATCATTACAG-2","female","Astrocytes",1.42177747325245,-5.46308654610829,0.360605195169407,0.262471130065236
"GGCAGGATCCCGAAGC-2","female","Oligodendrocytes",2.67225097255055,4.93301254446788,0.502894237642247,10.6136500145715
"GGCAGGATCCCGCCTA-2","female","OPC",-8.91665865345654,-9.19865268532948,-9.67302422225003,-5.14341814262458
"GGCAGGATCCTTTACG-2","female","Microglia",8.81316445903126,11.8971858614234,8.19043631852146,-0.758457372017588
"GGCAGGATCTGTGAGT-2","female","Microglia",10.6397406919414,13.0143094652442,7.39542670548435,-0.440296122856822
"GGCATGGAGCACAGCC-2","female","Endothelial",-1.41859222813305,-15.7036852246972,-2.89673618971829,4.27689831512383
"GGCATGGAGCTAGAAG-2","female","Astrocytes",1.28509555892292,-4.83367198769765,-1.72977958619122,-2.27462918502876
"GGCATGGAGCTGAGGG-2","female","Astrocytes",-6.27419735356029,-10.865519941494,1.62177892029758,-2.25130040390083
"GGCATGGAGGTCGATT-2","female","Oligodendrocytes",5.62663768367115,1.98684707219882,0.459654763345677,11.3215863014977
"GGCATGGAGTCTTGAA-2","female","Astrocytes",1.92684482173267,-3.9120702153893,-1.87452904879574,-1.77362663490364
"GGCATTAGTCGACTAA-2","female","Astrocytes",-0.88347206874546,-1.20346087281422,0.943045094613987,-1.92149359924385
"GGCATTAGTGATTTGG-2","female","IN-CGE",-3.33202816410717,14.051318704441,0.866955593233067,-8.91313678962776
"GGCATTGTCCATTACT-2","female","OPC",-7.61446978016552,-6.82227557961659,-9.13605313002591,-5.92765648109504
"GGCATTGTCGCACAAT-2","female","OPC",-7.88168217106518,-7.40518134896474,-0.081957742567104,2.65563123481682
"GGCATTGTCGGGACCT-2","female","VSMC",10.9392392499858,-3.33350032632069,-3.5338438004208,5.58510988014153
"GGCATTGTCTACCTGC-2","female","Microglia",10.5814730985576,12.8534093492775,7.72889800370212,-0.193599889107432
"GGCATTGTCTATCGCC-2","female","Oligodendrocytes",5.44519589976612,3.33613055880351,0.229458644990879,11.1975466515344
"GGCCAACTCGACAAAG-2","female","VSMC",11.0237023694927,-2.42200082604604,-3.33904294669155,5.26173513191155
"GGCCAACTCGCATCCT-2","female","IN-CGE",-11.6452772752827,9.43678194220348,3.28419537842746,-8.79382831794807
"GGCCAACTCTATGACA-2","female","VSMC",10.9270789487774,-3.32808107201772,-1.80788503586773,0.19932388322762
"GGCCATCAGGAGGGTT-2","female","IN-CGE",-9.72937418385204,9.91357475455089,2.32480306923862,-9.33784324867317
"GGCCATCAGGCGCATC-2","female","Pericytes",7.70585511760059,-11.0328220731469,-4.08000712096218,4.43586056487969
"GGCCGTTAGCTGGCTA-2","female","Astrocytes",-1.33414317532238,-1.34881419007497,1.36005039513584,-1.69408924324104
"GGCCTAATCATAATCG-2","female","OPC",-8.61240888996777,-9.4087252027245,-10.0088978260708,-5.7763331626136
"GGCCTAATCATCAGTA-2","female","OPC",-9.00056005879101,-8.21765846078114,-9.37474827467923,-5.79786569816658
"GGCCTAATCATCCTCA-2","female","Astrocytes",1.24997328357044,-5.29172796075063,-1.86104254424099,-1.24699456436225
"GGCCTAATCCTAAATG-2","female","IN-CGE",-2.363304032523,13.9694333666114,0.528338029985386,-8.52881176216194
"GGCCTAATCTTGGACG-2","female","IN-MGE",-17.8876021043843,4.54082399542613,4.83826966584201,-5.94667894584724
"GGCCTCTGTAAGGTCC-2","female","IN-MGE",-12.3115923540181,2.22860532934947,6.25346226990696,-5.39062721473762
"GGCCTCTGTACGCGCA-2","female","Microglia",10.48899625377,12.8448777788429,5.79953952134128,0.41934775369576
"GGCCTCTGTAGCTAAT-2","female","Microglia",11.3065402372295,12.4663711183815,7.69225402176853,0.0581287648003438
"GGCCTTAAGCGGCTGT-2","female","OPC",-8.69290567799267,-8.80508941476064,-9.68137745558743,-5.61170179588386
"GGCCTTAAGTCAGTAC-2","female","OPC",-9.0264847414082,-9.10321849648671,-9.86751751601223,-5.81619913322517
"GGCCTTAAGTTCCCGT-2","female","VSMC",10.9929044111187,-2.42368358437734,-1.8526515215588,4.08816974418572
"GGCCTTCGTGTGTCCC-2","female","OPC",-6.36954952641186,-5.17702287499623,-10.6696529835415,-6.11142427665779
"GGCGATACATCATGGC-2","female","IN-CGE",-11.1548464433735,9.78052288229747,3.353783085947,-9.15612442237922
"GGCGCTAGTAGTAAGA-2","female","VSMC",10.8401534421856,-2.99918264214711,-3.70359258353237,5.48955648200921
"GGCGGTAAGACCATAC-2","female","EN",-4.99589229984936,5.71560102637096,-3.69173531233792,-6.56068498832771
"GGCGGTAAGAGGAGGA-2","female","Oligodendrocytes",5.5964104993755,1.7134564661531,0.090609088544804,9.87202327506951
"GGCGGTAAGCTAAGTC-2","female","Oligodendrocytes",5.99823306636158,2.8760179870872,0.0953847914981426,10.9413611199181
"GGCGGTTTCCATTACT-2","female","IN-CGE",-8.40891672535595,13.6075873964576,-1.10022677480702,-0.0298802350241801
"GGCGGTTTCTGCAAAC-2","female","Astrocytes",-0.164622618395653,-5.22504991357045,-2.32750289141659,-0.744978496857371
"GGCGTTATCAAGCTTA-2","female","Astrocytes",1.08924959735218,-5.44277232949452,-1.31886990367894,-0.594788501091685
"GGCGTTATCGGTACGC-2","female","OPC",-8.51525045796093,-9.01861709420399,-9.9339104145718,-5.61815197212287
"GGCGTTATCTTAGGGT-2","female","Oligodendrocytes",6.64220689372364,1.55492503504439,7.05859465897556,3.15084951179436
"GGCTAGACAAACTCAT-2","female","Astrocytes",0.93046806887928,-5.56763929192738,-2.18368618189816,-0.846561858483042
"GGCTAGACAAATTGCT-2","female","Astrocytes",-0.776131643492546,-1.52089399163442,1.18810196221347,0.632539978198324
"GGCTAGACACGTGCTG-2","female","Astrocytes",2.57534621791187,-2.88555759255605,0.660365298395115,-1.52934105140754
"GGCTAGACAGCCTGCA-2","female","Microglia",11.5048615796978,12.7901979082374,8.1959666758823,-0.306146929093089
"GGCTAGACATCATGTG-2","female","Microglia",4.18886397914234,-3.91150945489125,6.3944587260532,-0.277040669747081
"GGCTAGACATGGAGGC-2","female","VSMC",11.8521211011821,-2.90958637063222,-3.44598774611477,6.13445203559807
"GGCTAGTGTAGCTAAT-2","female","Astrocytes",-2.12186302109417,-0.332074225589799,2.55575962365146,-1.55596406204292
"GGCTAGTGTGCATTAG-2","female","Astrocytes",0.999756441872749,-4.89663547341542,0.625885799531895,0.266855051688466
"GGCTAGTGTGTTTCAC-2","female","IN-MGE",-11.5757229463642,1.57947710837407,7.16548343003269,-5.6735909674842
"GGCTATGTCTTAATGG-2","female","Microglia",8.33917878703419,11.2841859453468,7.8268260508823,0.799983819894109
"GGCTATTAGCTTTGGG-2","female","OPC",-8.40334440632519,-9.07454818551259,-9.25442223250393,-5.57931692344734
"GGCTATTAGGAGGTTA-2","female","Oligodendrocytes",4.20336125926319,4.48593240912242,0.00869746506686819,9.98159950035027
"GGCTCAATCCGTGACA-2","female","Oligodendrocytes",2.189963088792,4.9010093801765,0.707773163919407,11.3792149330895
"GGCTCAATCGCTAGCA-2","female","Microglia",11.4612233503276,12.2482658022193,8.70080466568943,-0.0583432410437724
"GGCTCAATCGTTAGCG-2","female","OPC",-8.72837854786571,-7.80049461190419,-9.08107094466214,-4.8990720008094
"GGCTCAATCTTTGACT-2","female","EN",-5.23194338246044,6.38539844687266,-3.94547538458828,-6.87080747825691
"GGCTCACAGCCTGTTC-2","female","IN-CGE",-11.7951243059224,9.00327545340343,3.3518652468967,-8.87894565803596
"GGCTCACAGCTATTGA-2","female","Endothelial",0.158822701733742,-14.8148397809716,-2.58792118727688,3.73372476356438
"GGCTCACAGTAGGCGG-2","female","IN-MGE",-10.8050663606709,9.35969167883678,3.0918726474094,-9.25707370979377
"GGCTCACAGTTCCCAC-2","female","Oligodendrocytes",5.62032865123096,1.68020674522205,0.253881290559727,10.8198153282922
"GGCTGAGAGACACTTA-2","female","Astrocytes",1.23919664458576,-5.44254392449574,-1.95887605845456,-0.939877579041209
"GGCTGAGAGCTGTACG-2","female","Astrocytes",1.17565177516285,-5.38585513894277,-1.03766821324353,-0.36795921070167
"GGCTGAGAGGGTTATC-2","female","Endothelial",-0.832378639418449,-15.1961206800194,-3.02203278243069,3.64290611999444
"GGCTGAGAGTTCCCGT-2","female","Oligodendrocytes",5.70232747630421,2.44743913348003,0.28574891388889,10.2147194649499
"GGCTGAGAGTTTAACG-2","female","Endothelial",0.607372985642586,-14.8380426770897,-2.9189346283627,3.80706494110039
"GGCTGGTTCACAGGAA-2","female","Astrocytes",1.15765105323139,-2.67600339715199,0.767813518648106,-1.83234793884345
"GGCTGGTTCAGCCAAT-2","female","Microglia",4.5733334882671,-2.03777903382497,0.438940361146885,-3.9909532759864
"GGCTGGTTCGCTATAA-2","female","Microglia",5.28827498988453,-4.25011533562856,0.460249498491246,-3.99347955925056
"GGCTTAAGTAGGATTT-2","female","IN-CGE",-10.9167492525166,11.4101501100807,3.53462691605564,-10.577694246598
"GGCTTAAGTTGTCCAT-2","female","Oligodendrocytes",5.61145852641407,2.493700682476,0.72783978283878,11.6333948876183
"GGCTTCAAGGGATTAG-2","female","Microglia",11.1024272306377,13.4017196291236,7.30455298722263,1.19169971900395
"GGCTTCAAGTTTCCTG-2","female","Oligodendrocytes",-3.27396418018993,-3.96260017220693,-2.1188891380978,-2.36348921997138
"GGGAATATCCACCCTG-2","female","VSMC",12.0609347684795,-3.88334745232777,-3.71362595259671,6.32527416007927
"GGGAATATCCCTTGCG-2","female","Astrocytes",10.8148410184795,-3.57113975350575,-2.0959628075314,-0.330444285698619
"GGGAATATCCTCAGCT-2","female","EN",-6.91497446461376,6.26623779471202,0.133797124032933,1.42716424720696
"GGGAATATCGAAGTGA-2","female","Microglia",5.82551883296314,-4.09110635583119,0.607914045457798,-3.98288852912971
"GGGAATATCTCCATAT-2","female","OPC",-9.26972319050487,-9.26455825631337,-9.65135864912991,-5.60330707771369
"GGGATTAAGAGAGGCT-2","female","Astrocytes",-1.2877152101582,-1.27178734605031,1.31943602860447,-1.69521219474861
"GGGATTAAGATAGACG-2","female","IN-CGE",-3.38389469547924,14.1870532625465,0.963741734628636,-9.13176853401252
"GGGATTAAGGCTACAT-2","female","Oligodendrocytes",5.96436999873463,1.83281344111247,-0.449496850366634,10.6547943856042
"GGGCAATAGACAGGCG-2","female","Microglia",11.1865203245098,12.2486758821754,7.98342700303074,0.890798253886018
"GGGCAATAGCAAGGGT-2","female","Astrocytes",-1.5321375267094,-1.12198633019643,1.65924163163181,-2.03476841194221
"GGGCAATAGTAACCCG-2","female","Oligodendrocytes",5.94792436198536,1.23915317590518,0.712519720201451,10.9455544258874
"GGGCAATAGTTCCTGC-2","female","EN",-7.23537947102245,6.62275940115733,-0.289941176767391,3.18390887039116
"GGGCATGAGGCCTGGT-2","female","Oligodendrocytes",3.71386979655567,4.75803571875377,-0.15266399085049,10.2916533257287
"GGGCATGAGGTAAGCA-2","female","IN-MGE",-13.4674255983418,2.03804391558452,5.47916693985935,-5.38131077034065
"GGGCATGAGTTTGGGT-2","female","Astrocytes",2.2234730585033,-5.01668113534169,-1.49516962468151,-0.231138775177684
"GGGCATTGTACTTAGG-2","female","IN-CGE",-9.51784159107861,9.96686130698009,1.20545311272617,-9.64231617195198
"GGGCCTAGTGGGAACA-2","female","VSMC",11.446217284959,-2.86711448495107,-3.59422998129849,6.04438989417962
"GGGCGAATCCTTAGTT-2","female","Astrocytes",0.950123892586861,-4.69239848916249,-0.744638666505855,-1.90455634338447
"GGGCTAACAACTAGGG-2","female","Oligodendrocytes",3.11082933978382,4.69603472883983,0.517825916414219,10.6566540505212
"GGGCTAACACATTAAC-2","female","EN",-5.12904240055737,5.34595614607616,1.20607919991489,2.90485542076043
"GGGCTAACACCTCAGG-2","female","Microglia",-5.21664978428539,-3.71377843682485,-1.8601160496426,-1.72776896698066
"GGGTCAACAAGGCCAA-2","female","OPC",-5.78312612934765,-12.4281391507836,-12.5047417133999,4.21527450340203
"GGGTCAACACCGGTAT-2","female","EN",-5.05731560154613,6.15869623358531,-3.75499610602383,-6.47598869545051
"GGGTCAACAGCTAATT-2","female","Astrocytes",1.69794987277332,-4.63306373421864,-1.93114523589138,-2.37213070137092
"GGGTCACTCACCTGCT-2","female","Pericytes",7.79642938212696,-13.5449413663598,-3.20301990210537,3.66303174751214
"GGGTCACTCACCTGTC-2","female","IN-CGE",-2.38062061234173,14.0005393617897,0.570606186990696,-8.61886436683723
"GGGTGAAGTTATCCTA-2","female","OPC",-9.10538984699902,-9.57006400887685,-10.2423372715664,-5.48250133735725
"GGGTGAAGTTGGCGTG-2","female","VSMC",11.5084235532695,-2.53697246377187,-3.91171602904324,5.10441797035149
"GGGTGAAGTTTAGTCC-2","female","Astrocytes",-3.9199013845509,-4.02449840371327,0.31502194703098,2.36979930656365
"GGGTGTTGTCGCAATA-2","female","Pericytes",7.59805368022266,-12.6076187497826,-4.12906341254238,4.81133358734063
"GGGTGTTGTTATCGAG-2","female","Endothelial",-1.12334163351711,-16.1397756940575,1.16837997735019,1.00989943551234
"GGGTGTTGTTGTTGGA-2","female","Oligodendrocytes",5.51168178157154,2.42893576557918,0.00213332474704397,10.2422739769738
"GGGTTACGTGGAGCAA-2","female","IN-CGE",-11.6237623827046,11.4632316225318,3.45848317444797,-10.474362680741
"GGGTTACGTTAAGGCC-2","female","Oligodendrocytes",3.09063957766834,4.84342914755626,0.493293717508274,11.4272591378014
"GGGTTACGTTACAACG-2","female","OPC",-8.32306887074169,-9.05265086953358,-9.87530426680569,-5.15456373436042
"GGGTTACGTTCATTTG-2","female","IN-MGE",-17.8598501817768,4.56272369559093,-0.151664897794765,2.79938154476098
"GGGTTACGTTGGGTTA-2","female","Oligodendrocytes",5.41352675990406,3.48927265341563,0.544916227464634,11.2700077797692
"GGGTTATTCAGGATGA-2","female","Microglia",11.594054923814,12.6698537462501,8.11283202469822,-0.295687029190745
"GGGTTATTCGTTAGCG-2","female","Astrocytes",0.474352227013741,-4.53668540780263,-2.22698633372311,-0.66230530483314
"GGGTTATTCTCACTCA-2","female","Microglia",10.8474147184307,12.3918920152931,6.5353951007175,0.157481243781362
"GGGTTATTCTGGCTTC-2","female","IN-MGE",-14.2968752519673,0.729310213878585,4.55438227951999,-5.68718273384162
"GGGTTATTCTTGCAAA-2","female","Astrocytes",-6.20661999149975,-10.96362823312,-0.923004239792865,-3.2827652190406
"GGGTTTCCAAGGCCAA-2","female","Oligodendrocytes",5.8647734983379,2.45933061774058,0.218566492204625,11.2718703057092
"GGGTTTCCAATTTGGT-2","female","Astrocytes",-1.17366076870617,-1.19389337365346,1.82607860863681,-1.11249906761238
"GGGTTTCCACAGAAAC-2","female","Astrocytes",1.6203465326244,-5.14790576760487,-1.79172615706448,-1.33794600708076
"GGGTTTCCACCATATG-2","female","OPC",-9.18917299671825,-9.3787598020287,-9.61044411360745,-6.3037727568824
"GGGTTTCCAGCAAGAT-2","female","Microglia",10.9793984754497,12.9949489229469,7.760117486124,-0.0558157656867168
"GGGTTTGTCAACCAAC-2","female","Astrocytes",1.92107842997852,-4.97059959237294,0.899063900117833,9.51394717948845
"GGGTTTGTCGACAAAG-2","female","Endothelial",-0.898886515337791,-16.3319696790429,-2.48907987772946,3.69179694908074
"GGGTTTGTCTGTGCAG-2","female","Microglia",11.6039721830303,13.4369435900001,6.84642024338718,-0.226444909401622
"GGTAAACCACCTGCTC-2","female","Astrocytes",1.7399332387859,-4.46689838235097,-0.900955580170196,-2.06828243476936
"GGTAAACCATAAAGCA-2","female","Oligodendrocytes",5.92570613459888,1.09677773649974,0.95818372071262,10.8328635002892
"GGTAACCGTATTCGTC-2","female","IN-CGE",-3.36444164677319,13.9923787706642,-2.59348742663388,-0.459385225601878
"GGTAACCGTATTGCAG-2","female","Microglia",11.215953574937,12.4045215242652,8.60279364884372,0.0907881762307027
"GGTAACCGTCAATACG-2","female","EN",-5.32136751576122,5.60336643393321,-0.56729377805714,1.61594431655816
"GGTAACCGTGCTCCAC-2","female","Astrocytes",-1.36898340149578,-0.991956413433121,1.95769281685825,-1.92047388298103
"GGTAACCGTTGGCCGA-2","female","Microglia",9.98160718516651,11.4537931078224,8.28547759354587,-0.835372516937937
"GGTAACTTCAGGGCCT-2","female","IN-MGE",-14.0311186449116,1.61165589775128,-0.620588794345897,2.48649506824425
"GGTAAGGGTCATCATC-2","female","Astrocytes",-1.36285467310604,-0.660736263439225,1.79196043313022,-1.57214219314643
"GGTAAGGGTTACTAGG-2","female","Pericytes",8.11751054362598,-13.4589104062767,-3.97216109930996,4.85621159332207
"GGTAATTGTAATTAGC-2","female","Oligodendrocytes",6.60429690913502,1.61519370909019,-0.359213396902126,11.1625487114709
"GGTAATTGTAGCCTAA-2","female","Oligodendrocytes",5.76181052760426,0.745849787548019,-0.23650781809811,10.548435857467
"GGTAATTGTCCTTCTC-2","female","Astrocytes",0.459672139447365,-5.48851198022084,-2.490455195303,-0.56406779033729
"GGTAATTGTGAATCGC-2","female","Astrocytes",1.07268308238331,-4.79280942742543,-2.20919291674618,-1.70255739433357
"GGTAATTGTTACAACG-2","female","Astrocytes",-0.272880612451401,-1.82947105233388,-0.378728702659649,-0.874276349373545
"GGTAATTGTTGGTTCT-2","female","IN-CGE",-11.6092941896504,11.6937375658302,3.52416844666477,-10.7792084906776
"GGTACCGGTAGGTGTC-2","female","Oligodendrocytes",3.12142394618336,4.91174942190929,1.00558610260959,9.74331920402459
"GGTACCGGTAGGTTGC-2","female","Astrocytes",1.08748971061054,-5.22742599312978,-1.99529223143582,-1.70045168144294
"GGTACCGGTCGCAAAC-2","female","Astrocytes",1.68487285212818,-5.23944610421376,-0.84935371577267,-0.906289765663829
"GGTACCGGTTGACTTC-2","female","IN-MGE",-14.3992169038838,1.34016683633609,4.91670794785495,-5.64889318687507
"GGTACCGGTTTGTCTA-2","female","IN-MGE",-14.4969017641133,1.0606776171474,-0.507739350194973,2.99713652389458
"GGTACTAGTAACCAGC-2","female","Microglia",10.8791529996807,12.9806304567604,8.23847861588474,0.764190709165845
"GGTACTTAGGATTGCT-2","female","OPC",-7.98056532307323,-7.43514388863759,-10.9678278416348,-6.22769338829109
"GGTACTTAGTCCTTCA-2","female","OPC",-8.47361446781811,-8.37494319741444,-9.80667690932278,-5.34331829292366
"GGTAGGAGTACTTAGG-2","female","OPC",-8.51693083210644,-7.93513625924306,-10.4012928456021,-5.43188125831672
"GGTAGGAGTTCCTGTG-2","female","IN-MGE",-17.9572279588765,4.46826034720225,4.85191817582126,-5.85342485649177
"GGTAGGAGTTCGGTAA-2","female","Oligodendrocytes",5.57618354396168,2.06467789347453,-0.308812782163662,10.3313338066857
"GGTATGTTCCGGTTAG-2","female","Astrocytes",-1.14508326216396,-1.13451474969106,1.35906000435825,-2.02217514259407
"GGTATGTTCCTTAAGA-2","female","Astrocytes",2.22654102877918,-4.5220670110436,-1.19881050288205,0.189637293986593
"GGTATGTTCGCTAGAT-2","female","Astrocytes",-2.42469657822308,-1.12433666054921,2.65420122445102,-1.65813238365241
"GGTATGTTCTAATCTC-2","female","IN-CGE",-7.6697199480122,10.6028123491554,0.96190162003513,-9.09438163978645
"GGTATTGGTCACCTAT-2","female","IN-CGE",-9.09414507313427,12.5563197725563,1.1674022227573,-9.74854881507942
"GGTATTGGTGCTCCGT-2","female","OPC",-8.63889147206005,-9.24516338174062,-10.0488071888638,-5.90685970527717
"GGTATTGGTTAAGCCA-2","female","Astrocytes",0.664665685456429,-2.99016708199696,-2.22904317080502,-1.29198534233161
"GGTATTGGTTACCTGT-2","female","IN-MGE",-12.4302666322773,3.00467950041576,6.05971379578586,-5.09316332084724
"GGTATTTCAAGACTCC-2","female","EN",-5.12777592106518,5.23974901373668,-3.64029888808255,-6.57018692237922
"GGTATTTCAATGCCTA-2","female","Astrocytes",2.14087866381947,-5.53044694726186,-2.01971213519101,-1.95278103096076
"GGTCAAGCAGCATGAG-2","female","Oligodendrocytes",5.40563367442432,3.51036077673717,-0.18445931374554,10.5039784218591
"GGTCAAGCATACCCGG-2","female","OPC",-8.80450560017284,-8.25790828530507,-10.8424978703213,-6.17414505226203
"GGTCAAGCATCATGGC-2","female","OPC",-9.24284197254833,-8.80829089944081,-9.72769360243801,-5.79877645713874
"GGTCAGGAGGACAATG-2","female","EN",-5.00738073750195,5.94079214270396,-3.93476061522488,-6.96608192665168
"GGTCAGGAGTTGCGTG-2","female","Pericytes",8.12821935252491,-12.3078007108422,-4.4602034538937,5.10900228279046
"GGTCATTAGGAGTCGG-2","female","OPC",-8.36290670796093,-8.13105052773671,-10.0838242024136,-5.34103281242439
"GGTCCATCAAGTAAGC-2","female","IN-CGE",-17.8206846849507,4.60148125822826,1.41699309647556,2.74026911514214
"GGTCCATCACCTCGCT-2","female","Oligodendrocytes",3.49919270114246,4.61356073553844,0.514115050439793,11.2500702645104
"GGTCCATCATAAGTCT-2","female","Oligodendrocytes",4.3867986066753,4.43828540976329,0.2951561957645,11.8138930107873
"GGTCCGTAGTTACCGG-2","female","IN-MGE",-11.3628389970845,2.25982659991069,6.675973370676,-5.52908451301643
"GGTCCGTAGTTGCCTC-2","female","Astrocytes",-1.65030123158154,-1.82377499406056,0.880197718744236,-1.71110350830146
"GGTCCTGCAACAACAA-2","female","Microglia",7.35908387736622,10.6961465471534,7.62645430863376,-0.483767220802989
"GGTCCTGCAATAACGA-2","female","Astrocytes",10.7429787977153,-2.23388117615895,-2.23754744231228,-0.328801820107188
"GGTCCTGCACGAATTT-2","female","IN-CGE",-11.3596832887715,10.2945409410743,3.4644050151157,-10.0825532172401
"GGTCGGTTCCAGGTCA-2","female","Endothelial",-0.348457305270996,-13.9865869886132,1.02348752320285,1.07140116947106
"GGTCGGTTCTCAATAG-2","female","Astrocytes",0.422711895268593,-4.80635494057851,-2.21900765597348,-0.98318583709785
"GGTCTTGAGGTCCTGA-2","female","Astrocytes",0.998416767876778,-4.54113286797719,-2.4753653258038,-1.46557194931098
"GGTCTTGAGTTAGGCT-2","female","Microglia",0.666833625596199,-14.8327612287255,-0.200569137926143,-3.58532459480354
"GGTCTTTGTCATGCAA-2","female","Microglia",-5.18017937107738,-3.71407979790883,0.666192010049778,0.17326199071816
"GGTCTTTGTCGCATAA-2","female","Astrocytes",0.0685156448299027,-2.28482335869985,-0.850451254281145,0.374447336367879
"GGTCTTTGTGATGATT-2","female","Oligodendrocytes",5.81095384196583,2.68605571921153,-0.211164638395351,9.45036571281365
"GGTCTTTGTGTCCAGG-2","female","Oligodendrocytes",3.73372863368336,4.54792147810741,0.295510247354466,11.1418597008508
"GGTCTTTGTGTTCCCA-2","female","Astrocytes",8.11960862712208,-13.0692047483178,-1.17818380891804,-0.0571418498236796
"GGTCTTTGTTTATCTG-2","female","OPC",-8.76540209217724,-9.26821368996815,-8.97128777205471,-5.16807396156379
"GGTGAGGTCATGCTCC-2","female","OPC",-8.30417944355663,-9.10789245431142,-9.40618233382229,-4.91641933662483
"GGTGAGGTCCTGGTGA-2","female","Astrocytes",-0.720403386790123,-4.46285909478383,0.178462460641819,1.53872202890328
"GGTGAGGTCTCAATGA-2","female","Oligodendrocytes",5.62319587306324,1.49419313744812,0.0410658866214336,9.89417522209099
"GGTGAGTAGCTATATG-2","female","IN-CGE",-9.23482157154736,12.4553838365821,1.27164311707492,-9.66778213722297
"GGTGAGTAGCTGTACG-2","female","IN-MGE",-11.9306891099995,1.96568772132678,6.27447314560886,-4.79614622337409
"GGTGAGTAGGCGCTTA-2","female","VSMC",11.220088706773,-2.58158868615346,-3.42262463271145,6.23830526130608
"GGTGAGTAGTGAGCAA-2","female","IN-MGE",-17.7914374010151,4.62975531752391,0.0903643518733562,9.81911628501824
"GGTGATTTCCCGTTTA-2","female","IN-CGE",-9.1006338731831,12.5075555437355,1.09063632786747,-9.79857856971809
"GGTGATTTCTCAATTC-2","female","Endothelial",0.0352736576015092,-15.3552774793358,-3.28365831076626,4.88772623794488
"GGTGCTGGTATTTGGG-2","female","IN-MGE",-12.3623364107197,2.55910581286235,6.07881923020359,-5.2765134070594
"GGTGCTGGTTGGATAT-2","female","OPC",-8.58377767964062,-9.47761100594716,-9.44284729659085,-5.89903766853401
"GGTGCTTCAAAGGCCA-2","female","Astrocytes",-5.30578018589672,-3.97005409066396,-0.900074254716676,0.649240037373815
"GGTGCTTCACTGGCCA-2","female","IN-CGE",-10.391127838332,9.52684169943614,2.80074258149143,-9.45892746193
"GGTGCTTCAGCATGGA-2","female","IN-CGE",-8.26016642018017,10.7419601076393,1.16643877327915,-9.21592743141242
"GGTGCTTCAGCCAGAA-2","female","Microglia",9.57016824321095,10.6824346178321,7.36009688675876,0.221752515010152
"GGTGCTTCAGGAACAT-2","female","Endothelial",-0.334400130946007,-15.7263368970604,-2.65879778563504,3.57862704055718
"GGTGCTTCAGGCTTCG-2","female","Astrocytes",2.09073446826283,-4.49427217309194,1.00241024792667,0.590082695655141
"GGTGCTTCATTAGCGC-2","female","Astrocytes",1.26614712313953,-4.84211391274648,-2.0574661940289,-0.416674206085887
"GGTGTCCAGGACCAGG-2","female","VSMC",11.4735514982158,-2.45431464974599,-2.92808179556851,4.7293459679406
"GGTGTCCAGTTAACCA-2","female","Oligodendrocytes",6.16119121150318,2.24289053614421,0.875300124292332,11.7428089882653
"GGTGTGACAGCAAGGC-2","female","VSMC",11.3369338376934,-2.51172345940785,-3.64322786032681,6.3176199700158
"GGTGTGACATAGCGAG-2","female","Oligodendrocytes",5.65511249141041,2.00702863867564,-0.243125662202877,10.6248137261193
"GGTGTTGTCATTCATC-2","female","Microglia",12.1816813810283,12.0308404558448,8.67897792160984,-0.445032188721385
"GGTGTTGTCATTGTCT-2","female","OPC",-8.94220949574169,-8.40252918069081,0.876939609651524,1.6857315804284
"GGTGTTGTCCTAAGAC-2","female","Oligodendrocytes",5.82234166697804,1.60048308904452,-0.215101286764186,10.0742499138635
"GGTTAATGTCGTTACT-2","female","IN-CGE",-10.1289742128437,10.0057635896949,-0.717906832690281,2.83000939147881
"GGTTAATGTGCTCACC-2","female","Astrocytes",-2.16029049320873,-0.402486384555863,2.72055454552646,-1.66790134651252
"GGTTAATGTGTGTGGT-2","female","Astrocytes",-0.0946686403339767,-4.83715289895253,-0.4331132918549,-0.485005090065684
"GGTTAATGTTCACTGT-2","female","Oligodendrocytes",5.42855046824757,1.42396496172233,0.387440875177342,10.5346638466637
"GGTTACCCACAATGTT-2","female","OPC",-9.50110556049999,-8.96374553506093,-9.92978768050198,-6.54998333198616
"GGTTACCCAGGAACTG-2","female","Microglia",-5.30183245106396,5.81815153296275,1.32127590477939,2.76695459144524
"GGTTACCCATGAAATG-2","female","VSMC",10.895321594041,-3.35582822625356,-3.39799360930447,6.1574112679284
"GGTTACCCATGCAACC-2","female","Oligodendrocytes",2.33694790438953,4.83608609373851,0.19774933159824,11.4590708519738
"GGTTACCCATTATGCG-2","female","Endothelial",-0.412415398794975,-15.1229414350243,-2.04067961871151,3.79123418586663
"GGTTACTAGCGAGTAA-2","female","Astrocytes",0.333112405102882,-5.01100248162465,-2.46120314299588,-0.606503794022288
"GGTTACTAGCTTTGGG-2","female","Microglia",11.267485366624,13.3436246507911,6.71948142350193,0.798966383508954
"GGTTAGCGTCTTTGAC-2","female","Microglia",10.8888108594829,12.9780326479225,7.79218383133884,-0.691097566910472
"GGTTAGCGTGAGCGAA-2","female","Microglia",10.5732476575786,12.5066543215065,8.17309947312351,0.129975607566152
"GGTTAGCGTTATAGCG-2","female","IN-CGE",-11.6788990633076,10.334786950901,0.0587594062137188,3.37411301391533
"GGTTATATCGATATTG-2","female","Microglia",12.0585296018535,12.8603530519752,8.20921035111423,-0.579225132294383
"GGTTATATCTCATCAT-2","female","VSMC",11.5926787717754,-2.99308055703359,-3.18243198096279,5.88890712516717
"GGTTATGGTAATAGCT-2","female","Microglia",11.6295602186138,12.7349076860694,8.59587092698093,-0.279541680641856
"GGTTATGGTACTTCAC-2","female","Oligodendrocytes",5.80127500132862,0.677028178527786,-0.103942379350704,10.0353981758874
"GGTTATGGTCTTGCAT-2","female","IN-MGE",-9.46704603596386,-9.44801086251454,8.01655288041111,-6.01553756935188
"GGTTATGGTGCTCCGT-2","female","Astrocytes",0.915192828934822,-4.32344764535146,-2.48935835062985,-0.94123608810493
"GGTTATGGTGGGAACA-2","female","Oligodendrocytes",5.62542842463795,2.21125519211574,0.174360468988377,10.2896296288293
"GGTTATGGTGGTTCTT-2","female","Astrocytes",1.76472471789661,-4.87439626519399,-1.26604606210713,-0.179353782959666
"GGTTCCCGTGATCAGC-2","female","Microglia",9.41993878917042,11.9173369997291,7.03717561066623,0.942954460106406
"GGTTCCCGTTCCGGCT-2","female","Oligodendrocytes",5.79667781428638,1.05330622132106,0.5938382893848,10.6081301476281
"GGTTCCCGTTGCACAA-2","female","Pericytes",8.53132890300098,-13.3758043653222,-4.05001430212979,4.84145491378716
"GGTTCTTGTCACCTAT-2","female","Endothelial",-0.792789115149345,-15.2683958417626,-3.03547029196743,3.52991574066094
"GGTTCTTGTCATAGAT-2","female","Astrocytes",2.46234344081226,-4.95496028725819,-1.76172439753537,-1.29064089996406
"GGTTCTTGTGCTTACT-2","female","Astrocytes",-9.19392706318554,12.5456243150978,0.0357641726779522,0.690958579949651
"GGTTCTTGTTAGCAGC-2","female","IN-MGE",-11.1510212556904,0.209639131381942,7.71237273514743,-5.9502194617469
"GGTTGACGTAAGCTTG-2","female","OPC",-8.47096229954418,-9.45824092690663,-10.8843851536465,-5.99969751579353
"GGTTGACGTAGTTAAC-2","female","IN-CGE",-3.13001538677868,14.1791282289772,0.846816018228489,-8.81762535316535
"GGTTGACGTGAGAAAC-2","female","OPC",-8.29505897923168,-9.37770122353749,-10.0712557285977,-5.93196804267951
"GGTTGAGCAAAGCGCA-2","female","OPC",-9.67970587177929,-9.22800487343983,-9.50997833907132,-5.71510536415168
"GGTTGAGCAACTAGCC-2","female","Astrocytes",-5.9783718721455,-10.8948149091454,-2.07487682997708,-0.064180443115916
"GGTTGAGCAACTGGCT-2","female","Microglia",-0.262388391930427,-15.6670984632225,8.21818728745456,-0.239133188553538
"GGTTGAGCAAGCCACT-2","female","Astrocytes",-2.30027855797466,-4.42576640908437,-2.64735035597805,-1.00455970508644
"GGTTGAGCAATAAGCA-2","female","VSMC",11.1456343992168,-2.47307366196828,-3.29356984793667,5.79041259544304
"GGTTGAGCACAGAACG-2","female","Astrocytes",2.37876485423389,-4.69967311684804,-2.69681660830502,-0.878504106827464
"GGTTGAGCAGTGAACG-2","female","EN",-5.91534115238842,6.57835441763682,-4.04909591376309,-6.92922527534553
"GGTTGCATCTTAGGGT-2","female","EN",-4.68978239460644,5.25630289252086,-4.03740839659695,-6.66602165443489
"GGTTGCGGTACCTTAC-2","female","OPC",-9.56315733357128,-9.37844318215565,-3.5359349697781,6.37065522926262
"GGTTGCGGTCCTAACT-2","female","Endothelial",-0.808642877775993,-15.5438227063866,-1.40913091599469,3.43082778709343
"GGTTGCTCAGGCTAAG-2","female","Oligodendrocytes",5.68417476252857,3.14978665049358,0.56834943593021,11.001223256759
"GGTTGCTCAGTAGCCT-2","female","Astrocytes",1.86719916896168,-4.01577562157826,0.990482285623509,0.475732495955739
"GGTTGCTCATTAGCGC-2","female","Endothelial",-0.390154829758968,-15.9934515363427,-2.79841499030117,3.31092732208184
"GGTTGGTGTTGGGTTA-2","female","Endothelial",-0.218951149422493,-15.6450399762841,-3.06450013815884,4.23460548179558
"GGTTTAATCCAATTAG-2","female","Endothelial",-0.157342656094398,-15.5712332135888,-3.16766576468472,3.93491332786492
"GGTTTAATCCTCGATC-2","female","OPC",-8.53716017170605,-9.46643489663319,-9.50698570906643,-6.31672222358772
"GGTTTAATCGCACAAT-2","female","Astrocytes",0.708092914384041,-3.63359302346425,-0.0892823189449726,0.133494129351888
"GGTTTCCTCGTTATAG-2","female","OPC",-9.5332453386372,-9.01857894723134,-8.96545414626126,-4.60263998252937
"GGTTTCCTCTAAGTCA-2","female","Microglia",-1.99906016750988,-4.47334140603261,0.211081460123021,-0.132991740532603
"GGTTTGTAGAAAGGAA-2","female","OPC",-6.54437853260693,-5.35847991769032,-10.1277533024502,-5.03867990715095
"GGTTTGTAGGACAACA-2","female","Microglia",11.801683173936,12.9737039202003,8.33168788254734,-0.341112325020518
"GGTTTGTAGTAACTCA-2","female","Pericytes",8.03496717051807,-13.3831934339257,-2.97753719985012,5.20665948646477
"GTAAAGCCAAGCGATG-2","female","Microglia",9.92230294780079,11.9140287035255,8.36583419144626,-0.285793373413768
"GTAAAGCCACCCACCT-2","female","Endothelial",-0.461947508666482,-16.1350225812645,-2.87199358641629,3.42208807723931
"GTAAAGCCACCTAAGC-2","female","IN-CGE",-11.2557470933979,9.83360439474864,3.40485806763645,-9.49855644447395
"GTAAAGCCACTTACAG-2","female","Oligodendrocytes",6.56780217723194,1.15144139464183,0.594038322572667,9.68798034446648
"GTAAGCAAGATAACCC-2","female","OPC",-8.78976560993847,-8.48573058907704,0.0185872465419353,1.75548814790658
"GTAAGCAAGGGTCCAC-2","female","Oligodendrocytes",5.47232984141651,2.77616852457805,0.655911639337498,9.71194236534051
"GTAAGCAAGTTAGGCT-2","female","Astrocytes",-3.50575472279247,-2.55152028863149,1.88659854233738,-1.41384393913337
"GTAAGCGCACCTGTAA-2","female","OPC",-8.66481424732861,-9.54192298714833,-9.62797455489163,-5.0653055403907
"GTAAGCGCAGCTCATA-2","female","IN-CGE",-10.53612924977,12.0466657274513,1.7494539767551,-10.3462451194007
"GTAAGCGCAGTTGCGT-2","female","OPC",-7.14768482609447,-6.11883395974355,-9.73844723402981,-5.85668594581672
"GTAAGCGCAGTTTACG-2","female","IN-MGE",-11.6167853014058,0.570416628673507,7.1156591922092,-5.89507324440071
"GTAAGCGCATCCTAGA-2","female","Astrocytes",-1.10796369476971,-4.77633756463246,1.19780273735996,1.81467079179696
"GTAAGCGCATTAAGCT-2","female","Microglia",6.91062091426197,9.9041467302589,0.366171672944981,1.33052500145844
"GTAAGCGCATTGCGGT-2","female","Astrocytes",0.750726567071114,-5.40878099267201,-1.81935994326596,-1.82678038818428
"GTAAGCTTCCTTAGTT-2","female","OPC",-9.53550268574413,-9.14545863930898,-9.59486202895169,-5.25485641700813
"GTAAGCTTCGTCAAGT-2","female","Astrocytes",-1.91141559048351,-0.487209737941788,2.45243592560764,-1.78267795784065
"GTAAGGTCAATTAGCT-2","female","OPC",-7.76115442677196,-10.0693420774193,-8.85630421339993,-5.38280851585456
"GTAAGGTCACCTACTT-2","female","Astrocytes",-6.11853290959057,-10.9044489270897,-1.26834352314,-2.86328894836494
"GTAAGGTCACGAATTT-2","female","EN",-4.94875742359814,6.05138927634044,-4.00551132857327,-6.53999216301033
"GTAAGGTCATGCTTAG-2","female","Microglia",5.81317208842579,2.1241402023582,7.13991875946994,3.15648453491143
"GTAATAGCAAACCTAT-2","female","Microglia",9.6606776578838,12.4550757997779,7.27908606827732,0.440868368319783
"GTAATAGCATCATGGC-2","female","Microglia",11.6518781049663,13.6017499559669,8.00918860733982,0.0896044279854634
"GTAATAGCATTAAGCT-2","female","VSMC",11.4962069852764,-3.80137628380971,-3.21466426550869,5.61887185829094
"GTACAATGTAGTTAAC-2","female","Astrocytes",-6.1920120851582,-10.9702076322289,-2.422859117384,0.163859179190908
"GTACAATGTCAAGTAT-2","female","Oligodendrocytes",5.18024610118214,3.79143625433726,0.862699940805394,11.8540732170861
"GTACAATGTCCTCCAA-2","female","Astrocytes",1.63822101191822,-2.6550106412621,-1.31329689919476,-2.65260560257026
"GTACAATGTGGTTATG-2","female","Oligodendrocytes",6.01479314402882,2.58153527910991,-0.0429438203525959,3.58050387161187
"GTACAATGTTAACGGC-2","female","Pericytes",7.84487985209766,-13.2688888913842,-4.17285470664029,4.47795765655449
"GTACAATGTTCACCCA-2","female","IN-CGE",-2.37979890270885,13.952444612339,-0.347720250482601,2.07237332122735
"GTACACCCAAACATAG-2","female","Astrocytes",0.848825679581795,-4.74680513207631,-2.19538561999325,-0.044468471832957
"GTACACCCAAGTGAAC-2","female","Oligodendrocytes",6.04587386683765,1.20834338600917,0.35607989132877,11.6440188195031
"GTACACCCAATTGAGA-2","female","Oligodendrocytes",5.30415843562428,3.58414035971446,-0.264130100603145,10.252814939193
"GTACACCCACAGGGAC-2","female","Oligodendrocytes",5.87418817118946,1.91934618289752,0.875752761964756,10.9099613930505
"GTACACCCATAAGTTC-2","female","Microglia",11.7897097928936,13.3040481203346,8.41452784836765,0.162432124785695
"GTACCGGGTACCCACC-2","female","IN-MGE",-17.9106886522358,4.51678472693248,5.05071921647068,-5.68185550911018
"GTACCGGGTATTCGCT-2","female","IN-CGE",-5.7065327302998,-3.13927453820424,-0.144042715425533,3.19104187744072
"GTACCGGGTGGAAGGC-2","female","Pericytes",7.90374349192921,-13.5756201154442,-4.02750067412381,4.83284633415154
"GTACCGGGTTACGCGG-2","female","IN-CGE",-10.878206505019,10.0043178194313,3.28885407746311,-9.50014335853645
"GTACCGGGTTCCTGTG-2","female","OPC",-8.52002264424023,-9.04702037636952,-10.3867941349698,-6.05295784217903
"GTACCGGGTTTACCGT-2","female","Endothelial",0.695923910897408,-14.7530874616356,-3.49884109198574,5.62581508415154
"GTACCTTGTAGCTAAT-2","female","Microglia",11.3243644102031,12.6369081133155,7.47860808670993,1.09014036314896
"GTACCTTGTCAATGTG-2","female","Astrocytes",3.71325372294727,-2.8917164212914,0.959190920000035,11.6986719872277
"GTACCTTGTGCAATGC-2","female","IN-CGE",-12.0388481752461,8.74826246435924,3.40632481873508,-8.88326771003791
"GTACCTTGTTAAGGCC-2","female","OPC",-6.75707270069775,6.52399784262462,-9.16064076125149,-4.83856231910774
"GTACGTAGTCATTGTC-2","female","EN",-5.60215641422924,6.54745775397105,1.02125044167514,3.0749499108117
"GTACGTAGTGCATTAG-2","female","IN-MGE",-11.1485436098164,0.451326548412277,1.61399550736423,2.34877352970055
"GTACGTAGTGGTTAGC-2","female","IN-MGE",-11.0503990785664,0.425297915294601,0.0838421136188091,2.39230780857018
"GTACGTAGTTGTAACG-2","female","Astrocytes",-0.509007029745545,-2.61467307870107,-0.359382435674709,-0.135252067871775
"GTACTAATCCGTTATT-2","female","IN-CGE",-9.17236067219433,12.4056106203346,1.14801485836979,-9.76350528938362
"GTACTAATCCTTGCGT-2","female","Astrocytes",1.54303310946766,-4.70742076699452,-1.70451520382885,-1.51809150917121
"GTACTAATCGCGCTAA-2","female","Astrocytes",2.25825332240406,-4.30478710000234,-2.49422661959652,-0.799649069138255
"GTACTGGTCACCAATA-2","female","IN-CGE",-11.6920664445942,11.2411323183326,3.37446112931247,-10.5782035086829
"GTACTGGTCACGTTAA-2","female","Astrocytes",2.02712176875416,-5.43598502938466,-1.46953891217236,-1.82637960655281
"GTACTTAAGACACTTA-2","female","Oligodendrocytes",6.05790732936207,0.5730389350204,0.779691413049656,10.5998799111169
"GTACTTAAGGAGTCTT-2","female","OPC",-9.32887102528271,-8.1504301435204,-9.92015461623196,-5.95012981636116
"GTACTTAAGGGACGCA-2","female","Pericytes",7.74518941478077,-12.9992317563744,-3.72384814917569,4.9094955231469
"GTACTTAAGTGTGATC-2","female","Astrocytes",1.55597494677845,-3.63510984246449,0.744058325891453,0.43560843723229
"GTACTTAAGTTACTTC-2","female","Astrocytes",2.74869822100941,-4.41019958321767,-1.51999019085888,-2.42719084961006
"GTACTTCGTAACCACA-2","female","Microglia",11.9252240522319,12.0263915651588,7.46537871659275,0.116267612151418
"GTACTTCGTGTCCAGG-2","female","IN-MGE",-11.2760880128926,1.91740152175708,6.83666606247898,-5.43455631477424
"GTACTTCGTGTGTCCC-2","female","OPC",-8.9668800966328,-9.04315894906239,-9.11252312361721,-5.65049011451789
"GTACTTCGTGTTTGAG-2","female","EN",-4.99823213978466,5.55036216910167,0.327079609041172,2.95445995586327
"GTACTTCGTTGTTGCT-2","female","EN",-4.67867828770336,5.13740354712291,-4.03111223876004,-6.57766945106574
"GTAGCCATCGCTATGG-2","female","Astrocytes",-0.79966030879673,-1.40946477715688,0.989928916101414,-1.61090190155097
"GTAGCGCTCAGCAAGA-2","female","Astrocytes",-0.320212482053604,-5.12447637383656,1.35751862824436,1.36260714190415
"GTAGCGCTCATCCTCA-2","female","OPC",-6.11820198460278,-12.0628723508568,-12.5050125569058,4.39977305190972
"GTAGCGCTCCCTGATC-2","female","Astrocytes",-3.67605115338024,-3.04889720742421,0.0300710946368755,-2.38534791214057
"GTAGCGCTCCCTTGCG-2","female","Oligodendrocytes",4.49747060374561,4.23040682013316,-4.32114581763272,5.01498430030755
"GTAGCGCTCCTCAGCT-2","female","Astrocytes",1.38923977450672,-4.48865836922841,-2.18726079165463,-1.34215099556037
"GTAGCTGTCCGCTAGA-2","female","Microglia",5.80618308619801,-4.13970607583241,0.646982863550145,-3.95992214424201
"GTAGGAGGTAACCTAG-2","female","IN-CGE",-11.0803415910786,10.53135639365,3.40915055573459,-9.60669548255989
"GTAGGAGGTGAGGTGA-2","female","IN-CGE",-9.01942945881542,10.7337451570777,1.1576685458469,-9.30881244880744
"GTAGGATCAACTAGGG-2","female","Astrocytes",-3.44777203961071,-3.99955076043324,1.55218930542942,2.10303335445336
"GTAGGATCACCAACCG-2","female","Oligodendrocytes",5.38432286814991,3.3788462274818,0.479932263498265,2.69731920020989
"GTAGGCGAGCCTGTTC-2","female","IN-CGE",-3.22168208523449,14.0460887544899,-0.37020988761906,3.38642828720025
"GTAGGCGAGCTAAGTC-2","female","Microglia",7.98320172862354,11.22156292136,8.08058924973484,0.000120451621327677
"GTAGGCGAGGCTGTGC-2","female","OPC",-8.71239019795116,-8.7616419202538,-8.97111420332913,-5.32787210685798
"GTAGGCGAGTAAGTCC-2","female","OPC",-9.22037626667675,-9.09674495522694,-9.2398882359219,-5.34228164894172
"GTAGGCGAGTTGGATC-2","female","EN",-4.77295662327465,5.04214221174998,-3.81431750952725,-6.78588802558967
"GTAGTTATCGTTCACC-2","female","Microglia",4.5196897848064,-4.33174556557851,0.429840996866185,-3.95001346809455
"GTAGTTTCAAGGTACG-2","female","IN-MGE",-12.9172985689228,2.00419217284007,5.91196246445652,-5.11596996528694
"GTAGTTTCATAGACCC-2","female","Oligodendrocytes",5.70283530787769,2.00101011927409,0.108418479566532,9.80222575920037
"GTATCGCCACTTCACT-2","female","Endothelial",-0.501482020642426,-16.2233595258446,-0.946962051088852,2.0203193928521
"GTATCGCCAGCTACGT-2","female","Microglia",-6.27037407322582,-10.5818180448266,-0.743943028147262,-3.4177840445716
"GTATCGCCATCATGGC-2","female","OPC",-8.28536583347973,-9.20404666726308,-10.1476421803189,-5.56797010643074
"GTATCGCCATGAAATG-2","female","Astrocytes",1.95465324954334,-5.49673169915395,-1.78109417855267,-0.974364349671092
"GTATCGCCATGAGTTT-2","female","Oligodendrocytes",5.61579917506519,2.78658312495036,-0.31550978123669,10.9343144203942
"GTATGTGGTCACAGCG-2","female","Astrocytes",-2.11493636532482,-4.48451942269521,-2.09505943953518,-1.84999377471992
"GTATGTGGTCTAACCT-2","female","Astrocytes",-1.65253247185406,-1.07286828820424,2.33664317429538,-1.52217442733833
"GTATGTGGTTAATGCG-2","female","Microglia",9.57780335978809,12.5961986177711,7.52466674149509,0.0565866138260701
"GTATGTGGTTAGCAGC-2","female","Oligodendrocytes",3.98930047587696,4.72729498083873,1.05582149327274,11.5016991402428
"GTATGTTCATAATGTC-2","female","Astrocytes",1.51019476489368,-4.78409951989369,-1.71794931590084,-1.21231491310188
"GTATGTTCATGCATAT-2","female","EN",-4.94376160069164,6.06640249426646,-3.8614383190823,-6.75602657539436
"GTATTCAAGAGAGGCT-2","female","IN-CGE",-11.5595591203755,8.94283205206676,3.29643292725559,-8.99840099556037
"GTATTGATCACAGCCA-2","female","Astrocytes",-4.24740077419933,-3.93281406228261,1.00456602871891,-1.83942920906135
"GTATTGATCATAGCCG-2","female","Astrocytes",1.52798913554493,-3.32634061639027,-2.53221516310696,-0.744119236298289
"GTATTGATCGTTATAG-2","female","IN-CGE",-10.1983902589863,9.85082489187999,2.75335116684909,-9.36118728859016
"GTATTGCAGAATGACG-2","female","OPC",-9.19080950184521,-8.50953906838612,-10.2026854008389,-5.7455428336341
"GTATTGTCAACTAGGG-2","female","OPC",-10.4821579591816,12.0753245943336,0.582595661287266,2.90216236370019
"GTATTGTCACAATGCC-2","female","VSMC",11.9863011701519,-2.98841852013783,-3.1505499333096,5.7550675179284
"GTATTGTCAGCATGTC-2","female","Oligodendrocytes",2.91774200038258,4.83674055273814,-0.12590412795071,10.9249998833459
"GTATTGTCAGGTTCAC-2","female","Astrocytes",1.76262138919178,-3.95145171944814,-0.685535967345279,-0.249671766586985
"GTATTGTCATCCATCT-2","female","OPC",-9.54249121113476,-8.87548774544911,-9.91860012709622,-5.18144495231697
"GTCAAACTCATGTTTC-2","female","Astrocytes",-1.51125968857464,-4.60142940346913,1.59027786553379,2.33368389861992
"GTCAAACTCCTAAGAC-2","female","Microglia",-6.66430355473217,-9.67056316201405,-7.95557694136624,-6.18572218162605
"GTCAAACTCGTTAGTA-2","female","OPC",-9.29272676869091,-9.41691726510243,-9.67930416762356,-5.31639606697151
"GTCAAACTCTCCATAT-2","female","EN",-5.42733265324291,6.51288324530406,1.33301062882419,3.02257077949456
"GTCAAACTCTGCAACG-2","female","Microglia",11.4359795911724,13.1534934633522,8.3447007685947,-0.679053256340708
"GTCAAACTCTGTGAGT-2","female","Astrocytes",-1.84381891651806,-0.743300855800675,2.45257301629062,-1.46609670860359
"GTCAATATCGAGCTAT-2","female","Oligodendrocytes",4.35293172435108,4.65450578863902,0.0577002316760601,10.6588579918664
"GTCAATATCTCGACCT-2","female","Microglia",11.5458133085186,13.1676698320655,7.94189448655124,0.959501062467311
"GTCAATATCTTCAATC-2","female","Astrocytes",1.97526835040394,-4.82797139947133,-2.3686746805859,-1.45197279197761
"GTCATCACACCTCACC-2","female","Astrocytes",-2.00050403042492,-0.280831754848527,2.69395656884189,-1.63071782333442
"GTCATCACAGAGAGCC-2","female","EN",-5.6129663126057,6.46810489828868,-3.87930493056301,-6.8483055327613
"GTCATCCTCCCGCCTA-2","female","Endothelial",-0.664812608200874,-16.4183210736962,-2.91917090117459,4.52189748542717
"GTCATCCTCTTGCAAA-2","female","Microglia",11.9611251218731,12.4950395220069,8.04228968918796,-0.131048629112925
"GTCATGAGTTAGCCAA-2","female","Microglia",11.4991538389141,13.2934384935646,8.04673571885105,-0.671316215820994
"GTCATGAGTTGGCCGA-2","female","OPC",-8.30494953556713,-7.72667354409413,0.59890170395847,3.33570211189202
"GTCATGCCAGCCAGAA-2","female","Astrocytes",1.45157729224506,-5.12048572365956,-1.8461418598843,-2.04053170425483
"GTCATGCCAGGAATCG-2","female","Astrocytes",-1.23907400532421,-1.13659375970082,1.73882646859165,-1.92632062179634
"GTCATGCCATCCCTCA-2","female","IN-CGE",-11.5343439714497,11.3202329271583,3.38273473084446,-10.0333884452064
"GTCATTAAGACAAACG-2","female","OPC",-8.9435293809956,-9.57537597481923,-9.83118824660305,-5.17523367149421
"GTCATTAAGGTCCTAG-2","female","Astrocytes",-0.394532612103786,-4.99118036095815,-2.24230496584896,-0.683788726158824
"GTCATTAAGTTAGCTA-2","female","Microglia",8.97837804393116,12.3187242143898,8.30085273087497,-0.312808105774607
"GTCATTAAGTTGCCTC-2","female","Endothelial",-0.734277232128944,-16.1608194715233,-3.10100273787503,4.02306788223198
"GTCCAAGTCCCGTTGT-2","female","Oligodendrocytes",5.54660152034107,3.06727558310313,0.102565124635655,11.1044842507165
"GTCCAAGTCCCTTGCG-2","female","IN-CGE",-10.601465477187,9.87748104269786,3.06744046509739,-9.52365715248176
"GTCCAAGTCCGGAACC-2","female","Astrocytes",-0.763320876795616,-4.71629422967152,-2.500580236311,-0.888012955017771
"GTCCAAGTCCGTGACA-2","female","IN-MGE",-10.9320223466938,9.33969646628185,2.19803543389316,-9.46368534309455
"GTCCAAGTCCTCCCTC-2","female","VSMC",11.4505784376079,-2.5069770223351,-3.73557142912869,5.89290921943596
"GTCCAGGGTAACGTGC-2","female","Microglia",11.7211978300029,11.4607301347999,7.27791781723972,-0.383249232598033
"GTCCAGGGTTCTTTAG-2","female","IN-CGE",-9.22966314716991,10.5475125902442,1.47471256554599,-9.48095638496467
"GTCCATTGTAGGATTT-2","female","OPC",-9.59986616535839,-8.92957252328114,-10.1831350773526,-5.60777647239753
"GTCCATTGTCAAGACC-2","female","Microglia",4.2947051389629,-4.45134776894765,-2.3533417433453,1.1198723222535
"GTCCATTGTCAATAGT-2","female","Astrocytes",-1.70012999935802,-4.46730560128407,1.19471450150486,2.39748792903832
"GTCCATTGTGCAATGC-2","female","EN",-4.78749395771679,5.09097319777293,-3.90239529311184,-6.64565212471076
"GTCCATTGTTCAAGCA-2","female","VSMC",10.799151168626,-3.51876920525746,-3.92697267233853,4.89675300376824
"GTCCATTGTTTGTGGA-2","female","Pericytes",7.59144280986134,-13.0628008252831,1.34751625359531,0.624585529736791
"GTCCGTAAGCTAATTG-2","female","Pericytes",7.64800427989307,-10.9593510038109,-4.49963860213284,4.77401845710686
"GTCCGTAAGGCTGTGC-2","female","Endothelial",-0.54812956093606,-16.1294321424218,-3.06150846182827,3.85037343757561
"GTCCTAGAGCATTATG-2","female","OPC",-9.56898046894726,-9.09131377999501,-8.59015755354885,-6.68212730629035
"GTCCTAGAGCTTCTCA-2","female","EN",-6.45350004597362,6.81871849234386,0.421507671480137,3.60321848648003
"GTCCTAGAGGGATTAG-2","female","Microglia",8.76180814341846,12.0506377809791,7.14009900391575,0.446802010707174
"GTCCTAGAGGGCCATC-2","female","OPC",-8.01090265675243,-8.62324661080556,-9.93829445540432,-5.47372276527473
"GTCCTCAGTACTTAGG-2","female","Astrocytes",2.0153169496471,-4.86677688424306,-0.24550507962231,0.0949924494545796
"GTCCTCAGTTCCATTA-2","female","Oligodendrocytes",2.82389830188099,4.89787036116405,0.277379587297398,11.0463167931359
"GTCCTCAGTTGTTGTC-2","female","Astrocytes",-1.19255532189068,-1.58016318146901,1.22126622498508,-1.71957475883552
"GTCCTCCCACAACAAA-2","female","OPC",-7.12240196629223,-6.08269208733754,-10.395249411459,-5.23794681770393
"GTCCTCCCACCAGGTT-2","female","Astrocytes",-1.64207209511456,-1.33716338937001,1.13165505230899,-1.93739754898139
"GTCCTCCCATAACGGG-2","female","IN-CGE",-3.35514332218822,14.1311011904029,0.497611239557225,2.22917180316857
"GTCCTCCCATAATGAG-2","female","Astrocytes",1.14295028285328,-5.1428355581017,0.258058503274876,0.205630948714528
"GTCGAAGCAAGGTGGC-2","female","Microglia",4.58649562434498,4.21273857291026,8.29065699875827,-0.784501859970774
"GTCGAAGCACCATATG-2","female","Astrocytes",1.83624480799976,-5.56200736825185,-1.21116454898838,-0.407058784790721
"GTCGAGGAGGAAACTG-2","female","Microglia",10.5318705900127,11.8474660509376,7.35774131119724,0.969826335034881
"GTCGAGGAGGAGGGTT-2","female","OPC",-9.10216547413525,-8.07674068276601,-10.0351305454922,-6.25307399971076
"GTCGAGGAGGCCAATT-2","female","OPC",-8.3951928751057,-8.80670684640126,-9.52177052199368,-5.32404978019783
"GTCGAGGAGGTCCGTA-2","female","VSMC",11.533713088792,-2.45998972718434,-3.53361539542202,6.41793458717278
"GTCGCAATCAAGGACA-2","female","Oligodendrocytes",5.89653180674854,0.781204938247634,0.0314067155170025,10.7273375298303
"GTCGCAATCCGTCCAT-2","female","Astrocytes",0.899967895310555,-4.72029393975453,-1.45622782408718,-1.19724948150703
"GTCGCAATCGGTCAAT-2","female","Astrocytes",-3.79209495945629,-2.72491782967763,2.16892357171055,-1.3882339690406
"GTCGGTTCAGAGGGAG-2","female","IN-CGE",-9.9428379671162,9.85441929037852,1.54256029427524,-9.29056865913459
"GTCGGTTCAGTCTATG-2","female","Microglia",10.4453494413311,13.0843415849952,7.94079013169284,0.797000309399877
"GTCGGTTCATAAGCAA-2","female","Astrocytes",0.575357781212959,-4.02974885766225,-0.464314565057796,-0.0615796540457866
"GTCTAACAGGACCTCA-2","female","Microglia",10.9782235486919,13.2586675279884,8.40060801804538,-0.358119556732859
"GTCTAATCAAGGTCGA-2","female","Microglia",5.14357589320484,-4.09628051583485,1.28632850945469,-1.9158321116645
"GTCTAATCAATATACC-2","female","Astrocytes",-2.09501482411083,-0.351182282611893,2.56803865731235,-1.60433227760383
"GTCTAATCACAATGCC-2","female","IN-MGE",-12.555772079665,2.91754299338145,6.06867070496555,-5.24851543647834
"GTCTAGCCACTTAGGC-2","female","Microglia",-6.50351787968334,-9.64947265450673,6.72597356141086,0.284496357611928
"GTCTAGCCATAAGTTC-2","female","IN-CGE",-11.6213982240742,8.83975893194957,3.33863873780246,-8.56550152046272
"GTCTATCGTCAAGTAT-2","female","IN-CGE",-9.13197828694042,12.4737125032691,1.4729966670322,-9.69891864997932
"GTCTATCGTTAAGCGC-2","female","OPC",-9.44726778431591,-9.43396610085683,-10.6005888432217,-5.69893724662849
"GTCTATCGTTCGGTAA-2","female","EN",-4.78456236286816,5.13080364401622,-4.04098705946926,-6.66882211906501
"GTCTATCGTTTGGCGG-2","female","OPC",-9.49796034260448,-9.02557987038808,-10.5973816364956,-5.42846281272956
"GTCTATGCAACACCTA-2","female","EN",-4.71194864674267,5.10900288756175,-3.80244879424099,-6.56870920402595
"GTCTATGCACGTGCTG-2","female","Oligodendrocytes",5.94644378260914,1.31832686002536,0.128444924955326,10.4192015435021
"GTCTATGCACTGGCTG-2","female","OPC",-9.10417486591991,-9.49113029305653,-8.836393401022,-5.90981085044929
"GTCTCACTCACCTGTC-2","female","Microglia",12.0482900007183,12.546773492649,7.75503821671482,0.242821445636068
"GTCTCACTCCAAGTTA-2","female","Endothelial",-1.0348242656773,-15.6607527143212,-2.38915793597226,4.34025137679986
"GTCTCACTCGGTTTGG-2","female","Astrocytes",-3.24443508549389,-2.08376115624623,1.62932677567478,-1.70668847305366
"GTCTTGCTCACGCATG-2","female","Microglia",-0.394906653601494,-16.3288092023583,0.556988433008152,-3.97471697074958
"GTCTTGCTCATTACTC-2","female","Astrocytes",0.190160916608009,-2.74207824532704,-0.482044920320552,2.13924639480523
"GTCTTGCTCGAGGTGG-2","female","OPC",-9.36659265919384,-9.10876220528798,-9.34391979872708,-5.36132461769172
"GTCTTTAGTACCAGGT-2","female","Oligodendrocytes",5.56048606471363,3.23651796515269,0.760680869226414,9.88980834739617
"GTCTTTAGTTAGGTTG-2","female","IN-MGE",-11.0348198549336,0.329768359020187,8.30458064377781,-6.14822513801643
"GTCTTTGTCATAACTG-2","female","Astrocytes",0.9169077737743,-2.49852055375295,0.357346490030247,-1.45935971481391
"GTCTTTGTCCTGATTT-2","female","IN-CGE",-7.70352913304028,10.6213231676368,0.0758578330325664,3.50272410171441
"GTGAACAAGACACCGC-2","female","Astrocytes",0.270844147961769,-2.69387000863271,0.736768677835423,-1.80505759460517
"GTGAACAAGGCAACAA-2","female","Astrocytes",-1.88167251511272,-1.24046319787221,1.38292236626621,-1.36633045417854
"GTGAACAAGGCGCACT-2","female","Oligodendrocytes",5.44409440593067,3.28540426428599,1.14701373875614,10.3725487496178
"GTGAACAAGGCTAATC-2","female","Microglia",-5.26230837269482,6.34380584891124,6.89097161591526,-0.151350209542002
"GTGAATCTCACACAGT-2","female","Astrocytes",2.28173278407398,-5.25579160515981,-1.82988683878903,-2.54866392356941
"GTGAATCTCCCTCAAC-2","female","Astrocytes",1.21456836299244,-5.60271734063344,-2.06428925692562,-1.96454698783943
"GTGAATCTCTAAGTGC-2","female","Oligodendrocytes",5.00861857966724,3.49754220183177,0.0246987491893352,10.3413149620812
"GTGAGGAGTCGCAATA-2","female","Astrocytes",-3.42177559300121,-2.06696480576711,1.84246392548557,-1.27388102752754
"GTGAGGAGTTCTTTAG-2","female","Astrocytes",1.32307551936451,-3.53776067559438,-2.07689337431912,-1.45605618698188
"GTGATCAGTCCTTAGT-2","female","Microglia",10.245666251939,11.8823829286842,7.86934275925632,0.333925714663778
"GTGATCAGTCGCAATA-2","female","IN-MGE",-2.28135324879345,13.9468608492164,0.960462287073094,1.57074980991295
"GTGATGAAGCACAGGG-2","female","OPC",-8.68088842793163,-8.74398654763417,-9.72754578291897,-5.80394823295661
"GTGATGAAGCAGCTCA-2","female","OPC",-9.13775087757763,-8.90089362923817,-9.61745838820462,-5.69362098915168
"GTGATGAAGCATTAGC-2","female","Astrocytes",1.55184720591846,-5.34807008568959,-2.63092128932003,-0.854229638405528
"GTGATGAAGGAAGCTA-2","female","Endothelial",-1.11888213320431,-15.4717497235985,-2.94553641974453,4.5138029362481
"GTGATGAAGTAGGATG-2","female","IN-MGE",-13.3327009813374,2.1525089734344,5.55816312134739,-5.36904365760871
"GTGATGAAGTTTAACG-2","female","Microglia",8.2906129224712,11.6258426302223,5.63221450150486,0.368102719954763
"GTGCAAGCACGGTTTA-2","female","OPC",-8.95316625996288,-8.47609084908681,-9.4015150517178,-5.38989145500251
"GTGCAAGCAGTCTATG-2","female","IN-CGE",-8.40186430378612,13.6041513078956,0.564344599847752,-1.32954795105049
"GTGCAAGCATAATCGT-2","female","OPC",-8.53167749806103,-8.67656177346425,-9.73901180922512,-5.77349836570808
"GTGCACGGTAATGGCC-2","female","Astrocytes",1.56871460513416,-4.34970182244496,-1.85748176276211,-1.49601990921089
"GTGCACGGTGAACAAA-2","female","Astrocytes",0.780419574540291,-5.57496255700307,-0.108375415201229,0.308339586428914
"GTGCACGGTGTCACGG-2","female","IN-CGE",-10.3895428316182,12.0666385286598,1.72852440178867,-10.3428452704627
"GTGCATTAGCGCAATT-2","female","Pericytes",7.66246675090138,-10.9832901365014,-3.53147630393032,4.49098985450676
"GTGCCTTTCCTTGCGT-2","female","EN",-4.69148756428417,5.14484530623241,-3.77747325598721,-6.71266681892463
"GTGCCTTTCGCACAAT-2","female","VSMC",11.2252137525493,-3.75006145302968,2.22708959877964,-1.50322229606697
"GTGCCTTTCGCTTGCT-2","female","OPC",-8.28536964817699,-9.46959441964345,-9.88098435103421,-5.80359823448249
"GTGCCTTTCTAATCAG-2","female","Microglia",-7.44183184071239,-6.61390060250478,-3.16538934409146,1.2444856073182
"GTGCCTTTCTGTGCAG-2","female","IN-MGE",-17.8485090868061,4.57595759566112,-0.192513689394039,2.76888125198296
"GTGCGCAGTCAAAGAA-2","female","OPC",-9.15789915486034,-8.2793535596581,-10.0008907765103,-5.36496145469734
"GTGCGCAGTTCGGGAT-2","female","OPC",-7.89661003513988,-8.1371712094994,-10.8955965489102,-5.65996153099128
"GTGCGCAGTTTGTCTA-2","female","Astrocytes",1.53554104403797,-5.42694801156239,1.08802588284488,0.658282985858236
"GTGCTCAAGCAGCTCA-2","female","Microglia",-4.99786211414989,-3.58742040459828,-0.918186396355671,-0.125276396103587
"GTGCTCAAGCTATGAC-2","female","Microglia",7.57961343364063,9.26100832159801,-2.71933083235745,2.66686933296135
"GTGCTCAAGCTTCCCG-2","female","IN-CGE",-12.0174639360493,8.75342136557384,3.42618365586277,-8.68888122779914
"GTGCTCAAGTATCGCG-2","female","OPC",-9.62486959858593,-8.79230350320058,-9.39954380690579,-6.27692110282966
"GTGCTCCGTTACTTGC-2","female","OPC",-9.40181948109325,-8.82725662057118,-9.05944924056057,-5.13155538780281
"GTGCTCCGTTATCGAG-2","female","Oligodendrocytes",5.77142547206226,3.05593782599254,-0.100592121477169,10.5773913170617
"GTGCTCCGTTGGATCA-2","female","Oligodendrocytes",4.19319652156178,4.52082735235973,1.33404178917881,2.10477917449883
"GTGCTGGGTAATAACC-2","female","Astrocytes",1.72902988032642,-5.55456870858388,-1.56309013068203,-2.85976273758003
"GTGCTTACAAAGCTAA-2","female","Oligodendrocytes",5.81655047969166,2.24929541285319,0.772438600664097,10.2107035424035
"GTGCTTACAATCTCTC-2","female","Oligodendrocytes",4.14376424388233,4.5719717138557,0.206389620904881,9.70506637351922
"GTGCTTACAATTGAGA-2","female","Astrocytes",1.6715452535564,-4.98882287804799,-0.279303476209682,-0.0778061841208598
"GTGCTTACATAAGTTC-2","female","Astrocytes",1.87301825122181,-4.72658819024281,-1.84234003722195,-0.877526829071727
"GTGCTTACATCTTGAG-2","female","EN",-4.91525436802563,5.86047273810191,-3.98971228301052,-6.74668533546516
"GTGCTTCTCAATAGCC-2","female","Oligodendrocytes",11.9028956754619,-3.47456592385487,0.914462164049107,9.96092765586785
"GTGCTTCTCACTTTAC-2","female","Pericytes",7.78296159343067,-11.4369663602562,-3.65585784613613,4.90655319946221
"GTGCTTCTCTCACTCA-2","female","Endothelial",-0.744704796511497,-15.2922338849755,-1.96239523589138,3.18687336700371
"GTGCTTCTCTTAGCCC-2","female","Pericytes",7.7849976880962,-11.9696516401024,-3.96775035559658,5.9859344269555
"GTGGACACACCGGCTA-2","female","IN-CGE",-2.99276281758007,14.1036449068336,0.432995513086277,3.56005232589654
"GTGGACACACCTGCCT-2","female","EN",-5.04848600788769,6.14434486563487,-0.432057902212185,1.58992527978829
"GTGGACACAGAATGAC-2","female","OPC",-8.08097149296459,-7.95742076699452,-8.73153977095608,-4.48570711357185
"GTGGACACAGTAGCCT-2","female","VSMC",11.8367793424541,-2.68861430947499,0.193777158861119,10.6212326790612
"GTGGACACATAGACCC-2","female","Microglia",10.9967572553569,11.9169431322364,7.21706481278415,-0.209529826470103
"GTGGACACATCTTGAG-2","female","Oligodendrocytes",-4.86616636677441,-13.1965431577416,-12.8321953266812,4.40939586418084
"GTGGACACATGAGCAG-2","female","Microglia",3.86707042292896,-4.34954017464833,0.564790323381382,-3.98437578422615
"GTGGATGCAATTGAAG-2","female","Microglia",9.59693120555225,12.5732455843238,6.25797124207492,0.35064213531426
"GTGGCTTCAGCACGTT-2","female","Oligodendrocytes",6.10648940638844,2.22547316487117,0.421248272066075,11.1793324257653
"GTGGCTTCATTGCGTA-2","female","Microglia",-6.25548006458935,-10.5084041959496,-0.0216575711918293,-3.66854936821052
"GTGGTTAGTAACCAGC-2","female","Endothelial",-0.529639376837578,-16.3024801618309,-1.95048730074887,-0.218478510208811
"GTGGTTAGTGGGAACA-2","female","Microglia",7.3799421651775,9.47041755850597,-2.86300449072842,2.72777931945733
"GTGGTTAGTTAACGGC-2","female","Endothelial",0.36260758475605,-14.8936781293602,-2.49078004061703,3.83425729530266
"GTGGTTAGTTAGAGCC-2","female","Astrocytes",1.3657408817226,-5.11394685570912,-0.438161656255764,-0.0473813508231303
"GTGGTTAGTTCCAGGG-2","female","Pericytes",7.76214765147511,-12.7000440961571,-3.36358027159695,4.93247597473076
"GTGTAACTCCCATAGG-2","female","IN-MGE",-11.6137707368916,2.42976999218745,6.28733439743992,-5.637141058274
"GTGTCCAAGACTAAGG-2","female","IN-MGE",5.713644729417,1.01384803588672,0.279932811860997,3.25540893333367
"GTGTCCAAGGCGGATG-2","female","OPC",-6.02363516255077,-4.90209668938832,1.50642962754245,2.6937482859414
"GTGTCCAAGGTAACGA-2","female","IN-CGE",-10.2692577974385,12.1630569093971,1.45493455231662,-10.0697930548865
"GTGTGAGCATAGCGGA-2","female","OPC",-9.2928192750996,-8.16659206216054,-10.1455212086392,-6.7787163947303
"GTGTGCGGTCTAACAG-2","female","Astrocytes",1.37085710601154,-4.78642457787709,-0.352956935758632,1.14219989436081
"GTGTGCGGTGTCCAAA-2","female","Oligodendrocytes",5.82208608226124,1.9758931988029,0.712657168512303,11.3907334114831
"GTGTGTTAGTCATTAG-2","female","EN",-11.2523501054829,11.4440751665382,1.51084227860447,1.70185427921227
"GTGTTACAGATGGACA-2","female","VSMC",10.9435727460796,-3.14351314370351,-3.43821744620327,5.56174295204094
"GTGTTACAGGGCCACT-2","female","OPC",-9.08672548695263,-9.25615352456288,-9.12245945631985,-4.86865122062751
"GTGTTCCTCGCCTGTT-2","female","Microglia",7.59696649150196,9.66600757773204,6.40133281052585,1.63589571969918
"GTGTTCCTCGTGCTTC-2","female","Oligodendrocytes",6.17439673976246,2.34395903284831,0.245832160119969,11.3920065666955
"GTGTTCCTCGTTAGTA-2","female","Oligodendrocytes",5.68656753138844,2.92313688929362,-0.0621998161030232,10.4572884346764
"GTTAAACGTATTTGCC-2","female","Microglia",12.0331599576885,13.0473161333351,7.01965470612522,0.55671592610291
"GTTAAACGTGGAAGGC-2","female","EN",-5.12952400608715,5.68375831778331,-3.46445326506619,-6.49046308738777
"GTTAAACGTGGACATC-2","female","Oligodendrocytes",3.74883197383228,4.62626153166576,-0.346846356983226,10.7591311241906
"GTTAACCAGGAGGTTA-2","female","Microglia",11.4140374525005,11.9510398500709,7.89655204117771,-0.1308218930442
"GTTAACCAGTCACCAG-2","female","Microglia",7.78731320933643,9.78533416922374,1.49468941987034,1.077847456507
"GTTAACCAGTTAGTGC-2","female","OPC",-8.35846926136669,-8.70388931100087,-10.4278955906582,-6.52169353706428
"GTTAACGGTCACAGCG-2","female","Microglia",9.75829671458546,12.2027001970558,7.10959859192844,-0.271851012535777
"GTTAACGGTTCTTTAG-2","female","Microglia",11.0416905744487,13.3911452883033,8.09242530167576,1.29326855199746
"GTTAACGGTTTGTGGA-2","female","Microglia",-5.48993517323193,-3.88567060296254,-1.23832418024067,-0.978052923508372
"GTTAAGCTCAAGTGTC-2","female","Pericytes",7.62698148326221,-10.9343237287255,0.97942920029636,1.01874496596268
"GTTAAGCTCATTTGCT-2","female","IN-MGE",-14.4963839189595,1.21659037406726,4.66479249299045,-5.63563949806282
"GTTAAGCTCCTCACAC-2","female","Astrocytes",-2.74354578419384,-1.49520868127065,2.44373674691196,-1.32711798889228
"GTTAAGTGTAGACAAA-2","female","Astrocytes",-0.519802375275459,-1.85628622834401,0.979773953561741,-1.93142802459785
"GTTAAGTGTCCTCCAA-2","female","Astrocytes",-1.04904307289776,-4.3734526044579,1.4080860167789,1.92970412033013
"GTTAAGTGTTTACCGT-2","female","Oligodendrocytes",4.99817060069386,3.83405357535167,1.02160127461429,9.55491988914422
"GTTAATGTCATTACTC-2","female","Oligodendrocytes",5.25928329066578,3.32247751887126,0.121091976766545,11.2977225090783
"GTTACAGGTAGGATTT-2","female","Astrocytes",2.08567308024708,-5.25548738305287,-0.913491480047744,-0.929309079476084
"GTTACAGGTGTGCAAC-2","female","Microglia",11.7410352094585,13.4143996828346,6.02247090638157,0.329963257483754
"GTTACCTGTCATTAGG-2","female","Oligodendrocytes",5.20846198634449,2.74890273745341,0.629273012285191,10.2363220955651
"GTTACCTGTGTTGTAG-2","female","Astrocytes",2.15481422976795,-5.2281798726769,-1.77637259661679,-2.06385142547676
"GTTACCTGTTCCTCCT-2","female","Astrocytes",-1.81753016873058,-0.918855369731949,1.77321858704563,-0.876366565056529
"GTTACCTGTTTGCGCC-2","female","OPC",-8.93403746052441,-9.63499301736073,-9.97896294295315,-6.43275148613044
"GTTACGCCACCTGCTC-2","female","Astrocytes",-4.41811443730053,-3.41444486443715,1.62447328866001,-2.14903743011543
"GTTACGTAGCGCCTTT-2","female","Astrocytes",-0.966979606587257,-1.13246458832936,1.27605791390415,-1.46593482238838
"GTTACGTAGGATCCGC-2","female","OPC",-9.24126936360058,-9.29761737649159,-10.3123321980191,-5.75319893104621
"GTTACGTAGGTCATTA-2","female","Endothelial",-0.585863968867626,-16.083781660244,-3.11857800185208,3.83074038284234
"GTTACTAAGACTTATG-2","female","Pericytes",-5.6700484888142,-5.06473726098256,2.02557034790989,-1.57214910728523
"GTTACTAAGCACGTTG-2","female","IN-MGE",-13.2701914445942,1.90018087561412,4.96060653031345,-5.56119138938972
"GTTACTAAGTGACCTG-2","female","Microglia",10.4930646284038,12.946940957859,7.6474408656406,-0.122063467331614
"GTTACTAAGTTAGCCG-2","female","Oligodendrocytes",6.45450376109425,1.08764985139651,0.793353751306492,10.8447405602258
"GTTACTCGTTGAGGTC-2","female","Astrocytes",-0.755272819239464,-4.96038907830434,-0.699872180814785,-0.315014192887034
"GTTACTCGTTTGAGGC-2","female","Microglia",11.3885905607158,13.508594095066,7.55906672776218,-0.555806109734263
"GTTAGACTCACGTTAA-2","female","Microglia",11.8846623762066,13.0323091142921,8.31660361588474,-0.2204796765525
"GTTAGACTCATGCAAC-2","female","Microglia",7.49262498454395,9.32014757330699,-2.07048301398281,3.49808328407219
"GTTAGACTCATTGCGG-2","female","IN-MGE",-11.2758305208271,0.252988635852767,8.13136287034031,-6.05496246559211
"GTTAGACTCGATAACC-2","female","Microglia",9.52613137797657,10.9315047853736,8.20647998154636,-0.646447965927806
"GTTAGACTCGGGACTC-2","female","Astrocytes",2.09161900119129,-3.94536012475209,-2.28035907446865,-2.12014157516548
"GTTAGGCGTCTAACAG-2","female","VSMC",11.0777537687236,-3.67407792870717,-3.44038562476162,5.46111123817376
"GTTAGGCGTGCTAGCG-2","female","Astrocytes",-0.478936631742682,-4.94841426675038,-2.09803883730893,-0.573430487938609
"GTTCACCTCAAACACC-2","female","Oligodendrocytes",4.88225101069752,3.94249349768443,-0.312808856363338,10.8773333336633
"GTTCACCTCCTGTTCA-2","female","Microglia",-5.28972746296581,-3.89627832238393,-0.0599700659466206,1.82068549650124
"GTTCACCTCCTTGCGT-2","female","OPC",-9.33465315266308,-8.89017432992177,-9.90923123061184,-5.65821821434089
"GTTCACCTCTTAGGAC-2","female","VSMC",11.9926335676128,-3.15560716454701,-3.2434909790707,6.07042520301751
"GTTCATTTCGATCAGT-2","female","Astrocytes",1.0666413171703,-4.83413547341542,0.551364019517857,0.285409739188466
"GTTCATTTCGGTCAGC-2","female","EN",-4.94039131565746,5.90053039725108,-3.69713501631741,-6.3864119742591
"GTTCCCAGTCAATGTG-2","female","EN",-12.0696299211567,9.02988964255138,-0.403451219196361,3.13855045097283
"GTTCCCAGTCCTAATC-2","female","EN",-5.39617849751171,5.86362081702037,-3.95788387953762,-6.80129081947395
"GTTCCCAGTGCAACTA-2","female","Oligodendrocytes",6.40617488459888,2.18655294115825,-0.431406721468013,3.52552573936394
"GTTCCTGGTATTTGGG-2","female","Oligodendrocytes",5.4695827825481,1.37387603457255,-0.137603685255092,10.3710295464318
"GTTCCTGGTTTATCGC-2","female","Endothelial",-0.867696805435982,-16.3730024701806,0.986832335596043,11.1725994850915
"GTTCCTTCAACCGCCA-2","female","Pericytes",7.69038556651417,-11.0006918317528,-4.10641674696926,4.32633750694207
"GTTCCTTCACCTGCCT-2","female","Endothelial",-0.281108050186005,-15.8693823224755,-3.26505379378323,4.57400434272698
"GTTCGCGCAATAAGCA-2","female","IN-CGE",-9.09246279164013,12.4645934694557,1.19506807625766,-9.92342025978157
"GTTCGCGCACAACAGG-2","female","Microglia",8.15175412730518,-12.9565252668114,-0.376826718444866,-3.68512422782966
"GTTCGCGCAGCAGGTA-2","female","Astrocytes",1.39872931079212,-5.7990650541039,-2.3250054568005,-1.88090188247749
"GTTCGCGCAGCTACGT-2","female","Oligodendrocytes",5.95234321193043,0.886106490447952,0.613194897775608,10.9288937355798
"GTTCGCGCATGCTCCC-2","female","IN-CGE",-10.8761932985371,11.2654910677223,3.13356728852268,-10.0435393546302
"GTTCGCTTCGGGATTT-2","female","Astrocytes",1.1127153499538,-4.47088903252797,0.138746395711857,0.170572986773763
"GTTCGCTTCTCCTCAA-2","female","Microglia",9.72805284098927,11.9631400697975,8.40970130265232,0.566107680968557
"GTTCTCATCATGCCTC-2","female","IN-CGE",-11.1245024339741,10.6722121828346,3.4823231250095,-10.1194451544959
"GTTCTCATCATTACTC-2","female","VSMC",12.1094424589092,-3.89277595345693,-3.80423764883999,6.11155574577263
"GTTCTCATCCAAGTTA-2","female","OPC",-9.03393007679638,-9.40591567818837,-10.2249937504483,-6.53571636421272
"GTTCTCATCCGCAACA-2","female","Microglia",11.5030333860332,13.057045518711,7.2490672618198,0.134397974185262
"GTTCTCATCCGTCCAT-2","female","Pericytes",8.05606053904835,-13.4284490949364,-4.10375837981228,4.96711223380974
"GTTCTCATCCTTAATC-2","female","Microglia",6.91959403590504,10.3266063326149,7.74253650010105,-0.402066776581492
"GTTCTCATCGGGATTT-2","female","Microglia",11.9478747709209,12.6396394365577,7.52684588730808,-0.614664981194224
"GTTCTCATCTTTAAGG-2","female","IN-CGE",-11.6226284639424,9.33079200918956,3.44714207947727,-8.77127868873664
"GTTCTTGTCATTATGG-2","female","OPC",-7.83697296543774,-9.95264095132069,-8.55970482527737,-6.69023544532844
"GTTCTTGTCGTTAGCG-2","female","IN-MGE",-12.2497933046406,2.72876328165813,6.32087846100803,-4.73845989448616
"GTTGCATAGCTTTGGG-2","female","Astrocytes",0.697303996842537,-4.93603986565785,-2.31151108443264,-1.28402311546394
"GTTGCATAGGCCAATT-2","female","OPC",-7.89276005192455,-7.62820571725087,-10.2376318424893,-5.54996473533699
"GTTGCCCGTTATGTGG-2","female","Astrocytes",0.798132048409615,-4.63253778283315,-2.2046783417416,-1.53291613800117
"GTTGCCCGTTCGCGCT-2","female","IN-CGE",-11.566761268813,8.93908554251476,3.15148945153232,-9.0026515219886
"GTTGCCCGTTCGCTCA-2","female","OPC",-9.09196306629833,-8.82218211953358,-9.61697392165188,-6.21263153297492
"GTTGCGGGTAAAGCAA-2","female","Microglia",10.3607051237041,11.7607637041358,7.59653373063083,0.802230438164983
"GTTGCGGGTACTGATG-2","female","Pericytes",7.59987805918995,-13.3519930249901,-4.20289115607266,4.57091872947625
"GTTGCGGGTAGGATTT-2","female","Microglia",11.3858678205425,12.2743259065895,8.16650481522556,0.127865543536458
"GTTGCGGGTCACAGCG-2","female","Microglia",12.0032813413555,13.0482621782569,8.06060118973728,0.651503940991674
"GTTGCTGAGACAACGA-2","female","Microglia",12.0753257139141,12.5761752718238,7.32025523484226,0.211389174632345
"GTTGCTGAGCTCCTTA-2","female","Microglia",3.45153401927296,-3.38671201531606,1.90214248002048,1.14564169006756
"GTTGCTGAGGACTTAC-2","female","IN-CGE",-2.31741537018475,13.9340987795143,0.546395733957249,-8.52866298896858
"GTTGCTGAGGCTAGAA-2","female","EN",-6.57473875446972,6.83485513861461,-0.405726149673504,3.12275998847893
"GTTGCTGAGGTCCAAT-2","female","Microglia",11.3539759977275,13.0132346742897,6.14641232789035,0.326225748233114
"GTTGCTGAGTCACCTC-2","female","Astrocytes",1.59373735026661,-2.76260036294179,-2.55604057013516,-1.5941596720893
"GTTGCTGAGTGGACAA-2","female","Microglia",-6.31942726536449,-10.5220226651879,8.48109813035007,0.148832848243032
"GTTGGAGCAATTGCGC-2","female","EN",-5.63451935215649,6.53496938879771,-3.86059550940518,-6.43058330757209
"GTTGGAGCATAGCTGC-2","female","Endothelial",-0.125896884638634,-15.3679746991845,-3.0019891709042,3.95422618644646
"GTTGGAGCATTTGCTC-2","female","Astrocytes",1.48708091811481,-5.56668371026235,-2.21698038279538,-1.29966289741584
"GTTGGCCAGAGGAAGG-2","female","Astrocytes",1.00935636596027,-5.08616584603505,-1.67070518433575,-0.690857956238475
"GTTGGCCAGGACCTGC-2","female","Endothelial",-0.474934605460431,-15.6898264295311,-1.0756962150288,2.87743382709435
"GTTGGCCAGGTCCGTA-2","female","Astrocytes",1.79540084437672,-4.45311683480458,1.05363054574009,0.681571742467199
"GTTGGCCAGTAGCTTA-2","female","Oligodendrocytes",5.70392631129566,3.25857990916057,0.643984034662205,10.965048482589
"GTTGGCGGTGATGAGG-2","female","Oligodendrocytes",5.12222741679493,3.6858051412849,1.17296548188205,9.81823222892693
"GTTGGCGGTGTTAAAC-2","female","EN",-5.59554697437939,6.59706693823619,-3.88679890334133,-6.86507971031257
"GTTGGCGGTTCACTGT-2","female","Pericytes",7.87895654277149,-11.5161117917748,-3.1660573929501,5.26366632240227
"GTTGTGAGTCACAAAT-2","female","Pericytes",8.11951993541065,-12.4188274747582,-4.43306569754605,5.19875448005608
"GTTGTTGCAACAACAA-2","female","Astrocytes",2.21977804736439,-3.75247615639882,-0.424741849298519,-1.38995082122871
"GTTGTTGCACAGGATG-2","female","Oligodendrocytes",3.89297126368824,4.70160561735911,0.00474072993274344,10.981312444381
"GTTGTTGCAGAAATGC-2","female","EN",-5.48148228092846,6.32969099219127,1.53916616738315,2.76276164310387
"GTTGTTGCATGCATAT-2","female","EN",-5.73300959034618,6.56890588934703,-0.797159839416784,1.99457650440148
"GTTTAACCAAACTGTT-2","female","Astrocytes",-1.37665314837154,-0.811000049755143,1.64147253334995,-1.69326097709724
"GTTTAACCACACAATT-2","female","Oligodendrocytes",5.51936458186451,2.59937721426768,0.274836614732701,10.8758560921471
"GTTTAACCAGGATGGC-2","female","Pericytes",7.72683309153858,-12.8476747876854,-4.47193126379971,4.97826259391717
"GTTTACCGTAGACAAA-2","female","Oligodendrocytes",5.50237821177784,2.7957847708015,0.130078151826817,10.5917374398034
"GTTTACCGTTAATGAC-2","female","Microglia",4.49868653849903,4.34181791479869,8.73223014176365,-0.145152399368968
"GTTTAGCAGGCCTAAT-2","female","Oligodendrocytes",5.62317107753101,1.92914912040515,-0.262501522893947,10.9456717278283
"GTTTAGCAGTCACCAG-2","female","OPC",-8.14873768253979,-8.50554794137196,-10.1772366017056,-5.35716659767219
"GTTTAGCAGTTAGTGC-2","female","Pericytes",8.2926766736919,-13.5423111325951,-3.56937007605557,4.88252680557183
"GTTTATCTCGGCTATG-2","female","Microglia",10.5891435010845,12.3934903734474,8.18707938492771,0.980284580908332
"GTTTCAGCAAATACCT-2","female","Astrocytes",1.78954599932972,-4.28591722314076,-2.36751930415158,-0.645590255089488
"GTTTCCTCACCTGCCT-2","female","Microglia",8.64182923869434,12.096502839878,6.19447655976291,0.418940594367299
"GTTTCCTCAGCAAGGC-2","female","Astrocytes",1.29458092288319,-5.25400298897939,-1.93781904875759,-1.01329834205696
"GTTTCCTCAGGCTGTT-2","female","Microglia",5.72419332103077,-4.21765369240956,0.477976515893895,-3.7999771331031
"GTTTCCTCAGTAAGTA-2","female","Microglia",5.44854234294239,-4.23477405373769,0.120578721170384,-4.10087568504402
"GTTTCCTCATAGCTGC-2","female","Astrocytes",2.34016059474293,-4.88049310509877,0.427075818185765,0.490030011109624
"GTTTCTAGTAAACAAG-2","female","Astrocytes",1.28302882746998,-2.68376725976186,-1.86576907336239,-0.412209460564341
"GTTTCTAGTCACCAAA-2","female","OPC",-8.39055515690502,-9.00337451760487,-3.53391747176174,6.26206176536492
"GTTTCTAGTCCACAAA-2","female","EN",-5.73302914066967,6.60754257376475,1.53254409134861,1.8705003763955
"GTTTCTAGTCCGGTTC-2","female","Oligodendrocytes",6.16076062754932,1.42376247729344,0.935127213602024,11.026216199569
"GTTTCTAGTTGGTTCT-2","female","Microglia",4.91009067134205,-4.40595620934682,6.82040686905857,-0.217899510689463
"GTTTGCTGTGCTCCAC-2","female","Astrocytes",2.23637984828297,-4.63445800606923,-1.089746013279,-1.51812417251655
"GTTTGCTGTTTATGGG-2","female","Microglia",10.8136107786113,12.1064458483009,8.02341075242038,-0.0396114085395
"GTTTGTAAGGAAGTAT-2","female","Oligodendrocytes",3.59002040461842,4.72027188475413,0.469036892061192,10.9994656349938
"GTTTGTAAGGCATGTT-2","female","Oligodendrocytes",4.87946437434498,4.04196005995555,0.655224397783238,10.0542341973107
"GTTTGTAAGTTGCCTC-2","female","VSMC",11.9972236020977,-3.09604018990712,-3.75000481307034,5.97918241279534
"GTTTGTCGTATTCGTC-2","female","Astrocytes",-0.550469449300137,-1.71955198113637,0.82672460377689,-1.93638117057868
"GTTTGTCGTTTAAAGC-2","female","IN-CGE",-11.8838446275776,8.96653085882945,-0.809264369304222,2.07152753131798
"GTTTGTTTCTTAGTCT-2","female","Astrocytes",-3.84355641766247,-4.03999465768056,0.914541557435948,-1.72035915596076
"TAAACAGCACCTATAG-2","female","Microglia",7.90447972850147,10.2650809877662,5.49074883759494,0.649899890593801
"TAAACAGCACTTAACG-2","female","OPC",-8.98118139668163,-9.0806173688622,-9.36994175612454,-5.16087658149787
"TAAAGCCTCAGTGAAG-2","female","Microglia",11.1718232496196,13.1599965685157,7.85817714035984,-0.678702423401561
"TAAAGCCTCCAGGAAA-2","female","OPC",-8.59515310688671,-9.56082576577382,-9.9844532459927,-5.812527487107
"TAAAGCCTCCATAAGC-2","female","Astrocytes",-2.84018088741955,-1.65167564217763,2.26038189232822,-1.75513107521125
"TAAAGCCTCCGCAACA-2","female","OPC",-8.07836891575512,-7.64283317391591,-8.77334217726712,-4.81712038261482
"TAACAAGCACACAATT-2","female","Endothelial",-0.231851203877296,-15.7477964765282,-2.78665654360775,4.00911252754143
"TAACAAGCAGGGAGCT-2","female","IN-CGE",-9.10625769062695,12.3718276613502,1.17988438904758,-9.83379394752571
"TAACAAGCATGTTGGC-2","female","Endothelial",-0.426980359989967,-15.8201822644921,-2.76704733073239,3.9230396057885
"TAACCAGGTGAGCACT-2","female","IN-MGE",-17.9017527238911,4.52572470839305,4.80050320923801,-5.76538164360115
"TAACCAGGTTAGGCTA-2","female","Oligodendrocytes",6.69502137736622,1.29378254647536,0.216449216012913,11.5140930916589
"TAACCAGGTTGACTTC-2","female","OPC",-9.52932669087109,-9.27548927132802,-9.96833901106839,-5.6629880164344
"TAACCGGTCAGCCAAT-2","female","OPC",-9.42154718800243,-9.20090431039052,-9.26649861037258,-5.47654373390266
"TAACCGGTCAGGAAGC-2","female","Microglia",11.2940251691753,11.7236381166725,8.23406977951999,-0.355597803421702
"TAACCGGTCCAGCACA-2","female","IN-CGE",-11.9098370210713,2.98946493799968,0.471732333307225,2.81389837520531
"TAACCGGTCCCTGACT-2","female","Microglia",11.391734824937,11.89645820792,7.90032573044773,-0.149348327942576
"TAACCGGTCTAAGGTC-2","female","EN",-4.64126802845654,5.23466473753734,-3.76632027327542,-6.7785509322364
"TAACCGGTCTTACTCG-2","female","Endothelial",-1.20059729977306,-15.7049936658593,-2.57974271475796,3.65525262611321
"TAACCTAAGCAATAGG-2","female","Astrocytes",1.94943450526539,-5.13251680199819,-1.93405453860287,-1.10793144447395
"TAAGCCAGTATTACCC-2","female","Microglia",8.44109510020557,9.0802918070106,6.74233098328586,1.61891870754174
"TAAGCCAGTTCAAGAT-2","female","Endothelial",-0.484505753077384,-16.3385080701561,-1.83338032662396,-1.26716453773567
"TAAGCTATCATCCACC-2","female","IN-CGE",-11.5378878252095,0.271974026515914,-0.332288011903804,3.14356034057549
"TAAGCTATCATGGCCA-2","female","Microglia",7.16681169108692,0.966770886733962,7.37072749436374,-0.542903373070445
"TAAGCTGGTGATTACG-2","female","Astrocytes",-1.41378100081142,-1.11852568452077,1.35127516091343,-1.62707216484138
"TAAGCTGGTGTGTGGT-2","female","Microglia",-6.62675930424389,-9.63664382760243,-7.89062790572171,-6.19641144020149
"TAAGGACCAAACAACA-2","female","OPC",-9.3774836198872,-9.50683921639638,-10.1638203114224,-6.00287229759284
"TAAGGACCACATAACT-2","female","Microglia",7.61015866832081,9.28959852392955,-2.73518542944912,2.65678518073967
"TAAGGACCATGGCCCA-2","female","Astrocytes",-2.71672679348644,-1.48450321023183,2.0628141909885,-1.19162041885444
"TAAGGCTTCATAGCCG-2","female","OPC",-9.11260153217968,-8.19601863686757,-8.98863987624173,-4.70043022377082
"TAAGGCTTCATCCTCA-2","female","Oligodendrocytes",5.52620194987598,3.336110174015,0.778808310632664,9.91792552726677
"TAAGGCTTCCTGATTT-2","female","VSMC",11.0262658460552,-2.89910024468617,-3.54236321150784,6.00325458305291
"TAAGTAGCAATCTCTC-2","female","Astrocytes",8.13285611705128,-12.7619642621727,0.227332666521031,0.376181056670461
"TAAGTAGCACCGTTCC-2","female","OPC",-9.22983290119823,-8.8696627027245,-10.0515079945279,-5.43965513450691
"TAAGTGCTCATTTAGG-2","female","VSMC",10.8868539197857,-2.51136678521352,-3.59390954672818,5.99157827155999
"TAATCACCAGGCTAGA-2","female","Astrocytes",-0.975753261286583,-4.43317931954579,0.265507176523167,1.15414591687134
"TAATCACCAGGGAGGA-2","female","IN-CGE",-8.99104238911327,10.8500161760597,1.38213272393222,-9.42608291847297
"TAATCACCATAGACTT-2","female","Oligodendrocytes",5.51407550410572,1.35840466554446,-0.100838348264736,10.3966738488
"TAATCCGCACTAGGTC-2","female","Oligodendrocytes",2.99005840853992,4.91271835501475,-0.39597345888142,10.4171320702355
"TAATGCATCAATGACC-2","female","Microglia",4.95364163951221,-4.28822892968373,-1.0478838086081,-2.45709950668403
"TAATGCATCTCGCCCA-2","female","Oligodendrocytes",6.3403708799297,1.54484989057465,-0.0364896506023823,9.41893165367058
"TAATGCATCTTGACCC-2","female","Astrocytes",1.35595427588764,-4.21178668801503,1.18786402047153,1.13129181223324
"TAATGGTGTACGCGCA-2","female","Endothelial",-0.0965248779838943,-15.4895719892235,7.45762820542331,0.654535165004049
"TAATTGCCAACAGGTG-2","female","IN-CGE",-3.21863747997936,14.1624532335548,0.665827348833043,-8.64261085731574
"TAATTGCCATGCTCCC-2","female","Microglia",12.1904399259502,12.5278144472389,8.30671592057224,0.23238657968453
"TAATTGCCATTGTGCA-2","female","Astrocytes",2.71256731585804,-3.93670934502797,0.0770658999728741,-0.0136102531630656
"TACAACATCATGCTAA-2","female","Oligodendrocytes",5.3108823163921,3.4746291034965,1.00905902684208,9.63586871879509
"TACAACATCATTACAG-2","female","Astrocytes",-0.346238179642525,-4.84697860543446,-1.05102790891651,-3.51967222435066
"TACAACATCCCTCACG-2","female","Astrocytes",-1.87110163136181,-0.223244012043046,2.55779452622409,-1.72098524314949
"TACAACATCTCACATT-2","female","Astrocytes",-1.09061653776821,-1.17532724206166,2.44485183060642,-1.54515225631782
"TACAAGCTCCTAGTCC-2","female","Microglia",8.56328843669239,9.03608852560802,6.82580514252659,1.92789577501229
"TACAATGTCATTTGTC-2","female","Astrocytes",-2.23802400990185,-0.623249710247086,2.59262652695652,-1.62565572006294
"TACAATGTCCGCAAAT-2","female","Microglia",5.87365125254932,-4.00056880776601,-0.00360779463772165,-3.97344858390876
"TACAATGTCTCACTAT-2","female","Microglia",5.38177560405079,-3.64508384530263,0.6687073260593,-3.49688369972297
"TACAATGTCTTTAAGG-2","female","Astrocytes",7.82850526408497,-13.3539261228295,2.54183526337619,-1.57193405372688
"TACAGCTAGCCTCTGT-2","female","Astrocytes",-0.873351378876533,-1.09611052338796,1.5326890498447,-2.0704484675605
"TACAGCTAGTACTGGT-2","female","Endothelial",-1.21776504679379,-15.7637857801171,-2.99723343550686,3.25351350562981
"TACAGGTTCCGTCCAT-2","female","Oligodendrocytes",5.12186406688038,3.713147699192,0.453539207582432,11.5311762596886
"TACAGGTTCCGTTAAA-2","female","EN",-4.89859320088085,5.75340086157603,-3.73273377120022,-6.77816087944099
"TACAGGTTCGTTTCTG-2","female","Oligodendrocytes",5.55939553813282,3.08444172079845,1.04552276432987,10.8889719750207
"TACAGGTTCTCTAGCC-2","female","OPC",-9.11011148853954,-9.40406555001454,-10.64656643569,-6.0737374518592
"TACATCAAGGTGAAAT-2","female","IN-CGE",-8.36822630329784,10.7558990114479,1.25884933770176,-9.53851253730842
"TACCAAATCGCATTAA-2","female","EN",-5.2368061677998,5.45827227766795,-0.138706549997371,3.01729314582757
"TACCAAATCGGGACCT-2","female","IN-CGE",-17.8308413164204,4.594091474369,1.19451756775852,3.29531281249932
"TACCAAATCTCTAGCC-2","female","EN",-7.39814163609203,7.19166666205211,1.37364192307468,2.88924794452599
"TACCAAATCTTGAGGT-2","female","Astrocytes",2.23202918605152,-5.32812494103627,0.74313302338596,0.513752868346486
"TACCAGGTCAACAAGG-2","female","Endothelial",-0.424185967583027,-14.1701931363793,-0.509640440340084,3.49949519889763
"TACCAGGTCCCTGACT-2","female","IN-CGE",-7.65203691883739,10.6238256090431,0.549244120721775,2.88785438793114
"TACCAGGTCCCTGTTA-2","female","Microglia",11.3368594510967,12.7593150728492,-0.158017799253505,2.40664499061516
"TACCAGGTCGATATTG-2","female","EN",-5.00941301747021,5.82604986365123,-3.733445927496,-6.71053774101325
"TACCAGGTCGTTAAGC-2","female","Microglia",7.55991815165821,9.23094755347057,-2.86792163550381,3.42789571540764
"TACCCGGCAACTAACT-2","female","Microglia",11.7342059476787,11.6279388063697,7.69805808365818,-0.227901646919932
"TACCCGGCACTGACCG-2","female","Astrocytes",1.66624306277576,-4.81871074502187,-0.616437077517551,-0.677051374741282
"TACCCGGCATGTTGCA-2","female","VSMC",11.9779050214702,-3.28893512551503,-3.03936199843411,5.67651098030022
"TACCGAAGTAGCCATA-2","female","EN",-5.06621815128979,5.26059895689769,-3.86371879279141,-6.7269414160926
"TACCGCAAGACAGGTA-2","female","IN-MGE",-13.4836046831196,1.89455050165935,1.42190213501926,3.18007486122063
"TACCGCAAGCCGCTTT-2","female","OPC",-9.55733038349804,-9.29575675790028,-10.7215567082119,-5.76519186241218
"TACCGCAAGCGATAAG-2","female","Astrocytes",-2.46013058586773,-4.44440692727284,-0.606138423080486,-0.229917833634104
"TACCGCAAGCTGCACA-2","female","Pericytes",7.66062139109913,-10.9733671552392,-2.63605265318875,4.34750144737176
"TACCGTTGTAGCCATA-2","female","Astrocytes",-1.55114365978893,-0.413490236446427,1.71745176613804,-0.932556221314158
"TACCTCATCCATAATG-2","female","Microglia",10.8721663816387,-2.37552255456166,6.65367408097263,-0.155242392845835
"TACCTGCTCCGTAAAC-2","female","Astrocytes",2.55468391017262,-3.92985194985585,-1.10354138910298,-0.590893337555613
"TACCTGCTCGATATTG-2","female","Pericytes",7.95007680491749,-13.2624792463036,-4.50157861411099,4.91700737731865
"TACCTGCTCGGTTACG-2","female","Pericytes",8.22685502604786,-12.4155172712059,-2.91090326010708,5.09157293098382
"TACCTGCTCTGCAAGT-2","female","Astrocytes",-8.41045452519115,13.6009250276832,-2.69885174929623,1.04251448618582
"TACCTTAGTAGGTTTG-2","female","Astrocytes",2.02992032603565,-4.10409635369496,-2.0194247215939,-1.95622069580146
"TACCTTAGTTTGGCTT-2","female","Microglia",-4.30276538296398,-3.85705465142445,1.09443517029758,-0.341459581680979
"TACCTTTAGACAACAG-2","female","Astrocytes",1.32410656050983,-4.3731355077477,-1.71902154385571,-0.488902280159678
"TACCTTTAGGAACGCG-2","female","Oligodendrocytes",2.8449911935741,4.85784369643016,-0.494689568872493,10.3926255013268
"TACCTTTAGGCTACTG-2","female","Oligodendrocytes",6.7346932752544,1.30393655534072,-0.117328032846492,11.2431179787438
"TACCTTTAGTATGTGC-2","female","Microglia",7.98745797709766,9.624844133213,7.80553622544284,1.50278251426629
"TACGCACCAACGTGCT-2","female","Oligodendrocytes",5.93198894099537,2.4126168483047,0.244070246820408,11.6509939934533
"TACGCTTGTGGGTGAA-2","female","Microglia",-7.3130886690205,-10.3350014096947,0.627539709215123,10.8433338906091
"TACGGATTCACTTTAC-2","female","IN-CGE",-12.014551414687,8.76364332373424,3.30087037384983,-8.5417082999427
"TACGGATTCCAATTAG-2","female","OPC",-8.92080236836132,-9.39532798592763,-9.41655735671048,-5.5803144667823
"TACGGTTAGCACAGGG-2","female","Oligodendrocytes",5.91785834864918,2.94197446043773,0.416197732095677,11.0503155495446
"TACGTAATCCTTCGTA-2","female","Microglia",-2.6477255956715,14.0535388582496,6.41717524826999,0.694238385133062
"TACGTAATCTACCTGC-2","female","Oligodendrocytes",4.40618489817921,-2.05023926560597,-0.254832133646053,9.78978984611443
"TACGTAATCTTGTCTG-2","female","Microglia",-5.18756748600658,-3.73304361169057,1.59146089852329,-1.13974816543647
"TACGTACAGCAGGTGG-2","female","Oligodendrocytes",5.47091983393971,2.90891665156169,-0.240817531938594,11.0229088570397
"TACGTACAGCCTGTGA-2","female","OPC",-6.63345886631664,-5.47753661935048,-9.6560898274136,-5.23723442298957
"TACGTACAGGGATTAG-2","female","Oligodendrocytes",6.08582757548634,1.3554053449182,-0.0548907369327961,10.838794400863
"TACGTACAGGTCGATT-2","female","IN-CGE",-11.8793623582905,8.78017669852061,-0.603173702950519,1.7195410634797
"TACGTACAGTATTGCA-2","female","Oligodendrocytes",4.45189260081593,-2.00451034371571,-0.0889534801197468,0.107272496394429
"TACGTTAAGGTCCGTA-2","female","Microglia",10.9123093946392,12.3495421999244,8.44559569657322,-0.422776052780833
"TACTAAGTCACCTGTC-2","female","EN",-5.40146471424755,5.70615249808116,-3.53090862929348,-6.56127340538093
"TACTAAGTCGCCTAAG-2","female","Microglia",7.90364144877735,11.611681520298,6.05584569275852,0.294323017768178
"TACTAAGTCGGTTACG-2","female","Microglia",8.623312698167,11.8541150682716,8.58618541062351,0.259143939189229
"TACTAAGTCTAACCTT-2","female","Astrocytes",-3.95707894726452,-2.90743583504872,2.0439891368198,-0.813074776955332
"TACTAAGTCTTGTCCA-2","female","Oligodendrocytes",3.12026022509876,4.75086122687144,0.220680907373387,11.6234270836633
"TACTCAAAGGCGCTTA-2","female","EN",-5.56518770619091,6.44643598730846,-3.7101362198544,-6.73222429496833
"TACTCGCTCGGCTAGC-2","female","Microglia",11.4451567991191,12.831329881504,8.63766284287449,0.66998468892983
"TACTCGCTCTAATTGG-2","female","Astrocytes",1.49097858504597,-3.29102605645375,-0.488267615432781,-0.216602871247019
"TACTCGCTCTGCAACG-2","female","IN-CGE",-11.0981114046162,9.71954303915782,3.19866032898899,-9.37247307045051
"TACTGACAGCCAAATC-2","female","IN-CGE",-10.7179768220967,9.75533538992686,3.33033223450657,-9.15293819648811
"TACTGAGGTACGTTTC-2","female","Oligodendrocytes",5.4001533849651,2.76346760924144,1.16759987175937,9.21615093009881
"TACTGAGGTTGACTTC-2","female","OPC",-8.45839764042553,-8.93525737588124,-10.2950430363369,-6.47941953880378
"TACTGAGGTTTATCGC-2","female","OPC",-9.0299904481953,-9.24279922311024,-9.84173588454251,-6.49979955894538
"TACTGCACACTGACTA-2","female","Pericytes",8.24959062175098,-13.6122030622216,-4.02412109076504,5.34024875419549
"TACTGGCCAACAGGAT-2","female","Oligodendrocytes",5.81386540965382,3.29594749148173,1.0467682629871,9.27757423179558
"TACTGGCCACCTAAGC-2","female","Microglia",5.56470511988941,-4.25851768319325,0.531775310640293,-3.87290270073005
"TACTGGCCACTTAGGC-2","female","Microglia",11.5792071683818,13.3509088152198,7.45692534745212,0.894872164301191
"TACTGGCCAGCACGTT-2","female","Oligodendrocytes",5.68445180491749,1.41509161825462,-0.112086758012813,10.7490860726159
"TACTTCGTCACAGCGC-2","female","Astrocytes",1.13418160514179,-4.43211978738027,-1.0099636763287,-1.0142447446067
"TACTTCGTCCTCACTA-2","female","Oligodendrocytes",5.82897161082569,0.836123823478652,0.587099865083653,9.63728111045769
"TACTTCGTCGTAATCA-2","female","Astrocytes",1.12721429900471,-5.36431115929799,0.175511077051121,0.201650848559652
"TACTTGTTCCATCAGG-2","female","Pericytes",7.64610932902638,-11.0016922361107,-3.04225330054287,4.52491824882439
"TAGACCAGTGCTGTAA-2","female","IN-MGE",-11.1781933443135,1.98298564489169,-0.0836023539257466,2.32367866294793
"TAGACCAGTGGAAGGC-2","female","Pericytes",7.61273263530079,-10.9328789121361,-3.82316140830044,4.25013749854973
"TAGACCAGTTGGATAT-2","female","Astrocytes",1.62050436572376,-5.27965253655629,-0.511214420194667,-0.477350780792918
"TAGCAGGCAAACTGTT-2","female","EN",-4.82142950459179,5.35567003424449,-3.88999585806851,-6.92114431602546
"TAGCAGGCAATGAAGC-2","female","Pericytes",7.84752820567432,-13.577060163662,-4.13187865912442,4.76963417785576
"TAGCAGGCACACAATT-2","female","EN",-6.21233917637524,6.74551540549083,1.08228869736667,3.20454209106377
"TAGCAGGCAGCAAGAT-2","female","Microglia",6.84593890742603,9.97321277792735,7.3744391948032,1.4674395229142
"TAGCAGGCAGGAACCA-2","female","EN",-4.87011743946728,5.6613317125587,-4.09630565344815,-6.55036813957283
"TAGCATATCACCATTT-2","female","Oligodendrocytes",5.56877969340626,3.3022772663383,0.948114827280003,11.6215645577233
"TAGCATATCCAGGTTG-2","female","Pericytes",7.89211057261768,-12.6750625974389,-4.39919976889614,4.7789966370385
"TAGCATATCCCTGATC-2","female","Microglia",-9.18011404438671,12.4888959520607,-0.164190575475734,1.88920252578667
"TAGCATATCCTCAGTC-2","female","IN-MGE",-11.1855108873433,2.01166278059764,6.85529990494724,-5.48761780006477
"TAGCCTCTCATGCTCC-2","female","Microglia",7.59599374369923,9.29862838919444,-2.68215970694546,2.60061304824761
"TAGCCTGAGGCCCAGT-2","female","Microglia",10.7550361020977,12.0632959001808,6.4723805934238,0.276669373683248
"TAGCCTGAGGCGCACT-2","female","Astrocytes",2.59324883059803,-3.45990175072865,1.15264256299015,0.165671696833883
"TAGCCTGAGGGTCTAT-2","female","Astrocytes",-1.35249550505337,-4.44442123238759,0.54687567055698,2.76139180915764
"TAGCCTTGTGCCGCAA-2","female","IN-CGE",-10.3116629259175,12.1918960207252,1.25941558182712,-9.59289486152717
"TAGCCTTGTGGAAACG-2","female","Oligodendrocytes",4.10765622691456,4.56999832327647,0.574145033960301,10.9685713555138
"TAGCCTTGTTGGTTAG-2","female","IN-MGE",-11.190236343581,2.00498771603389,6.69613738358493,-5.65795595390388
"TAGCCTTGTTTGGTTC-2","female","Astrocytes",0.659986482422981,-3.0080117589684,-0.68247835337643,-0.275872418709483
"TAGCGCGGTTACTAGG-2","female","Oligodendrocytes",3.2084174020702,4.83141070540233,0.959951594476658,10.9237038399499
"TAGCGCGGTTCCGGGA-2","female","OPC",-8.7090208665913,-8.31241458718495,-9.84711365401272,-5.50302393180915
"TAGCGCGGTTGTAACG-2","female","Microglia",10.4040915830547,12.0540757768898,8.14559455216404,-0.596195885964122
"TAGCGGACAAACGCGA-2","female","Oligodendrocytes",3.52275632457081,4.57320600683971,-0.0904061049175678,3.24891107337884
"TAGCGGACACCTAAGC-2","female","VSMC",11.0471732480938,-2.42818182770924,-3.43521885573391,5.83466356056145
"TAGCGGACAGGCAAGC-2","female","Microglia",-3.1914017335957,-4.29578107659535,-1.9018732756329,-0.567213842697825
"TAGCGGACATTTAAGC-2","female","EN",-5.27200580998119,5.80930429632945,-4.01413707434658,-6.74526388389656
"TAGCGGCTCCAATTAG-2","female","Astrocytes",1.86741136149708,-4.51407569710927,-0.327366933221859,-0.446736166306224
"TAGCTAATCATGGCTG-2","female","Astrocytes",1.09552894667927,-4.50181001488881,-1.67111460864071,-0.772512266464915
"TAGCTAATCATTAGTG-2","female","OPC",-7.49137092991528,-6.58832496468739,1.41155786812778,2.73327379482201
"TAGCTAATCGTTACAA-2","female","Microglia",11.7921140058452,12.7077298754005,7.55708976090427,0.488545825652395
"TAGCTAGGTTGCGCGA-2","female","Astrocytes",1.42399405078236,-4.38450187508778,-0.885816194112342,-2.49415023071357
"TAGCTTAAGACAACGA-2","female","IN-CGE",-8.97428823872265,10.6855702989845,1.58920092881199,-9.50246841651985
"TAGCTTAAGTTAACCA-2","female","Astrocytes",1.29114245013538,-5.54233020608144,0.618359640245396,0.298584034613881
"TAGCTTAAGTTCCCGT-2","female","Oligodendrocytes",5.99533580378834,0.986142992332412,0.840734198694188,11.4411741997521
"TAGCTTGCAACAGGTG-2","female","Astrocytes",-1.19759668274578,-1.4210817224236,1.1714875251102,-1.70751960022041
"TAGCTTGCACAAGCCT-2","female","IN-CGE",-2.30188681049999,13.9414973848609,0.541459873323399,-8.61148960334846
"TAGCTTGCAGCTAACC-2","female","Astrocytes",1.78426049784962,-5.66281598870473,-1.67080782353405,-1.09396035415718
"TAGGAACCAATTTGGT-2","female","Astrocytes",1.50300870971027,-4.92121261422353,-1.97958199679379,-2.13360364181587
"TAGGAACCACAGAAAC-2","female","Astrocytes",1.29297576979939,-5.12407153908925,0.536757424478489,0.896777315012727
"TAGGAACCAGCAAGTG-2","female","OPC",-9.48209597035107,-8.95084422890858,-9.59373097121243,-5.56809217674324
"TAGGAACCATAGGCGA-2","female","EN",-5.02612425251659,6.17965227301402,-3.56195478140835,-6.55675346595832
"TAGGAGGGTTGTCATC-2","female","Oligodendrocytes",6.10796187953297,0.710834085300399,0.573055818681675,10.7557551171105
"TAGGCTAGTAGGATCC-2","female","Microglia",10.694264159959,11.4413428896217,8.43465800583835,-0.713579723664012
"TAGGCTAGTATTGTCC-2","female","Astrocytes",-5.66408611698803,-4.4103350049706,-0.311306580896419,-3.08739216072151
"TAGGCTGTCATGCTAA-2","female","VSMC",11.9321095807964,-4.13336747948842,-3.42470245062832,6.17363088386467
"TAGGCTGTCTCCTCAA-2","female","Astrocytes",3.93946097926441,-4.33499711816029,-0.672061160202068,0.295521488360677
"TAGGCTTAGCGGTTAT-2","female","OPC",-9.09766317768749,-8.51755851571278,-9.37346939742092,-5.66981966239997
"TAGGCTTAGCTTCCCG-2","female","Endothelial",-0.666658534247246,-15.8929304486962,-3.91230015456204,4.51075427787713
"TAGGGTTTCATTGCAA-2","female","Microglia",11.8104321821148,12.5654779070167,8.41189570725437,-0.494779536553111
"TAGGGTTTCGTTTCGC-2","female","Microglia",11.727539764207,13.5324569338111,7.90879149735447,-0.50791818840095
"TAGGTGCGTGGATGTC-2","female","Endothelial",-1.00791932507214,-15.1858038312645,-0.965719230468315,3.28714196937493
"TAGGTTATCTGTTCAT-2","female","IN-CGE",-8.37333179875072,13.5774827593116,-0.502139553422969,-1.14783317787239
"TAGGTTGGTACCCACC-2","female","Oligodendrocytes",3.73919890956226,4.64160543616099,0.426187351350743,11.1216446663659
"TAGGTTGGTACGATTG-2","female","IN-MGE",-14.0198185579365,1.50719433400018,5.20883794129367,-5.85868293983528
"TAGGTTGGTCACCAAA-2","female","VSMC",10.9209115369732,-2.74457639519887,-3.65073852240567,6.00492685096673
"TAGGTTGGTGTGAGGA-2","female","Astrocytes",0.931196080010567,-5.78568309609609,-2.07870821654324,-0.310275385208811
"TAGGTTGGTTGGCCGA-2","female","OPC",-9.56865812702831,-8.77797263924794,-10.5326405018521,-5.80695469123908
"TAGTAACGTATTCGCT-2","female","IN-CGE",-11.8359186784809,8.95999866659923,3.4151205569553,-8.61049682838508
"TAGTACGGTAGCAGCT-2","female","IN-MGE",-12.3238670961445,2.05874651606364,5.99295373261448,-5.36264545661994
"TAGTACGGTGATCAGC-2","female","Microglia",-5.49215389652904,-4.73995584313588,8.12788577378269,0.248288383654866
"TAGTACGGTTAGCCAA-2","female","OPC",-8.97409082813915,-8.88333171670155,-8.71532826125149,-4.4078987334449
"TAGTACGGTTTGCTGT-2","female","Microglia",7.03311036662403,10.3547988527565,5.77987141907688,0.563003620080266
"TAGTAGGAGCCTAATA-2","female","Astrocytes",-1.11224610968288,-0.961974800273942,2.20653648674961,-1.39875275833198
"TAGTAGGAGGGACCTC-2","female","Microglia",11.4965588910991,12.8304534548072,8.61975283921238,-0.180874178238597
"TAGTAGGAGTTATGGC-2","female","Oligodendrocytes",2.9526309831554,4.7195489996223,1.13646955788608,9.8381277825158
"TAGTCAATCCATAATG-2","female","Oligodendrocytes",4.81263183192555,4.04573160345836,0.566293910150486,10.7117525841515
"TAGTGAGAGCGGATTT-2","female","Microglia",9.92024777964893,12.5936914079933,8.19159407914158,-0.369656035729136
"TAGTGGCGTTTGCTGT-2","female","VSMC",10.8034503324443,-3.45045465295033,-2.07003872096066,4.15721433418206
"TAGTTGTCAAATATCC-2","female","Astrocytes",-2.02519263191875,-0.812701643154191,2.44342584908481,-1.57481033546516
"TAGTTTGAGCCTGACA-2","female","Microglia",-6.25838781758007,-10.5052084333153,-0.0404984801960407,-3.95735914451667
"TAGTTTGAGTCACTAA-2","female","Microglia",11.519233451646,12.7297340029029,7.86363025010105,-0.140512773819651
"TATAACCCAAAGCGCA-2","female","Oligodendrocytes",5.46789334849659,2.35861140425487,0.18408270180698,9.93960063713006
"TATAACCCAAGGACCA-2","female","Astrocytes",1.58973334864918,-5.65956205193715,-1.776738688345,-0.804134914704051
"TATAACCCAGCAAATA-2","female","Microglia",-6.3139751092976,6.65476232703014,6.86122079194065,0.900447336904321
"TATAACCCATTAAGCT-2","female","Microglia",7.40383933619801,9.98575454886241,-2.37534968554501,2.57778911846093
"TATAGCCAGAAACTGG-2","female","Oligodendrocytes",5.60931466655079,1.42471376742406,-0.00118391215328562,9.57160346763543
"TATAGCTCAACCCTAA-2","female","Oligodendrocytes",5.44604657725636,1.58431273634715,0.353076532487828,10.5466715599816
"TATAGCTCAAGATTCT-2","female","Astrocytes",0.311919616025124,-2.35657638375478,1.0147743970203,-1.58237344963142
"TATAGCTCAAGGAATC-2","female","IN-CGE",-11.4875185625142,11.6454673403053,3.37225289643284,-10.4373267386634
"TATAGCTCAGGCTTCG-2","female","Astrocytes",-1.92897738381084,-0.214934528514908,2.50459547341343,-1.73428494674751
"TATAGCTCATTGGGAG-2","female","Astrocytes",1.44153319434467,-3.59690040414052,0.934936240320164,0.571190765075002
"TATAGGTGTAACGGGA-2","female","Microglia",4.92494748668018,-4.11028570000844,-0.64565655588631,3.18515961425713
"TATAGGTGTTCACTGT-2","female","Oligodendrocytes",5.48727677897755,2.08753842051311,0.436096385126072,10.7525727059167
"TATATCCTCAAGCCTG-2","female","Endothelial",-0.461975263941851,-16.0682615644188,-2.83576504885678,3.57063310401848
"TATATCCTCGGCCATA-2","female","OPC",-8.68447424336132,-8.03780978982167,-9.00148300826077,-4.91211111290046
"TATATCCTCTGTAATG-2","female","EN",-5.38831974430737,5.70440965826793,-0.408186420793575,3.21057837264946
"TATCACAAGCCATCAG-2","female","Oligodendrocytes",4.66273902491871,4.20219141180797,0.257221296434361,11.295147588424
"TATCACAAGCGTGCAC-2","female","Pericytes",7.74916432933155,-13.4497703916283,-3.23390249907498,5.14201562660149
"TATCACAAGGTTAGCT-2","female","OPC",-8.447656883437,-9.07997363869862,-10.4134521931363,-5.50569469673225
"TATCACGCAATTAACC-2","female","VSMC",11.2560355527813,-3.44235414330678,-3.59486274420742,5.83459823387078
"TATCACGCACAGAAAC-2","female","OPC",-8.08051659031567,-9.38313907448964,-9.31464390456204,-5.57018358451911
"TATCACGCACCTACGG-2","female","Microglia",5.54087709025684,-4.29665511910634,-1.42448012530331,-1.25660402519294
"TATCCAGCAGGAACAT-2","female","IN-CGE",-8.35699488087353,13.6587443941383,-1.75945048033718,-0.102088520355906
"TATCCGGAGGACCTTG-2","female","Astrocytes",2.01595543460194,-4.98888152901845,-2.52451078593258,-0.990815946884837
"TATCGAGGTAAATTGC-2","female","Astrocytes",2.30863164500538,-5.03873056237416,0.0185155421542705,0.143066635302816
"TATCGCACAATACTGT-2","female","EN",-7.04636312885937,6.95774894888682,-0.133873090143245,3.46734421508721
"TATCGCACATTAAGTC-2","female","EN",-4.84302021427807,5.09309202368541,-3.79301647841458,-6.49055750114509
"TATCGCACATTGCGGT-2","female","OPC",-7.98300196095165,-8.30982917611317,-10.4936609715176,-5.93708164436408
"TATCGCGAGCGCTAAT-2","female","Microglia",11.8188865049297,12.8282237642555,7.58471484482761,0.43637131708077
"TATCGCGAGCTCCTTA-2","female","Astrocytes",1.54675935344044,-4.50901264016347,-2.02219538390164,-1.32697279197761
"TATCGCGAGCTGTCAG-2","female","VSMC",10.8730885847026,-2.44484084908681,-3.41901759802822,5.6006166245263
"TATCGCGAGGCCATCA-2","female","IN-MGE",-14.535378708083,1.00018995936198,0.500081256036717,1.80415718810967
"TATCGCGAGTAGCCAT-2","female","Oligodendrocytes",5.38601611689869,3.35009139712138,0.129733875398594,9.82996528404168
"TATGAAGCACACTAAT-2","female","Microglia",9.76092599467579,12.2631936662941,7.90885920823093,-0.725148866005625
"TATGAAGCACTAAGAA-2","female","Pericytes",7.83241437510792,-11.4319958097191,-4.3783753365231,4.94221513526848
"TATGACATCACTCAAA-2","female","VSMC",11.8857886655742,-3.18629688088612,-3.14740256964688,6.06806342857293
"TATGACTCACTTAACG-2","female","OPC",-9.40188433094677,-9.26325076882558,-9.89244274794583,-5.94209749443122
"TATGACTCAGCTTACA-2","female","Astrocytes",-3.42336560650524,-4.07918781106191,-1.96017257868771,-1.08693082077095
"TATGACTCAGGTCCTG-2","female","Oligodendrocytes",5.87715171412769,2.17085808451457,0.168847158555943,9.93023746269158
"TATGCATCAGGGAGCT-2","female","Microglia",4.92014525965992,-3.84868997399526,-0.313953682775539,-3.6244228575904
"TATGCATCATGTTGGC-2","female","Endothelial",-1.06558777256664,-16.0104574567528,1.04743309319492,1.10055165546349
"TATGGATGTAGCAGCT-2","female","Oligodendrocytes",2.8660158975536,4.9222176664619,0.452236369256932,10.7486187722009
"TATGGATGTGCCTCAC-2","female","Astrocytes",-2.62556101246532,-4.42276424233632,-0.0359271615696369,1.43985565560273
"TATGGATGTGCTAGAC-2","female","OPC",-8.40561939640697,-8.48296397988515,-9.97004799544339,-5.25209552986213
"TATGGATGTGGATTAT-2","female","Astrocytes",-1.97865094109234,-4.37929862801747,-1.7881082743359,-0.503859231301036
"TATGGCCCAAACATAG-2","female","Microglia",11.415603385728,12.1473250978736,6.89648909867283,-0.0746017192084453
"TATGGCCCAATCCTAG-2","female","Astrocytes",-3.44936396046337,-4.08275359933095,-2.1261814087582,-0.468164274521556
"TATGGCCCATACCCGG-2","female","Microglia",11.6509778364116,13.2112470262794,6.57915349305149,0.170718124083791
"TATGGCCCATTTAAGC-2","female","Oligodendrocytes",4.0383689268047,4.61925011809154,-0.241496071214718,10.8519579674523
"TATGGGCGTCGAAGTC-2","female","IN-CGE",-11.6467077867573,11.639360009983,3.39941306412693,-10.5713942740638
"TATGGTCAGAGGGACT-2","female","OPC",-8.15279652043041,-8.64247936074452,-9.05120854079251,-5.50382501823493
"TATGGTCAGCGGATTT-2","female","Astrocytes",-2.72025062008556,-1.54177945916371,1.65173478425022,-1.76858312828132
"TATGGTCAGCGGCTGT-2","female","Astrocytes",1.39733122424427,-5.31474012200551,-2.44832102953915,-1.38294942123481
"TATGTGATCACGCATG-2","female","Oligodendrocytes",2.28909395770374,4.9479094141273,0.296425655488926,10.8252951409142
"TATGTGATCAGGATGA-2","female","OPC",-8.7884943620747,-8.27967590157704,-9.79394440352444,-5.90208418113777
"TATGTGATCAGGTTTA-2","female","Microglia",4.68890021876637,-4.2420000440331,-0.978137329216045,-3.54022152168342
"TATGTGATCATCCTAT-2","female","OPC",-8.83568407459911,-8.89737075631337,-9.78873734175686,-5.35138113243171
"TATGTGATCCCAGTAG-2","female","Oligodendrocytes",4.61256860331837,-1.70730656449513,1.00216384232517,9.67600982444695
"TATGTGATCCGCAAAT-2","female","Microglia",9.7137496335918,11.7846131914405,7.93408294022556,-0.261800238915171
"TATGTGATCCTGGTCT-2","female","IN-CGE",-8.45015551014599,13.5658059709816,-0.451636955137294,1.16729067819527
"TATGTGATCGCAACAT-2","female","Endothelial",-1.05903972550091,-16.1183027631493,-2.62440948187832,3.95554821746758
"TATTACCTCCATTACT-2","female","Astrocytes",-11.4994061128682,1.70202925737186,0.108089819555241,0.167847564391408
"TATTACCTCGCTAAGT-2","female","Oligodendrocytes",3.35697673396412,4.90738421614452,1.36827106774326,2.98272269027642
"TATTAGCCACTCAACA-2","female","Astrocytes",1.10363923148457,-2.75089925591664,0.825300529603917,-2.35590965492317
"TATTAGCCATACCCGG-2","female","OPC",7.45716165141407,-12.7193169004174,-3.6958163231564,4.65909879463128
"TATTAGCCATAGGCGA-2","female","Oligodendrocytes",5.18376134471241,3.80691772635265,-0.0807584971142231,10.9299351479333
"TATTAGGTCATAACCA-2","female","Oligodendrocytes",4.33973716334644,4.47930389578624,-0.0089780539226948,11.1529213692468
"TATTAGGTCATAAGCC-2","female","Endothelial",0.100452409547005,-14.6860937482567,-3.59187345206265,5.25597541587761
"TATTAGGTCCCTCGCA-2","female","Oligodendrocytes",2.59271834925953,4.82504945929332,-0.254551932210964,10.8401619698327
"TATTAGGTCGAAGCGG-2","female","Microglia",7.29072211818043,11.1760602587013,8.12841983139988,0.526595165900502
"TATTCGTTCATCCTCA-2","female","Astrocytes",2.24831460551563,-4.88556569878774,-2.20566622912411,-0.635774681397166
"TATTCGTTCCACCCTG-2","female","Astrocytes",-0.981351538140144,-4.85067075555043,-1.95052354037289,-0.54101795894691
"TATTCGTTCCTGGCTT-2","female","Microglia",11.7736928327495,13.1359725588111,7.07529683411594,3.16612999694756
"TATTCGTTCGTTTCCA-2","female","Oligodendrocytes",6.22505591944996,2.59197586710734,0.453902557496983,11.3529650475304
"TATTGACCACAGCCAT-2","female","Endothelial",0.688200341027412,-14.7976583844872,-0.0996617525768696,1.95158719079903
"TATTGACCAGGCCATT-2","female","Microglia",7.00039790705982,10.1667047136573,8.71220584214206,-0.181028435059275
"TATTTGCTCACCTGTC-2","female","Microglia",10.6191098554546,12.9382348650245,7.20020289719577,0.938411842979107
"TATTTGCTCAGCCAAT-2","female","Astrocytes",-3.15301276608166,-1.91591495339589,2.30012936890598,-1.87049109680244
"TATTTGCTCATTGCAA-2","female","Oligodendrocytes",5.77705262736622,2.37891310389323,0.219663932924229,10.4537798668664
"TATTTGCTCATTGTCT-2","female","OPC",-8.90136839314159,-9.04135555093007,-10.2621412724209,-6.07970220787116
"TATTTGCTCCCTGGTT-2","female","Astrocytes",-1.2141472832745,-4.66858762566762,1.5422801524448,2.01893620746544
"TATTTGCTCGTTATAG-2","female","Astrocytes",-1.21077997847256,-0.993072927639054,1.44572158158298,-1.71939809066841
"TATTTGGAGTGAACCT-2","female","Astrocytes",1.65212176875416,-5.66689866845326,-0.698046222324413,0.200042298011098
"TCAAACCAGGAGCACG-2","female","IN-CGE",-11.959321274001,9.01321560080333,0.26017506421085,2.08659427421502
"TCAAACCAGGGACGCA-2","female","Astrocytes",-1.57419802113232,-4.58008521859364,-0.865508977319044,0.123262038401876
"TCAACAATCATGCAAC-2","female","Oligodendrocytes",4.69901536540333,4.08645039732738,0.644350841646153,10.3495651985925
"TCAACAATCATGCTTT-2","female","Astrocytes",2.13615797595325,-4.79423850838857,-2.23280493914608,-0.695825645752635
"TCAACAATCATGGCCA-2","female","Oligodendrocytes",5.75335382060352,2.33906513388438,0.46244294941898,11.6333309914391
"TCAACAATCGGGCCAT-2","female","Endothelial",0.336406873028908,-15.1049341565819,-2.95369295775418,4.65517919319085
"TCAACAATCTGTGAGT-2","female","Oligodendrocytes",5.58101628856007,2.89520305331035,0.335327103738743,10.160327603988
"TCAAGAACACATAACT-2","female","Microglia",-6.5958936349934,-9.63991397683339,-8.11425308882717,-6.07867748481819
"TCAAGAACACATACTG-2","female","OPC",-8.13223816319164,-8.51608985726552,-9.20273308455471,-6.09567482215949
"TCAAGACTCATAACTG-2","female","OPC",-9.41627146168407,-8.38229602639394,-10.4714651554776,-6.18008835060188
"TCAAGACTCCCGCAAA-2","female","Astrocytes",-1.24396575852093,-1.86999529664235,1.31414146721836,-1.8835097048957
"TCAAGCTAGGCATTAC-2","female","Astrocytes",-3.62449218197521,-2.32619351212697,2.2900087386417,-1.68832261306831
"TCAAGGAAGATAACCC-2","female","OPC",-9.27457548542675,-8.70862907235341,-9.7632675617886,-5.99245292884895
"TCAAGGAAGCATTATG-2","female","OPC",-8.9717629091328,-9.52676242654042,-9.17850784956936,-6.12083704216072
"TCAAGGAAGGAGGACT-2","female","VSMC",11.1890551908428,-2.41362708871083,-3.49855999648098,6.15626065986565
"TCAAGGAAGGCATTAC-2","female","OPC",-5.6075484888142,-12.6947941190453,-12.7431297749234,4.30574839370659
"TCAAGGAAGGGTTATC-2","female","Astrocytes",1.11888383464161,-5.10249704186635,-1.76537965237622,-1.61487109405586
"TCAAGGAAGGTGTCCA-2","female","Oligodendrocytes",3.61365102366749,4.73878222639842,0.597932294015843,9.96737830894402
"TCAAGGTTCGACAAAG-2","female","Microglia",7.53669904307667,9.70144802267833,-2.58080260455136,3.3731550480645
"TCAAGGTTCGCTTCTA-2","female","IN-CGE",-10.4734318391865,9.79840427573009,3.06795068085666,-9.36076004249641
"TCAAGTATCGATTCTT-2","female","Endothelial",-1.20610637827572,-15.8626970655175,-3.12392334639553,3.7733883168023
"TCAAGTATCGCACACA-2","female","OPC",-8.77852465077099,-8.69257015053944,-9.91366104781155,-6.43854839546272
"TCAATCGCAATATGGA-2","female","EN",-4.87797666950878,5.63442808325572,-4.09170393645291,-6.6466339324195
"TCAATCGCAGTTATGT-2","female","OPC",-6.49748588963207,-5.38040345971303,2.63965053856846,-2.11656028968879
"TCAATCGCATGTCAGC-2","female","EN",-4.85218931599316,5.04125195677562,0.411336973314244,2.20961444633416
"TCAATCGCATTGTCAG-2","female","Astrocytes",1.09604941443745,-5.0341872579308,0.774360612039524,0.505444964341436
"TCACATAAGATGGACA-2","female","Oligodendrocytes",4.51827882365528,4.22950702841563,0.308495119218785,10.2990395333093
"TCACATAAGTTATCCT-2","female","Astrocytes",2.39509724215809,-3.19371122185902,0.124558046464878,0.414271047286306
"TCACCGGCAATGCCTA-2","female","Astrocytes",1.04693411425892,-5.28423875634389,-2.0225848406506,-0.39104110939094
"TCACCGGCAATTTGGT-2","female","Astrocytes",1.81549094752613,-5.7466329938622,-2.01401226222042,-1.29955298645088
"TCACCTCAGAGCCGCT-2","female","EN",-5.01124502583202,6.0823522203712,-3.97858099638943,-6.56920797569343
"TCACCTCAGGCATGAA-2","female","IN-CGE",-3.37300588055309,14.0869832628517,0.707894757394749,-8.73607666236946
"TCACCTCAGTTCCTGC-2","female","Astrocytes",1.48345135287586,-5.11917346780019,-1.62785534560208,-1.1358712409217
"TCACCTGGTAACTACG-2","female","Microglia",-6.55443359776195,-9.65398925606923,6.88229699433323,3.37306421058587
"TCACCTGGTCGTTATC-2","female","OPC",-8.96276308460888,-8.16158336465077,-10.569098517294,-6.15800792915412
"TCACCTGGTTGCAATG-2","female","Microglia",-5.26162029667553,-3.74606412713246,0.0482715517329754,-3.73142750007698
"TCACTGACACATAGCC-2","female","EN",-5.86454750462231,6.6423616998939,0.526194885377842,1.58292477386406
"TCACTGACACCATATG-2","female","Astrocytes",0.780050621789131,-3.79685300652699,0.469588354234654,0.261718800238881
"TCACTGACACTAAGCC-2","female","Oligodendrocytes",5.91820691661182,1.49617524706928,0.707315519456822,9.55442970054558
"TCAGCAAGTTGTTCAC-2","female","Oligodendrocytes",5.95582698420826,2.16627299721522,0.413925841455418,10.3088709618371
"TCAGCCTTCACCATTT-2","female","Oligodendrocytes",4.47759412364307,4.35420781309886,0.43466933072086,10.7127901818078
"TCAGCCTTCACGTTAA-2","female","Microglia",-5.26183725758251,-3.73991149728017,-2.74600748717312,1.10914317326954
"TCAGCCTTCCCGCAAA-2","female","Endothelial",-0.592439657587376,-15.7124781018944,-2.54653637110714,3.61831372039727
"TCAGCGATCCTTAAGA-2","female","Astrocytes",-3.05722762509045,-1.74752682511525,2.51154418290134,-1.60404903633186
"TCAGCGATCTTGTCCA-2","female","Microglia",10.1320912702495,12.4586539858131,8.2273969203281,0.0389127637665608
"TCAGGAGCAATTAGGA-2","female","IN-MGE",-13.3532850877827,1.75602292950435,5.75193066895481,-5.27201969368049
"TCAGGAGCACCCTCAC-2","female","Astrocytes",1.6515211923534,-4.55064719979482,-1.43463866412167,-0.409082004852977
"TCAGGAGCACCTGGTG-2","female","Astrocytes",1.60614155368153,-5.45244544808583,0.644193485383946,0.309059610537801
"TCAGGTCCATGGTTAT-2","female","Microglia",11.000286804002,11.8500419252662,8.23880858719822,0.988239036820445
"TCAGGTCCATTAGCGC-2","female","Microglia",-5.83078981800732,-4.65016692940907,0.194905593996006,1.89659958141259
"TCAGGTTAGCACAGCC-2","female","Oligodendrocytes",4.39979432658497,-2.34723848168569,-0.420919373626751,-3.95023615104743
"TCAGGTTAGCTTAGCG-2","female","OPC",-8.99280668659862,-9.31623405282216,-9.49169354140286,-6.21000129921028
"TCAGTAATCAGGAAGC-2","female","EN",-5.54357077046093,6.07476574118419,0.867058709268528,2.03648047702721
"TCAGTAATCTCCTCTT-2","female","Oligodendrocytes",5.89756749705616,2.62949198420329,-0.296727821226162,10.7530867363732
"TCAGTAGGTCAACAAT-2","female","Astrocytes",1.96698878840748,-4.30664914910512,1.09727008641239,0.552881767920766
"TCAGTAGGTCATAACG-2","female","Oligodendrocytes",4.55294822291676,4.25216323073192,0.0698002725886883,11.1111866738122
"TCAGTAGGTTCCTGAT-2","female","EN",-4.98252273960766,5.34208184416576,-3.96939425169949,-6.75773889762947
"TCAGTAGGTTGAATCG-2","female","EN",-5.5373957292622,6.58002620871348,0.721315696840245,3.54046266334466
"TCATAACCAATGCGCT-2","female","Astrocytes",-0.854637159544792,-1.30530256097035,1.17580194771763,-2.17817671043464
"TCATAACCACGTTACA-2","female","IN-CGE",-17.8379728929585,4.58797126944347,-0.81399344838683,3.02592604415825
"TCATAACCACTTACAG-2","female","Astrocytes",1.64074657992664,-4.95896858041005,-1.89564864336972,-0.81602377636024
"TCATACTTCAGCCAAT-2","female","IN-CGE",-11.2698872224873,11.606853067234,3.24554963410373,-10.0651639197547
"TCATACTTCGGCCAGT-2","female","Microglia",7.62834428386036,11.4028831117897,8.08257003129001,-0.677089998551097
"TCATACTTCGGCCATA-2","female","Oligodendrocytes",5.91895030574146,2.57882565195842,0.335728123788792,10.8156611229699
"TCATCCATCATGCTTT-2","female","Astrocytes",-1.1146474616116,-4.7726454145165,-1.60046218335156,-0.13446790916511
"TCATGAGGTCTCACTG-2","female","VSMC",10.7751214368755,-2.63794606988149,-3.42929153143887,5.60675876396111
"TCATGCCTCACTCGCT-2","female","IN-MGE",-10.5034163133686,9.55958992178722,-0.074338957662624,10.2719923760217
"TCATGCCTCAGCTAAC-2","female","EN",-5.53495050831493,5.81453281576915,0.630953982477147,1.27254312293938
"TCATGCCTCCGCAACA-2","female","Microglia",7.81951497630421,-13.3864302045556,-3.97918014227871,5.21280925529412
"TCATGCCTCTGTAAGC-2","female","VSMC",11.1446215970928,-2.93261283700185,-3.50153522192959,6.00152366416863
"TCATGTTTCGGTTCCT-2","female","Pericytes",7.72264455394093,-11.1448463803978,-2.73763816058163,4.68551652687005
"TCATGTTTCTCAATGA-2","female","Oligodendrocytes",2.45899962024036,4.89113742049022,0.310925319795567,10.8612715508263
"TCATTACTCACTAAGC-2","female","IN-CGE",-8.19134165211376,10.72009807761,1.21028061211582,-9.45989925605842
"TCATTACTCTAACCAA-2","female","Astrocytes",2.51004718379322,-4.79293483559804,-0.108667775983852,-0.0370827410895488
"TCATTGCGTAAACAAG-2","female","OPC",-9.22296644612011,-8.03915828530507,-8.64079050719265,-4.5473030303199
"TCATTGCGTACTGAAT-2","female","Endothelial",8.45571683482471,-13.1207460767479,-3.65940932929043,4.49788849609307
"TCATTGTTCAAATCGC-2","female","EN",-5.39904142780956,6.26521497900767,-0.221440777177852,3.19838540809563
"TCATTGTTCAGAAACG-2","female","Oligodendrocytes",6.09304402903858,2.30532979901118,-0.212204679842037,9.91756122367791
"TCATTGTTCGATATTG-2","female","VSMC",10.9127995832378,-2.83501571480946,-3.53840593993191,5.98027103202752
"TCATTTGGTGCTCCAC-2","female","OPC",-8.0492890016621,-7.69715255562978,1.17567224801059,1.99280982273034
"TCATTTGGTTATCGAG-2","female","Astrocytes",7.87953065470997,10.419916688755,0.972217276697117,0.697700312308584
"TCCACAACAAAGCTAA-2","female","Astrocytes",-2.10390521450695,-3.91545766656117,0.692836359147984,-1.49378688079902
"TCCACAACAAGCTTAT-2","female","Astrocytes",1.43378840522114,-2.60713142220693,-1.04800699650769,-2.79588443977424
"TCCACAACACAGGGAC-2","female","Astrocytes",2.33047078685108,-5.07404083077626,-1.52500848471646,-0.848007628746714
"TCCACAACACCTCACC-2","female","IN-CGE",-11.9364502565449,8.73446232016368,3.35440345108982,-8.92459709388801
"TCCACAACACTATGGC-2","female","Oligodendrocytes",6.64169524745289,1.29919625754638,-0.153262898321193,11.4296929146569
"TCCAGCAAGACTAAGG-2","female","EN",-5.04657293720898,5.60206466849132,0.941426351671177,2.29740028636864
"TCCAGCAAGCGGATAA-2","female","Astrocytes",-2.40478445454296,-1.45021694962697,1.71163101494785,-1.84425146324226
"TCCAGGATCATCCTAT-2","female","VSMC",10.9087474210674,-2.44231838051991,-3.54166941344265,5.98767535942009
"TCCAGGATCATTGCAA-2","female","IN-CGE",-11.5697796480244,11.6916642778663,3.44022698700901,-10.6897986624915
"TCCAGGATCCTGGTGA-2","female","Microglia",11.2272107465679,11.6299863451271,6.00207419693943,0.150258710555349
"TCCAGGTCACCTAATG-2","female","Astrocytes",1.22493194178883,-5.57133239571767,-2.17293469607357,-0.825627634354319
"TCCAGGTCAGGTCCTG-2","female","Microglia",10.8946711881572,12.2694602602272,7.08155007660862,-0.217143008537974
"TCCATAAAGACTTACA-2","female","VSMC",11.1597812040264,-2.36182731454091,-3.71783547102932,6.13247363822869
"TCCATAAAGCGATACT-2","female","IN-CGE",-11.5420143739766,8.92662197287364,3.3286833316135,-9.09793884498664
"TCCATATTCTCGCCTG-2","female","OPC",-9.06490541859325,-8.60525459115224,-9.69393257796292,-6.22963316185066
"TCCATATTCTTGCAAA-2","female","OPC",-8.25055338307079,-9.27415508095937,-9.81686978041653,-5.36936838371345
"TCCATCATCCGGCTAA-2","female","Oligodendrocytes",6.7163622243816,1.60326566483064,0.535339906816441,9.96261184471062
"TCCATCATCCTTGCGT-2","female","OPC",-9.11586882038769,-8.7371000653954,-10.0678625553799,-6.66454345924446
"TCCATGCTCCTAAGTA-2","female","IN-CGE",-11.9289028780049,8.73533350165172,3.34819169342991,-8.59850151283332
"TCCATTGTCGATTTAG-2","female","Astrocytes",-3.23178697987255,-2.34186357323842,2.21254177392002,-1.54715974075386
"TCCATTGTCGTACCGA-2","female","Astrocytes",-1.05054010315594,-4.6178693181725,-0.494473531837505,1.77155303018502
"TCCCGGACAAACCTTG-2","female","IN-MGE",-12.0346958772725,3.06402593786998,0.443543627862889,1.12523252325467
"TCCCGGACAACGTGCT-2","female","Microglia",7.24902032450977,10.9090161913185,7.01427598298069,0.428559413127218
"TCCCGGACAAGGAATC-2","female","IN-CGE",-9.5419123308247,9.80158954794688,1.6375109702396,-9.32872898323127
"TCCCGGACAATAACGA-2","female","Astrocytes",1.51104711131397,-4.44336932961659,-2.05430774390225,-0.612728068657603
"TCCCGGACAATGCGCT-2","female","VSMC",10.8677642209941,-3.46397012536244,-3.682429596777,4.94534366386345
"TCCCGGACAGCAAGTG-2","female","IN-CGE",-9.77458311482128,12.1818605058937,1.57846470177646,-10.2064898703773
"TCCCGGACAGGCATGA-2","female","IN-CGE",-9.02673269673046,10.7743421190528,1.38226218522068,-9.50050384742805
"TCCCGTTAGCTTAGCG-2","female","Astrocytes",1.9097273214275,-5.12899106805043,-2.00969915091519,-0.197856614418711
"TCCCGTTAGGAGTCTT-2","female","Astrocytes",2.38027571276966,-4.56690639321523,-1.45754383503918,-2.29063255531379
"TCCCGTTAGGCTGGCT-2","female","Microglia",4.00893424586597,-4.30902475182729,0.417279914026219,-3.91429121238777
"TCCCTCACAAACGCGA-2","female","Microglia",8.10313199595753,-13.6442093259545,-2.15161614119534,-0.689151713677134
"TCCCTCACAGTACCGT-2","female","Oligodendrocytes",5.91006349162403,2.56700164015575,-0.2151958197308,11.3026654030602
"TCCCTGGTCATGAGCT-2","female","IN-CGE",-2.9456308023518,14.0351234071998,1.13788147271152,3.13102715270928
"TCCCTGGTCTAAGGAG-2","female","Astrocytes",-1.59598912163433,-0.637109935924576,1.94851346314426,-1.34461004478523
"TCCGCCATCAACAAGG-2","female","OPC",-7.17523123188671,-6.13802570168691,-9.41752724349026,-6.02195484382698
"TCCGCCATCCGTTATT-2","female","Microglia",8.39407991008106,11.2972970598487,7.88236708939548,0.818022942117963
"TCCGCCATCCTAATGA-2","female","Astrocytes",-2.02986134453472,-0.272236884281205,2.56412334740635,-1.78905517799446
"TCCGCCATCGTGCCTT-2","female","OPC",-8.94385553761181,-8.09783786599355,-10.7342501133633,-5.77782041771003
"TCCGGAATCTGTGCCT-2","female","Astrocytes",3.61160062388721,-4.53695052926259,-2.22499077021603,-0.861883470841136
"TCCGGTTTCAAGTGTC-2","female","IN-CGE",-10.9936001436299,10.2771916979103,3.12880368531223,-9.52789814216682
"TCCGGTTTCATGCTTT-2","female","VSMC",12.0907237394268,-3.91422742669301,-3.56637410819058,6.00312488334588
"TCCGGTTTCCTTAGGG-2","female","Endothelial",-0.335451646286812,-15.6871942884179,-2.96099333464627,4.00032108085564
"TCCGGTTTCGGTAACT-2","female","OPC",-5.62546183033642,6.1470871561317,-9.35459713637356,-5.66552574379035
"TCCTAGTGTGAGCGAA-2","female","OPC",-8.46455789967236,-8.88878482644276,-9.36236195265774,-6.04163105232307
"TCCTAGTGTGCATTTC-2","female","Astrocytes",-3.28004933758434,-4.15584224526601,-0.579108223314327,2.92450409191063
"TCCTCAATCAAGTGTC-2","female","IN-CGE",-2.54031015797314,14.0123572939186,-0.40101154148106,2.33349650161675
"TCCTCAATCCTCAGTC-2","female","Astrocytes",-0.87519661946949,-4.56608098809438,0.158194258813816,1.20107959764412
"TCCTCAATCTCACTCA-2","female","IN-CGE",-11.277903808791,9.60688167746349,3.25339885056492,-9.27470524055549
"TCCTCACAGCTGGCTA-2","female","IN-MGE",-12.1717608110493,3.12347894842906,6.28702206910129,-4.81713754875251
"TCCTCACAGGACCAGG-2","female","EN",-4.91403366490063,6.03296095068736,-0.67595919966225,3.08309190528801
"TCCTCACAGTAACTCA-2","female","VSMC",11.4257104261333,-3.76210874383168,-3.65480212866787,6.08756606834343
"TCCTCACAGTAAGAAC-2","female","Microglia",11.4946153028423,13.3113170259742,7.56471343338962,-0.791257569618907
"TCCTCACAGTGTTGCG-2","female","Astrocytes",-6.46331526203808,-10.918501318142,-0.415576562280697,-4.13847572547981
"TCCTCTAAGCAAGATG-2","female","IN-CGE",-7.99093223972973,10.6858144396095,1.17373199761387,-9.41204960090705
"TCCTCTAAGCAATAGG-2","female","IN-CGE",-9.18541170521435,12.4462066286354,1.21264548600193,-9.6780436728675
"TCCTGGTTCAAACACC-2","female","Astrocytes",-3.00327564640697,-4.0735110646935,-0.516560122365993,2.79937415378502
"TCCTGGTTCAATGTCA-2","female","Oligodendrocytes",5.27726577357594,3.58639579947276,0.318950250749546,9.83791606681756
"TCCTGTTCAGGAAGCC-2","female","IN-MGE",-17.8626158372944,4.5632043474464,4.9386891871738,-5.87934095604011
"TCCTGTTCATTAGCCA-2","female","Astrocytes",1.39088975028339,-5.45671171014027,0.801104858522374,0.471587916783605
"TCCTTAGTCATAATCG-2","female","VSMC",11.2592093809063,-2.93711465661244,-3.45477037131314,5.86301391380242
"TCCTTAGTCATTACGA-2","female","Microglia",10.7391583784038,11.6188922518043,6.28593154252048,1.08508740919045
"TCCTTCAAGGCTTAAC-2","female","IN-CGE",-3.22612739964184,14.2379212969093,0.696487143640477,-8.37496502143928
"TCCTTCAAGTCATTAG-2","female","OPC",-8.29558445378002,-7.7804579145165,-10.2134352177334,-6.58334524375984
"TCCTTCAAGTTGCGTG-2","female","Astrocytes",-1.56766439839062,-1.37944215600209,1.66077633202549,-1.421733686753
"TCCTTGCAGGGTGGAT-2","female","OPC",-9.20606161518749,-9.38964027230458,-9.19545750319485,-5.94878179771491
"TCCTTGCAGGTAAGGC-2","female","Astrocytes",1.74002002314869,-4.73228305642323,-1.57954709231381,-0.958459446259227
"TCCTTGCAGTGACCTG-2","female","Microglia",0.605470047753487,-14.8578752881737,-0.11739890276913,-3.71692831260749
"TCCTTGCAGTTGCCTC-2","female","VSMC",10.9883982999736,-2.81526416604237,-2.88838557898526,5.36464231269768
"TCCTTTACAAACTAAG-2","female","Astrocytes",2.75824211673084,-4.11507839028554,-1.05723790823941,-0.917516538925852
"TCCTTTACAAGGTAAC-2","female","IN-CGE",-11.4958355562275,11.3058562868385,-0.30300943552975,1.50016867177895
"TCCTTTACACCTGTAA-2","female","Pericytes",8.04901097850147,-12.4057602292748,-4.39442662894253,4.53655545967034
"TCCTTTACATCCGTAA-2","female","Microglia",11.0693566663677,12.3226838701515,8.07303138077732,-0.115765998192515
"TCCTTTACATGCTTAG-2","female","Endothelial",-0.328037513930168,-15.9135050183983,-2.46505539118771,3.78406851547173
"TCGACAAGTACCTTAC-2","female","Microglia",-6.55849291248974,-10.6117348081322,-0.181169137353939,-3.82073385459968
"TCGACAAGTGCTCCAC-2","female","Microglia",11.6794822080547,12.4212222688941,8.61610694230076,-0.403305480309214
"TCGACAAGTTGCAGTA-2","female","Astrocytes",1.47181390361134,-3.28966230218129,0.778428629045445,0.077763726882253
"TCGATTAAGCATGGTT-2","female","Microglia",-4.29151107235607,-3.95351070229726,0.403630688791233,0.387559583358083
"TCGATTAAGCTCGCTT-2","female","Oligodendrocytes",5.57675050334278,3.28858393366618,0.472900465135533,11.548999478988
"TCGATTAAGGCATTAC-2","female","EN",-4.68920113011059,5.00564962561412,-3.6894891709042,-6.52552921516487
"TCGATTAAGGTGTCCA-2","female","Oligodendrocytes",2.49428032473866,4.86043912108226,0.244994953279454,10.9192396904748
"TCGATTAAGTTCCCGT-2","female","Oligodendrocytes",5.05066989497486,3.85987716849132,-0.0212505906773029,10.3294302727502
"TCGCCCATCAGCACGC-2","female","Astrocytes",0.875771270554695,-5.07900899712758,-0.23880718647961,-0.134687492676463
"TCGCCCATCCAAACAC-2","female","Astrocytes",1.39950893954578,-4.46808618371205,-1.65228460728649,-0.384498069115367
"TCGCCCATCGTTAACA-2","female","EN",-4.82529522343334,5.17192226584239,-3.64831356703762,-6.46867925865241
"TCGCCCATCGTTAGTA-2","female","Oligodendrocytes",5.4290463788921,3.53459602530284,0.689877465372044,9.5291563774865
"TCGCCCATCTGGCTTC-2","female","IN-CGE",-8.06738115711864,10.6952968233375,1.01998133957859,-9.30706722480842
"TCGCCCATCTGGTCCT-2","female","Oligodendrocytes",2.78132604197804,4.9514597051887,-0.0920286029529988,10.9466168190759
"TCGCGCACACAAAGCG-2","female","IN-CGE",-10.2300207750386,12.170368730381,1.37656827271457,-9.75159485084602
"TCGCGCACATTGACAT-2","female","Astrocytes",-0.997512354094353,-1.93480843369679,0.190663293008763,-2.02914244873115
"TCGCTAACAAACTGTT-2","female","Pericytes",7.68865560130421,-13.1808504468651,-4.48407392203335,4.89454167144707
"TCGCTAACAACACCTA-2","female","IN-MGE",-11.2178852693623,2.0509447448997,6.71106906235691,-5.51855690223762
"TCGCTAACACAAAGCG-2","female","Pericytes",8.06420396403614,-13.5533470517846,-2.77015547453884,5.10164325492791
"TCGGTAAGTCAATACG-2","female","Microglia",11.667842613023,11.818917810276,8.6399945765781,-0.0666764472205302
"TCGGTAAGTGACATGC-2","female","Microglia",4.31685041026417,-4.24068731133656,-0.166993066663784,-3.70214731437751
"TCGGTTACAATCATGT-2","female","Astrocytes",1.73695252970997,-3.65975707833485,-0.344691440458339,-0.0043087695319316
"TCGGTTACACAGCCAT-2","female","Microglia",7.4972083433086,10.8504062288551,-0.596280038352054,1.814374795131
"TCGGTTACAGCAACCT-2","female","IN-MGE",-11.3950989381855,0.00125855143351683,8.16139884293552,-6.02141315681526
"TCGGTTACAGGCGATA-2","female","Astrocytes",1.04413662986103,-5.30339330498891,-0.544762209053081,-0.00936753494330855
"TCGGTTACAGGCTACT-2","female","Pericytes",7.92534802989307,-13.0646786100121,-4.00210456549649,4.53415887611321
"TCGGTTACATAACGGG-2","female","Endothelial",-0.346750094134178,-15.0630754834862,0.491839364175755,1.90689372079781
"TCGGTTCTCATTGACA-2","female","Microglia",11.5215203626567,12.7271123522071,7.75619788468357,0.266983261279378
"TCGGTTCTCATTTGCT-2","female","VSMC",11.8642442090923,-3.58088725869374,-3.40530233084683,6.1823660637658
"TCGGTTCTCGTTATAG-2","female","Endothelial",-1.28858764334377,-15.3430342084618,1.33276171982761,0.784780507854734
"TCGGTTTGTGCTTACT-2","female","Oligodendrocytes",5.3185555799419,3.53834372694774,-0.3327974528027,10.6665016915124
"TCGGTTTGTTGTTCAC-2","female","EN",-4.74468876286205,5.40579253371043,-3.89618878066067,-6.42888147575447
"TCGGTTTGTTTGGGTA-2","female","EN",-5.48952604695019,6.49714046652598,-3.95023398100857,-6.66479713661262
"TCGTAATCAAAGCGCA-2","female","Astrocytes",-0.233463271099892,-4.86412805382924,-2.37517134844784,-1.66098339302131
"TCGTAATCAATAGCAA-2","female","Oligodendrocytes",5.4172465665752,2.63601440127177,-0.178105995054287,10.7526585366052
"TCGTAATCAATCATGT-2","female","Astrocytes",1.05816911296192,-4.80147689645009,-0.923761859531444,-0.585422584839549
"TCGTAATCACCGGTAT-2","female","IN-CGE",-11.9613974229878,8.9197602861671,1.36351151764866,2.29771416442803
"TCGTAATCACTCAACA-2","female","OPC",-8.90975214405712,-9.4481014615746,-9.22027210890774,-5.30115062934944
"TCGTAATCAGGTTACC-2","female","Astrocytes",0.768790827553902,-4.67389911477284,-1.57535599171643,0.0393685008805135
"TCGTAATCATGAATCT-2","female","Astrocytes",0.550196157258186,-5.47130149666982,0.995906427507359,0.526472618750844
"TCGTCAACAAAGCCTC-2","female","OPC",-7.82969643040356,-9.93379920785146,-8.98580078780178,-6.58247310859748
"TCGTCAACAATAATCC-2","female","Astrocytes",-0.0913878516739272,-4.59552091424184,-1.80221365391735,-0.466229626961436
"TCGTTAAAGGCATTAC-2","female","Endothelial",0.415210293095741,-14.9752725965233,-3.14683203398709,3.70400636451653
"TCGTTAAAGGTGCTGC-2","female","Microglia",7.92389844493214,11.1675239198951,7.14978261292453,1.38880132692269
"TCGTTACGTGTTAGCA-2","female","OPC",-8.55369783802685,-8.26583236520009,-10.1530180424405,-6.06503755790779
"TCGTTAGCAAATGCCC-2","female","IN-CGE",-9.61730982227978,9.93208080466075,-0.00956647097591745,2.89437060611657
"TCGTTAGCAGGCTTGT-2","female","VSMC",11.0282752378399,-2.95952981774526,-3.27631287276272,5.95904653327874
"TCGTTAGCATGTGGGA-2","female","Pericytes",8.40585588054005,-13.5172647840233,-4.08268599211697,4.71979158180169
"TCGTTAGCATTAAGCT-2","female","OPC",-9.55315519734081,-9.16691345040517,-9.67084698378567,-5.45619566185066
"TCGTTAGCATTGTCAG-2","female","Microglia",11.2733380659038,11.9195876711158,7.66666503251072,-0.505165884323802
"TCGTTATTCATGGCCA-2","female","Microglia",7.150816188615,11.0091615312843,7.50607867539402,0.177956750563894
"TCGTTATTCCTAGTTT-2","female","Microglia",-6.70784784718212,6.65050274069591,7.89475245774265,-0.807317325897898
"TCGTTATTCCTCAGTC-2","female","Oligodendrocytes",6.27883122996632,1.6335456066875,-0.0915395468426167,11.2159716393273
"TCGTTTCCAACTAGCC-2","female","Microglia",7.61434815959278,-10.8931211835595,-0.21968720852856,0.936533627979074
"TCGTTTCCATCCTAGA-2","female","Endothelial",0.120200799267922,-14.6021780378075,-2.9370522946072,4.0610977913659
"TCGTTTCCATGAATCT-2","female","Astrocytes",1.55552576617542,-4.54797118966298,-2.12265293299679,-1.88457233650276
"TCTAACTTCATAGCCG-2","female","Astrocytes",-1.85169447823223,-0.204724968120621,2.43305130303379,-1.48729092819282
"TCTAACTTCCCTCAAC-2","female","OPC",-9.28602148457226,-9.58669322793202,-10.4886465519619,-5.94571144325324
"TCTAACTTCGGGATTT-2","female","OPC",-9.51098467274364,-8.4786133176537,-9.0094776600552,-5.87307960731574
"TCTAAGGGTACTTCAC-2","female","Astrocytes",1.17812071875874,-5.52699416939931,-1.42607961594586,-0.473768422432627
"TCTAAGGGTCCTTTAA-2","female","Astrocytes",-2.16135682030376,-4.179430425808,-2.24815730750088,-0.714751431771006
"TCTAAGGGTGGAGCAA-2","female","Oligodendrocytes",5.85146068171803,2.68406993086619,0.948547199373204,9.65457694786004
"TCTAAGGGTGGATGTC-2","female","Microglia",11.2716681821758,11.3896518343238,7.91705699265476,0.00311945932320146
"TCTAAGGGTTGTTCAC-2","female","Microglia",7.14925883845631,10.7771392458229,8.25776095688816,-0.629561731644358
"TCTAATCTCAGCTAAC-2","female","Astrocytes",-0.469099665570822,-5.07753986184316,-1.81300537287716,-1.16149742347785
"TCTAATCTCCTCCATA-2","female","Microglia",11.8873641355449,13.232398568943,8.17049975693699,-0.213613459892955
"TCTACCTCAAATGCCC-2","female","Endothelial",-0.589420876044598,-16.3538679486962,-3.01340036093716,3.85987561004571
"TCTACCTCAAGACTCC-2","female","Astrocytes",1.99689696864429,-4.59465736214833,0.747032240037876,0.428604474238668
"TCTACCTCAATAACGA-2","female","Microglia",7.69850705699268,9.61741501028819,6.67269940674778,1.72516386764458
"TCTACCTCAGCCAGTT-2","female","Astrocytes",2.35122059420887,-5.01922124688344,-1.63373003899578,-0.100694963761058
"TCTACCTCAGTTAGCC-2","female","EN",-5.47626568241772,6.53562074835582,-3.59210996329312,-6.76089126808235
"TCTACTAGTACCCACC-2","female","Endothelial",-0.879544867712822,-15.6636061078759,-2.71440331637387,4.72786419647149
"TCTACTAGTGTAACCA-2","female","Microglia",11.2016284330303,13.1840987795143,7.92974562943454,-0.0326143000800273
"TCTAGCACAACAGGTG-2","female","OPC",-9.65888716145214,-9.17718643014149,-9.90769772231106,-6.25519067985603
"TCTAGCACAATAATGG-2","female","VSMC",10.9917485578472,-2.45145720307546,-3.0427401512814,5.38554160850457
"TCTAGCACACATAGCC-2","female","EN",-5.14343763752636,5.68186956579967,-0.578546479339641,3.01848023193291
"TCTAGCACACATTGCA-2","female","Microglia",10.6927249296123,11.4087844484596,8.26792140305515,-0.143116900749888
"TCTAGCCTCATCCTCA-2","female","Astrocytes",1.3449296815807,-5.36113923852162,-0.161862477655452,-0.133152196236338
"TCTAGCCTCCATCAGG-2","female","Astrocytes",2.14945672587696,-5.09329170052724,-1.8513007610989,-0.324098298378672
"TCTAGCCTCCGCCTCA-2","female","Microglia",11.5235431058818,12.6829925173072,7.68763442337986,1.13508757012299
"TCTAGCCTCGAGGAGT-2","female","VSMC",10.7918803556377,-2.6081094152184,-3.87491326033596,4.98726051109246
"TCTAGCCTCGTTATAG-2","female","Astrocytes",1.49481152133289,-4.98323053185658,-2.07893006503109,-0.906385371514048
"TCTAGCGAGTAACGAG-2","female","Microglia",6.94554494456593,1.29282171960158,0.480791643266636,10.4919382836144
"TCTATGTTCAGGGCCT-2","female","VSMC",11.851246581834,-4.13944429223256,-3.56610994040493,6.03811376350335
"TCTATGTTCGATTTGA-2","female","Microglia",9.38790582255665,12.2352214449195,8.13986583054538,1.17740242736748
"TCTCAAGCAGGTATTT-2","female","Microglia",11.9416205747539,13.1795354479103,7.98944182694431,0.219240119628225
"TCTCAATTCCCTGTTA-2","female","Oligodendrocytes",2.38090632991138,4.91193371947093,1.0383110791492,9.1495177056115
"TCTCAATTCGCAACAT-2","female","Endothelial",0.160540924828682,-15.2861627942772,-2.65281824767117,3.98416345374993
"TCTCACCAGCAAACCT-2","female","Astrocytes",-0.177516503769722,-4.85635036294179,0.905410483484227,0.599311491421972
"TCTCACCAGGAACACA-2","female","Microglia",7.42219184474293,9.69881111319347,0.340747788553196,2.31766777294091
"TCTCACCAGGTCCTGA-2","female","OPC",-8.78159071369823,-9.42052596871571,-8.61714129149441,-6.58484918815681
"TCTCACCAGGTTAGCT-2","female","EN",-4.77338768406567,5.35932046110911,-4.00829367339138,-6.67432052833625
"TCTCACCAGTTTGTCT-2","female","Astrocytes",-1.56835128231701,-1.03785270516591,1.3755833655643,-1.94301635963508
"TCTCCTCGTTGGATAT-2","female","EN",-5.28867842121777,5.56834512884898,-3.99607591330532,-6.62859804374763
"TCTCGCCCACAGGATG-2","female","Astrocytes",-1.71395827694592,-0.365465939685868,2.29446263611789,-1.42240817291328
"TCTCGCCCAGGATAAC-2","female","Microglia",5.70483802394215,-3.88454240624623,7.51836962998386,0.143919696978841
"TCTGGCTTCCTCCCTC-2","female","Oligodendrocytes",5.96860145167652,2.77577048476024,-0.0918795317364155,10.1468264366906
"TCTGGCTTCGACAAAG-2","female","Astrocytes",1.40147088603321,-4.75597328011708,-1.53644143044476,-1.08134419662544
"TCTGGCTTCTCGCCCA-2","female","EN",-4.77343584461864,5.06151658232494,-3.96734814345364,-6.58730823738166
"TCTGTGACAAAGCTCC-2","female","IN-MGE",-12.4095194475239,3.05308705504222,6.07109303772922,-4.87783081276008
"TCTGTGACAAGCTTAT-2","female","Astrocytes",0.527411447327766,-5.33588832680898,0.47159548104282,1.24790286081246
"TCTGTGACAAGGACCA-2","female","IN-CGE",-12.1444237367695,8.8978515260963,3.27098603547092,-8.63219673378059
"TCTGTGACACCCACAG-2","female","OPC",-9.00006319447216,-9.21744483773427,-8.96163277327542,-4.64375431282112
"TCTGTGACATGGCCTG-2","female","IN-MGE",-12.4895680086201,3.01555055315776,6.22125335038181,-4.78253156883308
"TCTTAGTTCAGGTCCA-2","female","OPC",-8.78529097004589,-9.07343810860829,-9.58788304030423,-5.24608118278572
"TCTTAGTTCCCAGTAG-2","female","IN-CGE",-11.6840803758686,9.16984659369273,0.2457416802692,2.94651608722619
"TCTTAGTTCCTCCCTC-2","female","Astrocytes",0.452509210866127,-3.33623403374867,-0.00097100436214792,0.0781562234680989
"TCTTGACGTGGGTACT-2","female","Astrocytes",1.1550874574596,-3.97203344170766,-1.14175932108883,-0.592643687554087
"TCTTGTCCATGTCAGC-2","female","Astrocytes",1.33883856372181,-3.60795348946767,0.712768748407322,0.411446561984334
"TCTTTGTAGACTAAGG-2","female","Pericytes",8.28932736949268,-13.5419201261254,-4.47928790747647,4.83021252410821
"TCTTTGTAGTCTCACC-2","female","Astrocytes",1.56338285044971,-5.72415822808461,-0.015987500543636,0.0737221147339681
"TGAAACTGTAATGGAA-2","female","EN",-4.81177736683544,5.24114829237743,-3.6337817162228,-6.80924160224983
"TGAAACTGTGCGCGTA-2","female","IN-MGE",-17.8940889970845,4.5321071737556,0.643221452836949,2.06274180667809
"TGAAACTGTTAATGAC-2","female","Oligodendrocytes",2.24818824366871,4.89026576216502,0.0165406018542827,11.3689295555871
"TGAACAACACCCTCAC-2","female","Pericytes",8.02867005900684,-12.8399528867455,-4.29035215079312,4.89722483413628
"TGAACAACAGCACGAA-2","female","Microglia",11.6516673429424,12.3775172823219,8.56879515946384,0.268122008017812
"TGAACAACATAGCGGA-2","female","Microglia",5.5103714330608,-4.32484096352773,6.10747189820285,0.284657111338887
"TGAACAGAGAATCTCA-2","female","Pericytes",7.94560597972218,-12.5866531736107,-4.18997077643399,4.85092990653924
"TGAACAGAGCTAATTG-2","female","VSMC",11.2903315885479,-3.67966455285268,-3.35471133887295,6.13750045555047
"TGAACAGAGCTATGAC-2","female","IN-CGE",-8.93416239185986,10.7327485674171,1.35581012070652,-9.46433288795539
"TGAACAGAGGCGGGTA-2","female","Astrocytes",-3.35285712643322,-4.09946054284291,1.27939458191867,2.66388767021111
"TGAACAGAGGTTTGAC-2","female","Endothelial",-0.589401899415817,-16.086768568203,-3.20984391867642,3.72689478652886
"TGAACAGAGTTCCCAC-2","female","OPC",-9.33171774311718,-9.217272222683,-9.99920086562161,-6.11679870826789
"TGAAGCAAGCTCAATA-2","female","Astrocytes",-0.177882804114189,-2.09900254075246,-1.88165263831143,-1.49358994705268
"TGAAGCAAGCTTGCTC-2","female","Oligodendrocytes",4.5427348478252,-1.82733124558644,1.41042728722568,-2.30359489662239
"TGAAGGATCACTCAAA-2","female","VSMC",10.8485677106792,-2.48416394059377,-3.56341032683377,5.61963289039544
"TGAAGGATCATTATGG-2","female","Astrocytes",0.932266579430733,-5.09816879098134,0.790696218614537,1.72618036525658
"TGAAGGATCCCATAAA-2","female","Astrocytes",-2.11656679077801,-0.406769812748002,2.67086191475864,-1.77850944740364
"TGAAGGATCCTGCGAA-2","female","EN",-5.11105467243847,6.17644697363658,-3.902968451376,-6.67048866493293
"TGAAGTGAGTGAACGA-2","female","OPC",-9.42321707173046,-8.79965537850575,-10.0254326313687,-5.64902574760505
"TGACCAAGTAAGTCGC-2","female","Endothelial",-1.17786480351147,-16.1304926282616,-2.56827442347531,3.71894471900872
"TGACCAAGTCATGCAA-2","female","IN-MGE",-11.7704327241963,2.98358827765269,6.43523736298557,-5.06551916343757
"TGACCAAGTTCCGGGA-2","female","VSMC",10.8274648054058,-2.84778779809194,-3.28090934454922,5.95899503486565
"TGACCTTGTGCATTTC-2","female","Endothelial",-0.883097691971626,-16.2465795881005,-2.88873581587796,3.45717685478142
"TGACCTTGTTTGCAGA-2","female","Astrocytes",0.896371827881966,-4.3262638456078,0.807850554590184,0.465481510333333
"TGACTCCTCCGTAAAC-2","female","VSMC",11.858381019395,-4.13736242119985,-3.51629118620877,6.39140002983025
"TGACTCCTCGATCAGT-2","female","Microglia",9.51700280741993,12.2640052431373,6.88071341813083,0.239552428893361
"TGACTTCGTAATGGCC-2","female","IN-MGE",-12.3992865221089,1.59267795021815,6.29123730957981,-5.72565967781135
"TGACTTCGTAGACAAA-2","female","Astrocytes",2.5661690099651,-3.90062803094106,-1.65346257388119,-0.891304561920848
"TGACTTCGTAGGTTTG-2","female","Astrocytes",-2.71111346646008,-1.50443142716603,2.4935729056644,-1.30296761734077
"TGACTTCGTAGTTAAC-2","female","OPC",-8.80649782581982,-9.29990142647939,-9.75170902907376,-5.88009149772712
"TGACTTCGTCTTGCAT-2","female","Oligodendrocytes",5.54246924952808,2.9618985050468,-0.0992050021839558,10.1596009041589
"TGACTTCGTGGAAGGC-2","female","Oligodendrocytes",4.66870425776783,4.20808631117625,0.174320414667088,10.5973660256188
"TGACTTCGTTACAACG-2","female","Microglia",7.33143542842213,11.1147256487159,6.61651988327976,0.469369878939901
"TGACTTCGTTACCGGG-2","female","IN-CGE",-9.18874288960155,12.4760976427345,1.13217468560215,-9.77528602821418
"TGACTTCGTTGTTCAC-2","female","Microglia",11.4473731382305,12.6469245546608,6.84634633362766,0.0199468638222554
"TGAGAACCAAAGCGCA-2","female","Microglia",11.9862706525737,12.7485280626564,7.35540671647068,1.00306728290728
"TGAGAACCAAGTGAAC-2","female","OPC",-9.18248201771435,-9.54325527016835,-10.042390868063,-6.20783312065193
"TGAGAACCACCTACTT-2","female","OPC",-9.35804869099316,-8.87608379189687,-9.71926788985257,-5.35884411079475
"TGAGCAAAGCATGTCG-2","female","Microglia",5.12087224559132,-3.83282274071889,0.537683203821141,-3.0098856185157
"TGAGCAAAGCTGCACA-2","female","VSMC",11.0703570707256,-2.73519510094838,-3.4837367981625,5.69687431114129
"TGAGCACGTCAAAGAA-2","female","Microglia",11.3744342191631,13.0945401781349,8.00903411210056,-0.326336214371409
"TGAGCACGTTCAAGAT-2","female","Endothelial",-1.15864796801266,-15.3272985822411,-2.47230343520169,3.7188696171563
"TGAGCACGTTGCATCT-2","female","Microglia",10.2194545133525,12.7995305650978,7.00120683014866,-0.535956809349742
"TGAGCACGTTTGGCTT-2","female","Microglia",12.0064027173931,12.7421956651954,7.04614968598362,3.19454162376336
"TGAGCCGGTTCCGGGA-2","female","Oligodendrocytes",3.50676821307484,4.81916648085399,-0.0259896367741047,10.446517636947
"TGAGCTTAGGACCTCA-2","female","Astrocytes",1.21592484549824,-3.8970703489037,-0.826027166093629,-0.118285009690013
"TGAGCTTAGTCCTGAG-2","female","EN",-5.01054359837231,5.66676431830211,-3.76552228629116,-6.56309349281379
"TGAGCTTAGTCTGGGC-2","female","OPC",-9.51706148548779,-8.68053191964345,-10.3879414051724,-6.57781965477058
"TGAGGCACAAAGCGGC-2","female","Astrocytes",1.326806174081,-2.76766341988759,-1.28101103007321,-2.9305661414344
"TGAGGCACAACACTTG-2","female","IN-CGE",-11.1297943727559,0.186554371669723,-0.913280367846531,2.3538052346032
"TGAGGCACAACGTGCT-2","female","VSMC",10.9389417035991,-3.44533771340566,-3.59517197310452,6.13351123588494
"TGAGGCACACAAAGCG-2","female","Astrocytes",0.7798148258144,-5.56868785683827,-2.29513804614071,-1.37407095176765
"TGAGGCACATAATCCG-2","female","Oligodendrocytes",3.92006228999439,4.47399955923839,0.523237779741246,10.2581230904382
"TGAGGCACATGCTTAG-2","female","Astrocytes",-3.71274997158703,-3.58377879922109,1.08574707806583,-1.71874553901741
"TGAGGGAGTAGCTAAT-2","female","IN-CGE",-3.34627081318554,14.13904339011,0.193421676759678,10.2804285790246
"TGAGGGAGTCCTAATC-2","female","Endothelial",-0.612145273525085,-16.1941484815331,-0.698281109328312,3.12277047889641
"TGAGGGAGTTAAGCCA-2","female","Oligodendrocytes",2.42866180972401,4.90334993536754,0.318235114221531,10.651984861068
"TGAGGGCCATTCAGCA-2","female","Astrocytes",1.12333808974567,-5.15201801125722,-2.08428375422482,-0.573628971405711
"TGAGGTGCAACCTAAT-2","female","IN-CGE",-8.36733509464916,13.6425300234108,-1.22053970396046,-0.167752811737742
"TGAGGTGCACGTAATT-2","female","Oligodendrocytes",3.80525230006519,4.57746344740672,0.523136094217259,10.6909510399621
"TGAGGTGCAGTACCGT-2","female","EN",-5.15919710560497,5.34508877928538,-3.82033877074246,-6.68183262092658
"TGAGTGAAGAGCAAGC-2","female","IN-MGE",-11.1825850145405,2.09526610310359,6.44741006196018,-5.57799179298469
"TGAGTGAAGAGGAAGG-2","female","Oligodendrocytes",6.22798417643848,2.03129047091289,-0.362381473178905,10.8025948311608
"TGAGTGAAGTTAGTTG-2","female","Astrocytes",1.18897949294392,-4.94454282586293,-1.99399380385403,-1.15695674163887
"TGAGTTTCAATGCCTA-2","female","IN-MGE",-11.5360710756367,2.00226598913951,6.56537480652805,-5.51130373222419
"TGAGTTTCACTAGGTC-2","female","Oligodendrocytes",5.55872081355396,1.08718278940005,0.0525623709010662,9.93308799522332
"TGATCAATCCACCTTA-2","female","Astrocytes",-3.71016813679394,-3.96298784081654,-2.03819231688504,-0.0980181191641948
"TGATCAATCGAGCAAA-2","female","EN",5.48602603511158,1.80188792879863,0.936498478059727,8.9512550141137
"TGATCAATCTATCGCC-2","female","IN-CGE",-12.0256369249409,8.99871736700816,-0.78220605477218,2.29110508220604
"TGATCAATCTTTAAGG-2","female","IN-CGE",-9.10815645619091,11.5885186785011,1.13881857693668,-9.89903862220832
"TGATCACAGGTCCAAT-2","female","Microglia",10.9909083707744,12.2973724001197,8.23240561783786,0.303263833693776
"TGATCCTGTTAATGCG-2","female","Astrocytes",1.94144009188953,-5.54191488091664,-1.23742647468571,-2.06357629043647
"TGATGAACAAACGGGC-2","female","Astrocytes",-1.49238897724804,-0.63758128945546,1.71388764679905,-1.96207792503425
"TGATGAACACGTGCTG-2","female","Oligodendrocytes",6.21733687953297,1.88236731226726,-0.434168174858135,10.2373492028039
"TGATGAACAGGTTATT-2","female","OPC",-9.26039816303905,-9.51477855508046,-10.2467623203946,-6.03406698448249
"TGATGACTCTTTAAGG-2","female","EN",-5.47119118138012,5.29695016081615,-0.194202050561947,3.31655543106011
"TGATGATGTACAATGT-2","female","OPC",-9.03525568409618,-9.56901592080312,-10.0656118839932,-6.32952911598274
"TGATGATGTCGACTAA-2","female","Oligodendrocytes",5.50674937800709,1.4075867005734,-0.109473630781215,10.659649541549
"TGATGATGTGAAACAA-2","female","IN-MGE",-11.0575983659809,0.216407238796188,8.22837443650242,-6.02444298011848
"TGATGATGTTTGGCGG-2","female","OPC",-8.21841408177074,-7.62303203408437,-10.310737654562,-5.67684824211189
"TGATTCAAGCCGCTAA-2","female","Microglia",8.7191960676128,12.1154351824073,7.86544890702243,-0.406912634201731
"TGATTCAAGCTGTACG-2","female","Microglia",8.56891892985645,9.03481918509288,7.28622432053562,1.4418573285859
"TGATTCAAGGAAACTG-2","female","Oligodendrocytes",6.14205859736744,2.64206939871593,0.15126039088245,10.4101454521935
"TGATTCAAGGATCCGC-2","female","IN-CGE",-9.20203138752636,12.2717948549537,0.72928066552158,2.87241034763268
"TGATTCAAGGCAAGTA-2","female","Oligodendrocytes",5.59563325480763,2.56997913058086,-0.349699631328624,10.3940130974572
"TGATTCAAGGTGCTGC-2","female","Microglia",7.1553385122234,0.993336617305709,2.54983897507663,-1.77433259231636
"TGATTCAAGTAGCTTA-2","female","Astrocytes",0.835083709519539,-2.84851068322377,0.880402639512974,-2.25319320900032
"TGATTGCAGCCAGTAT-2","female","OPC",-8.5635655061787,-8.83594745461659,-9.85313324629788,-5.46143753273078
"TGCAAGCGTAGCAGCT-2","female","Endothelial",0.158260808747444,-14.7112287885399,1.54647512734409,2.66498606460503
"TGCAAGCGTAGGTGTC-2","female","EN",-5.37408377094921,6.46906810934825,-3.7721102684689,-6.62856323463508
"TGCAATATCATGCCTC-2","female","VSMC",12.030482040208,-4.00732797448354,-3.39308385550503,5.57204501884392
"TGCAATATCTGTGCCT-2","female","Astrocytes",1.27145277098957,-4.52809661690907,-0.797702349717659,-0.794649789162364
"TGCAATATCTTGGACG-2","female","Endothelial",-0.559183365244236,-15.482821882412,-2.88226298987393,4.29176109092644
"TGCACACCAACAGGTG-2","female","OPC",-8.53183580799755,-8.75835460488515,-10.4543877094937,-5.62366659385749
"TGCACCTTCAGTATTG-2","female","Oligodendrocytes",5.81170247630421,3.05023389990611,0.30754633248325,11.3914076592248
"TGCACCTTCGATTTAG-2","female","OPC",-9.1239903108662,-8.52150100533681,-9.76803307234768,-6.00510627967903
"TGCACTTGTAGTAAGA-2","female","VSMC",-6.27452255650219,6.77364355261607,0.27565403283115,2.65667705791405
"TGCACTTGTCACCTAT-2","female","Microglia",-5.54087377949413,-4.8746847516747,7.94722171128269,-0.0636134837348125
"TGCACTTGTGATCAGC-2","female","Endothelial",-0.634052766997185,-15.2014059430809,-2.57631962000851,3.56270497100762
"TGCAGGCTCATCCTAT-2","female","Microglia",7.85970281199757,-13.4816784269066,-4.31664709746365,5.1980058457177
"TGCAGGCTCCGGAACC-2","female","OPC",-7.42188621922192,-6.50967639748769,0.13910926878925,2.42782573955468
"TGCAGGCTCGTTAAGC-2","female","Astrocytes",0.515894518654976,-4.79729551140981,-2.10999552905087,-1.42217738372871
"TGCATCCTCTACTAAG-2","female","Astrocytes",-3.81236673756298,-2.45626324479298,2.05059666932102,-0.940902182884898
"TGCATGAGTAACAGGG-2","female","Endothelial",-0.228473676878776,-14.9265035993309,-0.795435111964983,3.56392972724846
"TGCATGAGTATTGAGT-2","female","EN",-4.80285908146557,5.14739471609874,-3.87089614569668,-6.84037000877449
"TGCATGAGTGTTTGTC-2","female","EN",-5.04885984821972,5.98907142813487,-2.80756036936764,-5.84915954811164
"TGCATTAAGACACTTA-2","female","IN-CGE",-9.09699274464306,12.4146409624366,1.13256342709537,-9.64895088417121
"TGCATTAAGGGCCATC-2","female","Astrocytes",-1.62009622021374,-1.64363354508595,1.1623334437656,-1.48846347076484
"TGCATTAAGTCTTGAA-2","female","Astrocytes",-3.76187373562511,-3.12917703454213,0.797951415185887,-1.92321641189643
"TGCCATTGTGGGTGAA-2","female","OPC",-9.16775347157177,-9.31508582894521,2.3785314112949,-1.98445470077583
"TGCCATTGTTCCGGCT-2","female","Endothelial",-1.05151243372616,-16.1983312970849,0.784779503946263,11.4137532021325
"TGCCGGTAGATGGAGC-2","female","IN-CGE",-7.69456650181469,10.6105094545631,1.04530866444584,-9.27978546363899
"TGCCGGTAGGCATTAC-2","female","EN",-5.07080007954296,6.198583661869,-3.82775621115689,-6.65581733924934
"TGCCGGTAGTCCTTCA-2","female","Endothelial",-0.859721852976646,-16.3542341596337,-1.51832018792157,3.63172238128594
"TGCCTGTTCATGGTTA-2","female","Oligodendrocytes",5.53743527964893,2.18494129116817,-0.132202252740902,9.90175502555779
"TGCGATTAGGAAGTAT-2","female","Astrocytes",1.05639933184925,-5.11071819131093,-1.14592866599087,-1.16796953422615
"TGCGATTAGGCGCTAC-2","female","Oligodendrocytes",6.43052838877979,0.990414141967727,0.248153164987522,10.9972359444421
"TGCGATTAGGGCTTAT-2","female","Pericytes",7.63399575785938,-10.9526800519677,-3.7457476109219,4.12763445632866
"TGCGCAGGTATGGTGC-2","female","Astrocytes",0.892255054276619,-5.4653019315453,-0.484886184330028,-0.218202659912791
"TGCGCAGGTCCTAAGA-2","female","OPC",-9.2035744325703,-9.36413234536366,-9.26408009230618,-4.93635732872077
"TGCGCAGGTTAGAGCC-2","female","Astrocytes",1.73259090022388,-2.65344947640614,-1.75100456177716,-2.79153806907722
"TGCGCAGGTTTCCGGC-2","female","OPC",-7.798477901656,-8.82011550728993,0.88712032139774,0.757470672897611
"TGCGGTTCAATAATGG-2","female","Oligodendrocytes",5.26180337504688,3.50813776190562,-0.176998719568294,10.4362885262292
"TGCGGTTCACCGTTCC-2","female","Oligodendrocytes",5.71974919871632,2.11169594462199,-0.00351379811291086,10.8890864159386
"TGCTAACAGCCACAAT-2","female","Oligodendrocytes",5.3402578695232,2.79293483431621,0.200669363145787,10.5390526558678
"TGCTAACAGGCGCTAC-2","female","OPC",-9.45011354847607,-9.03442329232411,-10.0402756184292,-6.11629755241462
"TGCTAACAGGCTAAGA-2","female","Pericytes",8.18641255931202,-13.1742290860863,-4.06024603545193,5.01796834724358
"TGCTAACAGTGCACGC-2","female","VSMC",11.7225320203716,-2.77956193749623,-3.22274164855008,6.24497812049798
"TGCTAACAGTTGCCTC-2","female","Pericytes",7.67085813121143,-12.9627231961937,-3.06845335661892,5.0665156151574
"TGCTAGCCAAACTGTT-2","female","Microglia",11.7939507825786,12.9993396394996,6.52308030426975,0.227813949755941
"TGCTAGCCAAGGCCAA-2","female","Oligodendrocytes",5.63016818599049,2.81025999720378,-0.120418891305965,10.855920484237
"TGCTAGCCAATGAATG-2","female","VSMC",12.0552241666729,-3.97685092751698,-3.54018287360195,6.12739198463372
"TGCTAGCCATCATGTG-2","female","OPC",-8.88352037831005,-7.99654334847646,-10.3932409733487,-5.76413185340949
"TGCTAGCCATTCCTCG-2","female","IN-CGE",-3.38395954533276,14.0612140291481,0.637150004510838,-8.61410648567268
"TGCTATGCAAGCTAAA-2","female","Microglia",11.8642527921611,11.8012319200782,7.56420417130466,0.83169727580956
"TGCTATGCAATAGTCT-2","female","Astrocytes",1.42352543906513,-5.05051177804189,-1.84101049601559,-1.15754778129646
"TGCTATGCAGGACACA-2","female","Endothelial",-0.591984389860001,-15.9187750226708,-1.24280317127232,2.73997133033684
"TGCTATGCATAAGTCT-2","female","Astrocytes",1.40240000323597,-4.23847287957387,-0.538209155197185,-0.189433882065501
"TGCTCAACACCGTTCC-2","female","Oligodendrocytes",5.60359452800098,3.35354393656535,0.568489268426854,11.8394161965173
"TGCTCAACACCTGCTC-2","female","Pericytes",7.97362779216114,-13.2723593122216,-4.30403856932644,5.09886234062127
"TGCTCACTCCTTCGTA-2","female","IN-MGE",-17.8970339433735,4.53056150610728,4.6752557307529,-5.78040582878181
"TGCTCCGTCAAGTGTC-2","female","Endothelial",0.28751586512867,-14.8432211286278,-1.69181041419033,3.61215346115044
"TGCTCCGTCAGCACCA-2","female","Microglia",3.91059135035816,-4.2857970601769,-1.15910534560208,-1.28096539718696
"TGCTCCGTCATAATCG-2","female","IN-MGE",-11.3496725694722,-0.0845283872337805,1.25697059929844,2.80628316657952
"TGCTCCGTCCTAAGAC-2","female","IN-MGE",-11.464466346938,0.702611207321121,7.42679972947117,-5.91874725563117
"TGCTCCGTCCTCATCA-2","female","Astrocytes",-3.73690463467297,-2.7537917501183,1.30025596917148,-1.41764743072578
"TGCTCTCAGCTAATCA-2","female","Oligodendrocytes",5.24418519572559,3.48268800909801,-0.361236080522579,10.5340306069177
"TGCTCTCAGTTTGGGT-2","female","VSMC",10.9744174344951,-2.92845720116811,-3.3979864567471,5.78988187568596
"TGCTGGATCCTAAGTA-2","female","Pericytes",8.09415887431446,-12.4759830838891,-4.36833481490139,4.91206519859246
"TGCTGGATCGCCTAAG-2","female","IN-CGE",-11.9734299318379,8.82161623175426,3.35352034867283,-8.56924659950324
"TGCTTAAAGCACGATT-2","female","Endothelial",-1.06310219927486,-16.1445116407128,-3.00901632010464,3.77753036277703
"TGCTTAAAGGCATTGT-2","female","Oligodendrocytes",2.10491345958057,4.79958873923106,0.355910733346897,1.38893913286141
"TGCTTAAAGTTAGACC-2","female","Astrocytes",2.04636930064503,-5.34443801705556,-2.01801840960507,-0.295344898529734
"TGCTTAAAGTTGCCTC-2","female","Endothelial",-0.606193071741428,-15.259547651455,-3.16850857436184,3.89383213775567
"TGCTTCATCGCATTAA-2","female","Oligodendrocytes",4.6314914091045,4.19599467451854,0.783100798730809,9.83781497734002
"TGCTTCCAGATGGACA-2","female","OPC",-8.72088362141308,-9.35170406167226,-9.13517002760891,-6.11681444389411
"TGCTTCCAGCGTGCGT-2","female","IN-MGE",-13.1579086916035,1.51413585181518,5.90105004609104,-5.78299410087654
"TGCTTCCAGCTGGAAA-2","female","Microglia",11.8811528547222,13.2622390383033,8.11387915909763,-0.523017356224742
"TGCTTCCAGGCATGTT-2","female","IN-CGE",-5.66819073124584,-3.48202365700917,0.405890420083958,3.61597912567071
"TGCTTCCAGGTCGATT-2","female","IN-CGE",-10.7988150255268,9.41570335562511,2.89095921814914,-9.17727119667121
"TGCTTCCAGTTATCCT-2","female","Microglia",11.2994534833843,12.278052865818,6.79949565232273,0.141928663424764
"TGCTTGCTCAGGTCCA-2","female","IN-MGE",-17.9782221452778,4.45109182532115,4.79441542923923,-5.72196609718391
"TGCTTGCTCCGCCAAA-2","female","Pericytes",7.7187602384502,-11.1432785398217,-3.50099115073208,4.69515531318596
"TGCTTGCTCCGGTTAG-2","female","Microglia",11.9682481153423,11.9426665895729,7.00084252655979,3.34624283569268
"TGCTTGCTCTTAGGGT-2","female","Astrocytes",1.56181644038502,-5.03268998925404,-1.47283451258664,-1.39819938880989
"TGCTTGCTCTTGACCC-2","female","Astrocytes",-6.35328890247997,-11.1672815686913,-8.53681139647488,-5.09316999656745
"TGCTTGTGTACCGTTT-2","female","Endothelial",-0.537564388055172,-16.038522184536,-2.70599798857693,3.50805037277154
"TGCTTGTGTCATGAGC-2","female","Astrocytes",-2.35078085823711,-4.22539228265004,-0.488954201335949,0.206743052176748
"TGCTTGTGTCGCATAA-2","female","Endothelial",-0.437898738819923,-16.3024095899315,-2.89093284308438,3.08631651657036
"TGCTTGTGTGTCCAAA-2","female","Oligodendrocytes",3.33888743953053,4.76992851431651,0.391396000986058,10.8388916756432
"TGCTTGTGTTTGCTGT-2","female","Astrocytes",1.22488449649158,-4.67039531533437,-1.96707455813412,-1.53874022705146
"TGCTTTAGTGGAGCAA-2","female","IN-MGE",-11.5567438737934,2.26660042937083,6.64837642014499,-5.61554081184455
"TGCTTTAGTTAGGCGT-2","female","Astrocytes",0.364968584340248,-3.07290929619985,0.581937745218235,-1.42368466598579
"TGGAACAAGACTTACA-2","female","Oligodendrocytes",5.23286698893848,3.71230679686351,-0.0518250316334187,10.5899855400842
"TGGACAAAGAAAGCAT-2","female","OPC",-8.92944742603954,-9.49107879464345,-8.048880144949,-6.22703249198982
"TGGACAAAGAACAAGT-2","female","Oligodendrocytes",3.71558545665089,-2.85138124291615,-1.20815365015988,-3.6367634032447
"TGGACAAAGCAGCTAT-2","female","Endothelial",0.67316518859211,-14.7669710523339,-1.28808616101269,3.65365283744744
"TGGACAAAGTATTGCA-2","female","OPC",-8.91613222523388,-9.69100898568349,-9.05415253340725,-4.81512911064216
"TGGACCGGTCGCGCAA-2","female","Microglia",11.4404799802715,13.1453977220802,6.98896069825168,3.2784308697503
"TGGACCGGTGAAACAA-2","female","Astrocytes",1.12735985354725,-5.34436076943593,-1.88139216601376,-1.25176317436286
"TGGACGGAGATGCCTG-2","female","OPC",-8.33386017246899,-9.61451000039296,-8.91485504805569,-4.54342252952644
"TGGACGGAGCTCAATA-2","female","Astrocytes",1.57979391650501,-5.64307826821523,-2.40404646098141,-1.60561330062934
"TGGACTAGTCTAGCTT-2","female","OPC",-8.43573023243603,-8.91201728646474,-0.115414187307399,1.94483136194161
"TGGACTAGTGTTGTAG-2","female","EN",-5.36175609989819,6.42953592474742,-4.09005574881558,-6.65494949562141
"TGGACTAGTTGCAGTA-2","female","Endothelial",4.4503447874004,-2.0180112725945,-1.15317310392384,-0.177317092247691
"TGGATTCAGCACAGAA-2","female","Astrocytes",1.30789815024677,-5.36279004876332,-2.29537896811489,-0.640427658386912
"TGGATTCAGCCAGTAT-2","female","Microglia",5.20818399028126,-3.69354814355092,8.10570521653171,-1.01616008026191
"TGGATTCAGCTATTGA-2","female","Endothelial",-1.0117038623875,-15.5688356763573,-3.01393203436856,3.14380948799065
"TGGATTCAGGACCTCA-2","female","IN-CGE",-9.23478628559765,12.4670014971046,1.26295180619236,-9.96303016883918
"TGGATTCAGTAATCCA-2","female","Endothelial",-1.16834194822964,-16.1370577222558,-3.47849492728237,3.97687905090264
"TGGATTGGTTGCAATG-2","female","Microglia",5.33986590937916,-3.56841415230946,1.4599830657291,-1.53794247848579
"TGGATTGGTTTGTCTA-2","female","Astrocytes",-2.04901386662182,-0.289238274738358,2.59508915246006,-1.59653217536994
"TGGCCATCAACAGGTG-2","female","Oligodendrocytes",5.86466859416309,3.05798619921489,0.52470941842075,10.0389029290002
"TGGCCATCAGCCAGAA-2","female","EN",-5.10504795475658,6.17817217047496,-3.88466052710537,-6.8279107306678
"TGGCCATCAGCTAATT-2","female","Microglia",-5.24864841862377,-3.65689510171132,1.2978999167728,-0.482723781891551
"TGGCCTGCAAGTGAAC-2","female","Microglia",10.6836306913311,13.2297340029029,7.43556113541599,0.701242139510427
"TGGCCTGCAATCCCTT-2","female","Astrocytes",1.49233459071461,-4.84381145302968,-2.24050264060025,-1.54739362937995
"TGGCCTTTCCCGTTGT-2","female","EN",-4.80048586292919,5.5079737299232,-4.10083942114834,-6.70297987205574
"TGGCCTTTCTGCAAAC-2","female","IN-MGE",-14.2579071657246,1.53029726009054,4.81765790284153,-5.65994150383064
"TGGCGGTTCACGAATC-2","female","Astrocytes",-3.79922462864574,-4.06329912011342,-2.08275811373715,-0.360788652725901
"TGGCGGTTCCACCTTA-2","female","IN-MGE",-12.4405453340596,1.88981044228358,6.18411155045505,-5.53188354713508
"TGGCTAAGTTTCCTCC-2","female","Microglia",11.4106557233745,12.442998468235,7.99693007767673,-0.0209827516753337
"TGGCTATAGGGATTAG-2","female","Oligodendrocytes",6.06388066844288,1.3927538314013,0.024757459764439,11.530966451339
"TGGCTATAGGTTAGAG-2","female","Pericytes",7.88268159465138,-13.5553936368676,-3.8328533619595,4.78434794204644
"TGGCTATAGTTAGACC-2","female","IN-CGE",-11.2335856096333,11.6643863313941,3.2724031955051,-10.2746270392615
"TGGCTTTGTAATCACG-2","female","IN-CGE",-9.1491015092915,11.7305141084938,1.11680205166813,-9.53008205635139
"TGGCTTTGTTCCGGGA-2","female","Astrocytes",1.89917539195362,-5.61698097054677,-1.98124925791745,-1.71230418426582
"TGGCTTTGTTTATCTG-2","female","IN-MGE",-14.3768599168843,1.14748448069377,4.54783101380344,-5.26515800697395
"TGGGCATGTACCCACC-2","female","Astrocytes",1.56430672244373,-4.19284290139394,-0.551974430675548,0.152747323684011
"TGGGCATGTCAGTAAT-2","female","IN-CGE",-3.32572103901562,13.9828172319679,0.873446419839817,2.53991120117119
"TGGGCATGTTATTGCC-2","female","Oligodendrocytes",6.2294065816814,2.33345198567195,-0.072715148325008,11.2349659706872
"TGGGCATGTTTGCTGT-2","female","Oligodendrocytes",5.56363128260914,3.42945533926768,-0.282051309938472,11.0227810646813
"TGGGCCTAGAACCTGT-2","female","Astrocytes",1.74601124362293,-4.76363223855214,1.01790304482456,0.687432369164739
"TGGGCCTAGCGAGGTG-2","female","Microglia",10.2673909528667,11.3985276811866,8.58453841507908,0.126952758006368
"TGGGCCTAGCTAAGTC-2","female","Astrocytes",-6.19940401478466,6.74300390417857,-0.242327854032558,1.99563627498559
"TGGGCCTAGCTGGCTA-2","female","Oligodendrocytes",3.77335856990162,4.7068012350349,0.0744203478145183,10.9772269036095
"TGGGCCTAGCTTTGGG-2","female","Microglia",11.8916489942485,12.7213044756202,7.56953902543064,-0.415670821495738
"TGGGCCTAGTAAGGGC-2","female","VSMC",10.7445762021953,-2.52950948540883,-2.90315251051907,5.40431993263176
"TGGGCCTAGTATCGCG-2","female","Oligodendrocytes",5.9137122495586,2.50148183043285,-0.151251122350734,10.9525572563928
"TGGGCCTAGTATTGTG-2","female","Oligodendrocytes",5.74835656718555,1.17960199649615,0.762617900972325,9.92695873039177
"TGGTAAACAATAATCC-2","female","IN-MGE",-12.4908640520161,2.85083311732097,6.04385228455539,-5.19869310600349
"TGGTAAACAGGCCAAA-2","female","IN-CGE",-9.56740881367382,10.0199628465919,2.38369198143955,-9.29597980720588
"TGGTAAACAGGCCATT-2","female","OPC",-8.49562574787792,-9.39357227151112,-9.31128697096829,-5.14702541572639
"TGGTAAACATCTTGAG-2","female","IN-MGE",-11.1741964952534,2.07834207947536,6.74199528992649,-5.52521068794319
"TGGTAAACATTAAACC-2","female","Astrocytes",1.33072374896351,-5.08418458764272,-1.23309393226628,-1.8017967436988
"TGGTCAAGTGTGTGGT-2","female","IN-CGE",-2.28809524937328,13.9497542970924,0.508783891801793,-8.58517200691291
"TGGTCAAGTTGTCCAT-2","female","Microglia",5.25406192378346,-3.50751060311513,1.4991037398624,-2.04753143531867
"TGGTCAGTCAAACCTA-2","female","VSMC",12.1456849439556,-3.82778066460805,-3.03932289778714,5.49354903953484
"TGGTCAGTCAATAGCC-2","female","Microglia",11.801083312791,12.7084842317848,7.08258910477634,0.826334407500539
"TGGTCAGTCCCTCAAC-2","female","Microglia",-6.63972164555248,-9.61397117440419,8.90404982865329,0.231893768481527
"TGGTCAGTCGGTCAGC-2","female","Microglia",7.22190116481129,10.9302325838356,8.19139285386081,-0.534566590615
"TGGTCAGTCTCCATGC-2","female","OPC",-8.59160829945263,-8.78908485238271,-9.96139435469632,-6.28430492622444
"TGGTCAGTCTCCTCTT-2","female","Oligodendrocytes",4.31437038020435,4.42091566260142,0.603429391984898,10.1790596749108
"TGGTCATAGTTGCGTG-2","female","IN-MGE",-13.3600247041767,2.17126816447063,5.30966372788425,-5.36657411796638
"TGGTCCTTCAATGTGC-2","female","EN",-4.96345449848827,5.43776208098216,-3.54761080443386,-6.548273870774
"TGGTCCTTCATCCTGC-2","female","Oligodendrocytes",5.32386516169849,3.37952941592021,0.43652422726627,10.9702994133752
"TGGTCCTTCATTAGCA-2","female","IN-CGE",-3.36253334446606,14.0873199098854,0.651385858659703,-8.44264156562873
"TGGTCCTTCGAAGTGA-2","female","OPC",-9.36685015125927,-9.19369834725575,-9.60100655257229,-5.81707222206184
"TGGTGATTCCATTACT-2","female","Microglia",8.6362693174297,11.7048431032447,7.30781836808201,1.09790263133458
"TGGTGCATCCCGAACA-2","female","IN-CGE",-10.4879477159565,9.55775123770518,3.0028571635532,-9.21084243995735
"TGGTGCATCCGGTATG-2","female","OPC",-5.28932405872997,-13.3590864545556,-12.5210829228115,4.21213572280816
"TGGTGCATCGCTCACT-2","female","OPC",-8.51868177815136,-9.61381095711903,-9.01482586562161,-6.08205063087532
"TGGTGCATCGTTATAG-2","female","Microglia",9.783637748521,12.5347066515235,8.53602023423191,-0.538050839729991
"TGGTTAATCGATCAGT-2","female","Oligodendrocytes",5.32754014567677,3.18931251700206,1.13768620789524,9.60251109855584
"TGGTTAATCTAAGGTC-2","female","Astrocytes",8.27885125712696,-13.3934444791527,-1.91875807940487,-0.182609150238719
"TGGTTAATCTGCAAAC-2","female","IN-CGE",-11.5428612367695,11.6273952120094,3.43529839814182,-10.6681454871375
"TGGTTCCTCATCCTCA-2","female","IN-CGE",-10.9085447923726,11.2518668764381,3.49253459275242,-10.3491242621619
"TGGTTCCTCTGCAAAC-2","female","Astrocytes",-1.51084388657269,-0.774224460765885,1.44374532998081,-1.82474095565864
"TGGTTCTGTGGAAACG-2","female","EN",-4.83727241917309,5.01299744780345,-4.06648330389981,-6.54660970909187
"TGGTTGAGTCATAACG-2","female","Astrocytes",1.66288660601917,-3.6939715749474,-1.50558589398388,-0.642721841164317
"TGGTTGAGTCATTGTC-2","female","Astrocytes",-5.26654268665966,-3.92299360100942,-1.41853921114926,0.0929259564202168
"TGGTTGAGTTATAGCG-2","female","Astrocytes",-1.09696532650646,-4.79877990548329,0.357091978197056,1.05026571261099
"TGGTTGAGTTGAGGTC-2","female","VSMC",11.1392218931133,-3.61989730660634,-3.66659836470608,5.96710937278679
"TGTAAAGCAAGCGATG-2","female","OPC",-7.59375311299023,-6.68664115731435,0.957741335039097,1.65403132694176
"TGTAAAGCAATATAGG-2","female","OPC",-8.27460743351635,-7.77500957314687,-9.85705856978421,-5.68274957878181
"TGTAAAGCATGTCAAT-2","female","Astrocytes",-6.4859550134724,-10.9373964673729,1.17224760354038,1.97010200279168
"TGTAAAGCATTAAGTC-2","female","Astrocytes",-5.34431721134838,-4.11043781106191,1.47548051178928,-2.20212776405403
"TGTAACTCAATAACCT-2","female","Astrocytes",-2.6633255617207,-1.4098455316277,2.33343215287204,-1.52868492347785
"TGTAACTCAATATAGG-2","female","Astrocytes",-0.914988531309929,-1.34933394257741,1.48718662560459,-2.13443763000556
"TGTAACTCACCTACTT-2","female","Astrocytes",1.00998531417194,-4.86805480782704,1.23667259514805,0.658023556641851
"TGTAACTCAGCTAACC-2","female","Astrocytes",1.6426625116283,-4.55728429619985,-2.37071983515744,-0.579147765465464
"TGTAACTCATTGCGGT-2","female","Microglia",10.7560603483135,12.7156987779884,7.60942645371433,0.0551696922104695
"TGTAAGCTCGATTTGA-2","female","Microglia",11.4029071195537,12.8750272386817,7.53434176743503,-0.635629961319651
"TGTAAGTGTTTGCAGA-2","female","IN-CGE",-9.50905348225292,10.1029430025367,1.87712164223667,-9.12226803047248
"TGTAATGTCCTTGCGT-2","female","Oligodendrocytes",5.58659814433399,2.1986607306747,0.0412130504893841,10.5293232704919
"TGTATCCGTAATGACT-2","female","Oligodendrocytes",6.12110494212452,2.22426897223277,0.708208039407689,10.1027132775109
"TGTATCCGTAGGTTTG-2","female","EN",-4.93415905399975,5.35122853453441,-3.77494196593289,-6.46844179374763
"TGTATCCGTATTACCC-2","female","Microglia",9.82408402995411,12.4102855318336,7.51759715378757,1.33214201586655
"TGTATCGCAACACCTA-2","female","IN-CGE",-11.0303490297383,11.4372068041114,0.432412579660374,1.9129454399865
"TGTATCGCACAAGCCT-2","female","OPC",-8.4014036790913,-9.14510196511464,2.49515052140232,-1.79413635475227
"TGTATCGCAGCAAATA-2","female","Microglia",10.8340556486065,11.8743091219215,6.09033723175998,0.292992463282857
"TGTATCGCAGGAATCG-2","female","EN",-7.31821896000561,6.87163072760387,0.993918374185521,3.33442609565667
"TGTCAATCACCCACAG-2","female","Astrocytes",2.26620219783131,-4.85112422768788,-0.576003447170299,-0.0289017651755473
"TGTCAATCACTTAGGC-2","female","Astrocytes",-2.10404445095715,-4.60280126397328,-0.383171692485851,2.8958453442376
"TGTCAATCAGTTTACG-2","female","IN-MGE",-11.1845600740498,0.317223607852889,8.08638663590427,-6.2265604232032
"TGTCAATCATTATGAC-2","female","OPC",-8.02565218372997,-7.6540808088036,-0.530489280815166,1.75464062946251
"TGTCAGTAGCACGTTG-2","female","Microglia",-5.21083332462963,-4.63218683068471,7.54494090378757,-0.16069180709907
"TGTCAGTAGCTATATG-2","female","Oligodendrocytes",6.53274940089527,1.37131241644902,0.107413962488133,10.5211979653161
"TGTCATAAGGAGGGTT-2","female","Astrocytes",2.62426351146046,-4.3207935697289,-0.0252621024799763,-0.202780196495738
"TGTCATAAGGTCGAGG-2","female","Astrocytes",0.312725768845711,-2.60831397835927,0.624814465646702,-1.91813952667304
"TGTCCTGGTAATCCCT-2","female","Microglia",8.911398635667,12.0822759264259,8.12646861374851,-0.4230023120124
"TGTCCTGGTTAACACG-2","female","Oligodendrocytes",3.37293861941639,4.59877020056529,0.883001163606602,11.7377707268517
"TGTCCTTCATCGCTCC-2","female","Astrocytes",1.43529723719898,-3.94841474358754,-2.25167350470547,-0.467432448693003
"TGTCCTTCATGTGGGA-2","female","OPC",-9.51051260395702,-9.07193130318837,-10.054712340231,-5.36729700309822
"TGTGAAACAGTTAAAG-2","female","Astrocytes",0.6201628311092,-4.26909917657094,-2.12588386237149,-0.820231268234935
"TGTGAAACATCATGGC-2","female","Endothelial",-1.30578936501202,-15.5354322797509,-3.0594318360043,3.62216108100823
"TGTGAAACATGCTTAG-2","female","Oligodendrocytes",6.20305417613331,1.20158535177989,0.253189280633885,9.85211150901726
"TGTGATCAGGTGAAAT-2","female","Astrocytes",-3.66140223904308,-2.19611495797353,2.63320989907261,-1.75812465889045
"TGTGCAAGTGAATCGC-2","female","Astrocytes",-0.418799644846287,-4.82305139367299,-1.80284337698941,-0.884441087074961
"TGTGCACCAACTAGCC-2","female","IN-MGE",-11.2405722276753,1.89726889069362,0.910483792428929,2.23950951354912
"TGTGCGCAGGACCTCA-2","female","IN-MGE",-13.7193749086445,1.74769911105914,4.60270161927219,-5.64456636650154
"TGTGCGCAGTAGCTTA-2","female","EN",-4.84405018253979,5.75009924109264,-4.16698674857144,-6.6144393180091
"TGTGCGCAGTAGGCGG-2","female","Endothelial",-1.27773256464657,-16.0344538099022,-3.02827052771572,3.74748962181023
"TGTGCGCAGTATTGTG-2","female","Microglia",11.8394772870952,12.1623445146827,7.9154262095737,0.320945491961751
"TGTGCGGGTGCTCCAC-2","female","Pericytes",7.65342591838184,-10.9574427015038,-3.79740409552578,4.27583687560967
"TGTGCTGAGACAGGCG-2","female","Astrocytes",1.64158032969776,-5.58599609200673,0.376588180665928,0.172240784339223
"TGTGCTGAGATAAAGC-2","female","Astrocytes",0.86612104014698,-5.58617585961537,-2.35927288233761,-1.52866489631721
"TGTGCTGAGCGCTCAA-2","female","Astrocytes",-0.193721546370354,-4.64707368676381,-0.0166251510334431,1.37321432488373
"TGTGCTGAGTCATTAG-2","female","Astrocytes",2.51161240176502,-4.93933337990956,-0.780070830131811,-0.23957843525001
"TGTGGAGCAGGTTAAA-2","female","IN-CGE",-10.9477446214741,11.5290017717628,3.02501507103916,-10.3985150550086
"TGTGGAGCATTGTGAT-2","female","Microglia",10.6232983930523,13.0614514940528,7.68452735245701,-0.0216239188391826
"TGTGGCCAGCTCAAAC-2","female","OPC",-9.15595556660351,-8.78126376931386,-9.381484076376,-5.01282484275886
"TGTGGCCAGGTGTTAC-2","female","EN",-5.93631912632641,6.38923650915904,-0.0681720823002278,2.44167857425622
"TGTGGCCAGTGAGGGT-2","female","Microglia",10.3305461271221,12.1528668993263,6.49358363450046,0.444796731642995
"TGTGGCCAGTGCACGC-2","female","Pericytes",7.83184789256397,-13.2963051206322,-4.09579138457302,4.4634939934533
"TGTGGCGGTAGCAGCT-2","female","Microglia",11.1236550672466,12.8144069307594,8.0981130152988,-0.0555945132453105
"TGTGGCGGTTGGCGTG-2","female","Endothelial",-1.24987460537609,-15.3654760724755,-2.9212220162106,4.14468829887322
"TGTGGCTCAAGGAATC-2","female","Pericytes",7.66501878337208,-11.0188602811547,-1.85308806597714,3.74205892341546
"TGTGGCTCAGTTTGTG-2","female","Pericytes",7.79887746409718,-11.2314180738183,-3.94207029044155,5.05223863380364
"TGTGGCTCATTGTGAT-2","female","Oligodendrocytes",5.64418719844166,2.49249136383815,1.00096960366245,9.65045135276726
"TGTGTGAGTAAATTGC-2","female","IN-MGE",-11.344647659499,2.12586706812663,6.72211833298679,-5.16471607429573
"TGTGTGAGTAAGGTCC-2","female","Microglia",10.4247214658672,11.4381290071754,7.16584105790134,-0.341062972374644
"TGTGTGAGTAGTTAAC-2","female","Endothelial",-0.971102102238502,-15.314120710537,-2.26927988230709,3.31258147018364
"TGTGTGAGTCACAAAT-2","female","EN",-5.19244457646069,5.49216443236156,-3.92116336524014,-6.5440800879676
"TGTGTGAGTTAGCTGA-2","female","IN-MGE",-11.7227442400044,2.68690854246898,6.46804137528415,-4.97254020912239
"TGTGTGAGTTTGCGCC-2","female","IN-MGE",-11.2805969850605,2.14320701296611,6.87858434021946,-5.46335060340949
"TGTGTTAAGATGGACA-2","female","Astrocytes",-1.98719097538647,-0.294544399425553,2.73705954850193,-1.59250004036018
"TGTGTTAAGCGGATTT-2","female","Microglia",-4.95884252949413,-3.67754358117299,-1.23147474228863,0.142322292498861
"TGTGTTAAGGTCCAAT-2","female","Endothelial",-1.1608544723576,-15.389954984829,-2.83551912009243,3.66287057655266
"TGTGTTAAGTGAGAGC-2","female","OPC",-8.82811094685253,-8.28187602822499,-10.5752516239834,-5.73726303321907
"TGTTACTTCCTAGTTT-2","female","Astrocytes",-4.00240279598888,-3.91805356805043,0.402690961961705,2.565158059768
"TGTTACTTCCTGGTGA-2","female","Astrocytes",1.28907643393818,-5.66653865639882,-1.13613544404034,-0.907919833489146
"TGTTACTTCTAGCTAA-2","female","Pericytes",8.07235597209278,-13.5516046888085,-3.98025231062893,4.76566880004815
"TGTTACTTCTTAGCCC-2","female","Microglia",4.16612599925343,-4.48294633691029,0.256899192933995,-3.75459701759407
"TGTTAGCAGAACAAGT-2","female","Microglia",11.8392531736309,13.223157464817,7.39859290421482,-0.614573428459849
"TGTTAGCAGTTCCTCA-2","female","Astrocytes",1.7301778657848,-4.98927825753407,-1.10683993994717,-0.760636398621287
"TGTTCATTCCCGAAGC-2","female","Astrocytes",-0.0622711615150832,-1.98331731621938,0.868318513040501,-2.02132780296394
"TGTTCATTCCTCCCTC-2","female","OPC",-9.507715477187,-8.32803958718495,-10.0924501866055,-5.75655109626838
"TGTTCATTCGGTACGC-2","female","Astrocytes",0.737103567879829,-5.14022249047475,-2.05966691672329,-0.959514925308909
"TGTTCATTCTAGCGAT-2","female","Astrocytes",0.401620791714821,-5.31346458260732,-2.21857492625241,-0.384565064736094
"TGTTCCTCACTTAGGC-2","female","Microglia",11.8428609235698,12.3421970003395,8.45978064835544,-0.34701366169044
"TGTTCCTCAGTAGGTG-2","female","Astrocytes",1.8437180383617,-3.84160131280141,-0.826014507557195,-0.419749686547007
"TGTTGCACACCTAAGC-2","female","Oligodendrocytes",6.16517852382008,2.15995711024089,0.285149767999607,10.5392081047814
"TGTTGCACATGTTGGC-2","female","Astrocytes",0.839747176926765,-4.79760736291127,-2.40118853747372,-1.18631870491096
"TGTTGGCCAAACTGTT-2","female","Astrocytes",-0.0149344937389754,-5.04579061333852,-0.969775363798183,-0.461624572106089
"TGTTGGCCAAGCGATG-2","female","OPC",-8.08779407902416,-8.46200698678212,-9.34142212569241,-6.37345344764778
"TGTTGGCCAGGAATCG-2","female","VSMC",11.6554705961162,-2.54279846017079,-3.44700579344754,6.11720865028313
"TGTTGTAAGCACGTTG-2","female","Microglia",10.2831790311748,12.9391532533912,7.81803984940525,0.11152224796227
"TGTTGTAAGCGGTTAT-2","female","Microglia",11.5826394422466,13.2009702318458,8.33812995255466,-0.467078873940196
"TGTTGTAAGCTTCCCG-2","female","Oligodendrocytes",3.57936929301563,4.67303830321117,0.712107732896763,10.8406340386193
"TGTTGTAAGGCTACTG-2","female","Microglia",8.74366353587452,11.7943454378395,7.75830359757419,0.178633680514608
"TGTTGTAAGGGTGGAT-2","female","Microglia",-6.48982454701122,6.77607446844859,0.44145472348209,2.87206344860009
"TGTTGTGCACTAAGTT-2","female","Astrocytes",0.0741460783893205,-4.85653442208485,-2.036668583746,-0.740344116516795
"TGTTGTGCAGGAACCA-2","female","IN-CGE",-8.85515810414013,10.8101087206153,1.18291063607212,-9.01636631233283
"TGTTGTGCATAGCGAG-2","female","Oligodendrocytes",5.07187818126026,3.66698747809215,0.798314645891148,9.8558165337365
"TGTTGTTTCGCGCTAA-2","female","OPC",-7.82691027088818,-8.50392860238271,-10.4010248631192,-6.06313831550666
"TGTTGTTTCTCACATT-2","female","Microglia",12.0324590070659,13.1582589739112,6.31465907395359,0.138048639468465
"TGTTTGTTCAAGCTTA-2","female","Astrocytes",-1.04772682352718,-1.36895436112599,0.821690991525608,-1.2984266970832
"TGTTTGTTCCTCATGC-2","female","VSMC",11.1149747236187,-3.22974151437001,-2.99195675551419,4.91741054313592
"TGTTTGTTCGCGCTAA-2","female","Astrocytes",0.977430449288521,-5.4084605581017,-2.18201391398434,-0.348270008393016
"TTAAAGGCAGCTTACA-2","female","Astrocytes",1.92468594149891,-3.9889630681725,-1.4171098321629,-0.680311033554759
"TTAAAGGCATTAAACC-2","female","Microglia",4.11594699458424,-4.27891963784413,0.605599835519749,-3.79947502357551
"TTAACCAAGCCAGTAT-2","female","Microglia",11.5928246839458,11.8389516466407,8.34105964005466,-0.142646500893321
"TTAACCAAGGCACAGG-2","female","Astrocytes",3.00130199031178,-4.056214750454,-0.342536553735775,-3.848979780503
"TTAACCAAGTTGTCCC-2","female","VSMC",11.5533912046367,-3.07126277749257,-3.61505989729885,6.00544660346917
"TTAACTGAGACAAGTG-2","female","IN-CGE",-8.58973146839794,10.7696996324806,1.07778413594242,-9.55006916267463
"TTAACTGAGCCTCTCG-2","female","IN-CGE",-12.0093014375752,8.73357015784068,3.39185424149509,-8.53903610450813
"TTAACTGAGTCACTCC-2","female","VSMC",10.8873097761089,-2.67257589165883,-3.66724424063687,5.52510946052483
"TTAAGCCAGATTGAGG-2","female","Astrocytes",-0.722218571740951,-2.4235562688561,-0.0852261632633625,1.21769805806092
"TTAAGCCAGCGCAATT-2","female","IN-MGE",-11.7667343751973,2.47523456747813,6.41009564698215,-5.50675041420051
"TTAAGGACATAAGGAC-2","female","Astrocytes",-4.10000039501842,-3.14140647713857,2.08209152520176,-1.68553573829719
"TTAAGGACATCGCTCC-2","female","Oligodendrocytes",5.61069940165821,2.23143672879024,0.247275665407139,10.2655121590417
"TTAAGGACATCGCTTT-2","female","Microglia",8.85018991069141,11.8651013963966,7.88161082566257,-0.352458665199961
"TTAAGGACATTGGGAG-2","female","OPC",-9.40463472767529,-8.71752017800526,-9.18439488112454,-6.44055969459602
"TTAAGGTGTCATCAAG-2","female","Oligodendrocytes",3.53972982005421,4.67305761511607,0.654131248598057,10.4796807076257
"TTAAGGTGTGATGATT-2","female","Astrocytes",1.31518934802357,-5.27708476845937,0.705679133539158,0.285346021823201
"TTAAGGTGTTCGCTTG-2","female","Astrocytes",-0.430555927146044,-4.86989253823476,0.44311602414127,1.03239802079609
"TTAAGTGTCCTTAGGG-2","female","IN-CGE",-10.9641773836201,10.8046374910621,3.3826121836948,-10.0555089209754
"TTAAGTGTCTAGCTAA-2","female","Endothelial",0.133470342915688,-15.1907781964989,-1.92579381167416,3.57763355033806
"TTAATCGAGCATTTCT-2","female","IN-CGE",-10.8998568193501,11.4656224840431,3.22721429169651,-10.4311688636024
"TTAATCGAGTAAGTGG-2","female","Microglia",10.3392007215435,12.8484807604103,8.39732165635105,0.00677668111732987
"TTAATCGAGTTAGTTG-2","female","Microglia",11.576868758958,13.0786548250465,8.23066039383884,-0.225444385834422
"TTACACCGTACCAGGT-2","female","Microglia",7.52940629557911,9.32177692587657,-3.44311241805081,5.35840957420281
"TTACACCGTATTCGCT-2","female","Microglia",10.6962935789043,11.9957576387672,5.95990128815647,0.231888344458852
"TTACACCGTTACTTCA-2","female","VSMC",11.0885770185405,-3.59807771508412,-3.26478223502163,5.31290118949822
"TTACACCGTTCAAGCA-2","female","Astrocytes",1.87088631228748,-5.07320779626088,-1.71316646039013,-0.881311843224253
"TTACACCGTTGTAAAC-2","female","Astrocytes",-3.70706869526562,-2.32958382432179,2.66518564522739,-1.76991755706855
"TTACAGCAGCCTCTGT-2","female","Microglia",11.2172438962871,12.1932178133277,8.2928094416904,-0.558355638809886
"TTACAGCAGCTTCTCA-2","female","Astrocytes",-0.935740633446541,-1.10744828049855,1.2434885054874,-1.68908531410285
"TTACAGCAGGCTTAGT-2","female","Pericytes",8.09984181956593,-12.5596832639428,-4.49445347487454,5.15135925071648
"TTACCGTGTTCCATTA-2","female","Oligodendrocytes",5.45314572886768,1.50170167005791,0.41651530564304,10.6409422661584
"TTACCTGTCAATACGC-2","female","IN-MGE",-11.3043568269795,2.02529954846187,6.52965636551853,-5.62622148735115
"TTACCTGTCACGCATG-2","female","Oligodendrocytes",2.49648474292103,4.77985364134593,-0.0280065387440144,11.3535744454186
"TTACCTGTCCCTCAAC-2","female","Astrocytes",2.7281026704723,-4.1324390775414,-2.43006984889035,-1.15843636734077
"TTACCTGTCTCACTAT-2","female","Astrocytes",1.80202601985279,-5.69774764840321,1.24445410073276,0.614054938725744
"TTACGTTTCGGTCAGC-2","female","Microglia",-6.3733127252644,-10.6354946500512,0.030271843080479,-3.61063654167243
"TTACGTTTCTCGACCT-2","female","Microglia",-6.3254349367207,-9.49625724618153,8.74987788498874,-0.0280954335410258
"TTAGAAGCAGCTTACA-2","female","Oligodendrocytes",5.96789287165943,0.865081488445236,0.581575825815159,11.5647503639977
"TTAGACTCACCAACCG-2","female","Microglia",4.16869615153614,-4.27022403542714,0.341038182382542,-3.96311456901618
"TTAGACTCATTGTCAG-2","female","Oligodendrocytes",3.62187312678638,4.71300440962596,-0.214551731939357,11.3925453926843
"TTAGCAGGTCCGGTTC-2","female","Pericytes",7.76949189738575,-11.1509489423485,-3.46611265837674,5.11459224479607
"TTAGCAGGTGAATCGC-2","female","Microglia",8.87448571757618,12.2758594148902,7.36754603684421,1.32515417592934
"TTAGCCTGTCAGGCAT-2","female","Microglia",7.08366893367115,0.924768506839706,6.96044774353977,3.27251045959405
"TTAGCCTGTTTATGGG-2","female","Pericytes",7.61512921885792,-10.9745087033959,-0.96113641559605,3.65056817787102
"TTAGCGGTCACGTTAA-2","female","OPC",-8.39614273472485,-9.7249626523705,-9.15594010054592,-6.35199100715705
"TTAGCGGTCATAATCG-2","female","Microglia",7.16946052150074,10.8434215181617,5.97269482911106,0.335813870600972
"TTAGCGGTCATGTCAA-2","female","IN-CGE",-7.96390224857983,10.6734395616798,1.15862961113926,-9.244891474076
"TTAGCTGCAAGGTCGA-2","female","IN-CGE",-9.13199926777538,11.6064353578834,1.38886089623447,-9.49599106056282
"TTAGCTGCAATTAGCT-2","female","Microglia",7.58256982402149,-12.5252193814965,1.08558614552494,0.853323487512384
"TTAGCTGCAGCTCATA-2","female","Astrocytes",1.18157635764423,-4.13331693474965,-2.03038971125607,-0.974675724335398
"TTAGGAACAAACTGTT-2","female","Oligodendrocytes",6.4226233823711,0.903093694999648,0.174430444841343,11.1475703026574
"TTAGGAACAACTAGAA-2","female","EN",-5.58818127079662,6.52194601233287,-3.75312070548062,-6.81428177101203
"TTAGGAACACCATATG-2","female","IN-CGE",-11.1359970705098,11.6852870577125,3.14933772385593,-10.5339854453284
"TTAGGAACAGGAACAT-2","female","EN",-4.77326370640453,5.53163772757335,-3.85619024931912,-6.42688925010749
"TTAGGAACATTGTCAG-2","female","Microglia",11.564116225999,13.1482549303321,7.77912993729587,-0.225885579415049
"TTAGGATGTAAAGCGG-2","female","VSMC",11.891059623521,-2.84123319451527,-3.37905840575222,6.10438649909905
"TTAGGATGTGTTGCAA-2","female","EN",-5.288148655135,6.39892440970225,-0.795089367772382,2.13610260742119
"TTAGGATGTTAGTACG-2","female","IN-MGE",-14.4124138490742,0.891817151859237,4.28877921402927,-5.76455242378303
"TTAGGATGTTATCGAG-2","female","Oligodendrocytes",5.3481981618816,3.63822704489513,0.156264498834568,10.8157870079797
"TTAGGATGTTCATTTG-2","female","Microglia",11.7672307355816,13.3029285066871,8.50115771592136,0.227407803706441
"TTAGGCCCAGCTACGT-2","female","Astrocytes",-0.143551750618782,-2.07419389550404,1.15720207989689,-2.03429681999275
"TTAGGCCCAGGATTAA-2","female","OPC",-9.04008985920605,-9.4943775541039,-9.83274368941311,-5.64130718452522
"TTAGGCCCATGTGGGA-2","female","Oligodendrocytes",4.35710834101978,-2.12728256051259,0.419850185518223,11.8424078728478
"TTAGGCCCATTAAGTC-2","female","Oligodendrocytes",-6.82100750370678,6.19532924826427,0.926822975282627,3.16413157241753
"TTAGGCGTCAATGACC-2","female","IN-CGE",-11.6674473421162,11.4960198992042,1.17582006752964,1.22553678410462
"TTAGGCTAGCTATTAG-2","female","Microglia",11.6571032865459,13.0037704103736,8.13291926682468,0.611277570895467
"TTAGGCTAGTAAGGGC-2","female","Astrocytes",-0.33003510399517,-4.54466146294789,-2.01803652941708,-0.663051197357859
"TTAGTCAAGGGTGAAC-2","female","OPC",-5.49742437763866,-13.0006765729638,-12.5116777867032,4.2469138409417
"TTAGTCAAGTAAGGGC-2","female","Astrocytes",-9.53548170490917,10.1339488619117,1.91954036057468,-9.27104122383186
"TTATCCGTCACTTTAC-2","female","Astrocytes",-2.01051367684063,-1.10004442994313,1.49310274422641,-1.83991200668403
"TTATCCGTCCCAGTAG-2","female","Endothelial",0.725769267838631,-14.7002596265526,-2.94962792098049,5.00036351936272
"TTATCCGTCCTAGTTT-2","female","OPC",-7.96736551685986,-9.26323932473378,-9.6188755482388,-5.44985944969245
"TTATCCGTCTTGGACG-2","female","IN-MGE",-11.9422714845723,1.46024676348252,0.779648259286839,2.96806519287041
"TTATCCTAGAGGAGGA-2","female","Endothelial",-1.17733616991695,-15.9015879041405,-3.04167132079129,3.5532213951867
"TTATGACCACGAATTT-2","female","Astrocytes",1.58021758632008,-5.48197358910756,-0.710521340365451,-0.111926982231822
"TTATGACCAGACAAAC-2","female","Astrocytes",1.139106498521,-4.79586643044667,0.319199517373997,0.165819397143636
"TTATGCGCAACACCTA-2","female","VSMC",11.8262631757671,-4.21219295327382,-3.22520379721646,6.08304374473504
"TTATGCGCAGGTATTT-2","female","Pericytes",7.77410958842579,-11.4245724088402,-4.13020806014065,4.89089100616387
"TTATGCGCATATAACC-2","female","VSMC",11.5557515485698,-2.97841924493031,-3.51423601805691,6.19511192100457
"TTATTGCTCACCAATA-2","female","Astrocytes",2.41560815409962,-4.6450852758141,-1.94715814291958,-1.5144649241645
"TTCAACCGTCAATGTG-2","female","IN-CGE",-10.9820034639424,10.2218423479347,0.107711926107365,3.31615274208001
"TTCAACCGTGCATTTC-2","female","Oligodendrocytes",4.61773227290455,4.28899270232005,0.018276587133366,11.5219303871911
"TTCAACCGTGGATTCA-2","female","Astrocytes",2.17599390582386,-4.54523986642079,-0.424677804107708,0.0162476207535603
"TTCAACCGTGGCTTCC-2","female","Astrocytes",2.17464254931751,-4.72451394860463,-0.221610888834041,-0.129826018639292
"TTCAACCGTTCAAGCA-2","female","IN-CGE",-10.658705963332,10.0960250490455,2.60722465813633,-9.42931778175422
"TTCACTGTCAGCACGC-2","female","Microglia",11.7571284635479,12.7918086641578,7.68938441575046,0.274991681746755
"TTCACTGTCGCATTAA-2","female","OPC",-8.33012176914867,-8.93778175179677,-9.72390083968167,-6.18076212150642
"TTCACTGTCGTCATTT-2","female","Astrocytes",1.41290436820332,-5.04789060418324,-1.9600106924725,-2.30842716438362
"TTCAGCACAACACCTA-2","female","Endothelial",-1.24987555905041,-15.8389257795067,-3.21176891028408,4.79673044937066
"TTCAGCACAACGTGCT-2","female","Astrocytes",10.5206487043316,-2.20491808716969,-0.898619525129837,-3.54118854744026
"TTCAGCACAACTCGCG-2","female","Astrocytes",1.89497374133411,-3.06913989846425,-0.633653178806347,-0.786729643173899
"TTCAGCACACAACCTA-2","female","OPC",-8.51223398609814,-8.76098007027821,-10.372523352499,-5.56554062110969
"TTCAGCACACCTGCCT-2","female","Oligodendrocytes",4.35450004176441,4.34792500670238,0.616518095140416,10.9590422417443
"TTCAGCACAGGAAGCC-2","female","Microglia",11.5774590833599,13.1376023882179,7.69567866623874,-0.283501097984996
"TTCAGGTAGACAAAGT-2","female","Oligodendrocytes",7.06648658351246,0.988648413970901,-0.0523610562038838,11.2749993111413
"TTCAGGTAGGAACCGG-2","female","OPC",-8.35292745991405,-9.2883581525536,-9.19380097090725,-5.21150572044441
"TTCAGGTAGGCACAGG-2","female","Astrocytes",5.01741908625904,-3.83423656289296,-0.386983826751751,-3.38990671379158
"TTCAGTTTCTAATCAG-2","female","Oligodendrocytes",4.79341720179859,4.09233599837108,0.353758528833348,11.6482655312341
"TTCAGTTTCTAGCGAT-2","female","Microglia",8.69084046916309,10.9674058550148,0.935273602609593,3.54728262679986
"TTCATCCCAACCGCCA-2","female","IN-MGE",-11.8810408250874,2.35384893353267,6.50874657929416,-5.65024406654426
"TTCATCCCACCTATAG-2","female","Astrocytes",-1.4273356930798,-0.678038061306046,2.2168669253635,-1.40093929512092
"TTCATCCCAGCCTTGG-2","female","Microglia",11.1583287580425,12.3267436617164,7.20452781022068,0.574577620200429
"TTCATTCAGGAGCAAC-2","female","OPC",-8.38671900196728,-8.79588931863026,-9.06437878310208,-5.90116340858528
"TTCCACGGTGGATTCA-2","female","Microglia",9.70005296305958,12.4486308687477,7.80925174057956,1.50734495180062
"TTCCACGGTTAGGCGT-2","female","OPC",-7.94133497639355,-8.99044460122304,-10.1203213185025,-6.58083946449348
"TTCCACGGTTATCCTA-2","female","Microglia",11.8901984556133,12.6260419481544,7.44174952805515,0.977807117573533
"TTCCACGGTTTGCAGA-2","female","Microglia",9.21998380259815,12.334991990879,7.68436808884617,-0.215968797035899
"TTCCCACAGCTCCTAC-2","female","Microglia",7.35226081446949,10.123077928379,6.68928046524997,2.08610086696557
"TTCCCACAGCTTCTCA-2","female","Oligodendrocytes",2.09707974032703,4.82645803625865,0.230138733987767,10.6374270226281
"TTCCCGCCACCTGTAA-2","female","Microglia",-11.0864908830708,9.1828480356483,5.37087006867405,0.531278481654439
"TTCCCGCCACTCAACA-2","female","Microglia",10.7224624021465,13.1007428758888,7.74981875718113,-0.750512192078318
"TTCCCGCCAGCCAGTT-2","female","Astrocytes",1.16123508052174,-5.71956819359975,0.426361992959935,0.111053338221822
"TTCCTCAAGCTATTGA-2","female","Astrocytes",-1.60227419300732,-4.59844201867299,0.716494873170811,1.1964677776616
"TTCCTCAAGTAACCCG-2","female","Astrocytes",-3.75518132610973,-3.24309486214833,0.894204452638585,-1.99762065155097
"TTCCTTCTCAAGCCTG-2","female","OPC",-9.45875574513134,-9.32900947396474,-10.5998840779019,-5.45664818031379
"TTCCTTCTCGCTAGTG-2","female","IN-CGE",-10.8266470567768,9.72449642355724,3.064973786478,-9.34649879676887
"TTCCTTGAGCACTAGT-2","female","IN-MGE",-12.4310667650288,3.05062323744578,6.24806304276462,-4.51634247047492
"TTCCTTGAGTAGCCAT-2","female","Endothelial",-0.789921505886879,-15.7084917432518,-2.44238071143154,4.58572547691277
"TTCGCAACAGGCATGA-2","female","Microglia",-6.25483204289135,-10.5696892148705,-2.0836347788525,-0.138925978966441
"TTCGGTACAAATTGCT-2","female","Astrocytes",-3.59816314144787,-2.41967290703969,2.21004863083835,-1.58299476844856
"TTCGGTACAGATTCAT-2","female","Astrocytes",1.70844601229969,-5.82451337640004,-2.39162950217251,-1.55802066070625
"TTCGGTACAGGCCAAA-2","female","OPC",-9.45569349690136,-8.74076503579335,-0.735014721746486,2.91447727935723
"TTCGTGCTCAGAAACG-2","female","Microglia",11.7981431348735,12.0932584398536,7.56562609971042,0.434211661986623
"TTCGTGCTCATGGCTG-2","female","IN-CGE",-9.13780905171093,12.3415094011573,1.25542087853428,-9.76693660957405
"TTCGTGCTCGCTCCAT-2","female","Astrocytes",1.85382674769703,-5.77970498864369,-1.99742500483517,-0.479005644150462
"TTCGTTAGTTCCATTA-2","female","VSMC",11.1254451139385,-2.52483266656117,-3.91701297461514,5.31437127845696
"TTCTTAGGTAGCTAAT-2","female","Endothelial",-0.427256389099922,-15.9615015393944,-1.86676089465145,3.62316029327324
"TTCTTAGGTTATCGAG-2","female","IN-CGE",-12.446903480727,2.40849858458324,6.13020749390598,-4.81084043724128
"TTGACATCAATGAGGT-2","female","Astrocytes",-1.42029566927608,-0.667308748409318,1.69960947335239,-2.18939120513984
"TTGACATCAGTTAGCC-2","female","Pericytes",7.94370244578663,-13.4487232572289,-4.21266894042019,4.89595406310967
"TTGACGTAGCGAGTAA-2","female","Microglia",7.06317304210011,10.450470506504,7.20913977921482,0.137493720225606
"TTGACGTAGCGCATTG-2","female","Oligodendrocytes",4.18283771113697,4.49604493315501,0.435619190340001,11.4002825524133
"TTGACGTAGCTAAGTC-2","female","Astrocytes",0.312249050896797,-3.20143264596181,-2.36579720675473,-1.05294592125007
"TTGACGTAGTAACCAC-2","female","Astrocytes",-4.68159605427441,-3.59595006768422,-1.70157389342312,-0.554598638840403
"TTGACTAAGCTTTGTT-2","female","Microglia",11.8311602933818,13.1668868654518,8.46294112504001,-0.471597859688487
"TTGACTAAGGACTTAC-2","female","Oligodendrocytes",5.85203193263355,1.08093777234836,-0.11887572705273,10.6860024239343
"TTGACTAAGTAACTCA-2","female","OPC",-9.16718603535351,-8.94408744637685,-9.1144752949429,-5.60242540580818
"TTGAGCTAGTAGGATG-2","female","Microglia",11.0811526639873,12.4514718645362,7.72216506302829,-0.341969320603099
"TTGAGGCGTTGCTTCG-2","female","Microglia",8.21078656749073,10.8352637880592,7.83681578934665,0.697716465167318
"TTGATGTCAAGGGTTG-2","female","Astrocytes",0.878172503274117,-4.68909591500478,-0.945713728661579,-1.97475917083808
"TTGATGTCAGGTTCAC-2","female","Oligodendrocytes",2.58606766299549,4.93065935309215,0.238753750925022,11.2056080605309
"TTGATGTCATAAGGAC-2","female","Astrocytes",1.44979117945972,-5.51104015176015,-0.796798933292669,0.275820365123067
"TTGCAACAGCTTAACA-2","female","IN-CGE",-9.06381822987255,12.5350061052589,-1.00831998884205,-0.138231823273387
"TTGCAACAGGACCGCT-2","female","Oligodendrocytes",2.80867408351246,4.83972269232555,0.5448219329166,9.16418903129509
"TTGCAACAGGTCCGTA-2","female","OPC",-9.534646286208,-8.54083103005605,-10.1179914921475,-5.75585205299446
"TTGCAACAGTCCTTTG-2","female","IN-MGE",-11.9290259019917,3.06732350523753,6.33511681855198,-5.24471027595588
"TTGCAAGGTAACTACG-2","female","IN-MGE",-14.5178244249409,1.2681774490623,-0.159159287805599,2.07236736076287
"TTGCAAGGTGTTGCTT-2","female","Oligodendrocytes",5.38983319835011,3.52766376669688,0.546303704385716,10.6027485634606
"TTGCAAGGTGTTGTGA-2","female","VSMC",11.1138694150859,-3.10822242562489,-3.20922140776638,3.93891756790093
"TTGCAAGGTTAACGAT-2","female","EN",-6.16522718830761,6.71130281622691,1.1555568724918,2.41476934211663
"TTGCAAGGTTAGGACC-2","female","Oligodendrocytes",2.29794334010426,4.93552666838451,1.04193504155155,11.5522219445031
"TTGCAATCAACAGGAT-2","female","Astrocytes",-1.83392120762524,-0.570689857646989,1.8143269568729,-1.73129327041694
"TTGCAATCACAAGCCT-2","female","Astrocytes",-1.12618400021252,-1.03661245171742,1.24848242104526,-1.92878324729988
"TTGCAATCACTGGCTG-2","female","Microglia",-5.35850836201366,-3.79267352883534,-2.64466755091671,-0.042712518997874
"TTGCAATCAGGCGATA-2","female","Microglia",-5.00471617146191,5.57534891302867,2.1699485331821,-2.39216692192146
"TTGCACACACGGTTTA-2","female","Astrocytes",-6.4064610139912,-10.9519647962304,-8.1251330822659,-5.18186695320198
"TTGCACACAGCTTAGC-2","female","OPC",-9.24671293659862,-8.84477371041493,-9.22932343184475,-5.82586986763069
"TTGCAGCCAAGTAAGC-2","female","Astrocytes",-3.73928476734814,-2.41780966584401,2.03284044564243,-1.4999967311103
"TTGCAGCCACTTACAG-2","female","Microglia",8.34236215190235,9.16311079199596,6.70054574311252,0.783865263633046
"TTGCATTTCCGCCTAT-2","female","Oligodendrocytes",5.84283326701466,2.07472103770061,0.351613953714329,10.2449728752892
"TTGCATTTCGCGACAC-2","female","IN-CGE",-10.2569143907612,12.1472497576026,1.29778213799472,-9.78020889503547
"TTGCCCGTCAGGCTAT-2","female","Astrocytes",2.04321216182056,-5.26768773858266,-1.57608316838269,-1.41219026786872
"TTGCCCGTCCCATAAA-2","female","Astrocytes",2.51145146922413,-4.11373752419667,-1.30764029919628,-1.99055917007514
"TTGCCCGTCTTGCAGG-2","female","Endothelial",-0.33386409147438,-15.6415590650292,-2.29427139460568,3.80163495796135
"TTGCGAGTCAGTATTG-2","female","EN",-4.89672829075512,5.39667111571117,0.496737077836949,1.8644367958825
"TTGCGAGTCCCAGTAG-2","female","IN-MGE",-11.1362822191304,2.12959021265788,6.75702519715305,-5.62069637519905
"TTGCGAGTCCGTTAAA-2","female","OPC",-9.29416014118847,-9.10602134530263,-8.77072434126858,-4.54516012413093
"TTGCGAGTCGGCCAGT-2","female","Microglia",11.5688435895855,12.8244443529396,7.61877913773533,0.171098759345327
"TTGCGTCTCAAGGACA-2","female","IN-CGE",-9.20796801014599,12.3174014681129,1.24157734215732,-9.82651645881721
"TTGCGTCTCATTTAGG-2","female","Microglia",11.1229941709453,11.8072114580421,7.87904162705417,-0.332502672501292
"TTGCTCTCACTTGTTC-2","female","OPC",-9.74451948567089,-8.79976505105214,-9.61531548201565,-6.11403066856452
"TTGCTCTCAGTCTATG-2","female","EN",-5.39909817143139,5.31321936781688,6.16961283982273,-5.25137455207893
"TTGCTCTCATAACGGG-2","female","OPC",-9.11122347279247,-9.14849323098378,-9.83092598616604,-4.97510750038215
"TTGCTTAGTCGCAATA-2","female","Microglia",3.37897561625782,-4.62704843346791,6.38335604966159,2.08596830623559
"TTGCTTAGTGAGGTGA-2","female","Oligodendrocytes",4.77944539622608,4.07959324057384,0.257161453371006,10.6528775002282
"TTGCTTTAGCCTAATA-2","female","Astrocytes",1.19011305407825,-4.46767181222157,-2.39198414980893,-1.2143202517707
"TTGCTTTAGCGGATTT-2","female","Astrocytes",-1.77143265171703,-1.38659995858388,1.25408048928257,-1.48461110336372
"TTGGAGGCAACTAACT-2","female","OPC",-8.97376848622021,-8.03168433968739,-9.52410988509182,-5.44909555656501
"TTGGAGGCAAGGTAAC-2","female","Oligodendrocytes",11.4973533018047,-2.75822442834096,0.730093076829869,9.90174262779168
"TTGGAGGCATGAGCAG-2","female","IN-CGE",-10.7385656969136,10.411688386753,3.13757868111606,-9.43979007942268
"TTGGATATCAGCAAGA-2","female","IN-MGE",-11.3762447969502,0.102537333324386,7.38516707718845,0.475871702603612
"TTGGATATCCTAAGTA-2","female","Pericytes",7.77506707743946,-12.7061590558739,-3.89550904929165,4.55682509200982
"TTGGATCAGGCGCACT-2","female","Oligodendrocytes",5.53787158564869,2.34330928261561,0.455496743326146,11.3936468865197
"TTGGATTCACAGAACG-2","female","Astrocytes",-0.169790937144127,-4.7314175969811,0.996146395807225,0.356077244452749
"TTGGCGGGTCCGTGAG-2","female","Astrocytes",0.68966065482441,-5.3942217237206,-1.70224396883969,-1.24822146637031
"TTGGCGGGTGGTTATG-2","female","IN-CGE",-14.6106569902485,1.07155942852779,0.808986976747471,2.86629371898583
"TTGGCGGGTTAGCAGC-2","female","Endothelial",-0.309043987233009,-15.7711805707665,-3.27687196433071,3.81461303489617
"TTGGCGGGTTTCCGGC-2","female","IN-MGE",-17.7799856798237,4.65536481077952,4.90202899277683,-5.89653713447639
"TTGGCTACACAAGCCT-2","female","Oligodendrocytes",5.77965329722706,0.886867760971023,-0.280760690565151,10.9669586922448
"TTGGCTTGTCAATGTG-2","female","Oligodendrocytes",6.32163213328663,1.70354802842422,-0.049504026765865,11.1251704003136
"TTGGCTTGTCCAAGAC-2","female","Oligodendrocytes",4.6128523214275,4.24480682547374,0.2533921748447,10.8008620049279
"TTGGCTTGTCCTTAGT-2","female","IN-CGE",-11.4586966173237,11.4069486254005,3.42313571274753,-10.1216204856116
"TTGGCTTGTGATGATT-2","female","Astrocytes",1.84803699092213,-4.76907914941029,-2.25198607146267,-1.56208212120124
"TTGGCTTGTGCATTAG-2","female","OPC",-7.81679226322826,-7.30669921700673,-10.7017975300503,-6.13574678642341
"TTGGCTTGTGCTTTAC-2","female","Astrocytes",0.697546706956062,-5.44623941247182,-2.19210986792569,-0.340046832390513
"TTGGGCCAGAGAGGAG-2","female","Pericytes",8.06509374217335,-13.1670593625756,-4.55328707396511,4.86942618148736
"TTGGGCCAGATTGAGG-2","female","Astrocytes",-0.301031126219597,-4.80019134347157,0.420464351777989,1.46657746093682
"TTGGGCCAGGCTAATC-2","female","IN-MGE",-12.1415512697285,3.04912942583842,6.08233828843113,-5.21000702125617
"TTGGGTTAGGAATAAC-2","female","IN-MGE",-11.5440113679951,2.30464184220119,6.5531067401218,-5.14207346183845
"TTGGGTTAGTTTGGTA-2","female","OPC",-8.06453396244701,-8.93092292611317,-9.00376705824856,-5.62879450065681
"TTGGTGAGTAAGGTCC-2","female","Astrocytes",2.20141910151783,-4.77559417550282,-1.95544628798489,-1.83756072265693
"TTGGTGAGTATCTGGA-2","female","OPC",-8.48347593708691,-8.2046293622704,0.0231342464732708,1.31739773409775
"TTGGTGAGTGATCAGC-2","female","Astrocytes",0.990203605454598,-5.4830397969933,-1.62094847857479,-0.936128685303416
"TTGGTGAGTTTAACCC-2","female","Astrocytes",2.35347889499012,-5.01799196068959,-1.92652826010708,-0.960641691513743
"TTGTAAGTCGCAACAT-2","female","IN-CGE",-8.68085791035351,10.7521520250587,1.3666893988895,-9.38622982246467
"TTGTCAAAGTAAGTCC-2","female","Astrocytes",-1.15387095375713,-1.35458797280507,1.14022870362278,-2.02191192848274
"TTGTCCATCCGGAACC-2","female","Microglia",-5.68797899647411,-4.51706355874257,-2.19290249049191,-0.476037452049937
"TTGTCCATCCTGATGG-2","female","Astrocytes",2.39780162410084,-4.78505367104726,-1.69074968993191,-1.55165178520271
"TTGTCCATCGGTTTGG-2","female","IN-CGE",-8.47410322590527,10.7457709902076,1.15241403878208,-9.22055084449836
"TTGTCCATCTCAATTC-2","female","Astrocytes",0.665560828011665,-5.19678539101796,-0.234406754369777,-0.0715101454932353
"TTGTCCCAGCGGCTGT-2","female","Microglia",9.52562402324024,12.2485938661842,6.88474221528049,0.625701954535756
"TTGTCCCAGCTTAGCG-2","female","OPC",-9.53853346272167,-9.26988262002187,-9.22741894423489,-5.7279351447303
"TTGTCCCAGTGAGGTA-2","female","Astrocytes",2.59394453601185,-4.807528913662,-1.87343363463406,-1.35460431320259
"TTGTCCGGTACGCGCA-2","female","EN",-5.03107048435863,5.29957681830211,-3.85235671698574,-6.7300775740821
"TTGTCCGGTATTGCAG-2","female","EN",-5.46387888355907,5.46651107008739,7.81146426499363,-6.03759510261604
"TTGTCCGGTGAAACAA-2","female","Microglia",10.6712052686626,12.898019372776,8.47520156205173,-0.559246609039988
"TTGTCCGGTTCATCTA-2","female","Oligodendrocytes",5.23597119883839,3.61428576643748,0.273371174936253,9.84887283103875
"TTGTCCGGTTCCGCAC-2","female","Astrocytes",1.6275360448772,-5.45938247506337,-0.989819228644413,-0.286355683632579
"TTGTGAGGTTCGCGCT-2","female","EN",-5.78457237644848,-3.16125577752309,1.56757898629184,-0.884222099610057
"TTGTGCCTCAGGTTTA-2","female","Oligodendrocytes",5.90122865275684,1.60868535126729,0.936570242052037,10.728912999801
"TTGTGCGAGCGAGCGA-2","female","Oligodendrocytes",5.48979304866138,1.93589484627528,0.620120123033482,2.94199805515221
"TTGTGTGCACCCACCT-2","female","VSMC",11.7186076505596,-2.72882646386342,-3.31223993002896,5.86535661476067
"TTGTGTGCAGCTAACC-2","female","Oligodendrocytes",3.24529884890858,4.67400222952647,0.324692800645787,11.3497607018273
"TTGTGTGCATTGTGTG-2","female","Microglia",10.4000232084209,11.2969565981178,8.09378714859958,-0.344829151459422
"TTGTTCCCAACTAACT-2","female","Astrocytes",-2.29152513905224,-1.35162276093678,2.05962939560886,-1.44911582214424
"TTGTTGCGTATGTGGC-2","female","Astrocytes",1.56714080409351,-5.66379922692494,7.53655524552341,0.83478648024014
"TTGTTGCGTCGCAATA-2","female","IN-MGE",-14.5882227556294,1.11184909875674,0.360326722269017,2.9020903612893
"TTGTTGCGTTAATCGG-2","female","OPC",-9.22269560261425,-9.61114257638173,-9.99808029829983,-5.70335275871345
"TTGTTGCGTTATCGAG-2","female","Microglia",-5.20994736118969,-3.70288986031728,-2.49008648097042,-0.223293254204478
"TTGTTGCGTTGCACAA-2","female","EN",-5.22175527973827,6.16315466101451,-4.14008979498867,-6.66073925239631
"TTGTTGTTCATCCTGC-2","female","Microglia",10.828746543687,11.8632512682228,7.83240695298191,0.384399345092092
"TTGTTGTTCTAACTGA-2","female","Microglia",11.9162366254741,12.5458560579566,7.90081401169773,-0.311848947830882
"TTGTTTGGTCAATACG-2","female","Microglia",11.8712575300151,13.0750108354835,8.043001130228,-0.54781920654365
"TTGTTTGGTGATGATT-2","female","OPC",-9.13731504841503,-8.22082561318593,0.222410753374058,2.5338532234948
"TTGTTTGGTGTGCACG-2","female","Astrocytes",-6.54024292393383,-10.9417023069115,-9.10294918715481,-5.83353931648323
"TTGTTTGGTTCGCTCA-2","female","IN-CGE",-7.7018392221516,10.6274114244728,1.09401090443607,-9.3776343558509
"TTGTTTGGTTTAAAGC-2","female","Endothelial",-0.721238775688972,-15.7106146222802,0.970401719217259,0.903688339463983
"TTTAACCTCGGGACCT-2","female","IN-MGE",-11.1657602922505,2.00471520359798,6.65208621323581,-5.11862928611824
"TTTAACCTCGTTCACC-2","female","Oligodendrocytes",5.82719443873707,2.41881972487254,0.841054037218052,9.64899127738884
"TTTAACGAGGTGAAGC-2","female","Astrocytes",1.09335564212147,-4.48189204995351,-1.8923426121426,-1.22402817947456
"TTTAACGAGTGAGAGC-2","female","IN-CGE",-10.4426214830464,9.50680404837413,2.84708090126987,-9.17395622474739
"TTTAAGCCACAGAAAC-2","female","VSMC",11.7939240796978,-3.66097015206532,-3.70205931365017,6.09647147911004
"TTTAAGCCACCTACTT-2","female","Astrocytes",2.25281284884754,-4.87501043145375,-1.34359030425076,-0.0936787818152568
"TTTAAGCCACTTGTTC-2","female","Microglia",4.89886449412647,-4.02550691430287,-0.265817686910671,-3.71627838356086
"TTTAAGCCATTGTCAG-2","female","Oligodendrocytes",5.55128453807179,1.65435245569034,1.53340001404758,2.99358885543755
"TTTAAGGTCATGGCCA-2","female","IN-MGE",-17.9916479723042,4.43680077727122,4.87615342438694,-5.8522322867591
"TTTAAGGTCCTACCTA-2","female","OPC",-8.21020628376659,-8.96149009530263,-9.03593449294094,-5.53756553871223
"TTTACGAAGTAACGGA-2","female","OPC",-9.25128103657421,-8.47502273385243,-8.89209084212307,-5.57999355537483
"TTTACGCGTCCTTTAA-2","female","Endothelial",0.0135992629939652,-15.2270464307518,-1.11556296050076,3.72415702598504
"TTTACGCGTGAAACAA-2","female","Astrocytes",-6.79028631611523,-5.63556617562489,-0.133891150350612,0.459917237929616
"TTTACGCGTTAGCAGC-2","female","Oligodendrocytes",4.86559842662159,4.0207796686439,0.596386864786106,10.1005608345788
"TTTACGCGTTATCCGT-2","female","Microglia",11.9374997480327,13.108616411045,7.4231223613071,0.325443318061147
"TTTAGCAAGGAGCAAC-2","female","Astrocytes",-0.863637282091942,-4.77884477441029,0.255968287591893,1.85673897521905
"TTTAGCAAGTAAAGGT-2","female","OPC",-9.49879194660839,-8.35845607583241,-9.02020935713772,-4.78190166694709
"TTTAGCTTCACGTTAA-2","female","Oligodendrocytes",4.4894974096233,4.27467137511058,0.115255728368718,9.9893786217492
"TTTAGCTTCATGTTTC-2","female","OPC",-8.4063069955891,-8.6501917249413,-10.0625744312954,-5.7540877555091
"TTTAGCTTCATTAGTG-2","female","Microglia",11.7767789228374,11.2632985704689,7.94320197403904,0.535786619357381
"TTTAGCTTCTTGCAGG-2","female","Astrocytes",1.93218968943897,-5.17671722237782,-0.323321327562374,-0.354798266716685
"TTTAGCTTCTTGTTCG-2","female","OPC",-1.38323165341076,-15.8995642072411,-9.60750775038723,-4.85275776130744
"TTTAGGATCGTTATCT-2","female","VSMC",11.4420058591777,-2.82506460015492,-3.56433872878079,6.09989183204583
"TTTATGGAGGAGGTTA-2","female","Pericytes",7.83315251902882,-11.6591944104882,-3.19278030097012,5.49358527915886
"TTTCACCCAATAATGG-2","female","Astrocytes",-0.792696251112785,-1.75679820840077,0.337548092012364,-1.82221276504585
"TTTCACCCAGTAGGTG-2","female","OPC",-9.09189821644482,-9.67830318276601,-9.74576191603665,-5.11555464012214
"TTTCACCCATCCATCT-2","female","Endothelial",0.664847002785835,-14.678830564663,-3.23514442145352,4.40774624603203
"TTTCAGTTCCTGCGAA-2","female","Pericytes",8.08842443064991,-12.4482273465844,-4.33079843222622,4.76181047218255
"TTTCATCAGGCGGGTA-2","female","Astrocytes",-5.25188375874218,-3.30597442452626,-1.84313146769528,-0.674855539627757
"TTTCATCAGTAAAGGT-2","female","Oligodendrocytes",2.81162570552174,4.79460102255626,0.17604489624973,10.2247730995934
"TTTCATCAGTCAGGCC-2","female","Microglia",12.0483548505718,12.7112422579078,7.48604388535495,0.827665230206762
"TTTCATCAGTGACCTG-2","female","Astrocytes",1.75575016574207,-2.68812221352773,-0.826102089132112,-3.28690035087654
"TTTCCACCACAACCTA-2","female","Endothelial",-0.574353850025501,-16.187224805996,-2.95660571753506,3.87953441398552
"TTTCCACCACGCAACT-2","female","IN-CGE",-8.42847467823681,10.7479720705299,1.07805044949527,-9.07198269111701
"TTTCCACCACTGACTA-2","female","EN",-4.74257494373974,5.18711525137706,-4.11436419188504,-6.63780815345832
"TTTCCACCAGTTTCTC-2","female","Astrocytes",2.10915897921864,-5.15558809106069,-1.7689375132275,-1.1419542525489
"TTTCCACCATAATCAC-2","female","Pericytes",8.04854558543507,-13.1382030851098,-3.99348048865322,4.68607561843804
"TTTCCGGGTTCACCAT-2","female","Oligodendrocytes",5.51164601878468,1.33011090691371,0.935277774934727,10.2740122582238
"TTTCCGGGTTCGCTCA-2","female","Astrocytes",1.91475795344654,-4.45684045617299,-2.12134473025326,-0.453871915169444
"TTTCCGGGTTGCGGAT-2","female","Pericytes",7.55806802348438,-13.1550630933495,-4.53488044440274,4.95765440719536
"TTTCCGGGTTTCGCGC-2","female","IN-CGE",-9.70430399342236,9.95827823813243,-0.0998674482059895,2.26490943687371
"TTTCCTGAGCCTGATG-2","female","Endothelial",0.66222642497364,-14.7378153211327,-3.28934030234341,4.96809451835564
"TTTCCTGAGCTATTAG-2","female","Astrocytes",-1.4200679199284,-1.00502771203236,1.27726407349582,-1.63838155014106
"TTTCCTGAGGCCTGGT-2","female","OPC",-9.40697885914501,-8.75150150124745,-9.833219572897,-5.00522644264289
"TTTCGTCCAGTTAGCC-2","female","EN",-5.54818416996654,5.43610674078746,5.26898093522068,-5.16160804969856
"TTTCGTCCATCTAGCA-2","female","IN-CGE",-8.7043707506245,10.8167319887428,1.2906612902927,-9.53856785041877
"TTTCTCACAACCCTCC-2","female","IN-MGE",-14.1650221483296,1.64633944566531,1.26495714486118,3.27637069480828
"TTTCTCACAATAGCAA-2","female","IN-CGE",-9.09479452534374,11.6213746660499,1.1842274218845,-9.5953496192176
"TTTCTCACAGTTTGGC-2","female","Oligodendrocytes",5.92285941676441,2.7300001972465,0.18267627060886,10.3331867958825
"TTTCTCACATGGCCTG-2","female","Astrocytes",-3.58812834187206,-3.13208001916127,1.33025760949131,-1.68756301147529
"TTTCTTGCAATTATGC-2","female","Microglia",11.7547509534771,13.0659747713356,7.13491769135471,0.0349150802414754
"TTTGACCGTCCGCTGT-2","female","Microglia",10.804654823106,10.7661977403907,7.81630893052097,-0.404338071175303
"TTTGACCGTGATCAGC-2","female","Microglia",11.43910096721,11.1241784685401,6.5022673159885,-0.0983477328498027
"TTTGACCGTGATGAAA-2","female","OPC",-8.90903402729687,-9.14399474923329,-10.0524626225186,-5.98343498451301
"TTTGACCGTTCCATTA-2","female","OPC",-8.84231878681835,-9.16843551461415,-8.99837307631497,-5.49146158439704
"TTTGACTTCAAGTGTC-2","female","IN-CGE",-9.09335447712597,11.5625014894752,1.06449909508701,-9.72364265663215
"TTTGACTTCCCGAAGC-2","female","Microglia",12.0569560392315,12.3661170595436,8.28041262925144,0.359709372691427
"TTTGACTTCTAATCCT-2","female","Microglia",11.8691155775005,13.4626241319923,7.6495046168613,-0.555815884896006
"TTTGCATTCAATGAGG-2","female","Astrocytes",1.17392884330097,-2.64406675164418,-1.06948845088009,-2.97004086715766
"TTTGCATTCATGCAAC-2","female","Astrocytes",0.290994511407051,-2.42939084832387,-1.49085001647,-1.5943685267646
"TTTGCATTCCCAGTAG-2","female","Microglia",-6.26865841313061,-10.5407499677392,-0.435609504575771,-3.83043987495491
"TTTGCGACAGAGGCTA-2","female","Oligodendrocytes",5.65305541590992,1.90815272863193,-0.015508219594997,10.7604147698205
"TTTGCGGAGGGTCTAT-2","female","Astrocytes",1.91563104228321,-5.42889589135365,0.127029612665135,0.106709470919881
"TTTGGCTGTGTTAGCA-2","female","VSMC",11.776108489793,-3.95112460915761,-3.85217837988858,4.54570405738762
"TTTGGCTGTTAGGACC-2","female","OPC",-8.96280409260448,-9.04216712777333,-10.4365253895474,-5.82316620094367
"TTTGGCTGTTTAAAGC-2","female","Astrocytes",2.32503579692188,-3.97424310509877,-1.9895197600079,-1.13436395866462
"TTTGGTAAGAGAGGCT-2","female","Astrocytes",-3.48506618900951,-2.39868992631154,2.00174064934726,-1.68865902168342
"TTTGGTAAGTCATCCC-2","female","Oligodendrocytes",4.48754046992603,-2.02764028374867,-1.09576918184285,-2.68085367424079
"TTTGGTAAGTTCCTGC-2","female","OPC",-9.08389784260448,-9.20635742013173,-10.4615393131924,-6.32272560340949
"TTTGGTGCAGGTTATT-2","female","Astrocytes",-6.32542873783764,-10.938255727932,-0.919980667526764,-2.99297888023445
"TTTGTCTAGCCGCTAA-2","female","OPC",-8.76704527302441,-9.54796260659413,-10.3930530995083,-5.83178646308967
"TTTGTCTAGCGATAGA-2","female","Microglia",11.0424334867412,13.156751214817,6.1021527797031,0.609816124610219
"TTTGTCTAGTCATTTC-2","female","Microglia",11.8263022764141,12.9377732866554,7.60437865555759,-0.0965630505759379
"TTTGTGAAGCGCAATT-2","female","OPC",-8.54311682148632,-8.8412145978661,-9.16607479750637,-6.20417673332283
"TTTGTGGCACAGAACG-2","female","OPC",-9.41993166371044,-9.06064266030507,-9.72410206496243,-5.23167974693366
"TTTGTGGCAGTTTGGC-2","female","OPC",-8.77519632740673,-8.61364787881093,-9.30691723525051,-6.16924173576423
"TTTGTGGCATTAGCGC-2","female","Endothelial",-0.979963167149391,-16.0276960736962,2.45711798966404,-1.44940573913642
"TTTGTGTTCAAAGGCA-2","female","Oligodendrocytes",5.57173894481007,3.49955707724376,1.1133787185001,9.19740169303826
"TTTGTGTTCAGCATTA-2","female","Astrocytes",-1.07023800774273,-1.12339490716176,1.18767996132846,-1.94187099678108
"TTTGTTGGTAACCACA-2","female","Microglia",8.45050691203419,11.8479571932106,7.85721488297458,-0.0163982604224345
"TTTGTTGGTTAAATGC-2","female","Oligodendrocytes",5.63523839549366,2.81562334234996,0.572159007196385,11.1842543389123
