"barcode","sex","celltype","rna_x","rna_y","atac_x","atac_y"
"AAACAGCCAACACTTG-1","male","EN-fetal-late",-0.890407802356177,5.10703603532738,-1.16107905743587,6.05622013123863
"AAACAGCCACCAAAGG-1","male","EN-fetal-late",1.13012385200173,2.09458987024254,-1.41691399453151,1.20472879918449
"AAACAGCCATAAGTTC-1","male","EN-fetal-late",6.35637330840737,0.625065605906911,-2.01383734581936,0.698439436277083
"AAACATGCATAGTCAT-1","male","EN-fetal-late",3.03092765639932,2.24123660829491,-0.469989725332142,2.17894466431969
"AAACATGCATTGTCAG-1","male","EN-fetal-late",7.50339174102456,-0.781662065716319,4.85012148978245,1.36205847771995
"AAACATGCATTGTGAT-1","male","EN-fetal-late",10.7892117483488,15.6298226526064,-3.43496943352688,3.11511476548546
"AAACCGCGTCACCTAT-1","male","EN-fetal-late",1.87354826759011,1.63381789234108,-0.851602324228169,1.37878103764885
"AAACCGCGTCAGGAAG-1","male","EN-fetal-late",-5.769938947452,1.41063360479302,-3.88161517022121,-0.125477088371584
"AAACCGGCAAGCCACT-1","male","EN-fetal-late",5.18710565398843,-2.66690905782753,2.57805656554234,2.87776501687401
"AAACCGGCACATTGCA-1","male","EN-fetal-late",0.945605276333398,2.09904114511437,-1.05025101540554,1.12568225177162
"AAACGCGCAAATATCC-1","male","EN-fetal-late",0.683772562252587,0.168220620421834,-2.09935642121303,1.4487814477288
"AAACGCGCAACTAGAA-1","male","IN-fetal",-5.63730573822349,7.83613960054345,4.00995301367772,-5.11015550581581
"AAACGCGCAGGCTAGA-1","male","EN-fetal-late",5.5216755850187,-2.71063645574623,2.2080916083051,2.82648237260216
"AAACGTACAAACTAAG-1","male","EN-fetal-late",7.0440611822477,-0.745859820576244,3.99553870322239,1.82142634900444
"AAACGTACAGTTTGTG-1","male","EN-fetal-late",3.08094978164346,-0.141738731594615,0.634360364694713,1.18292136700981
"AAACGTACATAATCGT-1","male","EN-fetal-late",1.75204348395974,2.39472607877678,-0.753496535997273,1.59396489175194
"AAAGCAAGTACTTCAC-1","male","EN-fetal-late",7.21209859679849,-1.82923444006019,5.42732333304417,2.72201736482017
"AAAGCAAGTCTAACCT-1","male","EN-fetal-late",0.0470136387220086,1.69150344636864,-1.58161188004482,1.3479046395623
"AAAGCAAGTTCCTCCT-1","male","EN-fetal-late",4.80629634689004,-2.5869429895597,1.60005747439396,2.37852724107139
"AAAGCAAGTTTCCGGC-1","male","IN-fetal",-5.65490055252402,7.76230518129296,3.78253769042027,-5.19898645369179
"AAAGCAAGTTTGCGAA-1","male","EN-fetal-late",3.65505981277139,-5.58007248136573,0.000429383535502981,-4.39298955885536
"AAAGCACCAATCCCTT-1","male","EN-fetal-late",-2.70523417164176,-1.30182488653236,3.92383503081333,-4.77221719709999
"AAAGCCCGTAACCACA-1","male","EN-fetal-late",2.25314116309792,2.51062886026329,-0.471443959455372,2.25115783723228
"AAAGCCCGTAGTAAGA-1","male","VSMC",4.08600282500893,-14.426626283856,-3.62041235802639,3.24987395318382
"AAAGCCCGTTTCGCGC-1","male","EN-fetal-late",-7.27875185180991,2.01832465436882,-4.30398512719143,-0.64525018421776
"AAAGCCGCAGTCTATG-1","male","EN-fetal-late",-1.16822326351493,-6.20158394071632,-6.00460291741359,3.53519685777061
"AAAGCGGGTGGCTTCC-1","male","EN-fetal-late",3.19908475707681,0.24185929801888,0.911946884412883,1.47918482335441
"AAAGCGGGTGTTAGCA-1","male","EN-fetal-late",-0.908333303225928,1.64509658124871,-1.88323093293178,1.40759881051414
"AAAGCTTGTTGCGTAA-1","male","IN-fetal",3.88372230361611,-5.46749218198829,0.0626820242596851,-4.35623590437538
"AAAGGACGTATTGTCC-1","male","EN-fetal-late",0.0216926319471062,0.01686636712975,0.20784353377354,0.402214097102812
"AAAGGACGTCATCAAG-1","male","EN-fetal-late",2.64304923843057,0.529749195842213,0.545067063589214,0.571851389726332
"AAAGGACGTGATGGCT-1","male","EN-fetal-late",3.28383111785561,-7.01373298856788,0.21959560276997,-5.62727252928383
"AAAGGCTCAAGGTATA-1","male","VSMC",3.8763480169645,-14.6373806783872,-3.56952334282863,3.31288846047752
"AAAGGCTCAATAATGG-1","male","EN-fetal-late",3.45656633208901,1.78967432287163,0.526596753914474,2.04220481427543
"AAAGGCTCACCAACCG-1","male","EN-fetal-late",8.16019296477944,-0.127706665726238,5.29489993216526,2.32382877381676
"AAAGGCTCACTATGGC-1","male","EN-fetal-late",6.04694509338052,-1.14768346044593,2.70226167799961,2.02340050252312
"AAAGGTTAGCCACAAT-1","male","IN-fetal",-4.95209217239707,7.68849174287743,3.9043075955106,-4.48171846357948
"AAATCCGGTATTGGTG-1","male","EN-fetal-late",-3.30168914963096,1.20772014167733,-2.07541061280239,0.515032636245421
"AAATCCGGTCAAAGAA-1","male","EN-fetal-late",4.33475637267739,0.152593653468556,-0.721032150964619,0.847087996324232
"AAATCCGGTTAACAGT-1","male","EN-fetal-late",0.0221283419004144,1.4976950099749,-1.27297211525905,1.1143966487252
"AAATCCGGTTTGTGGA-1","male","EN-fetal-late",1.09213566611916,0.343646507529683,-0.932088502626301,0.535056190808943
"AACAAAGGTATTACCC-1","male","EN-fetal-late",9.24040937255532,-7.21001919004493,-0.532021948079945,1.6355661919915
"AACAAGCCACAAAGAC-1","male","IN-fetal",2.86187267135293,-6.96120794508033,-0.46368385193813,-6.0847090908683
"AACAAGCCAGGTATTT-1","male","EN-fetal-late",1.83863615821511,2.31838552263207,-1.46676994202602,1.09247102053993
"AACAGATAGGACTAAG-1","male","EN-fetal-late",-0.771471084845954,5.50374595430321,-0.188868173341633,7.07816560777061
"AACAGATAGGAGGGTT-1","male","EN-fetal-late",2.17307758163125,0.680719476012654,-0.129436560850026,1.71580393823021
"AACAGGATCATTGCGG-1","male","EN-fetal-late",-1.72040406037658,1.97313741949028,-2.66350746987331,0.396424727758101
"AACAGGATCGGGACTC-1","male","IN-fetal",-3.54816079307883,7.34021560457177,4.65395259024632,-2.93322269407875
"AACATAGCAAGGATTA-1","male","EN-fetal-late",7.9007039053312,0.140205006865926,5.00106286170018,1.6761734059655
"AACATAGCATTAAGCT-1","male","Endothelial",-17.8566193597445,0.926440674631066,-3.59327221749294,3.17685921700828
"AACATCATCATTTGTC-1","male","IN-fetal",-4.88428640533775,6.5928916147036,3.53192757727635,-3.23001901594765
"AACATCATCCTGATGG-1","male","EN-fetal-late",-3.82374358345359,6.60898963716454,4.61307620169651,-2.53540365187294
"AACATTGTCAATCTCT-1","male","EN-fetal-late",-0.623437287105018,2.54315034654564,-0.871847399453999,-0.0515568086302965
"AACATTGTCATCCTCA-1","male","EN-fetal-late",-3.47360348869651,-1.56219371053749,-0.454101570825459,7.22713382752769
"AACATTGTCATGCGTG-1","male","EN-fetal-late",-5.69908666778892,1.22429401781983,-3.48897934792507,-0.275574160496065
"AACATTGTCCCGCATT-1","male","EN-fetal-late",-0.132492543948585,-0.229146439762645,-1.48941577313411,-0.485273224989244
"AACCCGCAGCGGGCAA-1","male","EN-fetal-late",2.5034244043699,2.29226831701226,-1.05559802887905,1.77929873975151
"AACCGCTCATAATTGC-1","male","EN-fetal-late",7.67651986907632,-0.863472301693492,5.13840483786595,2.10425718339317
"AACCGGCTCGATTTAG-1","male","IN-fetal",3.85043191741616,-5.09268577787452,0.291865526754974,-4.30124895064003
"AACCGGCTCGCCTGTT-1","male","EN-fetal-late",2.80711030791909,1.67129872348732,-0.0186040186690106,2.35031159432762
"AACCTAATCCGGTTGA-1","male","IN-fetal",-5.24059200455039,6.66177980211205,3.2804849064542,-2.74426476446755
"AACCTCACACTTCATC-1","male","IN-fetal",-6.97575855423301,8.03037444856591,3.52283310057652,-6.80452053038246
"AACCTCACATTGTTGG-1","male","EN-fetal-late",10.4024767858854,-6.93329628202491,2.12271618010533,7.07160671265953
"AACCTCCTCCTGGTGA-1","male","EN-fetal-late",-0.395393134845191,6.00056401994652,0.157858020682453,7.6082874110543
"AACCTTAAGAGCAAGC-1","male","EN-fetal-late",3.93564176391274,-1.69933994504982,1.60152565600407,2.05401952775352
"AACCTTGCACACCAAC-1","male","EN-fetal-late",7.00967740844399,1.10388068464226,5.66211461188328,2.42735703500145
"AACCTTGCACGAACAG-1","male","IN-fetal",2.91644286941201,-7.42080887052589,0.496495424826263,-6.31335155455239
"AACCTTGCACTGACCG-1","male","EN-fetal-late",0.0641462786069573,0.759744833974309,-1.33093024132717,0.233555147668055
"AACCTTGCATTCCTGT-1","male","EN-fetal-late",7.53394269775063,0.444882314471669,4.89514254691136,2.07205434354179
"AACGACAAGCACGTTG-1","male","EN-fetal-late",3.03955459426553,2.06725994852013,-0.401823052148701,1.2944298556649
"AACGACAAGCTATTGA-1","male","EN-fetal-late",2.84394550155312,13.680569570331,-4.04756832955349,6.1696797183358
"AACGACAAGCTCCTTA-1","male","EN-fetal-late",2.99202680419595,-0.773432452412181,1.2840563571645,1.60822279961937
"AACGCCCAGCCTGATG-1","male","IN-fetal",2.385738371121,-7.55265911314064,0.56416914524567,-6.04831687895424
"AACGCCCAGTGCACGC-1","male","EN-fetal-late",-5.54424524475425,-3.8105655500608,-0.511108227949025,8.01067932160728
"AACGCTAGTGATCAGC-1","male","IN-fetal",2.73710822890908,-7.84005268308692,0.423838182408928,-6.92932645765907
"AACGCTAGTGGTTAGC-1","male","EN-fetal-late",-3.72992324997275,1.41032467391915,-3.10192085144985,-0.528223616758653
"AACGGTAAGAAGGTGC-1","male","EN-fetal-late",-7.6215710656771,0.873911481170125,-5.67584706185329,-2.02810494391091
"AACGGTAAGAGAAGGG-1","male","EN-fetal-late",10.1052365286222,-6.92711742612892,1.98707758547795,6.97363193543785
"AACGGTAAGAGGAGTC-1","male","EN-fetal-late",0.864267824398583,1.87004212644524,-1.42425609467495,1.354842143377
"AACGGTAAGCCACATG-1","male","EN-fetal-late",-3.72174883056968,6.24022952821679,4.81862019660008,-2.99578086821205
"AACTAGTGTGACCTGG-1","male","EN-fetal-late",-4.89597559143394,1.94577352312035,-3.55875802872646,0.350623863061598
"AACTCACAGCGAAGTA-1","male","EN-fetal-late",-4.23485112358421,-2.25338848325782,-1.52381051419246,6.49021966966026
"AACTCACAGTTGGCCA-1","male","RG",-2.36976909805625,-6.39513214323097,-5.49730587838161,3.56541283639305
"AACTGTTCATCACTTC-1","male","RG",-1.26420980860084,-6.50083025190406,-5.0843353354739,3.46381385835045
"AACTTAGTCGCTCACT-1","male","EN-fetal-late",-4.01465201546043,1.15341649558968,-3.196305760126,0.210780890902212
"AAGAATCAGACTAAGG-1","male","EN-fetal-late",0.0814834816327752,6.20549194124169,0.0893707192136036,7.58847578080528
"AAGAATCAGCATCCAG-1","male","EN-fetal-late",-0.348840953601295,1.94656316545433,-0.649319895486714,0.0178367293082983
"AAGAATCAGGCTTAAC-1","male","IN-fetal",-3.68821025062888,8.37685767915673,5.25334357382786,-3.49049035994179
"AAGAATCAGTGACCTG-1","male","EN-fetal-late",-5.56915426422446,1.45543203857369,-3.49411464570034,0.368237318714789
"AAGACATAGCGCTCAA-1","male","EN-fetal-late",-0.33295452762931,1.57234511878914,-0.417743631582142,-0.422113282362291
"AAGACCAAGCTGTACG-1","male","EN-fetal-late",-6.74032545257896,1.34241042640633,-4.63510132668483,-0.677460832277605
"AAGCAAGTCCTGGTGA-1","male","EN-fetal-late",1.1992034895292,1.31155527737565,-1.7467572772311,2.41400726350181
"AAGCATGAGCTCGCTT-1","male","EN-fetal-late",-2.64584326912254,1.5619206240458,-2.1577143752383,-0.224933398643801
"AAGCCACGTGCTTAGA-1","male","EN-fetal-late",9.6578307134977,-7.91149528715187,-1.19639325974453,5.71463544877403
"AAGCCACGTGGAGCAA-1","male","EN-fetal-late",-4.01208853889793,1.29325775411553,-2.37573600647915,-0.380660934130022
"AAGCCTCCAAACTCAT-1","male","EN-fetal-late",-8.00384712387412,2.15070478227562,-5.25938034890163,-3.35902802435524
"AAGCCTCCAGCATTAT-1","male","EN-fetal-late",-0.337515236628944,1.93473676946587,-1.65605116723049,-0.0895448007977694
"AAGCCTCCAGGAACAT-1","male","EN-fetal-late",-3.00569725204795,-3.48263271543556,-0.939456948022725,4.70902307542198
"AAGCCTCCATAGCGAG-1","male","EN-fetal-late",10.587407587277,-7.00837095472389,2.09693347575199,6.78450067551964
"AAGCCTGTCACCTGTC-1","male","EN-fetal-late",-0.274262906802589,6.13343135621972,-0.269741424302937,7.25231464417808
"AAGCCTTAGGTGCGGA-1","male","EN-fetal-late",-1.72916928101867,2.19862691667504,-1.65496993897426,-0.250527633110353
"AAGCGAATCGCTCACT-1","male","EN-fetal-late",2.62335538695962,13.7745961358828,-0.396577306966664,0.988419609388045
"AAGCGAATCGTGCTTC-1","male","EN-fetal-late",9.87079286407143,-7.90808590147071,1.58107518317234,6.17613990815513
"AAGCGAATCTCCTCTT-1","male","EN-fetal-late",6.52274322341592,-0.313209731312328,3.00362919928562,2.39039571793907
"AAGCGAGGTCCTAGTT-1","male","EN-fetal-late",2.5383079035154,-0.494609434338146,0.700696609039424,1.18593664677971
"AAGCGCTGTAACGGGA-1","male","EN-fetal-late",-0.277236224902564,5.75669948366112,-0.735808857660176,8.09568841966026
"AAGCGCTGTGAATCGC-1","male","EN-fetal-late",-3.76702237297385,5.97712699678368,2.29166030051243,-2.41394130674965
"AAGCGGGTCATTATGG-1","male","EN-fetal-late",1.50131916831643,0.312495272426076,0.899473539610027,1.38224871667259
"AAGCGGGTCGGTTACG-1","male","EN-fetal-late",6.50635099242837,-0.193548161716991,3.15595673682225,1.76062806161278
"AAGCGTTTCAATCATG-1","male","IN-fetal",-4.80407524277061,8.75886718538231,4.57577942969334,-4.9117411801017
"AAGCGTTTCCGCCTAT-1","male","IN-fetal",3.30227660964639,-5.33286531660133,0.37180867703688,-4.54178802458412
"AAGCGTTTCCGTCCAT-1","male","EN-fetal-late",6.73314332793862,-0.733442742558055,3.62758921744358,1.83229024918907
"AAGCGTTTCTTTGACT-1","male","EN-fetal-late",-7.35909462143272,1.76299701240487,-4.84219075081813,-1.20520894018776
"AAGCTAGAGCATCCAG-1","male","EN-fetal-late",4.56548881362588,0.599305789737172,1.81815480353367,1.32527478249901
"AAGCTAGAGCTTTGTT-1","male","IN-fetal",3.0263609869352,-3.76120670530372,0.676935664434551,-6.76452199904091
"AAGCTAGAGGAACACA-1","male","EN-fetal-late",2.46559333633096,-0.439582068653636,0.629983983059047,1.14825435193413
"AAGCTAGAGTCAATCA-1","male","EN-fetal-late",-7.32246589828818,1.26409734394974,-6.0006098830508,-1.65876821962959
"AAGCTATGTGTGAGAG-1","male","EN-fetal-late",10.111239908444,-7.79533107969337,1.50380920531285,6.48986633332603
"AAGCTCCCAGGCTACT-1","male","EN-fetal-late",6.81463098357827,-0.832115967007213,4.06572054984105,1.60991437943809
"AAGCTTGGTAGTAAGA-1","male","EN-fetal-late",-7.66156578232139,1.14535553362793,-6.04223538277614,-1.94151966063149
"AAGGAAGCACGGTTTA-1","male","IN-fetal",-6.6949558274874,8.33793823030419,4.03001855971348,-6.15239755598671
"AAGGAAGCAGCTAACC-1","male","IN-fetal",-3.18433046509116,8.07011596467919,5.31125735404026,-3.41691891638405
"AAGGAAGCATAAAGCA-1","male","EN-fetal-late",6.32168483565957,0.517403375176854,-2.42425561783779,1.65048654588096
"AAGGAAGCATGTCAAT-1","male","EN-fetal-late",-0.349425079120093,5.99689809587426,-0.0602912092016949,7.23166950257652
"AAGGATCCACTTCACT-1","male","EN-fetal-late",-5.30010342766135,2.13527707364983,-3.78476715920437,0.376360105594328
"AAGGATCCATGTGGGA-1","male","EN-fetal-late",-4.10306644607871,1.68337790277428,-3.40929795144069,0.194694252928427
"AAGGATTAGGGACCTC-1","male","EN-fetal-late",6.66222238372475,-2.32616956922584,3.84962939383519,2.1926015189492
"AAGGCCCTCAAACCTA-1","male","EN-fetal-late",-0.519309224379951,5.03960840013451,-0.700901874284626,6.79220302613609
"AAGGCCCTCTGTTGCC-1","male","EN-fetal-late",1.20305466483743,1.02910758164353,-1.69242144463527,2.31919129403465
"AAGGTATAGGCGTAAA-1","male","IN-fetal",2.00798916648538,-8.04645069334083,0.271160027999996,-7.35281125990517
"AAGGTATAGTCGCAAT-1","male","EN-fetal-late",-3.4600458161959,0.937313679425187,-2.40272045968044,1.07114578994148
"AAGGTCAAGCGCAATT-1","male","EN-fetal-late",5.40471315215737,-0.283225495548778,3.79162286879551,1.8061440757119
"AAGTAGCCAGGGAGCT-1","male","EN-fetal-late",-0.0902451293596565,1.99868659284539,-1.58160150883663,1.18095500977867
"AAGTAGCCATATAACC-1","male","IN-fetal",-4.88395786453574,6.76776973512597,3.20511006476414,-2.77406994787819
"AAGTCTATCATTACGA-1","male","EN-fetal-late",5.65434789489419,-2.72320039960914,2.92243813635838,3.23991449387901
"AAGTGAAGTTTCGCCA-1","male","EN-fetal-late",-6.70708513428062,0.778992298809952,-5.31652975914943,-1.62239090887673
"AAGTGCAAGGGTTATC-1","male","EN-fetal-late",-6.69735527206748,1.29224298503823,-5.03182888863552,-1.1139067837394
"AAGTTACGTTTGTCTA-1","male","OPC",-13.9147906320223,-11.6012526342588,-5.91777134774196,2.85479553254478
"AAGTTAGCAAATACCT-1","male","EN-fetal-late",-13.8898892419466,-11.6605568716245,-5.87485504982936,2.81483204873436
"AAGTTAGCACAGGAAT-1","male","EN-fetal-late",-0.260346771968299,6.15771810319848,0.463731038440584,7.43929012330406
"AATAACCGTAGCTAAT-1","male","EN-fetal-late",3.88988017867715,1.93898562696404,0.529848835487484,2.29767807038658
"AATAACCGTCCAAATG-1","male","EN-fetal-late",7.16393899749429,-1.81979950162941,3.0901567852689,2.66835792573326
"AATAACCGTCCAAGAC-1","male","EN-fetal-late",5.52115201781899,-2.97582610342079,2.76356219412815,2.42150576623314
"AATAACCGTGTTTCAC-1","male","EN-fetal-late",2.74066114257485,0.359246771602101,-0.111168452482106,1.66951389821403
"AATAACCGTTCACCCA-1","male","EN-fetal-late",2.74280214141518,13.8068236520571,-1.51464594243038,2.31242831261986
"AATACCGGTGGATTCA-1","male","RG",-1.75528285075515,-6.08854349348121,-5.26868010399807,3.46726687463157
"AATACCGGTTAAGGCC-1","male","EN-fetal-late",-0.857698144210273,1.93944458272881,-2.26997495530117,1.12251730473869
"AATAGAGGTACCGTAA-1","male","IN-fetal",-4.8800532834658,6.57738916185326,3.18605326773655,-3.302752895037
"AATAGAGGTGCTCCAC-1","male","EN-fetal-late",3.44200753997475,-5.5409966299253,0.66184499027264,-4.26878253904946
"AATAGCTGTCACGAAC-1","male","EN-fetal-late",-7.9141588227877,1.04239768889374,-5.31924582360256,-3.11970869986183
"AATAGCTGTCATTAGG-1","male","EN-fetal-late",0.913228748547143,-3.84335764143043,-2.3873617732333,1.58125670464866
"AATAGCTGTTAGGCGT-1","male","EN-fetal-late",7.1989331228605,-1.50407012197547,3.26531123282444,2.29521377595299
"AATATCCCAATCCTGA-1","male","IN-fetal",-1.77036765385955,-6.21074922773414,-5.28691244957912,3.43824608834617
"AATATCCCAGTAAGTA-1","male","EN-fetal-late",1.27270936797768,1.96683768537468,-1.06302405236232,1.28124101670616
"AATCAGGAGTAAGTGG-1","male","EN-fetal-late",5.89138412307412,-2.16556342336708,2.71559356810582,2.30177767785423
"AATCATCCAACCTGGT-1","male","EN-fetal-late",-7.96140623260825,1.45325444248147,-5.55721665261257,-2.99173514334328
"AATCATCCAATATAGG-1","male","EN-fetal-late",-0.360671164287025,0.426959793834157,-4.35537625191677,-1.19747297255165
"AATCATCCAGGTTAAA-1","male","EN-fetal-late",0.0691736919751824,6.16356889512963,0.157386369128345,7.80989988358848
"AATCATGTCAATTGGC-1","male","EN-fetal-late",5.99594306777627,-2.69921835157447,3.00048445822728,2.65460069688194
"AATCATGTCACGAATC-1","male","EN-fetal-late",7.72768163512856,-0.797362286778026,4.64893530966771,1.73945696862572
"AATCCATCACAATGCC-1","male","EN-fetal-late",4.97444343398721,-2.52669485303932,2.12888526083958,2.61088927300804
"AATCCATCACAGAAAC-1","male","IN-fetal",-5.90064668823569,7.44396440294213,3.94440268637669,-5.51553003279335
"AATCCATCAGGATGGC-1","male","EN-fetal-late",-3.26594090629905,4.77614800241417,-1.58517075417507,2.33148201020592
"AATCCATCATGACTAT-1","male","EN-fetal-late",1.98170685599954,-0.343566019268565,0.518405727167247,0.889353530725172
"AATCCCTGTGCTTTAC-1","male","EN-fetal-late",3.97516250442178,-14.5361290762144,-1.8825633609103,2.26397283585899
"AATCGCCCAAAGCGCA-1","male","EN-fetal-late",-3.93778753448814,-1.78194268438392,-1.23323346016872,5.95653780015343
"AATCGCCCATGAAATG-1","male","EN-fetal-late",-5.31953740288108,6.97795240190453,2.5673136627866,-3.26024214712746
"AATCTCAAGCTCCTTA-1","male","EN-fetal-late",5.47566222976357,-2.13439543935829,3.6965336716367,1.8641981652581
"AATCTCAAGGACAATG-1","male","IN-CGE",-4.18007207084983,6.77565614488549,4.06408833624852,-2.48348323790199
"AATCTTGAGCACAGCC-1","male","EN-fetal-late",4.08014535735757,-1.54916437360817,1.43409299017918,2.071976619085
"AATGAAGGTATCTGGA-1","male","EN-fetal-late",-3.94359803367942,-1.54752047750526,-1.2742321574496,5.4452071956002
"AATGCAACAGGTTCAC-1","male","EN-fetal-late",-0.167144061816627,5.63364211824364,-0.939686664323689,7.97129447968834
"AATGCAACATAATGAG-1","male","EN-fetal-late",2.42980146239907,-0.202590424747997,-0.0911637329863323,1.62312729867332
"AATGCATGTTTCCGGC-1","male","IN-fetal",2.92170667480142,-7.67871006223732,-0.578587957601429,-6.17835561720497
"AATGGCGCAATCGCAC-1","male","EN-fetal-late",-7.17350435425132,0.697507764963574,-5.19384003518093,-3.02937523810036
"AATGGCGCATTATGCG-1","male","IN-fetal",-6.48378229309409,8.38835136201806,4.17240547301304,-5.383958263079
"AATGTCCAGCTAAAGG-1","male","EN-fetal-late",2.47508048843057,0.596515636710591,0.67645349266064,1.64281209023826
"AATGTCCAGTTAGGCT-1","male","EN-fetal-late",-1.02929902244895,2.77108947542138,-1.39513743756282,-0.185550344864199
"AATTAGGCAGGGAGGA-1","male","EN-fetal-late",-1.6764860021004,2.46613852289147,-2.143083103876,1.1491034797036
"AATTAGGCAGTTATGT-1","male","EN-fetal-late",-8.01862430740684,2.15756205823845,-5.8417267882632,-1.81075863329537
"AATTCGTCACACAATT-1","male","EN-fetal-late",5.09548902343423,-2.29935177061134,2.42127703787815,2.711904602369
"AATTCGTCATGCTATG-1","male","IN-fetal",-6.30813598800986,8.30629436281151,4.31671284796727,-5.91834489790566
"AATTGACGTCTATCGT-1","male","EN-fetal-late",3.57518672774941,-1.03556020948463,1.21824484231007,1.78592629941337
"AATTGCCAGGCTAGAA-1","male","EN-fetal-late",2.70267343352944,0.105573694972462,-1.49707091687191,0.492293881496123
"AATTGCTCATGAAATG-1","male","EN-fetal-late",8.75702333282143,-7.3666334936338,-3.01710964081752,0.345005275925329
"AATTGGACAACTAGAA-1","male","VSMC",3.91764163802773,-14.5963326284605,-3.62224675057399,3.2493174842202
"AATTGGACAATGCCCG-1","male","EN-fetal-late",2.87878656219155,13.6551551034731,-4.09436465142238,6.30242689164512
"AATTGGACAGCACGTT-1","male","EN-fetal-late",-4.66690635849326,1.5296095421595,-3.4121248805331,-0.284415406862566
"AATTGGACAGGAATCG-1","male","IN-fetal",-5.2222733514437,6.36433975007958,2.87714027525914,-3.12867705313332
"AATTGGGAGGTTTGCG-1","male","EN-fetal-late",-1.59228333999007,-6.170239526959,-3.15976692078579,0.186696602275303
"AATTGTGTCGGCCAGT-1","male","EN-fetal-late",2.22076630424172,0.914633463887639,-0.221083649377705,1.04372759374016
"AATTTCCTCAATGTCA-1","male","EN-fetal-late",0.0597702247968377,-0.354660112591319,-1.3960697734164,-0.899194402376482
"AATTTCCTCCCAGTAG-1","male","EN-fetal-late",4.2610349638334,-1.35889657232338,1.99956893088353,2.16471608193748
"AATTTCCTCCTAACGG-1","male","EN-fetal-late",1.85785245727212,2.40435294416375,-0.957400568704487,1.73984404118889
"AATTTCCTCCTAATGA-1","male","EN-fetal-late",3.39612960647256,1.70340029504723,0.724320641775249,7.32186897309654
"AATTTGCCACAGGGAC-1","male","EN-fetal-late",3.54213237594277,0.95918028411097,-0.470376321058155,1.08157904656761
"AATTTGCCACGCAACT-1","male","EN-fetal-late",0.157145736919946,1.71055678632683,-1.53272283909786,0.943656223138502
"AATTTGCCAGCACGTT-1","male","EN-fetal-late",1.22690224479348,0.690715726284451,-1.02557624218929,0.892882483323744
"AATTTGGTCCTCATGC-1","male","EN-fetal-late",3.22795438598306,2.05407361295647,0.177991426606296,2.50080998452537
"AATTTGGTCGTTTCGC-1","male","EN-fetal-late",10.0020527822843,-7.95981224271827,1.33226054074299,6.71238525422447
"AATTTGGTCTATCGCC-1","male","EN-fetal-late",6.70688962768227,-1.69502623769813,3.80298995139134,1.8522535136544
"ACAAACTGTACCGTAA-1","male","EN-fetal-late",2.33733749221475,1.40968130138344,-5.86013794777858,-1.89533321348793
"ACAAACTGTAGCCTCC-1","male","EN-fetal-late",2.35304164718301,0.246533017425008,0.327727324385761,1.34851570638054
"ACAAACTGTAGTTAAC-1","male","EN-fetal-late",3.65577459167153,-4.35392292234474,4.97624158026707,-2.83052055327065
"ACAAAGGTCCTGGCTT-1","male","EN-fetal-late",-3.43635642696708,-1.36576326582008,-2.91688419220913,0.581427352746657
"ACAACAACATTGACAT-1","male","EN-fetal-late",5.26484489272744,-1.49003561231666,-1.03940940735805,0.0244031644069463
"ACAACAGAGGTAACGA-1","male","EN-fetal-late",-2.51830947567313,-1.84770615789466,1.54976271750462,1.91750498326652
"ACAACAGAGTCATCCC-1","male","EN-fetal-late",10.422760484921,-7.21664245817237,2.10229789378178,7.00301321061485
"ACAACAGAGTTGCGTG-1","male","IN-fetal",-4.12731433082908,8.57507745531029,5.36288498999607,-3.7695669361747
"ACAACATGTATTGCAG-1","male","EN-fetal-late",2.92891454528481,-3.57485826704078,0.540261945743679,-6.80491344420082
"ACAACATGTCATGAGC-1","male","RG",-2.25740015674918,-6.31837757322364,-4.97500754235256,3.55697997125023
"ACAACATGTCATTAGG-1","male","EN-fetal-late",2.00958323310525,0.249521296290822,0.228131688256382,1.33370693238609
"ACACAATGTCAGTAAT-1","male","EN-fetal-late",-0.229496003879005,5.44978706148095,-2.09697032807338,1.07861919911735
"ACACCTTGTATACTGG-1","male","EN-fetal-late",-3.97235202957481,1.31954414751954,-3.63936854241359,-0.175352914015123
"ACACCTTGTTGGTTAG-1","male","EN-fetal-late",3.33340453933389,1.6538566162867,-0.22135306237209,2.07293398888939
"ACACGGACAAGCGAGC-1","male","EN-fetal-late",4.79909896682412,0.893969673482842,2.27872537734043,0.48891644390457
"ACACGGACAGCTAACC-1","male","EN-fetal-late",2.76532888244302,-3.93073852750831,-0.105336137990834,-4.64817325560219
"ACACGGACATGAATAG-1","male","EN-fetal-late",-4.53294086624473,1.6409919669909,-3.28880477784145,-0.298264426866838
"ACACGGACATTTAAGC-1","male","EN-fetal-late",0.0292723162046136,6.17221442964501,0.321365608890174,7.61562498124473
"ACACTAATCATAGACC-1","male","EN-fetal-late",4.16611194442422,2.1524801662249,0.351034044344543,2.34873946221702
"ACACTAATCGAGGAAC-1","male","EN-fetal-late",-0.0964490192064582,0.801945544598765,0.55642192723286,1.65324516805046
"ACACTAGGTGCTCCAC-1","male","EN-fetal-late",-0.336967827571326,2.07451907899804,-1.71121669648159,-0.0845545211232394
"ACACTAGGTGGTTAGC-1","male","EN-fetal-late",8.02026128600747,-0.111705023975902,5.62399243475926,2.74006970437401
"ACACTTAAGTAAACCC-1","male","IN-fetal",3.3227386457792,-6.15431841108375,0.673073819894908,-6.42133657423622
"ACACTTAAGTTCCTCA-1","male","EN-fetal-late",-2.60610878635734,-1.63490207883888,-1.18231881497371,1.92014844926231
"ACACTTGCAGAGAGCC-1","male","EN-fetal-late",-3.69622254539817,1.53761933353371,-3.3021817290591,-0.302922798076937
"ACACTTGCAGGCTTGT-1","male","EN-fetal-late",-0.211876155627662,5.65176669862694,-1.26659203408229,8.07820613892906
"ACACTTGCAGTCTAGC-1","male","EN-fetal-late",2.44861554931313,1.17894081380791,0.00530188443195684,1.12591548474663
"ACAGCCGGTTGGGTTA-1","male","VSMC",4.16674375365884,-14.3449879476743,-3.5228221499728,3.19162447961204
"ACAGCGCTCTCCATAT-1","male","EN-fetal-late",-2.6678311841616,5.18870107438988,-1.4984183394717,2.1465752890908
"ACAGGAATCTATGACA-1","male","EN-fetal-late",0.0882298929563226,6.33606330659813,-0.177794285993458,7.97856576951378
"ACAGGATCAAGGGTTG-1","male","EN-fetal-late",2.31731676887185,0.572173725633092,-1.28766549466121,0.784795062860182
"ACAGGATCAGTTTACG-1","male","EN-fetal-late",0.929221866833276,-0.00560327264838723,-0.103781768064381,0.271614106615713
"ACAGGCTGTGCATTAG-1","male","IN-fetal",3.51133537124307,-6.751960355969,0.352486356217979,-5.93170349089272
"ACAGGTAAGCAGCTAT-1","male","EN-fetal-late",2.45161795447976,2.45119790342278,-0.143711932878376,2.46621401818626
"ACAGTATGTCACAGCG-1","male","EN-fetal-late",7.0642085058561,-0.972700912685924,5.56137131812107,2.91824062379234
"ACAGTATGTTAGACCA-1","male","EN-fetal-late",0.185348866688317,2.16675142553277,-0.719393380861165,-0.14877624599106
"ACATAGCTCAAGCTAC-1","male","IN-fetal",2.95979976485879,-7.41621502134376,0.66309415461552,-6.77817861525185
"ACATAGCTCCTCACTA-1","male","EN-fetal-late",3.03720378707559,0.19292233493752,0.386473410819291,1.21563144238823
"ACATAGCTCGGTTACG-1","male","EN-fetal-late",10.0526804907194,-7.8692026922422,1.63732813956272,6.33356483491295
"ACATAGCTCTAGCTTT-1","male","IN-fetal",-3.80088615585654,-0.93713446352058,5.15979909064305,-3.6534928509391
"ACATCAATCACGCATG-1","male","EN-fetal-late",-5.44652128387778,-2.45884426328712,-1.21582198975551,8.13645561250084
"ACATCAATCCCGCAAA-1","male","IN-fetal",2.00141548942239,-7.50242336484962,4.53095673682225,-5.1295670696891
"ACATCAATCGCTTCTA-1","male","EN-fetal-late",2.84407329391152,-0.814978677959972,0.543268091101764,1.16043134244316
"ACATCAATCTCGCCTG-1","male","EN-fetal-late",-5.61091089416831,-3.78427465650611,-0.676352390031697,8.54409320863121
"ACATCAATCTTGTTCG-1","male","EN-fetal-late",-2.94330918957084,2.3707111289782,-2.40340162156093,0.527440088113478
"ACATTAGTCATGACCG-1","male","EN-fetal-late",0.491755960690087,1.61067019012398,-1.51986838219631,-0.0314208993113726
"ACATTAGTCTGTGCAG-1","male","EN-fetal-late",9.01613473724038,-7.26856048795753,0.159797898550151,0.736919300874403
"ACATTGCAGTTAGCTA-1","male","EN-fetal-late",4.74100828002602,0.657789509562916,0.847849032898067,1.25102897199028
"ACCAAACTCCTGGCTT-1","male","EN-fetal-late",2.822102068173,-0.00863917562537697,0.547752029318927,0.737432437261274
"ACCAAACTCTTGACCC-1","male","EN-fetal-late",-3.63598704506248,6.45074884202904,4.34662508131993,-2.44785205809242
"ACCAAGCGTGCATCGG-1","male","EN-fetal-late",-1.09749612380355,1.68694214132256,-1.17601490853298,0.263725685199431
"ACCAAGTTCATCCTGC-1","male","EN-fetal-late",-2.59009695221275,5.21236984041161,3.79120253684056,-5.04702655760414
"ACCACACCAGGCTTCG-1","male","EN-fetal-late",2.91268682311684,-4.50319965574317,0.4254851053102,-6.13769666639931
"ACCACATAGCCGCTAA-1","male","EN-fetal-late",3.29788112472207,1.81830142047829,0.0999701535893665,2.4127114585244
"ACCAGCTCAACACTTG-1","male","EN-fetal-late",-1.96745187212318,1.6878126671595,-2.92734337685573,-0.176161123195955
"ACCAGCTCAGGACCTT-1","male","EN-fetal-late",-3.33062374760001,-1.91886385175758,-1.06338489888179,4.9689961245858
"ACCAGGGAGAAAGGAA-1","male","EN-fetal-late",-0.375356437457496,5.97202579286522,-0.718369015436055,7.51282938035362
"ACCAGGGAGGCATTAC-1","male","EN-fetal-late",-2.44582593609183,1.11580250766701,-3.01025105355251,0.516154336055449
"ACCAGGGAGTGAGGGT-1","male","EN-fetal-late",-1.89143508840888,1.6045316865725,-1.58178819058406,2.40331609757774
"ACCAGGGAGTTTGTCT-1","male","EN-fetal-late",-7.19975328613608,0.726703498331971,-4.5805978858279,-1.14143459288246
"ACCATAATCCAGGGAG-1","male","EN-fetal-late",0.397939918743676,0.926890004245705,-0.796459921579243,0.137654133384755
"ACCATAATCGGTCAGC-1","male","EN-fetal-late",-0.48488950897544,6.03830806520409,-0.593794354181172,7.8447342685067
"ACCATTAAGGACTAAG-1","male","IN-fetal",-4.37720990349143,6.48832456376976,3.37694286467564,-3.17092649428017
"ACCCAACCACAGCCAT-1","male","EN-fetal-late",2.71710586379678,-3.74459369871192,-1.82804108498562,2.30013926537864
"ACCCGCTGTTTCGCGC-1","male","EN-fetal-late",4.36331796477944,-1.78426845762306,1.61407875182164,2.1928137114846
"ACCCGGTAGAGCAAGC-1","male","RG",-2.50479185749381,-6.49754055234962,-4.97926951287258,3.45265825303428
"ACCCGTAAGCACAGGG-1","male","EN-fetal-late",6.24304199050576,-0.671876985760265,4.29668163420689,1.23369033845299
"ACCCGTAAGTTTGTCT-1","male","EN-fetal-late",-0.181320311320716,6.19796935823388,-0.269859799127461,7.96628339799278
"ACCCTCCCAATCTCTC-1","male","EN-fetal-late",0.889332292782372,0.838763354864112,-1.74803949234951,1.27376170667045
"ACCCTCCCAATTTAGC-1","male","EN-fetal-late",-2.01896441150993,2.15194873121209,-2.41218472359646,0.094089107831648
"ACCCTCCCAGTTTACG-1","male","IN-fetal",-0.637803675425941,-8.46427448484474,3.72899459959996,-7.39581291166908
"ACCGAAGCACCTATAG-1","male","EN-fetal-late",-0.0470393912920295,1.68837312963433,-1.30724442837703,0.0218686333500654
"ACCGAAGCAGGCTAGA-1","male","EN-fetal-late",1.89943885635049,1.42432002332634,-0.450992354135395,1.8523413709008
"ACCGCAATCATAACTG-1","male","EN-fetal-late",2.11767339538247,-0.105159063072734,-2.34434271691311,1.34707005532615
"ACCGGCTAGCGATACT-1","male","EN-fetal-late",-6.80474186111777,1.33891383912987,-4.76359701989162,-1.2765831181205
"ACCGGCTAGGACCAGG-1","male","IN-fetal",3.02448701690347,-7.54184540006691,0.595816738028644,-7.04794303862221
"ACCTAAATCCCTGGAA-1","male","EN-fetal-late",3.00868034194619,0.990722831158108,0.23133619787228,1.99860628159874
"ACCTAAATCCTGGCTT-1","male","EN-fetal-late",2.53122281860024,1.29293350484795,0.0485348320199238,1.44296987565391
"ACCTAAGGTAGCTGGT-1","male","EN-fetal-late",3.79013061355264,-1.77970250341468,1.43500577570927,1.79233475240104
"ACCTAAGGTTTGCGAA-1","male","EN-fetal-late",-3.27155411411613,4.87573854234642,-0.832561978082539,0.865205900987318
"ACCTACCTCGGGCCAT-1","male","EN-fetal-late",9.84292459319741,-7.77404220792823,1.45956920744908,6.24349172623985
"ACCTCACTCAAACACC-1","male","EN-fetal-late",-6.92476272751182,0.841634938778497,-4.63642216561306,-0.859439236799547
"ACCTGGTCAAGGTCCT-1","male","EN-fetal-late",-7.32633400131553,1.34384093788094,-4.31685973046291,-0.209847135225603
"ACCTGGTCAGTAGGAT-1","male","EN-fetal-late",4.36480188201577,-1.42332442495399,2.08943723799717,2.24142344506614
"ACCTGTTGTCGACTAA-1","male","EN-fetal-late",-2.92568528820365,-1.46577914449745,-0.595026561002614,-0.620557589212725
"ACCTGTTGTTGCCTCA-1","male","IN-fetal",-3.78866267372459,8.65566913392968,4.56021689536106,-4.19693223921425
"ACCTTCCAGCACGATT-1","male","EN-fetal-late",-5.25920629669517,1.88001755979485,-3.85318184731472,0.380622701963118
"ACCTTCCAGCGGATAA-1","male","EN-fetal-late",1.65018558334023,1.18543932941384,-1.28251899121273,2.04496284039848
"ACCTTCCAGCTAGAAG-1","male","EN-fetal-late",9.83430814574868,-8.10427864286476,1.42337273718846,6.56789453538292
"ACCTTCCAGTTAGTTG-1","male","EN-fetal-late",6.57126855682046,-1.76749952528053,-4.80708027718532,-0.835598392168352
"ACCTTGCTCAGCCAAT-1","male","EN-fetal-late",-1.32151818443626,0.496687184838719,-2.36577344773281,-0.0177706011927813
"ACCTTGTGTAGGTTTG-1","male","EN-fetal-late",4.70865964721352,1.56716982629723,0.734979054947017,2.38529832871788
"ACGAAGTCAAGCTTAT-1","male","EN-fetal-late",-2.63332021404594,0.915298152534432,-2.6139607512759,0.0848696215652734
"ACGAAGTCAATTTGGT-1","male","EN-fetal-late",-7.09480190445274,1.94713322427697,-4.62018776772487,-1.0566124149955
"ACGAAGTCAGAGGGAG-1","male","EN-fetal-late",-0.250070692790443,2.06800321844048,-1.53542877076137,1.09909774573677
"ACGAATCTCCTCAGTC-1","male","EN-fetal-late",-6.91894674469321,1.57797751930184,-5.45449543831813,-1.39979402510292
"ACGAATCTCGCAAACT-1","male","EN-fetal-late",10.1755013449064,-7.00210102293067,1.88035797240269,6.668776111921
"ACGAGTAAGTACTGGT-1","male","VSMC",4.02561855147988,-14.4864474127012,-3.45756412384975,3.23655732186668
"ACGAGTAAGTTTCCTG-1","male","EN-fetal-late",-2.51779687572806,2.31430904176659,-2.59925104020107,0.186796641220978
"ACGCAAGCAAGGTGCA-1","male","EN-fetal-late",8.09993791412026,-0.0250522086339524,5.25314711691868,1.94929309399956
"ACGCACGGTACGGTAC-1","male","EN-fetal-late",-7.49730587173789,1.03684149291939,-5.49180174706447,-1.8500135370887
"ACGCACGGTGATGATT-1","male","EN-fetal-late",2.25439214538247,2.13164917734093,-0.556609340886952,0.81172664674156
"ACGCACGGTGCGCAAT-1","male","EN-fetal-late",-5.16887068916648,1.68264273908562,-4.11945629952419,0.234385954459837
"ACGCCACAGGATTGAG-1","male","EN-fetal-late",-7.2570052163729,2.22248892095513,-5.22297192452419,-1.64220063177712
"ACGCCTAAGCTACTGG-1","male","EN-fetal-late",5.50453138183267,-1.71365102026039,3.21082257391941,2.62371356995933
"ACGCCTAAGTTTGAGC-1","male","OPC",-13.9294610040316,-11.6434441396909,-6.26773453591335,3.26802833588951
"ACGCCTTTCGCCTAAG-1","male","EN-fetal-late",2.68341922591836,2.60548905637688,-0.0721462750242962,2.48821528466575
"ACGCTTGAGTTAACCA-1","male","EN-fetal-late",-3.9308505075106,-2.36913617345863,-1.11185801861751,5.21430881532066
"ACGGGAAGTCCTTTAA-1","male","EN-fetal-late",-4.32526588608115,1.56729922798104,-3.31913567421901,-0.25083289829857
"ACGGTTAGTCGCAATA-1","male","EN-fetal-late",-3.65155482460349,4.68962446954674,-3.32806540368068,0.625440674146345
"ACGGTTAGTGGTTATG-1","male","EN-fetal-late",5.96440028976113,-2.48249467107826,2.04876183630955,2.50026853593223
"ACGGTTTAGATAGACG-1","male","IN-fetal",-3.69828295875877,6.87029210832543,0.153565994520305,-7.16790286986
"ACGGTTTAGGCTGGCT-1","male","EN-fetal-late",-3.89710521866172,6.53605167177147,4.04748605849278,-2.43686620680458
"ACGTCAAGTACAATGT-1","male","EN-fetal-late",0.287216900097436,1.35972736385293,-1.44573915837276,0.957792716344526
"ACGTCAAGTCTTTATG-1","male","EN-fetal-late",7.7628169042936,0.402268867759175,-2.5174601161288,1.69765301259392
"ACGTCAAGTTTCCGGC-1","male","EN-fetal-late",2.06011938880593,0.635474916367001,-0.284558602552296,1.55078061135643
"ACGTCCAAGAGGCTAA-1","male","EN-fetal-late",0.111280439602441,6.02654067781395,-0.0472857141302838,8.02258213075035
"ACGTCCAAGCCGCAGT-1","male","EN-fetal-late",5.05834865401894,-2.64461477491432,2.23264013888371,2.58229740174644
"ACGTCCTTCTCCTCTT-1","male","EN-fetal-late",-1.22361941803783,2.02360514905877,-1.63897276757229,0.0425899943911344
"ACGTTACAGCGATAAG-1","male","IN-fetal",10.0078377706876,-7.12958963605934,3.87003945471775,-4.91793720213539
"ACGTTGTAGGAGCAAC-1","male","EN-fetal-late",7.50440358947427,-0.604369480343395,4.70740126730931,1.49567420991295
"ACGTTGTAGTAACGGA-1","male","EN-fetal-late",-1.21114626695006,0.994380023149914,-1.57344270585048,0.358982043584517
"ACTAAAGCAGGTATTT-1","male","IN-fetal",-2.87036097217887,7.3378137758059,4.99061202170384,-3.38438789335854
"ACTAAAGCATAATGTC-1","male","IN-fetal",-3.51575279404014,8.59300557878441,5.40633391501439,-3.65188614813454
"ACTAACCAGGGCCACT-1","male","EN-fetal-late",2.78327417205483,13.7529582193179,-4.18346167443264,6.25249488862388
"ACTAACGGTTGAATCG-1","male","EN-fetal-late",-0.294556619418555,5.52355520036644,-0.214516111593129,7.26044328721397
"ACTAACGGTTGCACGG-1","male","IN-fetal",-5.72123241592734,8.47147790697045,4.2679459965421,-5.17984144178993
"ACTAACTCATAAGTCT-1","male","IN-fetal",-4.40146565605491,8.37814466264672,5.25906180502903,-3.8063146301902
"ACTAACTCATCAGCAC-1","male","IN-fetal",1.64878296683938,-8.37998779508644,1.17768096091282,-7.19333593336708
"ACTAATCCATGGCCCA-1","male","EN-fetal-late",-0.251044751895362,2.0034562757296,-1.22595728276241,0.657062428315809
"ACTAATCCATGGCCTG-1","male","EN-fetal-late",-0.300099136126929,6.20188133027977,0.150244525690197,7.59888561280601
"ACTAGGCGTAAGGTCC-1","male","IN-fetal",2.97555780242593,-7.63400562498146,0.478578231353878,-7.34456340757973
"ACTAGGCGTGTGCACG-1","male","EN-fetal-late",-0.557278992427283,1.16181622055001,-1.27851057885158,-0.567979974428484
"ACTAGGCGTTTGGGTA-1","male","EN-fetal-late",10.6480345709196,-7.0184365102964,1.35577570559513,6.34812219651573
"ACTATGTCATTGACAT-1","male","EN-fetal-late",-6.69395828415244,1.35145662334389,-4.57735777733791,-0.963804764429399
"ACTCACCTCACCTGCT-1","male","EN-fetal-late",-2.58909440208762,-1.51946242544227,-1.22085345623958,0.846837418397597
"ACTCACCTCGATATTG-1","male","EN-fetal-late",2.87579631637246,13.6641272714419,-4.04422522423732,6.04873807938927
"ACTCACCTCGCGCTAA-1","male","EN-fetal-late",5.36486577819497,-1.62924130651527,1.43057405116093,1.8617190888726
"ACTCACTGTACTTAGG-1","male","EN-fetal-late",3.66857623885781,1.66416613367028,0.335502169151424,2.4465773871743
"ACTCACTGTCCGTGAG-1","male","EN-fetal-late",0.0600824339261712,6.2557129075808,-0.00183031795489924,7.41360910447471
"ACTCAGTAGAAACTGG-1","male","EN-fetal-late",-2.87939977814048,-3.46047218534523,-0.870685824136616,4.65278394730919
"ACTCAGTAGTCCTTCA-1","male","EN-fetal-late",-4.15523791481345,1.85944227483696,-3.62306166527736,0.21364664497011
"ACTCCTCAGGCAACAA-1","male","EN-fetal-late",2.72902488540322,-0.449210483761363,0.0294482624722706,1.60056360276573
"ACTCGCTTCACTAAGC-1","male","EN-fetal-late",-2.24952429701179,2.41121963766045,-3.2270228946017,0.483474778255156
"ACTCGCTTCCCTCATA-1","male","IN-fetal",2.12953376601846,-7.36040695402198,0.127092353124736,-7.01472322432167
"ACTGAAACAGCAAATA-1","male","EN-fetal-late",-0.810672880900794,0.798291284410424,-1.15696907876003,-0.13251568166382
"ACTGAATGTAAACAAG-1","male","EN-fetal-late",-0.522299589408332,0.921944100229211,-1.7590122306155,2.32674248727196
"ACTTACTTCATAACGC-1","male","EN-fetal-late",2.93954896758706,-0.142991144390636,-0.188818939905049,1.36175187142723
"ACTTACTTCATAAGCC-1","male","EN-fetal-late",5.7080335600248,-2.78618057462745,2.69822382094395,3.07492549928062
"ACTTACTTCGGTCAAT-1","male","EN-fetal-late",2.81108903716714,0.412432055739827,0.130713424701809,1.39574833424919
"ACTTACTTCTCACACC-1","male","EN-fetal-late",6.85113668273599,-1.19166501256996,3.79610346915257,1.79176242860191
"ACTTACTTCTCCATAT-1","male","EN-fetal-late",2.58421373199136,2.07429067399926,-0.811361917238118,2.00569994958275
"ACTTAGGGTTTAAAGC-1","male","EN-fetal-late",-3.96787476707786,1.78183935192055,-3.17049337265957,-0.313929689804384
"ACTTATCTCGTTATAG-1","male","EN-fetal-late",7.6532731039396,0.48014579322762,4.69981335761082,1.87123914273613
"ACTTATGAGCTCCCTG-1","male","EN-fetal-late",4.02954006026894,-1.3543957063871,2.05828224780094,2.65638764413231
"ACTTCGCTCCCATAGG-1","male","EN-fetal-late",10.5535273535124,-7.75727375242286,1.30788069130909,6.60665710481041
"ACTTCGCTCCTCACAC-1","male","EN-fetal-late",6.21657943557412,-1.40990479681068,2.92801474692356,2.47461398156517
"ACTTCGCTCTAGCTTT-1","male","EN-fetal-late",2.56136226485879,0.897701449511714,0.418370147292136,1.73133261712425
"ACTTGAATCAATGAGG-1","male","EN-fetal-late",-2.65116381813377,2.19534496572442,-2.81823564408291,0.389005618413618
"ACTTGAATCTGGTCCT-1","male","EN-fetal-late",3.60747480224282,-4.76363189909034,0.237466148157238,-4.31239406553871
"ACTTGTAAGATAACCC-1","male","EN-fetal-late",7.48229646514565,-0.0440628716664841,5.09328459860814,2.34558017762535
"ACTTGTAAGTCACCAG-1","male","EN-fetal-late",6.38201188872964,-0.149009484978252,3.76487850310337,1.38500113995903
"ACTTGTCGTCAAAGAA-1","male","EN-fetal-late",-2.67106914688438,1.00963787343926,-5.37554312584865,-1.57521407095558
"ACTTTGTTCAGGAACA-1","male","EN-fetal-late",1.05340385268838,2.38544754293389,-1.17448533413875,1.58556314023369
"ACTTTGTTCGCATTAA-1","male","EN-fetal-late",6.40768623183877,-0.00212599727683571,3.50588940741551,1.65999908955925
"ACTTTGTTCTATCGCC-1","male","IN-fetal",-4.88392114807456,5.95738593843407,2.89735435606968,-2.98988930670387
"AGAAACCCAACGTGCT-1","male","EN-fetal-late",0.468335626827783,-4.31547268125587,3.81411456229222,1.61326249154442
"AGAAACTAGTAAGAAC-1","male","IN-fetal",-3.27254831959098,6.95419494417138,4.37028860213292,-2.55743734327919
"AGAAAGGCAAGCTAAA-1","male","EN-fetal-late",4.74080467055947,-2.47769768926673,2.18173383833897,2.2969625762307
"AGAAAGGCAGAGGGAG-1","male","IN-fetal",-5.46628713775962,7.73253957536644,3.67173432471287,-4.59548465696938
"AGAACAAGTCCGTAGG-1","male","EN-fetal-late",-1.4681096764335,1.40900389459557,-2.78178096650112,0.397064285596541
"AGAACAAGTGGATTGC-1","male","EN-fetal-late",1.10826921294839,0.279094021586842,-1.03312517045009,1.53083999665611
"AGAACAAGTTAATGCG-1","male","EN-fetal-late",-4.55145621467918,2.27718023565239,-3.92640210030544,-0.0575093456900805
"AGAACCGCAAATATCC-1","male","EN-fetal-late",3.29417371581704,2.34952918794579,-0.744180687646748,2.05325336964958
"AGAACCGCAACTAGCC-1","male","IN-fetal",3.60234975646645,-6.99846323225074,-0.111827620248677,-6.40486566511757
"AGAACCGCAAGCTTAT-1","male","EN-fetal-late",-0.113418103946143,1.97072021272606,-1.52311540482509,-0.0410289445317477
"AGAATCGAGTACCGCA-1","male","IN-fetal",-3.71919918228477,-1.04232211801582,3.34173440100682,-3.9474496075309
"AGAATCTGTACCGTAA-1","male","EN-fetal-late",5.8073143942228,-2.48273165914588,4.3865959561063,2.85010750802391
"AGAATCTGTGCATCGG-1","male","EN-fetal-late",0.634983061062402,1.70054237153954,-1.02288151619899,0.400709199031523
"AGACAATAGTCATGCG-1","male","EN-fetal-late",7.6448388082853,0.421954970626301,5.4309611237241,2.49912603410118
"AGACACGCAATCGCAC-1","male","EN-fetal-late",-0.158323885692054,6.34240094926781,0.0920853233529316,7.87886865647667
"AGAGAAGCAATGCCTA-1","male","EN-fetal-late",-6.4222188012728,1.31831799056954,-3.06301761506069,0.157332385202578
"AGAGAAGCACGTGCTG-1","male","EN-fetal-late",9.25894212554604,-7.01504715177589,3.24406980635655,3.03420885117882
"AGAGAAGCAGTTATCG-1","male","EN-fetal-late",10.3472657186857,-8.0314398596006,1.78736185194981,6.42883117707603
"AGAGAAGCATGCTATG-1","male","EN-fetal-late",2.67492341827065,-3.92024095747047,0.619592896719097,-6.47506801573403
"AGAGAAGCATGCTCCC-1","male","EN-fetal-late",3.39682483504922,2.36556426790184,-0.274633058290364,2.43402417214744
"AGAGAGGAGCGATACT-1","male","EN-fetal-late",-2.40086597372382,2.06919721868462,-1.54545606015194,-0.309461517015764
"AGAGAGGAGCTTAACA-1","male","EN-fetal-late",2.10347270797402,2.11837522294945,-0.126829990129353,1.81279869588249
"AGAGATTAGCGGGCAA-1","male","EN-fetal-late",2.72666692565591,-5.22596128675514,-1.01309193013179,2.07367606671684
"AGAGGAACATAGCGGA-1","male","EN-fetal-late",-3.54768538643211,2.18184630182213,-2.42935634491909,1.23483093293541
"AGAGGATGTATTTGGG-1","male","EN-fetal-late",2.16889500449807,2.27772478368706,-0.913140543680073,1.43377693208092
"AGATGCTTCGATTTGA-1","male","EN-fetal-late",-2.63357472587913,5.17122117784447,-1.44635380146969,1.90208585770958
"AGCAAATAGACTCGCA-1","male","IN-fetal",-13.9520421044955,-11.4848509618955,-5.99433232186306,2.81787641557091
"AGCAAATAGCCACATG-1","male","IN-fetal",3.60879087279946,-5.27993496152931,0.228470764179348,-4.66552631346352
"AGCAAATAGCTTTGGG-1","male","EN-fetal-late",-0.551893653167182,1.5254910996241,-1.0838481271075,0.235526951273611
"AGCAACAAGCGGTTAT-1","male","EN-fetal-late",-4.82047343422263,2.55135731008477,-4.58343506691921,-1.92032210318215
"AGCAACAAGGACTAAG-1","male","EN-fetal-late",4.70221328567178,1.73719213512368,-2.21008349297512,1.66865225346916
"AGCAACAAGTTGGGCC-1","male","EN-fetal-late",-7.04853677917808,2.28761498239464,-5.12540770409572,-1.46143011538155
"AGCAAGGGTGCTAGCG-1","male","EN-fetal-late",-3.01219225097983,2.15428630617089,-3.25167680619228,0.604223208745649
"AGCAAGGGTGTTAAAC-1","male","EN-fetal-late",-2.49840724636405,-2.05970986578041,-0.814192184190632,2.52111132653587
"AGCAATACACCAGGTT-1","male","EN-fetal-late",-5.637521268619,-3.37959297391944,-0.683472284059407,8.16425235780113
"AGCAATACATACCCGG-1","male","EN-fetal-late",0.0298048241010369,6.38095895555443,0.31963634403479,7.80889709504478
"AGCAATTGTCTTGCTG-1","male","EN-fetal-late",5.87456130813271,-0.623457033367687,-1.14547909138668,1.70853729756706
"AGCACAGCAAGCGATG-1","male","OPC",-14.0778021829256,-11.4414320776182,-6.17485190270412,3.09328849824302
"AGCACAGCAAGGTCCT-1","male","EN-fetal-late",-0.174364806903297,6.11572305467553,-0.0603993618296398,7.43268116029136
"AGCACAGCAGAACCGA-1","male","EN-fetal-late",3.27532911132485,0.581682245997853,0.7073100722028,1.20780427964561
"AGCACAGCAGTTTACG-1","male","EN-fetal-late",1.98453163932473,2.52697614934868,-0.498704739789845,1.99979277165764
"AGCACTAGTACCGAAC-1","male","EN-fetal-late",-3.37706113029807,1.09063706901497,-2.90534902451503,-0.797646922746965
"AGCACTTAGCGATAGA-1","male","EN-fetal-late",-2.77377629448264,-1.77253468725257,-1.17775596020687,2.25208886178367
"AGCACTTAGTAAACCC-1","male","EN-fetal-late",6.01142072509438,-2.67559941503578,3.19597267272007,2.71025283845299
"AGCAGGTAGACTCGCA-1","male","IN-fetal",2.7231030447355,-7.61235340330177,0.368481404204486,-7.24265949217446
"AGCAGGTAGCGCCTAA-1","male","EN-fetal-late",-0.218419195903236,-4.75139244291358,-1.63685012696254,0.320899250229529
"AGCAGGTAGGTTAGAG-1","male","EN-fetal-late",6.09321117232949,-0.735343177052074,4.15560101630223,-5.16566936461098
"AGCATCCCAAACTGTT-1","male","IN-fetal",-5.58556080032676,6.56960193422265,3.24640964629185,-3.97794477430947
"AGCATCCCACCAGGTT-1","male","EN-fetal-late",-2.7479343431124,-1.61049874517494,-1.50770212052333,2.87049181969993
"AGCCAGTGTAAGGTCC-1","male","EN-fetal-late",7.84289598296792,0.198016326693959,5.46362971426976,2.53905232461326
"AGCCAGTGTGAGACTC-1","male","EN-fetal-late",6.00484561751992,-2.67289980146461,2.95785831572544,3.18110950501793
"AGCCAGTGTGCTGGTG-1","male","EN-fetal-late",5.62811755965859,-0.400810796948009,-0.960138806085469,0.123131646087101
"AGCCAGTGTTGTTGTC-1","male","EN-fetal-late",1.947759149777,1.44802592304177,-1.4711669766711,2.66979201348656
"AGCCGCTAGGTCGATT-1","male","EN-fetal-late",10.041789530026,-7.80727871152931,-0.364020415525319,0.685461478551558
"AGCCGGTTCACGAATC-1","male","IN-fetal",2.25096964667947,-7.74959762785011,-0.256689079980732,-6.75550167051918
"AGCCTAAGTATTGCAG-1","male","EN-fetal-late",3.34025239776284,1.88727859762139,0.293878092486976,2.11639221223228
"AGCCTAAGTCAACAAT-1","male","EN-fetal-late",2.97876453231484,0.465102892188496,0.463295648862241,1.29634662183159
"AGCCTAGTCCAATTAG-1","male","EN-fetal-late",1.62230729888589,1.76596764829583,-1.26995933888424,1.52226157697075
"AGCCTAGTCCGGTATG-1","male","EN-fetal-late",-1.99898076225608,2.45407168176598,-2.30907798645961,0.594440775235823
"AGCCTAGTCTCGACCT-1","male","EN-fetal-late",10.3837132437101,-7.35256679746681,2.07612132193577,6.95662553819053
"AGCCTAGTCTTAAGTG-1","male","EN-fetal-late",4.62508344482095,-2.49929745885902,1.74592899443638,2.2947264483773
"AGCGATTTCCTAAGTA-1","male","EN-fetal-late",-2.36636459995597,1.41969589498467,-2.85032583115566,-0.291683776060411
"AGCGATTTCTTAGTGA-1","male","EN-fetal-late",-4.06369710136741,1.34895400312371,-3.14671517251003,-0.142741722742388
"AGCGCCTAGCGGTTAT-1","male","EN-fetal-late",-2.92125201393455,2.40896527078576,-3.25731755135524,0.577013956626585
"AGCGCCTAGCTGGCTA-1","male","IN-fetal",-4.60292291809409,6.79952613618798,3.71256875159275,-2.78842083899147
"AGCGCTCAGCCGCTTT-1","male","EN-fetal-late",7.63507604430825,-0.807436306210094,4.82946681143773,2.31625779183739
"AGCGCTCAGGGTGGAT-1","male","EN-fetal-late",6.92417383025796,1.0819085499329,5.24660157324803,2.24754746468895
"AGCGGACCACATGCTA-1","male","EN-fetal-late",-4.22315550018638,1.12351439502663,-3.16576243279445,-0.380497080961534
"AGCGGATAGTTAGACC-1","male","EN-fetal-late",-7.10629034210532,1.08320833352036,-4.84782839653957,-1.01750974146492
"AGCGGATAGTTAGCCG-1","male","EN-fetal-late",2.74452018569619,-4.18701370451026,-2.6036748969363,1.32546694787376
"AGCGTGCTCAATGACC-1","male","IN-fetal",2.27530097793252,-7.89430721494728,0.550422809143184,-6.95856325117714
"AGCGTGCTCACAGCCA-1","male","EN-fetal-late",5.74636840652139,-1.71638329717689,2.83243512274754,2.46079237969749
"AGCGTGCTCCATAAGC-1","male","EN-fetal-late",-2.62673819233268,-2.15599711629921,-0.336467274408223,1.86929233582847
"AGCTAAACAAATTCGT-1","male","EN-fetal-late",-1.6391451971659,2.44438378122277,-2.4598555648135,0.4464253655278
"AGCTAAACACGGTACT-1","male","EN-fetal-late",4.21516036819131,1.73735211399025,0.456179047991155,2.43949397118919
"AGCTAAACACTTAACG-1","male","EN-fetal-late",-7.72466468979209,1.17974136379189,-5.43158532021511,-2.81482283560402
"AGCTAACTCCTTGTTG-1","male","EN-fetal-late",4.61795091460854,1.55714957025475,0.92464428307545,2.35330303223961
"AGCTACGTCCGCATGA-1","male","EN-fetal-late",3.30519103835732,-2.84455784055763,-1.16517234681118,2.60235269578331
"AGCTACTAGTGACCTG-1","male","EN-fetal-late",8.05538606475503,-0.00190188381248024,4.83540963294041,1.66368837865227
"AGCTAGTTCAAACCGT-1","male","EN-fetal-late",2.76427554916055,-3.81832321378761,-2.36961580155361,0.111752614622644
"AGCTAGTTCTAATCAG-1","male","EN-fetal-late",-2.35972124506324,5.12553016450829,-0.879352458696248,1.88286777051323
"AGCTCATAGAAGGTGC-1","male","EN-fetal-late",-0.566359402430946,5.84163228776879,-0.451145359258534,7.8887902072274
"AGCTCATAGGTTTGAC-1","male","EN-fetal-late",7.43977022002847,0.590729903249211,5.60297631384861,2.73671253236168
"AGCTGCTCACAGAAAC-1","male","EN-fetal-late",1.91315793822915,0.711201142339177,-0.102112003545643,1.5069382956826
"AGCTGCTCAGTTTACG-1","male","IN-fetal",-6.58340311218589,8.38297549989647,3.9927925980283,-6.08666555372841
"AGCTGCTCATTCCTCG-1","male","EN-fetal-late",3.5550646765104,0.99077888932652,0.578498578686832,1.5254290870034
"AGCTTAATCAAGGACA-1","male","EN-fetal-late",6.92278337310464,-1.93409426900917,4.16089605452549,1.77959783585899
"AGCTTAATCCCTCACG-1","male","IN-fetal",-5.81334448028892,8.17672721651024,4.13039230467808,-5.3959998318351
"AGCTTCCTCAGTATTG-1","male","EN-fetal-late",-6.68065595795005,1.47214887645668,-4.96475935814846,-0.990754766146013
"AGCTTGGTCCTAAATG-1","male","IN-fetal",3.22043752502114,-7.38101967069679,0.809698930997966,-6.85868112532265
"AGCTTGGTCGGTTAGT-1","male","EN-fetal-late",-5.312419416202,1.74988798406548,-3.65707255242336,0.406949447711638
"AGCTTTAAGAGGAGTC-1","male","EN-fetal-late",4.34743022750527,1.12725816276497,0.578430256862758,1.98953707726829
"AGCTTTAAGCGAGTAA-1","male","EN-fetal-late",5.1350936872831,-2.46013243887001,2.3660528576566,2.48730309518211
"AGGAACCAGGAATAAC-1","male","IN-fetal",-5.73336839844077,8.38400260713524,4.56570338370335,-4.99594823805458
"AGGAACCAGGCATGTT-1","male","IN-fetal",4.01148700545937,-5.24482258054786,0.0987855112744556,-4.27757255522377
"AGGACGTAGGTATTGC-1","male","EN-fetal-late",-13.9338088052401,-11.5783987829404,-1.35185445187557,1.54010589631431
"AGGACGTAGGTCCTGA-1","male","EN-fetal-late",-2.1164446489939,1.55718086269326,-2.68541241524685,0.652800577005079
"AGGACTAAGCTGTAAC-1","male","EN-fetal-late",2.53940296004922,-6.11649902555519,0.580854854602932,-6.56120626417763
"AGGATATAGCTATTGA-1","male","EN-fetal-late",-0.925904692901069,2.37716798093743,-1.71598935959804,-0.39770094839699
"AGGATATAGGCCAATT-1","male","Microglia",10.7984461767545,15.6392382791323,1.75523757102024,6.55799491914146
"AGGATCCGTGGACATC-1","male","EN-fetal-late",10.4368643743864,-7.98666198942237,1.53181647421849,7.03256185563438
"AGGATGTCACAAAGAC-1","male","IN-fetal",-0.131224157107764,-8.64192207548194,3.29224180342686,-5.43610231367714
"AGGATGTCACCTACGG-1","male","IN-fetal",2.50027394126565,-7.71553142759376,0.47801234485638,-6.9349288174308
"AGGATTGAGCGATAAG-1","male","IN-MGE",-5.57452440430015,6.31651727464623,1.78740011813176,6.31153781922691
"AGGATTGAGGAGTAAT-1","male","EN-fetal-late",-0.349736930621558,5.9659613778872,-0.390535660962941,7.97622926743858
"AGGCAATCATCCATCT-1","male","EN-fetal-late",0.206045864330834,6.33915368822045,0.263721591849445,7.6242786219918
"AGGCAATCATTAAGTC-1","male","EN-fetal-late",-13.8318867700228,-11.6745100805479,-6.06430197594631,2.77795560868614
"AGGCGGATCTTGCATT-1","male","IN-fetal",-6.19710779358237,8.24985305574364,3.54693388106358,-5.24949686018593
"AGGCTAAAGCTAATCA-1","male","IN-fetal",1.96571969817788,-7.97881992551857,0.314133620877384,-7.00030891386635
"AGGCTAAAGGTCCGTA-1","male","EN-fetal-late",5.10927057098061,-2.77762158605629,2.17836152674687,2.72281773599022
"AGGCTAGCAAACCTTG-1","male","EN-fetal-late",-8.15542650390952,1.43479089048333,-5.30148030159938,-3.65724126783974
"AGGCTAGCAGGACCTT-1","male","IN-fetal",3.64844322036416,-5.19096096250587,0.234865865726589,-4.5185755917228
"AGGGCTACACAGGGAC-1","male","EN-fetal-late",0.360016225086755,2.26153473165459,-1.17015612957943,0.785083847364119
"AGGGTTGCACCATATG-1","male","EN-fetal-late",2.89715480636269,13.6345404794497,-4.08795596001613,6.26129634889
"AGGTACGCAGCTTACA-1","male","EN-fetal-late",7.55703115295083,0.00591311958260032,3.70453571440708,1.30497570546501
"AGGTACGCATGCTATG-1","male","EN-fetal-late",6.57409715484292,-0.33755143377357,3.64002679945958,1.88160725148552
"AGGTATTGTAATGGAA-1","male","EN-fetal-late",-3.46090197731345,2.24631933477349,-3.50180626748073,0.451745229085615
"AGGTATTGTAGGTTAT-1","male","EN-fetal-late",1.38961577247292,2.24466316011376,-0.858613499383809,0.920758979638746
"AGGTATTGTCATAACG-1","male","EN-fetal-late",4.19290733169228,-2.48757632467323,-1.82755518792141,1.61264832528465
"AGGTATTGTCATCCTG-1","male","EN-fetal-late",-0.274461986316138,6.01731912401146,0.353827252109169,7.58610113175743
"AGGTATTGTCCTTTAA-1","male","EN-fetal-late",7.12754678558022,-1.40381749364906,3.03768109442723,2.33208139451378
"AGGTCAAAGGAAACTG-1","male","IN-fetal",-5.72511148620933,7.5643967798037,3.76124905707371,-4.30981533018715
"AGGTCAAAGGAAGCTA-1","male","EN-fetal-late",7.45712613891274,-0.575873572559886,4.34780096175206,1.65697272332542
"AGGTCAAAGGAGTAAT-1","male","EN-fetal-late",-0.636950434935981,5.79927531984276,-0.37695676920879,7.53675134690635
"AGGTCAAAGTAGCCAT-1","male","EN-fetal-late",3.0021066648832,-2.47451813909584,-0.0779617214010968,1.8904535344445
"AGGTCATTCATTAGGC-1","male","IN-fetal",-7.01027918030112,7.92265455034203,3.74202775122654,-6.22326747862465
"AGGTCCGGTGTTAAAC-1","male","EN-fetal-late",-6.05537653137534,-2.99173100683265,-1.19556952355373,8.52036960633629
"AGGTCTTAGAGGAGGA-1","male","EN-fetal-late",7.20662641357095,-1.85418637487464,3.63119148375523,2.23863037141197
"AGGTCTTAGAGGATAT-1","male","EN-fetal-late",0.404495475994653,2.10197250154442,-1.73657275078762,0.979222672303847
"AGGTCTTAGTTAGGCT-1","male","EN-fetal-late",-4.09625411201804,5.62312785890526,-2.34784508584011,1.58672948392265
"AGGTCTTAGTTTCCTG-1","male","EN-fetal-late",-8.07409238983482,2.0425906589312,-5.05516196129787,-3.63538114515907
"AGGTGAATCCAGGTTG-1","male","EN-fetal-late",-2.7754400985369,2.57479457166619,-3.23733688233364,0.512362616380385
"AGGTGAATCTCCATGC-1","male","EN-fetal-late",-3.92079878021567,1.42650161292977,-3.80487109063137,-0.374983353296587
"AGGTGAGGTGTTAAAC-1","male","EN-fetal-late",4.00829219649941,-0.667573291988902,2.12270092131626,2.68564088853233
"AGGTGAGGTGTTCCCA-1","male","EN-fetal-late",-2.45801747013419,-1.72535546514564,-1.03079510567653,5.01106031449669
"AGGTGAGGTTTACTTG-1","male","Endothelial",-17.8881402032503,0.956578302947945,-3.57747031090725,3.072748976072
"AGGTTAACATTGTGCA-1","male","EN-fetal-late",-1.41031625290006,2.52229289319939,-2.43701148865688,0.838173942884138
"AGGTTACTCTGCAACG-1","male","EN-fetal-late",1.71762752364785,0.374398063687749,0.0303754723263965,0.951915996392897
"AGGTTAGAGCAAGGTA-1","male","EN-fetal-late",7.08505105804116,1.06270399299092,5.60640429617894,2.86473186524742
"AGGTTAGAGGCTGGCT-1","male","IN-fetal",-3.19961810280173,-3.24767740461402,-0.952848323564412,4.84272392304771
"AGGTTAGAGGGACTAA-1","male","EN-fetal-late",4.57281923125893,-2.11091979238563,2.31848572852146,2.79837163003319
"AGGTTGCGTAACCACA-1","male","EN-fetal-late",-0.150839449656898,-4.44653757307106,1.15545862080586,6.1903186610543
"AGGTTGCGTTAGCCAA-1","male","EN-fetal-late",0.408759830700463,5.97229234483666,0.235612592716335,7.78505952866905
"AGGTTGCGTTAGGTTG-1","male","EN-fetal-late",2.7999844534269,-0.832030136318736,1.13304041983616,1.28275568993919
"AGGTTGCGTTTATCGC-1","male","EN-fetal-late",10.219186304318,-7.92697342130714,1.26992022158635,6.56019886048668
"AGGTTTATCACTTTAC-1","male","EN-fetal-late",-3.91547370125144,1.21880767848916,-2.03188801644313,-1.32837419001229
"AGGTTTATCATAATCG-1","male","EN-fetal-late",-7.3395476358065,1.03524626400895,-4.84700299141872,-1.48641101805336
"AGGTTTATCCCTCACG-1","male","EN-fetal-late",3.15408801864297,13.3901652505679,-4.09705067513454,6.30394371064537
"AGGTTTATCCTCACAC-1","male","EN-fetal-late",4.53317832778603,-0.956838924618297,-1.32650745747554,2.48717482598656
"AGGTTTGGTAGCTGCG-1","male","EN-fetal-late",7.07207631896645,1.04159988072342,5.42227219702732,2.44114001305931
"AGGTTTGGTGGATGTC-1","male","EN-fetal-late",-3.10362041164725,1.33008192089028,-2.97574258683193,0.0925816728376657
"AGTAAACAGCGGGCAA-1","male","EN-fetal-late",0.568206070171899,-3.29701860639625,-0.812998779992939,1.36971064122551
"AGTAACACAAGCCAGA-1","male","EN-fetal-late",-6.1529750840792,-3.46915395948463,-0.541103311757924,8.0031495860421
"AGTAACACAAGGAATC-1","male","IN-fetal",3.24707650970132,-7.22934253904396,-0.570412822942616,-6.34601203886635
"AGTAACACAGCTAATT-1","male","EN-fetal-late",-13.6648697869906,-11.8779507467466,-1.46222055790889,5.02866514237755
"AGTAACACATAATCGT-1","male","EN-fetal-late",0.694483516918725,1.83051888254113,-0.988906511049153,1.09912772687309
"AGTAACACATAGCGGA-1","male","EN-fetal-late",9.77526998351724,-8.05979259702735,1.69866203429234,6.17771299394005
"AGTAACCTCAGGTCCA-1","male","EN-fetal-late",4.06008529494912,-0.793985087605052,1.37059556605351,1.98430045159691
"AGTAACCTCGAGCTAT-1","male","EN-fetal-late",7.44889020751626,-0.246996004314952,5.41438864829075,2.54977615388267
"AGTAACCTCGGCTAGC-1","male","EN-fetal-late",-2.64202439953178,2.07101074960656,-3.75325108407009,-0.146189613024065
"AGTAACGAGATGGAGC-1","male","EN-fetal-late",-2.52997780014365,2.4911888053698,-2.77442742226589,0.410193251689604
"AGTAACGAGGCACAGG-1","male","EN-fetal-late",-5.14659643341392,-3.26515014860206,-2.10886646149624,0.776501314958265
"AGTAATCGTCCGTAGG-1","male","EN-fetal-late",-3.87882137466758,-2.98130186292701,-1.79688835976589,5.06031997712486
"AGTAATCGTGACCTGG-1","male","IN-fetal",-6.60091638733237,8.18588392045922,4.31151699187291,-5.65589515654213
"AGTACGCGTTACAAAC-1","male","EN-fetal-late",-4.07956028152793,6.09502212312645,-0.393554934244038,0.0830070732735902
"AGTACGCGTTGGCGTG-1","male","EN-fetal-late",7.87514734100015,0.254788916377492,4.28210090758335,1.68662055047386
"AGTAGCTTCGAAGTGA-1","male","OPC",-14.0766787545809,-11.4594422170835,-6.13056898949611,2.93069251092308
"AGTAGCTTCTTAATGG-1","male","EN-fetal-late",6.47604513000161,-1.63963301870399,3.57726430060398,2.11327846558922
"AGTAGGATCGCCTGTT-1","male","EN-fetal-late",-2.13998061586707,1.46646748092598,-2.52420521615017,1.31918008836143
"AGTAGGATCTGTGCAG-1","male","IN-fetal",-3.70506048370689,6.61615554597802,3.5030419743253,-2.87252251593239
"AGTATAGCAGGATAAC-1","male","EN-fetal-late",4.50896262954385,0.921124648122258,0.965892723817943,2.09196503671043
"AGTATAGCAGTCTAAT-1","male","EN-fetal-late",-1.41935699973791,0.974911805061764,-2.97731066582668,-0.628381950537035
"AGTATAGCATAGACTT-1","male","EN-fetal-late",-0.303270460856849,1.3483146240992,-0.705972679834248,-0.135150504986116
"AGTCAAGAGCCTAATA-1","male","EN-fetal-late",1.32349562476785,2.33239952829308,-1.30908060906398,1.10651631863945
"AGTCAAGAGCTAATCA-1","male","EN-fetal-late",-3.17661535908073,1.11936522629685,-2.97018123505581,-0.0196201780236452
"AGTCAAGAGGCCTGGT-1","male","EN-fetal-late",-7.06421709228843,0.653096895484395,-5.49827195046413,-1.87164835421211
"AGTCAAGAGTGAGCAA-1","male","EN-fetal-late",-1.19850382376998,1.87725595739312,-2.57568527100551,-0.507277829328844
"AGTCAATGTTAAGCGC-1","male","EN-fetal-late",7.17844343017251,-1.58328445646339,3.93025755049717,2.77961285622948
"AGTCAGGCAACTGGCT-1","male","EN-fetal-late",5.66818475555093,-1.16208692285591,4.05757283331883,-5.76985017744667
"AGTCAGGCAGGCATCT-1","male","EN-fetal-late",-1.65014700759738,-6.21645410749488,-1.90448714135158,2.2343278697335
"AGTCCTGAGCTTGCTC-1","male","EN-fetal-late",-0.103427411807471,6.12803546693749,-0.00608203647601741,8.07301910432213
"AGTCGCATCGGTTTCC-1","male","EN-fetal-late",2.48448014091164,2.36730102804131,0.0669656014634357,2.3925789168679
"AGTCTTGCACCTGTAA-1","male","EN-fetal-late",-4.05519843269675,1.71747062709755,-3.42280388710964,0.00650820346706216
"AGTCTTGCAGGCTAAG-1","male","EN-fetal-late",2.29324769805581,-0.238149602146678,-0.457556434850575,1.37150283368461
"AGTGAACCAACAGGAT-1","male","EN-fetal-late",0.662864683376855,-3.85627277586036,1.51252328516972,2.2878106406533
"AGTGAACCACCTAATG-1","male","EN-fetal-late",-3.95815181900352,-2.17836101743751,-1.15223933098781,5.33970935853355
"AGTGAACCAGCAACAG-1","male","EN-fetal-late",-1.08995151687949,1.98167733457512,-1.53234101174343,0.609855847676924
"AGTGAGTCAAGTTATC-1","male","EN-fetal-late",4.78547811340005,-2.3250804731565,2.09555136324894,2.38981755288475
"AGTGAGTCAATAGTCT-1","male","IN-fetal",0.294155596005029,-8.56154831144386,2.89933299185765,-6.69603483168251
"AGTGAGTCACCATATG-1","male","EN-fetal-late",1.27797603439004,1.20446537044472,-1.02561701176632,1.6128918698632
"AGTGATGAGGAGGACT-1","male","IN-fetal",3.4145240766874,-6.67027862760597,0.0902267909241901,-5.94599143950112
"AGTGCACGTGGAAACG-1","male","EN-fetal-late",-3.74511552025169,2.28587369230217,-2.35994697449672,1.24385304959648
"AGTGCCGGTCATAACG-1","male","EN-fetal-late",0.855216501461572,2.06948057916588,-1.45227659581173,1.36679513963096
"AGTGCCGGTTCGGTAA-1","male","EN-fetal-late",-8.22920561004966,1.73822311666436,-5.29524708626735,-1.47688238112099
"AGTGCGGAGAACCTGT-1","male","EN-fetal-late",-3.39302015472739,4.72948209550805,-2.00501919625271,1.87282677205437
"AGTGCGGAGTAACAGG-1","male","IN-fetal",-3.67693805862754,-0.8961265871244,-1.74571896431911,5.18177850755089
"AGTGCGGAGTAGCGGG-1","male","EN-fetal-late",-3.05247032810538,-1.39706691000038,-1.4704037987994,2.45899422677391
"AGTGGACAGCAGGTTT-1","male","EN-fetal-late",-2.44703042675346,1.10024003293938,-2.85913992760646,0.462840067466429
"AGTGTGGCAATGAAGC-1","male","EN-fetal-late",2.39684700797707,-0.314322430820995,0.55577038886082,0.952045159658125
"AGTGTGGCAGCATGAG-1","male","IN-fetal",-3.89185238052695,6.43532268312401,3.08427738310826,-2.83675567595131
"AGTGTGGCAGTTTGTG-1","male","EN-fetal-late",0.516998885380334,5.96780101564354,-0.12823987839687,7.97130640061729
"AGTGTTTCAAAGGTAC-1","male","IN-fetal",-6.49612236191123,8.19375650194115,4.3403165257169,-6.37200681654579
"AGTGTTTCAGGATGGC-1","male","EN-fetal-late",-2.79501426388114,-1.73950298521095,4.00677012564671,-4.73253671614296
"AGTTACTCAGCTAATT-1","male","EN-fetal-late",-3.46107196976035,5.13084403779931,-0.565853782873036,1.29659708054893
"AGTTACTCATAAACCT-1","male","EN-fetal-late",-3.36323118378013,-2.30931719038063,-1.47821796772945,5.70394237550133
"AGTTATGTCCAACTGG-1","male","EN-fetal-late",7.67645120452554,0.568529080419011,5.38059186102879,2.33481939347618
"AGTTATGTCGGTTTGG-1","male","IN-fetal",-6.24574184585899,8.40897695329613,4.17589735152256,-5.91325799910195
"AGTTGCGTCCCGTTAC-1","male","EN-fetal-late",-5.64760875870078,1.17102445271439,-5.39411640999782,-3.30082289663918
"AGTTGGCGTTGCGCGA-1","male","EN-fetal-late",3.98939513991982,-4.99348266813331,0.358793108780502,-4.14626829115517
"AGTTGGCGTTTGAGGC-1","male","EN-fetal-late",-0.757992269290382,5.03224221971459,-0.3556462609576,7.60840471299522
"AGTTGTCAGCCGCAGT-1","male","EN-fetal-late",3.55905341933877,0.57680414226479,-1.35020018456447,2.04148335965507
"AGTTGTCAGGCGCTTA-1","male","EN-fetal-late",3.29459953139932,0.831485757423706,0.471631496269821,1.90117033036583
"AGTTGTCAGTTATCTC-1","male","EN-fetal-late",-3.32201147247642,6.75268403795189,4.62617301108372,-2.48971859900124
"AGTTTGATCACAGCGC-1","male","EN-fetal-late",4.33713388274819,-0.95899017545753,0.986232093591808,1.33982010396354
"AGTTTGATCAGCTAAC-1","male","EN-fetal-late",-1.2020601349005,-6.06460102293067,-2.7927572810458,2.02535911115043
"ATAACGACAAACCCTA-1","male","EN-fetal-late",-0.504216493857795,0.772201943962044,-2.00001192925441,2.09179671319359
"ATAACGACAACTAGAA-1","male","EN-fetal-late",0.423277495609826,-4.35487373563819,1.60779189230931,2.47307355912559
"ATAACGACAGCAGGTA-1","male","EN-fetal-late",7.28194761108071,-1.59158714506202,4.85184287192356,2.74022300752037
"ATAACGACATTGCGTA-1","male","EN-fetal-late",-7.6213736550936,1.29099671152062,-5.19765663979519,-3.57765714613564
"ATAAGCCTCCTAAGTA-1","male","EN-fetal-late",1.32610273193032,0.592496197490163,-0.480985232572438,1.27545829327934
"ATAAGCCTCGCACAAT-1","male","EN-fetal-late",7.91540193389565,-0.0259232709127,5.68756627203953,2.71246512444847
"ATAAGCCTCGGCCAGT-1","male","IN-fetal",0.712036846386498,5.77609483507103,3.65574764372837,-5.03390972105629
"ATAAGTCGTCGCGCAA-1","male","EN-fetal-late",-2.52160728145927,-2.11256654951149,1.45571874739659,2.43913348229759
"ATAAGTCGTTGCCTCA-1","male","EN-fetal-late",5.66875028442056,-1.24241097662025,3.38520025374424,1.9951294234597
"ATAAGTCGTTTGGCGG-1","male","IN-fetal",2.52691554855019,-7.84378536436134,0.0346934712125049,-7.08644573179848
"ATAATGGCAAAGCTCC-1","male","EN-fetal-late",-2.17809903789848,-6.37035806867652,-5.80447436211574,2.90937192948692
"ATAATGGCAATGCCTA-1","male","EN-fetal-late",6.44037246535928,-1.68068631383949,3.39430736662876,2.0158791116082
"ATAATGGCAGCACGAA-1","male","IN-fetal",-5.00399899650901,7.09819738176293,3.9027104294492,-2.96932308165199
"ATACCGGTCCTAATTC-1","male","RG",-1.23790805209964,-6.41151674482399,-5.77904320595729,3.62296922715538
"ATACCGGTCTTTGAGA-1","male","EN-fetal-late",-3.12916779686301,2.07525066640801,-2.58070684311855,1.13549907716148
"ATAGATGCACAGCCTG-1","male","IN-fetal",-4.63335299660056,7.849207322864,5.11958216788304,-3.83355943647988
"ATAGATGCATAATCAC-1","male","EN-fetal-late",3.1634426100126,1.74387918022103,0.46653111564052,1.82045264752739
"ATAGCATGTTACGCGG-1","male","EN-fetal-late",10.4902882559171,-7.84622867795997,1.53586088778508,6.5687104037606
"ATATAGGCAAACTAAG-1","male","IN-fetal",3.3036899549833,-7.40754516813331,0.0362894451810108,-6.88564578978188
"ATATAGGCAAGGTACG-1","male","IN-fetal",-3.21353817154258,8.19661132600731,5.35670184256565,-3.31468288389809
"ATATGCATCATAATCG-1","male","EN-fetal-late",-2.6897479312548,-2.16152723524147,0.790854952354549,1.67331870110863
"ATATGCTCAATTGCGC-1","male","EN-fetal-late",6.57034540008218,1.00014617648549,-6.0206146323489,-2.2168792912162
"ATATGCTCAGTTAAAG-1","male","IN-fetal",-4.57639241386741,8.09556428697533,5.3051328575803,-3.65385834662087
"ATATGCTCATCAGTAT-1","male","EN-fetal-late",1.2947571260801,1.4381441285891,-1.01224685547817,0.893313365300825
"ATCAAGACACAAGCCT-1","male","EN-fetal-late",-4.70371341873496,1.27703959849305,-3.82697726128566,-0.456015093008348
"ATCAAGCTCGCCTGTT-1","male","EN-fetal-late",4.71265411208779,-1.40709622594886,-1.19407487748134,2.32509763749473
"ATCAATCCAGGTTCAC-1","male","EN-fetal-late",3.05699443648965,-3.8734169790464,-1.78513813851345,1.27768059285515
"ATCACACAGATGGAGC-1","male","EN-fetal-late",3.74473333190591,-1.53269012662941,1.35883282782566,1.81531162770622
"ATCACACAGCTGGAAA-1","male","EN-fetal-late",2.41179847549111,0.918085191218323,0.15938124718201,1.32915790589683
"ATCACACAGTATTGTG-1","male","EN-fetal-late",-4.64481496979087,7.18346587922997,4.1848263657285,-4.53936473814614
"ATCACCCTCAGAAACG-1","male","EN-fetal-late",0.292504428135461,0.306348603038258,-1.35169077752102,1.16899068864219
"ATCACCCTCATCCTCA-1","male","IN-fetal",3.20879077743203,-7.33047493192726,0.118585131187557,-6.39073745695717
"ATCACTAAGGAGTAAT-1","male","EN-fetal-late",2.57133579085976,-0.779133636684947,-1.70872569916713,1.3620271256768
"ATCACTAAGTTAACCA-1","male","OPC",-14.0219426171908,-11.6426163503843,-6.34914637444484,3.12811048539512
"ATCAGGTTCATTACAG-1","male","VSMC",4.01269006560952,-14.4994097540098,-3.41942788002956,3.2579742244088
"ATCAGGTTCCTAACGG-1","male","RG",-1.64119847287028,-6.11331041547828,-5.8402938926028,3.7713220885598
"ATCAGGTTCTGGCAAT-1","male","EN-fetal-late",-0.480546356929237,5.65520707872338,-0.586710342149617,7.88500364335411
"ATCATGTCATAGCTGC-1","male","EN-fetal-late",-7.77592373062461,2.28708581235833,-5.26954651711452,-3.60462061850197
"ATCCAACAGGAGGCAT-1","male","EN-fetal-late",7.03029966186196,0.884968560008473,4.70690917136204,1.54504569085472
"ATCCAACAGTGATTCA-1","male","EN-fetal-late",-0.625017227424079,5.77854053285546,-0.83481729863155,8.16298969300621
"ATCCACCTCTAGCTTT-1","male","EN-fetal-late",6.94228505920083,1.18025736120171,5.61706446768773,2.57464297326439
"ATCCACCTCTCAATAG-1","male","RG",-1.10130337048858,-6.38276489469581,-5.22842026589382,3.69599397691124
"ATCCACCTCTTGACCC-1","male","EN-fetal-late",0.0317614061704339,1.31454367545075,-2.01235199807155,1.11946059974068
"ATCCCGCGTAAAGCGG-1","male","EN-fetal-late",1.31630492042214,1.45976583269066,-1.2739664399432,1.57280238183372
"ATCCGTGAGCGAGTAA-1","male","IN-fetal",-3.79452538658469,-0.946359235973888,5.14416360022557,-3.01438514677651
"ATCCGTGAGGCGCTTA-1","male","EN-fetal-late",2.41109561751992,0.196426909236378,-0.63260269997585,0.875948803743056
"ATCCTCATCCAGGTCA-1","male","EN-fetal-late",-5.19868707825034,-3.08311351034217,0.145589849968074,1.77303607972496
"ATCCTGACACTAAATC-1","male","EN-fetal-late",4.37599468063027,-1.95600326749855,1.68017636897099,1.96388121159904
"ATCCTGACAGCTCATA-1","male","Pericytes",-1.97221088577598,-15.8496638128477,-3.73103333352077,3.08352692635887
"ATCCTTAGTGAGCAAG-1","male","EN-fetal-late",-0.37520671058982,5.63692275789208,-0.749620803575398,7.55726345094078
"ATCGAGGCAAACGCGA-1","male","IN-fetal",-0.645844282401496,-9.32533462736183,3.59684347273838,-7.28496400801308
"ATCGAGGCACAACAGG-1","male","EN-fetal-late",6.94931840728433,-1.80864365789466,4.39263581397068,1.97250409634941
"ATCGAGGCACGTTACA-1","male","EN-fetal-late",4.04686260055215,1.99743048456139,0.153127423544048,2.47558720620506
"ATCGAGGCAGCTAATT-1","male","EN-fetal-late",2.26275634597451,2.08534578588433,-0.971468337755085,0.928013282140425
"ATCGAGGCAGTTTGGC-1","male","EN-fetal-late",1.64385628532082,1.63247458246178,-0.48607314465511,1.39876051457756
"ATCGAGGCATCACTTC-1","male","EN-fetal-late",-0.342172624362403,6.11648408678002,0.188801786918758,7.44244916947716
"ATCGCCCGTCACACCC-1","male","EN-fetal-late",-4.01143455673545,1.18209404852814,-3.28885866044033,-0.426725430170366
"ATCGCCCGTCCTAAGA-1","male","EN-fetal-late",6.87542867492349,1.28917927649445,5.03527163626683,1.74744315656059
"ATCGCTTGTAGCCTAA-1","male","IN-fetal",-5.09331560303062,7.98435680177636,4.3624489224149,-4.52800552336342
"ATCGCTTGTCAATAGT-1","male","EN-fetal-late",-1.96398872305244,1.05257330444283,-2.93343091843593,0.526044147332838
"ATCGCTTGTGGATTAT-1","male","OPC",-14.0448555963167,-11.4495297262388,-5.40758372185695,3.28852780373924
"ATCGCTTGTTAGAGCC-1","male","Pericytes",-1.96679687668174,-15.8439951727109,-3.7872481429385,2.85178835900657
"ATCGGCCAGACAAACG-1","male","VSMC",4.00893974136025,-14.5048113653379,-3.48858857987392,2.99898036034935
"ATCGGCCAGTGAGCAA-1","male","EN-fetal-late",-0.702755572093421,5.68479196336693,-0.956948407869221,7.52310236008995
"ATCTATGAGCTATTAG-1","male","EN-fetal-late",-0.199050428164893,5.39002124574608,-1.27734566567409,7.20576246293419
"ATCTTTGGTCGCAAAC-1","male","EN-fetal-late",-4.15458345581382,-1.44941004011207,-1.28564239380825,6.8353987506234
"ATGAAGCCAGGCTGTT-1","male","EN-fetal-late",-1.95450112391799,-6.1486912557798,-5.69991112587917,2.98334963830345
"ATGAAGTAGAATCGCT-1","male","EN-fetal-late",6.76198434661538,-1.8109362909513,3.69760870100987,2.60341246636741
"ATGAAGTAGGATCCGC-1","male","EN-fetal-late",6.70853471587808,-1.64003427717262,3.75477217795384,2.9520808032357
"ATGAAGTAGGCTCATG-1","male","EN-fetal-late",4.16297721694619,-2.47038229200416,-2.02681446907985,1.53623052152031
"ATGAAGTAGTTAGCCG-1","male","EN-fetal-late",2.14589237998635,-0.338626939983897,0.406703496408282,0.775131600221327
"ATGACAACAAATGCCC-1","male","EN-fetal-late",-6.30316257644981,0.913579646317429,-3.38998580811489,0.287377091368368
"ATGACCAGTTGTGACA-1","male","IN-fetal",2.90094995330483,-5.96240480634742,0.374842400719045,-5.78568880049355
"ATGACGAAGGGACTAA-1","male","IN-fetal",-6.81656027008384,7.92560712602562,3.48345660330784,-6.42014877287514
"ATGACGAAGTGTGATC-1","male","IN-fetal",-3.36363458801597,-1.17321236822181,-0.0833450639055981,-7.24041120497353
"ATGACTCAGAAAGCAT-1","male","EN-fetal-late",-0.945147814048225,1.46649656799263,-1.81993676064479,-0.0126205214656084
"ATGACTCAGCTCAAAC-1","male","VSMC",3.98426246474892,-14.5472088644224,-3.62370396492946,3.24972970994346
"ATGACTCAGCTCCCTG-1","male","IN-fetal",-2.96862220932334,7.21370689180321,5.16473864676487,-3.08559004751808
"ATGACTCAGCTGGCTA-1","male","EN-fetal-late",2.62945842574746,0.0460672190470168,0.421980488170503,1.50840909989708
"ATGAGCCGTAATCGTG-1","male","EN-fetal-late",7.52629136871011,-0.0987974593358567,4.78851222159398,1.62435753854149
"ATGAGCCGTTGCGGAT-1","male","EN-fetal-late",2.14589476417214,-0.389443952770763,0.498839034755348,1.36246986897819
"ATGAGCCGTTTACCGT-1","male","IN-fetal",-5.94063282181113,8.01989309099145,3.92480253340733,-5.18271390883095
"ATGATGACATTCCTGT-1","male","EN-fetal-late",3.76636504958779,0.753993559448189,1.0474584019376,1.13359411271446
"ATGCAAACACCAAAGG-1","male","IN-fetal",-6.32351064850181,8.48189632204003,4.25297855498326,-5.78642360655434
"ATGCAAACAGGCCATT-1","male","EN-fetal-late",-0.650864960444862,2.08608011510796,-0.971573837976338,0.205223473032644
"ATGCATTCACCTCACC-1","male","EN-fetal-late",2.83913516830117,13.6953858545107,-4.06187058327663,6.32990940125816
"ATGCATTCAGCAAGGC-1","male","EN-fetal-late",5.78471135924966,-0.816533405514293,-2.50884843705166,1.85688097985618
"ATGCATTCAGCAATAA-1","male","EN-fetal-late",0.565973041760033,-4.34934099409156,-2.42631531594265,1.72171123536461
"ATGCCTGAGCTATATG-1","male","EN-fetal-late",3.30395746062905,2.67551831510491,-0.0525692784594311,2.37262471230858
"ATGCCTGAGTGAGCAA-1","male","IN-fetal",2.63175582717568,-7.20908268186622,0.44131124677193,-5.95499937025673
"ATGCGATTCTAAGGTC-1","male","IN-fetal",3.51374959777505,-6.93443306181007,0.445871139932989,-5.83828584639198
"ATGCTTAAGTATCGCG-1","male","EN-fetal-late",2.47170805762917,0.121955614356465,-0.0440107965277447,1.26551898034447
"ATGGACAAGACAAAGT-1","male","EN-fetal-late",4.8455018980375,-2.53515799734169,1.9049351132108,2.4455905726754
"ATGGACAAGCTTTGTT-1","male","EN-fetal-late",4.57139634917886,0.0293583681864211,-1.02020121453273,2.20616229089134
"ATGGACAAGTATCGCG-1","male","EN-fetal-late",-0.288973452342445,5.59940234926171,-0.814125903825642,7.73698051484459
"ATGGCCCAGAAACTGG-1","male","EN-fetal-late",2.06556367705972,0.971719305781789,-1.70451618073452,0.512886213382414
"ATGGCCCAGCATGTTA-1","male","EN-fetal-late",-2.87129199673026,7.09986821916527,-1.71313310502041,1.88221748383873
"ATGGCCCAGGCGGATG-1","male","EN-fetal-late",0.766425607906884,5.8900484254641,1.32737456919682,6.42994602235191
"ATGGCCGGTACTGATG-1","male","EN-fetal-late",9.7086987478605,-7.30806930753761,-3.22871375916469,0.473521517833403
"ATGGCCGGTTCACCCA-1","male","EN-fetal-late",3.50593280624062,-0.0723335334973862,-2.60868049500454,1.40155680688255
"ATGGCTAGTATTTGGG-1","male","EN-fetal-late",3.62069845031411,1.487370949058,-0.295745857934834,2.11182470830314
"ATGGCTAGTGAACAAA-1","male","EN-fetal-late",-5.65899515320151,-3.85261877271705,-0.957429536561848,8.37265689881676
"ATGGCTAGTGATTACG-1","male","EN-fetal-late",4.8105840666166,-1.74467547628456,0.294241986293911,-3.99652807203896
"ATGGCTAGTGTTAGCA-1","male","EN-fetal-late",3.05709791015298,1.88490037229485,-0.19834930537212,2.31583650620811
"ATGGCTGTCAGGAAGC-1","male","EN-fetal-late",5.43415975402505,-2.19138487073951,2.32088505389225,2.52400000604027
"ATGGCTGTCCTTAAGA-1","male","EN-fetal-late",0.662182567822045,0.218214314250416,-0.808820255975605,0.592414992173842
"ATGGCTGTCGGTTACG-1","male","EN-fetal-late",3.91262960265786,-2.5279739687162,1.95357190730107,1.45289333375328
"ATGGCTGTCTGGCATG-1","male","EN-fetal-late",4.97441530059487,0.102903168467946,-1.86634899018276,0.22350961925619
"ATGGCTTAGTAGAGGC-1","male","EN-fetal-late",-1.15480297972053,0.923173393873639,-1.29148853657711,-0.80364827601082
"ATGGCTTAGTGCACGC-1","male","EN-fetal-late",2.85183048080117,-0.459118206234508,0.741100988407253,2.08624501736992
"ATGGTCTAGACTTATG-1","male","EN-fetal-late",-3.16098892856925,-3.32697590086036,-0.827749856691243,4.93758113892906
"ATGGTCTAGCCTGACA-1","male","EN-fetal-late",-2.96020877529472,-2.08603699895912,0.716900042314647,1.40748591931694
"ATGGTCTAGGAGCACG-1","male","EN-fetal-late",4.94940090011269,1.24673084524102,1.09904818894398,2.58532960923546
"ATGGTGCGTATTGGTG-1","male","EN-fetal-late",4.4657845480314,0.204753380088277,1.11745410325062,1.49994166406029
"ATGGTGCGTCAAGACC-1","male","EN-fetal-late",3.92070436309487,1.45886472967095,0.425192459542869,2.21665270837181
"ATGGTGCGTTACGCGG-1","male","EN-fetal-late",7.27976274322183,-1.48245938512855,3.46482276083958,2.41077454598778
"ATGGTTATCCCTGACT-1","male","EN-fetal-late",1.22468161414773,0.574021648435063,-2.50830341217983,1.52961380990379
"ATGTAAGCAATAGTCT-1","male","EN-fetal-late",1.26572298835427,0.180612008838124,-0.104119607190968,0.845981257280043
"ATGTAAGCAGTCTATG-1","male","EN-fetal-late",3.17770623992593,-4.5240550825315,0.356409776080965,-4.59729997603066
"ATGTAAGCATATTGAC-1","male","EN-fetal-late",-1.58956399728149,2.40549532678551,-2.54493404267299,0.713224785646132
"ATGTAAGCATGAATAG-1","male","EN-fetal-late",-6.94451952148765,1.10901908185906,-4.42723656533229,-0.55202691046364
"ATGTCCACAACTGGCT-1","male","EN-fetal-late",4.35632705520303,1.31230131891198,0.415609540474235,2.14617856057518
"ATGTCCACAAGTGTTT-1","male","EN-fetal-late",5.54821252654702,-0.149222094746166,4.14048670889866,1.60676165135734
"ATGTCCACAGCCGCTA-1","male","EN-fetal-late",-0.191901804698402,5.26816598680443,-0.859010108690144,7.44465024979942
"ATGTGAGAGCACGATT-1","male","EN-fetal-late",6.4687814695707,-2.36141164991432,3.30257248045933,3.01230414422386
"ATGTGAGAGTGAACAG-1","male","EN-fetal-late",-3.73592376877158,1.23633832838959,-3.38042116997707,-0.517491204420397
"ATGTTGTCAATTAAGG-1","male","EN-fetal-late",8.18948316405923,-0.223169405193858,5.18522738577855,1.93823118718498
"ATGTTGTCACGAATCC-1","male","EN-fetal-late",9.70967244933755,-6.93955524656349,1.87659644248021,6.51358612092369
"ATGTTGTCATCCATCT-1","male","EN-fetal-late",2.72728013824136,13.8153752496523,-4.15862322686184,6.11146553071373
"ATGTTTGAGTCATTAG-1","male","EN-fetal-late",3.18076467345864,-0.635289509029918,1.51570688845646,1.47049458535545
"ATTAACCCACTAAGAA-1","male","VSMC",4.08373355697305,-14.4317789861875,-3.56883931992519,3.25186713250511
"ATTACCCGTACCGGAT-1","male","EN-fetal-late",0.641270874249047,0.791018135665126,-1.30989671586025,0.672207968553236
"ATTACCCGTGATCAGC-1","male","EN-fetal-late",5.38174009154946,-1.45502980444007,4.11067461134922,-5.03530971495278
"ATTACCCGTTCGCTCA-1","male","EN-fetal-late",-1.42249744181126,1.61868111398644,-2.35851670144069,0.70211811574333
"ATTACCGCAACCCTCC-1","male","OPC",-13.9844946878084,-11.5667544195371,-6.13828040001857,2.90863688500755
"ATTACCGCAATTAGGA-1","male","EN-fetal-late",-2.81687772442191,-1.38656528684669,-1.41030073998439,2.37160642655723
"ATTACCGCACCTATAG-1","male","EN-fetal-late",-1.38990884442418,2.77457229402489,-2.85717106698024,0.493700044473341
"ATTACGTCAAACGGGC-1","male","EN-fetal-late",2.87455653976113,-3.88679035398536,0.259816668052791,-5.57113687483437
"ATTACGTCAAAGGTAC-1","male","EN-fetal-late",-3.8036897199282,-2.13249619695716,-0.9386780345248,5.95686300309532
"ATTACTGAGTACTGGT-1","male","EN-fetal-late",-4.19986510444968,2.17664710786767,-3.6957798087405,0.222921500226191
"ATTACTGAGTGAGCAA-1","male","EN-fetal-late",-2.70491683651298,-1.84274204465919,-0.943748601655842,1.21489449056022
"ATTAGCGGTGAAACAA-1","male","EN-fetal-late",0.0691025240293206,0.627752881316609,-1.02470529911983,-0.0894651987946719
"ATTAGCGGTGTTTGCT-1","male","EN-fetal-late",-2.68225765396445,-2.27486355993324,-1.61518741486538,2.7537906936013
"ATTAGCTCAACTCGCG-1","male","EN-fetal-late",-0.0914881246218024,5.42221729066796,-0.509694167356373,7.84165771516197
"ATTAGCTCAGGCTAAG-1","male","IN-fetal",2.28565478156716,-8.02098663541847,0.603981069345592,-7.0224475094474
"ATTAGGTGTCAGGCCA-1","male","OPC",-14.0456137673983,-11.5803719351011,-6.28908015130031,3.16143067391746
"ATTAGGTGTTGTTGTC-1","male","EN-fetal-late",7.5347371084562,0.707032497791714,5.32652758719456,2.14953430207603
"ATTAGTCCAACACCTA-1","male","EN-fetal-late",4.29930972884805,-0.888830382557445,-1.59644842980373,1.66898353608482
"ATTAGTCCACTTCACT-1","male","EN-fetal-late",-4.11343264747947,6.33867351320214,3.4620582974149,-2.5578285881675
"ATTATCCTCCATTACT-1","male","EN-fetal-late",1.79495096038491,-0.196569044323497,0.265706664939045,1.09222258838051
"ATTATCCTCTTAATGG-1","male","EN-fetal-late",-0.584434868586951,5.14460460451073,-1.19415379403103,7.33446128877037
"ATTATCCTCTTGCATT-1","male","EN-fetal-late",2.71888112853677,2.06840733793206,-0.57288885949123,2.21300251992576
"ATTATGGTCGGTTACG-1","male","EN-fetal-late",0.233702896343774,6.197267453937,0.0146991229249225,7.7917328646981
"ATTCACTTCGCTAGTG-1","male","EN-fetal-late",7.46475267242104,-0.658622462482982,4.18029975058567,1.41203351529472
"ATTCACTTCTTTAAGG-1","male","EN-fetal-late",10.4673686010709,-7.74234207365089,1.57739006640446,6.50160320313804
"ATTCATGAGAACCTAC-1","male","EN-fetal-late",-5.60778522659629,-2.55818112585121,-1.18772579071987,7.71379859956138
"ATTCATGAGGATTGCT-1","male","EN-fetal-late",7.82550191711099,-0.709588844509654,4.82333039404881,1.76592858346336
"ATTCCGGAGCTCCTAC-1","male","EN-fetal-late",1.97135305236489,0.749624203710026,-0.84364367363918,0.808078425248793
"ATTCCTCCATTATGGT-1","male","EN-fetal-late",1.72066426108987,2.67118219640679,-1.28862572548854,1.6817053130471
"ATTGAAGCAGCAGGTA-1","male","EN-fetal-late",6.87560319732339,-2.11078246328407,4.83160256506932,2.61419542344444
"ATTGAAGCATTAAGTC-1","male","OPC",-14.0422034280428,-11.49417789671,-5.86456681130397,3.72261102708214
"ATTGACTCACCTCACC-1","male","EN-fetal-late",-5.25266027618735,2.40407900121636,-3.88408470986354,0.157949334254196
"ATTGACTCAGCACGAA-1","male","EN-fetal-late",-2.7112550752291,2.52675871160454,-3.55010629532802,0.376641931255987
"ATTGACTCAGCATGAG-1","male","Microglia",10.7628731710783,15.6032485177798,-3.50103140709865,2.98010595353477
"ATTGACTCAGGATTAA-1","male","EN-fetal-late",1.55133533309609,1.95745901372857,-1.03466022847164,1.63967342885368
"ATTGACTCATAACGGG-1","male","IN-fetal",3.37521838973672,-6.13829668256813,0.357203989346145,-5.20673124281532
"ATTGACTCATTGGGAG-1","male","EN-fetal-late",-5.49031782318442,1.06613319721646,-3.19015408394802,-0.257579995075533
"ATTGCACAGCCGGTAC-1","male","EN-fetal-late",-6.88405847717612,1.27335281279511,-4.99176121590602,-0.896496219316789
"ATTGCAGGTAGTTAAC-1","male","EN-fetal-late",6.58165788482339,-1.90857060644203,4.46318863989842,1.70983799012535
"ATTGCAGGTCTAACAG-1","male","EN-fetal-late",7.21386766265542,-0.851247627468639,4.56280707480442,1.99702461274498
"ATTGCAGGTGAGGTGA-1","male","EN-fetal-late",6.47754716704995,-2.42699797842079,2.92159127356541,2.8122030070626
"ATTGCAGGTTCTTTAG-1","male","EN-fetal-late",-4.37408018280357,1.84983639028496,-3.6742200934695,0.211202385147741
"ATTGCGCCATAGCTTG-1","male","EN-fetal-late",4.50232696365029,-0.248521764011913,-0.823002585153462,4.29371889146202
"ATTGCTCGTAACGTGC-1","male","EN-fetal-late",2.31464791129739,1.81380270030922,-0.0129234874056591,2.19752581628197
"ATTGCTCGTAAGGTCC-1","male","EN-fetal-late",6.94819879363686,-1.83252700063758,4.08555220725071,2.72765429528587
"ATTGGCTAGAGGATAT-1","male","EN-fetal-late",4.88963174651772,-2.56926878187233,2.05567525984776,2.43764145882957
"ATTGGCTAGCGAAGTA-1","male","EN-fetal-late",-5.64473724533408,1.55143831279702,-4.12682009575832,-0.3507317134536
"ATTGGCTAGGGTTATC-1","male","EN-fetal-late",4.38560008834512,1.29026324656434,0.627135387678264,2.15222223313682
"ATTGGTTCATAGCGGA-1","male","EN-fetal-late",-3.24967324901908,-1.4968300649839,0.768628469724773,-6.12754718748696
"ATTGTCCGTCAAGTAT-1","male","EN-fetal-late",-4.30975628067344,-2.30088408681922,-1.81179691193569,5.50995262177818
"ATTGTGATCATGGCTG-1","male","IN-fetal",3.21695089172036,-6.34316547605567,0.119978330154537,-6.62005559889443
"ATTGTGATCGCTCCAT-1","male","EN-fetal-late",-2.49209273029655,-1.39472921583229,-1.67411471245754,2.33817227395408
"ATTTAGCCAAAGCGCA-1","male","EN-fetal-late",1.33559751342446,1.20330942776627,-4.91933585045803,-0.773207647482225
"ATTTAGCCAAGGTCGA-1","male","IN-fetal",2.8412728292814,-5.7706280538755,0.386821189020394,-5.8803109356559
"ATTTAGCCAATTAGCT-1","male","EN-fetal-late",1.94966578315408,0.0408226063532302,0.330620191116451,0.735948400815657
"ATTTAGCCACGTAATT-1","male","EN-fetal-late",3.23976564239175,2.23709587362236,-0.152276822309376,2.28279812844627
"ATTTAGGTCCTTCTAG-1","male","EN-fetal-late",-4.19712877441733,1.61677555349297,-3.89398051140773,0.00967072161071603
"ATTTGCAAGGTGTTAC-1","male","EN-fetal-late",-1.52801120449393,-6.27960594389015,-5.25768853066433,2.97632678063743
"ATTTGCGCACGGTTTA-1","male","EN-fetal-late",5.21631622146279,-2.68211730215126,2.68799780966771,2.86780579598778
"ATTTGCGCAGTTTCTC-1","male","IN-fetal",3.38596153091103,-7.07331093046241,-0.0325800561712994,-7.07114164320595
"ATTTGCGCATAATGTC-1","male","Pericytes",-1.97328865696281,-15.8501654455381,-3.38950014946926,3.16194923432701
"ATTTGTGAGCCTGGTA-1","male","OPC",-13.9017682092318,-11.6328821966367,-6.13388968346584,2.86659081490867
"ATTTGTGAGCGAGGTG-1","male","EN-fetal-late",7.1765828115812,-0.970712859364085,3.3261928475095,1.87437541993492
"CAAACAACAACCGCCA-1","male","EN-fetal-late",-2.54662251640647,-1.26933820936256,-1.49197233555782,2.11850269349449
"CAAACACTCGATTTAG-1","male","EN-fetal-late",4.59421348403603,-0.0184772798734238,-0.704865702371479,1.51505668671959
"CAAACACTCTAGCTTT-1","male","EN-fetal-late",-3.95182085205405,-2.88233764860206,-1.93350816605556,5.25005491288536
"CAAACATGTAACGTGC-1","male","EN-fetal-late",0.532840011822289,0.890805341122813,-1.48769260285366,0.612484293302229
"CAAACATGTGCATTAG-1","male","EN-fetal-late",10.0474190695158,-7.54227741453224,-5.75456477044094,-1.59314708201058
"CAAACCGTCATGACCG-1","male","EN-fetal-late",0.128138182865685,2.63923410680718,-1.75871277688015,1.13657374890678
"CAAACGCGTCAGTAAT-1","male","EN-fetal-late",5.80301952193887,-1.44320424291664,3.57910918356907,2.46305163415306
"CAAACTGGTGACATGC-1","male","EN-fetal-late",8.13721418212563,-0.0870134422498277,5.56061553122532,2.75329597504967
"CAAACTGGTGGTGAGA-1","male","EN-fetal-late",-5.85754823852866,1.56610981729454,-1.78194690583217,0.565634565671614
"CAAACTGGTTTATGGG-1","male","EN-fetal-late",0.546096323238915,0.786353800265259,-1.40952123044002,0.893168526014021
"CAAAGCGCAAAGCGCA-1","male","EN-fetal-late",4.18599176238686,-0.316093523235851,-2.71824050782192,0.643269436677626
"CAAAGGATCACAGGAA-1","male","EN-fetal-late",-3.50354600120872,7.48243753221459,5.16570042731297,-2.77478782621987
"CAAAGGATCTATGACA-1","male","EN-fetal-late",7.27716970275552,-0.999807793827586,4.77293967368138,2.19004447968834
"CAAAGTGAGGAGTCTT-1","male","EN-fetal-late",-6.70152425934165,7.80769340303368,-3.13594318268764,0.773803310712507
"CAAAGTGAGGCTATGT-1","male","EN-fetal-late",-0.522164644492561,5.36363403108544,-0.639556297044636,7.55941494019859
"CAAATCATCACAAGCT-1","male","EN-fetal-late",2.56081628631265,-3.87029989454322,-2.19829846261013,-0.440459592024156
"CAAATCATCCGGTTGA-1","male","IN-fetal",-4.85409188438743,7.1140007188601,4.54984950186741,-4.16513339964516
"CAAATCATCTAGCTAA-1","male","EN-fetal-late",4.97687768767983,-0.484940488071971,4.16550492407811,-4.4105319210685
"CAACAGGCACCTACGG-1","male","EN-fetal-late",-5.63339948822349,1.22192732599205,-3.56061745522487,-0.0365690120852679
"CAACAGGCATAATGTC-1","male","EN-fetal-late",2.52059531043679,0.75315654632277,0.110348097105144,1.48866291554802
"CAACCCGCACCTGTAA-1","male","IN-fetal",2.86642694305093,-6.69129808637672,-0.468508430700184,-5.96684781996376
"CAACCCTTCTGCAACG-1","male","EN-fetal-late",1.27385091613442,0.740731496183343,-1.70147562859523,2.29055173905723
"CAACCGGGTCAGGCAT-1","male","EN-fetal-late",-0.71188336778968,2.3085533788485,-1.81287313340175,1.23626037152641
"CAACTAGGTCTAGCTT-1","male","EN-fetal-late",-6.35098743606895,1.38395438697762,-4.17143965600002,-0.196241928020784
"CAACTAGGTTGTTGTC-1","male","IN-fetal",3.48396777938516,-6.82149561140113,0.51149518700373,-5.7100810238517
"CAAGACAAGCACTAGT-1","male","EN-fetal-late",-6.45970249344199,1.25270570424027,-3.98913718102443,-0.627836985269853
"CAAGACAAGTTTCCTG-1","male","EN-fetal-late",10.0178322775236,-7.64863975736671,1.29363237978947,6.61053045304649
"CAAGCTAGTTTCGCGC-1","male","IN-fetal",2.04587721656472,-8.18305214139991,1.00420366885197,-6.66304771391518
"CAAGGCCTCAATGACC-1","male","EN-fetal-late",5.52530669997842,-1.48401697370582,0.804883084316371,2.08411903890007
"CAAGGCCTCAATGAGG-1","male","IN-fetal",-6.32377100159019,8.48228351381249,4.0336644566251,-5.61171714750893
"CAAGGCCTCCGCCTCA-1","male","EN-fetal-late",-2.63247931171744,2.26645330694146,-3.24795962212551,0.513086753209761
"CAAGGCCTCTCGACCT-1","male","VSMC",3.97827863525063,-14.5351763555723,-3.60862398980129,3.3253296187722
"CAAGGCTGTAACCAGC-1","male","EN-fetal-late",0.223865864979333,5.81895438936181,-0.490871020536305,7.35688980134361
"CAAGGCTGTAATGACT-1","male","EN-fetal-late",-3.32157170940726,-1.79560406896644,-1.90177894471157,1.7991768887841
"CAAGGCTGTAGGTGTC-1","male","EN-fetal-late",1.50575470756204,1.97891382482476,-1.03562510846126,0.974366383870772
"CAAGGCTGTCAATGTG-1","male","EN-fetal-late",-7.61621809173911,1.21380652096695,-5.47035075066555,-1.62265006987221
"CAAGGCTGTGCCTCAC-1","male","EN-fetal-late",-1.44040442798823,0.422394137649007,-2.05089975235927,0.211443672200373
"CAAGGGAGTTAGAGGG-1","male","IN-fetal",-6.0256180780062,8.29113714006371,3.91640018584263,-5.28383581129677
"CAAGGTAAGGTTTGAC-1","male","EN-fetal-late",-3.52891683746665,1.68986431863732,-3.24053145287502,-0.207162661234209
"CAAGGTAAGTCACCTC-1","male","EN-fetal-late",3.19012737105996,0.99804120865292,-1.32981158135402,1.18026812585228
"CAAGGTTTCACCAATA-1","male","EN-fetal-late",5.84988593887002,-0.518474657269054,2.78200840117466,2.93984039338463
"CAAGGTTTCCACCTGT-1","male","EN-fetal-late",-2.82579147983878,-1.42386921140724,-0.61923862336147,7.99519594224327
"CAAGGTTTCTTGCATT-1","male","EN-fetal-late",3.76249885390908,2.33858541753716,0.0227268254948841,2.51822455438011
"CAAGTAACACAACAGG-1","male","EN-fetal-late",2.78433227370889,-0.0165427515225938,-1.69950557587612,2.40175445588463
"CAAGTGAAGCCTGGTA-1","male","EN-fetal-late",-3.93014335800498,5.9058126619143,2.35990571143162,-2.6505700775779
"CAAGTGAAGTAGGATG-1","male","EN-fetal-late",-3.05677676369041,-3.34022100660377,-0.914668449144246,4.87507112534874
"CAATAAGCAAAGCGGC-1","male","EN-fetal-late",3.20951604674966,-2.81678159925514,-0.836308010797383,1.82629259141319
"CAATAAGCACAACCTA-1","male","EN-fetal-late",6.70235776733071,-0.775195080967479,4.62466000678074,2.06157346280449
"CAATAAGCATCATGTG-1","male","EN-fetal-late",3.95558643172891,-14.5551338979917,-1.70334387658107,2.32236035378807
"CAATAGCTCCGGAACC-1","male","EN-fetal-late",-5.79110908676475,1.6101559808535,-3.41071105835903,-0.501602692285845
"CAATAGCTCTAACCAA-1","male","EN-fetal-late",0.664471863018578,1.07185634580082,-1.89669443009365,1.31553669484489
"CAATAGCTCTCACACC-1","male","EN-fetal-late",1.5936765653959,0.825468427321083,-0.119132884721638,0.638513462861708
"CAATATGTCTAATCTC-1","male","EN-fetal-late",-1.17515212465613,2.67132488992638,-2.53345394967067,0.339463653286627
"CAATCCCTCACTTCAT-1","male","EN-fetal-late",7.28511190246255,-0.402198035450511,4.62243270041478,1.65468056710594
"CAATCCTGTGGACCTG-1","male","EN-fetal-late",1.55752730201394,1.71950904634423,-0.590384432058217,1.98782225163811
"CAATCCTGTTCACCCA-1","male","VSMC",4.16963767837197,-14.341891367169,-3.42374635575283,3.08978136094444
"CAATCTAAGCTAAAGG-1","male","EN-fetal-late",7.28697061370522,-0.53109403345161,3.66664337279332,1.39935954125755
"CAATCTAAGGATTGAG-1","male","EN-fetal-late",-1.81235620547622,1.89404753950066,-2.16794682381618,0.793339329084089
"CAATGAACAAACAACA-1","male","EN-fetal-late",2.9055399877897,-5.83871324750953,0.132320336122631,1.52187033208244
"CAATGAACACAACCTA-1","male","EN-fetal-late",-0.35837161709159,5.32597057130761,-0.935064800958516,7.34925897630089
"CAATGAACAGTAGGTG-1","male","IN-fetal",2.37681793998391,-7.58882530424171,0.689318290968059,-7.20029251066811
"CAATGACTCGAGCTAT-1","male","EN-fetal-late",10.3152031881681,-7.95749099943214,1.44447242381108,6.44314201386802
"CAATGACTCTTCAATC-1","male","EN-fetal-late",1.78193759750039,2.36243478563256,-1.11508394120205,1.69268675359123
"CAATGTCAGCTCAAAC-1","male","EN-fetal-late",-5.32072210480064,2.08767966535515,-3.91866398690212,0.260489272197416
"CAATGTCAGTTAGAGG-1","male","EN-fetal-late",-2.13735252786964,1.79924569633431,-2.0626797759341,1.66387565644615
"CAATGTGGTCGTAAAT-1","male","EN-fetal-late",3.08777999709756,2.41224734094567,0.0132479286385761,2.36875160249107
"CACAAGCGTGATCATG-1","male","EN-fetal-late",-3.72885322738975,-2.11240108701759,-1.0015761935519,5.17770536454552
"CACAAGCGTTAAATGC-1","male","EN-fetal-late",1.08626246284158,1.66529152896828,-1.06954480050075,0.706717508157423
"CACAATATCAATGTGC-1","male","EN-fetal-late",-2.50990784336417,1.15193335321373,-1.97916174767482,-0.115508807579347
"CACAATATCCGGAACC-1","male","EN-fetal-late",6.12719583343179,-0.832683403225475,5.32372616889012,2.91687973054283
"CACAGGCTCGGTACGC-1","male","EN-fetal-late",-0.805855335486823,0.348788332013554,-0.904140361528279,1.65115542920463
"CACATACAGGATTGCT-1","male","EN-fetal-late",6.73712873290688,-1.37084277364784,3.62425493361485,2.08842046769493
"CACATACAGGGATTAG-1","male","EN-fetal-late",5.49136400054604,-0.861764509411388,5.42840766074192,2.09216757329338
"CACATACAGTAAGTGG-1","male","EN-fetal-late",-0.612259568465644,0.854005127964682,-2.02068925736416,0.0612157529794485
"CACATGCCAGGTTATT-1","male","EN-fetal-late",1.5998690111509,1.7505363037867,-0.915417441110493,1.41359754117363
"CACATTAAGCTGTCAG-1","male","RG",-1.25320270825713,-6.47930629941993,-5.18312407372463,3.55960925134056
"CACATTAAGTAAGAAC-1","male","EN-fetal-late",-3.72780060936301,-2.03997166845375,-1.59691382287014,4.87437875779503
"CACCAACCAGACAAAC-1","male","EN-fetal-late",-0.62462157179206,0.256171148089833,-2.00904179451931,-0.703228575865099
"CACCGGTAGGACTAAG-1","male","EN-fetal-late",1.05019926856667,0.0159854104799697,-1.35671318409908,1.0248369744622
"CACCGGTAGTTTGGGT-1","male","EN-fetal-late",1.49029469321877,0.413762342004246,-4.95538617012966,-1.43478040186531
"CACCTCAGTGGATTGC-1","male","EN-fetal-late",-7.7189192788729,1.19450233486123,-5.33411360619533,-3.10546605078346
"CACCTCAGTGTCACGG-1","male","EN-fetal-late",4.4391994459501,-1.44493540021949,-0.546146877984883,1.37064869912498
"CACCTGTTCTCGCCCA-1","male","EN-fetal-late",3.2392802221647,2.11752454545922,0.132850310821651,2.37164171250694
"CACGCAATCACAGCCA-1","male","EN-fetal-late",3.99406051467568,-1.34716661665016,1.98493062617314,2.48202760728233
"CACGCAATCCTAGTAA-1","male","EN-fetal-late",-2.23538983036368,1.79121790435738,-2.83380866883266,0.429892914613417
"CACGCAATCGAGGAAC-1","male","IN-fetal",-3.32786870170921,7.63255588319725,4.94937085272801,-3.00118963209755
"CACGCAATCTTTAAGG-1","male","EN-fetal-late",10.375813005673,-7.47776230070167,1.72669886710179,7.04360826524132
"CACTAAGGTACCGGAT-1","male","EN-fetal-late",2.25236296485574,0.0813037565035293,0.348224653918861,0.902184801419905
"CACTAAGGTAGTTAAC-1","male","EN-fetal-late",-6.70037698913901,1.44100342300362,-4.9124956214236,-1.13420681444771
"CACTAAGGTCACAAAT-1","male","EN-fetal-late",2.43535375426919,2.19244162347741,-0.306387730817677,2.13127406152122
"CACTAAGGTCGTTACT-1","male","EN-fetal-late",10.7364191992155,15.5771025827212,-3.14767194626796,2.94912250550621
"CACTAAGGTTTGGTTC-1","male","EN-fetal-late",6.49143600295693,-1.74731214735084,3.61943720938694,2.70783336671226
"CACTAGCCAGTTTACG-1","male","EN-fetal-late",-0.0315618531832038,6.24950925615258,0.00836538435947759,7.82607896836632
"CACTTTGTCACCGGTA-1","male","Microglia",-0.13882816006034,-4.57406671735817,-3.59392667649257,2.96841986688011
"CAGAACCGTCTTGCAT-1","male","EN-fetal-late",-2.8485841767916,6.30948583391137,-0.521760531644703,1.17698867829674
"CAGAATCTCAAATCGC-1","male","EN-fetal-early",-7.87642622162192,1.03334879484601,-4.98739004967678,-3.55445615736611
"CAGAATCTCATGCTCC-1","male","EN-fetal-late",2.71324014495522,1.87897447851128,-0.636692293863179,1.99327047379844
"CAGAATCTCCTCCATA-1","male","EN-fetal-late",7.69602918456704,-0.115675587387615,5.52780961157811,2.66636927636497
"CAGATTCAGTACTGGT-1","male","EN-fetal-late",1.37090921233804,2.0310419013781,-1.19952548382747,1.1103483608567
"CAGCAAGCACCAGCAT-1","male","VSMC",3.94170665572793,-14.5721531698423,-3.57259965775478,3.21990712197655
"CAGCATTAGCTTTGGG-1","male","EN-fetal-late",-5.55937481094688,1.67528591659493,-3.64695883629787,-0.10351674048073
"CAGCCAATCTCCTCTT-1","male","EN-fetal-late",2.14011335204751,0.540649842290349,-0.0099134528445019,1.16600258859031
"CAGCCTAAGCCACAAT-1","male","EN-fetal-late",6.57308626006753,-2.0241623708921,3.48793243529332,2.41488798173302
"CAGCCTTTCACGTTAA-1","male","IN-fetal",2.80433416198403,-7.42382438871437,0.647404483575939,-7.36627571074135
"CAGCTAAGTTGTGATG-1","male","EN-fetal-late",3.13089608977944,0.152656655578084,0.450584857781051,0.787382023652723
"CAGCTCAAGGCATTAC-1","male","IN-fetal",-6.57791233230918,8.33471099641747,4.2993910229398,-5.86431114164955
"CAGCTCAAGTCACCTC-1","male","EN-fetal-late",0.539083836781091,0.430144320992894,-1.46032751439083,0.377402292808226
"CAGGAAGGTGTGCACG-1","male","EN-fetal-late",8.17628907989175,-0.135649461479717,4.81331252219212,1.43234046014183
"CAGGAAGGTGTGTGGT-1","male","EN-fetal-late",7.47211694549233,0.853567605657644,5.44706772925389,2.49085314782493
"CAGGAAGGTTAGGATT-1","male","IN-fetal",-3.05084383655875,7.9874867608828,4.48941754462254,-3.16118471113808
"CAGGACACACAGGAAT-1","male","IN-fetal",3.12925004790933,-6.08149107191139,0.234128705282329,-6.05789176909096
"CAGGACACACTTAGGC-1","male","EN-fetal-late",-1.86658916045516,1.32519523408837,-2.95031143067348,0.136063292866281
"CAGGACACATTGTGAT-1","male","EN-fetal-late",3.29302263091714,2.49003295209832,-0.024441518764378,2.07419188531273
"CAGGATGCAACACCTA-1","male","EN-fetal-late",2.79964065383584,13.7515954187197,-4.15114451287258,6.09694917710655
"CAGGATGCAGTGAACG-1","male","EN-fetal-late",3.4948086721769,1.89459447172112,0.298943593223213,2.28607352288597
"CAGGATGCATTAGGTT-1","male","EN-fetal-late",2.95327663253457,0.976189385919041,0.232865369935154,1.49384232076042
"CAGGCTATCATGAGCT-1","male","EN-fetal-late",3.91291570495278,1.55812923219628,0.283490887899517,2.54324062379234
"CAGGCTATCTACTAAG-1","male","IN-fetal",-4.58363723923057,8.75822059419579,5.05396174551976,-4.2105955311454
"CAGGCTGGTGGACCTG-1","male","EN-fetal-late",5.59971475433022,-2.56703479978614,2.49614953162205,2.79352553399437
"CAGGGCTTCCTAATGA-1","male","EN-fetal-late",7.24517679046304,-0.724435765476756,4.27440499426854,1.72930713208549
"CAGGGCTTCCTGTTCA-1","male","EN-fetal-late",-4.16411686111777,-1.49819238874488,-0.473995515088917,8.00427969010704
"CAGGGCTTCGCTAAGT-1","male","EN-fetal-late",5.47550439666421,-1.42908461782508,3.9443318760587,1.68631728204124
"CAGGGTGAGCAGCTCA-1","male","EN-fetal-late",-0.317354561580115,-4.42316444608741,-1.68831277726162,1.17146916898125
"CAGGTCCAGTGGCGGA-1","male","EN-fetal-late",-2.28908717800468,2.24972788598961,-2.81158591149318,0.364470826705626
"CAGGTCCAGTTTGGGT-1","male","EN-fetal-late",1.19700550864846,1.19982619193024,-1.15277779934871,0.520260440429381
"CAGGTTAGTGTTTGTC-1","male","EN-fetal-late",0.0772742016187371,-4.6545334646421,-0.943316110353352,0.415937202294996
"CAGGTTTAGGACGTAA-1","male","EN-fetal-late",1.82020568679482,2.58922533300347,-0.648978360872151,2.10187681229942
"CAGGTTTAGTAGCTTA-1","male","EN-fetal-late",-3.19222378898948,5.67860881593651,-0.754827865342976,-0.0865174212849825
"CAGTACCCATGTTGTG-1","male","EN-fetal-late",4.1281733496061,-1.05796452257209,1.5333039677335,1.79203398736351
"CAGTATGGTGAGGTGA-1","male","EN-fetal-late",4.05550145934731,-0.655241567822032,2.78501962782872,1.22706039460533
"CAGTATGGTTAGAGGG-1","male","EN-fetal-late",6.36195468734414,-0.249042827816539,5.06556033255589,1.73424728425377
"CAGTATGGTTGTCATC-1","male","EN-fetal-late",-3.81792593170493,-2.09499772283607,-1.68292237160671,5.03029449494713
"CATAACGGTGATCAGC-1","male","IN-fetal",3.92608117889077,-5.28618629667335,0.276868990678905,-4.46458093611366
"CATAAGCTCACGTTAA-1","male","EN-fetal-late",7.50862836669595,-1.24546654913002,3.54606222273838,1.44227262051933
"CATAATCCAGAGAGCC-1","male","IN-fetal",-6.67875337768882,7.94122497346825,3.72173618437779,-6.04715578047402
"CATAATGTCCACCTGT-1","male","EN-fetal-late",1.22620343993813,1.20978442933983,-0.589232870321156,0.141138676797679
"CATAATGTCCAGGGAG-1","male","EN-fetal-late",-3.81646084953635,-1.24030931684547,-1.40173817513454,2.41978939088219
"CATAATGTCCTAAGGT-1","male","EN-fetal-late",0.571283577190942,2.37159256246514,-2.13271451828945,1.51069744141929
"CATAATGTCCTCAGTC-1","male","EN-fetal-late",-6.86027240921348,1.03198265638775,-4.7908930861758,-1.40785054651863
"CATAATGTCTTGAGCG-1","male","EN-fetal-late",5.24437951873452,-2.69462283346229,2.21081637503636,2.99558194192283
"CATAGACTCACAGGAA-1","male","EN-fetal-late",3.38537692855508,1.78182683494515,0.185161463041423,2.49174459489219
"CATAGGTTCCCGAACA-1","male","EN-fetal-late",9.73647928069741,-7.03708227369361,1.79341196181309,6.48406465562218
"CATAGGTTCCCGCCTA-1","male","EN-fetal-late",-4.4300758855471,-2.1533754656034,-1.41794300911892,7.01971014054649
"CATAGTCAGCGCTCAA-1","male","IN-fetal",2.25953054259927,-7.17549236509376,0.400523366928665,-6.1601771542228
"CATAGTCAGGAACGGT-1","male","EN-fetal-late",3.26756381820351,0.991922508744664,-1.10701216099727,2.32102497132652
"CATAGTCAGGACCTGC-1","male","EN-fetal-late",9.26629781554849,-7.46095665189796,0.393376416583179,1.59551806958549
"CATATCGCAAGGGTTG-1","male","EN-fetal-late",-2.89645195175498,-3.3280421087461,-0.958570369462849,2.71646674188011
"CATATCGCATCAATCG-1","male","EN-fetal-late",3.55049085448892,1.84862307813591,0.299531913418888,2.30960042985313
"CATATCGCATTGTGCA-1","male","EN-fetal-late",6.20370054076821,-2.45375927183204,3.67947982909214,2.95497139008873
"CATCAATCATAAGCAA-1","male","EN-fetal-late",5.08898496459634,-2.70549257490211,2.28350090147984,2.86954625161522
"CATCAATCATAGCTGC-1","male","EN-fetal-late",2.77030849288613,-0.920034367771678,1.59024392725956,1.3786286881768
"CATCAATCATCACTTC-1","male","EN-fetal-late",0.607218025433129,1.3546867778582,-1.20699096558559,0.127868169100081
"CATCACACAATGAGGT-1","male","EN-fetal-late",-7.33212852646201,1.53487930801339,-5.48665238259304,-1.80450205294258
"CATCACACACAGACTC-1","male","EN-fetal-late",-1.73537969757407,2.01131705549187,-2.30242920754421,-0.0451831647551745
"CATCACACAGGTATTT-1","male","EN-fetal-late",-1.55298417974799,0.662914823560185,-1.03269899723995,-0.601521534601518
"CATCACACAGTTATCG-1","male","EN-fetal-late",3.24812078307778,1.78472213056511,-0.00966159341800349,2.15962179215782
"CATCAGCCACCATATG-1","male","EN-fetal-late",-7.74623775650352,2.04056600835747,-5.24528885720241,-3.60551659552223
"CATCATGCAAACTGCC-1","male","EN-fetal-late",-4.75309038330405,1.55885974672265,-3.78392458794582,-2.13193647352822
"CATCATGCACTTCATC-1","male","EN-fetal-late",3.14289378951699,13.4004639795107,-3.89956665871608,6.07188518555992
"CATCCCAGTCATCATC-1","male","EN-fetal-late",-1.24955868889182,-6.38154609891944,-4.28805638192165,6.37717588456505
"CATCCCAGTTCGCGCT-1","male","IN-fetal",2.91845559905679,-6.28738077375465,4.45304154517186,-5.2427639195121
"CATCCCAGTTTATCTG-1","male","EN-fetal-late",2.83899402450234,-3.64585025999122,-1.78416944382656,0.339882018288305
"CATCCTGGTACGTTTC-1","male","EN-fetal-late",-5.25586390663474,1.55032680538125,-3.82792616723049,0.201037677248648
"CATCCTGGTCCTAACT-1","male","EN-fetal-late",3.38604640792519,-0.548828918667369,1.70297633769047,1.724755125364
"CATCCTTCATTAGGTT-1","male","EN-fetal-late",-3.95806098152488,1.94653407838768,-2.4060418689059,1.16135032685631
"CATGAGGCACGTGCTG-1","male","IN-fetal",-5.83832788635581,8.50332872178979,4.54324721457493,-5.00054733244545
"CATGCAAGTACTTAGG-1","male","VSMC",3.92477083038003,-14.5887194463926,-3.58982396958339,3.26508005174034
"CATGCAAGTGGATTGC-1","male","EN-fetal-late",-0.693826736701423,5.66254369523949,-0.63932705758083,7.20918090852135
"CATGCATAGTACCGCA-1","male","IN-fetal",-0.837911547912055,-8.60852249357276,3.8074042713834,-6.46814767805702
"CATGCGCAGCTATATG-1","male","EN-fetal-late",0.988880394207543,0.463782530097432,-0.50383699772823,0.257525416334799
"CATGCGCAGCTTAGTA-1","male","EN-fetal-late",3.36067581008584,-3.20092638227516,0.115003935117839,0.689436393102339
"CATGCGGGTCTCACTG-1","male","EN-fetal-late",5.69363164733559,-1.37162907812171,0.923358551283,-7.28383867231972
"CATGCGGGTTAGCCAA-1","male","EN-fetal-late",5.24545526336343,0.00753818061775657,-1.10801912186611,-0.248789084831545
"CATGCGGGTTAGGTTG-1","male","EN-fetal-late",-3.45556199718803,6.18468705919213,-1.06072820065487,2.4962747863137
"CATGGATTCATGAAGG-1","male","EN-fetal-late",-4.07324743439048,-2.25363453123146,-1.29686821339595,5.33710630448692
"CATGGATTCGTAATCA-1","male","EN-fetal-late",-0.890388132823402,1.32833431270546,-2.5587415778445,0.0222363418542654
"CATGGCGGTAGGTTTG-1","male","EN-fetal-late",-7.75182056595176,1.17715550568528,-6.08122254250515,-1.70481924502022
"CATGGCGGTTCCTGTG-1","male","EN-fetal-late",0.228949306713647,0.69840077665276,-0.842959650735737,0.0990384037249595
"CATTATCTCCGGCTAA-1","male","EN-fetal-late",1.4142217619291,1.17830918338723,-0.898828872423054,1.49865158112877
"CATTATCTCCTCCTAA-1","male","IN-fetal",3.40848111938149,-6.99065931531959,0.294499500711082,-6.09740774122841
"CATTATGAGCACAGAA-1","male","EN-fetal-late",3.69349002669961,-1.26507051679664,1.73406325938237,1.79837103398674
"CATTCATTCCGCCTAT-1","male","EN-fetal-late",-3.68229484726279,5.21999971178002,4.16062974097264,-4.75148145643837
"CATTCCTCACTTGTTC-1","male","EN-fetal-late",-7.84956741501182,1.10623888280816,-5.10308075783718,-3.55064885107643
"CATTGCGAGCTTTGGG-1","male","IN-fetal",-3.57347297836631,-1.41070373746925,-0.92068053124416,7.54467542680137
"CATTGTAAGCCGCAGT-1","male","EN-fetal-late",7.34645700286538,0.473717938928075,4.75258587958348,1.60539455922478
"CATTGTAAGGTCCACA-1","male","EN-fetal-late",0.220771549450463,0.690528373984761,-1.32626307843197,0.158526795228651
"CATTGTAAGGTTTACA-1","male","EN-fetal-late",2.72019576858193,-3.95311840269142,-2.76737881539333,1.04187424691551
"CATTGTGCAATGCCCG-1","male","EN-fetal-late",3.37615156005532,-3.85851581785255,-0.594814964513661,1.84328837903374
"CATTGTGCATCAATCG-1","male","EN-fetal-late",-2.75726902653068,1.21240250375695,-2.72111941216457,0.193916702886751
"CATTTGTTCAGAAACG-1","male","IN-fetal",2.61601590942056,-7.79037483427101,0.47940803976786,-7.2409123608268
"CATTTGTTCCTTCAAT-1","male","IN-fetal",3.49107026885659,-6.39953239652687,0.511977217216609,-6.57088033644325
"CATTTGTTCGGGCCAT-1","male","EN-fetal-late",5.82630967925698,-2.68857796880775,2.10098992945683,1.85037048371666
"CCAAACCCAAGCTTAT-1","male","IN-fetal",2.5187880976072,-7.56166370603614,0.402284903741075,-6.90754215208656
"CCAAACTAGGCTACAT-1","male","EN-fetal-late",0.654611347424096,1.57663981225914,-1.19726706383693,0.417144196351698
"CCAAACTAGTTAGAGG-1","male","EN-fetal-late",-3.98202347923606,-1.76484902593666,-1.17987848160732,5.81064231904381
"CCAACATAGGCTACTG-1","male","EN-fetal-late",3.1144604666105,1.50098059680886,0.0413594460679279,2.06176193269127
"CCAAGGCTCAATTACG-1","male","EN-fetal-late",10.3289570791593,-7.38580902311378,1.72668670775425,7.1177769473397
"CCAAGGCTCGCTAGCA-1","male","EN-fetal-late",7.54792356322915,0.67212994006104,5.59454917075169,2.63457687409752
"CCAAGTTAGCACTAGT-1","male","EN-fetal-late",9.67289209197671,-6.90654762479835,0.0652158773137317,0.764484303315809
"CCAAGTTAGGAGCACG-1","male","IN-fetal",-4.5846636312136,6.48679725435204,3.56624769331944,-2.59613410917885
"CCAATATCAAGGTCGA-1","male","EN-fetal-late",5.70793485473306,-1.12740572187477,3.27951788069737,2.6907933524453
"CCACACAAGGCGCACT-1","male","EN-fetal-late",-6.34614944626182,1.09963638689942,-3.63857746956813,-0.33656208006508
"CCACACAAGTCTGGGC-1","male","EN-fetal-late",-4.55171227623313,1.31435598042435,-3.85471249459255,-0.0999157407677859
"CCACAGGGTAAATTGC-1","male","EN-fetal-late",6.96317815612466,-1.45401080343299,4.54525231482518,2.28945978196495
"CCACATTGTTCACCCA-1","male","EN-fetal-late",-5.98059272934287,1.9852358510775,-4.49157858727443,-0.689513785520861
"CCACTTGGTCAGGCAT-1","male","EN-fetal-late",2.65620517562539,-0.763320166798167,0.75902693631184,1.12512214692467
"CCACTTGGTGCAATAT-1","male","EN-fetal-late",6.2220683081022,-0.0347373673635056,0.668650052566646,2.6442297271096
"CCAGACTCATTATGGT-1","male","EN-fetal-late",6.826252458798,0.564188998012013,-1.27737773297298,5.53162916215294
"CCAGCCTGTGGGTACT-1","male","EN-fetal-late",9.86309194396645,-7.84323986265235,1.57824503542912,6.46785934480064
"CCAGCCTGTTGGTTGA-1","male","EN-fetal-late",2.42606663535745,1.02753929403252,-1.52111876843441,1.27553351434105
"CCAGCCTGTTGTTGCT-1","male","EN-fetal-late",2.30899047683389,1.95498935487694,-0.0135121428774609,1.86810691865318
"CCAGCTGCAAGGAATC-1","male","EN-fetal-late",4.819660661923,1.70935920980401,0.707051984090923,2.57499321015709
"CCAGCTGCAGCAGGTA-1","male","EN-fetal-late",10.3013625128141,-7.85700805875831,1.85763286711705,6.53266675980919
"CCATAAATCGTACCGA-1","male","EN-fetal-late",-3.67643261123984,-2.31738336774879,-1.29393649933803,5.53208978684776
"CCATAAGGTACGGTAC-1","male","EN-fetal-late",-7.27370691467612,1.5986808350367,-4.9666047179507,-1.30853096930153
"CCATAAGGTTCGCGCT-1","male","EN-fetal-late",-4.53659629989951,5.56534663942284,-1.02926886914241,4.58616359742515
"CCATAAGGTTGAAGCC-1","male","EN-fetal-late",5.42538595031411,0.840456915373124,-0.507162996511342,1.34461434396141
"CCATAGCCACTGGCTG-1","male","EN-fetal-late",0.0736614448896111,6.30673496034569,-0.000355132799030711,7.90903385194176
"CCATAGCCAGGTTAAA-1","male","EN-fetal-late",2.41165900062234,-0.589922387333446,0.575061372537731,0.802087622007063
"CCATATTTCCGCAACA-1","male","EN-fetal-late",2.39475416968972,0.725899692444272,-1.55235029099453,1.21960599931114
"CCATATTTCCTCACTA-1","male","EN-fetal-late",7.19190454314858,0.425795148877568,5.53516005637181,2.7883685401284
"CCATCACTCACTTTAC-1","male","IN-fetal",-3.04777980018943,7.29498283174462,4.33025573851597,-2.48761407820351
"CCATCACTCATGCTAA-1","male","EN-fetal-late",-5.57196140457481,1.82944224384255,-3.87121106026638,0.198143178840807
"CCATCACTCGCTTCTA-1","male","IN-fetal",-6.51068544555991,8.36234704759545,4.28516625525486,-5.86765377012856
"CCATCATGTGAGCACT-1","male","EN-fetal-late",5.62918138335854,0.919601175753541,3.24695181014073,1.50935907872551
"CCATCATGTTAACAGT-1","male","EN-fetal-late",4.84882306884438,-2.1255651304441,2.07520221831333,2.37481411012047
"CCATTATTCAGAAACG-1","male","EN-fetal-late",0.21748983691842,2.2832289150042,-2.26857829926479,1.44598038705223
"CCATTATTCCTGGTCT-1","male","EN-fetal-late",2.74532842467934,1.44923804309792,-0.751354106645466,2.05288835080498
"CCATTGTGTGAGCGAA-1","male","EN-fetal-late",7.48065614532143,-0.221124250622325,5.28968714835179,2.09326191457146
"CCATTGTGTTGCCTCA-1","male","EN-fetal-late",-0.427825810206824,6.0484055688662,-0.399030216913105,7.8204456141793
"CCCAAATAGACAGGCG-1","male","EN-fetal-late",-0.267996670497352,6.19406310823388,-0.787303217630269,8.13072021516197
"CCCAAATAGGGTTATC-1","male","EN-fetal-late",-4.29344868828147,1.59954110887475,-2.58564544556606,-0.183857245127031
"CCCAGCACAACTCGCG-1","male","EN-fetal-late",1.5399906618467,1.56084321048684,-1.75056529877651,1.39793570550316
"CCCAGTTTCAAACCGT-1","male","IN-fetal",2.26120090316445,-8.0426531622129,-1.25307131646145,-4.75042287794716
"CCCAGTTTCAAGCGCC-1","male","EN-fetal-late",-0.0103757398256599,6.30289689805932,-0.798728712777974,8.30701549561851
"CCCAGTTTCATAACGC-1","male","EN-fetal-late",3.95062732528359,-0.992657024593883,1.32417827012074,1.93939216645592
"CCCAGTTTCGAGGAGT-1","male","EN-fetal-late",-3.87646079231589,-2.94728573057228,-1.44832599995601,4.70260532410972
"CCCAGTTTCGATATTG-1","male","EN-fetal-late",6.92617177795083,1.21148688700623,5.23107194067967,1.68785770448082
"CCCATAACACAATGCC-1","male","IN-fetal",-4.68877768684714,5.6166953256411,4.26320432784092,-3.42842761961586
"CCCATAACATAATCGT-1","male","EN-fetal-late",1.20719790290505,0.238092522887654,-1.32191635010708,1.06627626927727
"CCCGCAACAATACTGT-1","male","EN-fetal-late",2.27672695945413,2.42461041715569,-0.426870890836598,1.39902229817741
"CCCGCAACACATACTG-1","male","EN-fetal-late",3.62616109679849,-1.24822195264869,1.36408238770497,1.44274278195732
"CCCGCAACAGCATGTC-1","male","EN-fetal-late",1.0138049108854,0.392698984412617,-0.888603814821125,1.25510736020439
"CCCGCTTCACCCACAG-1","male","EN-fetal-late",7.06149339507729,-1.45253236982399,4.17493604781163,1.57269378217094
"CCCGCTTCATAAACCT-1","male","EN-fetal-late",3.71547221969277,-5.12431390974098,0.307817137856601,-4.43426219908364
"CCCGTAAAGGCACAGG-1","male","EN-fetal-late",2.94031905959756,-0.915746171207958,1.06770478846562,1.26398201497429
"CCCGTTGTCCGTGACA-1","male","EN-fetal-late",5.01098155807168,-0.659140188427501,3.8250110066129,-3.85322253195412
"CCCGTTGTCTGTGCAG-1","male","EN-fetal-late",7.38969659637124,-1.57663377019935,3.69056605460179,1.69159825356834
"CCCTAATGTTTAACGG-1","male","EN-fetal-late",1.17352580855996,1.43118814733452,-1.33265531895626,1.12341810973518
"CCCTCACCAAAGGCCA-1","male","EN-fetal-late",1.39212226699502,1.06170588341183,-1.88390375016201,1.72074409039848
"CCCTCACCAACAGCCT-1","male","EN-fetal-late",-4.23718238045066,-1.3736656496244,-0.372922130803944,7.21850593598717
"CCCTCACCAACTCGCG-1","male","IN-fetal",2.41548776458413,-7.37545402738624,0.963965705652355,-7.08578483549721
"CCCTCAGTCACAGCCA-1","male","IN-fetal",2.29379486869485,-7.77680404874855,-0.576491185407521,-6.33288709608681
"CCCTCAGTCCACCCTG-1","male","EN-fetal-late",-2.87417030502647,2.09202734735436,-2.76647282479274,0.48041059287422
"CCCTCAGTCCATAAGC-1","male","EN-fetal-late",1.65256023238809,-0.28485174867683,0.216082117576717,1.08350117715233
"CCCTCAGTCCTGATTT-1","male","EN-fetal-late",-5.99154949356406,1.95362357404656,-4.24979115365017,-0.419868988672563
"CCCTCAGTCGGTTTGG-1","male","EN-fetal-late",-0.992140533221656,5.18036739137597,-0.948560007791401,6.41942127259605
"CCCTCAGTCTCACATT-1","male","IN-fetal",-5.28038025070518,8.14508096483178,4.58007525565159,-4.66148464171059
"CCCTCAGTCTCATCAT-1","male","EN-fetal-late",-3.83997106720298,1.31236616876549,-3.21027589676845,-0.58604995695717
"CCCTCATAGCGGGCAA-1","male","EN-fetal-late",2.67126035522134,1.49681751039452,-0.0319239580439343,1.41420109780662
"CCCTCATAGGAACGCG-1","male","EN-fetal-late",-0.225340010417396,1.09742609765954,-1.37406540749538,0.379169808944395
"CCCTCATAGTGAGAGC-1","male","EN-fetal-late",-0.443652393115455,1.97165600564904,-1.22153652546871,-0.226809901872942
"CCCTGGACATCCTAGA-1","male","VSMC",4.06107663940102,-14.4512396642881,-3.64916182396877,3.27218421014183
"CCCTGGACATGGCCCA-1","male","EN-fetal-late",4.55526256393105,-1.42023285123878,2.47084688307774,2.60576351197594
"CCCTGTTAGAACCTGT-1","male","EN-fetal-late",10.153624056088,-7.79505165311866,2.00102006556523,6.79080112489097
"CCCTTAATCATAACTG-1","male","EN-fetal-late",-7.32901144195884,1.02366438117451,-5.54815150139797,-2.81691638914711
"CCCTTAATCCAAGTGT-1","male","EN-fetal-late",-7.81241130997031,1.46409122255272,-5.32785845635402,-1.75267462221749
"CCGACAGGTCACGAAC-1","male","RG",-1.14984840322822,-6.36317737791114,-5.15380478737819,3.55159934075706
"CCGACAGGTTAAGGCC-1","male","EN-fetal-late",-0.876341702235633,2.27352515962548,-2.28744960663784,1.07886292250984
"CCGCAAATCAGGAACA-1","male","EN-fetal-late",-5.33224034477561,1.67492644098229,-3.95197869179714,0.239357890804938
"CCGCAAATCCTGCGAA-1","male","EN-fetal-late",-7.62543153930991,2.15093855169243,-5.48896170495021,-2.35654656378395
"CCGCAAGGTATCTGGA-1","male","EN-fetal-late",5.03521299194009,-2.72941859457069,1.78483926417363,2.40551336320274
"CCGCAAGGTCTAGCTT-1","male","EN-fetal-late",7.99303483794839,-0.109431702824168,-3.05355096695888,-2.1936449238456
"CCGCAAGGTGTGTGGT-1","male","IN-fetal",-4.1309602277407,7.32957450654931,4.71526908041966,-2.59460083929665
"CCGCAAGGTTGTAACG-1","male","EN-fetal-late",6.46169471572549,-2.48865969869667,2.92481731535923,2.35850437196129
"CCGCACACAAATTCGT-1","male","EN-fetal-late",4.67504978011758,0.235357682971425,1.35557752015126,1.85198910745018
"CCGCACACAACTGGCT-1","male","EN-fetal-late",10.3700098974577,-7.31511505338722,2.11455201270115,6.99385936768883
"CCGCACACACCAGGTT-1","male","EN-fetal-late",4.06878089736611,-2.39365752431922,-0.62598968384731,-0.190593344847032
"CCGCACACAGGAATCG-1","male","EN-fetal-late",-2.14663177896827,-6.24681480619483,-2.1200060927676,1.77970738919609
"CCGCCAACACGGTTTA-1","male","RG",-5.41849684883445,13.4980258157534,-4.91670943139064,3.3403294852578
"CCGCCAACACTTCATC-1","male","EN-fetal-late",-2.45414734054893,-1.28577240202003,-1.05123568413723,0.949293749650648
"CCGCCAACAGGATGGC-1","male","EN-fetal-late",-3.51599335838645,2.20575444009728,-2.97601247666347,0.470957177003554
"CCGCTAGCAGCAACAG-1","male","EN-fetal-late",-0.658401431334907,2.88053695466942,-0.462805815915944,-2.20166675535805
"CCGGTTAAGCACAGAA-1","male","EN-fetal-late",-0.470476569426948,5.44238273408837,-0.494142719488026,7.45499809296959
"CCGGTTAAGCGCAATT-1","male","EN-fetal-late",-0.673239173186713,5.83103935029931,-0.860177525262715,7.54270847352379
"CCGGTTAAGCGCATTG-1","male","IN-fetal",3.04055023025185,-7.39694984647804,0.328390239794372,-7.08564416853554
"CCGGTTAAGGTCCTAG-1","male","EN-fetal-late",-5.54462528396934,1.18604571726746,-4.20582915184963,-0.96252290693886
"CCGTGCTGTCCTCCAA-1","male","EN-fetal-late",1.75963067840249,0.999778162507481,-0.638428219537617,1.98256392987602
"CCGTGCTGTTAGCATG-1","male","EN-fetal-late",2.82395744155557,-3.98202713224464,-2.56623173592556,1.70125635178917
"CCGTGCTGTTGCCTCA-1","male","EN-fetal-late",7.395100115048,-0.502009589405589,4.03538631560337,1.45180852921837
"CCGTTATGTTTCCTCC-1","male","EN-fetal-late",-0.636590840114051,5.67544976976342,-0.841505655031086,8.34020717652672
"CCGTTGCGTCATTGTC-1","male","IN-fetal",2.00128769706399,-7.46880729887062,0.271412930507778,-7.424973888079
"CCGTTGCGTTTCGCCA-1","male","EN-fetal-late",-2.98151529003471,-3.3681302854734,-0.761688956003071,4.85788782151573
"CCTAAAGGTACGCGCA-1","male","EN-fetal-late",0.194656012760705,6.26373092439599,0.242496958990215,7.8101826480233
"CCTAAAGGTCAACAAT-1","male","EN-fetal-late",-7.68535089660972,1.33325333502717,-5.84681750176418,-1.75458042112953
"CCTAAAGGTCCGCTGT-1","male","EN-fetal-late",-0.212562920344764,5.72972814348168,-0.717349060754658,7.99007995637291
"CCTAAAGGTCCTAACT-1","male","EN-fetal-late",6.47610091994912,-0.493263919086986,3.55725788237583,1.56185443909996
"CCTAAAGGTTCCGGCT-1","male","IN-fetal",3.76496648620278,-5.26671369764381,0.175515524168132,-4.33497373549111
"CCTAAATCAAACTGCC-1","male","EN-fetal-late",-1.70713606644958,2.06806389596886,-2.17217326996792,0.868901150544813
"CCTAAATCATAAGTCT-1","male","EN-fetal-late",2.08489131759316,1.88381926324791,-0.186577686052205,2.40106399567955
"CCTAAATCATATTGAC-1","male","EN-fetal-late",-0.15446376968711,2.02616802957482,-1.91871024010646,0.449628697951964
"CCTAAGCCACCTGTAA-1","male","EN-fetal-late",-1.15172365475982,1.24729270842499,-2.12626386521328,-0.503996176401445
"CCTAAGCCACTTAGGC-1","male","EN-fetal-late",6.13336372207314,-0.525021631451183,2.97724508406651,1.87221928151481
"CCTAAGGTCAATGTCA-1","male","EN-fetal-late",-7.03944301773399,2.16951040533013,-5.19508410332668,-1.013920945803
"CCTAAGTAGGCCCAGT-1","male","EN-fetal-late",10.3980784399381,-7.66228492948585,1.64329742552769,6.52166374238365
"CCTAAGTAGGGATGAC-1","male","EN-fetal-late",-5.25541138817161,1.69819710758156,-2.94037319062221,0.0804677030646116
"CCTAAGTAGGTGAGAC-1","male","EN-fetal-late",-3.01149881054252,1.32588977721161,-3.04974556801784,0.279433580359152
"CCTAATAAGCAGGTTT-1","male","EN-fetal-late",-3.77299809624046,-2.36456235143714,-1.25151205895412,5.46307428391807
"CCTAATCGTAATCGTG-1","male","EN-fetal-late",0.659152982937402,0.590152200130887,-0.729315050821187,1.39390261681907
"CCTAATCGTAATTAGC-1","male","EN-fetal-late",2.22157192062051,-0.319012005062633,0.130552343149303,1.10677553923958
"CCTAATCGTCCTCCAA-1","male","EN-fetal-late",-7.54721403290122,1.44068942573494,-5.03858233330715,-3.39795534102089
"CCTAATCGTTGCTTCG-1","male","EN-fetal-late",-0.0710104720720588,-4.53670128080421,1.39325260283482,5.91323812516563
"CCTACTTCAAGGGTTG-1","male","EN-fetal-late",1.54809498618752,2.24073545244164,-0.596341737489583,1.75959463628166
"CCTACTTCAGAATGAC-1","male","EN-fetal-late",2.74935579131753,13.8239392450137,-1.66288901207912,2.42973335297935
"CCTACTTCATTGTGGC-1","male","EN-fetal-late",7.13475084136636,1.06997213867135,4.95861624838841,2.50021226914757
"CCTAGTTGTGAATCGC-1","male","EN-fetal-late",-3.76632571388572,5.51502649095482,3.92888878943455,-3.91393129316933
"CCTAGTTGTTCAAGAT-1","male","EN-fetal-late",9.26324415038735,-7.17835338804298,0.733143887539028,1.68675275357597
"CCTATAGCAAGCCAGA-1","male","EN-fetal-late",-3.87420392204612,8.006828706531,5.01969288947117,-2.9934393593467
"CCTATATTCACAGCGC-1","male","EN-fetal-late",0.991748569714135,1.74625376966423,-0.769717820863606,1.53119905503624
"CCTATATTCATGTGGT-1","male","EN-fetal-late",0.083392618404931,6.07957355287499,-0.893402346353413,7.84643514665001
"CCTATATTCGCTATGG-1","male","IN-fetal",2.6636261923185,-5.43920381757789,0.554643309731601,-4.33981315580971
"CCTATTGTCCTCCATA-1","male","IN-fetal",-3.41795671154349,7.2080792596621,4.51602219702732,-2.96129171339638
"CCTATTTAGCCTCTCG-1","male","EN-fetal-late",5.19883775542886,1.52181081083245,3.24759315611851,1.59846110852592
"CCTCAAACAACTAACT-1","male","EN-fetal-late",2.85072278808267,1.12665937450356,-1.29507029889095,2.20218904527061
"CCTCAAACAGTTTGTG-1","male","EN-fetal-late",-7.74429702926963,1.2042813709063,-5.3617897116946,-1.88535563437111
"CCTCAAACATCTTGAG-1","male","EN-fetal-late",5.28242158721597,-2.64287050458961,2.30236136080754,2.75602396043175
"CCTCAATGTATTTGCC-1","male","EN-fetal-late",-2.99595248867362,1.57202307489342,-3.41880060074794,-0.146603954712221
"CCTCAATGTCTTTATG-1","male","VSMC",4.10240554641396,-14.4091444799619,-3.64401007531154,3.07036312135094
"CCTCCTGAGACAAAGT-1","male","IN-fetal",-3.43933868576377,-1.39977200719886,0.495802170653461,-6.7458852955497
"CCTCCTGAGCCGCAGT-1","male","EN-fetal-late",-3.76403117348045,5.74525300767846,3.92670082213414,-2.42211811033852
"CCTGAATAGCGGGCAA-1","male","EN-fetal-late",3.007000921475,-3.42801387998634,-1.22173500893581,1.65089710267418
"CCTGACTTCATGCTCC-1","male","EN-fetal-late",5.78351116012246,-2.47034438345008,2.84914731146824,2.94956810983055
"CCTGACTTCCTCCATA-1","male","EN-fetal-late",-8.15025329758018,1.56150619295067,-5.14718724129665,-3.60040752379067
"CCTGACTTCTAAGGAG-1","male","EN-fetal-late",8.70420217345864,-7.22919090482765,-1.5399816119479,2.33402522118919
"CCTGAGTCACAAACTT-1","male","EN-fetal-late",-6.77172279526084,1.44278828409142,-4.72595644829738,-2.06567089048989
"CCTGAGTCATGACTAT-1","male","EN-fetal-late",6.10717344115884,-0.18770225736671,3.45919202925694,1.51872177632683
"CCTGATGAGTAACTCA-1","male","EN-fetal-late",0.720347164379662,1.41598186996407,-1.02430475590694,0.999303119500807
"CCTGATGAGTCACTAA-1","male","EN-fetal-late",1.72114276717812,0.735230404703088,-1.3760559642123,2.17749007256859
"CCTGATGAGTCCTTCA-1","male","IN-fetal",-4.64313507248252,7.74839488771386,4.42433404089939,-3.44943181959755
"CCTGCTCCATAAGTTC-1","male","EN-fetal-late",2.79894304107339,-2.50804408285194,-5.33520508645046,-2.36397711722023
"CCTGGATCAGCAACCT-1","male","EN-fetal-late",4.57186603377969,-1.93736656400733,1.45323692919743,2.27277238877647
"CCTGGATCATACCCGG-1","male","IN-fetal",2.73265313933999,-6.78299768659645,0.765635720510601,-5.9235147663749
"CCTGTAACACTCAACA-1","male","EN-fetal-late",9.0097765905729,-7.24564941618019,-1.40226555703151,1.81152720960014
"CCTGTAACAGTTGCGT-1","male","EN-fetal-late",-4.11267757583945,-2.00866754743629,-1.50439680455196,5.04719169648521
"CCTGTATGTCTATCGT-1","male","EN-fetal-late",1.86304473708779,-0.546941001148753,0.0891346550179706,0.941239135583571
"CCTGTATGTTCCTGAT-1","male","IN-fetal",-6.30632972885459,8.45704547670312,4.25817226531041,-5.54149763075478
"CCTGTATGTTGTAAAC-1","male","EN-fetal-late",-5.32573056389182,1.30031017568535,-3.30039740441311,-0.0922737547553271
"CCTGTTGGTAAACAAG-1","male","EN-fetal-late",4.62752294372231,0.267474274901814,3.18127559782994,0.874579327424696
"CCTTAACGTGGTTAGC-1","male","EN-fetal-late",-4.09285617042869,1.38925008085198,-3.02879954216945,-0.140197021642992
"CCTTACTCACGTGCTG-1","male","EN-fetal-late",6.82648134063393,-0.282473165722423,3.92710947157872,1.6565759948098
"CCTTAGTGTTAAGCGC-1","male","IN-fetal",3.50804233382851,-6.15609319898658,0.072517595310329,-4.88641683546669
"CCTTAGTGTTAGTACG-1","male","EN-fetal-late",7.21954107116372,0.644557144312329,5.15111540915501,2.13743837388389
"CCTTAGTGTTGCAGTA-1","male","EN-fetal-late",-0.893457235587531,1.19218198564476,-2.10718155739772,1.27542491467827
"CCTTATGTCACAAGCT-1","male","EN-fetal-late",7.85326146911294,0.0858863404077956,5.41156243445408,2.43727810891502
"CCTTATGTCCTCCCTC-1","male","EN-fetal-late",-0.720248343242103,5.43456880357689,-1.10196686623562,7.31714304002159
"CCTTCAGGTTGCCTCA-1","male","EN-fetal-late",2.70400047134072,13.7532109430117,-4.23123312829006,6.26957281144493
"CCTTCGGTCCTCCTAA-1","male","EN-fetal-late",0.52413046191842,-3.60091503355079,-0.724415072183491,1.79722805531853
"CCTTCGTAGCTAAAGG-1","male","EN-fetal-late",-2.31838894058555,1.23197836783356,-2.51216483948696,-0.305752111355135
"CCTTCGTAGTATGTGC-1","male","EN-fetal-late",6.37110519241006,-2.49495371076637,3.30135249259007,2.48314793618553
"CCTTGCGTCTAAGTCA-1","male","EN-fetal-late",2.53817939590127,-0.546616751881175,0.100390425939678,0.788343446572951
"CCTTGTTCAAGCTTAT-1","male","EN-fetal-late",-7.85702371765464,1.47487620618767,-5.31350613472927,-3.50484983412392
"CCTTGTTCACATAACT-1","male","EN-fetal-late",1.86793994735391,-0.555861193867259,-0.165119954328419,1.51419694932335
"CCTTGTTCATAAACCT-1","male","EN-fetal-late",-1.56666863877862,2.24804691579766,-2.91472888825405,0.586982416232756
"CCTTTAGTCTAAGTGC-1","male","EN-fetal-late",2.2585227472654,0.525626253156132,0.376181886587857,0.631083088239363
"CGAAATGAGGTCCACA-1","male","IN-fetal",2.66643714736611,-6.68237884733253,-0.277933486680867,-6.13969461409218
"CGAAATGAGTTACTTC-1","male","EN-fetal-late",-2.84373808075278,-1.38707097265296,-5.24222517846096,-2.60424010244972
"CGAACAAAGAGGAGGA-1","male","EN-fetal-late",9.0339293463102,-7.05903537962013,-0.418234714250447,1.66143699200981
"CGAACAAAGCCTAACG-1","male","EN-fetal-late",3.41696214507729,0.571718077926106,-0.242184706907154,2.20134981187218
"CGAACAAAGCCTGTGA-1","male","EN-fetal-late",2.90215110610635,13.6201714685244,-3.96581173775661,6.20311649354332
"CGAACAAAGCGGGCAA-1","male","EN-fetal-late",1.04759359191567,0.251040678290791,-1.31824947236049,0.58134015115135
"CGAACCGGTATTGGTG-1","male","EN-fetal-late",1.54188370536477,-0.148416001530223,-0.601412781457783,1.26234944375389
"CGAAGAATCAAACACC-1","male","EN-fetal-late",5.68129014800698,-2.26576312276893,2.63476919295323,2.71855242761009
"CGAAGCCTCTTGCAGG-1","male","Pericytes",-1.96260017324775,-15.839745599957,-3.61859179375637,3.17901094468468
"CGAAGCGAGAATCGCT-1","male","EN-fetal-late",-1.75922009517043,2.15522925165123,-0.525328346471669,-1.97988287893898
"CGAAGGCCACAGGATG-1","male","EN-fetal-late",-3.67057442833274,5.02846709993309,-2.58421898720729,1.40611346276634
"CGAAGGCCACCTCGCT-1","male","IN-fetal",3.09025335143716,-7.47348602506691,-0.138958581666829,-6.50854675261147
"CGAAGGCCACGAATCC-1","male","EN-fetal-late",3.55969142745644,-2.54910596105629,-1.67582703469265,2.35097940476768
"CGAAGTAAGCTCAATA-1","male","EN-fetal-late",0.911914585339135,0.439745735196538,-0.597238191347004,1.23513050588005
"CGAAGTAAGTTGGATC-1","male","IN-fetal",-3.1760166900286,7.27904407289452,4.48285960318577,-2.75017730681069
"CGAATATGTGTGTGGT-1","male","EN-fetal-late",6.87361287902505,-0.536307532520824,3.6732764160825,1.76288254769676
"CGAATCTAGAGGAAGG-1","male","EN-fetal-late",-6.9199543016085,0.805952464981146,-5.32931424019802,-1.28298716036446
"CGAATCTAGCACTAAC-1","male","EN-fetal-late",5.2579135877958,-2.93729480001503,2.61489080550206,3.07582457574241
"CGAATCTAGCGGATTT-1","male","EN-fetal-late",1.26646184753091,2.05104450490899,-1.10217762825954,1.7522311976754
"CGAATCTAGTTAGTTG-1","male","EN-fetal-late",4.37702941726357,-0.0773657152371934,4.02140092017186,2.22255380662315
"CGACCTGCACCCACAG-1","male","EN-fetal-late",3.05345773528725,1.89182535913414,-0.203021951894642,2.28496988328331
"CGACTAAGTTTAGCGA-1","male","IN-fetal",-3.44548642803519,6.9494966676516,0.479869521279453,-4.2491378018058
"CGAGCGAAGCAGCTCA-1","male","EN-fetal-late",-0.202427627337867,-4.55654438230567,-1.29334200261104,0.337396430095366
"CGAGGAAGTCAAAGAA-1","male","IN-fetal",-5.57787609268516,7.94950095918602,4.18559693457615,-5.05467168776161
"CGAGGAAGTCTTGCAT-1","male","IN-fetal",0.183868287312096,-3.98806389066749,-0.132918723802449,-4.81456033674843
"CGAGGCAAGGCAAGTA-1","male","EN-fetal-late",-7.15804910827964,0.938658978609509,-5.79432536004055,-1.6707241961158
"CGAGGTGAGCCTTAAA-1","male","EN-fetal-late",4.72325086425454,-2.27862318250709,1.4917783653928,1.90753932507866
"CGAGGTGAGTGAGCAA-1","male","EN-fetal-late",0.493958829151696,1.60490105655617,-1.06902087567318,0.953380482515028
"CGAGTCGGTTAGAGCC-1","male","EN-fetal-late",-7.04950571228355,1.19323937204308,-5.11403895256984,-0.98864047018654
"CGATATTCAATTAAGG-1","male","EN-fetal-late",-13.900743963016,-11.6639595815855,-6.05282736657131,2.85705478700035
"CGATATTCAGGCCAAA-1","male","EN-fetal-late",-3.22879338432639,1.945185463695,-3.26647973893154,0.423998998721769
"CGATCCTTCATGCATA-1","male","EN-fetal-late",-3.07007229496329,-1.45492990705543,-0.89600122807491,7.92048795731895
"CGATCCTTCATTGCGG-1","male","EN-fetal-late",-14.0251517312655,-11.5883618185239,-5.61657477257717,-2.65262739149697
"CGATCCTTCCGGAACC-1","male","EN-fetal-late",0.347688792454308,1.9264641216082,-1.2466489159869,0.376057433208159
"CGATGTCCAATCTCTC-1","male","RG",-1.18095570970862,-6.49088533613258,-5.1586909377383,3.63741381677025
"CGATGTCCAGCCGCTA-1","male","EN-fetal-late",3.44241523574502,2.15867642667717,0.184604144711612,2.32559259446495
"CGATGTCCATAGCGAG-1","male","EN-fetal-late",-7.21882820297568,1.13954521325058,-5.38810063240993,-2.77078215567238
"CGATGTCCATTGTGGC-1","male","EN-fetal-late",4.56210756133706,1.62838767078347,0.525212816019176,2.56893308671348
"CGATTATCAGGACCAA-1","male","EN-fetal-late",2.5323641283384,0.942193750111527,0.0712972796155201,1.68323250325554
"CGATTATCATAGCTTG-1","male","IN-fetal",-6.24609518219321,8.39044372346825,3.83964847685826,-6.1614388653434
"CGATTCCTCGTTAACA-1","male","EN-fetal-late",2.29584240745217,2.00349132326073,-0.263121970872761,2.03853531392448
"CGATTCCTCTCCATGC-1","male","IN-fetal",-6.26931858230918,8.47723714616723,3.70920418860447,-5.09571544615395
"CGATTCCTCTTAATGG-1","male","EN-fetal-late",6.44100570510537,-1.71490295621925,3.48537062766087,2.37194021256798
"CGATTGAGTGGACATC-1","male","EN-fetal-late",4.22605943511636,-2.4461766073423,-2.3016889178561,1.42689366849296
"CGATTTGCAAACTCAT-1","male","EN-fetal-late",-4.00040269066184,1.59177712705559,-3.43679524300563,-0.0819987633622378
"CGATTTGCAACCTAAT-1","male","EN-fetal-late",2.24373268912942,0.598254959849782,-0.0583328389929547,0.907672005017927
"CGATTTGCAGAACCGA-1","male","EN-fetal-late",6.87970113586099,0.118476133613057,3.9957713997556,1.70286806138389
"CGATTTGCAGGTTAAA-1","male","EN-fetal-late",2.13728093932778,0.386402915982671,0.202671653647541,1.24673886807792
"CGCAAATTCACAAGCT-1","male","EN-fetal-late",1.1865229589811,1.8196223786158,-1.28140664933193,1.36044903310173
"CGCAAATTCATTACAG-1","male","EN-fetal-late",-2.80327081848472,-1.21747191640907,-1.08469999669063,1.71089811833732
"CGCAAATTCCCGCATT-1","male","EN-fetal-late",9.08790540527017,-7.35404499265724,-1.18296051857937,0.62622170360916
"CGCAAATTCCCTCAGT-1","male","EN-fetal-late",6.35601520370156,0.563106458453603,5.5827002442075,2.68685110123985
"CGCAATAGTACGGGTT-1","male","EN-fetal-late",6.38884925674111,-2.36799176427894,3.55231594206822,2.84039958032005
"CGCAATAGTAGCCATA-1","male","EN-fetal-late",-4.0334739701876,-1.73708232137733,-0.942210921029927,6.3253832629525
"CGCAATCCATTGACAT-1","male","EN-fetal-late",7.90024709533364,0.393298368720479,5.14122771384251,2.37420661958092
"CGCAATTAGACAAGTG-1","male","EN-fetal-late",1.52598380874307,0.311989705829091,0.780939362068294,1.19259865792625
"CGCAATTAGCCACAAT-1","male","EN-fetal-late",-3.95514941383689,-2.33833821508461,-1.06764877675045,5.29595478089683
"CGCAATTAGCTATGAC-1","male","IN-fetal",3.85672426055581,-5.38900764677101,0.0379643356991993,-4.66602413145668
"CGCAATTAGGCTAAGA-1","male","EN-fetal-late",1.59113144706399,-0.245530802937084,-0.247702010850789,-0.0249031165040224
"CGCACAATCCAAGTGT-1","male","EN-fetal-late",0.653063772427148,-3.29089458677345,-0.502307423334004,1.27747710259788
"CGCACAATCCGGCTAA-1","male","EN-fetal-late",0.780993698345727,0.164709072379536,-0.859648355226399,0.409914659579924
"CGCACAATCTGTTGCC-1","male","EN-fetal-late",4.85700797866494,-0.519404966564708,-1.52605284092891,2.46624525102012
"CGCACACAGTTGTCCC-1","male","EN-fetal-late",2.75009107421548,-0.207069833012157,-1.92993713257778,-0.496420426050493
"CGCACCACAATTAAGG-1","male","EN-fetal-late",-2.0138850824961,2.66402415540642,-2.26441574929226,0.795702534040144
"CGCACCACAGCAAATA-1","male","EN-fetal-late",-2.92405927349418,2.09588245656914,-2.53831959603298,0.00165738376014535
"CGCACCACAGCATGGA-1","male","EN-fetal-late",-13.8845725076327,-11.6292172262388,-5.76686478493679,2.84130199464195
"CGCACCACAGTTTCTC-1","male","IN-fetal",-4.69041919876426,8.0812801530642,4.7405166542722,-3.66619483915932
"CGCACCACATGAAGTA-1","male","IN-fetal",3.59077739547402,-6.30764015409523,0.414991748575686,-5.92143337217934
"CGCATATAGCATGACT-1","male","EN-fetal-late",3.25080632995278,13.2977399041933,-3.96122122643459,6.19646080048912
"CGCATATAGTAGGATG-1","male","EN-fetal-late",-1.29328398574679,2.95247570779747,-2.65483952401149,0.0739280155503065
"CGCATGATCAGGATGA-1","male","EN-fetal-late",-6.77200794388145,0.691151272324986,-3.86835862038601,-0.0201766916907519
"CGCATGATCAGGTTTA-1","male","EN-fetal-late",2.38371753524453,-0.280429084034496,1.11700593592656,1.65179200681083
"CGCATGATCCGTCCAT-1","male","EN-fetal-late",-3.30311834980338,6.49293033388085,-2.98222828743923,-0.115665508190462
"CGCATTACAGCAATAA-1","male","EN-fetal-late",-3.95389700104087,-1.86644681188636,-0.975897797326924,6.18698509248131
"CGCATTTGTTACCGGG-1","male","EN-fetal-late",7.29817437957436,-1.45700867864662,4.32672547461522,2.33262331994407
"CGCATTTGTTGGCCGA-1","male","EN-fetal-late",3.02564620803506,0.165074389247365,0.470429441948055,1.07460655482643
"CGCCAAATCATTTGCT-1","male","EN-fetal-late",-7.37085819412559,1.06190558877415,-5.14501810906398,-3.58397500006325
"CGCCAAATCTAATTGG-1","male","EN-fetal-late",5.76259326766641,-2.40369518491798,2.91020750166905,2.49081190141075
"CGCCACACAAGGTGGC-1","male","EN-fetal-late",-3.97125244308799,-1.90951855871254,-1.37231946824062,5.2970720103585
"CGCCACACACAAAGAC-1","male","EN-fetal-late",7.69920110534341,0.356664817599721,5.45636128546727,2.23739846261375
"CGCCTCATCAAGCTAC-1","male","IN-fetal",-4.10731887985557,6.73600618150658,4.33267759444249,-2.44716493574745
"CGCCTCATCATGCTCC-1","male","Microglia",-0.245916845096046,-4.64282234403663,-3.86297703621853,2.99096901925438
"CGCCTCATCCGCAAGC-1","male","IN-fetal",3.90939807723672,-5.23815019819313,0.337236709017871,-4.37149373976357
"CGCGATTCACACCAAC-1","male","IN-fetal",3.38462495635659,-6.86878498289161,0.642386130113719,-6.13543073622353
"CGCGATTCACTAGCGT-1","male","EN-fetal-late",-5.87075567413657,8.45308963563866,3.9656724846555,-5.17427865950234
"CGCGGATTCCGTCCAT-1","male","EN-fetal-late",7.3845152838102,0.374259631900258,5.3041996872617,2.17895730050438
"CGCGGATTCCTTCTAG-1","male","EN-fetal-late",3.89034652541787,-4.69958933088356,0.249535135049938,-4.35505907026894
"CGCTAACCACAAAGAC-1","male","EN-fetal-late",4.35689878295571,-2.3842640707212,-0.761769064645649,2.00016446622246
"CGCTAACCATTGCAGC-1","male","EN-fetal-late",-2.64710796047538,-2.04446919652992,-1.25530577538479,7.86664207490318
"CGCTAATAGTACTGGT-1","male","IN-fetal",2.62457275222451,-7.78038032743507,0.332117809970497,-7.11077825514443
"CGCTATGAGGCTCATG-1","male","EN-fetal-late",0.168819187389916,2.30689207818932,-1.52918113110531,1.23417897733085
"CGCTATGAGTATTGCA-1","male","IN-fetal",-6.69077730347007,8.12426416185326,3.66277813078892,-5.54278175322182
"CGCTATGAGTTATGTG-1","male","EN-fetal-late",-0.637610258353644,5.59976569917626,-1.02478087780941,7.54500682862633
"CGCTCAGCAACTCGCG-1","male","EN-fetal-late",3.14651393722207,1.70426617172188,-1.42880810139644,1.61072810204857
"CGCTCAGCATAGGCGA-1","male","EN-fetal-late",-17.8785748498568,0.948255654243893,-3.62308312294948,-0.322452915588686
"CGCTCCATCTCACTCA-1","male","EN-fetal-late",-0.658456446422034,2.21471301820702,-1.12065590260494,0.970212834199598
"CGCTGTGCAACTAGGG-1","male","EN-fetal-late",8.22346544097573,-0.331557590694957,4.84151887061131,1.83385391744011
"CGCTTAACAAGTTATC-1","male","EN-fetal-late",-3.60316801239341,5.25125400331444,3.6793799317075,-4.16501562086708
"CGCTTAACAGGCTAAG-1","male","EN-fetal-late",-2.80343318153709,1.27092094328827,-2.87597394822109,-0.560484630743334
"CGCTTACTCATGTTTC-1","male","EN-fetal-late",-13.6631388681063,-11.9011631796079,3.40147709013951,1.42929978879326
"CGCTTCTAGAACCTAC-1","male","EN-fetal-late",2.76138686965615,2.38624552991814,-0.331901200990559,1.63068755181663
"CGCTTCTAGTTCCTGC-1","male","EN-fetal-late",4.83726930450112,1.67846349981255,0.820772520322917,2.57652838738792
"CGCTTGCGTATGTGGC-1","male","EN-fetal-late",-1.57515769620031,1.82328860071129,-2.24646306870449,1.317413287481
"CGCTTGCGTTAGGTTG-1","male","EN-fetal-late",-5.86397457290977,1.84593288209862,-4.28330756066311,-1.48415414778359
"CGGAATCGTTAAGCCA-1","male","EN-fetal-late",1.28001093696267,0.798835839895673,-1.16008652089107,0.390591638406447
"CGGACAACAAGCCAGA-1","male","EN-fetal-late",-1.98373806644767,-15.8609667608457,-0.663313039522053,1.56704612286918
"CGGACAACAATAATCC-1","male","EN-fetal-late",5.16131400893838,-2.39553435537391,2.63332962157261,2.69761879952781
"CGGACAACAGCCAGAA-1","male","EN-fetal-late",3.97516822646767,0.456911455659337,1.26986574294102,1.47541530640953
"CGGAGTCTCAAACCTA-1","male","EN-fetal-late",-3.62287974525779,4.86609308031029,-2.88339639542568,0.716859119256666
"CGGAGTCTCAGAAACG-1","male","EN-fetal-late",2.15937495063454,2.51158503797478,-1.14856184361446,1.70912452252739
"CGGATAAAGGCCTGGT-1","male","EN-fetal-late",3.46178531478555,1.44686035421319,0.514626852293132,1.99484713586204
"CGGATTAGTTGGCGTG-1","male","EN-fetal-late",-7.2695374505648,1.62222401407189,-4.79079867241848,-0.952673954645464
"CGGCTAATCCGCATGA-1","male","EN-fetal-late",0.648984907375878,0.482074420718617,-0.947725423555256,0.467120545228651
"CGGCTCACACCTGTAA-1","male","EN-fetal-late",6.29111003707559,-2.1605799982267,3.04779099585545,2.4026275447213
"CGGCTCACAGCTAATT-1","male","EN-fetal-late",7.29078435729653,-1.64207251760536,3.79516219260228,1.82854123624199
"CGGGACAAGAAAGGAA-1","male","EN-fetal-late",-7.05033493210166,0.581753503350682,-5.4619979941653,-1.67725305048592
"CGGGACAAGGAAACTG-1","male","IN-fetal",-4.57015848327964,7.39448396470971,4.24759148718846,-2.6782435604728
"CGGGCTTAGCGATAAG-1","male","EN-fetal-late",7.49194764922768,0.223465483455128,4.79656838538182,1.57742412598961
"CGGGTATGTCGCATAA-1","male","EN-fetal-late",7.41294431518227,0.384027670888371,4.64599036337864,1.46024747403496
"CGGGTCTAGGAGGGTT-1","male","EN-fetal-late",2.62455892394692,-0.218527157040172,0.575789085645793,0.670459645112684
"CGGGTCTAGGCTAAGA-1","male","EN-fetal-late",2.79136609862954,-3.74087532255226,0.587993196268199,-6.53578845945961
"CGGGTCTAGTTATGTG-1","male","IN-fetal",2.91187095473916,-7.65949066373878,0.0182593083573566,-7.07948724714882
"CGGTAACGTACCTTAC-1","male","EN-fetal-late",-7.60644626785606,1.28738189843125,-5.19167328713405,-3.56038228956825
"CGGTGAACATGTTTGG-1","male","EN-fetal-late",0.130868671642846,1.32687155511803,-1.01522112725246,-0.26295454589493
"CGGTGAACATTGTTGG-1","male","EN-fetal-late",3.19863462279946,0.309200268058247,0.986472002287029,1.31801612885826
"CGGTGAGAGACAACGA-1","male","EN-fetal-late",-7.38453817535728,1.91490773466057,-5.56439829705227,-1.25986592260964
"CGGTGAGAGCACGTTG-1","male","EN-fetal-late",10.1831946356168,-8.08860595914894,1.60653530718815,6.26430614503258
"CGGTGAGAGCCTAATA-1","male","EN-fetal-late",-14.1029229180941,-11.4913979360776,4.48854159476292,1.3706394008004
"CGGTGAGAGTCCTTTG-1","male","EN-fetal-late",-0.163462878955299,2.26115993764824,-1.5915248477267,1.43475909741752
"CGGTTATAGTTATCTC-1","male","EN-fetal-late",-0.618614079249793,5.19429580476708,-1.26388944027889,7.58995588334434
"CGGTTTCTCAATAGCC-1","male","EN-fetal-late",3.6621580107084,-1.42357452604347,0.93546359898579,1.79112132104271
"CGGTTTCTCATGGTGT-1","male","EN-fetal-late",3.80125903915078,-3.94611318800025,0.380252470318793,-3.94702856032021
"CGGTTTGAGATGGAGC-1","male","EN-fetal-late",-7.67530489136069,0.923840265540547,-5.29635716317165,-3.50211350409157
"CGGTTTGAGTTTAACG-1","male","EN-fetal-late",7.49071264098794,-0.410540420742564,4.24823593260777,1.26112564118736
"CGTAACCCAACAGCCT-1","male","EN-fetal-late",-7.90120172668784,2.29579083230919,-5.14166737435329,-3.59456078497536
"CGTAACCCAATTAGGA-1","male","EN-fetal-late",6.32016753982217,-2.3278196642118,3.61226581694615,2.87893922837608
"CGTAACTAGGACTTAC-1","male","EN-fetal-late",1.4524252397886,2.42138413694329,-1.27487839100826,1.07281865390175
"CGTACGGGTAGTTAAC-1","male","EN-fetal-late",-0.374864579928809,1.44882480409569,-1.03591574070919,-0.224004490057298
"CGTAGCGGTAATGACT-1","male","EN-fetal-late",10.4031395895353,-7.79684074613624,1.77697264315617,6.86005743058555
"CGTAGCGGTGGGAACA-1","male","EN-fetal-late",0.780232189404076,0.186063986091084,-0.4961531841563,0.0664090050958902
"CGTAGTTAGAGAAGGG-1","male","IN-fetal",2.75687742065102,-7.54803188535743,0.524650759120105,-6.88625041929848
"CGTAGTTAGTCACTAA-1","male","IN-fetal",-4.97909522224754,5.92762176301903,2.94696044089329,-2.9164277741111
"CGTCAATAGCATTATG-1","male","EN-fetal-late",-7.04679298569053,1.36786685493416,-3.99151039956081,-0.290519190708467
"CGTCAATAGGTGCGGA-1","male","EN-fetal-late",0.433653710590905,0.971051167516179,-1.11203897831905,0.720759706815413
"CGTCAATAGTAAGGGC-1","male","EN-fetal-late",3.0825190527311,1.57560990360207,-0.0620805108355297,2.2029033473336
"CGTCATTGTAATCGTG-1","male","EN-fetal-late",1.81032013724954,0.207922082213826,-0.725962051133992,1.27872748883598
"CGTCATTGTGTCCAGG-1","male","EN-fetal-late",2.10252165626199,-0.11345155927711,0.00850932957661016,0.915803628286055
"CGTCCTAGTATACTGG-1","male","EN-fetal-late",-0.984313251269752,2.76161972787804,-0.549377986173512,-2.12921063391335
"CGTGACATCACTTTAC-1","male","IN-fetal",3.32003211806924,-7.39543541166358,0.049299559612392,-6.77179424254067
"CGTGACATCCTTGAGG-1","male","EN-fetal-late",-6.92020607162803,0.649156104592747,-5.21284390328395,-1.19324378458626
"CGTGACATCTAGCGTG-1","male","IN-fetal",2.73024511169106,-5.57638176176124,0.429981705789088,-5.04266826597817
"CGTGACATCTGCAACG-1","male","IN-fetal",-6.43264150787681,8.23788968828148,3.46345972182286,-5.22695056883461
"CGTGAGGAGACAGGCG-1","male","EN-fetal-late",0.122672198521203,1.62916569021172,-1.01384914753902,0.423896299918821
"CGTGCACAGATAGACG-1","male","EN-fetal-late",-0.234426142466956,6.23063222673363,-0.177002438287617,7.35614593537681
"CGTGCACAGGGCTTTG-1","male","EN-fetal-late",-3.68552303482383,2.26955656316704,-2.69258142350185,0.392269062122038
"CGTGCACAGGTAACGA-1","male","RG",-1.19269269872993,-6.31364162656837,-5.97394324181545,3.76729305299156
"CGTGCACAGTGAGGTA-1","male","EN-fetal-late",0.463050721394128,-0.0780518839078477,-0.559453018884541,0.35301436694496
"CGTGCTGCAACATAAG-1","male","EN-fetal-late",-2.82577622104972,-2.061681349011,0.740446559209941,1.10782040866249
"CGTGCTGCAACGTGCT-1","male","IN-fetal",-6.68737745453208,8.30865279939599,4.31095384718907,-5.89702026335365
"CGTGCTGCACCTCAGG-1","male","EN-fetal-late",7.12058687041909,0.882161680428452,5.53706788184178,2.59132440598839
"CGTGCTTTCATGTTTC-1","male","EN-fetal-late",-1.41482330281823,1.11479122546143,-1.42592311738002,-0.203449083248445
"CGTGCTTTCCTAAGTA-1","male","EN-fetal-late",-7.99407386947959,2.13580779340691,-5.71155930397976,-1.7483472057975
"CGTGCTTTCGCGACAC-1","male","EN-fetal-late",5.52313613723428,-1.31054146978431,2.84983204962742,2.23818524392479
"CGTGTTACACGGTTTA-1","male","EN-fetal-late",-3.38391459156364,-1.4688793012815,-3.22361899254787,0.251353333016565
"CGTGTTACAGCTTACA-1","male","IN-fetal",-6.10420084167808,8.15463392045922,4.02035116316807,-5.66503660170204
"CGTTAAATCAATCTCT-1","male","EN-fetal-late",-4.01792836357444,-1.83038385603004,-0.959751495103718,6.19352968247764
"CGTTAACAGACAACGA-1","male","OPC",-14.0128855722079,-11.4901324102598,-6.36332083580959,3.14919980080955
"CGTTAGGTCATTACTC-1","male","EN-fetal-late",2.96308135818154,-2.4670174905973,-1.38603843090999,1.82540519746177
"CGTTAGTAGTTTGCGG-1","male","EN-fetal-late",3.27397680114419,-6.39585550519996,-0.284543760995747,-4.34564105955727
"CGTTATCGTCACGGAT-1","male","EN-fetal-late",-7.70616531540244,1.29468296077675,-5.82299042580593,-1.64814989058144
"CGTTGCAAGGTGTCCA-1","male","EN-fetal-late",0.303067920910424,1.42144910600609,-1.23906267521846,0.836975829919508
"CGTTGCAAGTCACTAA-1","male","EN-fetal-late",-0.07431399990409,6.27512733247704,-0.026322998981358,7.89113052399986
"CGTTGCAAGTGGCGGA-1","male","IN-fetal",1.80630397628457,-8.31505211088233,0.349212779719947,-7.36007444349892
"CGTTGCGCATGACTAT-1","male","EN-fetal-late",-3.56529140640586,1.16854463127083,-2.39842344162929,1.13266463788383
"CGTTTCTCAAACTCAT-1","male","EN-fetal-late",4.16058635543496,1.40309588220543,0.545120737571834,2.4475072196328
"CGTTTCTCACAGCCAT-1","male","EN-fetal-late",0.854009149777001,2.11678652074761,-0.814181336145283,1.65919573815697
"CGTTTGGAGTGAACAG-1","male","IN-fetal",-4.9945495145449,7.12087909486718,2.97671627165806,-3.34198753325112
"CGTTTGTGTGAGAAAC-1","male","EN-fetal-late",-13.6809277551302,-11.7968397924619,-5.88093090889919,2.75374658616417
"CTAAAGCTCACCGGTA-1","male","EN-fetal-late",5.34747743438393,-2.71373732778602,2.6150021469785,2.67281253846519
"CTAAATGTCAAGGACA-1","male","EN-fetal-late",4.52903365920693,-2.07029994222694,1.937434307356,2.61568792374962
"CTAAATGTCATCAGTA-1","male","IN-fetal",-3.9282538907656,7.02665178087182,4.02551554800999,-2.54036037413246
"CTAACCACAAATATCC-1","male","EN-fetal-late",2.79996728728921,-4.15203722211891,0.7488219654752,-6.95968715635903
"CTAACCACACTAGCGT-1","male","IN-fetal",2.2147965414396,-8.07803543302589,-0.468398221711995,-6.2103456684745
"CTAACCCTCTTTAAGG-1","male","Pericytes",-1.96720701624244,-15.8443404028135,-3.6521835410403,3.08826048882835
"CTAACCTGTGTTAAAC-1","male","EN-fetal-late",9.72989511321694,-7.99789818021827,1.21762340428364,6.63517292054527
"CTAACCTGTTTACCGT-1","male","IN-fetal",-0.877739252341682,-9.10122020933204,2.84804176451695,-6.96490232435829
"CTAACCTGTTTGTTGC-1","male","EN-fetal-late",1.78820085357339,1.56587962415642,-0.858898409585835,1.67107303651207
"CTAAGGTTCAGGGCCT-1","male","EN-fetal-late",-3.11219239403098,5.72974578645653,-2.10896278260219,1.94443841489189
"CTAAGGTTCATGCATA-1","male","IN-fetal",-6.34628343750327,8.03265659120507,3.72870158316624,-5.59920160261757
"CTAAGTCAGCCACATG-1","male","EN-fetal-late",-4.55122304130881,1.62825481203026,-3.39844060776699,-0.282811505476305
"CTAAGTCAGCTATTGA-1","male","EN-fetal-late",0.716887949215478,1.25841329601235,-1.18370140431392,0.806939738115004
"CTAATAGTCACAGCCA-1","male","EN-fetal-late",1.75819635223061,1.26072494295067,-5.05692339776027,-2.02351109472878
"CTAATCCGTCAAAGGG-1","male","EN-fetal-late",-2.19075060058921,1.08067728188462,-2.83104897377956,0.563167678435972
"CTAATCCGTGCATCGG-1","male","EN-fetal-late",6.04665946792275,-0.198359329433971,-5.37123442528713,-3.56838600126869
"CTAATCCGTGGTTCCC-1","male","RG",-1.57116311211675,-6.16782959196144,-5.27775526879299,3.65219505341881
"CTAATCCGTTCGCGCT-1","male","EN-fetal-late",7.81827878783852,-0.187077958317333,4.71213292243016,1.19793303521507
"CTAATCGCAATATACC-1","male","IN-fetal",-3.47401023079246,-1.51654179784828,0.39221441565138,-6.11647169081337
"CTAATCGCATCTTGAG-1","male","EN-fetal-late",-1.63596210051864,1.16713417675919,-1.07336855767238,-0.12988267628319
"CTAATGTCAGGCGAGT-1","male","EN-fetal-late",-3.8792512433657,-2.00037558767372,-1.38066960213649,5.43742569001549
"CTAATGTCATTGTGTG-1","male","EN-fetal-late",-6.03069353271812,1.2728994002623,-3.49175907013881,0.431880520900419
"CTAATTGAGGGTCCAC-1","male","EN-fetal-late",-14.0438227670321,-11.551961023541,4.53109788062107,1.81679912122124
"CTACAACAGCAGGCCT-1","male","EN-fetal-late",-5.13474846054404,1.66880391147561,-3.33966089127529,-0.299010587612459
"CTACAACAGCATTTCT-1","male","EN-fetal-late",3.37840652297646,2.46893386152215,0.112169823665737,2.51631505998009
"CTACCGGCAATCATGT-1","male","EN-fetal-late",-5.77011871506065,1.27000043895668,-3.702578076105,-0.474030716101
"CTACCGGCACCGTTCC-1","male","IN-fetal",-4.89376568962424,6.01039354112572,0.983287504930614,-6.52402584044106
"CTACCTCAGGGCCATC-1","male","EN-fetal-late",6.24074077438027,-1.74653776380592,3.56008791090977,2.7687266639077
"CTACTAAAGGCAACAA-1","male","EN-fetal-late",-0.278223635447913,6.18233243730492,-0.12897241948116,7.60661657365196
"CTACTAAAGGCGGATG-1","male","EN-fetal-late",0.383723614918298,-3.95187242719703,2.14997505309117,2.9487586787545
"CTACTAAAGGTCCACA-1","male","EN-fetal-late",-5.26080203224509,2.26327792909569,-3.64972258446682,-0.0835247614777773
"CTACTTAGTCGCATAA-1","male","EN-fetal-late",6.5215158445707,-1.62361653539711,2.94613241316807,2.41375573190086
"CTAGATTCAATGCCCG-1","male","EN-fetal-late",-3.56845545936912,6.62815372255272,-5.82947684166896,-1.96474878279335
"CTAGATTCAGGCTAGA-1","male","EN-fetal-late",-3.84896612335532,-2.25217993948036,-0.952297338228108,5.65904100449913
"CTAGATTCATGTGGGA-1","male","EN-fetal-late",-6.84053278137534,7.69963113573021,3.14699648978245,-7.11906759230263
"CTAGCGGGTCCGTGAG-1","male","EN-fetal-late",-0.517662407649451,5.95713607576317,1.07586865784657,6.88391979249351
"CTAGCTGAGCCTGAGC-1","male","EN-fetal-late",-4.60954785515159,2.16497604158349,-3.60003138421047,0.261595370491675
"CTAGGACGTGGATTGC-1","male","EN-fetal-late",2.47402047942788,-0.136596281261974,0.733902744073986,0.952640788873366
"CTAGTAATCCTGGTCT-1","male","IN-fetal",2.32756757568032,-7.07234581205421,0.487128592152713,-6.69251720396645
"CTAGTCGAGAGGAGTC-1","male","EN-fetal-late",6.22764301131875,-1.27252991888099,2.89350651862156,2.45876415284508
"CTAGTCGAGCTGTCAG-1","male","EN-fetal-late",2.89036655257851,13.6384982278628,-4.19396639702785,6.25405271561973
"CTAGTCGAGTTTCCTG-1","male","EN-fetal-late",4.75067615340859,-2.38925893995338,2.6207542336179,2.73164661439293
"CTAGTGAGTGATGGCT-1","male","EN-fetal-late",10.5114626867643,-7.17480476591163,1.5069093620969,6.59784563096397
"CTAGTTGCAATATACC-1","male","EN-fetal-late",-3.78391766716331,1.68737010267205,-3.3435635649966,0.132197399867407
"CTATAACCATAATTGC-1","male","EN-fetal-late",2.17488074134499,0.256703715590901,-0.248154767732502,0.99835105450981
"CTATGACAGGACAATG-1","male","EN-fetal-late",-3.58838725258201,5.09901038911767,-1.64960385201442,0.441301303228071
"CTATGACAGTGAGAGC-1","male","EN-fetal-late",-2.34973389078467,2.43918542173333,-2.49538088677395,0.482855694612196
"CTATGAGGTAACGTGC-1","male","EN-fetal-late",-0.913419009936744,5.0687331369204,-1.21541965840328,7.13855703385704
"CTATGATCAATGCCTA-1","male","EN-fetal-late",-7.35441112686484,2.25599746015496,-4.81478644249904,-1.58787910429604
"CTATGTTTCGTTACTT-1","male","EN-fetal-late",1.8685080988279,-0.374688465328746,0.36137577803862,0.992121415456465
"CTATTCAGTTGGTTAG-1","male","EN-fetal-late",-1.11588806082099,2.35365883615441,-2.70916105149257,0.697357731183699
"CTATTGAAGCAAGGGT-1","male","EN-fetal-late",-4.51178622413962,1.269344311027,-3.66901970742214,0.364566283544233
"CTATTGAAGCCATCAG-1","male","EN-fetal-late",-0.330420734179908,6.07080117967553,-0.0605489992903485,7.35912950547569
"CTATTGAAGCTATTAG-1","male","EN-fetal-late",-4.61805677582114,8.519373338489,4.45204543234837,-4.73739711729653
"CTATTGAAGGGTCTAT-1","male","EN-fetal-late",-7.37436914612144,1.57864991929955,-5.69559765694606,-1.47027830568917
"CTCAATAAGCGTGCAC-1","male","EN-fetal-late",-7.8118000047335,1.59031025674767,-5.99312735436428,-1.99925224272377
"CTCAATAAGCTCCTTA-1","male","EN-fetal-late",-4.44836306740134,1.55650190618462,-3.41262102959621,0.255586000403097
"CTCAATAAGGGCCACT-1","male","EN-fetal-late",4.96953964065225,0.600208233861394,1.04043655755055,2.2289510539376
"CTCACAACAAACTCAT-1","male","EN-fetal-late",10.3264708502165,-7.53730400297218,1.70414733054173,6.64417989762657
"CTCACAACACATTGCA-1","male","EN-fetal-late",-1.97556710411399,-15.8524790594297,2.00460337759983,-2.62883727041847
"CTCACAACATGCTTAG-1","male","EN-fetal-late",6.53368568252236,-2.35490234586769,3.46494888426792,2.51783926995628
"CTCAGGATCGGCTAGC-1","male","IN-fetal",2.55678891967446,-7.41964920255714,-0.108475395421864,-6.719895763079
"CTCATCATCAGCACCA-1","male","EN-fetal-late",-2.3354781882891,1.79995582607216,-3.17776418564785,0.0243504664503843
"CTCATCATCTGGTCCT-1","male","EN-fetal-late",7.15708780120522,-0.63180740568214,4.35207127692234,1.93124146970146
"CTCATGACATCATGTG-1","male","EN-fetal-late",-5.64907026459067,-2.64128216001564,-1.38778127072323,7.91034801514976
"CTCATGCTCATAACTG-1","male","IN-fetal",3.15444898437173,-6.81332739088111,0.291003762800811,-5.93997327772743
"CTCATTAGTCACAGCG-1","male","EN-fetal-late",0.467817066418237,2.18767313268609,-1.67890287278164,1.33131201775902
"CTCATTAGTCCTTAGT-1","male","EN-fetal-late",-0.0916997211107551,0.895695466367669,-2.42104698060024,0.760881083329847
"CTCATTAGTTCCTGTG-1","male","IN-fetal",3.6087870581022,-5.59865196439796,0.088356367368816,-5.22134534803993
"CTCATTAGTTGGCGTG-1","male","EN-fetal-late",-4.60199809242576,7.22184793260521,4.64347838522923,-3.06553809134133
"CTCATTTAGGTTTACA-1","male","IN-fetal",-4.61307168175071,6.31950227525658,2.92684888007176,-2.87115303961403
"CTCCAAACAATCCTGA-1","male","EN-fetal-late",-3.31174886394828,-3.17134292814308,-0.826064833383442,4.88109691651695
"CTCCAAACACCAAAGG-1","male","EN-fetal-late",7.98093652557046,-0.669142682285838,4.93303918005955,1.42808373483055
"CTCCAACTCAATCATG-1","male","EN-fetal-late",7.05015992950112,1.20624757912583,5.49174164893162,2.42556102784508
"CTCCAACTCGTCCTTA-1","male","EN-fetal-late",1.4955148680082,0.915236059395737,0.625770396609424,1.29682143243187
"CTCCAACTCTACCTCA-1","male","EN-fetal-late",4.15257930587441,-1.47937448713356,-1.71793104050625,1.74004872353905
"CTCCAACTCTTTAAGG-1","male","EN-fetal-late",3.31117915939004,-0.391650993557506,1.00244551064503,1.48651750596397
"CTCCATCAGACAACAG-1","male","EN-fetal-late",10.0289759619108,-7.89007003995948,1.52717684866917,6.62442071946495
"CTCCCTGAGGCTAATC-1","male","EN-fetal-late",10.5634198171964,-7.65047558042579,1.72482263209355,6.43245656998985
"CTCCGTCCAAACGGGC-1","male","EN-fetal-late",4.05694913695962,-2.29513653013282,1.5973486817075,2.5731790831887
"CTCCGTCCAGCAAATA-1","male","EN-fetal-late",-6.29580259491294,1.41413859632439,-4.23994828103054,-0.520837707201311
"CTCCTAATCGGTTTGG-1","male","EN-fetal-late",7.53274011443765,-1.02021153661781,4.92804335715306,1.83465858014458
"CTCCTCACACACCAAC-1","male","EN-fetal-late",5.68687820266396,-2.52394803258949,2.96332549216282,2.94230134995811
"CTCCTCACAGGACCTT-1","male","EN-fetal-late",2.96340322326333,13.5746955087466,-4.14775420067775,6.24351366074913
"CTCCTCACATGAAGTA-1","male","EN-fetal-late",-0.866100730193549,4.99382774141259,-0.878992327432515,6.30345018418663
"CTCCTGAGTAACGAGG-1","male","EN-fetal-late",6.14391040633828,-2.67341168615394,3.40294503333104,2.81088502915733
"CTCGACAAGGAAGCAC-1","male","EN-fetal-late",0.95501470397622,0.735108192829556,-0.4232931816386,1.44316204102867
"CTCGACAAGGACTAAG-1","male","EN-fetal-late",-7.81866026092857,1.5688444187922,-5.8199195945071,-1.78764085260994
"CTCGACAAGGCCTAAT-1","male","IN-fetal",3.56635665725381,-6.07182987424903,-0.122944124917866,-4.93996803251869
"CTCGACAAGTAGAGGC-1","male","EN-fetal-late",2.29745483230264,0.967538054851956,-0.846502670030476,1.55113990815513
"CTCGACAAGTGTTGCG-1","male","EN-fetal-late",-0.278743983996802,6.30194227006859,-0.339691885690571,7.76730258973472
"CTCGCTAGTACTTCAC-1","male","EN-fetal-late",2.832196233975,13.6952037027163,-4.03996754525173,6.21324403794639
"CTCGCTAGTGTTTGCT-1","male","EN-fetal-late",2.48491573165566,-0.424243170948558,0.758086285610317,1.15133114369743
"CTCGCTAGTTACTAGG-1","male","EN-fetal-late",-1.14117869902938,2.13827113416619,-1.91323185799587,1.13967032941215
"CTCGCTAGTTGCTTCG-1","male","EN-fetal-late",3.53844451736123,2.50406400468773,-0.0638939523504986,2.24911578210228
"CTCGCTCCAGAAATTG-1","male","EN-fetal-late",-2.12529111076682,1.50199912097878,-1.97341371415126,-0.191924018541643
"CTCGTTATCACTCGCT-1","male","EN-fetal-late",7.03121328185708,1.16432447340912,-2.30928517220485,1.49900873216026
"CTCTAAGCAAACTGTT-1","male","EN-fetal-late",3.8864331228605,0.41962863114304,0.744455806036113,1.89638848813408
"CTCTAAGCACAATTAC-1","male","EN-fetal-late",4.40814542602212,0.0539952924532363,-0.760065444688679,0.295569705089262
"CTCTAAGCAGGCCTTG-1","male","EN-fetal-late",-0.326731087459022,0.628752630023427,-1.33583963749874,1.67902453454368
"CTCTATGTCTCGCCTG-1","male","EN-fetal-late",5.32482623885781,-2.82967837545448,2.8802482998563,2.86154659303062
"CTCTCACAGTGTTGTA-1","male","EN-fetal-late",-5.61176872421592,-3.79888065549903,0.00701244833004339,7.90163715394371
"CTCTGTTCAAGCTACC-1","male","EN-fetal-late",1.51981448959023,0.424168538121648,-4.7005143248843,-1.36937610594399
"CTCTGTTCAGATTCAT-1","male","EN-fetal-late",7.11564302276284,-0.866660792561107,4.30612968565953,2.0469020179116
"CTCTGTTCATCACAGC-1","male","EN-fetal-late",0.11740815471322,-4.54935367795997,-0.457772084455372,0.0400837829911024
"CTGAATATCCCGAAGC-1","male","EN-fetal-late",-0.343792678607398,1.83232716825432,-1.09213007328975,0.469800876697233
"CTGACATAGCTGTACG-1","male","EN-fetal-late",1.96170902084023,-0.53346904012733,-4.10425139306057,-1.38846890417702
"CTGACCAAGCGCCTAA-1","male","IN-fetal",-3.94476390053123,6.85933439042992,3.76198004843724,-2.50859801260597
"CTGATCACACCGGCTA-1","male","EN-fetal-late",4.91827249358804,-0.155467469425731,-2.61221004364956,1.19599874528282
"CTGATCACACTATGGC-1","male","EN-fetal-late",-1.18334484268516,1.97127143648095,-2.20892215607631,1.68775029691093
"CTGCAATAGGAGTAAT-1","male","EN-fetal-late",6.73676442931802,1.20891837385125,5.57381915213597,2.56122072251671
"CTGCTACTCCGCTAGA-1","male","EN-fetal-late",-0.597853543055946,5.35174552705712,-0.987298020105244,7.49525173219078
"CTGGACCAGCGGCTGT-1","male","EN-fetal-late",-3.82207369972556,-1.96886547300392,-0.901987203340413,5.24235590012901
"CTGGATGTCCCTCATA-1","male","EN-fetal-late",1.05366444419534,0.408533345727391,-0.772509821634175,0.719214992841414
"CTGGCTAAGGCGAATA-1","male","EN-fetal-late",2.31690215896279,0.422037105826802,0.0889628446294056,1.60514374287956
"CTGGCTAAGTGTGATC-1","male","EN-fetal-late",4.10521077941567,1.85965244081444,0.828190735597728,2.18975718530052
"CTGGTAAGTCGTAAAT-1","male","EN-fetal-late",2.07321333717019,-0.251387555332713,-0.199030944089772,0.969952540715864
"CTGGTAAGTTGCGTAA-1","male","EN-fetal-late",3.48033761809975,1.62341843154854,-1.68937183258999,1.51611776860588
"CTGGTCAAGCCTGTTC-1","male","EN-fetal-late",4.54679822753579,0.618473540811009,2.49113558890354,0.332905801256827
"CTGGTCAAGGGACTAA-1","male","EN-fetal-late",2.95498037170083,-2.80484231206947,0.15720582665932,-4.76847640959389
"CTGGTTACAGGCTTGT-1","male","EN-fetal-late",-8.10959768463462,1.77844707277245,-5.41641617653835,-3.49513475386269
"CTGGTTACATAAGCAA-1","male","IN-fetal",-4.27356743980735,6.77065364625878,3.8644978916837,-2.64251200644142
"CTGGTTACATTAGGCC-1","male","EN-fetal-late",5.23712587188393,0.512856732873387,0.745905540008663,2.50041897805565
"CTGGTTTGTTACATCC-1","male","EN-fetal-late",-1.4376189557889,1.77431533840126,-2.13955927727688,0.686787741502455
"CTGGTTTGTTCCTGTG-1","male","EN-fetal-late",-3.6909868734011,5.7499698808474,2.94719170691502,-2.91570846525795
"CTGTACCTCAAGCCTG-1","male","EN-fetal-late",-0.197343589557105,-4.66677721235328,-2.33580542443264,-1.64094786135323
"CTGTACCTCGAGGTGG-1","male","EN-fetal-late",-13.920703412784,-11.5233774969297,-5.04936028359401,-3.03165785757668
"CTGTACCTCGCGACAC-1","male","EN-fetal-late",6.96175241302163,-1.97332533094459,4.59814356925023,1.63307090314262
"CTGTATTTCAATGACC-1","male","RG",-2.29253804851859,-6.39683969709449,-5.40938187478054,3.49662550004356
"CTGTATTTCAATTGGC-1","male","EN-fetal-late",-0.757762672198707,2.23576657083458,-1.84577060578334,0.804581897576979
"CTGTATTTCATTACAG-1","male","IN-fetal",3.08214139770181,-7.47705848905616,0.233007527012943,-7.01212350813515
"CTGTGTGAGCGCTAAT-1","male","EN-fetal-late",4.90041494201333,-2.58652933332496,-2.03875113366115,1.71868391545646
"CTGTGTGAGTGAACGA-1","male","EN-fetal-late",5.20519208739907,-2.86057694646888,2.37377797724736,2.96449072869652
"CTGTTAAAGATGGACA-1","male","EN-fetal-late",-6.43024873901694,1.49686030652947,-4.63662196038234,-0.619939131418535
"CTGTTAAAGCACTAGT-1","male","EN-fetal-late",7.51943349670083,0.487316649226613,5.5718622124387,2.76063330682152
"CTGTTAAAGGAGCAAC-1","male","EN-fetal-late",-1.32007055152743,1.09853006508774,-1.03711367485988,-0.248343212286302
"CTGTTAAAGTGAGCGG-1","male","EN-fetal-late",5.44425153564126,-0.381508190365367,2.39833401801121,2.09467573674553
"CTGTTAAAGTTCCCGT-1","male","EN-fetal-late",1.17354655097634,1.94312838819451,-0.680705198030354,1.89048107179039
"CTGTTGGAGAGGAGGA-1","male","EN-fetal-late",5.64844894241006,-1.56411774847084,1.75704311491978,1.55404003175133
"CTGTTGGAGGAACCGG-1","male","EN-fetal-late",5.38555955718667,-2.69567092153602,2.24026619555485,2.70212514909141
"CTGTTTAGTTAGCCAA-1","male","EN-fetal-late",5.98718499969155,-2.56768568250709,2.24797975184452,2.50182111771934
"CTTAACAAGGCTAATC-1","male","IN-fetal",2.87781953643472,-7.67276199552589,0.532960168142437,-7.06799785582192
"CTTAACAAGTCTGGGC-1","male","EN-fetal-late",-0.773411275638038,1.79890386369652,-1.16524423001278,1.33533103974693
"CTTAAGATCTAAGTGC-1","male","EN-fetal-late",1.21792530845315,1.87001220491356,-0.402553924302937,0.881415026506117
"CTTAAGGGTTTATCGC-1","male","EN-fetal-late",6.05332517455727,-2.1937499830442,3.3791782772733,2.46589787515037
"CTTAATGAGGCTGTGC-1","male","EN-fetal-late",-17.8917603509554,0.961853008536763,-3.22277141449917,2.98606474908226
"CTTACCGGTTTAACGG-1","male","EN-fetal-late",1.43915676902444,0.56125278380341,-0.0845195436285748,1.02496101172798
"CTTACCTCAACAGGAT-1","male","EN-fetal-late",5.69906806777627,-1.62485702726417,2.82572316290867,2.42920764001243
"CTTACTAGTAACGTGC-1","male","EN-fetal-late",-6.81391954590171,1.35599921253151,-5.28859520791042,-1.16839639631874
"CTTACTAGTAGCTAAT-1","male","EN-fetal-late",2.31823468040139,0.957226823834843,-0.265573748330952,1.08259137185448
"CTTACTAGTATTTGCC-1","male","EN-fetal-late",-0.644896568549567,5.62218038347191,-0.658835300187947,7.23208292039268
"CTTACTAGTGGTTAGC-1","male","EN-fetal-late",-0.0684516446718513,6.33091108110375,0.10460325243008,7.73934371980064
"CTTACTAGTTATGTGG-1","male","EN-fetal-late",1.92961120437295,0.288068752555318,-0.520105966310383,1.03459663899772
"CTTATGTTCACCTGCT-1","male","EN-fetal-late",3.45064592193276,0.556622545985646,0.0309995925618397,2.07634230168693
"CTTATTGGTCTCACTG-1","male","EN-fetal-late",1.10107564757974,0.275777678756184,-0.927613147477986,0.78484721692436
"CTTCAAGCACGAACAG-1","male","EN-fetal-late",-7.02568912674277,2.32020108011193,-3.27002311585415,0.0912792368435175
"CTTCAAGCATTAGGCC-1","male","IN-fetal",1.97481560538918,-8.03752144071632,0.567240229864238,-6.87290517775185
"CTTCATCCAGTTTGGC-1","male","EN-fetal-late",-2.40021503139823,-6.38252647611671,-5.50823355553615,3.1153538993203
"CTTCGCGTCCTGATTT-1","male","EN-fetal-late",2.25297045539529,0.384885918168492,-0.46013970015514,0.533516871055296
"CTTCGCGTCGACAAAG-1","male","EN-fetal-late",-3.48394847084373,-2.70947821828895,-1.04477680562008,5.1050816348397
"CTTCTAAGTTATCGAG-1","male","EN-fetal-late",-1.5710260065326,2.49957505968041,-1.89701152680385,0.636734025796583
"CTTCTCAAGCATGTCG-1","male","EN-fetal-late",2.4923639280668,-7.10080440733009,-3.31597329018581,0.294013770540884
"CTTCTCAAGGTGTCCA-1","male","Microglia",10.8063063604704,15.6468619516177,-3.63521815178859,3.12159712823265
"CTTGAACAGTAAGTGG-1","male","EN-fetal-late",4.85226106475503,0.0145721247477004,-1.5622029387759,1.5868966153466
"CTTGAACAGTGAACGA-1","male","EN-fetal-late",-2.79915654827445,6.23171369340844,5.25737046362889,-3.61191503492958
"CTTGAATCAAACCTTG-1","male","EN-fetal-late",-3.16045355964988,-1.52028568479591,-0.419042059163929,0.125692441371909
"CTTGAATCATGCATAT-1","male","Endothelial",-17.8734097497591,0.943368296889729,-3.24855495331752,3.46836669953697
"CTTGACGAGGGACGCA-1","male","EN-fetal-late",-6.51476717163413,1.36565915849633,-5.21381522057521,-2.42884985891945
"CTTGCAACAGCAAGGC-1","male","EN-fetal-late",10.5235028250089,-7.18520935270362,1.62857197882664,6.8167105487191
"CTTGCTCAGGAACCAA-1","male","EN-fetal-late",7.33586549590737,0.53850002196259,5.68987177969944,2.49586685212486
"CTTGGACCAGAATGAC-1","male","EN-fetal-late",-0.296112539065772,6.19587270524926,0.157733655591129,7.80596502335899
"CTTGGACCATGGCCCA-1","male","EN-fetal-late",-4.49944949318259,8.58919231203026,-0.963982113580586,1.78042479070061
"CTTGTCCAGAGGCTAA-1","male","EN-fetal-late",-0.562224389804298,2.41964904573388,-1.43974257348049,1.36278100522392
"CTTGTCCAGCGAAGTA-1","male","EN-fetal-late",2.94107866119058,13.5910014322085,-3.9662966811465,6.32063825639122
"CTTGTCCAGTTATGGC-1","male","EN-fetal-late",9.26500463317544,-7.2702503988462,-1.59542609093654,0.490514444430998
"CTTGTTCCACAACCTA-1","male","EN-fetal-late",4.30445957015664,1.93306903150506,0.447982649375318,2.48926122697227
"CTTGTTTAGCATCCAG-1","male","EN-fetal-late",-5.89955091644614,1.24330080655045,-3.72832823632229,-0.406965775171587
"CTTGTTTAGCGAGTAA-1","male","IN-fetal",-5.42003488708823,8.21934215333886,4.49276255728733,-4.21966068236
"CTTGTTTAGGTACCGC-1","male","IN-fetal",-4.79175520111411,6.13680736329979,3.33161591650975,-3.45737759558327
"CTTTAGGCAATAATGG-1","male","EN-fetal-late",4.55546092818887,-2.24907501432472,1.978614202757,1.638254003843
"CTTTAGGCACAGCCAT-1","male","IN-fetal",-6.26733017135947,8.45649520662255,4.09348510863316,-5.7995380589164
"CTTTAGGCATTCAGCA-1","male","IN-fetal",3.65054511855752,-6.0434494802671,0.149632177372097,-4.65094987837441
"CTTTATGGTAATCGCA-1","male","EN-fetal-late",3.37550020049722,1.91682903078026,-0.0859757745074047,2.08335514577263
"CTTTCTTGTGTTGCAA-1","male","EN-fetal-late",-6.12609100509971,1.34578905609078,-4.15508795617092,-0.275043708959886
"CTTTGAGCAAATATCC-1","male","EN-fetal-late",-0.345545412791663,0.953259032039113,-3.35132480500209,0.374718519171408
"CTTTGGGAGCACAGAA-1","male","EN-fetal-late",-0.53231644798606,5.91240684297509,-0.332438834886433,7.64121158631676
"CTTTGGGAGCACTTGG-1","male","EN-fetal-late",7.16577482055337,-1.2384014913755,5.49710797431004,2.61404831918114
"CTTTGGTGTACTGATG-1","male","EN-fetal-late",0.20381522010476,5.7963189294619,0.054172298927425,7.71904714616173
"CTTTGGTGTCAAAGAA-1","male","EN-fetal-late",5.11651754211099,0.625056844024129,0.754375240821956,1.50880785497062
"CTTTGGTGTTCCTGAT-1","male","EN-fetal-late",-3.25819564033836,6.08610526826806,3.91401528479588,-2.43313853232033
"CTTTGGTGTTGCTTCG-1","male","EN-fetal-late",7.09588956664712,-0.672132808895641,5.29680060507786,3.00317032845848
"CTTTGGTGTTTAAAGC-1","male","EN-fetal-late",10.2305741293302,-7.65736110899025,1.60747157694828,6.40255268128746
"CTTTGTCCAAGGCCAA-1","male","EN-fetal-late",3.11343860458047,0.185101430682606,0.334344028551696,1.23764498742454
"CTTTGTCCACTTCATC-1","male","EN-fetal-late",-4.710683585895,1.29997880366272,-3.46599698899257,-0.0403178909218996
"CTTTGTCCAGTTATCG-1","male","EN-fetal-late",7.29490327666909,-0.938130337925487,3.8948774254514,1.47713192017906
"GAAACCCGTGGAAGGC-1","male","EN-fetal-late",10.4248614294401,-7.10700519773536,2.1796867764188,7.07864530595177
"GAAACTGAGAACCTGT-1","male","EN-fetal-late",7.99929952453286,-0.656766612263255,4.97638558508885,1.69061120065086
"GAAACTGAGAGGGACT-1","male","EN-fetal-late",0.195277927624291,5.6474250963015,-1.26214099762905,7.71486719163292
"GAAAGCCAGCGATACT-1","male","VSMC",3.93399476836831,-14.5788651296812,-3.40120149491298,2.99360020669334
"GAAAGCCAGTAAACCC-1","male","EN-fetal-late",2.10215377639443,-0.398959953518443,0.526920749862312,0.905148284753493
"GAAAGGCTCACTTCAT-1","male","EN-fetal-late",-3.44121933151572,5.01953689363427,-1.27766919968593,1.1607856324517
"GAACACAAGTCACTAA-1","male","IN-fetal",3.96219873260171,-5.46939380857521,0.222167125959514,-4.5793379971183
"GAACCAAAGCTTTGTT-1","male","IN-fetal",3.34789132903725,-5.89845760557228,-0.551468976716877,-6.28832094160683
"GAACCAAAGTCACCTC-1","male","EN-fetal-late",0.94922709296853,1.11339811590142,-0.9932115161227,1.07261605771416
"GAACCAGCACCTAATG-1","male","EN-fetal-late",0.138274429546899,1.23852119949288,-1.18107808468807,1.00925232680672
"GAACCGCTCTTTAAGG-1","male","EN-fetal-late",-8.03149318863242,1.83222554233498,-5.57678843377102,-2.68072382895119
"GAACCTTAGTCAATCA-1","male","EN-fetal-late",-1.11156645585387,1.50757465866036,-1.91632867691982,0.509809362014464
"GAACTTATCAGGCTAT-1","male","EN-fetal-late",-2.5871769206652,2.32960657384819,-2.90102411149013,0.240640597661665
"GAACTTATCATTACGA-1","male","EN-fetal-late",1.19399738143594,1.85736696031517,-1.18516493676174,0.971916334947279
"GAACTTATCGTGCTTC-1","male","EN-fetal-late",3.56269788573892,1.97265295293755,0.49432096542847,2.11058838876121
"GAACTTATCGTTCACC-1","male","EN-fetal-late",-3.44349157978385,4.57251111772484,-2.67890811799038,-0.687951368967363
"GAACTTATCTTAGCCC-1","male","EN-fetal-late",-4.04124331642478,-1.61783583852821,-0.786902555208088,6.56417663606041
"GAAGCTAAGCGCCTTT-1","male","EN-fetal-late",1.5095906240812,1.31731699016518,-0.754096039514424,1.72171493085258
"GAAGCTAAGGCCTTAG-1","male","EN-fetal-late",5.50484990905434,-0.765920479031139,4.58776282431614,1.66669579060905
"GAAGGAACATAATGTC-1","male","EN-fetal-late",-7.36927128006309,1.00977147725052,-5.40978623269069,-2.71163527456886
"GAAGGAACATTGCGTA-1","male","IN-fetal",3.67246675323159,-5.53661068174415,0.356646138299821,-4.58215181318886
"GAAGGATGTAGCCATA-1","male","EN-fetal-late",7.4246993048063,-0.655779678555064,4.83367919089329,2.40910871537559
"GAAGGCCCAACGTGCT-1","male","IN-fetal",-3.32998168636649,8.40706722047753,5.26337670447361,-3.35102765051491
"GAAGGCTAGGCGAATA-1","male","EN-fetal-late",-0.389576794398719,6.02574912813134,-0.934257277231099,7.72518737824791
"GAAGTATAGCCACATG-1","male","EN-fetal-late",4.3027772886625,-1.65971835348182,1.52382349135411,2.27046306641929
"GAAGTATAGTCATGCG-1","male","EN-fetal-late",1.98180103133828,2.60659925249047,-0.650141366701008,2.10524554761284
"GAAGTCAAGAGGGACT-1","male","EN-fetal-late",-0.906831743014747,5.09329215791649,-1.21371425030697,7.16515977891319
"GAAGTCAAGTAAGGGC-1","male","EN-fetal-late",0.660511492001122,0.165552716521687,-0.717871793489338,0.182682493945292
"GAAGTGATCCAGGAAA-1","male","EN-fetal-late",-2.71044087578147,5.18795148637719,-1.45967126725185,2.49407227547996
"GAAGTGATCCTAGTCC-1","male","EN-fetal-late",-5.33325743843406,1.75967143085427,-3.48187542794216,0.325524660071066
"GAATTTGTCAATGTGC-1","male","EN-fetal-late",7.39427041839272,0.643871675996251,4.6600780403806,1.48150487454765
"GAATTTGTCATCAGTA-1","male","EN-fetal-late",2.8461499197355,-3.74598034116798,-0.680043824891926,0.836172180494002
"GACAATACAGGTCCTG-1","male","EN-fetal-late",6.90589761565835,1.29246641304917,5.598616114874,2.51525671990745
"GACACCGGTACGGTAC-1","male","EN-fetal-late",-0.285568715823585,5.247240941791,-0.728327759485127,7.39956481965416
"GACACCGGTAGCTAGC-1","male","EN-fetal-late",-3.81113624740928,5.36601487901635,-3.44163752434719,0.382997827848128
"GACATAGAGACCATAC-1","male","EN-fetal-late",-0.946173908008033,2.19233552720971,-1.22706199524868,-0.625488264242479
"GACATTATCATGCATA-1","male","EN-fetal-late",2.95243072341592,13.5865620782656,-3.5309107386874,0.0461273214422971
"GACCGAACAGCTTAGC-1","male","EN-fetal-late",2.67043065856606,0.856180492608018,-0.0498388194845928,1.43002648862236
"GACCGTTCAAGCTAAA-1","male","EN-fetal-late",-5.77760076691001,1.22611604240365,-4.22869301674831,-0.410771054903337
"GACCGTTCAATCCTGA-1","male","EN-fetal-late",-4.09469366241782,5.82349006441063,2.26840852858555,-2.78877322165138
"GACCGTTCACAATTAC-1","male","EN-fetal-late",2.16077256034524,2.4511988570971,-0.643613823633076,1.9613821080529
"GACCGTTCATATAACC-1","male","EN-fetal-late",-1.40192584861606,1.37035505083031,-2.66803432343471,-0.0906772443450182
"GACCGTTCATGTTGGC-1","male","IN-fetal",-4.89828252960532,5.83433906343407,2.97306584479344,-3.18002478567726
"GACCTAAGTGCAATGC-1","male","EN-fetal-late",10.2191700918546,-7.50409515592628,1.47380124690068,6.38902147324913
"GACCTAAGTTGCACAA-1","male","EN-fetal-late",-7.77258873154014,2.07415453699059,-5.55862904427517,-2.16658584562905
"GACCTAAGTTGTAAAC-1","male","EN-fetal-late",-0.98806283046096,1.5859724691195,-2.56471539376247,0.418831723054579
"GACCTCAAGCTGTCAG-1","male","EN-fetal-late",2.76163577865273,-3.9599910566526,0.392403137926577,-5.97854892698891
"GACCTCAAGTGGACAA-1","male","EN-fetal-late",-0.212573291552955,-4.65255315992408,-2.75947190163601,0.391410904248884
"GACCTCAAGTGGCGGA-1","male","EN-fetal-late",-4.12356209923118,1.09931979682869,-2.87428022263515,-0.453752500692674
"GACCTGATCCCTCACG-1","male","EN-fetal-late",1.0247113687864,0.116338711051411,-0.0377138936327709,0.915148513635328
"GACCTGATCCTGAATA-1","male","IN-fetal",3.55112886260659,-6.59555776807838,0.148440412302135,-5.36472122160561
"GACCTGATCGTGCTTC-1","male","EN-fetal-late",-5.91650295425742,1.33770070579476,-3.81240607140529,-0.391512257734606
"GACCTGATCTGTAAGC-1","male","EN-fetal-late",-0.236693026317054,5.62158815172142,-1.25683844922054,1.53187270673149
"GACCTGCAGGTGAAGC-1","male","IN-fetal",3.27820777724892,-7.44899185392433,0.20711273612511,-7.12213460890419
"GACCTTTGTAATCACG-1","male","EN-fetal-late",-2.38767749239295,1.66690478828377,-2.15038061974514,-0.0834238955176562
"GACCTTTGTTGGATAT-1","male","EN-fetal-late",2.61357927154214,0.669800307421155,0.412873709630786,1.9798432162606
"GACCTTTGTTGGCCGA-1","male","EN-fetal-late",9.3018851263395,-7.40601261350685,-1.63439584610927,5.00265987428062
"GACGCAACAGACAAAC-1","male","EN-fetal-late",2.81584977935464,1.87926213052697,-0.352460809926869,2.15849812539451
"GACGCAACATTGTTGG-1","male","EN-fetal-late",7.90818643401772,-0.626876313419872,5.10305117728245,2.50888712914818
"GACGCCTAGAAAGCAT-1","male","EN-fetal-late",-0.420413138163978,6.05230848100609,0.163900530953525,7.79255779298179
"GACGCCTAGCTGTCAG-1","male","EN-fetal-late",10.4224686605802,-7.5718451330381,2.04537843825352,6.86508663209312
"GACGTAAAGACAAGTG-1","male","RG",-5.40759420563071,13.4725922754092,-4.9935560309695,3.47447236092918
"GACGTAAAGCAGCTAT-1","male","EN-fetal-late",5.35672283004434,-2.46932514402442,2.10237442614567,2.78082688363426
"GACGTAAAGGCGTAAA-1","male","EN-fetal-late",7.7894511206022,0.247388761310048,5.51046227576268,2.73821623834007
"GACTAATGTAAGCACC-1","male","EN-fetal-late",2.81295490096719,-3.77089222166114,-1.79192090867031,2.38617904694908
"GACTAATGTCGACTCC-1","male","EN-fetal-late",3.39427327941567,-0.820286829205089,-2.27814699051845,1.54580934556358
"GACTAATGTCGCATAA-1","male","EN-fetal-late",-3.88625765014976,5.27143041398949,-3.10038877366054,0.771007852872542
"GACTATTCACATTGCA-1","male","EN-fetal-late",2.8220529539457,13.6942462137026,-4.07261801598537,6.32790143998497
"GACTATTCAGACAAAC-1","male","IN-fetal",-3.25089585949271,7.4648045709414,4.9576945221616,-2.9903806873954
"GACTCACCATCGCTTT-1","male","EN-fetal-late",-0.522128583682471,5.92179719713158,-0.476947494726063,7.6741700938546
"GACTTACAGGGTGAAC-1","male","EN-fetal-late",-0.863780321372443,5.29687301423974,-0.341273673753621,7.09067066224449
"GACTTGGTCGAGCAAA-1","male","EN-fetal-late",2.823331831204,-0.953339178295665,0.926294378061412,1.36461182149284
"GAGAAACGTCAGGCCA-1","male","EN-fetal-late",-0.22810149360984,1.74691311624474,-1.21011496422756,0.994507806619337
"GAGAACCAGCACCACA-1","male","EN-fetal-late",2.2560448629728,0.0697369387430617,-1.35378385422695,0.655899184068373
"GAGAACCAGCGCAATT-1","male","VSMC",3.87503242324502,-14.6381226370054,-3.51518894074428,3.23299963982933
"GAGAACCAGGCCTTAG-1","male","EN-fetal-late",2.61133813689858,-2.24977596494728,-2.23123956559169,1.15122373612755
"GAGAACCAGGGACTAA-1","male","EN-fetal-late",-5.91518640686362,-3.64014728757911,0.0539443111611591,8.00087411912315
"GAGAGGCGTTAGGCGT-1","male","EN-fetal-late",-2.39747053552955,5.12436811235375,3.74359702231419,-4.78801147429115
"GAGCAAATCATGCTCC-1","male","IN-fetal",-6.1587066667208,8.61085979249901,4.44573830725682,-5.14824859587319
"GAGCATGCACAAACTT-1","male","EN-fetal-late",2.75443410705239,-4.06961544248634,0.677896908540844,-5.92420188871987
"GAGCATGCACGTGCTG-1","male","EN-fetal-late",1.98464107345254,2.48466030862755,-0.215228565912129,2.35978754075401
"GAGCCACTCCTAATTC-1","male","EN-fetal-late",7.85852479766518,-0.11492588016563,5.15187977911961,2.02276356728905
"GAGCCTTCAATATAGG-1","male","IN-fetal",3.74193763564736,-6.13793714735084,0.216090164203762,-5.03928844420082
"GAGCGAAGTGTCCAGG-1","male","IN-fetal",-5.60042905975669,7.02696172502465,3.55253528716099,-4.87781469313271
"GAGCGATAGTATGTGC-1","male","EN-fetal-late",-4.28438735176414,1.28365937974877,-2.62028814194667,0.923918264230421
"GAGCGATAGTTGGCCA-1","male","EN-fetal-late",2.34743952582986,0.417918216256566,0.42161454731655,1.05456616195076
"GAGCTAGCAAAGCCTC-1","male","EN-fetal-late",-3.82833981682151,5.10011903551049,-3.32203937409389,-0.258780909458467
"GAGCTAGCACAGAACG-1","male","EN-fetal-late",2.33610796760232,-0.324217040272289,0.504950172324298,0.963689880689314
"GAGCTAGCACGAATTT-1","male","EN-fetal-late",2.92452859710366,13.6128348520083,-4.26699162362087,6.18027790101402
"GAGCTAGCATAAGCAA-1","male","EN-fetal-late",8.05273103545815,-0.141023773880534,4.98883532645237,1.65437145741813
"GAGCTAGCATGTTGGC-1","male","EN-fetal-late",3.54495382140786,0.639759626059003,-0.435209282617451,0.624098735173872
"GAGCTGCTCCTCAGCT-1","male","EN-fetal-late",2.41358494590432,0.474770944384999,0.0319193220330463,1.43022890599602
"GAGCTTAGTACGCGCA-1","male","EN-fetal-late",-0.985082896245414,0.190146963862843,-1.009946593027,-0.448909384886095
"GAGCTTGTCCAGGGAG-1","male","EN-fetal-late",3.88277530501992,-5.00091846677833,0.353079649676202,-4.34023611036904
"GAGCTTGTCTACCTAT-1","male","EN-fetal-late",7.67761373351724,0.518194626836247,5.4708633339597,2.72857816727989
"GAGGACTAGCGCAATT-1","male","EN-fetal-late",2.84031534026772,2.19879941251702,-0.181114622335316,2.43680818589561
"GAGGACTAGCTGTCAG-1","male","EN-fetal-late",-0.440746309054786,5.40885488298363,-1.00472689507473,7.76938016923302
"GAGGACTAGGCTAAGA-1","male","EN-fetal-late",-0.303624989283973,5.58430187013573,-0.717827805261494,7.7992864421212
"GAGGACTAGGTCGAGG-1","male","IN-fetal",-3.26073515583366,7.9808687379641,5.37524556281102,-3.43153135267861
"GAGGAGGCACTGACCG-1","male","EN-fetal-late",7.66647481750161,-0.43648954126411,4.72803544165623,1.37812049897545
"GAGGAGGCATTATGAC-1","male","EN-fetal-late",10.2102513296476,-7.91516979429298,1.55179058672917,6.66376026185386
"GAGGCAAGTAGGTTTG-1","male","EN-fetal-late",3.69698524306924,0.661331128148503,-1.3067884528445,1.82774003060692
"GAGGCAAGTGATGATT-1","male","EN-fetal-late",-1.4402685647884,2.2749236038012,-2.33504081604946,0.735016303380659
"GAGGCCTTCATGCTCC-1","male","EN-fetal-late",10.2219481451383,-7.47721298429542,1.47016369463932,6.38162811311119
"GAGGCCTTCATTGACA-1","male","EN-fetal-late",1.52434873412759,0.977041583327718,-5.42967987893093,-1.52368597475655
"GAGGCCTTCGCTAGCA-1","male","EN-fetal-late",-0.687680842173988,5.59576503541893,-1.17924381134975,7.4465032389962
"GAGGCTACAAGACTCC-1","male","EN-fetal-late",7.94966745208413,-0.29674549791389,5.39250373007786,2.41225870164268
"GAGGCTACACAAAGGT-1","male","EN-fetal-late",-3.96014762092918,-1.86686595174842,-1.17472911713588,5.75232179673546
"GAGGCTACAGTATGTT-1","male","IN-fetal",2.3343238813749,-7.79869087431007,0.788917741794704,-6.90652601210243
"GAGGCTTGTGGGAACA-1","male","EN-fetal-late",10.6588568670622,-7.1755467245298,2.14643322588932,7.01466472657554
"GAGGCTTGTTATAGCG-1","male","EN-fetal-late",-2.59377014805167,1.25811786559052,-1.93552327988613,0.593815880139998
"GAGGCTTGTTGAATCG-1","male","EN-fetal-late",-0.645006479514533,0.951137322751946,-2.93699193833339,0.810508327802351
"GAGGGAGCAACTGGCT-1","male","IN-fetal",3.09167814086587,-6.74960764143043,0.634020156283496,-5.96502582518227
"GAGGGAGCATTGCGAC-1","male","EN-fetal-late",6.14412450622231,-0.877674896450572,2.2739592707349,2.33170636208885
"GAGGTACAGATTCCTT-1","male","EN-fetal-late",1.91278409789712,-0.461483795376354,-0.487238117437245,1.12687714608543
"GAGGTACAGCGATAAG-1","male","EN-fetal-late",3.97978305648476,-0.078816849918895,-0.964061983804585,1.52176209004753
"GAGGTACAGTTTGTCT-1","male","EN-fetal-late",-7.83440113235801,2.30924550798363,-5.51152563927639,-1.50782553640969
"GAGTAACCAAGTGTTT-1","male","EN-fetal-late",-1.56007503886312,1.482448201446,-1.84821558831203,0.11340557621949
"GAGTAACCACCGGTAT-1","male","EN-fetal-late",-2.9938353316912,-1.5110050031858,-2.66386628983486,1.16594739468925
"GAGTAATAGGCAAGTA-1","male","EN-fetal-late",0.14175581763894,2.12912551668114,-1.26568771241176,-0.340042931715319
"GAGTATCTCCAGGAAA-1","male","EN-fetal-late",3.34415483306558,-0.351046282978587,-1.84497929451931,1.59435184510582
"GAGTATCTCCCTCAGT-1","male","EN-fetal-late",-4.02683210541099,7.18300716188378,5.14578389288914,-2.89275423971779
"GAGTATCTCCGGAACC-1","male","EN-fetal-late",-3.53937602211326,-2.65933497640663,-1.41098965046871,4.97710092576378
"GAGTCAAAGGAACCAA-1","male","EN-fetal-late",6.423673628079,-2.57553299161964,4.2069940483762,2.14357741387718
"GAGTCATTCTCGACCT-1","male","EN-fetal-late",5.5919823629728,-2.18975694868141,0.956293514986156,-7.24758617369301
"GAGTGAGGTGAACAAA-1","male","EN-fetal-late",2.51238703559548,-2.10255726072364,-1.76442623970974,2.38039095910423
"GAGTGAGGTGTGAGAG-1","male","EN-fetal-late",-2.451495172275,-1.63369544241004,-5.74316979287136,-1.44361202208168
"GAGTGAGGTGTGTGGT-1","male","EN-fetal-late",-7.78734636474937,0.964425738720364,-5.72002173302639,-1.75649420706398
"GAGTGATCAAGCTAAA-1","male","EN-fetal-late",6.07221221755654,0.0074502041620681,3.19857191206944,1.24708302529686
"GAGTGATCAATCCCTT-1","male","EN-fetal-late",7.64774179290444,0.143025081424184,4.38999175192845,1.42765327008598
"GAGTGATCAGCTCAAC-1","male","EN-fetal-late",7.85348462890298,-0.361545641155772,4.67526244284642,1.72293932946556
"GAGTGTTTCAAAGGCA-1","male","EN-fetal-late",-5.4679222123751,1.11357946303315,-2.90850807068813,-0.397418064752886
"GAGTTACTCGTTAACA-1","male","EN-fetal-late",-1.12391919065803,1.23399509098954,-3.43738222954738,0.195359098037413
"GAGTTGCGTGTTTCAC-1","male","EN-fetal-late",2.50232624839455,0.70133657362885,0.12035419704449,1.9499896338784
"GAGTTGCGTTTACGTC-1","male","IN-fetal",-3.03089857269614,6.92486278322167,4.70593451621067,-3.13863627401955
"GAGTTTGGTTACAACG-1","male","IN-fetal",-3.48017645050376,8.07926027086205,5.35184954764378,-3.39671461073525
"GAGTTTGGTTCAAGCA-1","male","EN-fetal-late",4.88373803924233,-1.42244322988563,5.34537696005833,-3.28779832808144
"GATAAAGGTAACCACA-1","male","EN-fetal-late",0.211826561199731,6.20698205736107,0.421383854989527,7.47818048508995
"GATAAAGGTCCGTAGG-1","male","EN-fetal-late",3.98748540710122,-0.973387558193736,1.18009417416584,2.28199799569481
"GATAAAGGTTTACGTC-1","male","EN-fetal-late",4.31519698928506,1.99095587041802,0.270666948576091,2.58101351769798
"GATAGACCAAATTCGT-1","male","EN-fetal-late",1.86766362022073,1.88611797597832,-0.396247514467122,1.3191633990609
"GATAGACCAATTAACC-1","male","EN-fetal-late",-0.494531215918952,5.63587466981835,-0.691638120393635,6.9572888186776
"GATAGACCAGTTAAAG-1","male","IN-fetal",3.46593379806191,-5.75722273084693,0.161178416628955,-4.79395524946816
"GATCAAGAGCTAATCA-1","male","EN-fetal-late",-5.58246946503013,1.14291832950539,-3.44226289628017,0.0799818693303377
"GATCAAGAGGGCTTAT-1","male","EN-fetal-late",6.10582685302407,0.638393040565915,3.35831975104344,1.68641896756523
"GATCACTAGCTAAGTC-1","male","RG",-2.45686209369987,-6.44286068174415,-5.99020100472438,3.76504810365074
"GATCACTAGGGACCTC-1","male","IN-fetal",-4.90185070206016,6.73005430009789,3.54211877944004,-3.6911646553672
"GATCAGGCAGGAACTG-1","male","EN-fetal-late",2.71326017211587,-2.24635823461586,-2.27880669472683,1.49324758561485
"GATCAGGCATCAGTAT-1","male","EN-fetal-late",-7.95818233658164,2.19329480436272,-5.72934676049221,-2.21689931837685
"GATCAGGCATTATGAC-1","male","EN-fetal-late",4.63492393325478,-2.13080151769691,2.1267414009763,2.2786930373513
"GATCAGTTCGAGGTGG-1","male","EN-fetal-late",2.72549819778115,-0.677191335888438,0.803949347753643,1.32685597451561
"GATCCGTCATGTCGCG-1","male","EN-fetal-late",1.65461540053994,0.91289129462666,-0.402630218248249,1.34625490220421
"GATCGAGCACTGACTA-1","male","EN-fetal-late",1.77371978591592,-0.0390827247815659,-0.524201282243611,1.03199769767158
"GATCGAGCAGGTTTGC-1","male","IN-fetal",-3.66616130043357,8.44109908845849,5.11891793372166,-3.58338682142861
"GATCGATTCCCATAAA-1","male","EN-fetal-late",-0.80157321859687,1.55791882780022,-1.38882494805324,-0.187152487913439
"GATCGATTCTCACTCA-1","male","EN-fetal-late",-0.721918465388709,4.87546626832909,-0.945411690454365,6.52978523286217
"GATGACTTCCCTTGCG-1","male","IN-fetal",3.15930986236245,-7.1735297033506,0.577721632142185,-6.27257339445717
"GATGAGGGTACCGGAT-1","male","EN-fetal-late",4.6595945341459,-1.39394911024147,2.56994413496983,1.86350520165794
"GATGAGGGTTAATGCG-1","male","EN-fetal-late",6.69771432708413,-2.11922844144874,2.77012752654087,3.16089947732323
"GATGCAGCAACCCTAA-1","male","IN-fetal",-6.90023803879111,8.09087745454735,3.83996771933567,-6.13355199782021
"GATGCAGCAGCAAATA-1","male","EN-fetal-late",-5.19961857963889,2.19430403020806,-3.91779232857692,0.158019077276519
"GATGCAGCAGCGCTTG-1","male","EN-fetal-late",-2.53170252014487,5.39103738573021,4.96828745963108,-4.03492204634316
"GATGCAGCATACCCGG-1","male","EN-fetal-late",3.65441322158486,0.980972017912335,0.653665176649211,1.98842092069023
"GATGCATTCCTTGAGG-1","male","EN-fetal-late",4.4855542166105,-2.23714955541664,2.39121376635563,2.33553464921348
"GATGGCTGTGCCGCAA-1","male","IN-fetal",2.75339269469888,-7.09461458417945,0.514355494697212,-6.18511573759682
"GATTAAGCAAGGTCCT-1","male","EN-fetal-late",10.3480830175749,-7.76551826688819,1.68132113577854,6.72590358765953
"GATTAAGCAGTCTAAT-1","male","EN-fetal-late",6.20501708816201,-2.34073765966468,2.5910181915952,2.61101944955223
"GATTACGGTACTGAAT-1","male","EN-fetal-late",-4.21519994903892,2.39737240579552,-0.967160471658589,-0.118174118677446
"GATTACGGTCAGGAAG-1","male","EN-fetal-late",-2.90472102333396,5.73259918001122,-1.76309109566677,2.2548938563668
"GATTACGGTCTAACAG-1","male","EN-fetal-late",-5.22022223640769,2.12462465074486,-3.75860072014797,0.107224378978542
"GATTACGGTGTGTGGT-1","male","IN-fetal",3.2568674070707,-6.88535412046485,0.260141766686557,-6.17277471510536
"GATTACGGTTGTTGCT-1","male","EN-fetal-late",-13.8472399728426,-11.6708460638242,-5.62830258248317,2.54505975755089
"GATTACTCAGGAATCG-1","male","EN-fetal-late",6.30889081786782,-1.84841688367897,3.81670092703831,2.15094073327415
"GATTACTCAGGACCTT-1","male","EN-fetal-late",2.98155736755044,-3.75454815122657,-0.647307165841938,0.268298344930342
"GATTAGCTCATTTAGG-1","male","EN-fetal-late",3.01870965789468,-0.389421183796459,-2.04602647660244,1.44691761048668
"GATTAGCTCCGGTTGA-1","male","IN-fetal",2.42308711837441,-7.94486149045997,0.0594027257157551,-7.21409837690956
"GATTAGCTCTAGCTTT-1","male","EN-fetal-late",-6.42895603348106,1.50111250188775,-4.76842881081569,-0.730487031618425
"GATTAGTGTACCGTTT-1","male","EN-fetal-late",5.71077203582436,-2.79682858678871,2.60540842177403,2.64199717553489
"GATTAGTGTACTTAGG-1","male","EN-fetal-late",7.25137853454263,-0.979637820454173,4.36079405905735,2.17255051644676
"GATTAGTGTTAAGCTG-1","male","EN-fetal-late",-6.83651161362022,1.23214132693238,-2.72744871018398,1.16242976697319
"GATTATGTCGGTACGC-1","male","EN-fetal-late",7.4483580572477,-0.383586842747264,4.71558713080418,1.52173073800438
"GATTCAATCCTCCTAA-1","male","EN-fetal-late",1.21627211402566,0.888427663413949,-0.532079764585377,1.39292438538902
"GATTCAGGTTCCGGCT-1","male","EN-fetal-late",-5.84063863922446,1.58906511571831,-3.85138417122829,0.0138160681926519
"GATTCATCACCAGCAT-1","male","EN-fetal-late",-4.35053897072166,1.74800137784905,-3.13410974381435,-0.570568723360369
"GATTCATCAGGAAGCC-1","male","EN-fetal-late",-2.22364390064567,2.40086321142144,-3.03759241936672,-0.0632196196711748
"GATTCATCATCTTGAG-1","male","EN-fetal-late",2.72452115844399,-3.88768156263404,0.420324428994773,-5.33637277571327
"GATTCCTGTTTCCTCC-1","male","EN-fetal-late",-7.86579752136558,1.62967495229668,-5.33685971138942,-3.57640163389809
"GATTCGCCACGTAAGG-1","male","EN-fetal-late",3.04429721664101,13.4897078683657,-3.97188664315212,6.15549715073936
"GATTGATGTAGCTGGT-1","male","EN-fetal-late",-1.28827767242282,2.85786501672692,-0.36686999438274,-1.95219819037087
"GATTGATGTCTTTGAC-1","male","EN-fetal-late",-1.05220785905212,2.72326854970879,-1.72588110802639,1.53640230210655
"GATTGATGTGTGCACG-1","male","EN-fetal-late",2.93854379485757,13.5958031823916,-3.53924871323574,6.07910688432091
"GATTGATGTTAACACG-1","male","EN-fetal-late",3.08759546111733,2.22005275991387,0.233424863834499,2.32195933373802
"GATTGATGTTAATCGG-1","male","EN-fetal-late",0.364864586102075,0.258195679454274,-1.09711242554653,0.37284705253475
"GATTGCAGTACTAAAC-1","male","EN-fetal-late",-2.7369971292147,5.07568494584984,-1.48173261521328,1.47824783833854
"GATTGGCGTAAGCTTG-1","male","EN-fetal-late",-13.958846570743,-11.5444584676939,-5.96157313225734,2.87938101800316
"GATTGGTTCATGCAAC-1","male","EN-fetal-late",7.22529268096597,0.641234244970746,4.21906708838475,1.64998229058616
"GATTGGTTCGCTATGG-1","male","EN-fetal-late",7.57279348205239,0.0784280708116958,5.21193694235814,2.46095283540123
"GATTGGTTCGTTACTT-1","male","EN-fetal-late",1.27425813506753,-0.0752629825788071,0.112987986822246,0.960832076390913
"GATTGTTCAGCCTTGG-1","male","OPC",-13.9356465356478,-11.5604534933286,-6.29355145333278,3.17918451341026
"GATTGTTCATTATCCC-1","male","EN-fetal-late",-0.117027642024451,6.35931674745507,-0.223385997991444,7.47039897950523
"GATTTGCAGCATGGTT-1","male","EN-fetal-late",-2.67472028900474,-1.98460181448036,0.0698082363797413,7.55982168229454
"GATTTGCAGCATGTCG-1","male","IN-fetal",-6.2571444528231,8.48658601549096,3.68451427580845,-5.91622058836586
"GATTTGCAGTGACCTG-1","male","EN-fetal-late",-4.05240249801963,1.45960335042901,-3.05204630730617,-0.485989255586931
"GCAAACAAGCCTGATG-1","male","IN-fetal",-6.60816764999717,8.16363899019188,3.84382151724827,-6.18955127684242
"GCAAACAAGGGTGAGT-1","male","EN-fetal-late",3.310383318173,-0.0399473497586778,0.756932995338558,1.81722183736198
"GCAAACCGTACCAGGT-1","male","EN-fetal-late",-0.123610975039893,-4.54520948621803,-0.204542227964283,-0.220409376303026
"GCAAACCGTCAGGCAT-1","male","EN-fetal-late",6.07487487624795,-1.14201720449501,2.7832138455106,1.65180011304252
"GCAAACTTCAATGTGC-1","male","EN-fetal-late",4.80747794936807,-2.14536150190406,1.79027306200993,2.35761006387108
"GCAAACTTCCATAATG-1","male","EN-fetal-late",-7.63488149811118,1.2164932003302,-5.94666911004055,-1.63906793085701
"GCAAGCCTCCCTCTAA-1","male","EN-fetal-late",2.80155134032876,13.7390793969912,-1.81579447625148,2.29201658280723
"GCAAGTCGTCCGGTTC-1","male","EN-fetal-late",2.6846566183439,-3.09787162038856,-1.63884497521389,2.30517824204796
"GCAAGTCGTCCTTTAA-1","male","EN-fetal-late",0.205892084347314,0.931359071103997,-2.0810599410342,-0.18402860848076
"GCAAGTGCACAATGTT-1","male","IN-fetal",3.21977376769692,-7.42598922941261,-0.0152032458590283,-6.93505041090615
"GCAAGTGCAGATAGAC-1","male","EN-fetal-late",2.92083501647622,-7.11240537855201,2.27702271105778,-6.50778142897255
"GCAATAGAGCTAAGTC-1","male","IN-fetal",-6.15043544937461,7.94458476808495,3.76683091284764,-5.58913318602211
"GCAATAGAGGGACCTC-1","male","EN-fetal-late",2.60618305038125,-2.4082275221067,-0.915759333352925,0.736736195405653
"GCAATAGAGGTAGCTT-1","male","IN-fetal",-5.10286450554221,7.71587745454735,4.3793835556699,-4.29152385679848
"GCAATAGAGTTGTCCC-1","male","EN-fetal-late",-3.46144509483665,4.73974839952416,-2.09676600335109,2.05583556207054
"GCAATCTAGACCATAC-1","male","EN-fetal-late",-4.9556570069918,1.98645881917901,-3.90656519768703,-0.0407265254653185
"GCAATCTAGGGACTAA-1","male","EN-fetal-late",-4.32511711288779,-2.21243389341407,-1.76143432496059,5.55960472138756
"GCAATGAAGATTCCTT-1","male","IN-fetal",-3.99478244949668,6.72050658967919,3.59023999335301,-3.1015137859977
"GCAATGAAGGGCCATC-1","male","EN-fetal-late",-3.07927060295432,1.20912630465455,-2.96064926026333,0.208379740139177
"GCAATGAAGTCACTCC-1","male","EN-fetal-late",0.404993770824975,1.67238746192879,-1.01691354153621,0.772927718480757
"GCAATGAAGTGGACAA-1","male","EN-fetal-late",3.22257757018716,-6.91477068159156,-0.0242811822699322,-7.09559480635292
"GCAATGAAGTGGCGGA-1","male","EN-fetal-late",5.50668430160195,-0.395002920361095,-0.737666138391377,2.23175342591636
"GCACATTAGACTCGCA-1","male","EN-fetal-late",3.24516200851113,-0.994693596096568,1.07732241513264,1.30898268731468
"GCACATTAGCCTAATA-1","male","EN-fetal-late",0.426583526836938,5.95345346239037,0.128445765991329,7.74839551957481
"GCACATTAGGGCTTTG-1","male","EN-fetal-late",7.25988912414224,1.06151839700169,5.44084357382786,2.67971261056297
"GCACATTAGGTCCACA-1","male","EN-fetal-late",3.72674989532143,1.07213219609684,0.316474429388164,2.40323932679527
"GCACCTAAGGAGTCTT-1","male","EN-fetal-late",-3.62890887428611,1.87296013143486,-2.80825115082729,0.632307784875563
"GCACGAACACTCGCTC-1","male","EN-fetal-late",1.46313738654763,1.05327018704838,-0.63171363709438,1.58403595002525
"GCACGAACATGTCGCG-1","male","EN-fetal-late",1.22458243201882,-0.0663973281102708,-0.956942089776875,1.17870862992637
"GCACGCTAGGCCATCA-1","male","EN-fetal-late",-6.68277073074668,1.35643533971734,-2.06339288590419,0.17286580266588
"GCACGCTAGGTAACGA-1","male","IN-fetal",-4.67702388931602,6.77242604997582,3.87213873030674,-2.56270949331886
"GCACGGTTCAGCACGC-1","male","EN-fetal-late",6.47148275207192,-1.49485762807899,3.81364320876133,1.72860689671867
"GCACGGTTCGTTACTT-1","male","EN-fetal-late",5.6476840956083,-2.02011068555885,3.23959659697544,2.69622452767723
"GCACGGTTCTTAGGGT-1","male","IN-fetal",0.185268996464318,-8.69357689115577,2.49443363310826,-6.88791744200356
"GCACTAAGTGATCATG-1","male","EN-fetal-late",-3.43481755424827,2.60435787942833,-3.28666783211696,0.611063139756849
"GCACTAAGTGGTTAGC-1","male","EN-fetal-late",4.09404659103066,2.17119316366143,0.28832731308472,2.56524880441063
"GCACTTACAATGCGCT-1","male","EN-fetal-late",-2.57643985916465,-2.30988128873878,-1.29753924248684,5.54171331437462
"GCAGCAACACAACAGG-1","male","EN-fetal-late",-6.04576778580039,2.45706514623589,-4.89047766564357,-0.783692581335375
"GCAGCTATCCTGCGAA-1","male","EN-fetal-late",6.95827340911538,-0.97008808347755,3.95223187567723,2.49779804261558
"GCAGCTATCTATGACA-1","male","EN-fetal-late",-3.92988491226524,-1.93716009351783,-1.16782391903865,5.47391422303551
"GCAGGAAGTGGCTTCC-1","male","EN-fetal-late",4.4802355749479,-0.498179633350902,-1.69493962166774,2.45336349519127
"GCAGGACCATGAAGTA-1","male","IN-fetal",-5.68163156677573,8.10930816438622,3.61993264319432,-4.87240449873573
"GCAGGACCATTATGAC-1","male","IN-fetal",2.85573434661538,-7.65566452238136,0.718202850837825,-6.5745419689811
"GCAGGATAGGCGCACT-1","male","EN-fetal-late",7.49011468719155,0.607626657752461,5.54045342566502,2.69399412186973
"GCAGGATAGGCTACAT-1","male","IN-fetal",-6.16403341461509,8.01926175859398,4.0585839665128,-6.04796163527138
"GCAGGATAGTCATGCG-1","male","IN-fetal",3.70572805236489,-5.27457578870826,0.273564851899265,-4.73746149031288
"GCAGGCAAGGAAGCTA-1","male","OPC",-13.9539418237337,-11.4916449377256,-6.06720686791408,2.80993969949119
"GCAGGCTTCTTGCAGG-1","male","EN-fetal-late",1.49347925017983,1.60735539701409,-0.725061424951436,1.3885722926461
"GCAGGTGAGTCTTGAA-1","male","EN-fetal-late",-3.4818108098635,-1.38511379453712,-0.264278479795338,-6.86713544813759
"GCAGGTTGTCGAAGTC-1","male","EN-fetal-late",-5.95043850113242,1.50479761865563,-4.14646006463039,-0.393151623884508
"GCATATATCATGCTAA-1","male","EN-fetal-late",4.82269382308633,1.50735257175393,0.783560655136226,2.57444603951805
"GCATATATCCAACTGG-1","male","EN-fetal-late",-4.23653793503135,1.42384700086541,-3.44528056023586,-0.354854238907167
"GCATATATCCTGTTCA-1","male","IN-fetal",-5.02779245544761,7.78103677537865,4.4301009094907,-3.63987366644509
"GCATCCTTCGAGGAGT-1","male","EN-fetal-late",4.73264694045693,-1.05190869066291,-1.37137866852749,2.44555027993553
"GCATGAAAGGACCTCA-1","male","EN-fetal-late",3.96553945373208,1.43986288812584,-0.0574554884241833,2.44643099816673
"GCATGAAAGGCATTAC-1","male","EN-fetal-late",-2.94629430939048,5.606193940906,-1.32477284310329,2.30361183198326
"GCATGAAAGGCCAATT-1","male","EN-fetal-late",0.745768306957787,0.463391315011449,-1.03757823346126,0.695565657933882
"GCATGAAAGGCTAAGA-1","male","EN-fetal-late",2.75104188750893,-2.26107557508522,-1.31143093941677,1.44534512074821
"GCATGAGCAAGCCAGA-1","male","EN-fetal-late",1.96177339385659,0.480794112948842,0.55778504075539,1.20330889733665
"GCATGAGCAGTTTACG-1","male","EN-fetal-late",-1.56676647980302,2.2885749748034,-2.41655279038417,0.445464061816862
"GCATTAGGTCCACAAA-1","male","IN-fetal",3.29576635192544,-7.14616068098121,0.444878126551031,-6.98064224211342
"GCATTAGGTGGACATC-1","male","EN-fetal-late",2.49268793891579,0.957524951366849,-0.312572189550282,1.56371005090111
"GCATTGCCAAGCCAGA-1","male","EN-fetal-late",0.281934736477441,-4.43445165845924,-1.75717473862636,1.78301330121391
"GCATTGCCATAATGTC-1","male","EN-fetal-late",2.68652629684121,2.34073976781792,0.407547514243616,2.01569743665092
"GCCAACATCCAAACAC-1","male","VSMC",4.05426931213052,-14.4587574789243,-3.66846943734157,3.2482381633126
"GCCAACATCCGTTAAA-1","male","EN-fetal-late",7.36590909789712,0.565774302749104,5.00812911154759,1.72299523862236
"GCCAACATCTTGAGCG-1","male","EN-fetal-late",10.1318631155363,-7.95157821867042,1.74376951815617,6.74014289887779
"GCCAATAGTTGTGATG-1","male","EN-fetal-late",4.36730098556191,2.05455104616112,-5.49259281990993,-2.69415180174477
"GCCACAATCAGGAAGC-1","male","EN-fetal-late",-3.93482852150291,-1.61447103712135,-0.659837015848042,6.4164362719857
"GCCACACAGTAACGAG-1","male","EN-fetal-late",2.0452876074186,1.18163276818222,-0.567593821267964,1.85804517777794
"GCCACACAGTCGCAAT-1","male","EN-fetal-late",1.53366350959451,2.30206589010186,-1.44569600460994,1.54151316197746
"GCCACTAAGCATGTCG-1","male","EN-fetal-late",-6.64600801636069,1.44045660999245,-3.95520354149807,-0.52060441462166
"GCCACTAAGTTGGATC-1","male","IN-fetal",2.19476604293496,-7.83566387388282,-2.73483897088039,1.60090013059013
"GCCAGGAAGACAGGTA-1","male","EN-fetal-late",2.93266963790566,-4.5772105047422,0.570814183969615,-6.41958991972573
"GCCAGGTTCATGGTTA-1","male","IN-fetal",-5.69584274460166,8.28279582765526,3.98080729605687,-5.2855319210685
"GCCAGGTTCGCATTAA-1","male","EN-fetal-late",4.74309158157021,-1.52897818777137,-1.57111812470424,2.60859330209129
"GCCAGGTTCTATCGCC-1","male","EN-fetal-late",5.12317657302529,-2.63053854200416,2.46463441016209,2.92956193002098
"GCCATGATCAAACCGT-1","male","EN-fetal-late",-7.54656362701743,1.64219615962929,-5.20869112847316,-3.55480949370033
"GCCATGATCTATCGCC-1","male","EN-fetal-late",1.6781218035093,0.95036001112885,-0.958556183557393,0.464057820161513
"GCCATGATCTTAGGAC-1","male","EN-fetal-late",-1.4006811695227,2.53691164758629,-0.680585988740803,-2.62645904509194
"GCCATTACAACCCTCC-1","male","EN-fetal-late",9.57381963561684,-7.31589229795509,-1.72573161957729,0.91295750649803
"GCCATTACAGCATGGA-1","male","EN-fetal-late",5.71821403335244,-2.67682488653236,2.64871453406346,2.93511970551842
"GCCATTACAGCTACGT-1","male","EN-fetal-late",-6.60260820556968,1.16375241783089,-4.23027373192775,-0.382657510916063
"GCCCAAATCCGGTTAG-1","male","EN-fetal-late",2.71402931045205,-5.55607231351905,0.281280412395118,-5.25524322477944
"GCCCATAAGATTGAGG-1","male","EN-fetal-late",-7.74356794525474,0.976184468535847,-5.74281550286281,-2.02760784117348
"GCCCTCATCATTATGG-1","male","EN-fetal-late",4.8419241888395,-2.46902473661476,-2.1919534289645,1.60238464387291
"GCCGTGAGTACCGAAC-1","male","EN-fetal-late",3.41533708404214,-2.23980339262062,-0.173751422147633,0.664914326986006
"GCCGTGAGTTTGGCGG-1","male","EN-fetal-late",-0.705293239844733,5.24071828630394,-0.875009425859334,7.36353786500328
"GCCTAATAGGGTCCAC-1","male","IN-fetal",3.58669948409707,-6.9976263830381,0.0990642821980701,-6.88956062285073
"GCCTACTTCAGCACCA-1","male","IN-fetal",3.66306876968057,-5.70593889448219,0.269228137154697,-5.11142436949379
"GCCTACTTCCTTAAGA-1","male","IN-fetal",-4.21129036117881,7.09617893007225,4.06333731772435,-3.26098291365273
"GCCTACTTCGAGGAAC-1","male","EN-fetal-late",-4.1826713101992,1.0926803460402,-2.20251799462307,0.141139960160187
"GCCTACTTCGGTTTGG-1","male","EN-fetal-late",-3.5011413114199,5.24120752122826,3.93047927977574,-4.3518685528434
"GCCTATTGTAGGATTT-1","male","EN-fetal-late",3.29163837264687,1.91261939313836,-0.27190477488506,2.08395965607994
"GCCTCAAAGACAAAGT-1","male","IN-fetal",-3.48730802704185,6.79577438142724,4.58510827185643,-2.83472244230873
"GCCTCCATCACGAATC-1","male","EN-fetal-late",10.2630724890104,-7.41931732389503,1.41212295653355,6.37589700730675
"GCCTCGACACCTGGTG-1","male","EN-fetal-late",-6.13084650207847,1.22546095755524,-4.16310978768337,-0.655683858076403
"GCCTCGACATCTTGAG-1","male","EN-fetal-late",-6.60860824753135,1.4633025934977,-4.42352438805568,-0.572679741064379
"GCCTGACAGCACGTTG-1","male","EN-fetal-late",6.66757440398843,-1.36683853361183,4.08802889945042,1.56907744916313
"GCCTGACAGCTCCTTA-1","male","EN-fetal-late",-5.38248419929832,1.25727538373894,-3.41510392067897,0.209310913702181
"GCCTGAGGTGAGAAAC-1","male","EN-fetal-late",-3.8956520574221,1.26429877784676,-2.13103104470241,0.527557419856718
"GCCTGCTGTTATTGCC-1","male","EN-fetal-late",7.42574643920571,-0.832879383297496,4.30026697279942,1.77893872769707
"GCCTGTGCAAAGCTCC-1","male","IN-fetal",-4.90091061760276,5.98859922197289,3.34471630217564,-3.45984355894692
"GCCTGTGCAATAATCC-1","male","EN-fetal-late",2.2376236898771,0.555815707711644,0.260276950020908,1.28087444814079
"GCCTGTGCAGTTATCG-1","male","EN-fetal-late",2.98701381515176,13.5525082757754,-4.29015541909206,6.30803688081138
"GCCTGTGCATTCAGCA-1","male","EN-fetal-late",2.79946517776162,0.237603109149403,0.585855937619327,1.36425574334495
"GCCTTAACACTGACCG-1","male","IN-fetal",-3.93775654007285,8.31574861314721,5.13595627905857,-3.76168243376381
"GCCTTAACAGGAACCA-1","male","EN-fetal-late",-1.54506617207616,1.05734058824009,-1.452613481264,0.433639304956129
"GCCTTAGAGCCTGGTA-1","male","EN-fetal-late",6.68457937072427,-2.0107997247892,3.79034589888584,2.10086591752403
"GCCTTAGAGTCATTAG-1","male","EN-fetal-late",3.22811651061684,1.60474608447976,0.265688351411937,2.14710290940635
"GCCTTGCGTGCTAGCG-1","male","EN-fetal-late",-2.94412005115836,4.72944990899987,-1.88005400536525,2.16073425324791
"GCCTTGCGTTAGGCTA-1","male","EN-fetal-late",-6.18111276794761,1.64700112846322,-4.04895640252102,0.020570339878729
"GCCTTTATCTAACCTT-1","male","EN-fetal-late",-4.63054537941306,1.29582993295617,-3.66471339104641,0.166772885491779
"GCCTTTGGTGCTCCGT-1","male","EN-fetal-late",3.59820127319009,2.10576252248711,0.154373384137271,2.01773222001427
"GCCTTTGGTTAATGAC-1","male","EN-fetal-late",-0.311014177096778,2.45823888090081,-1.73891235230434,0.948081629594496
"GCCTTTGGTTTCCGGC-1","male","EN-fetal-late",3.99261998962075,-14.5187311956602,-1.70456267235744,2.36099226983421
"GCGAAGCCATGCATAT-1","male","EN-fetal-late",3.04924249480874,13.4855736902041,-4.00390673516262,6.26927335770958
"GCGAAGTAGCATCCAG-1","male","EN-fetal-late",3.40707683395059,2.27509848382897,-0.324904986600758,2.34784372361534
"GCGAAGTAGCTCCCTG-1","male","EN-fetal-late",10.33284139465,-7.84526737424903,1.36491023661625,6.77746732743614
"GCGAAGTAGGGTTAGA-1","male","EN-fetal-late",0.446520922886437,5.86197988298363,0.0729131615353809,7.73407705338829
"GCGAGTGAGGATGATG-1","male","EN-fetal-late",3.30785274337441,1.64979944732613,0.202416456360935,2.20177252801292
"GCGAGTGAGGTCTTGG-1","male","IN-fetal",-4.47335624862998,6.49166862276024,2.95140456320774,-2.80846230475075
"GCGAGTGAGGTTTGAC-1","male","EN-fetal-late",10.4734091741911,-7.57710941526466,1.83211433054936,6.69013221772545
"GCGATATTCAATACGC-1","male","EN-fetal-late",-3.30993688274711,1.20953742769188,-2.45873881218898,0.648718731721571
"GCGATATTCCTGGTCT-1","male","EN-fetal-late",9.79005288909585,-7.75862320158058,-5.91798258660305,-2.28852669684059
"GCGATTTAGACAGGCG-1","male","EN-fetal-late",5.33265304397256,-2.80375345441871,2.30998884799015,2.8689292243325
"GCGATTTAGTCATCCC-1","male","EN-fetal-late",-1.3626109750995,1.41560302284188,-2.35664320824611,0.0217293670975477
"GCGCAATGTGAAACAA-1","male","EN-fetal-late",-0.297136308444434,6.17665330675072,-0.237445243577839,7.99590023072594
"GCGCAATGTGTCCTGC-1","male","EN-fetal-late",2.21314740012795,1.14870605972237,-0.144677706937672,1.21729047807091
"GCGCAATGTTGGATAT-1","male","EN-fetal-late",-5.70299673248618,-3.82489784452491,-0.0485518955992474,7.98014696153038
"GCGCAATGTTGTAAAC-1","male","EN-fetal-late",7.55392980407388,-1.33213861677223,4.99208926321995,2.53331168206566
"GCGCCTTGTAGCAGCT-1","male","EN-fetal-late",1.37728094886453,2.20491616037316,-1.4797815167712,2.03359790356987
"GCGCCTTGTCAAGTGC-1","male","EN-fetal-late",-3.17903375793784,-1.82536967489296,-1.11247611878383,4.81637914689415
"GCGCGATTCTTGAGGT-1","male","EN-fetal-late",-0.27736747433036,6.04679195192284,-0.611780770997883,8.17128761323326
"GCGCTAGGTAATCGTG-1","male","EN-fetal-late",7.60165262054116,-1.20245369169288,4.24491595389378,1.978017883619
"GCGCTAGGTTCAAGCA-1","male","EN-fetal-late",-3.59694838692039,5.11218969133324,3.73914908530247,-4.05418340651161
"GCGGAACCACGCAACT-1","male","EN-fetal-late",5.33823776076943,-2.28577693197303,2.51191519858372,2.82729323418968
"GCGGAACCATAAGTCT-1","male","EN-fetal-late",0.464331267582482,1.97469798829979,-1.32232941029537,1.21755691083305
"GCGGATACAACTAACT-1","male","EN-fetal-late",3.03468513320596,-2.27361210081153,-1.86716676590908,1.82837946923607
"GCGGTTATCAATCATG-1","male","IN-fetal",3.32277393172891,-6.981368143292,0.265666461606144,-5.9289383122123
"GCGGTTATCCGCCAAA-1","male","EN-fetal-late",-0.409588219417029,0.7280219158215,-0.927570470552327,1.1811121276223
"GCGGTTATCCGTTAAA-1","male","EN-fetal-late",4.69669627975137,-1.9260669538694,1.53299998404515,2.53761418374412
"GCGGTTATCGTCCTTA-1","male","IN-fetal",-4.87576294113486,7.91634647157616,4.36352109076512,-4.1359056660331
"GCGGTTATCTTAGGAC-1","male","EN-fetal-late",-1.04668310452788,2.18815509584374,-1.4309214436816,-0.270230902115175
"GCGTAACGTAAGTCGC-1","male","EN-fetal-late",-3.97435450722068,-2.27391393873268,-1.20927215455043,4.91507013352745
"GCGTAACGTCCTTCAG-1","male","IN-fetal",2.69875716994912,-7.43080051633888,0.441759075094579,-6.5977992245353
"GCGTGCTAGCAGCTCA-1","male","EN-fetal-late",-4.64872574974387,1.27442471292443,-3.74794340966213,-0.0529067346251696
"GCGTGCTAGCCTGGTA-1","male","EN-fetal-late",9.12765168975503,-7.00765331480079,2.28349553706181,2.17264898331993
"GCGTTTCTCAATTACG-1","male","EN-fetal-late",3.33624982665688,-5.80906065198951,0.310585863013385,-4.5418910214103
"GCGTTTCTCCAGGAAA-1","male","EN-fetal-late",-0.609328986895972,5.17883626726098,-1.1614255988406,5.93316324265831
"GCTAACCCACATGCTA-1","male","EN-fetal-late",-2.79328394104331,1.96014789846367,-2.25147510407436,-0.0936405935681551
"GCTAACCCATTAGCCA-1","male","EN-fetal-late",7.44141816924722,0.74112537857718,5.56970166327488,2.28198392899864
"GCTAAGCGTTTAAAGC-1","male","EN-fetal-late",2.7553501112333,-4.01729114744239,-2.45104170678127,0.111920356994203
"GCTAAGCGTTTGCGCC-1","male","EN-fetal-late",-0.595745803607398,5.38123695161767,-0.497450300435902,7.65923555405968
"GCTAAGTTCTAATCAG-1","male","EN-fetal-late",0.247799633251733,0.67306668665833,-1.39310766098964,0.393605159839323
"GCTAATATCAGCAAGA-1","male","EN-fetal-late",-0.466426970256263,5.62057439592308,-0.692082174997212,7.49257715257042
"GCTAATATCTAACTGA-1","male","EN-fetal-late",2.15841960738809,-0.468744594784313,-0.0201329672144665,0.910735266526869
"GCTAATATCTACCTCA-1","male","EN-fetal-late",5.64269208739907,-1.45558746549659,-1.86877251503933,1.56557174237602
"GCTAGCCAGTCTTGAA-1","male","EN-fetal-late",-3.65416908432334,6.49755946901268,3.90662216307652,-2.33074299780495
"GCTAGCGGTTAATGAC-1","male","EN-fetal-late",-1.61398491431563,2.54891268518395,-0.330931254606129,-2.14770667044289
"GCTAGCTCAATCCTAG-1","male","EN-fetal-late",-1.97734522987693,1.316029619245,-1.64622736809719,0.487536745389631
"GCTATAGGTAGGTTGC-1","male","IN-fetal",-2.93732261825889,7.54714481141991,5.12088154913914,-3.29322640387184
"GCTATAGGTATTGTCC-1","male","IN-fetal",2.3436593992582,-7.78795822355323,0.318672380466579,-7.01840249983437
"GCTATAGGTGCATTAG-1","male","EN-fetal-late",-1.16639340092033,2.80035487916893,-2.31573129532802,0.386104272922209
"GCTATAGGTGGTGAGA-1","male","EN-fetal-late",1.2716014368406,1.33226881530709,-0.245801039914967,1.33933980973594
"GCTATAGGTTATCGAG-1","male","EN-fetal-late",1.11733364890725,0.0376825740618179,-0.623791464547993,0.969927625974348
"GCTATCCTCATCCACC-1","male","EN-fetal-late",-7.03629255462974,1.54987023380227,-4.82469082711208,-0.888997716585466
"GCTATCCTCCAAGTTA-1","male","EN-fetal-late",-7.63573742081016,2.12015346792168,-5.97821093438137,-2.15868012396462
"GCTATCCTCCAGGGAG-1","male","EN-fetal-late",-0.452812554133826,6.07173291948266,-2.54609752533901,1.7065666488015
"GCTATCCTCCTTGCAC-1","male","EN-fetal-late",1.71643566917092,0.929005998937554,-0.217770167569996,1.08520163806312
"GCTATTGCACTGACCG-1","male","EN-fetal-late",-4.18535542656272,1.83262537029213,-3.72777415154445,0.155740963538817
"GCTATTGCACTTCATC-1","male","EN-fetal-late",1.43239831756265,0.0320479085726211,-0.517252274732472,0.915163295587233
"GCTCAACCAGCTTACA-1","male","EN-fetal-late",8.58150625060708,-7.16829403135353,-1.70312620041835,2.14315302880638
"GCTCAACCAGGATGGC-1","male","EN-fetal-late",3.12205409835488,13.4195899179263,-4.02291584847438,6.16021593125694
"GCTCACAAGGTTACGT-1","male","EN-fetal-late",3.78677034209878,0.586136262683339,0.892434827108501,1.76922555478447
"GCTCATTGTAATCGCA-1","male","EN-fetal-late",4.68831825088174,0.164761584071583,1.59051632048619,1.85669179471367
"GCTCATTGTCGTTACT-1","male","EN-fetal-late",7.20670175384194,0.405585121182866,5.58761786582005,2.91381772073143
"GCTCCTTAGCTCGCTT-1","male","EN-fetal-late",0.896356104122704,0.803823258547253,-1.09969032643306,0.58138807328575
"GCTCCTTAGGATCCGC-1","male","IN-fetal",2.40301394294412,-7.21162994596534,0.848897627611278,-6.57934896437294
"GCTCTGGCAAAGCGCA-1","male","EN-fetal-late",1.17733883689553,2.11751179006524,-1.57503522274959,0.863587754090956
"GCTCTGGCACCATATG-1","male","IN-fetal",-5.70223522354453,8.29067937639184,4.04049157263768,-4.9557184406913
"GCTCTGGCACGGTACT-1","male","EN-fetal-late",3.87188243697793,1.98297433164544,0.289200826604484,2.3469577601754
"GCTCTGTTCAGGATGA-1","male","EN-fetal-late",2.23216152022988,0.525919657020039,0.10683634044659,1.58802731545799
"GCTCTGTTCATTGTTC-1","male","EN-fetal-late",2.37961721252114,0.945676069526143,-0.0779185974406018,1.0067352822625
"GCTGACATCTGGCTTC-1","male","EN-fetal-late",2.25186014007241,-1.04810615274482,-2.50041962502468,1.38658960374229
"GCTGACCAGGTCTTGG-1","male","EN-fetal-late",0.422922609554833,-3.89146383497291,-0.688825257997395,1.89670296223991
"GCTGACCAGTCACCAG-1","male","IN-fetal",-4.45298075844138,7.46440164354271,4.45154856802952,-3.56018583265907
"GCTGAGGAGAGGAAGG-1","male","EN-fetal-late",7.46783208678872,-0.484678704472118,4.30988859297764,1.32391281636589
"GCTGAGGAGGCGCATC-1","male","EN-fetal-late",7.47677182983071,-1.39122613164955,3.99736618163121,1.91842980893486
"GCTGATCCAAGGTGCA-1","male","EN-fetal-late",-6.37269115616172,1.08154901471562,-3.67179346917141,-0.450701398531267
"GCTGCAATCAATCTCT-1","male","EN-fetal-late",-3.77686143089622,5.99837819841332,2.89401077391636,-2.5290359684623
"GCTGCAATCATTACGA-1","male","EN-fetal-late",0.929633854137963,1.84313754346795,-1.08401120541561,1.37346442254417
"GCTGCAATCGAGGAAC-1","male","EN-fetal-late",10.3894762976041,-7.58918197843605,1.90099608065617,6.68953283341759
"GCTGCACAGCGATAAG-1","male","EN-fetal-late",-0.841390969050819,2.25764016416497,-0.654371389131428,-2.16675917593605
"GCTGCACAGCTGTACG-1","male","EN-fetal-late",-2.13233113457053,2.44499735143609,-2.2196941458987,0.63631297858589
"GCTGCACAGGATTGAG-1","male","EN-fetal-late",1.01568126510293,1.00221089628167,0.737986198682903,0.834740953763655
"GCTGCATCAATGCCTA-1","male","EN-fetal-late",3.79159259627969,0.590158264903493,0.872051647920726,1.98345144303673
"GCTGCATCAGGTTACC-1","male","EN-fetal-late",6.1486721022001,-1.60634501668983,2.70319913985264,2.8012338450753
"GCTGGTTCAGTAAAGC-1","male","EN-fetal-late",4.78037357162148,-2.10337169858985,2.10566579463017,2.82769473107689
"GCTGTAAGTCTTGCAT-1","male","EN-fetal-late",-2.86898291279166,7.17940370347924,-1.94462061760891,0.929498987516096
"GCTGTACCACAGACTC-1","male","EN-fetal-late",-3.36111366916984,1.43003539350457,-2.60467577813137,0.441128270944288
"GCTGTACCACTCGCTC-1","male","IN-fetal",-5.52779293228477,7.92159120347924,3.82028626563084,-4.39976064650185
"GCTGTACCATCATGTG-1","male","EN-fetal-late",1.21700072120339,-0.0675531217771104,0.171892709155201,1.23680062802666
"GCTGTACCATTGTGGC-1","male","EN-fetal-late",2.66973876784951,1.73768655565209,-0.73866058228481,1.87632294209831
"GCTGTGATCACATTGA-1","male","EN-fetal-late",1.02438926528603,0.629624198941655,-1.19249130127895,0.828726129850081
"GCTGTGCAGTTGGCCA-1","male","EN-fetal-late",1.97440671752602,0.637007843522496,-0.247396775464894,1.31577880891197
"GCTTAACAGGGTCCAC-1","male","EN-fetal-late",3.81500387023599,0.326671402720875,1.64031111361515,1.89130862267845
"GCTTAGTAGTGTTGTA-1","male","EN-fetal-late",-4.69805431534141,1.42332641389794,-2.94396878121364,0.155943386500409
"GCTTATCGTATGGTGC-1","male","EN-fetal-late",-0.540278019202644,1.9804089477343,-1.55483210919368,0.113745574151805
"GCTTATCGTTTCCGGC-1","male","EN-fetal-late",-6.43351173569053,1.54710231330819,-4.53630400536525,-0.831990105787584
"GCTTATCGTTTCGCGC-1","male","EN-fetal-late",10.3248972875944,-7.23232086393409,1.99289344908726,6.78105600388878
"GCTTCGCGTCTTTATG-1","male","EN-fetal-late",3.21051502059609,0.504728834895558,-1.64653468964565,1.39764912637108
"GCTTGACCATCCCGCT-1","male","EN-fetal-late",5.80082845519692,0.0722264459413955,3.12889455916417,1.16611166509025
"GCTTGTTGTGCGCAAT-1","male","EN-fetal-late",-2.59103822876304,1.47238258626885,-3.32540965912807,0.147138362994126
"GCTTTATTCCTAAGGT-1","male","EN-fetal-late",3.1555604917875,2.15197889116234,-0.0258742654131665,2.22560651810997
"GCTTTATTCTAATCAG-1","male","EN-fetal-late",4.19434070418984,-0.368472773762279,-2.08867932198513,2.02957971604698
"GCTTTCATCAGTGAAG-1","male","EN-fetal-late",9.07606267760903,-6.97863825056129,1.53811442019474,1.54524608167045
"GCTTTGTGTCAGGAAG-1","male","IN-fetal",-3.86956834961265,6.53028051164574,3.22207020880711,-2.78064505545265
"GCTTTGTGTTATGTGG-1","male","EN-fetal-late",0.701762197720116,5.80871574190087,1.35061555268299,6.4796219638192
"GCTTTGTGTTTGTTGC-1","male","EN-fetal-late",3.4007506353727,-1.19332035276466,1.18979053856861,1.41434891732567
"GGAAACTCAATCTCTC-1","male","EN-fetal-late",-2.60965442825645,-1.60658438894325,-1.23443771241176,0.753415363153151
"GGAACAATCCAATTAG-1","male","EN-fetal-late",-3.3069651143679,2.53641657140679,-2.79546976922023,0.114811961782804
"GGAACAATCTTGATGA-1","male","EN-fetal-late",1.71357607673318,2.50183431413598,-1.28647638199794,0.928802745660475
"GGAACAATCTTGCAGG-1","male","EN-fetal-late",-7.18065214325278,0.824425474560029,-5.92275620339382,-1.79530398337013
"GGAACAATCTTTGAGA-1","male","EN-fetal-late",2.91826104949624,13.6166199853701,-4.06043148873317,6.34855134995811
"GGAACCACAATTATGC-1","male","EN-fetal-late",2.27593707870156,1.91414670255608,-0.805472024659993,2.06057794602745
"GGAACCACACAAAGCG-1","male","EN-fetal-late",7.38930558990151,-0.851121384831004,4.20049332739842,1.83976312192314
"GGAACCTGTCTAACAG-1","male","EN-fetal-late",-0.349226238025123,5.86756221559472,-0.457552262525441,7.72162826569908
"GGAACCTGTTCGCTTG-1","male","EN-fetal-late",2.03222012351663,-0.311958272190624,0.215818516035198,0.850972192605665
"GGAACCTGTTGTCCAT-1","male","EN-fetal-late",3.1655588133207,1.82318947818703,-0.346145459394337,1.93690367253654
"GGAACGGTCATCCTCA-1","male","EN-fetal-late",-0.64393377472251,5.82731048372216,-0.344453045110585,7.84309156449669
"GGAACGGTCCTGGTGA-1","male","IN-fetal",-4.3039715306887,7.42544357088036,4.34545802237523,-3.30133883444435
"GGAAGCTAGCGTGCAC-1","male","EN-fetal-late",0.32200586627633,1.66730580833382,-4.63095141289699,-3.50559060064919
"GGAAGTATCAACAAGG-1","male","EN-fetal-late",-3.16273021866172,2.42087392118401,-3.15956688759792,0.443767743428877
"GGAAGTATCCTTAATC-1","male","EN-fetal-late",1.80676030944497,0.930434312490887,-1.41919279931057,1.26511271508568
"GGAATCTTCCCTCTAA-1","male","EN-fetal-late",-7.6884861009249,1.87837831285424,-5.69362450478542,-1.95420758215553
"GGAATCTTCCTAGTTT-1","male","EN-fetal-late",7.68611669372231,-0.389526564808421,4.78105115057957,1.31590350182884
"GGAATCTTCGCCTAAG-1","male","EN-fetal-late",-0.500795306456977,5.0662712266726,-1.0668211066531,7.18167408021324
"GGACAGCCAACAGGTG-1","male","EN-fetal-late",3.9586291296354,-0.440081793995433,-4.63229561684597,-1.39045290438301
"GGACATAAGGATGATG-1","male","EN-fetal-late",0.540517686115807,0.193745296267934,0.076074234266399,0.357979597767523
"GGACCGAAGGTCGAGG-1","male","EN-fetal-late",2.73532152007729,13.8028163125796,-1.92525316117275,2.23399718316429
"GGACCGAAGTGCACGC-1","male","EN-fetal-late",-6.11049270798057,1.49943671729989,-3.98282433388698,0.245229626318148
"GGACCTCAGCTAATTG-1","male","EN-fetal-late",3.4325847608915,-6.49296053144508,0.0612370884610401,1.16509266408317
"GGACCTCAGCTCCTTA-1","male","EN-fetal-late",6.95788812469155,0.769827101199097,5.16462229849827,2.01847382100456
"GGACGAAGTAGCCTAA-1","male","EN-fetal-late",-4.92395043541282,1.57238374259896,-3.68431712029445,0.128085906675521
"GGACGAAGTGACATAT-1","male","EN-fetal-late",2.52974009345681,1.44662658479638,-0.240548201780201,1.87924893411033
"GGACGGATCAAACCTA-1","male","EN-fetal-late",3.7651910765043,0.563446830777592,-0.17271728156078,1.94082732709282
"GGACGGATCTAGCGTG-1","male","IN-fetal",2.38503146003396,-7.19309719297462,0.0413551545335041,-6.99564353911049
"GGACTAAAGGACGTAA-1","male","EN-fetal-late",7.83208417724282,-0.957908351154857,5.51795720221531,2.78675158532493
"GGAGCAAGTCTTTATG-1","male","EN-fetal-late",3.27401256393105,-1.09196527692848,1.15646933676731,1.5423808863961
"GGAGCAAGTTAGGCTA-1","male","EN-fetal-late",5.44124317001016,-2.83910878393226,2.50160383345616,2.62118752511375
"GGAGCGATCACCTGCT-1","male","EN-fetal-late",2.99013137649209,-2.58507831785255,-1.50504279969204,1.45423849137657
"GGAGCGATCCCATAGG-1","male","EN-fetal-late",5.06084346603066,-1.61352523061805,-2.14532519219387,1.3528022340142
"GGAGCGATCCGCATGA-1","male","IN-fetal",-4.99891114403098,7.4243034532351,3.4597971356107,-3.46465031592018
"GGAGCGATCCGGCTAA-1","male","EN-fetal-late",-7.05916452576011,0.640770967869229,-5.61176062462795,-2.40224973646767
"GGAGTCTGTAACTACG-1","male","EN-fetal-late",2.67726945708901,1.91115144994683,-0.487505503873707,2.11873240979545
"GGAGTCTGTATTTGGG-1","male","EN-fetal-late",7.33175039123208,-0.876168448658519,4.41835402609837,1.9535274079644
"GGAGTGAGTACAATGT-1","male","EN-fetal-late",0.659775732266015,0.104694466857381,0.167428991813778,0.575502561649016
"GGAGTGAGTAGTTAAC-1","male","EN-fetal-late",-0.52583474088996,5.84663526323266,-0.149924286584736,7.87625129731529
"GGATACTTCCGCCAAA-1","male","IN-fetal",3.77862834762246,-5.99496515485817,0.163776210565685,-4.61425106016762
"GGATACTTCGCTCCAT-1","male","EN-fetal-late",2.75004815887124,-3.89317329618507,0.0925151026440845,-5.26770011870033
"GGATATTGTCCCGAAG-1","male","EN-fetal-late",-4.85441303421348,1.36336992290444,-3.24679923890102,0.506036358197859
"GGATATTGTTTCCTCC-1","male","OPC",-13.8894543664584,-11.5390883276182,-6.13970518944728,3.60318620713585
"GGATGAATCAAGTGAG-1","male","OPC",-14.0993189828524,-11.4539242574888,-6.21875906823146,2.99053390534752
"GGATGAATCGGTTAGT-1","male","EN-fetal-late",7.11419153045327,1.03740611281819,5.38581418158543,2.27602322610252
"GGATGGCCACCGGTAT-1","male","EN-fetal-late",1.79099511932046,1.00108596291966,-1.48049522278774,2.0821483901345
"GGATGGCCAGAAACGT-1","male","EN-fetal-late",3.57643604110391,2.14404217508263,0.444354309756874,2.30034597428673
"GGATGGCCAGCTAATT-1","male","EN-fetal-late",8.83627080749184,-7.33939655515724,-1.6393992984103,2.24038703950279
"GGATGGCCATTCCTGT-1","male","EN-fetal-late",6.04563093017251,-0.782139975758128,2.67011832358372,1.48822172196739
"GGATGTAAGGTTAGCT-1","male","EN-fetal-late",-4.47400832344382,2.06838468816704,-3.23029971955288,-0.270794344822237
"GGATGTAAGTCGCAAT-1","male","EN-fetal-late",-0.293078662646705,1.27461294439263,-2.00322676537502,1.26626511128776
"GGATGTAAGTGAACGA-1","male","EN-fetal-late",7.67486524413735,-1.09368236753517,4.46534155966771,1.98147948296898
"GGATGTAAGTTAGTTG-1","male","EN-fetal-late",3.49250602553994,-0.443181354733043,-1.35150326130855,2.39259870560997
"GGATTATGTCATTGTC-1","male","EN-fetal-late",3.59552383254678,1.56661210563607,0.320979609210609,2.1922148040139
"GGATTCAGTGTGTGGT-1","male","EN-fetal-late",10.3332419378629,-7.29800422880226,1.34995018603337,6.41312511475914
"GGATTGCGTCACGAAC-1","male","EN-fetal-late",7.53885602782876,0.792306870041556,5.54075287940037,2.65049727471702
"GGATTGCGTGCTGTAA-1","male","EN-fetal-late",7.3385004980436,0.664091851381726,5.55595492484105,2.44373472245567
"GGATTTATCCGGGACT-1","male","IN-fetal",-6.57182645965903,8.38268224504418,4.32943843962681,-5.33565990416176
"GGATTTATCGTTAAGC-1","male","IN-fetal",2.58092975448281,-7.63831051084571,0.292935765404819,-7.38864271132118
"GGCAAATCACGCAACT-1","male","EN-fetal-late",7.81428575347573,-0.65191705915504,4.85228299262059,1.69046636136406
"GGCAAGCCATAACGGG-1","male","EN-fetal-late",6.11318397353799,-2.7735634634214,3.11434005858433,3.18753750832908
"GGCAATCGTCCAAGAC-1","male","EN-fetal-late",-5.91321230102866,1.31208242085404,-3.68142271874416,-0.519210083166429
"GGCAGGATCCTCATGC-1","male","EN-fetal-late",-0.42915904690116,5.06682149675316,-1.21991170285213,7.39558084519737
"GGCAGGATCTTGAGGT-1","male","EN-fetal-late",-7.13545656372398,1.04080292191929,-5.64711809990871,-1.40562705484993
"GGCATGGAGGTTACAC-1","male","EN-fetal-late",-1.7027767764458,2.73385957982964,-1.02683425782192,-2.44377390829689
"GGCATGGAGTAACAGG-1","male","EN-fetal-late",-6.21238374878257,1.62335715797371,-4.05547285912502,-0.149481249729463
"GGCATTAGTCGACTAA-1","male","EN-fetal-late",2.99205732177407,-2.58674915525489,-0.932622798662068,2.38412030251854
"GGCATTAGTGACCTGG-1","male","EN-fetal-late",2.43388509582192,1.78256682661004,-0.647071846704365,1.77909036191337
"GGCATTAGTTACGCGG-1","male","EN-fetal-late",5.29294252227456,-2.32013447973304,1.87556563975346,2.13882954629295
"GGCATTAGTTATTGCC-1","male","EN-fetal-late",9.88483381103188,-7.89839180204444,1.48873900534642,6.59043272050255
"GGCATTAGTTCCTGTG-1","male","EN-fetal-late",-0.797433020366126,-0.0167992303090623,-1.35926628945339,-0.926221651712725
"GGCATTAGTTGTCCAT-1","male","EN-fetal-late",1.88099002669961,2.0060403754992,-0.712453373651387,1.72932632478111
"GGCATTAGTTTGGGCG-1","male","IN-CGE",-5.56841516662925,6.33026687410302,1.39316009642613,6.15321929963463
"GGCATTGTCGTCAAGT-1","male","EN-fetal-late",0.211620448338097,0.999741222528882,-1.67573166726101,0.546953695138624
"GGCATTGTCTATTGTC-1","male","EN-fetal-late",2.54801702331216,0.7586336096806,0.4719515210582,1.39823217900627
"GGCCAACTCAATGTGC-1","male","EN-fetal-late",-7.65814972092002,2.29459873941369,-5.23563528893459,-3.59227005926735
"GGCCAACTCCCATAAA-1","male","EN-fetal-late",3.92030286620767,0.975388523010678,0.798560730238079,1.79554362805717
"GGCCAACTCCCGCAAA-1","male","EN-fetal-late",1.08898186515481,-0.00135429594092873,-0.53418732521999,0.485261278470686
"GGCCGTTAGACTTACA-1","male","EN-fetal-late",-0.699233295215064,5.89573709276146,-0.994075306634785,7.49023731263511
"GGCCGTTAGAGGGACT-1","male","EN-fetal-late",-4.11839294601768,4.77665869501061,2.36593424441349,-3.19032113043434
"GGCCGTTAGTTCCCGT-1","male","IN-fetal",-1.0584752278456,-6.52394397947364,-5.35265684960353,3.6330791285836
"GGCCTCTGTCAAAGAA-1","male","EN-fetal-late",-4.51391172577232,2.46321801450676,-3.18548632500637,0.246436992903879
"GGCCTCTGTGGATTAT-1","male","EN-fetal-late",-3.76523256470054,1.44829414394326,-3.442812451105,0.219369294365576
"GGCCTTAAGGGCCATC-1","male","EN-fetal-late",-0.656485678447181,5.21635667589135,-0.424903162698628,7.46288354905479
"GGCCTTCGTTATCCGT-1","male","EN-fetal-late",-2.5004179494509,-2.05916722509437,1.7338826573087,2.3302021792733
"GGCGATACAATGCCCG-1","male","EN-fetal-late",3.96239042113931,1.97781042364068,0.366800974179624,2.6583169272744
"GGCGATACAGGATAAC-1","male","EN-fetal-late",-5.31632352043479,1.88729743268914,-3.80371762154567,0.353229360898665
"GGCGGTAAGCCGGTAC-1","male","IN-fetal",-3.75929570366233,6.66959087160058,4.30587624670994,-2.60776750532753
"GGCGGTAAGGCTAATC-1","male","EN-fetal-late",3.98442172835976,-14.5272427389341,-1.59382379887569,2.48194296868675
"GGCGGTAAGTGAGCGG-1","male","EN-fetal-late",0.801865576016015,1.79182712343163,-1.39855659840572,0.739333348592451
"GGCGGTTTCCTGATGG-1","male","EN-fetal-late",1.99321436713845,0.642600055603451,-2.24777007935512,1.59193535359733
"GGCGTTATCCGCAAGC-1","male","EN-fetal-late",-7.56188154388755,0.918381068674988,-5.10166455147731,-1.32365397898323
"GGCGTTATCGAGCAAA-1","male","IN-fetal",3.39729833434731,-6.48117550108009,0.372396006305336,-6.09117595640785
"GGCGTTATCGTTACAA-1","male","EN-fetal-late",-0.0883588807710944,6.28593341615624,0.30331687541735,7.74780948670738
"GGCTAGACACCTCAGG-1","male","EN-fetal-late",1.04591822456033,1.94639329221673,-1.07589007256496,1.31753452332847
"GGCTAGACAGTACCGT-1","male","EN-fetal-late",0.0434313995710076,6.04449788835473,-0.0899424040125622,7.58915241273277
"GGCTAGTGTACCGTTT-1","male","EN-fetal-late",5.94868945907266,-1.18994291517311,3.45523904921543,2.87837918313377
"GGCTAGTGTGGGTACT-1","male","IN-fetal",-4.31815123726218,6.61612026002831,3.15287636878025,-2.69967858282692
"GGCTATGTCATGCTAA-1","male","EN-fetal-late",0.316563604580468,-3.96833570692115,-0.628192671518208,1.82833738835686
"GGCTATGTCTAAGGTC-1","male","IN-fetal",-5.54903316665977,6.59190360811181,3.50324129225743,-4.65312950102455
"GGCTATTAGCTGCACA-1","male","EN-fetal-late",-4.95363164116233,1.52148030307717,-3.16261816857326,-0.0229221561349123
"GGCTCAATCAGAAACG-1","male","EN-fetal-late",3.42274713348061,2.28950945642418,-0.00637544033992427,2.39609106095665
"GGCTCAATCTCCATGC-1","male","EN-fetal-late",-3.95179200340598,-1.57534678670936,-0.769164451341511,6.65857608826988
"GGCTCAATCTGTGCCT-1","male","EN-fetal-late",4.63381957839639,-2.55982049200111,2.93729209067356,3.06278784783714
"GGCTCACAGGCTTAAC-1","male","EN-fetal-late",1.58441471885354,0.90005406346745,-0.328229376058461,1.64340432198875
"GGCTCACAGTTGTCCC-1","male","EN-fetal-late",-1.45132327667042,0.858306310890383,-2.16103578446376,-0.384765906015703
"GGCTGAGAGCGGATAA-1","male","EN-fetal-late",3.51954364608437,-5.92005212995582,-0.0188252711104168,-4.38204471556313
"GGCTGAGAGCTTACTT-1","male","EN-fetal-late",-7.36966419388145,2.46741203573174,-5.63508177636135,-1.4352939554847
"GGCTGAGAGGACAACA-1","male","EN-fetal-late",1.93325638602883,2.35460023191399,-1.05160618660915,1.44252677472465
"GGCTGAGAGGCAATAG-1","male","EN-fetal-late",-0.66031778026908,5.04185430314965,-0.953104861955525,7.23667963059776
"GGCTGGTTCCTGCGAA-1","male","EN-fetal-late",-5.98283100296348,1.77899483945794,-4.05465651391018,-0.18760446993477
"GGCTGGTTCGGGATTT-1","male","EN-fetal-late",2.74820661376626,-2.51849945280128,-0.861588367204548,1.09059222253197
"GGCTTAAGTTAAGCTG-1","male","EN-fetal-late",5.46825694869668,-1.6005099603849,-2.24511314270961,1.51775856526726
"GGGAGTAGTAGGTTGC-1","male","EN-fetal-late",3.80854224990517,1.99628214147515,0.236509299893497,2.35527380021446
"GGGATAATCTCACTAT-1","male","EN-fetal-late",-0.666759373439246,5.19913236406273,-0.937589653711201,7.27873046906822
"GGGATTAAGCAACATC-1","male","EN-fetal-late",6.70084523986489,-2.17127783987098,3.76282071234715,1.70784147294395
"GGGATTAAGCTGAGGG-1","male","EN-fetal-late",-5.04740357567161,1.74856952932305,-3.82412529824245,0.294291453679732
"GGGATTAAGTCATTTC-1","male","EN-fetal-late",-0.12407100368827,1.62720606830544,-1.20640397904384,-0.515330595651934
"GGGATTAAGTTATCTC-1","male","EN-fetal-late",-1.68972456623405,-6.1361327955442,-0.191254326085926,-1.00080339399941
"GGGCAATAGCGAAGTA-1","male","EN-fetal-late",-6.7709417359957,2.06096486356682,-4.6991338813113,-0.872986716905901
"GGGCAATAGGGCCATC-1","male","EN-fetal-late",6.39898204635293,-1.92547519895607,3.78664015891087,2.09298654111259
"GGGCATGAGCCTTAAA-1","male","IN-fetal",10.1115994436613,-7.06486185285621,3.78451871039402,-5.19916288344032
"GGGCATGAGGAGCACG-1","male","EN-fetal-late",5.06385993789346,-2.78783639165931,2.69089650275242,2.93516142876976
"GGGCATGAGGCAATAG-1","male","EN-fetal-late",4.16476583312661,-2.14973576757484,1.71385120512974,2.51908762963646
"GGGCGAATCCTTGAGG-1","male","EN-fetal-late",0.579590795742577,1.77928511407799,-5.40409756539333,-1.96453182188637
"GGGCTAACACAAACTT-1","male","IN-fetal",3.27417898009927,-7.38966568204933,0.821273616571544,-6.86609498945839
"GGGCTAACAGCAACAG-1","male","EN-fetal-late",9.52800321410806,-7.99724968168312,1.27024625899327,6.71878679307335
"GGGCTAACATAATCCG-1","male","EN-fetal-late",1.87069892715127,0.449067365197606,-4.93048668740261,-1.40665440050728
"GGGTATTTCTCACTAT-1","male","EN-fetal-late",5.51218843291909,-0.552526671619945,5.05146597983372,-4.11148063627846
"GGGTCAACAAAGCGCA-1","male","EN-fetal-late",1.2907824499479,1.46511976030297,-1.26479125855434,0.85443790467613
"GGGTCAACACATTAAC-1","male","IN-CGE",-0.0616558807024299,-4.48400314542823,-2.17935872910488,1.7055843642556
"GGGTCAACAGCTCAAC-1","male","EN-fetal-late",-2.11604207922309,1.72716728952355,-2.09423161385524,0.04355826439493
"GGGTCAACATTAAACC-1","male","IN-fetal",3.17947292159707,-7.37039955350929,-0.00850052474010127,-7.18965141264565
"GGGTGAAGTAGTTAAC-1","male","EN-fetal-late",6.06967353652627,-2.18276150915199,2.06072687270176,1.76480372460716
"GGGTGAAGTATACTGG-1","male","IN-fetal",-3.26422381569236,7.38810292985863,4.99233006598484,-3.2415079304374
"GGGTGAAGTCGTTACT-1","male","EN-fetal-late",-1.48598864470213,2.29733387735314,-2.1196923339175,0.0539955592357427
"GGGTGTTGTGTGCAAC-1","male","IN-fetal",-5.57844495941489,6.28914348390526,1.63898252608311,6.15148742707603
"GGGTGTTGTTGCACGG-1","male","EN-fetal-late",0.599405525433129,1.48877553251214,-1.05923748848903,1.23985715421074
"GGGTGTTGTTGCCTCA-1","male","IN-fetal",-4.30662369896262,7.35036174562401,4.44900368811619,-2.86923686949379
"GGGTTACGTAACGGGA-1","male","EN-fetal-late",1.20705270599038,1.43790272977776,-1.12995351193416,1.34103770764702
"GGGTTATTCATAAGCC-1","male","EN-fetal-late",5.47759866546304,-1.03608735296302,-0.705428727846028,1.22057207139366
"GGGTTTCCAAACGGGC-1","male","EN-fetal-late",-7.42646694351524,1.24395738151497,-5.74824095604885,-1.85382143942482
"GGGTTTCCAATTAACC-1","male","EN-fetal-late",-5.31264114548057,2.03418866899437,-3.85549641488063,-0.695389671007463
"GGGTTTGTCACTAGGT-1","male","IN-fetal",-6.07174825836509,8.48230830934472,3.96085166098606,-4.79912940947182
"GGTAAACCATGAGTTT-1","male","EN-fetal-late",-3.70649075676292,-1.90894087049537,-1.18678022263515,5.1366134456002
"GGTAACCGTACTAAAC-1","male","EN-fetal-late",-4.17896866966575,7.97828380372948,-3.90780163643825,-0.325439525524446
"GGTAACCGTGGAAACG-1","male","VSMC",3.93406057189614,-14.5796938726621,-3.30785013077724,2.5410290530526
"GGTAACCGTGTGAGAG-1","male","IN-fetal",-0.727217258704597,-9.28974540922218,3.36214374663365,-6.12369625059731
"GGTAACCGTTCCGGCT-1","male","EN-fetal-late",2.98513841460854,0.0337678602022597,0.70253022672665,0.708999293168715
"GGTAACCGTTGCAATG-1","male","EN-fetal-late",1.5325136167875,1.68768421915001,-0.960966595392109,0.748060899099043
"GGTAACTTCATAACGC-1","male","EN-fetal-late",6.94638967345864,1.04638750460572,5.59511899115574,2.51028163941734
"GGTAACTTCCAGGGAG-1","male","EN-fetal-late",-1.57315121759265,1.97326282766289,-2.68478847382534,0.157099399959376
"GGTAAGGGTAGCCTCC-1","male","IN-fetal",-5.34902525116294,8.15429202821679,4.55406378867161,-4.51712409941323
"GGTAAGGGTGTCCAAA-1","male","EN-fetal-late",2.75321912597329,2.67228440549798,0.026268473882793,2.51954277070396
"GGTAATTGTCACAGCG-1","male","EN-fetal-late",4.65139961074502,0.155837934283681,-0.665670999269368,2.12288733037346
"GGTAATTGTGACATGC-1","male","VSMC",3.94610547851235,-14.5663557836729,-3.40579939721096,3.35474665673607
"GGTACAAAGCCTGTTC-1","male","IN-fetal",-6.17527151275962,8.28911153581566,3.86589001776707,-5.12759057966835
"GGTACAAAGGTTTACA-1","male","EN-fetal-late",-0.516640187991553,5.93859760072655,-0.758973964433552,7.8566537669503
"GGTACTTAGGCGCACT-1","male","IN-fetal",-6.89832067657798,8.13721839693017,4.19232796790135,-5.89871684996254
"GGTAGGAGTAATCGTG-1","male","EN-fetal-late",-2.94260645080894,1.95006434228844,-2.92931819794643,0.399688707908323
"GGTATTGGTACTGAAT-1","male","EN-fetal-late",1.19993972610146,0.116728167800374,-0.307637878637196,0.389417754729918
"GGTATTGGTAGGATCC-1","male","IN-fetal",-4.10395860840171,6.89667741563744,3.58651398779881,-2.90362517325051
"GGTATTGGTGTTGCAA-1","male","IN-fetal",-3.38229358364432,7.04226199891991,4.52659224631321,-2.68504731146462
"GGTATTTCAATAACGA-1","male","EN-fetal-late",-4.61875581909507,1.14807621744103,-3.39783740876186,-0.0412440725959032
"GGTATTTCACGTAAGG-1","male","EN-fetal-late",-8.12395334411948,2.02779809740014,-5.32503081200588,-1.53962830988533
"GGTATTTCACTAAGCC-1","male","EN-fetal-late",6.57331514190347,-0.171662766666942,3.66947721602452,1.16544254334801
"GGTATTTCACTCGCTC-1","male","EN-fetal-late",-3.01789736915916,1.11755890753693,-2.58531261322963,0.0304240605437071
"GGTCAATTCTTGCAAA-1","male","EN-fetal-late",-4.19453811813682,-2.27305896970802,-3.66898680565822,6.35690029176109
"GGTCATTAGGAGGCAT-1","male","EN-fetal-late",-5.67534923721641,1.50124309566445,-3.79559756157863,0.092449208965233
"GGTCATTAGGTTTGCG-1","male","EN-fetal-late",-1.80023446847289,0.796319026319451,-1.31664050457943,-0.769219619909593
"GGTCCATCACGTAATT-1","male","IN-fetal",2.76316451858193,-7.74005706998878,0.268955043573497,-7.11275140730507
"GGTCCATCATGTTTGG-1","male","EN-fetal-late",0.646583317028588,-3.92095716688209,-0.264580019693257,0.313848318775824
"GGTCCGTAGACAGGCG-1","male","IN-fetal",-4.2130918519625,6.64541665819115,0.832159272451519,-5.77791492430336
"GGTCCGTAGCTGTAAC-1","male","EN-fetal-late",5.83136510680825,-2.28399260732704,3.27138828398716,2.39889033349388
"GGTCTTGAGTCGCAAT-1","male","EN-fetal-late",-2.80253756214469,5.63396732118554,-1.8954229438113,1.19122071774833
"GGTGAGCCATTAAGTC-1","male","EN-fetal-late",-6.59684848953574,1.92275897767968,-4.67874337075222,-1.22093562571175
"GGTGAGGTCCGCCTAT-1","male","EN-fetal-late",2.75425386260659,13.7804402520937,-0.308107086400868,0.886117236932448
"GGTGAGGTCTGGCAAT-1","male","EN-fetal-late",7.96938562225015,-0.587640006275707,-1.89482141373623,1.45884974511497
"GGTGAGTAGCTTAGTA-1","male","EN-fetal-late",-1.4597970848491,0.668764617113538,-1.28667724965084,-0.0892378368771761
"GGTGAGTAGGCGAAAC-1","male","EN-fetal-late",-0.648094834578925,5.46929303911156,-0.685266979913594,8.24481781037681
"GGTGCTGGTAAACAAG-1","male","EN-fetal-late",-2.87422657181113,-1.76695044729286,-0.771711357812764,1.30753119500511
"GGTGCTTCAATAGTCT-1","male","EN-fetal-late",-5.4539959447512,1.21927265432305,-3.68940497277248,-0.0406543591416567
"GGTGCTTCACCGGTAT-1","male","EN-fetal-late",7.61892080138833,0.394010882644124,5.46534299017918,2.71841724427574
"GGTGCTTCACTAAGCC-1","male","EN-fetal-late",-2.47963607479423,-2.06302364561134,1.65421663882267,2.56878359826439
"GGTGTGACATAATCCG-1","male","EN-fetal-late",-6.53338289429038,1.24222428706116,-4.62875414727199,-1.11346392122872
"GGTGTGACATGGCCTG-1","male","EN-fetal-late",5.92413854430825,-0.622591335506969,3.9292430794431,-5.7269381710685
"GGTGTTGTCTTTGACT-1","male","EN-fetal-late",4.34657335113198,-1.46143205854469,1.80069076182377,2.48614438088768
"GGTTAATGTAACAGGG-1","male","EN-fetal-late",-1.20617947150558,1.15189595129914,-2.32988119957912,0.680828290303877
"GGTTAATGTGAATCGC-1","male","IN-fetal",-6.57924843002647,8.21816341188378,3.89950966002476,-5.54114238707192
"GGTTAATGTGATGATT-1","male","EN-fetal-late",2.60905027221352,0.140987079410023,-1.74089623330104,2.43702204736107
"GGTTACCCAAGGAATC-1","male","EN-fetal-late",4.17785787414224,1.01797510292954,0.29450758459103,2.27606184991234
"GGTTACCCATTCCTGT-1","male","EN-fetal-late",-2.8213157670626,5.34126178529686,0.0161090707970844,-1.56813935724861
"GGTTACTAGCCGCAAC-1","male","EN-fetal-late",-2.65178597141593,0.779986977396674,-1.59504247544277,-0.946973843256304
"GGTTAGCGTTACCGGG-1","male","EN-fetal-late",6.50887155364663,1.14847276714272,3.31955408217442,1.44767709287041
"GGTTATATCCCGAACA-1","male","EN-fetal-late",-6.50111818481773,1.46944383886284,-5.45645428536403,-1.35898713556893
"GGTTATATCGTACCGA-1","male","EN-fetal-late",5.09473562072427,1.31939138081498,3.17844008566868,1.60148675950401
"GGTTATGGTAATCCCT-1","male","EN-fetal-late",3.73072671722085,-5.10761793348365,0.343071117122291,-4.59369413344032
"GGTTATGGTCGACTAA-1","male","EN-fetal-late",-3.72668600250571,6.08917514589257,3.86353778006565,-2.22034041372902
"GGTTATGGTGATTTGG-1","male","EN-fetal-late",-7.39981508423179,1.79590378311104,-5.28981066582668,-1.28289334265358
"GGTTATGGTGGGAACA-1","male","IN-fetal",-5.36504960228294,7.98905793931908,4.26156472327244,-4.97002212492592
"GGTTATGGTTATTGCC-1","male","EN-fetal-late",2.44645166228921,0.802705135015912,-2.7098920428561,0.491588877757719
"GGTTCCCGTCGCGCAA-1","male","EN-fetal-late",6.41573285888345,-1.71275623533302,3.61512564780247,2.32811363252037
"GGTTCCCGTTGGTTAG-1","male","EN-fetal-late",10.2795519811979,-7.74911792966896,1.42631994845402,6.68328578980797
"GGTTCTTGTGCGCGTA-1","male","IN-fetal",0.73968529533059,5.56036607530541,4.47652863623631,-3.19836298910744
"GGTTCTTGTTAACACG-1","male","EN-fetal-late",-2.80044603515952,5.4148606469912,-1.59409106610286,2.23835332902305
"GGTTGACGTAATGGAA-1","male","IN-fetal",2.9709057791105,-7.66215618345314,0.410785066020309,-7.19717113463051
"GGTTGACGTAGGTTTG-1","male","RG",-5.33297538925498,13.4108895471377,-5.13548708794582,3.6105964949929
"GGTTGACGTGCCGCAA-1","male","EN-fetal-late",-7.99077463318198,1.30516479518837,-5.74864006875026,-1.5423279234565
"GGTTGCATCACCTGCT-1","male","EN-fetal-late",5.20023679565102,0.907920952705807,2.69614934088719,1.51482470544212
"GGTTGCTCAATCCTAG-1","male","Astrocytes",-0.180769087565833,-4.56667240354591,-5.10096121666896,3.45225604089134
"GGTTGCTCAATTAGGA-1","male","IN-fetal",2.87697076629311,-5.70578726026588,0.329041837771057,-6.15281192747719
"GGTTGCTCACAGGGAC-1","male","IN-fetal",-6.27154398132651,8.33725492265648,4.00441216589939,-4.72415344206459
"GGTTGGTGTATTTGGG-1","male","EN-fetal-late",1.22600769828469,0.930536132125325,0.19916992547047,1.0630501678788
"GGTTGGTGTGGACATC-1","male","EN-fetal-late",1.12666034530312,1.06715692189164,-1.83729887841213,2.09090717347496
"GGTTTAATCCTGAATA-1","male","EN-fetal-late",-3.04444003273337,2.01279942300744,-2.55433154938686,0.249206455668142
"GGTTTAATCTTACTCG-1","male","Endothelial",-17.9033532159457,0.973309632210202,-3.5784223162936,3.16659124406212
"GGTTTCCTCATTACGA-1","male","EN-fetal-late",10.3827748281828,-7.59786041471534,1.77125691535008,6.83754022630089
"GGTTTCTGTTAACGAT-1","male","EN-fetal-late",3.02411794494302,-2.26520713064247,4.65329407813084,2.67206318887108
"GTAAAGCCACAACAAA-1","male","EN-fetal-late",0.873759268032616,-3.83664091321998,-1.37422824738491,0.208593147119215
"GTAAAGCCACAATGTT-1","male","EN-fetal-late",7.32914876769692,-1.4205406496244,5.50656222464573,2.64152606042259
"GTAAAGCCAGCATGTC-1","male","EN-fetal-late",-2.96127140690177,1.04348937776513,-2.87389756081569,0.214890877028635
"GTAAGCAAGCAGGTTT-1","male","EN-fetal-late",2.4853203279844,2.31390766408867,0.00639250041973455,2.02213688405388
"GTAAGCAAGCGCATTG-1","male","EN-fetal-late",0.0023763162961663,6.13515369203515,-0.202370949964405,7.80455549271934
"GTAAGCAAGGTCAAAG-1","male","EN-fetal-late",-5.89873933960288,1.84893862512536,-2.69320393441188,0.80087973388069
"GTAAGCGCATAATCGT-1","male","EN-fetal-late",-1.21015393902152,2.46370271947808,-2.06957078812587,0.304527076204947
"GTAAGCGCATCTTGAG-1","male","EN-fetal-late",-7.6795544641146,2.1442969253344,-5.33037043450344,-1.21655599562294
"GTAAGCGCATGTCGCG-1","male","EN-fetal-late",-4.94965434242576,1.18695906904168,-3.18041087029445,-0.368078542629549
"GTAAGCTTCAAACCGT-1","male","EN-fetal-late",-7.28179073501914,1.11780260112709,-4.70531464455593,-1.0166976877845
"GTACAATGTAATAGCT-1","male","EN-fetal-late",4.20995902846963,-0.964655716152721,1.23364882828724,1.61545820744865
"GTACAATGTGCTTACT-1","male","EN-fetal-late",6.37144088576943,-2.02754743787818,3.96088790061009,2.85940416367882
"GTACAATGTTTCGCCA-1","male","EN-fetal-late",5.73078632186562,-2.71209843847328,2.49347566725743,2.60034616502159
"GTACACCCAACCTAAT-1","male","EN-fetal-late",-4.04938435722678,-2.68858512136512,-1.49532998440731,4.9650955966317
"GTACACCCAATAACGA-1","male","EN-fetal-late",1.2950446588865,0.715149398712582,-1.2659999215411,1.3992528489434
"GTACACCCACAGAACG-1","male","IN-fetal",-3.23508858848899,8.37811462190575,5.39203309180272,-3.60632101980812
"GTACCGGGTTAGGTTG-1","male","EN-fetal-late",5.02710532973916,-1.45444639417701,4.09878372313511,1.70091445954674
"GTACCTTGTGTGAGGA-1","male","EN-fetal-late",-3.08659982849448,2.2734256198687,-3.11184049485195,0.418672697862318
"GTACTAATCATTTGCT-1","male","EN-fetal-late",0.499711273418969,1.30984671023316,-1.03830934403408,1.26884682687156
"GTACTAGGTTCCGGGA-1","male","IN-fetal",-4.92843628097861,8.88234416749901,-0.846228965501667,-4.86074153868324
"GTACTGGTCACTTCAT-1","male","IN-fetal",2.96642160247475,-6.86697157117897,0.709103784580349,-6.50431720701821
"GTACTGGTCCCAGTAG-1","male","EN-fetal-late",4.84109306167275,-3.09375055524879,2.26247417094242,2.05943007977836
"GTACTGGTCTAGCTTT-1","male","IN-fetal",3.29120445083291,-6.49337061140113,0.267194426674961,-6.6614069172538
"GTACTTAAGTTGGCCA-1","male","EN-fetal-late",-3.15768575836509,-1.62045272085243,-1.58875180123317,2.46854646714561
"GTAGCCATCACTAGGT-1","male","EN-fetal-late",-3.87588763405173,2.08732573297448,-2.47968698380458,1.01064338000648
"GTAGCCATCGATATTG-1","male","EN-fetal-late",0.1356470568052,5.84755460527367,-0.508063622693898,7.80297048600548
"GTAGCCATCTAGCGAT-1","male","EN-fetal-late",-1.24143847991317,-6.41346653196388,-4.97136736748684,3.36858161004417
"GTAGCCATCTTGGATA-1","male","EN-fetal-late",4.65593719314248,-2.33654816839271,2.02059291960728,2.47128041299217
"GTAGCGCTCCTGATTT-1","male","EN-fetal-late",6.17072295974404,-2.29645307752662,3.48560237051976,1.86741920026176
"GTAGCTGTCGTCATTT-1","male","EN-fetal-late",1.16503047774941,1.20295185950226,-1.3351829135226,0.79902334721916
"GTAGGAGGTAAGGTCC-1","male","EN-fetal-late",0.697660682903832,-0.12048919889503,-1.39725602505672,1.23868032010429
"GTAGGAGGTGGGAACA-1","male","IN-fetal",2.93827390502602,-6.45922859403663,-0.636837609987141,-6.03984586683876
"GTAGGATCAGGTTTGC-1","male","EN-fetal-late",-2.01396209169715,2.62145809438652,-1.49555457470882,0.767587380727461
"GTAGGCGAGCAAACCT-1","male","EN-fetal-late",6.21458387206704,-1.46121819707923,3.27399825217259,2.28766639741295
"GTAGGCGAGCGAGCGA-1","male","EN-fetal-late",4.68822717498452,1.73428229597039,0.274675062914013,2.62584574731224
"GTAGGTGCAAGGTCGA-1","male","EN-fetal-late",7.62417745422036,-1.15190489980751,4.3047141945554,2.17366416962974
"GTAGGTGCACTGGCTG-1","male","IN-fetal",1.65031289886147,-8.38359840604835,-0.495864638070942,-6.35946742979653
"GTAGGTGCATGTTGCA-1","male","EN-fetal-late",-0.579675914538795,2.28238145616478,-1.36542225716579,1.2161633542382
"GTATGTGGTCCTTAGT-1","male","EN-fetal-late",10.5937991125456,-7.47188480588966,1.86655782820713,6.85160501511925
"GTATGTGGTGAGCGAA-1","male","IN-fetal",-3.90206360985129,6.73830882814354,4.1704585468961,-2.43689147917397
"GTATGTTCACCTACGG-1","male","EN-fetal-late",2.81802701781899,13.7224854638857,-4.16723872063625,5.99053438218468
"GTATTGATCATGCGTG-1","male","EN-fetal-late",1.53169989417703,0.11553375032372,0.359441435952304,0.805837171395949
"GTATTGATCCAGGTCA-1","male","EN-fetal-late",-0.707232178939277,5.34949676301903,-0.338004955034138,7.80400760682457
"GTATTGTCACTTACAG-1","male","EN-fetal-late",5.19593715499551,-1.85810263845497,2.19861733080876,2.46945460351341
"GTCAAACTCTAATCCT-1","male","EN-fetal-late",-2.64012432266563,-1.88188107702308,4.46136139990818,2.41156013520592
"GTCAAACTCTTGCAGG-1","male","EN-fetal-late",-4.507558585895,5.81702319887108,2.84516333701146,-2.84406368223793
"GTCAATATCACAGGAA-1","male","EN-fetal-late",-6.87187194992393,1.49857626464791,-5.24778939126003,-1.27995984045632
"GTCAATATCCGTTATT-1","male","EN-fetal-late",-0.535188020957404,5.67665759828515,-1.35249269841182,6.94355829270714
"GTCAATATCGTGCTTC-1","male","EN-fetal-late",0.246108172642297,-0.512321908207469,-0.978246935586812,-0.685255748907396
"GTCAGGCTCATTGCAA-1","male","EN-fetal-late",-4.52017784286826,1.60871491935677,-3.26175094483364,-0.338909400383303
"GTCATCACATCCTAGA-1","male","EN-fetal-late",7.17196798156411,-0.536360699863963,5.45799969794285,2.81868775399559
"GTCATGAGTCAAGTGC-1","male","EN-fetal-late",9.63439702819497,-7.62155063840919,-1.46197188733089,1.00502182753914
"GTCATGAGTCTCAGCC-1","male","EN-fetal-late",0.0591284019818963,6.22033826616234,-0.418264695386769,7.98106487305992
"GTCATGAGTTCTTTAG-1","male","EN-fetal-late",-6.008220197452,-3.79571254941993,-0.556273111085774,7.79129703553551
"GTCATGAGTTTATCGC-1","male","EN-fetal-late",0.00236999820382011,-4.50523098203712,-1.39977324841488,-4.64372531859047
"GTCATGAGTTTCAGGA-1","male","EN-fetal-late",-5.02271962334006,7.69593135621972,2.99358152510655,-4.56162683455116
"GTCATGCCACATAACT-1","male","EN-fetal-late",7.25629281829507,-0.490112025471263,3.8989148056699,1.76972075017326
"GTCATGCCATGCTTAG-1","male","IN-fetal",-1.00486999918311,-8.77626617643409,3.70832752348912,-6.4240383335746
"GTCATTAAGCAGCTCA-1","male","EN-fetal-late",-7.49908971954673,1.19917057064003,-5.30601168511379,-3.46900884596474
"GTCCAAGTCAGCTAAC-1","male","EN-fetal-late",-5.9761099832186,1.60690579917855,-4.3927955710696,-0.601036650816271
"GTCCAAGTCATTGTCT-1","male","EN-fetal-late",2.73994207214028,-3.68825014326149,-2.29071045754421,0.473712640126875
"GTCCAGGGTAGCTAGC-1","male","EN-fetal-late",-2.00644207168906,1.70313302782006,-3.31127692101467,0.409213261922529
"GTCCAGGGTCGACTCC-1","male","EN-fetal-late",2.54660034011514,-0.781907040806346,-0.13393200276363,1.31517560990684
"GTCCAGGGTTACAAAC-1","male","EN-fetal-late",6.02992915939004,-2.56142481061988,2.56942438246739,2.57137163194053
"GTCCATTGTAACGGGA-1","male","EN-fetal-late",-2.385113419784,-1.60437949392372,-1.32078398106563,2.05728526624077
"GTCCATTGTAGCCATA-1","male","EN-fetal-late",6.529302118527,-1.80624802801185,2.63831233145726,2.5059240630471
"GTCCATTGTTTACCGT-1","male","EN-fetal-late",-6.95118045975059,1.32013596203751,-4.63653326867092,-1.00588421312935
"GTCCTAGAGGACCTCA-1","male","IN-fetal",3.19675922225625,-7.32248314115577,-0.135040053110005,-6.93727819410927
"GTCCTAGAGGATTTGC-1","male","IN-fetal",-0.142257572902137,-8.91858394834571,3.02178024413121,-5.38086645094521
"GTCCTAGAGTCTATGA-1","male","EN-fetal-late",-7.57970476318687,1.39166466501183,-5.29419661400783,-1.29178397146828
"GTCCTCCCAGGCTACT-1","male","EN-fetal-late",7.53287076781899,-0.852493364544444,4.13189100386631,1.77468832047813
"GTCCTCCCATGAAGTA-1","male","EN-fetal-late",-0.298237325442725,5.24205343034691,-0.748095759134175,6.77800663026207
"GTCGAAGCAAATATCC-1","male","EN-fetal-late",-4.4825956838259,1.55924002435631,-3.34096146462429,-0.425454659143755
"GTCGAAGCAAGCGATG-1","male","EN-fetal-late",1.40704607795388,2.19359461572594,-0.89022923348415,1.76384504350059
"GTCGAGGAGGCCTTAG-1","male","EN-fetal-late",-4.55729150940269,2.32732931878991,-4.00096369622219,0.277518900355032
"GTCGCAATCCAAATCA-1","male","EN-fetal-late",-7.79908943344443,1.04713798668808,-5.4719667517947,-1.73752371756203
"GTCGGTTCAAAGCGCA-1","male","EN-fetal-late",5.45421361755044,-1.60821159574562,0.321318215746997,-7.31443159071572
"GTCGGTTCACCTACTT-1","male","IN-fetal",-6.71835565735191,8.2643331697268,3.71243142249119,-5.17622415510781
"GTCTAATCACAGGAAT-1","male","EN-fetal-late",-7.76662731338828,1.23094014432854,-5.76212406990993,-1.79569773165352
"GTCTAGCCATTATGAC-1","male","IN-fetal",2.314538238751,-7.77981765958839,0.175064331908344,-7.21593515364296
"GTCTATGCACATTAAC-1","male","EN-fetal-late",-7.75945902038901,1.99137584474511,-5.650331982355,-2.61602346388466
"GTCTCACTCTCACTCA-1","male","EN-fetal-late",0.274359939800805,1.16096515562958,-0.7789781176852,0.120489971955946
"GTGAATCTCCTACCTA-1","male","EN-fetal-late",3.00446271728188,1.44029353168435,-0.593133994321705,1.75962300809257
"GTGAGCGAGCATGGTT-1","male","EN-fetal-late",7.3079476339689,0.383969198731847,4.56305169226658,1.3536636403405
"GTGAGCGAGTCACCTC-1","male","EN-fetal-late",2.22377109359414,1.0335473975224,0.00441836478245122,1.24875124009483
"GTGAGGAGTCAAGTAT-1","male","EN-fetal-late",7.53297281097085,0.7266731521172,5.27524804236424,2.03648264916771
"GTGAGGAGTTAAGGCC-1","male","EN-fetal-late",-3.01920700241416,7.78544227388329,0.245184636731266,-5.78429309813149
"GTGAGGAGTTTGCAGA-1","male","RG",-2.39137929846137,-6.44465311262184,-5.56460047600734,3.22045929940574
"GTGATCAGTGTTAAAC-1","male","EN-fetal-late",-3.12630844284385,5.6831769159121,-2.17151904938686,1.35112674744957
"GTGCAAGCAGAAATGC-1","male","EN-fetal-late",-3.47051668335288,-2.13535412046485,-1.23458124039638,1.7891341021859
"GTGCAAGCAGGCTTCG-1","male","EN-fetal-late",-3.58572030235618,6.66018525865502,-5.85518456337917,-1.6198243328727
"GTGCAAGCAGTTATCG-1","male","IN-fetal",3.6799950582853,-6.03505714628273,-0.0648198807047619,-5.02429048506386
"GTGCACGGTTACGCAA-1","male","EN-fetal-late",3.1354074461332,-3.10933335516029,0.412960862797319,-4.41800825087197
"GTGCACGGTTGTAAAC-1","male","EN-fetal-late",-2.95462823082297,6.89065686967797,1.58060716750157,6.42600734742515
"GTGCCTTTCATCCACC-1","male","IN-fetal",3.15085649322183,-7.54442222806983,0.0662973439885364,-6.89860622374184
"GTGCTCAAGGAGGTTA-1","male","EN-fetal-late",-3.3642673509249,1.41668359544701,-3.51534224389064,0.00873558433883492
"GTGCTCCGTAATCGCA-1","male","EN-fetal-late",1.01276039909036,1.90427200105614,-1.04183388588894,0.658582704385451
"GTGCTGATCAAGGACA-1","male","EN-fetal-late",-1.89840504695266,2.36086897161431,-1.88554836152065,-0.0294314303792208
"GTGCTGATCATGCTCC-1","male","EN-fetal-late",-1.27896553446143,2.54058698919243,-1.76763678429592,0.892574982961348
"GTGCTGATCGAAGTAG-1","male","IN-fetal",-3.07215488125175,7.09764711168236,4.62600039603245,-2.86266080824501
"GTGCTGGGTGATCATG-1","male","VSMC",3.98412561248452,-14.529123384686,-3.48248816369045,3.15683634789818
"GTGCTGGGTTCAAGCA-1","male","EN-fetal-late",8.77073144744546,-6.96249731275611,-0.784053691606404,2.43940670998924
"GTGCTTACATAGCAGG-1","male","EN-fetal-late",3.42406129668862,2.34415034559197,0.528745143730758,2.48111374886864
"GTGCTTACATTGTGAT-1","male","EN-fetal-late",-5.05566477943748,1.57619861867852,-3.62200547097194,-0.427641911188433
"GTGCTTCTCTAGCTAA-1","male","EN-fetal-late",7.70176839660317,-0.456412870617442,4.42397164465916,1.80329366238945
"GTGGACACACAGACTC-1","male","EN-fetal-late",2.3376357538572,-0.964505154820018,0.875308833141445,1.2947766354882
"GTGGACACACCCACCT-1","male","IN-fetal",-5.09473514725059,8.25147954729027,4.30843876959813,-4.36224262205727
"GTGGATGCACTTCACT-1","male","IN-fetal",3.95966815780312,-5.1962757894712,0.00495847227108343,-4.5409726330436
"GTGGATGCATATAACC-1","male","EN-fetal-late",-3.48025560547202,-1.37113769743019,-2.3268661582278,1.09441937716835
"GTGGCTTCAGGAACCA-1","male","EN-fetal-late",-2.89406526256889,-3.40195997449928,-0.934215077142598,4.73504264863365
"GTGGTTAGTGACCTGG-1","male","EN-fetal-late",-2.92113578487723,2.01486794259972,-5.01436997292507,-1.71305171934731
"GTGGTTAGTGTTAGCA-1","male","EN-fetal-late",7.83630227874429,-0.613565284939342,5.33839701773655,2.63201339753502
"GTGGTTAGTTACCTGT-1","male","EN-fetal-late",-7.16167831589072,1.57156793382592,-5.08403159020412,-1.06621555773384
"GTGGTTAGTTATCGAG-1","male","EN-fetal-late",10.5420069677702,-7.40644272062355,1.82744216086399,6.47017105134361
"GTGTAACTCACTTTAC-1","male","EN-fetal-late",-2.63412189651816,-2.0308967420774,-1.10707856057155,2.24642403634422
"GTGTAACTCCGCCAAA-1","male","EN-fetal-late",6.84363794158608,-2.05175860616737,3.31895803572667,2.56708486588829
"GTGTAACTCGACAAAG-1","male","IN-fetal",2.89009904693276,-7.81685455534034,0.614340162892459,-6.6671384998954
"GTGTCCAAGCACAGCC-1","male","EN-fetal-late",-3.32352018524497,-1.86323984357887,-1.12516713974941,2.98354061158531
"GTGTGAGCAAACTGTT-1","male","EN-fetal-late",1.99695110152871,0.991474341420598,-0.893150576333882,1.52338214429252
"GTGTGCGGTCAATGTG-1","male","EN-fetal-late",7.22599363158852,-0.388904173107677,5.48081206442845,2.80408890756004
"GTGTGTTAGACCATAC-1","male","EN-fetal-late",0.396805999981469,0.0799548437876174,-0.417714902143361,0.737040477117232
"GTGTGTTAGTGAGCGG-1","male","IN-fetal",-5.67628669906943,8.29941646364159,4.44476126791966,-4.93956844298012
"GTGTTACAGGCTTAAC-1","male","IN-fetal",-6.74754095245689,8.10089532640404,4.17895197035801,-6.08444349257118
"GTGTTACAGTATGTGC-1","male","IN-fetal",2.63954639266641,-7.6976939031797,-0.0538532817171826,-7.00967781035073
"GTGTTACAGTTTGCGG-1","male","EN-fetal-late",-0.650299789203101,5.51477376726098,-1.09663201210964,7.32336147340172
"GTTAAACGTTGGTTAG-1","male","EN-fetal-late",-0.737800301803046,0.814844989968605,-2.68090248940456,0.980464475473097
"GTTAAACGTTTCCACG-1","male","EN-fetal-late",3.28829574416787,1.71682463195748,-0.562956460695149,2.10248263390892
"GTTAACCAGCCTCTGT-1","male","EN-fetal-late",-1.47252861485421,0.766729865042634,-2.34644103882778,0.900547998269728
"GTTAACCAGGATTGAG-1","male","EN-fetal-late",-0.964724751008445,2.03476611879296,-2.11198736069667,1.01226301701896
"GTTAACCAGGCACAGG-1","male","EN-fetal-late",1.13634228538186,1.11967058089203,-2.17000079987514,1.42513366254204
"GTTAACCAGTGCACGC-1","male","EN-fetal-late",6.16404580901772,-2.60307963583046,2.68792819144261,2.76804478677147
"GTTAACGGTGTTCCCA-1","male","EN-fetal-late",0.29942273925454,6.31374160554833,0.230748585481762,7.59642656358116
"GTTAACGGTTAACGGC-1","male","EN-fetal-late",2.538490532147,-0.292541463108592,0.682578048725246,0.90390707763069
"GTTAAGCTCAATGAGG-1","male","EN-fetal-late",-0.201425673259193,1.31997589376397,-1.61535454628933,2.44930179627769
"GTTAAGCTCCTAAGTA-1","male","EN-fetal-late",1.26226687263162,1.16465456393189,-1.32817781804073,0.563270675262144
"GTTAAGCTCGTGCCTT-1","male","EN-fetal-late",0.575056074368066,-3.33862884733253,0.300308226664184,1.11243982823723
"GTTAAGTGTCACGAAC-1","male","EN-fetal-late",3.17759418319375,0.281100135116048,0.702504864950298,1.29189808877342
"GTTACCTGTCACACCC-1","male","EN-fetal-late",-4.50624513794273,2.25842575338311,-4.08709336159694,0.00868173899286095
"GTTACCTGTTAGGTGC-1","male","IN-fetal",3.48615836928994,-7.01027782651954,0.0989713585568653,-5.7167801090873
"GTTACCTGTTCATCTA-1","male","EN-fetal-late",-3.68504262138694,-2.42522176000648,-1.3565099322604,5.21902473481529
"GTTACGCCACAATGTT-1","male","IN-fetal",-5.98341798950523,8.43813697603173,4.06202601553929,-4.34499732939369
"GTTACTCGTTTGGCTT-1","male","EN-fetal-late",4.79416417907388,-0.208135325642162,2.39583014609349,1.2549258044564
"GTTAGGCGTCCTTTAA-1","male","EN-fetal-late",-3.36551392246574,1.00817903485722,-2.03353262780178,-0.239104879776308
"GTTAGGCGTGTTGCAA-1","male","EN-fetal-late",7.08232450317056,-1.84820612165504,3.74369429709446,2.26582701714866
"GTTAGGCGTTGGTTAG-1","male","EN-fetal-late",7.29686593841225,-0.963857371540599,3.39229463698399,1.45801849873894
"GTTCCCAGTCAGGAAG-1","male","EN-fetal-late",3.35947274993569,-0.852080781193309,1.18565582396519,1.28460343392723
"GTTCGCTTCATCCACC-1","male","IN-fetal",-6.90217256714194,8.14965717103905,4.06798314215672,-6.24447004286415
"GTTCGCTTCGAAGTGA-1","male","EN-fetal-late",7.58323144744546,-0.538312871189647,3.38306044699681,0.958546834310225
"GTTCTTAGTGCTAGCG-1","male","EN-fetal-late",-5.79412508179038,1.42354850080437,-4.65936423180568,-1.25005690542824
"GTTCTTGTCAATCTCT-1","male","EN-fetal-late",-2.7946633117327,7.0117639711184,3.06260465743077,2.54088957818382
"GTTCTTGTCGCTTCTA-1","male","EN-fetal-late",2.360769747006,0.995755430130429,-1.28723407624233,1.29529984506004
"GTTGCATAGCTTTGTT-1","male","EN-fetal-late",9.53350019286782,-7.10113437864357,-3.10655427811611,-0.691285950819322
"GTTGCATAGGATGATG-1","male","EN-fetal-late",2.29454970191628,-0.461415488453441,0.400882599000453,0.668102221807173
"GTTGCCCGTAGGATCC-1","male","EN-fetal-late",3.80957412551553,2.10294882562584,0.49748693319094,2.56525953324669
"GTTGCGGGTTAGGTTG-1","male","EN-fetal-late",-1.7444419579634,0.282299142150349,-2.05692172883022,-0.923605365434954
"GTTGCTGAGCGAAGTA-1","male","EN-fetal-late",2.35606670211465,-0.331547219486766,0.632788485903858,0.868947403749159
"GTTGCTGAGCGAGCGA-1","male","RG",-5.27303314377158,13.3203133752627,-5.35520029900539,3.66779192002647
"GTTGGAGCATTGCGAC-1","male","EN-fetal-late",-2.7398879544863,-1.55995352956825,0.338730855901359,-7.42468397108681
"GTTGGCCAGCTAAGTC-1","male","EN-fetal-late",-1.65554292668193,2.78653947618432,-2.95811558602321,0.667899089177778
"GTTGGCCAGCTTAACA-1","male","IN-fetal",3.01878261397988,-7.18996532651954,0.326494074483036,-5.93902055708534
"GTTGGCGGTTGTTGGA-1","male","VSMC",4.10153150390298,-14.4107609579282,-3.59736204979885,3.27003772767418
"GTTGGCGGTTTGCAGA-1","male","IN-fetal",-4.53165579010337,7.22262565401024,-1.16185046074855,5.05880268128746
"GTTGTGAGTCCTTCTC-1","male","EN-fetal-late",6.03975725005776,-2.38156755659156,2.98481940390599,2.56253178628319
"GTTGTTGCAATAACGA-1","male","EN-fetal-late",4.74145412276894,-2.26274212095314,1.50607990386021,1.64573665173881
"GTTGTTGCACCTCACC-1","male","EN-fetal-late",7.18020105193765,-0.501179296703868,3.82140111090672,2.00962706120842
"GTTGTTGCATTAAACC-1","male","EN-fetal-late",-7.47634267975181,0.7260218670649,-5.35943890450466,-3.0206917950309
"GTTTAACCAGTCTAGC-1","male","EN-fetal-late",-6.84164667297691,2.10343639162011,-4.48800660012233,-0.81204055039055
"GTTTAGCAGCTCCTAC-1","male","EN-fetal-late",3.31634139846475,-0.532891709538036,1.63960396410954,1.35309131654136
"GTTTAGCAGCTGCACA-1","male","EN-fetal-late",-2.32731837202399,-6.32937296125465,-4.41651965020168,-1.78997342077858
"GTTTAGCAGGGCTAAA-1","male","EN-fetal-late",-7.8162789361605,1.24008853342957,-5.52882576821315,-1.96220008818276
"GTTTAGCAGTCTTGAA-1","male","EN-fetal-late",3.98849725555093,-14.5233021566587,-5.66962147591579,3.32581289323204
"GTTTATCTCAGAAACG-1","male","EN-fetal-late",2.78517055343301,-2.79707558843666,0.223895988483547,-5.64407102553017
"GTTTCAGCATGACTAT-1","male","EN-fetal-late",10.3061671240202,-7.2018910238462,1.55568813445103,6.52361829789512
"GTTTCCTCATGAGCAG-1","male","EN-fetal-late",9.5420670492521,-7.45823486539894,-2.17023349640834,1.91099949391716
"GTTTCTAGTGCGCATG-1","male","IN-fetal",-5.43533182312339,6.2052830865664,1.8520889198972,6.29706438096397
"GTTTGCTGTGATGAAA-1","male","EN-fetal-late",7.86522626708657,-0.683178860874706,5.39087247015965,2.41453416856163
"GTTTGTAAGAATGACG-1","male","EN-fetal-late",6.64817190002114,-1.54205735418373,-4.91355706093776,-0.807812852541277
"GTTTGTAAGCTATTAG-1","male","EN-fetal-late",0.293461082684106,5.80654184129662,-0.0591118120955242,8.15416343720787
"GTTTGTAAGCTTAGCG-1","male","EN-fetal-late",4.8242034895292,-0.394584495754772,-4.167825707178,0.122820599714002
"GTTTGTAAGTAGCCAT-1","male","EN-fetal-late",-0.240519286883765,2.50594620016045,-0.612838157396199,-0.120409799496004
"GTTTGTAAGTCACGAT-1","male","EN-fetal-late",0.999901531445092,1.32947401311821,-1.94137669442165,1.08496333869331
"GTTTGTAAGTTGGGCC-1","male","EN-fetal-late",-4.20039296318381,1.47483180072731,-3.68057442543972,-0.633620721975633
"GTTTGTCGTCTTGCAT-1","male","EN-fetal-late",2.04802727531106,-0.75625010225349,0.58412290277016,0.922357218583754
"TAAACAGCAAGGACCA-1","male","EN-fetal-late",-6.91948318649619,1.5787958910746,-5.01909209130275,-1.13095705000527
"TAAACAGCACAACAGG-1","male","IN-fetal",-6.26447153259605,8.43658582475609,4.05887936713231,-6.3244985767997
"TAAAGCCTCTCAATTC-1","male","IN-fetal",10.001337526547,-7.04193313810401,3.89100097777378,-6.01338617293007
"TAACAAGCAAACGGGC-1","male","EN-fetal-late",-2.84726977516502,5.33612291124291,-1.53942526219356,2.21742876084678
"TAACAAGCATAAGTTC-1","male","EN-fetal-late",7.98304986785561,0.0139316728395888,5.54203795554173,2.53148324998253
"TAACCAGGTAATCACG-1","male","EN-fetal-late",-0.176520587695533,5.79706327226586,0.715589991827129,7.27001436265343
"TAACCAGGTCAAAGGG-1","male","EN-fetal-late",-0.824388088477546,5.19137231615014,-1.04591859219539,7.28663356812828
"TAACCAGGTCACAGAC-1","male","IN-fetal",-6.51900768448203,8.48512594011254,3.94682287337315,-5.89099161116249
"TAACCAGGTCCGTAGG-1","male","EN-fetal-late",-1.55135260690539,2.7529167344851,-2.73324991105068,0.0993839206748516
"TAACCTAAGAGAGCCG-1","male","EN-fetal-late",2.76495647262246,13.7583254983706,-3.89318467019069,6.11184938462608
"TAACCTAAGCATTATG-1","male","EN-fetal-late",-7.53843403030723,1.87874666955895,-5.70264864800441,-1.51028410879738
"TAAGCCAGTGCAATAT-1","male","OPC",-14.029816152347,-11.5391426870542,-6.10972166893947,2.80863745721214
"TAAGCCAGTTCACCAT-1","male","EN-fetal-late",8.08373021911294,0.0507248451990554,4.96590899588597,1.89074762376182
"TAAGCCTAGCAGCTAT-1","male","EN-fetal-late",-2.75061476398795,6.79866163042016,5.19506262900364,-2.89490382162697
"TAAGCCTAGGAACGCG-1","male","EN-fetal-late",-0.717337490809852,1.86320940759606,-2.04051900742519,1.28725703271263
"TAAGCTATCAAACACC-1","male","IN-fetal",-3.0948696153292,8.0501088311953,4.86258792044651,-3.24096719709999
"TAAGCTATCGCATCCT-1","male","EN-fetal-late",-1.94877627660125,0.546716105012364,-1.9989214026736,0.357290374358824
"TAAGCTGGTAATCCCT-1","male","IN-fetal",-3.31630671192496,7.41949884202904,4.39211296202671,-4.23251907316811
"TAAGGACCACAGAACG-1","male","EN-fetal-late",0.327208994137353,6.13028041627831,0.0973839974595295,7.80728347810142
"TAAGGACCAGCTAATT-1","male","EN-fetal-late",-0.554213346732551,5.48025934007592,-0.266149290780903,7.49281747849815
"TAAGGCTTCAGCATTA-1","male","EN-fetal-late",2.52277803252847,-1.83589823934608,-1.37842262623775,2.02432807000511
"TAAGGCTTCTATGACA-1","male","EN-fetal-late",2.2656085474363,0.0267725398821304,0.255115634818195,1.22141368897789
"TAAGTAGCAGGACACA-1","male","EN-fetal-late",3.40498065780312,1.83952895906395,-0.937792309503438,1.71389432462089
"TAAGTAGCAGGTTATT-1","male","EN-fetal-late",-0.223498822940284,1.50944099929757,-1.6182332122134,0.774812715371779
"TAAGTGCTCCGTCCAT-1","male","EN-fetal-late",1.37557363341958,1.16239831951088,-1.00142372487056,2.19934638055198
"TAAGTGCTCCTTAGGG-1","male","EN-fetal-late",2.14819335769326,0.445951979426808,0.174161872882961,0.788777964433363
"TAATCACCAATGCGCT-1","male","EN-fetal-late",2.4511337263456,0.850407130835719,-0.21915043232906,1.83589334996574
"TAATCCGCAAGGTCCT-1","male","IN-fetal",-3.97941661049216,8.70872823503441,5.05211972357762,-3.62874357191689
"TAATCCGCAGGAATCG-1","male","EN-fetal-late",-0.388819815410071,5.57571355607933,-0.152489253263356,7.60203035386436
"TAATGCATCCTAACGG-1","male","EN-fetal-late",-6.34672308136314,1.8475085904879,-5.21629048226345,-2.14168803183205
"TAATGGACACTGACTA-1","male","Endothelial",-17.8982338922152,0.967873852519459,-3.61634446022976,3.05235822709434
"TAATGGTGTACCGTTT-1","male","OPC",-14.0114035623202,-11.5139847585874,-6.16204739449489,2.8681238463723
"TAATGGTGTTAGTACG-1","male","EN-fetal-late",-0.86595994402259,4.82335750368065,-1.17384982941616,5.56199176820152
"TAATGGTGTTCAAGAT-1","male","EN-fetal-late",-0.34056782890647,1.39071802404351,-1.33391643403042,0.4854738882386
"TAATTGCCACGAATCC-1","male","EN-fetal-late",-0.574135126365119,5.62914888170189,-0.427851983289601,7.94413097413414
"TAATTGCCAGGAACTG-1","male","EN-fetal-late",-1.22344699670165,-6.33821352216774,-1.30233181355465,2.5151284507119
"TAATTGCCAGTGAACG-1","male","EN-fetal-late",8.89908075164468,-7.28562839719825,-1.73641348717678,1.19067736180656
"TACAACATCAGCCAAT-1","male","EN-fetal-late",-3.01768613029807,1.0130256077332,-2.84915281174648,-0.414609415212938
"TACAAGCTCATTTGTC-1","male","EN-fetal-late",3.02096271346719,13.5200556924624,-4.09472752449977,6.3358059695565
"TACAAGCTCCTAAGGT-1","male","EN-fetal-late",2.30903839896829,-0.624498207302623,0.198567531128048,1.27080877335899
"TACAAGCTCTCCATAT-1","male","IN-fetal",-5.57430315185874,6.36183730867333,1.66119300486576,6.22945316346519
"TACAATGTCAATGTCA-1","male","EN-fetal-late",5.8294730169645,-2.71061237546974,2.49023722769749,3.14412339242332
"TACAGCTAGACTAAGG-1","male","EN-fetal-late",6.23415708373696,-1.48539694044166,3.25658034445774,1.85457368405693
"TACAGCTAGGAGGACT-1","male","EN-fetal-late",-7.4028997438082,0.964818414120145,-5.43639422295559,-1.5684863754905
"TACAGCTAGTTACCGG-1","male","EN-fetal-late",7.1750655157438,0.783031079737611,4.73944615485203,1.85659809621208
"TACATCAAGCTAAGTC-1","male","EN-fetal-late",-1.32404421438068,2.17385498788781,-1.07197965023983,0.0345796442233831
"TACATCAAGGCCTGGT-1","male","IN-fetal",3.10100269149453,-7.59649570676857,0.609022787828563,-7.11087791411049
"TACATCAAGTAGGCGG-1","male","EN-fetal-late",4.78942584823281,-0.0391206333356431,-0.733687766771199,0.382064240297011
"TACCAGGTCAATCATG-1","male","EN-fetal-late",-2.74741864372581,2.54427818563408,-3.17590046761501,0.319238262494734
"TACCAGGTCTAATCCT-1","male","EN-fetal-late",-0.748064221633369,2.78809241559929,-1.6367936217593,1.32986708196037
"TACCCGGCACACAATT-1","male","EN-fetal-late",-7.90663337875693,2.03871778753228,-5.68330384133327,-2.19068996397621
"TACCCGGCACTGACTA-1","male","EN-fetal-late",-5.47664594818442,1.51319925096459,-3.62640906212795,-0.189835233370134
"TACCCGGCATGGCCTG-1","male","EN-fetal-late",-6.70247554947227,7.86054794099755,-3.56076694367397,0.104264308010867
"TACCGAAGTCAGGCAT-1","male","VSMC",3.96758556197793,-14.5445595571714,-4.65070153115261,3.05710847886436
"TACCGAAGTGCTCCAC-1","male","EN-fetal-late",0.23908817599923,6.08741227891869,-0.240234800557972,7.53001554520958
"TACCGAAGTGCTGGTG-1","male","EN-fetal-late",3.60096788238198,0.928602676658101,-1.24078060029018,2.17923028977745
"TACCGCAAGGAGGCAT-1","male","EN-fetal-late",4.97035169433267,-1.54929502698951,2.47217201354039,2.6234241298043
"TACCGCAAGTCTGGGC-1","male","EN-fetal-late",-0.148264052165443,1.41823432949013,-1.75817895768154,1.14744456323021
"TACCGTTGTACTAAAC-1","male","IN-fetal",-6.09427023102134,8.31786433961815,4.10051631094944,-5.23291580168373
"TACCGTTGTGGAAACG-1","male","EN-fetal-late",4.05229949782998,-1.12270601484352,1.09920357825291,1.39537985833519
"TACCTGCTCAAAGGCA-1","male","EN-fetal-late",2.14214682410867,-0.5161376783567,0.22101115347874,0.747401492913893
"TACCTGCTCATTATGG-1","male","IN-fetal",3.19528198074014,-7.54416568967872,0.0506105339719043,-7.19927017180092
"TACCTTAGTCCACAAA-1","male","IN-fetal",2.6553950292936,-7.81905563566261,0.0740860021306263,-7.20806495634682
"TACCTTAGTTATAGCG-1","male","EN-fetal-late",-3.53516268898337,1.62752680089898,-3.47209001420009,-0.0760401168263644
"TACCTTTAGGCAGGTG-1","male","EN-fetal-late",-5.7298793809542,1.69193462636895,-2.59306789277065,1.03718765290611
"TACCTTTAGTAGGCGG-1","male","EN-fetal-late",3.6612920744291,0.192301075725026,1.0405779993726,1.64867194207542
"TACGCACCAAGGTACG-1","male","EN-fetal-late",-3.71896171737998,-2.24721201154762,-1.15184212563503,4.99068935426109
"TACGCACCAGGATAAC-1","male","EN-fetal-late",2.45925926993996,-0.182064611645274,0.209026969094394,1.3126263192498
"TACGCACCAGGCGATA-1","male","EN-fetal-late",-13.8059582727084,-11.7544012853818,0.833079389352916,1.97283764394157
"TACGCACCATCCCTCA-1","male","EN-fetal-late",5.9853453619352,-2.44161160680824,3.77546309592259,2.44629366906517
"TACGCTTGTTGCACAA-1","male","EN-fetal-late",6.20048093627602,-1.66906316968971,2.74380754591954,2.56098993333214
"TACGGATTCTTGCAAA-1","male","EN-fetal-late",3.65001249145181,-1.36786158773475,1.094845107813,1.36512012990349
"TACGTAATCTGGCTTC-1","male","IN-fetal",-5.16666007210105,8.26601688173241,4.43749903800023,-4.28508274046547
"TACGTACAGTCAGTAC-1","male","EN-fetal-late",-0.221065880549842,0.396850805549092,-1.327951081972,0.0147113001548559
"TACGTACAGTTTCCGC-1","male","EN-fetal-late",6.66171312163979,-0.838762719364696,3.55739020468724,1.88767822297447
"TACGTTAAGGCATTGT-1","male","EN-fetal-late",2.70075559447915,-4.87255390379005,0.424588493127941,-2.25986282316811
"TACGTTAAGTCCTGAG-1","male","IN-fetal",2.92423391173989,-7.21115692350441,0.461294977982162,-6.72100631682045
"TACTAAGTCTGGCAAT-1","male","EN-fetal-late",-6.708011628879,1.35370014217324,-4.03030062554348,0.128323314343986
"TACTCAAAGTAGCGGG-1","male","EN-fetal-late",-5.87162637878745,1.51805160549111,-3.81816960213649,0.127115854713308
"TACTCGCTCGTGCTTC-1","male","EN-fetal-late",10.2628273947111,-7.08700950834327,1.77777182223332,6.88952501328819
"TACTGACAGTTACCGG-1","male","EN-fetal-late",-4.95120978523582,1.85064641740746,-3.45585537789333,0.51594440849655
"TACTGAGGTGAGCAAG-1","male","EN-fetal-late",9.53384733031899,-6.89803035947853,-0.451931663732411,7.03530748399132
"TACTGAGGTGTAACCA-1","male","EN-fetal-late",4.37189340423257,-1.76981313917213,1.32332747342121,1.6612009576165
"TACTGCACAATTAGCT-1","male","IN-fetal",3.332768915402,-7.25421341154151,0.277631751318096,-7.32258598295815
"TACTGCACACTAAATC-1","male","EN-fetal-late",-4.99756670166343,1.55418674257225,-3.1093483054446,0.454743789752653
"TACTGGCCAAGTGAAC-1","male","EN-fetal-late",-2.086041154159,2.52678529527611,-2.82657743332851,0.678741054853132
"TACTGGCCACCTACGG-1","male","IN-fetal",-4.73188996483176,5.92318050172753,2.75581335188877,-2.87057940451271
"TACTGGCCAGCTAACC-1","male","EN-fetal-late",2.37455868552834,2.03329650667138,-0.55058205960262,1.87745745690697
"TACTTCGTCACAGACT-1","male","EN-fetal-late",3.03483104537637,-3.1486273596006,-0.3262273156451,0.747206943353346
"TACTTGTTCCCTGATC-1","male","IN-fetal",2.75949811767251,-7.79591949674659,0.386357110981463,-7.34304372755654
"TACTTGTTCGCACAAT-1","male","EN-fetal-late",2.96715116332681,-2.68405683729225,0.192301563043712,0.727881329377821
"TACTTGTTCTAACTGA-1","male","IN-fetal",-6.87995767761558,8.1541093995852,3.88999961974156,-5.49805299727089
"TACTTGTTCTTTGTAC-1","male","EN-fetal-late",-0.527209641230994,2.34626440313286,-1.25725568173397,0.328519167622259
"TAGACCAGTCCGCTGT-1","male","EN-fetal-late",0.984526870953149,1.66312460210747,-1.018327244501,0.974839883168867
"TAGACCAGTTGAGGTC-1","male","EN-fetal-late",-1.53238752652495,1.68671594169564,-2.13187123177517,0.546877192577055
"TAGACCAGTTGCTTCG-1","male","EN-fetal-late",0.620585201489037,1.23276708629555,-0.895086058359028,-0.0845533141291827
"TAGAGCCGTCTTTGAC-1","male","IN-fetal",-0.499804200423652,-9.26710231992774,2.34109198214543,-7.27015296904213
"TAGAGCCGTTACATCC-1","male","EN-fetal-late",5.49377727340371,-2.83761175367408,2.59305976988804,2.88864381821983
"TAGAGCCGTTTGGGCG-1","male","EN-fetal-late",7.4865660650602,-0.038601596088939,4.50620268942845,1.63820596249931
"TAGCAGGCATGCTATG-1","male","EN-fetal-late",3.13303088973672,2.62068609502739,0.0919112181855427,2.56298525842064
"TAGCCGGGTACGGGTT-1","male","EN-fetal-late",-0.00777161289542305,5.9540828874392,-2.49578715203273,1.67677076371544
"TAGCCTCTCACGCATG-1","male","EN-fetal-late",-1.06315469909995,1.85513011720604,-2.36959958909023,0.600079404433897
"TAGCCTCTCGCTTGCT-1","male","IN-fetal",3.20215606521279,-7.41210659238868,0.500871664900898,-6.87354366270668
"TAGCCTCTCGTGCCTT-1","male","EN-fetal-late",-5.28939771820396,1.29545105603165,-3.94013024209011,-0.165300382057497
"TAGCCTCTCTGCAACG-1","male","IN-fetal",3.92879390548379,-5.1624680349546,0.0455032801820026,-4.52108804670937
"TAGCCTGAGAGGAGGA-1","male","EN-fetal-late",-0.703390182746345,2.54512790945,-1.39914930699337,0.494256990274122
"TAGCCTGAGCGATACT-1","male","EN-fetal-late",-0.211332918895179,6.10694782045311,-0.639199384431721,7.72600515397423
"TAGCGCGGTACGGTAC-1","male","EN-fetal-late",5.0964841825834,1.16366324928231,0.482786110658763,2.61897762330406
"TAGCGCGGTCGCGCAA-1","male","EN-fetal-late",4.85772228072793,-2.67493780347877,2.19179009558689,2.73065121682518
"TAGCGCGGTGATCATG-1","male","EN-fetal-late",-3.6108448522219,1.01978854444451,-2.70874405739772,-0.770702941099474
"TAGCGGACAGCGCTTG-1","male","EN-fetal-late",7.40444803069741,-1.41209824773841,4.92209290625584,2.34622939141624
"TAGCGGACAGTTTACG-1","male","EN-fetal-late",3.09942674468667,1.35829828288979,0.204582921285747,2.1713350585305
"TAGCGGCTCAAGTGTC-1","male","EN-fetal-late",-2.30952191521018,1.066218387155,-3.09702874062526,0.26982932003372
"TAGCTAATCCACCTTA-1","male","EN-fetal-late",-1.0943109111914,0.976501326827473,-1.8043367945956,0.0446252098881513
"TAGCTAATCCTCAGTC-1","male","EN-fetal-late",-7.93458795715659,1.5614875963015,-5.81306696770656,-1.60710970846779
"TAGCTAATCTCACTCA-1","male","EN-fetal-late",-5.85161924530357,1.5152680685801,-4.45408202050197,-0.749626559892961
"TAGCTAGGTCGCGCAA-1","male","EN-fetal-late",5.10093641112954,1.30312619712777,3.38288187148106,1.63850708516472
"TAGCTTAAGGTCTTGG-1","male","VSMC",3.89979457687051,-14.613749582501,-3.58098150132167,3.3079169562661
"TAGCTTGCACACTAAT-1","male","EN-fetal-late",4.06893443893105,-1.17888172361427,1.48698937060368,1.92500610860222
"TAGCTTGCACCATATG-1","male","EN-fetal-late",-2.83262205292075,1.04309680667347,-2.14238882897365,-0.838948232809374
"TAGGAACCAACAGCCT-1","male","EN-fetal-late",-5.84160900284141,1.24721587803788,-4.14898777840602,-0.426259381452867
"TAGGAACCAATAACGA-1","male","EN-fetal-late",2.98388910125405,0.445909511117406,0.950001291055797,1.05955185206764
"TAGGAACCACAGAACG-1","male","EN-fetal-late",-7.55397510696738,1.11687592771477,-5.1967039191531,-3.56124369589455
"TAGGAACCACCTGCTC-1","male","EN-fetal-late",-3.5424592511782,5.23236171510643,4.13336347701085,-4.82172767607338
"TAGGAACCATAATCCG-1","male","EN-fetal-late",-8.00784731079429,1.46626172569222,-5.10424996254909,-3.28455297438271
"TAGGAGGGTCGTTATC-1","male","EN-fetal-late",6.40977716277749,-2.28338750097328,3.04864358069432,3.00043399842613
"TAGGAGGGTTACTTCA-1","male","EN-fetal-late",7.66019296477944,-0.701137621136241,4.05691765906346,1.68497629674309
"TAGGAGTCAATTAGCT-1","male","EN-fetal-late",-6.4216666238436,1.27113686111397,-3.96120024559963,-0.202004832903215
"TAGGAGTCACCTAATG-1","male","EN-fetal-late",6.53185605834634,-1.64725669118934,3.93971609236729,2.45450265916221
"TAGGAGTCACTTGTTC-1","male","EN-fetal-late",1.7558109743467,0.888103917060561,-1.27657450077999,1.61552639516228
"TAGGAGTCATAAGGAC-1","male","EN-fetal-late",-5.80791330505698,1.3180221429152,-3.16203142045009,0.261918040236166
"TAGGCTAGTCACGAAC-1","male","EN-fetal-late",10.2988238317838,-7.91908558103614,1.69810675742161,6.46169336350792
"TAGGCTAGTGAGAAAC-1","male","EN-fetal-late",1.9888820631376,0.147681157855458,0.135292789955257,0.936751382669142
"TAGGCTAGTGCAATGC-1","male","IN-fetal",3.11801051925332,-7.29934414121681,-0.387148805837513,-6.59252683607704
"TAGGCTAGTTCATTTG-1","male","EN-fetal-late",-2.92174220253318,1.21534888055748,-2.94143820641506,0.0283399319850713
"TAGGCTAGTTGTGATG-1","male","EN-fetal-late",-7.86088943649619,1.45625702646203,-5.85165120003688,-1.67428497759468
"TAGGCTGTCGATTATG-1","male","EN-fetal-late",-2.20313996244758,1.24572611954636,-2.12714911339748,-0.819130046049425
"TAGGCTTAGCTTACTT-1","male","EN-fetal-late",6.16866493056924,-2.50925858709388,3.84055542113316,2.71336610825889
"TAGGCTTAGGATCACT-1","male","EN-fetal-late",-1.1774011271128,0.819383790535993,-1.58544135926235,-0.805513841787645
"TAGGGTTTCAATTACG-1","male","EN-fetal-late",0.0891870243421258,5.86153404024071,0.375994336847781,7.44421680482261
"TAGGTTATCACCTGCT-1","male","EN-fetal-late",-0.492568256152564,5.8038872888369,-0.0715470993326916,7.78004177125328
"TAGGTTATCAGGTTTA-1","male","EN-fetal-late",-0.530994118941718,5.9486912896914,-0.755498775224568,7.52916963609093
"TAGTAAGCAACCCTAA-1","male","IN-fetal",2.87120437453896,-5.81757505628639,0.360510225464223,-5.38754074064858
"TAGTAAGCATTATCCC-1","male","EN-fetal-late",1.54475378821999,1.99216000345177,-1.0179883324908,1.01502497704857
"TAGTCAATCATTGCGG-1","male","EN-fetal-late",-3.03132426906913,1.03628637996144,-3.10370899079311,0.0429722240769178
"TAGTCAATCGGTTACG-1","male","EN-fetal-late",-7.17394876648276,1.3163653424067,-5.72472763894069,-1.64021651236183
"TAGTGTGGTTATTGCC-1","male","EN-fetal-late",0.231185911404199,6.16207067277855,0.215613744278072,7.88312156709068
"TAGTTGTCAACAGGAT-1","male","EN-fetal-late",-7.33797979523032,1.43337915447182,-4.93623877404201,-1.41476134745247
"TAGTTGTCATCATGGC-1","male","EN-fetal-late",1.17171239684731,1.52314059045739,-1.43433965085018,0.378056096156767
"TAGTTTGAGGCGGGTA-1","male","EN-fetal-late",-0.24495780636161,5.97252837922997,0.179034448285221,7.77159555467003
"TAGTTTGAGGGTCCAC-1","male","EN-fetal-late",-1.27542004157394,0.823462094931073,-1.5964510524081,-0.128514749685594
"TAGTTTGAGGTCATTA-1","male","EN-fetal-late",-7.85608577896445,1.63191125896401,-5.77948714135158,-1.54042665449745
"TATAGCCAGCAAGGAC-1","male","EN-fetal-late",-6.15673685242026,1.4322003534121,-3.76878834603298,-0.465722901502916
"TATAGCCAGTCACTCC-1","male","EN-fetal-late",-0.40648329426139,2.25905851629204,-1.99185539124477,0.860468166192702
"TATAGCTCAACCCTCC-1","male","EN-fetal-late",1.71574067901284,0.3647858610434,0.42975544283223,1.04516674788826
"TATAGCTCAGTTTGTG-1","male","EN-fetal-late",2.77648973296792,13.7455948999209,-3.99479056237209,6.26072319062584
"TATAGCTCATTATCCC-1","male","IN-fetal",-4.19970798660606,6.57452480104393,4.24200295569432,-3.77773825613625
"TATAGGTGTTTGAGGC-1","male","EN-fetal-late",-5.17509269882529,1.31274805572457,-3.51305390236843,-0.257996393123934
"TATATCCTCGAAGTGA-1","male","EN-fetal-late",4.76492214034707,-2.28590710851722,2.07673346163761,2.51976116212242
"TATATCCTCGATCAGT-1","male","EN-fetal-late",0.0602333528867425,0.865436464367575,-1.25487411854732,0.550278829654387
"TATCACAAGCTGGCTA-1","male","EN-fetal-late",-0.668235303653175,5.62100736406273,-0.77216339943874,7.34853036912315
"TATCACGCAGTACCGT-1","male","EN-fetal-late",-1.3389296399483,1.94979314115471,-2.42699743149746,0.68656750234001
"TATCCAGCAATTGCGC-1","male","EN-fetal-late",2.87337970565469,-2.96439440939003,-0.24892110465038,1.62493510754936
"TATCCAGCATAATCAC-1","male","EN-fetal-late",4.1408162100187,1.51956353691048,0.535366377849697,2.49179251702659
"TATCCAGCATCCTGAA-1","male","IN-fetal",-6.62782669235557,8.31530706193871,3.85027932288182,-5.20700542418129
"TATCCGGAGCCTAACG-1","male","EN-fetal-late",-4.25010776687949,1.43699030187554,-3.54862309334743,-0.281659288088152
"TATCCGGAGCTTGCTC-1","male","EN-fetal-late",-3.67867446113914,-1.72645481321388,-1.26285076973903,5.4279485514962
"TATCGAGGTACCAGGT-1","male","EN-fetal-late",-8.02783394028037,2.28263155725426,-5.66307879326809,-1.46517960516579
"TATCGAGGTACTGATG-1","male","EN-fetal-late",0.669913528667992,0.0735932996553847,-0.875569828729512,-0.355133635679552
"TATCGAGGTGCTGGTG-1","male","EN-fetal-late",3.70500421355874,-1.46866305563026,1.38899629475605,1.7716825774514
"TATCGCACAAGACTCC-1","male","EN-fetal-late",-1.20574283768027,0.674474876193471,-1.30880833504665,-0.0668348797953814
"TATCGCACACGAATTT-1","male","EN-fetal-late",-0.989300520909721,1.4658952167315,-1.42789376614559,0.878423111756972
"TATCGCGAGTGAACGA-1","male","IN-fetal",-6.56934261490195,8.29388038423485,4.1175529873563,-6.12098257032997
"TATGAAGCATTGTCCT-1","male","IN-fetal",-3.60772848297446,-1.5807071516233,-1.35766268609035,5.41973741563194
"TATGACATCACTCGCT-1","male","EN-fetal-late",6.84843587707192,-0.885750133724742,4.41163920523655,1.84003313096397
"TATGACATCCTTGAGG-1","male","EN-fetal-late",7.27552747558267,0.321257870463795,4.77825926901829,1.59403212579124
"TATGACATCTCTAGCC-1","male","EN-fetal-late",-3.47500133682578,4.85050765779442,-1.3070737206744,2.22847326310509
"TATGCATCAATTGCGC-1","male","EN-fetal-late",-0.431647898448402,5.81564466264672,-1.20637226937282,7.98202474625938
"TATGCATCATTGTCAG-1","male","EN-fetal-late",-2.21149563957542,1.86108187940545,-2.87203431962001,0.119311332015029
"TATGGATGTGGTTAGC-1","male","EN-fetal-late",-3.57063651253074,-2.61260040494972,-0.965092071275593,5.15417488129967
"TATGGGCGTACTGATG-1","male","EN-fetal-late",-0.554839612735206,1.6627250125689,-2.12368059990871,0.215584272762468
"TATGGGCGTAGGTTGC-1","male","EN-fetal-late",8.08743524383218,-0.312093574734264,5.15270232321751,2.06544001611107
"TATGGGCGTGAGCAAG-1","male","EN-fetal-late",7.9647440893522,-0.0194130727963975,5.37080525519383,2.12444944890373
"TATGGTCAGCCACATG-1","male","EN-fetal-late",3.74500894378335,-2.60216792318397,-1.75857044098842,1.30645294698112
"TATGGTCAGGCCCAGT-1","male","EN-fetal-late",-6.37818956543296,1.93931261804528,-4.26773072121608,-0.838401896635362
"TATTACCTCAATCTAG-1","male","OPC",-13.9764828698763,-11.5841456243711,-5.18997431633937,3.48825676949852
"TATTAGCCATAGCAGG-1","male","EN-fetal-late",2.92211913894326,2.59572676923699,0.223898417372821,2.42477496178978
"TATTAGCCATTGTGGC-1","male","EN-fetal-late",10.2112841589323,-7.55811031553321,1.59559380175602,6.50682504685753
"TATTAGGTCAGGAAGC-1","male","EN-fetal-late",2.61436271499307,1.25282097962326,-1.34989453194606,2.4480377009713
"TATTAGGTCATAACTG-1","male","EN-fetal-late",2.39106845687539,1.21140713599152,-2.25679517624843,0.860241132100752
"TATTCGTTCCAGGTTG-1","male","EN-fetal-late",3.85568570922524,-1.72974737379127,1.57979594828617,2.01926012547844
"TATTCGTTCGTTATCT-1","male","EN-fetal-late",4.55739354919106,-2.33623893949562,2.371072522421,2.65956504853599
"TATTGACCAAGCCAGA-1","male","EN-fetal-late",5.52267646621377,-0.595641095371776,4.25918888213169,1.55066891225212
"TATTGACCAAGTTATC-1","male","EN-fetal-late",-5.56483507324546,2.42157868650383,-5.54987431405056,-2.11626903502114
"TATTGACCAATATGGA-1","male","EN-fetal-late",-0.769133331073218,5.5497655084414,-0.475565978269459,7.44197137864464
"TATTGACCATAAGGAC-1","male","RG",-2.00545209814399,-6.20153482648902,-5.58127165673244,3.74371631654136
"TATTGACCATGTGGGA-1","male","IN-fetal",-6.9715352075228,8.05347816255517,3.89624666335118,-7.15885679213173
"TATTTGCTCATAACGC-1","male","EN-fetal-late",-2.24550867248862,2.01420716550774,-2.99426508782375,0.655288772901228
"TATTTGCTCCGCATGA-1","male","EN-fetal-late",1.85624122451455,1.98645214345879,-0.725849279146077,1.71484585317009
"TATTTGCTCCGCCTAT-1","male","EN-fetal-late",5.29849386047036,-2.74151428434425,2.46501802565586,2.07265646966331
"TATTTGCTCGCAGGCT-1","male","EN-fetal-late",2.7702369673124,2.34138719346947,-0.260205277185322,1.94378407510155
"TATTTGCTCTTGAGCG-1","male","EN-fetal-late",-1.31595291365474,-6.18608625623756,-1.77752066491115,1.02469475777977
"TCAAACCAGAGGATAT-1","male","IN-fetal",-3.87068677116721,6.80914918687767,3.72480105521214,-2.58640639273293
"TCAAGAACAAGTGTTT-1","male","IN-fetal",-5.90853834320396,8.23046056535668,4.02794384123814,-5.37738029448158
"TCAAGAACACTGGCTG-1","male","EN-fetal-late",6.32153177093179,-2.42963751051002,3.53092574240696,2.50586612733238
"TCAAGCTAGGACTAAG-1","male","EN-fetal-late",2.8377213461271,13.6979865243716,-3.75065375206936,6.02660711320274
"TCAAGGAAGGAGGACT-1","male","EN-fetal-late",-3.38837588001578,7.33429853227562,-0.537031480054738,1.44066937478416
"TCAAGTATCCGCACAA-1","male","EN-fetal-late",6.33113288711221,-2.3973804304319,3.4864175236417,2.69256551774376
"TCAAGTATCTCACACC-1","male","EN-fetal-late",-7.14779091049522,1.5912077834887,-4.85618353722561,-1.20601372210152
"TCACGGATCGCGACAC-1","male","EN-fetal-late",-2.87158096004813,2.09721533563561,-3.47599221108425,-0.188506109396288
"TCACGGATCTCTAGCC-1","male","EN-fetal-late",3.47469758819253,2.0929418018145,-0.153537698964955,2.40862019570701
"TCACTGACACTCGCTC-1","male","EN-fetal-late",2.10432410071999,0.658462013868756,-0.750316866617085,1.4335158637368
"TCACTGACATCCCGCT-1","male","EN-fetal-late",0.575906513439721,-3.42792471143775,-1.00178290245998,1.19127567323082
"TCAGCAAGTCATTGTC-1","male","EN-fetal-late",10.5022225363126,-7.34747703764015,1.35789763094914,6.60641630204552
"TCAGCAAGTGTGAGAG-1","male","EN-fetal-late",-2.83583462406486,-3.01692851278358,-0.609188445787312,2.68205626519554
"TCAGCCTTCCGCAACA-1","male","EN-fetal-late",-1.52807334978669,1.1634499838633,-2.16409755585659,-0.890257639566728
"TCAGCCTTCGTTAACA-1","male","EN-fetal-late",2.81391668151528,-1.53580291959816,-2.57824922440517,1.07698257478111
"TCAGCCTTCTCACATT-1","male","EN-fetal-late",-0.698954822314674,5.21941367891259,-0.756161102037312,7.10934789689415
"TCAGGAGCACCTGTAA-1","male","EN-fetal-late",-0.514310838473731,5.50100700166649,-1.20628262398708,7.61006315263145
"TCAGGTCCAGCAATAA-1","male","EN-fetal-late",7.79235124419839,-0.552244622440868,4.54456614615452,1.81369598420494
"TCAGGTCCATAGTCAT-1","male","EN-fetal-late",10.1495499594083,-8.06503113004737,1.43717610003483,6.32006652863853
"TCAGGTTAGCTTGCTC-1","male","EN-fetal-late",0.968533991085595,1.30612732079453,-1.10670889256466,0.754322665055922
"TCAGGTTAGTAGCCAT-1","male","EN-fetal-late",-6.21064090896934,1.22571564820237,-3.985377320032,-0.369198573509523
"TCAGGTTAGTTGGGCC-1","male","EN-fetal-late",6.56311654876382,1.21445144322342,5.46719693305027,2.33099968942039
"TCAGTAATCAGGTCCA-1","male","EN-fetal-late",-1.42547398228734,1.5229875257296,-2.07427597878444,0.682927744706801
"TCAGTAATCGGCCAGT-1","male","EN-fetal-late",7.3702034933439,0.304479222564168,5.16911934973729,1.93778951676719
"TCAGTAATCTCGACCT-1","male","EN-fetal-late",-6.49393272568076,1.41246150043435,-4.1470418059634,-0.353815389553377
"TCAGTGAGTTCGCGCT-1","male","EN-fetal-late",5.27897214721352,-2.19753630849891,2.60713004233372,2.92180903466575
"TCATACTTCATGTGGT-1","male","EN-fetal-late",5.42800807784707,-0.478752214642101,3.41490935446751,1.7716244033181
"TCATACTTCTACCTGC-1","male","IN-fetal",3.02869081329018,-7.5948410818296,-0.358527787904622,-6.58726255385048
"TCATCCATCCAACTGG-1","male","EN-fetal-late",1.04534506629617,0.155990402965016,0.0988018727494465,0.86900408776634
"TCATGAGGTGGATGTC-1","male","EN-fetal-late",-3.66271567512839,1.27737263944573,-2.53666473267543,-0.700502676645586
"TCATTACTCATCACTT-1","male","EN-fetal-late",-3.02022743393272,2.24447039869256,-3.33919502137172,0.47356392653816
"TCATTACTCTTTGAGA-1","male","EN-fetal-late",-2.04122841526359,1.72110698726601,-2.94668746827114,0.862289147695234
"TCATTGCGTACCGTAA-1","male","EN-fetal-late",2.46210002730996,1.84479657915062,-1.05928457615841,1.51287992509239
"TCATTGCGTGACCTGG-1","male","EN-fetal-late",0.126027701603478,0.213274579314656,-1.4314724290179,-0.115521592775652
"TCATTGTTCAGCACCA-1","male","EN-fetal-late",0.542007683025903,-3.61347349378639,-3.10448456643093,2.46463854821556
"TCATTGTTCCAATTAG-1","male","EN-fetal-late",9.11117219756753,-7.37615402433448,-1.24786342022884,2.15050967248314
"TCATTGTTCCTGATTT-1","male","EN-fetal-late",6.8981289846769,-1.18248708936744,4.00004505278599,2.56821163209312
"TCATTGTTCCTTAGGG-1","male","OPC",-14.1438736932406,-11.4263697454649,-5.93165112374294,2.82153900178306
"TCATTTGGTATTGGTG-1","male","EN-fetal-late",-8.1728987710604,1.53893713262505,-5.54773617623317,-1.79130200831063
"TCATTTGGTCACGAAC-1","male","EN-fetal-late",9.65615606139809,-7.39063842985206,-2.05335784790981,0.412405597289732
"TCCACAACAGGATTAA-1","male","EN-fetal-late",-3.63647461105674,1.30028886702485,-3.29033995507229,-0.22861097542412
"TCCACAACATATAACC-1","male","EN-fetal-late",-6.93397092987388,1.97950271871514,-5.45852661965358,-1.73687676874764
"TCCAGCAAGCATGTTA-1","male","IN-fetal",-5.45897197891563,7.72373573091454,3.90986966254246,-4.45680944410927
"TCCAGCAAGGTACCGC-1","male","EN-fetal-late",-3.88938284088462,-1.98707540723854,-1.18604589341152,5.95870359452598
"TCCAGCAAGGTTTGCG-1","male","EN-fetal-late",3.14903878997475,-0.868424136372142,1.32288109423649,1.70606394322746
"TCCAGGATCCTAGTAA-1","male","EN-fetal-late",-0.366089822543555,5.89110414293236,-0.16011346219051,7.99968297990196
"TCCAGGATCGCTATGG-1","male","EN-fetal-late",2.24842619727761,-1.21121295187049,0.492914623637317,1.19289727719658
"TCCAGGATCTACCTAT-1","male","EN-fetal-late",3.20165109466225,2.30693702009148,-0.729622849206807,2.02925618203514
"TCCAGGATCTCTAGCC-1","male","EN-fetal-late",2.37061548064858,-0.122116584511333,0.254753387589572,1.3075267842614
"TCCAGGATCTTGCAGG-1","male","EN-fetal-late",0.662121771084374,5.5992507150454,-3.00541425583828,-0.197282356897661
"TCCAGGTCAAGACTCC-1","male","IN-fetal",-4.53319573570579,8.72230951097436,4.98826884390843,-4.14200536696083
"TCCAGGTCATGTCAGC-1","male","IN-fetal",2.65594339202554,-5.45471294614845,0.172198331971286,-5.63915149656899
"TCCATAAAGTATTGGC-1","male","IN-fetal",3.11090993713052,-7.23670013639503,-0.00406337616908686,-7.09983579603798
"TCCATATTCCTCCATA-1","male","EN-fetal-late",-17.8300080316195,0.900228995649285,-1.31120289204586,1.95714457543724
"TCCATATTCGGTTAGT-1","male","EN-fetal-late",7.98484659026772,-0.375756699772411,4.87091445090306,2.42195351632469
"TCCATCATCACAAGCT-1","male","EN-fetal-late",5.02195262740762,-0.446981031628185,3.36141680838597,-3.62574903456337
"TCCATCATCACCAATA-1","male","EN-fetal-late",2.98471975158364,13.559514920978,-1.84730459092128,2.53254015954368
"TCCATGCTCGCATCCT-1","male","EN-fetal-late",5.48204994033486,-0.10520269367271,-3.11817694542873,0.602726357301405
"TCCATGCTCTGCAAGT-1","male","EN-fetal-late",-7.34377575088828,1.20909459498353,-6.00192786095607,-1.79481737105019
"TCCATGCTCTTGATGA-1","male","EN-fetal-late",5.18980121444375,-0.823831517429881,5.35819005133641,-3.60318748442299
"TCCATTGTCACCAATA-1","male","EN-fetal-late",-0.304856659663612,6.11684076097435,-1.1124639594363,7.82381542237633
"TCCATTGTCATGAAGG-1","male","EN-fetal-late",-0.138668538821632,5.94896928575463,-0.0200355732249035,7.84022911103599
"TCCCGGACATAAGGAC-1","male","EN-fetal-late",2.95711994002969,1.55138049629158,-0.472369202356221,1.76770647080772
"TCCCGTTAGGTTTGCG-1","male","EN-fetal-late",7.09195470641763,1.17736078408188,5.58316945197117,2.51385815652244
"TCCCTCACAATAATGG-1","male","EN-fetal-late",-5.46261263061851,1.39889834430642,-4.51469899056423,-0.96518985716469
"TCCCTCACACCATATG-1","male","EN-fetal-late",10.1856131536833,-7.59846695158058,1.75154434802067,6.18981273682945
"TCCCTCACATCCGTAA-1","male","EN-fetal-late",8.84081315826089,-7.19521530363136,-1.15547335980404,1.00052882941597
"TCCCTGGTCCCGTTGT-1","male","EN-fetal-late",4.17983054946572,-2.07805379125648,-2.10061670182216,1.38519127877586
"TCCCTGGTCCGTTATT-1","male","EN-fetal-late",6.31506156753213,-0.506948787899547,3.73503636481297,1.64513690980308
"TCCGCCATCATTGCGG-1","male","IN-fetal",-5.54002618957847,7.71220056322045,3.95712160231602,-4.51479618040688
"TCCGCCATCGGTAACT-1","male","EN-fetal-late",-4.87204241920798,2.0636666229052,-2.39274717209804,1.49009998353355
"TCCGGAATCCTCGATC-1","male","EN-fetal-late",3.72954368423135,-0.492245990963512,1.25039278628361,1.13732965501182
"TCCGGAATCTAACCAA-1","male","EN-fetal-late",3.0555152876249,-0.702165443630748,1.74633478285801,2.02662714036339
"TCCGGTTTCATAATCG-1","male","EN-fetal-late",-5.60571098495811,1.47606120613045,-3.96054411766994,-0.36775903193123
"TCCGGTTTCCCGCCTA-1","male","EN-fetal-late",-4.00905251671165,-2.46028788778358,-1.4649083697604,5.15420825990074
"TCCGGTTTCCTAGTTT-1","male","EN-fetal-late",10.0905566198698,-7.93093116972023,1.50293206336033,6.36291893037193
"TCCTCAATCAAGCGCC-1","male","EN-fetal-late",-6.24748754669517,1.30970353987641,-3.89371920464504,-0.268115265051195
"TCCTCAATCCGCCTCA-1","male","EN-fetal-late",-1.6863726990351,-6.17296846601539,-5.57232285378444,3.12971623452537
"TCCTCAATCGTTTCTG-1","male","EN-fetal-late",3.2183308584562,1.90431718137688,0.214235103745578,2.24701960595482
"TCCTCAATCTAACCTT-1","male","EN-fetal-late",4.93551301788003,0.788352176366515,0.703727296609996,2.33179910691612
"TCCTCTAAGACCATAC-1","male","EN-fetal-late",-4.60032844711631,6.25316707399315,3.79544471861851,-4.59575216261513
"TCCTGGTTCAGAAACG-1","male","IN-fetal",-6.36106395889609,8.38147012498803,4.35511540534031,-5.81864444700844
"TCCTGGTTCCTGAGTG-1","male","EN-fetal-late",1.65739393066079,0.586327533988423,-0.018970110397221,1.39206989320152
"TCCTGTTCAACAGGAT-1","male","EN-fetal-late",6.13828801940591,-1.94704850408607,2.99558257224095,2.70454938920372
"TCCTGTTCAACGTGCT-1","male","IN-fetal",-4.90136718918174,6.20670358446068,2.86065267683995,-3.11605064360268
"TCCTGTTCAACTGGCT-1","male","IN-fetal",-3.19720471073478,6.87537423875756,4.59267329337132,-2.83826534239418
"TCCTGTTCATTTGCTC-1","male","EN-fetal-late",7.5261807424894,0.1481889298243,4.21069907309544,1.26776285680168
"TCCTTAGTCAAATCGC-1","male","EN-fetal-late",3.67996501754434,1.80700061824746,0.436073268820165,2.01503677876823
"TCCTTAGTCAGTGAAG-1","male","EN-fetal-late",-0.866332890284949,1.19649488833374,-1.39355135796535,0.875322954972914
"TCCTTAGTCAGTTCCC-1","male","EN-fetal-late",0.510887144314355,-3.72299011442237,-0.333054252843739,1.32961745770805
"TCCTTAGTCCTGGTGA-1","male","EN-fetal-late",-3.87456131149619,-1.98725660535865,-1.08910132287014,5.77683933289879
"TCCTTCAAGGCATGAA-1","male","EN-fetal-late",2.95485305617959,-2.28478654119545,-1.40947080491054,2.45239861520164
"TCCTTGCAGCGCTCAA-1","male","IN-fetal",-6.73668241669028,8.24661437776513,3.68122839095127,-5.44316331831581
"TCCTTTACAGCTCAAC-1","male","EN-fetal-late",2.77740430663735,-0.89997204038673,0.551255515833019,0.877461152394941
"TCCTTTACATAAGCAA-1","male","IN-fetal",1.91209959815652,-7.36081989500099,1.35101096989643,-6.76740352598793
"TCGACAAGTAATCCCT-1","male","IN-fetal",-5.32887053657859,6.44358579423851,3.118870726843,-3.41131965605385
"TCGACAAGTCCTTCAG-1","male","EN-fetal-late",6.49433564971597,-1.92080314847999,3.57762598158848,1.90684314282768
"TCGACAAGTTACTAGG-1","male","EN-fetal-late",2.07342076133401,-0.396605927677684,0.445879540462612,0.852525310834578
"TCGACAAGTTAGAGGG-1","male","IN-fetal",3.0848236067167,-6.05301244947486,0.256560496111034,-6.09504215208656
"TCGACAAGTTGGATAT-1","male","EN-fetal-late",3.56823825668008,0.408836286334462,1.03384511830342,1.13246794255607
"TCGATTAAGCTCAATA-1","male","IN-fetal",-4.88548541237205,7.14550487306542,4.26951979758274,-3.44893662420876
"TCGCATTGTGGAAACG-1","male","EN-fetal-late",2.3437871916166,-0.314820368023448,0.521922252197383,0.862339036782911
"TCGCATTGTGTTAGCA-1","male","EN-fetal-late",2.24125003646523,0.183450143603749,0.710929892082332,1.28808136494987
"TCGCGAGGTATGTGGC-1","male","EN-fetal-late",5.65307903121621,-2.29674585554176,-2.50942278740871,1.34247334512108
"TCGCGAGGTTGCACAA-1","male","EN-fetal-late",3.32355642150552,-2.78700574132972,4.53531931998265,1.39470596822136
"TCGCGAGGTTGTTGTC-1","male","EN-fetal-late",-6.09685850311607,1.40245757606453,-3.53636861680019,-0.346115363518068
"TCGCTAACACAATGCC-1","male","IN-fetal",-0.701328338874274,-8.68799026701026,3.62019561888707,-6.52765171019203
"TCGCTAACACAATGTT-1","male","EN-fetal-late",6.23654746841103,-2.15695937368446,4.08185433508885,2.59834344895714
"TCGGTAAGTACTAAAC-1","male","EN-fetal-late",1.51820635627419,1.89428452756829,-2.03447676537502,1.43100412400596
"TCGGTAAGTTCCGGCT-1","male","EN-fetal-late",-3.17218828369468,4.82757679727501,-1.10209108231533,0.870036261399916
"TCGGTTACAGCATGAG-1","male","IN-fetal",-6.08161115814536,8.34903518464989,3.85782121779454,-5.57675926176674
"TCGGTTACATCGTTCT-1","male","EN-fetal-late",-4.43068814445823,5.24697725084252,-4.71629191277492,-0.763781947771379
"TCGGTTTGTGGGAACA-1","male","EN-fetal-late",-3.90329981018394,1.27289665844864,-3.01471567986477,-0.117620376626322
"TCGGTTTGTGGGTGAA-1","male","EN-fetal-late",4.17723607848794,0.453606407908864,1.33415650488865,2.21210392030113
"TCGTAATCAAATACCT-1","male","EN-fetal-late",-6.92981052566856,3.16059009340233,-5.52748394844997,-1.11302642313606
"TCGTCAACACGTGCTG-1","male","EN-fetal-late",-3.57690596748679,-2.44525297376686,-1.05478680966365,4.88471324952476
"TCGTCAACAGTAGGAT-1","male","EN-fetal-late",9.61656713317544,-7.12771185133033,2.13265596987736,1.97698970349663
"TCGTCAACATTGGGAG-1","male","EN-fetal-late",-4.55753350426047,1.68990210798211,-3.48283601639736,0.449736194928816
"TCGTGCTTCAAGCTAC-1","male","EN-fetal-late",-5.60436201263755,1.15292818453736,-3.0308845126437,-0.60512612549431
"TCGTGCTTCATGTCAA-1","male","EN-fetal-late",0.725282667385644,1.34963975456185,-1.18866122601497,0.847786979993513
"TCGTTAAAGCGAGGTG-1","male","EN-fetal-late",-4.06688237358421,5.42401496675438,3.90416335227024,-4.28664772001869
"TCGTTAAAGGGCTTTG-1","male","EN-fetal-late",5.1196718199125,0.772326063184209,1.78334998251927,1.26497848542564
"TCGTTACGTTTATTCG-1","male","EN-fetal-late",5.497554777371,-2.67233737203651,2.5558550274564,2.80591638596885
"TCGTTAGCAACTAACT-1","male","EN-fetal-late",10.38512945007,-7.34301384183937,1.85778378607762,6.81762083085411
"TCGTTATTCTTAAGTG-1","male","EN-fetal-late",-5.56954145599692,1.38082198408074,-3.85244084237087,-0.0112815180218905
"TCGTTTCCAAACCTTG-1","male","EN-fetal-late",-0.104618193400794,1.38510761764473,-1.20445514557827,0.532372759898832
"TCGTTTCCAAACGGGC-1","male","IN-fetal",3.37947368453652,-7.16961582395607,0.316394439954876,-6.82530681578285
"TCTAAGGGTGGTTATG-1","male","EN-fetal-late",0.238041041599816,5.78913680818505,0.517197906096099,7.40241439851158
"TCTAAGGGTGTTTGCT-1","male","EN-fetal-late",7.59276819060952,0.427116077212758,4.8262157356931,1.49566193135612
"TCTAATCTCTTAATGG-1","male","EN-fetal-late",8.99935006927163,-6.92883737775856,-0.323314019422413,2.29815109284752
"TCTACCTCAGCAAATA-1","male","EN-fetal-late",-3.92392993141502,1.49894176032967,-3.19974017975795,-0.0332139411366671
"TCTACCTCATCCGTAA-1","male","EN-fetal-late",-6.88067722488731,1.43484358098931,-4.92893696663845,-1.39103905645973
"TCTACTAGTACAAAGA-1","male","EN-fetal-late",0.855061052547997,0.379609059361882,-0.744385369996907,0.52151982696884
"TCTACTAGTCTTACTA-1","male","EN-fetal-late",3.53153323959023,-1.27960332128578,-0.0335443997191204,1.47410126241081
"TCTACTAGTGCTGGTG-1","male","EN-fetal-late",-4.69777131248801,1.16604132559723,-3.53423906205166,0.12096488127642
"TCTACTAGTGGTTAGC-1","male","EN-fetal-late",-7.97174835373252,1.96069161203331,-5.02584458230007,-3.57768480269081
"TCTAGCACACGAACAG-1","male","EN-fetal-late",-2.49380743671744,0.941633280186124,-2.88190484879482,0.0309413841568739
"TCTAGCCTCCCATAAA-1","male","EN-fetal-late",7.08120584319741,-1.46684964391761,4.26196812750828,2.0190449527108
"TCTAGCCTCTAGCTTT-1","male","EN-fetal-late",-2.53398418594688,1.52828536537117,-3.682474144678,0.0727572722934992
"TCTAGCGAGACAAGTG-1","male","IN-fetal",3.33330535720498,-6.85109098646217,0.297607949991344,-5.61575023619301
"TCTAGCGAGACACTTA-1","male","EN-fetal-late",2.91939067672402,-4.02810438367897,0.603862307090877,-6.05764429060585
"TCTAGCGAGCAGCTAT-1","male","EN-fetal-late",7.55908918212563,-0.822455246182018,4.5221328652097,1.64490385564201
"TCTAGCGAGGGTTAGA-1","male","EN-fetal-late",-0.42362606693595,5.16738168504662,-0.889170654992939,7.53643758805626
"TCTATGTTCGAAGTAG-1","male","EN-fetal-late",3.74701499770791,1.23414049652047,0.405847581741965,2.39153917344444
"TCTATGTTCTAACCAA-1","male","EN-fetal-late",4.41149806808144,1.91724089887566,0.530887073893665,2.5942664912545
"TCTCAATTCACCTGCT-1","male","EN-fetal-late",1.69948434661538,-0.62510140630775,-0.0805887663172497,1.21478302987449
"TCTCAATTCGGCTATG-1","male","IN-fetal",2.06056475471169,-7.88729484769874,0.605936146397708,-7.4996866413749
"TCTCAATTCTTGAGCG-1","male","EN-fetal-late",-3.30085885692924,-2.01811893674903,-0.476250239591481,-1.82918981997139
"TCTCACCAGATGCCTG-1","male","EN-fetal-late",-2.23447156120628,-6.3168288061338,-0.779810913782002,1.28857250722282
"TCTCACCAGCAGCTCA-1","male","OPC",-13.863203527225,-11.6267662832456,-6.10916186211574,2.82309086831444
"TCTCACCAGCGAGGTG-1","male","VSMC",4.05114507506997,-14.4546175787168,-3.61086941597927,3.29078395875328
"TCTCACCAGGCATTGT-1","male","EN-fetal-late",3.11306094955117,13.4319581201357,-3.99863911507595,6.368398742994
"TCTCACCAGTACTGGT-1","male","EN-fetal-late",2.77719974349648,-0.798345048161083,0.879077545423625,1.35390170129173
"TCTCACCAGTATTGCA-1","male","EN-fetal-late",6.79552411864907,1.25714452174134,5.53231429221165,2.64493353875511
"TCTCCTCGTGGTTATG-1","male","EN-fetal-late",1.41578411887795,0.110205273894734,-0.838836439828755,1.01203473122948
"TCTCGCCCATAATGAG-1","male","EN-fetal-late",-3.89424109627097,5.0457781961245,-3.06108094094265,-0.339628321806261
"TCTGTGACACTAAGCC-1","male","EN-fetal-late",7.72327279876382,0.399716179637379,5.46755169989598,2.41467149766319
"TCTTAGCGTAACTACG-1","male","EN-fetal-late",-0.744917454017097,5.51691190507836,-0.940345772485615,7.41901977570885
"TCTTAGTTCTCACAAA-1","male","EN-fetal-late",1.06187701057107,2.11916212346978,-0.761448034028889,1.75659521134727
"TCTTCAAGTAGTTGGC-1","male","EN-fetal-late",2.88986062835366,-0.0152956435399583,1.0210849559499,1.57635517629021
"TCTTGACGTAAATTGC-1","male","EN-fetal-late",4.0653185827604,-0.624379236431651,-1.35515273449886,2.51519306214683
"TCTTGACGTTAGGTTG-1","male","EN-fetal-late",10.3168959600797,-7.32178886625343,1.81846689345372,6.38718994172447
"TCTTGTCCACAACCTA-1","male","EN-fetal-late",6.12820386718423,-1.91010673734718,3.37690304877293,2.72691162141197
"TCTTGTCCATAGCTTG-1","male","EN-fetal-late",3.54367160628945,-2.54424365255409,0.220414570589183,-5.39188281981117
"TGAACAACAAAGCCTC-1","male","EN-fetal-late",2.68330573867471,-0.0892439076619675,-2.08135486481655,1.46704168828361
"TGAACAACATAGCGGA-1","male","EN-fetal-late",-5.16518044639915,1.59594045188851,-3.88550854561794,0.171084584911993
"TGAACAGAGTAAACCC-1","male","EN-fetal-late",3.11404704879434,2.28778008726067,0.0924741840554462,2.39216526063316
"TGAAGCAAGTAGGATG-1","male","EN-fetal-late",0.589792965160912,-4.23735817167335,-1.32656968472469,0.816666798909834
"TGAAGTGAGAAAGGAA-1","male","EN-fetal-late",-0.27916920353263,5.91178600099511,0.4778333595587,7.32988365205162
"TGAAGTGAGGCTAGAA-1","male","EN-fetal-late",-2.76012754608482,5.43244830873436,-0.198441394548298,1.01431317838066
"TGAAGTGAGTGAACAG-1","male","EN-fetal-late",-0.504487694991523,5.36211959627099,-0.771532186250569,7.18829448731773
"TGACCAAGTCCTAAGA-1","male","EN-fetal-late",3.1273245794645,-3.86675317976051,0.214407569785236,-4.38473407713539
"TGACCTTGTCCTAATC-1","male","EN-fetal-late",9.09054517577798,-7.27104194852882,-1.74809146759975,2.22964866670006
"TGACCTTGTGACCTGG-1","male","EN-fetal-late",0.482582090603417,0.208217244414754,-0.472256668786885,0.0176162368261129
"TGACCTTGTTACCTGT-1","male","IN-fetal",2.77595424483926,-6.49920900556617,3.40776299597752,-6.18985931364662
"TGACTCCTCCCTCAAC-1","male","EN-fetal-late",5.50897741149575,-2.63009532186561,2.34271954657566,2.42166502984398
"TGACTTAAGGTAACGA-1","male","EN-fetal-late",-4.21061825920432,1.57522885110802,-4.1782221877383,-0.669330520311663
"TGACTTCGTCATCAAG-1","male","IN-fetal",-6.75908088852256,8.09425870683617,3.95900582434666,-6.45768205610878
"TGACTTCGTTACAACG-1","male","EN-fetal-late",2.84608650039346,-3.52949341032081,-1.47287560341823,2.57077463181846
"TGACTTCGTTGGTTAG-1","male","EN-fetal-late",-0.277718307269508,-4.46198280546241,2.73808001639378,1.23340459378593
"TGAGAACCACTTCACT-1","male","EN-fetal-late",4.63038158248574,0.47188134100861,0.929322055597423,1.50694902451866
"TGAGAACCAGGCCTTG-1","male","IN-fetal",-4.01537776161521,7.22726337221093,4.26539062621128,-2.61160151449806
"TGAGCAAAGTGTTGTA-1","male","EN-fetal-late",6.65443658660561,-1.98580368253761,3.40758895041478,2.75531919511192
"TGAGCACGTGATTACG-1","male","IN-fetal",-0.904075385821754,-9.09214599821144,4.2240359699918,-5.91600362745888
"TGAGCACGTTTACGTC-1","male","EN-fetal-late",-0.65415322948783,5.64315501954979,-0.545663007478596,7.80058916123741
"TGAGCCGGTCATGAGC-1","male","EN-fetal-late",-0.184561731112891,6.00244371202416,-0.623961218576313,8.26786621125572
"TGAGCCGGTCCGTAGG-1","male","EN-fetal-late",0.621892212139672,0.853676058171458,-1.5411874139117,0.635193782170942
"TGAGCCGGTGGGTACT-1","male","EN-fetal-late",2.68393277953774,-5.47422607633644,0.453044380117773,-4.48548976866371
"TGAGCTTAGCGGTTAT-1","male","EN-fetal-late",0.644129274593896,-3.44407995435768,0.132550022621273,1.70812233003013
"TGAGGAGGTGTTTGTC-1","male","EN-fetal-late",1.93044423888833,-0.0530192444043687,0.0217088675690876,0.992788331826857
"TGAGGAGGTTCGGGAT-1","male","EN-fetal-late",2.74797391723306,-2.01967867109352,-1.88064003823269,2.33497341187828
"TGAGGAGGTTGGTTCT-1","male","IN-fetal",-6.51791191269248,8.23942128923363,4.07519721152317,-5.80362503019936
"TGAGGCACAGGATGGC-1","male","EN-fetal-late",-2.56436860729545,2.02691153791375,-2.45516491768825,0.1311470416949
"TGAGGCACATTAAGTC-1","male","EN-fetal-late",-4.49806547333091,2.41127995756096,-3.74921322701442,0.28759703250759
"TGAGGGAGTCATTGAG-1","male","EN-fetal-late",2.21417188476235,0.636646639375157,0.035104504842876,1.18642540486687
"TGAGGGCCAAACTCAT-1","male","EN-fetal-late",-6.61133146454185,1.37207541969246,-3.74055720208156,-0.241833580414125
"TGAGGGCCAGCAAGGC-1","male","EN-fetal-late",6.84096193145425,0.251925270823903,-0.0471064531611218,-6.67202321974404
"TGAGGGCCATTAGGTT-1","male","EN-fetal-late",1.29595374892861,1.52229867484993,-1.26176894543636,1.12869914086693
"TGAGGGCCATTGTGGC-1","male","EN-fetal-late",-13.798690320743,-11.7344294378477,-5.15798664925563,2.82912309678428
"TGAGGTGCACAGGATG-1","male","EN-fetal-late",6.10722112487466,-0.5251549074369,0.389070351664542,-4.30953351942665
"TGAGTGAAGCCGCAAC-1","male","EN-fetal-late",6.19867133926064,-1.796220619412,2.9320335304929,2.88975770982139
"TGAGTTTCACCTCAGG-1","male","EN-fetal-late",-5.69429683853477,1.53188190963692,-3.78134823678005,0.214090453704527
"TGAGTTTCACTATGGC-1","male","EN-fetal-late",-1.20483040977805,-6.38330515119606,-1.18464351532924,0.803832369168928
"TGAGTTTCATGTTGTG-1","male","EN-fetal-late",4.11167239974648,1.95554463174767,0.315125941355346,2.61226709397667
"TGATCAATCCCTGATC-1","male","EN-fetal-late",-0.714837850821906,5.43281118181176,-0.443257817010762,7.3556714824044
"TGATCAATCCGGTATG-1","male","EN-fetal-late",-0.992862375272208,2.53863744047112,-2.03710723755825,0.283089222630194
"TGATCACAGTACTGGT-1","male","EN-fetal-late",-7.23371315170615,2.97045580652184,-5.03027392266262,-1.18353800264961
"TGATCAGGTACTTAGG-1","male","IN-fetal",-6.23773479629844,8.39973727968163,3.78046726347935,-5.452486438433
"TGATCAGGTTACATCC-1","male","EN-fetal-late",-2.60101950336784,2.16924278047509,-2.68453980324733,0.576296018680266
"TGATCCTGTACGGGTT-1","male","IN-fetal",-6.68498277832358,8.19296018388695,4.05596136214268,-5.87934200255043
"TGATCCTGTCTATCGT-1","male","EN-fetal-late",3.09045171569497,-2.73210032674842,-0.53237760899532,-0.309755993763277
"TGATCGAGTACTGAAT-1","male","EN-fetal-late",0.299836395489282,6.22474710252709,0.184825337548374,7.45381315263145
"TGATCGAGTTCAAGCA-1","male","EN-fetal-late",3.06444835494668,13.4876374414248,-4.05210638878811,6.3793211749398
"TGATGAACACCTGGTG-1","male","EN-fetal-late",-2.14956581760734,1.79017679002709,-1.55998659966457,1.40063734563225
"TGATGAACAGGCTAGA-1","male","EN-fetal-late",-6.27849054504722,1.22803069260544,-3.76361370919216,-0.359361214319536
"TGATGATGTAAGCACC-1","male","EN-fetal-late",-1.42596931551188,0.957043710915513,-0.966612466554524,-0.302642090002367
"TGATGATGTATTGGAT-1","male","EN-fetal-late",-3.5329217927584,5.40093223360009,2.15720664622319,-2.69955746618874
"TGATGATGTCCTTCAG-1","male","EN-fetal-late",0.630079029308862,5.93822805192894,0.731549850721477,7.13652761491173
"TGATGATGTGCATTAG-1","male","EN-fetal-late",4.32607793639809,-2.50842483732276,1.32615857483876,2.30812700303428
"TGATTAGTCGGTTCCT-1","male","RG",-5.39965796638816,13.4856442621035,-4.96866083977687,3.37650235207908
"TGATTCAAGGACTAAG-1","male","EN-fetal-late",-0.827967049373084,1.75261012819237,-1.85872484086025,1.11387552531593
"TGATTGCAGCACAGAA-1","male","EN-fetal-late",-6.9619612710604,1.37069616821236,-4.04713869927394,-0.355053318420717
"TGCAATATCTTGAGGT-1","male","EN-fetal-late",6.17275619338662,-2.58777411672645,2.5122485077573,2.86680944474571
"TGCACACCAAATGCCC-1","male","EN-fetal-late",6.81313752959878,-0.699725467892223,3.39326976897251,1.91700156243675
"TGCACACCATAAGTTC-1","male","Endothelial",-17.8770585076937,0.946728970674939,-3.62326765892971,3.21468766244285
"TGCACCTTCTATGACA-1","male","EN-fetal-late",-0.893781961692268,1.07517078128285,-1.13018453953731,-0.405245585123369
"TGCACTTGTAGCCATA-1","male","EN-fetal-late",-2.25088077951759,2.41201667097039,-2.67918825982082,0.315716477354696
"TGCACTTGTATGGTGC-1","male","EN-fetal-late",-0.221478106273109,6.2813533952517,-0.259543188791157,7.66331394227379
"TGCACTTGTTTGGCTT-1","male","EN-fetal-late",7.51614904235513,-0.0425945112424424,4.82886075140965,1.40734954388969
"TGCAGGCTCCTTGCAC-1","male","EN-fetal-late",0.226048587071008,1.46894888189263,-0.900964626054646,0.183611465861729
"TGCATGAGTAATCGCA-1","male","EN-fetal-late",4.17657470534951,-1.07750566694313,-0.945600279550435,2.32065637620323
"TGCATGAGTGTGTGGT-1","male","EN-fetal-late",-2.64216494728416,5.26472608354516,-1.35127390263546,2.36611207040184
"TGCATGAGTTAGAGGG-1","male","EN-fetal-late",-4.02003860641807,2.22683922555871,-3.29669571755397,0.468020187934569
"TGCATTAAGGGACCTC-1","male","EN-fetal-late",1.68413138221414,0.333138327865071,-0.447749861459614,0.940364318212202
"TGCCATTGTAAGCTCA-1","male","EN-fetal-late",2.83663701842934,13.694205205707,-3.98150826333034,6.35720356019371
"TGCCATTGTTAAGTGT-1","male","IN-fetal",-4.2529506700167,8.42537252214379,5.39688109519017,-3.60714809385903
"TGCCGGTAGACTCGCA-1","male","EN-fetal-late",-3.04207086731284,2.39782623556084,-3.18863535759914,0.550385164340666
"TGCCGGTAGAGGCTAA-1","male","EN-fetal-late",6.01838970016152,-2.41079600545936,2.9121143734647,2.82327707322471
"TGCCGGTAGGTCCTGA-1","male","EN-fetal-late",-3.94024443794578,5.87074844148583,2.34999560477269,-2.11702482191689
"TGCGATTAGTAGCGGG-1","male","EN-fetal-late",5.8043847067228,-2.23273618909889,-1.65545178292263,0.322986664494208
"TGCGATTAGTCATTTC-1","male","EN-fetal-late",-0.396940233004981,6.13143150117821,-0.95157492993343,7.93860872300499
"TGCGCAGGTACTGAAT-1","male","IN-fetal",2.7021970732084,-7.75578697416358,0.109340212364315,-7.04892913786537
"TGCGCAGGTCGACTCC-1","male","EN-fetal-late",-0.512235225928718,1.6671452334208,-2.05266881821621,1.09102238925331
"TGCGCAGGTTAGAGCC-1","male","EN-fetal-late",0.394489644276208,-4.23788889143043,-1.38538635609615,0.492555396875075
"TGCGGTTCAACCCTCC-1","male","IN-fetal",3.56677722762734,-6.03006323072486,0.267258978505252,-5.37734834639198
"TGCGGTTCATGTCAAT-1","male","EN-fetal-late",3.22939395736367,-2.56001480314308,0.537960833926319,-4.85520545927651
"TGCGGTTCATTATGCG-1","male","EN-fetal-late",7.4738879186979,-0.974134165974193,4.18091415526402,1.54562457116478
"TGCTAACAGCGCAATT-1","male","EN-fetal-late",-7.2053866403231,1.65135792997307,-5.73286820290554,-2.71441380468971
"TGCTCACTCAACCAAC-1","male","EN-fetal-late",3.12667608092934,-2.01678832265907,-2.17326665757167,1.06411130936973
"TGCTCACTCGGCTAGC-1","male","EN-fetal-late",2.78430557082803,-0.180520851345592,0.652830771227001,1.0852127841317
"TGCTCACTCTTAGGGT-1","male","IN-fetal",-6.82103777099937,8.03936998155541,3.76205681921971,-5.98025743452675
"TGCTCCGTCAAAGGCA-1","male","EN-fetal-late",-2.29757243563026,1.09303150680489,-1.54265106556881,-0.132787538448641
"TGCTCTCAGCATTATG-1","male","IN-fetal",1.7948997003904,-8.27738006803565,0.750661036987422,-4.94883291212685
"TGCTGGATCACGCCAA-1","male","EN-fetal-late",-4.27521228958457,1.53682384994454,-3.47460533020961,0.0227641409837515
"TGCTGGATCCGGAACC-1","male","EN-fetal-late",-3.92314028908103,5.07334749010033,-2.70911885140407,0.474150168021849
"TGCTTAAAGAGGAGGA-1","male","EN-fetal-late",4.14177465270669,0.594580661324925,2.25489269854557,1.47723551305168
"TGCTTAAAGCACAGGG-1","male","EN-fetal-late",-3.67706132103294,5.74602643754906,-1.63226009247768,-0.035561097542116
"TGCTTAAAGGTGCGGA-1","male","IN-fetal",3.02824544738442,-7.18507965299659,0.318179390449642,-6.96422426191933
"TGCTTCATCCCTCACG-1","male","EN-fetal-late",6.02874755691201,-2.21792133543067,2.05840324522984,2.51129658730858
"TGCTTCATCGAGCTAT-1","male","EN-fetal-late",1.44219779800088,2.23270181920952,-1.14627600548732,1.44046922238701
"TGCTTCATCGGCCAGT-1","male","EN-fetal-late",-1.55092571843951,1.32147503998703,-1.29934144852626,0.0447011015021116
"TGCTTCCAGTTGGGCC-1","male","IN-fetal",0.277554987179345,-8.54612262937599,2.41436599852574,-7.14811078993447
"TGCTTGCTCCCGAACA-1","male","EN-fetal-late",2.78020191024453,2.53577927854485,-0.392797239999653,2.24941523583763
"TGCTTGCTCCGGTTGA-1","male","Astrocytes",-1.91328233648627,-6.1571288892942,-6.15138865349758,3.70320804627769
"TGCTTTAGTGAGCGAA-1","male","EN-fetal-late",0.559472559200829,5.98573819902367,1.12955438258183,6.71391494782799
"TGGAACAAGCGAGGTG-1","male","EN-fetal-late",4.47196769546182,-0.967515308590465,-1.63301754830349,2.39196761163109
"TGGAACAAGGTGCGGA-1","male","EN-fetal-late",-2.45386308599799,2.33837835100121,-2.10762859223354,-0.166164172569582
"TGGAACAAGTTCCCGT-1","male","EN-fetal-late",0.419026253925866,-4.32178648206764,3.86976217391026,1.54050906213157
"TGGACAAAGGCGAATA-1","male","EN-fetal-late",10.1049656851164,-7.98528869840675,1.79028355242741,6.95229251893394
"TGGACCGGTATTGTGG-1","male","EN-fetal-late",7.71281480621011,-0.827390749187999,4.90564965369236,1.84158416303032
"TGGACCGGTTGGTGAC-1","male","EN-fetal-late",-7.95492887665122,2.12150887754387,-5.4621725165652,-1.34459392515785
"TGGACTAGTCATCATC-1","male","EN-fetal-late",6.08607721160561,-1.19013627264076,3.34822439314854,2.19480617555015
"TGGACTAGTCCGGTTC-1","male","EN-fetal-late",6.49775600265176,-2.12297399732643,2.8583247578336,2.63624365838402
"TGGACTAGTGCGCAAT-1","male","EN-fetal-late",5.88784789870889,-2.18422301504188,2.57278870703709,2.67517979653709
"TGGACTAGTGTGCAAC-1","male","EN-fetal-late",2.12675452064187,0.125325839786,0.623173690457462,1.16009588750236
"TGGACTAGTTCCTGTG-1","male","EN-fetal-late",3.23780917953164,0.286117058066792,0.68467276455891,1.38666995080345
"TGGACTAGTTTAACGG-1","male","EN-fetal-late",8.82520818542153,-7.20997913572364,-1.37979853985775,2.00656672032707
"TGGATTCAGGCTTAGT-1","male","EN-fetal-late",4.95605563949258,0.369910489587254,-0.924626358728291,2.02019424947136
"TGGATTCAGTTAGGCT-1","male","EN-fetal-late",-5.31805920769065,1.61783454921669,-3.98748017189968,0.18862147839897
"TGGATTGGTTTAACCC-1","male","EN-fetal-late",-0.638169707549506,5.46241657045311,-0.690495260934712,7.71897037537926
"TGGCCAATCTCCATAT-1","male","EN-fetal-late",-0.812744023097449,5.40914575365014,-0.914629706125142,7.36931379350059
"TGGCCAATCTGTTCAT-1","male","EN-fetal-late",5.58615922759683,-2.47163184377723,2.64667438628208,3.17523344071739
"TGGCCATCAAGCCAGA-1","male","EN-fetal-late",0.0689913017621697,6.19190160539574,0.381934071947454,7.49120529206627
"TGGCCATCACTTCACT-1","male","EN-fetal-late",2.30471730064065,0.294213633803792,-0.89412499306667,2.19402916940086
"TGGCCTGCACGAACAG-1","male","EN-fetal-late",-0.480063142074042,5.6306342294497,-1.15185356972683,7.32950790437095
"TGGCCTGCACTGACTA-1","male","EN-fetal-late",-5.2204103486666,1.66998545434899,-4.02660179970729,0.019833723326853
"TGGCCTTTCCGGTTGA-1","male","OPC",-14.0568413751253,-11.5067826101499,-6.02119828103054,2.86266811402672
"TGGCGGTTCATCCTGC-1","male","EN-fetal-late",6.73809289764077,-2.25443323347145,3.55985950591099,2.03295476945274
"TGGCGGTTCCCAGTAG-1","male","IN-fetal",-3.38550031353324,8.57942048814721,5.40778254630101,-3.44917480436928
"TGGCTAAGTCACCAAA-1","male","EN-fetal-late",1.2595336420408,0.210645835666127,-0.108928390722157,0.879339175542524
"TGGCTAAGTCAGTAAT-1","male","EN-fetal-late",5.22934388946206,-2.89504202100807,2.68146752478611,3.14085300477379
"TGGCTAAGTTCACCAT-1","male","EN-fetal-late",2.30546068977029,0.808068586332864,-0.607842930536152,1.8035965731942
"TGGCTATAGCTTGCTC-1","male","EN-fetal-late",-2.0981894748339,0.861891342146463,-1.11197508213985,0.64910526784294
"TGGCTTTGTCATGCAA-1","male","EN-fetal-late",-5.63654709030479,-3.32255228254371,-0.671955116968037,8.32479293855064
"TGGGCATGTAACGTGC-1","male","EN-fetal-late",1.4288918955198,0.433510731725163,-0.446405240278126,1.69402571233146
"TGGGCATGTTTGTCTA-1","male","EN-fetal-late",-6.85803890396445,1.24525530245728,-4.52536583779323,-1.34218446699745
"TGGTCAAGTTCCATTA-1","male","EN-fetal-late",6.67279100249917,-1.61603005621009,4.18527244689,1.92841179879539
"TGGTCAAGTTGGATCA-1","male","EN-fetal-late",-0.427100660098487,5.83188096788353,-1.12805665371883,7.46586473496788
"TGGTCATAGGCATGTT-1","male","EN-fetal-late",-4.0605211274752,5.92963544633812,2.32975327136052,-2.60767332998879
"TGGTCCTTCGCAACAT-1","male","EN-fetal-late",7.73682927917153,-0.204956252308421,4.17806171538365,1.07206155570381
"TGGTGATTCAAACACC-1","male","IN-fetal",-5.3609190004,6.59824983385033,2.97627519728672,-3.58262745825417
"TGGTGATTCGATTATG-1","male","EN-fetal-late",-5.50411367584556,1.67862020042366,-3.6642012679385,0.091564199199608
"TGGTGCATCATGAAGG-1","male","IN-fetal",-6.88988495041221,8.15974704530663,4.1956586754514,-6.33917180983193
"TGGTGCATCTAAGGAG-1","male","EN-fetal-late",-2.99712813068717,0.849889312690265,-1.97267604706752,-0.992950005213091
"TGGTTAATCCATAATG-1","male","VSMC",3.91517019103677,-14.5978003332334,-3.51448346016872,3.24698980363243
"TGGTTCCTCAAGCGCC-1","male","EN-fetal-late",2.85929822753579,-4.12086494657569,0.298385529835342,-5.59242479292519
"TGGTTCCTCGTTTCGC-1","male","IN-fetal",2.830496309506,-5.76868589613014,0.283357425649284,-5.55869237867958
"TGGTTCTGTAACGAGG-1","male","IN-fetal",-3.62809562851279,8.70845596101708,5.39785431983006,-3.35396711317665
"TGGTTCTGTCATGCCC-1","male","EN-fetal-late",7.60739850829751,0.240526716975636,4.72080754401219,1.77340467484825
"TGGTTCTGTGCTAGAC-1","male","EN-fetal-late",6.63962983916909,-1.25039823743873,3.37041997077,1.82707114728325
"TGGTTCTGTTCAAGCA-1","male","EN-fetal-late",-7.59182787109702,1.20937208440728,-5.27724266884792,-3.59499518362648
"TGGTTGAGTTTGGCGG-1","male","EN-fetal-late",2.72097396682412,-5.40013225767189,0.590246922392963,-4.44217960325844
"TGTAAAGCAGCACCAT-1","male","EN-fetal-late",-0.350722791446143,5.54256622102684,-0.684819706659199,7.75137956651085
"TGTAACTCAAGGACCA-1","male","EN-fetal-late",-2.25088274647086,-6.31126316282325,-4.96361733315456,3.39863021882408
"TGTAACTCACTGGCTG-1","male","EN-fetal-late",5.47041559051186,-2.53761871549659,1.95874511363041,2.57037861855858
"TGTAATGTCATGGCTG-1","male","IN-fetal",-5.11620140243858,6.60078040864892,3.24196361662876,-3.25327054945595
"TGTAATGTCCTAGTTT-1","male","EN-fetal-late",2.98724651168496,1.87430874612755,-0.0419849240587963,2.28631432565086
"TGTATCCGTATTTGCC-1","male","EN-fetal-late",2.67243051360757,-2.67508395406776,-1.29971135495174,1.78602119000786
"TGTATCCGTGCCGCAA-1","male","EN-fetal-late",-7.4349837319979,1.12220300343461,-4.69475651619899,-1.31801394907601
"TGTATCGCAACCCTCC-1","male","IN-fetal",3.42834377120644,-5.95221718046241,0.659546068925975,-4.41319791762001
"TGTATCGCAGGAACTG-1","male","IN-fetal",-3.5573153512606,8.46641008165307,5.04033326270115,-3.09969012228615
"TGTATCGCATGCTTAG-1","male","EN-fetal-late",3.72894334624917,0.67185322549767,0.867738566417812,1.91263027699821
"TGTCAATCACTAAGAA-1","male","EN-fetal-late",0.156364081608361,0.122975449828572,-1.38623691437709,-0.671526593843767
"TGTCAGTAGTCGCAAT-1","male","EN-fetal-late",1.62392020057351,2.09537772443718,-1.40558863518703,1.41889806302421
"TGTCATAAGGTCGAGG-1","male","EN-fetal-late",1.94715165923745,-0.503394324513011,0.481864183266281,1.01127536805504
"TGTCATAAGTCTTGAA-1","male","EN-fetal-late",10.5412220938078,-7.00593813154274,2.13345860602391,6.87473876984947
"TGTCCTGGTTGCACAA-1","male","EN-fetal-late",-2.96771407295554,5.39769403245873,2.40941833617222,-1.84805874315865
"TGTCCTTCAGGATTAA-1","male","EN-fetal-late",6.62498235534341,-1.88600285741859,3.24122428061497,2.22836549790733
"TGTGCGGGTACCGTAA-1","male","EN-fetal-late",3.99404954742104,-14.517425615521,-3.43785262940395,3.24963887246483
"TGTGCGGGTGCCTCAC-1","male","EN-fetal-late",-0.535600425494605,1.08002025988526,-0.89269197819698,0.379016774018934
"TGTGCTGAGACAAAGT-1","male","EN-fetal-late",7.53003263305337,-0.699352342815929,4.17794202925694,1.85037155660026
"TGTGCTGAGGAACCAA-1","male","EN-fetal-late",0.841193912731713,1.72278843429512,-0.933624037485005,1.51675148518913
"TGTGGAGCATCCCGCT-1","male","EN-fetal-late",3.57475948165566,-0.657790262432628,-2.7413849913882,-0.270050776878664
"TGTGGCCAGCCTGTGA-1","male","EN-fetal-late",-7.60544729400962,1.48966155555672,-5.40286494133937,-3.44296781508095
"TGTGGCCAGCTGAGGG-1","male","IN-fetal",-3.20145809818595,6.91438667085595,4.54706000449192,-2.68594281164772
"TGTGGCCAGGTGTCCA-1","male","EN-fetal-late",9.17341089080483,-7.44373806211525,-1.33700228569973,4.58071525605552
"TGTGGCCAGTAATCCA-1","male","EN-fetal-late",-7.92206812073081,1.53589270618386,-4.93120957253444,-3.59970347372658
"TGTGGCGGTCAATGTG-1","male","RG",-1.18947225977271,-6.35459383222633,-5.91029883263576,3.75155027421348
"TGTGGCGGTCTTTATG-1","male","EN-fetal-late",1.89305615256936,0.829667263018108,-2.00691223977077,1.19336767705314
"TGTGGCGGTTATTGCC-1","male","IN-fetal",2.45755529235513,-7.90147979948097,0.755430690069316,-7.17794553724892
"TGTGGCTCACCTCAGG-1","male","IN-fetal",3.72802257369668,-6.2974081823545,0.0972530758572803,-4.54760734526283
"TGTGGCTCAGTTTGTG-1","male","EN-fetal-late",4.91582536529214,-0.113320607872539,-1.39186454651821,0.280035333951643
"TGTGGCTCATTCCTCG-1","male","EN-fetal-late",-7.09677124191611,0.962620388535924,-5.23081541893947,-3.34644619909889
"TGTGTTAAGCAAGGTA-1","male","IN-fetal",-4.66296076942771,8.21952955034203,4.80120276572239,-3.74646656004555
"TGTTACTTCGGGACCT-1","male","IN-fetal",3.94251680205972,-5.09940298292213,0.550607225914119,-4.22209255186684
"TGTTACTTCTGCAACG-1","male","EN-fetal-late",1.36052965949685,0.956104147998757,-0.399227627496602,0.744497018178633
"TGTTACTTCTGTGAGT-1","male","IN-fetal",3.48814868758828,-5.90492304060035,0.392814726625203,-4.70655862776406
"TGTTAGCAGCTAAGTC-1","male","EN-fetal-late",1.46974372695596,0.563647042779393,0.276256105919002,1.26874883683555
"TGTTAGCAGCTTTGGG-1","male","EN-fetal-late",4.16185855697305,1.98084418085045,0.0606547212792621,2.12659998448723
"TGTTAGCAGTATTGGC-1","male","EN-fetal-late",2.43774556945474,0.941290642885632,-0.755787619333149,2.00733681233757
"TGTTATGAGAGCAAGC-1","male","EN-fetal-late",-4.00432038475364,-1.83091314527565,-1.38438392518032,5.24546964677208
"TGTTCCTCAGCTTACA-1","male","EN-fetal-late",-7.66213417221397,1.31681002285904,-5.63872719643581,-1.5293702313102
"TGTTGCACAACCTGGT-1","male","EN-fetal-late",-2.53574598003715,-1.79331978056007,-5.88934994576442,-1.44855718104012
"TGTTGCACACAACAGG-1","male","IN-fetal",-3.54236126114219,7.18520252016015,4.71989487769139,-2.94740216223366
"TGTTGCACAGGCAAGC-1","male","EN-fetal-late",-5.18058848549216,1.51908503082222,-3.8628735625552,0.00614902587764565
"TGTTGGCCAAACGCGA-1","male","EN-fetal-late",7.35305356811196,-0.500307399960094,5.51531409384739,2.78639681847923
"TGTTGGCCAAGCGATG-1","male","EN-fetal-late",-3.99768829513877,1.35625449922509,-2.84266854165065,0.500772791227034
"TGTTGGCCAGGCATGA-1","male","EN-fetal-late",-1.35035064239591,1.88993052747673,-1.70399452088344,0.634210007508925
"TGTTGTAAGATACTTG-1","male","EN-fetal-late",4.92460012267739,-2.13048990461402,-1.55506194470394,1.76113386662834
"TGTTGTAAGCATGTTA-1","male","EN-fetal-late",-0.631465973151618,5.30306951311058,-1.09345663426387,7.22985275300377
"TGTTTGTTCACTTTAC-1","male","EN-fetal-late",-6.3828539865145,1.55763594415612,-4.11647749779689,-1.94810192076332
"TTAAAGGCACCGGCTA-1","male","EN-fetal-late",4.04606866668374,-0.626901585789256,2.11464535357487,2.33096797974937
"TTAACCAAGTCAGGCC-1","male","IN-fetal",3.52262782882363,-6.86662109586769,0.252496368308185,-6.1905612179435
"TTAACTGAGGCCGGAA-1","male","IN-fetal",-5.6721253411898,7.48741666582055,3.50203656317723,-4.47283880201943
"TTAAGCCAGCTGGCTA-1","male","EN-fetal-late",4.52108526061684,-0.21210582944923,-0.340466448049427,0.952222185453108
"TTAAGGACAGCTTACA-1","male","EN-fetal-late",10.2230153066984,-8.00284298154884,1.35733287693989,6.44559438737266
"TTAAGTGTCGTTACAA-1","male","EN-fetal-late",2.05369877647073,2.58160154130883,-0.495025225858571,2.05634673150413
"TTACACCGTGTTCCCA-1","male","EN-fetal-late",-3.88386154342979,-2.24752076360755,-1.26099062798488,5.43492324860924
"TTACACCGTTTGGGCG-1","male","EN-fetal-late",-1.53762488235324,2.12682000902123,-2.53296376107204,0.534549730142286
"TTACAGCAGCGAGTAA-1","male","VSMC",3.92537402938516,-14.5866194555479,-3.23811674950588,3.39346106561058
"TTACAGCAGCGTGCAC-1","male","EN-fetal-late",2.92862701247842,13.5990056207461,-3.64896012185085,6.02854784043663
"TTACAGCAGCTTAACA-1","male","EN-fetal-late",6.41511154006631,-2.49133952352577,4.53803586127293,2.55828865083092
"TTACGTTTCATTACAG-1","male","EN-fetal-late",-5.1444997804293,1.18349046614594,-3.12848664162624,-0.143736345449755
"TTACGTTTCCCTGACT-1","male","EN-fetal-late",-7.84218216110557,1.90226821210808,-5.59358168480861,-3.09422103850014
"TTAGAAGCAGGTATTT-1","male","EN-fetal-late",2.4971566183439,1.49281851556725,-0.68433917401302,1.76466055425041
"TTAGAAGCATTCCTGT-1","male","EN-fetal-late",-7.28245353866904,0.791444241820044,-5.54144287941921,-2.11210362402565
"TTAGCAATCGTTATCT-1","male","EN-fetal-late",-7.11026668716758,1.93047217634148,-4.55175591347683,-0.534824711958238
"TTAGCAATCTAGCGAT-1","male","EN-fetal-late",-0.475550474418098,1.70592359807915,-1.62427950737941,-0.165690375248262
"TTAGCAGGTCTATCGT-1","male","EN-fetal-late",5.04478835891396,-2.66312463972145,1.51921128394139,2.32345684083336
"TTAGCAGGTGCGCATG-1","male","EN-fetal-late",-0.91841298509925,2.39741865899987,-1.41937256691921,1.54270859273308
"TTAGCCTGTGGACCTG-1","male","EN-fetal-late",9.78469133208901,-7.30121906492286,-2.98305011628139,0.413499998172453
"TTAGCGGTCAGTATTG-1","male","EN-fetal-late",1.69447254966409,0.647222157387204,-1.0140752875613,1.18075068505638
"TTAGCGGTCCGGTATG-1","male","EN-fetal-late",3.56628799270303,1.61866108682579,0.383139460404037,1.8932976296746
"TTAGCGGTCGTTATAG-1","male","EN-fetal-late",-3.56370020080894,4.93315736558861,-1.49143720505703,2.13158066781395
"TTAGCTGCAATATGGA-1","male","EN-fetal-late",-0.065057636989051,5.45988694932885,-0.730825551729084,7.08708580048912
"TTAGCTGCATCAATCG-1","male","EN-fetal-late",-0.681405665172034,5.35402671602196,-0.590150424222828,7.04657133134239
"TTAGGAACAAGGTCCT-1","male","EN-fetal-late",1.00936865638406,0.986250143317647,-1.50700593827236,1.50945122750633
"TTAGGATGTATTTGGG-1","male","EN-fetal-late",-5.53710460831016,1.41909698751397,-3.73942709801662,-0.235123736540148
"TTAGGCCCATGAATAG-1","male","EN-fetal-late",3.00192498992593,1.84700373914666,-0.282664307336689,2.2165375521981
"TTAGGCGTCCTCGATC-1","male","IN-fetal",-3.91083312202781,6.94661514070458,4.05339860083592,-3.14531557051308
"TTAGGCTAGCAACAAG-1","male","RG",-1.89038691092818,-6.14227302763038,-5.34752465126979,2.78449209245079
"TTAGGCTAGGCCAATT-1","male","Endothelial",-17.8766236322054,0.94630299117989,-3.59490276215542,3.06514795335167
"TTAGGCTAGTGAGCAA-1","male","EN-fetal-late",4.70093726943642,-1.74873502943092,4.27771662833226,-3.35278956381447
"TTAGTCAAGCGCATTG-1","male","EN-fetal-late",-2.06777447630256,1.51068989541954,-2.98338724015224,0.440813677629164
"TTAGTCAAGCTCAAAC-1","male","IN-fetal",-4.23040318657249,8.43686334398217,5.19862269522679,-2.95719043699867
"TTAGTCAAGGTTTGCG-1","male","EN-fetal-late",0.360966323124474,0.437490951089329,-1.4137688958453,2.01884110482567
"TTATAGCCAGACAAAC-1","male","IN-fetal",-3.13442349602073,8.222489278583,5.54007195593846,-3.25043718306191
"TTATCCGTCCAGGGAG-1","male","EN-fetal-late",1.85493397544534,0.471837293176121,-0.392033585290791,0.775123911222151
"TTATCCGTCGGTTAGT-1","male","IN-fetal",-3.57351970840781,6.74219791200585,3.52644132735264,-3.16823069540627
"TTATCCGTCTCCTCTT-1","male","EN-fetal-late",-7.07511520553916,2.01665798929162,-1.54286433098781,-0.0356286743081301
"TTATCCTAGCACCACA-1","male","EN-fetal-late",-1.89143088628142,1.85042635705895,-1.49337900517452,0.250260772427252
"TTATCCTAGGTTACGT-1","male","IN-fetal",-5.57671785522788,6.29690067079491,2.94516252638829,-3.51601950613625
"TTATGACCAAAGCCTC-1","male","EN-fetal-late",-1.08394032884925,1.73569367435402,-2.35879588959682,1.30486269505852
"TTATGACCACCGGCTA-1","male","EN-fetal-late",4.72994327376992,1.52374301460213,0.708650312442897,2.30918367417686
"TTATGACCACTTAGGC-1","male","EN-fetal-late",-6.91538810898154,1.48499182966179,-4.02763224480617,-0.137702984491655
"TTATGACCAGCATGTC-1","male","EN-fetal-late",2.94868278335244,2.10081033018059,-2.56869603035915,1.40568860085838
"TTATGCGCAAGCCACT-1","male","EN-fetal-late",7.72941064666421,-0.642750460835033,4.35511492850315,1.84836228402489
"TTATGCGCAGGTTACC-1","male","EN-fetal-late",4.23187398742349,-0.477805812092357,-1.60667634842861,1.67932053120964
"TTATGCGCATGAATCT-1","male","EN-fetal-late",9.70920896361977,-6.924079496594,1.3142242348386,5.99699028046959
"TTATGCGCATGACTAT-1","male","IN-fetal",3.15996312926919,-7.21627147886329,0.386850890759944,-7.04684202162392
"TTCAACCGTCATTAGG-1","male","EN-fetal-late",-1.39082579482883,2.62856070306725,-2.24354172585476,0.740243571122816
"TTCACTGTCCACCCTG-1","male","IN-fetal",-5.09268045593589,6.57774202135033,3.0012621796323,-3.08508388487465
"TTCAGCACAAACGGGC-1","male","EN-fetal-late",-4.46770191360801,1.3120566716475,-2.90813065407741,0.154872069379023
"TTCAGTTTCACCTGTC-1","male","IN-fetal",-5.63177633453696,8.33480779436059,4.20451068045628,-5.2624115177787
"TTCAGTTTCATGCCTC-1","male","EN-fetal-late",3.26209926437051,0.477465372352071,0.760585746784328,1.71166511090629
"TTCAGTTTCGTTAACA-1","male","EN-fetal-late",5.84649038146645,-1.59219654295021,2.9670472061826,2.56684310944908
"TTCATCCCAATCCTAG-1","male","EN-fetal-late",3.011311052548,-1.13055606576973,0.815557739753841,1.1816573909127
"TTCATCCCAATGCCCG-1","male","EN-fetal-late",-3.23560786415427,-1.40704782697731,-1.9427530848788,2.20847209008568
"TTCATCCCAGCTAATT-1","male","EN-fetal-late",2.85867500137002,0.0912082603258559,-2.32247877953518,1.4845891764962
"TTCATCCCAGTTTGGC-1","male","EN-fetal-late",3.66239738296182,-1.49532945844703,-2.29356003640163,1.59357781918876
"TTCATTCAGCTAAGTC-1","male","EN-fetal-late",-3.54326534439414,5.07445422914452,2.23409616114628,-2.83284561125405
"TTCCACGGTTTATCTG-1","male","EN-fetal-late",-4.45903420616477,1.33597082999176,-2.19439960358608,-0.213626695553133
"TTCCCACAGGACCTCA-1","male","EN-fetal-late",3.3560638410917,-1.32054932806068,1.17403768660557,1.4706514647805
"TTCCCGCCATAGACCC-1","male","EN-fetal-late",-3.00912499595969,5.74003068712182,-1.46641410229671,2.4571963122689
"TTCCCGCCATTGCGTA-1","male","EN-fetal-late",1.96757626365334,2.60326329973168,-0.0206288480566754,0.224836627265146
"TTCCTCAAGAATGACG-1","male","EN-fetal-late",2.80668544601113,0.440250050095982,-0.0835054600046887,1.50700850995415
"TTCCTCAAGGATAAAC-1","male","EN-fetal-late",2.86937665771157,13.6713380029482,-3.98699856636989,6.16852911027305
"TTCCTTCTCATAGCCG-1","male","EN-fetal-late",-3.07744908500999,6.64524261262841,-0.161351569871785,1.10125138076179
"TTCCTTCTCCACCTTA-1","male","EN-fetal-late",-6.30088901687949,2.37863365915246,-4.25780869362819,-0.108638925234148
"TTCCTTGAGCCTGGTA-1","male","EN-fetal-late",2.12211847137124,0.609159689216084,0.0443016803456531,1.70645316155784
"TTCCTTGAGGTTTACA-1","male","EN-fetal-late",1.81970763038308,1.70443372037835,-0.533724912385823,1.84224875481956
"TTCGCAACAAATGCCC-1","male","EN-fetal-late",10.2294516546598,-7.80712612363868,1.68765842082035,6.57802303346031
"TTCGCAACAATATGGA-1","male","EN-fetal-late",2.01698350738198,-0.564430792065196,0.421421486009477,1.18308527978294
"TTCGGTACAAGGAATC-1","male","EN-fetal-late",1.14495158027322,1.89766434934563,-1.03413654206264,1.18664069684379
"TTCGGTACATTATGCG-1","male","EN-fetal-late",-1.10482755471557,2.37598923948235,-1.45809794304836,0.0843840113484174
"TTCGTGCTCAATGAGG-1","male","EN-fetal-late",-7.67680788208335,1.11159948614068,-5.70317507622707,-1.43790630785591
"TTCGTGCTCATAATCG-1","male","EN-fetal-late",-0.723230602038795,2.21965674665398,-1.58867383835781,1.03853829415672
"TTCGTGCTCTGTTCAT-1","male","EN-fetal-late",-0.700929822219306,1.56767730024285,-1.43766797421444,-0.139912439266512
"TTCGTTAGTAATGGCC-1","male","RG",-1.25243708659499,-6.28316601011329,-5.60596323845852,3.67076881440513
"TTGACATCAAGCCACT-1","male","IN-fetal",-4.2741704003939,6.56814042833275,3.34750508429539,-3.1071290203727
"TTGACATCACATACTG-1","male","EN-fetal-late",-7.81821823288291,1.3809216430468,-5.24887324212062,-3.49741022078163
"TTGACATCACTGACTA-1","male","EN-fetal-late",-7.68825197388023,1.42764876392312,-5.31522751687038,-3.51733509985573
"TTGACGTAGTAAGAAC-1","male","EN-fetal-late",-0.7087332623133,5.37244598176903,-1.3012256705569,7.81028802903526
"TTGACTAAGAAGGTGC-1","male","IN-fetal",-3.97124791313499,8.50901548173852,5.23778723837864,-3.84723727194435
"TTGACTAAGCTTAACA-1","male","EN-fetal-late",4.19454240630776,-0.279164392681651,-0.835284122209431,2.4381271174752
"TTGACTAAGGCCTAAT-1","male","IN-fetal",-4.82982158829063,7.25650636461205,3.40306829573643,-3.57033626524574
"TTGACTAAGGGACTAA-1","male","EN-fetal-late",3.98033666442544,-1.30480941030555,1.62419258715641,1.90539022000664
"TTGAGCTAGCACAGCC-1","male","EN-fetal-late",7.17075300048501,1.01835691538281,5.56236933829319,2.56466372521751
"TTGAGCTAGTAACGAG-1","male","EN-fetal-late",2.57371282409341,1.42438725736565,0.0574318981362568,2.42994697602623
"TTGAGGCGTATACTGG-1","male","EN-fetal-late",-14.0394377725252,-11.4568196127134,-1.26273966668117,0.738530474027327
"TTGAGGCGTTAAGCCA-1","male","EN-fetal-late",-5.63099193741172,1.33538256195015,-3.96635962365139,-0.205462617555925
"TTGATGTCAACTGGCT-1","male","EN-fetal-late",-2.03762906957954,2.01443163659996,-2.40551496384609,0.602098929008177
"TTGCAACAGACTTACA-1","male","IN-fetal",-4.09406566788047,7.12693635728783,4.48648070456517,-2.65697805372841
"TTGCAACAGGACCGCT-1","male","EN-fetal-late",2.83949851821572,0.119042914180226,0.482738710065006,1.70080860169761
"TTGCAACAGTCAATCA-1","male","EN-fetal-late",7.45784044097573,-1.56927498075538,3.79448460700047,2.58618600877159
"TTGCAACAGTTTCCTG-1","male","EN-fetal-early",-7.88265848327964,2.04409734514183,-5.18009472725856,-3.50754658667214
"TTGCAAGGTTGTCCAT-1","male","EN-fetal-late",7.21737050841958,-0.843508321972423,4.69072198035252,2.45211251290672
"TTGCAATCACCTACGG-1","male","IN-fetal",3.73629045318276,-5.09040935728126,0.447636983413814,-4.20910875288613
"TTGCAATCATCACTTC-1","male","EN-fetal-late",1.76085376571328,-0.473447758884959,0.0482800817681537,0.81747992547386
"TTGCAGCCAATCTCTC-1","male","EN-fetal-late",3.76013469527871,-5.16465910169654,0.337537317593216,-4.40109960524208
"TTGCAGCCACCTCGCT-1","male","IN-fetal",3.37200355361611,-7.38479145261817,0.745832345504879,-7.10900537459023
"TTGCAGCCAGGACACA-1","male","EN-fetal-late",-0.333166124118262,6.008133809833,-1.06857264874447,7.90156944306724
"TTGCAGCCAGGATGGC-1","male","EN-fetal-late",-6.107736112369,2.00058511999077,-5.26466084359157,-1.4297072121299
"TTGCATTTCATCCTCA-1","male","EN-fetal-late",2.73423862289101,-6.56083448621803,0.619814104457019,-6.65759889570839
"TTGCCCGTCCCTCGCA-1","male","EN-fetal-late",-7.89720249344199,1.15115965512223,-5.39474392769802,-3.22757522551186
"TTGCGAGTCATGAAGG-1","male","EN-fetal-late",0.1320670826307,5.76018468645043,0.271322942395328,7.62135704072349
"TTGCGAGTCCCATAGG-1","male","EN-fetal-late",-1.32004745472758,0.756735671131081,-1.24522114632595,0.0186653232776434
"TTGCGAGTCGAAGTAG-1","male","EN-fetal-late",-7.23236227203696,0.695799272326894,-5.20536375878322,-3.65000049559242
"TTGCGAGTCTCCTCAA-1","male","Endothelial",-17.8642411248812,0.933783706097073,-3.72960520623195,3.05358799012535
"TTGCGAGTCTGGCAAT-1","male","EN-fetal-late",10.4058260900846,-7.41978271696144,1.68317245604527,6.59081705125206
"TTGCGTCTCTATGACA-1","male","EN-fetal-late",10.4683260900846,-7.28773506376319,1.37908153893483,6.19756753953331
"TTGCTTAGTTTGGCGG-1","male","EN-fetal-late",3.23836469482095,-1.0154372045713,0.937602571268199,1.37083132775657
"TTGCTTTAGTCACTAA-1","male","EN-fetal-late",-2.77912557293265,2.81130532529778,-3.04880405304897,0.177004898210695
"TTGCTTTAGTCACTCC-1","male","EN-fetal-late",2.99628591369302,-2.42574818822914,-0.0905360960768475,2.3748913577401
"TTGCTTTAGTGTTGCG-1","male","EN-fetal-late",-3.93911862541526,-2.1963659116941,-1.11764515278804,5.25426681550377
"TTGGATATCCAAGTTA-1","male","EN-fetal-late",-7.51202869583457,1.92627863195366,-5.97181177971828,-2.31641904799111
"TTGGATCAGCCAGGTC-1","male","EN-fetal-late",-6.67466926742881,0.854856395913429,-4.91914797661769,-0.926838202158281
"TTGGATTCAGGCTAAG-1","male","EN-fetal-late",3.09844446014077,-0.904663402767711,1.40805112483036,1.49847252877586
"TTGGATTCATAATGTC-1","male","EN-fetal-late",10.5463232977262,-7.34154804441505,1.77119099261296,6.55772169144981
"TTGGATTCATTTAAGC-1","male","EN-fetal-late",2.90322923492104,13.6229600122256,-3.95052433846462,6.44355829270714
"TTGGCGGGTTCATCTA-1","male","EN-fetal-late",5.68021154235513,-2.49109991285377,2.87240933539402,2.76590617211693
"TTGGCTACATCATGTG-1","male","EN-fetal-late",1.64783119987161,1.55466906335778,-0.872798093538167,0.964643078168562
"TTGGCTTGTCATTACC-1","male","EN-fetal-late",4.27591371368081,1.66820869949288,0.612043133993267,2.54926617654198
"TTGGCTTGTTGCACAA-1","male","EN-fetal-late",0.734133480297631,1.52472142484612,-0.318667300920369,0.0868943391942293
"TTGGCTTGTTTGCAGA-1","male","EN-fetal-late",-7.91382885147422,0.993781667022176,-5.01910401223171,-3.67445175139076
"TTGGGCCAGGACAATG-1","male","EN-fetal-late",1.27551388572366,1.92742852476067,-1.1615841471957,1.23162742169731
"TTGGGCGGTACTAAAC-1","male","EN-fetal-late",2.992117403256,2.14074055459923,-0.522190698366047,1.9088131955468
"TTGGGTTAGTCATGCG-1","male","EN-fetal-late",4.46502780746133,-1.81408556196266,2.44395803572667,2.71539934190147
"TTGGTGAGTTCTTTAG-1","male","EN-fetal-late",-6.4185624139437,1.56374059226937,-4.33472252724636,-0.634365482012102
"TTGTAAGTCCTAATGA-1","male","EN-fetal-late",0.425888655888146,1.9180926492495,-1.95196462510097,1.26736922772758
"TTGTCAAAGGTCCAAT-1","male","EN-fetal-late",7.49071550201089,0.51327664759583,5.31389807822239,2.3860932162606
"TTGTCCATCACATTGA-1","male","EN-fetal-late",-0.309682013286048,6.03286973741478,0.321066602189659,7.53457649262779
"TTGTCCATCATAATCG-1","male","EN-fetal-late",-3.29622757603019,8.14248792436547,-2.53586603043544,0.581574397405317
"TTGTCCCAGGCGGGTA-1","male","IN-fetal",-3.94986987282127,6.43755475786156,3.57150959136021,-3.04308502165444
"TTGTCCCAGGCTTAAC-1","male","IN-fetal",2.53828573058755,-7.383787233563,0.893806210775493,-6.73666135756142
"TTGTCCGGTCATGCAA-1","male","EN-fetal-late",-3.10550463367789,-1.97395427915626,-1.4821111047076,5.38682754548424
"TTGTGCCTCCAATTAG-1","male","EN-fetal-late",2.82545232604653,-0.423280198307567,1.10505985381138,2.03846414597862
"TTGTGCGAGCACTTGG-1","male","EN-fetal-late",5.23764133285195,-2.63787134382301,2.56211971404087,2.60608895333641
"TTGTGCGAGTCCTTTG-1","male","IN-fetal",2.83338975738198,-7.64722736570411,0.110228172559856,-7.25516883818276
"TTGTGTGCAGTATGTT-1","male","EN-fetal-late",5.81899452041299,-2.61390360090309,2.89353584410679,2.88316400559776
"TTGTTCCCAACAACAA-1","male","EN-fetal-late",-0.647628070605689,5.31013480928368,-0.407873042802693,7.7809553912484
"TTGTTGCGTTACTTGC-1","male","EN-fetal-late",6.0023508055082,-2.16528280469947,3.36423849226963,2.44100864442222
"TTGTTGTTCATGCTTT-1","male","EN-fetal-late",-0.254354597819739,5.66543475892968,-1.15185130475032,-0.0992887297070711
"TTTAACCTCCCGCCTA-1","male","EN-fetal-late",-2.91789770294517,5.63272325303978,-1.76308394310939,2.29476721795433
"TTTAACGAGCATGTCG-1","male","EN-fetal-late",3.16583442519814,0.786358684120841,0.168776712436794,0.804778414090803
"TTTAACGAGCCGCAAC-1","male","EN-fetal-late",-4.57398581672996,2.19074217584557,-0.381029137353779,0.479814486821821
"TTTAACGAGCGATAAG-1","male","IN-fetal",-5.54506683517783,7.53522865083642,3.38836335303318,-4.18690101591713
"TTTAACGAGGCCTTAG-1","male","EN-fetal-late",1.86134743522317,0.343121181992955,0.0902689612103687,0.963535623868635
"TTTAACGAGGGCTAAA-1","male","EN-fetal-late",2.08897948096902,-0.450356204243236,0.406800755123241,1.21243019612663
"TTTAAGCCACATAGCC-1","male","IN-fetal",2.52898597549111,-7.88123234006935,0.775478086490749,-7.21544544188149
"TTTAAGCCACCAGCAT-1","male","EN-fetal-late",2.09344410728127,-0.397619921894603,0.39448956592065,0.934996979554823
"TTTAAGCCACGGTACT-1","male","IN-fetal",-3.80340862442344,6.97169153001732,3.86435174109471,-2.42520706144936
"TTTAAGCCAGCTACGT-1","male","IN-fetal",-5.75043821503013,8.55459586885399,3.27341007353794,-5.25878803221352
"TTTAAGCCATTGTCAG-1","male","EN-fetal-late",-0.205995203746253,5.77735034730858,-1.16512513993251,7.79419286759727
"TTTAAGGTCAGTTCCC-1","male","IN-fetal",-5.97549104858726,8.20246450212426,3.9174125111295,-5.31628696409828
"TTTAAGGTCCCTGATC-1","male","EN-fetal-late",-1.5073075311312,1.51408414152092,-1.51492024300563,0.65067221434944
"TTTAAGGTCGTCATTT-1","male","EN-fetal-late",1.7101054174772,1.86383895185418,-1.68503094552028,1.11103238376015
"TTTAAGGTCGTTAAGC-1","male","EN-fetal-late",4.18806743453652,0.239440660743184,1.73437070014012,1.50264080079429
"TTTACGCGTACCGGAT-1","male","IN-fetal",-6.90855074097007,8.07394544389672,3.80322217108738,-5.83492652861244
"TTTAGCAAGGTTACAC-1","male","EN-fetal-late",-7.88575267959922,1.31686047819085,-5.49507046578395,-1.99787847487099
"TTTAGCAAGTAAGTCC-1","male","EN-fetal-late",-4.04403090645164,-1.72343857976966,-1.00876594422329,6.00109966309898
"TTTAGCAAGTTGCCTC-1","male","EN-fetal-late",-4.02515649963706,2.20799092557854,-3.81716872094143,-0.188029808679888
"TTTAGGATCCACCTGT-1","male","EN-fetal-late",-0.197740198863441,0.492390494613118,-1.93397713540065,-0.321524781862566
"TTTAGGATCCTAATAG-1","male","EN-fetal-late",2.53852605651528,1.03602622058815,-0.73402715561855,0.8855142763459
"TTTCACCCAAGGATTA-1","male","EN-fetal-late",6.90086507629067,1.12758694198555,5.11401318671238,3.00122340234154
"TTTCAGTTCCAAATCA-1","male","IN-fetal",-5.88335418869346,8.3016375711245,3.94578789832127,-5.32180969206459
"TTTCAGTTCCGCCAAA-1","male","EN-fetal-late",3.96725511382729,0.500608693627782,0.678814551849483,1.73387320550316
"TTTCAGTTCGGTCATG-1","male","EN-fetal-late",-2.91631102730125,5.60756961610741,4.73048924567234,-3.73228089300759
"TTTCATCAGGAGGGTT-1","male","EN-fetal-late",-1.63147460092395,1.59080831315941,-2.70947862503994,0.178538637479475
"TTTCATCAGGAGTAAT-1","male","EN-fetal-late",3.65077161620767,1.40568862464852,0.421090583373426,2.04020519765251
"TTTCATCAGGATTTGC-1","male","EN-fetal-late",-0.280781986010963,5.40167657640404,-0.30037624476421,7.25532110246055
"TTTCCGGGTATTGTGG-1","male","EN-fetal-late",-6.42770338226646,1.53038905170388,-3.97503519890773,0.106298575421503
"TTTCCGGGTGTTGCAA-1","male","EN-fetal-late",8.09414052795083,-0.130819399090343,4.70676850440037,1.80682476075523
"TTTCCGGGTTAACACG-1","male","EN-fetal-late",-5.47739839722007,1.08949426916069,-3.63704586861599,0.0580889678203375
"TTTCCGGGTTTAAAGC-1","male","EN-fetal-late",-2.472779871715,4.94971839693017,-1.7364771449374,2.05792220147484
"TTTCCTGAGCTCCTTA-1","male","EN-fetal-late",7.54863214324624,0.705102201370663,5.62086056830418,2.57877858193748
"TTTCCTGAGGTGCGGA-1","male","EN-fetal-late",-0.758421482337409,5.5225323846621,-0.583670028428914,6.82712181123131
"TTTCGTCCAGAGAGCC-1","male","EN-fetal-late",-2.98838341404288,1.5376331618113,-3.36268950341213,0.200070413073233
"TTTCGTCCAGGCCATT-1","male","IN-fetal",-6.87029361893027,8.1562689950747,3.54526614310276,-6.85844604460365
"TTTCGTCCATAGCGAG-1","male","EN-fetal-late",9.40401506255776,-7.90808876249366,-1.18534410832393,7.2630749514901
"TTTCTCACAAGTAAGC-1","male","EN-fetal-late",5.81152772735268,-2.45767863485389,3.11227225424778,2.7080040744149
"TTTCTTGCACAAACTT-1","male","EN-fetal-late",-3.04556858707755,7.03888456132836,4.43570660712254,-2.34899727789528
"TTTGACCGTCACAGAC-1","male","EN-fetal-late",6.52765989135415,-0.597520072193675,3.89520930411351,2.0374912789666
"TTTGACCGTGTTCCCA-1","male","EN-fetal-late",2.47834396194131,0.442794631986088,0.0950168287945972,1.91546948464744
"TTTGACTTCATTATGG-1","male","EN-fetal-late",1.51785516570718,0.866708764625854,-0.677835234384419,1.25262733014458
"TTTGACTTCCGGAACC-1","male","EN-fetal-late",1.1642217619291,1.12724850681252,-1.71352148888576,2.36923225434654
"TTTGACTTCGGTTAGT-1","male","EN-fetal-late",0.813310621487206,-4.14653070661598,4.1513094818784,1.30780585320823
"TTTGAGTCAGGCTAAG-1","male","EN-fetal-late",9.0247855169645,-7.09776981565528,-0.996633657197834,1.86253853352897
"TTTGCATTCCCTGACT-1","male","EN-fetal-late",-2.27780950237601,1.65428225305504,-3.19604373810756,-0.436779243627855
"TTTGCATTCGTCATTT-1","male","OPC",-13.9139790551791,-11.6748591253477,-5.52563286660183,3.18973167451256
"TTTGCGACAAGATTCT-1","male","IN-fetal",-5.61564016510337,8.53887407091088,4.52119874121678,-4.90753738371498
"TTTGCGACACTTGTTC-1","male","EN-fetal-late",-13.7983756082186,-11.6922322103696,-5.06379176018703,-3.25806133238442
"TTTGCGACATAGCGGA-1","male","EN-fetal-late",-4.16634583641379,-2.49447377416664,-1.83219791291225,5.46171100648277
"TTTGCGGAGGGTGAGT-1","male","EN-fetal-late",3.32755946944863,1.83723370340294,0.395701716710447,1.96386535676353
"TTTGGCTGTAACAGGG-1","male","EN-fetal-late",1.58500933478982,0.437833230761952,0.0233789003087269,0.763742165883711
"TTTGGCTGTTTAGCGA-1","male","IN-fetal",2.80118322204263,-7.48522575590187,0.115513972063182,-7.19435350386269
"TTTGGTGCATAAAGCA-1","male","EN-fetal-late",7.29098653625161,-1.52459152433448,5.39510249259007,2.50791771920555
"TTTGTCCCAATAGTCT-1","male","IN-fetal",-3.67695260216087,-1.24403365346962,-1.22332836029995,5.28859146149986
"TTTGTGAAGTTATCTC-1","male","EN-fetal-late",3.06212949584634,13.4765690973086,-4.11530590889919,6.25305755647056
"TTTGTGAAGTTGCGTG-1","male","EN-fetal-late",-4.12426543403953,-2.3366189787107,-0.719996341447712,0.592317419370344
"TTTGTGGCATTGTCAG-1","male","EN-fetal-late",-2.91316366363853,-1.22520478460365,-1.31360627053249,2.22910435708397
"TTTGTGTTCCCTGACT-1","male","EN-fetal-late",2.80865812133462,2.44079260137505,-0.508203991632344,2.25860484155052
"TTTGTGTTCCGGGACT-1","male","EN-fetal-late",3.4968199713102,-4.34521349165016,0.457401408870338,-4.29605762449867
"TTTGTTGGTAGGTTAT-1","male","EN-fetal-late",0.501248238789147,0.36655924823708,-0.862627753000142,0.103701772411993
"AAACAGCCACATAACT-2","female","EN-fetal-late",-0.501768590701514,0.527244757680363,-1.18711078999508,-1.38130442587502
"AAACAGCCACCAGGTT-2","female","EN-fetal-late",-0.269900085223609,-4.80825956556373,-0.0226132356928601,1.64878912480705
"AAACAGCCAGGAACTG-2","female","EN-fetal-late",0.138809798466271,-4.19540842268043,-1.97707272408474,-0.817016107717821
"AAACAGCCATCACTTC-2","female","EN-fetal-late",10.4320845587125,-7.61194427702003,1.65020536543858,6.66508491547935
"AAACATGCAGCTTACA-2","female","EN-fetal-late",1.91174816917092,2.4596319606585,1.00936161639225,-1.20511369196541
"AAACCGAAGCCAGGTC-2","female","EN-fetal-late",-0.281329514277869,5.39975730684227,-0.175938376169087,6.59969194444053
"AAACCGAAGCTATATG-2","female","EN-fetal-late",3.03889942001016,2.03088371065087,1.19927769066822,-0.888772411028215
"AAACCGCGTATTGCAG-2","female","IN-fetal",-4.56260013748496,6.25804082658715,3.10967849852574,-3.01026885000832
"AAACCGCGTTACCTGT-2","female","IN-fetal",-3.15482521225303,6.97224084642357,4.86992501379979,-2.72764985052712
"AAACCGCGTTAGTACG-2","female","EN-fetal-late",-6.23831129242271,2.57106749322838,-4.02713919518459,-2.33095590559609
"AAACCGCGTTTCAGGA-2","female","EN-fetal-late",-6.42026186157554,1.72211353090233,-4.33926821587551,-2.17718092886574
"AAACGCGCACCGGTAT-2","female","EN-fetal-late",6.2031097395292,-2.64466436597877,2.89829753996861,2.62944133790367
"AAACGCGCATTGCGAC-2","female","IN-fetal",-0.282597185862952,-9.20568760129981,3.43173383833897,-6.76146308867104
"AAACGGATCGCTCCAT-2","female","EN-fetal-late",2.63504457305581,-3.63978155347877,2.15439247252476,-7.3929423519767
"AAACGGATCGGTCAAT-2","female","EN-fetal-late",-3.58041072059959,-3.17839391920143,-1.605405577402,4.94112213166588
"AAACGTACAACTAACT-2","female","EN-fetal-late",3.32393598388345,13.2227591684145,-4.16144514916408,6.2488861850106
"AAACGTACATTGCGGT-2","female","EN-fetal-late",-6.48617315460532,1.73723475244469,-4.47431183693874,-2.74038140265114
"AAAGCAAGTCTAACAG-2","female","EN-fetal-late",-5.6556983010897,1.54127935674614,-4.07941628334987,-0.937932891527483
"AAAGCCCGTGAGCAAG-2","female","EN-fetal-late",7.84048127959878,0.139961164264149,4.68600129248631,1.3554513028466
"AAAGCCGCAACCTGGT-2","female","EN-fetal-late",-4.32442140747398,1.34875861909813,-2.21025992272365,-2.12854592291481
"AAAGCCGCACCAGCAT-2","female","IN-fetal",9.91508149932534,-6.82692201826149,3.19936107756626,-3.08974163023598
"AAAGCCGCAGCCAGTT-2","female","EN-fetal-late",-3.3799939172396,0.521878342894978,-4.85869885323513,3.12745531113975
"AAAGCCGCATGTCAGC-2","female","EN-fetal-late",0.184328673588342,5.78255025651879,0.161122894902347,7.04336364777916
"AAAGCCGCATTAAGCT-2","female","EN-fetal-late",7.18590974639565,-1.57936318609291,5.28462266089451,2.81249006303184
"AAAGCGGGTGGACCTG-2","female","EN-fetal-late",7.95356988738686,-0.0733865687566331,4.78573464514744,1.76123161824577
"AAAGCGGGTTTAACGG-2","female","EN-fetal-late",-4.78216076065391,1.21391586568779,-2.65258813736904,-2.85346047369606
"AAAGCGGGTTTGGGTA-2","female","EN-fetal-late",-0.811028243792945,2.85218111780114,-0.474805840234639,-2.63806693045265
"AAAGCTTGTACAAAGA-2","female","IN-fetal",-0.445035459292823,-9.20729263517433,3.53793882491124,-6.7654313275016
"AAAGCTTGTACAATGT-2","female","EN-fetal-late",-5.18409538437217,1.62294081952996,-3.94092465279567,-2.73476283041603
"AAAGCTTGTCATCATC-2","female","IN-fetal",-0.38718545605033,-8.75569923612647,3.63568877341282,-7.28272668806679
"AAAGCTTGTGGGTACT-2","female","EN-fetal-late",-1.46712647639751,-6.2717471906858,0.551158658285259,-0.904559535662004
"AAAGCTTGTTTACTTG-2","female","EN-fetal-late",-3.71495771576255,2.22503642347283,-2.62010599015224,-2.27226488081581
"AAAGGACGTACCGGAT-2","female","IN-fetal",3.7122797949186,-6.33079059812599,-0.333309301118733,-5.77226154295571
"AAAGGACGTATTGGTG-2","female","EN-fetal-late",-2.82349682022422,2.93578497674889,-4.75557947991359,-3.31442229239113
"AAAGGACGTGTTGTAG-2","female","EN-fetal-late",-3.23409962822288,1.37999216821618,-2.21193672059047,-1.61792628256447
"AAAGGACGTTTGCTGT-2","female","IN-fetal",3.40365648101479,-5.90544422361427,0.348361003269075,-4.82920782057411
"AAAGGCTCAGCAAGGC-2","female","EN-fetal-late",-4.08823013473838,2.62869850900597,-4.39641714928615,-3.0933875271476
"AAAGGCTCAGTCTAAT-2","female","EN-fetal-late",1.26822447608621,0.487252604035802,0.556222758312343,-0.161959571520159
"AAAGGTTAGCCTTAAA-2","female","EN-fetal-late",1.31743120978982,-1.01797242853218,1.12762897374165,1.10098876269691
"AAATCCGGTAGCTGGT-2","female","IN-fetal",0.697955368267602,-8.15653045866065,0.797169766445278,-7.28321973768837
"AAATCCGGTCAATACG-2","female","EN-fetal-late",-1.92086538840621,0.560995142726369,-2.02266765473354,-1.84414116827614
"AAATCCGGTGATCAGC-2","female","EN-fetal-late",-6.80010080505698,2.21465770509667,-4.34776163933742,-2.41267411200173
"AAATCCGGTGTGTGGT-2","female","EN-fetal-late",8.09447812865884,-0.399996359081798,5.21482800604832,2.12926061662071
"AAATGCCTCACTAAGC-2","female","EN-fetal-late",-5.27589202095359,1.6120806148333,-4.15440607903469,-2.45663444487221
"AAATGCCTCATTTAGG-2","female","EN-fetal-late",-2.91303801704734,6.01156322267479,-0.54849750636089,-1.54356042830116
"AAATGGCCACTGACTA-2","female","IN-fetal",0.0775257332196893,-9.03634365293556,3.46855544211399,-6.9693698116935
"AACAAAGGTAGCCTAA-2","female","OPC",-14.0580182092318,-11.4541340658384,-5.91684199212062,3.57486279519432
"AACAAAGGTTGCACAA-2","female","EN-fetal-late",-3.35555303264945,-3.13639004919105,-0.753483542184712,4.78847845109337
"AACAAGCCAAGGACCA-2","female","EN-fetal-late",-0.57488840986579,-4.13188274595314,4.12756466032994,-7.03324596373207
"AACAAGCCAGGCATGA-2","female","EN-fetal-late",2.57940625976235,1.48753617313332,1.24468719126713,-0.282913012186357
"AACAAGCCATAAAGCA-2","female","EN-fetal-late",4.9690952284208,-0.593139011593395,1.67620503069889,1.28068109067314
"AACAAGCCATCAGTAT-2","female","EN-fetal-late",0.443001983868188,-4.67242630216651,-5.26697493432033,-3.00736586538918
"AACAGATAGCTTTGGG-2","female","EN-fetal-late",3.81958150695474,-1.51526029798561,-0.677433379869343,2.1831975749337
"AACAGATAGGACAATG-2","female","EN-fetal-late",10.5073618872038,-7.54237850400978,1.62258624197972,6.58389432938927
"AACAGCAAGGACCAGG-2","female","EN-fetal-late",-5.03878665138572,1.97145346906609,-3.47948075173366,-3.04852549521095
"AACAGCAAGGACGTAA-2","female","EN-fetal-late",-0.38609230686515,-4.50798567030006,-4.4317360007571,-1.16050199953682
"AACAGCAAGGGCTTTG-2","female","EN-fetal-late",3.91353177856118,2.06976286676354,1.99649249674809,0.440835314115217
"AACAGCAAGTATTGTG-2","female","EN-fetal-late",-1.26661579479068,1.76197783258385,-0.657691725473286,-2.15378181425698
"AACAGGATCGATTTGA-2","female","EN-fetal-late",-3.76599121261924,-2.19884856435829,-0.810645707826497,5.34522398026817
"AACATAGCAACACCTA-2","female","EN-fetal-late",6.40301847289712,-0.900249440403514,3.03924965025914,2.07173653157585
"AACATCATCCATAATG-2","female","EN-fetal-late",-5.47063589264243,1.82704637554116,-3.83805848000515,-2.58855859724648
"AACATCATCCTGATTT-2","female","EN-fetal-late",-1.91685226727813,0.942469183175034,-1.08585048554409,-1.41704074827797
"AACATCATCGCTAGCA-2","female","EN-fetal-late",5.98047303985268,-2.56598122808509,3.49021267058384,2.87441523583763
"AACATCATCTGGTCCT-2","female","IN-fetal",-4.19810509849876,7.02955953386254,3.77817224623692,-6.79949848143227
"AACATTGTCCCGTTTA-2","female","EN-fetal-late",-1.24432292748778,2.01086596754021,-1.16482175229061,-2.3814791866935
"AACCCGCAGGAACACA-2","female","EN-fetal-late",3.28698015044839,2.00484041479058,1.68735252978337,0.0313433429800779
"AACCCGCAGTAACGAG-2","female","EN-fetal-late",-0.467594565642768,0.743227016000218,-1.08774078724849,-1.22762934652931
"AACCGCTCAACGTGCT-2","female","EN-fetal-late",0.480830429302758,-4.7763071844297,-0.821858652810933,1.83230836900108
"AACCGCTCAATAAGCA-2","female","EN-fetal-late",-3.37228834797233,1.98749796655602,-1.55130995152462,-2.34811918226845
"AACCGCTCAATCCTAG-2","female","EN-fetal-late",-2.09901356865256,3.05150119569725,-0.424841173868061,-2.21311275450356
"AACCGCTCAATGAATG-2","female","EN-fetal-late",1.28437876533181,-0.0352957436757615,0.401320549250214,-0.349911970774004
"AACCGCTCATGAAATG-2","female","EN-fetal-late",-1.84501308370917,2.51088921335167,-1.30657769082058,-2.15205113379128
"AACCGGCTCATGCGTG-2","female","EN-fetal-late",0.946898458706445,-0.785184342594676,0.194408542533039,-0.100187984982797
"AACCGGCTCCTCCCTC-2","female","EN-fetal-late",-1.57149349321216,0.968719627527661,-0.173185654859425,-1.37482456652291
"AACCGGCTCTAATCTC-2","female","IN-fetal",-4.87792110611289,8.82468454149193,4.35860323073399,-5.11663095442421
"AACCTAATCTCGACCT-2","female","EN-fetal-late",-3.24138963390678,5.81295291688866,3.8656284725858,-2.5161170193351
"AACCTCACAAAGGCCA-2","female","EN-fetal-late",-7.76005220581382,2.28700355794854,-5.16142512200344,-1.54462246386177
"AACCTCACACCACAAC-2","female","IN-fetal",2.00839686225564,-7.77256496641212,0.82734849216473,-6.58640853850014
"AACCTTAAGCTAGAAG-2","female","IN-fetal",-4.54051113296836,7.54342834260888,3.33402942778599,-3.72500149695046
"AACCTTAAGGCTTAGT-2","female","IN-fetal",-4.80016374756187,7.68833772447533,4.42499064566624,-3.75504676787026
"AACCTTAAGGTTTACA-2","female","EN-fetal-late",-0.12357723881095,-0.256401736469798,-0.325358577947499,-0.842950684706041
"AACCTTAAGTAAGTGG-2","female","EN-fetal-late",-3.58005547691672,-2.63371451589637,-1.04895604489315,4.89511974366539
"AACCTTAAGTTATTCC-2","female","EN-fetal-late",10.1719441397062,-7.68871124479347,1.86418484808934,6.9900503924691
"AACCTTGCAATTAAGG-2","female","EN-fetal-late",2.32010865043313,2.0326869895739,1.5266392147733,-0.326868368069002
"AACCTTGCAGGCCTTG-2","female","EN-fetal-late",-5.21887517143577,2.48640159872002,-3.26030803559292,-2.85356823889382
"AACCTTGCAGGCTAAG-2","female","EN-fetal-late",-1.34952847082704,1.57736830022759,-1.19856370327938,-2.65819279638893
"AACCTTGCATCGTTCT-2","female","EN-fetal-late",3.31132078002602,13.2346171548647,-4.04701996682155,6.17459018739097
"AACCTTGCATGAGCAG-2","female","EN-fetal-late",7.76348638366372,0.384640764264531,5.07056712271702,2.50660641702049
"AACGACAAGCATCCAG-2","female","EN-fetal-late",-2.20895523001044,2.76730136182732,-0.434805937986256,-2.68134037939675
"AACGACAAGGAAACTG-2","female","EN-fetal-late",0.615832565533227,1.52409575488991,0.497537261862873,-1.54662720648415
"AACGACAAGGTTACGT-2","female","EN-fetal-late",5.24095678161294,1.42478184011406,3.01149033667576,0.647286908944777
"AACGACAAGTGGACAA-2","female","EN-fetal-late",-1.22148934174865,0.754307653574414,-1.19931829808223,-1.34704606024391
"AACGCCCAGGCAACAA-2","female","IN-fetal",6.10006952117593,-0.0934789964871934,4.01255106093419,-6.92532054869301
"AACGCCCAGTTTCCTG-2","female","EN-fetal-late",3.19076061080605,13.3469094445986,-3.99178219674099,6.16718776734703
"AACGCTAGTCCTTAGT-2","female","IN-fetal",-4.78680086304038,6.05127612855858,2.9454190647794,-2.96688954321511
"AACGCTAGTTAACAGT-2","female","IN-fetal",-5.83573818374961,7.68589488771386,3.54545449378025,-4.6436919399894
"AACGGTAAGCACGTTG-2","female","IN-fetal",-4.75381827522605,6.7472376039309,3.50857805373204,-2.70903079001076
"AACGGTAAGCCTGTTC-2","female","EN-fetal-late",-2.40060532261222,3.19702283647484,-0.730630882959248,-2.824472350756
"AACGGTAAGCTGTAAC-2","female","EN-fetal-late",-3.51249766517966,2.67484740522332,-0.982954152803303,-2.944589538256
"AACGGTAAGTAACAGG-2","female","EN-fetal-late",-0.0720475928911506,-0.38862724992805,-0.961911925058247,-0.716511590162584
"AACTACTCACCCACCT-2","female","EN-fetal-late",3.35775136779458,2.11899523046441,1.47714316012394,-0.492967528978655
"AACTACTCACCTCAGG-2","female","EN-fetal-late",-6.88603115249961,1.56328592803902,-4.68689823983181,-2.13021103827126
"AACTACTCAGCGCTTG-2","female","EN-fetal-late",-4.75694465805381,2.79441575315423,-3.90979290841091,-2.74262659041054
"AACTACTCATGTGGGA-2","female","EN-fetal-late",3.31393670867593,1.68129138257927,3.10006951453221,2.42408164056175
"AACTAGCTCATGCCTC-2","female","EN-fetal-late",-7.63053989578574,1.9998683145327,-5.18374825356472,-1.92382637945778
"AACTAGCTCGAGCTAT-2","female","EN-fetal-late",-0.961913974774772,-0.135157544346385,-1.2616875254916,-0.908641738573381
"AACTAGTGTTGCGGAT-2","female","EN-fetal-late",0.261722324596948,0.338807444838948,-0.129282363633992,-1.04866711584694
"AACTCACAGTTATCCT-2","female","IN-fetal",-3.38552594353049,8.51531640794701,5.49384831549656,-3.2703267761863
"AACTGTTCACAGGGAC-2","female","EN-fetal-late",9.98643541167886,-8.10458858701759,1.70612322451603,6.81996257813804
"AAGAACAGTAAGCTTG-2","female","EN-fetal-late",5.21574783157021,-2.52694042417579,1.14267813326847,1.01253743680351
"AAGAATCAGAAGCTAG-2","female","EN-fetal-late",-0.376852990878516,2.12519709375329,0.00971292616855962,-1.97387973753578
"AAGAATCAGAGAGCCG-2","female","EN-fetal-late",-8.31286478210776,1.71156243589348,-5.79375410912502,-1.83994464365608
"AAGAATCAGGCGCTAC-2","female","EN-fetal-late",-0.135393978846961,6.25380985048241,-0.49375546811092,7.53725822480552
"AAGAATCAGTAACCCG-2","female","RG",-1.19014638830512,-6.3054910490232,-5.90235424874294,3.52594383271568
"AAGACAAGTCAAGTAT-2","female","EN-fetal-late",-3.49014115501731,5.92644492891259,-1.06710995076168,-2.82986323324806
"AAGACAAGTGGATTAT-2","female","EN-fetal-late",2.10757016967446,1.37261066940255,1.80032633902562,1.13390584500664
"AAGACAAGTGTTTCAC-2","female","EN-fetal-late",-4.72315359283775,-2.0350220987516,-1.48742545483577,7.58573396714561
"AAGACAAGTTTGGCGG-2","female","EN-fetal-late",-5.77697420288413,-2.84991772863441,-0.686924942712666,8.27825458558433
"AAGACATAGAACCTAC-2","female","EN-fetal-late",-5.75392627884238,-3.14933212492042,-1.27100075123775,8.42646987946861
"AAGACATAGCAAGGTA-2","female","EN-fetal-late",-3.4078224914202,2.12873296049065,-5.42921400902736,-1.59029142347939
"AAGACATAGGGCCACT-2","female","EN-fetal-late",7.45848131011636,-0.681750256748729,-0.341671892385365,2.15928180726402
"AAGACATAGGTCTTGG-2","female","EN-fetal-late",0.369249103771752,-4.41585167142921,4.25100230338108,-5.03450815168984
"AAGACCAAGTAAAGGT-2","female","EN-fetal-late",-6.82904243637412,1.573452751903,-5.32076216576564,-1.85460261789925
"AAGCAAGTCGCTATAA-2","female","EN-fetal-late",-7.45064115692466,1.54498348739571,-5.46450091240871,-1.9416164585746
"AAGCATGAGCACCACA-2","female","EN-fetal-late",-0.232627751124793,-4.06068952772193,-1.14337027905452,1.39801486047142
"AAGCATGAGGAACGGT-2","female","EN-fetal-late",6.57984113525063,-1.90215929243141,3.76360224844944,2.93291981728905
"AAGCATGAGGTAAGGC-2","female","EN-fetal-late",2.08246469329507,-1.21786244604164,0.829563549776195,0.716678755601576
"AAGCATGAGGTTAGCT-2","female","EN-fetal-late",-2.44995719362586,-1.0926585981565,-1.47815514443386,4.66490085633629
"AAGCATGAGTGATTCA-2","female","EN-fetal-late",-2.27174651790946,0.644828703073926,-1.98419595597255,-1.42737237898476
"AAGCATGAGTTGGGCC-2","female","EN-fetal-late",-5.15242624451011,-2.27092178556495,-1.41162753937709,7.94143207581871
"AAGCCACGTAACCACA-2","female","EN-fetal-late",-0.178603412402564,-4.21959264967018,-0.860170491914631,4.7908144763314
"AAGCCACGTAAGGTCC-2","female","EN-fetal-late",3.38632058929116,13.1619595697207,-4.13976527092922,6.29211147340172
"AAGCCTGTCAAGCTTA-2","female","EN-fetal-late",-0.0989028232225715,-3.85793026182228,-0.95816672680843,1.71335537942283
"AAGCCTGTCGCAGGCT-2","female","IN-fetal",-0.65648067165702,-9.40792854520851,3.97365855338108,-7.33675376860268
"AAGCCTGTCGCATTAA-2","female","EN-fetal-late",5.3178296072355,-2.6927460024076,2.13099717261326,2.70274098428123
"AAGCCTGTCTCAATAG-2","female","EN-fetal-late",2.5656528456083,2.04551903512902,1.6859602844907,-0.154527796188661
"AAGCCTTAGCTTAGTA-2","female","EN-fetal-late",-2.16727882791846,1.44262246396965,-1.78556276200283,-1.60350839583046
"AAGCCTTAGGAGTCGG-2","female","EN-fetal-late",10.4476037008634,-7.51575000974708,1.87854932906163,6.78071935685509
"AAGCCTTAGGGATGAC-2","female","EN-fetal-late",-4.37087893654197,1.90158311632103,-3.30361557839382,-2.6964616009391
"AAGCCTTAGTAAACCC-2","female","EN-fetal-late",-4.14662814308494,1.58799425867028,-2.35904456017482,-1.58079699961312
"AAGCCTTAGTCTGGGC-2","female","EN-fetal-late",-1.3049743192324,1.56719450262017,-0.928905614595295,-1.47820739237435
"AAGCGAATCACACAGT-2","female","IN-fetal",-0.0790114419588386,-9.08804805967384,3.38690613867771,-7.33010856596596
"AAGCGAATCCCGTTGT-2","female","EN-fetal-late",-4.05550694633811,-2.5700083563047,-1.56865073082912,5.38572223695152
"AAGCGAATCCTCCCTC-2","female","EN-fetal-late",-5.96388340164512,-3.62910993787818,-0.103568979482533,8.14853675874107
"AAGCGAGGTGGTTATG-2","female","EN-fetal-late",6.27882003616006,0.0818734576982925,3.67253278853428,1.10467852862709
"AAGCGCTGTGATGATT-2","female","IN-fetal",-2.88595044781058,7.5425085237307,5.15309476019871,-2.83427159277565
"AAGCGCTGTGGTTATG-2","female","EN-fetal-late",-1.27787886728137,2.42674617078728,-1.4568253838824,-2.05427662817604
"AAGCGCTGTTCGCTCA-2","female","EN-fetal-late",-5.03719091583579,2.38927964475579,-3.01837778923977,-2.87034599272377
"AAGCGCTGTTGTTCAC-2","female","EN-fetal-late",7.42398214172036,-1.43918975088172,4.12965487601292,2.22033341439598
"AAGCGGGTCTCACAAA-2","female","EN-fetal-late",-1.84200483728736,0.436781298188634,-1.97841955063808,-1.24112765280373
"AAGCGTTTCCTAATAG-2","female","EN-fetal-late",0.629441736446923,2.23536805417962,0.408985837419151,-1.72037057367928
"AAGCGTTTCGATTATG-2","female","EN-fetal-late",2.2886867506376,-0.385338146420055,0.819517812748073,0.362489538510969
"AAGCTAGAGACAGGTA-2","female","EN-fetal-late",-3.89632010628074,-2.55377109739357,-0.791936525087239,-0.653427226225206
"AAGCTAGAGCTTTGTT-2","female","EN-fetal-late",1.23325252364785,2.39583186414666,1.13238429190647,-1.08592335669167
"AAGCTAGAGTTATGTG-2","female","EN-fetal-late",6.51838159392983,-0.0338410923200181,5.18428277136814,2.57928808244102
"AAGCTATGTGTCCAAA-2","female","EN-fetal-late",-0.00335610081046211,-0.315569836826854,-0.946362026910664,-0.617031259218523
"AAGCTTGGTAAGCTTG-2","female","EN-fetal-late",-0.347931625140601,-4.5655556509214,-1.42678511975277,0.228808360418013
"AAGCTTGGTCACAAAT-2","female","EN-fetal-late",3.73855352233559,1.70883707311577,2.13806187273991,-0.0840869077838152
"AAGGAAGCACGTGCTG-2","female","EN-fetal-late",0.286619661556786,0.973015378980107,-0.171762117128254,-0.256219042221376
"AAGGATCCAAGGATTA-2","female","EN-fetal-late",2.58653688262612,-0.806264717312389,1.31562792422306,0.88345368417137
"AAGGATCCAATTGCGC-2","female","IN-fetal",-5.05191207100242,8.80075732973046,4.28086589934361,-4.93517963377602
"AAGGATCCACAGAAAC-2","female","IN-fetal",-6.46038246322959,8.44707433488793,4.16062759520543,-5.20466939894325
"AAGGATCCAGAGAGCC-2","female","EN-fetal-late",10.2114043218961,-7.98817833158546,1.31879519583714,6.82406576188438
"AAGGATCCAGGTTACC-2","female","EN-fetal-late",7.68803071807534,-1.0106525013166,1.44024657370579,1.30500145467155
"AAGGATCCAGTGAACG-2","female","EN-fetal-late",-1.36677286942094,3.03321377542443,-0.777073630075337,-2.71034638373024
"AAGGATGTCGCTAGCA-2","female","IN-fetal",-4.76751136947959,5.84958640840477,2.97636484267247,-3.20028011290199
"AAGGATTAGGACGTAA-2","female","EN-fetal-late",2.40399670432717,-6.41231544706398,-3.77850390313137,-2.50076572386391
"AAGGCCCTCAAGCTTA-2","female","EN-fetal-late",7.37427472900063,-0.877962429256969,4.30971168639195,1.79915483506553
"AAGGCCCTCCCGTTAC-2","female","EN-fetal-late",5.61308765243203,-2.48448117467933,2.55922793509495,2.81865008386009
"AAGGCCCTCTAACTGA-2","female","EN-fetal-late",2.54268240760476,-1.29781134817176,3.38772343756687,-7.46447030989296
"AAGGCCCTCTTTGAGA-2","female","EN-fetal-late",-5.07771611381858,2.55173973348565,-3.33996582863796,-2.47655264822609
"AAGGTGCAGGAGTCTT-2","female","EN-fetal-late",6.89198064635903,0.050559084681935,3.53591345908177,1.1717799475991
"AAGTAGCCAAACGCGA-2","female","EN-fetal-late",-0.100375296367103,-5.23155315610939,-1.78146601555813,2.17428858788841
"AAGTAGCCAGAAACGT-2","female","EN-fetal-late",-0.084976317180091,2.49471608903832,0.499923869092582,-1.89042965857155
"AAGTAGCCAGCACGAA-2","female","EN-fetal-late",-7.03856706787437,1.45852486398644,-5.24227953789699,-1.82156757799751
"AAGTAGCCATCCCGCT-2","female","IN-fetal",0.99436116050393,-8.78786857816749,1.2924045241071,-7.15034286467201
"AAGTCTATCAGTATTG-2","female","EN-fetal-late",-6.15785360504478,-3.31053503248268,-1.16269744275081,8.67598922761314
"AAGTCTATCTTGCTAT-2","female","EN-fetal-late",-0.375344278109962,-3.90402897092872,-0.155654140691639,-1.5494239756263
"AAGTGAAGTTAACACG-2","female","EN-fetal-late",-0.832691313517982,-0.102921385498576,-1.18120694993007,-0.728357119242021
"AAGTGCAAGCACAGGG-2","female","IN-CGE",-0.141009690059119,-4.40472849103981,1.74574123980534,5.99617488892906
"AAGTGCAAGCGCCTAA-2","female","EN-fetal-late",7.22980737517983,1.04425492492146,5.18160437705052,2.58726199181907
"AAGTTAGCAAAGCGCA-2","female","EN-fetal-late",-6.05252885986655,-2.97151907178932,-0.878322490434529,8.566396789869
"AAGTTAGCAAGGACCA-2","female","EN-fetal-late",-3.34507107902854,1.26291577127404,-2.26409436104763,-1.69347326246865
"AAGTTAGCAGCAGGTA-2","female","IN-fetal",-0.365586759341651,-9.13782604429298,3.29672431113255,-7.35255662886269
"AAGTTTGTCAAACCTA-2","female","EN-fetal-late",4.03627776931435,1.96841398981041,2.23098575236332,0.151117213314107
"AAGTTTGTCGTTAGTA-2","female","EN-fetal-late",7.04921579192788,1.1008903494162,3.77360056998265,0.851537065824202
"AAGTTTGTCTACCTCA-2","female","EN-fetal-late",-3.40851831604331,1.77840022352166,-2.34396839974392,-2.29221622435219
"AAGTTTGTCTCAATTC-2","female","IN-fetal",2.89644193481118,-6.13561638090187,-0.188022204618336,-5.85317460981972
"AATAACCGTCACAGCG-2","female","EN-fetal-late",-4.02066731621116,-2.5942581484037,-1.84547377465236,5.36403425248497
"AATAACCGTCCTTTAA-2","female","EN-fetal-late",6.34097146819741,0.838044816680394,2.8135147011472,0.959610777219465
"AATAACCGTGAGAAAC-2","female","EN-fetal-late",5.04628801177651,0.131288867263264,4.15722774626744,-6.26797143904335
"AATACCGGTGCTTTAC-2","female","EN-fetal-late",1.98367571662576,1.38785962369866,0.611973754186748,-1.69542042700417
"AATACCGGTTAAATGC-2","female","EN-fetal-late",-7.92968654800742,2.12599114683098,-5.85594368813503,-2.18306652990944
"AATACCGGTTGAGCCG-2","female","EN-fetal-late",7.28899431060464,0.977253835467763,5.10455273749363,2.8283060363137
"AATAGAGGTAAAGCGG-2","female","Microglia",10.8038887960783,15.6444157769961,-3.49951077340114,3.1094351580941
"AATAGAGGTACCTTAC-2","female","IN-fetal",3.98037910293252,-5.21406133863502,0.22600517334473,-4.66507999388344
"AATAGAGGTCAAAGAA-2","female","EN-fetal-late",-2.91392088104575,1.2107057085318,-2.2340893828677,-1.24909023729927
"AATAGAGGTCAGTAAT-2","female","EN-fetal-late",-1.34392160345405,-6.48914917203956,-1.84991408226955,-2.9531082340873
"AATAGAGGTCCGTAGG-2","female","EN-fetal-late",-2.0331231968531,0.684560935763783,-1.83652544854152,-1.27288572279579
"AATAGAGGTGAAACAA-2","female","EN-fetal-late",-5.36028671432822,-2.39479692670875,-0.654915579538228,7.2467962077462
"AATAGAGGTTAGACCA-2","female","IN-fetal",1.53745674918801,-7.52955349180275,0.784998676796077,-7.19651500670082
"AATAGCTGTTTAACGG-2","female","EN-fetal-late",10.2911849005094,-7.97461422178321,1.38510840298664,6.6357818415963
"AATATCCCAACCCTCC-2","female","EN-fetal-late",0.670472143398827,0.838563123304538,-0.564749010782124,-0.386047048250505
"AATATCCCAATCCCTT-2","female","EN-fetal-late",6.95492315124184,-0.103974897594981,2.99755286337864,-7.57655565230019
"AATATCCCAGTTTCTC-2","female","EN-fetal-late",6.98332071136147,-1.47046263906532,4.33662556769383,2.4224394133889
"AATATCCCATTTAAGC-2","female","EN-fetal-late",4.18194007705361,0.208567660121388,-0.561112650613667,0.511547522863081
"AATCAGGAGAGGATAT-2","female","IN-fetal",3.17821979354531,-6.93593795988136,0.167880750317691,-5.76864044157631
"AATCAGGAGCGTGCAC-2","female","IN-fetal",-4.27108407188743,8.42010871675438,4.57689236762059,-3.91638128248818
"AATCAGGAGGAGGGTT-2","female","EN-fetal-late",-2.62630486656516,1.52193216588921,-1.37756086228359,-2.65099660841591
"AATCAGGAGGTTTGAC-2","female","IN-fetal",1.23956799338967,-8.72489174100929,1.12692557932865,-7.44598619429238
"AATCATCCAAACATAG-2","female","EN-fetal-late",-4.38391971756309,2.17330126073784,-3.21289206383693,-2.79916994063027
"AATCATCCACAAACTT-2","female","IN-fetal",-3.99965834785789,6.48519078996605,4.07848452689183,-2.42964117018349
"AATCATCCACTATGGC-2","female","EN-fetal-late",5.06412648986489,-2.21266897413307,2.31062852503788,2.90323813470238
"AATCATCCAGAGAGCC-2","female","EN-fetal-late",5.22368049453408,-2.70691021177345,2.19942640425694,2.64587910683983
"AATCATCCAGGACACA-2","female","EN-fetal-late",-7.00990343262046,2.36311392095513,-4.90323782799709,-2.84393827406532
"AATCATGTCAGCATTA-2","female","EN-fetal-late",4.59047126601846,1.3866070320887,2.4705016529752,0.183525989075831
"AATCCATCAATGCCTA-2","female","EN-fetal-late",-0.0396449582704841,-3.73403270933204,0.974002650995372,-1.62142710177071
"AATCCCTGTACCGGAT-2","female","EN-fetal-late",0.0519883615842522,-4.13487156126075,1.06844036938679,-6.51009695021279
"AATCCCTGTAGGATTT-2","female","EN-fetal-late",-1.39963459019154,-6.36699302885108,3.26465629698765,-7.03418962446816
"AATCCCTGTTACTTCA-2","female","EN-fetal-late",-3.33582866360038,1.7719128539843,-2.75312496064174,-2.07673518149025
"AATCCCTGTTCACCCA-2","female","EN-fetal-late",0.770859955059594,-0.728235442371898,0.0511768675042377,-0.433450383821794
"AATCCGTAGCATTTCT-2","female","EN-fetal-late",1.97780513595254,-0.836932141514354,0.453557881583093,0.207525680085352
"AATCCGTAGGTAAGGC-2","female","IN-fetal",-5.92525100876182,8.05989305284447,3.75685047270787,-4.99146263090737
"AATCCTAAGACCATAC-2","female","OPC",-13.8375134484896,-11.6775685140806,-6.33192396996486,3.13161571534508
"AATCCTAAGCTCAATA-2","female","EN-fetal-late",2.5288150293699,2.13641003873772,0.783054224271892,-1.45135859934456
"AATCTCAAGCAAGATG-2","female","EN-fetal-late",10.4729323370329,-7.50736530515724,1.89721297385228,6.89060314210289
"AATCTCAAGGACCTCA-2","female","EN-fetal-late",7.53823995422036,-1.0022673198896,-0.559337087850453,-1.5628802010215
"AATCTCAAGTTAGGCT-2","female","EN-fetal-late",-0.318906785739356,-3.66149528715187,1.47627305151951,0.0657376668059141
"AATCTTGAGTAAGTCC-2","female","EN-fetal-late",-4.46427822281211,2.20833496358819,-3.1453578555392,-3.0949277111686
"AATGAAGGTCATCAAG-2","female","EN-fetal-late",-5.44816088844627,13.4991110971255,-5.47773409722316,3.05418475182884
"AATGAAGGTGCTCCGT-2","female","EN-fetal-late",-0.424398662341529,-5.2820592710691,-0.24602974293697,0.681519882997206
"AATGCAACAATTATGC-2","female","EN-fetal-late",-4.71148300339072,1.99927250650353,-3.04089022515285,-2.70162002531655
"AATGCAACACTGGCTG-2","female","EN-fetal-late",-3.17195630241721,2.77251509931511,-0.91605771420467,-2.80656830755837
"AATGCAACATAATGAG-2","female","IN-fetal",-3.62610006500571,7.66517965105004,5.27329444052708,-3.32033483473427
"AATGCATGTACAATGT-2","female","EN-fetal-late",-3.854496003879,1.12044490483231,-1.69597507355678,-1.24232820955879
"AATGCATGTCACAGAC-2","female","EN-fetal-late",-2.04240971971839,0.587064098386235,-2.11560917733181,-1.43974630324013
"AATGCATGTTAGCTGA-2","female","EN-fetal-late",-2.1371384279856,2.97087065484948,-1.48338724015224,-2.89776150671608
"AATGCATGTTGTGACA-2","female","EN-fetal-late",1.43203782867104,2.43100337293572,0.176944292206882,-2.38339035002358
"AATGCGCGTAATTAGC-2","female","EN-fetal-late",-3.81553650070518,-1.96917184087806,0.0856202459527241,6.9727164080941
"AATGCGCGTGCATTTC-2","female","EN-fetal-late",-0.031860353244239,5.44839374330468,-0.244539328794362,6.75133951218956
"AATGCGCGTTAGTACG-2","female","EN-fetal-late",6.99804448913247,0.717104170290894,4.53090094687474,1.20435126336448
"AATGCGCGTTGGTTCT-2","female","EN-fetal-late",7.12071180175454,1.00538687017388,4.78115891577732,2.1673181823098
"AATGGCGCACCCTCAC-2","female","IN-fetal",-4.66671872307151,5.91270486619896,3.26306795241368,-2.69932906118996
"AATGTCATCATGCTAA-2","female","EN-fetal-late",-0.745954157603675,0.296785335807271,-1.28390622971523,-0.751820010820696
"AATGTCATCCCGCATT-2","female","EN-fetal-late",-2.749177934421,2.01887528207726,-2.07544113038051,-2.45644919363625
"AATGTCATCCGGTATG-2","female","EN-fetal-late",-4.54231238533347,2.05889646318383,-3.43770743248928,-2.42861239401467
"AATGTCATCGATTTAG-2","female","EN-fetal-late",1.81708240340859,-0.817999798985057,1.16437869431507,0.467838811000517
"AATGTCCAGGGTCCAC-2","female","EN-fetal-late",8.12456464599282,-0.217202622623973,4.6306042587949,1.32386572869652
"AATGTCCAGGTCCTGA-2","female","EN-fetal-late",0.682629822002953,5.6819242646975,-2.76066661713588,-2.69144002882607
"AATGTCCAGTCAATCA-2","female","EN-fetal-late",-3.09417545963615,3.0039445569796,-2.79036570427883,-2.74799744574196
"AATTACCCACTTAGGC-2","female","EN-fetal-late",-4.18223571945518,4.05198590066857,3.5641181385709,-6.69337598768837
"AATTACCCACTTCACT-2","female","IN-fetal",-4.44326615501731,7.55583898332543,4.39370488287938,-3.17248503653176
"AATTAGCGTTCACTGT-2","female","EN-fetal-late",-7.58675289322227,1.35251555946297,-5.52398587105739,-3.17145220724709
"AATTAGGCAATAATGG-2","female","EN-fetal-late",-0.405423404467994,-4.2889271566587,-2.26487637398708,1.16322751553886
"AATTAGGCAATCGCAC-2","female","IN-fetal",0.0227080566754998,-9.14193828794532,3.03037737967503,-7.25976793257363
"AATTAGGCACAGGGAC-2","female","EN-fetal-late",6.13546275924355,-1.48264892789894,2.65131544234288,2.23351390870445
"AATTAGGCACATAGCC-2","female","EN-fetal-late",0.066282866703576,2.68687037733025,-0.00765586731898921,-2.33862726179726
"AATTAGGCACGTGCTG-2","female","EN-fetal-late",-0.0389333980211555,5.53823320177025,-0.919299014787556,7.16268880875938
"AATTAGGCACTGGCTG-2","female","EN-fetal-late",5.8952631933561,0.711118724016614,3.14911698462498,1.16841002019279
"AATTAGGCAGCACGAA-2","female","EN-fetal-late",-5.03839469124168,2.66434709337182,-3.98154164193142,-2.67686359373696
"AATTAGGCATAATTGC-2","female","EN-fetal-late",-6.13831329513877,-3.55598457548194,-1.24661720631588,8.40851409943931
"AATTAGGCATTGTCAG-2","female","EN-fetal-late",-1.17701560427039,3.0611476114077,-0.140435942392231,-2.57310549704201
"AATTCGTCATTCAGCA-2","female","EN-fetal-late",0.0338941795697869,5.34431163576073,-0.686202295999409,6.96778972657554
"AATTGACGTACGCGCA-2","female","EN-fetal-late",10.3658471090666,-7.19895179960304,1.90739821555149,6.74186141999595
"AATTGACGTTACATCC-2","female","EN-fetal-late",0.648848055111474,-3.59842117521339,-0.865391858796956,0.297162609418562
"AATTGACGTTGGTTAG-2","female","EN-fetal-late",0.133002279507226,5.73054639604516,-0.792139776925923,7.20446641953819
"AATTGCTCAAGACTCC-2","female","EN-fetal-late",-3.95738911796897,-1.13340910169654,-1.3770040356921,8.16302116425865
"AATTGGACACAATGTT-2","female","EN-fetal-late",2.59586381744058,-2.99281891080909,-1.34979582665432,0.398686217387846
"AATTGGACAGCTACGT-2","female","EN-fetal-late",-1.19478851724952,2.99588553216881,-0.101331301908375,-2.37503067938454
"AATTGGACATGTGGGA-2","female","EN-fetal-late",3.16406059096963,-3.43304403516822,2.993142834921,-6.85290281263954
"AATTGGGAGAGGAGTC-2","female","EN-fetal-late",0.200351117359704,-4.2788968870359,2.53631757857334,0.854362027963331
"AATTGGGAGTAGAGGC-2","female","EN-fetal-late",0.11758839915902,-4.5002685377317,0.552381820101856,1.47492094548576
"AATTGGGAGTTTGGGT-2","female","EN-fetal-late",10.4407353384367,-7.05242260191017,1.78340005042088,6.90794570954674
"AATTGTGTCTCACTCA-2","female","EN-fetal-late",0.327267168270654,-4.49244030210548,-3.3860805117892,5.61658151658409
"AATTTCCTCATGGTTA-2","female","IN-fetal",-3.05475711990684,7.08028213289208,4.70510195853245,-2.55771843878395
"AATTTGCCAACAGGAT-2","female","EN-fetal-late",2.3718109114042,-1.26349576208168,0.873236469049572,0.624826060851744
"AATTTGCCAATAACGA-2","female","EN-fetal-late",-7.80013561416953,1.24391515162415,-5.49204779503811,-1.83729485956795
"AATTTGCCAGCGCTTG-2","female","EN-fetal-late",7.58747052978188,-0.598120052547984,4.88943719031346,2.27623780282371
"AATTTGCCAGCTTAGC-2","female","EN-fetal-late",-7.9044251458773,2.04216305520958,-5.30449343560207,-2.22482220617897
"AATTTGGTCCCGTTAC-2","female","EN-fetal-late",0.34150266479165,5.65889779832787,-0.132259198408009,7.11685998948448
"AATTTGGTCCTCAGCT-2","female","EN-fetal-late",7.50902318786294,0.843843569332875,5.09675406577122,1.74348266633385
"AATTTGGTCGGGATTT-2","female","EN-fetal-late",0.0686662180295647,-3.82990225050025,2.49572109343541,1.70476098569267
"ACAAACTGTACTTCAC-2","female","EN-fetal-late",0.725573776470727,1.65191976335473,0.585475198049663,-0.841307682672808
"ACAAACTGTAGTAAGA-2","female","EN-fetal-late",2.80662011932046,13.758058469562,-4.38641119835842,-3.01403300253517
"ACAAACTGTCACGAAC-2","female","EN-fetal-late",9.71107244323403,-6.91323431226783,1.73415791155827,6.64038522752159
"ACAAAGGTCAATAGCC-2","female","IN-fetal",0.0117303116193475,-9.28686054441505,2.54211210371983,-7.07775155989296
"ACAAAGGTCACGTTAA-2","female","IN-fetal",-3.55830526520103,7.98088781145043,5.1424074089719,-2.98287670103676
"ACAAAGGTCCAGGTTG-2","female","EN-fetal-late",3.49301099609048,-0.0535103270726731,1.00605004193318,1.37860603841179
"ACAAAGGTCGAGGAGT-2","female","EN-fetal-late",-3.08699476887077,5.94611684587426,-0.86175764439571,-1.19367806402809
"ACAACAACAATAATGG-2","female","EN-fetal-late",5.27449893783242,-1.26055200788551,5.35377835394871,-3.62881438223488
"ACAACAACATAAGTTC-2","female","EN-fetal-late",-5.66566324402183,-2.562329370709,-0.916227229814412,8.51109607728355
"ACAACACTCATGGTTA-2","female","EN-fetal-late",5.85634279082925,-0.68845852109962,3.42189859511387,1.63607795747154
"ACAACACTCTGTTCAT-2","female","EN-fetal-late",-7.74924087692588,2.16940299776024,-5.89098597405422,-1.80598549334175
"ACAACAGAGCACGTTG-2","female","EN-fetal-late",2.99003028701455,13.5468777826113,-4.19797278283107,6.39893110307091
"ACAACATGTGTTGTAG-2","female","EN-fetal-late",-3.3405652063021,2.81575385835595,-2.42335582612026,-2.65810362784035
"ACACAATGTACTTAGG-2","female","EN-fetal-late",-6.15104484726279,-3.43444307539039,-0.757748969774128,8.5449238589608
"ACACAATGTCATCATC-2","female","EN-fetal-late",0.247663257824487,-4.33992679807716,1.19581966759693,0.222496824582747
"ACACAATGTCGACTAA-2","female","IN-fetal",1.51810407470376,-8.41334636900001,1.09209608199131,-6.95560876814491
"ACACCTTGTTAGAGCC-2","female","EN-fetal-late",-2.16321116854041,0.486385505465932,-2.43382216332424,-1.37725560156471
"ACACCTTGTTTAAAGC-2","female","IN-fetal",-5.40290355850547,8.03688661363549,4.81757115485203,-3.55452529875405
"ACACGGACAAGGTAAC-2","female","EN-fetal-late",-6.12734747101157,-3.25581701490455,-0.908242949228169,8.58775814088219
"ACACGGACACAGAAAC-2","female","EN-fetal-late",-0.235052229655677,0.492096107272572,-1.29739905236232,-1.28829650370247
"ACACGGACACTCGCTC-2","female","EN-fetal-late",7.28404664825112,0.698658715753026,4.57253455283177,1.28764613183372
"ACACGGACAGCAACCT-2","female","EN-fetal-late",2.66875457595498,-0.744425732822948,0.341422296185611,-0.587141794840166
"ACACGGACAGCTAATT-2","female","EN-fetal-late",-0.628304542792731,5.24782125261254,-0.801440724115254,5.83718116792076
"ACACTAATCACATTGA-2","female","RG",-1.33655264396756,-6.30077036115699,-5.96052790520656,3.71787102731102
"ACACTAATCCCTCAAC-2","female","EN-fetal-late",-1.93969050217956,2.63037161138482,-0.586406775693776,-0.406880898157427
"ACACTAATCCCTCACG-2","female","IN-fetal",-3.0802828090319,8.0038499048037,5.30511998297703,-3.00315825430519
"ACACTAATCCTGAATA-2","female","EN-fetal-late",-0.189180137408668,5.43982307222313,-0.550440617780568,7.13676317246788
"ACACTAATCGATTTAG-2","female","EN-fetal-late",0.332777021633691,-4.36143549177223,-0.224237033109547,-0.218952310959169
"ACACTAGGTTATCCGT-2","female","EN-fetal-late",-1.62632997502177,0.33575509098,-2.25886655686367,-1.34323541609413
"ACACTAGGTTGAGGTC-2","female","IN-fetal",-0.729167343867713,5.24833814409203,4.33341764571202,-5.89775363890297
"ACACTAGGTTGGCGTG-2","female","EN-fetal-late",3.61071967910439,0.60057614353127,1.76474403502476,0.752932923158339
"ACACTTAAGAAGCTAG-2","female","IN-fetal",-3.46770191360801,6.18048755433983,2.90875076415074,-2.79414908377297
"ACACTTAAGCATTTCT-2","female","IN-fetal",3.91388606856973,-5.26338108274513,0.165750718731998,-4.68034879652626
"ACACTTAAGTTAGTTG-2","female","EN-fetal-late",-6.89273977447837,2.19427017476983,-4.91463042138088,-2.04061858145363
"ACACTTGCAACTAGAA-2","female","IN-fetal",-0.358199478877479,-9.2792254278379,3.41472767951023,-6.67306320158608
"ACACTTGCACTGGCCA-2","female","EN",-0.902846338046485,-3.21142109129005,2.14219164015782,0.482398765405348
"ACACTTGCAGCAGGTA-2","female","EN-fetal-late",-2.40337062050193,-6.46041401121192,3.31216954352391,-7.38020650831825
"ACAGCCGGTGTTAAAC-2","female","EN-fetal-late",5.22679853271157,1.48736355808205,3.97391866805088,1.22557731183403
"ACAGCCGGTTTAACGG-2","female","EN-fetal-late",0.201451061474389,-4.61106975767189,-0.0300303184794201,0.40573065193527
"ACAGCGCTCATTATGG-2","female","EN-fetal-late",0.0964362604489983,-0.138357240887218,-0.575200685243489,-0.922257823625871
"ACAGGAATCGCTAGCA-2","female","EN-fetal-late",0.368073819386071,-4.64424236509376,-1.35503280995357,4.21013505967491
"ACAGGAATCTAACCTT-2","female","IN-fetal",2.81816673110635,-6.97127826902442,0.38542812602651,-5.79816381422646
"ACAGGAATCTATTGTC-2","female","EN-fetal-late",4.69157218764932,-1.13967927190834,3.60680674674046,-7.59259883848793
"ACAGGATCAATATAGG-2","female","EN-fetal-late",0.30338203738839,-4.11860521528297,1.41197835566532,-1.46840874640114
"ACAGGATCACTAAGTT-2","female","EN-fetal-late",7.43466806243569,-0.430625517101817,4.14192437293064,1.70472140820854
"ACAGGATCAGGACCTT-2","female","IN-fetal",-4.85358214546531,6.72195426729149,4.12886141898167,-2.55238573042519
"ACAGGATCATAGCAGG-2","female","EN-fetal-late",2.45224690269143,0.169856767920918,0.167378447075008,-1.5291089245475
"ACAGGCTGTTAGCGTA-2","female","EN-fetal-late",-2.82162392307609,3.14343849924035,-0.949408301095845,-2.96264640776283
"ACAGGTAAGCCTGATG-2","female","IN-fetal",2.99426984618813,-7.31435974332862,-0.257077642660023,-6.00382368055947
"ACAGTATGTACAATGT-2","female","IN-fetal",-5.24040317703574,8.18423597124047,4.65822314383519,-3.95832769362099
"ACAGTATGTCATGCAA-2","female","EN-fetal-late",6.65786599944741,-0.755342800350719,3.46120618941319,2.58445199044578
"ACATAGCTCCGCAACA-2","female","EN-fetal-late",7.25758313964517,0.267410140304036,4.03296589018834,1.0706697872483
"ACATAGCTCCTAGTCC-2","female","EN-fetal-late",10.317011354672,-7.01297720167213,1.86572157504094,6.71807058366173
"ACATCATCACTGGCTG-2","female","EN-fetal-late",6.45388126205117,-1.92549355718666,2.80388831259739,3.05806286843651
"ACATCATCAGTATGTT-2","female","EN-fetal-late",6.44289111922891,-2.08630283567482,3.98591112257969,2.12637253316276
"ACATCATCATGAGCAG-2","female","EN-fetal-late",-0.968239458096915,0.886416379181809,-1.23496104119289,-1.1354082056678
"ACATTAGTCAAACCGT-2","female","IN-fetal",-0.871133746398383,-9.11538799497657,4.12935351492894,-7.06920377699501
"ACATTAGTCCCTGTTA-2","female","IN-fetal",-4.90442609955161,7.55506984498925,4.18332862021458,-3.31235138861305
"ACATTGCAGAGCCGCT-2","female","EN-fetal-late",0.461992858158654,-4.53145130369239,-0.0456854188250317,0.495931642373732
"ACATTGCAGGAAACTG-2","female","EN-fetal-late",3.140705583798,-0.603849370213084,1.69294845225346,1.33430715115898
"ACCAAACTCAAACACC-2","female","EN-fetal-late",-3.98936772514671,-2.92968924734169,-1.71538759110439,5.17050989182823
"ACCAAACTCATGCGTG-2","female","EN-fetal-late",10.4953751547208,-7.39399536344581,1.93712114455235,6.88096864732139
"ACCAAACTCATGGCTG-2","female","IN-fetal",-0.177531959308082,-4.63578804227882,1.90045630099308,-6.97444049803383
"ACCAAACTCGCAACAT-2","female","EN-fetal-late",3.05749320815713,13.484057348041,-3.9816193663882,6.22671659501427
"ACCAAGCGTGCATCGG-2","female","EN-fetal-late",-2.88458395172446,3.08750860002465,-0.728635677080037,-2.80166594473488
"ACCAAGTTCAAGTGTC-2","female","IN-fetal",-3.61266303230613,8.54831496980614,5.25216340186131,-3.56565968481667
"ACCAAGTTCACCTGTC-2","female","EN-fetal-late",2.08792662452371,1.92653970029778,0.92489790083897,-0.616535169760057
"ACCAATATCATTGCGG-2","female","EN-fetal-late",4.9050025923124,0.137168805865712,-2.0882186972903,-1.5917104908622
"ACCAATATCCTAGTAA-2","female","IN-fetal",1.84391712974221,-8.30800731870704,0.5154165393306,-6.91093103376991
"ACCACACCAACCGCCA-2","female","EN-fetal-late",0.426850674854821,-4.54149778577858,0.464909951259016,-1.65332798449166
"ACCACACCACCCTCAC-2","female","EN-fetal-late",3.28410768340737,2.00391332414574,2.95185374381077,-7.45111600844032
"ACCACACCATGGTTAT-2","female","EN-fetal-late",-4.58844065834373,2.56736377981133,-3.69397450325954,-2.92023674933083
"ACCACATAGCGCATTG-2","female","EN-fetal-late",-1.29541094769328,-6.30351837369972,-5.91077996132839,3.23220809014671
"ACCACATAGTCATTAG-2","female","OPC",-13.9021620767245,-11.4933081457334,-6.24751759407985,2.9455004504525
"ACCAGCTCAGCATGAG-2","female","EN-fetal-late",0.446308968769616,1.03791895118184,-0.283169814329029,-1.26285771814949
"ACCAGCTCATCTAGCA-2","female","EN-fetal-late",-3.17629027534812,1.9317508151812,-2.52337194321621,-2.30499140707619
"ACCAGCTCATGGTTAT-2","female","EN-fetal-late",6.61532449554116,-1.79594500753456,4.65757226111424,2.65143354447716
"ACCAGGACAAACCTTG-2","female","EN-fetal-late",-2.45754134823173,2.70784894731469,-0.947486766557576,-2.70834938971169
"ACCAGGACACTATGGC-2","female","EN-fetal-late",-7.61151552368491,2.01889042165703,-5.63222266076076,-2.85407678572304
"ACCAGGACACTCAACA-2","female","EN-fetal-late",-5.50607395340293,-2.46814473363929,-1.39657653210628,7.70927818330162
"ACCAGGCTCAGGATGA-2","female","EN-fetal-late",7.88918447326333,-0.267120558949046,5.13346718909275,2.44484479935997
"ACCAGGCTCATAAGCC-2","female","EN-fetal-late",-0.144114734424049,5.88630859163231,0.531830928344844,6.9857025912606
"ACCAGGCTCATGCAAC-2","female","EN-fetal-late",-0.316812516940528,-4.52048500272804,0.0893978393269764,1.86782618077629
"ACCAGGGAGCACGATT-2","female","EN-fetal-late",0.182683346973962,5.88494817521996,-0.706255325059773,7.06305416139
"ACCAGGGAGGCTGTGC-2","female","EN-fetal-late",3.26225757430703,13.2811812570376,-3.94618225930202,6.13712890656822
"ACCAGGGAGTTGTCCC-2","female","EN-fetal-late",-4.14267087150901,1.12320778873391,-2.10648227570522,-0.983189148584673
"ACCATAATCACTCGCT-2","female","IN-fetal",-5.52186250854819,7.7748574426455,3.9915616429044,-4.40732280699379
"ACCATAATCCGCCTCA-2","female","EN-fetal-late",-7.41381120849937,1.73834518697686,-4.51500512001979,-2.3062884041465
"ACCATAATCCTTTACG-2","female","EN-fetal-late",4.47638654540688,1.99567703512139,2.77949189307225,0.295094611366919
"ACCATTAAGACACTTA-2","female","EN-fetal-late",1.94976806472451,0.106205504207082,1.04328548075688,0.136311582533351
"ACCATTAAGGACCTGC-2","female","EN-fetal-late",5.57184266875893,-2.33497865888649,1.91788791777623,2.68041666062706
"ACCATTAAGGAGGACT-2","female","IN-fetal",4.01458501647622,-5.34624584409767,0.307785279173969,-4.67699472395546
"ACCATTAAGGATAAAC-2","female","EN-fetal-late",-0.298753859294349,0.399374496011204,-0.629960664491536,-1.4136703440345
"ACCATTAAGTAACAGG-2","female","EN-fetal-late",1.38692617248208,1.79511372354454,0.577821976561664,-1.04147879568703
"ACCATTAAGTTGGCCA-2","female","EN-fetal-late",7.07850980590493,-1.1736071893888,-1.32779527543056,0.569148170074156
"ACCCAACCAAGGTATA-2","female","EN-fetal-late",7.40650415252358,0.433708559541173,5.12952708365452,2.36234863313072
"ACCCAACCACAGAACG-2","female","EN-fetal-late",-0.523169519198829,-3.40516527387672,4.00672840239537,-4.1284913250602
"ACCCAGGGTTAGCATG-2","female","EN-fetal-late",0.421867130505151,-4.55803878995948,0.861207178850292,1.43712993176811
"ACCCGCTGTCAGGCAT-2","female","EN-fetal-late",9.07277250121743,-7.34685428831153,-1.50268042920101,-1.04851905790932
"ACCCGGTAGCAATAGG-2","female","EN-fetal-late",1.97376108001382,2.06454948690361,1.12220870615971,-1.08083443133003
"ACCCGGTAGCATTATG-2","female","RG",-1.65951533783763,-6.1709981748777,-5.69643355248439,3.69476969750755
"ACCCGGTAGTCCTGAG-2","female","EN-fetal-late",2.8300628645292,13.7327660730166,-3.96465063927639,5.85672052415245
"ACCCGTAAGCTTACTT-2","female","EN-fetal-late",-3.87591815162986,-2.05876525137001,-0.902770169954182,5.3322454264962
"ACCCGTAAGGGACCTC-2","female","EN-fetal-late",0.242655156361169,0.998831581143803,-0.359814056138874,-1.15467099634773
"ACCCGTAAGGTCCTGA-2","female","IN-fetal",-0.0260348336824714,-9.24057491514259,2.56153248908055,-6.97001115767128
"ACCCTCCCACCTGGTG-2","female","EN-fetal-late",-0.151070000422889,-4.25392540189796,3.71025084616673,-3.09684626547463
"ACCCTCCCACTAGGTC-2","female","EN-fetal-late",-5.75818872619956,1.73305902984566,-4.47836399910915,-1.67550329653389
"ACCCTGTTCAAATCGC-2","female","EN-fetal-late",-0.628206314338142,2.48866705205864,-0.100462981443287,-1.73429588762886
"ACCCTGTTCAATAGCC-2","female","EN-fetal-late",-3.4331686513552,2.38035134580559,-2.23035956261623,-2.69027273146279
"ACCCTGTTCTAAGTCA-2","female","EN-fetal-late",-3.69332909752219,-3.03100331518226,-1.62147069809902,5.05260475190513
"ACCCTGTTCTCAATGA-2","female","EN-fetal-late",-0.493655504477912,0.170920293597645,-0.876376398782612,-1.46521846739418
"ACCGAAGCAAACTAAG-2","female","EN-fetal-late",3.81034421752602,2.11508087423272,2.32402216555607,0.252447718998125
"ACCGAAGCACAACAGG-2","female","EN-fetal-late",-0.412313582194739,-3.90598304960304,-2.76769448159206,0.405444579442671
"ACCGAAGCACACAATT-2","female","EN-fetal-late",-6.59114456344932,2.49860386159844,-4.9763875090884,-2.88448087660439
"ACCGAAGCATTGCAGC-2","female","EN-fetal-late",1.34311365913064,1.35135648754067,0.810941360015987,-1.33270399061806
"ACCGCAATCGATAACC-2","female","EN-fetal-late",3.15082454513223,2.39831487443871,1.43951069476139,-0.544997496286699
"ACCGGTTCACAAAGAC-2","female","RG",-1.5699511038193,-6.1967230627256,-5.5799670302676,3.53468640359276
"ACCGGTTCATGTGGGA-2","female","EN-fetal-late",-5.10628390480369,1.66640607622094,-3.10804677842128,-2.67876069037087
"ACCTAAATCAATTACG-2","female","EN-fetal-late",-6.93832397629111,2.17522970941491,-4.26838827965725,-2.26239697424538
"ACCTAAATCCCTCAAC-2","female","IN-fetal",-2.9284992234835,7.55260412004418,5.24858330847752,-3.15816513983376
"ACCTAAATCCTTAAGA-2","female","EN-fetal-late",3.5387859327665,1.31366322544045,0.771393260975002,0.357598157843283
"ACCTAAATCTACCTGC-2","female","EN-fetal-late",5.66590642760903,-0.0318947026448777,2.92198204161656,1.72499032529228
"ACCTAAATCTAGCGAT-2","female","EN-fetal-late",1.01483249496133,-4.14468868467384,0.931837371606945,0.619013117870024
"ACCTAAATCTCCTCTT-2","female","EN-fetal-late",-0.853652836574012,0.25715766456551,-1.14937282441127,-1.13224749056465
"ACCTAAGGTCAGGCCA-2","female","EN-fetal-late",5.49125480483682,-2.76986511442237,2.24120389582646,2.83962495835655
"ACCTAAGGTTACTAGG-2","female","EN-fetal-late",-2.70333945919364,1.81784604099221,-2.32790351746547,-2.03753702131874
"ACCTACCTCCTCAGCT-2","female","IN-fetal",-4.63136315513938,6.57379237916893,3.66393708350193,-2.79467431990273
"ACCTACCTCGATTCTT-2","female","EN-fetal-late",2.16600751708657,1.5988873055262,1.17213641764653,-0.559578759352037
"ACCTACCTCTAGCGAT-2","female","EN-fetal-late",0.987055299984521,2.01028982904381,0.704344949741481,-1.59148983446724
"ACCTACCTCTTGAGGT-2","female","IN-fetal",1.84342336486489,-8.30342014524513,0.463524575401662,-7.16614047972328
"ACCTACCTCTTTAGGA-2","female","EN-fetal-late",-1.95238992740005,-15.8294993231016,-5.85749770043361,-1.83502201525337
"ACCTCACTCTCCATAT-2","female","EN-fetal-late",-7.01581812073081,1.98045436647362,-5.15569783089626,-2.60513321844704
"ACCTGGATCACGCGGT-2","female","EN-fetal-late",3.1886882765165,2.38901130464501,1.87873243453038,-0.649003488699266
"ACCTGGATCCCGTTAC-2","female","EN-fetal-late",4.83995532821328,-2.25297983381324,2.07802092196476,2.69659717591636
"ACCTGGATCCTGATTT-2","female","RG",-1.86934846807807,-6.16713245603614,-5.77782250283229,3.72909052880638
"ACCTGGATCGACCTGA-2","female","EN-fetal-late",-1.44522833619803,1.57661901023812,-1.76443315384853,-0.573552233854601
"ACCTGGATCGATTTAG-2","female","EN-fetal-late",9.10149717162759,-7.0099702665525,2.1852757847501,1.15209563287132
"ACCTGGATCTCCTCTT-2","female","RG",-5.42576289345115,13.4980982950015,-4.96463347313869,3.24841244729393
"ACCTGGTCACTTACAG-2","female","EN-fetal-late",10.0687117559782,-7.21790416929298,1.77663766505253,6.42770107301109
"ACCTGTTGTACAATGT-2","female","EN-fetal-late",-6.43371486831992,2.53385810163445,-4.91746712563503,-2.20955793348915
"ACCTTCCAGCTAAAGG-2","female","EN-fetal-late",-0.838065327895576,2.14577559736199,-0.158500500898243,-2.06717364279396
"ACCTTCCAGGAAGTAT-2","female","EN-fetal-late",-5.93889951874107,-3.76857765409523,0.137078545112728,7.87096078904503
"ACCTTGCTCAGGTCCA-2","female","EN-fetal-late",1.22529244254739,-0.15958889219337,0.24683663906586,-0.611830157915422
"ACCTTGCTCATCCTAT-2","female","EN-fetal-late",5.98296069930703,0.791749674646325,3.98243331076634,1.17622824223869
"ACCTTGCTCTCCTCAA-2","female","EN-fetal-late",-5.39339590240806,-3.38499410841041,-2.42328883049953,-2.48238532034523
"ACCTTGCTCTTAGTGA-2","female","EN-fetal-late",2.1839058382383,2.12239317205376,1.06417053105366,-1.06838898150093
"ACCTTGTGTCCGCTGT-2","female","EN-fetal-late",3.23684072326333,13.3084925821108,-4.10940552590358,6.36077363999718
"ACCTTGTGTTTAACGG-2","female","EN-fetal-late",-5.6843905465731,-3.34840067121559,-4.13061047432888,-3.31104485479958
"ACGAACAAGCAGGTTT-2","female","IN-fetal",-3.85849237610191,8.33444635179467,5.35247944952977,-3.45208970991738
"ACGAAGTCAAGTGTTT-2","female","EN-fetal-late",-1.92165380884498,0.571466844348378,-2.02051211235988,-1.45808665243752
"ACGAAGTCACATAACT-2","female","EN-fetal-late",6.43958902190835,-1.04685648176246,0.983971110601543,-7.34928934065468
"ACGAAGTCAGGCTGTT-2","female","EN-fetal-late",-7.77077150513023,1.6799459865374,-4.77490616677272,-2.09846178976662
"ACGAAGTCAGGTTATT-2","female","EN-fetal-late",-7.93861532379478,2.41548363473839,-5.08176375267971,-1.94202463118202
"ACGAAGTCAGTACCGT-2","female","EN-fetal-late",-2.75155162979453,0.732743549911446,-2.04142571328151,-1.20556835619576
"ACGAATCTCGCTCACT-2","female","EN-fetal-late",10.5560688955656,-7.18132980558448,2.71575140120518,-2.56396667448647
"ACGACAAAGACAACAG-2","female","EN-fetal-late",-1.7755564468035,1.54142711666054,-1.79141188500393,-1.58750228373177
"ACGAGTAAGCCGCAGT-2","female","EN-fetal-late",-4.42856979538291,2.38968292978234,-1.60717607377041,-3.07876698462136
"ACGAGTAAGCTCCTTA-2","female","EN-fetal-late",-2.5201523320803,1.07585677113957,-5.0541257941531,3.2780347636544
"ACGAGTAAGGGTTAGA-2","female","EN-fetal-late",-7.34852218796104,1.41222844627327,-5.28792143700588,-2.15078370062477
"ACGAGTAAGTGATTCA-2","female","IN-fetal",-0.637897135508948,-9.25336940977149,3.78258251311314,-7.00675384489662
"ACGAGTAAGTTCCTCA-2","female","IN-fetal",-3.7133531587252,6.6619047334475,3.97014068724644,-2.4761828610099
"ACGATTCAGCTGTAAC-2","female","EN-fetal-late",0.161254046665734,6.13834039476342,-0.252234765272023,7.49475486787193
"ACGATTCAGGCGCACT-2","female","IN-fetal",-4.88972830940574,5.86156884935326,3.03360580565464,-2.93017308203346
"ACGATTCAGTATTGTG-2","female","EN-fetal-late",-7.68842411209434,1.60217223670907,-5.32114125130642,-1.5298242994941
"ACGATTCAGTGAACGA-2","female","EN-fetal-late",0.132024167286462,6.206629197864,-0.928825505952717,7.31800325425499
"ACGCAAGCAGAAATTG-2","female","EN-fetal-late",-1.04076129366248,-3.21474178525978,3.7395183956815,-2.06015269247658
"ACGCACGGTTTCCACG-2","female","EN-fetal-late",-1.46907146070688,2.13332716730065,-1.3163715684222,-2.78063432661659
"ACGCCACAGACTCGCA-2","female","EN-fetal-late",6.30553340743691,-2.05482347700172,2.74261211516392,2.20196564706199
"ACGCCACAGGGTGGAT-2","female","EN-fetal-late",0.719466446148461,1.91085163858361,-0.0105606698797955,-1.96380464522011
"ACGCCACAGGTTAGCT-2","female","EN-fetal-late",-0.0504564063677131,-3.74064691755348,2.96610378386509,-2.27299372641213
"ACGCCTAAGATGGAGC-2","female","EN-fetal-late",7.44976186584145,-0.410311538906627,3.79648207785618,1.75175328763359
"ACGCCTAAGGAGTAAT-2","female","EN-fetal-late",-0.150565983546668,5.74994699266381,1.09856759669316,1.46575232060783
"ACGCCTTTCACCAATA-2","female","EN-fetal-late",6.11602973769814,-0.930099208088451,3.0647706902219,2.39380558045738
"ACGCCTTTCGCCTGTT-2","female","EN-fetal-late",-0.995490552676612,1.40807275083489,-1.35896635888088,-1.66805664984352
"ACGCCTTTCTCCATAT-2","female","EN-fetal-late",-2.72353816200584,2.81136171129174,-0.546399303655507,-2.55332962957985
"ACGCTTGAGCATTAGC-2","female","EN-fetal-late",-7.81108951736777,1.86341718938775,-5.62407446740139,-2.88586298910744
"ACGCTTGAGCTACTGG-2","female","EN-fetal-late",-3.16890847851127,-1.55248411390358,1.97477316023838,-7.27101413694985
"ACGCTTGAGGACCTTG-2","female","RG",-5.41939807106345,13.5032424142642,-5.9678311431216,3.81630332978599
"ACGGGAAGTCATTGAG-2","female","EN-fetal-late",3.21295928786904,0.0825173070711562,0.988045624513744,0.427040117105177
"ACGGTACGTAACCAGC-2","female","IN-fetal",-6.95995474029868,8.12256423738427,4.01158713461888,-5.51127426115639
"ACGGTACGTCCTTCAG-2","female","EN-fetal-late",-3.53338766266196,-2.14074619504982,-4.46011305687893,-2.40069429365761
"ACGGTACGTGATGATT-2","female","EN-fetal-late",1.65021204780251,-0.808400232525401,0.532612255830883,0.0867272077702791
"ACGGTACGTTATCCTA-2","female","EN-fetal-late",-2.32097864319175,1.44917623308129,-2.52739525673854,-2.06612483946449
"ACGGTACGTTGGTTAG-2","female","EN-fetal-late",6.12353849242837,0.650830756692357,3.23140095831883,0.757126050313643
"ACGGTTAGTTGGTTGA-2","female","EN-fetal-late",-5.72080946136802,-2.68507512304359,-0.492081531267048,8.10738332780235
"ACGGTTTAGCGAAGTA-2","female","EN-fetal-late",-8.33484554458945,1.52624086645073,-5.90727568505275,-1.80920676676399
"ACGTACCCATAGGCGA-2","female","EN-fetal-late",-6.0970349328646,-3.31798513624244,-0.980516561250569,8.55060203584068
"ACGTCAAGTGAAACAA-2","female","EN-fetal-late",-0.165895106090003,0.482045601872868,-1.15613366005886,-1.23616926161415
"ACGTCCAAGAAGGTGC-2","female","EN-fetal-late",10.2820639593473,-7.99174316618019,1.58125375868809,6.4090596011483
"ACGTCCTTCTTAGTGA-2","female","EN-fetal-late",4.35918474029214,1.63811061885781,2.67894100310337,0.332124458869627
"ACGTCCTTCTTTGAGA-2","female","EN-fetal-late",-2.24189007450431,1.21413229015297,-1.96554399369228,-1.44805328337319
"ACGTTACAGGCTCATG-2","female","EN-fetal-late",-3.09307372738212,2.76327840593285,-2.19608689187038,-2.72721187559731
"ACGTTGTAGCGAGTAA-2","female","EN-fetal-early",-8.37745762039512,1.64348648097939,-5.32852984307277,-1.57278017489083
"ACGTTGTAGTGAACAG-2","female","EN-fetal-late",-0.232604028476173,0.176778774527974,-1.0095449769305,-1.14948300806648
"ACGTTGTAGTGACCTG-2","female","IN-fetal",1.87339591811807,-8.21838100645118,0.693773916978954,-7.11160699812538
"ACGTTGTAGTGAGGGT-2","female","EN-fetal-late",-1.62010692228168,1.51398531701989,-1.99820519326198,-1.31696741072304
"ACGTTGTAGTTAGCTA-2","female","EN-fetal-late",3.6527209265104,2.00402311590142,1.8527015364362,-0.401071054617235
"ACTAAAGCAAATTGCT-2","female","EN-fetal-late",2.31521892379434,1.03798327949471,0.910985580701946,-0.540202123800585
"ACTAAAGCACCTGTAA-2","female","EN-fetal-late",-5.41858244110435,6.99815789964623,2.63624738814366,-6.85037986723549
"ACTAAAGCATCCTAGA-2","female","EN-fetal-late",7.77269315551431,-0.518186766834789,5.25183343054783,2.26932986291282
"ACTAAAGCATGAGCAG-2","female","EN-fetal-late",3.31584739516885,1.06209262814946,1.37723963620198,0.42623870285385
"ACTAAAGCATTCAGCA-2","female","EN-fetal-late",-3.84375834633201,-2.92833598348671,-1.54204524395931,4.91985519441002
"ACTAACCAGATGCCTG-2","female","EN-fetal-late",0.740545986401147,-3.47998913023048,-1.21155441639888,0.316420408209494
"ACTAACCAGGCCATCA-2","female","EN-fetal-late",2.80163240264565,-2.42469366285377,1.11149751307499,-7.22270004240639
"ACTAACCAGTTGGCCA-2","female","EN-fetal-late",4.7660603506437,-1.45074589941078,2.34585522772801,2.8275121024453
"ACTAACCAGTTTGAGC-2","female","EN-fetal-late",0.184081195103234,1.82079366949028,0.3666811017884,-1.21642164675362
"ACTAACGGTAACGGGA-2","female","EN-fetal-late",0.720635650860375,-4.19140012952858,2.92798446776402,1.04603918107384
"ACTAACGGTAGGTTTG-2","female","EN-fetal-late",7.55910825561196,-0.533941704960399,3.80739425780308,1.63449020894401
"ACTAACGGTTCGCTTG-2","female","IN-fetal",-4.45847845245689,8.66077367570824,-3.39778781769741,2.79881794961326
"ACTAACTCAAGCTTTG-2","female","Microglia",5.16624975036294,-1.98195131513649,-3.66229248879421,3.21141107591026
"ACTAACTCAATTGCGC-2","female","EN-fetal-late",-3.22438800503104,1.35837040450997,-2.08713246224392,-2.75925056425698
"ACTAACTCAGTAAAGC-2","female","EN-fetal-late",-0.860290052188331,1.16663850453324,-0.67318833706844,-1.81743518797524
"ACTAATCCAAGGTATA-2","female","EN-fetal-late",-3.01166045833915,0.906132649449773,-2.51387287018764,-1.46634344545967
"ACTAGGCGTGGAGCAA-2","female","EN-fetal-late",4.75543594192178,-2.6121693441587,2.90418719412815,3.05011995347374
"ACTATCCGTTAATCGG-2","female","EN-fetal-late",5.27975511382729,-2.11650427076393,2.24897050024998,2.62733800919884
"ACTATGTCAATTGAAG-2","female","EN-fetal-late",-3.6655118482241,2.66896442678399,-2.20972729561794,-2.70791928259499
"ACTATGTCACAACAGG-2","female","EN-fetal-late",-1.10019308496802,2.85560552385277,-0.290625520925404,-1.98954288450844
"ACTATGTCAGGCTTCG-2","female","EN-fetal-late",-2.91064846683829,3.0473217180056,-1.23139799473751,-3.00797812430031
"ACTATGTCATGAGCAG-2","female","IN-fetal",-4.88030052353233,5.8409442117495,3.17369484068882,-2.75513331381447
"ACTATGTCATGCTATG-2","female","EN-fetal-late",-3.6400036828646,-2.43740661832862,-0.946236857156636,5.53083761247032
"ACTATGTCATGGCCTG-2","female","EN-fetal-late",-7.91800499130576,2.27340261247582,-5.44882346032131,-1.94186870543129
"ACTCACCTCACGCGGT-2","female","EN-fetal-late",7.33171129058511,-0.962422330112987,0.720559022445797,-0.371266407648393
"ACTCACTGTAAATTGC-2","female","EN-fetal-late",-8.32133722473472,1.43826268222756,-5.91721249459255,-1.94113556830055
"ACTCACTGTGATGAGG-2","female","EN-fetal-late",-3.24292218853324,1.72019551303811,-2.69647813675869,-2.63942782370217
"ACTCCTCAGCCTGACA-2","female","EN-fetal-late",-6.26816225220054,1.56502227094597,-4.62698078988063,-2.21020953146584
"ACTCCTCAGGCAACAA-2","female","EN-fetal-late",-8.21213436294883,1.83987728860802,-5.90060568688381,-1.67835370985634
"ACTCGCGCAAGGTATA-2","female","EN-fetal-late",-1.16535750199645,0.435321014193959,-0.798285254220845,-1.15861515490181
"ACTCGCGCACCCACCT-2","female","IN-fetal",-3.26658463646262,6.90664903428978,4.48186730505955,-2.56280581442482
"ACTCGCTTCATTGACA-2","female","IN-fetal",-6.04258394409507,8.21134559419579,3.63616513373387,-4.28775779692299
"ACTCGCTTCTAAATCG-2","female","EN-fetal-late",-7.73218202759116,2.1678769996447,-5.09979916451442,-2.1304957100547
"ACTGAAACAAGTAAGC-2","female","IN-fetal",-0.75594276357978,-8.75098427030616,3.90705894591343,-6.44216815916664
"ACTGAAACAGTAGGAT-2","female","EN-fetal-late",6.15111493896157,-1.27415903303199,3.44785451056492,3.02392156632774
"ACTGAATGTAATGGAA-2","female","EN-fetal-late",-3.91117048431724,2.20851306226677,-2.33017516968715,-2.77179114309914
"ACTGAATGTACGTTTC-2","female","IN-fetal",3.64421462844521,-6.06409700605445,0.32402900518906,-4.69616310087807
"ACTGAATGTTCCGGGA-2","female","EN-fetal-late",-5.6573696153292,1.38097641971535,-2.35037041542995,-2.10653631178505
"ACTGAATGTTCGCTTG-2","female","EN-fetal-late",4.9966568930021,-2.67171152326637,2.28465460898411,2.81269009621971
"ACTTACAAGTTAGAGG-2","female","EN-fetal-late",-0.326799394381934,-4.04347522947364,-1.5380569779681,-0.315779072920153
"ACTTACTTCATCCTCA-2","female","IN-fetal",-4.79960608650535,8.8941554239077,4.85215758444798,-4.45929805723793
"ACTTACTTCGCTCCAT-2","female","EN-fetal-late",-4.28580641914695,2.73449019697136,-3.42221403954494,-3.02950303045876
"ACTTACTTCTTAGTGA-2","female","EN-fetal-late",-5.99430942703574,-2.97486432287269,-0.842967041711689,8.45623024018638
"ACTTAGGGTACAATGT-2","female","EN-fetal-late",-5.64003133941978,1.69580922630257,-4.51920843956936,-2.68944565741188
"ACTTAGGGTATTGTGG-2","female","EN-fetal-late",-0.243430377734595,-3.78445060941749,4.34854339720738,-4.82925884215004
"ACTTAGGGTGAGCAAG-2","female","EN-fetal-late",6.58654832671792,-0.17873008939796,3.32305621268284,-7.46437255827553
"ACTTAGGGTTGCAATG-2","female","EN-fetal-late",3.81045245956094,-1.53789647314125,1.67658793093693,1.72377141030662
"ACTTAGTCAACTAGGG-2","female","EN-fetal-late",10.304936884152,-7.96192463132911,1.52063333155644,6.53412397416466
"ACTTATCTCCTCAGTC-2","female","IN-fetal",10.1790966970792,-7.02992256376319,3.78744076849949,-4.47874252287514
"ACTTATGAGCACCACA-2","female","EN-fetal-late",0.1742874367109,-4.4725471327024,-1.15890897152889,0.636055784543684
"ACTTCGCTCACCTGTC-2","female","EN-fetal-late",1.07923245261819,1.24495414998955,0.751144490261196,-1.68617670027382
"ACTTCGCTCAGCATTA-2","female","EN-fetal-late",-13.8046593682894,-11.8192740270811,3.48759316565525,-7.48436347929604
"ACTTCGCTCATGCAAC-2","female","EN-fetal-late",-0.28064739872306,1.08431413379139,-0.494060286264302,-1.32943014589913
"ACTTCGCTCGGCTATG-2","female","EN-fetal-late",-4.92314458061546,2.31634692457146,-3.90853262780178,-2.2723585793174
"ACTTCGCTCTTAGGGT-2","female","RG",-5.4058134572634,13.4853772332949,-5.1779928290652,3.55793126138084
"ACTTGAATCAGGTCCA-2","female","IN-fetal",-3.79709649254172,7.23946992662377,4.6793684876157,-2.79475514380104
"ACTTGCACATTAAAGG-2","female","EN-fetal-late",6.152508733975,-0.366690118046336,2.80492400290501,2.24074872048729
"ACTTGTAAGGGATTAG-2","female","EN-fetal-late",5.13325881789834,-2.16414268705421,2.60607360960972,2.82899029763573
"ACTTGTCGTCGACTAA-2","female","EN-fetal-late",-0.422741414798194,0.646118726400799,-1.04670191643703,-0.718360645452806
"ACTTGTCGTGCTGTAA-2","female","EN-fetal-late",-6.61184501816123,2.37242917325921,-5.50489521859157,-2.58477584807045
"ACTTTGTTCCCATAAA-2","female","IN-fetal",1.79642486404092,-8.21398552152687,1.18948363425267,-7.14810840574867
"ACTTTGTTCTGCAACG-2","female","EN-fetal-late",-0.35158598591178,2.71139506605095,-0.151563056688191,-2.46017972914345
"AGAAACTAGCATGGTT-2","female","EN-fetal-late",-6.28921413589805,-3.14694603178077,-0.882575758676411,8.63532264741295
"AGAAACTAGCTTTGTT-2","female","EN-fetal-late",-6.43974113632529,2.10252956655449,-4.86249018548,-1.93851367918617
"AGAAACTAGGATTTGC-2","female","IN-fetal",-0.414160849345618,-9.0224533865171,3.5596871292783,-6.82442609755165
"AGAACAAGTTTACGTC-2","female","EN-fetal-late",5.14210033248574,0.433255713252492,3.45053409697544,0.878080802282026
"AGAACCAAGATGGAGC-2","female","EN-fetal-late",0.235092042194909,5.94696704652733,-0.215514012555958,6.96235616715782
"AGAACCAAGCATTATG-2","female","EN-fetal-late",0.00870859454781425,-4.59105833265358,-0.696945675592305,1.31321235211723
"AGAACCAAGCTTGCTC-2","female","EN-fetal-late",-5.16614866424888,2.59558979776329,-3.61287976143825,-2.88533679930336
"AGAACCAAGGCACAGG-2","female","EN-fetal-late",-3.01530552078574,-3.37271364423805,-0.905435332040669,5.00307043107384
"AGAACCAAGGCTACTG-2","female","EN-fetal-late",-2.42421788145393,2.21462516096062,-1.75236202118862,-2.26940576521523
"AGAACCAAGGGTGAGT-2","female","EN-fetal-late",-3.40266835857719,1.21704800036377,-2.5772917353915,-1.82915834871895
"AGAACCGCACCTCGCT-2","female","EN-fetal-late",3.05149364303262,1.03465245273537,2.03868662478459,-0.174831373373339
"AGAACCGCACTCAACA-2","female","EN-fetal-late",6.50239276717812,-2.19287522527748,3.66900753142369,2.17877252610557
"AGAACCGCAGGATTAA-2","female","IN-fetal",-4.70453691650718,6.552576463489,3.61545204283726,-2.61798231093056
"AGAAGGTGTCATGAGC-2","female","EN-fetal-late",-3.2485835569033,-3.24840934965187,-0.779590853433491,4.77680309327476
"AGAAGGTGTCGCGCAA-2","female","IN-fetal",2.40931963752419,-7.57160766813331,0.186077169199108,-6.65146438566811
"AGAAGGTGTGCTAGCG-2","female","EN-fetal-late",3.1612806303373,2.51122621801323,1.64478444220555,-0.284771276394197
"AGAATCGAGCTCCTAC-2","female","EN-fetal-late",-1.621606739057,2.39055578020043,-0.934286602716328,-2.12168709723122
"AGAATCGAGGCACAGG-2","female","EN-fetal-late",3.589032171475,1.78715101983971,1.89702951075566,0.426884459575346
"AGAATCGAGGTCCTAG-2","female","EN-fetal-late",-7.87079334427207,2.35828224924035,-4.98618126748073,-2.74152700392372
"AGAATCGAGTTGGCCA-2","female","EN-fetal-late",-0.259184004558021,2.48673419263787,-0.0276027107046856,-1.93390886274941
"AGAATCTGTCAAAGGG-2","female","EN-fetal-late",-3.50525331665366,-3.23365648481422,-1.73888898728359,4.94631345780723
"AGAATCTGTTAGTGAT-2","female","EN-fetal-late",-5.78035783935874,2.29059294965691,-4.42785549996364,-2.51657573668129
"AGAATCTGTTGCACGG-2","female","EN-fetal-late",-3.48998737503379,2.60593084600396,-0.709972747545125,1.67387719663017
"AGACAATAGCGAAGTA-2","female","EN-fetal-late",-3.80098605324119,-2.81854065153175,-1.28690517781246,4.91719253571861
"AGACAATAGCTCCTTA-2","female","EN-fetal-late",10.2064089758268,-8.04165275785499,1.43237458827031,6.91356666596763
"AGACAATAGCTTCTCA-2","female","EN-fetal-late",-0.292982103122169,1.75110916402764,-0.3958935224818,-1.71487466780312
"AGACAATAGGAGTCGG-2","female","EN-fetal-late",-7.94778537918418,2.37570015695519,-5.01686859963405,-2.10381833998329
"AGACAATAGTGATTCA-2","female","EN-fetal-late",0.349954961048669,1.63759658840126,0.525559551138996,-1.42740146605141
"AGACAATAGTTATCCT-2","female","IN-fetal",-4.86641502548545,5.905932348041,3.1327593243314,-2.79303423849709
"AGACAATAGTTGTCCC-2","female","EN-fetal-late",-4.55798101593345,1.76341913249917,-2.9492456996249,-0.248082173744509
"AGACACGCACCATATG-2","female","EN-fetal-late",-8.37094497848838,1.76712999847359,-5.18317080376613,-3.52584783522255
"AGACACGCACGTGCTG-2","female","EN-fetal-late",5.74325418304116,-2.4899462053495,3.4103894150449,3.07229431184166
"AGACACGCATAAGGAC-2","female","IN-fetal",3.30541896651894,-6.98148925993019,-0.115399905424,-6.17384283033974
"AGACCCGGTACTTAGG-2","female","EN-fetal-late",-1.18226862121909,1.32031933572716,-0.690191515664937,-1.58289699045784
"AGACCCGGTCAATGTG-2","female","EN-fetal-late",6.67011403869302,-0.959017116756969,3.05323003890049,2.65046747239464
"AGACCCGGTTAACAGT-2","female","EN-fetal-late",-8.2532267587313,2.09699396398491,-5.24279452202785,-3.27100960699684
"AGACTATGTTACTTCA-2","female","EN-fetal-late",6.0592093450895,-1.12971790525489,3.98494624259007,2.17677600892418
"AGAGAAGCAGATAGAC-2","female","EN-fetal-late",-3.7404994981417,-2.04603775236183,-1.64402986405361,5.22547538789146
"AGAGAAGCATTGTCAG-2","female","EN-fetal-late",-4.06639099289268,-2.05577309820228,-1.59438014863002,5.65671070130699
"AGAGAGGAGATAAAGC-2","female","EN-fetal-late",1.57517599891335,2.09933106210656,0.809262416381954,-1.622488183657
"AGAGAGGAGCTAAGTC-2","female","EN-fetal-late",-4.54309487511008,1.21102322247452,-2.81267786858547,-2.75301734892494
"AGAGAGGAGGATGATG-2","female","EN-fetal-late",2.07499337028176,0.0316616704744765,0.977579883356212,-0.250267578045198
"AGAGATTAGAAGGTGC-2","female","EN-fetal-late",-0.0890756862291633,-0.437623698444896,-1.29721535084713,-0.78858332125313
"AGAGATTAGTAGCCAT-2","female","EN-fetal-late",-0.734605135215217,2.52520922925896,-0.209345647077443,-2.09473387686379
"AGAGGAACAAGGTATA-2","female","EN-fetal-late",0.189617512928552,1.46558610704369,0.457201655079244,-0.797487957159349
"AGAGGAACACTTCATC-2","female","EN-fetal-late",-0.133259178889686,0.35178474691338,-0.21027786372173,-0.730598015466997
"AGAGGATGTCTAACAG-2","female","EN-fetal-late",4.94881295989663,-2.26828320715004,2.06995724799168,2.66718800576561
"AGAGGATGTTAATCGG-2","female","EN-fetal-late",-3.51043391395896,2.93459574487633,-1.47038770554531,-3.02161089865334
"AGAGGATGTTATCGAG-2","female","EN-fetal-late",-3.11451625992149,2.99642435815758,-2.05453277466762,-3.2056545445121
"AGATGAAGTGAGACTC-2","female","EN-fetal-late",4.54578876327187,-1.28705318662696,-1.40638888714779,4.69758756669395
"AGATGAAGTTTACTTG-2","female","EN-fetal-late",-0.542002381575996,-3.18676384183937,3.06473516585362,-2.55885855642922
"AGATGCTTCACTAGGT-2","female","IN-fetal",-5.18390035797446,7.78236667421288,3.87310527922642,-4.23417655913002
"AGATGCTTCGAGCAAA-2","female","EN-fetal-late",-7.74821758438438,2.01071874406762,-5.35375834343898,-3.47831217733986
"AGCAAATAGACACTTA-2","female","EN-fetal-late",0.306035993801659,-4.02971466276222,0.219509161133884,0.108843827863863
"AGCAAATAGAGCCGCT-2","female","EN-fetal-late",-4.26060009170859,2.38723699357933,-2.62841964600551,-2.80698172537453
"AGCAAATAGGATTGAG-2","female","Pericytes",-1.99745708872169,-15.8746481725889,-3.70995856163967,3.15052445443504
"AGCAAATAGGGACGCA-2","female","EN-fetal-late",5.31469154189736,-2.94567163679176,2.5856892979337,2.69745476754539
"AGCAAATAGTCGCTAG-2","female","IN-fetal",-0.979126782906943,-9.18799598905616,3.82600330473912,-7.18305150953896
"AGCAACAAGAAACTGG-2","female","EN-fetal-late",4.94831609557778,-1.29564889165931,-5.17294789193142,-1.74650256125099
"AGCAACAAGCCTGTTC-2","female","EN-fetal-late",-3.53278923202842,1.23198859003014,-2.40822506783474,-1.34489993540413
"AGCAACAAGGAGGTTA-2","female","IN-fetal",1.12784242461831,-8.69082744810157,1.3152299440099,-7.39495794264443
"AGCAACAAGTCTGGGC-2","female","EN-fetal-late",-7.41013908554404,2.09625760820336,-5.2168283545779,-2.20022313086159
"AGCAACAAGTTAGACC-2","female","EN-fetal-late",2.55902051757485,1.26899911072678,1.13052564026844,-0.13036896077759
"AGCAAGGGTTTGTCTA-2","female","EN-fetal-late",-6.67313909698814,2.44062248971886,-5.05788660881984,-2.15116731611855
"AGCAATACAAGGTCCT-2","female","EN-fetal-late",0.0547562820783318,-3.72979076597267,-3.72490168450344,-0.477169496694872
"AGCAATACAATGAATG-2","female","EN-fetal-late",-4.97295165230125,2.400427859096,-3.88781548378933,-2.77668063131935
"AGCAATACACATAGCC-2","female","EN-fetal-late",5.00209903548867,0.056559901503987,1.87610649230015,1.18915017159813
"AGCAATACATGGCCCA-2","female","EN-fetal-late",-3.60676336456626,4.63527552392907,3.48288034560215,-7.36167947737343
"AGCAATTGTCTTACTA-2","female","EN-fetal-late",10.2597641928068,-7.30939110014015,1.70975731970799,6.65083654435509
"AGCACAGCAAAGGCCA-2","female","EN-fetal-late",4.22108173202187,1.46242998149819,2.2942595398618,0.367044808586767
"AGCACAGCAAGTCGCT-2","female","EN-fetal-late",3.24484252761514,1.20344470050759,1.1082910812093,-0.336266202608415
"AGCACAGCACCTACGG-2","female","IN-fetal",-5.48213291336387,6.69562951829857,3.53013991477024,-4.28625194517739
"AGCACAGCAGCAAGAT-2","female","EN-fetal-late",4.09501552413613,1.22820068505234,2.44784235121739,0.432067590078047
"AGCACTAGTCACCAAA-2","female","EN-fetal-late",-8.19436121155112,1.3112517109198,-5.81233549950588,-1.98511449782021
"AGCACTTAGAAGCTAG-2","female","EN-fetal-late",0.254482863651818,1.75176809337563,-0.602855571489216,-1.14797155348427
"AGCACTTAGCCTGTGA-2","female","EN-fetal-late",4.12858152221352,-1.96038969251686,1.77075492503178,2.14754016908043
"AGCAGGTAGCACAGCC-2","female","EN-fetal-late",6.05733918975503,-2.54872282239967,2.87149738432896,2.38043697389
"AGCAGGTAGGAATAAC-2","female","EN-fetal-late",-4.86838817764609,2.61258093622155,-3.01875091431606,-3.10951010672219
"AGCAGGTAGTTAGTTG-2","female","EN-fetal-late",-0.853379906905585,-0.0634778926091721,-2.11508274910915,-1.35820238081581
"AGCATCCCAATCCTGA-2","female","EN-fetal-late",-3.25291001964896,1.10272492077774,-2.61155939934719,-1.68096165148384
"AGCATCCCAATGCCTA-2","female","IN-fetal",-0.184902312053138,-9.01630027982765,2.45275639655125,-7.01633350340492
"AGCATCCCAGTTAAAG-2","female","EN-fetal-late",7.16847085784585,-1.6955011675077,3.36855100752842,2.353022413572
"AGCATTTCAAGCCAGA-2","female","EN-fetal-late",1.43881654571206,-0.923034031124645,0.354195005316852,-0.0309295484221667
"AGCATTTCACTGGCTG-2","female","IN-fetal",-4.59739184547752,6.90967695024437,3.85420416953099,-2.68406431166298
"AGCCAGTGTACCGAAC-2","female","EN-fetal-late",4.33241700957925,1.98401824739403,2.42871975066197,0.284936489781073
"AGCCAGTGTACGGGTT-2","female","EN-fetal-late",4.61293887923867,1.93950180318779,-0.928117164354207,2.2118795684182
"AGCCAGTGTGGACCTG-2","female","EN-fetal-late",1.70200443099648,-1.0135205576139,0.337286903579353,0.139127701764634
"AGCCAGTGTTACTAGG-2","female","IN-fetal",3.57314061950356,-5.26285942289405,0.0482596075726734,-4.83838407484657
"AGCCGCTAGCGATAAG-2","female","EN-fetal-late",-7.21936512161582,1.69213978555626,-5.22195864556301,-2.16746799437172
"AGCCGCTAGCTTCTCA-2","female","EN-fetal-late",-0.218700410617286,-0.275153834553294,-0.146526404600026,-0.685557944456407
"AGCCGCTAGGGCCACT-2","female","EN-fetal-late",6.99252939056069,-1.55878217908912,4.53640174033177,2.84133775742882
"AGCCGCTAGGGTGAGT-2","female","RG",-1.191689612163,-6.36822088453346,-5.79423094628322,3.53736932786339
"AGCCGCTAGTCCTTCA-2","female","EN-fetal-late",-1.18700730968803,1.10174063947625,-2.21876264451015,-2.37133876768715
"AGCCGGTTCCCTCACG-2","female","EN-fetal-late",-1.72318133879989,1.16918254998154,-2.04343844292629,-1.2760138937629
"AGCCGGTTCGCCTGTT-2","female","EN-fetal-late",-3.0683815496096,2.80456427839226,-2.20691920159328,-3.06025592772133
"AGCCTAAGTAGGATCC-2","female","EN-fetal-late",0.587749717938012,2.68980089929528,0.473843022306083,-2.15293328253395
"AGCCTAAGTAGGTTTG-2","female","EN-fetal-late",-5.95206546951621,2.18640271928734,-4.39832354424465,-2.03659669844277
"AGCCTAAGTCAGGCAT-2","female","IN-fetal",2.70637798141152,-5.59152229520851,-0.196905323247792,-5.92970554319985
"AGCCTAGTCTAGCGTG-2","female","EN-fetal-late",-0.419560910952979,0.514626812009282,-0.43624574778545,-1.94021121946938
"AGCCTAGTCTCATCAT-2","female","EN-fetal-late",-2.35559541155189,-2.20369680616432,-0.448640950899006,0.0379602110587866
"AGCCTCCGTCACGAAC-2","female","IN-fetal",2.5577011091581,-7.61984642240577,-0.00272554991710322,-6.80902044264443
"AGCCTCCGTCTATCGT-2","female","EN-fetal-late",0.280717609631127,-4.2806173155027,0.0232164776517139,0.185419267287186
"AGCCTCCGTGGATTAT-2","female","EN-fetal-late",-2.2899773733744,1.89912740495629,-1.93701387284267,-2.09730736700661
"AGCCTCCGTTTAGCTC-2","female","EN-fetal-late",7.66076230834634,-1.00800736639076,4.50878571631443,2.53017910035484
"AGCCTGGGTAGGTTGC-2","female","EN-fetal-late",3.80344772170693,1.42006419208474,1.30445872904789,-0.514658374468157
"AGCGATTTCAGCACGC-2","female","EN-fetal-late",6.75172471831948,-1.14365788194709,3.79421519400608,1.08753158362739
"AGCGATTTCATGCTCC-2","female","EN-fetal-late",3.32334041427285,13.2204541375918,-4.26912499306667,6.47174032243126
"AGCGCCTAGCGCCTTT-2","female","EN-fetal-late",3.70249748061807,2.45924822595543,2.30552338721287,0.0640063008868009
"AGCGCCTAGGCATTGT-2","female","EN-fetal-late",-3.61178803612083,0.824367341404922,-0.15579069493282,0.57146044286125
"AGCGCCTAGTCTATGA-2","female","EN-fetal-late",4.6255311949125,-0.219788033695751,-1.21818114159572,0.429804818948439
"AGCGCTCAGCGAGGTG-2","female","EN-fetal-late",8.92037248443276,-7.40186699125343,-5.80266667244899,-1.9295007416404
"AGCGGACCATAGCTGC-2","female","EN-fetal-late",-0.111192943347388,-4.34862192365699,-0.332403608541371,0.931354837735823
"AGCGGATAGACAGGCG-2","female","EN-fetal-late",-2.97543835808128,-3.02669223043495,-0.875648626069905,4.89707000764244
"AGCGTGCTCATGAAGG-2","female","EN-fetal-late",-3.61810660530418,-2.1986795255857,-0.78648544190395,6.56090696366661
"AGCGTGCTCCGCTAGA-2","female","EN-fetal-late",3.52265930007607,-1.33339627477699,1.06987332465184,0.877620833238295
"AGCGTGCTCTATTGTC-2","female","EN-fetal-late",-3.26208174396842,-1.77979071828895,-3.45792032120693,-2.69200508085854
"AGCGTGCTCTCAATGA-2","female","EN-fetal-late",7.02920770476968,-1.96097858640724,4.00885104300511,2.34464772256248
"AGCTAAACAGCGCTTG-2","female","EN-fetal-late",1.64098977874429,0.743512857524819,0.920992664117931,-0.324409169832537
"AGCTAACTCAATTACG-2","female","EN-fetal-late",-8.02824592758506,1.93591372278161,-5.97206450341213,-2.14299003569252
"AGCTAACTCTAAGGTC-2","female","EN-fetal-late",4.91241884063393,1.71062855031914,2.77532934309971,0.340735377987555
"AGCTAACTCTCGCCTG-2","female","IN-fetal",-6.78125572372764,8.00773946550316,4.03693293692601,-5.94814674345619
"AGCTACGTCTTGTCCA-2","female","IN-fetal",-5.29722476173728,8.32409374025292,4.55760907294285,-4.35113136259682
"AGCTACTAGACAGGCG-2","female","EN-fetal-late",0.309339998470849,-4.38768871519142,-0.0103847467707409,-1.50789741961128
"AGCTACTAGAGAAGGG-2","female","IN-fetal",-3.43753326107352,8.63661138322777,5.44393777014744,-3.37286560026772
"AGCTACTAGTCAATCA-2","female","EN-fetal-late",10.4954400045744,-7.30679996702247,1.96165060164463,6.79798181565635
"AGCTAGTTCGTTAACA-2","female","EN-fetal-late",-4.14846205879539,2.11926869657464,-3.13692069886196,-2.46416537253029
"AGCTATATCAACAAGG-2","female","EN-fetal-late",4.15859079192788,1.281276326446,1.94048427702916,0.0371880999409467
"AGCTATATCGGCCAGT-2","female","EN-fetal-late",4.32478666137368,1.3744593670649,2.03325878741276,0.617615388950041
"AGCTATATCGGGCCAT-2","female","EN-fetal-late",-3.67631435562461,0.384055506257481,-2.05134964821804,-1.82829050509102
"AGCTATATCTGTTGCC-2","female","EN-fetal-late",-1.98461026121467,0.674165617494054,-2.28713441727626,-1.58065096823342
"AGCTATATCTTTAAGG-2","female","EN-fetal-late",-4.39178180862754,2.85637442377037,-3.89163685677517,-2.63386480299599
"AGCTCATAGGTAGCTT-2","female","IN-fetal",-0.52111929823249,-9.27557953092628,3.65302037360203,-6.79085771528847
"AGCTGCTCACTTGTTC-2","female","EN-fetal-late",-1.1531256454119,2.25961927679009,-1.76004100678432,-0.874006552378008
"AGCTGCTCATTCCTCG-2","female","EN-fetal-late",-3.18895292450278,1.30756000783867,-2.09124017594326,-2.09501020399697
"AGCTTAATCCCTCAAC-2","female","EN-fetal-late",1.65253090690286,0.817601881740756,0.649187601227878,-1.1376157232917
"AGCTTAATCCTTAGTT-2","female","EN-fetal-late",2.74061345885903,2.40588287618584,1.66129469038975,-0.790131015459368
"AGCTTAATCGATTTGA-2","female","EN-fetal-late",3.0619530660978,13.4803160836977,-4.2037496650027,6.34906347306602
"AGCTTAATCTAAGTGC-2","female","EN-fetal-late",-2.93816268612235,2.62550966051049,-1.63595414994228,-3.08306424109108
"AGCTTCCTCCTCAGTC-2","female","EN-fetal-late",0.672279117809838,0.98974641766972,-0.115124591569783,-1.1069590279258
"AGCTTCCTCGCTAGAT-2","female","EN-fetal-late",-0.560934962523872,-4.38170011732154,-1.51666701672542,-2.11841241804726
"AGCTTCCTCTCGCCTG-2","female","EN-fetal-late",5.2109746916166,1.47286323812432,4.63921832205784,1.4191914370858
"AGCTTCCTCTTAGCCC-2","female","RG",-5.35413313080161,13.4360703637881,-4.97343684075344,3.48787696870201
"AGCTTGGTCGCTTGCT-2","female","EN-fetal-late",0.28396224807412,-4.39713199827247,-0.239973374585987,0.221159899851015
"AGCTTGGTCTAATCTC-2","female","EN-fetal-late",7.14477014373452,0.829530749755121,5.16223668219578,2.04445310147636
"AGCTTGGTCTTAGTGA-2","female","EN-fetal-late",-2.99041879345267,2.88319889810509,-3.11231375573146,-3.23086063353188
"AGGAACCAGCCGGTAC-2","female","EN-fetal-late",0.164059518086022,-4.15443046781593,0.693270972986339,-3.97112123457558
"AGGAACCAGTCATTAG-2","female","EN-fetal-late",6.62443589996011,-1.57679923269325,3.31655930640232,1.84367449792259
"AGGACGTAGCAGGTTT-2","female","EN-fetal-late",8.07707357238442,-0.499011833401256,4.78938387991917,2.76227982552879
"AGGACTAAGCTGGCTA-2","female","EN-fetal-late",7.58167695830972,0.510814916161961,4.90266846777928,2.06009789021843
"AGGAGCTAGCCTAATA-2","female","EN-fetal-late",-6.18632412124961,-3.11349280569129,-0.728180297593953,8.67201622041099
"AGGAGCTAGGCAGGTG-2","female","IN-fetal",1.63760924171121,-8.48023613187843,0.782109013815044,-7.19574253050453
"AGGAGCTAGTCATCCC-2","female","IN-fetal",-5.33226418663352,8.54002515581078,4.58238171698582,-4.15062992064125
"AGGATCCGTCATTGTC-2","female","EN-fetal-late",4.48769235442788,-0.359946329327159,4.05619572760594,1.15840645345085
"AGGATCCGTCCGGTTC-2","female","IN-fetal",2.72417926620156,-5.58025797102027,0.311299598832248,-5.11691467253334
"AGGATGCAGAAAGCAT-2","female","EN-fetal-late",-5.70546245743125,-2.74363239500099,-1.24713755486477,8.22359855683677
"AGGATGCAGAGAAGGG-2","female","EN-fetal-late",-0.215942622912818,1.67197744157738,-1.05306995747554,-1.44416419951088
"AGGATGCAGATACTTG-2","female","EN-fetal-late",-6.42491293121665,1.92685453203148,-4.41801977990139,-1.81497756926186
"AGGATGCAGCACAGCC-2","female","EN-fetal-late",2.30595874618203,-0.468065459461742,0.807888857145427,0.371382357796362
"AGGATGCAGGCATGAA-2","female","EN-fetal-late",0.265991924511498,-4.09361799451881,0.341267659385322,1.54726357968681
"AGGATGCAGGCCATCA-2","female","EN-fetal-late",-6.17967796493858,2.13433126714653,-4.18317271111477,-2.46696893660195
"AGGATGCAGTAACGGA-2","female","IN-fetal",-4.80988550354331,7.49860469606347,4.31723212363255,-3.65768758741982
"AGGATGTCAATGCCCG-2","female","EN-fetal-late",1.54009604285867,2.26817743089623,0.321983455736755,-1.30635969130165
"AGGATGTCACCTATAG-2","female","EN-fetal-late",-8.22475433517783,1.79619018342919,-5.91842747567165,-2.42501513449318
"AGGATGTCAGATAGAC-2","female","EN-fetal-late",6.22658252547891,0.147345106868214,4.18051098944676,1.54739733250969
"AGGATTGAGACAAACG-2","female","EN-fetal-late",-0.0429074781069099,-3.94368227216774,-1.24543476937282,4.29892881425255
"AGGATTGAGCCTAACG-2","female","EN-fetal-late",1.07973217795998,-3.48732860776954,-1.48087347386348,8.05121048005455
"AGGATTGAGTGAACAG-2","female","EN-fetal-late",-1.14957848359435,2.76594476011223,-0.793582924585225,-2.23738090483315
"AGGATTGAGTTATTCC-2","female","EN-fetal-late",-3.72207594086021,-2.9888783285337,-1.43024934170711,4.99371059449547
"AGGCAATCAGTTTCTC-2","female","IN-fetal",-0.330407740367347,-8.7349835226255,3.63720821501744,-6.71145956007607
"AGGCAGGTCAATGTCA-2","female","EN-fetal-late",-6.30136394668906,2.4356617143435,-4.8686313712405,-1.32575110880501
"AGGCAGGTCCCTCATA-2","female","OPC",-13.7480425851473,-11.7981444189268,-6.18717289803493,2.86146219285362
"AGGCAGGTCTGGCATG-2","female","IN-fetal",-4.97261381317466,7.95441285875267,3.98997258307469,-4.32521573988564
"AGGCCCAGTGAAACAA-2","female","EN-fetal-late",-5.15727663208335,1.98659149911828,-1.96878553269375,1.26057179482811
"AGGCGGATCCCTGATC-2","female","RG",-1.20961880852073,-6.48032005521827,-6.03240872261989,3.79599173577659
"AGGCGGATCCTCACTA-2","female","IN-fetal",-6.06919670273154,8.33641998079247,3.99383091094029,-5.00468341795571
"AGGCGGATCCTTCGTA-2","female","EN-fetal-late",-0.153185369265967,-3.84550770017677,3.00655984045994,-2.52323667494423
"AGGCGGATCTCCATGC-2","female","EN-fetal-late",4.80941724609048,1.53585777786202,3.3647510922147,0.689218895753554
"AGGCTAAAGGACCTCA-2","female","EN-fetal-late",-6.15933895279258,-3.48789842817359,-0.832858332376362,8.44209964784019
"AGGCTAAAGGCTACTG-2","female","EN-fetal-late",0.25964128802926,-5.1835861990171,-1.00864590046871,3.87513192208641
"AGGCTAAAGTAACCCG-2","female","EN-fetal-late",6.22146034072549,-0.266438443394237,4.9253892815305,2.11683137925499
"AGGCTAGCAAGCTACC-2","female","IN-fetal",-3.66679740120261,6.88067142274804,0.3994871238811,-6.72406618086464
"AGGCTAGCAGAGAGCC-2","female","EN-fetal-late",3.4449686987272,-1.03239973280006,3.33369778754246,-7.483492297808
"AGGCTAGCAGCTTAAT-2","female","EN-fetal-late",-6.08029794861167,-3.45365436765724,-0.414510377626301,8.56772907288902
"AGGCTAGCAGTAGGTG-2","female","EN-fetal-late",2.54419660400063,0.338487427501149,1.10938542248738,0.365345122536352
"AGGGCCTTCAATGAGG-2","female","EN-fetal-late",-0.0118974464067756,-3.97964580747657,3.0590083515836,-6.59101812330849
"AGGGCCTTCACACAGT-2","female","EN-fetal-late",-5.4674134271273,2.20736293104119,-3.80447722313869,-2.45940296141274
"AGGGCCTTCCCATAGG-2","female","EN-fetal-late",-1.66271309722751,0.411563854484029,-1.13951195118892,-0.656921727339098
"AGGGCCTTCTCACATT-2","female","EN-fetal-late",-3.90109324623435,1.92339555528588,-2.55350685952175,-2.870290918032
"AGGGCTACAACTGGCT-2","female","EN-fetal-late",-0.16689360309928,-4.46981533262306,0.76293780567181,-6.43691198317177
"AGGGCTACACTGACCG-2","female","IN-fetal",-4.5556097047457,8.42246953752465,4.69146346213353,-4.14129249540932
"AGGGCTACAGCCTAAC-2","female","IN-fetal",3.51068305801064,-7.13438995573097,-0.212085493783833,-6.87070648161537
"AGGGCTACAGGTATTT-2","female","EN-fetal-late",7.75909280608804,-0.478405434818797,-3.38335920212734,2.63014705689781
"AGGGTTGCAATCCCTT-2","female","IN-fetal",-4.52784919906943,7.95833198335595,4.96426724555027,-3.10832516638405
"AGGGTTGCACAATACT-2","female","IN-fetal",-3.37099456955283,6.83179561403222,4.09922050597203,-2.38636843649513
"AGGGTTGCACCAGGTT-2","female","RG",-1.15991562773078,-6.35795028898292,-6.05683518288601,3.50636752160423
"AGGGTTGCAGCTTAGC-2","female","EN-fetal-late",1.94747471641213,-0.264088828297191,0.797464898843883,0.215867603441408
"AGGTACGCAAATTGCT-2","female","EN-fetal-late",-0.208766700519019,-0.293471653194957,-1.34011269448269,-0.841626090685198
"AGGTACGCAATTGACT-2","female","EN-fetal-late",-0.825293006194526,2.73865739610619,-0.146977432947041,-2.35368959395058
"AGGTACGCAGCAACCT-2","female","EN-fetal-late",-0.263870956195289,0.344800870685048,-1.18499732850063,-1.02385334459908
"AGGTACGCAGGAACAT-2","female","EN-fetal-late",1.92485427688271,0.214981358317799,0.260910308976291,-0.29598568169243
"AGGTATTGTGCCTCAC-2","female","RG",-2.00276744533866,-6.22076853010231,-5.953141697626,3.51828940423363
"AGGTATTGTTCGCGCT-2","female","EN-fetal-early",-8.49074697662681,1.64987925794548,-5.26308012841213,-3.47688595739968
"AGGTATTGTTTGACCT-2","female","EN-fetal-late",-0.16491139103263,5.40806905534691,-0.272457309942128,6.78468807252281
"AGGTCAAAGCTTATGA-2","female","EN-fetal-late",-3.47316742111533,2.46812919881768,-1.67399574158657,-3.03636090246803
"AGGTCAAAGTTTCCTG-2","female","EN-fetal-late",-7.9005165116915,1.7792844584269,-5.20266867516506,-1.40438024489052
"AGGTCATTCAAGCCTG-2","female","IN-fetal",-6.78525352646201,8.134598653583,4.23410343291294,-6.25793878523476
"AGGTCCGGTAGCCATA-2","female","IN-fetal",1.83613514732034,-8.1417742559629,1.0693141734792,-7.23898879973061
"AGGTCCGGTTAACGGC-2","female","EN-fetal-late",7.70384836028725,0.0461192539019057,4.08530401350987,1.13066549809807
"AGGTCTTAGGTAAGCA-2","female","EN-fetal-late",-0.577515186561042,1.33431113865799,-0.71945286629665,-0.553374213854143
"AGGTCTTAGTGAACGA-2","female","EN-fetal-late",10.4915013296476,-7.47419937345558,1.54266749979985,6.56725318940513
"AGGTGAATCGATTTGA-2","female","EN-fetal-late",0.0878171903958977,0.016839306621022,0.0269521093560444,-0.679726226011583
"AGGTGAGGTAAAGCGG-2","female","EN-fetal-late",-8.04785490204185,1.75387166049904,-5.49672127602565,-1.80147211043007
"AGGTGAGGTCGCAAAC-2","female","EN-fetal-late",-3.9606070535311,1.50910381582207,-2.20043016312587,-3.14675490347511
"AGGTGAGGTTAGCTGA-2","female","IN-fetal",-2.83576941658347,7.42903844621605,4.92729090811741,-2.66784970251686
"AGGTTAACAAACTAAG-2","female","IN-fetal",1.22457909415872,-8.77435024473243,0.256471640486835,-7.3880857655204
"AGGTTAACACCGGCTA-2","female","EN-fetal-late",5.36958408187539,-2.83603223058754,2.93733977438938,2.47910268815391
"AGGTTAACATAGACCC-2","female","EN-fetal-late",-6.26600027252525,1.79067091253228,-4.05271769402492,-2.50857583967812
"AGGTTACTCGATTTGA-2","female","EN-fetal-late",-2.69385183025687,2.16174320486016,-2.54637266037929,-1.52867416826851
"AGGTTACTCGGCTAGC-2","female","IN-fetal",-0.342604996455604,-8.6607065984922,4.12163900496495,-6.57813541380531
"AGGTTTATCACCTGTC-2","female","EN-fetal-late",5.44377899001748,-0.89197369310432,3.21541546942723,3.01198943169945
"AGGTTTATCCCGTTTA-2","female","EN-fetal-late",-5.36973142792075,-3.66955002042823,2.17443453433049,1.4650955966317
"AGGTTTGGTACTGAAT-2","female","EN-fetal-late",6.40736245940835,-2.18699987623268,3.78690456511509,2.78041108163231
"AGGTTTGGTGGCTTCC-2","female","EN-fetal-late",5.41026782821328,-1.383303482266,3.08948158385289,-7.27428857771523
"AGGTTTGGTTACTTCA-2","female","EN-fetal-late",0.471846340405053,-4.7619496175962,-1.44333446858394,4.5320163539254
"AGGTTTGGTTATTGCC-2","female","EN-fetal-late",0.653231380688256,0.298779051570363,0.0918332255078541,-1.50181297747261
"AGTAAACAGCGAGTAA-2","female","EN-fetal-late",4.92454242538125,0.523963820008702,2.19235967757237,1.00906641991966
"AGTAACACAATAGTCT-2","female","IN-fetal",-4.03326583076804,-1.15753586980873,-1.18584681389797,8.41129310639732
"AGTAACCTCACAGCCA-2","female","EN-fetal-late",7.67089509795815,-0.167880613537364,4.72543286444676,1.94729788812034
"AGTAACCTCCCTCATA-2","female","IN-fetal",-5.78972530533164,8.44413415697045,3.88776802184117,-4.63212911574013
"AGTAACCTCCTAAGTA-2","female","IN-fetal",3.84012031387002,-5.30127962324195,0.144800386448024,-4.76935808149941
"AGTAACCTCGAGCTAT-2","female","EN-fetal-late",-1.20147836376517,1.64097509887642,-0.518412657956959,-2.04906312910683
"AGTAACCTCTAGCGAT-2","female","EN-fetal-late",-6.02559375931113,-3.38648565504127,-0.924378284196736,8.58127315553062
"AGTAACGAGTTCCTGC-2","female","IN-fetal",3.18893480132729,-7.53291424009376,-0.00469080446231501,-6.42872707335121
"AGTAAGTAGCTGTAAC-2","female","EN-fetal-late",-0.482833863986426,-4.47920807096534,-4.82870627282131,3.31416328461998
"AGTAATCGTCACCTAT-2","female","EN-fetal-late",3.30124187301309,13.2447165658755,-4.132678517084,6.25825889619224
"AGTAATCGTCCTTTAA-2","female","IN-fetal",-5.55443477798789,7.13179485109276,2.79499053122532,-3.43284813849098
"AGTAATCGTCTCAGCC-2","female","IN-fetal",1.86751746963174,-8.28599365446144,0.663056722898601,-7.29743616072304
"AGTAATCGTGGACCTG-2","female","EN-fetal-late",-7.94152259994834,1.2733846118731,-5.79832697747219,-2.07303635565407
"AGTAATCGTGTTGTGA-2","female","EN-fetal-late",-0.0186445729860603,-3.79026134702735,-1.07493341801632,0.0555854311787397
"AGTAATCGTTAGGCTA-2","female","EN-fetal-late",-0.211798550380164,-4.59835727903419,3.33770918013584,-3.76735155073769
"AGTAATCGTTCAAGAT-2","female","EN-fetal-late",0.535895345913476,-4.54048259946876,0.885365358610271,-0.45027743069298
"AGTAATCGTTCCTGTG-2","female","EN-fetal-late",-5.89577388931602,-2.85877044889503,-0.782143124322773,8.16566379578941
"AGTAATCGTTGCTTCG-2","female","EN-fetal-late",6.85872506927163,1.2246061375422,0.568464837093471,7.24254615815513
"AGTAATGCATTAAAGG-2","female","EN-fetal-late",6.06392192672402,-2.02900107595497,2.592024317999,2.58362491639488
"AGTACGCGTCAATAGT-2","female","EN-fetal-late",3.63088130782754,-1.04831238481575,0.60003959300053,0.318041147907904
"AGTACGCGTCGTTATC-2","female","IN-fetal",-0.80808663536399,-9.31915577146583,3.81851553084385,-7.01288406340248
"AGTACGCGTGCTCCGT-2","female","EN-fetal-late",-1.8233607428202,1.26877565291352,-1.91301489708889,-1.35058359591133
"AGTACGCGTTGCATCT-2","female","EN-fetal-late",5.2945084555021,-1.91691454145484,2.31996487738621,2.57006748231285
"AGTAGCTTCCCTCAGT-2","female","EN-fetal-late",4.55735874007851,-1.87990959379249,1.85711740614903,2.32310421975487
"AGTAGCTTCTTGATGA-2","female","EN-fetal-late",-3.76348877121299,1.56263719108529,-3.03149557946193,-2.05598871199257
"AGTAGGATCCTCATCA-2","female","EN-fetal-late",8.86683988402993,-7.01899631712013,1.91709005000126,-0.384267372766802
"AGTAGGATCTTTGAGA-2","female","EN-fetal-late",-6.06371975113242,-2.90833743307167,-0.914885886888386,8.50410945924156
"AGTATAGCAACTAGCC-2","female","EN-fetal-late",-7.88298130203574,1.64311949518151,-5.85541058419216,-1.80600909678108
"AGTATAGCAATTAAGG-2","female","EN-fetal-late",3.30467653106362,-0.181164462299876,1.75284849764836,1.4024723342263
"AGTATAGCACAATTAC-2","female","IN-fetal",-0.53032887150138,-3.30934437009864,4.15199255110752,-2.62944023100502
"AGTATAGCAGGCTACT-2","female","EN-fetal-late",-5.02347302605003,2.00700132158226,-2.50845600007045,-2.44587175337441
"AGTATAGCAGTCTAGC-2","female","EN-fetal-late",-1.99025768209785,0.685617264179654,-2.28055263398159,-1.82981745688088
"AGTCAAGAGCACTAAC-2","female","EN-fetal-late",4.70512056182534,0.962459813622899,2.48276614310276,1.2292111686074
"AGTCAAGAGGCTACAT-2","female","EN-fetal-late",-0.649804653418952,4.98363343980736,-0.643249639253499,6.47016151460045
"AGTCAATGTACGTTTC-2","female","EN-fetal-late",4.54267215560586,1.6211383154673,2.31666444899571,0.203945184370211
"AGTCAATGTCCCGGAA-2","female","EN-fetal-late",-7.92892217804282,1.85266236570305,-5.0949177825259,-1.90657679525978
"AGTCAATGTCCGTGAG-2","female","IN-fetal",-5.38673257995933,7.71193019655175,3.97684668662083,-4.27749626127846
"AGTCAATGTCCTAGTT-2","female","EN-fetal-late",-0.823823930514747,1.39444599655098,-1.42862106202114,-0.696035248915026
"AGTCAATGTGCATTTC-2","female","EN-fetal-late",3.67952251266152,1.0096605530066,0.313634253163456,-4.21515218702919
"AGTCAGGCAATTAGGA-2","female","EN-fetal-late",-5.65597391296714,-2.62019379827552,-0.463351556043507,8.16954811128013
"AGTCAGGCAGGAACTG-2","female","IN-fetal",-0.236797215236121,-9.25440796110206,3.61651705863011,-7.41088239637978
"AGTCAGGCATGTCGCG-2","female","EN-fetal-late",1.59418964217812,-1.20168288442665,1.07824396254551,0.815148489793471
"AGTCCTGAGCCTGGTA-2","female","EN-fetal-late",7.05068826507241,-1.25447471830421,1.84156786562931,-0.176907730976412
"AGTCCTGAGGACTTAC-2","female","IN-fetal",-6.82197380234092,8.2008623292727,3.93442749144566,-4.87563840834267
"AGTCCTGAGTCACCAG-2","female","EN-fetal-late",-6.72862148453086,2.27366570737786,-4.77079153893459,-2.08655397383339
"AGTCCTGAGTCACTAA-2","female","EN-fetal-late",-1.39956608582824,1.4106805732531,-1.62021280167568,-2.59151951758034
"AGTCCTGAGTTACCGG-2","female","EN-fetal-late",5.07337999175698,-1.08343358728462,2.52878045203221,2.07694097073906
"AGTCCTGAGTTTGAGC-2","female","EN-fetal-late",1.25834655593545,1.380716901092,1.20238833786976,-0.556030733267137
"AGTCCTTGTCAATGTG-2","female","EN-fetal-late",7.16353463958413,-1.61081202718788,5.13501881720555,2.29746230157249
"AGTCCTTGTGCGCGTA-2","female","IN-fetal",-7.76565122772544,2.5857203414721,1.12020426156056,-7.37069742170937
"AGTCCTTGTGGAGCAA-2","female","EN-fetal-late",0.973282573925561,-0.836293418140941,0.189501545448421,-0.183574033657381
"AGTCGCATCAGGTCCA-2","female","EN-fetal-late",-0.740032555354529,2.07721702363915,-0.308376916627766,-2.42356554953224
"AGTCGCATCCCGCCTA-2","female","EN-fetal-late",-2.66232943703025,1.29642252233452,-2.32989192841518,-1.87749497381813
"AGTCGCATCTCACACC-2","female","EN-fetal-late",0.0293515903821648,-0.268914062710338,-1.20140243409145,-0.90272418944008
"AGTCGCATCTCGCCTG-2","female","EN-fetal-late",-4.21228337456077,2.17237333562798,-2.50645733712185,-2.09747449843056
"AGTCTTGCAACTAGGG-2","female","EN-fetal-late",2.76207113097817,2.40599946287102,1.83358000876438,-0.320459557453462
"AGTCTTGCACAACAAA-2","female","EN-fetal-late",0.273779628979272,-4.69973095151954,-0.910038360338093,-0.736149174848863
"AGTCTTGCATTGCGAC-2","female","IN-fetal",3.74604844878823,-5.935873586865,0.121376178283809,-5.05287258116371
"AGTGAACCACCTGCTC-2","female","EN-fetal-late",-1.9168759303221,0.567675988940663,-2.30236864922512,-1.38221470801003
"AGTGAACCACTGGCTG-2","female","EN-fetal-late",0.886459587322778,-3.69393642637306,1.67544125678074,0.0681250302695543
"AGTGAACCACTTGTTC-2","female","EN-fetal-late",-5.94605922867149,-2.67553337308937,-1.26920498249996,8.37331398042076
"AGTGAACCATGCTATG-2","female","EN-fetal-late",1.58621716331155,-0.451391417713695,0.446890871096967,-0.256671560684511
"AGTGAACCATTGACAT-2","female","IN-fetal",3.70317506621987,-5.29708917829567,0.21662609936726,-4.57265226332314
"AGTGAGTCACATAACT-2","female","EN-fetal-late",-6.04903268982261,-3.59810360166603,-1.08891225693691,8.62373073609703
"AGTGAGTCATCGCTCC-2","female","EN-fetal-late",-3.26771187950462,1.56356308963723,-2.11224938271511,-0.918930692354509
"AGTGATGAGCCTAATA-2","female","IN-fetal",1.68967413734109,-8.42729290220313,0.482551924009441,-7.22379152266152
"AGTGATGAGGGCTTTG-2","female","IN-fetal",-0.591260971320563,-8.66517360899024,2.80478238226902,-7.20915071455605
"AGTGATGAGTTCCCAC-2","female","EN-fetal-late",-3.62373233009666,5.81826965120263,0.833987138290523,0.336749779304197
"AGTGATGAGTTTGCGG-2","female","EN-fetal-late",2.96038818191201,-0.743069727154308,1.29014395834935,1.06567444117897
"AGTGCACGTAGCCTCC-2","female","EN-fetal-late",7.18549108337075,-0.861751277180248,3.53019498946202,2.06346281083458
"AGTGCACGTCCTTTAA-2","female","EN-fetal-late",3.64627933334023,2.32848564889855,2.19692312838566,0.79397340329521
"AGTGCACGTTAAGGCC-2","female","EN-fetal-late",9.77704477142007,-8.0200815984922,1.33397041918766,6.48267324479454
"AGTGCACGTTTGCAGA-2","female","IN-fetal",-5.36134314705222,8.3488320520205,4.03738044859898,-4.8862170406974
"AGTGCCGGTATGGTGC-2","female","EN-fetal-late",-0.0650486962923347,-4.21319778654151,-1.25984753010738,4.57406290086143
"AGTGCCGGTCGTTATC-2","female","EN-fetal-late",3.92055320571572,0.761153336433835,2.47983025671971,0.364454718550375
"AGTGCCGGTTTCAGGA-2","female","EN-fetal-late",0.300689814793176,-0.117165524693065,-0.140465208272816,-0.700178188959429
"AGTGCGGAGGAACACA-2","female","EN-fetal-late",1.0903213007322,-4.11358125898414,1.22719585062992,1.57100720914238
"AGTGCGGAGGAGGACT-2","female","EN-fetal-late",-3.81397366691917,4.26111118104882,-0.762185224275471,-2.17417256323464
"AGTGCGGAGGCCTGGT-2","female","EN-fetal-late",2.83318137954385,13.703012388019,-4.09407616494167,6.39509399445885
"AGTGGACAGGCGCTTA-2","female","EN-fetal-late",0.966506956326074,1.21503395941681,1.103234819193,-0.439684195200273
"AGTGTTTCACCCACAG-2","female","EN-fetal-late",7.49038839172036,0.574449758796162,5.27404641272557,2.58507068665855
"AGTGTTTCACGAATCC-2","female","EN-fetal-late",-2.43685025144904,2.57111303117699,-0.696161874513508,-2.74841253248818
"AGTGTTTCACTCAACA-2","female","EN-fetal-late",3.08266258071572,-1.03032727930122,1.73530828120243,1.94178398164146
"AGTGTTTCATGAGTTT-2","female","EN-fetal-late",5.65851926635415,-2.81835945341163,2.91878866316807,2.59208710702293
"AGTTACATCGTTACTT-2","female","IN-fetal",0.282018540607995,-8.79636009428077,3.18587206961644,-7.18512336699135
"AGTTACTCAACCGCCA-2","female","EN-fetal-late",-0.488713385356361,-3.9050651380735,2.9024171745969,-7.27353326765663
"AGTTACTCAAGGACCA-2","female","IN-fetal",0.210528252827233,-8.78326233121925,2.23574577929509,-7.2376221844352
"AGTTACTCACCTGCCT-2","female","EN-fetal-late",4.14699125121743,1.84432510641045,2.41799258353245,0.305544110258749
"AGTTACTCACTAAGAA-2","female","EN-fetal-late",1.65364694427163,-0.690450627537303,0.378918900210975,0.079053564240864
"AGTTACTCAGAAATGC-2","female","EN-fetal-late",-5.15680623222678,2.56375257280297,-3.44008994935024,-3.024268312136
"AGTTACTCAGGCGATA-2","female","EN-fetal-late",6.65526151488931,-1.35280855390602,3.42280434729588,2.12877376588219
"AGTTACTCATAAGTCT-2","female","EN-fetal-late",-7.03076934982627,1.93282059934563,-5.29887915490139,-2.15597025839455
"AGTTACTCATTAAACC-2","female","EN-fetal-late",-0.865916432631904,2.86048762109704,-0.853846439103962,-1.82429913965828
"AGTTATGTCACGCATG-2","female","EN-fetal-late",-7.65480137039512,2.0991343667788,-5.48841238854396,-2.16596881834633
"AGTTATGTCCACCTGT-2","female","EN-fetal-late",6.18174218963296,-0.483301241131358,3.51615285040867,1.64213724645012
"AGTTATGTCGCTAGAT-2","female","EN-fetal-late",-1.69498107005447,1.00173332896656,-1.22523272870052,-1.81605212179787
"AGTTGCAGTGATGAAA-2","female","EN-fetal-late",-0.308317305339271,2.92022506502099,-0.107577451448323,-2.42688290564186
"AGTTGCAGTGCATTAG-2","female","EN-fetal-late",-0.163263799441749,-5.16384180280738,-4.95188475487697,3.36550505669945
"AGTTGCAGTTACTAGG-2","female","EN-fetal-late",6.53701925109536,-1.60081537458473,2.8851265824033,2.22278101952904
"AGTTGCGTCTCCATGC-2","female","IN-fetal",-0.178311468852454,-4.21355398389869,1.63561271788609,-0.19471923796303
"AGTTGGCGTATACTGG-2","female","IN-fetal",-4.30960488487571,7.52853338029808,4.95899294974339,-2.78405372587807
"AGTTGTCAGGTCCTAG-2","female","EN-fetal-late",-4.72528791595786,2.63447610643334,-2.22142792580593,0.954963224252394
"AGTTGTCAGGTTTGCG-2","female","EN-fetal-late",4.66821288894326,-2.5770335981565,1.91148339869511,2.4721904567086
"AGTTTGATCACACAGT-2","female","EN-fetal-late",-5.72606134582847,-2.78890689107948,-0.932292112092854,8.36267192872398
"AGTTTGCAGTGTTGTA-2","female","EN-fetal-late",-3.85458398033469,2.47101227548546,-3.45201826928127,-3.1298443504966
"ATAACGACAAGGCCAA-2","female","EN-fetal-late",1.95220446418435,1.94651607778496,1.03445308568013,-0.590612632910082
"ATAACGACAGGCATCT-2","female","EN-fetal-late",-0.675315441382819,-5.4174147436338,-0.407723673562886,0.053909177204302
"ATAACGACATTTGCTC-2","female","EN-fetal-late",-3.55746412445396,2.64455763605065,0.942892781515239,-0.392029626051256
"ATAAGCCTCACCTGTC-2","female","EN-fetal-late",-4.25352120567649,-2.14678962919288,-1.45819486020076,5.89956148179405
"ATAAGCCTCAGTATTG-2","female","EN-fetal-late",-5.58510255981773,-2.57795031759315,-1.13307369587886,7.5144758990609
"ATAAGCCTCGATATTG-2","female","EN-fetal-late",-3.795808793796,2.66165367868371,-2.29207778809536,-3.0531510540641
"ATAAGCCTCTTAGTGA-2","female","EN-fetal-late",0.0871807319989861,-4.71433027479225,-1.19370962021816,-1.45354799715645
"ATAAGTCGTCAGGCAT-2","female","EN-fetal-late",0.0491257889142693,5.47227660921044,-0.898995765428425,7.66615732224815
"ATAAGTCGTCCGTAGG-2","female","IN-fetal",-0.572563530696326,-9.36287506315284,3.58487986685765,-7.42152158705361
"ATAATGGCACCTGTAA-2","female","EN-fetal-late",-5.18871498276084,-2.27562125417762,-1.15945661900509,8.01413639100426
"ATAATGGCACTAAGAA-2","female","IN-fetal",3.52282285522134,-5.75707777235084,0.127046308536647,-5.03051225630409
"ATAATGGCACTCAACA-2","female","IN-fetal",-0.657594742072517,-9.28900917264991,3.56353663565647,-7.21340982405312
"ATAATGGCAGCACGTT-2","female","EN-fetal-late",7.66808843444497,-0.880935508938365,3.56496476294529,0.97190936120384
"ATACCTGCACCCACAG-2","female","EN-fetal-late",-0.20756173302024,-4.03495462629371,-0.674661406259419,1.3452236226403
"ATAGATGCAATATGGA-2","female","EN-fetal-late",2.83002853225381,13.7300957849307,1.07822459103596,-1.02774123636849
"ATAGATGCACAAGCCT-2","female","EN-fetal-late",5.22139501403481,-2.82300408575111,2.0758905327512,2.48046072038048
"ATAGCATGTATTCGTC-2","female","EN-fetal-late",2.74862050841958,1.9825332572741,1.44432031275761,-0.24927656141884
"ATAGCATGTGCCGCAA-2","female","IN-fetal",-3.81576109100669,6.57759277131981,3.77081083418858,-2.62387649504311
"ATAGCATGTTGTTCAC-2","female","EN-fetal-late",-3.37669646908134,4.66574112680382,3.90763353468907,-7.36099140135414
"ATAGGTACAGCAAGTG-2","female","EN-fetal-late",-5.85411358047813,-2.7208815405088,-0.547513612489583,8.13302047761314
"ATAGGTACATAAGCAA-2","female","EN-fetal-late",-2.10992360283225,1.1205343416018,-2.51355028985012,-2.18081204382546
"ATAGGTACATAAGTTC-2","female","EN-fetal-late",-3.37860918213218,1.66799918916649,-2.687356957178,-2.71804778067238
"ATAGGTACATCCCTCA-2","female","EN-fetal-late",5.39789438079507,-2.53617413732582,2.65861105086338,2.72913034470909
"ATAGGTACATTGCAGC-2","female","IN-fetal",0.0465706570020379,-8.76546200010353,3.13965677382481,-7.15616170851357
"ATATAGGCACCTGTAA-2","female","EN-fetal-late",-6.14695739914268,-3.02859361860328,-0.99109125969875,8.33799465211265
"ATATAGGCAGCAACAG-2","female","EN-fetal-late",-1.82559815217345,1.61009148862786,-1.75124669907558,-1.24850277392037
"ATATGCATCCGCCTCA-2","female","EN-fetal-late",-1.47682175022154,0.464781980781026,-1.68067146180141,-1.05403665987618
"ATATGCTCAATTGACT-2","female","EN-fetal-late",7.39313173125893,-0.783555228443675,4.47300862433445,1.82261128934257
"ATATGCTCACCATATG-2","female","EN-fetal-late",-3.32224393059104,-3.10472114774757,-0.820932039003254,5.11083896668785
"ATATGCTCATTGTGCA-2","female","EN-fetal-late",4.17886257003457,0.441177319554753,1.02061753632557,0.0854275769197256
"ATATGGTGTAGGTTGC-2","female","EN-fetal-late",-4.02080583740562,5.7201003244204,0.157602510471462,-1.89885322538979
"ATATGGTGTTTGCAGA-2","female","EN-fetal-late",3.22510385345132,-1.40498669836097,1.4633279955579,2.0414088538491
"ATATGTCCACAATGCC-2","female","EN-fetal-late",-0.0235602872499763,-3.92686374876075,1.84231280447972,1.06895752461784
"ATATGTCCAGCCTGCA-2","female","EN-fetal-late",0.129423497425622,-4.11264761182838,1.80326568247807,1.25051780255668
"ATATGTCCAGGCTAAG-2","female","EN-fetal-late",-7.92202043701499,1.95199338701195,-5.50326014397609,-2.51396100012428
"ATCAAGCTCCTAATGA-2","female","IN-fetal",-5.24131226707786,6.07063524034447,3.20282053114903,-3.19207231489784
"ATCAAGCTCTCACATT-2","female","EN-fetal-late",-2.79363978077262,5.87055866029686,-1.05105162499416,-0.333945614973375
"ATCAATCCAATCCTGA-2","female","EN-fetal-late",-2.53771007229179,1.93399171140618,-2.37815237877834,-2.51365081755287
"ATCACAATCAGAAACG-2","female","IN-fetal",-3.11978602577537,8.27147189882226,5.10844182135594,-2.86876313177712
"ATCACAATCCCGTTGT-2","female","EN-fetal-late",-2.42052996326774,1.99515847471184,-1.82670474884975,-2.11750905005104
"ATCACAATCCCTCAGT-2","female","EN-fetal-late",-0.4386036412844,-3.00777013990455,3.55933546187413,-2.82875124899513
"ATCACAATCGAGCAAA-2","female","EN-fetal-late",-2.7219311015734,-2.22572358343177,-1.51474226353634,5.13288028748863
"ATCACAATCGCTAGTG-2","female","EN-fetal-late",-1.15074703265517,0.0149001887125442,-1.07502747414577,-1.29838971583016
"ATCACACAGATTGAGG-2","female","IN-fetal",-0.940567316306525,-9.15120704862647,3.95318626524937,-6.4912351795829
"ATCACACAGCGAAGTA-2","female","EN-fetal-late",-1.68042378295749,1.20453871396012,-1.60905862687099,-1.2455612847007
"ATCACACAGGGATGCG-2","female","EN-fetal-late",4.84016465972573,0.0247544458193252,-1.57516456482875,-1.28745381323464
"ATCACCCTCCTAAGGT-2","female","EN-fetal-late",-0.605810405505592,0.977507155208058,0.110549232978939,-1.64331535784371
"ATCACCCTCCTGGTGA-2","female","EN-fetal-late",2.93515920470864,0.191307883529134,0.768698058147548,-0.147991550842592
"ATCACCCTCTTTAAGG-2","female","EN-fetal-late",-1.20546272565215,-6.25408561918312,3.32985352637303,1.32180221589439
"ATCACTAAGGAACGCG-2","female","EN-fetal-late",0.29882561992318,1.95836858060784,-0.49790585873592,-1.03595535246498
"ATCACTAAGGCTAGAA-2","female","EN-fetal-late",0.244983552204675,5.62734023836083,0.0195510304166065,6.84063728364342
"ATCACTAAGTTTGTCT-2","female","EN-fetal-late",3.79203700851113,-1.54670079443031,1.49344705702793,1.6941484978997
"ATCATCAAGCTGCACA-2","female","EN-fetal-late",-6.26773691345542,-3.55041940900856,-0.0451289200590863,8.09005554231041
"ATCATCAAGTGAACAG-2","female","EN-fetal-late",6.54968690704018,-2.30249818059974,3.31229352118504,3.07748325379722
"ATCATGTCAGCACGTT-2","female","IN-fetal",-3.78203606773704,8.58856384065575,5.49858330847752,-3.49576227156288
"ATCATGTCATGAGCAG-2","female","EN-fetal-late",-2.47767961193412,1.81412247922844,-0.699054726343037,-2.55949823347695
"ATCCAACAGTCAGTAC-2","female","EN-fetal-late",-6.15431499649375,-3.04738338682228,-1.32234586117733,8.37110813172691
"ATCCATAAGCCTGAGC-2","female","EN-fetal-late",-3.23969376255363,2.600871842174,-1.69929004548061,-2.83301512686379
"ATCCATAAGGCGCATC-2","female","EN-fetal-late",-7.84866571594566,2.29915372636742,-5.35480070946682,-3.4170598217643
"ATCCATAAGGGATTAG-2","female","IN-fetal",-3.0265079753527,7.65689365175194,4.37667249800694,-2.9865874478019
"ATCCATAAGGGTTAGA-2","female","EN-fetal-late",-1.57296230812162,0.739209640590615,-1.72611857293117,-1.43011395422585
"ATCCATAAGTTAGTGC-2","female","EN-fetal-late",-6.20399856735557,-3.08473261091285,-0.68343950150478,8.35648353608482
"ATCCCGCGTGGAAACG-2","female","EN-fetal-late",3.17841625045449,1.25509132054276,1.48852907778752,0.524783985932997
"ATCCGTGAGATGGAGC-2","female","EN-fetal-late",-5.53254604507774,1.674258332519,-3.07701779244411,-2.82737295118935
"ATCCGTGAGTGCTGTG-2","female","EN-fetal-late",0.0672742111554803,-4.39875419828468,1.62291394831669,1.9352066090905
"ATCCTCATCCTAATAG-2","female","EN-fetal-late",0.799704788433617,2.09028212335534,-0.532582112531544,-0.198988063017198
"ATCCTCATCCTACCTA-2","female","EN-fetal-late",-0.44991111923545,0.151068549422688,-0.360906609277607,-1.20417217699654
"ATCCTCATCTAACCTT-2","female","EN-fetal-late",5.48650932143838,0.43805874493546,0.361931773890375,-2.19770233122475
"ATCCTCATCTGTAAGC-2","female","EN-fetal-late",2.39123868774087,-3.55646141264015,0.946475497503398,-7.24711267439491
"ATCCTGACACCTAATG-2","female","EN-fetal-late",1.27522635291726,1.16213382389969,0.361531849075674,-1.26126222101814
"ATCCTGACAGCACGTT-2","female","IN-fetal",-0.460476578963691,-8.70386036130958,4.18401145102513,-6.9930514523185
"ATCCTGACAGCTCATA-2","female","EN-fetal-late",-0.445828081859046,5.19431821611351,-0.778082021455647,6.96916873963707
"ATCCTTAGTCGTTATC-2","female","EN-fetal-late",2.09954643081338,-0.227368552418285,1.76875065924656,0.504332112392119
"ATCGAGGCAGGCGAGT-2","female","IN-fetal",-4.43124723602622,5.77339069154686,2.81625627638829,-2.89322940794594
"ATCGCCCGTATTTGGG-2","female","IN-fetal",-4.56376552749961,7.53689138200707,4.35868739249241,-3.20574275938637
"ATCGCTTGTTACTTGC-2","female","EN-fetal-late",3.35419893096597,13.193903844623,-3.98501206276882,6.23490579636925
"ATCGGCCAGCGATAGA-2","female","IN-fetal",-3.1462771909365,8.26015941408104,5.33616637351048,-3.12279812780983
"ATCGGCCAGGTGTCCA-2","female","EN-fetal-late",4.96378660033852,1.17841402795739,2.55016326071751,0.638645606359175
"ATCGGCCAGGTTTACA-2","female","EN-fetal-late",-1.44301859271317,0.238112848071522,-1.46360183594692,-1.15300325838692
"ATCGGCCAGTAAGTCC-2","female","IN-fetal",2.0940005762449,-8.05837734434181,0.892562738676189,-6.83376638380654
"ATCGGCCAGTAGCCAT-2","female","EN-fetal-late",0.177961586224145,-4.5715199300962,-2.35851717827785,-2.12423674551613
"ATCTATGAGCACTTGG-2","female","IN-fetal",-4.91993642021506,5.82575837877221,2.98069976927769,-2.83693687407143
"ATCTATGAGCATCCAG-2","female","IN-fetal",1.43593859504372,-8.35862167570167,1.93937479617131,-7.31601230589516
"ATCTATGAGGAGGCAT-2","female","EN-fetal-late",5.44149923156411,-2.12161644193702,2.62308215262425,2.77936990769737
"ATCTATGAGTCACCAG-2","female","EN-fetal-late",0.0698268396726311,-4.20186432096534,1.41452085139286,1.10209782632225
"ATGAAGCCAAGGTGGC-2","female","EN-fetal-late",-4.97626829315513,1.58462743070549,-3.70561648247707,-3.00056926695473
"ATGAAGTAGTCTTGAA-2","female","EN-fetal-late",0.245141027676171,-4.43016966077858,2.07201503874791,1.05347533734672
"ATGAAGTAGTTACTTC-2","female","EN-fetal-late",1.90140628646523,1.50730774906105,-2.7866058432864,-2.32434193579323
"ATGAATGCAAACTCAT-2","female","EN-fetal-late",2.41209530662209,-1.15787513944679,1.1903405702306,1.2614092400872
"ATGAATGCAACTAGCC-2","female","IN-fetal",-5.96355533768027,8.21513788011498,3.96834992529881,-4.5637563892997
"ATGAATGCAAGGTACG-2","female","EN-fetal-late",-7.90182781387656,1.5116412451548,-5.6350674712466,-1.90962020842201
"ATGAATGCATGCTATG-2","female","IN-fetal",-7.70397854019492,2.6636901309771,1.37639998557103,-7.31228343931801
"ATGACAACATGGCCCA-2","female","IN-fetal",3.63900375198037,-5.68456323835426,0.10507493378651,-4.87153379408486
"ATGACCAGTAGCAGCT-2","female","EN-fetal-late",0.513797639118737,-4.74171169492775,-1.57644904492366,-0.900581044832537
"ATGACGAAGAACCTGT-2","female","EN-fetal-late",1.18203306029946,-4.07306965086036,2.71226762892735,0.561789946874312
"ATGACGAAGACTCGCA-2","female","EN-fetal-late",-4.29695248771995,1.7674282005114,-2.29494262574184,-3.00510136572487
"ATGACGAAGCAAGGAC-2","female","EN-fetal-late",-2.30578565765708,2.98021475580162,-0.312789388875843,-2.64236943213112
"ATGACGAAGCCAGTAT-2","female","IN-fetal",-3.57993602920859,6.74276439454979,4.13306807639134,-2.7367254921592
"ATGACGAAGGGATGAC-2","female","IN-fetal",-0.794077576888496,-9.0281964132505,3.84988211752903,-7.17031995741493
"ATGACTCAGCAGGTTT-2","female","EN-fetal-late",1.78475618194253,2.43687967565484,1.12375765206349,-1.21775524107582
"ATGACTCAGCGGGCAA-2","female","EN-fetal-late",-8.01517296005576,1.55427835491127,-5.81983281014431,-2.49073283163674
"ATGATGGAGCTGGCTA-2","female","EN-fetal-late",-3.7060334699282,-2.3795889208036,-1.489110239725,5.07219894441002
"ATGATGGAGTCATTGA-2","female","EN-fetal-late",6.32306384872109,-0.149707276554637,3.41169141890538,1.3767429164254
"ATGATGGAGTTGCGTG-2","female","EN-fetal-late",10.3120493872038,-7.94852359983497,1.91862665774357,6.97752244981163
"ATGCAAACAAACTGTT-2","female","EN-fetal-late",0.228503702389306,-4.75400741788917,0.366937886048673,-3.83387224165566
"ATGCAGGCAGTGAACG-2","female","IN-fetal",3.13675355743081,-7.03619535657936,-0.0135836982535137,-5.99266092268593
"ATGCATTCACGAATCC-2","female","EN-fetal-late",1.15733980964333,2.12242547777123,0.29575861902964,-0.969237012544939
"ATGCATTCAGAGGCTA-2","female","IN-fetal",-5.03912210632651,8.69145576265282,4.60199689032566,-4.20343820540077
"ATGCATTCAGGTTCAC-2","female","IN-fetal",0.499615786778039,-8.91771515104347,2.31064306857121,-7.30259839979775
"ATGCATTCATAGTCAT-2","female","EN-fetal-late",6.65487432311684,-1.9366391489225,3.63727640273106,2.13694556268089
"ATGCATTCATCCATCT-2","female","EN-fetal-late",-1.12158689071029,-6.07000597211891,2.26420890452397,1.21329041036003
"ATGCCTGAGCCATCAG-2","female","EN-fetal-late",-3.83333039451926,-2.12494548055702,-0.757054218034626,5.35429771455162
"ATGCCTGAGCTTAGTA-2","female","IN-fetal",3.79325246642739,-5.12553175184303,0.390367719401239,-4.6837515064872
"ATGCCTGAGGAAGCTA-2","female","EN-fetal-late",-0.434071661723548,5.26482764985985,-0.230336793641926,6.82167490037315
"ATGCCTGAGTAACGGA-2","female","EN-fetal-early",9.76028108428628,-7.89912708494239,-0.178875335435749,1.05027760775917
"ATGCGATTCCCGTTGT-2","female","EN-fetal-late",-0.373401524318153,1.33913628366417,-0.393947967271687,-1.65934900728829
"ATGCGATTCGACAAAG-2","female","IN-fetal",2.02778243850381,-7.82906349393898,0.721743217725872,-7.19054834334023
"ATGCGATTCGGTCAGC-2","female","EN-fetal-late",-0.582469047797614,-4.16109283659034,-4.24029351113308,-1.82559780565865
"ATGCTTAAGCATGTCG-2","female","EN-fetal-late",-1.13570934702247,-6.19332750532203,-5.41437292931545,3.54488094361656
"ATGCTTAAGTTTGGGT-2","female","EN-fetal-late",7.23673200439126,1.0512119939608,4.35282420279515,1.43417008431785
"ATGGACAAGAACAAGT-2","female","EN-fetal-late",-2.35615074802726,2.01006094720787,-4.65275193093288,-2.32100765196449
"ATGGACAAGAGGAGTC-2","female","EN-fetal-late",6.8179573995939,0.985794346599049,4.98696421744358,2.69593174966209
"ATGGACAAGCATCCAG-2","female","EN-fetal-late",2.81223726104409,13.713754575519,-4.14071560738552,6.3083573153817
"ATGGACAAGCCGCAAC-2","female","EN-fetal-late",-5.71618080307334,-2.5159688780027,-1.33887494442928,7.86685665162437
"ATGGCCGGTGAGAAAC-2","female","EN-fetal-late",-4.14996457268088,2.17783443239159,-4.21775914071071,-2.41511885611183
"ATGGCCGGTGGATTAT-2","female","EN-fetal-late",2.02657460998208,0.204040746955342,0.518822967131256,-1.26154462782509
"ATGGCTAGTTTCCGGC-2","female","EN-fetal-late",-6.32390594650596,8.08254901674218,2.54386543395054,-6.683368129412
"ATGGCTTAGGTTAGAG-2","female","EN-fetal-late",-4.01619029213279,-2.71559723112159,-1.83883405564296,5.33268077882164
"ATGGCTTAGTCACGAT-2","female","EN-fetal-late",7.25602197478921,0.537456374434895,4.54261588217747,1.20884581120842
"ATGGCTTAGTGAACGA-2","female","IN-fetal",-0.767802597773963,-9.0884819814878,3.8626062786771,-6.73467390028603
"ATGGTCTAGCAAGACA-2","female","Microglia",10.7629113180509,15.6034802606387,-3.69168043969143,3.20316250832908
"ATGGTGCGTACCAGGT-2","female","EN-fetal-late",2.43137812446267,0.645413633255429,0.894269428272365,-0.103029159585306
"ATGGTGCGTATTTGCC-2","female","EN-fetal-late",2.99317312072427,2.14526454713768,1.76505135657322,-0.428386194387743
"ATGGTTATCATGAAGG-2","female","EN-fetal-late",5.88075208495767,-2.27795322629982,3.11495565535557,2.44861300500267
"ATGGTTATCATGTGGT-2","female","EN-fetal-late",5.3090758306852,1.38409916665978,3.17899822356236,0.563963787873915
"ATGGTTATCATTAGTG-2","female","EN-fetal-late",3.38916635345132,1.24572263267464,0.772733918447612,1.75716157468193
"ATGGTTATCCAAACAC-2","female","EN-fetal-late",5.97452211211831,-0.827498633595042,0.479407197852253,-6.0445479580558
"ATGGTTATCTCCATAT-2","female","EN-fetal-late",1.56075620483071,2.03350536134667,0.329628258068679,-1.85684637514717
"ATGGTTATCTTAGGGT-2","female","IN-fetal",-5.83229017425864,7.97688333299584,3.97788905264866,-4.76230327574379
"ATGTAACGTAAGCTCA-2","female","EN-fetal-late",8.16399431060464,-0.182015974255138,5.02473591925633,2.51637871774071
"ATGTAACGTTTCAGGA-2","female","IN-fetal",-3.70670032669395,8.58344642427392,4.79971408011448,-3.0137759873069
"ATGTAAGCACCTGCCT-2","female","EN-fetal-late",1.42988180946023,-4.00016935560279,5.05782364966404,2.27821476968162
"ATGTCAATCACAGACT-2","female","EN-fetal-late",5.45886945556313,-1.81304081174903,1.72590302588475,2.05341322930687
"ATGTCAATCCTCATGC-2","female","EN-fetal-late",-2.08951080013602,-6.17681177351051,3.71851467253697,-7.55441562620766
"ATGTCAATCCTGATTT-2","female","EN-fetal-late",2.11018943618447,2.12645057943291,0.715110561866878,-1.2076385447181
"ATGTCAATCGTTAACA-2","female","EN-fetal-late",-0.143313767207557,-4.33709104749733,2.03401636244786,-0.664565367380449
"ATGTCATCAAAGCTCC-2","female","EN-fetal-late",0.219879029499596,2.3937139919085,0.0089737689687,-2.39288465468056
"ATGTCATCACGAATCC-2","female","EN-fetal-late",6.3566308004728,-2.55887754652076,3.84132002951634,2.65877731355064
"ATGTCATCAGAAACGT-2","female","EN-fetal-late",3.64861059020669,-4.87095030042701,0.451389274616359,-4.3030461498893
"ATGTCATCAGTCTATG-2","female","IN-fetal",-0.428541304362708,-8.67938621732765,3.49868368269932,-7.36808864561684
"ATGTCATCATTAAGCT-2","female","EN-fetal-late",-4.31475806404441,2.43869892862267,-3.1239750468539,-2.57842604605324
"ATGTCCACACCACAAC-2","female","EN-fetal-late",-4.17457485367149,-2.37329633924537,-1.53075481293667,5.5050445369088
"ATGTCCACAGGACACA-2","female","IN-fetal",-5.21495294739097,6.65299646165795,3.4314494049741,-3.07964937178261
"ATGTCCACATAGCAGG-2","female","EN-fetal-late",-2.20564174820274,2.16075054910607,-1.6509583079623,-2.50353710142739
"ATGTGAGAGATGGACA-2","female","IN-fetal",-6.80296087433189,8.14162675645775,4.23875259520543,-5.67261783568031
"ATGTTGTCAAATACCT-2","female","EN-fetal-late",4.26502084563882,-0.138049382896953,-1.0018580043124,-0.855170948187181
"ATGTTGTCAACCCTCC-2","female","EN-fetal-late",-3.15402066875785,2.18811313417382,-1.98521233437526,-2.42073265997536
"ATGTTGTCAAGGTCCT-2","female","EN-fetal-late",6.87556123565347,1.24585817363686,5.30554865958226,2.51562507661217
"ATGTTGTCACCATATG-2","female","EN-fetal-late",4.888996599423,0.479242812661595,2.02018343569767,1.49416215928428
"ATGTTTGAGCATTTCT-2","female","EN-fetal-late",7.16098451446206,-1.73669036123329,-1.01627553341854,4.93940551789635
"ATGTTTGAGCTATATG-2","female","EN-fetal-late",-1.48997618426173,1.04521761444039,-0.929104694108845,-1.21125523535378
"ATGTTTGAGGGTGAAC-2","female","EN-fetal-late",-1.28551669586986,0.845974514080353,-1.66302562592495,-1.37432233778603
"ATTAACCCACCTCACC-2","female","EN-fetal-late",-3.41615307499259,0.201643507747121,-1.29656494496334,0.963522749265364
"ATTAACCCAGCTACGT-2","female","EN-fetal-late",6.70359659026772,-0.998950440617137,3.35675286414158,1.70338876756065
"ATTAACCCATCACTTC-2","female","IN-fetal",-4.88402199913352,7.9189905336184,4.81457327963841,-3.76934997526772
"ATTACCCGTCATGCCC-2","female","EN-fetal-late",-2.68244338203757,-1.70535333845192,-1.69154048798549,-1.42969946352608
"ATTACCGCAACTCGCG-2","female","EN-fetal-late",-4.22972321678489,6.15133754518456,3.07373570563328,-2.60109011618263
"ATTACCGCACAAAGGT-2","female","EN-fetal-late",-0.521099092257911,2.09504393842644,-0.0542357349203839,-2.23232237784035
"ATTACCGCAGGTTAAA-2","female","IN-fetal",1.14001679252297,-8.75211246702247,1.27112346055043,-7.38575260130531
"ATTACCGCATAAAGCA-2","female","EN-fetal-late",-3.12044477630942,-3.15285118314796,-1.08646429417598,4.68139322312706
"ATTACCGCATAAGTTC-2","female","EN-fetal-late",7.2927355749479,0.638121392397351,5.22047328116429,2.51753194840782
"ATTACGTCAACGTGCT-2","female","RG",-5.37261510063499,13.4574803521914,-5.26796675560939,3.33585603745811
"ATTACGTCATCATGTG-2","female","EN-fetal-late",2.12439775298745,-0.405176241131358,1.22985707880986,0.768645124753645
"ATTACTGAGCTGCACA-2","female","IN-fetal",-0.278346301806861,-9.06390388700538,3.43257378699314,-6.59369937864906
"ATTACTGAGGACAACA-2","female","EN-fetal-late",-4.12008667160361,2.10590628889031,-2.32421685097683,-1.64294723955757
"ATTACTGAGTGAACAG-2","female","IN-fetal",-5.03309798408836,6.06805507448143,3.1727037346555,-3.05489270178444
"ATTACTGAGTTTGGGT-2","female","IN-MGE",-3.31006002594321,8.5857853105349,5.40975617529881,-3.17775551764137
"ATTAGCGGTAATCACG-2","female","IN-fetal",10.010295389401,-6.92197664472633,3.55525564314854,-4.00551502195961
"ATTAGCGGTGTCCAAA-2","female","EN-fetal-late",-3.31674313713401,1.07650436070389,-2.22375226853359,-1.51114038912422
"ATTAGCTCATATTGAC-2","female","EN-fetal-late",6.9393944723478,1.10122985747284,4.85823725821507,3.06010110886925
"ATTAGCTCATGACTAT-2","female","OPC",-13.9934344308504,-11.5739394018369,-6.08722830651271,2.89781625779503
"ATTAGGTGTCAGGCCA-2","female","EN-fetal-late",7.02101564239175,1.1247596850676,5.27327584387791,2.63486822160118
"ATTAGGTGTCATGCAA-2","female","EN-fetal-late",4.28831720183999,-2.09006198141151,2.00331949355137,2.40083725961082
"ATTAGGTGTCTAGCTT-2","female","EN-fetal-late",0.91107463668496,1.6924804857058,1.72438453795445,-1.51527671305306
"ATTAGGTGTGGACCTG-2","female","EN-fetal-late",-4.90919900108665,2.42849890497155,-3.77089310524929,-2.77865735975868
"ATTAGGTGTTGGCCGA-2","female","IN-fetal",3.42463350127847,-5.8912335226255,0.21395640732777,-5.28731910673744
"ATTAGTCCAAACAACA-2","female","EN-fetal-late",3.26493406127602,1.10480568912453,1.09450673224461,-0.611751956621477
"ATTAGTCCAGTTTCTC-2","female","EN-fetal-late",-4.66805553604453,2.39521436002678,-4.09109068749416,-2.25376264540322
"ATTAGTCCATCCCGCT-2","female","EN-fetal-late",10.2167096121183,-7.4622202703672,1.82454382540715,6.63206441911094
"ATTATCCTCAAACACC-2","female","EN-fetal-late",2.30530071090371,-1.26013239118629,1.56886374117863,1.74734159024589
"ATTATCCTCACCGGTA-2","female","EN-fetal-late",0.13949489425332,-4.07774599287086,2.77572917105687,-5.59613267866738
"ATTATGGTCATCCTGC-2","female","IN-fetal",0.106852052914208,-8.7648268530088,2.80746912123692,-7.28332845656044
"ATTATGGTCTCCATAT-2","female","IN-fetal",-4.21479535271018,8.8313965013308,4.35005544783604,-4.84046022383339
"ATTATGGTCTGCAACG-2","female","EN-fetal-late",-6.11692047287315,2.11364034917778,-3.58667779801357,-2.82603566137917
"ATTCAACCACGTGCTG-2","female","IN-fetal",-3.44436335731834,-1.36087067815834,-0.0206504547404064,-7.0659536549247
"ATTCAACCAGGTATTT-2","female","EN-fetal-late",-3.65166735817283,5.85322849061913,3.83545111777317,-2.59240023581154
"ATTCACTTCAGGGCCT-2","female","EN-fetal-late",7.09956884215981,-1.06622942182594,3.81129216315281,1.6778549722039
"ATTCACTTCATCCACC-2","female","EN-fetal-late",-0.488117338908607,2.11593143251366,0.717842242736934,-1.79334716288216
"ATTCACTTCGATTTGA-2","female","IN-fetal",0.561316250073022,-9.02376754972511,0.289890966434597,-7.36735813109047
"ATTCATGAGGCAAGTA-2","female","EN-fetal-late",-2.8874846713671,-2.36181719991737,-1.7411785208987,5.24175270112388
"ATTCCGGAGACACCGC-2","female","RG",-5.35250950027793,13.4266471078677,-5.26949120400417,3.48649867089622
"ATTCCGGAGGAATAAC-2","female","EN-fetal-late",-1.80914539266914,0.81360295024342,-2.37440944550502,-1.40633396593697
"ATTCCGGAGGTCGAGG-2","female","EN-fetal-late",0.673346756207055,-0.637686092587047,0.244870475549816,-0.342867327610323
"ATTCCGGAGGTTACGT-2","female","EN-fetal-late",-0.214517833484107,-4.25898273679786,2.0685720360471,-6.60491315809853
"ATTCCGGAGTTATCCT-2","female","EN-fetal-late",-0.0523996369966804,5.90909425523705,-0.23694623349178,6.91986091645592
"ATTCCTAGTGTGTGGT-2","female","IN-fetal",-4.68196726013511,8.7143687417788,5.3939943230344,-3.63634411780007
"ATTCCTAGTTAGCGTA-2","female","EN-fetal-late",-7.01218652893394,2.30251411703057,-4.91836691735256,-1.96771566359169
"ATTCCTAGTTGCGCGA-2","female","EN-fetal-late",10.1764140112272,-8.02927501890235,1.41742705466282,6.47713907273643
"ATTCCTCCAAGATTCT-2","female","IN-fetal",-3.1562025563845,7.29167024400658,4.77250575186741,-3.07883111921913
"ATTCGTTTCAGCATTA-2","female","EN-fetal-late",-6.12684250046104,2.4631799867434,-4.31782151101101,-3.01901785818703
"ATTCGTTTCCGCACAA-2","female","EN-fetal-late",6.11409473251016,-2.49461992475563,3.98555611731541,2.06559033902519
"ATTCGTTTCTGTGAGT-2","female","EN-fetal-late",0.0602143986097039,-0.352503497334056,-0.00291300652492182,-0.670752806345293
"ATTGAAGCAAGCCACT-2","female","EN-fetal-late",3.98604631255776,-1.71425445768409,1.72732376219761,2.17556508096092
"ATTGAAGCAGCATGTC-2","female","EN-fetal-late",-2.75594616104453,1.15123761799759,-2.0109391295718,-1.65686480490334
"ATTGACTCAAAGGCCA-2","female","EN-fetal-late",-5.8821010606417,8.00547973421044,3.1476051724149,-4.38755933729775
"ATTGCACAGACCATAC-2","female","EN-fetal-late",-3.49348330665916,-3.17726667615943,-1.44639337895382,4.81266458543175
"ATTGCACAGCACAGAA-2","female","OPC",-13.9940133111605,-11.524261553021,-6.05287505028713,2.83556039842003
"ATTGCACAGCGATAGA-2","female","EN-fetal-late",3.54086875747353,2.44802693632073,1.62509655119908,-0.647769195715257
"ATTGCAGGTACTTAGG-2","female","IN-fetal",-6.06240225006431,7.88732425477929,3.90317916037571,-5.06615488020546
"ATTGCAGGTCATCATC-2","female","EN-fetal-late",-2.31469392944663,2.35577122476525,-1.63285899994838,-2.25787369696266
"ATTGCAGGTCCTTCAG-2","female","IN-fetal",0.887210129009789,-8.84283073637062,0.900777152795909,-6.97556678740151
"ATTGCAGGTTAGTACG-2","female","EN-fetal-late",-7.78850794006675,1.62875513341851,-4.85214854119289,-2.24525753943093
"ATTGCAGGTTATCCGT-2","female","EN-fetal-late",-0.969044299615317,-3.15911563131385,0.586254543681263,-4.16111986128456
"ATTGCGCCACCTAATG-2","female","EN-fetal-late",5.02208566497475,0.189175825385518,1.25483231904042,-0.400238377729723
"ATTGCGCCAGGTTCAC-2","female","IN-fetal",2.1424293501249,-7.36456211301857,1.69360672595036,-7.19853727308876
"ATTGCTCGTCAATGTG-2","female","EN-fetal-late",-0.154404045833045,-4.55547245237403,1.64677929045689,5.77283294709556
"ATTGGCTAGGAGCATA-2","female","EN-fetal-late",-1.00602689553588,2.59689668920464,-0.262969144563557,-2.38074199644692
"ATTGGCTAGGGATGAC-2","female","EN-fetal-late",-7.2196311967501,2.9916633775515,-5.14225960610378,-1.43307547060616
"ATTGGCTAGTTACTTC-2","female","EN-fetal-late",-0.444103004229957,0.518792729644246,-0.751061686258198,0.438179688771895
"ATTGGTTCATAATCAC-2","female","EN-fetal-late",-7.97762584854453,1.40609560516304,-5.51916886208522,-2.26073758093483
"ATTGGTTCATAGACCC-2","female","EN-fetal-late",4.87538480590493,-0.1530965754705,1.93814372183812,1.06855847152107
"ATTGTCCGTAAAGCAA-2","female","EN-fetal-late",-0.143141867412025,0.890911191521353,-1.34429801342952,-1.91420380560524
"ATTGTCCGTAGGATCC-2","female","EN-fetal-late",-6.19453573395103,1.65647248533196,-4.27058649895656,-2.38817684141762
"ATTGTCCGTGCCGCAA-2","female","IN-fetal",-4.56966066528648,6.40265266206688,3.26280616881382,-2.81199399916298
"ATTGTGATCACCAATA-2","female","EN-fetal-late",-1.68719878960937,0.444466840295262,-1.85932803986538,-1.43283800570137
"ATTGTGATCACTAGGT-2","female","EN-fetal-late",0.05987310241372,-4.69236620161109,-1.62571311829555,-2.48234145132668
"ATTGTGATCCCTGATC-2","female","EN-fetal-late",3.52070998977334,1.94348160531945,2.27698396803868,0.240338275452784
"ATTGTGATCCTCACAC-2","female","IN-fetal",-4.61935472656577,6.40938941743798,3.64771603705418,-2.6941549011863
"ATTGTGATCTTAGGAC-2","female","EN-fetal-late",2.82474374602944,13.7797164132876,-4.2247514807986,6.438626842817
"ATTTAGCCAGAATGAC-2","female","EN-fetal-late",0.298763750301904,0.467813711432881,3.42283295752537,-4.43943492857582
"ATTTAGCCAGTAGGAT-2","female","EN-fetal-late",-0.512692155135566,-5.36435039732032,-0.912117251138569,3.39662249596947
"ATTTGCAAGAATGACG-2","female","IN-fetal",-0.580742778075629,-9.47669800016456,3.04458164336216,-6.99929134337074
"ATTTGCAAGTAAACCC-2","female","IN-fetal",1.5377774221769,-8.53231819364601,0.664911768455623,-7.24043647734291
"ATTTGCGCAGCACGAA-2","female","EN-fetal-late",7.14446019958169,-1.60164817068153,3.50151704909336,2.94262631448143
"ATTTGCGCAGTTAGCC-2","female","IN-fetal",3.91505050491006,-5.12866266462379,0.0960741257859455,-4.50352136580116
"ATTTGCGCATGGTTAT-2","female","EN-fetal-late",3.30961036513955,13.2376336267275,-4.20407725213039,6.23473413499229
"ATTTGCGCATTGCAGC-2","female","EN-fetal-late",0.407257793652123,2.19183544424004,0.479861057419895,-1.87058774916298
"ATTTGTGAGCGCTCAA-2","female","EN-fetal-late",-7.64982986618369,1.59929827955193,-5.28551770089138,-1.80745641676552
"ATTTGTGAGGCATTAC-2","female","EN-fetal-late",9.25039720367104,-7.05118854734474,2.16908012988102,2.5973444751107
"ATTTGTGAGGCTAGAA-2","female","EN-fetal-late",-0.48276400734275,-5.39223297330909,-0.725484379510762,-0.380802495161363
"ATTTGTGAGTAACCCG-2","female","EN-fetal-late",0.188629506336755,-3.39086635801368,4.3289742386533,-4.92803804365761
"ATTTGTGAGTTGTCAA-2","female","EN-fetal-late",1.13329052756936,-0.807202536793285,0.307383297999023,0.0753371624850542
"CAAACAACAGCGCTTG-2","female","IN-fetal",0.522643445240563,-8.35713585111671,0.89516716362965,-7.24197189299233
"CAAACACTCAATCTAG-2","female","IN-fetal",-3.40332067180961,8.52621547487206,5.10951041342747,-3.25348870245583
"CAAACACTCATGGCCA-2","female","IN-fetal",-5.06093955208152,7.56919233110375,3.44118689658177,-4.00508062330849
"CAAACACTCGAGCAAA-2","female","EN-fetal-late",3.94930171798379,-0.897912938328319,1.87080287100804,1.91222436936729
"CAAACATGTCCACAAA-2","female","EN-fetal-late",-4.63562178779929,6.54202310350365,-1.75296736596096,1.25670214208
"CAAACATGTTTGACCT-2","female","EN-fetal-late",-0.479835333121711,-3.8161750623899,-0.313979872445942,0.961827712377241
"CAAACATGTTTGCGAA-2","female","IN-fetal",3.7023019773832,-6.11132343504005,-0.0721241617010845,-4.83811895338661
"CAAACCGTCCTGAATA-2","female","EN-fetal-late",7.27335023711831,0.992416392831273,5.09341715933812,2.90476162942283
"CAAACCGTCCTTGTTG-2","female","EN-fetal-late",0.632968424068993,-0.727583605976634,0.151424161214946,0.0899761265718252
"CAAACGCGTAAAGCAA-2","female","EN-fetal-late",2.19595575164468,1.15271789935059,0.0500191068841205,-1.02696780649788
"CAAACGCGTATTGCAG-2","female","IN-fetal",-5.2309837358126,8.76067344453759,4.45945738913548,-5.00323097197182
"CAAACGCGTGCCTCAC-2","female","EN-fetal-late",-8.04609680343955,1.63593713548607,-5.26129008172023,-2.77991024939186
"CAAACTGGTCTTACTA-2","female","EN-fetal-late",-5.77945041824668,-2.64249404165321,-1.28315580723751,8.21388347657554
"CAAACTGGTGAGGTAG-2","female","EN-fetal-late",-2.03816121984809,1.53293077257103,-1.18997372029293,-2.36807100264198
"CAAACTGGTTAAGCGC-2","female","Astrocytes",-1.12496316601127,-6.36798246595436,-6.01600409386623,3.72371442826622
"CAAACTGGTTGGCGTG-2","female","EN-fetal-late",-4.40516805816978,1.52189628389306,-2.07710886834133,-2.55342547384865
"CAAAGCGCAACTAGGG-2","female","EN-fetal-late",-1.84326628018706,2.6891708782,-0.221716054658772,-2.26297990767128
"CAAAGCGCAATATACC-2","female","EN-fetal-late",4.36507558654458,-0.0654589721875718,0.189763194937824,-0.872826261202165
"CAAAGCGCACAACAAA-2","female","EN-fetal-late",7.24912595580727,0.315863828925557,4.24355458380711,1.42491670163505
"CAAAGCGCAGGAACCA-2","female","EN-fetal-late",0.214149592625207,-4.07482059690528,-1.86520553467739,1.58731635125511
"CAAAGCGCATTAGGCC-2","female","IN-fetal",2.70092868636758,-7.08110864851051,0.389207169470011,-6.15029899565346
"CAAAGCGCATTCAGCA-2","female","IN-fetal",-4.90824723411887,7.58988515642113,4.19734071852696,-3.51169721571572
"CAAAGGATCATGTTTC-2","female","IN-fetal",1.80106305907876,-8.32785995695167,1.03022926213276,-7.16504661528237
"CAAAGGATCATTACTC-2","female","EN-fetal-late",-1.51387430523127,0.785459928034014,-1.18306256173122,-1.82420925585396
"CAAAGGATCCCTTGCG-2","female","IN-fetal",-4.95180177856773,5.85618488099999,2.92241500975621,-3.10887662855751
"CAAAGGATCTGGCATG-2","female","IN-fetal",-5.81635618378013,7.75974170473046,0.99385689856541,-7.00137989012367
"CAAAGTGAGGATCACT-2","female","EN-fetal-late",-1.23637882043212,2.08807436731286,-1.11057484982479,-2.38581077543862
"CAAAGTGAGGCGCATC-2","female","EN-fetal-late",-5.91395950485557,-2.85389192792945,-1.17313159344661,8.15081604035728
"CAAAGTGAGGCGCTAC-2","female","EN-fetal-late",4.30751561950356,1.90962604787774,1.66332053305638,-0.520249170938799
"CAACAATGTAAGGTTT-2","female","EN-fetal-late",-7.87698984314292,2.13933030870385,-5.67942191002834,-2.09696666685707
"CAACAATGTATTGAGT-2","female","EN-fetal-late",-4.87937760521262,1.90433792379326,-3.80679274437893,-2.7174281307853
"CAACAATGTCACGGAT-2","female","EN-fetal-late",5.84862518142373,-2.44632132741981,3.32869862677586,2.1985898784005
"CAACAATGTTAGAGCC-2","female","EN-fetal-late",5.65916013549477,-2.61430485937171,3.29633187415135,3.15463073762291
"CAACAGGCAATTAGCT-2","female","EN-fetal-late",-4.54811644722312,2.60891227033562,-3.23227334855068,-3.06118194548256
"CAACAGGCAGCATGAG-2","female","EN-fetal-late",0.407348035084313,-3.92997940275245,4.43278502585423,-3.84671823469765
"CAACAGGCAGGCCTTG-2","female","EN-fetal-late",-3.76298618484824,8.26625243928856,5.14427422644627,-3.4966644474662
"CAACAGGCAGGCGATA-2","female","EN-fetal-late",-2.26711332966178,2.14332799222893,-0.582981713991047,-2.15086190191872
"CAACCCGCACAGAACG-2","female","EN-fetal-late",-2.95643353630393,0.849307204416163,-2.03584099648464,-1.29200677363045
"CAACCCTTCGTCAAGT-2","female","EN-fetal-late",-5.73152637649863,-2.6491475889402,-1.12321532605159,8.24612052949302
"CAACTAATCAATCATG-2","female","EN-fetal-late",-4.07437825371116,-2.763989526959,-1.71012211678493,5.24096925767296
"CAACTAATCATAACCA-2","female","EN-fetal-late",1.00591420959145,-4.16664226743751,-0.588002153615834,8.18686397584312
"CAACTAGGTCCTAAGA-2","female","EN-fetal-late",-0.629216076625281,0.157785158423848,-0.659861096124531,-0.958189768472978
"CAACTAGGTGTCCTGC-2","female","EN-fetal-late",-5.7948379533419,-3.17518480512672,-0.415158041696431,8.37585742982261
"CAAGAACCAAGGAATC-2","female","EN-fetal-late",-0.770788492453986,0.874839629797406,-0.799012311677815,-1.4956605860389
"CAAGAACCAATTTGGT-2","female","EN-fetal-late",-3.33356321026176,-1.80660660955482,-4.94590617058742,-1.67229132143624
"CAAGAACCACGAATCC-2","female","EN-fetal-late",2.58423471282632,-5.0595103094297,-3.54875064728725,-3.16027848211891
"CAAGAACCAGCAAATA-2","female","EN-fetal-late",1.98087858985574,1.29547865298218,1.41106092097294,-0.299244178215334
"CAAGAACCATGTTGCA-2","female","EN-fetal-late",2.40059947799355,0.238553505210347,0.964841953535198,0.141780941990843
"CAAGACAAGCTATGAC-2","female","IN-fetal",-4.40216899086326,8.85318462160058,4.5944452202512,-4.46213714567787
"CAAGACAAGGGCTAAA-2","female","OPC",-14.0001978891024,-11.5937462637144,-6.19936991570461,2.90458281548851
"CAAGACAAGGGCTTTG-2","female","EN-fetal-late",-3.49836993385642,5.70398036745018,4.9969429886533,-3.73985044447548
"CAAGACAAGTATCGCG-2","female","EN-fetal-late",-3.38488876987785,-3.18870123121315,-0.782825359086873,4.81549747498863
"CAAGACAAGTTATCCT-2","female","EN-fetal-late",-6.74877500702232,2.19200054910607,-4.04952622292507,-2.68700758902199
"CAAGCTAGTAATCGTG-2","female","EN-fetal-late",4.69266271423013,-2.41425879690223,2.0176025545789,2.33887346299522
"CAAGCTAGTGAATCGC-2","female","EN-fetal-late",-0.108916403544837,-4.35784157011085,-1.96269560692775,0.970764475186995
"CAAGCTAGTGCCTCAC-2","female","EN-fetal-late",0.585297582851952,0.380332361726231,-0.120640047769429,-0.436589939276048
"CAAGCTAGTTACGCAA-2","female","EN-fetal-late",5.12671565841348,-2.87882645818763,2.35691320063603,2.84451301606529
"CAAGGCCTCAACCAAC-2","female","EN-fetal-late",-1.90487209130614,1.11934856679863,-2.22012735245693,-1.78415696112282
"CAAGGCCTCATGGCTG-2","female","IN-fetal",-5.01365184952109,7.45893279817528,3.69249986769688,-4.32830564467079
"CAAGGCCTCCTAAGGT-2","female","EN-fetal-late",-8.12783861328452,2.19628624227471,-5.3620076262759,-1.49702052561409
"CAAGGCCTCGGTCATG-2","female","EN-fetal-late",-2.26309317518561,1.14567298796601,-1.44390858052242,-2.39270941702492
"CAAGGCTGTCACGAAC-2","female","EN-fetal-late",-6.10912370849937,-3.29064806196266,-0.535947450380208,8.11855896027916
"CAAGGGAGTCTATCGT-2","female","EN-fetal-late",0.030197022663659,1.86631397512383,0.191753915567516,-1.2443257996238
"CAAGGTAAGCTCCTTA-2","female","EN-fetal-late",3.92338800262124,-1.53625472280555,1.98622035147679,2.39730365784996
"CAAGGTTTCGTTTCCA-2","female","IN-fetal",3.3594441397062,-6.89374311658912,0.107288829107402,-5.8481425472892
"CAAGGTTTCTTGACCC-2","female","EN-fetal-late",-1.04583433438628,1.39834312704033,-0.351881810407521,-1.61696390596993
"CAAGTGAAGACTAAGG-2","female","IN-fetal",-6.24190950561851,8.25936977174706,4.10665701987278,-4.50961915938027
"CAAGTGAAGGATGATG-2","female","EN-fetal-late",6.86631727050454,1.19506634381241,4.78001593710911,2.38656290086143
"CAAGTGAAGGTAACGA-2","female","EN-fetal-late",-6.27205085922568,-3.46205290052467,-0.940893658380391,8.74424465211265
"CAATAAGCAACCGCCA-2","female","IN-fetal",-0.79238212276786,-8.78720863554054,3.87763189436924,-7.12410108534462
"CAATAAGCAATCCCTT-2","female","IN-CGE",10.5905556661955,-7.56587417814308,1.13075017096531,6.70850856812828
"CAATAAGCAGCAAATA-2","female","EN-fetal-late",-4.88966703583091,1.88733605649895,-4.42290974495876,-3.2208301254905
"CAATAAGCAGGAACCA-2","female","IN-fetal",1.96883749793679,-8.11500747892433,-0.455755063276173,-6.52998249022133
"CAATAAGCATAGACCC-2","female","EN-fetal-late",1.74773549865395,-1.12627442571693,1.42522358061802,1.28474708112114
"CAATAAGCATTAAGCT-2","female","EN-fetal-late",3.21887874435098,1.58289311435647,1.63894878985417,-0.214527768770525
"CAATAGCTCACTAAGC-2","female","EN-fetal-late",1.495441911923,0.599208738474316,-3.93349076149929,-2.36273543326027
"CAATAGCTCATTATGG-2","female","EN-fetal-late",3.56863641570718,2.03883115556664,1.94615184428227,0.0602568930589468
"CAATAGCTCCGCAAGC-2","female","EN-fetal-late",-5.19432449508994,1.88062314298577,-3.516547449808,-2.82017890898354
"CAATATGTCACACAGT-2","female","EN-fetal-late",-4.01397872139304,2.04030792024559,-3.32788229821193,-2.50133697477944
"CAATATGTCAGGATGA-2","female","EN-fetal-late",3.50672864745767,-0.852691490383678,1.64579223753941,2.02961082967155
"CAATATGTCCTAGTAA-2","female","EN-fetal-late",-1.31480135191768,1.21193994191117,-0.992560394983174,-1.97188965765602
"CAATCCCTCACATTGA-2","female","EN-fetal-late",-5.61366319824546,2.41969947126336,-4.11769390938747,-2.8527721592582
"CAATCCCTCAGCCAAT-2","female","EN-fetal-late",-6.11929178406089,1.89457289483971,-4.34872055886257,-2.2335287758506
"CAATCCCTCAGGGCCT-2","female","EN-fetal-late",-6.05134725738853,-2.68526800367408,-0.403748103361012,7.48301942857139
"CAATCCCTCATTACGA-2","female","EN-fetal-late",-1.75190231372207,0.499814014701314,-1.89611864922512,-1.13886849371559
"CAATCCTGTAACAGGG-2","female","EN-fetal-late",-3.15955341030448,2.306970994739,-1.91400147316921,-2.46164314238198
"CAATCCTGTATTGAGT-2","female","IN-fetal",-4.97776699234336,8.88457004335351,4.55159472586644,-4.97095195738442
"CAATCCTGTTGAGGTC-2","female","EN-fetal-late",3.35226297210366,1.59579448011345,1.80444656970036,-0.119022501388857
"CAATCGCCAACTAGCC-2","female","IN-fetal",-0.0437135713228523,-8.67075546476417,3.08066581847203,-7.22428314177162
"CAATCGCCACCTACTT-2","female","EN-fetal-late",4.44245529006631,1.23782600071854,1.8663961804105,1.25650258572929
"CAATCGCCAGTTAGCC-2","female","EN-fetal-late",3.01347827743203,13.5247067621035,-4.21829176781643,6.42848499329918
"CAATCGCCATGACTAT-2","female","EN-fetal-late",5.36329698394448,-2.75494392606788,2.03359972598088,2.79594524415367
"CAATCGCCATTGTGTG-2","female","EN-fetal-late",-7.43030882049888,1.68957344797081,-5.6061105811404,-2.14156262365944
"CAATCTAAGGTCAAAG-2","female","EN-fetal-late",5.33721923659951,-2.05285080167823,2.97432946326268,2.56796796830528
"CAATCTAAGTTAGTGC-2","female","EN-fetal-late",1.05855274032266,-4.10508592817359,-1.10857833264339,-0.44169257370598
"CAATGAACACGTGCTG-2","female","EN-fetal-late",0.0871310217252435,-4.30950840208107,-0.358601995687367,-0.0641522088444918
"CAATGACTCCCGTTGT-2","female","EN-fetal-late",-0.578559221518928,0.673760842351384,-1.49464381573665,-1.31820015398628
"CAATGCCCAAGGAATC-2","female","IN-fetal",-4.73505449463218,6.23760215547509,2.98611783148777,-2.96403138128884
"CAATGCCCAATCGCAC-2","female","EN-fetal-late",-3.25686574150413,-3.21233995649391,-1.15232218144405,4.73575361283653
"CAATGCCCATAAGCAA-2","female","IN-fetal",-4.99065160919517,8.73596040513939,4.51403330924046,-4.96307985273964
"CAATGCCCATAGCTGC-2","female","EN-fetal-late",-7.39811754394858,1.58394138124413,-4.87051297066677,-2.23463360754616
"CAATGTCAGTTTCCTG-2","female","EN-fetal-late",-6.44536400009483,2.2345513513369,-4.99838400719631,-1.98639981238014
"CAATGTGGTGGAAGGC-2","female","IN-fetal",-3.08769166637748,8.12432519700951,5.02534054877293,-3.14648072210915
"CAATGTGGTTAATGCG-2","female","EN-fetal-late",7.95822954009683,-0.773731429310375,3.40868019225132,1.6744005254113
"CAATGTGGTTCACCAT-2","female","EN-fetal-late",0.432700036274499,-0.356823284359508,0.301077275593399,-0.103179184476206
"CACAAGCGTCCGGTTC-2","female","EN-fetal-late",-2.07040399481147,0.823615990398593,-2.19071436760891,-1.34559754816658
"CACAAGCGTGTGTGGT-2","female","EN-fetal-late",-0.558540405524665,0.0990940144342849,-1.23600757954586,-1.03858618227608
"CACAATATCATGCATA-2","female","EN-fetal-late",6.97568464111001,0.778931271104283,5.2632102883054,2.10119886906975
"CACAATATCGCCTGTT-2","female","EN-fetal-late",2.74810790847451,-3.982335645886,-0.399225839357258,-5.76898185698158
"CACAGGCTCGAAGTAG-2","female","EN-fetal-late",4.27361965011269,0.810675075097151,2.09729444148075,0.709336715062788
"CACAGGCTCTCACTAT-2","female","EN-fetal-late",0.678098438488549,-0.482335288258128,0.136671594400524,-0.537854475656816
"CACAGGGAGGCAATAG-2","female","IN-fetal",-2.99022662807792,7.28060571458764,4.30290245177281,-2.68052999464638
"CACAGGGAGTGTTGTA-2","female","IN-fetal",1.74503183196694,-8.3497353384214,0.74630703689587,-7.07731477705605
"CACAGGGAGTTAGGCT-2","female","EN-fetal-late",-2.34911787678092,0.702862690953679,-1.52563930390346,-1.95519082037575
"CACAGGGAGTTGGATC-2","female","RG",-1.32374344934314,-6.46988590452247,-5.26439381478298,3.69687779458397
"CACATACAGGACACTT-2","female","EN-fetal-late",7.17724275420815,0.776020008890099,4.93377780081761,2.47719414742821
"CACATTAAGAGGAAGG-2","female","EN-fetal-late",-2.75817763973563,6.12107412126488,5.06458996893895,-3.96809713331825
"CACATTAAGTTTAACG-2","female","EN-fetal-late",5.84160518478066,-1.22350843641334,4.47550963522923,2.25927098306053
"CACATTAAGTTTGCGG-2","female","IN-fetal",-4.13409328628867,8.78138868120141,5.3944883263303,-3.73265187231667
"CACCAACCAATTAAGG-2","female","EN-fetal-late",-2.83664453197806,5.46940366533226,4.1363484776212,-6.50566141096718
"CACCAACCACAGACTC-2","female","EN-fetal-late",0.585708139645165,-0.606600601406627,1.50610791804325,1.72244341882103
"CACCAACCACCGTTCC-2","female","EN-fetal-late",-6.65174246002525,2.15197960641808,-5.37020254967678,-2.32879297224648
"CACCAACCAGCCAGAA-2","female","EN-fetal-late",6.48738765548379,-2.43154676649147,3.68977712752354,2.18587406190269
"CACCGGTAGCTATGAC-2","female","EN-fetal-late",-1.46325210091262,2.26582209375329,-0.779016026239277,-2.50512091604836
"CACCGGTAGGAGTCGG-2","female","EN-fetal-late",-4.43499279190391,2.43695954587883,-3.37916279671657,-2.99960891691811
"CACCGGTAGGGATTAG-2","female","EN-fetal-late",-6.35263061691611,1.65120969322152,-5.20576811669338,-1.43225852934487
"CACCTCAGTACCGGAT-2","female","EN-fetal-late",-1.77584874798148,0.75553467479176,-1.75151658890712,-1.33881978479988
"CACCTCAGTGGTTCTT-2","female","EN-fetal-late",2.75307512115151,13.781550328998,-4.04324723122585,6.28628929170006
"CACCTCAGTGTCCTGC-2","female","EN-fetal-late",0.127337215649194,-0.4050696680265,-0.924514898042561,-0.722884876409838
"CACCTGTTCAGGCCTA-2","female","EN-fetal-late",6.8986287100187,1.0531508734507,4.38658045889866,2.07479496510856
"CACGCAATCCACCCTG-2","female","RG",-1.20870952476352,-6.33576162550025,-5.24834729073513,3.39776785882347
"CACGCAATCCGCAAGC-2","female","EN-fetal-late",4.4421815855375,1.58406249788231,2.62828945281041,0.292593466361693
"CACGCAATCGCAACAT-2","female","EN-fetal-late",4.62204694579751,-1.69244201871925,2.23183726431858,2.641991453489
"CACGCTAAGAATGACG-2","female","IN-fetal",-5.29894232918113,8.35948697832055,4.07581471564305,-4.52295438734657
"CACGCTAAGAGAGCCG-2","female","EN-fetal-late",-0.511259974730903,-3.30539520475441,3.34449910285008,-2.64798132864601
"CACGCTAAGCACAGAA-2","female","IN-fetal",3.27228832076699,-6.89714296552711,0.212766460199474,-6.1209582516349
"CACGCTAAGGTAAGGC-2","female","EN-fetal-late",0.168171404110497,1.87023333814568,-0.0767488860892071,-1.68468121973641
"CACGCTAAGGTCGATT-2","female","IN-fetal",2.17478585075051,-8.05075557920509,0.539936847109912,-7.23978273359902
"CACTAAGGTTGTGACA-2","female","EN-fetal-late",6.00967693160684,-2.69664962980323,3.19358610274327,3.12120111497276
"CACTAGCCAAGATTCT-2","female","EN-fetal-late",6.18823098968179,0.23165295627541,3.30748008849156,0.768750982602766
"CACTAGCCACCTACGG-2","female","EN-fetal-late",2.91139888595254,2.06547359731621,1.42033325793278,-0.20284490076668
"CACTAGCCACTATGGC-2","female","EN-fetal-late",-4.98381471802085,2.66131321695275,-3.85156107781398,-2.6232091614402
"CACTAGCCAGGTTAAA-2","female","EN-fetal-late",-3.2634544389376,2.96621481683678,-1.50656116841304,-3.12961093870766
"CACTAGCCATGAATCT-2","female","EN-fetal-late",7.78386831115395,0.19063482788033,2.08029722334874,1.36728878529899
"CACTGACCAAACAACA-2","female","RG",-13.8518462197909,-11.6224785635191,-6.36514807579982,3.12653692277305
"CACTGACCAAGGACCA-2","female","EN-fetal-late",-3.53102827240317,2.64263729360527,-2.83247424004543,-2.84013049093849
"CACTTAAAGGCGGGTA-2","female","IN-fetal",-0.814540566695624,-8.83870800230079,3.98421167494786,-6.99032918898232
"CACTTAAAGGGATGCG-2","female","EN-fetal-late",-4.188964130176,-2.41527159902626,-1.81328893540371,5.47489221604698
"CACTTTGTCAGTTCCC-2","female","RG",-1.50750941206306,-6.2395206281858,-5.32713890908229,3.60371239693992
"CACTTTGTCCTAGTCC-2","female","EN-fetal-late",1.03838205169351,-3.49209793302589,3.5377578652097,-6.49594585386879
"CACTTTGTCGATTATG-2","female","EN-fetal-late",1.99435758422524,-0.723099071713023,0.575145221371768,0.255925433953932
"CAGAACCGTGCTCCAC-2","female","EN-fetal-late",-0.888801516784125,2.31387213972039,-0.723087676744343,-2.5168711373008
"CAGAACCGTTCACCAT-2","female","IN-fetal",-0.325573446048194,-8.83550174924903,3.10298465849888,-7.2607082554496
"CAGAATCTCCTTAAGA-2","female","EN-fetal-late",2.39899015258462,0.021773855952687,1.44872652651799,-0.188802255073854
"CAGATTCAGGAGTAAT-2","female","EN-fetal-late",-4.98770404030173,2.28508297708458,-4.91382456658352,-2.53241269079811
"CAGCAAGCAAAGCTCC-2","female","EN-fetal-late",-7.17041158844321,1.10555420425362,-4.98649407265651,-2.12886969534523
"CAGCAAGCAATTGCGC-2","female","EN-fetal-late",2.86652898620278,13.6709279229922,-3.87538910744655,6.23932512315147
"CAGCAAGCAGAGGCTA-2","female","EN-fetal-late",-7.83659553696006,1.73740337398476,-5.40148211358059,-2.19488541571266
"CAGCATGTCACGCATG-2","female","IN-fetal",-5.63047933746665,6.46115867402977,3.75737904669773,-4.69850341765053
"CAGCATGTCATGCAAC-2","female","EN-fetal-late",-8.08922100235313,1.33249909785218,-5.76055050728786,-1.89843480078346
"CAGCATGTCCAACTGG-2","female","EN-fetal-late",-0.514728249801093,-3.12969167921119,3.31701373221409,-3.90356676069863
"CAGCATTAGAATCTCA-2","female","EN-fetal-late",-0.766729416144782,2.84197847154564,-0.708656557779194,-2.1833316513694
"CAGCATTAGGGATGAC-2","female","EN-fetal-late",-3.51032829452842,2.28675178792901,-1.69438482163417,-2.8241700359977
"CAGCATTAGTAGCGCC-2","female","EN-fetal-late",0.0221649391523064,-5.17544706556373,-3.12456799386013,2.60928209336632
"CAGCATTAGTCCTGAG-2","female","IN-fetal",-4.61533165146201,6.51731054094262,3.62197732092869,-2.63168708769448
"CAGCCAATCAATGTCA-2","female","IN-fetal",-6.89452362228721,8.11488096025414,4.06181501509678,-5.08637086836464
"CAGCCAATCACTCAAA-2","female","IN-fetal",-4.89182090927451,7.70143071916527,4.45873736502659,-4.04653446165688
"CAGCCAATCAGCCAAT-2","female","EN-fetal-late",0.136954186665124,-4.48274667951637,-0.0534699344443096,0.746564405282667
"CAGCCAATCCTTAGGG-2","female","EN-fetal-late",2.23135733436257,1.53903476503319,0.790812096614955,-0.694922549406359
"CAGCCTAAGGATGATG-2","female","EN-fetal-late",-0.037938119662696,0.594084482459492,-0.0313120865629925,-0.907334131876299
"CAGCCTTTCAGGAACA-2","female","EN-fetal-late",-2.02807688881248,1.37022749689049,-1.67390609620083,-1.48648540465004
"CAGCCTTTCCCTCTAA-2","female","EN-fetal-late",-0.161023022426063,2.61755947378106,-0.338309892396809,-2.16818420378334
"CAGCCTTTCGAGGAGT-2","female","EN-fetal-late",-8.09744739700645,2.2008645942492,-5.7607302748965,-2.22110835997231
"CAGCTAAGTCAATACG-2","female","EN-fetal-late",1.63502836059243,2.04244784620232,0.747476599235652,-1.27835206476814
"CAGCTAAGTGGATTGC-2","female","OPC",-14.1413016336092,-11.5934220144468,-5.64580202935207,3.59793789895408
"CAGCTATAGCACAGAA-2","female","EN-fetal-late",-7.9691257493624,1.92735842969841,-4.85247565148342,-1.86825661150582
"CAGCTATAGGCTTAAC-2","female","EN-fetal-late",-5.91718626190513,-3.67709739896827,-0.874106773118855,8.64237411530845
"CAGCTATAGTTAGCTA-2","female","IN-fetal",-0.240356327784949,-8.8101731130796,3.06023286940586,-7.36140195814736
"CAGCTCAAGGCCGGAA-2","female","IN-fetal",2.42247843574197,-7.51293094846778,0.4791019848181,-4.85034219709999
"CAGCTCAAGTGAGCAA-2","female","EN-fetal-late",2.58248948882729,2.47576753404564,1.1324649965955,-0.555642349401781
"CAGCTCAAGTGAGGGT-2","female","EN-fetal-late",-5.4296240823397,-3.41242225858741,-1.676046618204,-1.5637289711631
"CAGGACACAGCAAGTG-2","female","EN-fetal-late",-1.72691831160873,2.32787303235955,-2.1755890929507,-2.03881136862404
"CAGGACACAGGTCCTG-2","female","EN-fetal-late",-4.18733596969932,2.33699683454461,-2.93316508172023,-2.88029734579689
"CAGGACCTCATTACGA-2","female","EN-fetal-late",3.77281045745522,0.819085040880508,1.97043167712223,0.972069757302931
"CAGGATGCAAATATCC-2","female","EN-fetal-late",-6.26420688797324,-3.51167400571876,-1.01530516980159,8.64728076966636
"CAGGATGCAACTAGCC-2","female","EN-fetal-late",-5.52402830292075,2.48561267164177,-3.59521056054104,-2.75361673323281
"CAGGATGCACAGGATG-2","female","EN-fetal-late",6.95375871490151,-1.70053680631691,3.8603053009702,2.11704166444176
"CAGGATGCACTTCATC-2","female","IN-fetal",3.97567462752969,-5.1919713804441,0.337720743436931,-4.75253335920937
"CAGGCTATCCAAGTTA-2","female","EN-fetal-late",2.65098714660317,-4.80724437925392,-0.655927666406514,-0.106233549991915
"CAGGCTATCCCTGTTA-2","female","IN-fetal",-3.37866676021903,8.46847717073388,5.34039401175511,-2.96437947241432
"CAGGCTATCCGCCTCA-2","female","EN-fetal-late",4.08743095229775,1.82366756704277,2.90141200186741,0.344801577051809
"CAGGGCTTCTTCAATC-2","female","EN-fetal-late",-4.18272757698386,2.82522813585228,-2.73367691872585,-3.09474317518837
"CAGGGCTTCTTGATGA-2","female","EN-fetal-late",10.55895757507,-7.46313675138526,1.83737181784642,6.5714541247689
"CAGGGTGAGCTGTACG-2","female","EN-fetal-late",-3.55445385147422,1.80351171997017,-1.78342891571987,-2.69808856932289
"CAGGTCCAGCTAAGTC-2","female","IN-fetal",-5.97053003479331,8.03369085100121,3.84353231551182,-5.13703433958656
"CAGGTGGAGTTTGCGG-2","female","EN-fetal-late",1.95765566657693,1.46682129409737,1.09966354729664,-0.732616109529802
"CAGGTTAGTGTTTCAC-2","female","EN-fetal-late",0.881771085964745,0.0419484784883926,-0.206389018278004,-0.664005977789232
"CAGTACCCAAAGCTAA-2","female","IN-fetal",-5.31445765663474,6.21053449418969,3.61267375113499,-3.27246157614357
"CAGTACCCAAGCCAGA-2","female","EN-fetal-late",0.7277302725187,1.46262470987267,0.280534981806396,-0.998784465471575
"CAGTACCCACAGGAAT-2","female","EN-fetal-late",1.23833656142861,1.44059691932625,0.475411600489734,-1.83428434816963
"CAGTACCCAGCAAATA-2","female","EN-fetal-late",3.46683645080239,1.59608821180291,1.40676652552616,-0.642488522211382
"CAGTACCCAGGCCATT-2","female","EN-fetal-late",-7.96657800842612,2.19128088262505,-4.94289160607326,-3.23603312460549
"CAGTACCCAGTTGCGT-2","female","EN-fetal-late",1.7708632929197,2.25343481805748,0.685693941135524,-1.70676295248635
"CAGTACCCATGCATAT-2","female","EN-fetal-late",1.29872321914346,0.584184836415715,0.413241771106242,-1.02499691931374
"CAGTATGGTCATAACG-2","female","EN-fetal-late",-2.20002377201408,-6.36358412000709,0.462499699611782,0.417021231969526
"CAGTATGGTTGTAACG-2","female","EN-fetal-late",7.73975992034585,-0.144121248455577,5.30220507742894,2.63348634751671
"CATAACGGTAACGGGA-2","female","IN-fetal",-6.56475830246299,8.36270944383568,4.27620076300633,-5.25564424482948
"CATAACGGTCCCGAAG-2","female","EN-fetal-late",6.36035728286416,-0.791698772640758,3.72228502394688,1.24641092332237
"CATAACGGTGCATTAG-2","female","EN-fetal-late",-1.75395018030494,3.04000584390587,-0.0865413629816784,-2.58224431959755
"CATAACGGTGGATTCA-2","female","EN-fetal-late",2.70102500747353,2.2470196893496,1.28149401309025,-1.03065638033516
"CATAAGCTCACTCGCT-2","female","EN-fetal-late",3.45120191405923,-0.942976553173595,1.45121394755375,1.40779026063316
"CATAAGCTCTTAGGGT-2","female","RG",-5.38814926315635,13.4873980691714,-5.09764862893093,3.53081424744957
"CATAAGCTCTTGTTCG-2","female","EN-fetal-late",-8.35495901275962,1.76175807025856,-5.93843508599269,-1.98252670256264
"CATAATCCACAGACTC-2","female","EN-fetal-late",-7.32681703735679,2.28187672403283,-5.29068613884914,-2.11148111311562
"CATAATCCAGCTAATT-2","female","IN-fetal",1.2371022684446,-8.76253612730079,1.10094194771778,-7.3676156231559
"CATAATGTCACTAGGT-2","female","EN-fetal-late",0.410213707195825,-4.47726734373146,-1.67888761399257,1.24520941289299
"CATAATGTCCTAAATG-2","female","EN-fetal-late",5.03287839721352,-2.29251940939003,2.47549962164891,2.57591660531395
"CATAATGTCGTTCACC-2","female","EN-fetal-late",0.609395979153222,-0.0207290837483933,-0.802280076722981,-0.970907373110124
"CATAGACTCACTCAAA-2","female","EN-fetal-late",-0.715543867839271,-3.32168157789283,4.94435023428929,-3.34881941763527
"CATAGACTCAGCACGC-2","female","EN-fetal-late",-6.75151539017051,2.19994239118523,-4.99462462304103,-2.87500850645668
"CATAGACTCATCCACC-2","female","EN-fetal-late",4.65132140945107,-1.56845172140174,2.3581957733823,2.19138224633568
"CATAGCTAGCGATAGA-2","female","EN-fetal-late",0.174641965138024,-3.51374490949684,-0.554022737722279,-0.0529013553059786
"CATAGCTAGGCAACAA-2","female","EN-fetal-late",-0.516829015506202,0.801561482070155,-1.95956064103115,-1.5657494494117
"CATAGCTAGGGTCCAC-2","female","EN-fetal-late",9.04190492461831,-7.04971941206031,1.42035888793003,0.69333304675453
"CATAGGCGTGAGCGAA-2","female","EN-fetal-late",-1.62370720673888,0.652470405964322,-1.6295263850497,-1.35690669504769
"CATAGGCGTTCAAGAT-2","female","EN-fetal-late",-0.399631621135169,-4.14162548276954,-0.227913209180714,0.374424921592405
"CATAGTCAGCCTCTCG-2","female","EN-fetal-late",-2.86550080944389,1.12410284188218,-2.50266290543544,-2.15945474592812
"CATAGTCAGGACAACA-2","female","EN-fetal-late",5.25745105575234,-2.53114541265541,2.40656494261753,3.00921805413597
"CATATCGCACTAAGTT-2","female","EN-fetal-late",3.56521272491128,2.13967386987633,1.93689560057652,0.0677225722574503
"CATCAATCACAAAGCG-2","female","EN-fetal-late",-0.0950756089815437,-4.32188709470802,-1.44811714528072,4.04257901223533
"CATCAATCAGGATAAC-2","female","EN-fetal-late",-2.60301256347983,3.06105272081322,-1.34684408543575,-2.31381217924721
"CATCAATCAGTTAAAG-2","female","EN-fetal-late",-1.12863859702438,2.07956973817772,-0.336845167856099,-2.52305213896401
"CATCAATCATCCGTAA-2","female","EN-fetal-late",0.401310084568566,1.25379706528611,0.683041862268566,-0.752236647287676
"CATCAGCCAGGCTTCG-2","female","EN-fetal-late",-3.34203314949363,2.86240975168175,-3.09959913132656,-3.11543528525002
"CATCATAAGGAGTCTT-2","female","IN-fetal",-4.72322082687705,8.86115924623437,4.65052317740452,-4.86054222075112
"CATCATAAGGCGCACT-2","female","IN-fetal",-6.4181118028292,8.3621524980349,4.04786037566197,-5.45421640364296
"CATCATAAGGTACCGC-2","female","IN-fetal",-2.96718740631431,7.77422849443383,5.21431445242894,-3.33923975912697
"CATCATAAGTTAGCTA-2","female","EN-fetal-late",2.30947542022378,-1.30629833433204,1.28230708004963,1.23951609643333
"CATCATGCAAGGTATA-2","female","EN-fetal-late",-3.33215892483085,1.28750697877831,-2.4576525771426,-1.65451435534126
"CATCATGCAGAAATTG-2","female","IN-fetal",2.61563110183389,-7.82469661924415,0.729303917904018,-7.15771667448647
"CATCATGCAGTAAGTA-2","female","EN-fetal-late",-7.37514019180625,2.15603760984368,-4.83047200081813,-2.23034707991249
"CATCATGCATACCCGG-2","female","EN-fetal-late",-0.275069476855689,2.57699255254693,-0.576585122327687,-2.28533713308937
"CATCCCAGTACGGGTT-2","female","OPC",-13.7659697549471,-11.7813463995176,-6.17124892113674,3.48739798577659
"CATCCCAGTACGGTAC-2","female","IN-fetal",-4.6332271115908,6.02985755708642,3.25600742461216,-3.27376620260842
"CATCCCAGTGTTGTAG-2","female","EN-fetal-late",7.30005597900063,-1.54732306692176,3.61195992590916,2.76140411408775
"CATCCCAGTTGAAGCC-2","female","EN-fetal-late",-0.591759802592689,-5.16719063016944,0.20282379450333,-1.97766296354897
"CATCCTCAGACAGGTA-2","female","EN-fetal-late",-2.86059248615592,-3.17337234708839,-0.872005828599812,4.97293956788414
"CATCCTCAGGATAAAC-2","female","EN-fetal-late",0.521800873982018,-4.63791998121315,-0.438812741021992,0.901711123307875
"CATCCTCAGGCATTGT-2","female","EN-fetal-late",7.14712190459878,0.498376827506489,4.34667204978001,1.17926641019218
"CATCCTGGTCTTGCTG-2","female","EN-fetal-late",6.3151760084501,0.669448029069371,3.82122801901829,1.09433873208397
"CATCCTGGTTAGCGTA-2","female","IN-fetal",-5.01571893860191,8.87753860261864,4.54000281455052,-5.08161918608315
"CATCCTGGTTAGGTTG-2","female","IN-fetal",-6.74081278015464,8.22559634950585,3.83352040411961,-5.35421554533608
"CATCCTGGTTTATCGC-2","female","EN-fetal-late",0.63653588126809,-0.730508882732921,0.134307197351574,-0.239192915836641
"CATCGCTTCTCGCCTG-2","female","EN-fetal-late",0.462445853458947,-4.72601659986549,-1.19645477173793,4.28581865342491
"CATGAGGCAGCTAACC-2","female","EN-fetal-late",-2.11632210184425,1.29998083022065,-1.60514236329067,-1.44919006315834
"CATGAGGCATAGGCGA-2","female","EN-fetal-late",-6.12502002884238,-3.65719898435646,-0.496515878419758,8.55204303773277
"CATGAGGCATCAATCG-2","female","EN-fetal-late",-0.390028597606116,0.882449041871495,-0.522861608247639,-0.827879531065294
"CATGCAAGTACTGATG-2","female","EN-fetal-late",-3.05488693882316,2.32431046274132,-0.493389555196644,-2.84275786368019
"CATGCAAGTTAGACCA-2","female","EN-fetal-late",-7.79685735870689,2.18423418310112,-5.39538956521022,-2.99812619177468
"CATGCAAGTTGCACGG-2","female","EN-fetal-late",-4.07308793236106,-2.12802394125038,-1.80519486306179,5.45634372743004
"CATGCATAGCATTATG-2","female","IN-fetal",-0.181010128749305,-9.3359995672422,3.76023244025242,-7.41079513517983
"CATGCATAGTAGCCAT-2","female","EN-fetal-late",-7.67168617416709,1.75456545856423,-5.75381899712551,-2.14032928434975
"CATGCATAGTATTGGC-2","female","IN-fetal",-5.15156197716087,8.37927285936303,4.47878550650608,-4.27646581617958
"CATGCATAGTCCTTCA-2","female","EN-fetal-late",5.43213462661416,-2.80998166296058,3.20496653677952,2.11873050244682
"CATGCATAGTTATCTC-2","female","EN-fetal-late",5.89467954467446,-1.17181905004554,2.72951745154393,2.04859061749809
"CATGCATAGTTGGATC-2","female","EN-fetal-late",-7.6386027352938,2.06175390985436,-5.10126448510158,-3.23037592856056
"CATGCGCAGACTTACA-2","female","EN-fetal-late",6.80640935729653,0.866132333694167,3.84041642310154,0.982607322057417
"CATGCGGGTGACCTGG-2","female","EN-fetal-late",7.24897432159097,-0.640457231731944,3.9776091492368,1.43202491315239
"CATGCGGGTGGGTACT-2","female","EN-fetal-late",3.34410238097817,-0.429282624455028,1.77364777686131,0.87407286675804
"CATGCGGGTGGTGAGA-2","female","EN-fetal-late",-3.59169149566978,-2.58616884443336,-1.06127060292232,5.07090099366539
"CATGCGGGTTGCATCT-2","female","IN-fetal",3.14298200439126,-7.27957447263771,-0.327665337304951,-6.50619451491005
"CATGGCGGTCACAGCG-2","female","EN-fetal-late",-4.63965439964622,1.44323364999718,-3.09236622689235,-2.6944469639457
"CATGGCGGTTGAGGTC-2","female","IN-fetal",-4.96677184273093,7.76238862779564,4.80104397894871,-3.75400487867958
"CATGGCGGTTGGGTTA-2","female","IN-fetal",-0.172683002246314,-9.24306972715431,4.10166000487339,-7.21615545241005
"CATTATCTCCAATTAG-2","female","EN-fetal-late",-7.18953561951011,2.26031545904107,-4.92515040276516,-1.93590418783791
"CATTATCTCCTGTTCA-2","female","EN-fetal-late",-3.50007224251121,-2.54681261274391,-1.11508656380642,4.85108573945396
"CATTATCTCCTTCAAT-2","female","EN-fetal-late",-2.7086563127169,2.00855676439232,-2.14855576394069,-1.78914765802986
"CATTATCTCGCTAGTG-2","female","EN-fetal-late",0.634657381283349,-4.36994846555763,-2.1607923590945,-0.208310497680971
"CATTATGAGCTTAACA-2","female","EN-fetal-late",-0.644519986403876,-0.218821603985362,-1.08985556004512,-1.00247864214546
"CATTATGAGGAAGCTA-2","female","EN-fetal-late",-3.57302689720481,4.55925933626122,-0.735049613695027,-3.06011383024819
"CATTATGAGGCCAATT-2","female","EN-fetal-late",0.297152755962914,-4.31736667844825,-5.59454060433376,-1.26189796415932
"CATTCCTCAAGCCAGA-2","female","IN-fetal",0.0499205572477044,-8.86909874174171,2.82359623076451,-7.31814424482948
"CATTCCTCATCTAGCA-2","female","EN-fetal-late",0.599438188778466,-3.6582423040586,1.21366547705662,1.9936166575753
"CATTCCTCATTGACAT-2","female","EN-fetal-late",-8.20045423675864,1.5689670255465,-5.40925312874782,-3.12168113676674
"CATTGCGAGAGGGACT-2","female","EN-fetal-late",-0.380036713374549,-0.271853644581371,-0.710377463083149,-1.07766501394875
"CATTGCGAGCGATAGA-2","female","EN-fetal-late",-5.921634675754,-3.15918668005043,-1.08904577134121,8.50582416566246
"CATTGTAAGGCAACAA-2","female","EN-fetal-late",5.24133348296792,-1.87706359121376,2.08111511828434,2.20373948129051
"CATTGTGCAATCTCTC-2","female","EN-fetal-late",5.8569240553251,-1.55754597875648,3.53376959921849,2.46455700906151
"CATTTGTTCATGCATA-2","female","IN-fetal",-3.89497542549461,7.08412353303856,4.8674206650449,-2.93038885084755
"CATTTGTTCGGGACTC-2","female","EN-fetal-late",8.90919160674722,-7.21943100187355,1.15874390961659,-0.912262005487749
"CATTTGTTCTTGCATT-2","female","EN-fetal-late",10.2374854071012,-7.43795593473487,1.98319148184788,6.662259655317
"CCAAACCCACTAGCGT-2","female","EN-fetal-late",-5.58144235779136,2.45400933530755,-4.04466629860866,-2.95877973524697
"CCAAACCCATAATCAC-2","female","EN-fetal-late",2.21790218185098,1.69132034089989,-0.133633323888661,0.821633951982191
"CCAAACCCATGTTGCA-2","female","EN-fetal-late",3.31775665115029,2.19276479986138,1.09435992600453,-0.354705227295229
"CCAAACTAGATAACCC-2","female","EN-fetal-late",-6.90300941635459,2.12830595281548,-5.22387791512477,-1.93076912848122
"CCAAACTAGCTTAACA-2","female","EN-fetal-late",3.03991031478555,-6.85395153257423,-2.72979927895534,-1.69654528586037
"CCAAACTAGTAACGGA-2","female","EN-fetal-late",7.22292184661538,0.78702593949265,5.08597802283299,2.72243483575218
"CCAAATCAGAACAAGT-2","female","EN-fetal-late",4.54815721343667,1.91735808160729,2.4429833805753,0.319151612242392
"CCAAATCAGTAACAGG-2","female","EN-fetal-late",-5.90525293518394,-2.71823795530372,-0.960962661485554,8.45779903443687
"CCAACATAGCACAGCC-2","female","EN-fetal-late",5.19072532485635,-1.9392607996183,-3.18862725136745,2.88241251023643
"CCAACATAGGCTCATG-2","female","EN-fetal-late",2.86307620834023,1.08395237830109,0.794878206272243,-1.01941482512123
"CCAACCAAGGAGGACT-2","female","EN-fetal-late",-5.83211469818442,1.91425458696312,-4.3560957991885,-2.95223466841347
"CCAACCCGTATTGAGT-2","female","EN-fetal-late",-5.95096159149497,-3.44893129560524,-0.244610913972737,8.270254211744
"CCAACCCGTGAGAAAC-2","female","EN-fetal-late",0.118118403660363,5.81198875215477,-0.527986057977559,6.8011437228524
"CCAAGTTAGCCGCAGT-2","female","EN-fetal-late",1.71663856338174,-0.806829411716991,0.837514064331172,0.443547325452498
"CCAAGTTAGTGAGGTA-2","female","OPC",-14.0760350244173,-11.5428505727964,-6.27175284264553,3.06555707963341
"CCAAGTTAGTGTTGCG-2","female","EN-fetal-late",-3.99382591415733,2.49462763574547,-2.61379385827053,-3.06627218214638
"CCAATATCAACAGCCT-2","female","IN-fetal",-5.42320299316733,6.26207105424828,3.15028285147679,-3.57098690954811
"CCAATATCAAGCCAGA-2","female","EN-fetal-late",0.510800002323693,1.35310612228341,-1.51008725998867,-1.32931391684181
"CCAATATCAGGATTAA-2","female","EN-fetal-late",-0.420315148127967,2.95479194429345,-0.0145158850954785,-1.52658121077187
"CCAATATCATGTCGCG-2","female","EN-fetal-late",-5.43243408371299,-2.47742112371498,-0.857966431360127,7.29181583436363
"CCACACAAGATAGACG-2","female","EN-fetal-late",-1.55779954214185,0.718720976082749,-1.77119398949611,-1.51597086874611
"CCACACAAGCCTGGTA-2","female","EN-fetal-late",-0.806627334845954,-0.235588628979259,-1.37301350472438,-1.11868826834328
"CCACAGGGTAACAGGG-2","female","EN-fetal-late",-3.90989351440757,2.14574758317894,-3.918229588251,-3.26208226172096
"CCACAGGGTTACGCGG-2","female","IN-fetal",2.77416801284463,-5.60524852964454,0.511167197544693,-4.45860092131264
"CCACAGGGTTCGCTCA-2","female","EN-fetal-late",6.15161371062905,-0.887588937016063,3.41453885199559,2.36110742600792
"CCACAGGGTTTGGTTC-2","female","EN-fetal-late",-6.01944399048179,-2.91830094549232,-1.3120032632159,8.23609836610191
"CCACATTGTCATTGAG-2","female","EN-fetal-late",0.495773909794396,-4.82406433317237,0.491978778560279,-1.50619868723519
"CCACATTGTTATCCGT-2","female","EN-fetal-late",-1.80590218473762,2.98495332506127,-0.711085685472371,-2.57455150572426
"CCACTTGGTAGCTAAT-2","female","EN-fetal-late",7.44558191131265,-0.277894813747936,-0.809649475793721,8.34854133637779
"CCACTTGGTCCTTCTC-2","female","EN-fetal-late",5.672039983975,-2.13179143163734,3.01755785109532,2.60162790330284
"CCACTTGGTGGCTTCC-2","female","IN-fetal",-3.69408488441795,6.7234110048098,4.24446987273228,-2.49618331877358
"CCACTTGGTGTTGTGA-2","female","IN-fetal",-5.04667449165671,5.91487113740868,2.87866233946812,-3.03675763098366
"CCACTTGGTTTGTGGA-2","female","EN-fetal-late",0.510812757717675,-4.71517904493385,-1.1078423344897,-0.497819883505174
"CCAGACTCAAACTGTT-2","female","EN-fetal-late",-1.27550205756515,2.9577061345858,-1.38930154679287,-2.84902255026467
"CCAGCCTGTAAGGTCC-2","female","EN-fetal-late",3.45356845687539,0.992169361381001,1.34678219916355,-0.023410646001169
"CCAGCTAAGAGAGGCT-2","female","EN-fetal-late",10.2770943624845,-7.08495100233131,1.85693275095951,6.32581480058067
"CCAGCTGCACGTTACA-2","female","EN-fetal-late",-5.68721628357261,2.23259643819756,-3.85260916588771,-2.78033725706703
"CCAGCTGCACTGGCTG-2","female","EN-fetal-late",6.41418170760781,-2.26679094526344,3.48677610518467,2.77263649018638
"CCAGGAACAACAGCCT-2","female","EN-fetal-late",8.80712747405679,-7.25922497007423,-0.787629612665059,-1.07350890127785
"CCAGGAACATACCCGG-2","female","IN-fetal",-5.07203650642722,7.4590934922976,4.14130663039219,-3.46352092711098
"CCAGGATGTCGTAAAT-2","female","EN-fetal-late",6.60571718047768,0.844719536421962,2.89044903876316,0.491747128089598
"CCAGTTTGTATTGTGG-2","female","EN-fetal-late",7.80441713164956,-0.347948271961742,2.78902148367894,1.11264182837837
"CCAGTTTGTGGGAACA-2","female","EN-fetal-late",-6.12513923813193,-3.37966831419044,-0.629731901864888,8.51873882325523
"CCAGTTTGTGTCCAAA-2","female","EN-fetal-late",-2.786496044887,1.57305340078301,-2.3749516093539,-2.1400355526603
"CCATAAATCAGGTTTA-2","female","EN-fetal-late",3.32834625075967,2.53415374067254,2.10143338801396,0.0300648829542906
"CCATAAATCGCTCCAT-2","female","EN-fetal-late",6.43734884093911,-2.56301172468238,4.61362122656834,2.82073553117149
"CCATAAGGTTAGTACG-2","female","IN-fetal",-3.89644885231345,8.77250186708397,5.26722096564305,-3.49401943174965
"CCATAAGGTTGCGCGA-2","female","EN-fetal-late",6.27517509292275,-2.16632374021583,3.40942525031102,2.44833739312523
"CCATAATCAACCGCCA-2","female","EN-fetal-late",10.4650711996427,-7.28364666196876,1.77839218737614,6.30223997147911
"CCATAATCAGCAACCT-2","female","EN-fetal-late",0.308077095257348,-3.69074400159889,4.35636853339207,-5.04563657728798
"CCATAATCAGCACGAA-2","female","EN-fetal-late",-1.56285517830937,1.49250165727562,-0.882679947595479,-1.7075506874717
"CCATAATCATAATGTC-2","female","Microglia",10.7889075262418,15.6297463586611,-3.6444988333987,3.0707696250283
"CCATAGCCACCTGGTG-2","female","EN-fetal-late",0.323782323109216,-4.45716150495582,-2.12004304764736,-2.656987352053
"CCATAGCCATAGCTGC-2","female","EN-fetal-late",0.792401312099999,2.44715718534417,0.185170567650913,-2.18428937880165
"CCATATTTCTAATTGG-2","female","EN-fetal-late",5.21621894668252,-0.522841174336009,5.23211907507908,-3.1329714485801
"CCATCACTCAGTTCCC-2","female","RG",-2.37821060587257,-6.37746723386817,-6.28586722252834,3.40793211968773
"CCATCACTCCATTACT-2","female","EN-fetal-late",-0.680188240302497,2.36756042745537,-0.183664032201649,-1.78497151819832
"CCATCACTCCTTCGTA-2","female","IN-fetal",2.68836355041177,-7.0300651380735,-0.00293601391780512,-6.05256740538246
"CCATCACTCTTAGTGA-2","female","IN-fetal",-0.216460229648048,-9.19642170164161,3.39679502608311,-7.21361963240273
"CCATCATGTGAACAAA-2","female","EN-fetal-late",-1.07343667913764,1.88096563127465,-0.441372641305806,-2.46624485937721
"CCATTATTCGCTAGCA-2","female","EN-fetal-late",4.8726711256376,-0.422455985279613,-1.73002959130275,0.579079674800566
"CCATTGTGTTAAGCCA-2","female","EN-fetal-late",3.08093404601724,0.431416909961171,1.41363202692997,0.654187696298292
"CCATTGTGTTGCTTCG-2","female","EN-fetal-early",-5.75533104111045,-3.17553432676368,1.45913862349522,-7.29491226164467
"CCCAAACCAGCCAGAA-2","female","EN-fetal-late",-0.883032025588447,-3.45479591581398,3.09565161826146,-2.47372953383095
"CCCAAATAGATGGAGC-2","female","EN-fetal-late",2.99699067901284,-2.83162744733863,-0.0435113394068493,-6.42944232908852
"CCCAAATAGGCGAATA-2","female","EN-fetal-late",-0.605209531081611,-3.54444559309059,3.03997921111119,-2.94154469458229
"CCCAAATAGTAACAGG-2","female","EN-fetal-late",4.05991744826943,-1.81999309751564,1.66704558493626,2.04607100995415
"CCCAACCGTGCTTTAC-2","female","EN-fetal-late",3.57458257506997,2.62265424039788,2.34435760142338,0.16162771197193
"CCCAGCACAATTTGGT-2","female","EN-fetal-late",-2.14859605003684,1.02454033103413,-2.31045008538234,-1.62874524084694
"CCCAGCACACAGACTC-2","female","EN-fetal-late",4.27056264709145,-1.14013822767311,1.61121617915165,1.47231538804405
"CCCAGCACATCATGGC-2","female","EN-fetal-late",-0.491008760226661,-0.069136936398082,-0.57006401656139,-0.880094093958208
"CCCAGTTTCAATGACC-2","female","EN-fetal-late",7.01615667174966,-0.536206562252574,4.06950592162144,1.41017933400505
"CCCAGTTTCATTTGTC-2","female","RG",-1.82595911790221,-6.1143198797422,-6.03887320397365,3.76609523805015
"CCCAGTTTCTAATTGG-2","female","EN-fetal-late",-4.52343034912437,1.8863293340487,-3.77104903100002,-2.43925539938576
"CCCGCAACAAAGCTAA-2","female","EN-fetal-late",-5.09724641014426,6.80829612520165,-0.719460495691182,0.261537166556051
"CCCGCAACAATGCGCT-2","female","EN-fetal-late",0.209621070133752,-4.4700737783628,0.43886871175897,-6.7200326153434
"CCCGCAACAGTAGGAT-2","female","EN-fetal-late",-0.745921553862983,0.113746862677998,-1.35432530282009,-1.1955558487571
"CCCGCAACATACCCGG-2","female","EN-fetal-late",5.52345371078164,-2.21950371954017,3.50345157744419,2.96067293198936
"CCCGCTTCACCTCAGG-2","female","IN-fetal",-5.00824570823997,7.45921985414452,3.55127309920323,-3.55695526091225
"CCCGCTTCATCATGTG-2","female","IN-fetal",-5.58226490188926,7.75600902345604,3.7600216782285,-4.32419435469277
"CCCGTAAAGACCATAC-2","female","EN-fetal-late",-7.64676332641929,2.31949154642052,-5.68659687874782,-1.62087265936501
"CCCGTAAAGGTGAAAT-2","female","EN-fetal-late",-5.13924789596885,-2.27318604681068,-1.28320420620906,7.74574001344078
"CCCGTAAAGTCCTTCA-2","female","IN-fetal",-0.0523912923464118,-9.11309250089698,3.70302056433689,-7.24771205870278
"CCCGTTGTCAGCATTA-2","female","IN-fetal",-0.337291003955299,-8.83277805540138,3.80106495978367,-7.34281818358071
"CCCGTTGTCCGTCCAT-2","female","EN-fetal-late",-3.81326890159934,1.5649449637217,-1.6420369231509,-2.84812490431435
"CCCTAATGTGAATCGC-2","female","IN-fetal",-5.63493299652427,8.31371490266747,4.70394467474949,-4.11874572722084
"CCCTAATGTTAACGGC-2","female","EN-fetal-late",-4.27037787605613,1.85456125047631,-4.05499602196682,-2.71762673346169
"CCCTAATGTTACAACG-2","female","EN-fetal-late",2.9548506719938,-1.17756088468605,1.21429317357075,1.27053137334221
"CCCTCACCAAACGCGA-2","female","EN-fetal-late",7.65830659698159,-0.27063043806129,4.69084405066502,1.9358055165612
"CCCTCACCACCTGGTG-2","female","EN-fetal-late",-5.28494835068076,-3.26921995374733,-1.10129226086605,8.44011981995933
"CCCTCACCATGTCAGC-2","female","EN-fetal-late",-5.41797733475059,13.4990758111758,-4.89615918038356,3.20488102944725
"CCCTCAGTCGAGGAGT-2","female","EN-fetal-late",3.28446388076455,-1.3517089674192,1.0023415005399,0.554374860843352
"CCCTCAGTCTCACATT-2","female","IN-fetal",-5.15625429321616,7.29207650926537,3.64072465064061,-3.69015376059181
"CCCTCATAGCCGCTAA-2","female","IN-fetal",0.0525774938932122,-9.28533180448585,2.69385718466771,-7.36897508589394
"CCCTGGACAAGCTAAA-2","female","EN-fetal-late",-0.638729216350013,-4.11776455137306,-6.27266598580349,2.97578366311424
"CCCTGGACATAACGGG-2","female","EN-fetal-late",-2.8665364997515,5.65630142000145,-0.208657451848866,-0.290360910574266
"CCCTGGACATAATGTC-2","female","IN-fetal",-3.31216430832236,6.93331090715355,4.56881569983494,-2.61190549818642
"CCCTGGACATGTCAAT-2","female","EN-fetal-late",9.58252000640542,-7.46762569639259,-3.96651316521633,-2.39609710661537
"CCCTGTTAGCAGCTCA-2","female","EN-fetal-late",4.98593330215127,-2.51947291585975,2.25560509325993,2.74927456887596
"CCCTGTTAGCGCATTG-2","female","EN-fetal-late",1.25893378089578,1.55919645336098,-0.54150629876125,0.212482923885515
"CCCTGTTAGCTATGAC-2","female","EN-fetal-late",7.21904516051919,0.224079590110249,4.61595057608616,1.372992949804
"CCCTGTTAGGAGGTTA-2","female","EN-fetal-late",-3.48717093635886,1.188698034553,-2.19852901337612,-1.86588744608528
"CCCTGTTAGTAATCCA-2","female","EN-fetal-late",-1.43559894878953,0.51502795126862,-1.65910030243862,-1.2844959923423
"CCCTTAATCATTTGCT-2","female","EN-fetal-late",-2.90037846733421,-3.414717752667,-0.821857579927327,4.62720401795738
"CCCTTAATCTACCTGC-2","female","EN-fetal-late",-5.68765974212974,-3.86354692670875,-0.141909726838948,7.89507444413536
"CCCTTAATCTATCGCC-2","female","EN-fetal-late",4.04668712447793,-1.25581320020729,2.16394960047734,1.92384858640068
"CCGACAGGTGATTACG-2","female","EN-fetal-late",0.417807696568078,-0.301107127399974,-0.46237028477657,-0.495086414495775
"CCGACAGGTGGGTACT-2","female","IN-fetal",-3.6161565797457,-1.43479283544593,-1.07005692360866,8.36143310578697
"CCGACAGGTTACAACG-2","female","IN-fetal",-5.57592678238242,7.78761855867333,4.14578031661045,-4.25670997587807
"CCGATGCAGCGAGCGA-2","female","EN-fetal-late",5.44352721999795,-2.24817403051429,0.805182210226177,-7.34109203306801
"CCGATGCAGCTTATGA-2","female","EN-fetal-late",-1.52151774038165,2.47872308996148,-0.809543260316731,-2.69070212332375
"CCGATGCAGGCTACAT-2","female","EN-fetal-late",4.28252124618203,1.1517424097342,-0.075862714033009,0.405733006318739
"CCGATGCAGTCTATGA-2","female","EN-fetal-late",-1.49898407403916,2.5893093755526,-0.273965307454945,-2.36709420172341
"CCGATGCAGTGAGAGC-2","female","EN-fetal-late",-3.15393483806937,-1.58023174497657,-3.32772732613552,-2.4170598217643
"CCGCAAATCACCTGTC-2","female","EN-fetal-late",-5.27120399643272,-2.32624920103126,-1.0837055527972,7.43711622269981
"CCGCAAATCATAACTG-2","female","EN-fetal-late",-0.450491072429114,2.9928430726809,-1.54692602990139,1.12394757779472
"CCGCAAATCTTGACCC-2","female","EN-fetal-late",-5.4179315583834,13.5083102395815,-1.1517158829974,8.12314851792686
"CCGCAAATCTTGCATT-2","female","EN-fetal-late",-8.24289512802451,1.97013048437066,-5.86609507439602,-2.49489013640053
"CCGCAAGGTGCGCATG-2","female","EN-fetal-late",-2.43485444952338,1.96737078931756,-3.23868847725856,-3.17375676123268
"CCGCACACAATTAGCT-2","female","EN-fetal-late",-0.746469201339179,2.79590133932061,-0.489645310621144,-2.60549036947853
"CCGCACACAGAAATTG-2","female","EN-fetal-late",-1.92501950432151,1.76576225068993,-0.963258274774434,-0.309268070141146
"CCGCCAACAATAGCAA-2","female","EN-fetal-late",0.774233577953881,-0.526849705906444,0.394712039325951,0.194375561793974
"CCGCCAACATGTCGCG-2","female","EN-fetal-late",-7.58644485641807,2.08792237546868,-4.74849511025417,-2.66203419653542
"CCGCTAAAGATGGAGC-2","female","EN-fetal-late",5.55397033523232,0.233097653655476,2.07359134318364,1.1113643220269
"CCGCTAAAGCCTGATG-2","female","EN-fetal-late",-3.76917243172019,6.37792913225121,-4.52280999062526,-2.81946126906044
"CCGCTAAAGGACTTAC-2","female","EN-fetal-late",-6.24113559891074,1.99039105680413,-4.32535982964504,-2.49661342589028
"CCGCTAGCAGTTAAAG-2","female","EN-fetal-late",-5.91327858139365,1.85973636415429,-3.9915447318362,-2.24480764357216
"CCGCTAGCATTGCGAC-2","female","EN-fetal-late",7.30234193633706,0.539445411233372,4.71594380499852,1.50727851899498
"CCGCTTAGTAAACAAG-2","female","IN-fetal",-3.62971282173484,6.82917205598778,4.47671555640232,-2.51034943548805
"CCGCTTAGTAATGGAA-2","female","EN-fetal-late",-2.62265551258414,-2.70183451864296,-0.520294316987874,4.1754809192025
"CCGCTTAGTCACGAAC-2","female","EN-fetal-late",3.48158931564004,0.329590182570882,1.33948188187611,1.56488688500755
"CCGCTTAGTCCGGTTC-2","female","EN-fetal-late",-2.22878146339744,1.15153811481423,-1.79419399140346,-1.52779535738594
"CCGCTTAGTGTTGTGA-2","female","EN-fetal-late",10.5573620779386,-7.192305643292,2.0534695303632,6.98606355698936
"CCGCTTAGTTTGCTGT-2","female","EN-fetal-late",6.60388326476724,0.488082717923588,4.11787294508946,1.16824002774589
"CCGGTAGGTAACAGGG-2","female","EN-fetal-late",-3.15025913883536,6.81890861299462,4.60576819540989,-2.73888747183449
"CCGGTAGGTGTCCAAA-2","female","EN-fetal-late",-0.280273439181739,1.2695213666243,-0.60084045765865,-1.61976735083229
"CCGGTAGGTTACAAAC-2","female","EN-fetal-late",7.21336221526772,1.20192287471718,5.232396117468,2.11902542622917
"CCGGTTAAGGCGGGTA-2","female","EN-fetal-late",7.46497773955972,-1.64974005910926,4.10414647223484,2.11769981892937
"CCGTGCTGTCAAACTG-2","female","EN-fetal-late",2.934162615048,-2.40898283216529,0.550705007333873,0.957753436883619
"CCGTGCTGTCTAACAG-2","female","EN-fetal-late",-1.24983818997233,2.92659632471032,-1.09241498349178,-2.4357799717582
"CCGTGCTGTGAACAAA-2","female","EN-fetal-late",-5.4872617738375,1.36698476579613,-2.85877371666896,0.142572935914329
"CCGTGCTGTGTGCAAC-2","female","EN-fetal-late",-0.273653866542274,-3.90207203123146,-3.86998034356105,5.83871133836143
"CCGTGCTGTTATCCGT-2","female","EN-fetal-late",-3.6475605981478,1.23289037850327,-1.91471124527919,-2.01157633749611
"CCGTTAACAAAGGTAC-2","female","EN-fetal-late",-6.16875696350425,2.04021815565056,-4.01942110894191,-2.70889393774636
"CCGTTAACAAGCCAGA-2","female","EN-fetal-late",-1.61280283500045,2.91911403444237,-1.32960117695797,-2.70228092161781
"CCGTTAACAATATAGG-2","female","EN-fetal-late",-0.459269286883765,-3.74013145658546,-0.934801586847188,0.793322043737105
"CCGTTAACACCTATAG-2","female","EN-fetal-late",-0.999270858062202,2.54847029951043,-1.02059710858333,-1.42550293890602
"CCGTTAACATAATGTC-2","female","EN-fetal-late",-4.10756588150352,1.65038571861214,-4.01929856179226,-3.43315093008644
"CCGTTACTCCTAATGA-2","female","EN-fetal-late",-1.80417978931754,1.35126415994591,-1.67412663338649,-1.87250511137612
"CCGTTACTCGGTACGC-2","female","EN-fetal-late",0.571658848034448,-4.75612266752296,-1.43053043721187,4.12353499444359
"CCGTTACTCGTCAAGT-2","female","EN-fetal-late",7.26337575744302,-1.63950260374122,4.07317041518223,2.25054557832115
"CCGTTATGTCCTAACT-2","female","EN-fetal-late",1.16357397864968,-0.802847583027416,0.167947820444225,-0.136029554287264
"CCGTTATGTCGCGCAA-2","female","EN-fetal-late",7.19266176055581,0.875003795890279,3.58281826140416,1.08054740937584
"CCGTTATGTGGGAACA-2","female","EN-fetal-late",7.5120491964689,-1.36259253713661,4.86223744513523,2.37918575318687
"CCGTTGCGTAAACAAG-2","female","IN-fetal",3.05973863433511,-7.05532701704078,0.217826522011875,-6.21222917524941
"CCGTTGCGTCACCAAA-2","female","EN-fetal-late",0.938432214962548,-0.840207059116893,0.202902472634433,0.00125619979732339
"CCGTTGCGTGCGCATG-2","female","IN-fetal",0.195555804478234,-9.06009586545997,2.05664490820896,-7.27887384382851
"CCGTTTGGTTAGAGGG-2","female","RG",-5.39572429825156,13.5265597513003,-5.93132353661525,3.72631772073143
"CCTAAAGGTATTACCC-2","female","EN-fetal-late",2.86072444747598,13.7193955591006,-4.2107772910403,6.37182958634727
"CCTAAAGGTGTCCAGG-2","female","IN-fetal",-6.16935444046348,8.19850293901391,3.87600468756687,-5.29609863249428
"CCTAAATCAACCGCCA-2","female","EN-fetal-late",1.09415983985574,2.33921210077233,0.327779552955745,-1.91802780119545
"CCTAAATCAATATGGA-2","female","IN-fetal",-0.516239644778663,-8.87427433225685,3.99371623160374,-6.78314916578896
"CCTAAATCAGGACCAA-2","female","EN-fetal-late",5.27254819701821,-1.6716917345243,3.81644176604283,-4.32483760801918
"CCTAAATCATGCAACC-2","female","EN-fetal-late",3.24992704223306,0.613129000930257,0.728298625965236,0.103260239829949
"CCTAAGCCAGTAAAGC-2","female","EN-fetal-late",5.88269662688882,1.13466374185509,3.54433297278416,0.877327578386
"CCTAAGCCATGAGTTT-2","female","EN-fetal-late",-6.75994825531333,2.13154320028252,-4.47775412438381,-2.47680751768715
"CCTAAGCCATTGTGGC-2","female","EN-fetal-late",3.12403917144448,2.04040221479363,1.47985290648472,-0.418240708986589
"CCTAAGGTCACAGCCA-2","female","EN-fetal-late",7.13335084746987,-1.85114916059547,3.54034136893284,2.29941351922386
"CCTAAGGTCACAGCGC-2","female","EN-fetal-late",-8.16817283798545,1.20971868541665,-5.44377089379299,-3.38405577627785
"CCTAAGGTCCCTTGCG-2","female","EN-fetal-late",-4.50259423424094,6.41042320039696,-1.19640410778988,8.22889717133873
"CCTAAGTAGGAATAAC-2","female","EN-fetal-late",-0.324376584781104,2.66469506528801,0.010720959921001,-1.99297515837319
"CCTAAGTAGTAAGAAC-2","female","EN-fetal-late",-0.179815294040137,5.61795322206444,-0.559341558198811,7.30855424912803
"CCTAATAAGCAATAGG-2","female","EN-fetal-late",3.25142764876992,1.46938429382271,0.942902199049114,-0.229068411270449
"CCTACTGGTCATGAGC-2","female","EN-fetal-late",-0.109954954875404,-4.31711586210304,-0.735944279413105,3.59591348679893
"CCTACTGGTCATGCAA-2","female","EN-fetal-late",-2.76337433029502,3.10637609270043,-1.4379376256274,-3.06411616293556
"CCTACTGGTGAGCACT-2","female","EN-fetal-late",-7.4929614083895,1.31288532522149,-4.69392681954372,-2.16947714773781
"CCTACTTCACAATGTT-2","female","EN-fetal-late",-0.00672960449545967,-0.392435033054881,-0.371702798585774,-0.871405346075365
"CCTACTTCATTGTCCT-2","female","EN-fetal-late",4.77014589141518,1.77288005855507,2.06705724360478,-0.257579697052309
"CCTAGTTGTAAGCACC-2","female","EN-fetal-late",4.64329719375283,-2.07959182951026,2.30866848589909,2.33846171410911
"CCTAGTTGTATTGCAG-2","female","EN-fetal-late",-6.23398876358359,1.82745675352044,-4.93956757424343,-3.5340089031852
"CCTATAGCACAATGTT-2","female","EN-fetal-late",-0.638918878329688,1.45400546100563,-0.730726250390889,-1.61687855211861
"CCTATAGCATCTAGCA-2","female","EN-fetal-late",-1.29592891205638,2.86576859262413,-0.897703894357563,2.0425668528878
"CCTATATTCCAAATCA-2","female","EN-fetal-late",-0.952659131778175,2.7148228099627,-2.21917367814052,-2.51786009756691
"CCTATTGTCGGTTTCC-2","female","EN-fetal-late",-6.22829675842612,-3.25405319425636,-1.05874467728603,8.57460029633873
"CCTATTTAGACAGGTA-2","female","IN-fetal",-5.47925138641685,8.08339158800072,4.17662977339756,-4.61913339583046
"CCTATTTAGCGAGTAA-2","female","EN-fetal-late",-6.10093927551597,-3.01193698141151,-0.840878256540181,8.00290830644005
"CCTATTTAGCTTATGA-2","female","IN-fetal",-4.69208359886497,6.66019384172387,4.06001161696446,-2.61175577131874
"CCTATTTAGGCCAATT-2","female","EN-fetal-late",-2.86930060554832,2.91751210000939,-2.03443408844936,-2.80123440710671
"CCTCAAACAGCGCTTG-2","female","IN-fetal",-5.12551331688254,7.91703407075829,4.11591791274083,-4.65570871321327
"CCTCAAACATAATTGC-2","female","EN-fetal-late",-2.25756281782478,-6.15982492658668,-1.39960432885158,-3.17333118406899
"CCTCAATGTCAAGACC-2","female","IN-fetal",-4.69250583816856,5.96491376665062,3.1464152252866,-2.85289804426796
"CCTCAATGTGTTTGAG-2","female","EN-fetal-late",-1.35835738648265,2.00679592397637,-0.70741833088863,-2.44143382994301
"CCTCAATGTTTATCTG-2","female","EN-fetal-late",5.66093301604897,-2.31414802763038,3.15501498343479,3.13959367783897
"CCTCAGTTCAAACTCA-2","female","EN-fetal-late",-4.41819095779746,-2.01112087461525,-0.962250360231282,5.79280574830406
"CCTCAGTTCTTAGTGA-2","female","EN-fetal-late",0.122753499256677,-3.86801107618385,-0.0777209782408489,0.470275955518416
"CCTCCTCTCAAACTCA-2","female","EN-fetal-late",0.703559873806542,-0.529741365643077,-0.373951085786702,-0.548093778768846
"CCTCCTCTCATTCATC-2","female","EN-fetal-late",3.1927542669645,2.06082908418602,1.7034894144727,0.140435167832008
"CCTCCTCTCGAAGTGA-2","female","EN-fetal-late",-7.56133079696983,1.78809563425011,-5.3190913283633,-1.53848068205483
"CCTCCTCTCGAGCTAT-2","female","EN-fetal-late",-5.70132541824668,1.10529537108368,-0.54115194914806,-0.322970969358751
"CCTCCTCTCGCTTCTA-2","female","EN-fetal-late",-6.27848816086143,2.09554890897698,-4.87118721840847,-2.65770093886025
"CCTCCTCTCGTTAAGC-2","female","EN-fetal-late",2.28865790198953,1.55346379783577,1.66914736392033,0.00697196485631768
"CCTCCTGAGAACCTGT-2","female","IN-fetal",2.24331235717446,-7.75038154813819,0.914149454851268,-7.43243972746498
"CCTCCTGAGACTTATG-2","female","EN-fetal-late",6.06185102294595,0.792999487189717,3.14038204314244,0.716720598062208
"CCTCCTGAGCCGCAGT-2","female","EN-fetal-late",6.59973001311929,-0.940327603550487,3.24150942923558,2.06700308831566
"CCTCCTGAGCGGCTGT-2","female","EN-fetal-late",3.15775966476113,1.75905559566445,1.16754846932423,-0.560983760038683
"CCTCCTGAGTTTGGTA-2","female","EN-fetal-late",-3.92004108597129,2.50704304483361,-2.28620458481777,-3.08506814924843
"CCTGAATAGCACGTTG-2","female","EN-fetal-late",1.33913349937112,1.70418665912575,0.609095222373127,-1.40278748957283
"CCTGAATAGCAGCTAT-2","female","EN-fetal-late",2.15422010253579,-1.20135744306617,1.909407130499,2.46236856492393
"CCTGACTTCCGCATGA-2","female","EN-fetal-late",4.9318523390165,-0.215554554195934,2.44264625670445,1.08414752992027
"CCTGACTTCCTCGATC-2","female","EN-fetal-late",-1.88553309608787,1.02489420381016,-1.78968931076992,-1.56690935579903
"CCTGACTTCTTGAGGT-2","female","EN-fetal-late",0.749380586849755,-0.235947448940807,-0.493289598207356,-0.958899182955095
"CCTGAGTCAAGCCAGA-2","female","OPC",-14.0931506173739,-11.4764500448423,-6.25096083519924,3.05976493867271
"CCTGAGTCACCAGGTT-2","female","EN-fetal-late",-0.78070181776374,2.97484938409752,-0.0952994608687176,-2.54009263006813
"CCTGAGTCACCATATG-2","female","EN-fetal-late",10.1979680044523,-7.91027553770118,1.62174927355778,6.99496372254722
"CCTGATGAGAGCAAGC-2","female","IN-fetal",0.388235448109216,-8.7805739233213,2.85207437636387,-7.06803075758583
"CCTGATGAGAGGAGTC-2","female","EN-fetal-late",3.66590833495767,-0.927301366062694,1.76609253050816,1.6972424558007
"CCTGATGAGGCATTGT-2","female","EN-fetal-late",-6.48763990570396,1.84437076356835,-4.35404778359401,-2.2520903774894
"CCTGATGAGTTCCTGC-2","female","EN-fetal-late",2.61412763427407,0.908010918466515,1.02241944434178,-0.386318785826036
"CCTGCTCCAACAGCCT-2","female","EN-fetal-late",6.02300548385293,-0.462082345219188,2.57309531332981,2.1025969556176
"CCTGGATCAGATTCAT-2","female","IN-fetal",1.63295602630288,-8.33045490476661,0.946718148012279,-7.00769464460976
"CCTGGATCAGTTTACG-2","female","EN-fetal-late",0.488723395573205,0.909056011406846,0.734209320564388,-0.329505694786379
"CCTGGTAAGTAACAGG-2","female","EN-fetal-late",4.93930244277627,0.556643765239186,2.36813341738713,0.722798245271376
"CCTGGTAAGTCAATCA-2","female","EN-fetal-late",-0.580830814135963,-3.06014164182716,2.34966408373844,-2.14293138472206
"CCTGTAACACAGAACG-2","female","EN-fetal-late",3.46653365920693,-1.14330383035713,1.80703138472569,1.97549458058708
"CCTGTAACACCTACTT-2","female","EN-fetal-late",9.45565843413979,-6.90260322782569,2.56178235175145,2.73202355416649
"CCTGTAACACTTGTTC-2","female","EN-fetal-late",1.18322491477639,-0.970508296223216,0.112757704277156,-0.124979329983064
"CCTGTTGGTAATGACT-2","female","EN-fetal-late",4.70052814315469,-0.389258582325511,-0.0601327800558819,-0.810326201597521
"CCTGTTGGTTACCGGG-2","female","EN-fetal-late",10.2960762960783,-7.42706211301857,1.8188515818311,7.09834774049156
"CCTTAACGTAAACAAG-2","female","EN-fetal-late",-5.79785871673911,-3.64900119993263,-0.910465606431843,8.62614067109459
"CCTTAACGTCCAAGAC-2","female","EN-fetal-late",0.62356734107644,-3.84335096571022,-1.98473597405422,0.929558711370161
"CCTTAACGTGAGGTAG-2","female","EN-fetal-late",3.0914940817228,2.52536920812554,1.45554577471745,-0.917387647310564
"CCTTAACGTTACTTCA-2","female","EN-fetal-late",0.508219240414208,-4.34327753278785,-2.30133915780056,-0.198089880625078
"CCTTACTCAAACATAG-2","female","IN-fetal",-0.148061754001075,-8.87395103666358,3.96140836836827,-6.74092332808144
"CCTTACTCAATAATCC-2","female","EN-fetal-late",6.49458360503823,-0.377626855106883,3.37869476439488,1.81570048840874
"CCTTACTCAGTCTAGC-2","female","EN-fetal-late",-4.34409880806296,2.88182417657799,-2.77080679772365,-3.19204728094704
"CCTTAGTGTAACGAGG-2","female","EN-fetal-late",4.24388551543862,-1.12347658369117,2.79794835211766,2.18489678414696
"CCTTAGTGTGGGTACT-2","female","EN-fetal-late",-0.477772833598548,-4.31811531278663,-3.77601672051418,-0.933492226282427
"CCTTATGTCACAGCCA-2","female","IN-fetal",-0.294116379512244,-8.70767696592384,3.6527058994962,-7.37992708174355
"CCTTATGTCATGTCAA-2","female","OPC",-13.9836401956209,-11.5931950399595,-6.12987137673366,3.0075429251992
"CCTTATGTCCTCACTA-2","female","EN-fetal-late",6.58654069732339,-1.48731001112037,3.22427796484959,2.58861382516258
"CCTTATGTCGCACAAT-2","female","EN-fetal-late",2.16157483886392,1.89217333105034,1.17936580540669,-0.955580515543291
"CCTTATGTCTCCATGC-2","female","EN-fetal-late",-4.04317879844993,2.6826601436419,-4.89026165841091,-2.73039667097695
"CCTTCAATCAAGCCTG-2","female","EN-fetal-late",-5.37704420257896,2.58557717111535,-4.46011019585598,-3.13446514097817
"CCTTCAATCTTGTCCA-2","female","IN-fetal",2.54121470283181,-7.83012016508155,-0.130431541185261,-6.89755861250527
"CCTTCAGGTGATGATT-2","female","EN-fetal-late",0.282693503605431,1.42049602773613,-0.372215219716908,-1.17738632647164
"CCTTCGGTCACTAGGT-2","female","EN-fetal-late",0.462097762333459,1.52047668006844,-1.43914712307918,-0.484084648767778
"CCTTCGGTCTCACTCA-2","female","IN-fetal",-4.19532132316917,7.2476391008181,-4.00330019829738,3.14791758569114
"CCTTCGGTCTTAGTCT-2","female","EN-fetal-late",1.80217456649453,-0.237622220249706,0.938203922529338,0.373039530833891
"CCTTGCGTCGATAACC-2","female","OPC",-14.0262150781283,-11.4727335760313,-6.35704995034206,3.10981472047203
"CCTTGCGTCGTTACAA-2","female","EN-fetal-late",-2.72648155857413,1.49291167762703,-1.12324643967617,-1.67159573523171
"CCTTGTTCACACAATT-2","female","EN-fetal-late",1.95008444617898,1.2916152885241,1.40315388800633,-0.678125900904009
"CCTTGTTCACAGAACG-2","female","IN-fetal",3.40779399703652,-7.26067169401222,-0.122723170499684,-6.59565870253212
"CCTTTAGTCAACAAGG-2","female","IN-fetal",1.63614964316995,-8.49468715879493,1.15388177992833,-7.23703138319618
"CGAAATGAGGGTTATC-2","female","EN-fetal-late",10.2448258383146,-7.60202415678077,1.72471439005864,6.60005338700645
"CGAAATGAGTTGCGTG-2","female","EN-fetal-late",-3.7724807279238,-2.08344300481849,-0.915608652810933,5.05917509110802
"CGAACAAAGACTTACA-2","female","IN-fetal",-3.23094999958366,7.3613037278933,4.46243952872288,-2.53080074278481
"CGAACAAAGATGGAGC-2","female","EN-fetal-late",7.33245801757485,-1.71118005010658,3.70196794631016,2.71028407128685
"CGAACAAAGGTCAAAG-2","female","EN-fetal-late",6.91349172423989,-1.93529399129921,3.9377720272733,2.52019556077354
"CGAACCGGTCCTAGTT-2","female","EN-fetal-late",-4.84565949608176,-2.10367472860389,-1.42076421616542,7.60320480378502
"CGAACCGGTGAGCGAA-2","female","EN-fetal-late",2.87562417815835,0.870586085884042,0.709425292034267,-1.08507291762001
"CGAACCGGTTGTTGTC-2","female","EN-fetal-late",0.00238859485299003,-4.62334879133277,-2.64858580468166,-1.90236250845558
"CGAAGAATCGCGCTAA-2","female","EN-fetal-late",-1.61168284882396,2.25145963933892,-1.64575649140346,-2.25729386297829
"CGAAGAATCTCACATT-2","female","EN-fetal-late",1.04753327201516,-0.203245479794078,0.905134609956859,0.548826115449598
"CGAAGCCTCAAAGGCA-2","female","EN-fetal-late",3.95218944381387,-0.564818937511974,1.63275300623906,1.50666065724724
"CGAAGCCTCGAGGTGG-2","female","IN-fetal",2.72769117187173,-7.73447521421485,0.0594860232068287,-6.00264970747597
"CGAAGCCTCGGTCATG-2","female","EN-fetal-late",9.0372309667936,-7.35389717313819,1.65127598406803,6.28849418671959
"CGAAGGCCAAGTAAGC-2","female","EN-fetal-late",10.4970889074674,-7.15827377531105,1.72815894248021,6.58722789796226
"CGAAGGCCAATCTCTC-2","female","EN-fetal-late",-3.58858442474692,2.70605127122826,-1.56419862149227,-3.08902279821999
"CGAAGGCCATAGTCAT-2","female","EN-fetal-late",2.63702010940225,1.19809497502274,1.05320738913548,-0.169463498274156
"CGAATATGTTAGGCTA-2","female","EN-fetal-late",1.25060128997476,-4.09295948240333,5.16527413489354,2.39700372727745
"CGAATCTAGAAGCTAG-2","female","EN-fetal-late",-4.13426447082847,-2.37890179845863,-1.27343166707027,5.79724987061851
"CGAATCTAGCTCAATA-2","female","EN-fetal-late",-8.42027807403892,1.89215699937767,-5.80188275216091,-1.89662448851235
"CGAATCTAGCTCGCTT-2","female","EN-fetal-late",-2.33446318079322,0.952660020260281,-1.92090273735988,-1.70283858267433
"CGAATCTAGGCGAATA-2","female","EN-fetal-late",2.7355861647001,-0.00496699306540993,0.22424564423096,0.569407450278929
"CGAATCTAGTAGCTTA-2","female","IN-fetal",-3.90153861214011,6.86872426774926,3.67761563422215,-2.57795397726662
"CGACAAGCAACTAACT-2","female","EN-fetal-late",-5.68380212951987,-3.83052166196876,-0.0879938685702099,8.29909618409508
"CGACAAGCAAGGAATC-2","female","EN-fetal-late",-7.82452488113731,1.91517476346917,-5.52190924523342,-2.5025295445121
"CGACAAGCACTCGCTC-2","female","EN-fetal-late",4.99132251571328,-0.0900553056912949,4.80557536246312,1.58589466126793
"CGACCTGCATAAGTCT-2","female","EN-fetal-late",-7.46965885330527,2.20922545698113,-5.31481409905422,-1.46352688757546
"CGACCTGCATTAGGTT-2","female","EN-fetal-late",-5.29387879539817,2.46222011354393,0.671400419492839,0.571955817063978
"CGAGCGAAGCGGATTT-2","female","EN-fetal-late",-2.50328302551597,2.28536788728661,-1.5937324845599,-2.57916109053261
"CGAGCGAAGTGAAGTG-2","female","IN-fetal",-0.233554484141761,-9.39730652067237,3.15004490973484,-7.18388692824013
"CGAGCTGGTCCTTCAG-2","female","EN-fetal-late",1.22716021369607,1.99481622484154,0.848435006160854,-0.79956291405327
"CGAGCTGGTGATGATT-2","female","EN-fetal-late",-0.808369459403449,2.93440810945458,-0.1706857764529,-2.24937002150185
"CGAGCTGGTGGATGTC-2","female","EN-fetal-late",10.234157083737,-7.12883575651222,1.74724399210942,6.22316749604576
"CGAGGAAGTCAAGTAT-2","female","EN-fetal-late",0.0361137373319329,-3.92744358274513,0.50929267616999,-3.42386881796486
"CGAGGAAGTCAATACG-2","female","EN-fetal-late",-6.2482743280062,-3.45267065259986,-0.0296132051752819,7.94435556443565
"CGAGGCAAGCAAGGAC-2","female","EN-fetal-late",10.1525444967619,-8.02938850614601,1.60125290514958,6.79496725114219
"CGAGGCAAGCGATACT-2","female","EN-fetal-late",-6.58589315582603,1.31570927408165,-3.88261271355617,-2.81330863920815
"CGAGGCAAGCGGCTGT-2","female","EN-fetal-late",-2.87571191955894,6.86326448228783,-0.314249881486775,-1.27682570902474
"CGAGGCAAGGATTGCT-2","female","EN-fetal-late",0.960806606518334,1.74160645511574,0.262009224910854,-1.30955247370369
"CGAGGCAAGGGCCACT-2","female","EN-fetal-late",-0.302624704135352,-4.06838281843238,1.43711184622776,-7.24810020414955
"CGAGGTGAGCTAAAGG-2","female","EN-fetal-late",-0.715192558062965,2.66149274614281,-1.04179621575344,-1.89589349714882
"CGAGGTGAGGGATGCG-2","female","IN-fetal",-0.161652209056312,-9.35320099088722,3.57801961066258,-6.43522254912026
"CGAGTCGGTAATCGGC-2","female","EN-fetal-late",2.57069587539346,-0.824391562672191,0.692495337743877,1.13455815823906
"CGATCCTTCATGCTCC-2","female","EN-fetal-late",-3.90829682518333,5.74018565919823,-1.11693561909664,4.28272922547691
"CGATCCTTCATTACAG-2","female","EN-fetal-late",-3.31957900692313,2.51948813703484,-1.74491859314907,-2.73787157026894
"CGATCCTTCCCTCACG-2","female","EN-fetal-late",2.66539859603555,-0.713084776135021,0.892520031948207,0.99552996667259
"CGATCCTTCCTTAGGG-2","female","EN-fetal-late",5.34944820235879,-2.16561420652442,2.70795773627293,2.75027545007103
"CGATCCTTCTTAGCCC-2","female","EN-fetal-late",-8.44223690201133,1.74343023803658,-5.88617134926784,-1.83144454447396
"CGATGTCCAAGGAATC-2","female","IN-fetal",-0.624299766314918,-8.7762432882505,3.45269750716221,-6.64890615431435
"CGATGTCCACCTACGG-2","female","EN-fetal-late",2.17640018294961,2.26671532895989,0.48839019151461,-1.60174064127571
"CGATGTCCATTAAACC-2","female","EN-fetal-late",4.64644241164834,1.23850701358742,1.25778173567784,-0.537673098722765
"CGATGTCCATTGTGTG-2","female","EN-fetal-late",2.52560710738809,1.59983305242485,1.49175070883763,-0.12100425151951
"CGATTATCAAAGGCCA-2","female","EN-fetal-late",-7.75609874893516,2.0122967174334,-5.1415953719424,-2.19059555021889
"CGATTATCAATATAGG-2","female","EN-fetal-late",-4.39107275177329,2.05660561826653,-3.56999803421962,-2.79226223913796
"CGATTATCACAAAGGT-2","female","EN-fetal-late",-3.2760926501879,-3.14646466466957,-0.810697444658162,5.1004396251046
"CGATTCCTCGAGGAGT-2","female","EN-fetal-late",-8.35345840622275,1.63509384897179,-5.53253746865261,-1.7424661347068
"CGATTCCTCGGCTATG-2","female","EN-fetal-late",-3.7466337697634,4.42124716546959,-0.796572455148579,-2.20837752310402
"CGATTCCTCGGGCCAT-2","female","EN-fetal-late",0.0621798021665276,1.80618993547387,-0.145612725000264,-2.0891482063926
"CGATTCCTCTTGCAGG-2","female","EN-fetal-late",1.58121013473184,-1.12380381319099,1.13593750359547,1.04148389609688
"CGATTCCTCTTGCATT-2","female","EN-fetal-late",1.42037057708413,1.39025823381371,0.836462131757854,-0.995129508653948
"CGATTTGCACCTCAGG-2","female","EN-fetal-late",5.2669148428312,-2.25111706945472,2.77249073149693,2.68600924523704
"CGCAAATTCTTGCTAT-2","female","EN-fetal-late",-1.96519816089957,2.47944454458184,-0.0863567077921643,-2.07034794775612
"CGCAATAGTGACCTGG-2","female","EN-fetal-late",6.55234384368569,0.123340587882466,3.62066554190647,1.23258860619896
"CGCAATAGTGTTAGCA-2","female","IN-fetal",3.71102046798379,-6.48250730726295,-0.235949524621846,-6.44555131880409
"CGCAATCCAATCCCTT-2","female","EN-fetal-late",2.13958716224343,2.26178983953423,1.38613443734181,-0.788531346002886
"CGCAATCCAGAAATGC-2","female","EN-fetal-late",-0.397412063373023,5.48948995378441,-0.50604499218929,7.32953603776329
"CGCAATCCATCCATCT-2","female","Endothelial",-17.8755745904574,0.945269632904,-3.50808835862148,3.16235192330711
"CGCAATCCATGAATCT-2","female","IN-fetal",0.269338486897057,-9.16190536710792,2.27393626334202,-7.24264661757118
"CGCAATCCATGATTGT-2","female","EN-fetal-late",-6.09923887420982,1.46806947496361,-5.39576912758815,-2.20318977324135
"CGCAATCCATTTAAGC-2","female","EN-fetal-late",-0.204697968257362,5.49728671815819,-0.787377723436238,6.91629179032677
"CGCAATGTCAGCAAAG-2","female","EN-fetal-late",-0.300393821490699,-4.54742105695777,-3.20552755234707,-2.63639084784157
"CGCAATGTCAGCCAAT-2","female","EN-fetal-late",1.60738110374123,-1.09410615655952,0.936158350725292,1.02072663815849
"CGCAATGTCCAGGAAA-2","female","IN-fetal",3.29181670974404,-6.21734007093483,0.106812617797969,-5.38496963469155
"CGCAATGTCCGCAAAT-2","female","EN-fetal-late",-5.81995344330161,-3.71440418455177,-0.700639137010457,8.67030246766441
"CGCAATGTCCTAACGG-2","female","IN-fetal",2.7163777334562,-5.64354189130836,1.93426012160313,-6.80829183546669
"CGCAATGTCGCAACAT-2","female","EN-fetal-late",6.52732610534341,-0.638942796917491,3.96146678092015,1.44561584504478
"CGCAATTAGGCATTGT-2","female","EN-fetal-late",1.26076721976907,1.10671226289696,0.285955070574401,-0.70669536081917
"CGCAATTAGGCGCTTA-2","female","IN-fetal",1.3078505976072,-8.78501899931007,1.19483058812153,-7.27052204100258
"CGCAATTAGTCTATGA-2","female","EN-fetal-late",-2.47739648987144,3.07118336465783,-0.774474033098103,-2.73583714453346
"CGCACAATCCCTGGAA-2","female","IN-fetal",-5.15597725082725,6.41375390794701,2.90429925086033,-3.31091467825539
"CGCACACAGCCTTAAA-2","female","EN-fetal-late",-5.61591434646934,-2.5987268278318,-0.146212466935994,8.02345855744713
"CGCACACAGCTGTACG-2","female","EN-fetal-late",0.227991102444238,-4.44265564176612,-1.49716938374508,7.71147640260094
"CGCACACAGTTAGAGG-2","female","IN-fetal",-3.17395615745872,6.78927509096093,4.79170464636814,-2.51161663023598
"CGCACACAGTTATTCC-2","female","EN-fetal-late",2.28667807410867,2.30279711988396,1.60375379683506,-0.761922461668321
"CGCACACAGTTGGGCC-2","female","IN-fetal",-6.904620172275,8.08127729204125,3.6944150841428,-6.29512159315712
"CGCACCACAATGCGCT-2","female","EN-fetal-late",-2.92039036918967,-2.94754965993934,-0.887884267549397,4.79229934724205
"CGCACCACACATAGCC-2","female","EN-fetal-late",-0.88298326898902,-6.03538091871315,1.68116413714421,0.741017060598066
"CGCACCACAGCTTAAT-2","female","EN-fetal-late",3.87786817382485,0.558657627372212,1.37902777554524,0.644965963681868
"CGCACCACAGTCTATG-2","female","RG",-2.42984503675788,-6.40627058240943,-5.62810660241115,3.41714771302574
"CGCATATAGAGGGACT-2","female","IN-fetal",-0.699546815646583,-9.40267570707374,3.65508627058995,-6.45964281050331
"CGCATATAGGCTACAT-2","female","EN-fetal-late",1.67423987220437,1.82183287647194,0.710298947115062,-1.60776857821114
"CGCATATAGTCCTTCA-2","female","EN-fetal-late",0.451153872715539,2.1724381854815,0.0287882006360279,-2.1506647297538
"CGCATATAGTTCCTCA-2","female","OPC",-14.0197749154696,-11.4895125219541,-6.33740092156398,3.21632750542991
"CGCATGATCAATGACC-2","female","EN-fetal-late",3.0041818601957,13.5349911859316,-4.1168584906863,6.33746488602989
"CGCATGATCCCTGACT-2","female","Pericytes",-1.96736389566749,-15.8447295019346,-3.53861666558254,3.20401413949364
"CGCATGATCTTAGGAC-2","female","EN-fetal-late",2.1038277132383,2.04611400869317,1.08322738768589,-0.808995825926134
"CGCATTACACGTAATT-2","female","IN-fetal",1.42843150924355,-8.63349254819923,0.879308424015163,-7.29468767134316
"CGCATTACAGGAACTG-2","female","EN-fetal-late",-2.98326158691733,-3.39303596708351,-0.825835713128926,4.76764543565147
"CGCCAAATCCCTGACT-2","female","EN-fetal-late",-7.89447975326865,2.25859610345787,-5.65230799553859,-2.76128117529518
"CGCCAAATCGTGCTTC-2","female","IN-fetal",-0.947650374663764,-8.94509990903907,3.65836547972691,-6.61869613615639
"CGCCACACAACCGCCA-2","female","EN-fetal-late",-4.45746040512412,2.46500674989647,-2.63815737603176,-2.79104320494301
"CGCCACACACAGCCTG-2","female","EN-fetal-late",-4.90482926536887,1.76971326377816,-3.08967877266872,-2.5199011990226
"CGCCACACATAAGTCT-2","female","EN-fetal-late",4.87953805755288,1.58897177484459,2.65058445097935,0.251118691881827
"CGCCTCATCAGCAAGA-2","female","EN-fetal-late",2.33512377570779,-0.892255384655528,1.40848409297001,1.28345342191093
"CGCCTCATCTCAATTC-2","female","EN-fetal-late",-1.47144389134436,0.611958380608029,-1.73139167664516,-1.22767369238503
"CGCCTGTGTTTGGGCG-2","female","EN-fetal-late",-8.11750888992637,1.16619266179032,-5.2408933722781,-2.07668082205422
"CGCGATTCAAACATAG-2","female","EN-fetal-late",4.51486778091103,-2.05339797231727,2.12075065733921,2.55983408006065
"CGCGATTCACCAGCAT-2","female","EN-fetal-late",-3.27807641197532,-3.29074247571998,-0.856062062959553,4.91512926133507
"CGCGATTCACCTATAG-2","female","EN-fetal-late",2.00867485831887,2.07222775724358,1.0103872335149,-0.453234536329576
"CGCGATTCAGGACCAA-2","female","EN-fetal-late",-3.71179342438071,2.91215554979271,-2.07539964554775,-3.11071745840676
"CGCGATTCAGGTTACC-2","female","EN-fetal-late",-3.06658852268546,2.41504244115777,-2.28974939225185,-2.90160409895546
"CGCGGATTCCGCCTAT-2","female","IN-fetal",1.827721832501,-8.27936847898536,0.831426552553295,-7.12516538588173
"CGCGGATTCGCAACAT-2","female","EN-fetal-late",-1.13819953967422,-5.98614986631446,0.350866264720081,-0.28924073068268
"CGCGGATTCGGCCAGT-2","female","EN-fetal-late",4.36133479903848,2.05892793443627,2.49428843619358,0.115074097422591
"CGCTAACCAACTAACT-2","female","EN-fetal-late",1.63079643081338,1.84206477907128,0.779692254085659,-1.36260668722756
"CGCTAACCAATTGAAG-2","female","EN-fetal-late",-0.0392911450990974,-3.71574266645484,4.58392333151829,-3.18297092405922
"CGCTAATAGGACCTTG-2","female","EN-fetal-late",4.54609918426186,1.88485638406701,2.56087254645359,0.284983622153929
"CGCTACTTCACCAATA-2","female","EN-fetal-late",2.38771724532754,-0.771210987301402,3.44382928969395,2.37728531869285
"CGCTACTTCATGAGCT-2","female","EN-fetal-late",6.2254805548063,-0.982105095120006,2.13831960322392,1.34639330418937
"CGCTACTTCCTGCGAA-2","female","EN-fetal-late",6.26026725600869,-0.498499591084056,3.78614591719639,1.75158329518669
"CGCTACTTCTTACTCG-2","female","IN-fetal",1.35719537566811,-8.69725998136573,0.775020591039775,-7.4495681950248
"CGCTACTTCTTCAATC-2","female","EN-fetal-late",0.01099455188424,-0.102818388672405,-0.476046868543507,-0.813267333189318
"CGCTATGAGGTCCTGA-2","female","EN-fetal-late",3.81668138335854,0.363792847661442,1.63313626410496,0.314194949587515
"CGCTCAGCAACCCTCC-2","female","IN-fetal",0.131753323780602,-8.74900921079688,3.13608192564976,-7.18195478407509
"CGCTCAGCACGAATTT-2","female","IN-fetal",2.35443687270791,-7.28553493711525,0.912222734708904,-7.01360456434853
"CGCTCAGCAGCAAATA-2","female","EN-fetal-late",-5.34963536430686,2.21739928033776,-5.46353102562893,-2.94594423262245
"CGCTCAGCAGCTAACC-2","female","EN-fetal-late",5.57471656631142,-1.33017261716896,2.46235012175572,2.51694305451744
"CGCTCAGCAGGATGGC-2","female","EN-fetal-late",-4.47148370910972,2.6818136384768,-2.63156104920375,-3.11374299017555
"CGCTCAGCATTGTTGG-2","female","EN-fetal-late",5.98448324035317,0.601104657916493,3.20948218466771,0.571289735158613
"CGCTCCATCCGGGACT-2","female","EN-fetal-late",0.570141552197045,2.61446813848443,0.191400638837932,-2.22391907660134
"CGCTCCATCTAACTGA-2","female","EN-fetal-late",2.42738747428567,-1.08841164800697,1.3198686158849,1.48926849873894
"CGCTGTGCAATAACCT-2","female","EN-fetal-late",0.107292412029809,0.122200053004689,-0.316217132787587,-0.749257726351091
"CGCTTACTCAAACACC-2","female","EN-fetal-late",-2.53395211864799,2.72738985326714,-2.21952319977749,-2.81684343306191
"CGCTTACTCAATACGC-2","female","EN-fetal-late",-6.63115883041709,2.29664806631035,-5.95807410119045,-1.93585817305214
"CGCTTACTCACACAGT-2","female","EN-fetal-late",-4.2756717221865,5.76990978029198,2.57414077879917,-2.66425911871559
"CGCTTACTCAGGATGA-2","female","EN-fetal-late",-3.33187341858237,-3.0773645231443,-1.1238644206332,5.11919410737388
"CGCTTACTCCGTGACA-2","female","IN-fetal",0.133925674664086,-9.09195335599952,3.30586432578099,-7.17735902754433
"CGCTTACTCGATTTAG-2","female","EN-fetal-late",-0.57077521253913,-3.10141094419532,-0.313957401494862,0.65531088622444
"CGCTTACTCGGCCATA-2","female","EN-fetal-late",0.0230448229184808,5.83931819704003,0.193935445566295,7.51034124406212
"CGCTTCTAGACAACAG-2","female","EN-fetal-late",-2.25245261360496,2.89956013467736,-0.979532726983906,-2.44361702887184
"CGCTTGCGTAAGCTTG-2","female","EN-fetal-late",-2.88490772415488,3.03618971612877,-1.25630200741756,-3.03091279951698
"CGGAATCGTAGCTAAT-2","female","EN-fetal-late",-2.92701113392203,-3.39126356336647,-0.746210106592061,4.69780023606651
"CGGAATCGTAGCTGCG-2","female","IN-fetal",-0.855450810683662,-9.01449783536964,3.74413394095433,-6.14549056975014
"CGGAATCGTCATGAGC-2","female","EN-fetal-late",5.81657886336953,-2.75391538831764,2.79336547019017,2.52906735452049
"CGGACAACATTAAAGG-2","female","EN-fetal-late",-0.491349937213355,0.276376168994374,-1.72372771141994,-1.07313613382942
"CGGACCTAGTGAACCT-2","female","EN-fetal-late",2.40072703193337,-5.19326217863136,0.622024512906192,-7.16898719755776
"CGGAGCAAGCAAGGAC-2","female","IN-fetal",1.88977074454934,-8.0923415014463,0.829111716766475,-7.27195350615151
"CGGAGCAAGGTGTCCA-2","female","EN-fetal-late",-2.84103322197288,1.04812155273385,-2.02628446457851,-1.52527837244637
"CGGAGCAAGTTACTTC-2","female","EN-fetal-late",4.33545923064858,1.50370625760979,2.29727183939946,0.311650919040373
"CGGAGTCTCATGCGTG-2","female","EN-fetal-late",2.33448791335732,0.207617919711537,0.851872078199504,0.154723352065018
"CGGAGTCTCGGCCATA-2","female","EN-fetal-late",-2.92780828644126,-3.05375107023292,-0.917735704164387,4.93505437882774
"CGGATAAAGGCATTGT-2","female","EN-fetal-late",-6.21247720886558,-3.35684307310157,-0.638151296357991,8.50372894318931
"CGGATAAAGTTTGAGC-2","female","IN-fetal",2.15386247466714,-7.1238151380735,3.94137763144505,-7.11192647902138
"CGGATTAGTAGCTGCG-2","female","EN-fetal-late",-0.19339084793418,-4.39076479169899,0.0817722892953144,0.609721707423857
"CGGCAATGTCACGGAT-2","female","EN-fetal-late",-0.0398682372698127,5.43490688112206,-0.693036445360066,7.07569988282554
"CGGCAATGTTAACAGT-2","female","EN-fetal-late",-6.13186597992271,-3.15255053731971,-0.645397909860493,8.66615493806236
"CGGCCATAGGGACCTC-2","female","EN-fetal-late",-0.228071572078162,0.106765549449391,-0.279457756261708,-1.02232126680977
"CGGCCATAGGGCTTTG-2","female","EN-fetal-late",-0.667280198825294,2.76704518106408,0.0441330290032612,-2.46493474928505
"CGGCTAATCAAGTGTC-2","female","EN-fetal-late",0.562839029537743,-4.30456121656471,5.20081709982884,2.32700474770897
"CGGCTAATCCCTCTAA-2","female","EN-fetal-late",-1.74443146754592,0.411711942223973,-2.23407531617153,-1.28813795534737
"CGGCTCACAGCTCAAC-2","female","EN-fetal-late",-0.890937330020362,2.71034220960564,-0.266553350667836,-2.30917422262795
"CGGCTCACAGGTTAAA-2","female","EN-fetal-late",6.21160173247964,-2.31629617902809,2.63621734740269,2.81603606255882
"CGGCTCACATTGTGGC-2","female","EN-fetal-late",-3.2492018954882,2.00324968603081,-2.72793627617824,-2.72648326841957
"CGGGACAAGATAAAGC-2","female","EN-fetal-late",0.598922489391869,-0.291134555073314,0.185991666336177,-0.652736766020128
"CGGGACAAGCGCTCAA-2","female","IN-fetal",-3.84685969520896,6.61093465593285,3.90252732398045,-2.51228730169899
"CGGGACAAGGTCGATT-2","female","IN-fetal",1.59079146217019,-8.54980476591163,0.141418418903469,-7.26404516188271
"CGGGACAAGTTTGCGG-2","female","EN-fetal-late",3.1440744383207,-0.629204947681957,1.2155007636739,0.815631168206862
"CGGGCTTAGCGATACT-2","female","IN-fetal",-3.23500573803275,7.93945924547142,4.86253069998753,-3.41804234472878
"CGGGTATGTAAAGCGG-2","female","IN-fetal",1.54809284042031,-8.61239155027442,1.04293637635243,-7.3864521214164
"CGGGTATGTACCCACC-2","female","EN-fetal-late",-7.82558536697715,1.99507347848839,-5.511340626459,-1.67555753676064
"CGGGTATGTACGCGCA-2","female","EN-fetal-late",2.19024991820962,-1.14581568929725,0.818930289764522,1.17755826028221
"CGGGTCTAGAGGAAGG-2","female","EN-fetal-late",10.3475546820036,-7.83877857420021,1.5983879482938,6.62579067262047
"CGGGTCTAGATGGAGC-2","female","EN-fetal-late",0.32903289626748,-0.45249124261909,-0.919115074853779,-0.577136439958879
"CGGGTCTAGGGTGAGT-2","female","EN-fetal-late",-1.29204219747871,0.300704102782674,-2.29577780602443,-1.26183800188667
"CGGGTCTAGGTTACAC-2","female","EN-fetal-late",0.887445209728783,-0.833655435772472,0.394074535053788,-0.0835821756518572
"CGGGTCTAGTAAGAAC-2","female","EN-fetal-late",-3.38784039188712,0.934939812688298,-1.8904545390414,-2.14101283041603
"CGGTAACGTGTTGCTT-2","female","IN-fetal",2.16087722610146,-7.97286327573829,-0.0627487981127514,-6.94093934980995
"CGGTAACGTTTAACGG-2","female","IN-fetal",1.89589023421914,-8.19532974454933,0.454424171764968,-6.96754590956337
"CGGTAACGTTTCGCCA-2","female","EN-fetal-late",1.92653226684243,-0.452161390514903,0.529629371185421,0.148926660662225
"CGGTGAGAGGGCTAAA-2","female","IN-fetal",-5.46518945862144,7.51526920106835,3.46185158850682,-3.89276496855385
"CGGTGAGAGGTAACGA-2","female","EN-fetal-late",4.93836021255166,-1.09249039384895,5.28396367194188,-3.31841318098671
"CGGTGAGAGGTGCTGC-2","female","EN-fetal-late",-6.44642830063193,2.04258183744378,-4.54861021874416,-2.71695391623146
"CGGTGAGAGTTTCCGC-2","female","EN-fetal-late",3.23023938964517,0.276871960429616,1.29936718108189,0.598750340064696
"CGGTTATAGACAGGTA-2","female","EN-fetal-late",6.65302228759438,-1.02558906766944,4.66974925162327,2.03522880586021
"CGGTTATAGATGGACA-2","female","EN-fetal-late",4.51205777953774,-0.484576303692394,-1.66090942261684,-0.877621454874346
"CGGTTATAGTCAATCA-2","female","EN-fetal-late",-5.36321354080527,2.25351754930443,-3.7873120391177,-2.49090139357216
"CGGTTGGGTGAGACTC-2","female","EN-fetal-late",-5.62249851394981,-2.56405814382606,-1.05480004189479,8.56842716248863
"CGGTTTGAGGCTATGT-2","female","EN-fetal-late",-2.92481756378501,6.08315030839867,4.80822085501683,-2.49074665991432
"CGGTTTGAGTTAGGCT-2","female","EN-fetal-late",5.22290611098916,-2.82807667944007,3.68568348052037,3.1709414294564
"CGTAACCCACTAAGTT-2","female","EN-fetal-late",10.429638384091,-7.7019139120298,1.77100264193547,6.82234962495201
"CGTAACTAGGCAATAG-2","female","OPC",-13.9393973367342,-11.6215897390562,-6.15944672463405,2.93422325166099
"CGTAATGGTTAGCATG-2","female","RG",-5.37331462074607,13.4609164407534,-5.18335915444362,3.41755731614464
"CGTAATGGTTTAACGG-2","female","EN-fetal-late",4.69043731521279,-2.25808008405738,1.92236315371525,2.59702261002891
"CGTACGGGTCAAAGAA-2","female","IN-fetal",-3.57967686821311,8.62798492219872,5.06550978781712,-3.25973956076271
"CGTACGGGTTACAACG-2","female","IN-fetal",3.60775708984048,-7.06996830198341,0.261136538405536,-5.82922355620033
"CGTACGGGTTAGGCTA-2","female","IN-fetal",-3.9512453096041,6.57601157930321,3.18258523108494,-2.67515675512917
"CGTACGGGTTATCCTA-2","female","IN-fetal",3.48363494704873,-6.82052047941261,0.225177115817188,-6.05987970320351
"CGTAGCGGTATTCGTC-2","female","EN-fetal-late",8.93839502166421,-7.11481006834083,0.570591858644603,-1.78754882303841
"CGTAGTTAGGTTTGAC-2","female","EN-fetal-late",-5.43943023849815,0.917645204631753,-3.52222896454799,3.15576608689659
"CGTATTGCAACCTAAT-2","female","EN-fetal-late",7.70925187896401,-0.214415390224986,4.92517995001805,1.9873203805291
"CGTATTGCAGGCAAGC-2","female","EN-fetal-late",10.3801274282804,-7.78221710416847,1.72569417120945,6.86597402604454
"CGTCATTGTCCTTCTC-2","female","IN-fetal",-3.95519995857566,6.84026853349633,4.09680818678868,-2.81994168249733
"CGTCATTGTGGTTATG-2","female","EN-fetal-late",-0.723292412055427,-3.34172256681495,3.59115122916233,-2.52478782621987
"CGTCCTAGTAAGCACC-2","female","EN-fetal-late",-4.44431781936973,-2.0045421907621,-1.12662495015133,7.08807714494102
"CGTCCTAGTCGACTAA-2","female","EN-fetal-late",-3.20851957966178,2.83786432054467,-1.9368994319247,-3.17363039938576
"CGTCCTAGTTATCGAG-2","female","EN-fetal-late",4.77306318114907,-2.46709259244972,2.35241948725712,2.85138209374779
"CGTGACATCCAGGTCA-2","female","IN-fetal",3.86866473983437,-5.23851116392189,0.107635906953929,-4.49552099196083
"CGTGAGGAGACAAGTG-2","female","EN-fetal-late",0.125342009769982,-4.49302347394996,-1.54068172810543,4.631084995588
"CGTGAGGAGATAGACG-2","female","EN-fetal-late",6.75353479217202,0.558822404412694,3.2584643280698,0.766984122117689
"CGTGAGGAGCATGACT-2","female","EN-fetal-late",-1.15206930209487,1.11203701403565,-1.09234274266231,-1.64821807829506
"CGTGAGGAGCTTTGTT-2","female","EN-fetal-late",4.91034078429849,-1.07843180391365,2.4697909271909,2.39211304696434
"CGTGAGGAGGTTAGCT-2","female","EN-fetal-late",-3.45475149322837,-2.87486370298439,-1.10052038071621,5.10699089082115
"CGTGCACAGGCACAGG-2","female","EN-fetal-late",-0.930752875102454,2.06888810899682,-0.656871923189045,-2.14760629622109
"CGTGCACAGTAACGAG-2","female","EN-fetal-late",-1.50269837845653,1.25600160267777,-1.64777184365261,-2.04407469717629
"CGTGCACAGTTAACCA-2","female","EN-fetal-late",3.09310531448037,2.20362071302361,1.41374789835942,-0.419456643740007
"CGTGCTGCACTCAACA-2","female","RG",-2.25495577026694,-6.28693111631446,-5.91097594140041,3.61936100037926
"CGTGCTGCATGTTGTG-2","female","EN-fetal-late",6.89433717559487,-1.72812684270912,4.7559704697324,2.57058318169945
"CGTGCTTTCAGCAAAG-2","female","EN-fetal-late",7.0754618627897,0.786427456705041,4.27352499129307,1.12478776486748
"CGTGCTTTCGCAGGCT-2","female","EN-fetal-late",-0.630232335818702,2.01950887945122,0.464495218415378,-1.9091777035392
"CGTGCTTTCGTTAGTA-2","female","EN-fetal-late",-6.60528946091025,1.86346952226586,-3.74671173928249,-2.64120666472084
"CGTGGTTCAAATTGCT-2","female","IN-fetal",-4.66873789001792,7.28134290483422,4.15687250258458,-2.96921483961708
"CGTGGTTCAACCTGGT-2","female","EN-fetal-late",-4.29730940033286,2.88647476938195,-3.30440140603054,-3.03305808989174
"CGTGGTTCAATCCTGA-2","female","EN-fetal-late",-3.78933692146629,2.26338867452569,-2.24647594330776,-2.95605556456215
"CGTGGTTCACTTGTTC-2","female","EN-fetal-late",0.221356986271447,-0.331361610622936,-0.415163048486592,-0.488562984148332
"CGTGGTTCAGAAACGT-2","female","EN-fetal-late",0.50971281360299,5.8651460817141,0.442598189283727,7.30834825547569
"CGTGGTTCATAAGTCT-2","female","EN-fetal-late",-4.207030536426,2.50394562986321,0.426465063412307,-1.39119188276894
"CGTGGTTCATAATCCG-2","female","EN-fetal-late",0.508305071102685,2.67406288888878,0.330078258235572,-2.22813693968422
"CGTGTGTCACTTACAG-2","female","EN-fetal-late",-1.22485631872504,2.85106317308373,-0.687917598466755,-2.61064998594887
"CGTGTTACAAGGTGCA-2","female","IN-fetal",-3.36815226246207,7.90431634691185,5.33619593741429,-3.56816141096718
"CGTGTTACAATAGTCT-2","female","EN-fetal-late",-1.50962453503698,1.82419596221871,-1.33840216038692,-1.36442069498665
"CGTTAAATCATGAGCT-2","female","IN-fetal",-0.267960311664039,-8.78036030027442,3.94358204962742,-6.87303773848183
"CGTTAAATCCTAATAG-2","female","EN-fetal-late",0.916545866238183,-3.996007520886,1.67059098841679,-0.256133241335222
"CGTTAACAGGCTAGAA-2","female","EN-fetal-late",-0.412385703814918,0.717389602033562,-3.56117535469997,-2.04898898092873
"CGTTAACAGGGCTTTG-2","female","IN-fetal",-3.83740520645469,7.17056886461205,4.24737309577,-2.62052385298378
"CGTTAACAGGTTAGAG-2","female","EN-fetal-late",7.25239801238686,0.706653769878812,5.09382056357396,2.38502295525902
"CGTTAACAGTTTCCTG-2","female","EN-fetal-late",2.95579337905557,-1.19660480711036,1.27042644383442,1.2724434903466
"CGTTAGGTCTAGCTTT-2","female","EN-fetal-late",-2.21978902984946,0.976484920648999,-2.24279046891201,-1.79354838816292
"CGTTAGGTCTCACACC-2","female","EN-fetal-late",-3.14041650463431,1.73405705001778,-2.47735691903103,-1.9989518353141
"CGTTAGGTCTTTAAGG-2","female","EN-fetal-late",-2.48092067409843,0.980020593671269,-2.48131228325832,-1.41817752806313
"CGTTAGTAGAAGGTGC-2","female","IN-fetal",-4.72993469406455,6.0799488237185,3.77710055472386,-2.78191916433937
"CGTTAGTAGCTTCTCA-2","female","EN-fetal-late",-6.41851043869346,1.95967177656121,-4.73953009484279,-2.60121123282082
"CGTTATCGTCCAAGAC-2","female","EN-fetal-late",0.478580950008935,-4.84767063352638,0.73650696041119,0.931574659665754
"CGTTGCAAGGCTGTCA-2","female","IN-fetal",-5.5114226358065,8.36528054979271,4.12480353476536,-4.9543289372123
"CGTTGCAAGGTAACGA-2","female","EN-fetal-late",3.53942680190713,-4.26664980146461,0.176350361724018,-4.46752063719399
"CGTTGCGCAAAGGTAC-2","female","EN-fetal-late",3.58411454986245,2.52262965944237,2.28509317996037,0.0667643568121702
"CGTTGCGCAATGCCTA-2","female","EN-fetal-late",5.19680452178628,-2.81041796896034,2.56465672614109,2.85857875855797
"CGTTGCGCAGGTTAAA-2","female","EN-fetal-late",0.313231466518945,5.81019298341698,-0.343029388170124,6.8403545192086
"CGTTGCGCATACCCGG-2","female","EN-fetal-late",3.0739741308561,-0.643069226475292,1.21969657303822,0.973484831174544
"CGTTGCGCATCATGGC-2","female","EN-fetal-late",2.97243642638833,-0.161399800510936,0.944701067228435,0.546159642060927
"CGTTGCGCATGAATCT-2","female","EN-fetal-late",10.2447838766447,-7.80533989164405,1.50749658705723,6.58996542008751
"CGTTTCTCAATTGACT-2","female","EN-fetal-late",5.57463311980874,-1.36737640592628,3.09549616934788,2.44821270020836
"CGTTTGGAGCATCCAG-2","female","EN-fetal-late",0.669189928280419,1.8473751952929,0.336368649323104,-2.03654877630837
"CGTTTGGAGCCTGTGA-2","female","EN-fetal-late",-6.27408981491416,-3.27924783918434,-0.177921541910054,8.01410491975181
"CGTTTGGAGGCCTAAT-2","female","Microglia",10.7980732900968,15.6386412790102,-3.61843539116848,3.17362149270408
"CGTTTGGAGTTAGCCG-2","female","EN-fetal-late",-4.72905969787925,2.23368279245324,-3.01362014649379,-2.71011249510414
"CTAAAGCTCCTCACTA-2","female","EN-fetal-late",-3.55819082428306,1.22377143409676,-2.58142352936733,-1.53232089964516
"CTAAAGCTCGTTTCGC-2","female","EN-fetal-late",-3.28479266334861,1.08885170128769,-2.08432436821926,-1.61087028471596
"CTAAATGTCACCTGTC-2","female","EN-fetal-late",-4.00868582893699,1.65578500535912,-3.73433209298122,-2.73075644461281
"CTAAATGTCTGCAAAC-2","female","EN-fetal-late",0.255333898769921,1.21182088163323,-2.00348640320766,-1.25405041662819
"CTAAATGTCTGCAAGT-2","female","EN-fetal-late",-0.310193421138221,-5.35311086866432,-1.30167425511348,-1.8330537506736
"CTAACCCTCACCGGTA-2","female","EN-fetal-late",-0.026659609569007,-0.12962325307899,-0.877074488382222,-1.24384920088417
"CTAACCCTCATAACGC-2","female","EN-fetal-late",-8.18817711044639,1.87968019750542,-5.54434729454982,-2.02464930502541
"CTAACCCTCATGGCCA-2","female","EN-fetal-late",-3.05243218113273,1.47354159858651,-1.95962692139614,-1.46627275435097
"CTAACCCTCGAGCAAA-2","female","IN-fetal",3.59798288177163,-5.15082224103981,0.265434957165836,-4.77376691786415
"CTAACCCTCGCAAACT-2","female","EN-fetal-late",-6.31890773941367,1.6161922624392,-3.84641123650539,-2.54532472578652
"CTAACCCTCGTTACAA-2","female","IN-fetal",-5.60163116623252,7.50834647920556,4.17281316878331,-4.20229570356972
"CTAACCTGTAACGAGG-2","female","EN-fetal-late",-7.54315710235923,1.94667033460564,-4.61350680230129,-2.15957228628761
"CTAACCTGTTAAATGC-2","female","EN-fetal-late",1.32589387725503,1.16974161174721,0.637139163036464,-1.59163538900978
"CTAAGGTTCAAGCTTA-2","female","EN-fetal-late",4.52093362640054,-1.06010874006324,3.13112377287876,-7.53367511717446
"CTAAGGTTCAATCTCT-2","female","IN-fetal",-4.94624543358176,5.85273067262597,3.30337475897801,-2.70920555082924
"CTAAGGTTCCCTGGTT-2","female","EN-fetal-late",-2.81909740139335,0.809501308767266,-2.66864324448574,-1.5499978491462
"CTAAGGTTCCTAGTTT-2","female","EN-fetal-late",10.1660704595915,-7.26290138456398,1.68181490065586,6.63177164109581
"CTAAGGTTCCTCGATC-2","female","IN-fetal",-4.55880308319419,6.34495298173851,3.00512146117222,-2.80557386366493
"CTAAGGTTCTGTAAGC-2","female","EN-fetal-late",6.86246442626626,0.872203483997054,4.15681838156712,1.84900005372398
"CTAAGTCAGACAGGCG-2","female","IN-fetal",-5.3969993608126,8.07579652574486,4.72284125449192,-4.00822059599526
"CTAAGTCAGGCATGTT-2","female","EN-fetal-late",7.84043741058022,-0.987317282887035,1.26304935576451,1.87049432309501
"CTAATAGTCACCAATA-2","female","IN-fetal",-5.57894659210532,7.57183686998314,3.64223169447911,-4.28282396284706
"CTAATAGTCAGGCTAT-2","female","EN-fetal-late",-2.26939696241706,0.584823649196095,-1.41399718163479,-0.723865074793169
"CTAATCCGTTGCTGGG-2","female","EN-fetal-late",0.23561978171975,-4.23298176023536,-1.62467146752346,4.79911668809288
"CTAATCCGTTGTTGTC-2","female","EN-fetal-late",3.18577766250283,-0.11595000717216,1.44111525179875,1.54995425256126
"CTAATCTTCACACAGT-2","female","EN-fetal-late",1.15669464896829,2.07181147840447,-0.497555383424641,0.0156593567334921
"CTAATCTTCATGCCTC-2","female","EN-fetal-late",-1.0265889184603,2.06957034376091,-0.134979971628071,-1.53687517134316
"CTAATCTTCTCGCCTG-2","female","EN-fetal-late",10.435042856442,-7.19868572446876,2.02435731055271,6.87639673264854
"CTAATTGAGCATTATG-2","female","EN-fetal-late",3.69567632506997,-1.50539859029823,1.91393899085057,2.42202861817711
"CTAATTGAGCCACATG-2","female","EN-fetal-late",-0.602597178710395,-0.167408783169322,-1.26989031670559,-0.936928076425859
"CTAATTGAGGGTGAAC-2","female","EN-fetal-late",6.57005452941567,-0.383510191174083,3.32322620512974,1.44502730878227
"CTACCGGCAACCTGGT-2","female","EN-fetal-late",5.11359739135415,-2.26932199689918,2.55146407248509,2.41343839677208
"CTACCGGCAGTTAAAG-2","female","EN-fetal-late",-3.14256501365989,1.11970303562111,-1.38569427369106,-1.9352630802787
"CTACCTCAGCCTCTCG-2","female","EN-fetal-late",4.90596198867471,-0.993666012020641,2.7261214173032,2.45743544610374
"CTACCTCAGCTTTGTT-2","female","EN-fetal-late",7.33408307861001,-1.41457279417091,4.65574025275242,2.29062588723533
"CTACCTCAGGACCTTG-2","female","EN-fetal-late",-2.94160020519584,5.65709249284691,-0.814095028619648,-0.560275537649462
"CTACCTCAGTATGTGC-2","female","EN-fetal-late",-1.66339135338157,1.81945041921563,-0.217651375512959,-1.86676101175911
"CTACCTCAGTGAGGGT-2","female","EN-fetal-late",7.71216821502358,0.45858515408463,5.05281876685154,2.2902327349984
"CTACGAAGTACCGAAC-2","female","EN-fetal-late",5.82007503341348,-0.015250880451732,3.6898779785825,1.29589994462364
"CTACGAAGTAGGTGTC-2","female","EN-fetal-late",-0.473177196277076,-3.69655378553443,3.58618950011265,-3.66611306158669
"CTACGAAGTTAAATGC-2","female","EN-fetal-late",10.1199097616544,-7.71303756925636,1.68263565661442,6.91154344590538
"CTACGAAGTTTGGCTT-2","female","IN-fetal",-1.99674546886771,-15.8708601782041,4.16765498282444,-2.88027374235756
"CTACTAAAGCATCCAG-2","female","EN-fetal-late",4.56222486327798,-1.66928513738685,1.83327316405308,2.44893057855003
"CTACTAAAGCCACAAT-2","female","EN-fetal-late",-0.548295559180671,-0.103681106300884,-1.06271029351223,-0.882008237520525
"CTACTAAAGCCTGTGA-2","female","OPC",-13.8993573205599,-11.631550867291,-6.26885891793239,2.94166763337486
"CTACTAAAGTCAATCA-2","female","EN-fetal-late",-7.91485452820151,2.18562726285881,-5.85743761895168,-1.87809006659157
"CTACTAAAGTTATGTG-2","female","EN-fetal-late",-0.118268491519385,5.53581802156395,-0.489437826852681,6.45221384080284
"CTACTTAGTCCTAATC-2","female","EN-fetal-late",0.346057413326806,-4.42714508268409,-1.13959909317958,-0.101171461621591
"CTAGATTCACTGACTA-2","female","EN-fetal-late",2.10533785651833,1.52146647479958,0.620803601164936,-1.49958412138588
"CTAGCGGGTCATGCCC-2","female","EN-fetal-late",-6.74893570114463,1.69221929815239,-4.81873799202907,-2.11621777502663
"CTAGCGGGTCCTTCTC-2","female","EN-fetal-late",-2.87504887749046,1.12880502250618,-2.14649368165004,-1.52824298826821
"CTAGCGGGTGAGAAAC-2","female","EN-fetal-late",1.10088801215798,-0.723860819073253,0.464540283252119,0.0313828683101446
"CTAGCTGAGAGAGCCG-2","female","EN-fetal-late",-5.11836552788108,1.89905850198693,-4.04465008614528,-2.66189591375954
"CTAGCTGAGTCATGCG-2","female","EN-fetal-late",-3.21137595344871,1.19511623290009,-1.84811545250881,-1.72355536905892
"CTAGCTTGTATTCGTC-2","female","EN-fetal-late",4.30601310561807,1.09084902313179,2.01836561324131,0.30343248160713
"CTAGGACGTACCGTTT-2","female","RG",-1.20688086916297,-6.37867029401832,-6.11511326668727,3.78994806321495
"CTAGGACGTCGACTCC-2","female","IN-fetal",-0.212929488910133,-9.22516830656105,3.23673533560765,-7.3732799717582
"CTAGGACGTTAGAGCC-2","female","EN-fetal-late",2.48884749244363,2.35263983514733,1.14211957814228,-0.549958510080644
"CTAGGCGGTGTTTGTC-2","female","EN-fetal-late",-0.835266353381568,-5.65577848646217,0.942201904077648,-0.810982329527208
"CTAGTAATCACCTGCT-2","female","IN-fetal",0.494743107067651,-8.75391681882911,0.598900220413326,-7.45852319685585
"CTAGTAATCACGCCAA-2","female","EN-fetal-late",10.2004351599088,-7.7999363729673,1.66552602412236,6.70320756944053
"CTAGTAATCCAGGTTG-2","female","EN-fetal-late",0.489998934971398,-4.48585088941627,-1.40601492760646,5.00772007020347
"CTAGTAATCGAGCTAT-2","female","EN-fetal-late",-0.840122343791419,0.780547894356913,-1.00756455300319,-1.16351692167885
"CTAGTAATCGCTATGG-2","female","EN-fetal-late",-8.08561754394858,1.71947787311501,-5.24775076745021,-1.7038816639579
"CTAGTAGGTAACGTGC-2","female","EN-fetal-late",-0.802204908622199,2.51455489900536,-0.36829126713741,-2.64167897192604
"CTAGTAGGTACTGATG-2","female","EN-fetal-late",3.77166318725259,0.837866472481891,2.09803473116886,0.963511126359633
"CTAGTAGGTTAACAGT-2","female","EN-fetal-late",-1.87804263998359,0.676786821155019,-2.12174607155788,-1.31268934694893
"CTAGTAGGTTTGGTTC-2","female","EN-fetal-late",5.14557027648599,1.13749019411034,3.65647553565037,0.918997960408858
"CTAGTAGGTTTGTTGC-2","female","EN-fetal-late",-0.145154358638221,-4.68053301069313,-0.546126850824238,-0.211707306782076
"CTAGTCGAGAATCTCA-2","female","IN-fetal",-0.740677954448157,-9.39341648313575,3.62191580893528,-7.20681039778359
"CTAGTCGAGTAACTCA-2","female","EN-fetal-late",-0.0704002397188483,5.61083547380394,-0.39329434273708,6.35562665971153
"CTAGTTGCAAATGCCC-2","female","EN-fetal-late",-0.465739013446265,-3.64108093473487,-1.93532610772121,-2.65161840407021
"CTATAACCAAATTCGT-2","female","EN-fetal-late",-1.87905714083999,2.27797774579949,-1.98207975266445,-1.71951190916664
"CTATGACAGGACGTAA-2","female","EN-fetal-late",-0.642233492625648,5.19886771943993,0.884755901117443,-0.0450407841599673
"CTATGAGGTACGGTAC-2","female","IN-fetal",2.84159040282876,-7.35607250425392,0.132521054763912,-6.14667455641396
"CTATGATCAAATACCT-2","female","EN-fetal-late",-13.8342137353548,-11.7096386739927,2.75108288886082,-7.36691467253334
"CTATGATCAATAATCC-2","female","EN-fetal-late",-5.92368459869712,2.40328494813866,-4.54539395211208,-2.62191907850868
"CTATGATCACACCAAC-2","female","EN-fetal-late",6.71252488921792,-1.01250644418769,4.46181582571995,1.31411917718284
"CTATGATCAGGCTTGT-2","female","EN-fetal-late",7.14119291137368,0.818653972638912,4.35727476241124,1.1680426171624
"CTATGATCAGGGAGGA-2","female","IN-fetal",-4.56205630470603,6.56610528734154,3.64538120390904,-2.75294415442116
"CTATGATCATGTGGGA-2","female","EN-fetal-late",-0.175845743907386,6.02801458146996,-0.847059973459126,7.11853893311851
"CTATGGCCAGGCCATT-2","female","EN-fetal-late",-1.45953689148254,2.85186712053246,-2.33457566140163,0.0897388367556841
"CTATGGCCAGGCTTGT-2","female","EN-fetal-late",2.29226040671975,-1.23403151723915,1.12785606743824,1.25563462289207
"CTATGTTTCACTCAAA-2","female","EN-fetal-late",6.25522661040933,-0.723262626858287,3.30445074202549,1.83438857110374
"CTATGTTTCAGGCCTA-2","female","EN-fetal-late",-0.0341497676500617,-3.86751659605079,-0.0122548425005688,0.1947880333864
"CTATGTTTCATGCATA-2","female","EN-fetal-late",-0.403985025180274,-3.51499660703712,0.656436613817333,-3.89601318327553
"CTATGTTTCCCTCGCA-2","female","EN-fetal-late",4.97330999206216,-1.05833192560249,3.65664099814427,2.48370440514915
"CTATGTTTCGTTAGTA-2","female","EN-fetal-late",-1.5360002758035,2.53398803976006,-1.37594474194515,-2.63316981283791
"CTATGTTTCGTTTCGC-2","female","EN-fetal-late",6.14473199676186,-2.6141064951139,3.61832713248265,2.92554719956749
"CTATTACTCGCTCACT-2","female","EN-fetal-late",-1.57580891419738,1.44280324485726,-1.9220662200259,-1.89258400885231
"CTATTCAGTATTCGTC-2","female","EN-fetal-late",0.265767215000695,-4.29738481733375,-0.299887844304921,-0.848856670538256
"CTATTCAGTCGTTACT-2","female","EN-fetal-late",-4.22907996345847,1.98473576810784,-3.43819523690212,-2.70081798521645
"CTATTGAAGAGAGGAG-2","female","Astrocytes",-2.33515292574256,-6.3107457945066,-5.54265833733547,3.36542661698692
"CTATTGAAGCCTGTTC-2","female","EN-fetal-late",-5.6074371354708,-2.54756077024513,-1.24535549519527,8.10498865159385
"CTCAATAAGGATTGCT-2","female","EN-fetal-late",-2.91756904293388,-3.41151674482399,-0.762720593194844,4.84691150697105
"CTCAATAAGGTGAGAC-2","female","EN-fetal-late",6.66868352721841,-2.35413630697303,3.07642125250828,3.03360136063927
"CTCAATAAGTTTGGTA-2","female","IN-fetal",-2.84949875046104,7.38112060335106,5.06126355292332,-2.97122685400612
"CTCACAACAGGAACAT-2","female","EN-fetal-late",-3.85363078285545,0.613676708011098,-2.86079932091701,-2.21789495436318
"CTCACACTCCAACTGG-2","female","EN-fetal-late",5.31461143325478,-0.153676886292033,2.66910456778538,0.545180397351912
"CTCACACTCGGCTAGC-2","female","IN-fetal",3.76518201659829,-6.13813455793434,0.309131912012218,-5.54890815703041
"CTCACACTCTATTGTC-2","female","EN-fetal-late",0.238481162296838,0.919290382234521,0.173972583432315,-1.14310185400612
"CTCACACTCTCACTCA-2","female","EN-fetal-late",-5.11440944839805,1.94445375707573,-2.93614459870327,-2.55989782301552
"CTCACTCAGCACTTGG-2","female","EN-fetal-late",-1.52332756091445,0.663587909011311,-1.47036100266445,-1.41797201124794
"CTCACTCAGCGCTAAT-2","female","IN-fetal",-4.15349602867454,6.92102424409813,3.59753393294346,-2.79021040884621
"CTCAGGATCTGCAAAC-2","female","EN-fetal-late",5.42551231216103,-2.06624706480079,2.45619010092747,2.90685017617576
"CTCAGGATCTGGCATG-2","female","EN-fetal-late",3.61126565765054,-5.03370578977638,-2.76129580376613,-2.59178606955177
"CTCATCATCCGCAACA-2","female","EN-fetal-late",-4.36906528641074,-2.17504628393226,-1.74487639306057,5.61912067445152
"CTCATCATCGTCAAGT-2","female","EN-fetal-late",-5.7087144868502,-3.83718307706886,-0.0267829978274121,7.97575958283775
"CTCATGACAAAGCTAA-2","female","EN-fetal-late",-0.157210947764808,-3.67376144620948,4.89437579276097,-2.64375941244728
"CTCATGACAACTAGAA-2","female","EN-fetal-late",-1.58258764613956,0.79722455125875,1.84147893549931,6.38877971680992
"CTCATGACAATTGCGC-2","female","RG",-1.50696385820001,-6.1428933927732,-5.85649968026149,3.43236215623253
"CTCATGACAGTAGCCT-2","female","EN-fetal-late",10.4697594625822,-7.53985794279151,1.70490574004185,7.00881393464439
"CTCATGCTCCTCATGC-2","female","EN-fetal-late",-1.73394885827392,0.961730059055752,-1.06884313462246,-1.23566727129585
"CTCATGCTCGGCCAGT-2","female","EN-fetal-late",5.4075455648771,-1.84167655202919,2.5514068520261,2.36332448037498
"CTCATGCTCTTAGGGT-2","female","EN-fetal-late",-4.95880079437583,2.02683309820122,-1.45130456326473,1.8509267142617
"CTCATTAGTTGCACAA-2","female","EN-fetal-late",-3.42794776131004,-2.87080128881507,-0.910158284883381,5.12353904755943
"CTCATTAGTTGGTTCT-2","female","EN-fetal-late",5.98813962768227,-1.4886456320005,3.20186876418125,2.24898489030235
"CTCATTAGTTGTTCAC-2","female","EN-fetal-late",5.3089332563749,-2.70751841756874,2.38931452395451,2.59687765153282
"CTCATTAGTTTGGGCG-2","female","EN-fetal-late",0.1504996998182,-0.0133539626317551,-0.265787550191761,-0.0572405585444659
"CTCATTGTCATGCCTC-2","female","EN-fetal-late",1.60795211623818,1.87692562845177,0.902719072122692,-1.44826333014137
"CTCATTGTCCTGAATA-2","female","EN-fetal-late",-2.6423412578234,-2.16863401624733,2.18376134993565,2.31353505166405
"CTCATTGTCTCAATGA-2","female","EN-fetal-late",-7.97117614914268,2.00244919565148,-5.17801619408596,-3.24786989180214
"CTCATTGTCTGGCAAT-2","female","EN-fetal-late",-0.0499262826570808,-4.48312433454567,1.6119617140485,5.9157505801522
"CTCATTTAGGCTGTCA-2","female","EN-fetal-late",9.74156617950112,-7.69101722929054,-5.37155199883449,-1.99635474173195
"CTCATTTAGGGACCTC-2","female","EN-fetal-late",-13.7989249246249,-11.7532301733213,-1.86596275208461,5.43612487824791
"CTCATTTAGTAAGTCC-2","female","EN-fetal-late",0.419253705250329,-4.70617063734108,-2.16547132370937,-0.397407097498247
"CTCATTTAGTCGCTAG-2","female","EN-fetal-late",-3.6243524568209,-3.07857545110755,-1.54693771241176,4.81404073747032
"CTCATTTAGTGAACGA-2","female","EN-fetal-late",-2.80071413685172,1.68092105892128,-2.33292771218288,-1.56815795389778
"CTCATTTAGTGTGATC-2","female","EN-fetal-late",-6.6140232102999,2.47960380819268,-4.89251757500637,-2.14545933691628
"CTCCAAACACCCACAG-2","female","EN-fetal-late",5.81670999358804,-1.8241005727964,3.56130766036045,2.94614656480186
"CTCCAAACACGGTTTA-2","female","EN-fetal-late",-7.97345400024741,2.00061098840661,-4.97898913262355,-2.04481212584145
"CTCCAACTCCGGGACT-2","female","EN-fetal-late",6.77870797942788,-0.710604030819469,4.71847390295994,1.9187556079232
"CTCCAACTCTAGCGTG-2","female","EN-fetal-late",-2.94572651554435,2.12232832220025,-1.65617371438015,-2.22693888632424
"CTCCATCAGACTATTG-2","female","OPC",-13.9218173043856,-11.6501255819517,-5.97768879769313,2.90497143777244
"CTCCATCAGCATGCAT-2","female","EN-fetal-late",3.15726280044228,13.3864440133852,-4.1069707953738,6.18936689408653
"CTCCATCAGCTAAAGG-2","female","EN-fetal-late",2.16425037215859,-1.20225461217933,1.04629629017842,0.750296132882765
"CTCCCTGAGCACAGAA-2","female","EN-fetal-late",-6.26350403000205,2.12486390378899,-5.01109457848537,-1.88518969504006
"CTCCCTGAGCTCGCTT-2","female","EN-fetal-late",0.00975870917946708,-4.20872648450904,0.62786314548981,-1.72449140040047
"CTCCCTGAGTCACCTC-2","female","EN-fetal-late",-7.55055952240317,2.33918837812371,-5.09879923699367,-1.95646254507668
"CTCCCTGAGTTAGCTA-2","female","EN-fetal-late",2.57972144912392,1.64927379396386,1.17324852110875,-0.353303564468691
"CTCCGGACAGGTATTT-2","female","EN-fetal-late",-7.44919920135825,1.24158511665291,-5.38937712548244,-3.34559766737587
"CTCCTAATCCCTGGTT-2","female","EN-fetal-late",-0.796973408950263,-0.120137471886211,-1.22861219285,-1.15237097231514
"CTCCTAATCGAAGCGG-2","female","EN-fetal-late",-6.68168449570029,2.89767090585656,-3.35785246727932,-3.02600542990334
"CTCCTAATCGCTTGCT-2","female","EN-fetal-late",-6.09416008163779,-3.59300859663063,-1.1838317000674,8.26596363099449
"CTCCTAATCGTTACAA-2","female","EN-fetal-late",0.507247327076501,-4.64981086942726,-1.20233059761989,0.250145467241934
"CTCCTAATCTTACTCG-2","female","IN-fetal",-4.62334132362693,6.6491831949038,3.1616969025327,-3.10568396536476
"CTCCTAATCTTGAGCG-2","female","EN-fetal-late",1.84434795211465,1.33200071361489,0.555039099474071,-0.784256679693529
"CTCCTCACAGGGAGCT-2","female","EN-fetal-late",-3.08463335205405,2.02212337758965,-3.938098438959,-3.0325326153434
"CTCCTCACATAATGAG-2","female","EN-fetal-late",-5.04039120842307,1.88555483129448,-3.57481146691311,-2.49276034323342
"CTCCTGAGTACAATGT-2","female","IN-fetal",1.59995150397927,-8.5115776846128,0.500871091206192,-7.2822040745414
"CTCGACAAGAGGAGTC-2","female","EN-fetal-late",5.99106311629922,0.883248951105542,3.55537389876377,0.861435251554182
"CTCGACAAGGACGTAA-2","female","EN-fetal-late",-4.58911490608543,2.19383518007225,-3.61682463524807,-2.71595851866371
"CTCGACAAGGTCCTGA-2","female","EN-fetal-late",1.84901332687051,-0.15633680316978,0.149079999942897,-0.109630075970957
"CTCGACAAGTCCTTCA-2","female","EN-fetal-late",6.53879642318398,0.219944637088246,3.55018757941258,2.21736343415611
"CTCGACAAGTTAGCTA-2","female","EN-fetal-late",2.67932128738076,-5.35823782178932,-0.0343089782999768,-5.50977365461952
"CTCGCTAGTAATAGCT-2","female","EN-fetal-late",9.29566621612222,-6.88964517805152,4.25302862288487,1.28925033124321
"CTCGCTAGTACAAAGA-2","female","EN-fetal-late",2.15282010863931,1.86191491392083,1.24836330773365,-0.71200017420418
"CTCGCTAGTAGTTACG-2","female","EN-fetal-late",7.15601205657632,0.483404587773747,-0.343374260644795,0.675873892625502
"CTCGCTAGTCCTAGTT-2","female","EN-fetal-late",-4.96722603012412,2.56102124956078,-3.87391425011623,-3.10615293470986
"CTCGCTCCAACACCTA-2","female","EN-fetal-late",1.18747091125161,-0.744611580105357,0.448148327936052,0.0902823342584879
"CTCGCTCCAACCCTCC-2","female","EN-fetal-late",2.67433595489175,2.51446215417809,1.40840362669957,-0.731131119409868
"CTCGCTCCATAAGTCT-2","female","EN-fetal-late",-4.90478348900169,1.72096924093194,-2.39358545182216,-2.99635331122048
"CTCGTTATCCGTTAAA-2","female","EN-fetal-late",-0.0654858367571174,1.50372515228219,0.469171120841621,-1.17525248018868
"CTCGTTATCCTCACTA-2","female","EN-fetal-late",-0.329399348987037,-0.340572435589366,-0.667054780702473,-0.789318723360369
"CTCTAAGCAATTTGGT-2","female","EN-fetal-late",-6.20005607773154,1.08768288400597,0.879508457203029,-1.20032922712929
"CTCTAAGCATTAAACC-2","female","EN-fetal-late",2.48376107047707,1.47231368329949,2.16393195750248,1.32546325238579
"CTCTAGCTCCAAACAC-2","female","EN-fetal-late",-4.10040688682883,2.61177889612145,-0.594973632078053,0.419560807069472
"CTCTAGCTCCCTCATA-2","female","EN-fetal-late",-3.50242877174705,-2.85293062421852,-0.996049770097615,5.00819452317589
"CTCTAGCTCGTAACGT-2","female","IN-fetal",-3.06274593044608,7.46224204805321,4.22327207686436,-2.73410670248635
"CTCTATGTCAGGGCCT-2","female","EN-fetal-late",1.80588888953835,0.190187852649159,0.628337926287769,-0.32686422554619
"CTCTATGTCCCTCATA-2","female","IN-fetal",-5.12234616447776,7.58212987688012,4.07712887885106,-3.747488183657
"CTCTCACAGTAACAGG-2","female","EN-fetal-late",-6.64145136047691,2.2507331779284,-4.87130928872097,-2.19419996229775
"CTCTCACAGTTTGGGT-2","female","EN-fetal-late",6.8960127813688,0.149133663443989,4.12636112334263,1.33174140961998
"CTCTGTTCAACACCTA-2","female","IN-fetal",-4.69080758262962,6.57383529451317,3.27522706152928,-3.13041035620339
"CTCTGTTCAATGCGCT-2","female","EN-fetal-late",-0.297996165049964,-0.378339607449107,-0.707223662118794,-0.720575852075884
"CTCTGTTCACTAAGCC-2","female","EN-fetal-late",-0.850039662612373,2.27848355081505,-0.981895335893513,-2.60981552092201
"CTCTGTTCATCGCTCC-2","female","EN-fetal-late",3.63027000259072,2.34085456636376,1.04384087683689,-0.176264865080187
"CTCTTGATCGCAATCG-2","female","EN-fetal-late",-0.27632975746482,-3.63943680021339,-1.77817774651516,0.649442391713789
"CTCTTGATCGGGACCT-2","female","EN-fetal-late",-0.30489957500785,-3.83494909498268,5.13047837378514,-2.89886633841164
"CTGAAACTCCCTGATC-2","female","EN-fetal-late",-2.52102220226615,3.06754986551232,-0.751634963731648,-2.75326554266579
"CTGAAACTCGAGCTAT-2","female","EN-fetal-late",-8.27801990677207,1.82210741546578,-5.64084483025539,-2.18773118940956
"CTGAAACTCGCAACAT-2","female","IN-fetal",-6.05403137375205,8.45642511156029,4.25030445220005,-5.15780250517494
"CTGAAACTCGTTATAG-2","female","EN-fetal-late",-6.07676315475791,-3.09203751775795,-0.496178337316395,8.50846870454185
"CTGAATATCCTAACGG-2","female","RG",-1.10642215777724,-6.46852262708717,-5.86239243386257,3.67967470200889
"CTGAATATCGGTTACG-2","female","EN-fetal-late",-6.07192754913657,-3.42272909376197,-0.710296639184834,8.63448627503746
"CTGACATAGATACTTG-2","female","IN-fetal",1.57538389991433,-8.39358242246681,1.00096040131581,-7.16419164625771
"CTGACCAAGGACTTAC-2","female","EN-fetal-late",5.74889993499429,-0.473907787533336,3.56150769354832,1.48680599244469
"CTGACCAAGGTGAAAT-2","female","EN-fetal-late",2.26928043197305,2.0708448102755,1.43496023776066,-0.398954195658037
"CTGACCAAGTCACGAT-2","female","IN-fetal",-0.23582101036399,-8.89917000028663,3.77033757330906,-6.75782815901406
"CTGATCACAAACAACA-2","female","EN-fetal-late",-6.99668026138633,0.598829861549802,-4.63411522744167,-1.91972963301308
"CTGATCACACATACTG-2","female","EN-fetal-late",-4.09536838699668,2.87969462182946,-2.61881757615078,-2.99596993414528
"CTGATCACATAATGTC-2","female","IN-fetal",-3.16394508053153,7.4988278558535,4.18706487776768,-3.20827547995217
"CTGATCACATTGTGCA-2","female","EN-fetal-late",8.92669057677895,-7.35683162900978,-1.32176185486782,-1.70410172430641
"CTGCAATAGATGGAGC-2","female","EN-fetal-late",0.916122196423119,1.30472240951485,0.130327752847789,-0.861514551321337
"CTGCTACTCATTATGG-2","female","IN-fetal",-0.137854577792579,-8.98557766172462,3.23075865866673,-6.84848396269448
"CTGCTACTCCGCATGA-2","female","IN-fetal",-4.66115069557517,7.07171432283349,3.99416326643956,-2.81812493292458
"CTGCTACTCCTAAGGT-2","female","IN-fetal",-3.69567775894492,8.32635728624291,4.99644993903172,-2.80655042616493
"CTGCTACTCGAGGAGT-2","female","EN-fetal-late",0.134448288189477,2.65474776533074,0.0634581065369831,-2.19358007399208
"CTGCTACTCTAAGGAG-2","female","EN-fetal-late",3.23773479293496,2.41967825200982,1.75629376532566,0.267151298245123
"CTGCTATGTTAGAGGG-2","female","EN-fetal-late",-0.788643600238258,0.332506459025807,-1.54689908860195,-1.05668525187142
"CTGCTCCCAGGATAAC-2","female","EN-fetal-late",2.74730443786294,13.7838343789858,-3.97652150032985,6.21265037568443
"CTGCTCCCAGGATTAA-2","female","IN-fetal",2.95633697341592,-5.88691385480934,0.308107986171363,-4.92052499739296
"CTGCTCCCATTAAGCT-2","female","EN-fetal-late",-0.355507375491553,-3.41545923444801,0.454103264082788,-4.01779930082924
"CTGGACCAGCCTGGTA-2","female","EN-fetal-late",-6.39037323166221,1.73505495098061,-4.10372782586086,-2.15553085295326
"CTGGACCAGGCTTAAC-2","female","EN-fetal-late",7.29370927642495,-1.60356815549903,4.12532090308201,1.93410487683647
"CTGGACCAGGTCGATT-2","female","EN-fetal-late",3.28465747665078,1.94764665868706,1.51813446642887,-0.485835535208055
"CTGGACCAGTCATGCG-2","female","EN-fetal-late",6.98563432525308,-0.628128487797313,4.46100806357396,1.90100009950035
"CTGGACCAGTTTGGGT-2","female","EN-fetal-late",4.99932861159951,1.13082547095246,-0.653871425371052,0.961759941896132
"CTGGATGTCACTAATG-2","female","IN-fetal",-5.399568559421,13.4826649835391,-5.24164105294216,3.17073853524559
"CTGGATGTCCTTGCGT-2","female","EN-fetal-late",-0.0512169616350471,-3.60612257215553,3.92422818305027,-5.49236623732216
"CTGGATGTCTTACTCG-2","female","EN-fetal-late",-5.66705703903525,2.4690883567614,-4.08108330605495,-2.25812355963356
"CTGGCTAAGACAAACG-2","female","EN-fetal-late",1.40528321098,0.579443555144734,0.147621384878276,-0.887389821688005
"CTGGCTTTCAATGTGC-2","female","EN-fetal-late",7.377446649777,0.163079481391377,4.41322945715916,1.59185143025749
"CTGGTAAGTATCTGGA-2","female","EN-fetal-late",-7.9228668229708,1.75007085111565,-5.93211174843776,-2.14236323324806
"CTGGTAAGTCACAGCG-2","female","EN-fetal-late",7.07988881896645,-1.56045110914283,3.14160465361607,1.90549655469292
"CTGGTAAGTCACTCGC-2","female","EN-fetal-late",-1.56122239847272,0.469352286128468,-1.38927389023769,-0.841133458296129
"CTGGTCAAGGAACCGG-2","female","EN-fetal-late",0.0551217777600945,-4.49947937223487,0.118513724823116,0.920543270429304
"CTGGTCAAGGACCGCT-2","female","EN-fetal-late",-1.2045806067118,1.73876331355996,-0.153320976476551,-1.7895260283149
"CTGGTCAAGTGACCTG-2","female","EN-fetal-late",2.26726794074685,1.51783029344506,-0.652418979387166,-0.134630007425615
"CTGGTTACAGAACCGA-2","female","EN-fetal-late",-0.160735131991798,-4.54893787595802,-2.2114048087405,-0.278369707742998
"CTGGTTACAGGCTGTT-2","female","EN-fetal-late",3.12620305846841,1.05480824020333,0.927375427503704,-0.856768650690386
"CTGGTTTGTGTTGCTT-2","female","EN-fetal-late",3.96070194076211,2.0484238078875,2.29961477877629,0.241306888183287
"CTGGTTTGTTTAACCC-2","female","EN-fetal-late",-2.97106099296897,2.05441526678032,-2.43722201226223,-2.56579486815102
"CTGGTTTGTTTGCGCC-2","female","EN-fetal-late",-7.58967685867637,2.1828962972445,-5.61460162041652,-1.75024656740792
"CTGTAACAGCGAGTAA-2","female","EN-fetal-late",-2.64268887211173,2.08884994295067,-0.559774347524525,-2.89181248633034
"CTGTAACAGGAAGTAT-2","female","EN-fetal-late",-2.77862322498649,1.59904883411355,-2.13001109002102,-2.68438426939614
"CTGTAACAGGGCTAAA-2","female","EN-fetal-late",3.75700855086953,-1.56683119031959,0.73640062572491,-7.10179798094399
"CTGTACCTCAGGATGA-2","female","EN-fetal-late",4.86119699309975,-3.0164137670713,-3.78751517174709,3.28282030137413
"CTGTACCTCCACCCTG-2","female","IN-fetal",2.83757543395669,-5.77911956998878,0.150275698919414,-5.1877011486686
"CTGTACCTCCTAATAG-2","female","IN-fetal",3.5418434126249,-6.71094282362037,0.371008406449674,-5.39128057448036
"CTGTACCTCGTGCTTC-2","female","EN-fetal-late",3.42292451690347,-0.943299491138988,1.97256075503361,1.17959769280784
"CTGTATTTCTCAATTC-2","female","EN-fetal-late",-3.92400956322044,-2.79315789434486,-1.65504504082668,5.16647251160972
"CTGTATTTCTTGACCC-2","female","IN-fetal",-5.70918464828818,8.524491231708,4.10066794516575,-4.67966167418129
"CTGTGTGAGGACCGCT-2","female","OPC",-14.0006318109164,-11.5910664388853,-6.25219584343898,2.94409449609154
"CTGTTAAAGAACCTGT-2","female","EN-fetal-late",-2.95814931560844,1.18632499483056,-2.7159853064822,-1.69139556376106
"CTGTTAAAGGGACTAA-2","female","EN-fetal-late",-2.06108093429893,0.929687257675595,-2.01981807587612,-1.55597476450569
"CTGTTAAAGGTTAGAG-2","female","EN-fetal-late",5.46318387817056,-0.433959800930553,4.42485236289036,-2.42169682470925
"CTGTTAAAGTTTGAGC-2","female","IN-fetal",3.92997598479897,-5.19290502759986,0.0228682971192585,-4.88662521330483
"CTGTTCATCCAAATCA-2","female","EN-fetal-late",-4.19642996956199,-2.41275032255226,-1.59589339135158,5.23321540864342
"CTGTTCATCGATTTGA-2","female","EN-fetal-late",2.78524875472695,-3.08097251150184,0.884507021923183,-1.27456144777901
"CTGTTCATCTTAGTCT-2","female","EN-fetal-late",7.27062558959634,-0.296774584980541,4.6391720688535,1.30723066838615
"CTGTTGGAGGCCTTAG-2","female","RG",-5.42567539383262,13.5141562631411,-4.93114186165798,3.32297094376915
"CTGTTGGAGGGCTTTG-2","female","EN-fetal-late",1.36781096290261,0.932465243904061,0.524565859754203,-1.50790671793587
"CTGTTTAGTAAACAAG-2","female","IN-fetal",-3.01771259476035,7.86863700654931,4.79409789206517,-3.03054468123085
"CTGTTTAGTCATCATC-2","female","EN-fetal-late",0.479755757557458,-4.71189983579689,-0.542745121698262,-1.24038509813912
"CTGTTTAGTCCTAATC-2","female","RG",-1.12301981617301,-6.30384977552467,-5.35518742440212,3.56293805154198
"CTTAACAAGAGGAGGA-2","female","EN-fetal-late",-0.110058666957313,-4.59147651884132,-1.2351902806567,-2.33359615294106
"CTTAACAAGCGATAAG-2","female","EN-fetal-late",7.4310240728727,0.380724679498143,4.94630049826634,2.1300867369973
"CTTAACAAGGATAAAC-2","female","EN-fetal-late",2.56463098357827,2.52926914003319,0.960503927488445,-1.21657721487648
"CTTAAGATCATCCTAT-2","female","EN-fetal-late",0.327931879269189,2.24283997323937,0.472092292327999,-1.76506595102913
"CTTAAGATCCACCTTA-2","female","IN-fetal",-5.79951715637534,-3.47804172727638,1.72192381979954,-7.35308401075966
"CTTAAGATCGAAGCGG-2","female","EN-fetal-late",-0.208154083980018,2.47359482553429,-0.656895884256245,-1.20671228853829
"CTTAAGGGTAGCTGCG-2","female","EN-fetal-late",-0.267874123347694,-4.22687729093605,-2.70923567650783,-1.73059920755989
"CTTAAGGGTGAAGCCT-2","female","EN-fetal-late",0.435187218891686,-4.64091690275245,-1.04717732308376,0.51216210635536
"CTTAAGGGTGCGCAAT-2","female","IN-fetal",2.92050361465127,-6.81183155271583,-0.0417140209482922,-5.94246761290199
"CTTAATGAGGCACAGG-2","female","IN-fetal",-0.299891354335242,-9.23645504209571,3.75677084090245,-7.51563684431679
"CTTACCGGTACGTTTC-2","female","EN-fetal-late",-6.19567966629356,1.20257459190316,-4.22588444588649,2.91099293740623
"CTTACCGGTCATAACG-2","female","IN-fetal",-0.535576464427405,-8.96867569181495,3.96753262640965,-6.5641488262809
"CTTACCTCACAGAAAC-2","female","EN-fetal-late",-8.03640842605918,2.17028276231713,-5.26507140038478,-3.25254313437111
"CTTACTAGTCATCAAG-2","female","IN-fetal",-0.0103034989961921,-8.69093616697364,3.54411434294712,-6.55078641859657
"CTTACTAGTGCCGCAA-2","female","IN-fetal",-6.129717828525,8.52126065996117,3.93465732695591,-5.50888196913368
"CTTACTAGTTCACCCA-2","female","EN-fetal-late",-2.16959136892646,1.08295030501313,-1.36893154023159,-1.72186009375221
"CTTAGGAGTGTCCAGG-2","female","EN-fetal-late",0.201912043797082,5.49408666398949,0.36880621971619,-1.48119775740273
"CTTAGGAGTTACAAAC-2","female","EN-fetal-late",3.64684295486123,0.474391113786168,1.64596842886937,1.63924809010856
"CTTAGGAGTTAGCTGA-2","female","OPC",-14.0980553643832,-11.4772234747129,-6.06115389702785,2.92705996545189
"CTTAGGAGTTCGCTCA-2","female","EN-fetal-late",-13.9441084878573,-11.5531102010923,0.12925621034634,-0.0777187475360125
"CTTAGTTTCAACAAGG-2","female","Pericytes",-1.95255062152236,-15.8297663519102,-3.66973305581081,3.09230716737144
"CTTAGTTTCATAACCA-2","female","EN-fetal-late",-0.832413019431525,4.84202949312157,-0.311538823823811,7.19586332352989
"CTTAGTTTCCTAATTC-2","female","IN-fetal",-3.06552636791556,7.93819610383934,5.26395892264378,-2.80097786871559
"CTTAGTTTCCTTAAGA-2","female","EN-fetal-late",3.6063399298063,1.54750571754403,1.93538271548283,0.618877964337996
"CTTAGTTTCGCGACAC-2","female","EN-fetal-late",-0.266066672099525,1.05249967780537,-1.35158635018337,-1.22476307837136
"CTTAGTTTCGGTCAAT-2","female","EN-fetal-late",3.06316137145669,0.900780562130875,1.14411073090565,-0.643645388761827
"CTTAGTTTCTTCAATC-2","female","EN-fetal-late",-4.31983184982627,2.22304240968651,-2.35796428559292,-2.40456168142922
"CTTATTGGTTCCGCAC-2","female","EN-fetal-late",10.3576474172941,-7.30119045469337,1.9519721186353,6.80011423142784
"CTTCAAGCAAGCGAGC-2","female","EN-fetal-late",4.46979713271767,0.0500752737802932,-0.755893000345112,-0.460579318682024
"CTTCAAGCAAGCGATG-2","female","EN-fetal-late",6.53773116897256,-2.51744373533302,3.15281581046116,2.51725585969322
"CTTCAAGCAATATACC-2","female","EN-fetal-late",5.75096463988931,0.443881403474278,3.48507641913426,0.906833725293806
"CTTCAAGCAATCCCTT-2","female","EN-fetal-late",-7.52360487152427,1.97155408170647,-5.30540037987697,-1.82960919825203
"CTTCAAGCACTAAATC-2","female","IN-fetal",3.67565154861123,-5.84265096876197,0.0695557213021503,-5.48375312773354
"CTTCAATTCATTTGCT-2","female","EN-fetal-late",1.22017001937539,2.61044995096154,0.699304810781597,-1.82213191477425
"CTTCAATTCGCAAACT-2","female","EN-fetal-late",-0.295556189311439,0.0894271543306777,-1.32851959107387,-0.972533626238176
"CTTCAATTCGCAACAT-2","female","EN-fetal-late",7.8274674398771,-0.778311807842784,4.89850520255101,2.62559254678123
"CTTCAATTCGCTAGAT-2","female","EN-fetal-late",9.68011808227212,-6.93462904188209,1.76882945658696,6.50386531861656
"CTTCACTCAGCTTACA-2","female","EN-fetal-late",0.225115893589562,-4.04970081541114,-0.248122700433613,1.23313315423363
"CTTCACTCAGGTTACC-2","female","EN-fetal-late",0.111804722057885,0.710225011972851,-0.603087195138813,-1.3370136448539
"CTTCACTCATGCTATG-2","female","EN-fetal-late",-8.20537614990562,2.21115092542595,-4.99113083718288,-3.35214988676674
"CTTCAGGAGCTTAGTA-2","female","EN-fetal-late",3.50952958892495,-1.00758774969154,2.14736413123143,2.0880032351815
"CTTCATCCAACACTTG-2","female","EN-fetal-late",7.48231553863198,-0.600338299007945,3.89423035742771,1.85666938336723
"CTTCATCCAATTAGCT-2","female","EN-fetal-late",-1.49977882374614,1.13851193693108,-1.44618619320858,-1.38481025187142
"CTTCATCCATATTGAC-2","female","IN-fetal",2.14713716338784,-8.01019294950538,0.599901399631618,-7.38505641905434
"CTTCGCGTCAAACCTA-2","female","IN-fetal",-6.59231329132407,8.35299674776024,4.12127780081761,-5.11281625715859
"CTTCGCGTCCAAGTTA-2","female","EN-fetal-late",7.49232911895425,-1.46178658697181,4.65993212821019,2.51930411370628
"CTTCGCGTCCGCAAAT-2","female","EN-fetal-late",10.5966067297331,-7.06750829908424,1.13298743130696,1.78834970506065
"CTTCGCGTCTACCTAT-2","female","EN-fetal-late",6.85719728301675,-1.5559919664579,3.62885688902867,3.1475461295449
"CTTCGCGTCTTGACCC-2","female","EN-fetal-late",4.77700471709878,1.76670632865853,2.50489138724339,0.136705725697508
"CTTCGCGTCTTGCATT-2","female","EN-fetal-late",-4.81381201912254,2.78358320501275,-4.85801936028469,-1.92982093779213
"CTTCTAAGTCCCGGAA-2","female","IN-fetal",2.17758226226479,-8.062742311688,0.381473637242435,-6.94308368651039
"CTTCTAAGTTTCCGGC-2","female","EN-fetal-late",10.3254361135832,-7.53861053678566,1.59510945441258,6.90611179383629
"CTTCTAAGTTTCGCCA-2","female","EN-fetal-late",2.84386110137612,-2.5152934381681,0.517120434959053,-1.2281189390815
"CTTCTCAAGCTATTGA-2","female","EN-fetal-late",-1.61205724049895,1.69616566207833,-1.00288093922603,-2.63123456923134
"CTTCTCAAGGCTGTGC-2","female","EN-fetal-late",6.46703910659463,-0.89192863199287,3.52913831831944,1.99432607205742
"CTTCTCAAGGTAACGA-2","female","EN-fetal-late",3.61617469619424,1.3791938832087,1.36482541920674,-0.216896159330675
"CTTCTCAAGGTATTGC-2","female","EN-fetal-late",-2.35035073925346,1.61403660085625,-1.69344068406093,-2.36094610182411
"CTTCTCAAGGTGTCCA-2","female","EN-fetal-late",1.21547937225015,0.403807531861729,0.381627668683051,-0.300155801454851
"CTTGAACAGCTATATG-2","female","EN-fetal-late",10.4337849600187,-7.28487022611671,1.83563422324192,6.5386343768441
"CTTGAACAGGATTGCT-2","female","EN-fetal-late",-3.95178127456992,1.83001510408349,-2.74590779183376,-2.16498438803322
"CTTGAACAGTCTATGA-2","female","IN-fetal",-4.47259307075828,6.48377744462914,2.97495578886998,-2.76151005713112
"CTTGAATCATAGACCC-2","female","EN-fetal-late",0.320873854862756,5.83567611482567,0.407176517472236,7.05948503526085
"CTTGAATCATAGCTGC-2","female","EN-fetal-late",-3.40221715141624,2.40918759611077,-2.19322396157253,-3.03000728575356
"CTTGACGAGGAGCACG-2","female","EN-fetal-late",-7.82966232467979,1.60718141105599,-5.59748650429714,-2.12596671072609
"CTTGCAACAAACAACA-2","female","EN-fetal-late",3.95936584304482,-0.289104301662975,4.25695227744114,1.14726932557457
"CTTGCAACAACCCTAA-2","female","EN-fetal-late",5.23565387557656,-2.45910413953834,2.41085290076268,2.99700005563133
"CTTGCAACAATAGTCT-2","female","IN-fetal",-3.57847023178428,8.67925397661156,5.45222806097996,-3.24701444594032
"CTTGCAACATAAGTTC-2","female","IN-fetal",-4.23961901832908,8.405115525989,4.52878378989231,-4.24325267759926
"CTTGCGCGTCTCAGCC-2","female","EN-fetal-late",2.521658418881,0.224627595214314,1.02209090353978,0.155859157686761
"CTTGCGCGTTGTCCAT-2","female","EN-fetal-late",-1.7608992176184,0.517947118548817,-1.55996430752742,-0.800838751474687
"CTTGCTCAGGACAACA-2","female","EN-fetal-late",4.84659671615273,0.443351518182225,2.16264270903599,0.393092142661741
"CTTGCTCAGTGTTGTA-2","female","IN-fetal",-0.821865500701362,-8.76229484769874,3.54592727782261,-5.5693978497184
"CTTGGACCACCTCACC-2","female","IN-fetal",-6.23160267044395,7.849113862781,3.57383727194798,-4.61980096785195
"CTTGGACCAGCTTAGC-2","female","EN-fetal-late",2.85630130599648,0.500659566192097,1.87930404307377,0.553104894479445
"CTTGTAAAGCAAGGGT-2","female","EN-fetal-late",6.01432180236489,-0.544678528042369,4.85138892294896,2.72402508767479
"CTTGTAAAGCGAGCGA-2","female","EN-fetal-late",-0.273517014277869,5.70883695390648,-0.578897663335682,7.57981164964073
"CTTGTAAAGTAACCCG-2","female","EN-fetal-late",-5.92327547241538,-2.85938413831764,-1.22412145970333,8.32242877992027
"CTTGTAAAGTGTGATC-2","female","EN-fetal-late",10.289197443234,-6.99967821332984,2.22625278594029,7.02136714967125
"CTTGTCCAGCCTGTTC-2","female","IN-fetal",3.56387376617104,-5.45433910581642,0.204044899959682,-4.69793836561806
"CTTGTCCAGGATGATG-2","female","EN-fetal-late",-7.82994699646323,1.86757246759362,-5.56999684212673,-1.68245617834694
"CTTGTTCCATTATGCG-2","female","EN-fetal-late",0.0367228968015374,-4.30227144453102,0.0765904104901539,-4.47471658674843
"CTTGTTTAGGACGTAA-2","female","IN-fetal",-5.4988207833895,7.24223224428124,2.93780326010716,-3.22190181700356
"CTTGTTTAGTCAATTG-2","female","EN-fetal-late",-2.6878392713198,2.69689206388421,-1.3750771367358,-2.7526528069175
"CTTGTTTAGTGCTGTG-2","female","RG",-5.40808892418235,13.494609754352,-3.57896233437526,3.0893050006234
"CTTTAGGCAAAGGCCA-2","female","EN-fetal-late",-3.89281225372642,1.33000562694497,-2.71478987572658,-2.60691205946572
"CTTTAGGCAAGGCCAA-2","female","IN-fetal",-5.68214130569785,8.14778033998437,3.92416237952244,-4.73675386397011
"CTTTAGTTCCAGGTCA-2","female","IN-fetal",-13.9600501077303,-11.5211344549375,3.60467838408482,-6.86683027235634
"CTTTAGTTCCCTCATA-2","female","EN-fetal-late",-3.31378913093894,2.49695483949608,-1.60570383904445,-3.10815612761147
"CTTTAGTTCGCTCACT-2","female","EN-fetal-late",-8.13592243362754,2.01271514203972,-5.59813309548366,-2.70225421873696
"CTTTAGTTCTTAGTGA-2","female","IN-fetal",-4.67881941963523,8.86964694765038,4.51081418158543,-5.01866094557411
"CTTTATGGTTCCATTA-2","female","EN-fetal-late",2.0772449953428,-1.31712945196205,1.0949232495023,1.04785575183266
"CTTTATGGTTTAAAGC-2","female","EN-fetal-late",0.344606993900842,-4.10276134702735,-0.9053288781451,4.72529895814293
"CTTTCTTGTCAATACG-2","female","EN-fetal-late",3.95539188216836,0.733036119310326,2.31742452742588,0.587303387244871
"CTTTCTTGTCGACTAA-2","female","OPC",-13.8969340341219,-11.5697909185606,-6.23824549553859,2.93407495530479
"CTTTCTTGTTAATCGG-2","female","EN-fetal-late",-4.87359643150657,2.19949821737236,-3.77894879219997,-2.96823946920998
"CTTTCTTGTTTGCGAA-2","female","EN-fetal-late",-7.17329979111045,3.0635275056643,-5.47627592919338,-1.83715419260628
"CTTTGAGCAAGGTATA-2","female","EN-fetal-late",-8.2747259156832,1.47739950921959,-4.80394745705593,-3.20566312758095
"CTTTGAGCACACCAAC-2","female","EN-fetal-late",2.94392537902505,2.27458624151177,1.55701636435521,0.0333363285862714
"CTTTGGGAGAGAAGGG-2","female","EN-fetal-late",-6.25030994583457,-3.36224086973243,-1.01262975571621,8.26417739899986
"CTTTGGGAGTTTGCGG-2","female","EN-fetal-late",9.98833703826577,-7.94459636900001,1.51539718272221,7.13557060273521
"CTTTGGTGTGGTTCCC-2","female","EN-fetal-late",4.19437742065102,2.00305740144677,2.51059531332981,0.427613036950758
"GAAACCCGTATTCGTC-2","female","OPC",-13.9922833459505,-11.5116463491636,-6.16174746392238,3.22668774636619
"GAAACCCGTTGCGGAT-2","female","EN-fetal-late",6.27148914168984,-1.98464854452186,2.71818541647923,2.67810900719993
"GAAACTGAGTCATTAG-2","female","EN-fetal-late",10.3518538458219,-7.7040358373838,0.87292452814114,6.70426424058311
"GAAAGCCAGGAGGCAT-2","female","EN-fetal-late",-3.72554540802329,-2.16108496877723,-0.933152564744832,5.10843475373619
"GAAAGCCAGGCATGAA-2","female","EN-fetal-late",4.96227884124429,0.900050502089925,5.16110467078221,2.65831358941429
"GAAAGCCAGTGAGCAA-2","female","EN-fetal-late",-0.559655191195899,2.98705283906884,-0.265416630487324,-2.58146635977394
"GAAAGGCTCACATTGA-2","female","EN-fetal-late",3.70295810531289,1.91455868986077,1.21520166756642,-1.02858488051064
"GAACACAAGCACAGAA-2","female","EN-fetal-late",-8.34489345718711,1.67850927617974,-6.00577116845119,-1.74969534365303
"GAACACAAGTCAATTG-2","female","EN-fetal-late",4.57416677306802,-1.83982976171546,1.93547939421666,2.30386622460716
"GAACCAAAGGCTAAGA-2","female","IN-fetal",2.97601938079507,-7.49251945707374,-0.286896654348256,-6.3949765392936
"GAACCAGCAAATATCC-2","female","IN-fetal",-3.97992515732139,6.40491191652245,3.10830592276585,-2.7312003800071
"GAACCAGCAGGCATGA-2","female","EN-fetal-late",-3.04405570198386,2.91851059701867,-1.02669132588375,-2.88022844282753
"GAACCAGCAGGCTTGT-2","female","EN-fetal-late",-5.44491982628196,13.5120572259707,-4.85540486214626,3.3089733889901
"GAACCAGCAGTTAAAG-2","female","IN-fetal",-8.05641079117149,2.42168692853875,0.794044545908092,-7.1083554455436
"GAACCGCTCCACCTGT-2","female","IN-fetal",-5.38549614120811,7.64523736741967,3.4172253525449,-3.59840886084206
"GAACCTTAGCAAGGAC-2","female","EN-fetal-late",0.154993174778527,2.87112514284081,-0.223956116418721,-2.51987664190895
"GAACCTTAGCATGAAG-2","female","EN-fetal-late",-7.18446731735557,1.38990519550271,-5.15898276207912,-1.95327202765114
"GAACCTTAGCGGGCAA-2","female","EN-fetal-late",-0.162138463748389,-3.67680175993019,0.688412210960506,0.977772252877882
"GAACTTATCACTAATG-2","female","EN-fetal-late",2.86932134460122,2.0691403558535,1.55578052165043,-0.759948713461229
"GAACTTATCATTTAGG-2","female","EN-fetal-late",-1.38091131467908,0.679362501768536,-2.17102385399807,-0.508564991632768
"GAACTTATCCTAAGAC-2","female","EN-fetal-late",-5.99028110672324,-2.97755559179359,-1.00411761639583,8.52273471864097
"GAACTTATCGATTTAG-2","female","IN-fetal",-3.20964169670432,6.83924285676903,4.44850920798314,-2.52102510420448
"GAAGCCTGTAAACAAG-2","female","EN-fetal-late",1.2839350683561,1.5441964676661,-0.10675937769878,-0.808517796675035
"GAAGCCTGTATTGGAT-2","female","IN-fetal",-5.48218441177695,7.9172496011538,4.37328194739354,-4.37541763273842
"GAAGCCTGTCATCAAG-2","female","EN-fetal-late",-6.03546762634605,1.1419907620234,-5.70796442864406,-2.20819465605385
"GAAGCCTGTCGTAAAT-2","female","EN-fetal-late",0.218670008884972,-4.17309101316505,-0.11454690335262,-1.62715165106423
"GAAGCCTGTTAAGTGT-2","female","EN-fetal-late",6.34039115737588,-1.61753423902565,3.27124880911839,1.5199108889901
"GAAGCTAAGCAAACCT-2","female","EN-fetal-late",-5.14503884483665,1.63068846967644,-3.27352548478115,-2.58182589499123
"GAAGCTAAGCTTTGTT-2","female","EN-fetal-late",9.83427190612466,-8.21597011777931,1.66331147315037,6.89469106706016
"GAAGCTAAGGAGGACT-2","female","IN-fetal",-4.76802420784324,7.70612994935936,4.51931523444188,-4.03334514586098
"GAAGGAACAACACCTA-2","female","EN-fetal-late",3.74095582793862,-5.1601692030149,0.101005337257503,-4.48875228850014
"GAAGGAACATCCATCT-2","female","EN-fetal-late",-2.4495095627436,3.00659600999779,-1.1162389600085,-2.39438478438027
"GAAGGATGTATTACCC-2","female","IN-fetal",-0.539946975005561,-8.87765701505714,3.73659705283177,-7.27891246763832
"GAAGGCCCACTATGGC-2","female","IN-fetal",-0.778207661403113,-9.3626747915464,3.70541476370823,-6.96847812620766
"GAAGGCCCATTATGGT-2","female","EN-fetal-late",3.67874908279092,-1.64162214490943,1.4905918753339,1.87235458405845
"GAAGGCTAGGAAGTAT-2","female","EN-fetal-late",-4.16307163406699,5.99149410036034,2.94834517600071,-2.7562350460685
"GAAGGCTAGTTAGACC-2","female","IN-fetal",-4.55746889282554,7.11846486833519,3.08566164137852,-3.85920826880104
"GAAGTAAGTGATCAGC-2","female","IN-fetal",-6.02290678192466,8.4007438829226,4.14326523901951,-5.11040155378945
"GAAGTATAGCAATAGG-2","female","OPC",-14.0237984674105,-11.5552559683042,-6.30352879403102,2.96643097909324
"GAAGTATAGTCACTAA-2","female","EN-fetal-late",-6.48504305054038,2.19975523260064,-3.59438300965297,-2.56851188627846
"GAAGTCAAGCATGTTA-2","female","EN-fetal-late",-3.38875770737022,-1.53437836858802,-5.29667235253322,-1.9717747399009
"GAAGTCAAGGCGGGTA-2","female","EN-fetal-late",2.3100752813688,-6.09078367445045,0.519009350855468,-7.06313554731972
"GAAGTCAAGTGAGGGT-2","female","EN-fetal-late",-0.420363427890235,5.31583301332421,-0.108151742200734,7.7698093226754
"GAAGTGATCATCAGTA-2","female","EN-fetal-late",4.21021175216348,1.13297371175713,2.18579041125309,0.788358705362013
"GAAGTGATCCCTCATA-2","female","EN-fetal-late",8.91773748229653,-7.2380295583921,-0.370670505742909,-1.03702465979225
"GAAGTGATCGCTCACT-2","female","EN-fetal-late",-3.06347036529868,1.09581620600647,-2.29152370331752,-2.36250440565712
"GAAGTGATCTATGACA-2","female","EN-fetal-late",7.46305227111489,-0.867980081768565,-1.19813061593044,-0.407460374513933
"GAATTTGTCACCTGTC-2","female","EN-fetal-late",-3.09568727184623,2.81397620943017,-1.74988461373317,-2.95394889799721
"GAATTTGTCAGCAAGA-2","female","IN-fetal",-0.551246167910987,-8.78990753385597,3.38513707282078,-6.83342306105263
"GAATTTGTCATGTGGT-2","female","EN-fetal-late",-0.165426971209937,5.79213372972435,-1.07809067605007,7.21256645234459
"GAATTTGTCATTGTCT-2","female","EN-fetal-late",7.7283291799894,-0.487819750042491,3.9480578816129,2.08295412572258
"GAATTTGTCGCACACA-2","female","EN-fetal-late",-5.90107584167808,-3.66210468504005,-0.916030892114521,8.65836341889732
"GACAATACAAGCTAAA-2","female","EN-fetal-late",-7.56920337845176,1.81896535661644,-5.10174179909694,-2.45279995886452
"GACAATACAATTGACT-2","female","EN-fetal-late",-2.93960499931663,3.01788560655541,-0.957046397905232,-2.85762540785439
"GACAATACATTGCAGC-2","female","EN-fetal-late",4.58667993377358,1.83204023149437,2.38439678313267,0.289924400170973
"GACACCGGTAATCACG-2","female","EN-fetal-late",-4.15508508850425,2.83732573297448,-2.94112468598354,-2.07108275381691
"GACACCGGTCAAAGAA-2","female","EN-fetal-late",-5.35005855728477,-3.33956344816261,-0.188429185132862,8.3583946994149
"GACATAGAGCTGGACC-2","female","EN-fetal-late",0.714097259747094,0.994121279386945,-0.696730622033955,1.52972288640373
"GACATTATCCTGATTT-2","female","EN-fetal-late",-2.29350847174018,1.07904271390862,-1.72097802994716,-1.30504672018654
"GACCGAACAACTGGGA-2","female","EN-fetal-late",-2.88458311725944,7.34852496889061,-0.99020493863094,-1.11819188086159
"GACCGAACAGGACACA-2","female","EN-fetal-late",-3.63302254844993,-3.16246135923439,-1.64433670876491,4.88570840867393
"GACCGAACATCACAGC-2","female","EN-fetal-late",-5.31932997871726,2.36399523523278,-2.2342205130862,0.747326867898634
"GACCGAACATGGCCTG-2","female","EN-fetal-late",5.34989881347329,0.561879765061803,2.29770611884129,0.887922423204115
"GACCGAACATTAAACC-2","female","EN-fetal-late",-1.2783637957701,1.98366967943139,-1.83293677208889,-2.86285726515419
"GACCGTTCAAGGTGGC-2","female","EN-fetal-late",0.0535677654615105,5.60070363786644,-0.259999641160847,7.2928577235543
"GACCGTTCAATTAGGA-2","female","EN-fetal-late",3.83863878081948,-1.69261010381752,1.57888149382603,2.12052674802177
"GACCGTTCACCTGCCT-2","female","EN-fetal-late",-6.77739525009483,2.19694964197106,-5.05620957253444,-2.56340710608132
"GACCGTTCAGAAATGC-2","female","EN-fetal-late",-2.8145973699221,3.03085510042138,-1.23570609925258,-2.9938317963279
"GACCGTTCAGTTATGT-2","female","EN-fetal-late",1.1007132513395,1.04581774380631,0.726832381506084,-0.76209805695183
"GACCTAGTCAACAAGG-2","female","IN-fetal",-0.593965353263312,-9.37854107114845,3.39565514685643,-7.19015018431313
"GACCTAGTCCAAGTGT-2","female","EN-fetal-late",-2.7706645743975,2.14024893548912,-1.87646365998256,-0.770841223875353
"GACCTAGTCCTAGTTT-2","female","OPC",-13.9186530130038,-11.5894118139463,-6.16528368828762,3.01198847802513
"GACCTCAAGCGATACT-2","female","EN-fetal-late",-0.315181018603736,6.20594445970482,-0.44840646622646,7.67083461793297
"GACCTCAAGTAAGGGC-2","female","EN-fetal-late",0.864885090099877,2.76206616666741,0.252860850710987,-2.08352486578591
"GACCTGATCATAACCA-2","female","IN-fetal",3.51499986480386,-6.43057449552589,0.149152807016491,-4.77841798750527
"GACCTGATCCTAGTCC-2","female","EN-fetal-late",-0.259886385692054,-5.34666307661109,-0.743544944505574,1.04515584023826
"GACCTGCAGATGGACA-2","female","EN-fetal-late",-0.118182660830909,-4.54466255399757,-0.488297828416706,-1.68868462530739
"GACCTGCAGCGGATTT-2","female","IN-fetal",-5.19171142746299,6.03122655656762,2.88622831465733,-3.23994557348854
"GACCTGCAGCTTATGA-2","female","EN-fetal-late",-7.46902895141929,1.58675030973381,-5.32652331231105,-1.8255515524543
"GACCTGCAGGTCCTAG-2","female","EN-fetal-late",7.06113672088296,0.407632272509999,3.78420232893956,1.07534153970115
"GACCTTTGTACTTAGG-2","female","IN-fetal",-5.47360563446372,8.50312845018334,4.04238723876011,-4.62777988402016
"GACCTTTGTTACAAAC-2","female","EN-fetal-late",-2.18910604883521,0.902168746857114,-2.09401059983242,-1.82703630415566
"GACGCAACAGGAACTG-2","female","EN-fetal-late",0.274984119640893,-4.71843155118995,3.95192288519871,1.34606035264366
"GACGCCTAGCGATACT-2","female","IN-fetal",-5.4793591516146,7.9120997598452,4.02831911208165,-4.376727504412
"GACGCCTAGTTAGAGG-2","female","RG",-1.10726079512923,-6.38038929197364,-5.88303233025539,3.71107538255089
"GACGCCTAGTTAGTGC-2","female","EN-fetal-late",1.37790655921609,-0.591098863812022,0.291925861556648,-0.29045818535454
"GACGTAAAGCACAGAA-2","female","IN-fetal",-3.19557285477012,6.87962190416283,3.71057294966709,-6.95771305052406
"GACGTAAAGGTTACAC-2","female","EN-fetal-late",-1.05777627397864,1.33085442688889,-0.679292925577046,-2.10916511503823
"GACGTAAAGTAGGATG-2","female","EN-fetal-late",-1.49274151195377,1.36871413495965,-1.62882567284572,-1.46897224871285
"GACTATTCAACAACAA-2","female","EN-fetal-late",-4.60220122505515,2.02417890336937,-5.03890133736599,-2.07471959082253
"GACTATTCACATAACT-2","female","EN-fetal-late",0.0621291382184685,5.78182307985253,-0.591741570215107,7.15900238068931
"GACTATTCAGGCATCT-2","female","IN-fetal",2.56944513152749,-2.81607778760963,1.10192679526341,-7.32081119505531
"GACTATTCATGAGCAG-2","female","EN-fetal-late",0.880229471432275,1.80773107316918,0.858127675075649,-0.597684425989458
"GACTTACAGGAACGGT-2","female","IN-fetal",-3.39214062858909,7.43960134294457,4.69626187445652,-3.08511368719704
"GACTTACAGGACCTTG-2","female","EN-fetal-late",6.95433378051431,0.854651870025463,4.99015711905491,2.24926431687706
"GACTTACAGGCGCTTA-2","female","EN-fetal-late",6.44470119308144,-2.4624791929441,3.92629551054966,2.21268971474998
"GACTTAGGTCCTAATC-2","female","EN-fetal-late",7.59356260131509,-0.27987857553535,3.54822706343663,1.83510954888695
"GACTTAGGTGATTACG-2","female","EN-fetal-late",-0.137608887446815,-3.86566980573707,-4.91841269371975,2.96505601914757
"GACTTAGGTTATCCGT-2","female","EN-fetal-late",7.04059839080483,0.565597604779668,5.1331095612241,2.4951306155526
"GACTTAGGTTATCCTA-2","female","IN-fetal",3.72423791717202,-5.19575746748024,0.132226369400142,-5.12729923216469
"GACTTGGTCAGCTAAC-2","female","EN-fetal-late",-0.339124085200721,2.24805013444848,-0.194223889093281,-2.2823945709861
"GACTTGGTCATGACCG-2","female","EN-fetal-late",6.05563688110024,-0.565964181156688,3.17764877440464,-7.48137084929115
"GACTTGGTCTGTTGCC-2","female","IN-fetal",-3.34453427959769,7.35422984865136,4.01976036192906,-2.6950036713279
"GAGAAACGTCCAAATG-2","female","EN-fetal-late",1.90552639793069,-0.947131473751598,1.32579433085453,1.23188741715782
"GAGAAACGTGAACAAA-2","female","EN-fetal-late",7.94985627959878,0.267891626624531,4.40256451727879,1.43863578351372
"GAGAAACGTTAGCGTA-2","female","IN-fetal",-0.240918518794471,-9.08257683012062,2.84697031142247,-7.2835091778434
"GAGAACCAGCGCTAAT-2","female","EN-fetal-late",-2.15805167127936,1.38420377281136,-1.25164879200924,-2.50223009077675
"GAGAACCAGGACAATG-2","female","EN-fetal-late",-3.8438348786959,1.74971262720055,-2.46507645485866,-2.61050025908119
"GAGAACCAGGCCTTAG-2","female","EN-fetal-late",1.49778127502114,1.17985589411683,-0.854226120691182,0.637617128213576
"GAGAACCAGGCTACTG-2","female","EN-fetal-late",7.54715967010171,-1.2282422373014,4.68576573493016,2.31194479974144
"GAGAACCAGGTTTGAC-2","female","EN-fetal-late",0.0633158666959466,2.57146028783745,0.0818185424996601,-2.26118556944496
"GAGAACCAGTTTCCGC-2","female","EN-fetal-late",4.48695754836709,-1.99731572362953,1.90520297648442,2.54096491845482
"GAGAGGCGTTAGCTGA-2","female","EN-fetal-late",-3.00606107879966,1.90649084356255,-2.32837582467067,-2.76318566290505
"GAGATAAGTATTGGAT-2","female","IN-fetal",0.530887125240868,-8.35445888731056,2.53767704131138,-6.80925075499184
"GAGATAAGTTAGCTGA-2","female","EN-fetal-late",-5.72356414963096,-2.67122753355079,-0.561239966134907,8.29629619630211
"GAGCAAATCAACAAGG-2","female","IN-fetal",-0.647413791907722,-9.15985401365333,2.86884187819493,-7.19627611128456
"GAGCAAATCACACAGT-2","female","IN-fetal",-6.79482746292441,8.01577464845604,4.11481689574253,-6.47041789976723
"GAGCAAATCCAGGAAA-2","female","EN-fetal-late",-0.483869792712623,5.50788871553368,-1.12180150387752,7.43568809541099
"GAGCAAATCCGGGACT-2","female","EN-fetal-late",10.4531359655729,-7.09543903562599,2.07605945231449,6.89930255921715
"GAGCAAGGTTAGGATT-2","female","EN-fetal-late",3.35120391677529,13.2113389184756,-3.02795387146938,5.6072698405587
"GAGCAAGGTTCACCAT-2","female","EN-fetal-late",-1.89852324296325,0.501503687171406,-1.87051511643398,-1.1290640064872
"GAGCATGCAGTTTCTC-2","female","EN-fetal-late",3.71799850295693,1.95152894761986,1.36163585545552,-0.617329818884203
"GAGCCACTCATTAGTG-2","female","EN-fetal-late",-2.12484550644248,2.61682669427819,-1.46485281823146,-2.39587227789528
"GAGCCACTCCCTCAGT-2","female","EN-fetal-late",-4.04380107094138,2.52926413324303,-2.98070455430019,-2.94831816641457
"GAGCCTTCACGAATTT-2","female","EN-fetal-late",10.2035088522306,-7.23272999021583,1.94144081236851,6.88596447022789
"GAGCCTTCAGGCTACT-2","female","IN-fetal",-0.673290075553352,-9.01676090452247,3.94633483054173,-6.69703618971474
"GAGCGATAGAGAGGAG-2","female","EN-fetal-late",-1.8414399342665,2.24373583105034,-0.865695127229573,-2.13500015226967
"GAGCGATAGGTGCTGC-2","female","EN-fetal-late",-5.02555942703574,-2.17035802099281,-1.34380973217952,7.62725551637047
"GAGCGATAGTGAACGA-2","female","EN-fetal-late",3.1599984152189,13.3819970300478,-3.99924136040676,6.22804124863975
"GAGCGGTCATCGCTCC-2","female","EN-fetal-late",2.40929388831765,-5.95248230192237,-4.15877104638088,-2.40792409865029
"GAGCTAGCAATGAGGT-2","female","EN-fetal-late",6.95886850188882,-2.00025995466285,3.74192642333042,2.65291650803917
"GAGCTAGCACCTATAG-2","female","EN-fetal-late",2.78563785384805,13.8019904306216,-4.19403315423,6.37980182679527
"GAGCTAGCAGCAAGGC-2","female","EN-fetal-late",-6.22552061249107,2.05121807363457,-4.16797686455715,-2.24991838423378
"GAGCTGCTCCTGGTGA-2","female","EN-fetal-late",-2.11422157455772,0.630892541078992,-2.17468477128017,-1.37781993834145
"GAGCTTAGTTTGACCT-2","female","EN-fetal-late",1.95687293838174,0.550185363559193,0.420385648552893,-0.237013322988817
"GAGCTTGTCTGGTCCT-2","female","IN-fetal",-0.253130676043922,-8.7605486700254,3.71152900816929,-7.26962320295937
"GAGGACTAGGCGGATG-2","female","EN-fetal-late",1.78657913039834,-0.490494687290721,0.434530624244927,-0.225946826616594
"GAGGACTAGTTGGCCA-2","female","IN-fetal",-5.14197659660667,7.82906381395287,4.44781111838353,-4.14173786131508
"GAGGAGGCAAACCTTG-2","female","EN-fetal-late",4.88765287231118,-0.444346625538402,-2.4569099032687,-2.66859404532082
"GAGGAGGCAAACGGGC-2","female","EN-fetal-late",1.6430602056852,1.92363194730706,1.45457767607701,-0.352086586633989
"GAGGAGGCAAAGGCCA-2","female","EN-fetal-late",-4.15095067192405,2.07437757757134,-2.256204613428,-2.94716350523598
"GAGGAGGCAGTTAAAG-2","female","IN-fetal",1.66759228538186,-8.41123111936622,0.586248955745815,-7.31768552748329
"GAGGCAAGTGAAACAA-2","female","IN-fetal",3.95414733718545,-5.20349939558082,0.140278629083751,-4.64742080656655
"GAGGCAAGTTAGCGTA-2","female","IN-fetal",5.95399331878335,-0.992312986584239,2.40872048499119,-7.31889860121376
"GAGGCCTTCAAGCTTA-2","female","EN-fetal-late",0.801024196850366,5.69296352174706,0.5771891093446,6.85098751099937
"GAGGCCTTCTTAAGTG-2","female","IN-fetal",-6.05213546921104,8.53769294527001,4.65760325552952,-4.61808673826821
"GAGGCTACAATTGCGC-2","female","EN-fetal-late",1.20759987662942,-3.68717249128395,3.76916073920262,-6.9065503307975
"GAGGCTACACTCGCTC-2","female","EN-fetal-late",-4.0639481561312,-1.88703044149452,-1.52974546788204,7.12694414170616
"GAGGCTACAGGCTTCG-2","female","EN-fetal-late",0.15330207179696,-4.43875940534645,-0.14415807364452,0.209383996447256
"GAGGCTTGTCACAGCG-2","female","EN-fetal-late",-0.194304825557166,-4.19844635221534,1.10292129876149,-0.0948533394730776
"GAGGCTTGTGTTCCCA-2","female","IN-fetal",1.3128464205137,-8.74212368223243,1.13074981333744,-7.29570857969887
"GAGGGAGCACCTGTAA-2","female","EN-fetal-late",-5.54438209701865,2.50172583368248,-3.89368105767238,-2.73354665724404
"GAGGGAGCACGTTACA-2","female","EN-fetal-late",0.170936344372338,5.81247369554467,-1.19779575703609,8.18994625123375
"GAGGTACAGCTCCCTG-2","female","Endothelial",-17.8592686669955,0.928994949726529,-3.54298306344021,3.1094442180001
"GAGGTAGGTACCTTAC-2","female","IN-fetal",-0.534650923503333,-3.25400837156349,4.25578712584507,-2.49974076239235
"GAGGTAGGTATTCGTC-2","female","IN-fetal",-0.477236868632728,-8.72189624998146,4.06097864272129,-7.16066781965859
"GAGGTAGGTCAAAGGG-2","female","EN-fetal-late",-3.83668279816001,1.94700674322075,-2.39049483178127,-2.18589298216469
"GAGGTAGGTCCAAGAC-2","female","EN-fetal-late",-6.07569074798911,-3.18029888364845,-0.923597940187336,8.40756614716881
"GAGGTAGGTGATGAAA-2","female","EN-fetal-late",-0.0378457324632941,0.383129041461415,-0.418167778234364,-1.00850729433663
"GAGGTAGGTTCCATTA-2","female","EN-fetal-late",-3.2760151641497,6.67595235612816,4.17265938879979,-2.74077002493508
"GAGGTTAAGACTTACA-2","female","IN-fetal",2.63698196242959,-5.44335563871437,0.538104093690036,-4.53443090407021
"GAGGTTAAGCATGACT-2","female","EN-fetal-late",3.87654638122231,1.64778755214638,2.35796176554692,0.297182606776884
"GAGTAACCACTGACTA-2","female","EN-fetal-late",0.925041912304467,-0.842271167965465,-1.06915927765834,-0.745154959837267
"GAGTAACCAGAGAGCC-2","female","IN-fetal",-4.10101843048423,8.46326915529198,4.68622874381077,-4.09997884718544
"GAGTAACCAGATTCAT-2","female","EN-fetal-late",-8.09381961990684,1.79861305263466,-5.66509009240139,-1.70624951807625
"GAGTAATAGACACTTA-2","female","EN-fetal-late",-0.770131828082496,2.90103666093773,0.168010673542141,-2.34077279059059
"GAGTAATAGGCTACTG-2","female","EN-fetal-late",-3.33047425915092,-3.23283537122779,-1.62973166344631,4.84794195206993
"GAGTAATAGTTGTCAA-2","female","EN-fetal-late",-0.683927954924995,-0.195911128254466,-1.33200205204952,-0.743286890665361
"GAGTATCTCCCGCCTA-2","female","EN-fetal-late",-4.39200186897605,2.15641705301232,-2.72154999611843,-2.54965965239174
"GAGTATCTCCCTGACT-2","female","EN-fetal-late",6.31293439696938,-0.689715583057933,4.94728278281224,2.85708816560142
"GAGTCAAAGCATGGTT-2","female","IN-fetal",-4.63748288322776,7.89999000337548,4.72658156516087,-3.04212395636208
"GAGTCAAAGCTGCACA-2","female","EN-fetal-late",-0.0227115171083747,2.8808349778933,-0.400964208822133,-2.44206015555031
"GAGTCAAAGGGTTATC-2","female","IN-fetal",-7.46592092682212,2.84705774095482,2.54563974501622,-7.12271348921425
"GAGTCAAAGGTTTGCG-2","female","EN-fetal-late",0.220412610279626,-4.36396702024513,-3.70716620324123,-1.64295200792916
"GAGTCATTCAAGCTTA-2","female","EN-fetal-late",-1.83022785354941,0.450565945176549,-2.23513294098842,-1.25088600603707
"GAGTCATTCATGCATA-2","female","EN-fetal-late",-7.75783872772544,2.30192105081505,-5.80401564476955,-1.42558221308357
"GAGTCATTCGTTAACA-2","female","EN-fetal-late",-3.60011935402244,2.37999789026207,-3.01375604508388,-2.47932188002236
"GAGTCATTCTTAGTCT-2","female","EN-fetal-late",5.27796411346108,0.256942372588582,3.25033187033665,1.2097529939019
"GAGTGAGGTCCGTAGG-2","female","RG",-5.40758824516624,13.49410335329,-4.79284144280422,3.33403261216514
"GAGTGAGGTTAGCCAA-2","female","EN-fetal-late",6.38972520660073,-0.481322366924815,3.06728386046421,-7.5213660427726
"GAGTGATCAGCAATAA-2","female","EN-fetal-late",-1.57205400784104,2.01994995382256,-0.429317721109272,-2.60173932997353
"GAGTGATCAGGAACCA-2","female","EN-fetal-late",-4.72321510483115,2.32136420515007,-2.87835169671047,-3.06839434591896
"GAGTGTTTCAGGAACA-2","female","EN-fetal-late",2.37852978538186,-1.13021262380653,1.11256163479817,0.884391861280134
"GAGTGTTTCTCCATGC-2","female","EN-fetal-late",-0.482833148730689,-4.30192526075416,-4.50123835442531,-1.89487807242043
"GAGTTGCGTTGAGGTC-2","female","EN-fetal-late",0.900415657269067,0.309841971663899,0.154819301385997,-0.358471764007875
"GAGTTTGGTGTGTCCC-2","female","EN-fetal-late",-3.53466415573447,-3.17614706251197,-1.53634596703518,4.88146455796593
"GATAAAGGTGAGCAAG-2","female","EN-fetal-late",6.40939426253945,-1.71106990072303,3.52942227484715,1.8556258252465
"GATAAAGGTGCTCACC-2","female","EN-fetal-late",3.30163383315713,0.374167721538014,2.00970458151829,1.05250998051994
"GATAAAGGTGTAATAC-2","female","IN-fetal",-4.07004928757041,8.70220081117577,4.66944026114476,-3.41613833395607
"GATAAAGGTTGAGCCG-2","female","EN-fetal-late",7.52302884887368,-0.846599299641185,3.81576823355687,1.58842547448509
"GATAAAGGTTTACGTC-2","female","EN-fetal-late",-1.79094797540992,1.61274747159905,-2.46952105401027,-2.16335789648659
"GATAACGAGAATGACG-2","female","EN-fetal-late",0.737676141964501,1.28552160766549,0.141189179439663,-1.02396420923836
"GATAACGAGTCACCAG-2","female","EN-fetal-late",-4.15314030815452,1.60556809213585,-2.86419082520473,-2.51905028311379
"GATAAGCCAACTAGAA-2","female","EN-fetal-late",-5.33205533195823,2.53818611410088,-4.69105196831691,-3.41381303755409
"GATAAGCCAGCAATAA-2","female","EN-fetal-late",-7.75041055847495,2.30245177057213,-5.47219420311916,-1.93321554152138
"GATAATCGTCAAACTG-2","female","EN-fetal-late",7.8232007009855,-0.0682809540944627,4.30101489188206,1.56116838963859
"GATAATCGTCAAAGAA-2","female","EN-fetal-late",10.2859940512052,-7.92494018766456,1.77583955885899,7.07858999284141
"GATAATCGTGCAACTA-2","female","EN-fetal-late",-2.89981591869681,2.92493907716698,-1.73983336327541,-2.9646832176841
"GATAATCGTTTGCGCC-2","female","EN-fetal-late",-13.7485938089022,-11.8110476324277,1.2030404126836,6.78236396821373
"GATAGACCAAGGTACG-2","female","EN-fetal-late",-1.71078011561721,1.14707986619896,-1.6048362338351,-1.59610669104225
"GATAGACCATGTCAAT-2","female","EN-fetal-late",-2.45332718063682,2.67155198362298,-0.879445561151387,-2.75670997587807
"GATCAAGAGGCTACTG-2","female","IN-fetal",-3.6406505124697,6.79548684862084,4.80570267798436,-2.824636621157
"GATCAAGAGGTTTACA-2","female","EN-fetal-late",3.41410732101113,0.897809445677466,1.05030470253956,0.236898491402796
"GATCACTAGCCGGTAC-2","female","EN-fetal-late",1.42579054664285,1.9793901851458,1.11995129944813,-0.931808395067522
"GATCACTAGGTCGAGG-2","female","EN-fetal-late",8.96215104888589,-7.39154442045265,-1.08974278805721,-1.79711048094399
"GATCACTAGTAGCGGG-2","female","EN-fetal-late",-2.27998680044501,1.9791003873629,-1.8238737666415,-2.92375986067421
"GATCACTAGTTTGCGG-2","female","EN-fetal-late",0.231211064564294,-4.60762603971534,-1.69322133896816,-0.688314003626177
"GATCAGGCAACTAACT-2","female","EN-fetal-late",7.19250058959634,-1.03952022287422,3.2624037182523,1.43028874905937
"GATCAGGCAAGCTACC-2","female","EN-fetal-late",-1.30898599494784,1.29967443254418,-1.30549836991298,-1.33310369936592
"GATCAGGCATAAAGCA-2","female","EN-fetal-late",6.62142324279458,-1.72149975988441,3.09645938040745,2.16076047929161
"GATCAGTTCCTCCATA-2","female","EN-fetal-late",-4.00122475792258,-2.75383885595375,-1.84727288125026,5.27980716737144
"GATCAGTTCTAACTGA-2","female","IN-fetal",1.57631993125588,-8.45706852170997,0.491577289123653,-7.32993022886879
"GATCAGTTCTCATCAT-2","female","RG",-1.41668839920848,-6.18800743314796,-6.02419615624416,3.52247746499412
"GATCAGTTCTGTAATG-2","female","EN-fetal-late",0.162736414181298,-0.453138072224193,-0.910016545038105,-0.692489845434496
"GATCCGTCACCTAATG-2","female","EN-fetal-late",2.0137901289335,0.40747339632935,0.779301635046123,0.0592228865825445
"GATCCGTCAGCTAATT-2","female","EN-fetal-late",5.47809982131631,0.944428685872025,2.82463359000218,0.677423374971083
"GATCCGTCAGCTTAGC-2","female","EN-fetal-late",-1.06289246846526,2.68699435499138,-0.558317192773701,-2.04598395315773
"GATCCGTCAGGCGAGT-2","female","EN-fetal-late",-0.0961200015672981,-4.23491152021461,1.63551627757084,-0.244368387142488
"GATCCGTCATTGCGAC-2","female","IN-fetal",-4.52683472801536,8.33650962617821,4.76426600577366,-3.99496213881142
"GATCGAGCACATAACT-2","female","IN-fetal",-4.69137621094077,6.01018373277611,3.0821583187772,-2.79968015638954
"GATCGAGCAGGCGAGT-2","female","EN-fetal-late",-8.0659823434481,1.2826379945559,-5.797464379053,-2.21863452879555
"GATCGAGCAGTAGCCT-2","female","EN-fetal-late",-3.41583347488731,2.60134295728631,-1.5837067448901,-2.66354124037392
"GATCGAGCATTGTGTG-2","female","EN-fetal-late",3.29736232589394,13.2503060510439,-4.12031222222316,6.284329967817
"GATCGAGCATTTAAGC-2","female","EN-fetal-late",7.337820528256,0.974124800233311,5.20281314017308,2.63811047585838
"GATCGATTCCACAATA-2","female","EN-fetal-late",5.58480787109048,-0.54184146616035,3.01357316138279,1.17100377591484
"GATCGATTCGCTTCTA-2","female","EN-fetal-late",-3.37800419498771,6.46261684205956,3.69207810523045,-6.58947221724159
"GATCGCTCACGTAAGG-2","female","IN-fetal",0.152447102772302,-9.13321407529884,2.69308876158726,-7.334247035662
"GATCGCTCATTAAACC-2","female","EN-fetal-late",2.02988529037148,1.73936770465798,0.857086322326778,-0.727074844518968
"GATGACTTCGCAATCG-2","female","EN-fetal-late",-3.44055402447074,2.76136640813775,-2.5261499964999,-2.94439737288124
"GATGACTTCGGGATTT-2","female","EN-fetal-late",-3.50081777740806,-2.68156274053627,-1.04781640408504,5.30285175355308
"GATGACTTCTGTAATG-2","female","OPC",-13.8948473947176,-11.6133213827329,-6.09637499688137,2.84774358781212
"GATGACTTCTGTTCAT-2","female","EN-fetal-late",-0.254562260402137,0.422413687972493,-0.513411053399922,-0.745187384764025
"GATGAGGGTACGCGCA-2","female","EN-fetal-late",-4.03874635864585,2.46850613859124,-1.90072108147609,-2.9460818001426
"GATGAGGGTGCTCACC-2","female","EN-fetal-late",6.24359607528359,-1.58021910879188,2.96352814795506,2.42366750748985
"GATGAGGGTTAGCAGC-2","female","IN-fetal",-4.79349422623008,6.64185086992211,3.2698032772733,-3.11988989798195
"GATGCAGCATAGCTGC-2","female","EN-fetal-late",-3.60563111473411,2.46842865255303,-3.39269638894069,-2.85574333159096
"GATGCATTCACCTGCT-2","female","EN-fetal-late",-5.88674163986533,-2.77851613256507,-0.876357563714863,8.32272441895836
"GATGCATTCCTTGTTG-2","female","EN-fetal-late",7.58216619323403,0.197884838847584,4.949850074072,1.70004041703575
"GATGCTTAGCATGGTT-2","female","EN-fetal-late",-3.78589224983543,2.61725572851128,-1.79208470223415,-3.06784193007118
"GATGGACAGGACCTCA-2","female","EN-fetal-late",-7.84179020096152,2.13747886922783,-4.4373192870425,-1.90253869978554
"GATGGACAGGTGAAAT-2","female","EN-fetal-late",-0.429704429400855,-3.75233038160377,2.87706660391819,-3.47345034567482
"GATGGACAGTGAGCGG-2","female","RG",-1.22176388074248,-6.38966472837501,-5.11226416466701,3.51705463441246
"GATGGACAGTTGCCTC-2","female","EN-fetal-late",7.96227884124429,-0.309569437237315,4.1662876522733,1.44505866082542
"GATGGCTGTACCGTAA-2","female","EN-fetal-late",-0.433174373401099,-0.306771952839427,-1.58127272961605,-0.776667279878923
"GATTAAGCACCTGCCT-2","female","IN-fetal",-0.622546614898139,-8.62347324583106,3.51033591391575,-6.41062633482582
"GATTAAGCAGCTACGT-2","female","EN-fetal-late",7.32206487487466,-0.891354996891551,5.16849278571141,2.70618231805198
"GATTACGGTCTTTATG-2","female","EN-fetal-late",6.2659382803312,-2.46754248830848,1.98020087840092,2.29620011361473
"GATTACGGTGCTTTAC-2","female","EN-fetal-late",-2.78999245334952,3.04405562189049,-2.65378428338039,1.53921397240989
"GATTACTCAAGGGTTG-2","female","EN-fetal-late",-0.00785613228171456,-0.12206288072639,-0.052002885322453,-0.617382867018053
"GATTAGCTCACAGACT-2","female","EN-fetal-late",2.42883539031655,0.372342180280156,0.936846128721355,0.176754782220057
"GATTAGCTCCCGCAAA-2","female","EN-fetal-late",4.37696742843301,-1.32805402967506,3.22595857741368,-7.10166017500527
"GATTAGCTCCCGTTAC-2","female","EN-fetal-late",4.34016227553994,2.00608543661065,2.38764273287785,0.291427077969244
"GATTAGCTCGTTATCT-2","female","EN-fetal-late",-0.133509041560584,2.21490887906975,0.109303436298488,-0.766606254259416
"GATTAGCTCGTTTCCA-2","female","IN-fetal",-0.285475613368446,-8.63886841032081,4.07473634840977,-6.99293462721474
"GATTAGTGTCGAAGTC-2","female","EN-fetal-late",-3.85727214981406,-2.21356256696754,-0.871876963357808,5.37179239304893
"GATTAGTGTCGTTATC-2","female","EN-fetal-late",8.01200532745034,-0.109012741776042,4.2843501484586,2.08735330613487
"GATTAGTGTGTCCTGC-2","female","EN-fetal-late",0.0965983850827874,-0.42126246187263,-0.652314790468098,-0.709867162386247
"GATTATGTCAAGTGTC-2","female","EN-fetal-late",3.52982568572671,1.72772977855629,1.36912958981526,-0.296363962570497
"GATTATGTCCTAATGA-2","female","EN-fetal-late",-5.56508016754478,2.51717023160881,-3.37769485352504,-2.79763142553932
"GATTCAATCATGCTTT-2","female","EN-fetal-late",0.124387858616418,2.55270616319603,0.427609502394317,-2.02856556860573
"GATTCAATCGTTTCTG-2","female","EN-fetal-late",-4.61991620231956,2.50886551645226,-2.69660664437282,-1.42683844057686
"GATTCAGGTGCAATGC-2","female","EN-fetal-late",-8.03760528732627,1.91739753988213,-5.64905644295681,-1.83309308973915
"GATTCATCAGCAATAA-2","female","EN-fetal-late",-1.1278525607714,0.211451869277425,-1.85191441414821,-1.14115743128426
"GATTCCTGTCCTCCAA-2","female","EN-fetal-late",0.314367411839074,2.51002256181664,0.180400139708637,-2.34522597281105
"GATTCCTGTTAGCCAA-2","female","IN-fetal",-5.21727848221152,6.64894716051049,3.27191757323277,-3.34157864538796
"GATTCGCCAGGCCAAA-2","female","EN-fetal-late",7.56113767455727,-0.585522849293285,4.75968407752049,1.82610400231712
"GATTCGCCATAATCGT-2","female","IN-fetal",-0.92430031467765,-9.12428005430274,3.80752967955601,-6.33990184752114
"GATTGATGTCGCGCAA-2","female","EN-fetal-late",9.17420148681313,-7.11814792844825,4.88594531180394,2.61099298508995
"GATTGATGTGAGCGAA-2","female","IN-fetal",-5.35527038742393,8.68837014940209,4.24779414298069,-5.14528982130654
"GATTGCAGTACCGGAT-2","female","EN-fetal-late",-0.355528475535804,-4.68481882307106,0.424827187378524,0.103332244103482
"GATTGCAGTGCTAGAC-2","female","EN-fetal-late",2.39390539954812,0.161104719905324,0.986233106870769,0.426335620006254
"GATTGCAGTGGATTGC-2","female","IN-fetal",-4.99578023125022,5.91586105134911,2.90699862601292,-2.96491901365883
"GATTGCAGTGGTTAGC-2","female","IN-fetal",-4.51692533661216,8.04666082170434,4.53641127707493,-3.42033879248268
"GATTGCAGTGTCACGG-2","female","EN-fetal-late",-5.92707967926353,1.83154795673317,-3.7792210662173,-2.31147424666054
"GATTGCAGTGTTGTGA-2","female","EN-fetal-late",-0.496804000628883,2.75395433214135,-0.126975127439381,-2.39421240774758
"GATTGCAGTGTTTCAC-2","female","RG",-5.43347931076377,13.5245961358828,-4.87122059700954,3.3742056659066
"GATTGCAGTTCCGGCT-2","female","EN-fetal-late",-6.88084983993858,2.45154051092095,-5.17367745278347,-2.19290153471596
"GATTGCAGTTGCCTCA-2","female","EN-fetal-late",-3.44374799896567,2.14810899999566,-2.10289502976406,-1.69506887880928
"GATTGCGTCAAGTGTC-2","female","EN-fetal-late",-4.06994342972129,-2.14198406431251,-1.5442254626559,5.52752311738365
"GATTGCGTCCTTGCGT-2","female","EN-fetal-late",5.69171285461099,-2.25909145566993,2.99773501517308,2.50609500916832
"GATTGCGTCGATATTG-2","female","EN-fetal-late",2.32659196685464,-0.619812805386119,0.689874372501491,0.644212858995131
"GATTGCGTCTTAGGGT-2","female","EN-fetal-late",-2.38993162084907,0.924850415257878,-2.2990021788882,-1.94996301619179
"GATTGGCGTACCAGGT-2","female","IN-fetal",-0.67828869987815,-8.56139000150733,4.2020862019254,-6.75491182295448
"GATTGGCGTGGTTCTT-2","female","EN-fetal-late",-0.35540211368888,2.91910187509484,-0.116740652303578,-2.31455413786537
"GATTGGTTCACTTTAC-2","female","EN-fetal-late",-0.481528403056556,-4.03259762022071,-1.13189197419155,0.880325632413557
"GATTGGTTCATCAGTA-2","female","EN-fetal-late",-3.18519878555625,1.44248030689187,-2.26392269967067,-1.22007076231606
"GATTTGCAGAACAAGT-2","female","EN-fetal-late",-6.18165970016807,-3.15448411199623,-0.578166195134999,8.05760152848594
"GATTTGCAGAATCGCT-2","female","EN-fetal-late",6.34141301940591,-1.51347192022377,3.76321124197972,2.8463838866555
"GATTTGCAGCACTAGT-2","female","IN-CGE",2.69828986953408,-5.69519623014503,-0.0617361748026623,-5.79321519819863
"GCAAACCGTAACCAGC-2","female","IN-fetal",-3.75398254562705,6.81212703493065,4.08096193434727,-2.62048570601113
"GCAAACCGTATTTGCC-2","female","EN-fetal-late",1.96974110435159,1.78623143938012,0.381052526701807,-0.882454557100603
"GCAAACCGTGACATGC-2","female","EN-fetal-late",-4.06594562698691,2.69397823121972,-2.92061806557644,-3.22247497526772
"GCAAACCGTGTTGCAA-2","female","EN-fetal-late",0.151173232304162,-4.22475870344215,0.103716394920467,-1.61213974444039
"GCAAACCGTTACAACG-2","female","EN-fetal-late",5.1896820051542,-0.273356158466869,2.19072591425907,1.13564773114555
"GCAAACTTCATGTTTC-2","female","IN-fetal",-5.58485126663535,6.3284200837893,3.09955262305271,-3.68234912840492
"GCAAACTTCTAAGGAG-2","female","EN-fetal-late",-2.41427111793845,2.56284193304009,-0.997965344171406,-1.65278689352638
"GCAAACTTCTTGACCC-2","female","IN-fetal",3.46928453277261,-6.21544225904518,0.573923177142261,-5.79819766966469
"GCAACAGCAACGTGCT-2","female","IN-fetal",-3.27501523662894,7.40488569047875,4.511457911749,-2.63566700903542
"GCAACAGCAATTAGGA-2","female","EN-fetal-late",-2.45888304878562,2.83371440675683,-1.1112010562228,-2.55615775076515
"GCAACAGCACAACAAA-2","female","EN-fetal-late",-5.67351579834312,-3.50123842451149,-4.18107939599025,-2.68203894583351
"GCAACAGCACGTTACA-2","female","IN-fetal",-3.33851611782401,7.36694614198632,4.46371411444676,-2.67679159132607
"GCAACAGCATAGTCAT-2","female","IN-fetal",0.112652776943749,-9.11682422849708,2.68016718985569,-7.25317565886147
"GCAAGCCTCAGCCAAT-2","female","EN-fetal-late",-0.427252651942664,0.0497869661135146,-1.93681789277065,-1.29093090979225
"GCAAGCCTCTAGCTTT-2","female","IN-fetal",1.68607163261086,-7.84035690519386,1.75324916007054,-7.18723098723061
"GCAAGTCGTAAAGCGG-2","female","IN-fetal",-5.91411256958335,8.25266162660546,4.1457409775449,-4.87322656599648
"GCAAGTCGTACGTTTC-2","female","EN-fetal-late",-2.36991763283103,1.28852222469277,-2.04131532547939,-1.53005735365517
"GCAAGTCGTGTGCACG-2","female","EN-fetal-late",7.85651826690347,-0.726854164333873,5.0428094780637,2.38481743844383
"GCAAGTGCAGGTTTGC-2","female","EN-fetal-late",-5.41697001625388,-3.33430584165626,-0.96615696785915,8.47343547852867
"GCAATAGAGTAACTCA-2","female","EN-fetal-late",-5.43251776863425,1.01495518889851,-1.68569684861171,0.658999758084944
"GCAATATGTCAAACTG-2","female","EN-fetal-late",2.75591325591714,0.949921984044976,0.312213665862201,-1.33568672625191
"GCAATATGTCCTAATC-2","female","EN-fetal-late",1.09570574592263,1.68838218954033,0.163670382518886,-0.393103820959398
"GCAATATGTTACAACG-2","female","IN-fetal",1.57690238784463,-8.53221233579688,0.960901550073741,-6.90839616743691
"GCAATCTAGTTAGGCT-2","female","RG",-5.45558047462791,13.5290259530825,-4.89770937798488,3.3242355159127
"GCAATGAAGACAGGCG-2","female","EN-fetal-late",0.115838645206994,6.04374448564476,-0.212535568456532,7.06977041276329
"GCAATGAAGGAGCACG-2","female","EN-fetal-late",-3.43188810516685,1.72488133218712,-2.62906599877346,-1.73055796114571
"GCAATGAAGGCGCTTA-2","female","IN-fetal",-0.45726192165702,-9.30885418150001,3.63765000464451,-7.38855545012123
"GCAATGAAGTAGCCAT-2","female","EN-fetal-late",-0.353327872050696,-4.77065857145362,-1.53341306088436,-1.53891424624092
"GCAATGAAGTTATTCC-2","female","EN-fetal-late",2.73465680907876,13.7287091424746,1.71107803942692,6.36134727509849
"GCAATGTTCAGGTCCA-2","female","EN-fetal-late",-4.1084411161074,-2.69050105306678,-1.62339616654384,5.02619321854942
"GCAATGTTCGGTTTCC-2","female","EN-fetal-late",-0.377223731769019,-4.54847295972877,-0.586872109155537,1.30852373154991
"GCAATGTTCTTAGTCT-2","female","EN-fetal-late",4.48092984985024,1.47855846193261,1.34347581030857,0.067302262654236
"GCACATTAGCATGTCG-2","female","IN-fetal",-4.79187679458945,8.76301996019311,4.40798138739598,-5.10240213362343
"GCACATTAGCTGGAAA-2","female","EN-fetal-late",-8.2428073899874,1.65294609573311,-5.78411436913478,-2.22785942045815
"GCACATTAGGCAAGTA-2","female","EN-fetal-late",-0.433923722995216,-4.51455839368873,-3.97188282845485,-1.47859303442604
"GCACATTAGGGTTAGA-2","female","EN-fetal-late",5.75277042220742,-1.43974812719398,3.07748841406834,2.69758828194969
"GCACATTAGTGAGCGG-2","female","EN-fetal-late",0.0786710960736932,-0.294999201031261,-0.811242469529988,-0.971105379740068
"GCACCTAAGGCGTAAA-2","female","IN-fetal",-0.952438713801795,-9.1637059042173,4.20106004836094,-6.92594949690468
"GCACCTAAGTGAGCGG-2","female","RG",-5.38103652168601,13.467097203998,-5.78383255837429,3.74581344636314
"GCACGAACAAACCTTG-2","female","EN-fetal-late",-7.45914173294395,2.3163646867556,-4.6764869773196,-2.09771983114845
"GCACGAACATTAAACC-2","female","IN-fetal",2.70895290206582,-7.48029907438331,-0.180811711530568,-6.60218660322792
"GCACGCTAGCATGGTT-2","female","EN-fetal-late",-1.44598825537204,1.67110113408989,-1.25455940602291,-2.48037259070046
"GCACGGTTCAAACACC-2","female","IN-fetal",-4.8065280931124,5.82895318773217,3.03630446555149,-3.09351102797157
"GCACGGTTCACTTCAT-2","female","EN-fetal-late",3.83767509292275,-1.3906596491056,1.86868988635075,1.96257765801781
"GCACGGTTCAGGTTTA-2","female","EN-fetal-late",-4.88212418724387,2.44795970228142,-3.93080521462429,-2.68962661711342
"GCACGGTTCATCCTAT-2","female","EN-fetal-late",-0.595274986518317,-4.77887829038673,-1.52699995873439,0.183886381109884
"GCACGGTTCCCGAACA-2","female","EN-fetal-late",-5.74472379852622,-3.81163700315528,-0.450843342523457,8.3221455386483
"GCACGGTTCGTAACGT-2","female","EN-fetal-late",-3.16746008564323,1.7516172340197,-2.84431815979946,-2.03815047232277
"GCACGGTTCGTGCCTT-2","female","EN-fetal-late",3.13591480086953,13.4040011575503,-3.89107371209133,6.34485395463341
"GCACGGTTCTAATTGG-2","female","IN-fetal",-6.85083246399253,8.10171071794457,4.35429286124241,-5.34015886274941
"GCACTTACACTGACCG-2","female","EN-fetal-late",-0.725078286422187,1.44637350347466,-0.0521462046908154,-1.37118975607521
"GCACTTACATGTCAAT-2","female","EN-fetal-late",-5.12970328499168,2.45781580713219,-3.7299046599673,-3.04194633452065
"GCAGCAACAACTAGAA-2","female","EN-fetal-late",-0.0618394630083381,-4.00381525251442,5.20230912329686,-3.75520770041115
"GCAGCAACAATAGCAA-2","female","EN-fetal-late",-6.17095375229209,-3.2115665266233,-0.33204949734676,7.8591910174691
"GCAGCAACAATTAAGG-2","female","EN-fetal-late",-3.04489457775443,1.28944350388474,-2.09226919053066,-2.00575773207314
"GCAGCAACAGCAAATA-2","female","RG",-1.24542895127624,-6.29256208631568,-5.67873335717189,3.59367759736412
"GCAGCCAGTAACAGGG-2","female","EN-fetal-late",0.30603837798745,5.75104419496483,0.202381438632129,7.16793640168541
"GCAGCCAGTAATTAGC-2","female","EN-fetal-late",6.75994443725259,-2.10068472120338,3.64624261023533,2.88744695695274
"GCAGCCAGTCACCTAT-2","female","EN-fetal-late",-3.56627392937034,-2.57910402509742,-1.12686456082332,5.00164516480797
"GCAGCCAGTCATTAGG-2","female","EN-fetal-late",-6.76407241989463,2.9303795507235,3.29428481223118,-7.27848522154457
"GCAGCCAGTCTTACTA-2","female","EN-fetal-late",-6.08476877380698,2.26434604433007,-4.46447850106227,-2.04547636000282
"GCAGCTATCGGTCAGC-2","female","EN-fetal-late",-3.36814606357902,-3.06990869733863,-0.996928700189473,4.9581089785897
"GCAGGAAGTACCGAAC-2","female","EN-fetal-late",3.13396787475259,13.4120253732485,-4.16685438988674,6.34698684724205
"GCAGGACCAGAGGGAG-2","female","EN-fetal-late",-0.627937378180915,-3.36906774732643,3.13009261252415,-2.80630008665688
"GCAGGACCAGCTTAAT-2","female","EN-fetal-late",-1.6860626654753,0.912218134669728,-2.3307690703677,-1.3086636492408
"GCAGGACCAGTAATAG-2","female","EN-fetal-late",-4.73844504524558,2.12153558042473,-3.2369539820956,-2.65228049246437
"GCAGGATAGCGCCTAA-2","female","EN-fetal-late",6.50145339797646,-1.78344209882789,3.46832274558079,1.8874394467675
"GCAGGATAGTGGCGGA-2","female","EN-fetal-late",-3.59091401268333,2.02761642244286,-2.19832087395656,-2.86471168486244
"GCAGGCAAGCAGGTTT-2","female","EN-fetal-late",-3.73752856422752,-2.20423801633888,-0.940850743036152,5.30885751756065
"GCAGGCAAGGCCGGAA-2","female","EN-fetal-late",5.55581521819741,-2.58409651014381,2.60266946913731,2.6252678206765
"GCAGGCTTCAAGTGAG-2","female","EN-fetal-late",-1.02194819022506,0.205882828502125,-1.54064358113277,-1.06378058878548
"GCAGGCTTCATGACCG-2","female","EN-fetal-late",2.51142239402444,1.08022558298535,1.01237618090641,-0.461950106302568
"GCAGGCTTCCAAGTTA-2","female","EN-fetal-late",5.32702207397134,-2.8803258726316,2.58846139075291,2.65874631913536
"GCAGGCTTCCGGTTGA-2","female","EN-fetal-late",-1.04661518503516,0.412860493926472,-2.07369089959133,-1.10300640551216
"GCAGGCTTCCTGGTCT-2","female","EN-fetal-late",4.43822955917031,-0.515698034496837,-1.12361777661312,-0.802486045042345
"GCAGGTGAGTATGTGC-2","female","EN-fetal-late",0.718735216366357,2.5731858423037,-0.566016682367207,0.24531614991062
"GCAGGTGAGTCCTTTG-2","female","EN-fetal-late",0.258735297428674,0.161321740416951,-1.85359121201503,1.74083371671074
"GCAGGTTGTAATCGCA-2","female","EN-fetal-late",2.22791671584756,-0.487752277584605,1.26427691342366,0.679193036874464
"GCAGGTTGTCCTTTAA-2","female","EN-fetal-late",0.355281828152245,1.03046910074181,0.559896922726749,-0.710266453901598
"GCATATATCCCTCGCA-2","female","EN-fetal-late",-2.16887688804954,1.87644104268975,-1.39600051281917,-2.61025874106056
"GCATATATCCTAAGAC-2","female","IN-fetal",0.177073119389123,-8.62842090818458,2.77715562941563,-6.80967609373696
"GCATCCTTCATCCTAT-2","female","EN-fetal-late",1.98751497100503,1.33455918338723,0.547885215897678,-1.5715541073478
"GCATCCTTCTAATCCT-2","female","EN-fetal-late",-5.85983705688804,-3.44028099271827,-0.914167889337422,8.12354095490806
"GCATGAAAGCAAGACA-2","female","EN-fetal-late",6.79532670806558,0.941006440488763,4.2568044579221,1.24511297257774
"GCATGAAAGGCAACAA-2","female","EN-fetal-late",-7.89323282409995,1.3223430624289,-5.44421864388454,-2.15829746214516
"GCATGAAAGGCGGGTA-2","female","EN-fetal-late",-4.24014496971458,1.67016170528359,-3.66525698540676,-2.21327106444008
"GCATGAGCAGTAAAGC-2","female","EN-fetal-late",-6.85935211349815,2.31681005266137,-4.65114928124416,-2.40574733702309
"GCATTGCCAGCCTGCA-2","female","EN-fetal-late",1.53987932037026,2.05132750776238,0.765739402790187,-1.5518151947654
"GCATTGCCAGTACCGT-2","female","EN-fetal-late",4.13922500442178,0.415784518985219,3.28692626120579,1.5671486428582
"GCCAACATCCGCACAA-2","female","EN-fetal-late",-3.00019872356742,-1.41759808752113,-3.12472391961086,-2.72432128874428
"GCCAACATCTAAGTGC-2","female","EN-fetal-late",0.493090985523766,1.69677768257088,-0.428408690671803,-0.301038456837007
"GCCAACATCTCACTCA-2","female","EN-fetal-late",0.688731430279321,-3.49562223646217,1.28738086583149,0.979759590943983
"GCCAACATCTGGTCCT-2","female","EN-fetal-late",2.32572388480813,1.19263751414246,0.707729688902019,-0.564650160948107
"GCCAATAGTTTGGGCG-2","female","EN-fetal-late",-3.08929681946128,2.32488445547051,-3.26757121918667,-2.52206961599953
"GCCAATTAGACACCGC-2","female","IN-fetal",-0.0832161920198737,-8.73768718931251,3.76598571898472,-7.08651296583779
"GCCAATTAGGACCTCA-2","female","IN-fetal",-0.473552109492713,-9.14027889463478,3.09765266539585,-7.03418580977089
"GCCAATTAGGTAACGA-2","female","EN-fetal-late",3.17712497543008,1.70560256746239,1.99147140147221,0.246497856696776
"GCCAATTAGTTAGCTA-2","female","EN-fetal-late",4.39843654464394,1.20210791733689,0.788586936016201,0.570947634299925
"GCCACAATCATGTTTC-2","female","EN-fetal-late",-8.28135204483359,2.0483074596209,-5.94744063256252,-1.98884765593178
"GCCACAATCGGTTCCT-2","female","EN-fetal-late",7.26157998870522,-1.21929081174903,-1.17938733933437,8.52281864198082
"GCCACACAGTCACCTC-2","female","EN-fetal-late",6.50867271255166,-0.766197879047923,3.95539855124485,2.17232258828514
"GCCACTAAGCTCAATA-2","female","IN-fetal",-0.170921684993201,-8.8128472158628,3.20461010100376,-6.97682849852211
"GCCAGGAAGAGGGACT-2","female","IN-fetal",2.79687595199258,-7.45398529264503,0.144306532163738,-5.84083024946816
"GCCAGGAAGTCATTTC-2","female","EN-fetal-late",1.63046097587258,1.50071958806939,0.800015053768276,-0.745264990011522
"GCCAGGTTCAAGTGAG-2","female","EN-fetal-late",8.02872133086831,-0.4883056471067,4.66339730383885,1.91201241525047
"GCCAGGTTCACTAGGT-2","female","RG",-1.98876351286262,-6.21546037885719,-5.78561497567165,3.51859815629356
"GCCAGGTTCCTTAGTT-2","female","EN-fetal-late",-5.89874458481162,-2.91621430608802,-1.02703452942836,8.30794055970543
"GCCAGGTTCCTTGCGT-2","female","EN-fetal-late",-2.25935775209754,0.976841565041012,-2.06470847962368,-1.46261171785958
"GCCATGATCCCGTTGT-2","female","EN-fetal-late",-4.96368599106162,1.79301057365365,-3.78636074898708,-2.71538559881813
"GCCATGATCCCTCAAC-2","female","EN-fetal-late",-0.615792097342902,0.488418292073674,-0.426016458253743,-0.395168883482286
"GCCATTACAATGAATG-2","female","EN-fetal-late",6.71517038177163,-1.95387299749427,4.56212710501683,2.09100766690605
"GCCCATAAGCCTAATA-2","female","EN-fetal-late",7.04011583160073,0.840615137299664,5.05695437552464,2.28287704499595
"GCCCATAAGCTGTCAG-2","female","EN-fetal-late",-2.3072417395243,0.905142772762246,-1.78302527306545,-1.32249955622322
"GCCCATAAGTTATGTG-2","female","EN-fetal-late",-4.11804890800803,4.15942184236474,0.160947120804905,-4.85127918211586
"GCCCGTTGTTCATCTA-2","female","EN-fetal-late",0.0329289419522942,1.88989965227074,0.538853890318988,-1.38091186968453
"GCCCTCATCAGCACCA-2","female","IN-fetal",2.69894075225503,-5.50332172605567,0.0350729441834675,-4.45472375837929
"GCCGTGAGTCCGTAGG-2","female","EN-fetal-late",-0.103351237071448,-4.15133531782203,3.63307808997166,-3.04855911223061
"GCCGTGAGTCTCAGCC-2","female","EN-fetal-late",-6.15494585205405,-3.10473664495521,-1.21046007512081,8.37457855256431
"GCCGTGAGTGGACATC-2","female","EN-fetal-late",1.05793809722573,-0.624958593578868,0.0805499470425831,-0.542634231726
"GCCGTGAGTGGACCTG-2","female","EN-fetal-late",-4.4184083955416,1.62990454938836,-3.10359407303798,-2.46028129545815
"GCCTAATAGGTCCTAG-2","female","EN-fetal-late",-5.80244493652671,2.47202471998162,-3.92971754906643,-2.56863109556801
"GCCTAATAGTATGTGC-2","female","EN-fetal-late",-3.52697754074424,2.6349739244265,-1.07306111691463,-2.35983888594277
"GCCTAATAGTGGCGGA-2","female","EN-fetal-late",0.0374246818891228,5.4321946313662,-0.595514663438679,6.85356004746788
"GCCTACTTCACCGGTA-2","female","IN-MGE",-3.40710234810203,8.58948222902245,5.47727965476048,-3.13667361227638
"GCCTACTTCCTGTTCA-2","female","IN-fetal",-0.591874005092078,-8.5758562872129,4.00748991133702,-7.22369615522988
"GCCTATTGTACAAAGA-2","female","EN-fetal-late",-1.39322254974931,1.04768696036763,-1.43983960984218,-1.60057811228401
"GCCTATTGTGTGTCCC-2","female","IN-fetal",-0.171970726741248,-8.97248371336036,3.33512138487828,-7.41483442274697
"GCCTCAAAGGGCTTAT-2","female","EN-fetal-late",0.638570068584985,1.50699661281533,0.262966922540783,-0.963116092363664
"GCCTCCATCAATGTGC-2","female","EN-fetal-late",4.90198182891518,-2.19782765600257,2.12424396636021,2.8630128672921
"GCCTCGACAAACTCAT-2","female","EN-fetal-late",-0.308254720462257,5.2229079416079,-0.588915237169148,7.56721838029259
"GCCTCGACAACTAACT-2","female","EN-fetal-late",-0.171519877208167,0.0125210097116897,-0.227962204198719,-0.885463518778154
"GCCTCGACACATTAAC-2","female","IN-fetal",-4.08620929886191,7.00579015520043,4.24042176367772,-2.52306215254433
"GCCTCGACAGCCAGAA-2","female","EN-fetal-late",-3.80402541328757,-2.2314844915586,-0.972932347040059,5.17435987504356
"GCCTCGACAGCTAATT-2","female","EN-fetal-late",0.587106226193017,5.77433482912011,0.291969030220626,6.89813812287681
"GCCTCGACATAATTGC-2","female","EN-fetal-late",0.273426173435754,-0.350453216763072,-0.014491864423634,-0.877418918291399
"GCCTGAGGTAGGATCC-2","female","EN-fetal-late",5.09419965575845,-2.8038311788755,2.25929414393437,3.01529772790306
"GCCTGAGGTGGGAACA-2","female","EN-fetal-late",-0.224566938174659,6.00126640108056,-0.438084431867482,7.27564151795738
"GCCTGAGGTTAATCGG-2","female","EN-fetal-late",1.46291231940896,0.756607997981972,0.290258518476604,0.638366716226271
"GCCTGAGGTTCGGTAA-2","female","EN-fetal-late",4.02943277190835,-1.27048023435646,1.75484847189915,1.6920505336129
"GCCTGCTGTTAATGCG-2","female","EN-fetal-late",6.53318166564614,-0.974020678730541,3.79102014662754,1.32872791798942
"GCCTGCTGTTAGCCAA-2","female","EN-fetal-late",0.953245876537866,-3.85084636900001,-0.00607002614009516,0.545367555936506
"GCCTGTGCAATCATGT-2","female","EN-fetal-late",-5.4396486299166,13.4880494287295,-5.17144156334865,3.23949749978416
"GCCTGTGCACTTACAG-2","female","EN-fetal-late",-0.174335839045936,5.72993985917992,-0.629364618043782,7.33929260285728
"GCCTGTGCAGCCTAAC-2","female","EN-fetal-late",-5.85782861877769,2.13068024423546,-3.79325819848049,-2.74618093458779
"GCCTTAACAGCATGGA-2","female","EN-fetal-late",7.03935956786782,0.811640662891931,5.08029460074437,2.26728852303856
"GCCTTACTCTCAATGA-2","female","IN-fetal",-4.4738545434603,8.28731004503197,5.16251610877049,-3.73826710669167
"GCCTTACTCTCACACC-2","female","EN-fetal-late",7.05442190002114,-0.90819569322639,4.6414627945615,2.19656355889671
"GCCTTAGAGCATGGTT-2","female","IN-fetal",1.89222907851846,-8.18844230863624,0.839827171583293,-7.15519897429115
"GCCTTAGAGGCTTAAC-2","female","EN-fetal-late",-3.92735624481528,4.79667512681908,-2.22976113198269,-3.04806677786476
"GCCTTGCGTACCGAAC-2","female","EN-fetal-late",-7.88405037094443,2.40219084527916,-5.55465412972438,-2.17488805739052
"GCCTTGCGTCAAGTAT-2","female","EN-fetal-late",5.15272617171914,-1.44234116766029,2.69222735526097,-7.48380701033241
"GCCTTGCGTCATTGTC-2","female","EN-fetal-late",3.20690822433144,0.498903851775593,1.23715989949238,0.39551468404167
"GCCTTGCGTCCCGAAG-2","female","IN-fetal",-0.484456183207923,-9.24697502347999,3.33339475752842,-7.15040103880531
"GCCTTTATCTAAGTGC-2","female","EN-fetal-late",-5.72553301025718,2.06329623964257,-4.89843035576809,-2.27754799811012
"GCCTTTATCTACCTAT-2","female","EN-fetal-late",-1.30647812951892,-6.47516735288673,-2.30997038720119,-1.527846021334
"GCCTTTATCTGCAAGT-2","female","EN-fetal-late",-0.831524910224372,3.05290238168663,0.00876452686321599,-2.37821666685707
"GCGAAGCCAAAGCGCA-2","female","EN-fetal-late",0.0850642902723016,0.29657326248116,-0.312766560296894,-1.34068040339119
"GCGAAGCCAATTAGGA-2","female","EN-fetal-late",-0.514810981048041,-0.0695807525830796,-1.16016436455715,-0.903662604967424
"GCGAAGCCACTAGGTC-2","female","EN-fetal-late",0.0266516191831292,-4.70643146726661,-0.127210506181599,-0.623137635866472
"GCGAAGCCATATAACC-2","female","EN-fetal-late",1.57361388038308,1.12433333304352,0.274692303557514,-0.711039704958269
"GCGAAGCCATTCCTCG-2","female","EN-fetal-late",-3.58914041687339,1.64528809097237,-1.90611911652553,-2.92525140730507
"GCGAAGTAGGAACGCG-2","female","IN-fetal",-0.436190130008155,-9.18321903440528,3.42285322310459,-6.86811248747475
"GCGAAGTAGGAACGGT-2","female","IN-fetal",-4.26158762146323,6.58821050432152,3.31184124114048,-2.9360925385154
"GCGAAGTAGGCATTGT-2","female","EN-fetal-late",-0.228376032603675,-3.67926414701515,4.54093264700901,-2.73647372213967
"GCGAGTGAGCACGATT-2","female","EN-fetal-late",0.227300642239159,-4.0746413061338,0.341149314363121,-4.62557546583779
"GCGAGTGAGGATCCGC-2","female","EN-fetal-late",-6.66145229507774,2.03213660028405,-4.65332795021999,-2.0032893845237
"GCGAGTGAGTCACCTC-2","female","EN-fetal-late",3.40039253066689,1.69504646566338,1.82639145018589,0.561825471242598
"GCGATATTCAGGAACA-2","female","EN-fetal-late",-3.78150916267722,-2.84791739675575,-1.52622474072445,4.82437665971153
"GCGATATTCTTGCATT-2","female","EN-fetal-late",-5.30660700966209,-2.36132295820289,-1.41533709404934,7.84290226014488
"GCGATTAGTACCGAAC-2","female","EN-fetal-late",-0.518985511554175,-3.20756014082008,3.18828105093968,-3.65539686171181
"GCGATTAGTGTTAAAC-2","female","EN-fetal-late",0.798601864086694,1.82839236762948,-0.361794718484761,-1.47614471403725
"GCGATTAGTTTCCACG-2","female","EN-fetal-late",-2.89457988907188,1.19674045947022,-1.54872203705776,-1.53103570429451
"GCGATTTAGAACAAGT-2","female","EN-fetal-late",1.95877957175881,-0.0335130879598191,0.725787571687816,0.349527510126761
"GCGATTTAGCCGCTTT-2","female","EN-fetal-late",-3.36242520977348,2.3930123260302,-1.88932276604641,-2.45701376883156
"GCGCAAACAGTTAGCC-2","female","EN-fetal-late",-2.10437333752006,0.882181349961228,-1.55047644017208,-1.20931343523628
"GCGCAATGTGTCCTGC-2","female","EN-fetal-late",-4.54011082817405,2.25772635248131,-2.9887702548312,-2.91879002539284
"GCGCCTTGTCCACAAA-2","female","EN-fetal-late",3.24359464477212,2.56802789476342,1.65370260836613,-0.420291108766863
"GCGCCTTGTGATGATT-2","female","EN-fetal-late",-6.24356794525474,2.40588359144158,-4.39637947915065,-2.68230549780495
"GCGCCTTGTGGAGCAA-2","female","EN-fetal-late",-5.920169832004,1.52425001171059,-3.65771818993557,-2.37910930601723
"GCGCCTTGTTAGGCTA-2","female","EN-fetal-late",1.83233475516946,2.47196690347619,1.33121161820423,-0.871391040960619
"GCGCGATTCATGCTAA-2","female","EN-fetal-late",-0.201342345965797,2.62950209882683,0.233574873824237,-2.11195198980934
"GCGCGATTCCCTGATC-2","female","EN-fetal-late",-8.16843795944541,1.97103444841332,-5.30825663445461,-2.92538134543068
"GCGCGATTCCTAAGAC-2","female","EN-fetal-late",-8.13093900848716,1.58952401187844,-5.42712212441433,-3.00362483946449
"GCGCGATTCGGGACCT-2","female","EN-fetal-late",-5.43768930603355,2.24985615518517,-3.32483387825954,-3.06931130377419
"GCGCTTAAGAAGCTAG-2","female","EN-fetal-late",-2.36003863979667,2.71592501905388,-2.18394280312526,-2.54323188749916
"GCGCTTAAGCCTGAGC-2","female","EN-fetal-late",0.179793356167382,-3.39267690870338,-1.13982427952755,-1.08028940645821
"GCGCTTAAGGCCATCA-2","female","IN-fetal",2.52982640098245,-7.41118534299903,-0.0989515268610729,-6.33931199995644
"GCGCTTGCAAGATTCT-2","female","EN-fetal-late",2.0420293791166,2.30130700376458,0.804134867210506,-1.70329634634621
"GCGCTTGCACAATACT-2","female","IN-fetal",-3.6330935971865,6.7630805185122,3.64313553931248,-6.46136896101601
"GCGCTTGCACTTAACG-2","female","EN-fetal-late",1.99976992438943,-1.2420636007505,1.18557511927616,0.843097942193678
"GCGCTTGCAGCATTAT-2","female","EN-fetal-late",-3.63404703308433,5.77286426332421,2.73448752524388,-2.96547238318093
"GCGCTTGCAGGCATGA-2","female","IN-fetal",3.50911521743447,-7.08330209943824,0.147196284551738,-6.3715013691581
"GCGCTTGCATAATGTC-2","female","EN-fetal-late",6.78877782653481,-1.06957121583992,4.82121180655491,2.58578570397728
"GCGCTTGCATCGCTCC-2","female","EN-fetal-late",3.50812625716836,2.49685231950707,-2.78022004006374,-0.641032261530229
"GCGGAACCAAGGCCAA-2","female","EN-fetal-late",-5.91288137604087,-2.80092437955909,-1.34323895810115,8.24808891328209
"GCGGATACAGCATGAG-2","female","IN-fetal",-0.859177233470374,-8.56870849821144,4.18151520850193,-6.89016000715859
"GCGGATACATAGTCAT-2","female","EN-fetal-late",-2.75829649139732,2.69029835966057,-0.967028149347188,-2.28964631048805
"GCGGATACATTATGGT-2","female","EN-fetal-late",-0.507764698756629,-3.34688671323829,4.53615616919529,-4.33456222502358
"GCGGGTTTCAAAGGCA-2","female","EN-fetal-late",-1.35933837462752,0.20483730342812,-1.62985897896755,-0.894754690805742
"GCGGGTTTCATCCACC-2","female","EN-fetal-late",-0.877594055427009,2.6830456664843,-0.275526770334126,-1.85086254564888
"GCGGGTTTCCTAAGAC-2","female","EN-fetal-late",5.94514226745278,-2.43485768529945,2.94255279662144,3.16516359361046
"GCGGTTATCATTTAGG-2","female","EN-fetal-late",6.91201639007241,0.821089430531628,4.37499188544285,1.51945729764335
"GCGGTTATCGCAAACT-2","female","EN-fetal-late",5.9926695806852,-0.644692976208263,3.09753822447789,1.20121522458427
"GCGGTTGGTTACAAAC-2","female","EN-fetal-late",0.128584264027184,0.635883536009259,-0.0342342340754284,-1.11326162306435
"GCGGTTGGTTGGCGTG-2","female","EN-fetal-late",10.1939396841398,-7.88204487058692,1.49925564887059,6.77666290315025
"GCGTAACGTCGTAATG-2","female","IN-fetal",3.66465473006875,-5.75897129270607,-0.0141046428488507,-4.61905042616493
"GCGTAACGTTACCTGT-2","female","IN-fetal",-3.49559498001426,-1.47902591917091,0.602714336533664,-7.18474428145058
"GCGTAACGTTCGGGAT-2","female","IN-fetal",-0.901622177852088,-8.82077511045509,3.38819264533055,-6.53389684645302
"GCGTAACGTTTGCAGA-2","female","EN-fetal-late",7.40496110747964,0.216095488337941,3.85788725974095,1.08625437529915
"GCGTGCTAGCGTGCAC-2","female","EN-fetal-late",-3.19410514999717,2.57009724882073,-0.832087167482258,-1.42066411463387
"GCGTGCTAGTTAGTGC-2","female","EN-fetal-late",-1.37849240918248,0.678247924713559,-1.63707853196132,-1.11658899275429
"GCGTTTCTCCCGCCTA-2","female","EN-fetal-late",5.28955888579995,-0.529795486660533,4.53447531821263,-2.58019701925881
"GCGTTTCTCGTTATCT-2","female","EN-fetal-late",0.563682077633447,-4.73846729490333,-3.93798876641262,-0.484364730993578
"GCTAACCCACTAAGAA-2","female","EN-fetal-late",10.1641745550504,-7.70518310758644,1.63491593958866,6.44976766618126
"GCTAACCCAGCCAGAA-2","female","EN-fetal-late",0.170699952351159,-4.74699362012916,-2.14639187691677,-0.689947707334825
"GCTAACCCATTGTCCT-2","female","EN-fetal-late",-0.76765614916175,4.95742837694115,-0.193887599687458,7.05703552277916
"GCTAAGAAGGAGGCAT-2","female","EN-fetal-late",0.16567349265725,0.367266665963597,0.11048658849728,-0.987673444429705
"GCTAAGAAGTTATTCC-2","female","EN-fetal-late",-3.63708758522361,-2.99764259550148,-1.5961635196017,5.0338211825692
"GCTAAGCGTAGTAAGA-2","female","EN-fetal-late",7.80463552306802,-0.0996084401326707,4.93714760901463,1.55634673150413
"GCTAAGCGTTAGAGGG-2","female","EN-fetal-late",-3.99793028999656,-2.77942832204872,-1.61317420838344,5.07892377885216
"GCTAAGCGTTGCTTCG-2","female","EN-fetal-late",3.38878583739907,-0.670483786793285,1.61708568694126,1.51052494557731
"GCTAAGCGTTTATGGG-2","female","IN-fetal",-5.41578459907859,13.4902018716616,3.76140903594029,-7.33955804793007
"GCTAAGTTCGCCTAAG-2","female","EN-fetal-late",-8.32867145706504,1.3135599901957,-5.89127207634914,-1.97401039091713
"GCTAATATCCCTGACT-2","female","EN-fetal-late",-4.49985885788291,2.08257631566948,-2.21126485703457,-1.97640888182289
"GCTAATATCTTAGTGA-2","female","EN-fetal-late",-4.91033554245322,2.51319495943017,-3.62330866692531,-2.62523381201393
"GCTAGCCAGCCGCTAA-2","female","EN-fetal-late",-8.25440311600059,1.49649063852257,-5.32377243874538,-3.40681116072304
"GCTAGCCAGCGGTTAT-2","female","EN-fetal-late",-5.31893468071311,2.45400504377312,-3.54784680245388,-2.84917799917824
"GCTAGCCAGGGTGGAT-2","female","EN-fetal-late",6.74855947326333,-2.16942866537147,3.40769790770542,3.12032945664757
"GCTAGCGGTAACCTAG-2","female","EN-fetal-late",-0.210408927691871,6.2938307931704,-0.744481571893574,7.6170469096505
"GCTAGCGGTGATGAAA-2","female","EN-fetal-late",10.218080042111,-7.67418201658302,1.60416316153538,6.76195247681969
"GCTAGCGGTTGCACGG-2","female","EN-fetal-late",2.50727462600381,0.801264844654269,1.53456222178471,0.369554909189871
"GCTAGCTCATGCTATG-2","female","EN-fetal-late",-0.645599247706824,2.91312448289818,-0.231557854394795,-2.5820943543113
"GCTAGCTCATTGCGGT-2","female","EN-fetal-late",0.485949395405358,-4.46328743192726,-2.90239477990139,2.4330972007119
"GCTAGTGTCATTACGA-2","female","IN-fetal",-4.88936233688682,6.08829681184716,3.17238663794529,-3.25296585051186
"GCTAGTGTCGGTTTCC-2","female","EN-fetal-late",-4.39690756965964,1.57544825580544,-3.20331908104885,-2.78290478674538
"GCTATAGGTATGGTGC-2","female","IN-fetal",-0.121009470714027,-8.67718704435401,3.76856826903355,-7.36384622542031
"GCTATAGGTCGTAATG-2","female","EN-fetal-late",-4.69500398804038,2.39048568513817,-1.53426743386257,0.225765036662748
"GCTATAGGTTACATCC-2","female","EN-fetal-late",6.43887185882241,-1.49171694013649,3.35735487105381,2.24013669999473
"GCTATAGGTTACCGGG-2","female","EN-fetal-late",3.11503028701455,2.40865937974877,1.63589882018101,-0.21617240993149
"GCTATCCTCCTTAGTT-2","female","IN-fetal",3.34356593917519,-7.2182074377256,-0.0740169668005718,-7.02858344999916
"GCTATCCTCGGCCATA-2","female","EN-fetal-late",0.804389951931542,2.34523515012688,0.0939105069829212,-2.31816522566445
"GCTATTGCAAAGCTAA-2","female","EN-fetal-late",-2.53908813167899,2.53160540368981,-0.454664179067494,-2.41554848639137
"GCTCAACCAAGGGTTG-2","female","EN-fetal-late",-5.98926782776206,-2.84056003782325,-1.16803408501613,8.5172777942025
"GCTCAACCACGCAACT-2","female","EN-fetal-late",2.48618554900796,1.29462621715493,-0.585130044202687,1.42637355836265
"GCTCAACCAGGATAAC-2","female","EN-fetal-late",6.44310998748452,-0.828493315907054,3.39194249274266,1.1084094813668
"GCTCACAAGAAAGCAT-2","female","EN-fetal-late",0.167505024181908,-4.64990099165016,-1.61859227059353,-0.135802132765123
"GCTCACAAGAAGCTAG-2","female","EN-fetal-late",5.65190791915566,1.10704002883858,2.86747669341099,0.39972274216049
"GCTCACAAGACAGGCG-2","female","EN-fetal-late",0.163247822033471,-4.11076744291358,-3.2561075770663,2.46200068505638
"GCTCACAAGATAGACG-2","female","IN-fetal",-5.10247588325828,7.99674169328637,1.59884904982579,6.00233324082725
"GCTCACAAGCGGCTGT-2","female","IN-fetal",0.294241188274926,-9.08789833280616,1.38590501906407,-7.28801862684853
"GCTCACAAGTTGCGTG-2","female","IN-fetal",-0.535125018847877,-8.55479343626075,3.45899724127781,-7.06066934553749
"GCTCATTGTATTGTGG-2","female","EN-fetal-late",0.458598492847985,2.42138520982689,0.278548604865192,-2.26125995604164
"GCTCATTGTCAATGTG-2","female","EN-fetal-late",-3.73210263420432,4.87660686281151,-2.48043466446865,-1.49826971975929
"GCTCCTTAGGGATGAC-2","female","EN-fetal-late",0.132393000828332,5.62581054475731,0.0267750239564167,7.07768781693809
"GCTCCTTAGTAAGGGC-2","female","EN-fetal-late",-0.169923187983924,-0.300409514637523,-0.735460766534688,-0.987117690721819
"GCTCCTTAGTTAGGCT-2","female","IN-fetal",3.5729303343168,-6.0292516538816,0.420083873961686,-5.01278964964516
"GCTCGATCACAACAAA-2","female","EN-fetal-late",-1.67416338790744,1.73592398670144,-2.1650180899905,-1.99240819899208
"GCTCTGGCAATTGCGC-2","female","EN-fetal-late",3.88544130157143,1.54316137340493,1.95737766386998,0.42234482081764
"GCTCTGGCAGGTCCTG-2","female","EN-fetal-late",-3.16674268413871,1.48108402994103,-2.14832926629055,-1.36203519789345
"GCTGACATCATCCTCA-2","female","EN-fetal-late",5.00147104095132,-1.60430486890846,3.2976353085233,2.57591755898826
"GCTGACATCGTAATCA-2","female","EN-fetal-late",0.565274713741845,-3.71329172346168,1.30110233189595,0.41907812865608
"GCTGACCAGGAACACA-2","female","EN-fetal-late",0.652495620953149,0.877336140541501,-0.17683447239864,2.24571545632713
"GCTGACCAGGACACTT-2","female","EN-fetal-late",-2.6140095012316,2.48887948301262,-0.518159517030598,-2.01968376127846
"GCTGACCAGGGTCCAC-2","female","EN-fetal-late",6.63099908660561,0.921736221579976,4.51632260443699,1.76660903008812
"GCTGACCAGTGAACCT-2","female","EN-fetal-late",10.3587079031339,-7.65804584714942,1.53015028597844,6.68523939164512
"GCTGACCAGTTCCCAC-2","female","IN-fetal",-0.41364836860984,-9.00719364378028,3.59097789885533,-7.24064104048378
"GCTGAGGAGGACGTAA-2","female","EN-fetal-late",1.67730545829446,2.59799317624993,0.926497272272228,-0.938635034242937
"GCTGAGGAGTAACGAG-2","female","EN-fetal-late",2.88182830642373,-0.484469253750377,0.869838438053249,0.617072480043104
"GCTGAGGAGTGAGCGG-2","female","EN-fetal-late",1.77968454192788,0.104012410907216,0.463093604017614,-0.251732391992876
"GCTGATCCAATGCCTA-2","female","EN-fetal-late",-2.10117751528113,1.58746204879708,-1.49286902783382,-1.7117295691169
"GCTGATCCACAATTAC-2","female","IN-fetal",0.330870030628747,-8.52113064024024,0.866140416879772,-7.20060770002968
"GCTGATCCACTTAACG-2","female","EN-fetal-late",1.01769447158486,1.27160335686631,0.406997381067468,-1.77431468454964
"GCTGATCCAGGCAAGC-2","female","IN-fetal",-6.52290535141318,8.12245981004662,3.71255659224522,-5.32046167341835
"GCTGATCCAGGCATCT-2","female","EN-fetal-late",5.41382503341348,0.748836856154866,2.41104482771885,0.54522542866104
"GCTGATCCATAAGCAA-2","female","EN-fetal-late",-8.30343151260703,1.4727447440905,-5.49255276558864,-3.217059535662
"GCTGCAATCACCATTT-2","female","IN-fetal",-0.974675031197959,-8.58326252195411,4.13101314665806,-6.72945920912392
"GCTGCACAGCGAGCGA-2","female","EN-fetal-late",-5.86666488815635,1.17073385026879,-3.53128219483364,-2.43206707922585
"GCTGCACAGGCGCATC-2","female","EN-fetal-late",3.64380884002358,2.15384725835747,1.71053158404362,-0.383408767858812
"GCTGCACAGTAGCTTA-2","female","EN-fetal-late",-2.77872312237113,1.89118210580773,-2.22460485337246,-2.31630055395729
"GCTGCATCAAACCTAT-2","female","EN-fetal-late",-0.676489235652381,-0.121820826263957,-1.30299998162258,-0.861969573179552
"GCTGCATCATGGCCCA-2","female","EN-fetal-late",-1.60229034890025,0.96883244421906,-1.89381695626247,-1.3514384457267
"GCTGGATGTGATTACG-2","female","EN-fetal-late",-6.01337719131797,-3.52783735487037,-0.315257319192769,8.41026695283287
"GCTGGTTCAAAGCTCC-2","female","EN-fetal-late",6.17547321151406,-0.809064585896068,3.31067728163731,1.55825849088066
"GCTGGTTCAATTGAGA-2","female","EN-fetal-late",5.46260404418618,-0.611145097942882,5.10571192862523,-3.74325768438942
"GCTGGTTCACAAAGCG-2","female","EN-fetal-late",3.30558776687295,13.2413548639101,-4.0983243071841,6.28091438325279
"GCTGGTTCATTTAAGC-2","female","EN-fetal-late",-3.33565211464255,-3.23591955396705,-1.33102501271236,4.69046171220177
"GCTGTAAGTTTAACCC-2","female","EN-fetal-late",3.31347083877236,13.2335499933047,-4.04718972084987,6.18250902207725
"GCTGTACCAAACCTTG-2","female","EN-fetal-late",-0.36038315464347,5.31413451936669,-0.401819356660725,7.33812435181969
"GCTGTACCAAATATCC-2","female","IN-fetal",-3.64518666435569,-1.77694900724464,-1.05630601284969,5.07299383195274
"GCTGTGATCACCTGTC-2","female","EN-fetal-late",0.034472940670556,0.373590420751042,0.210753536839603,-0.954430384317705
"GCTGTGATCTAAGTGC-2","female","EN-fetal-late",10.2784390432707,-7.14144857618385,2.07356106402409,6.8832765391671
"GCTGTGATCTAATCAG-2","female","EN-fetal-late",-6.34142828155845,-3.11682661268287,-0.572667726259114,8.35589321168297
"GCTGTGATCTGTAAGC-2","female","EN-fetal-late",3.20946454833657,13.3352107217593,-3.93521691201198,6.12890441926353
"GCTGTGCAGGAACGGT-2","female","EN-fetal-late",-0.718761088145667,0.0451971104425857,-1.62052083847988,-1.15924374548561
"GCTGTGCAGTTGCCTC-2","female","IN-fetal",-5.03966093231528,6.6228365114016,3.12366031767857,-3.07118169752724
"GCTTAAATCAATAGCC-2","female","EN-fetal-late",4.33683919738442,-0.304594475956493,4.38330983283055,3.0303073695504
"GCTTAAATCACCGGTA-2","female","EN-fetal-late",-8.33816671539634,2.05273668077416,-5.31290818093288,-3.47496239630348
"GCTTAAATCATGCAAC-2","female","EN-fetal-late",-0.128994228137427,0.605702530412144,-1.01072657940853,-1.01616184202797
"GCTTAAATCGCTAGCA-2","female","EN-fetal-late",6.63207292388589,0.171326320437855,3.90789794089329,1.31731374772423
"GCTTAAATCGTAACGT-2","female","EN-fetal-late",5.49575614761025,-0.989664990635448,1.83753477694523,5.80470283540123
"GCTTAAATCTTGGACG-2","female","EN-fetal-late",-5.12024450470298,2.28493468072838,-3.42055440781582,-2.57277147261269
"GCTTAACAGGACTTAC-2","female","IN-fetal",-4.93039727379172,7.0020655801577,3.44297861220372,-3.57592884985573
"GCTTAACAGGAGGACT-2","female","IN-fetal",-3.48218059707969,7.96411983278222,4.67847823264134,-2.8757738300956
"GCTTAACAGGTAAGCA-2","female","IN-fetal",0.802479265438622,-8.864913065167,1.32787185074818,-7.19621030775673
"GCTTACCTCGTTAACA-2","female","IN-fetal",-3.66527962852805,8.71091834810204,5.39182042243016,-3.18020383803017
"GCTTACCTCTAGCTTT-2","female","EN-fetal-late",-5.81194114853233,-2.81372578832679,-1.38531363842952,7.80280883820885
"GCTTAGTAGAAAGGAA-2","female","RG",-5.38082838226646,13.4627541711611,-5.21371508477199,3.69089801820152
"GCTTAGTAGACTTATG-2","female","IN-fetal",3.24815654586465,-5.83248813840919,0.187305412311672,-4.94060890165932
"GCTTAGTAGCCACAAT-2","female","EN-fetal-late",-3.56262493301719,1.16114054229683,-2.67446280358303,-1.6109279820121
"GCTTAGTAGGTTTGAC-2","female","EN-fetal-late",-1.77534765173286,1.97308866289086,0.272149211783527,-1.98432652441628
"GCTTAGTAGTGCACGC-2","female","EN-fetal-late",4.91973161529214,-0.484307605953746,2.25199722411167,2.17151220353477
"GCTTATCGTAGGTTTG-2","female","EN-fetal-late",0.216706751095361,-4.24655254575782,-5.52392483590114,-2.64683739630348
"GCTTCGCGTTCCTCCT-2","female","EN-fetal-late",-4.08873176742881,1.73485307004876,-2.49877096055019,-2.55404440848
"GCTTGACCAACCTGGT-2","female","EN-fetal-late",-7.45026111770957,2.45396963861412,-5.88812638161647,-2.05426446882851
"GCTTGACCAGCACGTT-2","female","EN-fetal-late",6.77833032439858,-1.63299020025306,1.84322141768467,2.33416374238365
"GCTTGACCATGGTTAT-2","female","IN-fetal",-1.06165713239997,-9.13792427274757,3.9627473271085,-6.94524042097695
"GCTTTACGTGAGCAAG-2","female","IN-fetal",-4.62096095253318,5.78690330293602,-1.25662470696438,4.79141624482506
"GCTTTACGTGCTGTAA-2","female","EN-fetal-late",4.75753879378945,-2.41007693502479,-5.93158913491237,2.90911753686302
"GCTTTACGTTAGAGGG-2","female","EN-fetal-late",-0.250573875201636,1.10810537245697,-0.354704984407307,-0.928227109590837
"GCTTTACGTTTAACCC-2","female","IN-fetal",2.66142177413613,-7.10764272901588,0.475209168214916,-6.08543722120888
"GCTTTATTCAGGTCCA-2","female","EN-fetal-late",-2.00844651628822,0.554551970033116,-1.87737346528042,-1.42115036932594
"GCTTTATTCCTTGCAC-2","female","EN-fetal-late",-4.69644308258384,2.12645475175805,-3.39969182847011,-2.72224776236183
"GCTTTCATCTAACCTT-2","female","IN-fetal",-3.50029754806846,7.18135968950219,4.09039305808079,-2.92115728346474
"GCTTTCATCTTAGCGG-2","female","EN-fetal-late",3.22247934173257,13.3242949655337,-4.02079916832912,6.17383296998375
"GCTTTGTGTTCGCTCA-2","female","EN-fetal-late",-3.57136869598716,-2.67642029020362,-0.882911928872944,4.92884023698204
"GGAAACTCAATAATCC-2","female","EN-fetal-late",-3.2358151691088,8.29614249971337,5.20388936163914,-2.83072797743447
"GGAAACTCATCCCGCT-2","female","EN-fetal-late",2.15740275214822,-0.864729125233226,1.00316589238179,0.259884732087782
"GGAAACTCATGACTAT-2","female","EN-fetal-late",0.335037229763574,5.97154847886986,0.468465304989933,7.07381351502769
"GGAAACTCATGTCGCG-2","female","EN-fetal-late",-6.20880079437583,-3.19604976865821,-0.734579809884907,7.93682678254478
"GGAACAATCCTTTACG-2","female","EN-fetal-late",3.1538400633207,-0.0563326070027879,1.69161748053562,1.35186548741691
"GGAACCACATAAGGAC-2","female","EN-fetal-late",0.265403269039697,5.9741548707766,0.479498474915145,6.90088708909385
"GGAACCACATGAGTTT-2","female","EN-fetal-late",7.11294030975015,0.801544546900458,5.34367322089207,2.15458472283714
"GGAACCTGTCTATCGT-2","female","EN-fetal-late",3.77425002883584,-1.62323411199623,1.57866417529118,1.70889707120292
"GGAACCTGTGGAGCAA-2","female","EN-fetal-late",-4.63925576378196,2.49449602868981,-3.1323568904208,-3.10749141661293
"GGAACGGTCCGCCTCA-2","female","EN-fetal-late",6.72034501861245,-1.64753850194984,3.54955720068943,2.21722419770592
"GGAACTAAGTGGACAA-2","female","EN-fetal-late",-1.83756333757728,0.674617793230481,-0.985245951394917,-0.689901096502611
"GGAACTAAGTTTCCTG-2","female","EN-fetal-late",5.68717861007363,-2.56356509420448,3.44232582213414,3.10183437379234
"GGAAGCTAGTTCCCAC-2","female","EN-fetal-late",-2.80899429489463,2.87365047243065,-1.14420653222072,-2.4986495205558
"GGAATCTTCACAGCGC-2","female","EN-fetal-late",-0.615219475520545,-4.50888450834327,-1.12198282120693,0.0672154261373789
"GGAATCTTCACCAATA-2","female","EN-fetal-late",-4.10955429245322,-2.425535280438,-1.71028638718593,5.71770961793297
"GGAATCTTCCGCAAGC-2","female","EN-fetal-late",-4.57177877594321,2.32514611986107,-2.89872289536464,-2.87530581442482
"GGAATCTTCCTTCGTA-2","female","EN-fetal-late",2.02746128867776,2.24136237409539,0.664714298267482,-0.817051334062883
"GGAATCTTCGATTTAG-2","female","IN-fetal",-3.7938385026583,-1.32958420011573,4.03601621748936,-6.20465414015419
"GGAATCTTCTACTAAG-2","female","IN-fetal",-0.353330494655067,-8.87491901609474,3.54270934226048,-6.9599851795829
"GGAATCTTCTGTGAGT-2","female","IN-fetal",-2.86545014549583,7.56052581575341,4.95545720221531,-2.81741039244301
"GGACAGCCAATGCCTA-2","female","EN-fetal-late",7.63295411895425,-0.846948821278148,0.838076314945339,-7.07048837629921
"GGACAGCCAGCATGGA-2","female","EN-fetal-late",7.69285917113931,0.266682129172749,3.43796681525242,1.05287923129432
"GGACAGCCATGAGCAG-2","female","IN-fetal",-4.89124417473167,5.83629171159691,3.03056072356236,-2.85982791868813
"GGACAGCCATGCTCCC-2","female","EN-fetal-late",-4.2727375047335,-1.56929119321876,-0.972324618081929,5.70756395371788
"GGACAGCCATTAGGTT-2","female","EN-fetal-late",-6.1589941995272,-3.17910774442726,-0.872621425371052,8.45174034150474
"GGACATAAGCTCCCTG-2","female","EN-fetal-late",-0.126647950900489,-0.197341520519786,-0.619390138368489,-0.757082504907915
"GGACATAAGGAAGCAC-2","female","EN-fetal-late",-7.72370863128989,1.62405536678261,-5.42177677987087,-3.27834741560585
"GGACATAAGGACCTGC-2","female","EN-fetal-late",6.9828572256437,1.04852635767884,5.10106610419285,2.12827880891197
"GGACATAAGGGCTAAA-2","female","EN-fetal-late",4.72709226440102,-1.21603782865577,2.32435511710179,2.97407372506492
"GGACCGAAGAGGAGGA-2","female","EN-fetal-late",0.714879749523705,1.93273035791344,0.865497789402126,-0.885989112535784
"GGACCGAAGATGGAGC-2","female","EN-fetal-late",0.731937406765527,-4.0677996465879,2.14805292250645,2.53224523576134
"GGACCGAAGCATGGTT-2","female","EN-fetal-late",3.50230359862954,0.608651306299634,0.96482937695515,-0.176094872633287
"GGACCGAAGGAAGCAC-2","female","IN-fetal",3.29829168151528,-7.12433202955299,0.0663203811837421,-6.54136697737343
"GGACCTCAGGACCGCT-2","female","EN-fetal-late",-6.86302900482505,3.12860862520165,2.95271991850865,-6.64093725172646
"GGACGAAGTGTGTGGT-2","female","EN-fetal-late",-3.42020833660453,2.40026144292778,-2.00448156235683,-3.07891385046608
"GGACGGATCATGAAGG-2","female","EN-fetal-late",-4.37983942200034,1.60984132793374,-3.61220408318508,-2.32830969778664
"GGACGGATCTAAGTCA-2","female","EN-fetal-late",0.10769808124215,-3.75765712949806,-1.049337633829,4.09458740266197
"GGACTAAAGCTTAGCG-2","female","IN-fetal",-6.67958355118125,8.0682915857119,3.80624841811192,-7.45070592848427
"GGACTAAAGGAGCACG-2","female","EN-fetal-late",0.25321924518258,-4.38286121580177,0.858189991731761,-0.083487761894533
"GGAGCAAGTCATTAGG-2","female","IN-fetal",2.95637464355142,-6.23522861692482,3.84098528983128,-6.14283267943031
"GGAGCAAGTCCACAAA-2","female","EN-fetal-late",-1.07284248043388,0.437006335524983,-2.53263235924709,-1.95249072996742
"GGAGCAAGTGCATTAG-2","female","EN-fetal-late",-8.21649742294639,1.62537537124581,-5.5182576262759,-3.12239400831825
"GGAGCAAGTTAAGCCA-2","female","EN-fetal-late",-3.76760268379539,5.50469199922509,-0.536856302003743,-0.406071824709246
"GGAGCATAGGCAACAA-2","female","EN-fetal-late",-3.7605247514376,3.33852664735741,2.98955439688694,-7.20187465635903
"GGAGCATAGGTGAAGC-2","female","EN-fetal-late",10.2666621191374,-7.31193741056495,1.6811436331464,6.31231792481773
"GGAGCATAGTAACCAC-2","female","EN-fetal-late",-6.16901683975547,-3.17501886579567,0.0162362075043903,7.57235582383507
"GGAGCATAGTGAGGGT-2","female","IN-fetal",-5.93740415741294,8.33933011796898,4.38209890486729,-4.89662353483803
"GGAGCATAGTGGACAA-2","female","RG",-1.80250808764785,-6.18399246427589,-5.86846114037502,3.58104117425316
"GGAGCGATCATTAGTG-2","female","IN-fetal",-3.99258184601157,6.32246248033471,3.47147511603367,-2.75790802923805
"GGAGCGATCGTGCTTC-2","female","EN-fetal-late",-3.78919625450462,1.72130690124459,-2.308455237131,-2.9679893681205
"GGAGCGATCGTTACAA-2","female","EN-fetal-late",-4.19067263771384,-2.40152438375526,-1.76350069878566,5.39363773377769
"GGAGGTTAGTAACCCG-2","female","EN-fetal-late",7.57331037353188,-0.536911685200267,4.61780165793431,1.39718432935112
"GGAGTCTGTAACCTAG-2","female","EN-fetal-late",5.70309495757729,-2.67026599142128,3.29120873572361,1.95526011498802
"GGAGTCTGTACGGTAC-2","female","EN-fetal-late",1.0155241472593,1.27696446683831,-0.224926658849598,-0.610304934660265
"GGAGTCTGTAGGTGTC-2","female","EN-fetal-late",0.00062405894905937,0.973508085874982,-0.528629907350422,-1.06641928640969
"GGAGTCTGTTTACTTG-2","female","EN-fetal-late",2.81983899902017,0.944924700824685,0.673246226329921,-1.13640861002571
"GGAGTGAGTCCTCCAA-2","female","EN-fetal-late",6.57647847961099,-1.38630874845558,3.43634914519322,3.01379354508751
"GGAGTGAGTTATTGCC-2","female","EN-fetal-late",-5.94386482406943,1.87796394136376,-5.04113865731227,-2.65315787283547
"GGATAACCAAGGTACG-2","female","EN-fetal-late",-4.34957719017356,1.72621993329949,-2.73311067460048,-1.76209370581276
"GGATAACCAATGAAGC-2","female","EN-fetal-late",-3.92316985298484,-2.76143844816261,-1.62861038086879,5.22193964036339
"GGATAACCAGGCCTTG-2","female","EN-fetal-late",-7.60350704361289,1.49153773096032,-5.14709950325954,-1.49906103102333
"GGATACTTCACTCAAA-2","female","IN-fetal",-3.72543311287254,6.62227145936913,4.27748560072911,-2.57706634489662
"GGATACTTCAGGTCCA-2","female","EN-fetal-late",1.02161598037393,2.27841738965935,0.525167479236244,-1.96591059652931
"GGATATTGTGATCATG-2","female","IN-fetal",-5.24658870865195,6.3189887216372,3.15607499243748,-3.18100635496742
"GGATATTGTGCAATGC-2","female","EN-fetal-late",7.39151239226968,0.737449806003041,5.01997803809178,2.44390709908836
"GGATGAATCACGAATC-2","female","EN-fetal-late",2.98487663100869,-0.534551102848583,0.921222142000316,-0.150113625208208
"GGATGAATCATTGCAA-2","female","EN-fetal-late",-0.0177468078264533,5.37616769578881,-0.701086171846272,6.87631710084312
"GGATGAATCCTAAGGT-2","female","EN-fetal-late",7.14473676513345,0.75415856745667,4.2340891277982,1.23041911633842
"GGATGGCCACCACAAC-2","female","IN-fetal",-4.90924549270957,6.74124376085228,-0.0165952527331127,-0.0486309060252398
"GGATGGCCACGTGCTG-2","female","EN-fetal-late",3.93572282622964,0.646792080072827,2.06791388155949,1.09772135527962
"GGATGGCCAGGAACAT-2","female","IN-fetal",2.93737697433144,-7.67527302000099,0.101383141298412,-5.85565082518227
"GGATGTAAGCTATATG-2","female","EN-fetal-late",-2.13148975540488,1.09442366269059,-1.71432376740444,-1.17146877733833
"GGATGTAAGGCGCATC-2","female","EN-fetal-late",-3.17110121418327,2.10799161699242,-2.24536872742641,-2.06510083166725
"GGATGTAAGGCTAAGA-2","female","IN-fetal",-3.23455369640678,6.81934873369164,4.72096490027439,-2.70120422331459
"GGATGTAAGTAAGTCC-2","female","EN-fetal-late",0.495385168301171,-3.63558109495216,0.663366041202663,1.42248518975609
"GGATTATGTTAGGCTA-2","female","EN-fetal-late",-6.14822054077476,-3.58997829649025,-0.18866593478191,8.14488895448082
"GGATTATGTTCATTTG-2","female","EN-fetal-late",-3.32835400272697,-3.04275305959754,-0.961183198671223,5.08053977998131
"GGATTCAGTACTGAAT-2","female","EN-fetal-late",5.4114632589689,-1.73349388334327,4.03968142630589,2.45888574632042
"GGATTCAGTGAGCACT-2","female","IN-fetal",-0.147184254420692,-9.24074180814796,3.8530380642606,-6.70988552061684
"GGATTGCGTCCCGAAG-2","female","EN-fetal-late",-2.82376563717216,1.89535347726769,-1.94907236931789,-2.70969025580055
"GGATTGCGTTACATCC-2","female","EN-fetal-late",1.1596367342344,-4.06092699262672,-0.128142722825886,-0.444922012964556
"GGATTGCGTTTAGTCC-2","female","EN-fetal-late",4.68155097793252,1.65408090856499,2.20649181963932,-0.0980058738387316
"GGATTTATCAATCATG-2","female","EN-fetal-late",-7.89017057586997,2.25169424322075,-4.94627285836208,-1.75167707888252
"GGATTTATCCTAAGAC-2","female","EN-fetal-late",3.70886373351724,0.394846152333684,0.986310414095043,1.69949205430382
"GGATTTATCTCAATTC-2","female","IN-fetal",-4.49319458175986,6.48630134370751,3.0891687786771,-3.10449878660805
"GGATTTATCTTAGTCT-2","female","EN-fetal-late",2.07428955863625,-1.2716193983274,1.48620735766423,1.64635201009147
"GGCAAATCAACACCTA-2","female","EN-fetal-late",1.90484690498025,-0.14404763671928,-4.996692188959,3.33930118592613
"GGCAAATCACAGGGAC-2","female","IN-fetal",3.44042062591225,-6.24966724607521,0.22888306440842,-4.8826884457267
"GGCAAATCACATTAAC-2","female","EN-fetal-late",-3.18741536308616,5.76233808305687,0.116638860721706,-1.45409790960915
"GGCAAATCAGAATGAC-2","female","OPC",-13.8956208245882,-11.6545124838071,-6.11494398949611,2.88810022385948
"GGCAAATCAGCAAGGC-2","female","EN-fetal-late",9.43510675262124,-7.71579178068214,-0.844176777582051,5.02787788422935
"GGCAAGCCATAATCGT-2","female","EN-fetal-late",5.60471010039956,-2.67003973218971,2.5747508919431,2.89294465096824
"GGCAATCGTTGGATAT-2","female","EN-fetal-late",3.24775409530312,1.83548341300911,1.68375932337773,-0.496656400839159
"GGCAATCGTTTAAAGC-2","female","EN-fetal-late",-1.40435215253919,1.99589113500542,0.0427284455491291,-2.10853354422219
"GGCATGGAGCGGTTAT-2","female","Pericytes",-1.98463410307258,-15.8604918310361,-3.58879567025173,3.11717255624168
"GGCATGGAGGATTTGC-2","female","EN-fetal-late",-5.27572584320396,2.35640291479058,-4.79952717659938,-2.2722160050071
"GGCATGGAGTCTATGA-2","female","EN-fetal-late",7.62998628448159,0.250218968657918,5.0930876648618,1.91441102536552
"GGCATTAGTATGGTGC-2","female","IN-fetal",-4.9104065911898,7.17455426958031,3.88197588088047,-3.5865298935569
"GGCATTAGTCCTCCAA-2","female","IN-fetal",2.12146854232461,-7.41740616056495,1.45252167346012,-7.0618728825248
"GGCATTGTCAAACCGT-2","female","EN-fetal-late",-7.61672115494102,2.34469513204522,-4.92346669075954,-2.10474101988442
"GGCATTGTCATTACTC-2","female","EN-fetal-late",5.81129550765664,-1.41351230833107,0.786379328985332,1.53264232190483
"GGCATTGTCTAAGTCA-2","female","EN-fetal-late",2.2580561621061,-0.0939575025754502,0.999047688264965,0.607437508424452
"GGCATTGTCTCGCCTG-2","female","RG",-1.65946421195357,-6.22919233533912,-6.12351799843776,3.57857020409935
"GGCCATCAGCGGGCAA-2","female","EN-fetal-late",-0.769610347045356,1.05174980667061,-0.756038674096943,-1.02613572565682
"GGCCATCAGGTCTTGG-2","female","EN-fetal-late",-5.93729496170371,-3.53383835050636,-0.177145549039723,8.18416126283043
"GGCCGTTAGAGGGACT-2","female","EN-fetal-late",0.0334844572416009,-3.92090471479469,-0.199982711057545,1.00841827901237
"GGCCGTTAGCATGGTT-2","female","EN-fetal-late",0.0877585394254388,-4.1494384596067,1.66653417708409,-6.62888471571572
"GGCCTAATCCCAGTAG-2","female","EN-fetal-late",-0.391347171557838,2.38996009138054,-1.49831069348323,-1.99197523085243
"GGCCTCTGTCATAAGT-2","female","EN-fetal-late",7.45080613921792,0.319665293960042,-1.92116142151821,1.83319016011589
"GGCCTTAAGATAGACG-2","female","EN-fetal-late",-5.00478601623862,2.42053190973229,-3.43263603089321,-3.1459314057029
"GGCCTTAAGCTGGCTA-2","female","EN-fetal-late",-5.04415440727561,1.69886092451043,0.900781265516399,0.954453962167433
"GGCCTTCGTCGCAATA-2","female","IN-fetal",-3.36924779583305,7.01864043977684,4.47728203894627,-2.92107026068337
"GGCCTTCGTTAACGGC-2","female","EN-fetal-late",0.0836175663343133,1.35732589271492,-0.393697866182209,-1.62293176142342
"GGCGATACAGTATGTT-2","female","EN-fetal-late",-1.09555399586051,1.50083498266167,-0.632615216951252,-1.30768017260201
"GGCGCTAGTAAACAAG-2","female","OPC",-14.0605320947298,-11.4376965353208,-5.77048016427028,2.84862120660179
"GGCGCTAGTACAAAGA-2","female","EN-fetal-late",-4.15902567077964,-2.51994450780921,-1.64792419312465,5.48616703065269
"GGCGCTAGTTTGTGGA-2","female","EN-fetal-late",-0.104903461230689,-4.17136486265235,-0.847602733354451,1.70931978734367
"GGCGGTAAGTACCGCA-2","female","EN-fetal-late",-6.96481609512656,1.96041957643456,-4.8905081832217,-1.97249619452126
"GGCGGTTTCTAAGTGC-2","female","EN-fetal-late",3.34204864333779,-4.11773975584083,0.111239156742214,-4.91899148909218
"GGCGGTTTCTGTGCAG-2","female","EN-fetal-late",-2.84527373482078,1.14572365191407,-1.92129588959682,-1.35443739382393
"GGCGGTTTCTGTGCCT-2","female","EN-fetal-late",7.72978544067056,-1.11103745195442,4.39594911696446,2.14485939057701
"GGCGTTATCCTAGTTT-2","female","IN-fetal",1.0825772268644,-8.66906269285255,-0.0150596582697644,-6.80905286757118
"GGCTAGACATATAACC-2","female","EN-fetal-late",-5.05062222648948,2.52314833906121,-3.84508133767116,-3.22381655661232
"GGCTAGTGTGCTGTAA-2","female","IN-fetal",1.7875299436918,-8.33444317075782,0.750682077427028,-7.27078716246254
"GGCTATGTCACTAGGT-2","female","EN-fetal-late",-8.28504228760093,1.58783785608239,-5.55277872918117,-2.38900129286415
"GGCTATGTCCGCATGA-2","female","IN-fetal",-0.718168081534797,-8.81747921201759,3.70489405753147,-6.60509292570717
"GGCTATGTCCTTGCGT-2","female","EN-fetal-late",5.87470102142007,-2.42838915082984,2.68432282568943,2.74696715386741
"GGCTATGTCGGTTCCT-2","female","EN-fetal-late",-5.90255737472861,-2.86363776418739,-0.964515098314167,8.55088718446129
"GGCTATTAGCCGCTAA-2","female","EN-fetal-late",-0.341971518290931,-4.00721271726661,-1.46666706440914,2.16557271989219
"GGCTATTAGCTCCTTA-2","female","EN-fetal-late",-4.76621437240928,2.42904261854119,-2.41575456498134,-3.01507942167885
"GGCTATTAGTAGGATG-2","female","EN-fetal-late",4.72007512878091,-0.952148754330211,-2.15774131653774,-1.57109479395516
"GGCTCAATCACAGGAA-2","female","IN-fetal",-5.65171146560996,6.58862153795189,3.79600643279087,-5.1197170445121
"GGCTCAATCATTACAG-2","female","EN-fetal-late",-1.39965381641477,0.340412419108815,-1.21096588013637,-1.0118490883506
"GGCTCAATCGAGGAAC-2","female","EN-fetal-late",3.65871858428628,-1.35698254797035,1.73567008139622,2.08360631974571
"GGCTCAATCGGTCATG-2","female","EN-fetal-late",-3.67592692543357,2.27632753160424,-2.77028847573269,-1.87257163015969
"GGCTCAATCTAATTGG-2","female","EN-fetal-late",-1.01334932614654,1.57092992570824,-0.829606422166707,-0.946188015619585
"GGCTGAGAGGAACGCG-2","female","EN-fetal-late",-2.73282599617332,1.52941993978447,-2.31621671555507,-2.14695875136025
"GGCTGAGAGTAGCCAT-2","female","EN-fetal-late",-0.0278329866060554,-0.253102500172191,-0.142282613496663,-0.599337858835527
"GGCTGGTTCACAAGCT-2","female","IN-fetal",3.05520820449502,-7.48310192319923,-0.0962846362398876,-6.4474987217582
"GGCTGGTTCCGCAACA-2","female","EN-fetal-late",3.23299169372231,13.3123110940737,-4.09849501488674,6.28921230347984
"GGCTGTCAGCGCCTAA-2","female","EN-fetal-late",0.792549131619042,-0.03593965265327,0.307949907202838,-0.296838892380068
"GGCTGTCAGTATTGGC-2","female","EN-fetal-late",-4.02248382736533,-2.74809010717445,-1.71774412034023,5.37484891923302
"GGCTGTCAGTCCTTCA-2","female","EN-fetal-late",-0.200122000468665,0.59276863542027,-0.12244940636623,-0.890654725710222
"GGCTTAAGTGCTTACT-2","female","EN-fetal-late",-2.42021048237174,-6.43889864179664,0.885337523241161,-1.29790250746376
"GGCTTCAAGAACCTGT-2","female","EN-fetal-late",-4.78619837929099,8.40904180314965,-1.0520402276324,4.02367456467979
"GGCTTCAAGCTCAATA-2","female","EN-fetal-late",4.70332431625039,1.56441245582528,2.5696923649503,0.542840676625899
"GGCTTCAAGGTCCGTA-2","female","IN-fetal",-5.2594146745333,8.77541200426049,4.31228756072056,-5.11302272764809
"GGCTTCAAGTCACCAG-2","female","EN-fetal-late",-1.14522743393272,1.06746565905041,-0.401818462591053,-2.03620259253151
"GGGAGTAGTCATTGTC-2","female","IN-fetal",2.63956737350137,-7.65004547330909,-0.0255518638895764,-6.5099496075309
"GGGAGTAGTTGTGACA-2","female","IN-fetal",-3.70355224777549,7.87849752214379,5.18706940772068,-3.02894846884377
"GGGATAATCGTTTCCA-2","female","EN-fetal-late",-5.19853496719688,2.26653007772393,-3.31029559014309,-2.47166602102883
"GGGATTAAGCTTATGA-2","female","EN-fetal-late",-1.96283513475745,0.615770604280896,-1.44946862099636,-1.13675348250038
"GGGATTAAGGCTAAGA-2","female","EN-fetal-late",-3.69285106827109,4.73461405542321,4.1935355580045,-5.73054115263588
"GGGATTAAGTCCTGAG-2","female","EN-fetal-late",-1.14378744531959,2.49985114839501,0.117241225261806,-2.05314008680947
"GGGCAATAGGGTTATC-2","female","EN-fetal-late",-5.76263046432822,-2.82587035390907,-0.31785876391399,8.06381519349449
"GGGCAATAGGTACCGC-2","female","EN-fetal-late",3.00027417968423,2.08772997167534,2.03962325217259,0.246319109817675
"GGGCAATAGTCATTAG-2","female","EN-fetal-late",-1.94580543209403,0.616140063671536,-2.0488596045779,-1.26985220400459
"GGGCATGAGAAAGGAA-2","female","EN-fetal-late",-2.02794957329124,2.97474447992272,-1.00506354210842,-2.43320028273232
"GGGCATGAGAATGACG-2","female","EN-fetal-late",-2.77666187454551,5.85980169084496,1.40978728892338,-0.418229503313371
"GGGCATGAGCAAGGAC-2","female","IN-fetal",1.57588219474465,-8.55210025999122,1.04942076565754,-7.04991094557411
"GGGCATGAGCCACAAT-2","female","EN-fetal-late",-1.63861926068156,2.78743032720513,-0.440045365075947,-2.68353311506874
"GGGCATGAGTTAACCA-2","female","EN-fetal-late",8.9723591787687,-7.1940432378965,1.33526240946781,-0.52860127178795
"GGGCATTGTATTGGAT-2","female","EN-fetal-late",2.27275872062356,2.35524229314751,1.99151836993229,-0.301616979519197
"GGGCATTGTGTCACGG-2","female","EN-fetal-late",-0.368481518519813,-4.3810549566465,-3.28916431305874,-1.431166333834
"GGGCCTAGTGATCAGC-2","female","EN-fetal-late",-0.137984992755347,0.1630335858149,0.0088010943127857,-1.02142898527748
"GGGCCTAGTGGTGAGA-2","female","EN-fetal-late",10.177290437924,-7.22212322446876,2.21238409640324,7.09640701325767
"GGGCCTAGTGTCCTGC-2","female","EN-fetal-late",2.74653911422402,1.75501994398064,0.95184212090504,-0.750623864809343
"GGGCGAATCACTAAGC-2","female","IN-fetal",0.101590631710595,-9.20141514036231,2.4934930718137,-7.17805807081825
"GGGCGAATCCCGTTAC-2","female","EN-fetal-late",9.98066854308755,-8.07548816892677,1.56860434176457,6.52938278230064
"GGGCTAACAAAGGCCA-2","female","EN-fetal-late",5.97496318648965,-2.46399625036293,3.10457300307286,3.15471823724144
"GGGCTAACAATAGCAA-2","female","EN-fetal-late",-6.04986238647788,2.21342198160119,-4.64572764275539,-2.53375355688698
"GGGTCAACAAACAACA-2","female","EN-fetal-late",-4.12193226982444,-2.52691252920204,-1.86621404526699,5.29324014695518
"GGGTCAACAACCTGGT-2","female","EN-fetal-late",4.29988384078652,1.35886196401543,1.68528544070256,0.325128810723952
"GGGTCAACAATAATCC-2","female","EN-fetal-late",-6.24831581283897,-3.02579172346168,-1.14522469876278,8.15338237794273
"GGGTCAACAATATACC-2","female","EN-fetal-late",-3.38439178634971,-3.18344648572975,-1.51761842606533,4.97378643067711
"GGGTCAACAATCCTAG-2","female","EN-fetal-late",-6.16516113449424,-3.09904893133216,-1.11747933266628,8.06808193238609
"GGGTCACTCATGCTAA-2","female","EN-fetal-late",5.64653062652261,1.23770425823159,3.25531529547703,0.646994965394667
"GGGTCACTCATTAGGC-2","female","EN-fetal-late",5.51963043044717,-0.484057981701427,4.34905909659398,-2.85147277800209
"GGGTCACTCCTGTTCA-2","female","EN-fetal-late",-2.33070874382346,-6.38268621656471,-5.90592957375515,3.11668761285179
"GGGTGAAGTAAATTGC-2","female","EN-fetal-late",-0.487848164332801,-4.06134041044288,-4.43055487511623,-2.60881297079689
"GGGTGAAGTATTTGCC-2","female","EN-fetal-late",0.978854892956323,-4.1455961057859,1.44581030966771,1.66113384278648
"GGGTGAAGTCCTAAGA-2","female","EN-fetal-late",-5.01706433464378,2.09163860586113,-4.61424876091945,-2.21714941946633
"GGGTGAAGTGCTGTAA-2","female","EN-fetal-late",-3.55116629768699,1.65116338041253,-3.03759337304104,-2.543715161959
"GGGTGAAGTTAATGCG-2","female","EN-fetal-late",-4.26147270370811,2.21797327306694,-3.21571803925502,-2.96847502676613
"GGGTGTTGTATTGTGG-2","female","EN-fetal-late",3.87319183181435,-1.37659509870582,1.76385425688755,2.35573561700218
"GGGTGTTGTGATCATG-2","female","IN-fetal",2.63295221160561,-5.46484525892311,0.484832621235965,-4.69041912047035
"GGGTGTTGTGCTCCAC-2","female","EN-fetal-late",2.75951003860146,-3.74099739286476,0.119792363662838,-1.13289133993752
"GGGTGTTGTTAGCCAA-2","female","EN-fetal-late",-3.41099357773154,4.55132858064599,3.78749250533116,-7.30251066176064
"GGGTTACGTTGGTGAC-2","female","EN-fetal-late",-1.71562361885398,0.681974630622334,-1.4111654841708,-1.20783237902291
"GGGTTATTCCTGGTGA-2","female","IN-fetal",-5.41222214866965,6.34481231477684,3.35695766570103,-3.97190896956093
"GGGTTATTCCTTAATC-2","female","EN-fetal-late",2.39050602744729,1.22007084992356,0.696888110656856,-1.60808627096779
"GGGTTATTCGCTAGAT-2","female","EN-fetal-late",-4.36263322998374,2.65688185003228,-3.53306961892116,-2.28763644186623
"GGGTTTCCACAAAGAC-2","female","EN-fetal-late",-2.58648395706504,2.43841270711846,-1.51286269066799,-2.58169595686562
"GGGTTTCCACAACAAA-2","female","EN-fetal-late",-3.34921515156119,-3.02737148496681,-1.13612306950557,4.969801502546
"GGGTTTGTCCCGTTGT-2","female","EN-fetal-late",-1.47439968754142,1.88998142984337,-1.02136541245449,-1.97247139898903
"GGGTTTGTCGCATTAA-2","female","EN-fetal-late",5.35969447921426,-1.8244245836454,2.69344734313023,2.35854013474815
"GGGTTTGTCGCTAGCA-2","female","EN-fetal-late",1.23516607116372,2.49620942380852,1.45389353396427,-0.922760171572038
"GGGTTTGTCTGCAAAC-2","female","EN-fetal-late",6.8624262792936,-0.534866530628734,3.45798014761937,1.16698582681053
"GGTAAACCAAGATTCT-2","female","EN-fetal-late",3.73915958236367,2.35930172708458,1.83563470007908,-0.138854069391558
"GGTAAACCAGGCCATT-2","female","EN-fetal-late",0.753578661190575,-0.652130801411205,0.0569743132783161,-0.287459743896791
"GGTAAACCATGAATCT-2","female","EN-fetal-late",-3.98241400886863,2.28604630735344,-2.78151393769252,-2.89391462294228
"GGTAAACCATTAAGCT-2","female","EN-fetal-late",1.57900953124673,-0.965524155827098,0.742077729721187,0.364747273048094
"GGTAACCGTACTGAAT-2","female","EN-fetal-late",3.61019944976479,-5.0250864813047,0.222047141809581,-5.05502979246742
"GGTAACCGTGATGATT-2","female","EN-fetal-late",6.75598192046792,1.01567059364743,3.75341414572728,0.970583038648298
"GGTAACTTCCTCCTAA-2","female","EN-fetal-late",10.2516131384245,-7.13373287412696,1.60698663355839,6.50244148286217
"GGTAACTTCGGTCAGC-2","female","EN-fetal-late",-2.32461249996513,3.13070217874474,-0.907811530809285,-2.86818806616432
"GGTAACTTCTTAGTCT-2","female","EN-fetal-late",-5.23644089866965,-3.60817440244728,2.34221362235081,0.350124301632574
"GGTAAGGGTGTCCAAA-2","female","EN-fetal-late",7.60077524017007,0.302081446914143,5.51899718405735,2.62262805016868
"GGTAATTGTCTAACAG-2","female","EN-fetal-late",-7.92706346680015,2.35361055639214,-5.67563486931789,-2.19562332121498
"GGTAATTGTTAGTACG-2","female","EN-fetal-late",1.57641792129189,2.11103026178307,0.678023747224926,-1.49667565313942
"GGTAATTGTTGTAACG-2","female","EN-fetal-late",5.62475728820474,-2.13496263715797,3.26754569174778,2.84723980935448
"GGTACAAAGTAACCCG-2","female","EN-fetal-late",1.12195539306313,1.50462238099999,0.37561532022488,-1.33156280008919
"GGTACCGGTCAAACTG-2","female","IN-fetal",-4.90758204628318,7.12505046632714,3.33937811018956,-2.85219804731972
"GGTACCGGTCGCGCAA-2","female","RG",-1.71469280291885,-6.12917192670875,-5.96743250725734,3.57937129052513
"GGTACCGGTCTTGCAT-2","female","EN-fetal-late",-6.4710755365023,1.84987763669915,-4.6784343802737,-2.26012007681496
"GGTACCGGTTCCAGGG-2","female","EN-fetal-late",-2.50022566486686,5.13153116014428,1.73521076800358,-0.615019662061998
"GGTACCGGTTCCTGTG-2","female","IN-fetal",-0.253405691874915,-3.64885051939064,2.77535008551609,-6.60112039534218
"GGTACTAGTAACGAGG-2","female","EN-fetal-late",4.05394697021157,-2.07402690145546,-1.0248642051028,0.27381283255451
"GGTACTAGTAAGGTCC-2","female","IN-fetal",3.6696772558561,-6.33184822294288,0.170392430443882,-5.1720794865287
"GGTACTAGTCAGTAAT-2","female","EN-fetal-late",-1.93488636781066,0.333030920295186,-1.85838509438503,-0.988240284601518
"GGTACTAGTCGCAAAC-2","female","EN-fetal-late",6.20090484450967,0.695550542144246,3.50486063124668,1.01667531045311
"GGTACTAGTGCTCCGT-2","female","EN-fetal-late",2.4730539305082,1.8352833202166,1.7874019062711,0.208637187501124
"GGTACTAGTTCGGGAT-2","female","EN-fetal-late",5.39619779418618,-1.99840768072181,2.87041472556126,2.84638603242271
"GGTACTTAGTAGCTTA-2","female","EN-fetal-late",-6.10420274902671,2.05149392393059,-4.63006640313137,-3.25649492231972
"GGTAGGAGTAATCCCT-2","female","EN-fetal-late",-0.0731642263063728,-4.01132829877906,3.17131446959507,-5.58475343672402
"GGTATGTTCCTTAAGA-2","female","EN-fetal-late",5.04688453506142,-0.57432277891212,1.98243188025486,2.06087501557701
"GGTATGTTCGCGACAC-2","female","EN-fetal-late",0.418545244442529,-0.552974540920787,0.394029266257404,-0.214454633871385
"GGTATGTTCTTGTTCG-2","female","EN-fetal-late",7.80200624297768,-0.405924398632579,4.95923327567112,2.16571076424949
"GGTATTGGTAGTTAAC-2","female","RG",-1.16770637203544,-6.4083233663755,-5.39364720223415,3.5273834040963
"GGTATTGGTTATTGCC-2","female","EN-fetal-late",10.2523694021574,-7.0699706861692,1.76110326411259,6.48868616135948
"GGTATTGGTTTCAGGA-2","female","EN-fetal-late",3.09389829467446,-0.0356415102201035,-0.240139075498463,-0.91449360338814
"GGTATTTCACAAGCCT-2","female","EN-fetal-late",-3.70698499847739,6.03031198289818,2.33791016699803,-2.3249594399131
"GGTATTTCACCTATAG-2","female","EN-fetal-late",5.52281379531533,0.926183696655698,3.34821938635838,1.02297850163811
"GGTATTTCACCTGCCT-2","female","IN-fetal",-0.304327251208717,-8.8357497045713,3.13586305739415,-6.85578433958656
"GGTATTTCACTAGCGT-2","female","EN-fetal-late",1.58927082847268,1.55101857688851,0.879269502182125,-1.39070753542549
"GGTATTTCATAGGCGA-2","female","EN-fetal-late",-6.3250246064791,2.31984798219628,-4.4486513221072,-2.7083880135215
"GGTATTTCATGCTCCC-2","female","EN-fetal-late",5.33656215499551,-1.75212105009132,3.08832310797703,2.51481874497764
"GGTCAAGCACAAACTT-2","female","EN-fetal-late",-0.0628141181597053,-3.90593059751564,1.75427567126286,-0.91808406798012
"GGTCAAGCATCAGCAC-2","female","EN-fetal-late",-8.19392585922568,1.49287376907296,-5.30363226769436,-1.83503441301949
"GGTCAATTCCCGCCTA-2","female","EN-fetal-late",4.07060909103066,-1.86143859121376,1.81986986758244,2.42365797074669
"GGTCAATTCCGCACAA-2","female","EN-fetal-late",-3.44729590584129,-2.81199916097694,-0.905541905145527,5.00798709901207
"GGTCAATTCCTTAGGG-2","female","EN-fetal-late",-5.3190341012606,2.1511967590136,-3.42868615029323,-2.428880138079
"GGTCAATTCGATTCTT-2","female","IN-fetal",-13.8619685189852,-11.685563165875,3.72607897879612,-7.44446889845497
"GGTCAGGAGCGATAAG-2","female","EN-fetal-late",6.03817415069253,-0.531711537571483,3.08548878790867,1.73068137677543
"GGTCAGGAGGACCGCT-2","female","IN-fetal",3.76933336089761,-5.65258320066505,0.202412254233478,-4.80243150679238
"GGTCATTAGCCACATG-2","female","IN-fetal",3.76123714278848,-5.22504432889991,0.367657124121307,-4.41451351133949
"GGTCATTAGGCTATGT-2","female","EN-fetal-late",4.91789054702432,-1.35207017156654,2.81303428771031,3.00848277123802
"GGTCATTAGTATCGCG-2","female","EN-fetal-late",1.59678029845864,0.40375549700684,0.449763118345855,-0.565039200464556
"GGTCATTAGTGAGAGC-2","female","Microglia",10.8341660482755,15.6747245004458,-3.57147694466579,3.08748682053917
"GGTCCATCAAGTGTCC-2","female","EN-fetal-late",6.4117164594999,-2.41351326200538,3.44013380171788,3.11638815911644
"GGTCCATCACATACTG-2","female","IN-fetal",-5.99950933624595,8.54036990907616,3.97873520018589,-6.1722244450248
"GGTCCATCACGAATTT-2","female","EN-fetal-late",-6.00632047821372,-3.26186664793067,-0.798864372949482,8.42463310273521
"GGTCCATCATGAAGTA-2","female","EN-fetal-late",1.54986524413735,1.35443369653649,0.524360678215145,-1.15604094950325
"GGTCCATCATGTCAAT-2","female","EN-fetal-late",7.75634527038247,0.388047586945958,5.31318234564793,2.66899807961815
"GGTCCGTAGACAAGTG-2","female","EN-fetal-late",4.73107194732339,1.15583209302849,2.10518669249546,0.721313135942152
"GGTCCGTAGACAGGCG-2","female","EN-fetal-late",6.79933690856606,0.498292188910908,3.98390936018956,1.07704873593681
"GGTCCGTAGGTGAAAT-2","female","EN-fetal-late",0.282844899403161,-0.513450104923778,-0.360739477853657,-0.601582986990282
"GGTCCGTAGTCAGTAC-2","female","EN-fetal-late",-1.55471012164443,0.475090335874028,-1.89185763237941,-1.25243334261543
"GGTCCGTAGTGAGCAA-2","female","EN-fetal-late",2.58847904037148,1.4766374042315,1.09698026539814,-0.967072648683855
"GGTCCTGCAACCTAAT-2","female","EN-fetal-late",-1.62741695512622,1.18238283303208,-0.983505614976765,-1.86108581511147
"GGTCCTGCAGGCATCT-2","female","EN-fetal-late",10.3663716299406,-7.0274582693296,1.98355816962254,6.67839773209923
"GGTCGGTTCCGCATGA-2","female","EN-fetal-late",6.50790548156411,-2.36285575124794,3.03610228659642,2.73492939980858
"GGTCGGTTCGGTTAGT-2","female","EN-fetal-late",-7.86059189010947,2.30490807798333,-5.12487698433864,-2.40983931509621
"GGTCTTGAGTAAGTGG-2","female","EN-fetal-late",2.98858070205361,-6.68526943418556,-5.2039265715884,-2.08671729056008
"GGTCTTGAGTAGAGGC-2","female","EN-fetal-late",-0.264272453082496,-0.297120649548106,-1.20391620038021,-1.16756681887276
"GGTCTTTGTTCGCGCT-2","female","EN-fetal-late",2.6609315855375,-6.15762623045021,-4.5194578254031,-2.52024881331093
"GGTGAGCCAACTAGGG-2","female","EN-fetal-late",-4.64816522766441,2.6242614200396,-3.75378561852443,-2.71063916174538
"GGTGAGCCAATAAGCA-2","female","IN-fetal",-0.010571004641944,-8.86170204374366,3.56244134070408,-6.55903999296791
"GGTGAGCCACCACAAC-2","female","EN-fetal-late",-0.59731239248603,-3.12394912931495,1.44929205538761,-0.511103493849108
"GGTGAGCCATTGTGCA-2","female","EN-fetal-late",7.27356004546792,0.367902707127995,4.00727485777867,1.83033295186394
"GGTGAGGTCTATGACA-2","female","EN-fetal-late",-0.813259424460822,-3.38239486906105,3.42837285162937,-2.65282289473183
"GGTGAGGTCTGGCAAT-2","female","EN-fetal-late",6.20872783492715,0.738893929688401,3.59994911314976,1.16591461213463
"GGTGAGGTCTTGAGGT-2","female","EN-fetal-late",5.08600711654336,-2.73356421682411,2.98380397917759,3.03673275025719
"GGTGAGTAGGGCCACT-2","female","EN-fetal-late",6.03410911391885,-1.37891944143348,3.60720919730198,2.23702557595604
"GGTGAGTAGTATTGTG-2","female","EN-fetal-late",-0.57300430704444,0.355270813970036,-1.42772556183803,-1.42999844042427
"GGTGAGTAGTCATTGA-2","female","EN-fetal-late",-7.24266529251426,1.44875447061486,-5.09131670830715,-3.12863628355629
"GGTGATTTCAGGATGA-2","female","EN-fetal-late",-0.208733917964393,-4.38574226591163,-1.70197702286708,4.73964508088463
"GGTGATTTCCAAGTGT-2","female","EN-fetal-late",0.200141666637963,-4.09737785551124,-1.83643985627163,-0.078207758942911
"GGTGATTTCCATCAGG-2","female","EN-fetal-late",-0.0507464425691901,1.5226008107943,0.600960499663471,-1.28287176577217
"GGTGATTTCCTGAATA-2","female","EN-fetal-late",5.14635419677407,-1.58960421773963,2.9756765282346,-6.93914930311806
"GGTGATTTCTATCGCC-2","female","EN-fetal-late",5.39877462218911,-1.07156844827705,2.14027904631626,2.30002816232078
"GGTGCTTCAAACATAG-2","female","EN-fetal-late",5.16734838317544,-1.8307185957151,-0.655444868783833,0.0196961930596143
"GGTGCTTCAATTTGGT-2","female","EN-fetal-late",-1.00012615491241,0.181755285529561,-1.97586966393459,-1.0560671517051
"GGTGCTTCAGTTAAAG-2","female","EN-fetal-late",-5.25987744499534,2.30894378927178,-3.58181024430263,-2.978529615084
"GGTGCTTCATTTAAGC-2","female","IN-fetal",0.019958494412011,-9.01233204099708,2.37672697665226,-7.32165233580239
"GGTGTGACATAATCGT-2","female","IN-fetal",3.46049356292397,-5.9570122549253,0.123290232439159,-5.06257812468178
"GGTGTGACATAGACCC-2","female","EN-fetal-late",-3.09970331360191,-3.39266451093727,-0.830301531534077,4.89106376679771
"GGTGTTGTCAAACACC-2","female","EN-fetal-late",9.49009942840249,-7.90885456296974,1.87005733611119,6.81605155976646
"GGTGTTGTCATCCACC-2","female","EN-fetal-late",-4.82934403587669,1.84158150461144,-2.24035549996364,-3.12583701101906
"GGTGTTGTCCCTCTAA-2","female","IN-fetal",-3.91894316841453,6.08274356630272,3.03938221098912,-3.1437763401664
"GGTGTTGTCGCCTGTT-2","female","EN-fetal-late",-4.28789735008567,2.62900988367028,-0.486843713502766,0.394888835271528
"GGTGTTGTCGCTATGG-2","female","EN-fetal-late",-2.31182575394004,2.81677285936303,-1.60204077599514,-2.17984263388283
"GGTGTTGTCTTGAGCG-2","female","IN-fetal",0.236067412602013,-8.75147255155616,3.57208656432164,-7.04647438017494
"GGTTAATGTCGTTATC-2","female","EN-fetal-late",4.00118970702798,-1.49465354177528,2.09120105864537,1.06730850251549
"GGTTAATGTGCGCATG-2","female","EN-fetal-late",0.0133031589856805,-4.21542795393043,1.36163686873448,-0.485013289133379
"GGTTACCCAACAGGAT-2","female","EN-fetal-late",-8.16616153885215,1.77246890571541,-5.47492314217556,-2.57414214102394
"GGTTACCCACCTGCCT-2","female","RG",-1.81433090735763,-6.30070265028053,-5.83106804726589,3.22581990273826
"GGTTACCCATTCCTGT-2","female","EN-fetal-late",-2.59920287300437,5.28021375444359,0.182619384546398,1.51745219739311
"GGTTACCCATTGACAT-2","female","EN-fetal-late",-6.73536253143638,1.42947791126198,-4.49728489754665,-2.21669213263161
"GGTTACTAGACTATTG-2","female","EN-fetal-late",6.13018560241372,0.480229805974431,2.62460779311192,1.33431191953056
"GGTTAGCGTCCTAAGA-2","female","EN-fetal-late",0.529837129818505,-0.0805908033567002,-0.327842482309224,-0.558608991781542
"GGTTAGCGTGAGCAAG-2","female","EN-fetal-late",-5.88307953049033,1.97385696676201,-4.34704352257717,-3.01346842733986
"GGTTAGCGTGGTTATG-2","female","EN-fetal-late",3.37218427489907,2.22560016420311,2.35666786791813,0.0824015496873171
"GGTTAGCGTGTGAGGA-2","female","EN-fetal-late",3.73524951766641,-1.52289803716713,1.76784764887822,2.14270265611046
"GGTTAGCGTTGCCTCA-2","female","EN-fetal-late",0.531299350964135,-4.36701830122047,-1.23866368172634,-1.0203894802726
"GGTTAGCGTTTACCGT-2","female","EN-fetal-late",-1.1667812781462,-6.39987238142067,-5.13038302300441,-2.21218029944069
"GGTTATATCGGGACCT-2","female","EN-fetal-late",0.389814494358605,2.53298584726281,-0.143280335645558,-2.12653796164162
"GGTTATATCTTGTCCA-2","female","EN-fetal-late",-2.5353859679827,1.88547090795464,-2.30527497170437,-2.17355648962624
"GGTTATGGTTGAGCCG-2","female","EN-fetal-late",-0.279309274447852,-4.33392341825538,0.78880261542332,-0.53867094008095
"GGTTATGGTTTCGCGC-2","female","EN-fetal-late",-4.22837472130149,-1.58797510358863,-0.898445018510701,6.81747825654381
"GGTTCCCGTGGAAACG-2","female","EN-fetal-late",-3.50930762459129,-2.71296604368263,-0.906497963647725,5.48865612061851
"GGTTCTTGTAATCGGC-2","female","EN-fetal-late",-6.01075029541343,-3.69110830518775,-0.225279458742024,8.26134784730308
"GGTTCTTGTCAAGTGC-2","female","EN-fetal-late",-3.18801820446342,3.04979912546105,-1.841161020975,-3.00780932394631
"GGTTCTTGTTATTGCC-2","female","EN-fetal-late",4.72923564742715,1.77463720348305,2.15234851004612,-0.0961924323237627
"GGTTCTTGTTGAAGCC-2","female","EN-fetal-late",0.373734949337548,1.11554757860131,0.218414357919811,-1.35214607206948
"GGTTGACGTACAAAGA-2","female","EN-fetal-late",-13.7710146920809,-11.6847458669858,-5.46690178750026,3.34564931901329
"GGTTGACGTAGGATTT-2","female","EN-fetal-late",1.44391774963052,-3.95067508909278,2.4963018810941,0.395339327176741
"GGTTGAGCAATAATGG-2","female","EN-fetal-late",-0.38166058231681,-3.83174665662818,0.789824656267284,-7.27368490187294
"GGTTGAGCAATCCTGA-2","female","EN-fetal-late",-3.81896615196555,2.08124069478936,-2.38870144722927,-2.46856395689614
"GGTTGAGCACAGCCTG-2","female","IN-fetal",2.07917475532204,-8.08452041837745,-0.150054045896412,-6.98835555998451
"GGTTGAGCACTAGCGT-2","female","IN-fetal",-5.72884988952964,8.22441331651635,3.9174923813535,-4.63793460814125
"GGTTGAGCAGGTCCTG-2","female","EN-fetal-late",2.13858723472268,-0.0256374070363572,0.881179980058788,-0.0738648006118029
"GGTTGAGCATCATGTG-2","female","EN-fetal-late",8.08589410613686,-0.116759199829631,5.12904786231053,2.45421512635582
"GGTTGCGGTCAAACTG-2","female","EN-fetal-late",6.23188304732949,-2.42626555654579,3.78592085005772,2.89983184846275
"GGTTGCGGTGCATTAG-2","female","IN-fetal",-3.87796282936423,8.45203773286767,5.25342129828465,-3.65253965345986
"GGTTGCGGTTGCCTCA-2","female","EN-fetal-late",-6.21563053299277,-3.43018587324195,-0.483192034940602,8.28322799714439
"GGTTGCTCAAAGCCTC-2","female","EN-fetal-late",-0.364643217814857,-0.171422559948497,-1.24395252106655,-1.16570202795632
"GGTTGCTCACTAAATC-2","female","EN-fetal-late",7.02725839446694,0.503434460429616,4.30805396201146,1.63321896108024
"GGTTGCTCAGACAAAC-2","female","IN-fetal",3.96911287139565,-5.24232013914161,0.260947099943279,-4.70615617720253
"GGTTGCTCATAGCAGG-2","female","EN-fetal-late",2.88561296294839,-2.55584104749733,1.54078768851292,-0.712931496778795
"GGTTGCTCATGTCAGC-2","female","EN-fetal-late",-0.857208253634864,0.101800959376759,-1.48551596043575,-1.33349887816078
"GGTTGGTGTATTGTCC-2","female","IN-fetal",1.11279320548684,-8.77067096921974,1.25992392661106,-7.3418587872184
"GGTTGGTGTGACATGC-2","female","EN-fetal-late",2.46588253806741,1.38235859182305,1.86895834567082,-0.293233824650118
"GGTTGGTGTTGCACGG-2","female","EN-fetal-late",-6.46225500274985,1.80988202598519,-4.73732663033474,-2.97999803511269
"GGTTTAATCTCGCCTG-2","female","IN-fetal",-6.1885728852877,8.48697034624047,4.18075203063023,-5.02708761183388
"GGTTTCCTCTCCATAT-2","female","EN-fetal-late",6.80383634399087,1.08803183939881,4.80404376151097,2.8140044978463
"GGTTTCTGTACGCGCA-2","female","EN-fetal-late",10.2823929769865,-7.40439899656349,1.66175102355015,6.87751253159874
"GGTTTCTGTAGCCATA-2","female","EN-fetal-late",4.05272960494668,-0.253154594631725,1.8190375483228,1.35374255689018
"GGTTTCTGTGCATTAG-2","female","EN-fetal-late",-5.53977775741904,2.38610688951439,-4.71580601571071,-2.22860137907631
"GGTTTGTAGGAGGGTT-2","female","EN-fetal-late",-0.705248953593665,-5.54951675626808,-6.07415676949489,2.99486144097679
"GTAAAGCCAAACAACA-2","female","IN-fetal",-6.14335632492393,8.35672847536034,3.78029655577671,-4.94107953993447
"GTAAAGCCAAACGCGA-2","female","EN-fetal-late",-0.202292324794227,2.03875378873772,0.624658814687847,-1.27724413363106
"GTAAAGCCAACGTGCT-2","female","EN-fetal-late",-1.30542488564342,1.35518006589837,-1.35473955510128,-1.06453840223915
"GTAAAGCCACGTAATT-2","female","EN-fetal-late",5.63474178146035,0.0364800503534743,2.71118377806675,1.02979727300041
"GTAAAGCCACTAAGTT-2","female","EN-fetal-late",7.0571866018644,0.205190937785573,-4.72007799981105,3.25658400567406
"GTAAAGCCAGTTGCGT-2","female","EN-fetal-late",-1.15222314168304,1.4832611491961,-0.232244917135121,-2.17674581495888
"GTAAGCAAGAACCTAC-2","female","EN-fetal-late",-0.45701503921836,2.75945059564537,-0.437436171750904,-2.32657520262367
"GTAAGCGCAATATAGG-2","female","EN-fetal-late",6.71902990173013,0.308140020636983,5.08535336615574,2.4413820079171
"GTAAGCGCAATCTCTC-2","female","EN-fetal-late",3.66953325103433,-5.0790825674253,0.380316219349025,-4.71732561079628
"GTAAGCGCACAACAAA-2","female","EN-fetal-late",-5.13826871086448,-2.25832207891517,-1.09828770993221,7.50052316697471
"GTAAGCGCAGCGCTTG-2","female","EN-fetal-late",-3.37236261535972,1.48815391567177,-2.78168631432521,-2.57907025305397
"GTAAGCGCAGGAACCA-2","female","EN-fetal-late",-0.445773126376563,-3.46553858015113,2.74345397116673,-2.97976343123085
"GTAAGCGCATTTAAGC-2","female","EN-fetal-late",10.2990164739958,-7.76817043516212,1.9599112189008,6.96594198258751
"GTAAGCTTCAAACCTA-2","female","IN-fetal",-3.20287418533652,7.01510898378319,4.58053301932347,-2.71455685583718
"GTAAGCTTCGGGCCAT-2","female","IN-fetal",1.36784982513101,-8.64063080045753,1.30077617527974,-7.37357704130776
"GTAAGCTTCTAATCCT-2","female","EN-fetal-late",6.28642606567056,-0.134540874691539,3.64441560866368,2.90849931748741
"GTAAGGTCAACTCGCG-2","female","EN-fetal-late",5.80319499801309,-2.62949116918617,2.4739515698148,2.50193269761436
"GTAAGGTCATAACGGG-2","female","IN-fetal",0.332180736767358,-8.96142585966163,2.59415959479344,-7.02662603346474
"GTAAGGTCATAGCTGC-2","female","IN-fetal",1.49227857421548,-8.45343311521583,0.438974845279573,-7.25631134001381
"GTAAGGTCATGAGTTT-2","female","RG",-1.15269333292335,-6.39831693861061,-5.44928408501613,3.64021809609764
"GTAATAGCAACTGGGA-2","female","EN-fetal-late",7.70212316344888,-0.247742612095409,4.1809074795438,1.15809710534447
"GTAATAGCAATAGTCT-2","female","EN-fetal-late",0.870000122295922,2.58530656602807,0.47247799398434,-1.88025681463844
"GTAATAGCAATTGACT-2","female","EN-fetal-late",-2.78240978885978,-2.3329478094297,-0.829115637521626,8.7142992785775
"GTAATAGCACCCTCAC-2","female","EN-fetal-late",-1.67483741213172,0.728641409246392,-1.49028826592434,-1.27516154734261
"GTAATAGCATTGTTGG-2","female","EN-fetal-late",0.216727255093163,5.86728278902001,-0.347036191205861,7.00299509080284
"GTACAATGTCGACTAA-2","female","EN-fetal-late",2.29604363273293,-0.303489525051647,0.656391314287303,0.233520547171763
"GTACACCCAACTAACT-2","female","IN-fetal",-3.88717627693504,6.70022384431786,3.99966978194249,-2.44002930609352
"GTACACCCAGCTAATT-2","female","EN-fetal-late",-6.77201318909019,2.15980819967217,-5.23913098214138,-2.13969175306923
"GTACACCCAGGAACTG-2","female","EN-fetal-late",-7.1083555238375,1.99456624296135,-5.46066571114528,-2.60899989096291
"GTACACCCAGGCATGA-2","female","RG",-2.29931974579185,-6.34549148771339,-5.86304617760646,3.42650778802269
"GTACACCCATAGACTT-2","female","EN-fetal-late",5.9583735449186,-2.70639546606117,2.83488248946202,2.78226812394493
"GTACCGGGTCATGCCC-2","female","IN-fetal",2.61790513824136,-6.56953724119239,4.38362621428502,-4.66708938566811
"GTACCGGGTTCCAGGG-2","female","EN-fetal-late",0.981423376308984,2.68923894670433,0.34243079559934,-2.172213000933
"GTACCGGGTTTGGGCG-2","female","EN-fetal-late",-6.21870088745444,-3.1038857290464,-0.434462197999836,8.33138759644859
"GTACGTAGTGCATCGG-2","female","EN-fetal-late",-5.63430500198691,2.58936099317498,-4.29567862389553,-2.65845243422157
"GTACGTAGTTAAGTGT-2","female","EN-fetal-late",-3.5673079507479,-2.14809234830909,-1.43321407673824,4.72580154450767
"GTACGTAGTTAATGCG-2","female","EN-fetal-late",5.17425918410928,-0.137715954514079,3.70557760359776,1.20780165704124
"GTACGTAGTTAGTACG-2","female","EN-fetal-late",7.4296870214811,-0.870453674526744,5.10758256079686,2.86117585214012
"GTACTAATCATCAGTA-2","female","EN-fetal-late",4.34510803054482,1.92017773893303,2.17443465353978,0.0793926289879591
"GTACTAATCCAATTAG-2","female","EN-fetal-late",2.88992118667275,0.546109001903004,0.636630318184017,-1.45404700724251
"GTACTAATCCGTGACA-2","female","EN-fetal-late",3.53399419616372,1.50420991685814,1.68582927348149,0.451476352533034
"GTACTAATCTACCTGC-2","female","EN-fetal-late",-3.39805412460654,-1.78601654264503,-3.08608699677456,-2.85502783743508
"GTACTAATCTCAATTC-2","female","EN-fetal-late",-0.00958228279440987,-4.34047992918067,1.73076378466618,-0.904265803972551
"GTACTAGGTACCCACC-2","female","IN-fetal",-0.334855438960487,-8.91384990903907,3.60221242072117,-6.50460235563881
"GTACTAGGTCTCAGCC-2","female","EN-fetal-late",10.4287629110685,-7.27622707578712,1.69143211009037,6.78310163529747
"GTACTAGGTTCCGGGA-2","female","IN-fetal",3.59227609466225,-6.07083233091407,0.307351230700134,-5.12344924894936
"GTACTAGGTTTGGGCG-2","female","EN-fetal-late",1.54957961867959,-0.268168527813487,0.453516553212522,-0.286521417776415
"GTACTGGTCCCTCATA-2","female","EN-fetal-late",0.679830311047143,2.25151840951867,0.402156808470009,-2.05452219931252
"GTACTGGTCGCTATAA-2","female","EN-fetal-late",-5.44342112709373,1.57532064226098,-3.92854214547146,-2.94874493567116
"GTACTTAAGGACCTTG-2","female","EN-fetal-late",-3.52510547806113,-2.68802817556434,-1.16032827733028,5.26024063142174
"GTACTTAAGGGATGCG-2","female","EN-fetal-late",0.337918756710595,-4.15550764295631,-1.3166910493182,4.1651459506356
"GTACTTAAGGTAACGA-2","female","IN-fetal",-3.29589688946098,6.97757427003808,4.50200986029637,-2.62407462088234
"GTACTTAAGGTGTCCA-2","female","EN-fetal-late",-3.5895931737551,2.82523993757195,-2.92072130082119,-2.79133288351662
"GTACTTCGTGATCAGC-2","female","EN-fetal-late",-0.136402012599403,-4.086836893292,-0.929173835496785,1.75317760022514
"GTACTTCGTTATAGCG-2","female","EN-fetal-late",7.26013421844155,0.661951359180875,4.04380845191014,1.22255189927452
"GTAGCCATCAGCAAGA-2","female","EN-fetal-late",0.638844488369531,-4.37043626997047,5.27566861273777,2.37063344033592
"GTAGCCATCATAACTG-2","female","IN-fetal",2.05189585517556,-8.17286594602638,0.628515995164035,-7.25313512770302
"GTAGCCATCCTCCCTC-2","female","EN-fetal-late",5.95539283584267,0.864136785088248,3.12652253272068,0.682623224576643
"GTAGCGCTCATCCTGC-2","female","EN-fetal-late",-8.28631067444175,1.84882597234673,-5.6295948111819,-1.84357909647591
"GTAGCGCTCTCGCCCA-2","female","EN-fetal-late",-6.81836176086753,1.85605792310662,-5.0272965514468,-1.73829941240914
"GTAGCTGTCAAGCCTG-2","female","EN-fetal-late",5.1744551641813,0.0287632158083388,4.38987444998753,1.14056356461876
"GTAGCTGTCATGTCAA-2","female","EN-fetal-late",-4.3427932279238,1.21366814878411,-2.42993737099636,-1.81277124373085
"GTAGCTGTCGGCTATG-2","female","IN-fetal",-3.67379594017356,7.15205137041039,4.06898450018895,-2.90470497099526
"GTAGCTGTCTTTAGGA-2","female","EN-fetal-late",5.15215110610635,1.07141291704602,-5.21771765587795,-1.51080028502114
"GTAGGAGGTCATCAAG-2","female","EN-fetal-late",7.74578141997964,0.0076192429346511,4.63238333823216,1.3754822781884
"GTAGGATCAAATATCC-2","female","IN-fetal",3.23645448516518,-7.04332931730323,0.558689168710826,-5.93095628706581
"GTAGGATCAGCAATAA-2","female","EN-fetal-late",-1.70488222111552,1.4120325258059,-0.763013728837849,-1.637904448191
"GTAGGATCATAGTCAT-2","female","EN-fetal-late",3.32418775390298,0.497894834546513,1.62502514483464,0.611816482862166
"GTAGGTGCAATAGCAA-2","female","EN-fetal-late",7.82169484923989,-0.719797451229625,2.94291066290867,1.54348345311516
"GTAGGTGCACCCACCT-2","female","IN-fetal",-6.15515613724082,8.36733619478173,3.96272443892491,-4.83048479048378
"GTAGGTGCAGAAATGC-2","female","EN-fetal-late",6.05632161925942,-1.13046439382606,2.88755702139866,2.36661322625511
"GTAGGTGCAGGAATCG-2","female","EN-fetal-late",3.83871698211343,0.0835119297785232,1.50262962939274,1.42426093133323
"GTAGTTATCAATGACC-2","female","IN-fetal",10.017149446713,-7.6641712972837,3.42034649016392,-7.25494663206703
"GTAGTTATCACTTCAT-2","female","IN-fetal",3.47124147246987,-6.09502847883277,0.157337910552143,-5.48249046293862
"GTAGTTATCCGGTATG-2","female","IN-fetal",-0.0418159978517829,-4.21895750257545,3.61521362425816,-7.38130514113075
"GTAGTTTCACGTGCTG-2","female","EN-fetal-late",7.53940534423501,-0.621987302036815,-0.258123346547963,0.463780390342405
"GTATCGCCACCCACAG-2","female","IN-fetal",-3.99248385597556,6.5477518251223,3.31790708662999,-2.73096363035805
"GTATCGCCACCTGTAA-2","female","EN-fetal-late",2.83346795867593,-2.46000273916297,0.801770499963878,-1.36355642763741
"GTATCGCCATAGTCAT-2","female","EN-fetal-late",-8.19387865234702,1.74836687353081,-5.40430975792873,-1.95944802252419
"GTATGTGGTCATTGTC-2","female","EN-fetal-late",-7.94504642654746,1.7986509015841,-5.66892529366481,-2.55495039908058
"GTATGTGGTGCATTTC-2","female","EN-fetal-late",6.36749934981973,-1.97002657148414,4.29720496298802,2.8281007579171
"GTATGTTCAATGAATG-2","female","IN-fetal",0.142532227741784,-9.14855488035255,2.56888198019993,-7.32421056715615
"GTATGTTCACCAAAGG-2","female","EN-fetal-late",-5.55612516571372,2.42641596105523,-4.14305640099514,-3.12048856703407
"GTATGTTCACGAATCC-2","female","EN-fetal-late",2.44800829719216,2.35180238988823,1.45141708018315,-0.904245657602617
"GTATGTTCACTTAACG-2","female","EN-fetal-late",-0.22355020214408,2.04827968385643,0.227693340797542,-1.03322867838509
"GTATGTTCAGGACCTT-2","female","EN-fetal-late",-1.4523234961608,0.531640302209325,-1.76885152695644,-1.06382219282753
"GTATGTTCATAAAGCA-2","female","EN-fetal-late",1.68217348884255,-0.057141680450969,0.609280637521862,0.214032301922968
"GTATGTTCATTGTGGC-2","female","EN-fetal-late",0.0437329990735711,0.446725528506703,-0.0715943062113537,-1.08346752611763
"GTATTCAAGAGGAAGG-2","female","EN-fetal-late",-8.29058122803062,1.42727176454491,-5.58401108620632,-1.92605797735817
"GTATTCAAGGATGATG-2","female","EN-fetal-late",-0.199672819865638,-3.72470529768043,0.325514487047313,-4.43548719374306
"GTATTGATCACTCAAA-2","female","EN-fetal-late",2.34487485717446,1.55344287660546,-3.63958073494899,-2.76550833670265
"GTATTGATCCACCCTG-2","female","EN-fetal-late",6.53943443130166,0.303864579467244,0.982406429071544,-7.00268976179726
"GTATTGATCCCGAAGC-2","female","Microglia",10.8011374456754,15.6416167428774,-3.70003748772609,3.08399994881981
"GTATTGATCTAATCTC-2","female","EN-fetal-late",5.26699399779946,-2.65722139570289,2.85081504942906,2.75942571671837
"GTATTGCAGCGATACT-2","female","EN-fetal-late",-0.788764657271796,-0.108600635262065,-1.11465490696895,-0.940302176157305
"GTATTGCAGGAGGTTA-2","female","EN-fetal-late",9.07461023162515,-7.30848510953956,0.783018044252513,-1.31768755404122
"GTATTGCAGTAACGAG-2","female","EN-fetal-late",3.42976856063516,-1.2201503107267,1.76986574294102,2.02188416036003
"GTATTGCAGTCAATTG-2","female","EN-fetal-late",-0.48604929615348,-5.0395809004026,-1.74762988923061,1.68056006940239
"GTATTGTCAATTGAGA-2","female","EN-fetal-late",1.02208638023049,-0.772643525333934,0.514412670452713,0.10156132305198
"GTATTGTCATGTTGTG-2","female","EN-fetal-late",-2.7452123181948,5.10690204408593,0.79481189610493,-1.53713623968727
"GTATTGTCATTAGCGC-2","female","EN-fetal-late",-0.288463951838904,-4.29001911375099,-5.72991848824489,-1.75966946570046
"GTATTGTCATTGCGAC-2","female","IN-fetal",1.97265744041116,-7.96548755857521,0.793146542329906,-7.0391415783561
"GTCAATATCAGCTAAC-2","female","IN-fetal",-3.75041318107932,-0.865845162602001,5.05489730002415,-2.81182519880898
"GTCAATATCATCACTT-2","female","EN-fetal-late",10.0952172262541,-8.02077587339454,1.60065495135319,7.06092794450157
"GTCAATATCGAGGAAC-2","female","EN-fetal-late",3.34938812087685,2.37769583967156,2.13066696288121,-0.103063089529344
"GTCAATATCTATCGCC-2","female","EN-fetal-late",3.40585470031411,0.166026871470875,1.74562727572453,0.835621791204146
"GTCAATATCTTGAGCG-2","female","EN-fetal-late",5.07342338393838,-0.670284826489024,-3.6580863082217,-2.06382648436196
"GTCAGGCTCCTGTTCA-2","female","EN-fetal-late",5.49179839919717,0.993609007267422,3.12726401450169,1.09230174334877
"GTCATCACACAAAGGT-2","female","EN-fetal-late",-5.95327282120078,2.09914140012688,-4.18854761956203,-2.71821586577065
"GTCATCACACCTAAGC-2","female","EN-fetal-late",1.90643858741433,2.3877587726397,1.53469716670048,-0.123238308111498
"GTCATCCTCCCGAACA-2","female","EN-fetal-late",6.70159196685464,-0.0268398115354112,3.5385427391721,1.32791431458824
"GTCATCCTCCTGGCTT-2","female","EN-fetal-late",-0.34097123314231,1.37112716939873,-0.567421683053853,-1.98468296019203
"GTCATGAGTATTGCAG-2","female","IN-fetal",-4.87964415718406,5.91730300691552,2.92952679755223,-3.05129138914711
"GTCATGAGTCATTACC-2","female","EN-fetal-late",-6.14093971420615,2.45082597043938,-5.234147557001,-1.63105813948281
"GTCATGCCAATAAGCA-2","female","EN-fetal-late",6.60256051849038,-2.12212165090614,3.64264058234227,2.76682503732078
"GTCATGCCAATTAGGA-2","female","IN-fetal",1.94545173476846,-8.09271724912696,0.0512583768559681,-7.02237359968788
"GTCATGCCACTAAGAA-2","female","EN-fetal-late",5.75378560851724,-0.795145947666698,4.83756970526707,2.67980893166893
"GTCATGCCAGTTAGCC-2","female","EN-fetal-late",7.80593728850991,-0.780617792339855,1.46102987887394,-1.4421663710273
"GTCATGCCATCATGTG-2","female","EN-fetal-late",4.41271066497475,1.40154741313881,2.1611013329221,0.228290045877627
"GTCATGCCATTCAGCA-2","female","EN-fetal-late",-0.670830311072761,0.126637797622151,-0.91249383328426,-1.35803548781044
"GTCCAAGTCATGAGCT-2","female","EN-fetal-late",7.47341584991128,0.621457945374913,4.33517645957005,1.48550005467766
"GTCCAGGGTGGACCTG-2","female","EN-fetal-late",-0.153116585505897,-4.08752449247413,3.05963062407505,-0.157484395185778
"GTCCAGGGTTGCAATG-2","female","EN-fetal-late",0.478345869289941,1.9341534784121,0.241915098447918,-1.96354476896889
"GTCCATTGTCCAAGAC-2","female","IN-fetal",-1.05784422327369,-8.97531898710304,3.88789629103672,-5.31462757078774
"GTCCATTGTTATAGCG-2","female","EN-fetal-late",-0.0325661914476691,-4.58363588544899,-0.987308987359883,4.2306714824044
"GTCCATTGTTCCGGCT-2","female","EN-fetal-late",-5.06058287788718,-2.2313750574308,-1.30326045392025,7.23502357514732
"GTCCATTGTTGTTGGA-2","female","EN-fetal-late",-3.26690375973075,5.7692512681765,3.47124480368626,-2.53659812895424
"GTCCGTAAGCTCAATA-2","female","EN-fetal-late",6.07556199859292,0.530248623160786,3.24732088210118,0.838934915383986
"GTCCGTAAGCTTTGTT-2","female","IN-fetal",-0.61481738258689,-8.86100490781837,4.01391910674107,-6.91598884550698
"GTCCGTAAGGCTTAGT-2","female","IN-fetal",1.14673542808205,-8.77504547330909,0.800434789676784,-7.47330276457436
"GTCCGTAAGGTTTACA-2","female","EN-fetal-late",-2.8989592807421,1.19544089940018,-1.93047595856655,-2.0774807163871
"GTCCTAGAGCGCAATT-2","female","EN-fetal-late",-0.0138716714510261,-4.1137824842649,3.12792181136143,-6.54861156431801
"GTCCTAGAGGCTGGCT-2","female","EN-fetal-late",-0.036314846766883,-4.30989225599342,1.26518475176823,1.61907501729362
"GTCCTAGAGTTAGCTA-2","female","EN-fetal-late",-2.10996008087485,1.17087073233551,-2.08617354271877,-1.45601431814797
"GTCCTCAGTAAATTGC-2","female","EN-fetal-late",4.85196542571694,1.45885721948571,2.24561010958683,0.36530627520912
"GTCCTCCCAAAGCTAA-2","female","EN-fetal-late",-1.47086039074301,2.20071665552086,-1.27380598423946,-1.87301794973976
"GTCCTCCCAATAAGCA-2","female","EN-fetal-late",7.0471711141935,-0.976751882763438,3.88139652373326,2.11721988232963
"GTCCTCCCAGCAAGTG-2","female","EN-fetal-late",-3.08738827873557,6.19950000551171,-1.04839492676723,-1.93417207686073
"GTCGAAGCAACTGGCT-2","female","IN-fetal",-6.84083604980796,8.25895969179101,4.21585702063572,-5.56986753431923
"GTCGAAGCACGGTTTA-2","female","EN-fetal-late",5.08030748199136,0.246413748530812,1.90663861395848,1.15653594048851
"GTCGAAGCAGCTACGT-2","female","EN-fetal-late",6.97374963592202,0.300228100089497,5.06245040061009,2.08136899979942
"GTCGAAGCAGCTCATA-2","female","EN-fetal-late",-0.0484508292803107,-5.22587831708961,0.365069910009025,-0.7227620908416
"GTCGAAGCATGCTCCC-2","female","IN-fetal",3.21633004974038,-7.02902992460304,0.131605438013195,-6.13345710722573
"GTCGAGGAGGCTATGT-2","female","IN-fetal",-3.29592609573691,6.90410081651635,4.33859347464573,-2.45692412344582
"GTCGAGGAGTTTGGTA-2","female","IN-fetal",-5.10010290314048,6.66868726518578,3.46946405531895,-3.58287207571633
"GTCGGTTCAAGTGTTT-2","female","OPC",-13.9579968469271,-11.665863115521,-6.07167912362087,2.88754971536033
"GTCGGTTCACATGCTA-2","female","EN-fetal-late",-8.24787950683921,1.32026917841858,-5.73957157967556,-1.8347045609153
"GTCGGTTCATAAGTTC-2","female","EN-fetal-late",0.728360412823266,-0.680979926319652,0.570119417328952,0.4242265394532
"GTCGGTTCATCAGTAT-2","female","IN-fetal",-6.54047632385581,8.29624835756249,3.94777058722508,-5.65769998518593
"GTCTAACAGGAGGCAT-2","female","EN-fetal-late",-3.29198932815879,-3.18938072416358,-0.913479932527424,4.9793196490609
"GTCTAATCAAAGGTAC-2","female","RG",-5.48385048080772,13.5081557443423,-4.92415572045314,3.30460436852806
"GTCTAATCACAGAACG-2","female","EN-fetal-late",1.03458165954263,-4.02086122724586,0.0914914822770344,-3.46810261694557
"GTCTAGCCAATGAAGC-2","female","RG",-1.25010287929862,-6.36478574964576,-5.23021365044582,3.49243863137596
"GTCTAGCCACGAATCC-2","female","EN-fetal-late",-4.95471716095298,1.75225697067208,-2.83154917595852,-2.60319678274758
"GTCTAGCCAGTTAGCC-2","female","EN-fetal-late",-0.669808210624152,2.63142947462029,-0.0306687140272869,-2.39394847838051
"GTCTAGCCATCCTGAA-2","female","EN-fetal-late",-2.98267817665427,2.39973000791497,-1.10996497509945,-2.9206055828727
"GTCTAGCCATGGCCCA-2","female","EN-fetal-late",2.11751246284158,-0.405312616558605,0.784518710394023,0.168532824387482
"GTCTATCGTGATTACG-2","female","EN-fetal-late",9.90185212920815,-7.42264564725929,-5.50755215523708,-2.98387281386025
"GTCTATCGTGTTAGCA-2","female","EN-fetal-late",3.71167850326211,2.32714013364739,2.13731907965672,0.23734788062208
"GTCTATCGTGTTCCCA-2","female","EN-fetal-late",-0.326180102122718,-4.4666672537046,-5.36349249718654,-2.05366818396218
"GTCTATGCAGTAATAG-2","female","EN-fetal-late",-3.40813708473533,1.66644827630944,-2.24681616662014,-1.78601412264473
"GTCTATGCAGTCTATG-2","female","EN-fetal-late",-3.98607850242942,6.01461593416161,3.47926615836155,-6.99080268828041
"GTCTATGCATGCTCCC-2","female","EN-fetal-late",2.74290704558999,13.7885464837832,-4.14625931618679,6.35926301987999
"GTCTCACTCATTGTTC-2","female","EN-fetal-late",1.09001827071816,0.362544994620747,0.204303062577365,-1.22623519388802
"GTCTTGCTCATGGCTG-2","female","EN-fetal-late",2.76892757247598,1.10548929479546,0.927356711645244,-0.497554106394121
"GTCTTGCTCCGTTATT-2","female","IN-fetal",-0.453690768969947,-8.67016323301368,3.18322109343541,-6.89509670225746
"GTCTTGCTCTCTAGCC-2","female","EN-fetal-late",4.77459239791543,0.510597508220143,-1.38266909955013,1.63237698586815
"GTCTTTGTCCCGTTAC-2","female","EN-fetal-late",-1.99177706409782,2.09467665460534,-1.61156893609035,-2.47296897856362
"GTGAACAAGCCGGTAC-2","female","IN-fetal",-3.82199311424583,8.36285774019188,5.29923390509617,-3.55362812964089
"GTGAACAAGCTATTAG-2","female","EN-fetal-late",-7.68965816665977,2.07182506826348,-5.31094838021267,-2.45408098189003
"GTGAACAAGGAGCAAC-2","female","EN-fetal-late",5.51786231826455,-1.43808468076759,2.19138681056034,2.23113520654075
"GTGAACAAGGTAAGCA-2","female","IN-fetal",1.31212687324197,-8.69170864316993,0.974059871454357,-7.26746980635292
"GTGAATCTCACAGGAA-2","female","EN-fetal-late",-3.3697205798754,1.4915190747065,-2.9789178454684,-2.7239810654319
"GTGAATCTCTACTAAG-2","female","EN-fetal-late",5.23719739745767,-0.628383476467662,5.20336007239354,-3.4915546604789
"GTGAGCGAGCTTAGTA-2","female","IN-fetal",1.39495158027322,-8.63473041746192,0.933142415304302,-7.32228843657143
"GTGAGGAGTATTCGTC-2","female","EN-fetal-late",-0.426604511035377,-4.88322218153053,-1.70914150116909,-0.10646964398987
"GTGAGGAGTGACCTGG-2","female","EN-fetal-late",2.9121670706144,-1.60963638517433,0.000153861065028738,-3.98443452803261
"GTGAGGAGTTTCCTCC-2","female","IN-fetal",-3.7599942700991,6.95626823213524,4.33813833357823,-2.51975719420082
"GTGATCAGTTGGTTGA-2","female","EN-fetal-late",-4.91810441185325,2.30564026143975,-4.34075690148342,-2.37500612227089
"GTGATGAAGCGTGCGT-2","female","IN-fetal",2.23736762832314,-7.5383864233213,2.87458252074253,-7.36051408735878
"GTGATGAAGGAGCACG-2","female","EN-fetal-late",7.35290670226724,0.0953458359522292,3.45092033507359,1.05410887511604
"GTGATGAAGTCAGTAC-2","female","EN-fetal-late",6.48328637908608,-2.39967401716285,3.90067719580662,2.63828499825828
"GTGATGAAGTGAACCT-2","female","IN-fetal",0.0941332561841668,-8.89538582059913,3.70604108931553,-7.09775726286537
"GTGCAAGCACCTAAGC-2","female","EN-fetal-late",-7.6930928247103,1.71249459293313,-5.54064560769069,-2.14387433020241
"GTGCATTAGGAACCGG-2","female","EN-fetal-late",3.69389438460976,-1.61413081380897,1.75433467986119,2.03931625398033
"GTGCCTTTCATAGACC-2","female","IN-fetal",3.24457788299233,-6.86540039274269,-0.270601280908467,-5.9210299679435
"GTGCCTTTCCGTAAAC-2","female","EN-fetal-late",2.8713374121061,13.6658219507021,-4.10565758584011,6.34574707063072
"GTGCCTTTCCTCAGCT-2","female","IN-fetal",-3.27859366108268,6.91124860551781,4.69505786063206,-2.72058908430702
"GTGCCTTTCTCACAAA-2","female","EN-fetal-late",-0.771105767978126,-0.143562514515453,-1.45709551213253,-1.07332949129708
"GTGCGCAGTAAGCTTG-2","female","EN-fetal-late",5.33099269698769,1.38483486679024,3.03611015440953,0.544061290343931
"GTGCGCAGTATGGTGC-2","female","EN-fetal-late",-0.283727170718604,5.64192239549584,-0.34034229157436,7.37999113114708
"GTGCGCAGTGAAGCCT-2","female","IN-fetal",2.82235336135537,-5.65429075452858,0.467551223058818,-4.97514383284218
"GTGCGCAGTTCAAGCA-2","female","EN-fetal-late",2.2800881845823,1.57587150838799,0.838591626901744,-1.22230164496071
"GTGCGCAGTTCGCGCT-2","female","EN-fetal-late",0.694627044903344,5.71163121965355,1.32681023242009,6.60376508744591
"GTGCGGTTCTTGGATA-2","female","EN-fetal-late",-8.23001957107871,1.78811196592278,-5.30562687752712,-1.73891071764595
"GTGCTCAAGCTTACTT-2","female","RG",-14.0574545877108,-11.4040308782774,-6.0397043311404,2.9413853457772
"GTGCTCAAGGCCTAAT-2","female","EN-fetal-late",1.76927137206704,2.36554054525322,1.34979896904957,-0.582298738638231
"GTGCTCAAGGTTTACA-2","female","IN-fetal",-0.454328419459754,-8.93096550199562,3.9346768772794,-7.16019432036049
"GTGCTCCGTTAACGGC-2","female","EN-fetal-late",2.27050089667947,-0.260584432812267,0.448507766295789,0.760906117280653
"GTGCTCCGTTAATGAC-2","female","EN-fetal-late",-4.35978460480064,2.06193522718377,-2.4432528102206,-2.02221505133278
"GTGCTCCGTTGCTTCG-2","female","EN-fetal-late",5.22501659225137,-1.51816662046485,4.07472037436497,-7.29158584562905
"GTGCTGATCAATGTGC-2","female","EN-fetal-late",3.22359323333413,1.3893365075869,1.24983464838993,-0.766056997457811
"GTGCTGATCGCTATGG-2","female","IN-fetal",-4.51252675224631,8.880617063312,4.34331082465184,-5.28893558470375
"GTGCTGGGTCGTTATC-2","female","EN-fetal-late",-7.75381422211021,1.01371872034497,-5.45682335732448,-2.15767399756081
"GTGCTTACAGCAGGTA-2","female","EN-fetal-late",-2.79830181766837,0.770288903085656,-1.9993298136996,-1.38966373888619
"GTGCTTACAGTAGGAT-2","female","EN-fetal-late",-6.03847456146567,-3.52978237363868,-0.146677323560597,8.09829910310142
"GTGCTTCTCAAACACC-2","female","EN-fetal-late",-8.3217868821749,2.12610952165551,-5.69265557167995,-2.88928787199623
"GTGCTTCTCAAACCGT-2","female","EN-fetal-late",2.1528737528196,0.468284409312672,1.21783285500538,-0.173450214544603
"GTGGACACAAGGTACG-2","female","EN-fetal-late",5.26618432830483,1.02473179605431,2.65059661032688,0.200931886454752
"GTGGACACACAAGCCT-2","female","EN-fetal-late",0.542084811436242,0.0776309778971145,-0.702514656762959,-0.705078763643572
"GTGGACACATAATGAG-2","female","EN-fetal-late",10.5555443746916,-7.35269172880226,2.00456630351078,6.76089962037437
"GTGGACACATAGGCGA-2","female","IN-fetal",-6.82117748428672,8.20498220231957,3.92084502341282,-5.72512332884438
"GTGGCTTCAAATGCCC-2","female","IN-fetal",3.12576007674844,-6.25179823133522,0.972407273073314,-6.67910806624062
"GTGGCTTCAAATTGCT-2","female","EN-fetal-late",7.51611757110268,-0.783841092320018,4.63834618689549,2.50398786576622
"GTGGCTTCAAGGCCAA-2","female","EN-fetal-late",4.51905298064858,1.89972237852044,3.00875209929478,0.437476026137999
"GTGGCTTCACTAAATC-2","female","EN-fetal-late",7.25815248321206,-0.990874845715099,3.95524381758702,2.23461158784263
"GTGGCTTCATTAAAGG-2","female","EN-fetal-late",-1.46752882451355,0.869604438362784,-0.43819362757671,-1.10146574465401
"GTGGTTAGTCGTTATC-2","female","RG",-1.24041852523177,-6.37644823286109,-5.80363226769436,3.76006777795189
"GTGGTTAGTGCATCGG-2","female","OPC",-13.8275856988558,-11.6733809301572,-6.25224495766628,3.11366446526878
"GTGGTTAGTGCGCAAT-2","female","IN-fetal",-13.8386483209261,-11.6375199148374,3.40900801779759,-6.79030267683632
"GTGTAACTCACGCATG-2","female","IN-fetal",-3.23875439335197,6.89765016344017,4.73479270102513,-2.51685230223305
"GTGTAACTCAGCACCA-2","female","EN-fetal-late",9.49405717681558,-7.44946296903663,1.88670264842045,6.35461481126182
"GTGTAACTCATCCACC-2","female","EN-fetal-late",-7.48361158539146,1.35924945381112,-5.54650164483059,-2.23007480589516
"GTGTCCAAGGTTTGCG-2","female","RG",-1.18570161033958,-6.40254791471534,-5.75600243447292,3.73233016045921
"GTGTCCAAGTGAGGTA-2","female","IN-fetal",3.47368097137124,-6.92334612104469,-0.221398600320698,-5.94546501127846
"GTGTCCAAGTGCACGC-2","female","EN-fetal-late",-6.1671614663729,-3.21477421018653,-0.549364575128438,8.49081047089927
"GTGTCCAAGTTTGTCT-2","female","IN-fetal",-3.25304639507621,6.84763471391625,4.23769544722569,-2.69446150747902
"GTGTGAGCAGGTTACC-2","female","EN-fetal-late",-0.212758900416785,0.0393004825396011,-1.76193786499965,-1.29735414473183
"GTGTGAGCATCTAGCA-2","female","IN-fetal",-0.219855071795875,-8.90877254697853,3.70091914298069,-7.00910036055214
"GTGTGCGGTGCTAGAC-2","female","EN-fetal-late",10.2388129217497,-8.06654747221046,1.42015825869572,6.5582123568856
"GTGTGCGGTGTGCAAC-2","female","IN-fetal",-6.5877051370272,2.77561549451775,4.03768324019444,-6.76900569883949
"GTGTGCGGTGTGTGGT-2","female","EN-fetal-late",-5.48532867599815,-2.48686726781898,-0.798974760751606,8.02564771684044
"GTGTGCGGTTAGTACG-2","female","EN-fetal-late",3.23136901687295,0.277161758212514,1.16660796763432,0.582971440871885
"GTGTGTTAGCAGGCCT-2","female","EN-fetal-late",9.83922242950112,-7.74164589139991,-5.48425913689602,-2.25532404867775
"GTGTGTTAGGCAACAA-2","female","EN-fetal-late",2.79045009444863,-4.10354097578102,0.120111278314708,-5.57711498228676
"GTGTTACAGACAACAG-2","female","EN-fetal-late",-3.0255416648516,-3.37748440000587,-1.46242214081752,4.87237699540489
"GTGTTACAGATTCCTT-2","female","EN-fetal-late",9.19302224944741,-7.39368541929298,-1.76676274178493,-2.24109665838844
"GTGTTACAGCTTATGA-2","female","EN-fetal-late",-5.06567835975974,2.18680600431389,-4.21508217690456,-2.81725708929665
"GTGTTACAGGCCTAAT-2","female","IN-fetal",-5.01285481621116,8.5388898065371,4.66633223654759,-3.88603155104286
"GTGTTACAGTCACCTC-2","female","IN-fetal",-5.86180401016563,-3.23923023435646,0.847148499508022,-7.17738096205361
"GTGTTCCTCGTTTCTG-2","female","IN-fetal",-3.54260039497703,8.64273635652489,2.69740819098484,-1.37506703821785
"GTTAAACGTGTGTCCC-2","female","IN-fetal",-5.82141351868003,8.17317573335595,4.01224445464146,-4.87421361891396
"GTTAAACGTTATCCGT-2","female","EN-fetal-late",10.4822363836637,-7.48742302152687,1.91925191046727,6.62124879868858
"GTTAAACGTTCGGGAT-2","female","EN-fetal-late",-0.14483618904441,-0.0412177631574204,-0.893710383157612,-0.865592045465776
"GTTAACCAGTCTATGA-2","female","EN-fetal-late",6.87350606750161,-0.934095222683482,3.88554357649815,1.50232787640922
"GTTAACGGTGAGGTAG-2","female","EN-fetal-late",10.2323861105314,-8.00061519834571,1.73910497786534,6.48246820481651
"GTTAACGGTGCTAGCG-2","female","EN-fetal-late",-5.01005792785972,2.64679745939202,-5.16481829522121,-1.83370928255684
"GTTAAGCTCATTTAGG-2","female","EN-fetal-late",10.3523802740446,-7.07220514509254,-0.992019780855061,0.0680859556996137
"GTTAAGCTCGGGCCAT-2","female","IN-fetal",-4.88202142883628,5.94528428819603,3.01278566481602,-3.02845684973366
"GTTAAGCTCTGCAAGT-2","female","EN-fetal-late",-1.58531959523051,2.67374114301629,-0.515357025842549,-2.294851464907
"GTTAAGCTCTTGTCCA-2","female","IN-fetal",2.02971982787759,-7.54657753202491,3.06730388762486,-6.76843397108681
"GTTAAGTGTATGGTGC-2","female","EN-fetal-late",0.707908390270776,-4.12421949598365,1.09002428414357,-6.07365028349526
"GTTAAGTGTATTGGAT-2","female","EN-fetal-late",7.58636808227212,-1.09418483469062,4.88489674689305,1.84623821290367
"GTTAAGTGTCACGGAT-2","female","EN-fetal-late",2.70218372176797,0.478884946374364,0.516680865604995,-0.269410831610033
"GTTAAGTGTGCATTTC-2","female","EN-fetal-late",7.41392183135659,0.585362862615056,4.99766825797093,2.4664862922036
"GTTAATGTCTTTGAGA-2","female","EN-fetal-late",-5.76635646988242,-3.7824254820066,-0.161715575437428,1.76201780351036
"GTTACAGGTAAGCTTG-2","female","IN-fetal",0.609862802731103,-8.9444561788755,3.11218475462925,-6.77881566969521
"GTTACAGGTATTCGCT-2","female","EN-fetal-late",-6.16011476684898,-3.55501373502784,-1.15417493222225,8.48733432801597
"GTTACAGGTCCTTTAA-2","female","EN-fetal-late",-0.266006113780433,6.24147979524559,-1.22869861958492,7.66789634736412
"GTTACAGGTTACAACG-2","female","EN-fetal-late",6.19637489150674,-0.522629935474925,5.00577115180027,2.61424406083458
"GTTACAGGTTACTAGG-2","female","EN-fetal-late",0.37426507304818,-4.57462604734474,1.45053660037052,-0.35641996351845
"GTTACAGGTTTGGTTC-2","female","EN-fetal-late",4.35730409454018,0.0451716592592666,4.61124276282322,1.25294526131981
"GTTACCTGTCATTAGG-2","female","IN-fetal",2.62976884673745,-5.43848999235206,0.424870434273599,-4.79139558760292
"GTTACCTGTGTCCTGC-2","female","EN-fetal-late",2.56724738906533,-4.07559021207862,-2.54207540390957,-1.65855507341988
"GTTACCTGTGTGTGGT-2","female","EN-fetal-early",-5.33341813255637,6.70965616014428,0.355916156489967,-0.885046882311174
"GTTACCTGTTCCTCCT-2","female","EN-fetal-late",-1.62811078299373,0.548830997018285,-2.16574741242397,-1.28825907198555
"GTTACCTGTTGTTGCT-2","female","EN-fetal-late",5.30479240249307,-2.92061050626808,2.88235401274693,2.8317046931588
"GTTACGCCAAAGGTAC-2","female","IN-fetal",-0.471413018001014,-9.2768593618589,3.88416647078526,-6.49325601545937
"GTTACGCCACCCACAG-2","female","IN-fetal",-3.07409298588126,7.42127982881493,3.26429700018895,-7.33988706556923
"GTTACGCCAGGCATGA-2","female","EN-fetal-late",-2.59212041069358,3.11568133142418,-1.67182732460964,-3.10211960760719
"GTTACGCCATGTTTGG-2","female","IN-fetal",0.0650050623288811,-8.9434910604673,2.79581665160191,-7.15837280241615
"GTTACGTAGAAGGTGC-2","female","EN-fetal-late",7.49213743041665,-0.979262788029247,4.53946255805027,2.03849895509117
"GTTACGTAGGCTACAT-2","female","EN-fetal-late",-0.210168363345557,5.4303578546328,0.0993521726323353,6.88486106904381
"GTTACGTAGTCATCCC-2","female","EN-fetal-late",3.27645873855264,13.2697123697085,-3.98090887902248,6.25884111436241
"GTTACTAAGGCCCAGT-2","female","EN-fetal-late",-2.93156409431785,3.17222515848107,-1.24051512120235,-2.99514047590859
"GTTACTAAGGTTTGAC-2","female","IN-fetal",-5.41071605850547,8.69770519044823,4.33633207442295,-4.96298591581948
"GTTACTAAGTACCGCA-2","female","EN-fetal-late",1.85742211173684,-0.0544212052541306,0.585393673796772,-1.00129548994667
"GTTACTAAGTCCTGAG-2","female","IN-fetal",0.175175188290185,-8.72093685361915,3.11032342078221,-7.34412805525429
"GTTACTCGTAGCTAAT-2","female","EN-fetal-late",-2.04786122013419,1.27250153925843,-2.03990221856105,-1.15089444605477
"GTTAGACTCCCGCCTA-2","female","EN-fetal-late",4.86333989928872,-1.04344924184852,2.51688169600499,1.94301434071892
"GTTAGGCGTCCGCTGT-2","female","EN-fetal-late",-4.69992208649009,1.34879605081505,-2.75670791504848,-2.07817522970802
"GTTAGGCGTCCTAACT-2","female","EN-fetal-late",6.48972987960488,0.615967210201688,3.68417190672886,1.2652368119561
"GTTAGGCGTGTCCAGG-2","female","IN-fetal",-0.452797891391212,-9.3979941198545,3.20083641173375,-7.31959812132485
"GTTAGGCGTTAGAGCC-2","female","EN-fetal-late",6.58772611449868,-1.73808391782814,2.76799248816502,2.22157581361168
"GTTCACCTCAATCATG-2","female","EN-fetal-late",-2.52981829811423,3.04662720468468,-2.03109956620205,-3.10485045401222
"GTTCACCTCAGCAAAG-2","female","EN-fetal-late",0.164393900143212,-4.63911541196876,-2.49830103753078,-1.11681262938149
"GTTCACCTCCAGGAAA-2","female","IN-fetal",3.9628901464811,-5.17974622938209,0.0801402843190418,-4.73150913206703
"GTTCATTTCAGGCTAT-2","female","EN-fetal-late",5.59376716445596,-1.21562369558387,0.00114413263332708,-0.660719020048448
"GTTCATTTCCCTTGCG-2","female","EN-fetal-late",-4.23071694542258,1.47179339435524,-3.76784134743679,-2.53788654295571
"GTTCATTTCGGGATTT-2","female","EN-fetal-late",-3.87955618072837,1.92809478547997,-3.06508279679287,-2.53561393705971
"GTTCCTGGTCAACAAT-2","female","EN-fetal-late",-5.14254427124351,1.56851200368828,-2.99075365899074,-2.8872632214225
"GTTCCTTCACATAACT-2","female","EN-fetal-late",9.65223645995767,-8.01347454282813,1.55430268408787,6.86744697602623
"GTTCCTTCAGGCGATA-2","female","EN-fetal-late",0.806898830639428,2.62826542165703,0.712333134431957,-1.60542599646218
"GTTCGCGCACCCTCAC-2","female","EN-fetal-late",3.00345372985513,13.5340918710513,-4.20750523446071,6.38096149476402
"GTTCGCGCAGCATGAG-2","female","EN-fetal-late",5.27350234817178,-2.13201697561317,2.34104501368534,2.79451783212059
"GTTCGCGCAGGCATGA-2","female","EN-fetal-late",-0.141427995456153,-0.446078021259837,-0.882182248811604,-0.622789902368852
"GTTCGCGCAGGCCAAA-2","female","EN-fetal-late",-1.61567041446059,1.2835968544764,-1.32033038971889,-1.37278084246285
"GTTCGCTTCATGGTTA-2","female","EN-fetal-late",8.12881135772378,-0.366480548115306,4.7890105164243,1.78295882256859
"GTTCGCTTCCCGAAGC-2","female","EN-fetal-late",-5.7269177453646,1.49655000474877,-3.60565186379421,-2.39563266722328
"GTTCGCTTCGGTTTGG-2","female","EN-fetal-late",-8.23638296295493,1.67706392314858,-5.30803490517604,-1.50642125097878
"GTTCTTGTCGATTTGA-2","female","EN-fetal-late",0.161298154102868,5.5362247636599,-0.113773235063435,7.10692365678184
"GTTCTTGTCTCTAGCC-2","female","EN-fetal-late",-0.677424194110328,-0.144299168320232,-1.45813322899807,-1.13551835505135
"GTTGCATAGCTTAACA-2","female","EN-fetal-late",-4.26967859436362,5.80957357194848,2.34277080657017,-2.28887907950051
"GTTGCATAGTAGCGGG-2","female","IN-fetal",-4.73934674431174,6.39668981340355,3.54317902686131,-2.75098840681679
"GTTGCATAGTGAACAG-2","female","EN-fetal-late",-1.30991940368503,1.72567419317193,-1.19739318726528,-2.25253812758095
"GTTGCATAGTGAACGA-2","female","EN-fetal-late",3.15966892074258,1.98269323614068,0.974466673154949,-0.994902295748064
"GTTGCCCGTCATTGAG-2","female","EN-fetal-late",5.36480474303872,1.3798726609034,2.85005973937046,0.426761674007109
"GTTGCCCGTTTCCTCC-2","female","EN-fetal-late",-6.87424564529746,1.69003633764214,-5.52216912148464,-1.81995062319405
"GTTGGAGCAGACAAAC-2","female","EN-fetal-late",0.499901650654382,-0.429061968060069,-0.078203805665852,-0.498387558142015
"GTTGGAGCAGGCTGTT-2","female","IN-fetal",-4.58043861557334,6.51244918611474,3.15837763907444,-3.23532192198403
"GTTGGAGCATAAAGCA-2","female","EN-fetal-late",-5.96898651291221,-2.77347715589576,-1.04993856785762,8.32469089539879
"GTTGGAGCATAATTGC-2","female","EN-fetal-late",0.0359281284681023,1.23780123498864,-0.495712169389607,-1.28972618071205
"GTTGGAGCATGCTTAG-2","female","EN-fetal-late",3.84562825988442,-1.52271970006996,1.81424688460362,1.97484703572624
"GTTGGCCAGAAGGTGC-2","female","EN-fetal-late",-5.35879087616294,1.31676677968926,-3.73740912316311,-2.57885114637978
"GTTGGCCAGCTGGCTA-2","female","EN-fetal-late",-3.71566224266379,0.528788428573079,-5.13356591103542,3.49909480126732
"GTTGGCCAGGCTCATG-2","female","EN-fetal-late",2.04298066924722,-0.772708732815318,1.09027873637211,0.968221741040877
"GTTGGCCAGTAGGATG-2","female","EN-fetal-late",-6.28509521652549,0.999132063059277,-4.21567774651516,-2.66244904486305
"GTTGGCCAGTATTGCA-2","female","EN-fetal-late",-5.5534672753939,-2.541426737042,-1.18644798634517,7.89764984162681
"GTTGGCCAGTGTTGCG-2","female","EN-fetal-late",9.52922200988442,-6.98623903486305,5.21199845435154,2.47415311845177
"GTTGGCGGTCAATAGT-2","female","EN-fetal-late",3.07376813720376,1.82846365478463,1.23228960396778,-0.393053037802049
"GTTGGCGGTCGCAATA-2","female","EN-fetal-late",10.2817406637541,-7.84827717039161,2.02434956194889,6.56588657410972
"GTTGGCGGTGTGAGAG-2","female","EN-fetal-late",-2.96631646324485,2.24049369600243,-0.842674740533711,-2.65671364752419
"GTTGGCGGTTCCGGCT-2","female","EN-fetal-late",5.54477071593911,-2.58163340780311,2.55754565360081,2.92502649339073
"GTTGTGAGTGCTGTAA-2","female","EN-fetal-late",0.0580539686551751,5.55162183549828,-0.0747707569407238,7.14487274201744
"GTTGTTGCAACCTGGT-2","female","IN-fetal",-0.139773489726478,-8.62322719785743,3.57615374686253,-7.40178195921547
"GTTGTTGCACAGGAAT-2","female","EN-fetal-late",-3.2816873805651,2.19204537179894,-3.39767766831386,-2.65632740942604
"GTTGTTGCAGGCGAGT-2","female","EN-fetal-late",-0.173631908191138,-4.20377500745826,3.02613352896702,-2.98474089590676
"GTTGTTGCATGCTCCC-2","female","EN-fetal-late",-3.38655996490806,-2.91923506948524,-1.15942002175319,5.2042256167733
"GTTTAACCACTTCATC-2","female","EN-fetal-late",-3.31684208084434,4.42512456682152,1.85166405798924,-7.06302587477333
"GTTTAACCAGTAAGTA-2","female","EN-fetal-late",-5.39236688782066,-3.26075895521217,-2.5487752044009,-3.08140913931496
"GTTTAACCATCTTGAG-2","female","IN-fetal",-4.45833397079795,8.17744914796776,4.89680718543064,-3.874925059954
"GTTTACCGTAGACAAA-2","female","EN-fetal-late",-7.26864767242759,1.61057911422677,-4.50933409569728,-2.07760755507118
"GTTTACCGTATTCGTC-2","female","EN-fetal-late",-0.609032692206794,1.36961631086297,-0.357052990178944,-1.98783199278481
"GTTTAGCAGTAACAGG-2","female","IN-fetal",2.7007994634977,-6.40790994855934,3.44584941031468,-7.12120000807411
"GTTTAGCAGTACTGGT-2","female","EN-fetal-late",-2.69206798244804,1.27730170991845,-0.882066019754292,-1.2061405607856
"GTTTATCTCAACAAGG-2","female","IN-fetal",-0.0983988063463508,-8.9794264623838,3.93437074782383,-6.43213216749794
"GTTTATCTCCACAATA-2","female","EN-fetal-late",-0.103140951884681,1.73354135063118,0.398020548802434,0.568643527349165
"GTTTATCTCCCTCAAC-2","female","EN-fetal-late",-7.01362133194297,1.97566966321892,-4.83235646126735,-2.19303647963173
"GTTTATCTCCTAAATG-2","female","EN-fetal-late",5.28109025787026,-1.19303186628395,2.52232145430577,2.45637472184532
"GTTTCAGCAAAGCTCC-2","female","EN-fetal-late",-3.37050950695365,-2.21427973005348,-4.10127402184475,-2.28983942953713
"GTTTCAGCAAAGGCCA-2","female","EN-fetal-late",3.00621461700112,-0.469367582531505,0.758357754964946,0.591840373595884
"GTTTCAGCAAATATCC-2","female","IN-fetal",-0.0450587289461433,-8.70746906492286,2.71219133498204,-7.01446191755898
"GTTTCAGCACCTAATG-2","female","IN-fetal",-3.77570176292747,7.30084745195336,4.04795836569798,-2.82227436987526
"GTTTCAGCACTAAGAA-2","female","EN-fetal-late",5.16292524169595,-2.52017672750526,2.16561233164799,2.71856792481773
"GTTTCAGCAGGCTAGA-2","female","EN-fetal-late",-0.416846157802039,-4.27533729764991,0.153648785371898,-1.10534982172615
"GTTTCCTCAACCTGGT-2","female","IN-fetal",0.0542564375272454,-8.59642036649757,3.31576823355687,-7.45357505766518
"GTTTCCTCAGCCTGCA-2","female","EN-fetal-late",-4.57990598846763,-1.8420756647306,-0.832015522699238,6.97298200639122
"GTTTCTAGTAAGCACC-2","female","EN-fetal-late",-3.25241375137656,-3.3249026128965,-1.36892057297695,4.90367801698082
"GTTTGCTGTGCAACTA-2","female","EN-fetal-late",-6.0145211236605,-3.49236734602027,-0.39372146962154,8.32838638337486
"GTTTGTAAGGACCAGG-2","female","EN-fetal-late",-5.41286087204307,1.80295739677376,-3.49653077958095,-1.86745385614998
"GTTTGTCGTATTCGCT-2","female","EN-fetal-late",5.43015956710488,-0.482919532986217,4.197075597067,-2.56318966833718
"GTTTGTCGTTAGCATG-2","female","EN-fetal-late",4.12341975997598,1.83774213102288,2.27671801211369,0.308526071032217
"GTTTGTCGTTTGGGTA-2","female","EN-fetal-late",-0.153312327159339,-3.8599401304441,0.655297867078899,0.297425182779959
"GTTTGTTTCGAAGCGG-2","female","EN-fetal-late",-3.86080360580772,1.70799628999657,-2.30797530053127,-1.78876940695412
"GTTTGTTTCTACCTGC-2","female","EN-fetal-late",-1.9049179570803,1.76532940175957,-2.17058730957973,-1.40049378363259
"TAAACAGCACCTGCTC-2","female","EN-fetal-late",5.03409576247842,-2.58459075185829,1.78209494711888,2.5903077891671
"TAAACAGCAGCTCATA-2","female","EN-fetal-late",-7.7042331712374,1.60013775136895,-5.02988673089016,-1.9195491501487
"TAAACAGCAGGTATTT-2","female","EN-fetal-late",9.98870706390054,-8.03084762785011,1.8348917877866,6.72029216798179
"TAAAGCCTCGTTTCGC-2","female","IN-fetal",-4.36220693756431,8.28580562379784,4.80665015341771,-2.83541862455971
"TAAAGCCTCTAAGTCA-2","female","EN-fetal-late",6.96126317809731,0.903543617395825,4.19161581160557,1.12580503733986
"TAAAGCCTCTGTGAGT-2","female","EN-fetal-late",-0.232957484019691,-5.2709770986753,2.65918730856907,0.58690758260124
"TAAAGCCTCTTGGATA-2","female","EN-fetal-late",-4.50187087227195,2.50953821447319,-3.11387539742458,-2.86367790190346
"TAAAGCCTCTTTAGGA-2","female","EN-fetal-late",-4.7704169767031,-2.09726842138343,-1.43751741288173,7.36879499467247
"TAACAAGCAATGCCTA-2","female","EN-fetal-late",5.73571920226724,-2.44650276395851,2.50829648139012,2.38655121835106
"TAACCAGGTACCGAAC-2","female","EN-fetal-late",6.37881994079263,0.773053537873692,3.91741513373387,1.12279243977897
"TAACCAGGTCTCAGCC-2","female","IN-fetal",-4.66399884392112,5.99245921876854,3.36323165061009,-3.07982818571694
"TAACCAGGTGGTTCCC-2","female","EN-fetal-late",2.8900403959623,-0.850277502270274,0.449853225667595,0.496870624145201
"TAACCGGTCAGCACCA-2","female","EN-fetal-late",-6.05858516861289,-2.98423131200843,-0.776046522836567,8.60646923097008
"TAACCTAAGACAGGCG-2","female","EN-fetal-late",-4.62908315826743,2.20498279836602,-3.07922531006801,-2.12323324171669
"TAACCTAAGGTCCGTA-2","female","EN-fetal-late",2.69902038406045,-3.79004343244606,1.15066712262165,-7.06973258940346
"TAACCTAAGGTGCGGA-2","female","EN-fetal-late",3.99019193481118,-1.14189322683387,1.89704298140538,2.2302323153817
"TAAGCCAGTATTACCC-2","female","EN-fetal-late",-7.4308595674166,2.06978921201653,-4.96993590233791,-2.20075432745583
"TAAGCCTAGCGGTTAT-2","female","EN-fetal-late",7.20655011962563,0.702567305235333,5.3500227844907,2.36700709374779
"TAAGCCTAGCTCCTAC-2","female","EN-fetal-late",10.4286894781461,-7.42753704282814,1.63147389056218,6.71550615342491
"TAAGCCTAGGCGCACT-2","female","EN-fetal-late",-7.68938255478233,2.15409271028466,-5.65399361489284,-2.45000497786171
"TAAGCCTAGGGTGGAT-2","female","EN-fetal-late",3.26890325378091,13.2782353570742,-3.81876040337551,6.04367883714073
"TAAGCCTAGTGTGATC-2","female","EN-fetal-late",-5.5242810266146,1.85050431993432,-3.73454666970241,-2.38729111639626
"TAAGCCTAGTTCCCAC-2","female","EN-fetal-late",-5.97766637970298,-3.75747783872657,-0.29977113841045,8.26245410951011
"TAAGCTATCACTAGGT-2","female","EN-fetal-late",-0.550404431117469,2.65202335622735,-1.80704093811977,0.226330759247473
"TAAGCTATCTTAGGAC-2","female","IN-fetal",-4.59149670769065,7.23786203172631,4.39786361815464,-3.64744321791298
"TAAGCTGGTACCTTAC-2","female","EN-fetal-late",-2.65718853641837,3.07552377489037,-1.31176508305538,-2.39368907896645
"TAAGGACCAATGCGCT-2","female","EN-fetal-late",-7.35379839111655,2.87961856630272,3.06569003226292,-6.78635684935219
"TAAGGACCAATTAAGG-2","female","EN-fetal-late",0.0863847715726556,-4.6623082945066,-0.407996722440602,1.98290284188621
"TAAGGACCAGGCATCT-2","female","IN-fetal",-5.42890429664939,13.5138901880068,-5.1906733596133,3.42350943597191
"TAAGGACCATTGTGGC-2","female","RG",-1.21289278735011,-6.4170108625608,-5.55444384453762,3.61861475022667
"TAAGGCTTCAATGACC-2","female","EN-fetal-late",-0.551935137999946,-0.0163037965016892,-0.83433438179958,-1.05937389818794
"TAAGGCTTCCGGGACT-2","female","IN-fetal",-4.42722273041099,6.59678022172875,3.18937682272923,-2.6925839611686
"TAAGGCTTCGGCCATA-2","female","EN-fetal-late",-2.89072084595054,-3.2956147978025,-0.949885495881917,-2.74584476439125
"TAAGTAGCAAGTTATC-2","female","EN-fetal-late",-2.99159515072196,1.18869666364617,-1.5810861670779,-1.94453064886696
"TAAGTAGCAGGTATTT-2","female","EN-fetal-late",-2.52837824989646,5.39215080049462,4.78286074759495,-4.45947687117226
"TAAGTGCTCCTAGTTT-2","female","IN-fetal",-0.163350822223121,-8.71967800352149,3.43719576956761,-6.89862052885658
"TAATCACCACAAAGAC-2","female","EN-fetal-late",7.68926954101235,0.254568081168599,4.65036820532811,1.36927695783012
"TAATCACCACAGGATG-2","female","EN-fetal-late",-3.41733658481925,2.24877993371911,-2.79291892884243,-2.3334359356559
"TAATCACCATAGTCAT-2","female","EN-fetal-late",-2.6176979558596,1.66108212974495,-0.811293729524495,-2.09180466620094
"TAATCCGCACCTACGG-2","female","EN-fetal-late",4.96680402587563,-0.337321240635448,1.81960116984379,1.03016670258873
"TAATCCGCAGTTTCTC-2","female","EN-fetal-late",5.92497443984658,0.750803667871422,4.59554003836644,2.16136081727379
"TAATCCGCATTTAAGC-2","female","EN-fetal-late",-4.39049816299766,2.67976741102166,-3.19242978928554,-3.00877468077309
"TAATGCATCATTCATC-2","female","EN-fetal-late",1.96357440780312,1.93040780332512,0.250974155087589,-2.19499604193337
"TAATGGACAGATAGAC-2","female","EN-fetal-late",-3.73017287422507,1.40979961660332,-2.8819689833926,-2.30424134222634
"TAATGGTGTAATCGTG-2","female","EN-fetal-late",2.8171029074064,1.8739613702578,1.4207494175626,-0.266059590259859
"TAATGGTGTACTTCAC-2","female","EN-fetal-late",2.36256027053506,1.31524516251511,1.19995277287495,-0.346162361780474
"TAATGGTGTCAGGCAT-2","female","IN-fetal",3.35000657867104,-5.92301090452247,0.226247332115291,-5.17900888411171
"TAATGGTGTCATGAGC-2","female","EN-fetal-late",-7.01936674286216,2.14023033883996,-4.89455033181179,-2.15364210096962
"TAATGGTGTGAAACAA-2","female","EN-fetal-late",-5.83727836777061,2.14477936532921,-5.55833721993435,-1.5812900492347
"TAATGGTGTTGAGGTC-2","female","EN-fetal-late",-6.16821575332969,1.49348269012398,-3.7588467681216,-2.75411407438881
"TAATTGCCAATAGTCT-2","female","EN-fetal-late",5.62641286681802,1.3497749378962,3.0193195259763,0.848543005307844
"TAATTGCCAATCCCTT-2","female","EN-fetal-late",9.38067197631509,-6.98409231397682,4.08594273688328,3.01870592149132
"TACAACATCTTACTCG-2","female","EN-fetal-late",4.97970676253945,1.22975603845543,0.254953674097179,2.05452437909477
"TACAAGCTCAATCTAG-2","female","EN-fetal-late",2.72837972472817,-3.8052321264463,-1.15975845692623,0.464687662442854
"TACAAGCTCGTCAAGT-2","female","EN-fetal-late",3.48257732223184,1.22625980880684,2.24951945902836,0.219325194379023
"TACAAGCTCTCAATTC-2","female","EN-fetal-late",-2.74320566822379,-2.69568546506935,-0.736540564279438,4.10193856271141
"TACAATGTCCAATTAG-2","female","EN-fetal-late",4.9841303808561,-2.41657121870094,1.93099092604649,2.69250901254051
"TACAATGTCGGTTACG-2","female","IN-fetal",2.13561153243691,-8.03036316129737,0.389360007886408,-7.31413452116615
"TACAATGTCTAAGGTC-2","female","IN-fetal",-0.552229167712623,-8.73103817197853,3.57523726584446,-7.07657281843788
"TACAATGTCTGCAACG-2","female","EN-fetal-late",-4.42676186729758,2.79452375677056,-2.9864931189822,-3.2196926304496
"TACAGCTAGGTTTGCG-2","female","EN-fetal-late",-5.29651165176719,2.53560487535424,-4.16841460106838,-2.57371346441872
"TACATCAAGTCAGGCC-2","female","EN-fetal-late",-5.14286971260398,1.99271325376458,-4.29194355843532,-3.22976653067238
"TACATCAAGTGAACGA-2","female","EN-fetal-late",-2.66476762462943,-2.08921750280433,0.72158642770779,1.19552608044975
"TACCAAATCATCCTAT-2","female","EN-fetal-late",-5.93026495148032,-3.07442100736671,-1.03440786240566,8.36181362183922
"TACCAAATCCTAGTCC-2","female","EN-fetal-late",-7.92952156235068,1.18409631755776,-5.73318816063869,-1.91733900992043
"TACCAGGTCACAGCCA-2","female","EN-fetal-late",1.93947267364175,1.25106392410225,1.0699787056638,-0.392610354105303
"TACCAGGTCACGCATG-2","female","EN-fetal-late",4.47158098052651,-1.81692679616981,1.92071603896153,2.57316287072532
"TACCAGGTCGCAGGCT-2","female","EN-fetal-late",10.4833016378751,-7.51363285276466,1.86450373293888,6.83683879884117
"TACCCGGCAGGCAAGC-2","female","IN-CGE",2.69658374618203,-5.43909748289161,0.461891441662429,-4.27131263701088
"TACCCGGCATTGGGAG-2","female","EN-fetal-late",-6.12973976303428,-3.33399828168922,-0.788798221330525,8.29361351045006
"TACCCGGCATTGTTGG-2","female","EN-fetal-late",-7.9876770990023,2.29689721372551,-5.76532078621852,-2.08905307737953
"TACCGAAGTGGTTCTT-2","female","EN-fetal-late",-4.8756575601229,1.9802731683535,-3.23232246277797,-2.73433606115944
"TACCGCAAGAAACTGG-2","female","IN-fetal",-0.631688536895209,-3.16908462736183,3.66247843863499,-2.58145396200783
"TACCGCAAGGAGCAAC-2","female","IN-fetal",-5.72419500519126,8.39879504945702,4.38604592444432,-4.34562770811684
"TACCGCAAGGTGAAAT-2","female","Microglia",10.8031678182951,15.6437405755801,-3.56482411263454,3.07279832871788
"TACCGCAAGTCACTAA-2","female","EN-fetal-late",-7.68028497864097,2.37279562261528,-5.63423062203395,-1.76789323774941
"TACCGTTGTTGGATAT-2","female","OPC",-14.0340905206332,-11.5225535223203,-6.21773863671291,3.05364759477012
"TACCTCATCACTCGCT-2","female","IN-fetal",2.70793247054726,-5.4423957655149,0.446858159322856,-4.60917703596718
"TACCTGCTCACTAAGC-2","female","IN-fetal",-5.45729589630454,6.67214814928002,2.94939159514439,-3.46439496962197
"TACCTGCTCCTGCGAA-2","female","EN-fetal-late",-5.90703678299277,-3.21878059598976,-0.796844729165913,8.42984397920006
"TACCTGCTCGAAGTGA-2","female","IN-fetal",-0.0361807363161384,-8.97609527799659,2.87746428610813,-7.01951209990151
"TACCTTAGTACGGTAC-2","female","IN-fetal",-5.40776086021751,8.67390243318505,4.41010331274998,-5.01107923475868
"TACCTTAGTGCATCGG-2","female","EN-fetal-late",-3.6544547097811,2.36083499696679,-3.23047543404567,-3.00389019934303
"TACCTTAGTGCATTAG-2","female","EN-fetal-late",-1.04734161664336,3.00878898408837,-0.562140473108174,-2.57048360792763
"TACCTTAGTGTTCCCA-2","female","EN-fetal-late",-5.08163309265464,1.36349366214699,-2.5055098616885,-1.46721033541329
"TACCTTTAGACTATTG-2","female","EN-fetal-late",-5.43848347832053,2.45665685441918,-3.82157135842312,-2.82663099257118
"TACCTTTAGCTTATGA-2","female","IN-fetal",1.61681771110207,-8.50236232969337,0.360282960404275,-7.20566932646401
"TACCTTTAGGCGTAAA-2","female","OPC",-13.8933634774813,-11.5076647588926,3.29278921248448,-6.77662889448769
"TACGCACCATTTGCTC-2","female","EN-fetal-late",-2.00595355202048,0.6963847389502,-1.503039845209,-4.18029872862465
"TACGCTTGTAACTACG-2","female","EN-fetal-late",9.80658483337075,-6.95419033262306,1.84212981822026,6.66628940614097
"TACGCTTGTATTGTCC-2","female","IN-fetal",-0.442339422000342,-8.57544048521095,3.94413398863804,-7.23642723051674
"TACGCTTGTCAATGTG-2","female","EN-fetal-late",-2.91851318050712,6.02689592149682,1.31310271384251,-0.493440074602434
"TACGCTTGTGGGTACT-2","female","EN-fetal-late",-7.26048278976768,1.71750710514016,-4.88202906487453,-2.11449520079262
"TACGCTTGTTCCGGGA-2","female","EN-fetal-late",-8.38497162033408,1.5734853556437,-5.58744765160549,-2.59219495741493
"TACGGATTCACTTTAC-2","female","EN-fetal-late",6.15226411651284,0.632148068217702,2.88919400336277,0.591220634301832
"TACGGATTCGCTTGCT-2","female","EN-fetal-late",2.31083297561318,-0.241260964603954,0.687196723241924,0.803274469693831
"TACGGTTAGGAAGCTA-2","female","IN-fetal",-4.17650628258079,8.70012609270043,4.39220284583104,-3.98833314863808
"TACGGTTAGTCAATTG-2","female","IN-fetal",-5.01167726684898,8.81084815767235,4.55615042807591,-4.73157922712929
"TACGGTTAGTGAGGGT-2","female","EN-fetal-late",10.3927187902799,-7.75109012815528,1.67391537787449,6.77353103669517
"TACGGTTAGTTAGTGC-2","female","EN-fetal-late",-4.02313327957481,2.92756692674584,-2.85591936943996,-3.18969027487404
"TACGTAATCACACAGT-2","female","EN-fetal-late",7.06377458404214,-0.143586237164073,3.47063612105381,1.54613681348198
"TACGTAATCCTAATTC-2","female","IN-fetal",-3.15595019031852,7.98678390291161,5.33604573370945,-3.34077589003212
"TACGTACAGGATTTGC-2","female","EN-fetal-late",1.63432240317971,1.67890141513772,0.364745705444931,-1.11261598555214
"TACGTTAAGCAGCTCA-2","female","EN-fetal-late",-6.68083810974448,1.72442440298027,-4.93863345025051,-3.03257815329201
"TACGTTAAGCCTAACG-2","female","EN-fetal-late",-0.419684888614112,-4.49449976179176,-3.49688244698513,-2.73782388655312
"TACGTTAAGCCTGTGA-2","female","EN-fetal-late",-2.95867872406333,1.76733134296364,-1.9291839682864,-2.50529067007668
"TACGTTAAGCGGTTAT-2","female","IN-fetal",-4.0720436589846,-2.34336097929054,0.521019450445293,-7.04412452665932
"TACGTTAAGGTGCTGC-2","female","EN-fetal-late",-3.29735434223502,2.10580126550621,-2.32240510819423,-2.46968714682228
"TACTAAGTCAAGGACA-2","female","EN-fetal-late",5.22820949386269,-1.75671370718055,2.13673984171879,1.65924747498863
"TACTCAAAGAAAGCAT-2","female","EN-fetal-late",10.4425950033537,-7.81697757932716,1.98571561934483,6.97592361482017
"TACTCAAAGCTTTGTT-2","female","IN-fetal",-0.448328377498084,-8.88573749754005,3.50701855780613,-7.14267723051674
"TACTCGCTCATAATCG-2","female","EN-fetal-late",0.293387768971032,-4.71529730054908,-1.0262811267184,4.93154199632042
"TACTCGCTCCTTGAGG-2","female","EN-fetal-late",-1.05843228269904,-5.78316839429908,-1.77781701920498,0.836811023076704
"TACTCGCTCGGGACCT-2","female","IN-fetal",-0.358538271678382,-9.26888282987647,3.39113353850376,-6.81036655394203
"TACTCGCTCTGCAAAC-2","female","EN-fetal-late",-1.64501460064738,2.09955314901299,-0.890321143846394,-2.32899133650429
"TACTGACAGAGGGACT-2","female","EN-fetal-late",0.0862059576383294,0.769951592950291,-0.751648792009236,-0.88768057314522
"TACTGACAGCACGTTG-2","female","EN-fetal-late",-3.26866209675162,1.04088081028885,-2.32306242821682,-1.38843814818031
"TACTGACAGCTTTGGG-2","female","IN-fetal",-0.133998872531348,-8.66540630552345,3.35138129355442,-7.41231290785439
"TACTGACAGGCTTAAC-2","female","IN-fetal",-0.755275787604743,-9.10273750516944,3.76826929213536,-7.12739412275917
"TACTGAGGTGGATTAT-2","female","EN-fetal-late",1.6170866472593,0.509448718099065,0.298590055723308,-1.15397445646889
"TACTGAGGTTGGTGAC-2","female","EN-fetal-late",-1.49372961167782,1.4047333410067,-1.95368886826503,-1.4452056118644
"TACTGGCCAAAGGTAC-2","female","EN-fetal-late",-5.93010568786948,-3.04230006429725,-0.653337129335286,7.99013193162315
"TACTGGCCATAATCGT-2","female","EN-fetal-late",6.49348544906289,-1.51275261137062,3.50550674559605,2.78512223275535
"TACTTCGTCATTTGCT-2","female","IN-fetal",-2.9745425002703,-3.34626682493263,-1.2096114241885,4.80315931352012
"TACTTCGTCCGTTATT-2","female","EN-fetal-late",-4.40425253082603,2.67381994035668,-4.04875517724025,-2.82526699988014
"TACTTCGTCTCCTCAA-2","female","EN-fetal-late",0.396916030155724,-4.50011308881813,-0.869016894082905,0.546146558841398
"TACTTGTTCAATGTCA-2","female","EN-fetal-late",6.12536811660439,-0.402671773167186,-1.44780100224483,7.82729204209678
"TACTTGTTCTTTGTAC-2","female","EN-fetal-late",-6.40828275848716,2.3248104265017,-4.74210501549709,-2.07473747221596
"TAGACCAGTCGACTCC-2","female","EN-fetal-late",-5.06462407280296,2.48466448095269,-2.15904260514248,-0.895228666940996
"TAGACCAGTTTGGTTC-2","female","EN-fetal-late",7.47360372375161,0.327770869998402,4.9932751572324,1.87010057481163
"TAGAGCCGTTACGCGG-2","female","IN-fetal",2.13352656196267,-8.08473118040138,0.597560784835933,-7.25758449522621
"TAGCAGGCAAACGCGA-2","female","EN-fetal-late",9.32187700103433,-6.86055095884376,3.9722540295316,1.38179655583732
"TAGCAGGCAACAACAA-2","female","EN-fetal-late",-1.30136004258483,1.54413418081231,-1.03642190335262,-1.40575663534767
"TAGCAGGCAACTAACT-2","female","EN-fetal-late",-0.745598973525458,-5.70869978162818,0.480744889993785,-0.42023341147072
"TAGCATATCATGGTTA-2","female","EN-fetal-late",5.06825542281777,-0.411169130535655,1.80706941248906,1.69568689378135
"TAGCCGGGTGTGAGAG-2","female","EN-fetal-late",-6.79092693497031,0.929229300288624,-4.00053835747707,-2.37488262144692
"TAGCCTCTCATAAGCC-2","female","EN-fetal-late",10.284579752194,-7.16185005399757,1.88589941622746,6.57208688767784
"TAGCCTGAGGCATTGT-2","female","EN-fetal-late",10.2774910910001,-6.92647846433692,0.954489580412029,6.77974899323814
"TAGCCTGAGTGAGGTA-2","female","EN-fetal-late",-3.09972322155326,1.86411802080101,-1.78729701874721,-2.7296168038047
"TAGCCTTGTAAGTCGC-2","female","EN-fetal-late",-1.19676765967696,-6.30649669858985,-5.3935599410342,3.60964019807213
"TAGCCTTGTAATGGCC-2","female","EN-fetal-late",1.94744348357827,-0.725126940937572,0.615423387904285,0.470965044816664
"TAGCCTTGTCATCATC-2","female","EN-fetal-late",7.46653318236977,-0.723221738071971,-1.15576220391262,8.10216529878013
"TAGCCTTGTGGGAACA-2","female","IN-fetal",0.604171751247949,-8.84047611448341,2.22290860774052,-7.20982686964638
"TAGCGCGGTACGATTG-2","female","IN-fetal",-1.35428425837844,-6.27427204343849,4.04646610381138,-4.65371219603188
"TAGCGCGGTGATGAGG-2","female","IN-fetal",0.408723710285729,-9.08975322935157,2.39078079821598,-7.26917736021645
"TAGCGCGGTTTACGTC-2","female","EN-fetal-late",5.77689361404092,-1.33281477186256,2.79260229231846,2.4441507628762
"TAGCGGACATGATTGT-2","female","EN-fetal-late",0.471108792530602,-4.44750698301368,1.83609842421543,0.675601439794233
"TAGCTAATCCGGCTAA-2","female","EN-fetal-late",4.90491962264687,-2.57851322385841,1.45748089911473,2.04986794503563
"TAGCTAGGTGGTTCTT-2","female","IN-fetal",3.92102050613076,-5.15315588209205,0.0925972974492298,-4.7977332302726
"TAGCTAGGTTCACTGT-2","female","EN-fetal-late",2.86673688720376,13.670469205646,-4.13488007424343,6.42432315858238
"TAGCTAGGTTTACCGT-2","female","EN-fetal-late",-2.05197113920539,0.542054097918935,-2.15497804520595,-1.29736415831215
"TAGCTAGGTTTAGTCC-2","female","EN-fetal-late",6.6340851766935,-2.3151403257566,3.63460516097081,1.94467492612236
"TAGCTTAAGCCAGTAT-2","female","EN-fetal-late",0.803530214535302,-0.627800662251048,0.530409297962307,-0.455021125952074
"TAGCTTAAGCTATTAG-2","female","EN-fetal-late",-7.42984056640952,2.21821860578484,-5.38248253701198,-2.26323573080666
"TAGCTTAAGCTCCTTA-2","female","EN-fetal-late",5.57969999145181,-2.77025421354347,3.25400351645481,3.18994815858238
"TAGCTTAAGGGCCACT-2","female","EN-fetal-late",-2.19989961553901,2.7167827298922,-1.99606037972438,-2.9674703308738
"TAGCTTAAGGTACCGC-2","female","EN-fetal-late",1.66540789436013,1.93137685563988,-0.34245479939449,-1.91985003439552
"TAGCTTGCAATAACGA-2","female","EN-fetal-late",-4.55987525154441,-1.93803699705177,-1.32284832833278,7.46349199326866
"TAGCTTGCAGTGAACG-2","female","EN-fetal-late",-0.660807790053779,-3.2986927816587,2.21478079916966,6.64496953996055
"TAGGAACCATCACAGC-2","female","EN-fetal-late",-0.207236410869056,-0.24646862241798,-0.388817318658711,-0.792927188555071
"TAGGAGGGTATTCGCT-2","female","EN-fetal-late",-6.33650446106284,1.50203333404488,-4.28572655556667,-2.44231287924416
"TAGGAGGGTCCGTGAG-2","female","EN-fetal-late",7.1864647848478,-0.707407076092296,4.07487606169712,1.78701146157615
"TAGGAGGGTTTGTTGC-2","female","EN-fetal-late",1.51843309234292,0.711427021591134,-5.02779818413723,-3.23860518423683
"TAGGAGTCAACAGGTG-2","female","EN-fetal-late",9.29745721648843,-7.36032207700782,-2.92796827195156,-2.22673360792763
"TAGGAGTCAACCCTAA-2","female","EN-fetal-late",0.503026483761376,2.5907684972567,0.132488033790706,-2.16360609022743
"TAGGAGTCAGTAATAG-2","female","EN-fetal-late",-5.25908374954551,2.13575176504082,-4.85927344201076,-1.71679524866707
"TAGGCTAGTATTGGAT-2","female","EN-fetal-late",2.91807317565591,-2.50896151754432,-0.06180379627216,-6.69637052504189
"TAGGCTAGTCGACTCC-2","female","EN-fetal-late",10.375270364987,-7.55317886564308,1.87375568511021,7.08446367295616
"TAGGCTAGTGTGAGAG-2","female","EN-fetal-late",-2.85955810715049,6.56616060045189,5.23253106238377,-3.22594968763954
"TAGGCTGTCATGCTAA-2","female","EN-fetal-late",-3.03840840030997,1.01576162484116,-2.37708378670681,-1.55463771311409
"TAGGCTGTCCATAATG-2","female","RG",-1.66761440206855,-6.17174394819313,-5.95965672371852,3.69774349244469
"TAGGCTTAGCAACATC-2","female","EN-fetal-late",2.88681030105264,2.17935172822899,1.61203621985447,-0.771426303068468
"TAGGCTTAGCGAAGTA-2","female","EN-fetal-late",-8.28874206711143,1.6743866613192,-5.96269083855617,-2.17192880598671
"TAGGCTTAGGACCAGG-2","female","EN-fetal-late",-0.013413669360572,-4.43295391294532,0.699772677440761,-0.348753822723696
"TAGGCTTAGGCCGGAA-2","female","RG",-1.79729300905555,-6.13005264493995,-5.81482697365749,3.52513344796531
"TAGGGTTTCCTAAGGT-2","female","EN-fetal-late",4.54983377288491,1.5208079626841,1.8731214916898,-0.27082134572632
"TAGGGTTTCCTAGTTT-2","female","EN-fetal-late",7.90500402282388,-0.329522568913036,4.74818801047337,1.43960733922355
"TAGGGTTTCGCACACA-2","female","EN-fetal-late",9.61186361144692,-6.97204693052345,1.70226811530125,6.29045780213707
"TAGGGTTTCTAGCGTG-2","female","EN-fetal-late",2.91691398452432,2.72897664812035,1.38089149357807,-0.922918123880693
"TAGGGTTTCTTAGGGT-2","female","IN-fetal",-3.49961948562949,8.58683387544579,5.46619414450657,-3.30184189764626
"TAGGTGCGTACGTTTC-2","female","EN-fetal-late",9.93435621093423,-7.41424759122901,1.52403341891301,6.16500051530235
"TAGGTTATCCAACTGG-2","female","EN-fetal-late",3.22793292831094,1.69703320768303,1.30516718985569,0.284513430913618
"TAGGTTATCGCAAACT-2","female","IN-fetal",-4.36283683945029,6.91289417055077,4.20184992911351,-2.9930559822715
"TAGGTTGGTTGCACGG-2","female","EN-fetal-late",0.21574354003579,-4.61266620847755,-1.50638652680385,1.05636443408363
"TAGTAACGTCTCAGCC-2","female","EN-fetal-late",-2.15742564369529,0.639909829763837,-2.06991935608852,-2.07849161116249
"TAGTAAGCAGTTTGGC-2","female","EN-fetal-late",4.7163400633207,-2.57319195959144,2.15846728446019,2.69625003846519
"TAGTACGGTAAGCTTG-2","female","IN-fetal",-0.302497746241981,-8.71166332456642,3.66032933356297,-6.72322933165199
"TAGTAGGAGCAAGATG-2","female","EN-fetal-late",3.92779159377725,-0.668040115566783,1.88269697787297,2.19161732705467
"TAGTAGGAGGATCACT-2","female","EN-fetal-late",4.06701755355508,0.601686041621632,1.89982580306065,1.54053254636162
"TAGTAGGAGGCCCAGT-2","female","EN-fetal-late",-6.3731579797396,1.46001450326867,-4.80007220147121,-2.40894190756447
"TAGTAGGAGTATTGTG-2","female","EN-fetal-late",-5.2616484182009,1.82680932786889,-2.80784250138271,-2.56222598044045
"TAGTAGGAGTTATCCT-2","female","EN-fetal-late",0.203516720043725,2.36266986635155,0.259859553594707,-2.06071917502052
"TAGTCAATCTGCAAAC-2","female","EN-fetal-late",-6.06635570694297,-3.45421703550392,-1.0433846795367,8.57395275147789
"TAGTCAATCTTAGCCC-2","female","EN-fetal-late",-5.56212949920982,1.4427126457972,-3.81244755623806,-0.602317733446428
"TAGTGGCGTGAGGTAG-2","female","IN-fetal",-3.5352525727877,6.73337070253319,4.46298646094334,-2.52796761480934
"TAGTGGCGTGATTTGG-2","female","EN-fetal-late",3.17453718017251,2.3195853641314,1.60579954745304,0.0692327937685758
"TAGTGGCGTGCTGGTG-2","female","IN-fetal",2.84616327117593,-6.94218786451393,-0.057684847097279,-5.81200544325478
"TAGTGGCGTGCTGTAA-2","female","EN-fetal-late",-0.616333128703529,4.89175359514183,-0.573275693635823,7.63141305955284
"TAGTGGCGTTGTTGGA-2","female","EN-fetal-late",-0.430520893824988,-4.4630633184629,-4.49281264183986,-2.25212184874184
"TAGTGTGGTCAGGAAG-2","female","EN-fetal-late",-0.17522907425254,-4.20694168302589,-1.41838420269954,4.85474164994591
"TAGTGTGGTCGCAAAC-2","female","EN-fetal-late",-2.84997987915366,6.12970964219994,5.06756018759739,-2.88570706335671
"TAGTGTGGTTAAGCTG-2","female","EN-fetal-late",-0.41529345680564,-0.264835436077647,-1.78406883118618,-0.975331229845354
"TAGTTGTCAATTAAGG-2","female","IN-fetal",-0.157655240786964,-8.77579982969337,3.1535227215482,-6.98778717009194
"TAGTTGTCACATAACT-2","female","IN-fetal",2.21006464790017,-8.00151165220313,0.648215971012233,-7.29987899748451
"TAGTTTGAGACACTTA-2","female","EN-fetal-late",-1.17617318202346,2.53247265127129,-3.33143354294765,-2.55613200155861
"TATAACCCAGCTTAAT-2","female","EN-fetal-late",-6.11861705948203,2.37368540075249,-4.22659731743801,-2.39803449598915
"TATAACCCATTAAACC-2","female","IN-fetal",-6.53169250656455,8.20132676866479,3.92663668753636,-5.78302041975624
"TATAACCCATTGTGTG-2","female","IN-fetal",-4.8369944112429,6.56898919847435,3.1944630062772,-3.20625607458718
"TATAGCCAGACAGGCG-2","female","IN-fetal",-3.85945058037131,8.59033529069848,5.30836247565281,-3.50891963926918
"TATAGCCAGATGCCTG-2","female","EN-fetal-late",-3.51410603691428,-1.7350040266233,-5.28286791680324,-1.65844540087349
"TATAGCTCAAAGCCTC-2","female","EN-fetal-late",7.19697236846597,0.277875881461568,4.95463608862889,2.1399424842202
"TATAGCTCAGCAACAG-2","female","EN-fetal-late",-0.531475605262214,-0.187787968845897,-1.4246491277026,-0.719755096117327
"TATATCCTCATCACTT-2","female","EN-fetal-late",3.1871824247709,13.3562297036929,-4.13505698082912,6.32031162293785
"TATATCCTCCTTGTTG-2","female","IN-fetal",-0.08105707336753,-8.60316665861183,3.66022395255101,-6.25411169020302
"TATATCCTCTAGCTTT-2","female","EN-fetal-late",-2.1781540529856,1.93239716794915,-1.45865894196499,-2.96999732939369
"TATATCCTCTTGCAGG-2","female","EN-fetal-late",6.28201675246865,-0.359353024693065,3.25188922049534,1.2415711453759
"TATCACAAGAGCAAGC-2","female","IN-fetal",-3.25197041202872,7.33001796510643,4.55843209387791,-3.14848844496376
"TATCACAAGGCTAATC-2","female","EN-fetal-late",1.29986882041604,-4.02146824094825,5.04429816367161,1.97152455361717
"TATCACGCACAAAGCG-2","female","EN-fetal-late",5.40285301040322,-1.3523090669828,-5.23049784539211,-2.42679564444191
"TATCACGCAGCGCTTG-2","female","EN-fetal-late",-6.11677980591148,1.19456101563401,-3.05194283364284,-0.0328003892100542
"TATCCAGCAGCACGAA-2","female","IN-fetal",-6.14824581314414,8.02923623826928,3.71508502127659,-4.71145812956459
"TATCCAGCATGAATAG-2","female","EN-fetal-late",-1.96061647106498,2.93099061754174,-0.652215846757771,-2.74458329168923
"TATCCAGCATGATTGT-2","female","EN-fetal-late",2.57616615127236,0.516879897384114,0.449903245140432,-6.13667146650917
"TATCCGGAGTATTGCA-2","female","EN-fetal-late",-4.56475520302146,-2.03402932378822,-1.24440241692531,5.87507398637169
"TATCGAGGTCCTTAGT-2","female","IN-fetal",0.16802215407998,-8.94346626493507,3.06585954787266,-7.22828618971474
"TATCGCACACTGGCTG-2","female","EN-fetal-late",-2.32507485319465,1.10999174025483,-2.3744382941531,-1.63989333597786
"TATCGCGAGCCAGTAT-2","female","EN-fetal-late",-0.564194204104835,2.59845749643273,0.943614772577404,-7.20344106642372
"TATCGCGAGGACACTT-2","female","EN-fetal-late",4.99932670425088,-2.60337074491554,-5.96610642312038,3.3910558989846
"TATCGCGAGGTACCGC-2","female","EN-fetal-late",-6.17079782654136,-3.00922926160865,-0.816912063341023,8.52096469910972
"TATGAAGCAAACCTAT-2","female","EN-fetal-late",-6.50264501739829,2.43237857129998,-4.89017201302517,-1.98342411009438
"TATGAAGCAACCGCCA-2","female","EN-fetal-late",-3.2646454589495,-2.90541036817604,-0.862053045015217,4.94574840577476
"TATGAAGCACATACTG-2","female","IN-fetal",-0.111955882800513,-8.85135944578224,3.56514190794957,-7.25295917479164
"TATGAAGCACCTGCTC-2","female","EN-fetal-late",-4.45391750503867,2.41688255575127,-5.23612213967311,-3.41464535681374
"TATGAAGCAGTTGCGT-2","female","EN-fetal-late",9.06825208495767,-7.04566200468116,1.72077333094609,2.06494160207146
"TATGAAGCATGACTAT-2","female","EN-fetal-late",-3.46470475365012,6.49788610246605,4.74826430441868,-2.63910214392311
"TATGACATCATGTTTC-2","female","IN-fetal",-0.239095927966529,-8.6246901342588,3.77218793990147,-7.34089652983315
"TATGACATCCCTCACG-2","female","EN-fetal-late",5.94798421691567,0.781951371399827,3.09530972601902,0.625455754121473
"TATGACTCACAGGAAT-2","female","IN-fetal",3.92850732635171,-5.09524543973976,0.129622778911708,-4.55270854918129
"TATGACTCAGCAAATA-2","female","IN-fetal",-4.69977188278525,7.91413060930199,4.40319537283909,-3.48335163084633
"TATGACTCATGTCAAT-2","female","EN-fetal-late",6.2755613310209,0.463869701890416,3.53044914366734,1.15830154927604
"TATGACTCATGTCGCG-2","female","EN-fetal-late",10.3355441076627,-7.36755283567482,1.72888921858799,6.7990308574044
"TATGACTCATTTGCTC-2","female","EN-fetal-late",-1.06909191776603,2.09483496454186,-0.285068877916218,-1.69780973879463
"TATGCATCAAACCCTA-2","female","EN-fetal-late",2.23148488830239,1.28246919420189,-0.501978524904133,1.4109305909478
"TATGCATCAGCCAGTT-2","female","EN-fetal-late",3.49831962417275,1.14347309973664,1.21382515789997,-0.126313997188875
"TATGCATCATAGCGGA-2","female","EN-fetal-late",5.29046821426064,-2.22975762579017,3.09222005965245,3.13229544671409
"TATGGATGTGGCTTCC-2","female","EN-fetal-late",-0.872960926783973,-0.10766382906013,-1.36371696827877,-0.972307605425188
"TATGGATGTGTTTGCT-2","female","IN-fetal",3.43911313842446,-5.0683403799253,0.743731520195125,-4.29618017164833
"TATGGATGTTCGCTCA-2","female","EN-fetal-late",6.96243524383218,0.325674336223073,5.1033792412473,2.65912635835045
"TATGGATGTTGCGCGA-2","female","EN-fetal-late",-1.40415667538136,0.244082432059712,-0.926029452066304,-1.1702690550483
"TATGGATGTTTACTTG-2","female","OPC",-13.8584351556429,-11.6868172476011,-6.31871319649685,3.08638389619224
"TATGGATGTTTCAGGA-2","female","EN-fetal-late",4.0652022344938,0.712477955786652,1.76969956519139,0.820927577336958
"TATGGCCCAGAAACGT-2","female","EN-fetal-late",0.750871656643456,2.65489188936181,0.234542972464679,-2.17885677305824
"TATGGGCGTCCACAAA-2","female","IN-fetal",1.38359761069924,-8.5677882024961,0.898656121511577,-7.26839248625405
"TATGGGCGTGCTCCGT-2","female","EN-fetal-late",10.3636145574918,-7.23471649381691,1.41000866057408,6.66672428162926
"TATGGGCGTTTGTCTA-2","female","EN-fetal-late",5.77853917907388,0.131612222461171,3.16331647994053,1.11855484755867
"TATGGTCAGTGAACGA-2","female","EN-fetal-late",7.08400583099038,0.618645604519314,4.78577517630589,2.07583482774132
"TATGTGATCCTTCAAT-2","female","IN-fetal",-0.45861005951255,-9.08226402494483,3.70434283377659,-7.00800268141396
"TATTACCTCAATCATG-2","female","EN-fetal-late",-6.69552755524009,2.20272855070061,-5.2716846549319,-2.02584640471108
"TATTACCTCTTGGACG-2","female","EN-fetal-late",0.972006080853051,-0.00760521385245827,0.662613323946117,0.00302946778171365
"TATTAGCCACAGACTC-2","female","EN-fetal-late",-4.68898439575523,2.49290875699944,-3.06414724228847,-2.98993865934975
"TATTAGCCACTAGGTC-2","female","IN-fetal",-4.27645969559043,8.4661473443789,4.52875422598851,-4.22684566465981
"TATTAGCCAGCAAGGC-2","female","EN-fetal-late",10.1340975744596,-6.94788130018287,1.84689962031376,6.57678754838341
"TATTAGCCAGCATGTC-2","female","IN-fetal",-0.426860811007911,-8.64924152586036,3.4418299114896,-7.22838727919228
"TATTAGCCAGGAATCG-2","female","IN-fetal",-6.78809690643638,8.13862602022118,3.80540751578343,-5.51886980024941
"TATTAGCCAGGCCATT-2","female","EN-fetal-late",-5.98605776001304,-2.87915786001258,-1.20872236130703,8.1872053912484
"TATTAGCCAGTACCGT-2","female","IN-fetal",-5.57879018951743,8.47666065004296,4.21712993742955,-5.06088439909584
"TATTAGCCATGAGCAG-2","female","RG",-1.57001824845164,-6.11874874326759,-5.66844082711208,3.74089725526207
"TATTAGGTCCTTCTAG-2","female","EN-fetal-late",5.54373216460854,-2.59957798215919,2.79438137175572,2.72661979707115
"TATTCGTTCAATTGGC-2","female","RG",0.847774980770654,-8.55776603910499,-5.84417296288478,2.96761234315269
"TATTCGTTCTTTGACT-2","female","EN-fetal-late",-1.70295615662425,1.35948071983284,-0.977243908624531,-1.98231284109719
"TATTGACCAACACCTA-2","female","EN-fetal-late",3.35685157607705,13.1892546823306,-4.06874609826076,6.25433357270592
"TATTGACCAACCTAAT-2","female","EN-fetal-late",-3.1234614865908,2.40488139894433,-2.35463000176418,-1.86566297499306
"TATTGACCAATAGTCT-2","female","IN-fetal",1.96694755386025,-7.43414791318946,3.07975672842991,-7.1831297108329
"TATTGACCAATCATGT-2","female","EN-fetal-late",-5.28483486343711,2.40351681020684,-3.2158517920779,-2.66600505797035
"TATTGACCATTCCTGT-2","female","EN-fetal-late",3.15745687316567,0.654622893599934,0.649212903399585,1.25849838765495
"TATTTGCTCACCAATA-2","female","EN-fetal-late",5.47199535201699,1.10261307266182,3.43414591910374,0.765853779634169
"TATTTGGAGCTAATTG-2","female","EN-fetal-late",1.33993077109963,-3.99304207059913,2.57088851096165,0.795854406675032
"TCAAACCAGCATCCAG-2","female","EN-fetal-late",6.30053806136758,-2.40674455854469,2.8062326824857,2.73525174172752
"TCAAACCAGCTAATCA-2","female","EN-fetal-late",4.43253898452432,-0.0484547207074693,-0.259693809728505,-2.74817482916481
"TCAAACCAGGCTACTG-2","female","EN-fetal-late",3.23911237548501,2.06401960161156,1.72561072470677,-0.594629091898271
"TCAACAATCACTAAGC-2","female","EN-fetal-late",3.48652744125039,2.52773265150017,1.55175184371006,-0.758059842268297
"TCAACAATCCCGTTGT-2","female","EN-fetal-late",-6.38499832321494,0.687178160814709,-1.20920670865047,0.181017132719687
"TCAACAATCCCTTGCG-2","female","EN-fetal-late",0.378392933117455,2.38207809236474,0.392561121900199,-2.05500118223793
"TCAACAATCGAGGAAC-2","female","IN-fetal",-3.2975657003054,6.89796726015038,4.38679241301548,-2.77539865461952
"TCAAGAACAACAACAA-2","female","EN-fetal-late",6.54825162719399,-0.33945151063972,3.10032152297032,2.06482072385185
"TCAAGAACAACTAGCC-2","female","EN-fetal-late",-0.725394191039497,2.68080059793419,-0.261282631139637,-2.54581872908241
"TCAAGAACAAGGCCAA-2","female","EN-fetal-late",0.609737871395654,-4.13585956785255,-0.792839535455586,1.13398523839348
"TCAAGAACAGCAACCT-2","female","IN-fetal",-0.863360406650001,-8.8943377325254,3.66588067175877,-7.05917064634926
"TCAAGACTCGACAAAG-2","female","EN-fetal-late",-2.6378475444445,0.984990965394444,-2.13342285988796,-1.26795916048653
"TCAAGACTCGTAACGT-2","female","EN-fetal-late",-2.44336623121589,0.693188663391537,-2.0190014922427,-1.36657874075539
"TCAAGCTAGGGCTAAA-2","female","EN-fetal-late",-2.46566224266379,2.5748411824984,-1.17138493893612,-2.56588618246681
"TCAAGGAAGGCACAGG-2","female","EN-fetal-late",-0.580998482001716,-5.45837314817482,-4.81041909096706,3.50416524918907
"TCAAGGAAGGTGCTGC-2","female","EN-fetal-late",2.28631615470559,-0.41035052034431,0.281454994399665,-0.38893036333687
"TCAAGGAAGTTATCTC-2","female","EN-fetal-late",2.00226592849404,1.82736126687951,1.2514772927953,-0.769210261980364
"TCAAGGAAGTTGTCAA-2","female","EN-fetal-late",-3.35443473030418,2.40386072900719,-2.19372321007717,-2.66183511702187
"TCAAGTATCAAGTGAG-2","female","EN-fetal-late",-3.49787235428184,5.15329877641625,5.06016253592503,-4.00274269072182
"TCAAGTATCACCTGTC-2","female","EN-fetal-late",-2.47763025928825,-2.2010274717527,-1.13730967877376,0.53162507923477
"TCAAGTATCAGGTCCA-2","female","EN-fetal-late",1.22486400436074,0.724954012600846,0.110196313877224,-0.577585620561907
"TCAAGTATCAGTATTG-2","female","EN-fetal-late",-3.25180399586051,4.54968730714745,3.94424842955601,-7.37366239515907
"TCAATCGCACATGCTA-2","female","EN-fetal-late",-7.85705661941856,2.26028243806786,-5.83597422478664,-2.29027645079262
"TCACATAAGCTTGCTC-2","female","IN-fetal",-5.75543928314536,8.32773153093285,4.1297669327451,-4.87569229094155
"TCACCGGCAATAAGCA-2","female","EN-fetal-late",-2.81236541439384,2.23598627355523,-0.758296974878193,-2.15750138250954
"TCACCGGCACACAATT-2","female","IN-fetal",-3.70831895042747,-0.755947906704479,4.13547062041294,-2.53180162397988
"TCACCTCAGTCCTTCA-2","female","EN-fetal-late",-5.58380270172446,1.9403733423037,-3.41982961533535,-2.92243282286293
"TCACCTCAGTTATGTG-2","female","EN-fetal-late",2.62053298782021,2.3456113746447,1.83525430323613,-0.395054144541094
"TCACCTGGTAGTTAAC-2","female","IN-fetal",-3.80717253853171,6.84243385103173,5.06137751700413,-2.70942871061928
"TCACCTGGTTAGGCTA-2","female","EN-fetal-late",-8.30400085617393,1.84939424303002,-5.63962031243312,-2.55375878302223
"TCACGGATCCCAGTAG-2","female","EN-fetal-late",7.70562600921304,-0.660880048008495,3.75972818495762,2.16146858247154
"TCACTGACAAACTCAT-2","female","EN-fetal-late",-0.900333465827399,2.96023790147728,-0.07496217725742,-2.41549841848976
"TCACTGACAAAGCGGC-2","female","IN-fetal",-3.47300338913291,8.68892804887719,5.44936608435643,-3.08446304289467
"TCACTGACACCATATG-2","female","EN-fetal-late",6.48643731902749,-1.90792878362709,3.98281668784153,2.48014958413475
"TCACTGACAGCCAGAA-2","female","EN-fetal-late",-2.96462726761191,1.18941340949959,-2.24477935669887,-1.61139420954354
"TCACTGACAGGCTAAG-2","female","EN-fetal-late",0.639416692959374,2.67047838476128,0.507633945961116,-1.93606583563454
"TCAGCAAGTAACCACA-2","female","EN-fetal-late",-4.6099002378115,1.73374490049309,-2.69386459229458,-2.25865332571633
"TCAGCAAGTGGGTGAA-2","female","EN-fetal-late",-2.47050297428458,2.03556112554497,-0.887734183053853,-2.62174050299294
"TCAGCAAGTTTGAGGC-2","female","EN-fetal-late",2.92394018005044,-1.08274086210304,3.55158042075169,-7.50359336821205
"TCAGCCTTCATTAGGC-2","female","EN-fetal-late",7.78616189788491,-0.429000336857372,5.0015497124387,2.59337909730308
"TCAGCGATCACCTGCT-2","female","RG",-1.48360748384684,-6.24808939191871,-6.04137326119411,3.55708988221519
"TCAGCGATCAGCACGC-2","female","EN-fetal-late",-6.42716646362632,2.28974346425957,-4.51557303307521,-2.57224504439003
"TCAGCGATCCTAATTC-2","female","IN-fetal",3.53510808776528,-5.92811639997535,3.01454567076695,-7.38985578505165
"TCAGGAGCACAATGCC-2","female","EN-fetal-late",-4.63834691215842,-1.97888024541908,-1.1164637887286,8.0109449199044
"TCAGGAGCACCCACCT-2","female","EN-fetal-late",-8.19779300857871,1.45868174341149,-5.64693499443996,-2.01609293905861
"TCAGGAGCACCTGCCT-2","female","EN-fetal-late",7.36778306792886,-1.34031065198951,4.13608526350987,2.22854121240013
"TCAGGAGCAGTGAACG-2","female","RG",-5.42508959938377,13.5076769998354,-5.05457306740749,3.39963777573936
"TCAGGTCCAGAGGCTA-2","female","EN-fetal-late",5.15254115890176,-2.43060334417396,2.51791118742955,2.97961862595909
"TCAGGTCCAGCTAATT-2","female","EN-fetal-late",4.84478521178872,1.45962653663582,-0.16669989464748,-0.0139282771743029
"TCAGGTCCATTAGGTT-2","female","EN-fetal-late",2.35371923278481,0.709587286977238,0.67143874527943,-0.278271777311632
"TCAGGTTAGCCACAAT-2","female","EN-fetal-late",0.58948564361245,0.490954022674031,0.756254903097271,-1.01870028463967
"TCAGGTTAGGTTTGCG-2","female","EN-fetal-late",3.90298318694741,0.938583660690255,1.33866356970799,0.93441267522209
"TCAGGTTAGTATTGTG-2","female","EN-fetal-late",7.39848851989419,-1.65080555173927,4.15479158522618,1.94103343995445
"TCAGGTTAGTTAGCCG-2","female","OPC",-14.0544581430086,-11.4377365896421,-6.03609848855007,2.79939659150474
"TCAGTAATCATTACAG-2","female","IN-fetal",-0.28598404098838,-9.25744827482276,3.26825117232334,-6.84129945723183
"TCAGTAATCGCATTAA-2","female","IN-fetal",2.78674363921792,-5.67670448514991,0.080010465402721,-5.55360500303871
"TCAGTAGGTTATGTGG-2","female","RG",-1.17400464583724,-6.44291361066871,-6.16145563958156,3.51158102067344
"TCAGTGAGTACCGTTT-2","female","EN-fetal-late",-5.0945992486605,1.13915730622239,-0.88817013142574,1.86758025201195
"TCAGTGAGTGCTAGCG-2","female","EN-fetal-late",-4.47563004661887,1.72953210380501,-2.98392105935085,-2.90023700682289
"TCAGTGAGTTAGAGCC-2","female","EN-fetal-late",-3.54380417038291,-3.23309477064186,-1.63666725991237,4.9200082591378
"TCATAACCAAACATAG-2","female","EN-fetal-late",-0.305298806918555,-4.12469824049049,-1.25068212388027,0.89269633801811
"TCATAACCAATAATGG-2","female","IN-fetal",-5.5360488908419,8.47596351411767,4.21035145880711,-4.46663324324257
"TCATAACCACAGAAAC-2","female","EN-fetal-late",10.3679938299528,-7.50138672086769,1.86496650340092,6.69304426225059
"TCATACTTCAAACTCA-2","female","IN-fetal",0.367746470676965,-8.83861644956642,3.03680347563755,-7.23962346998818
"TCATACTTCGTCATTT-2","female","IN-fetal",-4.15183496643394,8.36514274385399,4.73110961081517,-3.64246050802834
"TCATACTTCGTGCTAG-2","female","EN-fetal-late",-0.308390142215186,5.40790788438744,-0.708181508760334,7.04109676392906
"TCATACTTCGTTACAA-2","female","EN-fetal-late",-1.9694064872393,2.64890126493401,-1.09782255528438,-2.26976053206093
"TCATACTTCTCGACCT-2","female","EN-fetal-late",-0.103110315097266,-3.84639127943092,0.972030929346202,0.674863832315138
"TCATCCATCAATGTCA-2","female","EN-fetal-late",9.87040376495034,-8.04295452329688,1.6632666504575,6.78858860047691
"TCATCCATCAATGTGC-2","female","EN-fetal-late",10.1514515859953,-6.99802597257667,1.73950671317112,6.50899608643883
"TCATCCATCCCTGTTA-2","female","IN-fetal",-4.39588093925803,6.55821172502465,3.15221237303746,-3.39008538214333
"TCATCCATCCTAATGA-2","female","EN-fetal-late",-5.80285358597129,-2.56807239744239,-0.808254965524556,8.10295875581138
"TCATGCCTCCATTACT-2","female","EN-fetal-late",4.56605720351846,1.93691961076683,2.23856889369023,-0.0597007551587313
"TCATGCCTCCGCAACA-2","female","EN-fetal-late",0.465726016270226,1.85658113267846,0.107171318550228,-1.17990986792214
"TCATGCCTCGATTCTT-2","female","IN-fetal",-0.206269027484351,-8.7725230047422,3.75994300009739,-6.90280429808266
"TCATGCCTCGCTAGCA-2","female","EN-fetal-late",-1.76552421022742,-6.28891571256691,0.0492476439667927,-0.828019005934069
"TCATGCCTCTTTAAGG-2","female","EN-fetal-late",-5.90951061416953,-2.94885261747413,-0.567537494878651,8.24996288331383
"TCATGTTTCATGGCTG-2","female","EN-fetal-late",-3.69032073189109,5.23159591463036,-1.30985105870235,-1.42966250864632
"TCATGTTTCCCGAAGC-2","female","IN-fetal",-0.813802124751502,-9.11332901212745,3.72505950095188,-6.44601909605629
"TCATGTTTCCTGCGAA-2","female","EN-fetal-late",3.91465806792886,-0.443844992847972,2.86965798499119,2.28311713250511
"TCATGTTTCGGCTAGC-2","female","EN-fetal-late",-2.87159264255851,6.972338598041,5.15878819586766,-2.800875110308
"TCATGTTTCTACCTGC-2","female","EN-fetal-late",-1.0949472205767,1.53174648788399,-0.155722089986683,-1.98237411467201
"TCATTACTCAGGTCCA-2","female","EN-fetal-late",-0.675975503219062,0.673712204961247,-0.693139203767659,-1.43707744566567
"TCATTACTCGTTATAG-2","female","EN-fetal-late",-3.15672350097983,1.24828214552826,-2.16599822876918,-2.20816485373146
"TCATTACTCGTTCACC-2","female","EN-fetal-late",-2.5435293929705,1.55616168287224,-1.59333718655574,-2.38184444395668
"TCATTACTCTCACATT-2","female","EN-fetal-late",0.375722287403649,-4.84844310972267,-0.380777665357472,-0.159131599346468
"TCATTACTCTCACTAT-2","female","EN-fetal-late",-4.50087070633262,8.35715953615136,-0.3307359301852,0.0957334137164861
"TCATTGCGTGAATCGC-2","female","IN-fetal",-3.7794890420565,8.39324752595849,1.36511140229237,0.146386115124157
"TCATTGCGTGCCTCAC-2","female","EN-fetal-late",-5.93294143844932,-3.49280079099708,0.130093953628658,7.46390970261925
"TCATTGCGTTCCATTA-2","female","EN-fetal-late",-7.79027891327232,2.1698712518496,-5.6039772116946,-2.69863359419472
"TCATTTGGTTAACGAT-2","female","EN-fetal-late",1.37088417838723,-0.518960077496105,0.821032187957881,-0.137045217434236
"TCCACAACACATGCTA-2","female","EN-fetal-late",3.40165805648476,2.07088104989953,1.662576428671,-0.225382817665407
"TCCACAACAGTTAAAG-2","female","IN-fetal",-4.6963739411959,8.76254646089501,4.75415562750828,-4.12240402189858
"TCCACAACATAGACCC-2","female","EN-fetal-late",-3.58259225059837,4.85447541978783,-1.32796717522609,-1.78081504789955
"TCCAGCAAGATTGAGG-2","female","EN-fetal-late",9.80023717712075,-8.06310756895118,0.226995534319995,6.79899986298912
"TCCAGCAAGCCTAACG-2","female","EN-fetal-late",-1.52568030525535,2.83645455148644,-0.353644498567463,-2.58912579504616
"TCCAGCAAGCGCCTTT-2","female","EN-fetal-late",1.0380227548948,-0.862028200359874,-0.65436817048061,-0.49732605902321
"TCCAGCAAGGCAATAG-2","female","EN-fetal-late",-5.83921766449302,-2.818033535214,-1.1444794022845,7.91526086839073
"TCCAGCAAGGCGAATA-2","female","EN-fetal-late",-4.85308766533225,2.2617936542315,-3.26641250489223,-2.3905328938163
"TCCAGCAAGTGAAGTG-2","female","EN-fetal-late",-5.76657247711509,-2.71441872808509,-0.844496735315205,8.44916351350181
"TCCAGCAAGTTTGGGT-2","female","EN-fetal-late",9.55202340911538,-7.02348383161598,4.94912289740574,2.99225647958153
"TCCAGGATCACTCGCT-2","female","EN-fetal-late",7.00009870361001,1.15195627119965,4.10578822257054,1.14089019807213
"TCCAGGTCAAGGGTTG-2","female","EN-fetal-late",0.263306854473657,2.19739345815606,0.150406382103084,-1.88274518934853
"TCCAGGTCACAAGCCT-2","female","EN-fetal-late",-6.93135023285239,2.33882288244194,-4.74883318779934,-2.50232665030129
"TCCATAAAGAACAAGT-2","female","IN-fetal",-4.41894173790305,6.35884038713402,0.821964344997524,-6.46278230635292
"TCCATAAAGCCTGTGA-2","female","EN-fetal-late",-4.2367689626345,2.33931235578484,-3.04119921563137,-2.66283385244972
"TCCATAAAGTCCTTTG-2","female","EN-fetal-late",-2.68146228958457,-2.25385006162696,-1.13435746071804,4.63659532578819
"TCCATAAAGTGAGAGC-2","female","EN-fetal-late",-5.5889725701937,1.64893488195366,-2.90062666771877,-2.75901429144509
"TCCATCATCACGAATC-2","female","EN-fetal-late",2.76296758483559,0.505681495933003,1.26275931956303,0.0772203786873132
"TCCATCATCATGACCG-2","female","EN-fetal-late",-0.853583397162849,0.389851163892216,-0.625598677377583,-0.980333251634905
"TCCATGCTCAAAGGCA-2","female","IN-fetal",2.47518968413979,-7.89098747465187,-0.0830435240076794,-6.65101663557656
"TCCATGCTCATAGACC-2","female","EN-fetal-late",1.46591734717996,0.240438621310658,0.606889835615276,-0.362381024042436
"TCCATGCTCATTGCGG-2","female","EN-fetal-late",3.03459930251748,-1.00831814500862,1.40210615756047,1.09975441010826
"TCCATGCTCGTTATCT-2","female","EN-fetal-late",6.03137206863076,-2.56952484342628,3.27754425169957,2.95030434640281
"TCCATGCTCTTAGGAC-2","female","IN-fetal",3.72103452514321,-5.09555395338111,0.376182842124818,-4.51789323774941
"TCCATTGTCAGCTAAC-2","female","IN-fetal",2.32605647872598,-7.93340404722267,0.512023351211666,-7.2269643971122
"TCCATTGTCCAAACAC-2","female","EN-fetal-late",-0.16950500179618,-3.77717407438331,1.88546144129765,-0.175987614075014
"TCCCGGACACCTACTT-2","female","IN-fetal",-3.00546980072349,7.33811084535546,4.04110025527012,-2.72804514853127
"TCCCGGACACTAAGCC-2","female","IN-fetal",-3.82659053970664,8.34952203538842,5.11284207465184,-3.43799106566078
"TCCCGGACAGGCAAGC-2","female","EN-fetal-late",-6.73296737839072,1.62046961095757,-5.11206103203762,-2.64455286947853
"TCCCGGACAGGCCATT-2","female","EN-fetal-late",10.2872385961881,-7.98666675779396,1.71590005518925,6.92089422257774
"TCCCGGACAGGCGAGT-2","female","EN-fetal-late",0.00873672794014824,2.26529316213555,-0.0580322527693524,-1.73103241411812
"TCCCGTTAGCATGGTT-2","female","EN-fetal-late",1.66460108588845,2.46986631658501,0.672444365043758,-1.7439229914344
"TCCCGTTAGGAAGCAC-2","female","EN-fetal-late",0.129886148678368,-3.72450121137672,2.67736815573704,-6.15807525602944
"TCCCGTTAGGCGTAAA-2","female","EN-fetal-late",0.322807787167138,2.71534423139519,0.349191944171308,-2.05367938963539
"TCCCGTTAGGTGAAGC-2","female","EN-fetal-late",4.16823196242959,2.13964585569329,2.22500311495793,0.165159067382744
"TCCCGTTAGGTGTCCA-2","female","EN-fetal-late",-8.18905115295737,2.21641735341973,-5.35339499352443,-3.30658976523049
"TCCCTCACAATCGCAC-2","female","EN-fetal-late",-1.27296485174983,2.84004370477623,-0.471797653417469,-2.59107915846474
"TCCCTCACAGGAACCA-2","female","RG",-5.41108894516318,13.4468192270083,-5.31622458336818,3.52647288354271
"TCCCTCACAGGCATGA-2","female","EN-fetal-late",-0.310309411776954,5.94271270540184,-0.909843095521809,0.995370047410658
"TCCCTCACATGTCAAT-2","female","EN-fetal-late",3.28165387939126,13.2662161996645,-4.14160395501125,6.35031612428062
"TCCCTGGTCAAGGACA-2","female","EN-fetal-late",0.0961812717786492,-0.354427654476695,0.817289701719402,0.302778618653944
"TCCGCCATCAATCTAG-2","female","EN-fetal-late",1.47187781165749,1.02744319644398,-0.0181906306551708,-0.326338452974626
"TCCGCCATCAGCACCA-2","female","EN-fetal-late",3.41823577712685,-0.357273657055431,0.738159976024745,0.905424552282026
"TCCGCCATCAGGATGA-2","female","EN-fetal-late",5.5873756391874,-1.12141605112129,2.24368106486332,2.31086857827537
"TCCGCCATCGCGACAC-2","female","EN-fetal-late",-7.87124872375816,1.30607448127694,-5.71817351220119,-2.24652592627175
"TCCGGAATCGGTTACG-2","female","EN-fetal-late",-4.89074874092429,2.48339669015831,-4.00498152611721,-2.61108462301857
"TCCGGTAAGAGGATAT-2","female","IN-fetal",0.352895377384728,-8.92336948606544,2.8697035229398,-7.06991855589516
"TCCGGTAAGCATGACT-2","female","EN-fetal-late",0.424307821499413,-0.665246088238292,0.216212785859226,-0.183636529127428
"TCCGGTTTCAGCCAAT-2","female","EN-fetal-late",2.87555599044473,13.6415595224184,-4.13185406563747,6.29049642594688
"TCCGGTTTCCGTTATT-2","female","EN-fetal-late",0.47508454154641,2.24654857423729,-2.88058567879665,0.328744726499251
"TCCGGTTTCGATATTG-2","female","EN-fetal-late",-0.51913696695655,5.0962833574099,-0.632136472444417,7.0059023669564
"TCCTCAATCAATAGCC-2","female","IN-fetal",-4.46005773712485,7.88976518419213,5.26875781180394,-3.46801440207131
"TCCTCAATCATGCTTT-2","female","EN-fetal-late",2.63630389999062,-3.99209697935157,-2.37633872864711,-2.19150154081948
"TCCTCAATCCCTCAGT-2","female","EN-fetal-late",10.5450100881925,-7.3923264333921,1.76863466860783,7.00432785066002
"TCCTCACAGACCATAC-2","female","IN-fetal",-5.56565427948325,8.17118922975487,4.19575499655735,-4.18417875258095
"TCCTCACAGCGAGCGA-2","female","IN-fetal",-6.86331463028281,8.15093175676293,3.84044574858677,-5.29051868406899
"TCCTCACAGCTGGACC-2","female","EN-fetal-late",-0.904704334033424,-5.25400169584327,-0.619515069703938,-2.66100518194802
"TCCTCACAGCTTCCCG-2","female","EN-fetal-late",2.71179199050576,0.823748284770317,1.02183329226506,0.320892917236021
"TCCTCACAGGCAATAG-2","female","EN-fetal-late",-1.33640007842868,1.71872035768456,-1.32636237977016,-1.8984719940818
"TCCTCTAAGTTGTCCC-2","female","EN-fetal-late",4.41954135726601,1.32926989701218,2.37802433135044,0.297401996573141
"TCCTGGTTCATCCTAT-2","female","EN-fetal-late",0.1125278456083,0.998229142097897,-1.48580730793941,-1.3774816223777
"TCCTGGTTCATGAGCT-2","female","EN-fetal-late",-7.97514343429893,2.33867458608574,-5.80740023491848,-1.49506239382393
"TCCTGGTTCTGGCTTC-2","female","EN-fetal-late",-6.05507993866294,-3.41102274152809,-0.813304313402058,7.30381258042686
"TCCTGTTCAAACTCAT-2","female","EN-fetal-late",0.503248928295678,-3.69499071332984,0.0485845720959888,0.691842751821211
"TCCTGTTCAAATTCGT-2","female","EN-fetal-late",5.67938279937417,-2.39876945707374,3.36883687140477,3.13113649400108
"TCCTGTTCAACTAGGG-2","female","EN-fetal-late",2.24676036666543,2.55495886114068,0.918945959825634,-1.2712576815284
"TCCTGTTCAAGCGATG-2","female","EN-fetal-late",-0.0210365073808967,-4.69187029096656,-4.41801596520412,-3.07048885313637
"TCCTTAGTCGTCATTT-2","female","EN-fetal-late",7.80279302428872,-0.629018504353099,-0.376401551942707,1.57609530003898
"TCCTTCAAGACAAGTG-2","female","EN-fetal-late",2.13817429374368,-0.356981117458873,1.04719810845387,0.944195823987654
"TCCTTCAAGGGTTATC-2","female","IN-fetal",-3.80050349403709,6.60203401353783,3.31302808882725,-2.64066330877907
"TCCTTGCAGGACAATG-2","female","EN-fetal-late",2.67583226989419,1.01306822505421,0.77271329524052,-0.000982893387147743
"TCCTTGCAGGCTTAGT-2","female","EN-fetal-late",-7.43679762054771,1.70287482049889,-5.34796810982692,-2.1594971844352
"TCCTTTACAAAGCTAA-2","female","EN-fetal-late",-7.95437765289634,1.24352128413147,-5.58515549538601,-1.69102243868477
"TCCTTTACACAAAGAC-2","female","IN-fetal",-0.485469342959815,-3.23730190488868,3.52688454749119,-2.69611947027809
"TCCTTTACACTATGGC-2","female","EN-fetal-late",7.78882264922768,-0.52695961687141,5.05412148596775,2.48107440980308
"TCGACAAGTGCTCACC-2","female","EN-fetal-late",4.52789830993325,-0.00755973550849465,-0.702125200013997,-1.05635790316231
"TCGACAAGTGCTTTAC-2","female","EN-fetal-late",2.02939128707559,-1.20607884618812,1.02775930525792,0.764132099469832
"TCGATTAAGCTACTGG-2","female","EN-fetal-late",-0.29122758079856,-4.67174585554176,0.235186076779483,1.23219736131065
"TCGATTAAGGCATTGT-2","female","IN-fetal",0.696780441509789,-8.76510723325782,2.17303203703892,-7.34042684523232
"TCGATTAAGTGTTGTA-2","female","EN-fetal-late",4.36279296706826,2.05275718477196,2.28236185671818,0.00217825384967629
"TCGATTAAGTTGCGTG-2","female","EN-fetal-late",3.86739301513345,0.372968923119969,1.69541203143132,0.69317652495735
"TCGCATTGTAGGTTAT-2","female","EN-fetal-late",5.07706022094399,0.74142731335587,1.28768586279881,0.614387529214552
"TCGCATTGTAGTAAGA-2","female","EN-fetal-late",-0.374678136599952,-4.93880995008522,-0.573974140863301,0.669636028131178
"TCGCCCATCATTTGTC-2","female","IN-fetal",-3.7057631032595,6.60655967500634,4.02995823981297,-2.58191649405129
"TCGCGAGGTGGGTACT-2","female","EN-fetal-late",-3.47663688827842,1.02161867526001,-2.49382735131252,-1.57353441206581
"TCGCGAGGTTCATCTA-2","female","IN-fetal",-6.64568948913901,8.01444999483056,3.38423489691746,-7.47173158613808
"TCGCGCACACATAACT-2","female","EN-fetal-late",2.07823657821328,0.257063370017476,0.989776543398021,-0.145614577213594
"TCGCGCACAGCCTTGG-2","female","EN-fetal-late",6.30664920638711,-0.852527339191966,1.72887276770604,1.05748404773109
"TCGCGCACAGGCTACT-2","female","RG",-1.18716168571799,-6.37564523908668,-5.52688551781643,3.56028326066368
"TCGCGCACATATTGAC-2","female","EN-fetal-late",5.87684345077187,-2.62054832670265,3.28489159705174,2.84820731194847
"TCGCGCACATCCCTCA-2","female","EN-fetal-late",-1.89338061381667,1.09141514804787,-1.56434954045284,-1.69984702555306
"TCGCGCACATCCTGAA-2","female","EN-fetal-late",-4.58778214622825,2.07994834688134,-2.64385939476955,-3.02388088194496
"TCGCGCACATGCTCCC-2","female","EN-fetal-late",-5.87270498443931,-3.6425329038816,-0.694560416917683,7.15266187699669
"TCGCTAACACATAACT-2","female","EN-fetal-late",3.68552827666909,-5.12321861478858,0.328212088961719,-4.26940004316933
"TCGCTAACAGTTATGT-2","female","IN-fetal",0.0840829594007195,-9.16851146909767,3.13107704283726,-7.09750835386879
"TCGGTAAGTAACAGGG-2","female","EN-fetal-late",-3.53020620514243,2.87184755113549,-1.34705067513454,-3.02605525938637
"TCGGTAAGTCCTAATC-2","female","EN-fetal-late",0.596613882290429,-4.91011293623024,-3.19015265343654,-2.1576923557914
"TCGGTAAGTTAATGCG-2","female","EN-fetal-late",1.90898585151345,-0.00162132474952248,0.633105433602451,-0.416034562269518
"TCGGTAAGTTATAGCG-2","female","EN-fetal-late",0.341557620274133,-3.94167431089454,-1.88237715600002,0.424845295270613
"TCGGTTACACAAACTT-2","female","EN-fetal-late",-6.02798891235679,1.95207421091027,-4.11239672539699,-2.33184020010597
"TCGGTTACATTGTTGG-2","female","IN-fetal",3.11125325988442,-5.98783596250587,0.317292130608677,-4.90428487745888
"TCGGTTCTCTCAATGA-2","female","EN-fetal-late",4.83397435973794,-0.328907210560375,4.94095467688572,1.87184365304344
"TCGGTTTGTACCAGGT-2","female","EN-fetal-late",-8.35733509231895,2.02932051923699,-5.80652476189602,-1.94376985518105
"TCGGTTTGTATCTGGA-2","female","EN-fetal-late",-4.88606763054221,7.20837919023461,0.237405366320728,0.658137576898268
"TCGGTTTGTTTGCAGA-2","female","EN-fetal-late",6.73925256560952,-1.91097839567237,3.87399267317784,2.76850922616356
"TCGTAATCAAACGCGA-2","female","RG",-5.35645842720359,13.5423278024477,-4.93667651055324,3.32719643624656
"TCGTAATCAACTAACT-2","female","EN-fetal-late",7.39116430114419,-1.04977865907722,-0.674364455919148,2.34434731515281
"TCGTAATCAATGCGCT-2","female","IN-fetal",1.4415929300657,-8.49759300443702,-0.0528696262644543,-7.03334705320961
"TCGTAATCATGGTTAT-2","female","EN-fetal-late",-2.88349163700431,2.24063877370781,-2.19967032311428,-1.81847397772438
"TCGTAATCATTAGGTT-2","female","IN-fetal",3.70307969878823,-5.90763052198463,0.0871274984074817,-5.52042905775673
"TCGTCAACAGCTTAAT-2","female","EN-fetal-late",-7.63151216675132,2.34376804140038,-5.05605221627224,-3.44058029142983
"TCGTGCTTCAAGCTTA-2","female","EN-fetal-late",-0.360218765033179,-4.22020252439552,3.26733135344517,-2.94959585157997
"TCGTGCTTCATGCTCC-2","female","EN-fetal-late",2.81339740585,-0.706056554050975,1.21610998274815,1.0033697655999
"TCGTGCTTCCATTACT-2","female","IN-fetal",-0.588945628894263,-9.39842041227394,2.94806765677464,-7.32741968123085
"TCGTTAAAGACCATAC-2","female","EN-fetal-late",-5.10019469429343,1.750230531959,-3.77905655739772,-2.15260283438332
"TCGTTAAAGGCGGATG-2","female","EN-fetal-late",0.597950695263451,2.27081660535759,0.242904893179058,-2.19998542753823
"TCGTTAAAGTAACTCA-2","female","IN-fetal",3.90399455855996,-5.23295601102882,0.0383576071454273,-4.58588544813759
"TCGTTACGTAACAGGG-2","female","EN-fetal-late",-0.58869844843238,5.01000682619042,-0.0494261467264904,6.85423810990684
"TCGTTACGTGCTTTAC-2","female","EN-fetal-late",-3.66478347946494,1.33884016778893,-2.10679841874111,-1.89511959044106
"TCGTTACGTTTCCGGC-2","female","EN-fetal-late",-5.83648538757651,2.43372968938775,-3.97692442772854,-2.65281812636025
"TCGTTAGCAAACCCTA-2","female","OPC",-13.9703135507235,-11.4616881200986,-5.22844696877468,3.19968302758568
"TCGTTAGCAGTAAGTA-2","female","EN-fetal-late",6.67711019347817,-2.15186866018348,2.79131650092137,2.93038614304893
"TCGTTAGCATGGTTAT-2","female","IN-fetal",1.5525023920408,-8.52818401548438,1.14255302311909,-7.14578525511391
"TCGTTATTCAAGGACA-2","female","EN-fetal-late",-3.46632766891807,4.65892402437157,3.69959425093663,-7.25656501738198
"TCGTTATTCATCAGTA-2","female","EN-fetal-late",-6.05272102524131,-3.50495775434547,-0.873753794412495,8.68516452821129
"TCGTTATTCGGTTACG-2","female","EN-fetal-late",4.7418756468168,1.40706823375649,2.65747808577549,0.486899899562529
"TCGTTTCCACCCACCT-2","female","IN-fetal",3.9445738775602,-5.31350429746681,0.301825850327133,-4.8142012783683
"TCGTTTCCACCTATAG-2","female","EN-fetal-late",0.940256832348412,-4.20757158491188,4.15786646964085,1.13890071423881
"TCGTTTCCACTAGCGT-2","female","EN-fetal-late",3.16290235351235,13.3796242883486,-4.0374374472903,6.15107305558555
"TCGTTTCCATAATGTC-2","female","EN-fetal-late",7.61319684814126,-0.099880892963939,4.46847867133152,1.25634105714195
"TCGTTTCCATTATGCG-2","female","EN-fetal-late",5.45898008178384,0.429658841161198,2.45269464613926,0.928932504972151
"TCGTTTCCATTATGGT-2","female","IN-fetal",-3.91325164009421,6.54978267457909,3.83645629050267,-2.60976616827614
"TCTAACCGTCCCGGAA-2","female","IN-fetal",-0.441706420672828,-9.27143295499855,3.35245417716038,-7.21893922773964
"TCTAACTTCTATGACA-2","female","IN-fetal",-3.53657198120444,-3.07646711561256,-1.18356467125881,4.70601614030235
"TCTAACTTCTGGCATG-2","female","EN-fetal-late",-6.43984508682578,2.49879805353112,-4.99951983330715,-3.20316569296486
"TCTAAGGGTGAAGCCT-2","female","IN-fetal",-5.08980798889487,7.43281595018334,3.9660591995908,-3.64169208494789
"TCTAAGGGTTCGCGCT-2","female","EN-fetal-late",-5.94075203110068,-3.7104736158567,-0.669975527505757,8.57645042451256
"TCTAATCTCATTATGG-2","female","EN-fetal-late",3.22848176788003,13.3165692498965,-4.18018866417873,6.28333337815635
"TCTAATCTCCGGTTAG-2","female","IN-fetal",0.250495908962792,-8.59838970396095,2.31608759524357,-7.00086776701576
"TCTAATCTCGGTCAGC-2","female","EN-fetal-late",2.48471546004922,1.67805812862343,0.404830274461402,-1.97852532354958
"TCTACTAGTTACCTGT-2","female","EN-fetal-late",-1.36933264304488,-6.32164867612892,-0.290805228929402,0.13107700274483
"TCTACTAGTTGCATCT-2","female","EN-fetal-late",-3.66541290451377,1.6187574675364,-2.55503512261379,-2.44422642676003
"TCTAGCACACTAGGTC-2","female","IN-fetal",3.98137950729043,-5.27629717084938,0.105172923822521,-4.63087741819985
"TCTAGCACAGGATGGC-2","female","EN-fetal-late",2.69661569427163,2.12050716188378,1.41778742434513,-0.727285129705736
"TCTAGCACATAAGGAC-2","female","EN-fetal-late",-3.10134565998405,2.29947332647271,-1.323347815256,-2.54583756415016
"TCTAGCACATAATCCG-2","female","EN-fetal-late",-4.37678170372337,6.48592178132958,3.57983206870091,-5.02949850050575
"TCTAGCCTCACAGCGC-2","female","EN-fetal-late",-2.40152883697837,0.789437614200778,-1.03612185357082,-0.571787936369249
"TCTAGCCTCATGGCCA-2","female","RG",-1.58282546867221,-6.14021499845558,-5.83902788994777,3.71801741631859
"TCTAGCCTCGCATCCT-2","female","EN-fetal-late",-4.04382276703208,8.16688434389062,-5.70138741372097,-2.61276666609413
"TCTAGCGAGCAACATC-2","female","EN-fetal-late",-4.11526298691123,1.86629192140526,-2.05328632233608,-1.69674818007118
"TCTATGTTCCTGATTT-2","female","EN-fetal-late",4.5096750242582,-0.804931361408763,3.71658085944187,2.21204360040062
"TCTATGTTCGGTACGC-2","female","EN-fetal-late",-4.34284472633689,-2.07619579526954,-1.16745758889187,6.44211109193199
"TCTATGTTCTAAGTCA-2","female","EN-fetal-late",0.981207130657739,-3.63068350050025,1.33585398556721,1.03803666146629
"TCTATGTTCTGGCAAT-2","female","EN-fetal-late",5.9585914594999,-0.261640865536266,3.47743534209263,2.07088215859764
"TCTCAAGCAACCTAAT-2","female","EN-fetal-late",1.24604844878823,-0.281206447811656,-0.671599277238728,-0.682264966646501
"TCTCAAGCAAGGTAAC-2","female","IN-fetal",-0.0348403470644294,-9.07661255094581,2.36036371352208,-7.0622424313224
"TCTCAAGCATTAGGCC-2","female","EN-fetal-late",-3.25060784984916,1.81764737871117,-2.1494603240298,-2.33068291632302
"TCTCAATTCAGCCAAT-2","female","EN-fetal-late",-0.0691841857561408,6.2541693856997,-0.750591763238789,7.78664024384849
"TCTCAATTCCCTCAGT-2","female","IN-fetal",-0.613260568870002,-8.68098552915626,3.90351533057225,-7.31937067000038
"TCTCAATTCGTTTCGC-2","female","EN-fetal-late",-1.29329341818183,2.09268013742394,-1.3641182267474,-2.15773050276406
"TCTCACCAGGCAGGTG-2","female","EN-fetal-late",-3.1232138888964,2.94558755662865,-1.55178511975277,-3.06428329435951
"TCTCACCAGTCAATTG-2","female","EN-fetal-late",-0.667732300055915,0.395863931445546,-1.17989660141933,-1.11698083368904
"TCTCACCAGTGAAGTG-2","female","EN-fetal-late",0.239513157116479,-4.06346042844825,-1.90064955590236,1.11547853263252
"TCTCACCAGTGAGCGG-2","female","EN-fetal-late",-6.2822999971041,-3.44893701765113,-0.844584473352314,8.37707622559898
"TCTCCTCGTAACCACA-2","female","EN-fetal-late",9.54965734313638,-8.03806789609962,1.44412445189488,6.53064640076988
"TCTCCTCGTAGTTACG-2","female","EN-fetal-late",4.82000779937417,-0.0201934168057969,-0.276682444791676,1.3306562474572
"TCTCCTCGTGGAAGGC-2","female","IN-fetal",3.20248412917764,-7.19825466367775,0.0239558434678303,-6.56900827376015
"TCTCGCCCAAACCTTG-2","female","IN-fetal",2.93474864791543,-5.76315315458351,0.465466464926122,-5.86946622816689
"TCTCGCCCAAAGGTAC-2","female","EN-fetal-late",-6.02903413940757,-3.16322072240882,-0.46704066632259,8.20600898774498
"TCTCGCCCAATATGGA-2","female","EN-fetal-late",-5.73121881653159,2.11572198179192,-2.93782282708156,-2.82810346571572
"TCTCGCCCAGGACCTT-2","female","EN-fetal-late",6.36489200423867,-1.7661696264463,3.68203686835301,2.77611048730247
"TCTGGCTTCACTAAGC-2","female","EN-fetal-late",0.415166376339501,0.0734403541368911,-0.184776374082447,-0.873896164575884
"TCTGGCTTCATGGTGT-2","female","EN-fetal-late",-1.48531370964437,0.900349419383473,-1.51230157254207,-1.46000699488289
"TCTGGCTTCCAAGTTA-2","female","EN-fetal-late",-0.949862005008155,-5.96748884412818,-1.11108744976986,0.564890908321074
"TCTGTGACACTCAACA-2","female","EN-fetal-late",-6.19164371658652,2.20636240747399,-4.28326702950466,-2.41075746504433
"TCTTAGCGTAGCCATA-2","female","EN-fetal-late",-5.84006118942588,2.10308985021538,-5.43240261910427,-2.0907236763633
"TCTTAGTTCATGGCCA-2","female","EN-fetal-late",5.19541692565591,-2.29866965505653,2.8218667423917,2.58654625924461
"TCTTAGTTCCTTGTTG-2","female","EN-fetal-late",-1.45009719329491,2.06277529504723,-1.98947668908107,-2.412207765261
"TCTTCAAGTAACGAGG-2","female","EN-fetal-late",3.83571624587685,1.40224913862175,2.28932642104161,0.381791102012327
"TCTTGACGTACCGGAT-2","female","EN-fetal-late",7.44760560821206,0.415303837327428,4.49792241217625,1.33689947636955
"TCTTGACGTTAATGAC-2","female","EN-fetal-late",-5.83707237411826,2.5319408586306,-3.93273545144069,-2.57797519652016
"TCTTTGTAGCGGCTGT-2","female","EN-fetal-late",-6.8111519830355,1.14880044367737,-4.98173380730617,-2.74211279837258
"TCTTTGTAGGATAAAC-2","female","EN-fetal-late",3.3650011999479,13.1846312692446,-4.12044239876735,6.274639683088
"TCTTTGTAGGGTGAAC-2","female","EN-fetal-late",-6.98385286499351,0.517714034585423,-4.40621519921291,-2.1561807819999
"TCTTTGTAGTCATCCC-2","female","EN-fetal-late",0.599120138393945,2.68460218217797,2.9432058251096,2.33384473832481
"TCTTTGTAGTTAGTGC-2","female","EN-fetal-late",5.03000449966103,-0.140915770264201,-1.28453362820614,-1.22997562376625
"TGAAACTGTGACATAT-2","female","EN-fetal-late",2.71439885924966,1.67444853094048,1.479466429968,-0.139267427603075
"TGAAACTGTGCTTAGA-2","female","EN-fetal-late",-4.07926535774558,2.4358225276751,-2.27489591477382,-2.94541613546974
"TGAACAACAAGCTAAA-2","female","EN-fetal-late",-0.046077014697486,-4.13475950452858,-0.822208651285054,1.6308191588723
"TGAACAACACAGCCAT-2","female","EN-fetal-late",-0.0418931262621223,-4.44413240644508,0.209471470732807,-1.47990481344826
"TGAACAACAGCTTAGC-2","female","IN-fetal",2.66419219802529,-5.47394235822731,0.478468327839492,-4.81862108198769
"TGAACAACATGAAATG-2","female","IN-fetal",2.88060760329873,-6.63658960554176,-0.316807218770863,-6.67424861876137
"TGAACAGAGACTCGCA-2","female","RG",-5.3981823938021,13.4753483941836,-5.09394551156032,3.53415639909141
"TGAACAGAGCTGTCAG-2","female","EN-fetal-late",-0.234749318850928,-4.38516290876442,-2.83234096405971,-1.85010342089302
"TGAACAGAGTTAGGCT-2","female","EN-fetal-late",-7.01090717483848,1.27306694891877,-5.49918509362209,-1.70539359537728
"TGAAGCAAGGAACGGT-2","female","EN-fetal-late",-0.0906015651354133,1.33827589061684,-0.191940137128712,-1.43742601362831
"TGAAGCAAGGCATTGT-2","female","EN-fetal-late",-1.83708930183738,1.97724465635247,-1.0285183274554,-1.75056771723396
"TGAAGCAAGGGCCATC-2","female","EN-fetal-late",0.640372513042992,-4.22991188261085,-0.347431489210011,-0.939022226015398
"TGAAGGATCCTCATCA-2","female","EN-fetal-late",1.01387667487771,-0.0485273191648057,-1.16863013146389,-1.08337525812752
"TGAAGGATCTCCATAT-2","female","EN-fetal-late",6.94784593413979,-1.79675181600624,2.66951464774144,1.96990712197655
"TGAAGGATCTTGTCTG-2","female","EN-fetal-late",3.18616723846108,1.98319498804039,1.37981717946064,-0.555013341585466
"TGAAGTGAGCTAAGTC-2","female","EN-fetal-late",-3.55494022537559,5.56756870058007,-2.05759740708339,-2.01800791708595
"TGAAGTGAGGCATTAC-2","female","EN-fetal-late",-5.32707047630637,-3.24831875059181,0.229907966275333,-1.28742889849312
"TGAAGTGAGTATCGCG-2","female","EN-fetal-late",6.77334260772378,-1.01652475091987,3.98109888197911,1.74197478803032
"TGACCAAGTTTGCAGA-2","female","EN-fetal-late",-3.32642996479362,1.06670757737584,-2.52197981713283,-1.62538055864937
"TGACCAAGTTTGTCTA-2","female","EN-fetal-late",-8.12325859237998,1.59908465650506,-5.69311238167751,-2.67493240324623
"TGACTCCTCCCGCCTA-2","female","EN-fetal-late",0.832770584332055,-0.807655651302867,3.15425991179478,-7.262460632006
"TGACTCCTCGCTAAGT-2","female","EN-fetal-late",3.36932372878701,2.05327967908806,1.46072768332493,-0.199083907285997
"TGACTCCTCGTTTCTG-2","female","EN-fetal-late",-3.1781899945864,-3.21054418775611,-0.809186109285237,4.95481927903526
"TGACTTAAGCATGAAG-2","female","EN-fetal-late",5.79996013473184,-2.67787559721046,2.07212304236424,2.63879545243614
"TGACTTAAGGCTCATG-2","female","EN-fetal-late",1.5915648920408,1.87895111349053,0.454666975010751,-0.471796018759081
"TGAGAACCATGAAATG-2","female","EN-fetal-late",5.04492902587563,-1.95152815076881,2.72261809470188,2.74210556062095
"TGAGCAAAGACACTTA-2","female","EN-fetal-late",-2.97602594066947,2.63285939004845,-0.445441433172108,-2.66813890425331
"TGAGCAAAGGCGCTTA-2","female","EN-fetal-late",-0.0331168191561042,1.63095067050881,-0.521134563665272,-1.15921048609383
"TGAGCAAAGGCGGATG-2","female","EN-fetal-late",-3.16267860103934,2.66234270837731,-1.37968350289333,-2.96576063124306
"TGAGCAAAGGCGGGTA-2","female","EN-fetal-late",6.75369214843423,-2.03010686132484,3.9556832230283,2.43846376450889
"TGAGCACGTAACGGGA-2","female","IN-fetal",-0.354740859759742,-9.33014496061378,3.71085619093907,-7.44758741346962
"TGAGCACGTTGCGGAT-2","female","EN-fetal-late",5.58708572219521,-2.5535128900724,4.14654850127232,3.06150229485863
"TGAGCCGGTATTGGAT-2","female","EN-fetal-late",-5.99242878128379,-3.24022157880836,-1.30260051129329,8.0718580058419
"TGAGCCGGTTGTAAAC-2","female","EN-fetal-late",-5.82425975967734,-3.77511938306861,-0.886472591142537,8.48695953400963
"TGAGCCGGTTTATCTG-2","female","EN-fetal-late",2.10616707633645,-0.556292850704723,0.832946620006679,0.703456001599959
"TGAGCTTAGCTTGCTC-2","female","EN-fetal-late",0.0571085197797478,-0.0814934560971787,-0.301555105428578,-0.66925434557564
"TGAGGAGGTCTAACAG-2","female","IN-fetal",-0.695761503470832,-9.29157646390968,3.85617851378453,-6.62013713804848
"TGAGGGAGTTAGCCAA-2","female","IN-fetal",0.198452590214318,-9.18953808042579,2.39096974493992,-7.32060281721718
"TGAGGGAGTTATGTGG-2","female","EN-fetal-late",1.72378897498757,1.96116213109917,0.580105922241329,-0.99970643011696
"TGAGGGAGTTCATCTA-2","female","EN-fetal-late",-0.0503538863786994,0.480653088359303,-0.40005851624477,-0.964712423960039
"TGAGGGAGTTGTTGGA-2","female","EN-fetal-late",1.20277976821572,0.651692133216328,0.22044310631287,-0.452648920694658
"TGAGGGCCACAATACT-2","female","EN-fetal-late",-4.7222163694033,5.74334136751122,-0.688256272058369,8.51740367921226
"TGAGGGCCATTAGCCA-2","female","EN-fetal-late",-1.86936149169295,1.83375744131035,-0.595225521306874,-1.45398811785347
"TGAGGGCCATTATGCG-2","female","EN-fetal-late",-0.917768420470649,2.93329183366723,-0.525909193735005,-2.77767507521279
"TGAGGTGCAGGAACAT-2","female","EN-fetal-late",2.05265521835,2.21822444704003,0.777313075084804,-1.36810008970864
"TGAGGTGCATGAATAG-2","female","EN-fetal-late",-0.137482048762733,2.81314436700768,-3.58398557541835,-2.27364556280739
"TGAGTGAAGGTTTGAC-2","female","EN-fetal-late",-2.1344415562281,0.804278399614758,-1.72585249779689,-1.18049816576607
"TGAGTGAAGTCAATTG-2","female","EN-fetal-late",3.29819488357217,13.2492684533877,-4.20111513970363,6.30894573243492
"TGATCAATCCTGAATA-2","female","EN-fetal-late",6.39950322936684,-0.415788132877879,3.19268750311863,1.7231784633004
"TGATCACAGGAGGGTT-2","female","IN-MGE",-3.4422714727053,8.63315908220238,5.4367246544553,-3.21382514921791
"TGATCAGGTATTGTCC-2","female","EN-fetal-late",-1.31270797718852,1.8408483674807,-0.0223257922934307,0.0175127482616216
"TGATCAGGTCAATGTG-2","female","IN-fetal",-5.06126356293052,6.41901485231347,3.21933817030918,-4.01447669951088
"TGATCGAGTAAGCTTG-2","female","EN-fetal-late",3.65048217605264,1.88126031663842,1.91405414702427,-0.109841016808817
"TGATCGAGTAGGATCC-2","female","EN-fetal-late",2.78103446792275,-3.37369783613258,0.277008644361614,-2.23825089422829
"TGATGAACAAACAACA-2","female","EN-fetal-late",-7.409502984775,1.67108754423089,-5.72111321328151,-1.9572643467582
"TGATGAACAAGTGAAC-2","female","IN-fetal",-5.83478880096763,8.2249626329226,4.15001558424961,-4.14439479796059
"TGATGAACACCAGGTT-2","female","EN-fetal-late",-0.704816879523688,4.73472945001549,-0.423573621492268,7.26327045472496
"TGATGAACACCTCGCT-2","female","EN-fetal-late",4.8787369711271,-2.0090416261869,2.18928085925114,2.7127009204232
"TGATGACTCAAAGGCA-2","female","EN-fetal-late",-7.85432291199058,1.86375026014275,-5.19260311959255,-1.53120092836983
"TGATGACTCCGTGACA-2","female","EN-fetal-late",-2.53193164039939,1.96929411199517,-1.78623748658168,-2.48632637945778
"TGATGACTCCTCATCA-2","female","EN-fetal-late",3.56065273116738,2.02087442186303,2.01245581271183,0.143069279623857
"TGATGACTCGATTCTT-2","female","EN-fetal-late",-1.27662566472381,1.76629070547051,-0.294292279462696,-1.98084990469582
"TGATGATGTTGAAGCC-2","female","EN-fetal-late",2.53558468650491,0.349140088824696,0.746192983408092,0.318361761292151
"TGATTAGTCCTGCGAA-2","female","IN-fetal",-5.27782726456016,8.65243236329979,4.24250411154759,-4.07445089308388
"TGATTAGTCGGTTAGT-2","female","EN-fetal-late",-0.317233683360511,-4.05276354047828,-3.05943203804958,2.16992457421654
"TGATTCAAGAACCTGT-2","female","EN-fetal-late",-0.882583858264381,-5.70149143430763,-0.502379246930958,-1.58269063917763
"TGATTCAAGCATCCAG-2","female","EN-fetal-late",-4.92401933838218,2.55642215516991,-3.78179694054592,-2.99998919455177
"TGATTCAAGCGGCTGT-2","female","EN-fetal-late",-7.71379852463096,1.76064656284279,-5.25842524407375,-1.51479010073311
"TGATTCAAGTAACTCA-2","female","IN-fetal",-0.328423501742774,-8.61144741270118,3.90359472395909,-6.31079236952431
"TGATTGCAGCTGTACG-2","female","EN-fetal-late",3.88494920562417,-0.729361135693126,1.8931866800977,1.21823604615562
"TGATTGCAGGAACACA-2","female","EN-fetal-late",-6.00064897705405,2.10008851793236,-4.14107609627712,-2.46973053900368
"TGATTGCAGGTCGATT-2","female","EN-fetal-late",7.09124135802895,1.05983447637982,4.9730024254514,2.49500711472862
"TGATTGCAGTAAGTGG-2","female","EN-fetal-late",2.02524995635659,-0.636801082821422,1.0725918328954,0.534062044938734
"TGCAAGCGTAACGTGC-2","female","OPC",-13.9001746194491,-11.5592070409971,-6.27546358941066,3.26228101762169
"TGCAAGCGTTTCAGGA-2","female","IN-fetal",-3.78012609649985,6.65368167665429,3.91309761168492,-2.58129040686257
"TGCAATATCCCGTTTA-2","female","EN-fetal-late",2.62841462920815,2.49183432367272,1.38658469082844,-0.857510192076036
"TGCAATATCCGGCTAA-2","female","EN-fetal-late",4.71836614440591,-2.28521569463783,2.03414618136418,2.47732456239097
"TGCACCTTCAGGGCCT-2","female","EN-fetal-late",0.30984914134652,-0.425128419132762,0.0277907169057117,-0.767718715349504
"TGCACCTTCCTTAATC-2","female","EN-fetal-late",6.4285998327604,0.282916169433064,3.8481073296262,1.18218310387962
"TGCACCTTCGTTTCTG-2","female","IN-fetal",-4.74377036262839,8.1408881356997,4.63090037467015,-4.01611320463783
"TGCACCTTCTTGTTCG-2","female","EN-fetal-late",-6.00065946747153,-3.38683136198097,-1.18642199872005,8.44681079896324
"TGCACTTGTATCTGGA-2","female","IN-fetal",0.960815904842919,-8.75459678861671,2.11503481032383,-7.30516187636025
"TGCACTTGTCTATCGT-2","female","EN-fetal-late",6.56654119323403,-1.25755913946205,4.20965932967198,2.51897962602012
"TGCACTTGTGCATCGG-2","female","EN-fetal-late",1.85431957076699,-0.124338824482494,0.266986629982112,-0.155408156791994
"TGCACTTGTGTTGTGA-2","female","EN-fetal-late",-0.343650461924964,-4.30192716810279,-0.606678732614399,-2.79276005713112
"TGCAGGCTCAATCTCT-2","female","EN-fetal-late",0.208806274639672,-0.576415259571605,-0.634781607370259,-0.602516932169267
"TGCAGGCTCATCAGTA-2","female","IN-fetal",-7.60839700867026,2.73866442945427,3.9594206726743,-7.30418865172035
"TGCAGGCTCCTCAGTC-2","female","EN-fetal-late",7.09258413146645,0.668635781673856,4.85931061865818,1.34207578214042
"TGCAGGCTCCTTGCAC-2","female","EN-fetal-late",-1.35437123645633,2.89500729349083,-0.521705874185444,-2.47546855894692
"TGCAGGCTCGGCCATA-2","female","EN-fetal-late",8.0200886709562,-0.0436952898221543,5.15546034934056,2.56311996491783
"TGCAGGCTCTGGCTTC-2","female","IN-fetal",1.3142404539457,-8.73629387113624,1.48526155116093,-7.28560201613075
"TGCATGAGTAGGTTGC-2","female","EN-fetal-late",5.16130637954385,1.31119758990235,2.55342196585667,0.218180733045271
"TGCATGAGTCCTAAGA-2","female","EN-fetal-late",5.0919299108854,-0.100740987988048,-4.30273581383693,-2.90137760130531
"TGCATGAGTGTTGCAA-2","female","EN-fetal-late",-0.253455402148658,-4.36533077451759,3.42976116301548,-7.01033155409462
"TGCATTAAGAGAGGCT-2","female","EN-fetal-late",0.588987825619286,2.67559544351525,0.293727397043823,-2.07956544844277
"TGCATTAAGCCGCTTT-2","female","EN-fetal-late",-6.45372486282676,2.36138216760582,-4.92214156029689,-3.15466706244118
"TGCCATTGTACTTCAC-2","female","IN-fetal",-3.65424680878013,6.18121854570336,3.10555433394444,-2.76112453428871
"TGCCATTGTCATCCTG-2","female","EN-fetal-late",7.67812967132241,-0.160383541317516,4.63625096442234,1.35763879330986
"TGCCATTGTGCTGTAA-2","female","RG",-5.36061883140891,13.4853810479922,-5.16380978463161,3.49850423844688
"TGCCGGTAGCCTAATA-2","female","EN-fetal-late",6.00405311416299,-2.4920726606565,3.93475722434056,2.84656508477562
"TGCCGGTAGCTTAGCG-2","female","IN-fetal",-0.39237344433158,-8.60158642026954,3.42114400031102,-7.13861791578896
"TGCCGGTAGCTTATGA-2","female","EN-fetal-late",-6.63925790954917,2.54192046430535,-5.29444313881862,-2.31123797384865
"TGCCGGTAGGATAAAC-2","female","RG",-5.3524391667971,13.4324130227847,-5.06851435540187,3.50423129113548
"TGCCGGTAGGCGAATA-2","female","IN-fetal",-3.27199459244102,8.46087638643212,5.47848605277073,-3.3647453018821
"TGCCGGTAGTAACGGA-2","female","EN-fetal-late",-5.95306873489707,-3.61472852918678,-0.792461165170552,8.65426261933677
"TGCCTGTTCCACCCTG-2","female","EN-fetal-late",-5.48107862640708,-3.36066778394752,-0.677175530176045,8.38832004578941
"TGCCTGTTCCTCATGC-2","female","EN-fetal-late",-5.94801998306602,-3.63699396345192,0.301980107147811,7.65976722749107
"TGCCTGTTCGCTAGAT-2","female","EN-fetal-late",3.93216371368081,1.74652610328621,1.33232092024815,-0.113727403560945
"TGCGATTAGCACTAGT-2","female","IN-fetal",3.15249538253457,-6.72107275220924,0.0663286662293659,-6.17760984388954
"TGCGATTAGTGTGATC-2","female","EN-fetal-late",0.875384567486352,1.10025690105385,0.774659982938884,-0.570746047178575
"TGCGGTTCAATACTGT-2","female","EN-fetal-late",-3.72735881973594,-2.3292001077848,-1.31994963524807,5.21844728501671
"TGCTAACAGACCATAC-2","female","EN-fetal-late",4.67240667174966,-0.0306350776868394,4.08512257697117,1.69502039464348
"TGCTAACAGCTTAACA-2","female","EN-fetal-late",-2.36704003979056,2.08436445501275,-2.6122038447665,-2.10852400747902
"TGCTAACAGTCTCACC-2","female","EN-fetal-late",-3.14639640022605,1.2966561129374,-2.47362399933803,-1.39449672190315
"TGCTAGCCACAATTAC-2","female","EN-fetal-late",-3.02215492893546,2.6916544845385,-1.91378761170375,-2.63409821478493
"TGCTAGCCACTAGCGT-2","female","EN-fetal-late",-1.74702775646537,-6.38000782224708,-3.88197136757839,3.04971058877342
"TGCTAGCCAGGTTACC-2","female","EN-fetal-late",-6.13428163696616,-3.13167055341774,-0.880259164552571,8.43667800935142
"TGCTAGCCATAAGTCT-2","female","IN-fetal",-5.43012094665855,8.34780256059594,4.29802011610997,-4.46555129973061
"TGCTATGCAAATACCT-2","female","IN-fetal",0.159437654720849,-8.86158474180274,3.21658705832493,-7.29633275953896
"TGCTATGCACAGAAAC-2","female","EN-fetal-late",5.45526504348428,-0.723862607212596,1.67432211997044,2.07014198811882
"TGCTATGCACCTATAG-2","female","IN-fetal",-4.74484491516441,7.62825385835595,4.22030781867039,-3.93436281172402
"TGCTATGCATCATGGC-2","female","EN-fetal-late",-2.59317243267387,-2.14271410200172,0.945768646021007,1.99768300565117
"TGCTCAACACCTGTAA-2","female","EN-fetal-late",2.18846154044778,-0.656279165478282,1.03859018446934,0.664189236482313
"TGCTCAACAGGTTACC-2","female","EN-fetal-late",2.79622840713174,13.739820401935,-4.1023697936343,6.5076399615609
"TGCTCACTCCATAATG-2","female","EN-fetal-late",2.66990947555215,1.21781436708397,0.76155310036671,-0.766353113333055
"TGCTCACTCCTTCTAG-2","female","EN-fetal-late",-0.154789926303321,-0.374336082668834,-0.705525406579854,-1.17995981661446
"TGCTCCGTCAGTTCCC-2","female","IN-fetal",-5.75673341919273,7.11269847658104,3.387585154791,-4.38685504881508
"TGCTCCGTCCTTTACG-2","female","EN-fetal-late",-1.59620350767463,0.9212068056745,-1.48159230587948,-1.78086988417275
"TGCTCTCAGTTACCGG-2","female","EN-fetal-late",0.395278332935876,-0.513004739018016,-0.148101993780018,-0.437326354662248
"TGCTGGATCCATAAGC-2","female","EN-fetal-late",9.69323301147134,-7.05193813535743,5.20109557272923,2.75601037057274
"TGCTGGATCCTTGTTG-2","female","EN-fetal-late",7.79144239257485,-0.242186386318736,4.83725690009129,1.38292463334434
"TGCTGGATCGAGCAAA-2","female","IN-CGE",3.50063085387856,-6.9029842207151,-0.51078427670467,-6.402757091204
"TGCTGGATCGCACACA-2","female","EN-fetal-late",4.38928890060098,1.88044301774926,2.29790627123844,0.49024112733238
"TGCTGGATCTCACAAA-2","female","EN-fetal-late",-5.42884922195762,2.13728169706292,-3.62854004738796,-2.46127168623573
"TGCTTCATCATGCTTT-2","female","IN-fetal",-4.54958486725181,8.80488769319481,4.61874055029881,-4.89218656508095
"TGCTTCATCCTCGATC-2","female","EN-fetal-late",-0.526632429850989,-3.91927822324806,3.3005797779752,-6.97472135512001
"TGCTTCATCGTAACGT-2","female","EN-fetal-late",10.4290289862028,-7.42763241025978,2.00579833151829,7.00560720475548
"TGCTTCATCTGTTGCC-2","female","EN-fetal-late",-2.321832002891,1.82753006723351,-0.791578658800007,1.572455840429
"TGCTTCATCTTGACCC-2","female","EN-fetal-late",-3.93082595039695,5.4497670343203,-0.913162955026509,4.69606884034508
"TGCTTCCAGGCACAGG-2","female","IN-fetal",-4.5408608930239,6.48013440874047,3.27202247740757,-2.75595204321511
"TGCTTCCAGGCATGTT-2","female","EN-fetal-late",-0.72167420555442,1.07982360926098,-0.862423309068562,-1.38994137732155
"TGCTTCCAGTATTGGC-2","female","EN-fetal-late",-2.96788370777457,1.38161103036828,-1.32385898468959,-0.223306579271623
"TGCTTGCTCAATGTCA-2","female","EN-fetal-late",0.392633913265771,-4.84530075285011,-1.04831326840389,0.613299744447401
"TGCTTGCTCAGAAACG-2","female","EN-fetal-late",7.92068815063149,-0.170071799488597,5.08310031058323,2.63585861237877
"TGCTTGCTCATGTCAA-2","female","EN-fetal-late",-4.42804408241599,2.42050592210717,-3.79194308159816,-2.96614186255104
"TGCTTGCTCGCAAACT-2","female","EN-fetal-late",2.43481898139626,-5.96374090406471,-4.98718644021022,-3.06128613440163
"TGCTTGCTCTAAATCG-2","female","EN-fetal-late",-8.0351977365145,1.91866497304863,-5.43522597191799,-2.12861124960549
"TGCTTGTGTAGCAGCT-2","female","EN-fetal-late",-6.70714569259971,1.07657757010884,-4.43986082909572,-2.27264658896095
"TGCTTTAGTATACTGG-2","female","EN-fetal-late",0.960543392407006,2.75584904458947,0.198380014915584,-2.21899597136147
"TGCTTTAGTGAACAAA-2","female","EN-fetal-late",7.14416742156655,-0.765459377499156,3.7195250904752,2.23983772309654
"TGCTTTAGTTTACCGT-2","female","IN-fetal",3.40905189345986,-7.03330381605201,0.129180750866054,-5.62097207991249
"TGGAACAAGGGATGCG-2","female","EN-fetal-late",6.69264459441811,-0.859380323620372,3.97552060248387,2.36178334267967
"TGGAACAAGTACCGCA-2","female","EN-fetal-late",3.50381469558389,1.64017651584572,2.45238374831211,0.19696320058935
"TGGACAAAGCAAGGAC-2","female","IN-fetal",-0.678867759002143,-9.35882957670265,3.81778692366612,-6.57373849836952
"TGGACAAAGGCATTGT-2","female","EN-fetal-late",-3.80627608467429,1.18069682624764,-2.35887671349514,-1.29589335409767
"TGGACAAAGTAACCCG-2","female","IN-fetal",1.63696193526894,-8.33148105833106,3.38141368987095,-5.02367822615273
"TGGACAAAGTATCGCG-2","female","EN-fetal-late",8.07258367370278,0.139695089129872,4.55343960883152,1.41651030095451
"TGGACAAAGTTGGCCA-2","female","EN-fetal-late",7.28976774047524,-1.04985542985969,4.63177203299534,2.81343277009361
"TGGACCGGTTCACCAT-2","female","EN-fetal-late",2.3703243715635,1.11872882750458,0.919389120359539,-0.412708623091051
"TGGACGGAGCCTGGTA-2","female","EN-fetal-late",9.2926135046354,-6.90938719007545,2.70346926810276,0.361922176798514
"TGGACGGAGCGAAGTA-2","female","EN-fetal-late",1.18931102584512,-3.97492607328468,-3.38054347870815,3.12748344453209
"TGGACTAGTCACACCC-2","female","EN-fetal-late",7.83789777587563,-0.203230101795726,4.71039246680272,1.34385104688042
"TGGACTAGTTCAAGAT-2","female","EN-fetal-late",-0.276788474811011,-0.331863839359813,-1.08296562073696,-0.749083680788347
"TGGATTCAGACAGGCG-2","female","EN-fetal-late",-0.370682956469947,-3.51058872434669,2.84632491232884,-2.68196908918984
"TGGATTCAGCAGCTCA-2","female","EN-fetal-late",7.55496644805581,-0.624912340374522,4.1205272591306,1.88029678376549
"TGGCCAATCAATGTCA-2","female","EN-fetal-late",5.39968585799844,-2.56532462331825,3.39190506102574,3.1494217685067
"TGGCCAATCACTTTAC-2","female","IN-fetal",-3.85152840782493,8.38609592225976,5.202038279791,-3.58605281798012
"TGGCCAATCTAAGGAG-2","female","EN-fetal-late",-4.94737506080955,1.93671409395165,-2.68326617119777,-2.63680855719216
"TGGCCATCACGTAAGG-2","female","EN-fetal-late",-3.26357829738944,1.28537912276215,-2.47682762978542,-1.72047678915627
"TGGCCTGCAAGATTCT-2","female","IN-fetal",-3.59872961212485,7.02466527727074,3.52235507132542,-7.24650423018105
"TGGCCTGCACTAAGAA-2","female","EN-fetal-late",-8.19952583481162,2.17483190801568,-5.34497261879909,-3.34901229826576
"TGGCCTTTCGGTCATG-2","female","IN-fetal",0.347875712620324,-8.73303230497413,2.53147768141758,-7.16024105040199
"TGGCCTTTCTCGACCT-2","female","EN-fetal-late",-7.69043398071616,1.79920075443215,-5.18329096673,-1.80889741865761
"TGGCTAAGTGTGTCCC-2","female","EN-fetal-late",-0.154608608973914,1.04994317498631,0.288497134168266,-1.29759721247322
"TGGCTAAGTTGGTTCT-2","female","EN-fetal-late",-6.01326084305137,-3.58172186109596,-0.0440954649256481,8.06644638093345
"TGGCTATAGGTCCTGA-2","female","EN-fetal-late",-4.14276123215049,2.10772935655541,-4.5025482260989,-3.41258136717446
"TGGCTATAGTCACTAA-2","female","EN-fetal-late",-0.76745844055503,-0.0661506840901902,-1.07472241757381,-1.07543580023415
"TGGCTATAGTTGCGTG-2","female","EN-fetal-late",-5.89873314071983,-2.89142187330299,-0.844451912622334,8.46223075898521
"TGGCTTTGTGCTAGCG-2","female","EN-fetal-late",0.0686315281263055,5.88435165193505,0.0332468962861286,7.20597513230675
"TGGCTTTGTGCTCCGT-2","female","EN-fetal-late",-3.4739413278231,-2.64808281156593,-1.03160763619411,5.06119592698448
"TGGCTTTGTGTTGTGA-2","female","EN-fetal-late",-2.96219074894279,1.38619301822609,-2.05469776032436,-1.99561802832253
"TGGCTTTGTTCCTGAT-2","female","IN-fetal",10.0931744558683,-7.45531280729347,3.55311726691258,-6.64740745512612
"TGGGCATGTCCGGTTC-2","female","EN-fetal-late",-1.03182664681762,1.89208523538537,-0.110461899022938,-2.36764780966408
"TGGGCATGTGCGCGTA-2","female","EN-fetal-late",-4.50144744087546,2.44600610044426,-2.84421397088039,-2.9824370571769
"TGGGCATGTGTAATAC-2","female","EN-fetal-late",3.73854589294106,-0.618474919529491,1.98011135222447,1.2598874142968
"TGGGCCTAGTTTGGGT-2","female","IN-fetal",-6.3172349946627,7.92164222505517,1.44008957507145,-7.0675577351249
"TGGTCAAGTGAATCGC-2","female","EN-fetal-late",-0.614796997798377,-5.45794637891822,-0.0785915636824383,-0.880503458658525
"TGGTCAAGTGATGATT-2","female","EN-fetal-late",-6.75756740738242,2.20843259599633,-4.64721823571193,-2.19899050680763
"TGGTCAGTCCAAGTTA-2","female","EN-fetal-late",-3.19482207466453,2.38430122640557,-2.10762382386196,-2.70078985182411
"TGGTCAGTCCTAAGGT-2","female","EN-fetal-late",-2.52803194691032,3.06932250764794,-1.71978116868007,-3.09601656881935
"TGGTCAGTCTAAGTGC-2","female","IN-fetal",3.834966181027,-5.63225944730812,0.0116293943120228,-4.60034362761147
"TGGTCAGTCTTTAAGG-2","female","EN-fetal-late",-6.0518836991915,-3.07826312276893,-0.00968415377605097,7.4140735438668
"TGGTCATAGAAAGCAT-2","female","EN-fetal-late",7.71187066863686,-0.099893350334697,5.14328049780857,2.45366676362388
"TGGTCATAGCAGGTTT-2","female","EN-fetal-late",4.61129760574014,-2.06912000867897,1.8404363310529,2.39021642716759
"TGGTCATAGTCAATTG-2","female","EN-fetal-late",3.75881671737344,-1.45391925069862,1.72137390734684,2.14008768113487
"TGGTCCTTCCTCACAC-2","female","EN-fetal-late",6.55722474883706,0.368255596427388,3.78545116545689,1.46356876405113
"TGGTGATTCATGAAGG-2","female","EN-fetal-late",5.32994794677407,-2.5765465089994,2.98126339079869,2.60576231988304
"TGGTGATTCCCTCTAA-2","female","EN-fetal-late",10.0716328604093,-6.92912109586769,2.08292876841557,7.03105028184288
"TGGTGATTCGTTAAGC-2","female","IN-fetal",0.025273082958764,-8.79125126096778,2.76704477431309,-7.27859680143959
"TGGTGCATCCTTAAGA-2","female","EN-fetal-late",0.158609269367761,2.74409167077965,0.259682125468372,-2.2635387608207
"TGGTTAATCGACCTGA-2","female","EN-fetal-late",-4.38580584694236,-2.12432630750709,-1.33124805329311,7.1119027903878
"TGGTTAATCTTTGAGA-2","female","EN-fetal-late",3.07678985427529,2.23249689844079,3.3265283024503,-7.4112061688102
"TGGTTCCTCAGGAACA-2","female","EN-fetal-late",-5.4865145700106,1.91461269166893,-3.47851110337246,-2.82810465780861
"TGGTTCCTCATCCTGC-2","female","IN-fetal",-4.94294142891257,5.95648566987938,3.01667546393406,-3.10779849974281
"TGGTTCCTCCTAATGA-2","female","EN-fetal-late",4.95755052398354,-1.65253909322792,2.50176142813694,2.73383768113487
"TGGTTCTGTACCGGAT-2","female","EN-fetal-late",8.97269582580239,-7.13887270185524,1.4253401673032,-0.268042547384569
"TGGTTCTGTGCTAGAC-2","female","EN-fetal-late",-1.73132884670585,1.43808464315361,-1.62171579239833,-1.85198633162148
"TGGTTCTGTTGTCATC-2","female","EN-fetal-late",-1.80200937558501,1.57169477251,-2.04701948998439,-1.44895331350929
"TGGTTGAGTGACCTGG-2","female","EN-fetal-late",1.79349040816934,2.0462539603991,0.647386065740703,-1.58297745672829
"TGGTTGAGTTTCAGGA-2","female","EN-fetal-late",-0.0783858316072761,-4.69247396680885,-1.50016177533138,4.34652145417564
"TGTAAAGCATTAAACC-2","female","EN-fetal-late",-5.40256905723899,-2.44265492651039,-0.281427808980824,8.01486738236778
"TGTAACTCATCAATCG-2","female","IN-fetal",-3.08777785469382,7.82360736635155,5.10904931189549,-3.07905261007912
"TGTAAGCTCGAGCAAA-2","female","EN-fetal-late",-2.2118157761225,-2.25321062299781,-1.39614714024532,7.83855255158775
"TGTAAGCTCGCATTAA-2","female","EN-fetal-late",-2.78062689472526,6.21134225633568,2.15585326315892,-0.59905181614525
"TGTAAGTGTGATGATT-2","female","IN-fetal",-0.796105207694465,-8.81587417814308,3.77881669165623,-7.17928449598915
"TGTAAGTGTTTATCTG-2","female","EN-fetal-late",3.41698407958657,0.725375372735924,2.10019492270481,0.346150981506041
"TGTAATGTCATGCGTG-2","female","EN-fetal-late",5.63732909988076,-2.73305710050636,2.82667802931797,3.09682448418968
"TGTAATGTCATGCTCC-2","female","EN-fetal-late",0.349651573406762,-4.5760536977964,-2.09417367814052,-1.01590673414833
"TGTAATGTCCCAGTAG-2","female","EN-fetal-late",-3.97263240982383,1.90081421640343,-2.68801928399074,-2.38391892401344
"TGTAATGTCCTGATTT-2","female","EN-fetal-late",-6.21070099045127,-3.43360050413185,-0.289761134366871,8.1158409884774
"TGTAATGTCTTTAAGG-2","female","EN-fetal-late",7.95696496795327,0.0144523194117019,5.16523932578099,2.08546538861625
"TGTATCCGTACCTTAC-2","female","IN-fetal",-5.26512360740989,7.78457919862694,4.25614952208531,-4.41305105177529
"TGTATCCGTCAAACTG-2","female","EN-fetal-late",1.64406204055459,1.0494358500523,1.60811244608891,1.89146800549858
"TGTATCCGTCAGGCCA-2","female","EN-fetal-late",0.215590236889428,-0.452149588795238,-0.530669161062123,-0.862801117578813
"TGTATCCGTGCTTTAC-2","female","EN-fetal-late",-7.09738254715293,0.987456198601193,-4.14125109551418,-2.43917362181313
"TGTATCCGTTCATTTG-2","female","IN-fetal",0.166123269306725,-8.76373489591651,3.09333156706822,-7.21675006834633
"TGTATCGCAAGGCCAA-2","female","IN-fetal",-6.76020431686729,8.20945112016625,4.1500236904813,-5.66724960295326
"TGTATCGCAATTAAGG-2","female","EN-fetal-late",-0.0579824464449226,-4.41073044035011,3.17341112257969,-2.54266230551369
"TGTATCGCACAACAAA-2","female","VSMC",4.11544513534219,-14.3959885427671,-3.65575123665798,3.18738801987999
"TGTCAATCAAGGTCCT-2","female","EN-fetal-late",-6.08746004272788,-3.06350620481544,-0.936681874971272,8.42482002290123
"TGTCAATCAATTAAGG-2","female","EN-fetal-late",-6.9913539903292,1.88356797006554,-4.00429774163234,-2.75299016920693
"TGTCAATCACGTAATT-2","female","EN-fetal-late",-0.966114254487449,0.815618824033208,-0.858403691034199,-0.880292339006731
"TGTCAGTAGCGGGCAA-2","female","EN-fetal-late",7.38267946075112,-0.534386594029002,4.07957457663548,1.92235560925834
"TGTCAGTAGTATTGGC-2","female","EN-fetal-late",-2.91070151497214,2.58428458478875,-1.53161967633236,-2.90199343649513
"TGTCAGTAGTCACGAT-2","female","EN-fetal-late",-4.97763347793906,-2.95258625242286,0.534716314692615,-0.388039154688188
"TGTCAGTAGTGACCTG-2","female","EN-fetal-late",-8.26795721222251,1.77895132806725,-5.82568789360988,-2.15072814909584
"TGTCCTGGTCAAGTAT-2","female","Astrocytes",-2.40465110708564,-6.33835275861793,-5.56893826363552,3.33739622147911
"TGTCCTGGTCAGGAAG-2","female","IN-fetal",1.59822869132668,-7.78194435331398,0.869957706947444,-7.49343339888222
"TGTCCTGGTGCTTTAC-2","female","EN-fetal-late",3.50080823730142,-4.61592825147682,0.310385621209262,-4.51021377531655
"TGTCCTGGTTCCGCAC-2","female","EN-fetal-late",0.250270603405541,1.10895545390076,-0.494398125390889,-1.32533435312874
"TGTCCTGGTTTGTCTA-2","female","EN-fetal-late",5.40477657149941,0.50867630150742,2.88410138251316,1.18165524514549
"TGTCCTTCAAGACTCC-2","female","EN-fetal-late",-0.694954516185218,-5.51519592496925,-1.59142602322567,1.89388044389122
"TGTCCTTCAATAGCAA-2","female","EN-fetal-early",-8.34226608444541,1.92750648763604,-4.84694004891384,-3.75256077734596
"TGTCCTTCACAATACT-2","female","RG",-5.42407441307395,13.517522733478,-5.0675044143008,3.43151577027672
"TGTCCTTCAGAAACGT-2","female","EN-fetal-late",-0.352272154582435,-4.12022121641212,-2.57431341050136,-2.56627599684365
"TGTCCTTCAGTAGGTG-2","female","EN-fetal-late",4.74957752059609,1.58818141725487,2.25479363562596,0.513695197423628
"TGTGAAACAACTAGGG-2","female","EN-fetal-late",-2.83280563522666,2.85510317590661,-0.737828263025166,-2.36678783384926
"TGTGAAACACACCAAC-2","female","IN-fetal",3.76917505096108,-5.72975643369728,0.131066492815136,-4.88451282469399
"TGTGAAACATGACTAT-2","female","EN-fetal-late",7.58702516387612,-0.892484385700755,4.20118474127781,2.38691623719566
"TGTGAAACATTGTGCA-2","female","EN-fetal-late",-0.230833293689185,0.0172615459246108,-0.939132817964436,-0.863338095823595
"TGTGATCAGGAGGCAT-2","female","EN-fetal-late",-4.88738250900596,1.88311652448601,-2.72307515976894,-2.87910835234291
"TGTGATCAGGGCTTTG-2","female","EN-fetal-late",2.67012977431924,-3.79411466810279,-1.77683211205471,-1.29635815111763
"TGTGCAAGTTACATCC-2","female","EN-fetal-late",-6.16300296951621,-3.18395193311744,-0.959300287942769,8.56680973084801
"TGTGCAAGTTTGCGAA-2","female","IN-fetal",2.19925308059365,-7.22192390653663,3.45726417662632,-7.25957004515297
"TGTGCACCAAGCGAGC-2","female","EN-fetal-late",-1.20052915979713,1.2485304584784,-2.06199241517055,-1.69830934492714
"TGTGCGCAGATAAAGC-2","female","IN-fetal",-0.104383351100379,-9.29502208921485,3.05022644164097,-6.66045419661171
"TGTGCGCAGGCAAGTA-2","female","EN-fetal-late",0.0758339149823846,-4.58631475660377,-0.613671549539448,0.0129675662719518
"TGTGCGCAGGCGCTAC-2","female","EN-fetal-late",-0.148818136943275,-3.89623983594947,3.56600331427586,-6.58015005079872
"TGTGCGGGTCGCATAA-2","female","EN-fetal-late",4.51397228072793,-1.5927019903379,1.60585354926121,2.08352537663811
"TGTGCGGGTGTGTCCC-2","female","EN-fetal-late",5.04344940017373,-1.54321439954811,2.44045209052098,2.15342076333397
"TGTGCTGAGCAAACCT-2","female","IN-fetal",-6.03214502502769,7.94127551820702,1.14154451252949,-7.33015100447304
"TGTGCTGAGGCATGTT-2","female","IN-fetal",-4.65451765228599,6.07797948625512,3.22265242697728,-2.72922412840492
"TGTGCTGAGGCCTAAT-2","female","IN-fetal",-4.93579983879417,6.58011094835228,3.51213168265354,-3.0355536171592
"TGTGGAGCATAAGGAC-2","female","EN-fetal-late",7.86638974975259,0.138817529944844,4.58837889792454,1.56753249677055
"TGTGGAGCATTGGGAG-2","female","IN-fetal",1.75893258880288,-8.40373047086769,0.770888886470912,-7.11006395308144
"TGTGGCCAGCGCTCAA-2","female","EN-fetal-late",-3.3016510026583,-3.21228559705787,-0.944076904039265,4.84195192368858
"TGTGGCCAGGCCCAGT-2","female","EN-fetal-late",-0.483534337771827,2.72717050817437,0.0749615049554096,-2.42424122778542
"TGTGGCCAGGGATGCG-2","female","EN-fetal-late",6.52910756896645,-0.107962031097942,3.76260017516148,1.19757099660271
"TGTGGCCAGTCTATGA-2","female","EN-fetal-late",5.62641715835244,0.913559909729428,2.46586345793736,0.90708090575569
"TGTGGCCAGTTTAACG-2","female","EN-fetal-late",-2.85222041775077,2.75609866884179,-1.83768058655727,-2.88163439718849
"TGTGGCGGTTCCGGCT-2","female","EN-fetal-late",-0.567210675967628,1.0922699382586,-0.0957515620993389,-0.988743824640581
"TGTGGCTCAATCCTGA-2","female","EN-fetal-late",2.25069451163918,1.51720915344185,1.6294988310529,0.351811858137777
"TGTGGCTCAATCTCTC-2","female","EN-fetal-late",-4.46507764030784,2.8193765094561,-2.43249297974575,-3.13775317160256
"TGTGGCTCAATTATGC-2","female","EN-fetal-late",7.85036516021401,-0.486804802151256,4.39254116179478,2.25391228707664
"TGTGGCTCACCGGCTA-2","female","EN-fetal-late",4.17541217635781,-0.102286834450298,1.90216635825169,1.80268605264061
"TGTGGCTCACGAACAG-2","female","EN-fetal-late",7.71538495849282,-0.931291181774669,4.22000240447056,1.83526893170708
"TGTGGCTCAGCTAACC-2","female","EN-fetal-late",-4.79213285614341,2.30024592187829,-2.82127810357082,-2.4338952728904
"TGTGGCTCAGTCTAGC-2","female","IN-fetal",-2.89895200897544,7.41520826127953,4.80225085379612,-2.73095266310341
"TGTGGCTCATGTTGCA-2","female","IN-fetal",2.75681400130898,-6.96078975889259,0.155678144712566,-6.7168497273124
"TGTGTGAGTAGTAAGA-2","female","EN-fetal-late",-1.97202646900504,0.979732286004491,-1.73779130814541,-1.33200065580971
"TGTGTGAGTCCCGAAG-2","female","EN-fetal-late",-2.82620740105003,1.66535751131005,-1.75816155312526,-1.99663965193398
"TGTGTGAGTGGGAACA-2","female","EN-fetal-late",-0.195479633105689,-0.385155875416332,-1.12728525040615,-0.752300245443651
"TGTGTTAAGTACTGGT-2","female","EN-fetal-early",-8.34367656875938,1.91863612440056,-5.56200123665798,-2.96574584929115
"TGTGTTAAGTTATCCT-2","female","IN-fetal",-0.492050410998756,-8.74020775053077,3.6999664223386,-6.23109237639076
"TGTGTTAAGTTTCCGC-2","female","EN-fetal-late",0.105775593029565,5.57938758638329,0.270037001986621,7.36600835831993
"TGTTACTTCGAGCTAT-2","female","IN-fetal",-4.44376421142905,6.98541204240746,4.15211843611729,-2.80904643026955
"TGTTAGCAGGAGCAAC-2","female","EN-fetal-late",5.47397041152627,-2.32775862905555,3.2247102177335,2.75424321206444
"TGTTAGCAGTAACGAG-2","female","EN-fetal-late",-0.563193203700477,-4.19580324384742,0.819514236469387,-6.2656287380851
"TGTTATGAGCTCAAAC-2","female","EN-fetal-late",3.1489777548185,13.3931931665225,-3.88468743203151,6.1523662379586
"TGTTCATTCACTAGGT-2","female","EN-fetal-late",6.01238965819985,-0.469922620983653,3.05282353522312,-7.47412578550942
"TGTTCATTCAGCTAAC-2","female","EN-fetal-late",-4.12856006790488,-2.61757906171852,-1.9308347785281,5.35786016496055
"TGTTCATTCAGGTTTA-2","female","EN-fetal-late",-3.08599138428062,1.4415808728022,-2.10727358696926,-1.64920894590981
"TGTTCCTCAATGCGCT-2","female","EN-fetal-late",4.44767141173989,-1.4040497133451,1.96221934916508,2.53250606568687
"TGTTCCTCAATTTGGT-2","female","IN-fetal",-0.696157337916785,-9.39530761930519,3.75981902243626,-7.37276927916176
"TGTTCCTCAGGATGGC-2","female","EN-fetal-late",-6.50477743316978,2.34679261949486,-5.21232128975856,-1.99202839819557
"TGTTGCACAAGACTCC-2","female","EN-fetal-late",-5.70545149017661,2.40421895292229,-4.24191141961086,-2.14547769514687
"TGTTGGCCAAACATAG-2","female","IN-fetal",-5.47012996841758,7.10032741334862,3.26859091879856,-3.39560834852822
"TGTTGGCCAAGCCAGA-2","female","EN-fetal-late",4.86836957763345,0.776043001381821,2.98002647521031,0.886095660051039
"TGTTGGCCACACTAAT-2","female","OPC",-14.0661473291048,-11.4913922140317,-6.00271368859279,2.94277437241905
"TGTTGGCCAGGCGATA-2","female","EN-fetal-late",-0.66437667776435,2.85883466508812,-0.251852163057209,-2.71456663099892
"TGTTGGCCAGGGAGGA-2","female","EN-fetal-late",0.917864559399194,0.82417120207674,0.457269738484739,-0.551158411184618
"TGTTGTAAGCGGCTGT-2","female","EN-fetal-late",5.34357547591836,-0.274088222714,2.4958877480222,1.60313983472221
"TGTTGTAAGTCACCAG-2","female","IN-fetal",1.55045509170205,-8.48345382902198,0.89526116015446,-7.43325607267983
"TGTTGTGCAAATTGCT-2","female","OPC",-14.1171860711703,-11.5003996679502,-6.19378138421047,2.89966233285301
"TGTTGTGCAACATAAG-2","female","IN-fetal",3.23219632934243,-6.01383074018531,0.261881477255939,-5.26248733488686
"TGTTGTGCATAATCCG-2","female","EN-fetal-late",1.17214202712685,-4.13110931608253,-1.82474327919948,1.58625503095024
"TGTTGTGCATGAATCT-2","female","EN-fetal-late",-3.26431667972892,-3.13072570058876,-0.848376759271504,4.96797521623009
"TGTTGTTTCAGGAAGC-2","female","EN-fetal-late",1.02231526206643,0.288589756755299,-0.256035574655415,-0.645130915323564
"TGTTGTTTCCCGTTTA-2","female","EN-fetal-late",-5.99507904220908,2.15077142026848,-4.16974354622829,-2.59918467489845
"TGTTGTTTCGGTTACG-2","female","EN-fetal-late",0.430392740475243,1.34272412565178,0.0333603239251362,-0.319453788677522
"TGTTTGTTCTCAATTC-2","female","IN-fetal",-0.560944797290259,-8.69005497190528,3.77418851019871,-6.49103109327919
"TTAAAGGCAGTTTACG-2","female","EN-fetal-late",-4.51067161728233,1.94009796884484,-2.88194561837185,-2.8528508373893
"TTAACCAAGACTCGCA-2","female","EN-fetal-late",3.0969176275602,0.298995833663411,1.85921811224949,0.299908953031233
"TTAACCAAGGCTGTCA-2","female","EN-fetal-late",-1.51868968997686,1.86730245855278,-0.885445245485188,-2.07615677801735
"TTAACCAAGTAGCTTA-2","female","EN-fetal-late",2.29119181464822,1.57240794208474,0.290741941948055,-0.0109523364699572
"TTAACTGAGCTCGCTT-2","female","EN-fetal-late",-6.05821323562949,-2.932948429318,-0.554249950628163,8.2802525332772
"TTAACTGAGCTTAGTA-2","female","IN-fetal",-0.698126615775519,-9.10743244382911,3.719780675192,-6.47284261671669
"TTAACTGAGTAACAGG-2","female","EN-fetal-late",0.467033622967309,-4.31724651548439,4.93505524756443,2.40511663468712
"TTAACTGAGTTAGCCG-2","female","EN-fetal-late",-0.625505568278724,2.54493049886651,-0.425016351919056,-2.46876208273537
"TTAAGCCAGCGGATTT-2","female","EN-fetal-late",-4.10972976852744,7.87123767641015,-4.74604225991237,-3.35500900236733
"TTAAGCCAGTGGCGGA-2","female","IN-fetal",3.60158920119912,-6.55333336088233,0.109486541767238,-5.16240589110024
"TTAAGGACAAGCTACC-2","female","Microglia",10.7997937185636,15.6403598001284,-3.58179260132778,3.10162575753563
"TTAAGGACAATATACC-2","female","EN-fetal-late",-4.51167369057029,2.58390085008568,-0.347618409376027,0.517486529668501
"TTAAGGACACCTATAG-2","female","EN-fetal-late",-7.77550316025108,1.8716329744143,-5.30779505608547,-2.30415861097939
"TTAAGGACACGAATCC-2","female","EN-fetal-late",-5.20325613190025,-3.16751297208839,-0.870005854349019,8.50054748566978
"TTAAGGTGTACTTCAC-2","female","EN-fetal-late",2.69863319228799,1.95970229413933,-3.04126549599636,-3.16887084929115
"TTAAGTGTCCTTAGTT-2","female","IN-fetal",-4.85055566002219,5.81228200700707,2.85572146536839,-2.97190825430519
"TTAAGTGTCTAAGGAG-2","female","EN-fetal-late",0.51500427554757,-4.356283743115,3.96818541647923,1.27558894666069
"TTAATCGAGCTGAGGG-2","female","EN-fetal-late",-5.86552381683677,-3.54001339170509,-0.798863061647297,8.28390415223472
"TTAATCGAGTGGACAA-2","female","EN-fetal-late",-2.8089706914553,1.12411941197342,-2.20384717820156,-2.16755024878151
"TTAATCGAGTTGTCTT-2","female","EN-fetal-late",-4.43852400947898,2.53108219411797,-2.9035229766177,-2.32796709028847
"TTACACCGTGGTTCCC-2","female","IN-fetal",-4.78686952759116,5.91442386415429,3.0083868420316,-2.83431355444557
"TTACACCGTTAGGCTA-2","female","EN-fetal-late",2.89045905898721,0.862645758135385,0.823492220659374,-1.0182196327842
"TTACACCGTTGTTGTC-2","female","EN-fetal-late",-4.90596819092124,1.6644367983622,-3.68541432259548,-2.4726394840873
"TTACAGCAGAACCTGT-2","female","EN-fetal-late",3.01163482497842,-0.233554203243785,1.28593026759159,0.459629701694182
"TTACAGCAGCACGATT-2","female","EN-fetal-late",-4.02145576645225,1.51546845939583,-2.87354446290004,-2.54971854178078
"TTACAGCAGCAGCTCA-2","female","EN-fetal-late",-5.77327299286216,1.8971057346148,-4.08521176217067,-2.39900152174599
"TTACAGCAGCCTTAAA-2","female","EN-fetal-late",-5.87438535858482,-3.66252334806495,-0.151908823232533,8.23209484132164
"TTACAGCAGCTCCTAC-2","female","EN-fetal-late",0.176558850514001,1.84401563909478,-0.127940543870808,-1.12209097830422
"TTACAGCAGTGACCTG-2","female","EN-fetal-late",2.41581058334023,0.954631563095517,0.648186794538616,-0.744544071832964
"TTACCGTGTCATGAGC-2","female","EN-fetal-late",-4.64579320122092,-2.09132965299659,-1.38364816544521,7.4254284671151
"TTACCGTGTTTAAAGC-2","female","EN-fetal-late",-3.59726190735191,-2.47768934461647,-0.974618443231465,5.26516063722008
"TTACCTGTCACACAGT-2","female","EN-fetal-late",-4.64926862884849,2.19400052335686,-2.58294821618068,-2.1171650120414
"TTACCTGTCGGTTCCT-2","female","EN-fetal-late",-6.61454487015098,1.36858878639168,-4.66320706246364,-2.17439405409462
"TTACGTTTCAGGAACA-2","female","EN-fetal-late",-1.22434593905299,1.09286574628777,-1.3668619477557,-1.59545843092568
"TTACGTTTCCTCATGC-2","female","IN-fetal",2.73645019363076,-6.86952074262672,0.103251180667995,-5.94413749663002
"TTACGTTTCTAAGTCA-2","female","EN-fetal-late",10.4657368643156,-7.08996494504982,1.79173719050419,6.24809988053673
"TTACGTTTCTTGAGGT-2","female","EN-fetal-late",2.3900301439634,0.0490530541223952,0.88262637617123,0.586777137836149
"TTAGAAGCAATCCTGA-2","female","EN-fetal-late",-4.04316020180076,1.23367003705925,-2.88325739739406,-2.0927235314048
"TTAGAAGCACCTGCTC-2","female","EN-fetal-late",-7.26205969024985,1.24549986031479,-5.10004187462795,-1.98726884810097
"TTAGAAGCAGTTGCGT-2","female","EN-fetal-late",5.16154336761147,0.634442206291623,2.55523680808079,0.373312728723219
"TTAGAAGCATGCAACC-2","female","EN-fetal-late",2.02058529685647,1.5989661028666,1.90711032511723,-0.703520817438433
"TTAGACTCAAACTGTT-2","female","EN-fetal-late",-7.94352483917564,2.37678329256005,-5.57604218361843,-2.66348449675209
"TTAGACTCAGGCTAGA-2","female","EN-fetal-late",3.04147100280434,-0.8520671913343,1.30013685585987,1.32149203332298
"TTAGACTCAGTACCGT-2","female","EN-fetal-late",5.51442193816811,-2.68012984487587,2.26098298193943,2.71810682328575
"TTAGACTCATGCTATG-2","female","IN-fetal",-4.3833913819918,6.86176912095971,3.8974568760587,-2.83576456991799
"TTAGCAATCGGCTATG-2","female","EN-fetal-late",5.39944743941934,-0.462719518871837,2.93251871230137,1.11343981536262
"TTAGCAGGTTGCACAA-2","female","EN-fetal-late",1.68250512908608,2.15208689477868,-0.0788958155916943,-2.00216476408608
"TTAGCAGGTTGTTGTC-2","female","EN-fetal-late",-1.15039354730933,2.78481332567162,-0.325556584577443,-2.6704515644706
"TTAGCCTGTTGTTCAC-2","female","EN-fetal-late",3.607023237454,-0.746308762760692,2.10647677542698,0.55604775460594
"TTAGCCTGTTTATCTG-2","female","EN-fetal-late",-5.32854342628806,2.30051533487267,-4.65512085793483,-2.2299203106559
"TTAGCTGCAGCATGTC-2","female","EN-fetal-late",-1.64167966116756,0.638086613087125,-2.58122444985378,-1.86526183573372
"TTAGCTGCATTGTGCA-2","female","EN-fetal-late",-2.02687895466178,1.70935628917641,-1.87924505112636,-2.07679502455361
"TTAGGAACACTAAATC-2","female","EN-fetal-late",-6.20138740707725,-3.42665584775978,-1.01387632725704,8.66614826234215
"TTAGGAACAGCTAATT-2","female","EN-fetal-late",0.0269423706403435,5.6042088678164,0.340812324602722,6.90757902177208
"TTAGGAACATCAATCG-2","female","IN-fetal",-4.87998271156638,8.04911987092919,4.59618186118138,-3.86978284803993
"TTAGGATGTCTCAGCC-2","female","EN-fetal-late",-3.49017763305991,-2.60248525831275,-0.882621654252888,5.32280881913536
"TTAGGATGTTCGGTAA-2","female","EN-fetal-late",-5.01169419456809,1.93095664289422,-3.39415479538906,-2.60868827788002
"TTAGGATGTTGTGACA-2","female","EN-fetal-late",4.88103627990395,-2.12366350385719,1.96620701910984,2.44205029519432
"TTAGGCCCAAGGTACG-2","female","IN-fetal",-0.366366507304603,-8.81936939451271,3.45552252890599,-7.40398780790932
"TTAGGCCCACAGGATG-2","female","EN-fetal-late",2.27763819526345,-0.170291025372081,0.604726902265666,0.633583503087691
"TTAGGCCCATGAAATG-2","female","EN-fetal-late",3.27674531768472,1.78196648862786,1.69393884303105,0.136515582224062
"TTAGGCCCATTCCTCG-2","female","IN-fetal",-4.51726341415733,8.08218852785058,4.48538636328709,-3.89160959211952
"TTAGGCGTCCGGTATG-2","female","EN-fetal-late",3.55534457992226,-0.210169393749767,-3.27600098488796,-2.79659835783608
"TTAGGCGTCTACCTCA-2","female","EN-fetal-late",5.11493778060586,-2.56851776334816,1.71211611392033,2.27090914758079
"TTAGGCGTCTCGCCCA-2","female","EN-fetal-late",-3.61262750793784,1.84788409974999,-2.1450886809634,-2.86186139074928
"TTAGGCTAGCAACATC-2","female","EN-fetal-late",-4.65682459045737,2.682658951549,-2.51861501572597,-3.04150359121926
"TTAGGCTAGCTTAGCG-2","female","IN-fetal",3.75305557082803,-5.59236534330421,0.232392913718341,-4.69894496885903
"TTAGGCTAGGTCTTGG-2","female","EN-fetal-late",-0.51202756334632,-5.08799083921485,-0.694779165964009,2.23779209168785
"TTAGGCTAGTTCCTCA-2","female","EN-fetal-late",7.13321161101968,0.608852010039754,4.77765177847874,1.38432283910148
"TTAGTCAAGCACAGGG-2","female","EN-fetal-late",4.12460279296548,1.61419759300179,0.923635116834758,-0.997784537950823
"TTAGTCAAGGCTCATG-2","female","EN-fetal-late",2.3240802271238,-1.19806893560463,0.943451813478588,1.1687430909478
"TTATAGCCAACTGGGA-2","female","EN-fetal-late",2.10868072341592,1.32332472112603,0.488972238321422,-0.941337866464922
"TTATAGCCAGCAACCT-2","female","IN-CGE",0.117562411533898,-4.43394907209449,1.5643839752866,6.02699955018394
"TTATAGCCATAGACCC-2","female","EN-fetal-late",4.68156814407021,1.63873956706948,2.38728152873051,0.560289787372282
"TTATCCGTCCATTACT-2","female","EN-fetal-late",3.87943219970376,-1.19831808301979,1.56040631892216,1.58985789330833
"TTATCCGTCCTAGTCC-2","female","EN-fetal-late",5.55597686599404,-1.00569029542976,2.38864921690953,2.13677104028099
"TTATCCGTCGAGGAAC-2","female","EN-fetal-late",-0.94430911709159,2.65851442125267,-0.423695989827992,-1.69968704668648
"TTATCCTAGCCTGGTA-2","female","IN-fetal",1.35302853416116,-8.53670604917579,1.06766252877247,-6.9041146465934
"TTATCCTAGGATAAAC-2","female","EN-fetal-late",-0.508367122901374,1.21289638784356,-0.199789532403828,-1.22259144274361
"TTATGACCAAGCCACT-2","female","EN-fetal-late",6.85393190215737,1.07655581441349,4.51042746665013,2.05224748166435
"TTATGACCAAGCTAAA-2","female","EN-fetal-late",-2.9793751256594,1.70356003549523,-1.22582305310238,-1.29009155718453
"TTATGCGCAGACAAAC-2","female","IN-fetal",1.51713228057534,-8.38602359983497,0.555414921660541,-7.45191423384316
"TTATTGCTCATTGCGG-2","female","IN-fetal",-0.461853327048713,-8.74112518522315,3.81358932616246,-7.08547870604164
"TTATTGCTCCCGAAGC-2","female","EN-fetal-late",-6.39906549621909,2.27626685407586,-4.10296345589626,-2.34004394499428
"TTATTGCTCGAGGAAC-2","female","EN-fetal-late",5.16270732711465,-0.627027470799022,5.22842930914891,-3.38580147711403
"TTATTGCTCTCGCCCA-2","female","EN-fetal-late",0.25665831397683,0.300991933612294,0.588820776958583,-0.385510308424303
"TTATTGCTCTTGACCC-2","female","EN-fetal-late",10.3754878027311,-7.75820167753273,1.72396086813938,6.64007289918297
"TTCAACCGTGAGCACT-2","female","IN-fetal",2.16883206199319,-7.23597629758888,2.04962467314732,-7.23260538069374
"TTCACTGTCATGACCG-2","female","EN-fetal-late",-1.64422665704578,-6.03289230558448,0.155294871945499,-0.318575454632112
"TTCACTGTCCTTCTAG-2","female","EN-fetal-late",-5.91088771988242,-3.69802864286476,-0.935426481943013,8.36307914765709
"TTCACTGTCGTCAAGT-2","female","EN",-0.372174860728675,-3.99537523481422,-0.11591077683437,1.82473464520805
"TTCACTGTCTCATCAT-2","female","EN-fetal-late",-13.7451634423861,-11.6681700536924,0.0664328551484333,0.391249018033674
"TTCAGCACAATCCTGA-2","female","EN-fetal-late",10.1655697805753,-7.85897834989601,1.66139887930882,6.60889585526817
"TTCAGCACAGAGGGAG-2","female","EN-fetal-late",0.0958235247007073,5.73867074754662,-0.158636697511555,7.81872137101524
"TTCAGGTAGCGGGCAA-2","female","EN-fetal-late",-6.11184692550986,-3.00283892843299,-0.503531166295887,8.2083645633065
"TTCAGGTAGGAATAAC-2","female","EN-fetal-late",-3.84602832962363,1.2318188061995,-2.13208199379909,-1.99987070051796
"TTCAGGTAGGCGCTAC-2","female","EN-fetal-late",8.89115667174966,-7.42807491514259,1.61762987734806,5.8913913539254
"TTCAGGTAGGTAACGA-2","female","EN-fetal-late",7.12285947631509,-1.07543583604866,4.01263474585545,1.81117148908012
"TTCATCCCAGTATGTT-2","female","EN-fetal-late",-5.25458574463218,6.80850641038842,4.06931137206089,-4.21162216154701
"TTCATCCCATTGTCAG-2","female","EN-fetal-late",6.49369191955239,-2.04048093053871,3.67714690329563,2.676006870588
"TTCATTCAGGCGCTAC-2","female","EN-fetal-late",2.1130800230375,1.93398837354607,1.7104154741956,-0.236736697832414
"TTCATTCAGGGCTTAT-2","female","RG",-1.1289776878485,-6.3830056974607,-5.63166857598293,3.68550975831383
"TTCATTCAGTCATGCG-2","female","IN-fetal",1.24674105476052,-8.7229452917295,0.348149444033025,-7.23398963896401
"TTCCACGGTTGGCCGA-2","female","EN-fetal-late",-3.87879872490256,-1.90452368948036,-1.00570011971462,5.49007995637291
"TTCCCACAGCAAGGAC-2","female","EN-fetal-late",-3.46566891838401,-2.22248299810463,-4.33600474236477,-2.27192298857338
"TTCCCGCCAAACATAG-2","female","EN-fetal-late",3.96200275252969,-1.72242124769264,1.73640488745701,1.84381683381431
"TTCCCGCCACAGACTC-2","female","EN-fetal-late",7.83919000457436,-0.776242572994762,4.44284438254368,2.42666585954063
"TTCCCGCCAGGCCATT-2","female","EN-fetal-late",-6.38029527832358,2.22058014181084,-5.31479121087062,-2.61899678198464
"TTCCCGCCATAGGCGA-2","female","EN-fetal-late",0.08618986438424,-3.73567207548194,3.88778065802586,-6.97248260466225
"TTCCTCAAGTCAATCA-2","female","EN-fetal-late",-0.666988732112342,-3.90204914304786,0.342572386433004,-2.15613238302834
"TTCCTCAAGTCAATTG-2","female","EN-fetal-late",-0.937308253539497,2.75501660612053,-0.415592082719685,-1.86061875311501
"TTCCTCAAGTTAGTGC-2","female","IN-fetal",2.98653602431924,-6.79072721693092,0.168045586962818,-5.76812927214272
"TTCCTTCTCCGGTATG-2","female","IN-fetal",-4.5485513227114,7.86141196992821,4.46105383994114,-3.48576633421547
"TTCCTTGAGCACAGCC-2","female","IN-fetal",2.15645789931924,-8.05033596250587,-0.0828722500609173,-7.03994600264198
"TTCCTTGAGCTAAAGG-2","female","EN-fetal-late",-0.245872856868201,-4.01686104032569,-0.443926044683339,0.615150140842131
"TTCCTTGAGCTCCTAC-2","female","EN-fetal-late",8.07562780212075,-0.296874720783763,5.20108651282322,2.71639473946922
"TTCCTTGAGGCACAGG-2","female","EN-fetal-late",0.452646849857873,-4.33409507963233,-0.774227031450154,0.482578592618635
"TTCCTTGAGTTATTCC-2","female","IN-fetal",-0.408382179034644,-9.09680660459571,3.77836107375157,-7.10800926176674
"TTCGCAACAATATGGA-2","female","EN-fetal-late",-5.90878009964316,-3.54883440229469,-1.19179631112087,8.46280296357506
"TTCGCAACACAGGGAC-2","female","EN-fetal-late",3.93907928298623,-0.646563012333446,-5.87068272469509,-2.05814663855202
"TTCGCAACATCCTAGA-2","female","EN-fetal-late",3.09247493575723,-6.18559988233619,-0.391558953504445,0.947141783555678
"TTCGCAACATTAAGTC-2","female","EN-fetal-late",-3.83213043381065,2.12778226640648,-2.42522574303615,-2.99039737669594
"TTCGGTACAACCCTCC-2","female","IN-fetal",-3.89642644096702,7.11219445970482,1.62035524012577,-7.23180620161659
"TTCGGTACAAGGGTTG-2","female","EN-fetal-late",6.35012578796059,-2.49520071241432,3.73161410452854,2.20545561822288
"TTCGGTACACTCGCTC-2","female","IN-fetal",-0.115008236659461,-8.90224178525978,3.26647066237461,-6.56384460417397
"TTCGGTACAGCTAATT-2","female","EN-fetal-late",0.206630347477502,-4.25293882581764,-0.466722556333424,3.45687683137291
"TTCGGTACATACCCGG-2","female","EN-fetal-late",-2.32295662332862,1.626062791614,-2.07053137658107,-2.31539170233376
"TTCGTGCTCAGCCAAT-2","female","EN-fetal-late",-3.07277655769675,2.1924622466845,-2.6185400569247,-2.70056144682533
"TTCGTGCTCCACCTGT-2","female","RG",-1.25746938754409,-6.32068451139503,-5.62233782647121,3.56713398011558
"TTCGTGCTCGCACACA-2","female","IN-fetal",-6.05649089981406,8.05046836641259,3.57172893645298,-5.26989261595375
"TTCGTGCTCTAACCTT-2","female","EN-fetal-late",-1.00263142753928,1.92962173726983,-0.455531069021107,-1.13620607344277
"TTCGTGCTCTTAGTCT-2","female","EN-fetal-late",0.178304074513024,-4.57607897016578,-1.6575455748843,0.691668885072401
"TTCGTTAGTCGCGCAA-2","female","IN-fetal",-3.69445204902976,-1.26416953298622,-1.14393485424984,5.28817422898643
"TTCGTTAGTGATGATT-2","female","EN-fetal-late",-2.4346329586634,1.13127030041642,-2.07664395211208,-1.28435949770577
"TTCGTTAGTGTGTGGT-2","female","EN-fetal-late",0.101736186253137,-3.90847261640602,-0.546461590509297,-0.830128533521959
"TTCGTTAGTTAAGCCA-2","female","IN-fetal",3.52508687804849,-6.961912233563,-0.107631036023976,-6.33773986784584
"TTCTTAGGTTGCGCGA-2","female","EN-fetal-late",-4.73589492012351,2.60478512552208,-3.74643374321926,-3.06454174009926
"TTCTTAGGTTGGATAT-2","female","EN-fetal-late",4.33126544784219,0.124148886470265,2.22052287222874,0.98940260918968
"TTCTTAGGTTGTTGGA-2","female","EN-fetal-late",-0.328564049495154,-4.37545545789772,-1.63372159836757,0.102927893643907
"TTGACATCAACTGGGA-2","female","RG",-2.41907483507484,-6.42494400236183,-6.10373688576686,3.50246603997581
"TTGACGTAGTGAGCAA-2","female","EN-fetal-late",-0.459513785136634,5.3499249627871,-0.206074722986103,7.12471254380577
"TTGACTAAGCAAACCT-2","female","EN-fetal-late",5.17271280120522,-0.404480416508251,1.02372126938832,0.854035275300673
"TTGACTAAGCCGCAAC-2","female","EN-fetal-late",-5.20940995384544,1.30641005542702,-3.84514571068752,-2.54384915320046
"TTGACTAAGGCAGGTG-2","female","EN-fetal-late",0.604103325115746,-0.689437110157542,-0.177259513120533,-0.588791949430773
"TTGACTAAGTTAGTTG-2","female","EN-fetal-late",-0.222447873843604,-4.54121406766944,-0.791996964197041,0.482394384463957
"TTGAGGCGTCTTTATG-2","female","EN-fetal-late",3.24792575668008,13.2952765634341,-4.15325976250637,6.18127210648887
"TTGAGGCGTGTGAGAG-2","female","EN-fetal-late",0.0982685072293938,-4.18463381025367,-0.950439461450459,7.53783758195274
"TTGATGTCAAAGGCCA-2","female","EN-fetal-late",-8.42936563659995,1.81868151929802,-5.72754383919704,-1.93654624907143
"TTGATGTCAAATACCT-2","female","EN-fetal-late",3.26229238341958,2.40203623083062,1.33686964871418,-0.7438682743705
"TTGATGTCACTCAACA-2","female","OPC",-14.022003652347,-11.5191183874326,-6.16442061303127,2.94602759393089
"TTGATGTCACTGGCTG-2","female","EN-fetal-late",-0.111445547831946,6.28119651582665,-0.665254482011677,7.44165380509727
"TTGCAACAGGCGCATC-2","female","IN-fetal",-6.25675630737632,8.34958879259057,3.88180135848057,-5.69444601027138
"TTGCAACAGTTATGGC-2","female","EN-fetal-late",6.05278110335976,0.857173044053979,3.17196058394444,0.752923982461622
"TTGCAAGGTACTTAGG-2","female","EN-fetal-late",6.79425668548257,0.275875430373616,4.46504449011814,1.62035449059837
"TTGCAAGGTGGGTACT-2","female","IN-fetal",3.3020653707853,-5.92535074445777,0.305921367426036,-5.22614614454872
"TTGCAATCACAGAAAC-2","female","EN-fetal-late",-7.71630001236289,2.31844536569542,-4.64288521645534,-2.36459915129311
"TTGCAATCACCTGCTC-2","female","EN-fetal-late",-0.971220822823936,3.01348678377099,-0.327815302591206,-2.70287458387978
"TTGCAATCACGGTTTA-2","female","EN-fetal-late",2.23569750617654,1.77655516174263,1.79606985213292,-0.131362719217607
"TTGCAATCAGCTTAAT-2","female","EN-fetal-late",-0.72542244364112,-0.0866862127500108,-1.77872062561977,-1.18580715147621
"TTGCATTTCCTGATGG-2","female","EN-fetal-late",-5.92956304718345,1.67875574138588,-4.84942246315944,-1.9456345268882
"TTGCATTTCGGTTAGT-2","female","EN-fetal-late",7.29361772369058,-1.39179857465797,4.48315333487523,2.47620590241783
"TTGCATTTCGTCCTTA-2","female","EN-fetal-late",-8.40259075332969,1.95987335946984,-5.7380309188174,-2.0893923470176
"TTGCATTTCTCAATTC-2","female","EN-fetal-late",6.91519021819741,-1.70526941511207,4.39778637053502,2.57018073113792
"TTGCATTTCTCACTCA-2","female","EN-fetal-late",-7.89351892639487,1.89873115327782,-5.64640665886867,-2.69286148039467
"TTGCCCGTCACGTTAA-2","female","EN-fetal-late",-0.518707813514167,-3.85265215131813,0.0621325290395008,0.0917378573321611
"TTGCCCGTCAGTATTG-2","female","EN-fetal-late",-1.02187967468589,1.9346497466845,-0.0996057474421276,-2.20610467878945
"TTGCCCGTCCCGTTGT-2","female","EN-fetal-late",-0.376583935512,-3.39098747465187,-2.61798358796108,2.33640416177147
"TTGCCCGTCCTCCATA-2","female","IN-fetal",-4.20276665855735,6.44390622880883,3.14954256178868,-2.88344304052956
"TTGCCCGTCGGTCAGC-2","female","EN-fetal-late",-0.69415110517829,0.6222381403727,-0.692609080057026,-1.00861768213875
"TTGCGAGTCATCCTCA-2","female","IN-fetal",3.18154239486367,-7.40729244443946,0.380844949801086,-6.07087938276894
"TTGCGTCTCAATGTCA-2","female","EN-fetal-late",-7.55676794220298,2.27368501928277,-5.4832496726321,-2.515230579058
"TTGCTCTCAATCCTGA-2","female","EN-fetal-late",-7.90027332474082,2.21574739721245,-5.22050238488186,-1.91663376776344
"TTGCTCTCACAATGTT-2","female","EN-fetal-late",-6.10142517258018,-3.28143795225196,-0.915509113054158,8.55178554566734
"TTGCTCTCAGTCTAAT-2","female","EN-fetal-late",6.92504644225747,-1.08950086328559,4.44595336081517,2.55945213349693
"TTGCTCTCATAATGTC-2","female","EN-fetal-late",-4.6620185392031,1.69263736513085,-2.55066634057033,-0.513816041628191
"TTGCTTAGTGATCAGC-2","female","IN-fetal",-4.24964761902183,8.40965406206078,4.96090792777073,-3.50777165381081
"TTGCTTAGTGGCTTCC-2","female","EN-fetal-late",2.24789213966042,1.02980099227852,0.825290939827083,0.203888701518706
"TTGCTTTAGCAGGCCT-2","female","EN-fetal-late",4.00247621368081,0.470971535710759,1.90433596732151,1.05034931214683
"TTGGAGGCAATCCCTT-2","female","EN-fetal-late",-2.18479508329719,1.68995062616295,-1.87235833046901,-2.40657989470131
"TTGGAGGCAATTAAGG-2","female","EN-fetal-late",-0.248699785960609,-4.29086931440406,2.69732641341221,-6.89430276838906
"TTGGATATCCCTGGTT-2","female","EN-fetal-late",-6.29925966430991,2.50999669340081,-5.05711508629787,-2.74493114439614
"TTGGATCAGATGCCTG-2","female","EN-fetal-late",7.64847040008218,-0.699458915920787,5.03095339896214,2.26045449288719
"TTGGATCAGGCCCAGT-2","female","EN-fetal-late",-7.77428007294028,1.43527303245491,-5.50550318596828,-2.24179927794106
"TTGGATCAGGTGTCCA-2","female","EN-fetal-late",2.51389884780557,0.0382272413057754,0.709920487423061,0.28238345893257
"TTGGATCAGTCGCTAG-2","female","IN-fetal",-0.0462112443575202,-8.78707702848487,3.25124429823887,-6.97434083906777
"TTGGATCAGTTAGTGC-2","female","IN-fetal",-0.0322577970156013,-9.19976528379493,3.34074281813633,-6.95865241972573
"TTGGATTCACCTGGTG-2","female","EN-fetal-late",7.17008447478921,-1.69439538213783,3.93528770567906,2.32668931992882
"TTGGCGGGTAGCCTCC-2","female","EN-fetal-late",3.0900349600187,-2.23107584211402,1.90858017565739,-7.33208934752114
"TTGGCGGGTCATCCTG-2","female","IN-fetal",-3.02936482597678,7.5956901719851,5.05247210623753,-3.28711597410805
"TTGGCGGGTTATTGCC-2","female","EN-fetal-late",-5.97681665588706,-3.19040544721656,-0.80612552998531,8.17159755738609
"TTGGCTACAAACTGTT-2","female","EN-fetal-late",6.95475625823647,0.747275192110009,4.96557759406102,1.97564049275749
"TTGGCTACAAGGTCCT-2","female","EN-fetal-late",0.161381958233422,6.11447278764672,0.0672674393845783,6.86573799165123
"TTGGCTACACGAATTT-2","female","EN-fetal-late",0.111786721455163,-4.65495737287574,0.291194907446025,1.07669748576515
"TTGGGCCAGCTAATTG-2","female","EN-fetal-late",0.400464175449914,5.93986980226464,-0.668898590783955,6.54636199982994
"TTGGGCGGTGAAACAA-2","female","EN-fetal-late",0.426491974102563,2.57168237474389,0.284813634176372,-2.12823478666908
"TTGGGCGGTTAAGCGC-2","female","EN-fetal-late",-0.121522189868384,-4.89541490766578,2.29110323550236,2.03551455052727
"TTGGGTTAGAGGCTAA-2","female","IN-fetal",-5.47998762298911,7.97628013399071,4.2305216705991,-4.89403097120888
"TTGGGTTAGCGCTAAT-2","female","EN-fetal-late",-3.28039300609916,1.39682195690102,-2.28873301384914,-1.49059085337288
"TTGGTGAGTCGTAATG-2","female","EN-fetal-late",1.94737911056191,2.34042577054924,1.29385333420765,-0.719022316614458
"TTGTAAGTCCCGCCTA-2","female","OPC",-14.0940709130892,-11.4477568456846,-6.31479168770778,3.20142682107323
"TTGTCCATCCGGTTGA-2","female","IN-fetal",-5.29906368423789,6.72573892381615,3.22045325400364,-3.50498954741127
"TTGTCCCAGCACTTGG-2","female","EN-fetal-late",-1.21977691520541,1.43529723194069,-0.957465776185872,-2.09208147017128
"TTGTCCCAGCTCGCTT-2","female","EN-fetal-late",4.48581409286172,-1.19620307180458,3.5468697464658,-7.54304258314736
"TTGTCCCAGTCATCCC-2","female","IN-fetal",-6.11301040817588,8.50979654100365,4.0698509133054,-5.320566100756
"TTGTCCCAGTGCACGC-2","female","IN-fetal",-3.25498581100791,7.13347808626122,4.37029122473729,-2.40043680159218
"TTGTCCGGTAAGTCGC-2","female","IN-fetal",2.80041789840371,-7.45919616910987,0.294743820150016,-6.32029668776161
"TTGTCCGGTGTTGCTT-2","female","IN-fetal",-3.76771593262046,6.73861495759911,4.2882404244138,-2.65424339262612
"TTGTCCGGTTTCAGGA-2","female","EN-fetal-late",-2.85491824318259,1.60850040224022,-2.39961219666469,-2.55730859724648
"TTGTGAGGTAAGGTCC-2","female","EN-fetal-late",-0.470829667342597,-4.15028770658546,-0.0921261691855206,1.46887035878532
"TTGTGAGGTGTTAGCA-2","female","IN-fetal",-5.04391670395225,6.66014138963646,2.80863951804173,-3.20364396063454
"TTGTGAGGTTAAGTGT-2","female","EN-fetal-late",-3.23067701031058,-3.140867311688,-1.05014694569576,5.15036018403404
"TTGTGAGGTTAATGCG-2","female","EN-fetal-late",-4.69843602348655,-1.99736531469398,-1.23801482556331,7.55806501420372
"TTGTGAGGTTCAAGCA-2","female","IN-fetal",-4.74968862701743,6.63033239152855,3.53699182631504,-2.89709536520607
"TTGTGAGGTTGGCCGA-2","female","EN-fetal-late",0.152678964840478,-0.420494396420055,-0.575106152276875,-0.41233603445656
"TTGTGCCTCAGGAAGC-2","female","EN-fetal-late",1.36640190910012,1.52054480817742,0.145709893722652,-1.47779743162758
"TTGTGCCTCAGTATTG-2","female","EN-fetal-late",-3.42633283306449,-2.73927481863075,-1.24701572297084,5.22545345338219
"TTGTGCCTCCAATTAG-2","female","IN-fetal",-3.94048428703635,8.26052753236718,5.21478413702977,-3.42148296324379
"TTGTGCGAGACAACGA-2","female","EN-fetal-late",-3.72268390823691,-2.25814254972511,-0.935502537469746,4.98364360841148
"TTGTGCGAGTGCTGTG-2","female","EN-fetal-late",-0.546581329596931,2.83981267717308,-0.100442000608326,-2.3699406811393
"TTGTGTGCATCCCGCT-2","female","IN-fetal",-3.03908336330741,8.08746473100609,4.83449219824803,-2.87897531477577
"TTGTTCCCAGTTTACG-2","female","IN-fetal",2.80630636047036,-7.77464206907325,0.79825707437527,-7.06933538405068
"TTGTTCCCATTAAACC-2","female","EN-fetal-late",1.65746354888589,1.49298272636361,1.39830677868855,-0.886300010362932
"TTGTTGCGTATGGTGC-2","female","EN-fetal-late",1.09711241553933,-3.72474296781593,0.930443099756359,-4.89437334028847
"TTGTTGCGTATTGGAT-2","female","EN-fetal-late",-1.37827880848735,1.07471081223912,-1.45354104874599,-2.11063949553139
"TTGTTGCGTTACATCC-2","female","EN-fetal-late",1.64996456931741,-0.686878044338756,0.773532471675991,0.052671486755541
"TTGTTGTTCTCAATTC-2","female","EN-fetal-late",7.32999181579263,-1.76032145711952,3.71941732527745,2.80590422662132
"TTTAACGAGTTCCCGT-2","female","EN-fetal-late",2.54930400680215,2.24270777013726,1.11010175110829,-1.0544196793235
"TTTAAGCCAACCTAAT-2","female","EN-fetal-late",1.20826887916238,-0.899218637676769,0.494124396760582,0.266808958967856
"TTTAAGGTCAAACACC-2","female","EN-fetal-late",-1.74102279712051,2.32176856306023,-0.987801798562886,-2.30907480208046
"TTTAAGGTCCACCTTA-2","female","IN-fetal",-4.070800067676,7.12174789216942,4.69963645102513,-2.65405933348305
"TTTACGAAGCATTATG-2","female","EN-fetal-late",-0.238501550448829,-4.59350593778663,-5.84206343529689,-1.89111558882363
"TTTACGAAGGAAACTG-2","female","EN-fetal-late",-4.70082807709067,1.67575887945122,-2.88809467194545,-1.90610210386879
"TTTACGAAGGCACAGG-2","female","EN-fetal-late",3.74133634399087,0.539149354962773,1.67180406214726,1.08347089799278
"TTTACGAAGGTCCACA-2","female","EN-fetal-late",-0.166548611415321,-4.39255245420509,1.54722129466069,0.0262542984091551
"TTTACGAAGTATTGCA-2","female","IN-fetal",2.16328000854165,-7.78102882597023,0.230320117492794,-6.61283962217934
"TTTACGCGTTGCTGGG-2","female","IN-fetal",-5.0585508363375,6.46708528306908,2.89587878348362,-3.14075867621071
"TTTAGCAAGATGGACA-2","female","EN-fetal-late",0.472793219791955,-0.129329819412761,-0.0627034687803997,-0.544064743200609
"TTTAGCAAGCATTATG-2","female","EN-fetal-late",6.27329206298501,0.236951093940205,4.96334599616063,2.05559821637504
"TTTAGCAAGGTCAAAG-2","female","EN-fetal-late",-3.83138466049522,2.18293134477562,-2.42687846062648,-1.93496553389198
"TTTAGCAAGTATTGTG-2","female","EN-fetal-late",-2.15831548143714,0.725073855189748,-2.00057507393825,-1.38452009646065
"TTTAGCTTCAATTACG-2","female","EN-fetal-late",3.73677873443276,2.00361208227105,1.55677878024113,0.226055117567709
"TTTAGCTTCAGCTAAC-2","female","IN-fetal",3.98672437499673,-5.18592222425514,0.00182952644359929,-4.74388734785683
"TTTAGCTTCCCTGTTA-2","female","EN-fetal-late",-5.99615907837241,-2.98473199102455,-1.12944472668636,8.2600527575814
"TTTAGCTTCCGGAACC-2","female","IN-fetal",9.9048018438688,-7.53169258329444,3.42176651122105,-7.4015397259391
"TTTAGCTTCCTGATTT-2","female","EN-fetal-late",7.01954412292153,1.09569258597321,4.87231539847386,1.69336672337883
"TTTAGGATCTGGTCCT-2","female","EN-fetal-late",-7.33522463013023,2.33061115053124,-5.55511093972194,-1.97269956556923
"TTTATGGAGGAACACA-2","female","EN-fetal-late",-0.505388440383369,-4.40986307355934,-0.743988403062703,0.411925332864454
"TTTCACCCAAATTCGT-2","female","EN-fetal-late",7.08957910369546,-0.800063569279247,5.04261922003758,2.46473892243736
"TTTCACCCAACTAGGG-2","female","EN-fetal-late",-1.70651261676639,2.54842798021264,-1.24759221909511,-2.60186020819313
"TTTCAGTTCATGGCCA-2","female","EN-fetal-late",6.08510446380288,-0.588431317539745,3.63861607672703,2.1973987391793
"TTTCAGTTCGTTTCCA-2","female","EN-fetal-late",7.7250332815519,0.265685062674947,5.13009213568699,2.37731392892235
"TTTCAGTTCGTTTCGC-2","female","EN-fetal-late",2.23121428321511,0.47181580570168,0.733271322269557,0.553947078307799
"TTTCATCAGAACAAGT-2","female","EN-fetal-late",5.64821529220254,-1.98270781728797,2.65952324034703,2.56951792748802
"TTTCATCAGTCATTTC-2","female","EN-fetal-late",3.40172338317544,13.1469973733706,-4.17304373620021,6.2325344851815
"TTTCATCAGTTTGAGC-2","female","EN-fetal-late",1.327632902371,-0.532579381199413,5.21700762869847,-3.28900424925453
"TTTCCACCAATACTGT-2","female","IN-fetal",-3.74168086220115,-1.02772958967262,-1.06637192605007,5.16854436906212
"TTTCCGGGTGGTTCTT-2","female","EN-fetal-late",1.05376505683572,0.572748940257497,0.769584766645549,-0.466757697740862
"TTTCCGGGTGTAATAC-2","female","EN-fetal-late",-5.85415983368247,-3.47746999952369,-1.2086930358218,8.43665416749351
"TTTCCTGAGTTGCCTC-2","female","EN-fetal-late",2.97852706741006,-0.350740749569469,2.20749055506718,2.82733448060386
"TTTCGTCCACGGTACT-2","female","EN-fetal-late",-6.85521221329063,3.19343511369652,-3.93724919198024,-2.77473346678383
"TTTCGTCCAGGATTAA-2","female","EN-fetal-late",-3.69161462951987,5.76488248613305,4.49001263739598,-4.01143876997597
"TTTCTCACAATCCCTT-2","female","EN-fetal-late",3.20458841155679,1.52584044244713,1.17728935839665,0.199848937114409
"TTTCTCACACATTAAC-2","female","EN-fetal-late",-3.96385812927573,2.73382727411217,-2.08391166565883,-2.99559537855751
"TTTCTCACAGTTTCTC-2","female","EN-fetal-late",-2.97544062305778,5.58859102037377,0.0312125003529773,-2.1388935276664
"TTTCTCACATCCCGCT-2","female","EN-fetal-late",-2.03038871456473,1.82482723501152,-1.67478466866481,-2.36733905760414
"TTTCTCACATGCTTAG-2","female","IN-fetal",3.71179485152871,-5.8988428899961,0.0410763240052448,-4.77764932600624
"TTTGACCGTGAATCGC-2","female","EN-fetal-late",-0.180376531375342,-0.20713539812141,-1.05956591008175,-0.910362524668047
"TTTGACCGTTTATCTG-2","female","EN-fetal-late",-6.57010126282066,2.13857118394799,-4.7186479651736,-2.15564290968544
"TTTGACTTCAGGGCCT-2","female","IN-fetal",-0.431787730945045,-9.35210808012062,2.97051262022984,-7.31038991896279
"TTTGACTTCCTAAGAC-2","female","EN-fetal-late",2.52390241454751,-5.36282594892555,-4.0554251754092,-2.91969363180763
"TTTGACTTCGGGCCAT-2","female","EN-fetal-late",7.65151452850015,-0.698763091297679,2.7706086552335,1.18728371175163
"TTTGAGTCACACAATT-2","female","EN-fetal-late",7.33823633025796,-0.26494355890327,-0.599490770082356,0.0652988276087553
"TTTGAGTCACCTGCTC-2","female","EN-fetal-late",-8.04435062576621,2.35157267358727,-5.47813320992458,-1.82531861750252
"TTTGAGTCAGTAATAG-2","female","IN-fetal",3.90106296371133,-5.37995680067115,4.01666735770237,-7.25082866636879
"TTTGCATTCAGCCAAT-2","female","EN-fetal-late",2.46535610984475,1.41842673328347,1.17463283898365,-0.239562166611025
"TTTGCATTCCCGTTAC-2","female","IN-fetal",-0.450761319888526,-8.70407398435646,3.61269711615574,-7.33125440565712
"TTTGCATTCCTGGTGA-2","female","EN-fetal-late",3.32871293853433,0.966198231844372,0.690076521654247,-0.193397892395326
"TTTGCATTCCTTAAGA-2","female","IN-fetal",-5.11364126373618,8.07630531099267,4.10559939505589,-4.56659690825112
"TTTGCGACAAGGTGGC-2","female","EN-fetal-late",-0.512530268920356,-4.04568250867897,0.386400285233377,0.406286793073347
"TTTGCGACACAACAAA-2","female","EN-fetal-late",5.16239881347329,-1.66433628294044,2.66654514433873,2.4254010489785
"TTTGCGACACATGCTA-2","female","EN-fetal-late",4.89039945434243,-2.69297798368507,2.02549754740727,2.68259985955589
"TTTGCGGAGTTTGGTA-2","female","EN-fetal-late",3.55957174132974,1.05708093550629,1.27971564890873,-0.596536321321794
"TTTGGCTGTACGGGTT-2","female","IN-fetal",1.1657607538572,-8.76258094999366,1.45847820403111,-7.28521387068398
"TTTGGCTGTTCAAGAT-2","female","EN-fetal-late",10.2838273031583,-7.12297733518653,1.78250943781865,6.84554203065269
"TTTGGTAAGGTAAGCA-2","female","EN-fetal-late",2.09345340560586,-1.13139076921516,0.885645589847682,0.989911036809614
"TTTGGTAAGTTATCCT-2","female","EN-fetal-late",-2.88434636761039,2.6973210981173,-1.0955658042239,-2.64332596747048
"TTTGGTGCACCTCGCT-2","female","EN-fetal-late",-6.20526266266196,-3.57250316831642,-0.398366280774952,7.98815162690513
"TTTGGTGCAGGCTGTT-2","female","EN-fetal-late",7.88955068420083,-0.541918117733531,4.28637885214817,1.71459801705711
"TTTGGTGCAGGTTCAC-2","female","EN-fetal-late",-3.9010698812136,-2.99278529378944,-1.66466713784206,4.91122825654381
"TTTGTCCCACCAGGTT-2","female","IN-fetal",3.09422063659341,-6.12754305097633,0.222783333678363,-5.86184112517006
"TTTGTCCCACTTCATC-2","female","IN-fetal",-5.08208823372214,8.78627816942162,4.28729056479466,-5.06343261686928
"TTTGTCCCAGCAATAA-2","female","RG",-1.21939528156608,-6.31472023222023,-5.77950955269802,3.72160323174827
"TTTGTCCCATGAATAG-2","female","EN-fetal-late",-2.11296063829749,2.64059082773156,-0.576081224660756,-2.66038195578224
"TTTGTCTAGCACAGGG-2","female","IN-fetal",-5.88054371048301,8.19643298891015,3.89647292258274,-4.56401960341103
"TTTGTCTAGCCGCTTT-2","female","IN-fetal",-0.843530477775031,-9.16032703611427,4.11187194945347,-7.05832426039345
"TTTGTCTAGGGTTATC-2","female","EN-fetal-late",-3.7850346582064,2.47604135778374,-2.75334192154873,-2.85689250914223
"TTTGTCTAGTTTGGGT-2","female","EN-fetal-late",-3.99812460113853,2.96347991731591,-3.57006026146877,-3.00831095663674
"TTTGTGAAGATAGACG-2","female","EN-fetal-late",1.17756461928994,1.3311429133696,0.414048673641501,-1.64787582842476
"TTTGTGAAGCTGTAAC-2","female","IN-fetal",-3.23552060295432,8.28102962282128,5.31768273474705,-2.97881309477455
"TTTGTGAAGGACCTCA-2","female","IN-fetal",3.38386726211221,-7.319258768292,0.000600776691554616,-6.25454036680824
"TTTGTGAAGTCCTTCA-2","female","IN-fetal",-5.23688435722678,8.70391361024804,4.29687451483738,-4.8361705967582
"TTTGTGGCAAGGGTTG-2","female","EN-fetal-late",8.88155317138345,-7.30062587949806,-0.992405065278889,-2.04630987135536
"TTTGTGGCAATTGAGA-2","female","EN-fetal-late",-6.10952234436362,-3.52704342100196,-0.736481078843953,8.48549278291099
"TTTGTGTTCACAGCGC-2","female","EN-fetal-late",1.37197828124673,-1.06467517110878,0.556363678593753,0.304527165611914
"TTTGTGTTCACATTGA-2","female","EN-fetal-late",0.903994081722802,-4.1203652212339,4.52907799841893,2.49191840203636
"TTTGTGTTCATGTCAA-2","female","IN-fetal",-6.80536413360923,8.1586989572329,4.04876445891392,-7.02976505247719
"TTTGTGTTCCTCACTA-2","female","EN-fetal-late",7.46147680114419,-0.797223050327831,3.67074798705113,1.94197936566704
"TTTGTGTTCCTGATGG-2","female","EN-fetal-late",0.521319149242944,-4.73158510419899,-2.18162012932766,0.468123214563063
"TTTGTGTTCCTGGCTT-2","female","IN-fetal",-4.97895765472739,5.89351598527855,3.06094717146885,-3.06157080618508
"TTTGTGTTCCTTAGGG-2","female","EN-fetal-late",-0.448084952128821,-4.02843244764381,1.99189960124028,-7.07769243208534
"TTTGTGTTCGAGGAAC-2","female","EN-fetal-late",-8.37328434158652,1.37996707466073,-5.82185746071804,-2.36462680784828
"TTTGTTGGTGACATAT-2","female","EN-fetal-late",-1.42221030761092,0.334063570765919,-1.7427826010989,-1.08966855494148
