"barcode","sex","celltype","rna_x","rna_y","atac_x","atac_y"
"AAACAGCCATTGCGTA-1","female","Astrocytes",-11.0343504904021,1.17507605232371,-7.48969209001944,-4.70763113656323
"AAACCAACACAATGTT-1","female","Oligodendrocytes",-0.370228385757329,9.14958392061366,0.444193722739961,-1.04402151265423
"AAACCGAAGAACCTGT-1","female","Astrocytes",-10.9221888540496,0.926916196719541,-7.65466630266592,-4.66160442986767
"AAACCGAAGGAGGCAT-1","female","Oligodendrocytes",-0.635549402068974,-0.400726929529772,0.380039336219576,-0.937191511776848
"AAACCGCGTGAGCGAA-1","female","Oligodendrocytes",-0.440543627570989,4.03279481805934,2.27638113690927,-1.10108282723705
"AAACCGCGTGTGAGAG-1","female","Astrocytes",-10.5185853002776,0.789551809207334,-7.57390248583243,-4.58180763879101
"AAACCGGCAACTGGCT-1","female","Pericytes",2.17831518666851,0.323489829675092,0.703502925172594,0.262135390851097
"AAAGCAAGTACCGTTT-1","female","Oligodendrocytes",-0.51164523346317,4.91069422639979,0.693099008932855,-1.78676273980419
"AAAGCACCACCTACGG-1","female","Oligodendrocytes",-0.633460378478887,0.428759395853414,0.914487743809965,-0.420096303608819
"AAAGCCCGTGCCGCAA-1","female","Astrocytes",-7.84370813352955,2.00542806066646,-6.11657130525992,-4.94231083550732
"AAAGCCCGTGTTTCAC-1","female","Oligodendrocytes",-0.956609940360906,2.278815969602,0.528170796170976,-2.12754109063427
"AAAGCGGGTGCATTAG-1","female","Oligodendrocytes",-0.590974187682988,2.88454876817836,0.160275938049104,-3.02158072152416
"AAAGCGGGTTAACAGT-1","female","Oligodendrocytes",-1.13100895864856,2.67943344988002,1.09390710486486,-1.39120700516979
"AAAGGCTCATGAATAG-1","female","Oligodendrocytes",-0.215015148948552,8.70644865907802,1.16135984851434,-0.756079937603875
"AAAGGTTAGTGAGCGG-1","female","Oligodendrocytes",-0.741747593711736,0.541993986592426,0.539255054727342,-1.18666794457714
"AAATGCCTCCTCGATC-1","female","OPC",10.5645216943513,3.90700946725978,11.3406626005323,-0.0915543095139699
"AACAAGCCATCATGGC-1","female","Oligodendrocytes",-0.869590616058232,3.74603925623073,2.40935218526438,-0.390238906529351
"AACAGATAGTGAGCGG-1","female","Oligodendrocytes",-0.740752434562566,2.32030533231868,2.4104653616102,-0.279387678292199
"AACAGCAAGGCGAAAC-1","female","Oligodendrocytes",-0.521751141380193,8.65581236757411,2.97362292005136,-0.707551981594964
"AACAGCAAGTTCCCGT-1","female","Astrocytes",-10.4032584188689,0.494108609632387,-6.93321692751333,-4.6780333773164
"AACAGGATCAGCACCA-1","female","Oligodendrocytes",-0.68238852007282,8.35297165788783,0.440669955745485,0.247961525532798
"AACAGGATCTCCATGC-1","female","Oligodendrocytes",-0.702931618522527,0.767030447498693,1.97774183942392,-1.33343842187206
"AACATAGCATAAGGAC-1","female","Astrocytes",-11.0570174215544,1.7157410231985,2.19204318715647,-1.7946732298402
"AACATCATCCAAGTGT-1","female","OPC",10.9129961969148,3.889456137792,9.9875818510206,-0.547770525601311
"AACATTGTCCAGGTCA-1","female","Oligodendrocytes",-0.137670671771886,5.65267954744472,-2.38583504961416,0.0588429316016001
"AACCGCTCATAATGAG-1","female","Oligodendrocytes",-0.693407630752446,5.19759665407313,2.46674847795084,-0.231056358006402
"AACCGCTCATTGCAGC-1","female","Astrocytes",-8.7275992391814,0.779962658659353,-7.76634347246573,-5.04451325097363
"AACCGCTCATTGTCAG-1","female","Oligodendrocytes",0.0343432368527632,9.39158163942469,3.07584369374826,-0.771754767086907
"AACCTAATCCGCCTAT-1","female","Oligodendrocytes",-0.742436265777471,5.33274660982265,2.81096983148172,-0.579128290799065
"AACCTCACAATCTCTC-1","female","Oligodendrocytes",-0.339041149448277,7.18166457094325,0.331836761966493,0.0786105736227793
"AACCTCACAGCTAATT-1","female","Oligodendrocytes",-0.905922031234624,3.79294405855311,2.71620142652109,-0.357286359455987
"AACCTTGCATGAATCT-1","female","Astrocytes",-8.42315969450367,2.0477163640417,-6.1873916368334,-5.32505562463085
"AACTAGCTCTTTGAGA-1","female","Oligodendrocytes",-1.13278458101642,3.25809346117152,0.792321408227232,-0.406680490162774
"AACTAGTGTGACCTGG-1","female","Oligodendrocytes",-0.756391739677312,6.35922203935756,1.51179272128656,-1.06937148728649
"AACTGTTCACAGGATG-1","female","Oligodendrocytes",-0.852157330345036,0.379244431630506,0.666916118994501,-2.04675247826855
"AAGAATCAGCAAGGTA-1","female","Astrocytes",-8.65587148649585,1.56060521282329,-5.82985675142691,-5.72972633996288
"AAGACATAGGATCCGC-1","female","Oligodendrocytes",-0.777019238304021,10.6183949557699,-0.0412733535616134,-2.52302529969494
"AAGCAAGTCATGTGGT-1","female","Astrocytes",-10.7945700643767,2.20793865598811,-6.14479625032828,-5.05476763406078
"AAGCCACGTCGCATAA-1","female","Oligodendrocytes",-0.752476072143437,1.70198617853297,0.279135646358278,-1.22838320889751
"AAGCCACGTTGCAATG-1","female","Oligodendrocytes",-0.792869424651982,4.64128743089808,0.420667173400667,-2.88328268685619
"AAGCCTCCAAAGCTCC-1","female","Oligodendrocytes",-0.454301929305913,9.06484518922938,0.037319900527742,-2.08338477769177
"AAGCGAATCCACCTGT-1","female","Oligodendrocytes",-0.799161648582341,3.65789638437404,0.154059173599031,-1.83372190156261
"AAGCGAGGTATGGTGC-1","female","Astrocytes",-11.1616631506194,3.41118441499843,-6.51109826372549,-4.68515541711132
"AAGCGAGGTTTCAGGA-1","female","Oligodendrocytes",-0.615735566448094,7.35981617845668,0.157856049075868,-3.0212893740205
"AAGCGCTGTTGCCTCA-1","female","Astrocytes",-10.2219534872283,1.53818939603938,-6.21071803377554,-4.335780169156
"AAGCGTTTCCGTTAAA-1","female","OPC",13.1796511651765,3.27178321756495,9.70254481031015,-0.608388091710015
"AAGCTAGAGGCCTTAG-1","female","Oligodendrocytes",-0.611840820144536,3.83484111704005,2.74913943006113,-0.977315689709588
"AAGCTAGAGGCTAATC-1","female","Oligodendrocytes",-0.31736758930576,-1.14491523824559,2.28576636506632,3.71995971045216
"AAGCTAGAGGTAAGGC-1","female","Oligodendrocytes",-0.682004666160466,0.0822146979726691,3.01791727735117,-1.22894587674419
"AAGCTCCCACATAACT-1","female","Oligodendrocytes",-0.501905774902226,7.68734799303187,0.738128976956155,-2.90431788125317
"AAGCTTGGTGCGCGTA-1","female","Astrocytes",-7.42506704313648,1.71397648729457,-8.05754601763174,-4.65747120538036
"AAGCTTGGTTACTTGC-1","female","Oligodendrocytes",0.104320043493388,6.1979175654806,0.560246409908083,-0.942442323353692
"AAGGATCCAGGCTGTT-1","female","Oligodendrocytes",-0.656629180740239,9.01781950868739,2.37816953851297,4.47597048124988
"AAGGATGTCTAATTGG-1","female","Oligodendrocytes",-0.542433774303319,10.413576230184,0.29075968457773,-1.66130569138805
"AAGGATGTCTTAGCCC-1","female","Oligodendrocytes",-0.756548619102361,1.91768883146419,1.0920191277416,-1.68283608117382
"AAGGATTAGGTTAGAG-1","female","Oligodendrocytes",-0.863898849319341,6.89325819887294,-0.332571862205717,-2.70766809144299
"AAGTGCAAGTTGCCTC-1","female","Oligodendrocytes",-0.878351545165898,2.13259600080623,2.60148358537271,-0.385184313443108
"AAGTTACGTTTCCACG-1","female","Oligodendrocytes",-0.899167156051518,0.821104332581892,0.415671141877916,0.232023809763984
"AAGTTAGCATTGGGAG-1","female","Oligodendrocytes",-0.852847075294377,9.29149447359218,-0.0311053972093795,-3.36443617501537
"AATAACCGTTGCACGG-1","female","OPC",10.9036015512239,3.0306013671316,9.75614988996103,-0.748644138958855
"AATACCGGTTTATGGG-1","female","Oligodendrocytes",-0.523684954475286,5.2175880519308,2.61724591447428,-1.55982568421642
"AATAGCTGTGATGATT-1","female","Oligodendrocytes",-0.817695236038091,-0.200461164339648,0.355235459342744,-2.38608696618359
"AATCATCCATTGCGAC-1","female","Astrocytes",-10.9735146520842,1.90653274931086,-7.50425183580801,-4.88864519753735
"AATCATGTCCATTACT-1","female","Oligodendrocytes",0.0963216068040114,9.5792389956869,0.019691111579683,-2.90783860841076
"AATCATGTCTAAGTGC-1","female","OPC",13.8298529626619,3.42306195177211,9.72418749524667,-0.647321607258721
"AATCCATCAGGCAAGC-1","female","Oligodendrocytes",-0.814047312568547,5.53258810915126,0.887392913982418,-2.61074426331799
"AATCCATCATGGCCTG-1","female","Oligodendrocytes",-0.781976795028569,-0.0395767243944268,0.361527564063814,-2.5865502611665
"AATCCTAAGACAAGTG-1","female","Oligodendrocytes",-1.10997233374012,7.19182024873866,0.397247614398744,-3.43774273553173
"AATCGCCCACAAACTT-1","female","OPC",12.6073731424104,3.78958283342494,10.8899036665113,-0.811195756581231
"AATCTCAAGTCATTTC-1","female","Oligodendrocytes",-0.352504765819432,4.7971631137289,0.256544591918733,-1.29257419266979
"AATCTCAAGTTAGGCT-1","female","Astrocytes",-11.3194895742644,2.52878724016322,-8.32839619921133,-4.62820675530712
"AATGCAACACAGGGAC-1","female","EN",14.2548731805574,-5.58748520933019,-0.0610616783945297,3.19509289107044
"AATGCATGTAGTAAGA-1","female","Oligodendrocytes",-0.301196849178197,8.66996680177821,2.52834570600107,-0.593605782177849
"AATGTCATCTAGCTAA-1","female","OPC",13.6888569833528,3.4357334224142,11.1618419904859,-0.907462622311516
"AATGTCCAGCAATAGG-1","female","Oligodendrocytes",-0.90642986280811,3.76000367082728,2.70197606278971,-1.10788943925182
"AATTACCCAAAGCGCA-1","female","OPC",13.4455832483064,3.45043812669887,10.0619541425855,-0.915466214802666
"AATTACCCAGGATGGC-1","female","Astrocytes",-11.3095408437957,2.58899007715358,-8.05082547472403,-4.45208552041332
"AATTAGGCACAGGGAC-1","female","Astrocytes",-11.2258416174163,3.28204332269801,-7.77994000719473,-4.79277184167187
"AATTAGGCAGAAACGT-1","female","Oligodendrocytes",-1.07956061346424,8.49693404115809,0.0132501740606095,-2.42525746979992
"AATTAGGCAGCTTACA-1","female","Oligodendrocytes",-0.68181786520374,8.76321993745936,-1.44934260652945,-0.555564548161431
"AATTCGTCAGGACCTT-1","female","Oligodendrocytes",-0.879228567909123,6.66596136964931,0.634621011153009,-1.87053897538464
"AATTGACGTGTTAAAC-1","female","OPC",12.3794745446931,3.83505211748256,9.68579161359384,-0.648631359723015
"AATTGCCAGCTATTAG-1","female","Oligodendrocytes",-0.993661856483342,1.48499803222789,0.452664556041505,-0.080766464856072
"AATTGCTCACAGAACG-1","female","Oligodendrocytes",-0.801720714401128,9.83090601839198,0.470489205852296,-2.87563231148998
"AATTGGACAGAATGAC-1","female","Oligodendrocytes",-0.71017000658405,0.562928108275666,1.99836182786539,-0.633521820691033
"AATTGGACAGGAACTG-1","female","Oligodendrocytes",-0.524566864799382,5.74154721178187,0.654232012167719,-1.83755424180309
"AATTGTGTCATTGCAA-1","female","Astrocytes",-8.26270780546558,2.04237399973048,-6.54035365389273,-4.71657135644238
"AATTTCCTCGCTATAA-1","female","Oligodendrocytes",0.0878288389931899,7.70922766603602,0.567471804157045,-2.78558137574474
"AATTTGGTCCTGGTGA-1","female","Oligodendrocytes",-0.563763356040837,10.0929432956137,0.424826504722383,0.426777665230827
"ACAAAGGTCTGTTCAT-1","female","Oligodendrocytes",-0.750493502448918,6.81100140489711,0.186016382709291,-2.96680429139416
"ACAACAACAACACTTG-1","female","Oligodendrocytes",-0.839450692962529,3.98011599458827,0.0482843537481095,-3.0325095907716
"ACAACAACACCCACCT-1","female","OPC",13.270014667679,3.43570457376613,10.9821373243482,-0.829504157689019
"ACAACACTCGCGCTAA-1","female","Oligodendrocytes",-1.0438959358443,4.47569929041041,2.15404665662363,-0.770515944149895
"ACAACACTCTTTGAGA-1","female","Oligodendrocytes",-1.09597752077472,0.558607622758283,-0.187884686454985,-2.188802982953
"ACAACAGAGCTGTCAG-1","female","Astrocytes",-10.339119052719,1.99999116338862,-5.49297034548208,-5.25241091409008
"ACAACAGAGGTGTCCA-1","female","Oligodendrocytes",-0.181319928001286,7.91369067110194,2.02280533505991,-0.65612163701336
"ACACAATGTTTAACCC-1","female","Oligodendrocytes",-0.841614341567876,4.78450356401576,1.04769918514803,-1.31155338444988
"ACACTAATCCGCACAA-1","female","OPC",12.7950772287141,3.37115584291591,10.0567785520704,-0.967280174878045
"ACACTAGGTAGTAAGA-1","female","Oligodendrocytes",-1.0043451545943,0.240441366807355,2.17272794438913,-0.250323321011467
"ACACTTAAGCTGTAAC-1","female","Oligodendrocytes",-0.845083570312383,0.113571062461271,2.86167681409433,-0.665726806309624
"ACACTTAAGTTGTCTT-1","female","Astrocytes",-11.1557112692107,2.99945674814357,-7.68527352617666,-4.55190899529736
"ACACTTGCAAGTGTTT-1","female","Oligodendrocytes",-0.763210987876775,0.825146779195203,3.01699078275278,-0.858575846341057
"ACAGCCGGTCATCATC-1","female","Oligodendrocytes",0.0461177469979506,8.96025286592616,0.115117671027925,-2.51643874802868
"ACAGGCTGTATTTGGG-1","female","Oligodendrocytes",-0.404164707492711,8.69639693178309,-0.168125865921233,-0.822533752110405
"ACAGGCTGTGTGCACG-1","female","Pericytes",2.12800517099011,0.37584198989047,0.562034132018831,0.624042194995479
"ACAGGCTGTGTTTCAC-1","female","Oligodendrocytes",-1.08372495157612,2.65109525598659,2.7577656526716,-1.02901687779705
"ACATAGCTCAATGTCA-1","female","Astrocytes",-10.645440196823,1.80213640607966,-5.39122378633902,-5.16233732857983
"ACATAGCTCAGCACCA-1","female","OPC",13.4067248346101,3.46855388559474,0.755203375652578,0.457457859727935
"ACATCAATCAAGCTAC-1","female","Oligodendrocytes",2.34640433805096,0.46091514058484,2.74743938638284,-0.769521261837883
"ACCAATATCATTGCAA-1","female","Oligodendrocytes",-0.645898556541326,0.54977196805252,-0.113685546383116,-2.44308641114513
"ACCACACCATGTCGCG-1","female","Oligodendrocytes",-0.529962336849095,2.02936778940333,0.54002002073839,-2.14430072465221
"ACCAGCTCACCCACCT-1","female","Pericytes",2.15087761895764,0.324620172158613,0.986466916337755,-0.238850797799035
"ACCAGGACAAGATTCT-1","female","Astrocytes",-9.81561956388843,0.609968695566787,-5.04266154573843,-5.71148255029003
"ACCAGGACAGGCCTTG-1","female","Astrocytes",-7.53259525282276,0.895956679955854,-8.49145924852774,-4.45695164361279
"ACCAGGCTCACAGACT-1","female","Oligodendrocytes",-0.967922782729985,7.5656801310934,0.548206361070421,-2.37610628762524
"ACCAGGCTCGGTTACG-1","female","Oligodendrocytes",-1.0346984623183,0.835447594300642,1.62032842828348,-1.0275811211137
"ACCAGGCTCTTGATGA-1","female","Astrocytes",-11.3397656439055,2.28681062139644,-8.31509053514883,-4.41604044595043
"ACCATAATCCGGGACT-1","female","Oligodendrocytes",-0.617618179153325,7.13205824770106,2.07458043290689,-0.308268393662377
"ACCATTAAGGACCAGG-1","female","Astrocytes",-10.887253856491,2.29053090490474,-7.38716733263418,-4.68403151192944
"ACCCAACCAGGAACTG-1","female","Oligodendrocytes",-0.505005216430547,0.983218744174375,0.263326468005922,-1.05084314503948
"ACCCAACCATGAGCAG-1","female","Oligodendrocytes",-0.730656122993352,-0.510517850741015,3.06359827710703,-0.630955244687005
"ACCCGTAAGGTGAAGC-1","female","Oligodendrocytes",-1.01797435266864,0.461583763138189,0.90392972348645,-1.31767347016613
"ACCGAAGCAAGTAAGC-1","female","Oligodendrocytes",-0.644646501373174,-0.51245905481206,1.53895807458475,-1.50357678094189
"ACCGAAGCAGTTTGGC-1","female","Oligodendrocytes",-0.561919247936131,5.52669440187587,0.652871998086717,-2.28102662720959
"ACCGCAATCATGGTTA-1","female","Astrocytes",-8.73283872587574,0.22675569333209,-7.99566018389151,-4.54039337792675
"ACCGGTTCACCTCGCT-1","female","Oligodendrocytes",-0.967035388778569,0.119565501586332,0.419375123515871,0.301644866082267
"ACCTAAATCCCTGATC-1","female","Astrocytes",-10.9187003134002,1.4605027882017,-8.0897525529711,-4.66036894479076
"ACCTCACTCCGGAACC-1","female","OPC",13.815853023697,3.47504411615504,10.0955663938673,-0.815352226879998
"ACCTGGTCATGACTAT-1","female","Oligodendrocytes",-0.221604978870274,8.76574622072352,1.09407855762556,-1.66746547379772
"ACCTTCATCACAGCCA-1","female","OPC",10.8179987909089,2.84502516664638,9.47495234204843,-0.577568198826714
"ACCTTCCAGCACAGCC-1","female","Astrocytes",-11.1648760793914,3.63570438303126,-6.48697745607779,-4.68576815285961
"ACCTTCCAGGCTGTCA-1","female","Oligodendrocytes",-1.01548168642414,3.78533492960109,0.188845815196779,-2.0418725267915
"ACGAACAAGGGTGAGT-1","female","Oligodendrocytes",-0.793074107002141,1.40657399572505,0.482287975087907,-0.0583715096978383
"ACGAATCTCGGGCCAT-1","female","OPC",10.7584170343171,3.9520257560171,11.8872047681959,0.0139799459906382
"ACGAGTAAGCGCCTTT-1","female","Oligodendrocytes",-0.640971875022771,5.22071753420009,0.409352572694566,-1.39476349511425
"ACGATTCAGTGCACGC-1","female","Astrocytes",-10.5942011831511,2.12031649030818,-5.99955117510245,-5.15271856942455
"ACGATTCAGTGTTGCG-1","female","OPC",13.6480187417756,3.50077711023463,10.1877704878004,-0.74526741662304
"ACGCACGGTCAAGTAT-1","female","Oligodendrocytes",-1.0584736822356,-0.108378961905108,3.18315136624887,-0.90269031682293
"ACGCACGGTCACCAAA-1","female","EN",2.92490258233654,-12.194469347819,1.26959291292742,2.75286385855396
"ACGCACGGTTAGGTGC-1","female","Oligodendrocytes",-1.21986410601032,2.71645437158717,2.33803117467478,-0.528680946019097
"ACGCCACAGCGCATTG-1","female","Oligodendrocytes",-0.605111455749394,0.449678092972173,2.47503459645822,-1.61153390565197
"ACGCCACAGGCATTAC-1","female","Oligodendrocytes",-0.984964346717717,7.47596083559169,0.518414231076982,-3.12287953057568
"ACGCTTGAGGACCTTG-1","female","Astrocytes",-9.25244531614673,0.733732700125112,-5.06860959337637,-5.28161099114697
"ACGCTTGAGTTGTCCC-1","female","Oligodendrocytes",-0.931895232032659,9.87124739565028,0.542755575910356,-3.27560689606945
"ACGGGAAGTGTTAAAC-1","female","Astrocytes",-10.9963179586638,1.90120337881221,-6.65672290132925,-5.16534331002514
"ACGGTTAGTAACGTGC-1","female","Oligodendrocytes",-0.487645602058293,8.95768557466639,0.147972883716371,-2.14638140359203
"ACGTCAAGTTCCGCAC-1","female","Oligodendrocytes",-0.674144959281804,5.64491568483485,-0.0948768238870834,-2.46874764123241
"ACGTCCAAGATGGAGC-1","female","Astrocytes",-11.0791893957366,1.65089009679927,-5.78261887834952,-5.29604389825146
"ACGTCCTTCCCGAACA-1","female","Oligodendrocytes",-1.24942395670307,1.6052514163412,1.03480889095381,-1.87996080079357
"ACGTCCTTCCTAGTTT-1","female","Oligodendrocytes",-0.169265663455846,7.85614882387294,2.93701899243906,-1.0676373497514
"ACGTCCTTCGATTATG-1","female","Oligodendrocytes",-0.459382510017278,5.10283671297206,1.33443224622324,-1.13347115674297
"ACTAATCCAAATGCCC-1","female","OPC",12.9456156732331,3.34052334703578,9.94352781964853,-0.75260486760418
"ACTATCCGTTCATCTA-1","female","Oligodendrocytes",-0.679125165771367,6.3948398677267,0.876387238562253,-1.58032610574047
"ACTATGTCATCCGTAA-1","female","Oligodendrocytes",-0.592192804645421,8.19422398485316,0.803521411553171,-1.87261035599987
"ACTATGTCATTGGGAG-1","female","Astrocytes",-9.98978147489917,0.484529763237371,-7.21215092943594,-4.69319012322704
"ACTCACTGTACCGAAC-1","female","Astrocytes",-10.605717754196,1.28063593782557,-5.92741906450674,-4.92677357354443
"ACTCCTCAGGCTACTG-1","female","Astrocytes",-11.2054940222014,2.58272062219752,-7.03115784929678,-4.57340386071484
"ACTCCTCAGTCCTTCA-1","female","Astrocytes",-11.2273808477629,1.63516078867091,-8.38873612688467,-4.36872675576489
"ACTCCTCAGTTATCTC-1","female","Astrocytes",-10.6567116735686,1.45340852417125,-7.75065839098379,-4.52799370446484
"ACTGAAACAAAGCTAA-1","female","Astrocytes",-10.636277293991,0.781041636840238,-8.31408250139639,-4.50059511819164
"ACTGAATGTCCTCCAA-1","female","Astrocytes",-11.0266905782927,3.61011849321498,-7.39807164476797,-4.48608162560742
"ACTTACTTCCGTGACA-1","female","Oligodendrocytes",-0.599234855007054,7.5466519442953,0.336728813186433,-2.94264676728527
"ACTTACTTCGATAACC-1","female","Astrocytes",-10.9484072683562,3.11979518808497,-6.54779708193228,-4.97982075372021
"ACTTAGGGTCCAAGAC-1","female","Astrocytes",-10.9991589544524,1.42137841858043,-6.90199172304556,-4.74723532357494
"ACTTATCTCATTAGCA-1","female","Oligodendrocytes",-1.05490479452503,0.925055637732877,2.92662370397165,-0.709345604565545
"ACTTATGAGCCGCTAA-1","female","Astrocytes",-10.9589978216399,1.17488174118174,0.581199111476686,-0.952405239727898
"ACTTATGAGGGACTAA-1","female","Oligodendrocytes",-0.627349829505803,7.11136208452357,0.383578004375246,-2.26495292344372
"ACTTCGCTCATTACAG-1","female","Oligodendrocytes",0.0215465368520003,6.14781962312831,1.97878563596323,-0.348418857243462
"ACTTGCACACTTCATC-1","female","Astrocytes",-7.41576013548267,1.17669562973155,-7.8998750429003,-4.68187143960278
"ACTTGTAAGCATGTTA-1","female","OPC",13.0217637063752,3.33119188226832,9.54630434705332,-0.69234445252697
"ACTTGTCGTCAATGTG-1","female","Astrocytes",-10.5942231176604,0.98191584624423,-7.2499726991503,-4.52435019173901
"ACTTGTCGTGAAACAA-1","female","Oligodendrocytes",-0.806477522682073,5.17905627168788,3.32252490712717,-0.857139255192681
"ACTTGTCGTTCACCAT-1","female","Oligodendrocytes",-0.256944691966893,9.20806895174159,0.122371198669222,-3.38577368417065
"ACTTTGTTCCCAGTAG-1","female","Oligodendrocytes",-0.7926205156554,6.41254864610805,0.439731242194917,-2.39696147599499
"ACTTTGTTCGTCAAGT-1","female","Oligodendrocytes",-0.988120651077153,1.80264531053676,2.9267965574415,-0.394996430066033
"ACTTTGTTCTGTAATG-1","female","Astrocytes",12.4822396280061,4.63527260698451,-5.0729011278002,-5.24457266488354
"AGAAACCCATGAATCT-1","female","Oligodendrocytes",-0.594008183311345,6.90353928484096,2.17046547128275,-1.4216070429353
"AGAACCGCACAAAGCG-1","female","Oligodendrocytes",0.148593121935008,7.94972287096156,-0.334478972419951,-1.97010495820324
"AGAAGGTGTTAGCGTA-1","female","Astrocytes",-10.9200097082366,1.66894541658534,-6.59347569750235,-5.00014355340283
"AGAAGGTGTTCAAGAT-1","female","Astrocytes",-9.84878168089283,0.288077607528104,-6.33757531450674,-5.23312952676098
"AGAATCTGTAATAGCT-1","female","Oligodendrocytes",-0.532761490177037,6.34419785417689,0.251089157596376,-1.35568430581371
"AGAATCTGTTGTCCAT-1","female","Oligodendrocytes",8.85933580415356,-7.5382450970255,1.13896066142633,-2.78719833054821
"AGACAATAGCACTTGG-1","female","Oligodendrocytes",-0.524654602836492,7.47270499147548,0.676905946865823,-3.1042709604768
"AGACAATAGGCAAGTA-1","female","Oligodendrocytes",-0.656533098052861,10.0355282870687,-1.38543855951712,-2.67612626710217
"AGACCCGGTATTGTCC-1","female","Astrocytes",-9.8780594824065,0.474431842342748,-6.79862773226187,-4.98804094949047
"AGACTATGTAACCACA-1","female","Oligodendrocytes",-0.995744561981084,4.18835984148158,0.369063081279543,0.346631173703269
"AGACTATGTCACAAAT-1","female","Oligodendrocytes",-0.522885000537755,5.9669080821432,0.325439931884554,-0.907545711186333
"AGAGAGGAGGCTAAGA-1","female","OPC",11.8301419259797,3.07627211488856,9.70415365888193,-0.77005555787365
"AGAGATTAGTCGCTAG-1","female","Astrocytes",-11.0932036398162,3.27578698076381,-6.49417292879507,-4.79554321923534
"AGAGGATGTAGACAAA-1","female","Oligodendrocytes",-0.334234452079656,7.86907635606898,0.0535329003484513,-3.1885941282777
"AGATGAAGTACCGTTT-1","female","Oligodendrocytes",-1.10557875616443,0.617055594698324,0.300138594642427,-2.76305439629833
"AGATGCTTCACCGGTA-1","female","Oligodendrocytes",-0.540945684741857,8.47605667986049,2.26774490071848,-0.538650657322808
"AGATGCTTCACGTTAA-1","female","Oligodendrocytes",-0.614282643627049,5.00998268999232,0.574741454854753,-2.73754527726452
"AGCACAGCACATTGCA-1","female","Astrocytes",-11.313222026657,2.58331631101741,-8.39242493914053,-4.4343867556123
"AGCACAGCATCACTTC-1","female","Astrocytes",-11.2835150717009,2.42518709577693,-6.49174153612539,-4.70896198907177
"AGCACAGCATGAGTTT-1","female","Oligodendrocytes",-0.689550256561162,9.63495169557704,2.76809001161173,-1.25861504235546
"AGCACTTAGGATCCGC-1","female","OPC",13.8034962655793,3.46404467500819,10.9520937223585,-0.990062858250542
"AGCACTTAGTGTGATC-1","female","Oligodendrocytes",-0.65180454237354,0.603114066422715,2.56227851106241,-0.422753001835747
"AGCATCCCAAAGGCCA-1","female","Oligodendrocytes",0.100703561473964,8.99894438661708,0.661122219696787,-3.2687886015443
"AGCATCCCACAGCCAT-1","female","EN",3.34689989106762,-13.2074507626139,1.85580134584024,7.10583922705372
"AGCATTTCAGGCTACT-1","female","Oligodendrocytes",-0.590337550472142,-0.47961427293645,0.584001513257768,0.816059742781715
"AGCATTTCATCCTGAA-1","female","Astrocytes",-8.4864989279021,2.24105344690455,-5.88402211473868,-4.97511866250317
"AGCCGGTTCGCTAAGT-1","female","Oligodendrocytes",-0.278233742545964,5.61352549471034,1.04162650002554,-0.690815474179192
"AGCCTAAGTAACGAGG-1","female","Oligodendrocytes",-0.580806588958623,4.45175395883693,0.47898411943033,0.121213410708503
"AGCCTAAGTTTCCACG-1","female","Oligodendrocytes",-0.45362464172733,5.31180487550868,0.505553932920244,0.460864175769882
"AGCCTGGGTGAGAAAC-1","female","Oligodendrocytes",-0.731740569900395,6.41249428667201,0.110339345470216,-3.13419249215405
"AGCGATTTCGACCTGA-1","female","Oligodendrocytes",-0.433543717693211,10.0456191150106,-0.190620182022307,-2.12541749635021
"AGCGCCTAGGGTGAGT-1","female","Oligodendrocytes",-0.573509847949864,10.7159577456869,2.42600405408457,-1.21016993680279
"AGCGCCTAGGGTTAGA-1","female","Astrocytes",-11.0195513723601,3.55613099016322,-6.83429419802115,-4.75537159600536
"AGCGCTCAGCATTAGC-1","female","IN-MGE",-2.53219900114429,-5.59372557721959,0.671475621000078,0.482425396058158
"AGCGCTCAGCCTGACA-1","female","OPC",8.97710027711499,2.18076930917872,11.011825205818,-0.295692052033349
"AGCGGACCAATGAATG-1","female","Oligodendrocytes",-0.742665147613408,7.66219197191371,0.199194373622682,-3.20503618874828
"AGCGGATAGTGTGATC-1","female","Oligodendrocytes",-0.720187043975713,-0.503061309679614,2.9389134664686,-0.549267317440911
"AGCGTGCTCTAATCCT-1","female","Oligodendrocytes",-0.777412390540959,7.87290869630946,2.54215669824198,-1.43064406075756
"AGCTAACTCCACAATA-1","female","Astrocytes",-8.99769124967945,0.995203509704008,-7.51621186541006,-4.83251574197094
"AGCTACTAGCACAGAA-1","female","Oligodendrocytes",-0.985626196693303,0.0209873167432685,0.696984889045503,0.438086335274772
"AGCTACTAGCATGTCG-1","female","Oligodendrocytes",-1.0856805799712,0.304726823941602,-0.0892764906732773,-3.12522819199841
"AGCTATATCTAGCTTT-1","female","Oligodendrocytes",-1.11181733591449,0.512807681933774,1.99792123033121,-1.14262643018047
"AGCTTGGTCTAAGTCA-1","female","Oligodendrocytes",-0.75521669371021,8.41648016847743,-0.301407454475615,-2.20954682984631
"AGCTTTAAGGACAATG-1","female","Oligodendrocytes",-0.652880287002446,5.99472342409266,-0.0769710521547531,-1.57372620263378
"AGGAAACGTTTGGTTC-1","female","Astrocytes",-9.93690500242603,0.263382747546567,-5.71170890139029,-5.41856911340038
"AGGAACCAGACTTATG-1","female","Oligodendrocytes",-0.94833455068958,3.17737279810084,0.64321300579622,-3.09490659394543
"AGGACTAAGATGCCTG-1","female","OPC",13.483860874344,3.52021203912867,9.8767534513624,-0.837756659176751
"AGGATATAGTCACTCC-1","female","Oligodendrocytes",-0.807285284828069,5.32403956331386,0.24133318854883,-0.963259483960076
"AGGATATAGTTATCCT-1","female","Oligodendrocytes",-0.588705456088902,4.56277166284694,0.420270951524522,-1.14334836163799
"AGGATCCGTGGTTCTT-1","female","Oligodendrocytes",-1.00641295893085,6.99446831621303,1.14969477249697,-2.16872670808117
"AGGATGCAGCCGCTAA-1","female","Oligodendrocytes",-0.998234367202641,4.20021401323451,-0.263375518783781,-2.53528573670666
"AGGCGGATCAAAGGCA-1","female","Oligodendrocytes",-0.488916015457036,1.73169659055842,1.28776169015482,-1.43667485871594
"AGGCTAAAGGTACCGC-1","female","Astrocytes",-11.1710921285857,2.07362006582393,-8.50945889757559,-4.39589169183056
"AGGGCCTTCTATTGTC-1","female","Oligodendrocytes",-0.0466643033732194,9.97876273073329,0.740403572157171,-3.11970856347363
"AGGGCTACATTAAGTC-1","female","Astrocytes",-8.39259634001148,1.94722913183345,-5.42814957903311,-5.15547516503613
"AGGTAACCACAGGATG-1","female","Oligodendrocytes",-1.08997914774311,3.868215903417,1.43287790013864,-1.41678645768444
"AGGTCAAAGCGGCTGT-1","female","Astrocytes",-1.00957069380176,-0.119926586969958,-4.71994483278677,-7.50992825188915
"AGGTCCGGTGCTTACT-1","female","OPC",13.7911461831819,3.45046792902125,0.734962666466978,0.423240636202888
"AGGTCCGGTTCCAGGG-1","female","Oligodendrocytes",-0.662947988342168,1.76609979547633,-0.389214156135771,-8.40859749474804
"AGGTGAATCAACAAGG-1","female","Oligodendrocytes",-0.369258797000768,7.09365330614223,0.378510000243929,-2.97121050515453
"AGGTGAATCAAGGACA-1","female","Astrocytes",-10.2558928488005,1.47076396621837,1.2759324331434,-2.95432546296398
"AGGTGAATCCTTAGTT-1","female","Oligodendrocytes",-0.905157065223577,7.42921648897304,0.435041787162569,-0.445916678097649
"AGGTTAACAGGCTGTT-1","female","Oligodendrocytes",-0.216031050514104,7.46880112566127,0.305163325801637,-3.37588455834667
"AGGTTAGAGGTGCGGA-1","female","Astrocytes",-11.1700564382781,3.65307150758876,0.582892181411531,-2.57853987374584
"AGGTTAGAGGTTAGCT-1","female","Oligodendrocytes",-0.948282337020757,1.15397642530574,3.18367564870432,-0.99933018842022
"AGGTTAGAGTTCCCAC-1","female","Oligodendrocytes",-0.976209616493108,4.7509451953329,-0.892889974579069,-3.42345526376049
"AGTAAACAGGAAGCTA-1","female","Astrocytes",-11.1911173818816,1.83994196333064,3.14829814626291,-0.374281551030083
"AGTAAACAGTCCTGAG-1","female","Astrocytes",-9.0302639959563,0.669442608729734,-4.97347819612906,-5.5259189859895
"AGTAACACAAGTAAGC-1","female","Oligodendrocytes",-0.799301838706853,10.7050601092733,2.61593198968485,-1.30098083176891
"AGTAACACACAGAAAC-1","female","Astrocytes",-11.3863116262664,2.07847093023433,-7.18303239153311,-4.43550970711987
"AGTAACACAGCATGAG-1","female","Oligodendrocytes",-0.452742612193944,6.73781596101893,0.330855967536714,-2.62341382661144
"AGTAACACAGGACCTT-1","female","Oligodendrocytes",-1.17614481432331,2.84817634500636,2.81770611001566,-0.723551775601311
"AGTAACCTCGGTCAGC-1","female","Oligodendrocytes",-0.703699207137944,10.3781701175131,0.393793972268846,-2.61104610123913
"AGTAACGAGATACTTG-1","female","Oligodendrocytes",-0.685653304885747,2.44969676412715,0.409360947147157,0.353212658974723
"AGTAACGAGCCGCTTT-1","female","Oligodendrocytes",-0.298526084255101,6.14998637117518,3.23342836095407,-0.757462169316216
"AGTAACGAGTAGCTTA-1","female","Oligodendrocytes",-1.03047320825947,1.37610553182734,2.08920741273477,-0.776757027295037
"AGTAACGAGTTTGAGC-1","female","Oligodendrocytes",-0.471983349155309,5.96587620653285,0.375396879449632,-2.66344263711254
"AGTAAGTAGAGGAGTC-1","female","Oligodendrocytes",-0.848167514633061,3.34574185289515,2.58207631303385,-1.07904031434338
"AGTAATGCATGAGCAG-1","female","VSMC",14.2997588159333,-0.843326822146044,2.6708425302656,-2.64686277070324
"AGTATAGCAACACCTA-1","female","Oligodendrocytes",-0.381254708598973,3.69642101205958,0.180949272647646,-2.65487792649548
"AGTATAGCAAGGCCAA-1","female","Oligodendrocytes",-0.924836134742619,5.51804171480311,2.1924649496229,3.60550138792713
"AGTATAGCAGGCATCT-1","female","Oligodendrocytes",-0.738367652725102,-0.634391084536181,1.48858112289026,-0.892003323223992
"AGTATAGCAGTAATAG-1","female","Oligodendrocytes",-0.980796670745732,3.75793419756068,1.94171977235391,-1.42487266221325
"AGTCAAGAGATGCCTG-1","female","Astrocytes",-10.9417439459075,3.49109946169032,-6.28333413408682,-4.66427090325634
"AGTCAAGAGTACCGCA-1","female","Oligodendrocytes",-0.661656832527043,9.86578379549159,1.9736521263273,-1.86919739404003
"AGTCAATGTTAAGGTT-1","female","Astrocytes",-10.3418961523284,2.32273338712825,-6.18260323809073,-4.91041948952953
"AGTCAATGTTGTTCAC-1","female","OPC",13.1159743310701,3.56110940851344,9.68903029157236,-0.584293390896721
"AGTCCTGAGGAACGCG-1","female","Oligodendrocytes",-0.83759281618488,7.31581269182338,0.579606564775255,-3.20920851388256
"AGTCCTTGTAAACAAG-1","female","Astrocytes",-8.48215398771656,2.28761838354243,-5.00346791551993,-5.44027760186474
"AGTCGCATCATCCTCA-1","female","Astrocytes",-8.55764875395191,1.93938599504603,-5.61837374971792,-6.09140064873974
"AGTCTTGCACCTATAG-1","female","Astrocytes",-10.9220677374114,2.07176695741786,-6.71728932665274,-4.50688936867992
"AGTCTTGCAGATTCAT-1","female","OPC",12.6347435952913,3.1906539050497,11.2324358244093,-0.730843807843133
"AGTGAGTCACAGGATG-1","female","Oligodendrocytes",-0.481931125949742,9.52448378481044,-0.0556386093942856,-2.45405533471386
"AGTGATGAGGGTGGAT-1","female","Oligodendrocytes",-1.01074609739673,2.14625214018001,1.20623642398432,-1.21182193913738
"AGTGCCGGTGGTTATG-1","female","Astrocytes",-10.4823857305754,1.82167337812556,-6.39670884416983,-4.48780396142284
"AGTGCCGGTTAGTACG-1","female","Oligodendrocytes",-0.530983662437322,8.55839072145594,0.339390637412813,-2.74421456017773
"AGTGCGGAGGAATAAC-1","female","Astrocytes",-10.050786113571,0.383426546827688,-6.72210109041617,-5.16899540581982
"AGTTACTCAGTTTCTC-1","female","Astrocytes",-10.4661227224578,1.84849105753077,-5.93130433367178,-5.18830492654125
"AGTTACTCATCCTAGA-1","female","IN-MGE",-6.53349409086597,-4.5991205128275,-6.58137357042715,3.47851869902332
"AGTTGCAGTACTGAAT-1","female","Oligodendrocytes",-0.524142896961095,0.293367609158887,-0.926396964058134,-0.520260478642388
"AGTTGCAGTTTCGCGC-1","female","OPC",12.9209469796907,3.30265675462855,10.7625471372755,-0.892839337971612
"AGTTGTCAGGTTACAC-1","female","Astrocytes",-10.6528550146331,2.63730965532435,-7.2793973665087,-4.78969147362988
"AGTTTGCAGGGTCCAC-1","female","Oligodendrocytes",-0.560893571208837,2.3800875989355,0.459689678684023,-3.20246102967541
"AGTTTGCAGTTGTCAA-1","female","Astrocytes",-8.19015798551929,0.17738161958827,-5.1139863710253,-5.62652971902172
"ATAACGACAATAGCAA-1","female","Astrocytes",-8.34706792814625,1.60093472875728,-5.27372205065176,-5.41149857201855
"ATAGGTACATGGTTAT-1","female","Oligodendrocytes",-1.2528061626662,2.92057476915492,0.397410990730074,-1.58188774743359
"ATCAAGCTCGGTTCCT-1","female","Oligodendrocytes",-1.11473200304401,1.19616751350535,0.45151555730417,-0.208266343262597
"ATCAAGCTCTCAATTC-1","female","Oligodendrocytes",-0.569930231403234,-0.142748907431231,1.83227879001215,-1.16139676728527
"ATCAATCCATTCAGCA-1","female","Astrocytes",-9.06790552122486,0.845645800010099,-5.13503730104849,-5.67301991143505
"ATCACAATCAGGATGA-1","female","Oligodendrocytes",-0.90426442606342,0.249225690738096,0.227673115268495,-2.6337788359193
"ATCACACAGCTATTGA-1","female","Oligodendrocytes",-0.962910985778691,2.62683664240016,-0.106422362789366,-2.22278764405529
"ATCACTAAGTAACGGA-1","female","Oligodendrocytes",-0.941788410972478,8.14199076570643,2.26822996331766,-1.1698192612199
"ATCATGTCAATAGTCT-1","female","Oligodendrocytes",-0.299772834609868,9.29643450655116,0.355140360132005,-3.15919830956738
"ATCATGTCACATAGCC-1","female","Oligodendrocytes",-0.462519442867162,8.98076067842616,3.03654492093637,-1.11116554894726
"ATCCATAAGCGAGGTG-1","female","Oligodendrocytes",-0.485843276809575,6.29068671144618,0.255218805804994,-2.67772176423351
"ATCCATAAGCTATATG-1","female","Oligodendrocytes",-0.21855703575504,9.81162653841151,0.270710231796053,-2.91132810273449
"ATCCTCATCCCGCATT-1","female","Oligodendrocytes",-0.452304696868779,6.31057034410609,2.33944630815103,-1.02206804909985
"ATCCTGACAAACCTTG-1","female","Oligodendrocytes",-0.111755645107152,8.38484249986781,-0.0560889820902084,-3.07049276986401
"ATCCTGACACAAACTT-1","female","Oligodendrocytes",-0.56172589046848,0.825734704510107,1.32056087447717,-1.67333915391247
"ATCCTGACATAATCCG-1","female","EN",1.00480600612271,-10.3731278332316,1.05934918119028,4.79745910010059
"ATCCTTAGTGCCGCAA-1","female","OPC",12.705088520218,3.72476135172023,10.8920980711134,-0.835084344532891
"ATCCTTAGTTCGCGCT-1","female","OPC",13.4627846719514,3.43044649042262,10.5383955259474,-0.747320439007683
"ATCGAGGCAGCCTGCA-1","female","Oligodendrocytes",-0.877137994598271,7.89865170396937,-0.660825131401274,-2.60165264764111
"ATCGAGGCAGTTTGGC-1","female","Oligodendrocytes",-0.209648763965489,6.68899689592494,0.438493104711321,-1.73613002457897
"ATCGCTTGTTCACCAT-1","female","Oligodendrocytes",-0.586479043792607,1.22205035366191,0.477501781717088,0.275699977490501
"ATGAAGCCAACAGGAT-1","female","Oligodendrocytes",-0.540634071658971,8.23355399049891,1.5698412676008,-2.16852572121899
"ATGAAGCCATTATGGT-1","female","Astrocytes",-10.697761630844,2.71641622461451,-6.37345683382437,-4.63291504540722
"ATGAAGTAGCTAATCA-1","female","Astrocytes",-10.4863797186126,0.996525510922803,-7.93287980364248,-4.82748654046337
"ATGAATGCATCAGTAT-1","female","Astrocytes",-10.8733139990081,2.50547741331233,-6.65566289232657,-4.6907115236787
"ATGAATGCATTAAGCT-1","female","Oligodendrocytes",-0.362912094425084,6.38382492937221,0.168405534759309,-1.82698967614452
"ATGACAACACGTGCTG-1","female","Astrocytes",-11.1463175771941,1.21294449247493,-8.32883870409415,-4.51343109765331
"ATGACAACAGGACACA-1","female","Astrocytes",-10.3761788366545,0.922243848220243,-5.70581137941763,-5.23308851876537
"ATGACCAGTCTAACCT-1","female","Astrocytes",-10.1744194982756,0.514405064062013,-8.51635300920889,-4.17333176293652
"ATGACGAAGCATTTCT-1","female","OPC",13.5728310586702,3.48623929895534,10.3212353010328,-0.82085015931408
"ATGACGAAGGACCGCT-1","female","Oligodendrocytes",-0.972862219642522,2.24411998666896,2.99914014531687,-1.16806330838482
"ATGAGCCGTGAAGCCT-1","female","Oligodendrocytes",-0.625561809371831,1.92564438261165,2.85265743924692,-0.760775233891411
"ATGATGACAATGCCTA-1","female","Oligodendrocytes",-0.411322271655919,5.90093146242274,0.450688811078813,-1.97217705407421
"ATGATGACATCCAGGT-1","female","OPC",12.0073117257844,2.93045578874721,9.81845343305185,-0.690239216473504
"ATGCAAACACCATATG-1","female","Oligodendrocytes",-0.7016861198653,7.38672266878261,0.246029080882814,-2.82827642121594
"ATGCAAACACCTCAGG-1","female","IN-MGE",-4.73063240034473,-6.48898877225743,-7.86545502947256,1.0326412065955
"ATGCAGGCATGTCAGC-1","female","Oligodendrocytes",-0.42560813410175,7.22226582445277,2.63197934819773,-1.46059968629162
"ATGCATTCACTGACCG-1","female","Oligodendrocytes",-0.27751836759937,5.45007525362147,2.06824612809732,-0.150276030686303
"ATGCATTCAGCATGGA-1","female","Oligodendrocytes",-0.734580015968205,0.797072022930517,0.422120841279771,-1.30277183213512
"ATGCGATTCATTTGTC-1","female","Oligodendrocytes",-0.441456293891789,4.86632929720057,2.54406464292124,-0.260890330460473
"ATGCTTAAGGTAAGGC-1","female","Oligodendrocytes",-0.524232125114324,1.33178774990214,2.56704878999307,-0.898196841862603
"ATGGCCCAGGGTGAGT-1","female","Oligodendrocytes",-0.992642021011235,2.59018956102504,0.666295947566774,0.25220379671772
"ATGGCTGTCAAACACC-1","female","Oligodendrocytes",-0.26894024593723,9.75526343263759,0.924877213373926,-2.6453013674287
"ATGGCTTAGGAACGGT-1","female","Oligodendrocytes",-0.96121571047199,7.37712059892787,0.248099448219087,-3.09510257401745
"ATGTAAGCATCATGTG-1","female","Oligodendrocytes",-0.760364389251592,6.25492249406947,0.360393973127153,-0.868515516903801
"ATGTCCACAGCAACAG-1","female","Astrocytes",-10.3239499090422,1.37634406961574,-6.00222050951407,-5.13925888695995
"ATGTGAGAGCATGAAG-1","female","OPC",12.5793103219758,3.06881700433864,9.69550287915781,-0.660920883801384
"ATGTGAGAGCTCCTTA-1","female","OPC",12.1699255944978,3.48306404031886,9.95144999219492,-0.901467467930718
"ATGTTGTCAGTGAACG-1","female","Astrocytes",-8.08509931547535,2.19982217229976,-5.13887488649771,-5.25627281823437
"ATTAACCCACCTGTAA-1","female","Oligodendrocytes",-0.589572048019292,4.0329116431631,2.94627821637705,-0.384653355267449
"ATTACGTCAAATTCGT-1","female","Astrocytes",-11.3758917806853,2.68907843507899,-7.98926102922842,-4.15168621697704
"ATTACTGAGTTATGTG-1","female","Oligodendrocytes",-0.695039367507817,7.01424847520961,0.753073887959268,-1.23620345750134
"ATTAGCGGTGATTTGG-1","female","Oligodendrocytes",-0.0768522380102891,7.33931456483973,1.56866884423807,-1.66469838776867
"ATTAGGTGTAGCTGGT-1","female","Oligodendrocytes",-0.775382971595647,5.02880392946376,1.06182852579668,-1.49748399415295
"ATTAGGTGTTTGCGCC-1","female","Astrocytes",-10.7937432287444,1.13147298969401,-8.53633725450918,-4.28784659066479
"ATTAGTCCATCATGTG-1","female","OPC",12.083187008072,3.95128379739894,11.3285833616407,-0.630565311100884
"ATTATCCTCCAAGTTA-1","female","Oligodendrocytes",-0.481347238849523,9.03266344942225,3.25387442304209,-0.622113968518181
"ATTATCCTCCTGGTCT-1","female","Astrocytes",-10.9041043279876,2.6047414390005,-6.33764207170889,-4.9495063082246
"ATTATCCTCGTGCTTC-1","female","Oligodendrocytes",-0.521441674064519,3.22495828546657,2.50694298936441,-0.515317823079033
"ATTATGGTCCTGTTCA-1","female","Astrocytes",-10.8785840032805,1.40336291469706,-6.17366969393179,-5.12112667718212
"ATTCAACCAATAGCAA-1","female","Oligodendrocytes",-0.388545787166478,5.36707602419032,2.15722644521311,-0.617022182133599
"ATTCAACCATAAGGAC-1","female","Oligodendrocytes",-0.877784466575505,1.0101583746828,2.0602102298887,-0.0859749571351247
"ATTCACTTCAATCATG-1","female","Astrocytes",-10.6065588949431,1.21603445686473,-7.02685200975821,-4.88386490502636
"ATTCACTTCTAATTGG-1","female","Astrocytes",-7.77864656431568,1.77327238001002,-7.50954282091543,-4.17014029183666
"ATTCATGAGAATCGCT-1","female","Oligodendrocytes",-0.19208112938297,7.30104123033656,0.357529552713182,-3.04648783364574
"ATTCATGAGGACTTAC-1","female","EN-fetal-late",0.235876047779201,-1.79546751104222,0.494746180310991,0.466131751153068
"ATTCCTCCAAGACTCC-1","female","Astrocytes",-9.12325868589771,-0.11172606073247,-5.66275441454336,-5.91994431176464
"ATTCCTCCAATCGCAC-1","female","Astrocytes",-10.9034987447966,2.31472919859065,-7.23870980547354,-4.88064434685986
"ATTCCTCCAGGAATCG-1","female","Oligodendrocytes",-1.11298069937122,3.21592031396998,0.601784082189348,-1.6532588259248
"ATTGAAGCACCTGGTG-1","female","Oligodendrocytes",-0.738667940925481,2.19050930418147,2.8883808870466,-0.999442602780266
"ATTGCAGGTTCCGCAC-1","female","Oligodendrocytes",-0.194311833213689,6.96551810182704,3.28496539784982,-0.757635857251092
"ATTGGCTAGCCGCTTT-1","female","Astrocytes",-9.8262902258147,0.262307062522306,-5.54470908449576,-5.80157902398388
"ATTGGTTCAGCTAATT-1","female","Oligodendrocytes",-0.864657020400884,0.500803693906202,1.41426783992365,-0.789049889233513
"ATTGGTTCATAGACTT-1","female","Astrocytes",-10.374652004074,2.06461070455684,-5.66689193056509,-5.19728138604443
"ATTTGCAAGTAACTCA-1","female","Oligodendrocytes",-0.650280093978765,1.12925736583842,2.50597083760813,-2.30998089471142
"ATTTGCAAGTTATCTC-1","female","Oligodendrocytes",-0.804326987098577,3.20821891702784,0.563107999101427,-2.95454361596386
"ATTTGTGAGCACGTTG-1","female","Oligodendrocytes",-0.714646553825261,5.60462342180385,0.325601698890474,-3.08723833718578
"CAAACAACACAACAGG-1","female","Astrocytes",-10.2213765142669,0.981355979815855,-8.36941659258292,-4.53563025155346
"CAAACAACATGCTTAG-1","female","Oligodendrocytes",-0.568387007545354,5.92906342424525,2.5796787758024,-1.22628250279705
"CAAACACTCCGGTATG-1","female","Astrocytes",-7.73322305662525,2.0616311875738,-4.91754376696036,-5.51445582070629
"CAAACACTCTTGGACG-1","female","Oligodendrocytes",-0.851300930808904,0.0369517055906196,2.28965783311441,-0.478040124562188
"CAAACATGTAGGATCC-1","female","OPC",13.0698765756379,3.57067714609279,3.29599273397043,-0.741595889714165
"CAAACATGTTTGGCGG-1","female","Oligodendrocytes",-0.801321840118291,-0.32494319997655,0.210536303058412,-2.97300627389233
"CAAACCGTCTGTGCCT-1","female","Oligodendrocytes",-1.01471064073932,4.67025481142177,0.0875185151250626,-2.73228743233959
"CAAACTGGTGGTTCCC-1","female","Oligodendrocytes",-0.936080193351628,0.466308220998182,0.562731178537157,0.483098615619735
"CAAAGGATCGCCTAAG-1","female","OPC",13.3962220193635,3.40824638284816,0.94984052522495,0.300766055199699
"CAACAGGCAAGGCCAA-1","female","Oligodendrocytes",-0.593314325641515,2.52981625475062,1.56598776771143,-0.615997101452752
"CAACAGGCAGGTTCAC-1","female","Oligodendrocytes",-1.14002976400745,1.14094816126002,1.26777005387857,-0.658024455693169
"CAACTAATCAATGAGG-1","female","Astrocytes",-9.96372041685474,0.311997160092725,-7.52172410295889,-4.80537560143749
"CAACTAATCCCTGATC-1","female","Astrocytes",-7.50162134153736,1.44157545246257,-8.35505997942374,-4.6473150507478
"CAACTAATCCTAAGTA-1","female","Oligodendrocytes",-0.649479365180852,4.30258069910182,1.50517803622797,-0.948259379055901
"CAACTAATCTCACATT-1","female","Oligodendrocytes",-0.716471528838994,9.2926932422079,2.5483694095762,-0.517013694432183
"CAAGAACCATTAAGTC-1","female","Astrocytes",-10.3838826177825,0.547182813063993,-8.6069120149462,-4.27022364297192
"CAAGCTAGTTACCTGT-1","female","Astrocytes",-11.3062611578215,3.09988652147426,-7.15034854219839,-4.67739870705883
"CAAGGCTGTAGCCTCC-1","female","Astrocytes",-10.4998370168914,0.8097893444456,-6.990637181267,-4.84314873376171
"CAAGGTAAGGAATAAC-1","female","Oligodendrocytes",-0.52548286898029,9.1552888003744,2.04969322873667,-1.60679867425243
"CAAGGTTTCATCACTT-1","female","IN-MGE",-7.07581529600513,-4.49608553968297,-6.70481622026846,3.38478514990528
"CAAGGTTTCTAAGTCA-1","female","Oligodendrocytes",-0.80063745958698,1.79004047788752,2.79619491292551,-0.346270109799309
"CAAGTAACATTAGGTT-1","female","Oligodendrocytes",-0.941839909385564,3.10899697221888,0.289176823631075,-2.29444482484142
"CAAGTATGTAACGAGG-1","female","OPC",11.6650446893464,2.75684772409572,9.94404280377939,-0.805852080967827
"CAAGTATGTAGTCAAT-1","female","Oligodendrocytes",-0.713908529113652,6.59249316133632,0.338006915584352,-0.0667881027726369
"CAATAGCTCAATCATG-1","female","Oligodendrocytes",-0.61858544332874,-0.443615213259326,2.19973468972757,-0.251724208977623
"CAATAGCTCGCACAAT-1","female","EN",14.193933391739,-5.55738486371861,-0.0975901465265487,3.45173213324268
"CAATATGTCAATCATG-1","female","Astrocytes",-10.6528683660735,0.844638660327329,-8.39526116655752,-4.43965294518749
"CAATATGTCATCCACC-1","female","Oligodendrocytes",-0.811415052245976,4.8777123538412,2.97515070630625,-0.757266070034905
"CAATCCCTCATAACTG-1","female","Oligodendrocytes",0.00184535400974567,8.81314383424891,0.579443635478761,0.507699032041625
"CAATCTAAGGCGCTTA-1","female","Oligodendrocytes",-0.314419066738011,7.21846161760463,0.843588018383976,-1.07882204213421
"CAATCTAAGGGACCTC-1","female","Oligodendrocytes",-0.848617648910405,6.53733168520106,2.15808224870279,-0.927730108883782
"CAATGAACAAGACTCC-1","female","Oligodendrocytes",-0.975732064079167,8.01911173738612,-0.145359156593535,-1.7467384592561
"CAATGAACAGGAAGCC-1","female","Oligodendrocytes",-0.691279148887517,-0.420266524180041,-1.11236715124533,-1.8016529337434
"CAATGCCCATTAAGCT-1","female","Oligodendrocytes",-0.620016550849797,8.52048455156459,-0.0150876026003097,-2.8309567228822
"CACAAGCGTGTCACGG-1","female","Oligodendrocytes",-0.924287414382817,4.83122454561366,-0.0191900710909103,-1.88601830163281
"CACAGGCTCTAGCTTT-1","female","Oligodendrocytes",-0.523225998710515,6.87814532198085,-0.5558032970278,-2.38111784615795
"CACAGGCTCTCGCCTG-1","female","OPC",12.2631958963166,4.01198898233546,10.5877443571241,-0.413375283863946
"CACATAATCTCACTAT-1","female","Oligodendrocytes",-0.742743825744512,0.226738258973493,1.75898331595972,-0.389962102559014
"CACATTAAGGCGCACT-1","female","Oligodendrocytes",-0.337942159007909,5.33201943315639,1.40634423686579,-1.50720622697155
"CACCGGTAGGCACAGG-1","female","Astrocytes",-7.63924798948658,1.43788860715999,-6.09307133959219,-4.91549112954418
"CACCGGTAGGTTACAC-1","female","Oligodendrocytes",-0.935016846488835,3.87135706819667,0.974341349736002,-0.999038483288689
"CACCTCAGTTACTTCA-1","female","Astrocytes",-11.1600371359099,2.57589457906856,-8.36185776995108,-4.4367118135957
"CACGCAATCAGGGCCT-1","female","Astrocytes",-11.1908961294402,1.83234773553981,1.79829806281641,-2.24220755257885
"CACTAAGGTGTTTCAC-1","female","Oligodendrocytes",-0.543093597720983,9.44529734529628,3.23658263875559,-0.90006044068615
"CACTAGCCATACTCCT-1","female","Oligodendrocytes",-0.788419461082341,-0.382232800348864,0.46460366441324,0.00820675930698345
"CACTGACCACAGGATG-1","female","Oligodendrocytes",-0.28488901836765,9.16635142244471,2.66826737119272,-1.26322617688458
"CACTTAAAGCTGGAAA-1","female","EN",0.369374912958918,-9.33442391477452,1.16511014296129,5.714108918521
"CACTTAAAGTAGGATG-1","female","Oligodendrocytes",-0.600772595237615,1.87601469434871,0.406776847377565,-2.43993189492504
"CACTTTGTCCAATTAG-1","female","Oligodendrocytes",-0.147840714286687,7.05315457262172,3.00695932103708,-1.1263884560136
"CAGAATCTCAGCATTA-1","female","OPC",12.7148159982454,3.51719318308009,10.6287800092848,-0.968378450062676
"CAGATTCAGAGGCTAA-1","female","Astrocytes",-8.60316572172535,2.00766776479854,-5.44990575121329,-5.14875509896557
"CAGATTCAGTCTTGAA-1","female","OPC",13.1769236566316,3.7313808051504,11.9200006742628,-0.0727579847840505
"CAGCAAGCAACTAGGG-1","female","Astrocytes",-10.7839489935149,2.58024226106776,-7.02419411943838,-4.7825689569978
"CAGCAAGCATGAATAG-1","female","Oligodendrocytes",-0.421887075733067,6.686411008016,2.2066718359144,-0.642458941128655
"CAGCATTAGAGAGGCT-1","female","Astrocytes",-9.62015352232349,0.506124883667364,-6.75880038546011,-4.96047117867748
"CAGCATTAGTTAGGCT-1","female","Oligodendrocytes",-0.742824292014958,9.82763300813807,0.675922812953737,-3.00557902016918
"CAGCCTTTCACAGCCA-1","female","Astrocytes",-11.1130457876433,1.90901885904445,0.500724734798219,0.671118187445597
"CAGCCTTTCTTGTCCA-1","female","Oligodendrocytes",-0.782762861083867,-0.13338156066762,0.0864020605237747,-1.03455486455242
"CAGCTATAGTCTTGAA-1","female","Oligodendrocytes",-0.52020076496494,7.23967324175014,-0.189786432251189,-2.32217505135815
"CAGCTCAAGCCTAATA-1","female","Oligodendrocytes",-0.987823223899724,4.3013819304861,-1.0598692874758,-2.10069587388317
"CAGGACACAAAGGCCA-1","female","Oligodendrocytes",-0.885661697219731,0.00549106277598332,2.84426927758768,-0.823871995594903
"CAGGACACAACCCTAA-1","female","Oligodendrocytes",-0.778448319267156,4.89012108720912,0.14232218457773,-2.96688487687389
"CAGGATGCATAGCTTG-1","female","Oligodendrocytes",0.0258626283894759,7.63961230196132,0.126197638049867,-1.41870429673473
"CAGGCTATCACAGCCA-1","female","Astrocytes",-10.7597228048552,2.53113923944606,-7.38202225969717,-4.69217732110302
"CAGGCTGGTAATCGTG-1","female","Oligodendrocytes",-0.911861157249333,7.23302088655604,0.326122464671877,-2.43374135651867
"CAGGTCCAGGGTCCAC-1","female","Oligodendrocytes",-0.785297369789006,7.13271628297938,0.473181011214998,-3.55971863427441
"CAGGTGGAGACAGGCG-1","female","Astrocytes",-11.0686980245818,3.60708056368007,-7.20950734423086,-4.61866905846874
"CAGTACCCAGCACGTT-1","female","Astrocytes",-10.1677399633635,0.424741118923559,-8.4774421434252,-4.57110979714672
"CATAATGTCCAGGTCA-1","female","Oligodendrocytes",-0.642239427398564,7.17051468767299,2.13428676320627,-0.922219421055718
"CATAGACTCCTTTACG-1","female","Oligodendrocytes",13.0094813348542,3.61639676965846,3.18026888562753,-0.65989520707409
"CATAGACTCTAATTGG-1","female","Astrocytes",-11.1423874853362,1.21500895895137,-6.66345155046866,-4.58096363702099
"CATAGGCGTAGCCATA-1","female","Astrocytes",-1.48957190496814,0.0959969011701484,-7.11291205690787,-4.67814352669994
"CATAGGTTCAGTATTG-1","female","Astrocytes",-10.729671573471,0.675684772209062,-7.33809315966055,-4.38253786721508
"CATCACACATGCTTAG-1","female","Astrocytes",-0.992831444572331,3.57610140718593,-5.01288068102286,-5.996744181302
"CATCATGCAAACTGTT-1","female","Oligodendrocytes",-0.866933917831304,5.02083741106166,0.295964421764162,-1.09534373441021
"CATCATGCACAGAACG-1","female","Astrocytes",-11.3729716299285,2.45659612096919,-6.29393899248526,-4.67854740777294
"CATCCCAGTAACGAGG-1","female","Astrocytes",-10.7928963659514,1.16985033430232,-6.87052237795279,-4.76615193047802
"CATCCCAGTTGGTTAG-1","female","Oligodendrocytes",-0.696185326408269,6.39270316042079,2.31124031735971,-0.21515187182705
"CATCCTCAGGTTTACA-1","female","Oligodendrocytes",-0.752598500083806,-0.371484831198321,0.432923348680284,-0.751162196782036
"CATCCTGGTCGACTCC-1","female","Astrocytes",-11.1198788641204,3.40557013429774,-6.23647582338736,-4.84088757195751
"CATCCTGGTTAGTACG-1","female","Oligodendrocytes",-0.358815169166448,8.7588568774618,2.95742929174021,-1.27659120717327
"CATCCTGGTTCGCTCA-1","female","Oligodendrocytes",-0.846012449096562,6.92334853090419,-1.11826371954367,-1.78246071496288
"CATCCTTCAATTGAGA-1","female","Oligodendrocytes",-1.01913545114887,6.17176876939906,0.360564800039079,0.370899800870018
"CATCCTTCAGCCTTGG-1","female","Astrocytes",-10.8741923330535,1.61531506456508,0.502900095716264,0.676827936160759
"CATCGCTTCCCTCATA-1","female","Oligodendrocytes",-0.360933220218541,8.37356863893641,0.330498339668062,-2.43929746308605
"CATGCAAGTACGTTTC-1","female","Oligodendrocytes",-0.783961152862432,0.820972084776296,0.564207496181276,-2.01389482178967
"CATGCATAGTCAATTG-1","female","Astrocytes",-11.0110388754119,3.4739471522726,-8.20097672747061,-4.38452246346752
"CATGCGCAGCTTGCTC-1","female","Astrocytes",-9.10643205625904,2.25558243669642,-3.34243142412588,-5.81422999062817
"CATGGCGGTTCATTTG-1","female","Oligodendrocytes",-0.823812818359258,-0.343548432215319,2.53841972543314,-0.458451415684624
"CATTATCTCAAGCCTG-1","female","Astrocytes",-10.1453515051116,1.24839709676875,-6.587325928673,-4.6157021776704
"CATTCATTCAATCTCT-1","female","Oligodendrocytes",-0.613498246501805,8.89045916475428,1.76688307715967,3.1667353852721
"CATTCATTCGGGCCAT-1","female","Oligodendrocytes",-0.733964657615544,0.199641540423765,2.29772472573831,-1.69270708718578
"CATTGCGAGGAAGTAT-1","female","Oligodendrocytes",-0.63352844698322,7.31410752214564,2.66563236905649,-0.708931948330803
"CATTGCGAGTGAACAG-1","female","Astrocytes",-11.0558758733977,3.6885410396017,-7.27368104265616,-4.71923878350536
"CATTGTGCATGAAATG-1","female","Astrocytes",-10.6696616171111,2.02428136743678,-6.35158097551748,-4.96492674508373
"CATTGTGCATGTCGCG-1","female","Oligodendrocytes",-0.66387877447498,7.32738123811854,2.48939967347696,-0.716822768834038
"CATTTGTTCTACCTAT-1","female","Oligodendrocytes",-1.0565422533263,0.755713850036993,0.898961341068294,-0.640170361187859
"CCAAATCAGTCTTGAA-1","female","Oligodendrocytes",-0.668354725669744,8.32378540910853,2.36236894322946,-1.18892064252178
"CCAAATCAGTTAGCCG-1","female","Astrocytes",-7.74816904051197,2.04825912393702,-6.24226367281363,-5.02376415887158
"CCAACCCGTATTGGTG-1","female","Oligodendrocytes",-0.770824885200383,9.27898608125819,1.57075691415384,-2.26102283158581
"CCAACCCGTTTGCGAA-1","female","Oligodendrocytes",-0.773362970184209,7.8476978389181,0.172557653919008,-1.58787324586193
"CCAAGGCTCCTGCGAA-1","female","Oligodendrocytes",-0.809162354301335,8.53774891771449,1.40632599784448,-1.31812741914074
"CCAAGTTAGTTAGGCT-1","female","Astrocytes",-1.18310818655384,-0.195862129553423,-5.35124814318106,-5.91209986367504
"CCAATATCACTGACTA-1","female","Oligodendrocytes",-0.795416211913945,8.51914797701014,2.0733824987562,-1.21549894967358
"CCACAGGGTTGCACGG-1","female","Astrocytes",-10.9811020849456,3.33661256708278,-6.4650753717272,-4.79756739297192
"CCACTTGGTCAAGTAT-1","female","Oligodendrocytes",-0.849447583984258,4.25895939745082,1.85880756570413,-0.507772709515496
"CCACTTGGTCAGTAAT-1","female","Oligodendrocytes",-0.350796437095525,8.04179821886195,0.127708496585634,-1.10610928693096
"CCAGACTCAAATATCC-1","female","Oligodendrocytes",-0.474889194797398,7.15001402773036,0.107691468730714,-1.0411298529176
"CCAGACTCACCTCAGG-1","female","Astrocytes",-11.1822548864592,1.54252700485362,-8.41213834093497,-4.46532681145947
"CCAGGAACACCAACCG-1","female","Oligodendrocytes",-0.713231658767583,0.355149999038114,0.372507335677889,-0.759440328267022
"CCAGGAACATTCAGCA-1","female","Oligodendrocytes",-0.610550498794438,3.03962050356044,0.834949805461016,-2.70667913117687
"CCATAAATCTGCAAGT-1","female","Oligodendrocytes",-0.554571068118932,0.118559434787168,0.887141047105339,-1.13389935651104
"CCATAAGGTGACCTGG-1","female","Oligodendrocytes",-0.684184050392034,-0.0596854241930108,1.55391651584223,-0.74898519673626
"CCATAAGGTGTCACGG-1","female","Oligodendrocytes",-0.904603099655034,4.75793181337489,1.96935427381113,-1.44155481019299
"CCATAGCCAGCTCATA-1","female","Astrocytes",-7.8065262792815,0.82321083523406,-7.41209924028799,-4.8873052851228
"CCATATTTCACAGGAA-1","female","Oligodendrocytes",-0.612883126567723,5.71660052217616,1.52038145257547,-0.727882053044243
"CCATCACTCATTGTCT-1","female","Astrocytes",-10.6051474569548,0.687712736204996,-5.62342297838614,-5.09755089440624
"CCATCATGTTGCCTCA-1","female","Oligodendrocytes",-0.455273067783238,5.65684853471889,1.72616511775568,-1.44467809357922
"CCATTGTGTCCTTCTC-1","female","Oligodendrocytes",-0.596036231349828,8.60488711275233,1.3331278879793,-1.38494064965527
"CCATTGTGTTGACTTC-1","female","Oligodendrocytes",-0.889009570907475,0.373320460096731,-0.386871097549651,-1.21697428384106
"CCCAGTTTCTACCTGC-1","female","Oligodendrocytes",-0.544780528377416,6.97171173967494,2.13560319139078,-1.28258695760052
"CCCGCAACAATAGCAA-1","female","Astrocytes",-10.75458917601,1.92608486093654,-6.11778247164175,-5.241617228177
"CCCGCAACATAGCTGC-1","female","Astrocytes",-10.3608571050872,1.96149776853694,-7.14851558016226,-4.6132459894685
"CCCGCTTCAGCAAGTG-1","female","OPC",13.0364750863801,3.2451497165121,10.6634804029615,-0.637571121838494
"CCCGTAAAGCGAGTAA-1","female","Oligodendrocytes",-0.797759389709355,4.7448154536642,0.495349558130052,-2.71406963029186
"CCCGTTGTCATCCACC-1","female","Oligodendrocytes",-0.679569935630681,6.07226334489955,3.10316384030893,-0.579546715405388
"CCCTAATGTCACGAAC-1","female","OPC",13.3145817758332,3.39237366594447,11.0315872450025,-0.840342308667107
"CCCTGGACACATGCTA-1","female","Oligodendrocytes",-1.03785905821216,4.70898447908534,3.25471079541757,-0.885866548207207
"CCCTGGACAGAACCGA-1","female","VSMC",14.2788142205964,-0.837935820444689,0.619814472332742,0.596475888702468
"CCCTGTTAGTTGGATC-1","female","EN",-1.89597973806751,-17.1144160183512,0.671748282447603,3.57426760039051
"CCCTTAATCAGTATTG-1","female","Oligodendrocytes",-0.562913214992406,0.0526305881894965,0.468509228959825,-0.135646070626183
"CCGACAGGTGTTAAAC-1","female","Astrocytes",-10.0749150274504,0.373237579838171,-7.44515549944327,-4.38932325997631
"CCGATGCAGGAAACTG-1","female","IN-CGE",1.14504417197811,-5.63259495817052,-3.95585715578482,9.76714751562794
"CCGATGCAGTGACCTG-1","female","Oligodendrocytes",-0.700746512245061,7.84182463564052,0.920605110064294,-1.00707771935741
"CCGCAAATCGGTTCCT-1","female","Oligodendrocytes",-0.0618745444525499,7.38699255861415,0.34061068488672,-2.1803846613435
"CCGCACACAGCACGTT-1","female","Oligodendrocytes",-0.97630462629688,7.45566187776698,0.520036699310091,-2.13439419427197
"CCGCCAACACTATGGC-1","female","Astrocytes",-10.5321837423552,1.16832427658214,-6.08891570375845,-5.65783836999218
"CCGCCAACAGCAAGAT-1","female","Oligodendrocytes",-1.02052221281421,4.94525967516078,0.639862703219202,-2.60258867898266
"CCGCCAACAGGAACAT-1","female","Oligodendrocytes",-0.932816839050176,7.17304907716884,0.409146728053835,0.41253030738552
"CCGCTAAAGGCCTAAT-1","female","Oligodendrocytes",-0.18877998573673,9.07585345186366,0.547236593499925,-2.46122791924755
"CCGCTTAGTTACCGGG-1","female","Oligodendrocytes",-0.762359356712224,0.666789725200071,2.75860572053507,-0.401436592724724
"CCGGTAGGTGCGCAAT-1","female","Astrocytes",-10.4632836340178,1.16731791175975,-6.5069340448229,-5.20367291131298
"CCGTGCTGTTTCCACG-1","female","Oligodendrocytes",-0.668565130065801,-0.370994642599688,0.343107404247072,-0.809976007130547
"CCGTTACTCTTGCAGG-1","female","Oligodendrocytes",-0.671514725517156,7.43683730043544,0.217110039726045,-1.98268630662243
"CCGTTATGTTAACACG-1","female","Astrocytes",-11.2159510610808,3.23888502992763,-7.08236491487906,-4.71040585198681
"CCGTTGCGTTGGGTTA-1","female","Oligodendrocytes",-0.838862275909307,3.02904687799586,0.224530341163423,-0.0577141896752553
"CCGTTTGGTGAGAAAC-1","female","Oligodendrocytes",-0.906660055946233,7.12071238435878,0.938226776257303,-1.28491606869976
"CCGTTTGGTTGCGGAT-1","female","Oligodendrocytes",-0.976045107673528,4.28453336633815,-0.451851604446623,-1.86382463135998
"CCTAAAGGTTTCCGGC-1","female","Oligodendrocytes",-0.936607217620732,4.6690097896017,0.267950953975465,-1.79356410661022
"CCTAAGCCAAACCTAT-1","female","Oligodendrocytes",-0.445964371990086,9.18983374513759,0.686816291943338,-2.43564894357006
"CCTAAGCCAAGGGTTG-1","female","Oligodendrocytes",-0.518632268737676,8.20302019991053,0.578445555701997,-3.06023123421948
"CCTAAGGTCAATACGC-1","female","Oligodendrocytes",0.049273157287715,7.32482539095057,0.553052457109239,-0.291522885945244
"CCTAAGGTCGATTCTT-1","female","OPC",13.2149552346956,3.37232552446498,10.05001986219,-0.894242669728203
"CCTAATAAGGAAGCTA-1","female","Oligodendrocytes",-0.72191534025562,8.06957302965297,0.291349114909914,-3.12325956979076
"CCTAATCGTCAGGCAT-1","female","Astrocytes",-9.15672311766041,0.0388169137395759,-5.72702061937735,-5.40030529656689
"CCTAGTTGTCATTAGG-1","female","Astrocytes",-10.4314957617034,0.763460710421934,-6.26186740206167,-5.31399109521191
"CCTATATTCACGCATG-1","female","Oligodendrocytes",-0.497329211067082,7.10682879366054,3.13350069715097,-0.513594056752129
"CCTCAAACATGTCAAT-1","female","Oligodendrocytes",-0.655009603332402,6.77885447420253,1.79077315522745,-1.10836901822369
"CCTCAGTTCTACCTAT-1","female","Oligodendrocytes",-0.75692555887592,10.0028687564291,0.46422684384897,0.145618174883918
"CCTCCTGAGCTAGAAG-1","female","Oligodendrocytes",-0.476993477176549,6.08746634401454,0.291174771323946,0.148784612032966
"CCTCCTGAGTAACCAC-1","female","Oligodendrocytes",-1.05139288885486,0.67630833365096,2.67262876226023,-0.412925149586602
"CCTGAATAGGCTAATC-1","female","Astrocytes",-10.8442269323577,2.86981020845546,-7.35015427874014,-4.6433015123872
"CCTGACTTCGAAGTGA-1","female","Oligodendrocytes",-0.733257508109929,0.22292758502139,1.42487585736826,-0.654619719174309
"CCTGAGTCATAGCTTG-1","female","Oligodendrocytes",-0.583182370494725,5.41184006609096,1.18607524229601,-1.31467178025524
"CCTGGATCAGGCTAAG-1","female","Astrocytes",-11.2002039907683,1.41077540792598,-7.40610825823233,-4.67859747567455
"CCTGGTAAGCGGATAA-1","female","Oligodendrocytes",-0.086378401349904,9.67702780641688,0.290255667701509,-2.91668870606701
"CCTGTAACATTGCAGC-1","female","Oligodendrocytes",-0.573856687377812,8.17571745790614,2.6161515731962,-0.969437743809624
"CCTGTATGTAAGTCGC-1","female","Oligodendrocytes",-0.84000501615894,5.80440674699916,0.217711510196474,-3.4451174990205
"CCTGTATGTACTAAAC-1","female","Oligodendrocytes",-0.817377781700017,8.9184723941244,0.464292647376802,0.184237812373237
"CCTGTATGTTGAAGCC-1","female","Oligodendrocytes",-0.86493394358051,7.76906357683314,0.569514187112596,-2.85140850701611
"CCTTACTCACCCACCT-1","female","Oligodendrocytes",-0.593348479102971,10.6816893664755,1.91794610215738,3.60152146658619
"CCTTACTCAGTAGGTG-1","female","Astrocytes",-8.58542070371998,2.18854819215907,-5.13264405535147,-5.34055044808666
"CCTTAGTGTTGTGACA-1","female","Oligodendrocytes",-0.571526384185674,-0.503767505510912,0.82732236205056,-3.08514597573559
"CCTTATGTCGATTTGA-1","female","OPC",10.9832514764558,3.92834793008937,11.2615705747755,-0.187930370953484
"CCTTATGTCTTGCATT-1","female","Oligodendrocytes",-0.609152293037297,6.23033629335536,0.126282336250093,-2.94112470307629
"CCTTCAGGTCATCCTG-1","female","Oligodendrocytes",-0.507721936534764,10.4230576602377,0.580792697206285,-2.21472528138439
"CCTTCAGGTGCTCCGT-1","female","Oligodendrocytes",-0.871747469734075,-0.518346205576525,3.06141007138803,-0.950897599842949
"CCTTCGGTCAAGTGAG-1","female","Astrocytes",-11.0349465368499,3.23045979417933,-7.29485833452627,-4.30982163110058
"CCTTGCGTCGGGACTC-1","female","Oligodendrocytes",-0.69402501566303,3.47620163835658,0.727232301667478,-2.76290800729076
"CGAAATGAGGCCCAGT-1","female","Oligodendrocytes",-0.686275219749333,6.49462614931239,0.359634103313234,-2.64326050439159
"CGAACAAAGTGTTGCG-1","female","Oligodendrocytes",-0.781552529167058,3.74985323824061,0.787433726772812,-1.24337997594158
"CGAAGAATCCAATTAG-1","female","Astrocytes",-9.31793603880298,0.685355223492517,-6.89349353121206,-5.00781204858105
"CGAAGCGAGCGAGCGA-1","female","Oligodendrocytes",-0.370704209636571,6.66368399538173,2.20380091859415,-0.0765915171174245
"CGAAGGCCAAACGCGA-1","female","Oligodendrocytes",-0.78750166876209,0.150631293431653,1.24599966599062,-0.520310665753289
"CGAAGTAAGCTCCCTG-1","female","OPC",10.3538617135774,2.40802822984828,9.49865687085703,-0.718604113247796
"CGAATCTAGCGGATTT-1","female","Astrocytes",-9.10024938566578,0.634752422348394,-4.92935120867178,-5.64216187157909
"CGAATCTAGGAGGGTT-1","female","Astrocytes",-11.1642733572234,2.88002954401149,-7.94591939257071,-4.42421868005077
"CGACCTGCAAACTAAG-1","female","Astrocytes",-10.8167668340911,1.63643656648768,-6.75276410387442,-4.61784079232494
"CGACCTGCACATAACT-1","female","Oligodendrocytes",-0.757498478721501,4.02549825586452,0.76283878280237,-0.463220383313103
"CGAGCGAAGGGTCTAT-1","female","Oligodendrocytes",-0.915103292297246,7.79377900041713,0.422862710490968,-3.32353737511913
"CGAGGAAGTATTTGGG-1","female","Oligodendrocytes",-0.746637916396977,0.296010061875715,-0.129487691387389,-2.74582054772656
"CGAGGAAGTGTTTGCT-1","female","Oligodendrocytes",-0.997682547401311,8.97856627382411,0.48016175819948,-2.6245870844392
"CGAGGCAAGGTGAAAT-1","female","Oligodendrocytes",-0.864987468551518,2.24312792696132,0.263680400386598,-3.35207321801464
"CGAGGTGAGGTCCTGA-1","female","OPC",13.6358880044709,3.43762598909511,9.90111220075205,-0.864904667523308
"CGAGTCGGTTACTTCA-1","female","Oligodendrocytes",-1.10217795355213,4.15868531145228,-0.288360116943571,-2.98359730401318
"CGATATTCAACACCTA-1","female","Astrocytes",-10.959308719467,1.64736543573512,-8.01634537981436,-4.60268309273998
"CGATATTCAATCGCAC-1","female","Astrocytes",-7.35986480696094,1.90084992326869,-8.50157773302481,-4.33715632119457
"CGATCCTTCAGGATGA-1","female","Oligodendrocytes",-0.717089271377446,4.88000164903773,0.366434874072816,-3.53499081292431
"CGATCCTTCGTTAAGC-1","female","Oligodendrocytes",-1.20547769052875,3.55622158922328,-0.192770956024382,-1.94999697366039
"CGATCCTTCTGTGAGT-1","female","Oligodendrocytes",-0.5217504857291,2.43272910989894,1.15121087624147,-0.922831322338982
"CGATTGAGTTATCCTA-1","female","Oligodendrocytes",-0.65761337263477,8.81449328340663,2.85088551236704,-0.655558373120232
"CGATTGAGTTCATCTA-1","female","Oligodendrocytes",-0.718389725517156,3.66143308557643,2.55430352880075,-0.99621989884655
"CGCAATCCATTGTGCA-1","female","Oligodendrocytes",-0.695012426208379,2.71970926202907,1.50726425839975,-0.681089069035454
"CGCAATGTCTCCTCAA-1","female","Oligodendrocytes",-1.11922368986499,2.83709131158961,0.151834966674593,-1.99322440781872
"CGCAATTAGCAAACCT-1","female","Astrocytes",-10.8806086538543,2.09458623804225,2.2416638155134,-0.647007848408623
"CGCAATTAGCAGGTTT-1","female","Oligodendrocytes",-0.664549445937993,7.30109702028407,0.924502620533254,-1.60498049416821
"CGCAATTAGGCATGAA-1","female","Oligodendrocytes",-0.213382875751378,7.85342751421107,0.81992968550339,-2.70151903786938
"CGCACAATCTTAGGAC-1","female","Oligodendrocytes",-0.225268578361394,10.3009587375082,0.925797129109647,-2.40169670739452
"CGCACAATCTTAGTGA-1","female","Pericytes",0.726100647617457,0.0949828175462623,0.705570759311464,0.765103471192913
"CGCACACAGAGGAGGA-1","female","OPC",12.922898197342,3.42378269113673,11.9866377134474,-0.897303487446709
"CGCATATAGTTAGTGC-1","female","Oligodendrocytes",-0.681891178916814,7.13814507402553,0.14366746141031,-2.44078161874096
"CGCCAAATCGCTATGG-1","female","Astrocytes",-10.927027797531,2.39730904974116,-7.69336259172842,-4.4792766825227
"CGCCACACATAAAGCA-1","female","Astrocytes",-11.0281039236296,3.50012741960658,-6.12989890383169,-4.80702879586498
"CGCCTCATCGCCTAAG-1","female","Astrocytes",-9.94502458555591,0.338784575239553,-7.56510388658926,-4.58955671944897
"CGCCTCATCGCTCACT-1","female","Astrocytes",-8.61189088804615,2.08824096597804,-5.54263484285757,-5.13586571374218
"CGCCTCATCTATTGTC-1","female","Oligodendrocytes",-0.478241896461369,8.94354544557704,1.2960484643133,-2.2583613649873
"CGCCTGTGTGTTGCTT-1","female","Astrocytes",-10.7419425009002,0.985952391997709,-8.35245454119131,-4.49005224862377
"CGCCTGTGTTGAATCG-1","female","Astrocytes",-6.92567453367603,1.92540012277736,-5.05109917925284,-7.08129456200878
"CGCCTGTGTTGTCCAT-1","female","Astrocytes",-9.12095365507496,0.603406362012758,-5.873205540642,-5.37487080254833
"CGCTAATAGAGAAGGG-1","female","Oligodendrocytes",-0.485723590682866,4.32128916658534,-0.0555390100328659,-2.54417994180004
"CGCTAATAGTTGGCCA-1","female","Oligodendrocytes",-0.760863876174809,8.47411881364955,0.585706593528535,-3.17034723916332
"CGCTACTTCATGGCCA-1","female","Oligodendrocytes",-1.0390143154372,2.63988314546718,0.230239154830721,-2.0473873869447
"CGCTATGAGAGGAGTC-1","female","Oligodendrocytes",10.6835974694978,4.24289213098659,2.54152047826364,-1.35445621171276
"CGCTATGAGGATGATG-1","female","Oligodendrocytes",-0.879074549507024,9.05790530122889,0.521638365522173,0.229394142243461
"CGCTCAGCATCCCGCT-1","female","OPC",13.0379771234285,3.44763623155726,11.3454061765821,-0.735092307713433
"CGCTTACTCTCCTCTT-1","female","Astrocytes",-10.9411898611296,2.07215605653895,-8.43915974901602,-4.48774101891796
"CGCTTCTAGCTCAATA-1","female","Astrocytes",-8.46683130247486,2.26484738268031,-5.06553399370596,-5.26360323586742
"CGCTTGCGTCTTACTA-1","female","EN",-4.93095025999439,-6.44926013074742,-6.39516627596304,3.21391508421619
"CGGACAACACACTAAT-1","female","Oligodendrocytes",-1.11266098005665,4.63339911378993,1.31785249902323,-1.26456453957836
"CGGACAACATTCCTGT-1","female","Oligodendrocytes",-0.636591291259648,-0.353519454821215,0.239913346305635,-0.212207819607659
"CGGACCTAGCCGCAAC-1","female","Oligodendrocytes",-0.863076186012151,0.98041318334712,-0.120275614723418,-3.09684970536511
"CGGACCTAGGGCTTTG-1","female","Oligodendrocytes",0.0514588596116286,8.01775084413661,0.0826730747373368,-2.31224277177136
"CGGAGTCTCCATAAGC-1","female","Astrocytes",-11.1235571859587,3.58380113519801,-6.59920108126089,-4.72238209405224
"CGGATTAGTCCTAAGA-1","female","Astrocytes",-11.0956660269011,2.53604994691981,-7.16291463182852,-4.51760771432201
"CGGATTAGTCGTAATG-1","female","Oligodendrocytes",-0.6560158489455,7.26334534563197,-0.0457540731279586,-2.16802623429577
"CGGATTAGTTGTTGCT-1","female","Oligodendrocytes",-0.54867223484409,4.97546730913295,0.698937522307184,-1.85493042626659
"CGGCCATAGCGCCTTT-1","female","EN",3.04023017900097,-13.3128441723429,1.34181988431528,7.17836377463062
"CGGCTAATCCGGGACT-1","female","Oligodendrocytes",-0.0171162245978135,9.56512747682704,2.50777828885629,-1.33812596955578
"CGGCTCACAATAGTCT-1","female","Oligodendrocytes",-0.633807635139348,8.86862955965175,2.13452494336679,-0.981291796353264
"CGGGACAAGCATGTTA-1","female","Oligodendrocytes",-0.58556154949558,-0.437824860437975,0.272223534122255,-3.36159947076122
"CGGGCTTAGGCTAAGA-1","female","Oligodendrocytes",-0.951557016204717,5.74953900255336,0.490361692443636,0.167549465510444
"CGGGTATGTCTTTGAC-1","female","Oligodendrocytes",-0.655847644637944,-0.663775578364001,0.150945188537386,-1.15280141988079
"CGGGTCTAGGTAAGCA-1","female","Oligodendrocytes",-0.610113119911077,7.93881474413051,2.49755382730081,-0.758332635548516
"CGGTAACGTAAAGCAA-1","female","Oligodendrocytes",-0.30187926275623,7.24521838106288,0.263667346969392,-1.99774601617138
"CGGTGAACATAATGTC-1","female","Oligodendrocytes",-0.519003307651402,9.62847529329432,-0.266861794456694,-1.84508564629833
"CGGTGAGAGTGAACGA-1","female","Astrocytes",-8.11280736906421,0.262230440751447,-8.50414216326163,-4.36681845345776
"CGGTTATAGCCGCTAA-1","female","Oligodendrocytes",-0.431537425350072,9.06217871584071,0.529910298124101,-3.10691359200756
"CGGTTCCGTTTAGTCC-1","female","Oligodendrocytes",-0.610362982581975,10.4644642917074,0.564836712613847,-3.40988209405224
"CGGTTGGGTCTTTATG-1","female","Astrocytes",-10.7853423116912,2.68640361704005,0.484478505388048,0.624204580399589
"CGGTTGGGTTATCCTA-1","female","Oligodendrocytes",-0.415113663505437,6.11573134340419,2.28719055844858,-1.19558456101696
"CGGTTGGGTTTATGGG-1","female","Astrocytes",-8.95929059965503,0.623788214997186,-6.49445140169546,-5.11728766122143
"CGGTTTGAGTGATTCA-1","female","Astrocytes",-10.0750370977629,0.314547851458921,-8.46111047075674,-4.54923489251415
"CGTAACTAGCCGCTAA-1","female","Oligodendrocytes",-0.720348334144475,7.83221636690272,2.02852404309824,-1.11121311345379
"CGTATTGCAGTCTAAT-1","female","Oligodendrocytes",-0.694068884681584,0.467195197717084,0.477757724061754,-2.91329982438366
"CGTCAATAGGACAACA-1","female","Astrocytes",-10.3369132040252,0.596061812490954,-7.21292435930655,-4.84120323815624
"CGTCATTGTAGGATCC-1","female","Oligodendrocytes",-0.841443872283818,4.90360222734584,0.135782005325105,-2.10970404305737
"CGTCCTAGTCATCATC-1","female","Oligodendrocytes",-0.662973499130132,1.30403672136439,1.14110535575464,-1.19976380029003
"CGTGACATCTACCTCA-1","female","Astrocytes",-10.7429257391204,0.804208278433218,0.612664895191934,0.649317019346551
"CGTGCTGCACATTAAC-1","female","Astrocytes",-9.85425100309742,2.12343727029933,-7.34136235521719,-4.39318230309765
"CGTGCTTTCCTCAGTC-1","female","Astrocytes",-10.0798731802214,0.265813812390699,-7.79018437670157,-4.77122166314404
"CGTGTTACATGTGGGA-1","female","Astrocytes",-10.0553112982024,0.198829874173536,-8.35647904680655,-4.58084442773144
"CGTTAACAGCCAGGTC-1","female","Oligodendrocytes",-0.835585331748845,4.76615534700526,-0.257249353393767,-1.99419763245861
"CGTTAACAGTGTTGCG-1","female","Astrocytes",-10.8563176153411,1.40456579603328,-8.06822716997549,-4.19856407799999
"CGTTAGGTCCAACTGG-1","female","Oligodendrocytes",-0.796374177764775,8.99047385133876,0.731540391281393,-2.87761619248669
"CGTTATTTCGCAACAT-1","female","Oligodendrocytes",-0.550782954524877,1.92919395841731,0.452754797473695,0.249627415749626
"CGTTGCAAGTTAACCA-1","female","Astrocytes",0.734000617433665,-9.53840626798497,-5.38870608614371,-6.07623341241161
"CTAAAGCTCTAATCTC-1","female","Oligodendrocytes",-0.507510459255101,9.66119013704432,0.306474329963472,-3.55014279046337
"CTAACCACAGCAACCT-1","female","Oligodendrocytes",-0.675083732437016,9.98879443086757,2.8633781690748,-1.18295004525463
"CTAACCTGTCATCCTG-1","female","Oligodendrocytes",-0.46080020649326,-0.224893287047015,2.67979312135294,-0.203442837384148
"CTAATCGCATTAGGTT-1","female","Oligodendrocytes",-0.698539113830449,7.70869265474452,0.56246549083307,-3.06498410859386
"CTAATGTCAAAGCTCC-1","female","Oligodendrocytes",-0.53711161596668,6.11634646333827,0.321259440913942,-1.81173589387219
"CTAATTGAGGAACGGT-1","female","Oligodendrocytes",-0.433885371517064,7.34192000307216,2.13434434129312,-1.14478900590221
"CTAATTGAGGATGATG-1","female","Oligodendrocytes",-0.874327397178533,-0.0805740507684808,3.21985018445566,-0.555833365109368
"CTACAACAGTAACGAG-1","female","Astrocytes",-8.50147924406421,2.07020436205043,-5.05848634050772,-6.16790535607617
"CTACCGGCAGCTTACA-1","female","Oligodendrocytes",-0.658068275283696,-0.411870017870532,1.92625212861612,-1.99820497193615
"CTACCTCAGTCATTAG-1","female","Astrocytes",-9.03874597532642,0.272603556290998,-5.32539880083487,-5.89230969109814
"CTAGATTCATGGCCCA-1","female","Oligodendrocytes",11.2645501138459,3.92771969713344,0.673439608946588,-3.47210457482616
"CTAGCGGGTACTGAAT-1","female","Oligodendrocytes",-0.0832543729056138,6.77215205110682,2.95720374776438,-0.954849745419426
"CTAGCGGGTGATGATT-1","female","Astrocytes",-9.91600141508472,2.09868715681209,-8.4648164491503,-4.35972788491528
"CTAGGCGGTAGTTAAC-1","female","Astrocytes",-10.8725243566741,1.0390385834135,-7.19653165148184,-4.87672712960522
"CTAGGCGGTCATAACG-1","female","Astrocytes",-10.9714852331389,3.63655076898707,-7.38916623400137,-4.57671072640698
"CTAGTAATCCTGGCTT-1","female","Oligodendrocytes",-0.387908315490605,9.21556387819423,0.745329493716505,-3.38792040505688
"CTAGTAATCTAAGTGC-1","female","Astrocytes",-11.0818167684783,1.35026286520137,-6.8616875390856,-4.64644673028271
"CTAGTAGGTCACTCGC-1","female","Oligodendrocytes",-1.02602741701496,4.26576457895411,0.286571325794008,-1.96866705575268
"CTAGTGAGTTGTAACG-1","female","Oligodendrocytes",-0.998163437675359,3.35855136789454,2.36646509362772,-0.973966385510369
"CTAGTTGCACATTGCA-1","female","Astrocytes",-10.8345852850188,1.56490419782771,-7.34943520830557,-4.62239983239452
"CTATGAGGTGATGATT-1","female","Oligodendrocytes",4.01087059991467,-14.2595280560099,1.2903304715307,3.13097641310413
"CTATGATCAGGCCTTG-1","female","Oligodendrocytes",-0.379012799095036,7.81905995287074,3.10047567082956,-0.680527354863091
"CTATGATCATGCAACC-1","female","Oligodendrocytes",-0.745030140708806,4.32006965555324,3.09420430852487,-1.03091778912823
"CTATGTTTCCTCACTA-1","female","Astrocytes",-10.6518593786467,0.835631981269254,-8.1557983140795,-4.65360167184155
"CTATGTTTCGGTCATG-1","female","Oligodendrocytes",-0.777750468086125,9.80158816255702,0.337957741752412,-1.92283084550182
"CTATTGAAGGTCCACA-1","female","Oligodendrocytes",-1.04241702539814,3.7435833064474,0.48527011467531,0.286282007309989
"CTATTGAAGTATTGCA-1","female","Oligodendrocytes",-0.302203214000585,10.1415492144979,-2.66949665354178,-2.47475626626293
"CTATTGAAGTTATGTG-1","female","Oligodendrocytes",-1.08099327070606,2.76473389543666,2.57836711598947,-0.175547029164238
"CTCAATAAGCAGGTTT-1","female","Astrocytes",-11.0752526281585,3.36713753618373,-8.03929173754141,-4.3831868425874
"CTCAATAAGTGGCGGA-1","female","OPC",11.8278397561799,3.02999030031337,11.5289160032423,-0.54019441762249
"CTCAGGATCACCTGTC-1","female","Astrocytes",-10.9847613332976,2.61542235292567,-7.4033282976,-4.66912081399242
"CTCATCATCGCAATCG-1","female","Astrocytes",-10.1300765035857,0.371308892742528,-7.9571841935961,-4.64104702630322
"CTCATCATCTCACACC-1","female","Oligodendrocytes",-0.519525742362859,7.50041304506434,2.67032933427408,-0.330377484944268
"CTCATGCTCCTAGTTT-1","female","Oligodendrocytes",-0.693761682342412,-0.332571163996325,0.622788177862909,-0.909237529423638
"CTCATTGTCATTAGGC-1","female","Astrocytes",-10.7440443990935,1.20886735595836,-6.64911019609854,-4.68388321557324
"CTCCAAACACTAAGTT-1","female","Oligodendrocytes",-0.769621825050237,-0.4964810761057,2.70003915025308,-0.579260493901177
"CTCCATCAGCTTCCCG-1","female","Astrocytes",-10.3160811422576,0.373143538609876,-7.62057721422598,-4.45008709588329
"CTCCCTGAGTCATGCG-1","female","Astrocytes",-10.9941502569426,3.25034986414088,-6.38131940172598,-4.64141752877514
"CTCCGGACAGGTATTT-1","female","Astrocytes",-10.0660897253264,1.95048521436824,-5.72140157030508,-5.06899311700146
"CTCCGTCCAGGTTCAC-1","female","Oligodendrocytes",-0.886346554588201,0.457499503866567,2.28945863439157,-0.512865687992974
"CTCCTAATCAAATCGC-1","female","EN",14.2027939798127,-5.55411709867345,0.0976208467633988,3.33102915129383
"CTCCTAATCATGTGGT-1","female","Oligodendrocytes",-0.605097150634648,9.62264262117518,0.270895602241304,-2.31964781441967
"CTCGCTAGTATTACCC-1","female","Oligodendrocytes",-0.643909430335881,10.7419901935018,2.99361646367624,-0.980941321041985
"CTCGCTAGTGGATGTC-1","female","Oligodendrocytes",-0.909906959365727,4.18322955049647,2.88613259984567,-0.841014768269463
"CTCGCTAGTTGCACAA-1","female","Oligodendrocytes",-0.652952647041203,1.39828698314799,1.29826784326151,-0.634072686818047
"CTCGCTCCAAGGTCGA-1","female","Astrocytes",-8.46943101866138,2.01575611509456,-5.59517800615713,-5.06414654412548
"CTCGCTCCATCCTGAA-1","female","Oligodendrocytes",-0.587173914741399,3.88216911234034,2.22875702573374,-0.731682445195122
"CTCTAAGCAAACGGGC-1","female","Oligodendrocytes",-0.651384091209294,11.1258441058554,2.35694813920572,-1.51213267007153
"CTCTAAGCATGAATCT-1","female","Oligodendrocytes",-0.909758424590947,4.18836365617885,-0.167917845710966,-2.79540064492504
"CTCTAAGCATGCTTAG-1","female","Oligodendrocytes",-1.01802000982654,2.87961445726527,2.49317527009561,-0.51141503014843
"CTCTATGTCGCAACAT-1","female","OPC",9.80869760530102,2.18482647813929,9.48432886792734,-0.634013082173272
"CTCTCACAGGCTTAGT-1","female","Astrocytes",-8.59273920042408,1.82424364961757,-5.21979176805899,-5.42356207528393
"CTCTGTTCAATAATCC-1","female","Oligodendrocytes",-0.8235282657851,8.08579359926356,0.273689033523348,-1.45581486382763
"CTCTGTTCAGGCAAGC-1","female","Astrocytes",-10.9110775945891,1.76459668554439,-7.45052373217032,-4.47526648202221
"CTCTTGATCACCTGCT-1","female","Oligodendrocytes",-0.652075624297978,10.2134085742391,0.393974067703035,-1.25875928559582
"CTCTTGATCCAGGTCA-1","female","Oligodendrocytes",-0.726316785644414,9.45690260805262,-0.816253898605559,-1.60153010049145
"CTGAAACTCACAGGAA-1","female","Oligodendrocytes",-0.898195957969548,7.62249766267909,2.10641527368143,-1.40107968011181
"CTGAAACTCATAGCCG-1","female","Oligodendrocytes",-0.575783407520177,1.69007788576259,-0.173711178764555,-1.33079388299267
"CTGAATATCCCTCTAA-1","female","OPC",13.4895276071321,3.41951929010524,1.02901745034769,0.162988637301521
"CTGACATAGGAACCAA-1","female","Astrocytes",-10.3861609457244,0.474478125349416,-8.34272420214102,-4.46777393975536
"CTGACCAAGCGCAATT-1","female","Oligodendrocytes",-0.362525260280492,7.15103970445765,0.137271763816621,-1.41823747315685
"CTGATCACACTTCACT-1","female","OPC",13.0728596688997,3.42656646646632,10.0517078657301,-0.764902617123528
"CTGATCACAGCATGTC-1","female","Astrocytes",-10.7223692892302,0.832927182093992,2.67353117658212,-1.09430768647472
"CTGCTATGTCCTAATC-1","female","Oligodendrocytes",-0.927103853057744,1.09683440603389,-0.116255519851897,-2.70950725236218
"CTGCTCCCAATTGAAG-1","female","Oligodendrocytes",-0.781736707519414,1.33651541151179,2.67725491715982,-0.489165331509514
"CTGGTAAGTACGGGTT-1","female","Oligodendrocytes",-0.314397728275182,8.56999216951503,0.384939255252626,0.0731203897925181
"CTGGTAAGTCCAAGAC-1","female","OPC",11.2456873895417,2.89896713174952,0.960175620451715,2.98234269461353
"CTGGTAAGTGAAACAA-1","female","Oligodendrocytes",-0.978668546508672,7.53914128221644,0.737894991472509,-2.05312135377209
"CTGTACCTCCTCACTA-1","female","Oligodendrocytes",-0.612304961513402,10.7487860766806,-0.56922828958914,-3.44254925408642
"CTGTGTGAGCGATACT-1","female","Oligodendrocytes",-1.21165285093677,2.95250473894252,1.93142533494547,-0.564990188267632
"CTGTGTGAGTAACTCA-1","female","Astrocytes",-10.9622260092009,2.14306937135829,-8.37161671923086,-4.55892613091747
"CTGTTAAAGGAGTCTT-1","female","Oligodendrocytes",-0.90318701250446,6.15024577058925,0.37831992103174,-3.30363824525158
"CTGTTCATCAGCACCA-1","female","Astrocytes",-11.0198698995818,3.59198461450709,-7.46550023363516,-4.24756910958569
"CTGTTGGAGTATCGCG-1","female","Astrocytes",-9.21240816099537,-0.0256881269060235,-8.42786729143545,-4.53150799432079
"CTGTTTAGTGGTTCTT-1","female","Astrocytes",-11.0019112585295,3.49494038499965,-6.56383168505118,-4.95120384850781
"CTTAACAAGGAGGTTA-1","female","Oligodendrocytes",-1.03532836420429,2.00884376443995,0.4113897402437,-2.30258467355053
"CTTAAGGGTTTGAGGC-1","female","Oligodendrocytes",-1.09286484701526,2.87835107721461,0.711679475441721,-1.79932549157421
"CTTAATGAGCTTTGGG-1","female","Astrocytes",-11.3330584524382,3.10076771654262,-7.53762471483633,-4.67440035500805
"CTTACCTCAGCAACCT-1","female","Oligodendrocytes",-0.845368480514409,7.98909579195155,0.472132267490175,-1.89566185632031
"CTTACTAGTACTGATG-1","female","Astrocytes",-10.5419751165618,1.41779540456904,-6.7243322114794,-4.92849257149975
"CTTACTAGTGCTTTAC-1","female","Oligodendrocytes",-1.02602360231769,2.44611977018489,2.70645141793802,-1.12706914105694
"CTTATGTTCTAGCTAA-1","female","Astrocytes",-10.237047290634,0.467435531095399,-8.33604562090323,-4.29223635354321
"CTTCAAGCATAAACCT-1","female","Oligodendrocytes",-0.635618066619756,7.22576342500819,2.43583262158945,-0.615546251919671
"CTTCACTCAGTCTAAT-1","female","Oligodendrocytes",-1.07533047182453,3.8423222152151,2.48662746144846,-1.13343360581677
"CTTCTAAGTGAAACAA-1","female","Astrocytes",-10.8183756826628,2.77130375780238,-8.48917043016836,-4.46894695916454
"CTTCTAAGTTATAGCG-1","female","Oligodendrocytes",-0.767928814720036,1.18675599969996,2.98779952718332,-0.332620050099297
"CTTCTCAAGGCTGTCA-1","female","Astrocytes",-8.82490453703296,1.59233210958613,-5.75241553591177,-5.3470573679475
"CTTGACGAGCTGCACA-1","female","Oligodendrocytes",2.11739518659222,-4.64726103864537,-0.126939890846465,-2.78422072091381
"CTTGACGAGCTTATGA-1","female","Oligodendrocytes",-0.632703757118108,8.39426289476527,0.105373384490755,-2.08905794778149
"CTTGACGAGTCAGGCC-1","female","Pericytes",2.30481543557751,0.434596285001173,0.705132113829401,0.218916152331428
"CTTGCAACAAAGCGCA-1","female","Astrocytes",-11.1244097707976,3.65035544313563,-7.36784589098379,-4.65791609444897
"CTTGCAACAAGTGAAC-1","female","Oligodendrocytes",-0.850919341873052,4.40206228174342,1.64238715364054,-0.788163091328545
"CTTGCAACAGGCTGTT-1","female","Astrocytes",-10.9498787878264,2.54907236971034,-7.99664723680899,-4.49354317345898
"CTTGCAACAGGTATTT-1","female","Oligodendrocytes",-0.491326367687108,5.51708660997523,-0.475169656738493,-2.2036841169862
"CTTGCAACAGTTATCG-1","female","Oligodendrocytes",-0.249640977214696,9.52739439882411,0.0449975748212601,-2.43068769135754
"CTTGCATGTATGGTGC-1","female","Oligodendrocytes",-0.940386271308782,0.899587496892347,-1.25883114145682,-2.84182479539196
"CTTGCATGTCTTACTA-1","female","Oligodendrocytes",-0.559282398055913,3.13751684106959,2.59285950852945,-0.782629872944756
"CTTGTAAAGTAACCCG-1","female","Oligodendrocytes",-0.951103424857976,7.99111758150233,-0.258233545288298,-2.19244744935314
"CTTGTCCAGTTAGAGG-1","female","Oligodendrocytes",-0.778620338271977,5.42252884782924,3.1661776323469,-0.651579286244317
"CTTGTTCCAATATGGA-1","female","Astrocytes",-8.20423421842945,2.22118161596431,-4.89584338472769,-5.50688269295971
"CTTGTTTAGTTAGCCG-1","female","Oligodendrocytes",-0.749276971649053,7.16198836244716,2.54083109094217,-0.634125854161187
"CTTTAGGCAACTAACT-1","female","Oligodendrocytes",-0.668355440925481,0.436132386104002,2.06693434907511,-0.747728015568657
"CTTTAGGCAGTCTAGC-1","female","OPC",12.3758448602449,4.03950987733973,11.1724954862745,-0.682833458569451
"CTTTAGTTCCTAATTC-1","female","Oligodendrocytes",-0.274094796012761,7.69083033479823,0.119585217967775,-2.75517180123608
"CTTTAGTTCCTTAGGG-1","female","Astrocytes",-10.6952029226531,1.57267199434413,-6.17920148180411,-5.22407248177807
"CTTTATGGTTGCGGAT-1","female","Oligodendrocytes",-0.239641702007176,7.90027438081874,0.855400573987659,-1.63301518121044
"CTTTCTTGTATTTGCC-1","female","Oligodendrocytes",-0.476972913574101,9.43636523164882,-0.0238884072153305,-1.4294777170686
"CTTTCTTGTGCTGTAA-1","female","Oligodendrocytes",-0.796742296050908,8.12771855272426,0.773514876201894,-3.30958798089306
"GAAAGGCTCTACTAAG-1","female","Oligodendrocytes",-0.748874759506108,1.79074595846309,2.06957876874521,-0.34687223592083
"GAACCAAAGCATGACT-1","female","Oligodendrocytes",-0.517261004279973,8.89811430849208,2.64764416410044,-0.736383582737847
"GAACCAAAGCTATATG-1","female","Oligodendrocytes",-1.07043228132618,3.48870263971461,-0.0676779131738876,-2.1504409567384
"GAACCAAAGCTCAAAC-1","female","EN-fetal-late",14.6259306909333,-5.34199179731236,0.501165660157945,0.424321298214988
"GAACCAAAGTAACCAC-1","female","OPC",12.6634348871003,3.71276698984279,11.6415420789869,-1.01840951600353
"GAACCAGCACGTGCTG-1","female","Astrocytes",-10.4753848074187,1.70593462862147,-5.9156483392565,-5.53639319100659
"GAACGAATCCTAAATG-1","female","Astrocytes",12.6715582849275,4.35402642168178,1.96158480836466,2.97110435805042
"GAACTTATCCAGCACA-1","female","Oligodendrocytes",-0.228931283782842,7.07557450212611,2.93338120175913,-0.955934430745049
"GAACTTATCCGCAAGC-1","female","Oligodendrocytes",-1.06047425253284,0.520738914386167,-0.00226670311376798,-3.06796410241406
"GAACTTATCGCAAACT-1","female","OPC",13.5375155450593,3.41085396684779,9.88896525098398,-0.765382076886101
"GAAGCTAAGCTCCTAC-1","female","OPC",13.1851576806794,3.27176390566005,10.9824129362257,-0.826376701977654
"GAAGGAACACAGACTC-1","female","Astrocytes",-8.81709775907886,0.783062800542249,-5.88915097521231,-5.95134546914379
"GAAGGAACACCAACCG-1","female","Astrocytes",-11.4310322759856,2.58654795564784,-7.97265374468252,-4.37919237771313
"GAAGGAACAGTAGGTG-1","female","Oligodendrocytes",-0.41211161596668,5.13045655168666,2.34035325242594,-0.469936753895684
"GAAGGATGTAGCCTAA-1","female","Astrocytes",-10.9891491888274,3.43640838541163,-7.09555136965201,-4.71467020669262
"GAAGGATGTGCCTCAC-1","female","Oligodendrocytes",-0.623204564880254,2.22761891760005,0.818988768443611,-1.2356642738847
"GAAGGCTAGAGCCGCT-1","female","OPC",12.9159153939973,3.24150143541469,10.3861709852369,-0.611732269909783
"GAAGTATAGGCTACTG-1","female","Oligodendrocytes",-0.788401341270329,0.116519853249921,0.398656101957109,-2.31922724404614
"GAAGTATAGGGTTAGA-1","female","OPC",12.7684554101716,3.77183471597804,10.3620983381422,-0.952815558102532
"GAAGTCAAGCAAGGTA-1","female","Oligodendrocytes",-0.899843787979009,4.54497824587001,0.35223069979265,-1.38134339013378
"GAAGTCAAGGTAAGCA-1","female","Oligodendrocytes",-0.985545492004277,5.37238703645839,0.584781022802141,0.104659829947547
"GAAGTCAAGGTCATTA-1","female","Oligodendrocytes",-0.768413281272771,2.50724087633265,0.322305323615816,-1.03975930371563
"GAAGTGATCAGGAACA-1","female","Oligodendrocytes",-0.248690938781621,7.9207507220663,0.296093525424745,-2.14297821679394
"GAATTTGTCAGCAAGA-1","female","Astrocytes",-10.1677676199187,0.698176204935445,-6.46794259355948,-5.18267014184277
"GAATTTGTCATGACCG-1","female","Oligodendrocytes",-0.125528728793981,8.14335261263026,0.355103435054567,-1.70211270013134
"GACAATACAGCTTACA-1","female","Oligodendrocytes",-0.438979780506017,6.41134415544642,-2.26644313143179,-0.473330284741326
"GACAATACAGGTATTT-1","female","OPC",8.84790220277416,2.14383254922999,11.343594195381,-0.887533690121575
"GACACCGGTAAGCTCA-1","female","Oligodendrocytes",-0.312406039070012,8.43851529039515,2.64314675523355,-0.886132027295037
"GACACCGGTCATCCTG-1","female","Astrocytes",-11.1667204855193,3.18525873102321,-7.62573182390616,-4.58119871773998
"GACATAGAGGAGTCTT-1","female","Oligodendrocytes",-0.921837067436101,3.98164235033168,2.96853220655039,-0.901764418270989
"GACCGAACAATTAGGA-1","female","Oligodendrocytes",-0.696120357345464,8.96818838991298,0.429456533923891,-3.11779978432934
"GACCTAAGTGTTAAAC-1","female","OPC",13.4566115381013,3.42617522157802,9.54743635846689,-0.658539916661187
"GACCTCAAGCGCCTTT-1","female","Microglia",-9.29801759703052,13.6238080111898,0.794835450187471,-8.41467049279492
"GACCTCAAGGACCTTG-1","female","EN",14.8201140405427,-5.52229441724645,0.816982721969631,3.87371609053333
"GACCTCAAGGCTTAAC-1","female","Oligodendrocytes",-0.561696863006474,4.80500946916713,1.89425325585916,-0.592763926175042
"GACCTGATCTAGCGAT-1","female","Oligodendrocytes",-0.62311015112293,0.0485219804204841,1.19536727859094,-1.88391878762524
"GACCTGCAGATAAAGC-1","female","Oligodendrocytes",-0.653861975501897,7.99847422517909,0.312793912425783,-2.55991413750927
"GACCTGCAGCATTTCT-1","female","Astrocytes",-10.7340537069548,1.56191728986873,-6.10793769167349,-4.99413063683788
"GACCTGCAGTCTCACC-1","female","Astrocytes",-10.4796563146819,0.691462285593881,-8.11588513658926,-4.65552857079784
"GACGCCTAGCCTGTGA-1","female","Astrocytes",-11.1917391775359,1.6784913388647,-7.43292748735831,-4.59733488717358
"GACGCCTAGCTAAAGG-1","female","Astrocytes",-11.2042170522918,1.29158113874568,-7.15230595873282,-4.51786472955029
"GACTAATGTACGATTG-1","female","Astrocytes",-7.69316873533619,1.2378095237173,-5.5228899698107,-5.21770432153027
"GACTCACCAATTAGCT-1","female","Oligodendrocytes",-0.386492228340032,8.67170630373134,1.51692670775965,-1.2572980181245
"GACTTAGGTGTTCCCA-1","female","OPC",12.1820706369172,4.20355091966762,9.64447939588144,-0.527529622700615
"GACTTGGTCGATTTGA-1","female","Astrocytes",-10.9082165716399,3.40596781648768,-7.50186955736563,-4.72187950768749
"GAGAAACGTATTGTCC-1","female","Astrocytes",-10.8143454550017,1.98249469675197,-8.38290822313711,-4.59039595284741
"GAGAAACGTGCTGTAA-1","female","Oligodendrocytes",-0.911171173881413,7.26209603227748,0.0752353091390396,-3.05956986108105
"GAGAACCAGAACCTAC-1","female","Astrocytes",-11.1904450414885,1.52713821806086,-8.20597111986563,-4.50950195946972
"GAGAACCAGGTCCACA-1","female","Astrocytes",-11.1577569006194,1.30664382852687,-6.81082999514029,-4.99203827538769
"GAGCAAATCTTGCAGG-1","female","Oligodendrocytes",-0.783749794792058,9.63069067873134,3.07606423093393,-1.02868750253002
"GAGCCACTCACGTTAA-1","female","OPC",11.2055434228669,3.84997092165126,3.43815267278269,-0.772336746838494
"GAGCCACTCATCCTCA-1","female","Oligodendrocytes",-0.41886905414951,4.40539775766505,1.43920701934412,-1.55941512742321
"GAGCGAAGTGTTTGAG-1","female","Astrocytes",-10.0467883108367,1.97620581068171,-6.34901034639761,-4.88373568215649
"GAGCGATAGCACCACA-1","female","Astrocytes",-10.2921467779387,0.773447781578435,-8.2280410508959,-4.60716059365551
"GAGCGATAGCGGATAA-1","female","Oligodendrocytes",-0.24715456945789,7.69754897035731,-0.286543486580107,-2.89153196969311
"GAGCGATAGCTCCTAC-1","female","IN-MGE",-4.24586687071216,-6.45931710325109,1.31676680041864,4.04860732397755
"GAGCTAGCAACAACAA-1","female","OPC",13.6971501352082,3.40663944162501,9.79021990491464,-0.858388926175042
"GAGCTAGCAGCTCAAC-1","female","Astrocytes",-10.9136487005461,1.21469949163569,-6.46332347200796,-5.1604814783601
"GAGCTTGTCATAACCA-1","female","Oligodendrocytes",-0.706582641433599,5.14187394060267,-1.4800695161669,-1.54418184914867
"GAGCTTGTCCTCACAC-1","female","Oligodendrocytes",-0.868977045844914,6.62410794176234,0.276916982665804,-2.67359378495495
"GAGGACTAGGAGGGTT-1","female","OPC",11.9594363214265,3.16163001932277,9.70884001447275,-0.677940513279839
"GAGGACTAGGGACGCA-1","female","Oligodendrocytes",-0.666537499259831,0.61981835939063,0.483807714715746,-0.241359855320855
"GAGGCTTGTTTAACGG-1","female","Astrocytes",-11.0966015814055,1.72068618215693,-6.9299133996813,-4.87770989098827
"GAGGTACAGCTAATTG-1","female","Oligodendrocytes",-0.49975398762119,9.17437849916591,2.39727771474436,-1.36657192864697
"GAGGTACAGTTTGGTA-1","female","Oligodendrocytes",-0.12337664348972,7.73677884019984,0.0114414711149002,-1.62861135163586
"GAGGTAGGTAACGAGG-1","female","Microglia",-0.693460559677007,-0.286595598085986,0.404741587177065,-7.27697708764355
"GAGGTAGGTTAATCGG-1","female","Astrocytes",-10.502262210678,1.70944534219874,-6.98285376833365,-4.73141291299145
"GAGGTGAGTTGGATCA-1","female","IN-CGE",1.26324447410214,-5.35619534574376,-4.3291963319628,10.6139893277617
"GAGGTTAAGTAAGAAC-1","female","Oligodendrocytes",-0.681797838043096,6.83038340486659,-0.316406844124052,-1.63775851884167
"GAGTAATAGTAATCCA-1","female","Astrocytes",-8.34458456022632,2.3327128735937,-5.18604409502432,-5.21739008584301
"GAGTCAAAGACAGGCG-1","female","OPC",12.8349293710481,3.29583607591762,10.803404452339,-0.619488741543694
"GAGTCAAAGGGCTAAA-1","female","Astrocytes",-10.968947505783,1.77737818636073,-7.82310616777823,-4.44383480706493
"GAGTCATTCGTTAGTA-1","female","Astrocytes",-11.244299030136,1.5744070259489,-6.84786069200918,-4.67967512765209
"GAGTGATCAGGCCTTG-1","female","Astrocytes",-8.57171258909595,2.12695620931758,-5.91605031298086,-5.17685272851269
"GAGTGTTTCTGGCATG-1","female","Oligodendrocytes",1.28091886060345,-11.0388449581705,2.23899209691599,-1.01642468133251
"GAGTTGCGTAGGTTGC-1","female","Astrocytes",-8.28847894651783,2.09598360933436,-7.26472508715079,-4.61335184731762
"GAGTTGCGTGAGCGAA-1","female","Pericytes",2.05577292459118,0.3568845240034,2.47415268613413,-2.38955023446362
"GAGTTTGGTTTGTGGA-1","female","Oligodendrocytes",-0.588030552696111,10.7863732425131,1.02593772305563,-3.08871414819042
"GATAAAGGTCATCCTG-1","female","Oligodendrocytes",-0.945188617538335,7.86692200578822,2.33720660401895,-1.33114912667553
"GATAAGCCAATTAAGG-1","female","Oligodendrocytes",-0.827147221397283,4.74958048738612,2.55488228990152,-0.67855074563305
"GATAAGCCATTAAGCT-1","female","Oligodendrocytes",-0.622954702209355,6.35432492174281,0.366300078168657,-2.59936263718884
"GATCACTAGGCTTAGT-1","female","Oligodendrocytes",-0.163756406139256,8.98987494386805,0.267037035957124,-3.34109642663281
"GATCCGTCACCGGCTA-1","female","Oligodendrocytes",-0.998004531692388,4.90816412843837,-0.304410574897978,-2.54944851556103
"GATCCGTCAGGCTAAG-1","female","Oligodendrocytes",-0.691749667953374,7.84448920168056,2.92460763646677,-0.611827637341424
"GATCCGTCAGTATGTT-1","female","Oligodendrocytes",-0.601036822627904,0.0389037577070136,0.96593957586601,-0.584489251759453
"GATCGAGCAGCTTACA-1","female","Oligodendrocytes",-0.581836199592473,1.97265873827113,2.34967231942728,-0.297626818802758
"GATCGCTCACTTAACG-1","female","Oligodendrocytes",-0.512332415412786,2.87472568430079,2.63590002252176,-1.43826987901012
"GATCGCTCATAAGCAA-1","female","Oligodendrocytes",-0.787255143951299,7.19762955583705,1.92297136975839,-1.72589590707104
"GATCGCTCATTAAAGG-1","female","Astrocytes",-9.30830583555591,0.132724538222684,-8.55252587603018,-4.30527880349438
"GATCGCTCATTATGGT-1","female","Oligodendrocytes",-0.548060214351537,8.65547095216884,0.435952635541704,-1.40260579743664
"GATGACTTCGGTTCCT-1","female","Astrocytes",-10.2903738973845,0.407380774394407,-8.52581345842764,-4.37287523904125
"GATGAGGGTTTAAAGC-1","female","Oligodendrocytes",-1.06817266924274,1.04954601802005,1.88907933427408,-2.06207444825451
"GATGCGACAGGCTACT-1","female","OPC",13.1561936380159,3.39574919618739,11.0738807935865,-1.00683214822094
"GATGCGACATCTTGAG-1","female","EN",3.37011017816174,-12.9303654583536,1.65323096705988,-1.53326299348156
"GATTAAGCATACCCGG-1","female","Oligodendrocytes",-0.831415867637517,5.93953476823939,0.258249523177889,-1.03076257863323
"GATTACGGTTAGTACG-1","female","OPC",11.6480282785188,3.79104028619899,10.1987482328565,-0.516699101117058
"GATTAGCTCCGCAACA-1","female","Oligodendrocytes",-0.962238049339177,4.62580738939418,1.19625988794878,-0.514245893147393
"GATTAGTGTCTAACAG-1","female","Oligodendrocytes",-0.337669765781285,9.95225916780604,2.71911370946482,-1.16880419411938
"GATTAGTGTTACGCAA-1","female","Astrocytes",-10.5593510626067,1.88322661794795,-8.12300050066397,-4.58817103066723
"GATTCATCAATAGCAA-1","female","OPC",10.5740794183503,2.28982864297999,9.58265078260019,-0.595072175648613
"GATTCATCATAGTCAT-1","female","OPC",10.554510975052,2.76493774332179,10.1496349592359,-0.807325984623833
"GATTCATCATGAGCAG-1","female","Oligodendrocytes",-0.218172406982305,7.27794228471889,0.0640495438726212,-2.46680405297558
"GATTCCTGTTACAAAC-1","female","Oligodendrocytes",-0.579049503635289,3.4957703200735,2.26190900994852,-0.146254266884728
"GATTCCTGTTGCACAA-1","female","Astrocytes",-11.2423535345305,1.50083969511165,-6.49362599657461,-5.08367350259106
"GATTCCTGTTGCTTCG-1","female","Oligodendrocytes",-0.756170129608037,2.10825668253077,0.585128428474214,-2.09879019418041
"GATTGGTTCTAATCCT-1","female","Astrocytes",-11.1681204794158,2.26904295362605,-7.70318066881582,-4.54933598199169
"GATTTGCAGCTAAGTC-1","female","Astrocytes",-10.4330864904631,1.22198419250621,-6.934569237694,-4.76729538598339
"GCAAACAAGGATAAAC-1","female","Astrocytes",-8.88369092924488,1.94539152063502,-5.89988696382925,-5.19538166680615
"GCAAACAAGTGAGCGG-1","female","Oligodendrocytes",-0.693692064117314,6.82962618745936,1.02076326502874,-2.52091577210705
"GCAACAGCAAATGCCC-1","female","Oligodendrocytes",-0.716267800163152,-0.166185692175494,1.67262798739984,-0.783293749478264
"GCAACAGCAGGATGGC-1","female","OPC",13.4092244149934,3.37880884088649,10.9218155164869,-0.585649038937493
"GCAAGCCTCGAGCTAT-1","female","Astrocytes",-10.295851802658,0.498723625913991,-6.54460894869253,-5.01786711373608
"GCAATAGAGACAAACG-1","female","Oligodendrocytes",-0.658329820464971,-0.348814681395159,3.08640659047678,-0.644411708500786
"GCAATCTAGAACAAGT-1","female","Oligodendrocytes",-0.589503979514958,6.90591870226039,0.504303278461244,-1.78941109338085
"GCAATCTAGCGGATTT-1","female","Astrocytes",-11.3503848074187,3.05234418787135,-8.27571046160147,-4.26021769204418
"GCAATGTTCACAGGAA-1","female","Oligodendrocytes",-0.467968916725041,8.7742024508871,0.0838224311025406,-2.72849610009472
"GCACATTAGCGGTTAT-1","female","EN",4.53473844544995,-13.2842043789469,2.50247502519205,6.74946734747608
"GCACATTAGGCATTAC-1","female","Oligodendrocytes",-0.212863302062871,9.93652449525966,0.557484211459901,-3.00397398629467
"GCACGGTTCCACCTTA-1","female","Astrocytes",-10.6325322149504,0.762428253666296,-7.16962373064444,-4.34849503197949
"GCACGGTTCCCGAACA-1","female","Oligodendrocytes",-0.318646764587285,10.1250115481771,1.45024043513849,-2.42971780457775
"GCACGGTTCCGGTATG-1","female","Oligodendrocytes",-0.728705501388432,2.95429860033168,0.234753014579561,-1.93468740144054
"GCACTAAGTGAGGTAG-1","female","Oligodendrocytes",-1.15465769750965,7.24225006975306,0.198370220199373,-1.29607036271374
"GCACTAAGTTAGCAGC-1","female","Oligodendrocytes",-0.492328619789006,5.83587180055751,0.191808762088564,-2.37753346123974
"GCAGCTATCAAATCGC-1","female","Oligodendrocytes",-0.620838856529119,5.51967965044154,0.203844191566255,-3.00397541680615
"GCAGCTATCCGTCCAT-1","female","Astrocytes",-10.9167281149138,3.26752363123073,-8.54533707903311,-4.24657108941357
"GCAGGAAGTTCATTTG-1","female","EN",3.47594275491345,-13.4152783306681,2.4411883373411,7.11504790625294
"GCAGGATAGAACAAGT-1","female","Oligodendrocytes",-1.03341612799061,2.36789725698604,-0.363191602691862,-2.12220862069408
"GCAGGATAGATTGAGG-1","female","Oligodendrocytes",-0.944503640960576,2.4958559123434,0.470403434768465,-3.33079435982983
"GCAGGCTTCAGGCTAT-1","female","Oligodendrocytes",-1.03944716436756,2.95229874529017,3.07744968129709,-0.570335890438958
"GCAGGCTTCCGGTTGA-1","female","OPC",13.1172598840486,3.49282895006312,9.77435076428964,-0.771362210896416
"GCATGAAAGGGCCACT-1","female","Oligodendrocytes",-0.71216294748676,5.02691708482875,2.41438579751566,-1.08067181268017
"GCATTGCCAGGAACTG-1","female","Astrocytes",-8.04189977629078,2.13441072382106,-5.07241904543326,-5.35433819451611
"GCCAACATCAAGTGTC-1","female","Oligodendrocytes",-0.738185024093511,1.64013658441676,1.74040156795099,-1.91431596436779
"GCCAACATCCGCAAAT-1","female","Astrocytes",-11.0693999288787,1.69904504694117,-6.6837671975939,-4.95530131020825
"GCCAACATCCTCAGCT-1","female","Oligodendrocytes",-0.700060462783696,6.65458975710048,0.798183342501667,-1.56428649583141
"GCCAATAGTTCAAGCA-1","female","Oligodendrocytes",-0.682844614814641,0.783074378744497,2.77379119588449,-0.345731045391961
"GCCACAATCACTCAAA-1","female","OPC",13.75748529451,3.45917712129725,9.68006479932382,-0.661085273411675
"GCCACAATCGATAACC-1","female","Astrocytes",-10.1235018728484,0.520872965232267,-5.32191836641714,-5.66582729974072
"GCCACAATCGATTATG-1","female","Astrocytes",-11.3307314871062,1.73999713338984,-7.50269734667227,-4.65240338006298
"GCCACACAGAAAGGAA-1","female","Astrocytes",12.3933466912996,4.71423922456874,-5.53645789431021,-5.08855917611401
"GCCACACAGTTCCTGC-1","female","Astrocytes",-10.4195490835418,0.976757153645887,-8.02433240221426,-4.81042578378002
"GCCACTAAGCTGTCAG-1","female","Oligodendrocytes",-1.05945441706073,1.98261688627376,2.26143777562692,-0.850009347584649
"GCCAGGTTCCTCATCA-1","female","Oligodendrocytes",-0.533315098117711,2.20373605169429,1.37508565379694,-0.690536882069512
"GCCATGATCAATAGCC-1","female","Oligodendrocytes",-0.453852212261083,7.45713196672572,2.20870983792856,-1.2162561670808
"GCCATTACATCGCTCC-1","female","Oligodendrocytes",-0.831015682052495,9.20700465120448,0.648044409290102,-3.31426479974072
"GCCCAAATCCCTCATA-1","female","Oligodendrocytes",-0.647279715370061,10.281999692098,0.382261456981447,0.228091572138862
"GCCCAAATCCTTCAAT-1","female","OPC",11.7515763284456,4.24375830568446,0.477878393665102,0.435869161698417
"GCCCGTTGTAGACAAA-1","female","Oligodendrocytes",-0.844104862045171,9.17624007143153,0.0259350557477738,-2.46048143067638
"GCCCGTTGTCTATCGT-1","female","Oligodendrocytes",-0.474094962905766,8.55969534792079,-0.262285588249419,-2.55940487542431
"GCCCTCATCATGCTCC-1","female","Oligodendrocytes",-0.476673817466618,8.29368983186854,0.553967179790285,0.526490752312736
"GCCCTCATCTCAATTC-1","female","OPC",12.892154598404,3.60323153413905,0.643017383352068,0.512752135011749
"GCCTAATAGCCGCAAC-1","female","Oligodendrocytes",-0.418471431564214,8.17515479005946,2.44464934064462,-1.16172626176159
"GCCTAATAGTCCTGAG-1","female","Astrocytes",-11.1849690435637,1.37766168989314,-7.18689858721182,-4.63654234566967
"GCCTATTGTCGTAATG-1","female","Astrocytes",-9.23886404020679,0.771861687079801,-6.69592034624502,-4.4900598780183
"GCCTCAAAGGTTAGCT-1","female","OPC",13.8086098672639,3.47906123079432,10.0992018003614,-0.607013727810784
"GCCTCCATCCTAATAG-1","female","Oligodendrocytes",-0.282690799068334,9.59378539003505,0.251557650104311,-1.24168863454144
"GCCTCCATCCTCGATC-1","female","Astrocytes",-9.06105623228443,0.839166983739271,-7.37324845598623,-4.87474920907299
"GCCTCCATCGCAGGCT-1","female","Oligodendrocytes",-0.693250870536687,6.98002110399379,2.04968667222574,-0.516603852894707
"GCCTCGACACCTACTT-1","female","Oligodendrocytes",8.36842193620312,-7.48928059659825,1.33807146741464,-1.70684602418224
"GCCTGACAGGTGAGAC-1","female","Astrocytes",-11.2664757726897,2.93844400324,-6.19728600786612,-4.60029032388012
"GCCTGAGGTGGTTCCC-1","female","Oligodendrocytes",-0.966099953483464,0.619867391661539,-0.233805535301421,-2.14259197869579
"GCCTGTGCAATTTGGT-1","female","Oligodendrocytes",-0.678389882873418,6.98162566103114,1.53140193416193,-1.3460271612672
"GCCTTAACAAGTGTTT-1","female","Oligodendrocytes",-0.599680220912816,5.69962845720424,0.507506998315599,-2.36883523621838
"GCCTTAACACATAACT-1","female","OPC",12.9734610559236,3.81027232088221,9.61479819013193,-0.522469545987053
"GCCTTAACAGCATGTC-1","female","Astrocytes",-11.0967913625945,2.42103277124537,-7.02708089159414,-4.84442761102001
"GCCTTAACAGGCCAAA-1","female","Oligodendrocytes",-0.360639786552312,8.35820780672206,-0.0535533408968185,-2.14568593659679
"GCCTTAGAGCCAGTAT-1","female","Oligodendrocytes",-0.969993448089482,7.66499863542689,2.09290480805948,-1.51714756646435
"GCCTTGCGTTAGCGTA-1","female","Oligodendrocytes",-1.02337405664814,3.83785806574,0.990558343067911,0.318164025160865
"GCCTTTATCATGACCG-1","female","Oligodendrocytes",-0.740645026992681,7.71714983858241,-0.0881650428621505,-2.9185118929414
"GCGAAGTAGTCTTGAA-1","female","Oligodendrocytes",-0.906338071655156,4.7696333972372,-0.214769361480925,-2.73622872987072
"GCGAGTGAGCTTAGCG-1","female","Astrocytes",-10.2727547643889,0.897138729468717,-7.04091489122793,-4.44570543923657
"GCGAGTGAGGCCTTAG-1","female","Oligodendrocytes",-1.02261707765949,4.70443259157313,0.557571919694688,-2.14680769601147
"GCGAGTGAGGCGAATA-1","female","Astrocytes",-10.7845917700042,1.71325133718623,-6.18123519228384,-5.31107332864086
"GCGATATTCCGGTTGA-1","female","Oligodendrocytes",-0.551116978954198,7.97074089922084,2.97901666356638,-1.07463278928082
"GCGCCTTGTGCTTAGA-1","female","Astrocytes",-10.838609790634,1.73523388780726,-6.80197608278677,-4.59697153725903
"GCGCGATTCCAGGTTG-1","female","Oligodendrocytes",-1.04090723974598,3.4605706778921,0.417271168962267,-3.11202147164623
"GCGGAACCAAGTGAAC-1","female","Oligodendrocytes",-0.367297267745854,5.43333493150844,0.317487122550752,-0.75562467732708
"GCGGATACACCTAAGC-1","female","Astrocytes",-11.2358342169036,3.19063864626063,-6.8440922479479,-4.69636776604931
"GCGGATACACTGGCTG-1","female","EN",14.1321801187288,-5.50829066358434,0.0482549686582352,3.40271017393787
"GCGGGTTTCCGGTTAG-1","female","Oligodendrocytes",-0.298632120918157,7.92606602586879,0.816945349857357,-1.53609516778271
"GCGTGCTAGCATCCAG-1","female","Oligodendrocytes",-0.475194489787938,8.94698725618495,1.28815746499613,-1.22588970818798
"GCTAACAGTCAGTAAT-1","female","Astrocytes",-9.5796614645232,0.695923812464609,-7.74274861620352,-4.86602404275219
"GCTAACAGTGGATTCA-1","female","Oligodendrocytes",-0.741335606407048,1.17943803943767,0.770915353730466,-2.3047571436433
"GCTAACCCAACGTGCT-1","female","Oligodendrocytes",-0.693858003448369,8.16687880434169,0.154833735957887,-2.48690536179821
"GCTAACCCAAGGTAAC-1","female","Astrocytes",-10.4926854131926,0.580191318654253,-6.52882325457022,-5.00818541207592
"GCTAACCCAATAAGCA-1","female","Oligodendrocytes",-0.904325818847539,1.94951234735621,1.01836103393152,-0.403159047749444
"GCTAAGCGTATTGTCC-1","female","Astrocytes",-10.9801627157439,1.37768642582072,-7.45495259569571,-4.71110394158642
"GCTAATATCGCGCTAA-1","female","Oligodendrocytes",-0.687922930549504,0.821055590883626,0.529458375707414,-1.56824186005871
"GCTAGCGGTAGCTGCG-1","female","Oligodendrocytes",-0.967599606346013,1.62056361116542,-0.285699842437956,-2.79853656449596
"GCTAGCTCACATACTG-1","female","Oligodendrocytes",-0.948089098762395,2.72603927530421,1.90870785905435,-0.702139760640069
"GCTAGCTCAGGATAAC-1","female","Oligodendrocytes",-0.85372219068897,4.70591364778651,2.67154336167887,-0.582549358990593
"GCTAGTGTCATTGCAA-1","female","Oligodendrocytes",-1.17171344740284,2.01324962057246,0.536231489911821,-2.05948641457836
"GCTATCCTCCTGGTCT-1","female","Astrocytes",-11.223058795761,2.19348286070002,-6.85834252642081,-4.86328556695263
"GCTCACAAGGTACCGC-1","female","Oligodendrocytes",-0.777408814262273,10.2920209018148,0.653184564843919,-2.97549011864941
"GCTCGATCAGTTTCTC-1","female","Astrocytes",-11.1149188040007,2.60648594774379,-6.4004362802355,-4.98238279977123
"GCTCTGGCATTATGGT-1","female","Oligodendrocytes",-0.879658436607244,5.93125592149867,1.54404026462152,-0.865019823697014
"GCTCTGGCATTTGCTC-1","female","Oligodendrocytes",11.583678150345,4.05148516573085,1.25861776067331,-2.68514111199657
"GCTCTGTTCCTTGCGT-1","female","Astrocytes",-10.7874661443938,2.3351006356634,-8.30105149553702,-4.371011759427
"GCTGACATCGGGCCAT-1","female","Astrocytes",-10.8383561132659,0.864332541600599,-8.53648221300528,-4.63125326791088
"GCTGACCAGTAACGAG-1","female","Oligodendrocytes",-0.485927319358708,-0.405730918272601,1.67141038371637,-1.09438231148998
"GCTGACCAGTGTGATC-1","female","Astrocytes",-10.5641308782805,1.95444582380427,-6.85000216768667,-4.53850557961742
"GCTGAGGAGCGGTTAT-1","female","Astrocytes",-10.2318221090544,0.381906166449918,-7.31474435137198,-4.78452255883495
"GCTGAGGAGCTAAGTC-1","female","Oligodendrocytes",-0.465787744354131,5.73130188860072,0.0857859273107315,-2.83952405610363
"GCTGAGGAGGTCGATT-1","female","Oligodendrocytes",-0.873940086196782,6.27050124086513,1.80907011224344,-1.50624945321362
"GCTGCAATCCGTTATT-1","female","Astrocytes",-11.0430413244475,2.74682770647181,-7.37372338579581,-4.51993467965405
"GCTGCAATCTTGGACG-1","female","Oligodendrocytes",-0.844345545600774,4.83443652071132,2.64189279271677,-0.709707047131463
"GCTGCACAGTACCGCA-1","female","Oligodendrocytes",-0.576651370357396,-0.555761590822802,2.28218746377542,-1.69781830468456
"GCTGCATCACCACAAC-1","female","Oligodendrocytes",-0.780432557891728,7.81779585756434,0.614971460834291,-2.14915945687573
"GCTGGATGTTGCTTCG-1","female","Astrocytes",-10.9531908987273,1.96837423719539,-8.5176500062792,-4.46591808953564
"GCTGGTTCAACTCGCG-1","female","Oligodendrocytes",-0.84765574915302,7.51623354829921,0.53944075299814,-1.43580200829784
"GCTGGTTCACAGAAAC-1","female","Oligodendrocytes",-0.719092106651189,1.58571587480678,2.38689136697367,-0.554109598782464
"GCTGGTTCAGACAAAC-1","female","Astrocytes",-10.5837937353362,0.597613772154583,-8.42318665789053,-4.38089325585644
"GCTGGTTCAGGAACCA-1","female","Astrocytes",-9.08066186888111,0.13738824404849,-5.78374516771719,-5.18672945657055
"GCTGTGATCATAATCG-1","female","Oligodendrocytes",-0.647733306716802,1.09957073606624,1.03044392360761,-1.852466131833
"GCTGTGCAGGTTTGCG-1","female","Astrocytes",-11.0519410131682,3.1292091456808,-6.25606429384634,-4.79617312112133
"GCTGTGCAGTCAGTAC-1","female","IN-CGE",-3.1904042719115,-9.54052342496739,3.13636791898325,-0.93562534013073
"GCTTAAATCTAAGTCA-1","female","Oligodendrocytes",-0.626806115936162,1.68339322485103,2.57647276116922,-0.188433255341454
"GCTTAACAGCACGTTG-1","female","OPC",9.37766065614331,2.62302933611049,1.98067701055124,3.69856116614063
"GCTTACCTCGCATTAA-1","female","Astrocytes",-10.6490765569915,0.611369129047527,-8.52031171129629,-4.54349854150097
"GCTTGACCATTAGGTT-1","female","Oligodendrocytes",-0.694206929038884,8.16625224031581,0.0215532798917557,-2.93192222276012
"GCTTTACGTTTAACGG-1","female","Oligodendrocytes",-0.433937644790532,2.14440332330836,2.9425915498884,-0.392481710102959
"GCTTTGTGTGCATTTC-1","female","Oligodendrocytes",-0.952219343017461,6.63666592516078,-0.499988196357939,-2.69902970948498
"GGAAACTCACAACAAA-1","female","Oligodendrocytes",-0.14444038851154,9.65766440309657,3.07588517858103,-0.898001696255608
"GGAAACTCATTAAGTC-1","female","Oligodendrocytes",-0.993386959861638,4.65698014177455,2.24412095738962,-1.18693449654858
"GGAACCACAAAGCGCA-1","female","Astrocytes",-10.8381472585906,1.1020416466154,-7.42664277361319,-4.41412975945751
"GGAACCTGTCATTAGG-1","female","Oligodendrocytes",-1.15906581861866,3.39166961588038,0.812384771242883,-2.06901004472057
"GGAACCTGTTTGGCTT-1","female","Oligodendrocytes",-0.507191514800908,5.05601511873378,0.510223748222139,-1.87357380547802
"GGAAGCTAGGTAAGGC-1","female","Oligodendrocytes",-0.920406198333623,6.38705073274745,2.97297132207468,-0.976946856167717
"GGAATCTTCTTGTCTG-1","female","Oligodendrocytes",-0.711366271804692,0.844230130092039,3.00635492993906,-0.565705920842095
"GGACAGCCAAGCTTAT-1","female","Oligodendrocytes",-1.09044156057728,3.2800880519308,2.51140713883951,-0.806810642865105
"GGACAGCCAATCTCTC-1","female","Astrocytes",-10.7184725759734,0.739256620184316,-8.44112431810782,-4.60394909539501
"GGACAGCCATGGCCTG-1","female","Oligodendrocytes",-0.533041095565679,8.89605437196864,3.29049289418772,-0.669676090863152
"GGACGAAGTTCCAGGG-1","female","Oligodendrocytes",-0.706260180305364,-0.901204720362292,0.376002701059129,-2.84105279603283
"GGACGGATCCATTACT-1","female","Oligodendrocytes",-1.08699557764423,4.1096995917715,2.51328039361551,-0.270973409798546
"GGACGGATCCGCCTCA-1","female","OPC",13.0848254205476,3.60105715669764,10.6067606229933,-0.654909755375786
"GGACGGATCGATAACC-1","female","IN-CGE",1.23705061690914,-5.72838868223058,-4.25163638399527,10.249807809207
"GGAGCAAGTTAATGCG-1","female","Astrocytes",-10.9859076498259,3.53000770486964,-7.41826188372061,-4.67391731896679
"GGAGCGATCCATCAGG-1","female","Oligodendrocytes",-0.746398544143559,7.28130064882411,0.327885510459688,-0.530677701619072
"GGAGCGATCTAATCCT-1","female","OPC",13.3747099878083,3.42005906976832,10.4621216077955,-0.925619031575127
"GGAGTGAGTTGGATAT-1","female","Oligodendrocytes",-1.12191650850666,3.95378480829371,3.1328340788038,-0.74615910210888
"GGATAACCATTATGCG-1","female","Oligodendrocytes",-0.565408682655217,4.94384156145228,1.99138963414743,-1.36314799943249
"GGATTCAGTACCAGGT-1","female","Oligodendrocytes",0.0279050709496718,7.29764424242152,0.490307303205278,-1.11814179578106
"GGATTTATCATAACTG-1","female","Astrocytes",-10.484250163864,0.540151864067449,-8.28777730272696,-4.39957287469189
"GGCAAATCAAGGTATA-1","female","Oligodendrocytes",-0.909277891944768,7.87314759172572,0.499946774974611,-2.85666539826672
"GGCAAATCAATCCCTT-1","female","Oligodendrocytes",-0.378696477245213,6.10245810426845,2.44611644937113,-0.58263781228344
"GGCAAATCAGCATTAT-1","female","Oligodendrocytes",-0.729852294753911,4.65833578981532,-0.297010300621245,-2.18785526910107
"GGCAATCGTGGATTAT-1","female","OPC",12.7041386605989,3.44814310945643,9.54827654553964,-0.666396404889031
"GGCAGGATCATGCTTT-1","female","Oligodendrocytes",-0.429186975787999,6.93205033220424,2.88746297551706,-1.15536775746624
"GGCATGGAGGTGCGGA-1","female","Astrocytes",-10.9061032293547,1.64587853826655,-6.25675618456289,-4.88039829888622
"GGCATTAGTAATCGCA-1","female","Oligodendrocytes",-0.711418366264226,9.529672726766,0.767720284000185,-2.34445312180798
"GGCCGTTAGTAAGAAC-1","female","Oligodendrocytes",-0.691562509368779,-0.290390208586321,2.26099014474466,-1.10926571049969
"GGCCTAATCAGGAAGC-1","female","Astrocytes",-10.5441485403289,0.653713062182798,-6.02114379213736,-5.54725315728466
"GGCCTCTGTACGCGCA-1","female","Oligodendrocytes",-0.605760729144933,0.942350700274839,0.418116780057695,-3.28768208184521
"GGCCTCTGTGCCGCAA-1","female","Oligodendrocytes",-0.790352082084538,0.781900122538938,-0.0993550996629928,-0.826697255757256
"GGCCTTCGTTGCACGG-1","female","Oligodendrocytes",-0.820313548873784,5.7384506312765,2.87047326757028,-0.666215325978203
"GGCCTTCGTTTGCGAA-1","female","Oligodendrocytes",-0.274251615833165,9.33990584291591,0.543889554277208,-2.69042136826794
"GGCGGTAAGAACAAGT-1","female","Oligodendrocytes",-0.471641039680364,8.32231484331263,0.663549544349458,-3.24554040589611
"GGCGGTAAGGAGGGTT-1","female","OPC",9.64680566804516,2.28195808805598,9.74368155194833,-0.629423047688408
"GGCGGTAAGGCCATCA-1","female","OPC",12.3879097940217,3.14719091333522,9.80629980756357,-0.750051046994133
"GGCGGTTTCCCGTTTA-1","female","Oligodendrocytes",-0.532333707641484,3.62187443651332,2.51660049153879,-1.06459524789135
"GGCGTTATCTGCAACG-1","female","Oligodendrocytes",-0.891478752921941,9.06771002687587,-0.279569147094939,-2.5035572306184
"GGCTAGACAGGACACA-1","female","OPC",10.8283499719392,2.69964085497035,9.76056254102304,-0.685178543713494
"GGCTAGTGTTTACTTG-1","female","OPC",13.7228163720857,3.38867722429408,9.47286188794687,-0.653465892460747
"GGCTATGTCTAAGTGC-1","female","Oligodendrocytes",-0.732184505294682,-0.0217121990762811,0.52962258650377,-1.04890766301434
"GGCTCAATCTAATCCT-1","female","Oligodendrocytes",-0.614923274349095,5.31728230394496,0.644791470900324,-1.25645830788891
"GGCTCAATCTGTGAGT-1","female","Oligodendrocytes",-0.608740901779057,6.7578393069662,1.0531035829933,-2.3734770075349
"GGGATAATCCCTCACG-1","female","Astrocytes",-11.0588208196868,3.33344636835231,0.502185287013796,0.553757254693107
"GGGATTAAGCAAGGAC-1","female","Oligodendrocytes",-1.10068557245624,1.3811371175207,0.270655395522859,-1.52576663651745
"GGGATTAAGCATGCAT-1","female","Oligodendrocytes",-0.942333674262883,2.71380864061488,1.8515920658262,-0.93670799889843
"GGGCAATAGGCAATAG-1","female","Oligodendrocytes",-0.92570385916126,0.0690475551046271,1.86342346860483,-0.748979236271782
"GGGCATGAGAAAGGAA-1","female","Oligodendrocytes",-0.738669133018376,-0.324319675787554,2.7491306085737,-1.17569413342754
"GGGCTAACAGGCTTGT-1","female","OPC",12.3383025171052,3.40756188310756,9.77067911817148,-0.802147413876458
"GGGTATTTCAAACCTA-1","female","OPC",12.5540131570588,3.70933948434962,10.6872411985548,-0.968332554486199
"GGGTATTTCATGCATA-1","female","Oligodendrocytes",-0.388990914653661,6.39018164552821,2.23287332250192,-1.0471043840913
"GGGTCACTCTAATTGG-1","female","Oligodendrocytes",-0.581100439857366,8.69237051881923,0.129680695071962,-2.5762906328706
"GGGTGTTGTAGTCAAT-1","female","Astrocytes",-10.9929858206023,1.63802550710811,0.510297061935213,0.588860225591259
"GGGTGTTGTATTGCAG-1","female","Astrocytes",-11.2305537222136,3.06709061540736,0.760053129926469,-3.01658489861767
"GGGTTACGTCCTAATC-1","female","Oligodendrocytes",-0.911003088783147,10.5924950686849,0.395762326255586,-3.42665388741772
"GGGTTTCCACCAAAGG-1","female","Oligodendrocytes",-0.583204483817937,8.65893088258876,-0.52826845453665,-2.07059981980602
"GGGTTTGTCGGCCAGT-1","female","Oligodendrocytes",13.7152384759675,3.46045027650966,2.58342278195932,-1.34272768655102
"GGTAAACCAGTAGGAT-1","female","Oligodendrocytes",-0.753929114173772,7.00575982011928,-0.0651014427988266,-1.06705835023205
"GGTAACTTCATTGCAA-1","female","Oligodendrocytes",-0.828729009460332,6.00965987123622,0.535410912767198,-2.82990315118115
"GGTAACTTCCAGGTTG-1","female","Astrocytes",-10.9914694784392,1.3737599102415,-7.41863572405264,-4.79098894753735
"GGTAATTGTATTACCC-1","female","Oligodendrocytes",-1.02638945562732,4.29359994806422,3.04427850438669,-0.516004826214715
"GGTACAAAGGCATGTT-1","female","Pericytes",2.32355430142987,0.396331473962202,2.22337520314768,-2.18949415841381
"GGTACTTAGCAAGACA-1","female","Oligodendrocytes",-0.762327527831914,9.43490324892177,0.685601564183977,-2.87390735307018
"GGTATGTTCCTTTACG-1","female","Astrocytes",-10.0510111807097,0.42085248209609,-7.99620377825186,-4.69651749291699
"GGTATGTTCTAAGTCA-1","female","OPC",13.0736407281648,3.57214318193568,10.0571981687696,-0.714943911221428
"GGTATTGGTAAGCACC-1","female","Oligodendrocytes",-0.663502192329289,7.6932059375204,3.0211352129133,-0.861302639630242
"GGTATTGGTCCTAATC-1","female","Oligodendrocytes",-0.81327173693073,0.0895298568166633,-2.48397958086416,-0.309359099057122
"GGTATTGGTTACCGGG-1","female","Astrocytes",-10.6683741567839,1.96701298631801,-6.2758892755358,-4.70807602563183
"GGTATTGGTTTGTCTA-1","female","EN",-0.477310931514623,-0.831104651316271,0.403881253734377,0.481682588073806
"GGTATTTCATAGACCC-1","female","Oligodendrocytes",-0.269025718997838,6.11054240144862,-0.00653832958624112,-1.95419886269848
"GGTCAAGCAGGAATCG-1","female","Oligodendrocytes",-0.631436681579473,0.382979616300001,2.51754486753061,-0.334034110691948
"GGTCAGGAGATTGAGG-1","female","Oligodendrocytes",0.0935340465794783,9.28653536714686,0.0681556482465531,-3.2235541597871
"GGTCAGGAGCAGGCCT-1","female","Oligodendrocytes",-0.262682354282262,8.57084332384242,2.43418622209146,-0.959825183537407
"GGTCAGGAGCTTAGCG-1","female","OPC",10.8484229089509,3.99598775781764,9.9194198866041,-0.931200648930474
"GGTCCATCAAGCTACC-1","female","Astrocytes",-10.8179026602019,1.10615615524424,0.397779377237108,0.756395746681289
"GGTCCTGCAGCCTAAC-1","female","Astrocytes",-11.3897915838469,2.5306037513174,-7.53632771776602,-4.67319586434643
"GGTCTTTGTTGTTCAC-1","female","Astrocytes",-11.0701647756804,3.4161633101858,-8.08153950975821,-4.29947378793041
"GGTGAGTAGCTATATG-1","female","Oligodendrocytes",-0.389632260631444,7.43608389772548,2.24234783841684,-1.12258901753704
"GGTGTCCAGGCTGGCT-1","female","Astrocytes",-10.9048720358123,3.39625583566798,-6.36138903902456,-4.75042631783764
"GGTGTGACAAGCTTAT-1","female","OPC",13.1501368524324,3.4499608127035,9.54792750073984,-0.607765223172112
"GGTTAATGTCAGGCAT-1","female","OPC",13.7736834527742,3.4018343535818,9.56117785169199,-0.712883855488701
"GGTTATATCAGCTAAC-1","female","Oligodendrocytes",-0.854377841781499,1.67461489118709,-2.92724549578116,-0.109622921135827
"GGTTATGGTAACGGGA-1","female","Oligodendrocytes",-0.89051554186237,4.54285274423732,2.95920288755014,-0.77013507046978
"GGTTCCCGTTCACTGT-1","female","Oligodendrocytes",-0.103474771808507,5.97535000719203,0.788944048866775,-0.762591148999138
"GGTTCTTGTCATCCTG-1","female","Astrocytes",-10.5797530172576,1.88462613500728,-7.19856107042715,-4.56872656503002
"GGTTGACGTTAGGTTG-1","female","Oligodendrocytes",-7.63793382627857,-0.240774765833483,1.73215186788156,2.92901990256031
"GGTTGCTCATAAAGCA-1","female","EN",4.62604846971142,-13.0031470211588,3.15530097676828,5.3269920094939
"GGTTGGTGTTGGATCA-1","female","Oligodendrocytes",-0.741614079307439,6.18625842012538,1.85549569322183,-0.967671896603508
"GGTTTCCTCGGTTACG-1","female","Oligodendrocytes",-0.507319903205754,5.83768711961879,0.93257343216255,-3.03130176224987
"GGTTTCCTCTTAGCGG-1","female","Astrocytes",-10.8764639852752,1.78583477415217,-6.465499756798,-5.19580128350536
"GGTTTGTAGGCTAATC-1","female","Oligodendrocytes",-0.736102795432927,5.98932419695033,0.41362881852701,-1.92086007752697
"GTAAGCAAGGCTGGCT-1","female","Oligodendrocytes",-1.06836316568744,3.38516817964686,1.15640759660318,-1.03300669350903
"GTAAGCTTCGTTAACA-1","female","OPC",13.7699803354036,3.44232164301051,10.080145480171,-0.968571330693169
"GTAATAGCAGCACGTT-1","female","Oligodendrocytes",-0.0838735459555406,7.31562863268031,0.165676655307558,-2.93455722489636
"GTACAATGTCCAAGAC-1","female","Oligodendrocytes",-0.791338300536992,6.74740754045619,2.80083191587045,-1.19953348794262
"GTACAATGTGTCCAGG-1","female","Oligodendrocytes",-0.928996300529363,6.62228547014369,0.38047337724283,-2.30529787698071
"GTACGTAGTAGGTTTG-1","female","Oligodendrocytes",-0.868273949455144,3.99675880350245,3.15697467519357,-0.678149248745842
"GTACTAGGTCAGGCCA-1","female","Oligodendrocytes",-0.474084889720799,10.2884903994955,0.42854199005678,-2.67202832856457
"GTACTAGGTGCATCGG-1","female","Oligodendrocytes",-0.827895736526372,7.06491480745448,0.446948291793611,-3.12726881661694
"GTAGCGCTCCACCTGT-1","female","Astrocytes",-11.3030358312835,2.30486021913661,-6.43450295732901,-4.82598736443798
"GTAGCGCTCCGTTAAA-1","female","Oligodendrocytes",-0.984803771804692,3.16098128236903,1.18507304979875,-1.66943957963268
"GTAGCTGTCATGCTAA-1","female","Oligodendrocytes",-0.902227496932866,3.15623818315638,-0.677647707924101,-0.625316287663384
"GTAGCTGTCCCTCACG-1","female","Astrocytes",-10.2694111822356,0.448082297817602,-6.95021712587759,-4.59875633874218
"GTAGCTGTCCTCACAC-1","female","Oligodendrocytes",-0.43064770681751,10.0697985736288,1.06076687766626,-1.69760611214916
"GTAGGAGGTACCGTAA-1","female","Oligodendrocytes",-0.206378435920598,6.99172650255336,0.37407529546335,-0.458658482220574
"GTAGGAGGTGGTTCCC-1","female","Oligodendrocytes",-0.392254686187627,5.3009735194601,0.535068484082964,-0.0525275126961904
"GTAGGAGGTTCATCTA-1","female","Oligodendrocytes",-0.271746790241124,6.0014425364889,1.97802901460245,-0.810205127385064
"GTAGGATCAATTAAGG-1","female","Astrocytes",-11.0736409185637,1.6948122826971,-6.97934377001211,-4.95441105523388
"GTAGGTGCATGTCAAT-1","female","Astrocytes",12.3778265954744,4.62352763094081,11.2580238599928,-0.460334207203789
"GTATCGCCACTTCATC-1","female","Astrocytes",-8.66866788847339,1.84813903249873,-5.25134122179434,-5.38700153985302
"GTATGTTCAATAACCT-1","female","Astrocytes",-7.80463228208912,1.2551902381338,-6.77328002260611,-4.48516991296093
"GTATTCAAGTTACCGG-1","female","Oligodendrocytes",-0.611751830409886,-0.209723785742388,0.317776503101137,-1.74918964066784
"GTATTGATCCAAGTGT-1","female","Oligodendrocytes",-0.215591168235661,7.60155354417933,1.8729270715864,-1.5110297457246
"GTATTGCAGTTGGATC-1","female","Oligodendrocytes",-0.74782083017719,6.77123270906581,3.42701113416269,-0.759885455754204
"GTATTGTCAATGAATG-1","female","OPC",11.8096255304109,3.27292977251185,9.55910742475107,-0.640770579960747
"GTATTGTCATAAAGCA-1","female","Oligodendrocytes",-1.01860890371692,1.14056681074275,2.43659627629831,-0.903954412129326
"GTCAAACTCTCGACCT-1","female","OPC",13.8666495324861,3.48294888414515,11.010583521858,-0.885697032597466
"GTCATCACATGGCCTG-1","female","Astrocytes",-10.5694237707366,0.622667070255413,-8.19042050646231,-4.50089028039257
"GTCATCACATTGCGTA-1","female","Oligodendrocytes",-0.821489310096623,0.658970333413019,1.31794959498956,-0.801283384945794
"GTCATGAGTGCATTTC-1","female","Astrocytes",-10.3158513067473,1.01223893441333,-8.20559537218497,-4.56022122063915
"GTCATGAGTGTTCCCA-1","female","Astrocytes",-8.88903245909107,0.098093434945478,-8.04901730822012,-4.60631230035107
"GTCCAAGTCGCTATGG-1","female","Oligodendrocytes",-0.866878723930242,3.393757208959,0.673899250164774,-0.13785877385418
"GTCCTAGAGCTGCACA-1","female","Oligodendrocytes",-0.105307137798192,8.79788027681483,0.380963238015916,-2.58741285958569
"GTCCTCAGTAGGATTT-1","female","Oligodendrocytes",-0.90105626566303,9.09340201295985,0.10335380031183,-3.15832879700939
"GTCCTCCCACAACCTA-1","female","Oligodendrocytes",-0.562524890731694,3.35477672495021,3.10373389913156,-0.960945035603447
"GTCCTCCCAGCTACGT-1","female","OPC",13.9143113137971,3.48914752878322,9.75635397626474,-0.841123010304375
"GTCCTCCCAGGATAAC-1","female","Oligodendrocytes",-0.199795698951604,8.10197792925013,1.48611533834055,-1.5640824095277
"GTCGCAATCATTTGTC-1","female","Astrocytes",-10.9056817053069,1.94373141206874,-6.58779799745962,-4.6343207613496
"GTCTAACAGCCACAAT-1","female","Oligodendrocytes",-0.8658866642226,8.18061171449794,-0.562708018287871,-2.56113150277416
"GTCTAATCAGTTTGGC-1","female","Astrocytes",-9.2944880483855,0.728894322887792,-6.74931371019766,-4.85723736443798
"GTCTATCGTATTCGCT-1","female","OPC",12.9678181649934,3.65932141222133,9.83571207715585,-0.82953562894146
"GTCTATGCATAAGTTC-1","female","Oligodendrocytes",-0.858289336990239,6.33038292802943,0.672815593019273,-1.61458685555737
"GTCTCACTCTGCAAGT-1","female","Oligodendrocytes",10.676692867447,2.3549376574911,2.50657761289194,-1.31177249112408
"GTCTTGCTCAATCATG-1","female","Oligodendrocytes",-0.855044936965825,4.07558093942775,-1.03939294622824,-1.37339713731091
"GTCTTGCTCATGCGTG-1","female","Oligodendrocytes",-0.622047161888005,0.198105856553449,1.62665784551218,-0.888602282193108
"GTGAACAAGGGCCACT-1","female","Astrocytes",-11.1294585226287,3.42572532571925,-6.17208754824087,-4.81192591347973
"GTGAGCGAGTGTTGCG-1","female","Astrocytes",-10.9672604559172,3.02922950662745,-6.55748164461539,-4.77064898171703
"GTGCAAGCACCCTCAC-1","female","Oligodendrocytes",-0.766459202598454,7.3056703654684,-0.344516752227995,-2.23290088334362
"GTGCCTTTCAATGAGG-1","female","Oligodendrocytes",-0.653757786582829,2.45372830309047,0.143007936015871,-2.05118086495678
"GTGCCTTTCATGCTAA-1","female","Astrocytes",-11.2005558965911,3.3828221408285,-7.26929318712637,-4.70133497872631
"GTGCCTTTCGATTTAG-1","female","Astrocytes",-10.5452958105315,1.64193652547969,-5.67081868456289,-5.21782448449413
"GTGCTCAAGCGAGTAA-1","female","Astrocytes",-11.229632472824,2.87278257288112,-7.83608376787588,-4.54721787133495
"GTGCTCAAGGCCTTAG-1","female","Oligodendrocytes",-0.609043693374516,3.64202915109767,2.68496680451944,-1.04767277398388
"GTGCTGGGTTACTAGG-1","female","Oligodendrocytes",-0.547062134574773,-0.210379734858141,0.239039244190004,-2.94248488107006
"GTGCTTACAATATACC-1","female","Oligodendrocytes",-0.159062957595708,7.47625313676967,2.24458754254892,-0.486464287426873
"GTGCTTACACCTCAGG-1","female","Astrocytes",-11.096346950363,1.27338604606761,-7.61406743334219,-4.41693928399365
"GTGGCTTCAACTGGGA-1","female","Oligodendrocytes",-0.783052539657475,5.40684710420741,2.78025877667978,-1.33272578873913
"GTGGCTTCAATAACGA-1","female","Oligodendrocytes",-0.907409643958928,1.34711013712062,0.296199323669222,-2.22118833222668
"GTGGCTTCACTTACAG-1","female","Oligodendrocytes",-0.657603359054448,4.04388342775477,2.39879644109323,-0.932547356274529
"GTGTCCAAGGCCGGAA-1","female","Astrocytes",-11.2890006063689,1.87507615961207,-7.98962628649161,-4.64986756005566
"GTGTGTTAGCACTTGG-1","female","Oligodendrocytes",-0.49420378191364,3.45045457758082,2.28090870572641,-0.435190703061028
"GTGTTACAGCGCTCAA-1","female","OPC",12.7783326150666,3.35345707811488,11.0104233045728,-0.515300656941338
"GTGTTACAGCTAGAAG-1","female","Oligodendrocytes",-0.392634010146977,6.14079390443934,0.399484964147356,0.26117909393032
"GTGTTACAGTAAGAAC-1","female","Astrocytes",-11.2894936559905,1.7496925441183,-6.6617158632128,-5.02099230447094
"GTGTTACAGTTACTTC-1","female","Oligodendrocytes",-0.984253978561284,0.371199726835622,0.546003134980943,0.314706657740669
"GTGTTCCTCCGCCTAT-1","female","OPC",13.7119053842317,3.39700899995936,11.0898185987623,-1.0147238031892
"GTTAACCAGATGGAGC-1","female","OPC",12.707005405594,3.13328705705775,0.540682168737199,0.54629826984127
"GTTAACCAGGCAGGTG-1","female","Astrocytes",2.02983346002209,-5.75123490415441,-4.18218743608877,10.9927572949858
"GTTAATGTCATAGACC-1","female","Oligodendrocytes",-0.57312760336292,8.02694426454677,0.43941486074045,-1.80403521218578
"GTTAATGTCTTGAGCG-1","female","EN",14.3140820504915,-5.49701060376988,-0.51381647394583,3.6639334901305
"GTTACAGGTTAGCTGA-1","female","OPC",10.2742518426667,2.47791205324305,-0.21697842882559,-8.08331921258251
"GTTACGCCAGCAAGTG-1","female","Oligodendrocytes",-0.944702720474126,4.62468586839808,0.0290791411550309,-2.17298677125256
"GTTACGTAGAGGAAGG-1","female","Oligodendrocytes",0.0714458169232589,10.0652514544882,1.19548589183405,-2.95398142495434
"GTTACGTAGATAAAGC-1","female","Oligodendrocytes",-0.929245924781682,4.28856311716212,2.68454849912241,-0.315756346371575
"GTTACGTAGCTTAACA-1","female","Oligodendrocytes",-0.935372686218144,3.42399130739345,2.7532000560911,-1.30826225438397
"GTTACGTAGGGTGGAT-1","female","OPC",12.4161032678376,3.61258684076442,9.94214594556406,-0.688277150776787
"GTTACTAAGGACCTTG-1","female","Oligodendrocytes",-0.504821753333928,6.79486237444056,2.97102630330637,-0.910226132061883
"GTTACTCGTATTGAGT-1","female","Astrocytes",-10.8349104879607,1.88385342039241,-7.27233159349844,-4.70446350732128
"GTTCCCAGTTCAAGAT-1","female","OPC",11.953493976761,3.89056096948756,10.8977943678053,-0.916688348439141
"GTTCCTTCAGGTTATT-1","female","Astrocytes",-10.9214316366423,2.96187983430995,-5.97415435121939,-5.00196411767284
"GTTCCTTCATTGCGAC-1","female","Oligodendrocytes",-0.478189146350743,7.816049679891,1.81947606994226,-1.18742540040295
"GTTCGCGCAACTAACT-1","female","Oligodendrocytes",-0.486052131484868,6.00374995149745,2.31668734742716,-1.38216760316174
"GTTCGCGCACTCAACA-1","female","Oligodendrocytes",-0.450535034965398,-0.544278517588244,2.43861043645456,-0.823896075871392
"GTTCTTGTCTAAGGAG-1","female","Oligodendrocytes",-0.864351725410344,9.09598170198573,2.49918806745127,-1.09727564015667
"GTTCTTGTCTATTGTC-1","female","EN",2.36233057992565,-2.35313643537389,-0.852342484459135,3.64928147635181
"GTTGCATAGTCAATCA-1","female","Oligodendrocytes",-0.694083785842778,7.56633768953456,0.462152095571306,-3.32622435250561
"GTTGCATAGTGGACAA-1","female","Oligodendrocytes",-0.965482449363591,7.33029614366664,0.207980694309023,-2.42477419534008
"GTTGCTGAGAGAGCCG-1","female","Oligodendrocytes",12.8784665109407,3.54130493082179,9.62499296857431,-0.608699347165032
"GTTGCTGAGCCGCAGT-1","female","IN-MGE",-6.99837503416431,-4.54092158399449,-6.70496165560171,4.18867132506092
"GTTGCTGAGGAACACA-1","female","Oligodendrocytes",-0.388395106624486,7.38781557954921,2.62981760694101,-1.13825776734631
"GTTGGAGCAATTTAGC-1","female","Oligodendrocytes",-0.458291685413243,9.13665209688319,1.46441984368875,-1.56394770303051
"GTTGGCCAGCAAGACA-1","female","Oligodendrocytes",-0.151218986343266,7.33726130403651,2.26799857808664,-1.0473793999223
"GTTGGCCAGTGAACGA-1","female","Oligodendrocytes",-1.05496237261188,5.18891154207362,1.68783837749079,-0.75906398453991
"GTTGGCGGTTCCGCAC-1","female","Oligodendrocytes",-0.875408744644048,6.79715357698573,3.07163632108286,-0.899539972927971
"GTTGTGAGTTGTGACA-1","female","Oligodendrocytes",-0.971051549743535,4.53973065294398,2.27491319371774,-1.45972087540905
"GTTTATCTCCCTCAAC-1","female","Astrocytes",-10.1968022344817,0.450616642609968,-8.20477139757559,-4.5364146486787
"GTTTGTAAGGAGCACG-1","female","Astrocytes",-10.7175236700286,2.33223389066829,-6.17045295046255,-4.9084439531831
"GTTTGTAAGTTTGGGT-1","female","Astrocytes",-7.3557468412627,1.72920559324397,-5.38144957827017,-5.03235724129955
"GTTTGTCGTGCTCACC-1","female","Astrocytes",-10.2977953909148,2.2837958184637,-6.47423350618765,-5.14301493325512
"TAAACAGCATGAAATG-1","female","Oligodendrocytes",-0.528566634487035,9.21789942659511,1.30252203537538,-1.08972897687237
"TAAAGCCTCCAGGAAA-1","female","Astrocytes",-10.9465504644622,1.83105669893397,-7.45902764604971,-4.76167681374828
"TAAAGCCTCCTAAATG-1","female","Oligodendrocytes",-0.126377737354161,9.07022200502528,2.73696911527231,-0.625016714718743
"TAAAGCCTCCTTAGGG-1","female","Astrocytes",-11.035200214218,3.43132410921229,-6.36147010134146,-4.72892477669994
"TAACAAGCACACCAAC-1","female","Astrocytes",-8.56447706205738,2.16118274606837,-5.18582808779165,-5.329592253354
"TAACAAGCACCACAAC-1","female","Oligodendrocytes",-0.25366160852802,9.89782248415126,0.775994787052419,-1.99458649316113
"TAACCGGTCAAGGACA-1","female","Astrocytes",-7.23863563520801,0.975672349110975,-7.05719220446036,-4.79526236214916
"TAACCGGTCATCCACC-1","female","Astrocytes",-11.1122866628875,3.45907889284266,-6.24415337847159,-4.73005392709057
"TAACCGGTCTACTAAG-1","female","Oligodendrocytes",-0.845900869201543,7.65648280061854,0.397756757274416,-2.05521252312939
"TAACCTAAGACTTATG-1","female","Oligodendrocytes",-0.329300916026952,10.4425793734945,0.522133739724901,-3.42863609948437
"TAACCTAAGTCATGCG-1","female","OPC",13.5251044275056,3.39797793306483,11.0116449613722,-0.905956412938042
"TAAGCCTAGTCCTGAG-1","female","Oligodendrocytes",-0.88169739229572,5.55137263216151,0.705155672565248,-1.94618323006908
"TAAGCTATCATTAGTG-1","female","OPC",12.8721179010164,3.1991075126089,11.2679306287916,-0.844804312374993
"TAAGCTGGTAGTCAAT-1","female","Astrocytes",-11.2996541021575,2.39350293554439,0.498917819991853,0.64903953737338
"TAAGCTGGTTATCGAG-1","female","EN",3.27252259271252,-13.5507563503824,2.04659569455698,7.03536507925709
"TAAGGCTTCGGTAACT-1","female","Astrocytes",-11.20638189299,2.52575920499934,-6.18495118425772,-4.7712745920686
"TAATCACCAGCCAGTT-1","female","Oligodendrocytes",-0.94297943098438,-0.244169667585955,0.50770509435251,-1.2510017410783
"TAATCACCATTGACAT-1","female","IN-MGE",-1.41749451143635,-1.98882855497228,-6.2533038835375,2.12272474608143
"TAATCCGCAAGGTATA-1","female","Oligodendrocytes",-0.584408855270268,8.31676541246547,0.147014143005159,-1.46391561188976
"TAATGGTGTTGTCCAT-1","female","VSMC",14.3518752099763,-0.792404070719347,0.816957334116247,-0.0436294333008962
"TAATTGCCAATCCCTT-1","female","Astrocytes",-9.48180017454517,0.405222639218702,-7.52642094896719,-4.55455305733959
"TAATTGCCACCAGGTT-1","female","Oligodendrocytes",-0.808034396003606,6.74852810777797,1.67554569436624,1.01335642180164
"TAATTGCCACCTATAG-1","female","Astrocytes",-8.54686269743335,1.85460840143336,-5.15831982897207,-5.70923617043774
"TAATTGCCATGCATAT-1","female","Oligodendrocytes",-0.489648318122746,9.61455832399501,-1.03422593878195,-1.99417236008923
"TACAAGCTCACAAGCT-1","female","Oligodendrocytes",-0.388071691821935,6.12867842592372,2.90125215245798,-0.692269112255974
"TACAGCTAGTTAGTGC-1","female","Oligodendrocytes",-0.808090781997563,-0.0378827007852655,0.450242938533571,-2.78258397736828
"TACATCAAGAGCCGCT-1","female","Oligodendrocytes",-0.277174568008305,6.67016993440761,-0.258958099350188,-1.6857500330476
"TACCAGGTCTTGCATT-1","female","Oligodendrocytes",-0.71705636961353,-0.481499806269274,0.241277696624544,-0.177093531277581
"TACCCGGCACCGGTAT-1","female","OPC",13.8225268365632,3.4800814238943,9.62435400678232,-0.737643028881951
"TACCGTTGTCGCAATA-1","female","Oligodendrocytes",-0.791696286033513,7.21492968477382,2.70107424451425,-0.853621150639458
"TACCGTTGTTAACAGT-1","female","Astrocytes",-11.0523959158171,2.27569733537806,-8.41993272112295,-4.47912981667797
"TACCTTTAGAATCTCA-1","female","Astrocytes",-11.3712111471404,2.37068639673366,-7.1401151399462,-4.53485539117138
"TACGCTTGTATTGCAG-1","female","OPC",12.1061114312898,3.8730531779684,10.6972423811109,-0.762810017254754
"TACGGATTCACAGACT-1","female","Oligodendrocytes",-0.920711254905583,7.00354491151942,0.00448757602288974,-2.29039552369396
"TACGTAATCAGTATTG-1","female","Astrocytes",-11.2451096533049,2.49601434148921,-6.89719188021109,-4.63994982400219
"TACGTAATCCTAAGGT-1","female","Astrocytes",-10.9930592535247,3.32094345964564,-6.51896178530142,-4.92651703515331
"TACGTACAGGATGATG-1","female","Oligodendrocytes",-0.348933970760228,7.12453995622767,-0.0356616358606552,-3.09517576852123
"TACTCAAAGCGGATAA-1","female","Oligodendrocytes",-0.872121667693974,9.40876208223475,1.94073069287851,-1.43387296357433
"TACTTGTTCTATGACA-1","female","OPC",10.719061756302,4.00923977769984,1.64698946668222,2.98468420347889
"TACTTGTTCTTAGTGA-1","female","Oligodendrocytes",-0.842171048950078,5.93982849992885,0.870127311036136,-1.37026956239025
"TAGACCAGTAAGCACC-1","female","Oligodendrocytes",-1.05156514627826,7.02107487596644,0.56220025016382,-2.88279488244335
"TAGACCAGTTTAAAGC-1","female","Oligodendrocytes",-0.513936972450139,2.13684581197871,2.73406970693186,-0.815422083523675
"TAGCATATCAAGCCTG-1","female","Pericytes",2.2210980893861,0.289106771127119,2.66691041184976,-2.71067550339977
"TAGCATATCTCCTCTT-1","female","Oligodendrocytes",-0.579096233676793,5.95300970949306,-0.095586536392424,-2.56611755051891
"TAGCCGGGTAATAGCT-1","female","OPC",13.3850087167512,3.47788844980372,10.7876888532789,-0.882261659291192
"TAGCCGGGTCTTACTA-1","female","Oligodendrocytes",-0.857846236060979,-0.0893859418474298,2.16593432618692,-1.38715222039501
"TAGCCGGGTTGTTGGA-1","female","EN",1.52847590463269,-10.9588726910196,1.06123259855821,4.43152854284962
"TAGCCTGAGCATCCAG-1","female","Oligodendrocytes",-0.578027105163457,0.0861391869939704,-0.244162199959013,-1.83245351472179
"TAGCCTGAGGGATGAC-1","female","Astrocytes",-10.8024168966521,0.98306165613307,-8.53058087633536,-4.39983608880322
"TAGCCTGAGTGATTCA-1","female","Astrocytes",-9.87556276304615,1.95170675195826,-6.06631028459952,-4.84417917886059
"TAGCCTTGTCAATACG-1","female","OPC",13.8785113336335,3.49888835825099,9.92013323499277,-0.925642873433037
"TAGCGGACATTGTCCT-1","female","Oligodendrocytes",-0.505786931346776,4.65669260896815,-1.55016720102713,0.0414135797949595
"TAGCTTAAGCTTTGTT-1","female","Oligodendrocytes",-0.843824839424016,7.8820110408224,0.77995584352329,-2.9123764292268
"TAGGAGTCAGGTTACC-1","female","Oligodendrocytes",-0.920303678344609,1.53964935220851,3.07498896314218,-0.787779118206902
"TAGGCTAGTTACAAAC-1","female","Oligodendrocytes",13.1564988137971,3.62099443353785,2.14588689996317,3.74915263495167
"TAGGCTAGTTTGCAGA-1","female","Oligodendrocytes",-0.967301463912847,6.82504664339198,0.317890169158723,-3.36986925759594
"TAGGGTTTCACCGGTA-1","female","Oligodendrocytes",-0.570660149883153,8.32186613954677,2.60308695031717,-1.10140707650463
"TAGGTTATCATTAGCA-1","female","Astrocytes",-8.41518888456714,2.33995400346888,-4.74059998796866,-5.45435431161205
"TAGGTTGGTGGTGAGA-1","female","Oligodendrocytes",-0.493214225601079,7.52830849565639,0.406104059949663,-3.42851307549755
"TAGGTTGGTTAGGTTG-1","female","Astrocytes",-10.6844464300383,0.685970380679502,-8.44208657549307,-4.34160378136913
"TAGTAACGTTGGATCA-1","female","Astrocytes",-11.0375290868987,2.38035927690638,-7.10686623857901,-4.30430891671459
"TAGTAAGCAAGCTTAT-1","female","Astrocytes",-11.1109896658171,2.66977177538051,-8.46471154497549,-4.38833954491894
"TAGTACGGTAGGTTTG-1","female","Oligodendrocytes",-0.674768900703313,6.22674666322841,0.515797914996889,-3.04515316643993
"TAGTAGGAGCGCATTG-1","female","Oligodendrocytes",-0.965345477889897,1.30815468706263,-0.0937687735407089,-1.50622036614697
"TAGTGAGAGTTAGTTG-1","female","Oligodendrocytes",-2.1971763132323,-2.87596668325292,0.234943570628908,-1.47975113549511
"TAGTGTGGTTTATCTG-1","female","Oligodendrocytes",-0.521687125991704,7.28383026994838,0.638946505323198,-1.72856142678539
"TAGTTTGAGGCCTGGT-1","female","Oligodendrocytes",-0.5566466210593,8.26199923433436,1.75611216022089,-1.31647613206188
"TATAGCCAGGAAGTAT-1","female","Oligodendrocytes",-0.62073502523792,2.81016431726588,1.84430784179285,-1.13895538010876
"TATAGCTCACAATGTT-1","female","Oligodendrocytes",-0.900283431838872,4.25091181673182,0.342281760707643,0.111258421752052
"TATATCCTCACTAATG-1","female","Oligodendrocytes",-0.218607997726323,6.97695599474086,2.55904841615274,-1.01580443539898
"TATATCCTCGGTTAGT-1","female","Oligodendrocytes",-0.607898747753026,6.12304936327113,2.07979202462747,-1.60060789742748
"TATCACAAGAAGGTGC-1","female","Oligodendrocytes",-0.458038067649724,7.87124215044154,-0.150697646602843,-2.34344055810253
"TATCCGGAGTGCACGC-1","female","Oligodendrocytes",-0.655737852882268,8.77652464784755,0.399346800580766,-2.59292104401867
"TATCGAGGTGCTTACT-1","female","Oligodendrocytes",-0.838292574714543,10.1924115268148,0.873107018008974,-2.84350946107189
"TATCGCACAATAAGCA-1","female","Oligodendrocytes",-0.794414257835271,-0.412752643450366,1.39537912799433,-1.20313682713787
"TATCGCACAATTTGGT-1","female","Astrocytes",-10.5499583242644,0.703136399165525,-8.50582444475577,-4.46964886346142
"TATGACATCCCATAGG-1","female","Oligodendrocytes",0.0490248741399031,9.01318465150966,-0.189423797592375,-2.55046441712658
"TATGCATCACCTAATG-1","female","Oligodendrocytes",-1.14863977415455,0.68106956757678,3.26219546987131,-0.797436143544121
"TATGCATCATTGCAGC-1","female","Oligodendrocytes",-0.755154228042485,2.61160789407863,0.504371734395769,-1.59559443154614
"TATGGATGTGACATAT-1","female","Astrocytes",-9.12417421324146,0.34060935653819,-5.3924492578356,-5.77769949593823
"TATGGCCCAATAATCC-1","female","Astrocytes",-10.6871186254729,0.814205139652624,-8.19236028002188,-4.45423081078808
"TATGGTCAGCTAAAGG-1","female","EN",1.52206661717999,-11.2380894573771,1.3740667123945,4.87827393851002
"TATGTGATCCCGTTTA-1","female","Astrocytes",-11.0971594808806,2.98675905145778,-7.93785512255118,-4.76781418481152
"TATTACCTCATTGCGG-1","female","Astrocytes",-7.54899129850757,1.92560766615046,-8.39731252001211,-4.74624779382031
"TATTACCTCGGTAACT-1","female","Oligodendrocytes",-0.806659436057927,0.489747352675333,0.0618423838765885,-1.64775803246777
"TATTAGCCACGTGCTG-1","female","Astrocytes",-11.0017634390105,2.86712633051051,-7.88309418962881,-4.40567829766552
"TATTAGGTCGCTAGTG-1","female","Oligodendrocytes",-0.71384010298145,1.61370263971461,1.98654508782938,-0.607643868115349
"TATTGACCAATATGGA-1","female","Oligodendrocytes",-1.04968307001484,2.44776259340419,-0.564282892212126,-0.447062636998101
"TATTGACCACGGTTTA-1","female","Oligodendrocytes",-0.585630750488164,9.22685919679774,1.33755621506288,-1.42350199380199
"TATTTGCTCGGTACGC-1","female","Astrocytes",-11.2850514410247,1.49478648580684,-8.27553975389883,-4.49180033364575
"TATTTGGAGGACCAGG-1","female","Oligodendrocytes",-0.859183645080449,1.39104489959849,0.124167325034883,-1.50479343095104
"TATTTGGAGTTAGTGC-1","female","Astrocytes",-11.1338234899749,3.24959908403529,-7.49949872301504,-4.68026402154247
"TCAACAATCGCACACA-1","female","Oligodendrocytes",-0.792633986305119,4.61704502977504,2.20433342649057,-0.593835617688103
"TCAAGACTCTTTGAGA-1","female","OPC",12.9131316186677,3.28956948198451,9.88199484540537,-0.870938564923211
"TCAAGCTAGGCCATCA-1","female","Astrocytes",-10.4777966497649,1.26365481294764,-5.52128827379629,-5.29006817498486
"TCAAGGAAGGTGTTAC-1","female","Oligodendrocytes",-0.74417719824207,5.98211012758388,-0.67372333811209,-3.30917074837963
"TCAAGTATCACTTTAC-1","female","Oligodendrocytes",-0.41384181959522,8.48579607881678,2.20247042371347,-0.568600322392388
"TCACATAAGCTAAAGG-1","female","Oligodendrocytes",-1.10122153742206,4.39714013017787,3.37827432347849,-0.685623313572808
"TCACCTCAGTCAGGCC-1","female","Astrocytes",-11.1724396703948,1.9406035987295,-6.27356278704092,-4.83901264825146
"TCACGGATCCTTAATC-1","female","Oligodendrocytes",-0.334778165649297,10.2241326419271,0.885882085248973,-1.76590302148144
"TCACGGATCGCAATCG-1","female","Oligodendrocytes",-0.495032346080663,7.249061688558,0.41479423834398,0.0219919427367015
"TCAGCAAGTCCTAGTT-1","female","Oligodendrocytes",-0.675177907775762,4.2615550605215,0.40356713725641,-0.195354010250969
"TCAGCCTTCAAAGGCA-1","female","Astrocytes",-11.4097109792937,2.72274623788966,-7.83159005449698,-4.69569971719067
"TCAGCCTTCCATAATG-1","female","Oligodendrocytes",-0.869440531562688,5.44256173051967,1.76708579255655,-0.835502769139214
"TCAGGTCCATAAGCAA-1","female","Oligodendrocytes",-0.92812917215717,-0.0947373064600091,2.93133628560617,-0.63355448403637
"TCAGGTTAGAACAAGT-1","female","Oligodendrocytes",-0.484015977214696,6.91789589800014,0.243152381912019,-1.47373130479137
"TCATCCATCAATGTGC-1","female","Astrocytes",-8.00506029112232,2.16698275484218,-5.90207373903677,-5.20205929436962
"TCATGTTTCCGGCTAA-1","female","Oligodendrocytes",-0.727607345413091,8.83049593843593,2.24341988755777,-1.25894036450665
"TCATTGCGTATTGTCC-1","female","Oligodendrocytes",-0.66768167002094,3.89310441888942,1.97603929235056,-1.15304043450634
"TCATTGTTCAGCTAAC-1","female","Oligodendrocytes",-0.935839986633183,8.20113860048427,0.997912393942621,-2.00951769509594
"TCATTGTTCGAAGTGA-1","female","Oligodendrocytes",-1.19555327875507,1.49160729326381,0.659036340251711,-1.36799695649426
"TCATTTGGTAATTAGC-1","female","Astrocytes",-11.0894032476653,2.65828786768092,-7.07551419542715,-4.55822088876049
"TCATTTGGTGTTGTGA-1","female","Oligodendrocytes",-1.00682327730549,6.8582278338827,0.818147040963318,-2.58968546548168
"TCATTTGGTTACCGGG-1","female","Oligodendrocytes",-0.695289826225163,7.00671349443568,0.173935236469057,-3.29748180070202
"TCCAGCAAGGCGCTAC-1","female","Pericytes",2.00225129144299,0.343830778972044,0.622939677968767,0.404509071919517
"TCCAGGATCGATAACC-1","female","Astrocytes",-10.1209813116301,0.543724223748579,-7.10116135881827,-4.59641935982983
"TCCAGGTCAGCCAGAA-1","female","Oligodendrocytes",-0.580239331554296,3.41712938226832,0.332659723296907,-3.11098220505993
"TCCAGGTCAGTTTGGC-1","female","Oligodendrocytes",-0.839728450607182,9.29513846315516,2.13279032899454,-1.65192988076489
"TCCATAAAGATAAAGC-1","female","Oligodendrocytes",-1.15841493589771,2.45746551431788,0.502835990920808,-1.53139116921703
"TCCATCATCCCGCAAA-1","female","Oligodendrocytes",-0.791806912254216,10.1363297549642,0.618501724735048,-3.41143610635082
"TCCATTGTCGTTAGCG-1","female","Oligodendrocytes",-0.572919046710851,5.00064478792323,2.91382801724985,-0.798947955754204
"TCCCTCACACCCACCT-1","female","OPC",9.73097505586254,2.19925974287166,9.45589316083505,-0.622788693097039
"TCCCTGGTCTCGACCT-1","female","Oligodendrocytes",-0.805804467033269,0.467635385469331,2.19612610532358,-0.627762819912835
"TCCCTGGTCTTGGACG-1","female","Astrocytes",-10.9669438360442,1.04700876750125,-7.35547005937979,-4.417811419156
"TCCGCCATCCTTAGTT-1","female","Astrocytes",-10.6348649023284,0.591695593912884,-7.88767945574209,-4.75417425790112
"TCCGGAATCGCGCTAA-1","female","Astrocytes",-11.2592659948577,2.56473444379939,-7.20122849749014,-4.64051726022045
"TCCGGTTTCAATGACC-1","female","Oligodendrocytes",-0.406357800792577,10.4170552340902,0.312969448104646,-2.48386671700756
"TCCGGTTTCGCTAAAC-1","female","Oligodendrocytes",-0.900776362251164,-0.116239443644152,2.00325501157358,-1.23389055886547
"TCCGGTTTCGGCCATA-1","female","Oligodendrocytes",-1.01070485098255,5.02026854433192,-0.215283630356047,-1.46143057503979
"TCCTAGTGTGTTGCAA-1","female","Astrocytes",-7.33192071897876,0.953600361720457,-5.27124392794058,-6.0689983622102
"TCCTAGTGTTACTTGC-1","female","Astrocytes",-8.71890554411304,1.91411827482356,-5.70887553499624,-5.14305403390209
"TCCTAGTGTTAGCATG-1","female","EN-fetal-early",0.746691340376018,-2.60057581983434,0.708999650612619,0.127103899333076
"TCCTCAATCCTAACGG-1","female","Astrocytes",-8.35812673551929,2.04544924177302,0.39478281332567,0.635408484104471
"TCCTCAATCTCACTAT-1","female","Oligodendrocytes",-0.76364753229511,9.59786997713221,1.17355758143976,-0.985461260464592
"TCCTGGTTCCATTACT-1","female","Oligodendrocytes",-0.700581884216191,9.42757903017177,0.166761877074983,-3.28735377946178
"TCCTGTTCAAATATCC-1","female","Oligodendrocytes",-0.549741065334203,6.19405232347621,3.082764746681,-0.716308380749627
"TCCTGTTCAATTGAGA-1","female","Oligodendrocytes",-0.614649391006352,0.171257063523664,2.8440990467222,-0.70972623982708
"TCCTTAGTCAAGACTC-1","female","Astrocytes",-8.56260881407154,2.19941471494807,-4.98022019670889,-5.37728455224316
"TCCTTCAAGCTAGAAG-1","female","Oligodendrocytes",-0.975449180435063,6.73098479189052,0.185098173156526,-2.48270728745739
"TCCTTCAAGGTCGAGG-1","female","Oligodendrocytes",-0.690904950927617,5.49256764330043,0.630380706921365,-2.98817160287182
"TCCTTGCAGAGGATAT-1","female","Oligodendrocytes",-1.0621757267226,3.8724096862234,-1.22607576654837,-2.47685959496777
"TCCTTGCAGTAAGTGG-1","female","Oligodendrocytes",-0.908983325790288,5.78139172472133,1.14759040071085,3.07805464110096
"TCCTTTACAATGCCTA-1","female","Oligodendrocytes",-0.97218856794727,0.6212266532339,3.07936585141733,-0.505492712643548
"TCCTTTACAGAATGAC-1","female","OPC",13.6569594384919,3.42880140222682,0.513305785194185,0.598971244606571
"TCCTTTACAGGCTAGA-1","female","Oligodendrocytes",-0.935176586936833,5.6828766909994,2.44910323812082,-1.39170673051159
"TCCTTTACAGGTTATT-1","female","Astrocytes",-11.1449461935271,3.59755597986354,0.597138138547685,0.28140557250698
"TCGATTAAGGATGATG-1","female","Oligodendrocytes",-0.704087233375432,3.91263805307521,2.80078566266611,-0.423519398358269
"TCGATTAAGTGCTGTG-1","female","Astrocytes",-10.215734577011,2.1267152873434,-5.46350848482535,-5.27603485741894
"TCGCATTGTAACAGGG-1","female","Oligodendrocytes",-1.05908677561176,0.256688102857007,0.357766212955263,-2.48622372308056
"TCGCGAGGTCGCGCAA-1","female","Oligodendrocytes",-0.108423626254918,7.6507631389059,0.133015992179659,-3.22419860520641
"TCGCGCACACGGTTTA-1","female","Astrocytes",-10.7468720434417,0.776602238193883,-7.21184098528311,-4.73184254327099
"TCGGTAAGTGGATTGC-1","female","Oligodendrocytes",-0.870360231231572,5.21282349504603,0.183689596191194,-0.352674390461846
"TCGGTTACATAACGGG-1","female","Astrocytes",-10.1608992574919,0.693498134390249,-5.64281022356436,-5.53228333154003
"TCGGTTCTCCCTCAAC-1","female","Oligodendrocytes",0.0235838832150679,9.50463782228602,1.51703977777078,-1.06790962376873
"TCGGTTTGTGGATTCA-1","female","Oligodendrocytes",-0.189587449859502,6.30461035646571,2.51502216054514,-0.928190137532158
"TCGTCAACATAAAGCA-1","female","Oligodendrocytes",-0.474013364147069,7.82139597810878,0.382824273839738,0.172216509196357
"TCGTTACGTCCCGAAG-1","female","Pericytes",2.41741719262707,0.463278718069925,0.647261234060075,0.291408423993186
"TCGTTACGTTAACACG-1","female","Oligodendrocytes",-0.703307246993901,6.15088282503261,1.76496666862085,-1.06065895715038
"TCGTTACGTTAGCCAA-1","female","Astrocytes",-9.61014375669849,2.02715657629146,-8.47562730120108,-4.44054749169628
"TCTAACCGTGGAAGGC-1","female","Oligodendrocytes",-1.20037004930866,3.32065473474635,3.41681277944162,-0.497920776989861
"TCTAATCTCAACCAAC-1","female","Oligodendrocytes",-0.618251240085484,0.914412036315336,0.609707715049532,-1.18111100354473
"TCTAATCTCAGCATTA-1","female","Oligodendrocytes",-0.629581069778325,-0.574374333246813,1.25281629158571,-1.11997738042156
"TCTACCTCAATATGGA-1","female","Oligodendrocytes",-0.462594902347447,4.20034657396449,0.523654164806154,-1.59279253640453
"TCTAGCACAGGCCAAA-1","female","Astrocytes",-10.6672726629485,1.79052387155665,-7.33191144274161,-4.80098154702465
"TCTAGCACATAATCCG-1","female","Oligodendrocytes",-0.674053883384587,-0.507006779535876,1.276189478174,-1.05314304986279
"TCTAGCCTCAATACGC-1","female","Oligodendrocytes",-0.942316150497319,9.58958063997401,0.507730038896349,0.450580571505622
"TCTAGCCTCCAAGTTA-1","female","Oligodendrocytes",-0.389780139755132,6.85580645479335,0.634001823201921,-2.88138249078075
"TCTAGCCTCGGGACTC-1","female","Oligodendrocytes",-0.75651154501331,3.07425795473231,0.640837417975214,-0.240081872132226
"TCTAGCGAGTGAGAGC-1","female","Oligodendrocytes",-0.452975368331792,2.09748063959254,-0.307970164283965,-2.701662565854
"TCTAGCGAGTTTGCGG-1","female","Oligodendrocytes",-0.903093671630742,2.89876066126002,0.55014100863054,-2.27965190568249
"TCTATGTTCATTGTCT-1","female","Astrocytes",-10.7571488378752,0.839097246304883,-6.37036263750479,-4.98454716363232
"TCTATGTTCTTGACCC-1","female","Oligodendrocytes",-1.03866443617237,3.61575804628505,-1.77099191950247,-2.85754921593945
"TCTCACCAGTGTTGCG-1","female","Oligodendrocytes",-0.675196027587773,-0.229285255297289,0.229444326892641,-2.50554254212658
"TCTCCTCGTAGGATTT-1","female","Oligodendrocytes",-0.969327544998052,2.65707217134608,1.02633574797228,-2.51935460725109
"TCTCCTCGTGCTCCAC-1","female","Oligodendrocytes",-0.000876164268376278,8.82780180849208,2.38285780145242,-1.59062292733471
"TCTCGCCCAATAGTCT-1","female","Microglia",-9.24922094328296,13.2195454684652,0.570912333265092,-7.32704785027783
"TCTCGCCCACCATATG-1","female","Oligodendrocytes",-0.368401622604253,4.8124514666952,0.163476707473543,-1.77178838410656
"TCTGGCTTCCAAATCA-1","female","Oligodendrocytes",-0.710281824897649,-0.4759892376505,-0.629041669830534,-0.952816988614007
"TCTGTGACAAGACTCC-1","female","Astrocytes",-7.80441007597339,2.07043121732844,-8.22589337633536,-4.72406103768627
"TCTGTGACACAGAAAC-1","female","Oligodendrocytes",-0.616782581638219,8.55153904832972,3.0878540296705,-0.635270501759453
"TCTGTGACAGGTTACC-1","female","Oligodendrocytes",-0.115944838355901,7.50774632372035,3.16416347219065,-0.963055278447075
"TCTTAGTTCTAAGGTC-1","female","Astrocytes",-10.5118723867644,0.647666591928138,-6.96836983965323,-4.79057886758129
"TCTTTGTAGGCGAATA-1","female","Oligodendrocytes",-0.685284113716008,9.2594204989828,0.597941370740678,-2.82781651177685
"TCTTTGTAGTAACTCA-1","female","OPC",13.7778710366975,3.42852149881495,10.4129034300001,-0.884461785939141
"TGAAACTGTCACCTAT-1","female","Oligodendrocytes",-8.23461160642994,-0.442460552080737,-5.73985421465323,-5.52526619591992
"TGAAGCAAGCACGATT-1","female","Oligodendrocytes",1.50901165025341,-11.0427836330973,2.14927661611154,3.99215910277088
"TGAAGCAAGGACCTCA-1","female","Oligodendrocytes",-1.01268730146778,7.56056986726893,2.0283875484617,-1.18310132184307
"TGACCAAGTATTCGTC-1","female","Oligodendrocytes",10.8703831674348,4.2460623828329,2.74694287969187,-1.55490472474377
"TGACCAAGTGCCGCAA-1","female","Oligodendrocytes",-0.603626644443395,9.48909769930018,0.592821778789308,-3.01639774003307
"TGACCAAGTTAAGCTG-1","female","Oligodendrocytes",-0.589129602741124,5.68862257875575,0.337533475890901,-0.48263850369732
"TGACCTTGTATTTGGG-1","female","Oligodendrocytes",-0.772524452041509,10.0226718036093,0.0397961754949356,-2.54446318307201
"TGACCTTGTGCTTAGA-1","female","Astrocytes",-11.1203881262053,2.35239385046138,0.516678305402544,0.0130159600706858
"TGACTTAAGCATGTCG-1","female","OPC",12.6144532205354,3.61998639978541,11.0803390760572,-0.707417871144219
"TGAGCAAAGCTTTGGG-1","female","Oligodendrocytes",-1.0652811287154,1.55269347108973,2.63919079495981,-0.514150168087883
"TGAGCAAAGGTCCAAT-1","female","Oligodendrocytes",-0.819450115989568,4.23003517068995,0.183423044219759,-2.43029167809765
"TGAGCCGGTTTATGGG-1","female","Oligodendrocytes",-0.639753198455693,0.400730043426885,2.05566132260874,-1.30178024926464
"TGAGCTTAGCATGACT-1","female","OPC",12.2968605996858,3.72561989702357,9.8526359815748,-0.599510814335747
"TGAGCTTAGGGACCTC-1","female","Oligodendrocytes",-0.900083994697453,0.380714788810148,3.12635243131235,-0.853038694050713
"TGAGGCACAAGGTATA-1","female","Oligodendrocytes",-0.922913527320744,1.28490225948466,2.29031706048563,-0.767473127034112
"TGAGGCACATTGCGTA-1","female","Oligodendrocytes",-0.616079544853093,5.46857462801112,-0.445571301445219,-2.27068569817822
"TGAGGGCCAAGGACCA-1","female","Oligodendrocytes",-0.609944438766362,5.99346743501796,0.78725384368017,-2.25399353661816
"TGAGGGCCACCATATG-1","female","Oligodendrocytes",-0.313114619087102,9.78665076173915,0.101611496940401,-2.57173230805676
"TGAGTGAAGTTATGGC-1","female","OPC",13.8307160379182,3.44391308702601,9.71622717572763,-0.734909559872551
"TGATCACAGGTAACGA-1","female","OPC",13.1848191262971,3.38812671579493,9.82897436811044,-0.884177471783562
"TGATCACAGTAGCTTA-1","female","Astrocytes",-11.1108332632293,2.39851091779841,-8.48787915514395,-4.45347025552075
"TGATCGAGTTTGTGGA-1","female","Astrocytes",-11.0604229925383,3.57000313676967,-6.63006388948843,-4.70795443215649
"TGATTGCAGGATGATG-1","female","Oligodendrocytes",-0.390183484386327,2.19790492929591,2.20990109635904,-0.42635324158947
"TGATTGCAGGCCTTAG-1","female","Astrocytes",-7.32029542906177,1.91157685197963,-6.46796309755728,-4.56936361947338
"TGCAAGCGTGGATTAT-1","female","Astrocytes",-8.25787458403003,2.22738359846248,-5.74461495684073,-5.15645458855908
"TGCAAGCGTTCGCTCA-1","female","Astrocytes",-10.6158305166472,0.717549606934919,-6.95501076982901,-4.61433794656078
"TGCAAGCGTTGGTTCT-1","female","Oligodendrocytes",-0.586018955539586,6.11721335329188,2.50895357324198,-1.4877085939912
"TGCAAGCGTTTCCTCC-1","female","Oligodendrocytes",-0.595044946502568,7.15102587618007,0.734969029262807,0.119018529269294
"TGCATCCTCAGGGCCT-1","female","Astrocytes",-9.1314660070647,0.971485629454984,-6.65447509096548,-4.60522225060742
"TGCATTAAGGTAAGCA-1","female","Astrocytes",-10.3551522253264,0.520917378143205,-5.75118481920645,-5.64105084100048
"TGCCGGTAGTTATCCT-1","female","Oligodendrocytes",-0.833074068855168,4.33493457712306,1.76670414401605,-0.242981101658745
"TGCGCAGGTGTTGCTT-1","female","Oligodendrocytes",-0.841676091979863,9.14364443697108,0.7359462474139,-2.03808190980236
"TGCGGTTCACAAACTT-1","female","Oligodendrocytes",-0.103610879014851,7.5485206691183,2.28275060845926,-0.256738628533288
"TGCTAACAGTGAGGGT-1","female","Oligodendrocytes",-0.313963806461217,9.08776293672694,0.130723061099794,-2.74773838677685
"TGCTAGCCAATAGTCT-1","female","OPC",13.3895787240754,3.30907903589381,9.51618635846689,-0.707060481694146
"TGCTATGCACCTATAG-1","female","Oligodendrocytes",-0.963562464546086,0.350022777692213,2.6519398708494,-0.85125079312603
"TGCTCAACAACCTAAT-1","female","Astrocytes",-10.4590331075896,1.95315276064052,-6.72036397264883,-5.0277009264497
"TGCTCAACAGCAGGTA-1","female","Oligodendrocytes",-0.380171215366246,8.09665261186732,0.3706804235132,-2.71354344048779
"TGCTCACTCCAATTAG-1","female","Astrocytes",-10.6777955053557,2.38587294496669,-7.36422002123282,-4.49855473199169
"TGCTCACTCTAAGTCA-1","female","Oligodendrocytes",-0.29692367298496,7.36114703096522,2.15298819734171,-0.801620151188775
"TGCTCACTCTGTGCAG-1","female","Oligodendrocytes",-0.95406374914539,4.22023807443751,0.181376161113527,-3.00071146645824
"TGCTGGATCAGTTCCC-1","female","Astrocytes",-11.0447207449187,1.57436065353526,-6.75929629610464,-4.88682415643017
"TGCTTAAAGCGTGCAC-1","female","Oligodendrocytes",-0.786465143989446,8.58055029787196,0.306870939269807,0.112703417155342
"TGCTTAAAGTTAGGCT-1","female","Oligodendrocytes",-0.403642809223058,7.06510363496913,0.606385396853235,-3.15841558137219
"TGCTTGCTCTTGCAAA-1","female","Oligodendrocytes",-0.860296225379827,7.26573382295741,0.478573055997636,-2.81447389283459
"TGCTTTAGTAATCGTG-1","female","Oligodendrocytes",-0.523077821563603,4.89648257173671,-0.0917270760385727,-2.98541023888866
"TGCTTTAGTCATAGAT-1","female","Astrocytes",-10.9873152731169,1.21123681940211,-8.28087460802481,-4.60545447030346
"TGGAACAAGAAGCTAG-1","female","Oligodendrocytes",-0.726069783996465,5.78180132784022,0.687678085699823,-1.05234649339001
"TGGACCGGTCCGTAGG-1","female","Oligodendrocytes",-0.799792504142644,10.7728148547567,-1.45989501284048,-5.48677876153271
"TGGACCGGTGCATTTC-1","female","Oligodendrocytes",-0.80453298075092,7.55920420564784,-0.581842778190825,-1.98894455590527
"TGGACCGGTTCCTGTG-1","female","Oligodendrocytes",-0.747233009170415,0.564129238725438,1.2802617271097,-0.358428742077752
"TGGATTCAGTAAGTCC-1","female","Astrocytes",-10.3158236501921,0.412704810277357,-8.33208310411856,-4.5528588549165
"TGGATTGGTTAGCAGC-1","female","Oligodendrocytes",-0.796931123565557,-0.127871230467425,0.502224328056123,-2.71483900704662
"TGGATTGGTTGGATCA-1","female","Oligodendrocytes",-0.401770746539952,9.0769835559286,1.82671040488794,-2.03112580933849
"TGGCCATCAGAAATTG-1","female","Oligodendrocytes",-0.20093635303867,9.27508650697841,1.68357038690164,-1.38108208337109
"TGGCCTGCATTAAGCT-1","female","Oligodendrocytes",-0.907909965347173,8.6316653338827,0.836393984094408,-1.58605911889355
"TGGCCTTTCATTAGGC-1","female","Oligodendrocytes",-0.353216266464116,9.17266760744227,0.545638592973497,-3.28749110856335
"TGGCCTTTCCTGATTT-1","female","Oligodendrocytes",-1.03151748163593,1.78502057470454,2.21579361154154,-0.997024799969597
"TGGCGGTTCATGGTGT-1","female","Oligodendrocytes",-0.711170172523381,2.84982477106227,1.37080818606928,-1.68743422189037
"TGGCTAAGTGTGTCCC-1","female","Oligodendrocytes",-0.83146808130634,5.60116730608119,0.422552349105623,-2.82609274544994
"TGGCTATAGTAGCTTA-1","female","EN",4.31363382356274,-13.029671564921,1.24945756985262,3.73183963141163
"TGGCTTTGTAATCCCT-1","female","Oligodendrocytes",-0.683943724464299,0.486215039864912,3.13000977231577,-0.423214818623467
"TGGTAAACAACATAAG-1","female","Oligodendrocytes",-0.619762277435185,-0.779607907160388,2.42213976575449,-0.142200197365685
"TGGTCAGTCCACCTGT-1","female","Oligodendrocytes",-1.03623006327045,4.40693031229152,2.44334531022623,-0.226851309922143
"TGGTCAGTCCGGAACC-1","female","Oligodendrocytes",-0.8380865810622,7.14499483980311,0.14065438701227,-3.21389367738049
"TGGTCAGTCTCACATT-1","female","Astrocytes",-7.45723876936329,2.01747892774714,-5.47690570162222,-6.00259258904736
"TGGTCCTTCCTAAGTA-1","female","Astrocytes",-10.3055668829192,1.96890400327815,-6.22707116411612,-5.03676989236157
"TGGTGATTCCTTAGTT-1","female","Astrocytes",-8.30764112455738,2.24977491773738,-5.7602642755358,-5.14467575707714
"TGGTTAATCCCGCCTA-1","female","Oligodendrocytes",-0.257388567756535,7.81122122682704,-0.157456634506438,-3.00773408570568
"TGTAAGTGTAAGGTCC-1","female","Oligodendrocytes",-7.6159859655608,1.84775064863337,1.05716303183153,-3.2459135309724
"TGTAAGTGTTATCCGT-1","female","Oligodendrocytes",-0.381311631034734,4.86567221559657,2.44756090833261,-0.532239343312188
"TGTAATGTCTAACCTT-1","female","Oligodendrocytes",-0.780237769912602,-0.538785830362902,9.92645991040781,-0.856958653119011
"TGTATCCGTCATGCCC-1","female","Oligodendrocytes",-1.1448400972594,0.700597032681837,0.630479814544466,-2.71046593346874
"TGTATCGCATCGCTTT-1","female","Astrocytes",-10.8399716375579,2.86076842226161,-7.76938664720938,-4.56488182702343
"TGTCAATCAAAGGTAC-1","female","Astrocytes",-8.4610558508147,-0.0185002239786248,-8.57308041857168,-4.43211701073925
"TGTCAATCAACACCTA-1","female","Oligodendrocytes",-1.16510555727375,0.92736090697421,0.447312774196413,-2.2890169874696
"TGTCATAAGATGGACA-1","female","Oligodendrocytes",-0.785401797126653,-0.395409897192584,1.12653774215296,-1.9456160322694
"TGTGATCAGCCTGTTC-1","female","Astrocytes",-11.2440606115569,1.43194572605266,-8.00791394518301,-4.23291447320263
"TGTGCAAGTTAGGCTA-1","female","Oligodendrocytes",-0.8713478801955,7.17087517656459,0.235375287071016,-1.9358344332246
"TGTGCACCACCTGTAA-1","female","Oligodendrocytes",-0.612246787380101,7.23545037187709,0.527234764829424,0.540139634821014
"TGTGCGCAGCATCCAG-1","female","Astrocytes",-11.2907143591155,2.3242877570547,-8.44174039171622,-4.40540602364819
"TGTGCGCAGCCACAAT-1","female","Oligodendrocytes",-0.746684646438481,3.36608324922694,0.345421614185121,-3.00538637795727
"TGTGCGCAGCTAATTG-1","female","Microglia",10.0215424539338,2.26723287977351,2.6900371332319,-0.469020988133355
"TGTGCGGGTTGCGCGA-1","female","Astrocytes",-9.77670392973316,2.40341483034266,-7.01721608446524,-4.66538527169506
"TGTGCTGAGCAAGGTA-1","female","OPC",9.23354806916821,2.13129495062007,9.85637438489511,-0.797986294415398
"TGTGGAGCACTAAGTT-1","female","Oligodendrocytes",-0.873130893539311,4.05784116663112,2.51497757627085,-1.55075194993298
"TGTGGCCAGCTTAGTA-1","female","Astrocytes",-11.1462126730193,3.54209552683009,-7.53455579088614,-4.80933811822216
"TGTGGCCAGGCCCAGT-1","female","Oligodendrocytes",-0.635182356666448,6.55118285097255,0.546461196676042,-2.8443558470277
"TGTGGCCAGGGTGAGT-1","female","Oligodendrocytes",-0.812695479225041,0.325445815698041,0.214484455123689,-1.66508152642529
"TGTGGCTCATTCCTCG-1","female","Astrocytes",-11.3841830251921,2.61245666422023,-7.59764897631094,-4.46895506539623
"TGTGTTAAGCGATAGA-1","female","Oligodendrocytes",-1.03382489664447,2.76676093019618,0.360051246419695,-2.37755253472607
"TGTTCATTCCGGAACC-1","female","Oligodendrocytes",-0.900376415084722,7.21017990984096,2.36183297826364,-1.31217541852276
"TGTTGCACATGTGGGA-1","female","Astrocytes",-10.6195193289031,1.96827577032222,-6.17351376818106,-4.85474827447216
"TGTTGTAAGTGATTCA-1","female","Oligodendrocytes",-0.850897764991643,0.181098744050397,0.54723465634897,-2.19282391228954
"TGTTGTTTCAAGCGCC-1","female","Astrocytes",-10.3133507726897,0.823489218727483,-8.44552171038077,-4.50209286370556
"TGTTGTTTCACTCAAA-1","female","Astrocytes",-10.8013401983489,0.916167840138807,-6.67724311159537,-5.03180601754467
"TGTTGTTTCCCTCGCA-1","female","OPC",12.6713732721101,3.18867121614589,9.80494654370859,-0.630055691388054
"TTAAAGGCAAGACTCC-1","female","Astrocytes",-10.7732687948455,1.04301871337069,-6.02783000276968,-5.41464092889111
"TTAAAGGCAATAATGG-1","female","Oligodendrocytes",-0.927813267539861,0.213908567801847,-0.0772452335207199,-1.55995299973766
"TTAAAGGCATTGCAGC-1","female","Oligodendrocytes",-0.578161215614202,5.42851363100184,2.25199330045297,-0.894741799023552
"TTAACCAAGCCAAATC-1","female","Oligodendrocytes",-0.649740433524968,7.35118494905604,0.717822002306726,-1.38717200913708
"TTAACTGAGGACCAGG-1","female","Astrocytes",-10.0963774679412,2.18692122377528,-7.88126694963858,-4.76173784890453
"TTAACTGAGGATAAAC-1","female","Astrocytes",-10.5839549062957,0.81196227647437,-8.29669034288809,-4.51395800271313
"TTAAGCCAGCAATAGG-1","female","Astrocytes",-11.1533146856536,3.63944087900294,-7.39829098986075,-4.6304373995332
"TTAAGCCAGGTAACGA-1","female","OPC",12.9600209237825,3.61102400697841,9.49965822888925,-0.623952891018792
"TTAAGGACAAATTCGT-1","female","Oligodendrocytes",-0.489524638484837,9.34059916414393,0.352241488233354,-2.23930981316845
"TTAATCGAGTTAGCTA-1","female","OPC",13.3956231118928,3.48653541483058,9.43051302625253,-0.64279201188366
"TTACACCGTTACAACG-1","female","Astrocytes",-10.9707594869841,2.18704543985499,-6.39285027788565,-4.72556831994335
"TTACCTGTCATCAGTA-1","female","Astrocytes",-11.1085282324065,3.51577936090602,-7.34833085344717,-4.53630259194653
"TTACGTTTCGATTATG-1","female","Oligodendrocytes",-0.721859431098821,9.10651598848475,0.00311988784387363,-2.77921464600842
"TTACGTTTCGTCAAGT-1","female","Astrocytes",-10.6565543173064,1.10978637613429,-6.69826924608633,-5.04819300332348
"TTACGTTTCTCGCCCA-1","female","Oligodendrocytes",-0.732448911498906,7.2193757144369,0.279429258838441,-3.05968978562634
"TTAGAAGCACTTGTTC-1","female","OPC",12.0047825814973,3.92131696619166,11.4825845976026,-0.674956585553093
"TTAGCAATCGCAACAT-1","female","Astrocytes",-11.130375957321,1.88033543504847,-7.45516049669668,-4.7002764002351
"TTAGCAGGTCCGTGAG-1","female","Oligodendrocytes",-0.739078259300115,4.39082942880763,0.503791453376558,-3.53706886925976
"TTAGCCTGTGTTAAAC-1","female","EN",3.52233304994213,-13.626857653483,2.10479819966867,7.89241311392506
"TTAGCCTGTTAATGCG-1","female","Oligodendrocytes",-0.0678878782500047,7.7408248034872,0.266542973056581,-2.80723765054028
"TTAGGAACATTGGGAG-1","female","Oligodendrocytes",-0.628723478149297,-0.638853684290514,2.15269196225717,-1.03022959389965
"TTAGGATGTTTAGTCC-1","female","Oligodendrocytes",-0.417019283603551,7.15535078920497,0.666235061422136,-2.30482819237988
"TTAGGCGTCAAGGACA-1","female","Oligodendrocytes",-0.798085069488408,0.843450471536054,0.132675768867281,-1.79319026627819
"TTAGGCTAGCTCATAA-1","female","OPC",11.779852771927,3.89656172670497,9.86689055158212,-0.60184016385357
"TTAGGCTAGGAGCAAC-1","female","Oligodendrocytes",-0.787708020042302,-0.0365591200433831,1.37180173589304,-0.965699221280022
"TTAGTCAAGGTCCAAT-1","female","Oligodendrocytes",-0.808656310867192,5.81828556932582,-0.507961509689543,-1.94143536248486
"TTATCCGTCGACAAAG-1","female","Astrocytes",-10.9862261770476,3.48563133157863,-8.0827478151171,-4.51140835442822
"TTCAACCGTAAACAAG-1","female","Astrocytes",-11.3376780508269,2.88321815408839,-8.35364091204092,-4.40835573830883
"TTCAACCGTTACCGGG-1","female","Astrocytes",-10.7124634741057,1.25375775970591,-7.16085278795645,-4.86548950829784
"TTCAGCACATCCTGAA-1","female","Oligodendrocytes",-1.03404388410938,7.88241396822108,2.43611395551279,-1.35284974732678
"TTCAGTTTCAATCATG-1","female","Oligodendrocytes",-0.661470627616765,1.20559428609981,0.554072620406892,-1.25205733933727
"TTCAGTTTCTCGACCT-1","female","Oligodendrocytes",-0.818711972068669,3.2931336013235,1.76160073472574,-0.836462999966546
"TTCATCCCATGGTTAT-1","female","Oligodendrocytes",-0.618020093273046,9.31547175325526,2.90952360822275,-1.17810323396008
"TTCCCACAGATGGACA-1","female","Oligodendrocytes",0.0311659218560439,8.94689665712489,3.17095434857919,-0.675699736264153
"TTCCCACAGCTATGAC-1","female","IN-MGE",-6.75741252882374,-6.16529025159703,-6.73553788469717,4.63611934027393
"TTCCCACAGGACCTCA-1","female","Oligodendrocytes",-0.715185022186162,1.04145951546802,0.507794560924318,-0.7205240980653
"TTCCCGCCAATAACGA-1","female","Oligodendrocytes",-0.614168083499791,8.21179877199305,0.393709870115068,-3.28531291642468
"TTCCCGCCATGGTTAT-1","female","Oligodendrocytes",-0.463454639743688,7.42482863344325,3.21476519300058,-0.88156428494732
"TTCGCAACAGTCTATG-1","female","Oligodendrocytes",-0.0125322697867173,8.91760550417079,0.0231913943441178,-3.14211371102612
"TTCGTTAGTGGATTGC-1","female","Astrocytes",-11.354632472824,1.74449644960536,-6.98549783037588,-4.42763855614941
"TTGACGTAGCTAAGTC-1","female","Oligodendrocytes",-0.753714179824712,2.78478847421779,-0.235985753998015,-0.921885754254265
"TTGAGCTAGGGTGAGT-1","female","Astrocytes",-11.0576420782317,1.25384776271953,-7.650229809746,-4.47702601113598
"TTGATGTCAAGGGTTG-1","female","OPC",10.4142340661775,2.53330193437709,9.64588892652109,-0.685772444394036
"TTGATGTCATGAATAG-1","female","Astrocytes",-9.1709643362273,0.0231389252103705,-5.6015819291918,-5.32878830590527
"TTGATGTCATTAGGTT-1","female","Astrocytes",-11.3071394918669,1.7135038224615,-7.35165917681143,-4.59777023949902
"TTGATGTCATTATGGT-1","female","Astrocytes",-10.909621333908,2.8365472403921,-8.47005021379874,-4.44571116128246
"TTGCAACAGTATCGCG-1","female","Oligodendrocytes",-0.568409240077855,9.10843192018641,2.47664094163492,-0.807935740139885
"TTGCAAGGTACCGAAC-1","female","OPC",12.2709626199495,3.73052249826564,10.3134037275465,-0.562323238041802
"TTGCAATCAGATAGAC-1","female","Oligodendrocytes",0.0546741725693923,8.68097220338954,0.422740133538988,-0.848291541722222
"TTGCACACAATCTCTC-1","female","OPC",12.1444396020662,4.07660423196925,10.4915806074293,-0.544069315579339
"TTGCACACACGGTTTA-1","female","Oligodendrocytes",-0.724258875678899,0.086860820428266,0.0150326509626175,-2.24253156342785
"TTGCAGCCATGTCAAT-1","female","Oligodendrocytes",-0.663405155967595,-0.230570331438647,0.601226644650247,-1.4946952120332
"TTGCCCGTCCTAAGTA-1","female","Oligodendrocytes",-0.645564651321294,9.65963946260585,0.565274508729723,-2.76366474786083
"TTGCTCTCAGGAATCG-1","female","Oligodendrocytes",-0.894018029998662,6.64166747011317,1.09922710253313,-1.19271042504589
"TTGCTTTAGCAAGACA-1","female","EN",14.2627772332917,-5.49851025663243,-0.0453461985437607,3.35128733954151
"TTGCTTTAGGATAAAC-1","female","OPC",9.38810338990795,2.16002415098323,9.56221449567392,-0.595750476506157
"TTGCTTTAGTGAGCAA-1","female","Astrocytes",-10.5561009405364,1.78472088255061,-6.40823495195791,-4.47028973260204
"TTGCTTTAGTTGCGTG-1","female","OPC",11.9775742532502,3.6560588923849,9.73880446149423,-0.805873538639946
"TTGGAGGCAGTTTACG-1","female","Oligodendrocytes",-0.758887862991216,-0.089253202303515,0.463334383502748,-1.36051013627331
"TTGGATCAGGATTGAG-1","female","Astrocytes",-10.8578415868987,0.82167385496272,-7.2030862550585,-4.84363415398876
"TTGGATCAGGCGGGTA-1","female","Pericytes",2.16894056813824,0.345149934069051,2.52585411264017,-2.43051078477184
"TTGGATCAGGTCGATT-1","female","Oligodendrocytes",-0.345983421634557,10.0442744342245,1.24057215644434,-2.46322682061474
"TTGGATTCAAGGTAAC-1","female","Astrocytes",-11.1561995504607,1.57655869402064,-6.38493764208243,-4.83195927300732
"TTGGATTCAGCCGCTA-1","female","Oligodendrocytes",-0.846369242500188,2.22752498067988,2.66598761273935,-0.545600678112908
"TTGGCGGGTGGAAGGC-1","female","EN",14.1789607049714,-5.42257823072301,0.174239398971346,3.46670696577747
"TTGGCGGGTTTAACGG-1","female","Oligodendrocytes",-0.558338856529119,-0.34210319839345,0.448563637271669,-3.02718236604015
"TTGGCTGAGCACAGAA-1","female","Oligodendrocytes",-0.62381062490833,8.5297046748556,0.12566083861902,-1.51681258836071
"TTGGGCGGTAGCTGCG-1","female","Oligodendrocytes",-0.69633886797321,8.33378945268763,0.224776865974214,-2.57155516305248
"TTGGGCGGTGAGACTC-1","female","Astrocytes",-10.9115439413298,1.79872964300288,-6.96945035265372,-4.77812340417187
"TTGGGCGGTTCCGGCT-1","female","Oligodendrocytes",-0.913458680938603,2.5521862355627,3.24627316190317,-0.841313029911919
"TTGGGTTAGGGTGAGT-1","female","Oligodendrocytes",-0.716435289214971,2.84996114648951,0.649908544555452,-0.078071083214684
"TTGTCAAAGCTTCCCG-1","female","Astrocytes",-11.2421732900847,3.08580361284388,-8.51051556871817,-4.33729841866772
"TTGTCCCAGGTTTGAC-1","female","Oligodendrocytes",-0.933409905265691,6.3573380557455,0.788237119153288,-2.43372967400829
"TTGTCCGGTTACCGGG-1","female","OPC",12.9414004327546,3.47907982744349,9.80085432721689,-0.679830218937798
"TTGTGCGAGGCTCATG-1","female","Oligodendrocytes",-0.683360314201238,9.28645335115565,0.521853001848009,0.530438978883819
"TTGTGTGCAGCCAGTT-1","female","IN-MGE",-2.49465475065601,-3.16013731084691,0.519081058040407,0.503440563294486
"TTGTTCCCAGGTTACC-1","female","Oligodendrocytes",-0.575905060600163,6.53165875352992,0.802868640110042,-2.12038710274975
"TTGTTCCCATGAATAG-1","female","OPC",13.5741824151765,3.32850585855617,9.82202303601816,-0.842566515591546
"TTGTTCCCATGAATCT-1","female","Oligodendrocytes",-0.382915592025639,8.07319222368373,2.57414448453501,-1.37144711175243
"TTGTTTGGTTGTAAAC-1","female","Oligodendrocytes",-0.652725195716741,-0.0481758268915277,0.0488564987333084,-2.9885790602235
"TTTAACGAGCTATGAC-1","female","OPC",12.7776698114167,3.55622230447902,9.73527109815195,-0.663468505528374
"TTTAACGAGTCCTGAG-1","female","Oligodendrocytes",-0.0491547046412248,9.72823248781337,0.273256303802278,-3.10885050454418
"TTTACGAAGCGCCTTT-1","female","Oligodendrocytes",13.8777865411531,3.48497520364894,2.73299193574503,-1.32960608163158
"TTTACGCGTCGCGCAA-1","female","Oligodendrocytes",-0.350906228851201,7.20108662523402,0.215223969951418,-2.37260964074413
"TTTACGCGTTAACACG-1","female","Astrocytes",-11.1698857305754,3.41931854166163,-6.31914412783072,-4.80189230599682
"TTTAGCAAGGCCTTAG-1","female","Oligodendrocytes",-0.429951643775823,7.9577380267538,2.63104450894907,-0.797536875393792
"TTTAGCTTCGTCATTT-1","female","Astrocytes",-10.633480167221,1.43428651966227,-7.0017136316149,-4.57530310311596
"TTTAGCTTCTTACTCG-1","female","Oligodendrocytes",-0.715890621971013,4.94356833376063,0.456594796911028,0.256463740679817
"TTTAGGATCTTGAGGT-1","female","Astrocytes",-9.58613882048023,0.176517292634382,-6.90742814348623,-5.02616741814892
"TTTATGGAGCACGTTG-1","female","Oligodendrocytes",-0.698748087715032,1.02649168647899,-0.118846652969572,-3.06087711015026
"TTTATGGAGGAGCACG-1","female","Oligodendrocytes",-0.898332214187505,3.37701807893886,2.34287846280649,-1.37137582459728
"TTTCACCCACAAAGCG-1","female","Oligodendrocytes",-0.88811395151508,7.8439947215475,2.70270860387399,-0.836617972042962
"TTTCACCCAGCAACCT-1","female","Astrocytes",-9.12966642362964,-0.00953216873036433,-5.96612298296377,-5.21362688699047
"TTTCATCAGCTTATGA-1","female","Astrocytes",-11.1886359213103,1.51753346599711,-7.31587636278555,-4.68951132455151
"TTTCCGGGTTAAGGTT-1","female","OPC",11.8175972940217,4.01642356790675,9.9780079145582,-0.480821038868828
"TTTCCTGAGGATTGAG-1","female","Astrocytes",-10.9813900945891,1.38319508709086,-7.50990044878409,-4.71001913705151
"TTTCCTGAGTCTCACC-1","female","Astrocytes",-7.72638711912525,1.40504740156306,-5.20481383608267,-5.80590059914867
"TTTCGTCCAAAGCTAA-1","female","Oligodendrocytes",-0.89209995252979,10.3467064944662,0.392466368213441,-3.17745592751782
"TTTCGTCCAACTAACT-1","female","OPC",13.3142518045198,3.35832248605861,11.1280838270338,-0.928280498173638
"TTTCGTCCACGAACAG-1","female","Astrocytes",-11.3251296041716,2.38219104684962,-8.27984559343741,-4.29508450188915
"TTTCGTCCACGGTTTA-1","female","Oligodendrocytes",-0.752129888366582,0.136825009957685,1.29145920468881,-0.437250401165886
"TTTCGTCCAGGCTGTT-1","female","Oligodendrocytes",-0.742656922172429,-0.00603951536046077,1.0866862405689,-0.333312417653008
"TTTCTTGCAATTATGC-1","female","Astrocytes",-11.1846819875945,3.10701452173366,-7.2124217729418,-4.68695118584911
"TTTGACCGTCCTAACT-1","female","Oligodendrocytes",-0.28875807506931,5.30971585191859,0.362508358493593,-1.51158502259533
"TTTGAGTCAAAGCTCC-1","female","Astrocytes",-10.9361268041838,2.12265144266261,0.580294461980608,0.522258420202331
"TTTGAGTCATTAGCGC-1","female","Oligodendrocytes",-0.306540822814824,8.54738531984462,-0.375477312072966,-1.85278585114758
"TTTGCATTCACACAGT-1","female","Astrocytes",-10.990091419052,2.27419267572535,-6.37995326326773,-4.91857245126049
"TTTGCATTCATGCTCC-1","female","Astrocytes",-10.9792967794646,2.54673348344935,-8.10071694658682,-4.55247023263256
"TTTGCGACATTTAAGC-1","female","EN",13.64504804628,-12.0404070767008,1.24670651747301,3.03040835699757
"TTTGGCTGTAATGGAA-1","female","Oligodendrocytes",-0.563008224796178,8.76176653780116,0.466423155799654,-0.497591282513543
"TTTGGCTGTGACCTGG-1","female","Oligodendrocytes",-0.652786707710149,-0.540436163767443,2.64813518716409,-0.553604747441216
"TTTGTCTAGGATGATG-1","female","Oligodendrocytes",-0.869430637191655,8.2519217578329,0.222323717609193,-2.23473694482128
"TTTGTGAAGACAACAG-1","female","Oligodendrocytes",-0.726212000678899,0.854465678111448,0.0892370362432267,-1.98455908456127
"TTTGTGAAGGCTGTGC-1","female","OPC",11.3379115106355,2.36583076395167,10.4361301679762,-0.456456209805413
"TTTGTGAAGTAAGAAC-1","female","Oligodendrocytes",-0.861982440780522,1.1382628528036,0.0217006821782852,-2.03848316827099
"TTTGTGAAGTCTTGAA-1","female","Oligodendrocytes",-0.485289668868901,5.80517207063807,2.60692799283579,-1.19112517991345
"TTTGTTGGTGATCAGC-1","female","Oligodendrocytes",-0.92553648931873,6.99406824983729,0.885224981293228,-2.15058448472302
"AAACAGCCAATAACGA-2","male","IN-MGE",-3.54424343092334,-3.66110552869664,-7.23193490312979,2.01761398157795
"AAACAGCCAATATAGG-2","male","EN",13.7727660180818,-12.1562451275431,3.24051344586923,2.83872315726002
"AAACAGCCAGCATGTC-2","male","Oligodendrocytes",-0.806999659370305,4.79460345186366,-1.93937575624869,-2.3133762136964
"AAACAGCCAGTAATAG-2","male","EN",6.24711694734204,-13.1674088390909,3.83976543141916,5.90398356756885
"AAACAGCCATCATGGC-2","male","EN",4.75672712342846,-9.65723980985509,1.96588576032236,3.28954169592579
"AAACATGCAGCAAGAT-2","male","IN-MGE",-7.09669122679126,-5.40785874448644,-6.81512868212149,4.06254837355335
"AAACATGCATGGAGGC-2","male","EN",7.22580041902172,-10.255483523234,1.47074079705789,2.81475636801441
"AAACCAACACAAACTT-2","male","Oligodendrocytes",-1.02020320875538,2.42009149469508,-1.6174100618212,-2.13590600648205
"AAACCAACACACTAAT-2","male","EN",0.216917628217815,-1.86539758764134,0.598919423356798,5.01680037817676
"AAACCAACATTGCGTA-2","male","IN-CGE",-3.10057268125904,-9.55058087430822,-3.11512577341482,8.00870463690479
"AAACCGAAGGCTAATC-2","male","EN",4.72625007646191,-9.98399628721105,2.79912853433206,3.7959394200774
"AAACCGAAGTGACCTG-2","male","Oligodendrocytes",-0.146557724307897,7.66123543657435,-2.65866243647024,-1.81419613518993
"AAACCGAAGTTGTCAA-2","male","Oligodendrocytes",-0.986841058563115,2.39107809938563,-2.36832177446768,-2.42713477769177
"AAACCGCGTAAACAAG-2","male","Microglia",-9.3911152837981,13.4509507266439,0.680089654460695,-8.31205799737255
"AAACCGCGTACGGGTT-2","male","Oligodendrocytes",-8.46012601835621,0.743364676610364,-1.96128570841238,-2.4933500544099
"AAACCGCGTGCTGTAA-2","male","Endothelial",2.78478159921276,13.2158366290487,-2.34620034502432,0.0983214720221324
"AAACCGCGTTTACTTG-2","male","EN",2.93491067903149,-13.7283247860514,2.13768398953989,7.43871877035816
"AAACCGGCACACTAAT-2","male","Oligodendrocytes",-8.32836065275562,-0.409046665056811,-4.14409911440298,-6.19880964913647
"AAACGCGCATGCTATG-2","male","Oligodendrocytes",-7.48050460798633,0.117204710618391,-1.5791996698229,-4.70884087243359
"AAACGGATCAGTTCCC-2","male","Oligodendrocytes",-0.640215492080571,-1.64207805715428,-2.77453195856497,-2.83101346650402
"AAACGGATCGGTCAAT-2","male","Oligodendrocytes",-0.397935247253301,9.02525435365809,-2.51156079576895,-2.49408342995922
"AAACGGATCGTCATTT-2","male","EN",14.1899651529084,-5.50819386564122,0.106545509830263,3.07102725348194
"AAACGTACAACTAGCC-2","male","IN-MGE",-3.52443466169727,-4.57005585752355,-7.34595811174795,2.44133732161243
"AAACGTACACAGGAAT-2","male","Oligodendrocytes",-0.464865422080876,9.46710215486659,-2.81209647463248,-0.813456560757561
"AAACGTACAGTTTACG-2","male","EN",1.25919189469921,-10.3110817822062,0.649425076380518,5.35443684897144
"AAAGCAAGTCAGTAAT-2","male","Astrocytes",-7.6140271185149,0.504218704775705,-4.67094123171255,-6.84000160851757
"AAAGCAAGTCATCAAG-2","male","IN-CGE",1.80367782132733,-4.51991118512975,-4.27897250460074,10.9235357984038
"AAAGCAAGTCCTAGTT-2","male","Oligodendrocytes",-0.824903225730779,9.20383463777675,-1.8797367791979,-2.28104593911449
"AAAGCAAGTTTGCAGA-2","male","IN-MGE",-6.48726377470386,-6.26836098752843,-6.5811585168688,3.1759283288451
"AAAGCACCAAACCTTG-2","male","EN",2.52656521813977,-12.1194514187418,1.83372628881052,3.89455983481129
"AAAGCACCAAGGGTTG-2","male","OPC",12.1247033120881,3.22752772249354,-1.44441735552237,-5.25594904580395
"AAAGCACCAATTGCGC-2","male","OPC",-7.68002328855884,13.4022408572592,11.5786358137281,0.32475775918682
"AAAGCACCACTAGGTC-2","male","Oligodendrocytes",-0.734248137306096,3.11016140855922,-1.45223843859122,-1.98243954339306
"AAAGCACCAGCCGCTA-2","male","Oligodendrocytes",-0.000884568523289608,7.28745280183925,-1.57200610445425,-0.000547315266533399
"AAAGCACCATCACAGC-2","male","OPC",12.1152829171907,3.63837371744288,11.8889871854933,-0.804789687779351
"AAAGCACCATCACTTC-2","male","Astrocytes",-8.2426949499358,0.184176429883375,0.502300472989824,-0.121500875142022
"AAAGCACCATGTTGCA-2","male","Oligodendrocytes",-0.791408276389958,4.25650821603908,-2.59606778429434,-2.28170778909008
"AAAGCCCGTCATAACG-2","male","Microglia",-9.32427606565845,9.33805476106776,0.572737665906694,-7.86122467675488
"AAAGCCCGTCGACTAA-2","male","Oligodendrocytes",-0.253604149650456,8.43080340303553,-3.52094828890249,-1.04734542527477
"AAAGCCCGTGCCGCAA-2","male","IN-MGE",-5.1903210638274,-4.56798447690831,-6.5696896295397,3.58554861387928
"AAAGCCCGTGTTTGAG-2","male","IN-MGE",-0.905806875060918,-0.92353071294652,-7.04339921282217,1.5281867726775
"AAAGCCGCAAACATAG-2","male","EN",4.0977021695863,-13.3989104183756,1.49429661227777,7.26340768179615
"AAAGCCGCAGCTTAAT-2","male","IN-MGE",-4.01392469389332,-6.50369538389073,-7.11990248964712,0.92026292226036
"AAAGCCGCAGTCTAGC-2","male","IN-CGE",0.63659518377888,-3.6645239742838,-3.48647820757315,9.20925662359913
"AAAGCGGGTCCAAGAC-2","male","EN",3.85914411561596,-14.281344309672,1.91013765527323,7.61221453985889
"AAAGCGGGTCTAACCT-2","male","OPC",10.9589451791536,2.92816100992335,11.7224928159864,-1.02058580079357
"AAAGCGGGTTGTCCAT-2","male","EN",3.74034729020703,-13.9132317455851,2.01242220594003,7.60851619085987
"AAAGCTTGTATTGCAG-2","male","Oligodendrocytes",-0.931109642814519,0.558829774857296,-1.54476272867605,-1.34796288171093
"AAAGCTTGTCCGTAGG-2","male","Microglia",-9.27784261686695,8.76199732698573,0.546793134942796,-7.90695336022656
"AAAGCTTGTCTCAGCC-2","male","Oligodendrocytes",-0.881253218482854,2.89345155634059,-2.43203794763968,-1.17766227879803
"AAAGCTTGTGCTCACC-2","male","Oligodendrocytes",-0.503554439376714,3.59780202783717,-1.78776395128653,-2.21961810746471
"AAAGCTTGTTACAACG-2","male","Oligodendrocytes",-0.942535614799382,1.94482372678889,-0.666080711349699,-2.13425924935619
"AAAGGACGTCAAAGAA-2","male","EN",6.88467636125195,-11.1134165676676,-6.46978080080435,4.22892305693348
"AAAGGACGTCCGTGAG-2","male","Oligodendrocytes",-0.976561045478703,3.83589683450831,-2.70870935724661,-2.19719031014721
"AAAGGAGCACAGCCTG-2","male","Microglia",-7.65559873564136,13.4276372043051,-0.387492773994658,-8.10671475091259
"AAAGGAGCACGGTTTA-2","male","Microglia",-9.50751123411548,9.17206202425136,0.376581044927385,-8.9085717455415
"AAAGGAGCATGACTAT-2","male","Oligodendrocytes",-0.461376344989659,10.8522406665243,-2.16349661158011,-0.882212664273186
"AAAGGCTCAAACGGGC-2","male","Oligodendrocytes",-0.376072978805425,9.47805319704188,-3.71561801241324,-1.18346538701336
"AAAGGCTCAGGATAAC-2","male","IN-CGE",1.25298901813137,-4.97674120984899,-3.93863761232779,10.0058693631621
"AAAGGTTAGCCTGTTC-2","male","Microglia",-9.25754079801929,12.8259411899008,0.020856084361818,-7.897951628354
"AAATCCGGTACTGATG-2","male","IN-CGE",0.401085858960031,-3.63132180295812,-3.64398896501944,9.31588599524219
"AAATCCGGTATTGTGG-2","male","Oligodendrocytes",-0.222530519794347,5.49698458589686,-3.27751529024527,-1.16408946671764
"AAATCCGGTCAGGCAT-2","male","IN-MGE",-7.09415779096973,-4.47596015058385,-6.86937272356436,4.64896509489735
"AAATCCGGTGTTTGCT-2","male","EN",7.65768709199536,-9.07121743284093,5.30404770566538,4.70853516897877
"AAATCCGGTTCGGGAT-2","male","EN",1.69936087148297,-10.6064680965983,0.72424984170511,5.00824115118702
"AAATGCCTCCCTCAAC-2","male","IN-MGE",-3.21055350286853,-4.91365279279576,-7.14084422396109,1.46398464283665
"AAATGCCTCCCTGGTT-2","male","Oligodendrocytes",-0.732794976066472,3.08645282663478,-1.21236455248282,-2.38077929177563
"AAATGCCTCGGTCAAT-2","male","Astrocytes",-8.53157052976978,0.0331826654828925,-4.44612300203726,-7.20439579644482
"AAATGGCCATAGTCAT-2","male","Microglia",-9.21283922178638,12.0607462970175,0.772435354128626,-7.49584820428173
"AAATGGCCATCAATCG-2","male","Oligodendrocytes",0.000470811296580387,6.26813803590907,-2.53791963861868,-1.09854521909039
"AACAAAGGTACGTTTC-2","male","Microglia",-9.20790586454761,9.95254240907802,0.104420365825441,-8.75130608239452
"AACAAAGGTACTGATG-2","male","Oligodendrocytes",-0.744580840896489,3.53450857080592,-1.6727341394274,-2.0827853933839
"AACAAAGGTATTTGGG-2","male","IN-MGE",-7.09627304060352,-5.16226138196813,-6.8804920892565,4.35552093825062
"AACAAAGGTCACGAAC-2","male","EN",1.7611953260194,-9.6178406628214,1.53622842027262,4.67611334166248
"AACAAAGGTCTAACCT-2","male","Oligodendrocytes",-0.589525019954564,1.55882225908412,-2.95746815012381,-2.23297813096325
"AACAAAGGTTTGCAGA-2","male","Oligodendrocytes",-0.798404073547246,4.52416978754176,-1.81378328607962,-3.31058623948376
"AACAAGCCAAGATTCT-2","male","IN-CGE",0.909611666370509,-3.7774275692545,-3.4219206552355,9.15063521704395
"AACAAGCCAGGAATCG-2","male","IN-CGE",-1.89215049726856,-17.2271689327799,-2.79054581926748,7.81061646780689
"AACAAGCCAGTTGCGT-2","male","Oligodendrocytes",-0.724889969657781,2.99986444391383,-1.32570469187186,-1.4519579664735
"AACAAGCCATTAGCGC-2","male","IN-MGE",-1.10903272611988,-1.55595602117406,-5.73753917025015,4.46601817450245
"AACAAGCCATTGACAT-2","male","Microglia",-9.39379892332447,12.890759572164,0.270405830875185,-7.91591217675488
"AACAGATAGGCCCAGT-2","male","Microglia",-9.26865015013111,12.0694876758016,0.166938783660677,-7.82191326775829
"AACAGATAGTAAACCC-2","male","EN",6.91856803910839,-10.7315281780802,1.36587751103952,3.36538216910084
"AACAGATAGTCATTGA-2","male","OPC",12.175698185135,3.570359810964,12.0920406599195,-0.748649503376885
"AACAGCAAGAAGGTGC-2","male","EN",1.30552663819897,-9.74711217008458,1.27359697414949,3.55284116110523
"AACAGCAAGCGTGCAC-2","male","Oligodendrocytes",-0.739297723602178,6.26277028001918,-1.84612357424185,-1.08800294556896
"AACAGCAAGTAGCTTA-2","male","IN-CGE",2.32277336137402,-4.71882762037145,-4.34676253603384,10.6368078931304
"AACAGGATCATTTGTC-2","male","IN-MGE",-17.1025382040252,-5.84534634672032,-5.76640689180777,4.59764644942005
"AACAGGATCCTTAAGA-2","male","Oligodendrocytes",-0.621962642501714,3.12358127512111,-2.23916280077383,-1.48301913895886
"AACATAGCAAAGGTAC-2","male","Oligodendrocytes",-0.699211811851384,9.21464262880458,-2.74585664080069,-1.32872941651623
"AACATAGCACAGCCAT-2","male","Oligodendrocytes",8.76120080964672,-7.89113225065099,-2.11019265459463,-5.26263573327343
"AACATAGCAGTATGTT-2","male","Oligodendrocytes",-0.837382888625981,0.763350903765096,-2.29760086344168,-2.62549998917858
"AACATAGCAGTTTCTC-2","male","EN",2.63185420053112,-12.9458092602335,1.09124291135385,6.04080865225513
"AACATAGCATAGCGAG-2","male","EN",5.13195362107861,-9.82733143888341,2.83177936269357,3.71770164808948
"AACATCATCGCAGGCT-2","male","Oligodendrocytes",-0.982980227302434,3.71505151666774,-1.82079493807242,-2.47182181039135
"AACATCATCTCAATGA-2","male","Oligodendrocytes",-7.47253808958423,0.608672508747115,-1.83631956385061,-2.76963451066296
"AACATCATCTTGGACG-2","male","EN",2.76383032815564,-2.10279668889867,-0.973929403290007,3.55360910734852
"AACATCATCTTTGAGA-2","male","EN",8.28716220872509,-7.59071625791417,5.99357426358774,4.25985715231617
"AACATTGTCAAGCTTA-2","male","EN",13.6682938577424,-12.0569371136271,3.15799629880502,2.85295793852528
"AACCCGCAGACAAGTG-2","male","EN",6.67422094361889,-11.4182042034708,3.37622130109384,5.06371352514942
"AACCCGCAGGCATGAA-2","male","Oligodendrocytes",-0.27463785393131,9.9043236819662,-3.49080693529532,-1.3582821146516
"AACCCGCAGGCCTTAG-2","male","Microglia",-9.23677263243091,10.1394568530477,0.457227798238542,-8.14169266381542
"AACCGCTCAAAGGTAC-2","male","Oligodendrocytes",-0.370106851886632,9.71175585664882,-2.13435852335379,-1.26344123044293
"AACCGCTCACGGTTTA-2","male","IN-CGE",1.0176018120538,-5.60468281827794,-3.71312463091299,9.80592105231007
"AACCGCTCATTGTGAT-2","male","Oligodendrocytes",-0.545823252033116,7.59779988206996,-2.64464342401907,-0.244429196503563
"AACCGGCTCACCGGTA-2","male","EN",0.402450507302163,-9.39399613462316,1.18994316650942,5.50951096853931
"AACCGGCTCCGTGACA-2","male","OPC",11.0281666757356,3.31843672670497,12.0397106428297,-0.306017066624566
"AACCTAATCACGCATG-2","male","Microglia",-9.35649690611255,11.7647343722738,-0.0939747671930526,-7.87114956536572
"AACCTAATCATGCTCC-2","male","IN-MGE",-3.53053865415943,-6.53561247907506,-7.15641343401358,0.913906921360092
"AACCTAATCGGCTATG-2","male","Astrocytes",-7.92770681364429,0.243719890490903,-4.92166507051871,-6.05522873559277
"AACCTAATCTCACTAT-2","male","IN-MGE",-7.05306730253589,-5.81337489209996,-6.65135180757925,4.74080989203174
"AACCTCACAACAACAA-2","male","EN",2.73869123475659,-2.21921862684117,-1.09569966600821,3.43618771872242
"AACCTCACAGTAAAGC-2","male","Oligodendrocytes",-0.353978311847569,5.65883074678554,-1.71457421587393,-2.02421262421886
"AACCTCACATCACAGC-2","male","EN",3.48838367478955,-13.8452347668253,1.61716664029672,7.59749886831959
"AACCTCCTCAAGCTAC-2","male","OPC",12.2536400796663,3.4604269114889,12.1434465665968,-1.0563463226823
"AACCTCCTCATAGCCG-2","male","Oligodendrocytes",-1.13857266886127,1.10976563371791,-2.01028454111502,-3.13678028741161
"AACCTCCTCATGTTTC-2","male","EN",14.3399771692048,-5.15591134153234,0.115452589526918,2.80915400824268
"AACCTCCTCCAGGTTG-2","male","OPC",11.5655917169343,2.92712365068568,12.5143438596876,-0.863679315236016
"AACCTCCTCCTGCGAA-2","male","IN-MGE",-5.52614793760669,-4.5147584827982,1.06257839693144,2.63833162626942
"AACCTCCTCGCCTAAG-2","male","IN-CGE",-17.109572505783,-5.91934765897618,1.29238054348543,2.81374308905323
"AACCTCCTCGCGACAC-2","male","Oligodendrocytes",-0.773298120330693,11.0131999102987,-3.1759284715502,-1.69713022866528
"AACCTCCTCGTTAGCG-2","male","Oligodendrocytes",-7.03125009519947,1.04221536196841,-4.27248513506338,-5.85378220238964
"AACCTCCTCTCACTCA-2","male","Oligodendrocytes",-0.925047612022283,1.65699695028438,-1.76347195909903,-1.98429730096142
"AACCTTAAGATGGAGC-2","male","OPC",10.2651843072664,2.94034396089686,11.7870413084181,-0.701568628933831
"AACCTTAAGTATTGTG-2","male","EN",6.47092762010205,-11.8627346905314,3.48451101972177,5.68897054037769
"AACCTTGCAATTGACT-2","male","EN",5.52538146989453,-9.67724312864171,3.88210046483591,4.00242564520557
"AACCTTGCACAGCCTG-2","male","Microglia",-9.32798871977222,8.62463675417079,0.455841990247514,-8.95930721917431
"AACCTTGCAGTAGCCT-2","male","OPC",9.38590993898022,2.40256701387538,10.8400598783644,-0.52848103204052
"AACGACAAGCAAGGTA-2","male","Astrocytes",-8.63350687010181,0.129195317403211,-0.927756426796172,-7.83526089349072
"AACGACAAGGACCAGG-2","male","Microglia",-9.19060716612232,11.9802943316854,0.24710619641855,-8.90775158562939
"AACGACAAGGCTAAGA-2","male","OPC",9.00634374635327,2.23687802232875,12.9324623365553,-0.857610251095696
"AACGACAAGGTTTGAC-2","male","OPC",11.4701012613069,3.92852960504664,13.1934868116529,-0.212638999607964
"AACGACAAGTAACGAG-2","male","IN-MGE",-3.10089097006214,-5.03473652921544,-7.25578629778311,1.59946087441166
"AACGCCCAGAGGCTAA-2","male","EN",8.56788530366528,-7.1479977520548,6.16742003156259,4.04066274008472
"AACGCCCAGCTCAAAC-2","male","EN",6.55737199800122,-13.2249754818522,3.53660881711557,6.05276820502003
"AACGCTAGTACCAGGT-2","male","Microglia",-9.10158834440601,12.7570830432333,-0.576125977501128,-6.60423424401562
"AACGCTAGTCATTAGG-2","male","EN",1.36604031341183,-10.4405859860026,0.726836705640104,5.23090360007008
"AACGCTAGTCTAGCTT-2","male","IN-MGE",-7.05321512205494,-4.27907075010167,-6.18018376635,4.45978805861195
"AACGCTAGTTCCATTA-2","male","Astrocytes",-6.80161390287769,1.31941662706508,-4.72280490206167,-7.13636305489819
"AACGCTAGTTCCTGTG-2","male","OPC",12.1275576593171,3.13791547693385,12.0676323194654,-0.549616719868584
"AACGGTAAGAGGGACT-2","male","IN-MGE",-4.93828306181324,-4.38796938978063,-1.22498571680472,-4.2656626955537
"AACGGTAAGCGATAAG-2","male","IN-MGE",-7.0533410070647,-5.0699137600504,-6.47402226732657,3.79911110243519
"AACGGTAAGGCTGTGC-2","male","Oligodendrocytes",0.0873591245900374,6.92083798326625,-3.15653455065176,-0.539094235089226
"AACGGTAAGGTATTGC-2","male","OPC",11.8232897760164,3.6789613810934,12.3798500318678,-0.745689059880181
"AACGGTAAGTAAGTCC-2","male","OPC",10.8514021875154,2.71973763383998,11.4258257169874,-0.599419500019951
"AACTACTCAGGCAAGC-2","male","EN",14.6715764047395,-5.40127982221471,-0.0136716346590255,2.36358973822315
"AACTACTCAGGCATCT-2","male","EN",0.978630864788173,-10.1442479046427,0.36846131278589,5.0861005528899
"AACTACTCAGTGAACG-2","male","Microglia",-8.96658239347828,11.8598013965048,0.323391260638979,-8.61398079552929
"AACTACTCATAGCTGC-2","male","EN",2.03477420823681,-11.8831519039713,1.17149028374269,6.21493861517628
"AACTAGCTCCTCCATA-2","male","EN",4.90411748902905,-9.61280526243077,1.83834684087351,3.1071765168639
"AACTAGCTCTTTGAGA-2","male","EN",3.41448845880139,-13.5295399578653,2.16957974626138,7.75006196341236
"AACTAGTGTAACCACA-2","male","Pericytes",2.09495236890423,0.429270833507909,2.70766675664499,-2.67329003968517
"AACTAGTGTCGTAATG-2","male","EN",13.6187037469636,-12.0364626797281,3.07967436505869,3.03133342108448
"AACTAGTGTGCTCACC-2","male","OPC",9.96166601197827,2.73628126062526,10.9842964430006,-0.721740867283745
"AACTCACAGGCTATGT-2","male","Microglia",-9.28726205809009,9.88779078401698,0.608529226914194,-9.04955246606152
"AACTCACAGGTCCGTA-2","male","EN",7.63495435731518,-9.32667912565099,4.60494983388498,4.64229080519398
"AACTCACAGTAACCAC-2","male","Oligodendrocytes",-0.442897534202458,9.82026492036952,-2.67026126192496,-1.08886888184826
"AACTCACAGTCAGGCC-2","male","Oligodendrocytes",0.0631753148328048,10.3457070437826,11.9535738248976,0.295384143206672
"AACTCACAGTCATGCG-2","male","Oligodendrocytes",-0.501613354514958,2.8869155494131,-1.1419370155184,-3.18395641007702
"AACTGTTCAACACCTA-2","male","IN-CGE",0.063552612234233,-4.03971137128697,-3.06076800630972,8.51445243200977
"AACTGTTCAATAGCAA-2","male","IN-MGE",-5.99095783216846,-4.40681161008702,-6.78397881792471,3.80822727522572
"AACTGTTCAGGTTACC-2","male","Oligodendrocytes",-0.963514303993108,3.86637936510219,-2.1833416204302,-1.57257845559399
"AACTTAGTCACACAGT-2","male","Microglia",-9.36508951170337,11.7916527835287,-0.038648961052153,-7.77931454339306
"AACTTAGTCCGCACAA-2","male","Oligodendrocytes",-8.38411626799,0.520873203650846,-3.4250363092272,-5.37417462029736
"AAGAACAGTAGTAAGA-2","male","IN-MGE",-3.00049958212269,-4.5381173046671,-1.59512984560415,-2.58036759057324
"AAGAACAGTCGTTATC-2","male","IN-MGE",-7.06126794798267,-4.50640858732091,-6.49743354128287,4.13662550291737
"AAGAACAGTTATAGCG-2","male","EN",1.74211993234265,-10.8293684872233,0.487749667897966,4.9315800412627
"AAGAATCAGCCAGTAT-2","male","EN",2.80136528031933,-2.02579154096471,-0.921178577408049,3.512852643344
"AAGAATCAGGGACGCA-2","male","Microglia",-9.15658006651294,10.5833235827841,0.345098378196504,-7.98436691918652
"AAGAATCAGTAGGATG-2","male","IN-CGE",-3.11455831510914,-9.56424988828527,-2.85548126505301,8.16572472891529
"AAGACAAGTGATGAAA-2","male","EN",3.77120485322583,-13.1479233654581,12.9778963346632,-0.374663855221673
"AAGACAAGTTTGGTTC-2","male","OPC",10.0402745248567,2.61494980730189,-1.52995002077505,-0.72246673264782
"AAGACATAGTAGGCGG-2","male","Microglia",-9.31954298002613,10.3342295733847,-0.859769461616728,-6.39726879754345
"AAGACATAGTCATTTC-2","male","OPC",12.0516842843782,4.11234842218532,12.1627270002516,-0.241163279202385
"AAGACCAAGACAAACG-2","male","Oligodendrocytes",-0.871477222274663,9.85205088533534,-3.05988323496268,-1.41818645158093
"AAGACCAAGCAACATC-2","male","Oligodendrocytes",-1.03127465231312,2.89144836343898,3.31601107312753,-0.580693151142998
"AAGACCAAGCAAGACA-2","male","IN-MGE",-5.01110849363697,-6.46076525770055,-7.78308999346182,0.909711767646865
"AAGACCAAGTTATGGC-2","male","EN",6.26821985261547,-13.0706004055582,4.01890075398996,5.9330129369231
"AAGCAAGTCAATCTCT-2","male","Oligodendrocytes",-0.532751238178136,4.03356753267421,-1.85870063112662,-2.31910469689648
"AAGCATGAGGAGGCAT-2","male","Oligodendrocytes",-0.0422821102846879,6.98875962175502,-1.74033582018301,-3.13003566422741
"AAGCATGAGTTTGGTA-2","male","Astrocytes",-7.65967187864673,0.406505256668462,-4.82094704912588,-6.02386047997753
"AAGCCACGTAATGACT-2","male","Oligodendrocytes",-0.710621690582158,11.0160895434774,-1.27004754351065,-2.21674301781933
"AAGCCACGTTATGTGG-2","male","Oligodendrocytes",-0.137379205058934,6.78515826143397,2.51730060769632,-0.308869268086358
"AAGCCACGTTGTTCAC-2","male","EN",7.39626159684765,-7.17461909376012,4.39430010510996,4.87600467047413
"AAGCCTCCAGTAATAG-2","male","Oligodendrocytes",11.1920308114778,3.14106880106105,-1.90363895700857,-1.15522375264446
"AAGCCTCCATAATCCG-2","male","EN",4.28775753991711,-13.3110999020182,2.84429240418985,6.8986849530669
"AAGCCTGTCACCTGTC-2","male","IN-CGE",2.1137048246156,-5.97710074506627,-4.0310629587023,10.8965048535796
"AAGCCTGTCATGCATA-2","male","IN-MGE",2.59926762597668,-4.96295632444249,-4.29550397203848,10.4577736600371
"AAGCCTGTCCAGGAAA-2","male","Microglia",-9.36948213560474,11.9583397952474,1.04325474990919,-7.90780403771679
"AAGCCTGTCCTAATGA-2","male","Microglia",-9.34922800047291,9.87009058870448,0.272685052886751,-8.95218136468212
"AAGCCTGTCGGTTTCC-2","male","Oligodendrocytes",-0.188325142692449,10.3325816241659,-2.98076736734793,-1.45272472062389
"AAGCCTTAGCCTAACG-2","male","Microglia",-9.32541379911792,8.75595293916835,-1.81722438143179,-3.51362183251659
"AAGCCTTAGGAACCAA-2","male","Microglia",-9.33236703855884,12.6082278338827,-0.189325569137785,-8.14322807946484
"AAGCCTTAGTATCGCG-2","male","Oligodendrocytes",-0.890013313125493,1.78136323370112,-1.65758001612112,-1.76741817155163
"AAGCCTTAGTGTTGTA-2","male","Oligodendrocytes",-0.556671595405461,10.5438300219931,-1.61783373163626,-1.49914124169628
"AAGCGAATCAAGTGAG-2","male","Oligodendrocytes",-0.118361389469029,8.25037489809169,-2.17147671984122,-3.08294012704174
"AAGCGAATCCTGATTT-2","male","EN",6.6848706247102,-11.0676182659708,3.5323189516218,4.80312964758594
"AAGCGAGGTCAATACG-2","male","Oligodendrocytes",-0.462580478023412,6.83111248888148,-3.18241631792471,-1.58679344811718
"AAGCGGGTCAAACACC-2","male","EN",8.22649517076123,-7.27838553510533,5.68739235593393,4.37219641051014
"AAGCGGGTCCCTCATA-2","male","Oligodendrocytes",-0.321464395355107,7.60922537721766,-2.90688264177725,-0.875897432949944
"AAGCGGGTCTATTGTC-2","male","Microglia",-7.73504838926685,13.3924571124472,-0.305694101318571,-6.88489964165966
"AAGCGGGTCTTAGTCT-2","male","Microglia",-9.17964658720386,10.3639784900106,0.230031909480837,-8.75294544854443
"AAGCGTTTCAAGCTTA-2","male","IN-MGE",-5.29003677351368,-6.40564860425817,-7.5497602205126,0.960031394574241
"AAGCGTTTCATAACCA-2","male","OPC",10.7980374337922,2.63183699525966,12.7576671857984,-1.30869069257061
"AAGCGTTTCCCTCAGT-2","male","Oligodendrocytes",-0.936960315536382,2.29761491693629,-2.83420383737967,-2.15911629357616
"AAGCGTTTCCTGGTGA-2","male","EN",8.22741642015087,-6.86696375928746,6.46285164548471,4.29262993178089
"AAGCTAGAGACTAAGG-2","male","Microglia",-9.22909460050953,11.2336922732748,0.325489820972231,-7.69974281945507
"AAGCTAGAGGAACCGG-2","male","EN",5.09212389009106,-9.7906168850504,3.00356114102915,3.5503806813689
"AAGCTAGAGGCTACTG-2","male","EN",-0.143156266044499,-1.17318512521611,1.47752350761011,5.71290299734791
"AAGCTAGAGTCCTTCA-2","male","EN",7.94577636735546,-7.86848057828771,3.66864907933786,3.82948419890125
"AAGCTATGTCGTTATC-2","male","EN",2.32145001905072,-2.32983316503392,-0.80417930887625,3.4284176572295
"AAGCTATGTTAGACCA-2","male","Astrocytes",-6.83491525633228,1.17703150190486,-4.71344411180899,-6.17357876458447
"AAGCTATGTTAGGATT-2","male","IN-CGE",1.22745158689129,-4.96845187269078,-4.12549245165274,10.733112786624
"AAGCTCCCAATGCCTA-2","male","Microglia",-9.28717145903003,13.1785393802084,0.21708476735666,-7.43563797631542
"AAGCTCCCACCTGGTG-2","male","IN-MGE",-6.30420598966968,-4.41773976407872,-6.59217154787466,4.51457640967091
"AAGCTCCCAGGATAAC-2","male","Oligodendrocytes",-0.894077753852727,5.65489684023036,-2.27281272219107,-0.854870344784661
"AAGCTTGGTCAAGACC-2","male","Oligodendrocytes",0.0088868381272536,7.09342013277186,-2.57408678339407,-0.033289875176354
"AAGCTTGGTTAACGAT-2","male","EN",15.5003994943391,-5.38240613065587,0.833876346297708,3.64505646071155
"AAGCTTGGTTAGCCAA-2","male","IN-CGE",2.45636453645336,-4.68084181867467,-4.38905942247793,10.7021298154326
"AAGGAAGCAAGCCACT-2","male","OPC",11.788605594803,3.5768409816183,12.134736659065,-1.09972574868481
"AAGGATCCACGGTTTA-2","male","Pericytes",2.31276419179547,0.305625661984815,2.69471490575388,-2.66202380814831
"AAGGATCCATCAATCG-2","male","EN",2.77161898629772,-2.21877039991246,-0.831548212036345,3.71459529242237
"AAGGATGTCGATTCTT-2","male","Oligodendrocytes",-0.303747391532781,8.67146883882655,-2.90163957880423,-1.6997618929414
"AAGGATGTCGCTAAAC-2","male","EN",6.23640670793164,-12.9139250668131,3.82189238263681,6.01356885275562
"AAGGATTAGAACCTAC-2","male","EN",8.09857406633007,-7.75676526151525,5.67275011731699,4.39806816420277
"AAGGATTAGGAAACTG-2","male","Oligodendrocytes",-1.57213518602741,-2.07970394216405,-7.2330630998461,1.89729151568134
"AAGGATTAGGGCTAAA-2","male","EN",7.67221632020581,-8.57391633115636,-1.98084270761893,-3.11745789208691
"AAGGATTAGTCTCACC-2","male","Microglia",-9.54659566862476,13.151369198934,0.495444478526857,-7.38326981225292
"AAGGCCCTCGAAGCGG-2","male","EN",1.17165067212689,-10.8522700222574,0.660548510089662,5.45019767126758
"AAGGCCCTCGCCTAAG-2","male","EN",8.15496053712475,-7.20279635511266,6.03519690229013,4.33220836958607
"AAGGCCCTCTTAGCCC-2","male","EN",5.95483579652416,-13.1236971767984,3.90754425717905,6.30232188543995
"AAGGTATAGGCATGTT-2","male","EN",1.72272684590924,-11.180758372172,0.850997247327265,5.10459086737354
"AAGGTATAGTACCGCA-2","male","Oligodendrocytes",-0.591450309585454,7.26915656007899,-2.61195409105704,-0.152568842556878
"AAGGTATAGTGTTGTA-2","male","EN",7.86728897111523,-7.62300957761632,6.38805258466318,4.0612232430907
"AAGGTATAGTTGGGCC-2","male","OPC",9.95588960664379,2.51653312124385,12.3176924009474,-1.29659238019268
"AAGGTCAAGCTCAAAC-2","male","EN",5.47747840898144,-9.65898789487706,3.25856101705148,3.53729793867786
"AAGGTGCAGGAGCACG-2","male","IN-MGE",-3.57400307638538,-6.42274273954259,-7.29407632158682,1.00517881355007
"AAGGTGCAGGCTTAAC-2","male","Oligodendrocytes",-9.00188741667164,0.345985799805059,-3.73367535875723,-5.40045311608593
"AAGGTGCAGTACCGCA-2","male","OPC",10.580296421219,2.56479321397914,12.6119934339674,-1.05039253392498
"AAGGTGCAGTGAGAGC-2","male","IN-MGE",-4.00423202497852,-4.07567824445592,-7.21448457048819,2.33709511599262
"AAGGTGCAGTGGACAA-2","male","EN",2.01870610730755,-11.8322743328653,1.16677957965448,6.02449319205006
"AAGTAGCCACATAACT-2","male","EN",7.740959072281,-8.66955842100011,5.20496761991098,4.72766015371998
"AAGTCTATCATCCTAT-2","male","Microglia",-9.16567049009693,13.62043867983,0.419206978812959,-7.94026806512158
"AAGTCTATCGTTACTT-2","male","Microglia",-9.39844713194263,13.0425587741293,0.181873144641664,-8.44670155206005
"AAGTCTATCTTAGTCT-2","male","Microglia",-9.29271039945972,10.0370951739706,0.0972343702466751,-8.83564236321728
"AAGTGCAAGCAACATC-2","male","EN",2.32988717572796,-2.0970784576975,-1.09796976850912,3.45867178282459
"AAGTGCAAGCAATAGG-2","male","EN",8.50441255586254,-6.83223618589269,6.54796374036386,4.12254950842579
"AAGTGCAAGGTTTGAC-2","male","EN",5.00291528718579,-9.90808857999669,2.64663529588297,3.45194480261524
"AAGTGCAAGTCAGTAC-2","male","Oligodendrocytes",-0.303640818427922,6.08568106569423,-3.25265395449087,-1.9655568853883
"AAGTGCAAGTTATTCC-2","male","EN",7.98961725251782,-8.08767499051915,3.89993727399423,4.0425808175536
"AAGTGTTGTACGCGCA-2","male","EN",6.42364635484326,-13.1554631146036,3.88005531026438,6.21163508734424
"AAGTGTTGTCGTTATC-2","male","EN",1.11121740357983,-10.6796912106119,1.66108560754373,4.52496859869678
"AAGTTACGTAGGTTTG-2","male","Oligodendrocytes",-0.617490029167058,10.6150027362265,-2.28523027704642,-1.15394237199108
"AAGTTACGTTTCGCCA-2","male","EN",3.8142274858247,-14.1331404598795,2.28479051782205,7.25283286413868
"AAGTTAGCAACAGGAT-2","male","Oligodendrocytes",0.0276868583451491,8.74543581880702,-3.33643090532706,-1.7541470781831
"AAGTTAGCACCTACTT-2","male","Oligodendrocytes",-0.656508898567082,4.25670801080836,-2.27903234766409,-2.02424385705273
"AAGTTAGCATGCTCCC-2","male","Oligodendrocytes",-0.19115749580753,7.72205744661464,-2.30374109552786,-1.08193972268383
"AAGTTTGTCAATCTCT-2","male","IN-MGE",-7.06895313246143,-5.86219586454259,-6.43416583345816,4.28185293516834
"AAGTTTGTCAATGAGG-2","male","Oligodendrocytes",-0.307425713371159,5.6818648425497,-3.47932088182852,-1.01113953748028
"AAGTTTGTCATCCTAT-2","male","Oligodendrocytes",-0.858807420562627,10.3344002810873,-2.67907845781729,-0.0359784618882375
"AATAACCGTTATCGAG-2","male","IN-MGE",-3.38901576979053,-3.53332509122716,-7.25724541948721,2.39229581198414
"AATACCGGTAATCCCT-2","male","Oligodendrocytes",-0.707581138442876,3.75521884836329,-1.28778469370291,-2.21746709504406
"AATACCGGTCAATGTG-2","male","IN-CGE",-3.20988616926563,-9.62277783475743,-2.79593193338797,8.03589818319996
"AATACCGGTTACAAAC-2","male","EN",15.2637719156038,-5.47147215925084,0.66532407893255,3.58525249800404
"AATAGAGGTCGAAGTC-2","male","Astrocytes",-8.45897111875904,0.852598562613859,-4.88717257784292,-5.49710180917065
"AATAGAGGTGCAATGC-2","male","OPC",11.1281460763704,3.59013567842616,12.7095257063062,-0.491405274060174
"AATAGCTGTCACCAAA-2","male","EN",2.81959762590039,-13.6306351574503,1.74989158107355,7.4440688832732
"AATAGCTGTCACGGAT-2","male","Oligodendrocytes",-9.34185991270435,8.87828169740809,-2.20991217897818,-1.70428588547985
"AATAGCTGTTCCAGGG-2","male","EN",6.82041015641796,-11.0816439541422,1.39884567452982,2.87511799177845
"AATAGCTGTTTACTTG-2","male","Oligodendrocytes",-0.443353271316411,4.85041676439418,-2.14215433405325,-1.9027226225404
"AATAGCTGTTTCGCGC-2","male","EN",2.95167746560681,-13.1991661938273,1.88605106069162,7.35422417959888
"AATATCCCAATCGCAC-2","male","OPC",10.9179839135896,3.65669952310695,12.1309944410475,-0.521125938084527
"AATATCCCAGCAATAA-2","male","IN-MGE",-5.77477130873096,-4.41764773450719,-7.0066808442919,4.36749718031605
"AATATCCCATGCTATG-2","male","OPC",12.2081450464021,3.0425826159872,12.7953678388746,-0.373776580479546
"AATCAGGAGACAAGTG-2","male","Oligodendrocytes",-0.224104916881444,8.44611225999965,-3.04742729471609,-1.69720223107616
"AATCAGGAGCCACATG-2","male","EN",7.0328873636018,-10.01725663267,3.57322776509836,4.6501567109557
"AATCATCCAAGGTATA-2","male","OPC",11.0352152826081,3.41093955911769,12.5809789915235,-0.244638587620659
"AATCATCCAATAGTCT-2","male","EN",1.03835340755093,-9.93611420713292,1.40918100072458,4.96221730551441
"AATCATCCACCGGCTA-2","male","EN",8.09782161729443,-7.95332898221837,5.6838914175184,4.17920133909901
"AATCATCCAGTTTACG-2","male","Oligodendrocytes",-0.560985362361791,8.81190310396327,-2.86369192408011,-0.904702331211968
"AATCATCCATGAATAG-2","male","IN-MGE",-2.50567493421924,-5.55730952344762,-7.36173569963858,1.4400508149596
"AATCATGTCAAGCCTG-2","male","EN",1.44315221326458,-11.0173777493082,0.822085026711371,4.91544244131763
"AATCATGTCAGGAAGC-2","male","EN",11.5361413003694,3.65404044069423,5.84421694470957,4.60656235060413
"AATCATGTCATGCAAC-2","male","IN-MGE",-6.90649757368458,-4.1584319027506,-6.74574935244009,4.48529264769276
"AATCATGTCATTGCAA-2","male","EN",2.93853678720105,-11.7690771969401,3.08531487180307,6.33362767538746
"AATCATGTCGATTATG-2","male","Microglia",-9.21701440794361,12.5083838550009,0.244030656352785,-7.72264530816357
"AATCATGTCTAATCAG-2","male","Oligodendrocytes",-0.917841887306096,10.8518076983847,-2.33649933145926,-0.619830395367547
"AATCCATCACCAAAGG-2","male","Microglia",-9.00246248228443,10.6523314563192,0.617835091486719,-8.18054058709423
"AATCCCTGTACTGATG-2","male","IN-CGE",1.33886315839398,-5.22291077695714,-3.99749457643912,10.1751665814849
"AATCCCTGTAGGTTGC-2","male","Oligodendrocytes",-8.37084207517994,0.0309532133497138,-2.92961251543448,-0.28376337447445
"AATCCCTGTTTACTTG-2","male","IN-CGE",-3.24940476400745,-9.71649254880773,-2.66624223993704,8.17777964911182
"AATCCCTGTTTCCGGC-2","male","EN",5.42870798127758,-12.9086502941691,3.6095026750715,6.30781838736256
"AATCCGTAGCGATAGA-2","male","EN",3.2892419339906,-13.9766014965616,1.5309060235174,7.44774863562305
"AATCCGTAGCGGATAA-2","male","IN-MGE",-5.13541374189747,-6.39926804624425,-6.33013570116446,1.93697759947498
"AATCCGTAGTCAGTAC-2","male","Microglia",-9.27145681364429,10.0419484225668,0.325362147823122,-7.45337345757763
"AATCCGTAGTCCTTCA-2","male","IN-MGE",-4.15137729627979,-6.74228133283483,-7.67283379839346,0.854516734096603
"AATCCTAAGGTCTTGG-2","male","Oligodendrocytes",-0.266598081420781,5.3324504939474,-3.25535428331778,-1.19175293603222
"AATCGCCCACAGAACG-2","male","Oligodendrocytes",-0.798961496185185,8.93814955629481,-3.34656846331045,-1.41484358468334
"AATCGCCCAGCAAGTG-2","male","EN",7.35794248597729,-10.0252760799967,3.70570194913461,4.66811439833362
"AATCGCCCAGGTATTT-2","male","IN-MGE",-2.60767016394031,-3.16759671293126,-7.67389714525625,2.01792797884663
"AATCGCCCATAAGTCT-2","male","IN-MGE",-3.38279709799183,-6.26472128949986,-6.86299550341055,0.902989123675422
"AATCGCCCATCAGCAC-2","male","Microglia",2.02971019761669,4.0142017451681,-3.59757125185415,-6.11101486840527
"AATCTCAAGAATCTCA-2","male","EN",8.37359228150952,-7.43547238431798,6.32154286099985,4.38677713713367
"AATCTTGAGGACAATG-2","male","Oligodendrocytes",-0.762171006034734,11.161620244161,-3.10899436281607,-0.923902298596306
"AATGAAGGTAGCCTAA-2","male","IN-CGE",2.33003118054974,-4.44568909726964,-4.21847092913077,10.2691645368071
"AATGAAGGTATTGCAG-2","male","EN",3.57173337953198,-13.01872147642,-1.44639241503165,-5.34545757928173
"AATGAAGGTTGGATAT-2","male","Oligodendrocytes",-0.58992288095844,6.1626940814413,-2.65239703463003,-1.20497908749859
"AATGCAACAGAAATGC-2","male","Microglia",-8.95443162901294,13.0214243976034,0.057870985999849,-8.35860111871044
"AATGCGCGTAAACAAG-2","male","Oligodendrocytes",-0.202182209323766,5.80554209627284,-3.45576131151602,-0.859516169217034
"AATGCGCGTATTGAGT-2","male","Oligodendrocytes",-0.838934635948064,3.46630631364955,-2.37092292116568,-2.81631376900951
"AATGCGCGTGCTCCAC-2","male","IN-MGE",-2.66474041921985,-5.85053719602452,-7.56370484636709,1.28914377531727
"AATGCGCGTTGTTGTC-2","male","OPC",9.01088514344799,2.19369553007258,10.8180433530958,-0.382471229222222
"AATGGCGCAGCACGTT-2","male","OPC",10.9266032220613,3.3113335219778,12.7734400053175,-0.0727897540597158
"AATGGCGCATGCATAT-2","male","EN",7.36877050416577,-7.51623715482579,5.27880537702158,4.70642897925098
"AATGTCATCACCTGTC-2","male","Oligodendrocytes",-0.45241603834522,7.94223128236903,-2.2516690473406,-1.60027148881237
"AATGTCATCCGGGACT-2","male","Oligodendrocytes",-0.796839570831182,7.07196341432704,-2.6570543031542,-2.05354740777294
"AATGTCATCTCAATTC-2","male","Oligodendrocytes",8.57533159272778,-6.91312493406163,6.155593993202,3.76837465605457
"AATGTCCAGCTCAATA-2","male","IN-MGE",-3.02520451528919,-5.03273858152257,-7.53558957384512,1.67415330252369
"AATGTCCAGTTCCTGC-2","male","Endothelial",2.8599559308778,13.2011109439291,1.87487197114542,-1.23715498605053
"AATTACCCAACTGGGA-2","male","IN-MGE",-2.72039756758106,-5.45255889020787,-6.96137797640249,1.01316249808987
"AATTACCCAAGTGTTT-2","male","EN",1.62617709653485,-9.69178475461827,1.51557457639292,4.79063317618091
"AATTACCCAGCAACAG-2","male","Microglia",-9.53093156797779,12.4166194049276,0.202292742267397,-7.96690037408154
"AATTACCCAGGGAGGA-2","male","Microglia",-8.89896974546802,12.509767636434,-0.156340954765532,-8.18607380547802
"AATTACCCATCCCGCT-2","male","IN-MGE",-2.65278348905933,-5.8621763142191,-7.76964509294913,1.17696330389698
"AATTACCCATGGCCCA-2","male","OPC",11.8488348962556,3.55533896364345,12.7398449201734,-0.938106800702019
"AATTAGCGTATTGCAG-2","male","Microglia",-9.37445745451343,9.66086111940516,0.07409411861017,-8.37927963891308
"AATTAGCGTGGATTGC-2","male","EN",7.56239595430004,-6.81888569913732,6.41836416913584,4.12096783957203
"AATTAGCGTTAACGAT-2","male","Oligodendrocytes",-0.160806214641454,7.00396262087001,-2.76655661867544,-1.68528416314404
"AATTAGGCAATATGGA-2","male","Oligodendrocytes",-8.17402563078296,-0.0840693267427545,-2.18213283823416,-3.74423411050121
"AATTAGGCACCTGTAA-2","male","IN-MGE",-6.68319091780079,-4.32417954526769,-6.63542830751822,4.63795587858875
"AATTAGGCACTGACCG-2","male","EN",3.10578408258068,-11.6527584942423,2.09086895181253,5.77878043493946
"AATTCGTCAACAGGAT-2","male","Oligodendrocytes",-7.33278522474659,-0.205490187033282,-4.07711016939566,-5.82488491692822
"AATTCGTCACAACAGG-2","male","Oligodendrocytes",-0.851978993247869,5.51513682283534,-2.1305457334368,-2.88973238625805
"AATTCGTCACAGCCAT-2","male","Oligodendrocytes",-0.347285187076451,9.1171618548788,-1.89619195269034,-0.549318696644707
"AATTCGTCAGAAATTG-2","male","EN",7.74104156510937,-8.49465836606847,4.94582045270517,4.82448909125049
"AATTCGTCAGCCTTGG-2","male","Astrocytes",-7.42306432707203,0.706515066102876,-5.48626553820059,-5.61514570870678
"AATTCGTCATAATGTC-2","male","Oligodendrocytes",-0.124020016025426,7.34638558305873,-2.56314885424063,-0.781524087574883
"AATTCGTCATCACAGC-2","male","IN-CGE",2.59139075296032,-5.21307887159215,-4.17533433245108,10.2245306714507
"AATTCGTCATGCTATG-2","male","OPC",10.6162404062043,4.29933010019435,11.9517732877882,-0.201938475754662
"AATTGACGTAATGGAA-2","male","OPC",11.5045908929597,3.86310349382533,13.1966491956861,-0.402267123845025
"AATTGACGTAGTTAAC-2","male","IN-CGE",0.95592250840771,-3.78595961652623,-3.70184790895865,9.33806273779591
"AATTGACGTCGCATAA-2","male","EN",3.65442743318188,-13.6500243099772,2.03346395684793,7.50954625448902
"AATTGCCAGCGGCTGT-2","male","Microglia",-9.13216505033863,12.2236968127645,0.450324835315492,-7.82813885369579
"AATTGCCAGGCTGTCA-2","male","Microglia",-9.10440168363941,13.2158719149984,-0.041177151664946,-8.19342472710888
"AATTGCCAGTCATCCC-2","male","Oligodendrocytes",-0.76614997370136,4.39550100244655,-1.47078501985953,-2.00894358315746
"AATTGCCAGTCCTTCA-2","male","EN",3.99190845506298,-13.3207720669352,1.68721628381326,7.73363063177784
"AATTGCTCACTTGTTC-2","male","Oligodendrocytes",-0.362494683097722,10.3328944293417,-2.45390260027334,-0.841889406826897
"AATTGCTCAGTTATCG-2","male","IN-MGE",-3.81940994245899,-3.84048260770665,-7.03946244524405,1.80793795427998
"AATTGCTCAGTTTGGC-2","male","Oligodendrocytes",-0.617733216117742,8.31781254686488,-2.54632603929922,-1.79577663102428
"AATTGCTCATGTTGGC-2","male","IN-CGE",2.21962239759075,-4.59546603284703,-4.11600291536734,10.8331637128325
"AATTGCTCATTGTCCT-2","male","Oligodendrocytes",-0.631461834739568,10.5982361880697,-1.6075474004595,-1.39914419808666
"AATTGGACAGGCCAAA-2","male","EN",3.15743985192883,-13.1670102032267,1.57704931689813,7.03247449240406
"AATTGGACATAAACCT-2","male","Oligodendrocytes",-0.94533858282459,2.21046720422877,-0.6717780809252,-2.57576730408947
"AATTGGGAGCACAGAA-2","male","Oligodendrocytes",-1.00128767473591,1.11885808385982,-1.6434954385607,-2.58575179734509
"AATTGGGAGCACTTGG-2","male","Microglia",-9.16349802000416,11.5461388675131,0.824794806599763,-7.56010582604687
"AATTGGGAGGAACCAA-2","male","Microglia",-9.43048486692798,8.88480006136073,0.502107264533785,-8.14139607110302
"AATTGTGTCCCTCGCA-2","male","Oligodendrocytes",-0.136366045307042,7.44444571413173,-3.10327517794058,-0.286898042347832
"AATTGTGTCTAATCCT-2","male","IN-MGE",-2.39710888845813,-5.44756354413854,-6.85132109926626,0.903645832750396
"AATTGTGTCTAATTGG-2","male","EN",2.73827042596447,-13.5679634960734,1.62327224208429,7.519688580844
"AATTGTGTCTACTAAG-2","male","OPC",11.1814154626619,3.36621247209681,12.4251114149244,-0.33879175343792
"AATTTCCTCAAACCTA-2","male","Oligodendrocytes",-0.459223127197148,7.22920571245326,-2.76184165285513,-0.870665933278008
"AATTTCCTCAGGTTTA-2","male","EN",7.37439289109814,-10.1622551830851,1.23478803230837,3.20092770895679
"AATTTCCTCGAGGAGT-2","male","OPC",11.913623714615,3.38622222818507,11.7943569440992,-0.424956227925225
"AATTTGCCAATAGCAA-2","male","EN",1.26793327348339,-11.107573405131,0.286184432044771,5.34651610693653
"AATTTGCCAGTAGGAT-2","male","EN",0.39293300805646,-9.38884533964025,-1.07550358580038,-5.51958706536572
"AATTTGCCATGGTTAT-2","male","IN-MGE",-3.95235500318897,-5.21661318860875,-7.04278313921377,1.62250009617527
"AATTTGCCATGTCAAT-2","male","EN",6.23752346055615,-12.7533806713663,3.99604857160166,6.09837386450489
"AATTTGGTCATGCGTG-2","male","Microglia",-9.20412836058033,11.7699471560873,-0.000224469169828767,-8.00691082635204
"AATTTGGTCATTAGTG-2","male","Oligodendrocytes",-0.898571348022344,3.00061403192653,-2.20069467829153,-2.0630157248048
"AATTTGGTCCTTAAGA-2","male","Oligodendrocytes",-0.534990405868413,10.2946253863729,-2.03519761370108,-1.53906300225536
"AATTTGGTCCTTAGTT-2","male","Oligodendrocytes",-0.701104616950871,8.87706004060878,-2.77692162798331,-1.48252847352306
"ACAAACTGTAACCTAG-2","male","IN-MGE",-3.45258817655933,-6.48004330716954,-7.4622529725878,0.752385024640159
"ACAAACTGTATTGTGG-2","male","OPC",9.49563303010571,2.52581129945888,11.6894146223219,-0.54278996148388
"ACAAACTGTGACATGC-2","male","OPC",11.9192227365266,4.03968511499537,12.6929966230543,-0.751788403180047
"ACAAACTGTTAAGTGT-2","male","EN",8.09010257737744,-7.45337380491124,6.22038853360727,4.13953802427967
"ACAAAGGTCAGGCTAT-2","male","EN",7.57870855348217,-9.57573498807775,4.23883712483957,4.87557694754322
"ACAAAGGTCATAATCG-2","male","IN-MGE",-2.95952305776966,-6.07417286954747,-7.53885590837881,1.00285762986858
"ACAAAGGTCCCTGGAA-2","male","Astrocytes",-7.43924674970997,0.601883241683974,-4.58206355379507,-7.17628147759716
"ACAAAGGTCCTCCTAA-2","male","IN-CGE",2.44565453546154,-5.57724989972936,-4.37733924196646,10.8079848035308
"ACAACAACAATTGCGC-2","male","IN-MGE",-17.109551524948,-5.79882229886876,-5.98554694460318,4.41231486639698
"ACAACAACAGCAACCT-2","male","Oligodendrocytes",-1.27475438101185,3.51072798647059,-3.15144336031363,-1.68898823418896
"ACAACACTCCATCAGG-2","male","EN",0.532527604867099,-9.45757760129796,1.08459148003176,5.61764428457935
"ACAACACTCGAGCTAT-2","male","Microglia",-7.81636342985523,13.403919324056,-0.528545973762724,-7.12999441781323
"ACAACAGAGCCAAATC-2","male","EN",14.1212243081819,-5.55608643613683,0.114412667289522,3.2333857758971
"ACAACAGAGCGGTTAT-2","male","OPC",11.3828677179109,3.24028240121974,10.9314438123853,-0.340322281506463
"ACAACAGAGCTAAAGG-2","male","OPC",11.404382610489,3.08482609666957,12.0510393400343,-0.424760605481072
"ACAACATGTGACATGC-2","male","Astrocytes",-8.1446610449065,0.24292002596034,-4.66383254335806,-7.47808697381298
"ACAACATGTTAACAGT-2","male","OPC",12.4838351251374,3.41546164430751,11.4849067945631,-0.814249660160943
"ACAACATGTTATCGAG-2","male","EN",1.49302115457165,-10.8187054546915,0.71117671026304,4.79257056555469
"ACACAATGTGTCCAAA-2","male","EN",8.19792451875317,-7.58871544919835,6.03559029294565,4.30997488341053
"ACACAATGTTAGTGAT-2","male","EN",8.49590864198315,-6.98326195798741,6.24827587796762,3.77859685263355
"ACACAATGTTTGGGCG-2","male","Oligodendrocytes",-1.04475233538044,3.71387730516566,-1.4310439805834,-2.5852644697694
"ACACCTTGTGGATGTC-2","male","EN",13.637874508072,-12.1564291866861,-1.51889002130911,-5.08710768380444
"ACACCTTGTTCCTGTG-2","male","OPC",11.8442057611238,3.8527198878683,12.6400486250074,-0.453245188382073
"ACACGGACAAGACTCC-2","male","OPC",11.376101398636,4.56703720964564,11.2569643278272,-0.125421966698571
"ACACTAATCATGCGTG-2","male","Oligodendrocytes",0.0739051343690139,7.94328986086024,-2.16316568659231,-0.400977875378533
"ACACTAATCATGCTTT-2","male","Microglia",-9.06533155424488,12.8435660449423,0.0667158384473587,-8.19745590844433
"ACACTAATCCCTCATA-2","male","Oligodendrocytes",-0.452274954151036,9.61267481722011,-3.02284323976919,-0.491499568608208
"ACACTAGGTTCACCCA-2","male","Oligodendrocytes",-0.705507254432561,2.60708795465602,3.27391588880136,-0.490530873921319
"ACACTAGGTTGCAATG-2","male","OPC",9.09277334230053,2.30876789964808,11.402242304817,-0.990377689984246
"ACACTAGGTTTACCGT-2","male","EN",0.495777325500129,-9.56419743619786,1.76266306830957,6.74005553564747
"ACACTTAAGCAGGTTT-2","male","EN",15.403240108658,-5.32264079175817,1.28073919011667,4.22036669096668
"ACACTTAAGTCAATTG-2","male","Oligodendrocytes",-2.9442912100066,-4.19687117658483,-3.21292054460928,-1.45390894570629
"ACACTTAAGTTACTTC-2","male","IN-CGE",1.1506195904504,-5.31804122053014,-5.71925151155874,4.54797646841724
"ACAGCCGGTCGAAGTC-2","male","EN",0.414072783459304,-9.34502400480138,1.07327130629137,5.57525489172657
"ACAGCCGGTGATTACG-2","male","OPC",10.9934243203889,3.00555549539699,12.7179476041944,-0.571678544667168
"ACAGCCGGTGCACGCA-2","male","EN",8.04613628404248,-8.05481518827306,5.47143185330942,4.37383649191578
"ACAGCCGGTTGCATCT-2","male","Oligodendrocytes",-0.193368291686894,8.91227923311366,-1.82488071726248,-2.61577823319714
"ACAGCCGGTTGTTGTC-2","male","IN-CGE",1.40460362451184,-5.52869118772374,-4.31527173326895,10.7981056912871
"ACAGCGCTCACGTTAA-2","male","IN-MGE",-6.92879018766773,-5.95831097684728,-6.59254443453238,3.88567159018238
"ACAGCGCTCAGCACCA-2","male","EN",3.21328010575878,-13.5428151043497,2.01768017007425,7.09102961859424
"ACAGCGCTCCTAAATG-2","male","IN-CGE",0.34552163796532,-4.09525384031163,-3.12781274126456,8.38080499014576
"ACAGCGCTCTCACATT-2","male","Microglia",-9.24004564268482,12.7688170520224,-0.387709973320219,-8.25440075555126
"ACAGCGCTCTGGCTTC-2","male","IN-CGE",-0.320101415943028,-4.40742863736974,-3.36556088732168,9.0340141995879
"ACAGCGCTCTTTGACT-2","male","Oligodendrocytes",0.0128478945981246,9.1922761050619,-2.67133796022818,-0.798859740879937
"ACAGGAATCAGCATTA-2","male","OPC",12.1114729882966,3.57713256754054,12.3438593168409,-0.722345616009636
"ACAGGAATCCCTGATC-2","male","OPC",12.0846604348909,3.75322638429774,12.7355867643507,-0.327761437085076
"ACAGGAATCGCAACAT-2","male","Microglia",-9.26088438017261,10.1693335620321,-0.110560653671477,-9.00195362725536
"ACAGGAATCGGCCAGT-2","male","IN-MGE",-7.04289255125416,-5.71442259870397,-6.66554868029043,4.4803704961272
"ACAGGATCAAACGCGA-2","male","IN-MGE",-7.00037727339161,-5.15616597257482,-6.83501469896719,3.80211565336903
"ACAGGATCAAAGCGCA-2","male","IN-CGE",2.42649426477063,-4.51429785810338,-4.19165694521353,10.5084986432524
"ACAGGATCACTAGCGT-2","male","IN-CGE",1.5680481435548,-4.71997727475987,-3.76921307848379,10.2071146710845
"ACAGGATCAGCATGAG-2","male","OPC",9.31132211701977,2.34693108476771,10.9809414167555,-0.419108416226311
"ACAGGATCATTAGCCA-2","male","OPC",12.350352192093,3.41466842569484,12.2417970914991,-0.299169148590966
"ACAGGCTGTAACTACG-2","male","IN-MGE",-6.5770750997771,-4.49157370649205,-6.8573888521044,3.78250000319202
"ACAGGCTGTAAGCTCA-2","male","EN",7.62552680986035,-8.68677224241124,5.1219607610853,4.51292631468494
"ACAGGCTGTACAATGT-2","male","EN",0.41294801773536,-9.37655629239904,1.19653284741953,5.68662211737354
"ACAGGTAAGCACCACA-2","male","IN-CGE",2.37428846376049,-4.72224940381871,-4.20607936190054,10.7879090054961
"ACAGGTAAGGAACGCG-2","male","Oligodendrocytes",-8.26364526731861,0.469537183419599,-3.69672906206534,-5.59903528847973
"ACAGTATGTATTGAGT-2","male","IN-MGE",-4.9754920957793,-6.41871060453282,-6.36000668810293,1.86807236513813
"ACAGTATGTGAGGTGA-2","male","IN-MGE",-4.55629549009693,-4.5012053402506,-7.18517243669913,2.61848471007069
"ACATAGCTCACACAGT-2","male","Oligodendrocytes",-0.421835279296758,4.11143337167872,-0.671162245735381,-2.90858247437756
"ACATAGCTCCGCAAGC-2","male","IN-MGE",-3.07103714926136,-4.84308995328771,-6.78803193376944,0.517024134013252
"ACATAGCTCCTTGAGG-2","male","Oligodendrocytes",-0.587415730785253,2.26581798471583,-2.53826224611685,-3.06713726678173
"ACATAGCTCGAGGAAC-2","male","OPC",10.0966195108186,3.12222228922023,12.655190112129,-0.875929738667412
"ACATAGCTCGATAACC-2","male","Endothelial",2.75327076928723,13.2441598025717,-2.53275835321829,-0.55778339066784
"ACATAGCTCTAAGTCA-2","male","Oligodendrocytes",-0.656194662879827,4.32790456689967,-2.04622113512442,-1.96091797509472
"ACATAGCTCTCCATGC-2","male","Oligodendrocytes",-0.33281896097553,8.723351582662,-3.06459224031851,-1.23833241620342
"ACATCAATCCCTGTTA-2","male","IN-MGE",-17.1961947439421,-5.86311663709508,-5.70286166475699,4.54824111304005
"ACATCAATCCGGTTGA-2","male","EN",6.96632280366528,-10.2475489529215,3.69426834775522,4.53872225126942
"ACATCAATCGCTAGTG-2","male","OPC",10.8268403054963,3.58368097223414,11.7661672849806,-0.597176458027764
"ACATCAATCGGTCAGC-2","male","IN-CGE",1.47277202622998,-5.35741032682286,-4.30428111360953,10.4255842908355
"ACATCATCAAAGCTCC-2","male","IN-CGE",1.99191405789959,-5.96040381513463,-4.2351530771105,10.9079107984038
"ACATCATCAACCTAAT-2","male","EN",5.44375028627026,-9.72611416898595,3.40468156529978,3.50309607825001
"ACATCATCAGCTTAGC-2","male","OPC",11.8790425302278,3.29245148576869,12.4016548414381,-0.1365676776437
"ACATCATCAGGGAGGA-2","male","IN-CGE",1.85242989080059,-5.86696852765904,-3.91004740999624,10.1660647138091
"ACATTAGTCATCCTGC-2","male","EN",8.55308618562329,-7.6334599407755,-0.269516942962859,-8.25324490227978
"ACATTAGTCATGAGCT-2","male","IN-MGE",-3.30644354803455,-4.33415593229161,-7.20193803118155,2.29852292380054
"ACATTGCAGCACAGAA-2","male","Oligodendrocytes",-0.880230879615666,2.76322828210963,-2.49491059587881,-1.96968033471386
"ACATTGCAGCGGATAA-2","male","Oligodendrocytes",-1.10408291799915,1.49072115100993,-2.52885615633414,-2.38460590997021
"ACATTGCAGGAAGTAT-2","male","IN-MGE",-4.91159162504566,-6.47409190259801,-7.69027364061758,0.845552731964187
"ACATTGCAGGCTTAGT-2","male","EN",2.20853688733685,-2.07068981252538,0.723226951494959,4.17603967032154
"ACCAAACTCAGCATTA-2","male","Oligodendrocytes",-0.88768670542133,2.28792367853297,-1.79190313623831,-3.28980424561779
"ACCAAACTCCTGGCTT-2","male","Astrocytes",-7.47860298139942,0.606623239592447,-4.86608922289297,-5.80446531930248
"ACCAAACTCGACAAAG-2","male","EN",6.35524597184765,-13.3146733196818,3.67071545316294,6.41789386114796
"ACCAAGCGTAGCCTCC-2","male","Microglia",-9.37893018705738,9.51058398164882,0.332212450042513,-8.38851215997021
"ACCAAGCGTGAGACTC-2","male","EN",5.95629014985668,-12.8747013958536,3.50228917790964,5.89542767843922
"ACCAAGCGTGGACCTG-2","male","EN",5.02024307267773,-9.0005892666422,3.10783517552927,3.70287415823658
"ACCAAGCGTTTGACCT-2","male","EN",1.19616963880169,-11.1000355633341,0.839803530894365,5.36572549185474
"ACCAAGTTCAGCAAGA-2","male","Oligodendrocytes",-0.593556439708592,8.89104948915614,-2.00879800127432,-0.82098534264843
"ACCAAGTTCCATTACT-2","male","Oligodendrocytes",-0.530923163722875,4.48984609521998,-2.50390851305411,-3.11977126755993
"ACCAAGTTCCCTCTAA-2","male","Oligodendrocytes",-0.396727835964086,9.03656207002772,-2.00481259630606,-0.423153306630059
"ACCAAGTTCGATTATG-2","male","EN",13.7231110574495,-12.1143587978922,-1.72139131830618,-5.26156284966747
"ACCAAGTTCTTGGATA-2","male","IN-MGE",-6.72933158857715,-4.2253354939066,-6.73168885515616,4.71961972555836
"ACCAATATCAAATCGC-2","male","IN-MGE",-3.92152461988819,-4.06234778486119,-7.60641038225577,2.17551777205189
"ACCAATATCACTAGGT-2","male","Oligodendrocytes",-0.53724030239475,10.6409541217245,-3.10527360247061,-1.23168566384594
"ACCAATATCCCTTGCG-2","male","IN-CGE",0.190285051036952,-1.88922132573949,1.02484409703329,4.36461207709034
"ACCAATATCGGCCATA-2","male","EN",6.16269102113354,-11.5255440624796,3.33185827924326,3.91819164595325
"ACCAATATCGGTCAAT-2","male","Oligodendrocytes",-0.979769086669805,3.66365037836207,-1.69537889765188,-2.07436039605419
"ACCACACCAATATAGG-2","male","Microglia",-9.04551229460132,11.3539181796469,0.654683949485567,-8.52275612511913
"ACCACACCAGTTTCTC-2","male","OPC",12.4334296228181,3.5576132384695,11.6850849409254,-0.70837285676281
"ACCACATAGTCACGAT-2","male","IN-MGE",-17.147112941574,-5.88851632200109,-5.57662045763418,4.61604473433216
"ACCAGCTCAACTAGAA-2","male","Oligodendrocytes",-0.993160462211492,3.0013958064474,-2.48751842783377,-1.05744781651775
"ACCAGCTCAAGCCACT-2","male","EN",4.28166165368664,-13.406247988566,2.7617882509382,7.22410867056568
"ACCAGCTCACATAACT-2","male","Oligodendrocytes",-1.13695797903431,2.19289182104243,-1.73243391321585,-3.15291121163647
"ACCAGCTCAGTAGGTG-2","male","EN",5.38129415528881,-9.69004334531652,3.40941965772226,3.45372221312244
"ACCAGGACAATAGTCT-2","male","OPC",11.493083858658,3.51177535928859,11.685575129524,-0.336363937046929
"ACCAGGACAATGCGCT-2","male","IN-MGE",-4.02509126646412,-5.03219832502233,-7.1803115587084,2.26039967379291
"ACCAGGACATCCATCT-2","male","EN",3.88004865663159,-13.0912903698526,1.80284357263162,7.48948094687183
"ACCAGGACATGCATAT-2","male","IN-MGE",-3.57015881521595,-6.54716576658116,-7.88891732500479,1.26209328016956
"ACCAGGCTCCGGCTAA-2","male","EN",13.6997155191194,-12.0914906414591,3.17310965253427,2.94752929053028
"ACCAGGCTCTTGGACG-2","male","EN",2.89653697030651,-13.1816586407267,2.02944600774362,7.61199805578907
"ACCAGGGAGACAACGA-2","male","OPC",-6.91183004362476,-4.99108113370763,12.4130464811476,-0.615170861866875
"ACCAGGGAGGACTTAC-2","male","Microglia",-9.59416971189869,12.1505967227377,0.539818586841371,-8.55606129327099
"ACCAGGGAGTAACTCA-2","male","OPC",11.3007983209382,3.95688568033351,-1.34914457605765,-5.38423826852123
"ACCAGGGAGTTATCTC-2","male","IN-MGE",-4.18886289579761,-6.49576129041539,-7.71856152819082,0.784769904527263
"ACCATAATCATCAGTA-2","male","OPC",11.4918917657624,3.50752888597621,11.6362491865309,-0.378553892758294
"ACCATAATCGACCTGA-2","male","Oligodendrocytes",-0.3671393154372,6.92724381364955,-3.43325173662588,-1.21567084946911
"ACCATAATCTCGACCT-2","male","Microglia",-9.46645364744556,12.4776898471273,0.0832020063550736,-7.83290722527783
"ACCATTAAGGTTTGCG-2","male","Astrocytes",-6.82114658338917,1.49212621130122,-4.58479153917715,-7.47448589959423
"ACCCAACCAATCCTGA-2","male","Microglia",-8.98619089109791,12.1827956286825,-0.123795805439207,-8.13282349267284
"ACCCAACCACCTACTT-2","male","EN",8.04403820054638,-7.99509324155675,6.06139147473886,4.50080869040211
"ACCCAGGGTCCTCCAA-2","male","IN-MGE",-17.1455679891814,-5.86556758008824,-6.39695155428335,4.53664061865528
"ACCCAGGGTTCACTGT-2","male","Oligodendrocytes",-0.104399657081487,7.50319014467372,-2.45886051462576,-0.144129361298485
"ACCCAGGGTTCATCTA-2","male","IN-CGE",1.76363053338635,-5.99549283109532,-4.04451167391226,10.5905318006011
"ACCCGCTGTCGCGCAA-2","male","Oligodendrocytes",-0.829402422737004,0.00134448684824895,-2.22987687395498,-2.53377988496105
"ACCCGCTGTGTGCAAC-2","male","EN",3.30770244615185,-13.533053294047,1.97079646779611,7.20700976690967
"ACCCGTAAGCCTAATA-2","male","EN",6.68759861009228,-11.4804247768961,3.37212526990488,4.85480687460621
"ACCCGTAAGGAACCGG-2","male","EN",6.22582187669384,-13.2319659145914,3.71028530789926,6.46298644385059
"ACCCGTAAGGCGCTTA-2","male","Astrocytes",-6.88125715238941,1.23948864616527,-4.73232161806509,-6.2041096941499
"ACCCGTAAGTAGCTTA-2","male","Oligodendrocytes",-4.14786634428394,-4.96415795408116,-1.86006557749197,-3.50861075082104
"ACCCTCCCAAGCGAGC-2","male","OPC",12.2716902734529,4.69572935976161,11.8328615446241,0.291402433726387
"ACCCTGTTCATCAGTA-2","male","Oligodendrocytes",-0.644196128677251,1.42847655691279,-2.63766443537161,-2.26043226876537
"ACCCTGTTCCGCCTCA-2","male","EN",2.72385349290478,-11.8908137234293,1.96053028298929,6.08972260794361
"ACCGAAGCAATTGACT-2","male","EN",15.0299958230745,-5.51675547681676,0.408389361634996,3.49418518385609
"ACCGAAGCATAAAGCA-2","male","Microglia",-9.08873853666675,10.7086363879599,-0.485346553787444,-6.61073877969067
"ACCGCAATCAACAAGG-2","male","EN",4.34619822518933,-9.95145119748937,1.98451852990701,5.98623607001026
"ACCGCAATCCGCATGA-2","male","OPC",11.8958519937288,3.92739783205165,11.7807852049024,-0.537107016232415
"ACCGCAATCCTGATGG-2","male","Microglia",-9.3217211721648,9.88356696046962,0.45830580784395,-7.54834129967968
"ACCGCAATCGCACAAT-2","male","Oligodendrocytes",-1.15098569376362,2.5791648475088,-2.10179960535452,-2.01914146104137
"ACCGCAATCGCGACAC-2","male","OPC",10.6218747140657,2.85950885690822,9.47041857434824,-0.625944282200738
"ACCGCAATCGTTATAG-2","male","OPC",12.0414322854768,3.61300741113795,11.8888813276441,-0.465550924923821
"ACCGGCTAGTATTGTG-2","male","EN",7.43395891206372,-10.2023209484659,3.85002768231943,4.62667033514698
"ACCGGTTCAATGCCTA-2","male","EN",3.18532385842907,-13.7399205120646,1.67283499433115,7.52375314078052
"ACCGGTTCAGCTAACC-2","male","EN",1.81406190412152,-11.5338152798258,0.650805236831453,5.60650298437794
"ACCGGTTCATCCTAGA-2","male","IN-MGE",-3.01112875921619,-4.15376557432042,-7.27365910814688,1.00703898510654
"ACCTAAATCAGCATTA-2","male","EN",2.69906106011975,-13.3574561031901,1.86084795190408,6.739903424594
"ACCTAAATCCTCATGC-2","male","Oligodendrocytes",-0.861254548858525,7.79870234407557,-3.39902531908438,-0.941992427494927
"ACCTAAATCGATAACC-2","male","Oligodendrocytes",-0.144386863540532,8.33943377412928,-2.20609628961966,-0.912504936840935
"ACCTAAATCTCATCAT-2","male","OPC",11.1385897638093,3.24859820284022,11.619961382881,-0.553682710316582
"ACCTAAGGTGAGGTGA-2","male","Oligodendrocytes",-0.175946926902654,6.80209933199061,-2.94300496385977,-1.49449589410107
"ACCTACCTCGAGGAAC-2","male","EN",7.52666893022167,-10.0830792339884,3.85343373014047,4.79270694098194
"ACCTACCTCTCACTAT-2","male","EN",12.8408364297639,3.85258017458095,12.8452135343702,0.0137908204527659
"ACCTCACTCCATAATG-2","male","EN",14.4894446374665,-5.51999558530675,0.727826440766599,3.10410067877491
"ACCTCACTCCCTTGCG-2","male","Microglia",-8.98208818418873,13.400730237142,0.384080024495866,-8.13388874688427
"ACCTCACTCGTTACAA-2","male","Astrocytes",-9.05771455747974,0.562342237458362,-4.78053223894522,-5.70700647988598
"ACCTGGATCCAAGTTA-2","male","Microglia",-9.44437894804371,12.2984047976889,0.985177161231783,-8.23196842828076
"ACCTGGATCCACAATA-2","male","Oligodendrocytes",-0.941110586952092,2.82823286928309,-1.57486545847342,-2.16895201363842
"ACCTGGATCCGTAAAC-2","male","Oligodendrocytes",-0.50538394434345,5.95953474916591,-2.04038584040091,-2.62261750855724
"ACCTGGATCGAGGAAC-2","male","IN-MGE",-6.7831994055022,-4.83462227903234,-6.77122723864004,4.75686023077686
"ACCTGGATCTCTAGCC-2","male","Oligodendrocytes",-0.600005841087224,10.7472478000082,-3.46489035890982,-0.92332019963543
"ACCTGGATCTTGTCTG-2","male","EN",5.00928916947949,-9.94283093534337,3.14173710538461,3.53923842749317
"ACCTGGTCACAATTAC-2","male","EN",15.4182118417512,-5.47952307782994,0.130522312656191,3.74733731589039
"ACCTGGTCACTAAATC-2","male","OPC",12.2839383126985,3.71278057970179,12.1439405698927,-0.494936610844536
"ACCTGTTGTAAACAAG-2","male","Microglia",-9.16154680235279,11.6405554858602,-0.0566289405672287,-8.37081387200634
"ACCTGTTGTAGGATTT-2","male","Oligodendrocytes",-0.985637998412969,1.86652730383052,-2.70726382540152,-2.24102451958935
"ACCTGTTGTCATCAAG-2","male","EN",5.44679775254833,-9.61976327024327,3.38912141515329,3.69924733481129
"ACCTGTTGTTCGCGCT-2","male","OPC",10.8904685022126,2.82974873460902,11.5847030897291,-0.634820725109978
"ACCTTCATCAAGCGCC-2","male","Astrocytes",-9.18524370176685,0.194832637683286,-4.60270821855948,-5.62161400475781
"ACCTTCATCGCTAGCA-2","male","IN-CGE",-3.26717863066089,-9.72346867643224,-2.70382010744498,8.01404521307667
"ACCTTGTGTCATGAGC-2","male","OPC",11.4784306527864,3.20878611482753,12.034922244087,-1.14481165566723
"ACCTTGTGTCTTTATG-2","male","EN",3.69437828080761,-13.3284529598795,1.71992194844797,7.21882436117847
"ACCTTGTGTTATAGCG-2","male","EN",7.81397571580517,-8.06163205228673,6.13362515164926,4.59229895910938
"ACCTTGTGTTTCCGGC-2","male","EN",3.20061721818554,-13.2401999386393,1.73218256427362,7.52505299887379
"ACGAACAAGAACAAGT-2","male","Oligodendrocytes",-0.824672555755498,10.6123572436727,-1.93199097917959,-0.651316072132988
"ACGAACAAGATAGACG-2","male","Oligodendrocytes",-0.178462540935399,8.28707562364711,-3.18409192369864,-1.1846936003236
"ACGAACAAGATGGACA-2","male","Oligodendrocytes",-0.768410301040532,11.0264311877645,-2.34691607759878,-2.96837952294628
"ACGAACAAGCGCTAAT-2","male","EN",8.41005792634594,-7.3611678036295,6.09120047284677,4.2280409081908
"ACGAACAAGGCGTAAA-2","male","Astrocytes",-8.78559789640796,-0.084615305288897,-1.18123924539969,-6.98148396172802
"ACGAACAAGGGTGAAC-2","male","EN",13.7768982888948,-12.1075533779703,3.195633055702,2.95766613325794
"ACGAACAAGTAAGAAC-2","male","EN",1.03163608329403,-9.95703019224034,0.967395315006521,5.14192244848926
"ACGAAGTCAAGCTAAA-2","male","Oligodendrocytes",-1.06836554987323,1.5878318396963,-2.23106610582754,-2.59650423684399
"ACGAAGTCAATCTCTC-2","male","Microglia",-9.31139001829517,12.0353909579672,0.84297065768778,-8.0206904665498
"ACGAAGTCACTGACTA-2","male","Oligodendrocytes",-0.511543726753118,6.92668686784877,-1.84838402079031,-0.343874718335076
"ACGAATCTCATAACTG-2","male","Oligodendrocytes",-0.314957415889623,9.21832095064296,-1.61782157228873,-1.2041598812608
"ACGAATCTCATAGCCG-2","male","IN-MGE",-3.39631376249683,-6.12341965757237,-6.97942673967764,1.10910830340107
"ACGAATCTCTGCAAGT-2","male","IN-MGE",-6.92499742491138,-4.37624205671178,-6.39009320543692,4.58977506003101
"ACGAATCTCTTAGTCT-2","male","EN",8.01934375779736,-7.47768010221349,6.00380718900278,4.5798008187743
"ACGACAAAGACAACAG-2","male","IN-CGE",1.98994936959851,-5.71929635129796,-4.33924662874624,10.7092060788604
"ACGACAAAGGGTCTAT-2","male","EN",15.4879120828401,-5.45054854474889,0.638092177048471,3.50463363966663
"ACGACAAAGTAACCCG-2","male","EN",8.22240962998974,-7.31907548032628,5.61642182065561,4.55711481413563
"ACGACAAAGTAGCGCC-2","male","Astrocytes",-7.1380692480315,1.65957377828731,-4.82320296572134,-5.74589493432324
"ACGACAAAGTTACCGG-2","male","EN",6.64666690843212,-13.233794108256,3.85191905690744,6.16553971609791
"ACGACTTAGCAAGGTA-2","male","Microglia",-9.4275618551482,11.1101285067953,0.686731578841951,-8.87939217248242
"ACGACTTAGTTTGGGT-2","male","IN-MGE",-7.21177158338917,-5.35141076169835,-5.78739154146597,4.42047498068531
"ACGAGTAAGACTTATG-2","male","EN",14.7439316751252,-5.4904197605692,0.228393258586671,3.15966031393726
"ACGAGTAAGGTCCACA-2","male","EN",0.620977991987346,-9.56544674955236,1.05659842683389,5.11745593390186
"ACGATTCAGCGGATAA-2","male","EN",7.69278707521069,-6.86744584165441,6.07403195096567,4.11430284819324
"ACGATTCAGTTAGCTA-2","male","OPC",12.4088534356843,3.25291357912196,11.9876333494337,0.257920418593482
"ACGATTCAGTTGTCCC-2","male","IN-MGE",-3.58727178556812,-6.50185574613439,-6.38214146898672,0.46621315619667
"ACGCAAGCATAAAGCA-2","male","Oligodendrocytes",-0.725914692710759,3.41355167307033,-2.16034495638296,-2.24168493905346
"ACGCACGGTCATGCAA-2","male","Oligodendrocytes",-0.197376346420171,9.37963782228602,-2.41906845377371,-0.386368657734795
"ACGCACGGTGGGTACT-2","male","OPC",11.3376883508455,2.76386223711146,12.7439867277296,-0.917909051564141
"ACGCCACAGACAACAG-2","male","Oligodendrocytes",-0.718271112274053,3.52438770212306,-1.75312578485892,-2.75808026948254
"ACGCCACAGCCTGAGC-2","male","EN",14.4057206155549,-5.66615332685338,0.0461891312749649,2.74110886892994
"ACGCCACAGCGGATAA-2","male","Oligodendrocytes",-0.79705224020374,4.27233158029689,-2.08882820413992,-2.94547679581921
"ACGCCACAGGCTAGAA-2","male","Oligodendrocytes",-0.00483373386752789,6.25584612764491,-3.45150410936758,-1.14011159100811
"ACGCCACAGTAACCAC-2","male","OPC",0.4755494909178,6.79531203188075,-1.1929818372576,-1.41044428506176
"ACGCCACAGTGATTCA-2","male","Oligodendrocytes",-1.05550417883289,0.94272978581561,-2.03942978189871,-1.37467100777905
"ACGCCACAGTGTTGCG-2","male","EN",5.48079099671948,-9.769887820109,3.4192429800184,3.52891514143665
"ACGCCTAAGTTATGTG-2","male","Microglia",-9.30320749266041,12.2882996646322,0.939649598732736,-8.03522446313183
"ACGCCTTTCGAAGTGA-2","male","OPC",10.1611403466951,3.0368589011587,12.8170334119947,-1.00573947587292
"ACGCTTGAGGGCTAAA-2","male","EN",1.72678735272991,-9.71205605588781,1.19808507157877,3.75974461874683
"ACGCTTGAGTTCCTCA-2","male","EN",6.5335616113435,-11.6618641766153,3.65314495755747,5.65093419394215
"ACGGTTAGTATTGGAT-2","male","EN",3.39413132684338,-14.1217230709635,1.79291421367243,7.59468839010914
"ACGGTTAGTTAAGCCA-2","male","Microglia",-9.12805852873218,10.8900958148397,-0.93546843336508,-6.21225407281201
"ACGGTTAGTTGAGCCG-2","male","Astrocytes",-7.9675427435149,0.304258957282438,-4.36194264696524,-7.29336025872509
"ACGGTTAGTTGCGGAT-2","male","Oligodendrocytes",-0.737328862975957,8.71068392671718,-2.66905104921744,-0.812228466656609
"ACGGTTTAGGAGCAAC-2","male","OPC",12.2038229944001,2.85294280923976,12.5351377744825,-0.232603575375481
"ACGTACCCAAATATCC-2","male","EN",3.00878348367321,-13.5118798168741,2.12345040036752,7.09247968039234
"ACGTCAAGTGTTGCTT-2","male","Oligodendrocytes",-0.814455962013127,2.96433578409327,-1.71888744638846,-2.03886583009045
"ACGTCAAGTTGGATCA-2","male","Microglia",-9.35718069059742,11.5785056201376,-0.196471808418486,-7.99215462365429
"ACGTCCAAGATGCCTG-2","male","EN",5.46969356553662,-13.1412753017984,3.28747046186044,6.36586901983936
"ACGTCCAAGGAAACTG-2","male","OPC",11.8553322793733,3.08966837801112,12.2137972135694,-0.528735424664422
"ACGTCCAAGTAACGGA-2","male","EN",2.9530111791383,-12.109954729899,2.09327578736856,6.31357190451343
"ACGTCCAAGTAAGTCC-2","male","EN",5.25999774949658,-10.1074103268229,1.30579981400087,2.87224790892322
"ACGTCCAAGTGGCGGA-2","male","Oligodendrocytes",-0.354025220703008,5.38513861574306,3.25920212461069,-0.663075949337883
"ACGTCCTTCAGTGAAG-2","male","IN-MGE",-17.068966960739,-5.85180319867955,-5.77029883669302,4.55074522337635
"ACGTCCTTCCACCTTA-2","male","Oligodendrocytes",-0.685097431968572,3.30313955225123,-2.5677684526293,-2.51579907098095
"ACGTCCTTCCGTGACA-2","male","Oligodendrocytes",-0.370430087875249,9.90694914735927,-3.12783658312247,-1.86876061120312
"ACGTCCTTCCTCACAC-2","male","Microglia",-9.35810289366138,8.8394986239828,0.462883057132509,-7.66976406731884
"ACGTCCTTCGCATTAA-2","male","Oligodendrocytes",-0.181788420509221,9.32184611238612,-3.33544671343252,-0.957119609501763
"ACGTTACAGCGATACT-2","male","EN",-0.0462052283991594,-1.16787876211034,1.79296189738825,3.22058627447803
"ACGTTACAGGAAGCTA-2","male","EN",6.67723932283032,-11.2811030300699,3.03638518048837,4.2154164060088
"ACGTTACAGGTTACGT-2","male","IN-MGE",-7.17225751860035,-5.45430840574132,-6.83999144838736,4.57780835470875
"ACGTTACAGTTCCTCA-2","male","EN",4.01137199418652,-13.2725809963785,1.95352018071726,7.60274121603687
"ACGTTGTAGCAAGGGT-2","male","Oligodendrocytes",-0.472843265365483,9.93811236299647,-2.52198111818716,-1.39913585343639
"ACGTTGTAGGAGTCGG-2","male","Oligodendrocytes",-0.191788470577123,6.74742279924525,-2.48214757250235,-0.74134519257824
"ACTAAAGCAAACATAG-2","male","OPC",11.6215962411653,2.94930039323939,11.8480087537916,0.232936118456916
"ACTAAAGCAAAGGTAC-2","male","EN",13.7402972223054,-12.104188814982,3.23302734090402,2.88660189947803
"ACTAAAGCAATTAGCT-2","male","OPC",10.5308770181428,3.52963887132777,12.2251983900221,-0.108586753991051
"ACTAAAGCATTATGCG-2","male","Astrocytes",-8.23605833036792,1.29688774027003,-5.1492737512438,-6.28173926034252
"ACTAACCAGCAGCTCA-2","male","EN",7.85792436616528,-8.27744664274083,5.56112587644174,4.46316239676197
"ACTAACCAGCTCAAAC-2","male","EN",7.50495805757153,-10.0073708447062,3.61953342153147,4.73779961905201
"ACTAACCAGCTGTAAC-2","male","OPC",11.1656197549592,3.70577679552211,11.9693542738111,0.259916250321464
"ACTAACCAGGCCTGGT-2","male","EN",2.95362820642102,-11.967924967631,2.0727070589216,6.15064189276417
"ACTAACCAGTTTGCGG-2","male","Microglia",-9.03147993070972,13.0287409869589,-0.34674453543112,-8.54052307763378
"ACTAACGGTATTGGTG-2","male","Oligodendrocytes",-0.0438875613917131,8.71897898592128,-2.70439111994192,-0.544404532101555
"ACTAACGGTCAATAGT-2","male","EN",4.89494981782543,-9.79332055173741,2.63955700589731,4.01357600531299
"ACTAACGGTCATAACG-2","male","EN",8.6501444818269,-7.30184353910314,6.39984619809702,4.5318386300536
"ACTAACTCATCCTGAA-2","male","Oligodendrocytes",-0.874702429603459,2.69365368761195,-2.06021749781058,-1.0199328915147
"ACTAATCCAATAGCCC-2","male","EN",6.0544675828706,-13.0388087185465,3.69484031392648,6.37866589865406
"ACTAATCCAATTGCGC-2","male","Oligodendrocytes",-0.769263362716557,6.23282729066981,-5.03880822466299,-5.65047457375805
"ACTAATCCACAAAGCG-2","male","OPC",10.6251362802278,3.30542455591334,12.0650707502516,-0.674278761532708
"ACTAATCCACATTGCA-2","male","Microglia",-9.25089464170826,10.678468808309,0.450453581348207,-9.00793793359081
"ACTAATCCAGCTCATA-2","male","Oligodendrocytes",-9.40099821073902,9.42358790315761,-2.20803797052786,-2.26870968499462
"ACTAATCCATGGCCTG-2","male","Oligodendrocytes",0.0508552135716658,7.78219614900722,-2.35800516413138,0.0494453652830882
"ACTATCCGTGAGCACT-2","male","EN",4.76534738557446,-9.83303822599279,2.97574484540537,3.79815289816578
"ACTATCCGTGCTCCAC-2","male","OPC",11.6929787637483,3.40611802019252,12.1537281294019,-0.364040042546196
"ACTATGTCAAACTGTT-2","male","IN-MGE",-17.1136408804168,-5.90901459775792,-5.68434226320669,4.64156243643482
"ACTATGTCAACCGCCA-2","male","EN",3.12695159928906,-13.5185688885294,1.6705612559469,7.69921109518726
"ACTATGTCAATGAATG-2","male","EN",8.51264753358471,-6.79586447797643,6.47421324445322,4.28850958189686
"ACTATGTCAGAGAGCC-2","male","Oligodendrocytes",-0.537534510921361,4.98546944536342,-2.69357216165945,-1.17160108247082
"ACTATGTCATGGTTAT-2","male","OPC",11.183456325699,3.47263251222743,12.6358133573683,-0.473886753704949
"ACTATGTCATTGTGGC-2","male","Oligodendrocytes",1.06790121810543,0.0673081723607917,-2.96763288782522,-0.325377489712639
"ACTCACCTCAGGGCCT-2","male","EN",1.34078344123471,-11.1645058544718,0.911443425402191,5.05826518377979
"ACTCACCTCGATATTG-2","male","EN",-0.0039898811091203,-1.41614975057469,2.02954387857034,7.85514972052296
"ACTCACTGTGCGCATG-2","male","EN",8.46020021455395,-7.03562296949254,5.98556387616709,4.58412954649647
"ACTCAGTAGGCTAGAA-2","male","IN-MGE",-3.17984018309009,-5.18646039090978,-1.07834017084524,3.53836223921497
"ACTCAGTAGTTAGACC-2","male","Oligodendrocytes",-0.59864542467487,10.9253626910604,-2.36493217752859,-2.16328146615307
"ACTCCTCAGACCATAC-2","male","OPC",12.0489481927644,3.49282251276149,12.3582178373487,-0.426899577763482
"ACTCCTCAGAGCAAGC-2","male","Oligodendrocytes",-0.051239138673665,5.60565291322841,11.723022105232,-0.112242128041192
"ACTCCTCAGCATCCAG-2","male","EN",4.98979129808056,-9.83666123472081,2.89203489018991,3.64887139639576
"ACTCCTCAGCCTAACG-2","male","EN",6.32481279389965,-13.2829903515421,3.96685302449777,6.40050170263966
"ACTCGCGCAGAGAGCC-2","male","Microglia",1.8632552863847,3.90366254724635,-0.614969847664091,-8.10933163323681
"ACTCGCGCAGCTCATA-2","male","IN-CGE",-3.27970776541126,-9.73666466794835,-2.72723519609854,7.99138400397022
"ACTCGCGCATCTAGCA-2","male","Oligodendrocytes",-0.0947350619543809,7.50688229478969,-2.94429123209402,-0.990548040059014
"ACTCGCGCATTATCCC-2","male","Oligodendrocytes",-0.758869385551335,3.6019760219015,-1.83096158312247,-2.49172499337475
"ACTCGCGCATTCCTCG-2","male","EN",3.05247774140942,-13.8373240383707,-2.39036142633841,-2.80821707406323
"ACTGAAACAAAGCGCA-2","male","Oligodendrocytes",-0.435845649074437,8.73180781282557,-3.27578151033804,-0.427777673390313
"ACTGAAACAATTGACT-2","male","EN",14.2668227197419,-5.60649622999059,0.264142395988252,3.07803079924305
"ACTGAAACAATTGCGC-2","male","IN-MGE",-17.152499294113,-5.89245022855626,-5.59006488130972,4.5803529962035
"ACTGAAACACGGTACT-2","male","Astrocytes",-7.5025015829314,2.04599831976069,-5.27310597704336,-5.94654419579784
"ACTGAAACATCCATCT-2","male","Microglia",-9.38757333738697,9.42896567262782,0.337955417171266,-7.76715233483593
"ACTGAATGTAGTCAAT-2","male","Microglia",-8.88716325743091,12.2195321170248,0.908660372778919,-8.62253239312451
"ACTGAATGTGTTTGTC-2","male","OPC",11.5173958780061,3.7654646483816,12.1616226453932,-0.49124159970562
"ACTTACAAGACAGGTA-2","male","OPC",10.672768497635,2.7572175113119,12.3278757352979,-1.21878292718212
"ACTTACAAGACTAAGG-2","male","OPC",12.4469641687165,3.65258870996608,11.8533722181471,-0.724081780102654
"ACTTACAAGTAAGAAC-2","male","Microglia",-9.41716966612232,12.2261143771566,0.31067300035074,-8.48613789239208
"ACTTACTTCTAATCCT-2","male","EN",3.01676907556164,-11.8999327572428,2.09508991433695,6.31003186545093
"ACTTACTTCTTTGACT-2","male","Oligodendrocytes",-0.728398537467839,10.9341908542074,-2.07789408968374,-0.962395097401543
"ACTTAGGGTCATCAAG-2","male","EN",8.55033006684887,-7.09181822858678,6.42549669934824,4.27084753355701
"ACTTAGGGTCTCACTG-2","male","Microglia",-9.13133058531177,11.7928143588461,0.726016411617544,-8.29633762994091
"ACTTAGGGTTAGAGGG-2","male","Microglia",-9.42301759703052,11.4189931003012,-0.272941945060942,-8.43700554528515
"ACTTAGTCAATGCCCG-2","male","Oligodendrocytes",-0.924662208389165,3.7381437865652,-1.65634310053274,-1.60927679696362
"ACTTATCTCACGTTAA-2","male","EN",6.5398248674165,-13.1773499401651,3.85785329534128,6.15302941641529
"ACTTATCTCCGGCTAA-2","male","Microglia",-9.36289129240406,13.2802163211264,0.532910915151384,-8.17701771416943
"ACTTATGAGCTAAGTC-2","male","IN-CGE",2.22152342813122,-5.82387293897496,-4.26418578432486,10.9250502332183
"ACTTATGAGGTAAGGC-2","male","EN",3.66863884942639,-13.9579972179972,2.12793445779398,6.85429427466114
"ACTTATGAGTATGTGC-2","male","EN",7.04871311204541,-10.8269213589274,0.642866956129816,4.49182483992298
"ACTTCGCTCTAGCTTT-2","male","EN",0.754301601816295,-2.55511797986852,2.04839480115488,4.20580289206226
"ACTTCGCTCTTGCAGG-2","male","Oligodendrocytes",-0.205881750415685,5.81554757036342,-2.0721687059252,-1.11274149575512
"ACTTGAATCCCGTTAC-2","male","EN",14.4976519586335,-5.30192555509435,0.183786096111086,3.0487208112212
"ACTTGAATCCTGATTT-2","male","Oligodendrocytes",0.00675191896068866,9.16111288942469,-2.79025757120535,-0.116915907051964
"ACTTGAATCCTTGAGG-2","male","Oligodendrocytes",-0.566470241378667,4.83858834184779,-2.62150823877737,-2.23554613747875
"ACTTGAATCGCCTGTT-2","male","IN-MGE",-7.05155286772144,-5.79721392713414,-3.42249715135977,-0.411241795208855
"ACTTGAATCGGGACTC-2","male","EN",1.31395860927212,-9.6438940914713,1.25518080784395,4.63509700140674
"ACTTGCACAAACCTAT-2","male","Microglia",-9.18460760099781,13.3663226214804,-0.270712254509184,-8.07078411736767
"ACTTGCACAACTAGCC-2","male","Oligodendrocytes",-0.295637523959996,5.44245682634486,-2.16587245272085,-2.51714542069714
"ACTTGTAAGACAGGTA-2","male","IN-CGE",-0.0782414434660691,-2.7657784374796,-3.28211915300772,8.76862857184132
"ACTTGTAAGCAGCTCA-2","male","Microglia",-9.29982290251148,10.6412383166708,-0.712144253715727,-8.53575279870312
"ACTTGTAAGGTTACAC-2","male","Microglia",-9.62332448942554,11.8056527224935,0.13938701345041,-9.04880287804882
"ACTTGTAAGTCTTGAA-2","male","Oligodendrocytes",-7.9600964544524,-0.30165560565816,-2.23599016474173,-4.59567120232861
"ACTTGTCGTTGAGGTC-2","male","EN",3.10884418504345,-13.7497042568766,1.78858787013605,7.57956549963673
"ACTTGTCGTTGGTGAC-2","male","EN",6.88969650285351,-10.3570488842569,3.33649361325815,4.77843329748829
"ACTTTGTTCATGGCTG-2","male","Oligodendrocytes",-0.266872203182103,8.68839465059413,-2.18224441812918,-0.226081158307
"ACTTTGTTCCTTCGTA-2","male","Astrocytes",-6.93656406385792,1.31487230934276,-4.76104962633536,-7.42619564690868
"ACTTTGTTCGCCTGTT-2","male","EN",4.95052852647412,-9.27237786374913,3.06856477452829,3.59126279196461
"AGAAACCCACTAAATC-2","male","Oligodendrocytes",-1.14095232469928,2.03261636175288,-2.10600507067129,-1.30730118909161
"AGAAACCCATAGCTGC-2","male","IN-CGE",-2.03359923345936,-17.2425211819254,-2.76137935923025,8.00310895285328
"AGAAACTAGACAACAG-2","male","IN-MGE",-7.08441553099048,-5.79462756238805,-6.74346434877798,4.46841189703663
"AGAAACTAGTTGGCCA-2","male","Astrocytes",-9.0798998831023,0.425199284926786,-3.17726695345328,-6.02122643151562
"AGAAAGGCACATAGCC-2","male","Astrocytes",-8.49093446714771,0.155294701234235,-4.55130660341665,-7.27216246285717
"AGAAAGGCAGCGCTTG-2","male","Oligodendrocytes",-0.815602516960027,2.34039853490962,-3.45932519243643,-1.34528710999767
"AGAACAAGTAACGAGG-2","male","EN",-0.268104886840703,-1.37129868589269,1.61342650844171,4.08525392851551
"AGAACAAGTCAAAGGG-2","male","EN",1.88712384717572,-11.0701645763956,0.742550084427145,4.90588567099293
"AGAACAAGTGCCTCAC-2","male","Oligodendrocytes",-0.321009671520116,5.38243447221889,-2.50046956346914,0.0509471043082041
"AGAACAAGTGTTTGCT-2","male","Oligodendrocytes",-0.669236039947392,2.53756473936213,-1.49314963625357,-2.58819105782787
"AGAACAAGTTTAGCTC-2","male","EN",2.55356397645581,-2.28336276136266,-0.890673397049162,3.65006754240711
"AGAACCAAGACAAACG-2","male","Oligodendrocytes",0.108531916309474,8.13327275194301,-1.85214841173575,-0.799024011280938
"AGAACCAAGGAGCATA-2","male","OPC",11.8295563699495,3.08245931543483,11.8990265150221,-0.276515270855828
"AGAACCAAGTTATTCC-2","male","Oligodendrocytes",-0.772063231300237,1.73853300489558,-1.29992472933218,-2.5970540300874
"AGAACCGCACCTAAGC-2","male","Microglia",-9.21209535581959,12.1843892184652,0.300775351062563,-8.18919708886425
"AGAACCGCAGCATTAT-2","male","EN",3.38405885713208,-13.2636813076578,1.85891103936746,7.80413005194385
"AGAACCGCATGCATAT-2","male","EN",3.06660904901135,-13.5617169293009,1.49914139701441,7.4007773145171
"AGAAGGTGTAATAACC-2","male","EN",5.52129020707714,-9.63498391233312,3.62737167073801,3.62551185927113
"AGAAGGTGTATTGGTG-2","male","EN",7.46739091889965,-10.0231226833902,3.78926503850534,4.6418661817046
"AGAAGGTGTCACAAAT-2","male","IN-MGE",-3.93632945997608,-6.59592999540196,-7.15139329241202,0.820089329692916
"AGAAGGTGTTGCGTAA-2","male","Oligodendrocytes",-0.960614538024785,0.85022370494975,1.2098259647043,2.40775511107166
"AGAAGGTGTTTGGCGG-2","male","Microglia",-9.25957498533619,9.94057570375575,0.855420484732982,-7.98886253991406
"AGAATCGAGCATGTCG-2","male","EN",1.00206621902096,-10.7125767620646,0.652014823690202,5.31191537222584
"AGAATCGAGCCGCTTT-2","male","EN",0.916136169601558,-9.93627442441808,1.25628563953951,5.14522788366993
"AGAATCGAGCCTGATG-2","male","Oligodendrocytes",-0.97364554388416,3.36247096933497,-1.1899460534899,-2.31270935693066
"AGAATCGAGCTAAAGG-2","male","EN",7.62410774247753,-9.02335633359777,4.17581379605844,4.69562575659473
"AGAATCGAGTTAGACC-2","male","OPC",10.9021567346345,2.94937668718471,12.4893099088819,-0.288384462979241
"AGAATCTGTGAGAAAC-2","male","Astrocytes",-8.12407026274097,2.06616292871608,-5.01926600740835,-5.75557711282055
"AGAATCTGTGCTTAGA-2","male","Oligodendrocytes",-0.820438003372075,2.46396635450496,-1.94756972597525,-2.14630510964672
"AGACAATAGGGACGCA-2","male","Oligodendrocytes",-1.05034646971119,0.992973163501157,-1.43832576082632,-2.35028460183422
"AGACAATAGTTAGTGC-2","male","Oligodendrocytes",-0.780727124046208,1.57262890018596,-1.76439320848868,-1.18711760201733
"AGACACGCAACCTGGT-2","male","OPC",10.3889054300081,2.90656052507533,11.1610895414503,-0.21739407935421
"AGACCCGGTCATCAAG-2","male","Oligodendrocytes",-7.05590019209278,1.1989033070959,-3.95388781832144,-5.83235027947704
"AGACCCGGTGTGAGGA-2","male","EN",7.4757117273103,-10.1344231518351,3.88223946286752,4.64649841627796
"AGACCCGGTTGAGGTC-2","male","Oligodendrocytes",-0.9953952787627,0.881497010365858,-2.13970863626883,-0.984661366131707
"AGACTATGTCAATGTG-2","male","OPC",11.3333634378206,3.74006591714992,13.1980539579542,-0.244452263501092
"AGACTATGTTGCGGAT-2","male","IN-CGE",0.317981125582336,-4.28152693830358,-3.46870934770987,9.34812590918262
"AGAGAAGCAACAACAA-2","male","OPC",11.5424689294587,3.58908735193385,11.7250667829664,-0.754892493870659
"AGAGAAGCACCTGCTC-2","male","EN",7.83519783036816,-8.31099022947179,6.08891403867319,4.55018184027393
"AGAGAAGCAGCAACCT-2","male","EN",1.88907327668774,-9.68290795408116,1.99749291135385,4.14956924757679
"AGAGAAGCAGTAGGAT-2","male","Oligodendrocytes",-0.436848258804204,10.2547284213461,-0.228995082840178,-7.42910435357372
"AGAGAGGAGACCATAC-2","male","IN-CGE",2.55752029435742,-5.41574753843175,-4.27425706194327,10.8163151486846
"AGAGAGGAGCACAGGG-2","male","IN-MGE",-2.75930151922596,-5.17127694211827,-6.99071967409537,1.48062703451832
"AGAGAGGAGGCCATCA-2","male","EN",6.40433397309887,-10.2291392239176,2.88402307225778,4.75265261969288
"AGAGAGGAGTTGGCCA-2","male","EN",6.69924583451855,-11.1803931149088,2.93504846288278,5.15583369574268
"AGAGATTAGAATCTCA-2","male","Microglia",-9.03998765928638,11.6753073779501,0.936597945228365,-7.86436417260449
"AGAGATTAGAGGAGTC-2","male","IN-CGE",-2.27439460737598,-2.9665361794077,1.18039125396326,2.40306291422565
"AGAGATTAGGCTTAGT-2","male","IN-MGE",-2.33694443685901,-5.6046718510233,-7.78221165941641,1.20169100603779
"AGAGATTAGGTAGCTT-2","male","EN",3.07958426492321,-11.7348488720499,1.97337901784494,5.88361975989063
"AGAGGAACAATTGACT-2","male","Oligodendrocytes",-0.811571812461736,6.40544997133388,-2.98473036096976,-0.396056915905877
"AGAGGAACACTTACAG-2","male","IN-CGE",2.32097723500836,-4.43195618711339,-4.15671336458609,10.7580303891631
"AGAGGAACAGTTAGCC-2","male","EN",4.82413187043774,-9.49697865568029,1.80258381558969,3.23977157911976
"AGAGGAACATAATGAG-2","male","Microglia",-8.43756303770435,12.999007329122,-0.450344560608122,-6.62084868111889
"AGAGGAACATAATTGC-2","male","EN",1.42656054513562,-11.2685173901163,1.16817483498171,4.0666286691161
"AGAGGAACATTCCTCG-2","male","Oligodendrocytes",-0.144246256183507,7.23572169222011,-2.39456450746939,-0.408507730153008
"AGAGGATGTCAAACTG-2","male","EN",15.5579890252839,-5.40064086042272,0.78429670079067,3.53507110914905
"AGAGGATGTCACAGAC-2","male","EN",8.11054029481518,-8.03171433530675,5.14350664807871,4.62349269232471
"AGAGGATGTCAGGCCA-2","male","Microglia",-0.994450187515141,5.7895079699911,0.031038584247377,-7.06458714165966
"AGAGGATGTGACCTGG-2","male","EN",6.72797002809155,-11.5885790737711,3.36891305638864,5.20298812231739
"AGAGGATGTGCTGGTG-2","male","EN",-0.00504285676372235,-1.6214982422434,2.71278250409677,6.89910170874317
"AGAGGATGTTTGCAGA-2","male","IN-CGE",-1.89747581465137,-17.1498087795817,-2.73965585039541,7.84869954428394
"AGATGAAGTTCCGGCT-2","male","EN",8.41116323487866,-7.39061345182286,6.41346752835825,4.52880022368153
"AGATGAAGTTCCGGGA-2","male","Microglia",-9.23570260984791,10.0593415347494,0.495315017238405,-8.15469601311962
"AGATGCTTCGGTAACT-2","male","EN",8.04338207261669,-6.97911156736241,6.20937073422983,4.11477658590992
"AGATGCTTCTCAATTC-2","male","Astrocytes",-1.44658384306324,0.664720475450887,-4.5320543031542,-5.5897822634248
"AGATGCTTCTGTAAGC-2","male","Oligodendrocytes",-0.579159533809545,4.1123691646017,-1.45082318590567,-2.20955994286816
"AGCAAATAGCAGCTAT-2","male","EN",3.53735866563427,-13.7458390148722,1.6465191264303,7.38276765188892
"AGCAAATAGCATTAGC-2","male","EN",1.2310234548341,0.174026891366376,0.912353465393331,-0.93636312642376
"AGCAAATAGCCTAACG-2","male","Oligodendrocytes",-0.477056836913945,4.73638258852138,-2.06047236727164,-3.31155040421764
"AGCAAATAGGACAACA-2","male","Oligodendrocytes",-1.00574240667713,0.347133144513502,-1.60384690569327,-2.72569253602306
"AGCAAATAGTAAACCC-2","male","Oligodendrocytes",-0.658492898773076,3.87612281717433,-1.57800042437002,-2.1479983583955
"AGCAAATAGTTATGTG-2","male","IN-MGE",-3.29478797895801,-3.59333695493566,-7.20130288408682,2.01148435911854
"AGCAACAAGGACCTTG-2","male","OPC",12.0403584481965,3.11184369005336,11.0516887922437,-0.334361578610344
"AGCAACAAGGCATTGT-2","male","Oligodendrocytes",-0.358014201949956,8.90403185762538,-2.62168061541006,-3.00272348084728
"AGCAAGGGTTCAAGCA-2","male","Microglia",11.5644196511995,4.92075596727504,-0.142356095775816,-7.00240566888134
"AGCAAGGGTTTAAAGC-2","male","OPC",11.0601109506379,3.08285699762477,12.7824655790479,-0.0928656713036733
"AGCAAGGGTTTGCTGT-2","male","EN",0.810261809993861,-2.42265118680821,3.65166986180857,6.36625478110035
"AGCAATACAATTAGGA-2","male","OPC",10.9706219674836,3.42107950128688,11.6360975523145,-0.612887646344109
"AGCAATACATGCTATG-2","male","EN",8.3759221078645,-6.69432343564855,6.60459053708627,4.22117206892689
"AGCAATTGTATTACCC-2","male","EN",3.94729366319287,-13.4577206524454,2.40153920842722,7.76764342627247
"AGCAATTGTCGTTATC-2","male","IN-CGE",1.13279356973278,-5.67614211164342,-3.84129082964346,9.97747371039112
"AGCAATTGTGGAAGGC-2","male","EN",4.89138069169628,-9.91645039640294,3.02414238645151,3.54192445120533
"AGCAATTGTTAACAGT-2","male","OPC",10.8379849435579,2.74712930597438,11.0093132276685,-0.316272761013909
"AGCACAGCATAGACTT-2","male","IN-MGE",-3.6432167051543,-4.25005282483922,-7.25938546465323,1.51828834852894
"AGCACTAGTACGGTAC-2","male","EN",8.41369237916577,-6.95107878766881,6.31660235120371,4.3088743432494
"AGCACTAGTAGCCTCC-2","male","Microglia",-9.30856428129566,12.1842881289877,0.207536460891512,-8.69773152032177
"AGCACTAGTCTAGCTT-2","male","Microglia",11.79543867128,4.81961069978847,-2.14016353891775,-0.511761690762444
"AGCACTAGTTGAGGTC-2","male","Oligodendrocytes",-0.240913188289525,6.55250607408656,-1.929855225548,-1.64634993233959
"AGCACTAGTTGGATCA-2","male","Astrocytes",-6.53238925917042,1.81954549230708,-4.89599215792105,-5.36943104424755
"AGCACTTAGAAACTGG-2","male","Oligodendrocytes",-0.880538320373418,1.6678153125204,-1.87622582720206,-2.50830128350536
"AGCACTTAGGTCAAAG-2","male","Oligodendrocytes",-0.427008127998235,5.7601152507223,-2.30830251978323,-0.253888453629418
"AGCACTTAGTAACCCG-2","male","Oligodendrocytes",-0.923431610893132,3.34752617754115,-2.11190163896963,-2.64294197716991
"AGCAGGTAGCATGCAT-2","male","EN",8.67071142213452,-7.01264895521031,6.29331982328012,4.4851381524535
"AGCAGGTAGCTGTACG-2","male","Microglia",-9.23375616056812,11.1873284427084,0.661051796808984,-8.06828549065868
"AGCAGGTAGTGAACGA-2","male","Microglia",11.5346249582063,4.84181509889735,-1.98770844744131,-5.49243452706616
"AGCATCCCACTGACTA-2","male","EN",14.2536486627351,-5.59249199949132,0.27799272729471,3.22465393385609
"AGCATCCCAGGTTACC-2","male","EN",0.924186015297053,-10.4609307201944,0.930670479372289,5.40676448187549
"AGCATTTCAAATATCC-2","male","Astrocytes",-7.28789434416187,0.645277090147867,-4.46064412401602,-6.41122677483837
"AGCATTTCAGTAATAG-2","male","EN",7.81135978715527,-8.51631821714269,5.14465916349008,4.63656446776112
"AGCATTTCATAATCCG-2","male","IN-CGE",1.31887873427975,-5.18007554136144,-3.94893348024771,10.213599656436
"AGCCAGTGTCTCAGCC-2","male","EN",6.53672447221386,-11.6133202465616,3.21104181005075,-0.979274298336907
"AGCCAGTGTTAAATGC-2","male","EN",3.6684664727937,-13.8291529568277,2.42324483586862,7.51337907156666
"AGCCGCTAGTACCGCA-2","male","IN-MGE",-3.65904769880665,-4.60391224943028,-7.30876385973379,2.14513072809895
"AGCCGGTTCAGCACCA-2","male","EN",8.98567285554516,-7.53722561918126,-0.103241978153441,-9.17427017846386
"AGCCGGTTCATGCTCC-2","male","Microglia",-9.46652517301929,11.2049437610067,0.5499495287092,-8.07128384270947
"AGCCGGTTCGGTTTCC-2","male","IN-CGE",-2.99139032347095,-9.43321312986241,-3.17957246111319,8.45979926428516
"AGCCTAAGTGCGCGTA-2","male","EN",3.88005270974743,-13.6454056652628,2.27824413968637,7.47888467154224
"AGCCTAGTCCCTGGAA-2","male","IN-CGE",-3.06781444532764,-9.51553238950597,-2.79094993875906,8.1491904004546
"AGCCTAGTCCTGATGG-2","male","Oligodendrocytes",-0.489679729770543,10.5107203570761,-0.827373383506987,-6.18857338586132
"AGCCTAGTCGTCCTTA-2","male","VSMC",14.3582371713411,-0.776676908358202,2.88431203557565,-2.7629099146394
"AGCCTCCGTGGATTAT-2","male","EN",7.7937311174165,-8.52799214444982,5.05673372937753,4.35912225088795
"AGCCTCCGTTGCTGGG-2","male","IN-MGE",-2.42502269728077,-2.97196902356969,-7.50220238970206,2.26142129740437
"AGCCTCCGTTGGCCGA-2","male","Oligodendrocytes",-0.374743437599065,8.21968756593837,-3.00255906389639,-0.741413022663994
"AGCCTGGGTAGTTAAC-2","male","EN",7.52541627900708,-9.75154389463292,1.36330378247812,2.96728465399464
"AGCCTGGGTTATGTGG-2","male","EN",14.3681992532502,-5.38346041761266,0.204460384383943,2.92493293127735
"AGCGATTTCATCCACC-2","male","EN",2.68998088853466,-2.25126709066258,-1.06817185686514,3.56500575384815
"AGCGATTTCCCTCACG-2","male","EN",7.26066627519238,-9.45285214506017,4.46545613004282,4.59486243567188
"AGCGATTTCGCTAGTG-2","male","IN-MGE",-4.95692310316456,-6.44021357618199,-7.69113099382803,0.940317307326393
"AGCGCCTAGGGCCACT-2","male","IN-MGE",-6.87947092039478,-6.04560174070226,-6.28376948641226,4.14550444922169
"AGCGCCTAGTGAGCGG-2","male","Microglia",-9.20286378843677,12.8325358477987,-0.330925105079863,-8.27601578393261
"AGCGCTCAGCGCAATT-2","male","Microglia",11.5852812768708,4.53501044191493,-2.73276054666922,-6.0361933962373
"AGCGCTCAGCTTAACA-2","male","Oligodendrocytes",-0.403702294658544,8.55277739442958,-3.03053295420096,-0.749792362835808
"AGCGCTCAGGTTTGAC-2","male","IN-MGE",-3.5748733041991,-6.62812317930089,-7.52779042528555,1.0899694009753
"AGCGGACCAGAGAGCC-2","male","EN",14.2009314538728,-5.54568375669347,0.0974439997823502,2.90081212362965
"AGCGGACCATCATGGC-2","male","Oligodendrocytes",-0.434857523273351,7.56526194490565,-3.18919884966299,-1.02508034863751
"AGCGGATAGAACCTGT-2","male","Microglia",-8.92357263548267,12.7850905505575,0.766562046542909,-7.87950279870312
"AGCGGATAGCCTGTTC-2","male","IN-MGE",-1.69584522230518,-2.25053037725316,-7.21517216967032,2.01331672510822
"AGCGGATAGGAATAAC-2","male","Pericytes",2.26558055894482,0.335989743248357,2.87978708936289,-2.75991680779736
"AGCGGATAGTAAACCC-2","male","Oligodendrocytes",-0.453873371909978,2.96669255174769,-1.42009460733816,-1.75016477265636
"AGCGTGCTCAGGTCCA-2","male","EN",2.94036402719128,-13.7136725338541,2.90778124524668,-0.158929194596215
"AGCGTGCTCATAATCG-2","male","IN-CGE",-0.325790023635747,-4.4377550037943,-3.14309704111502,8.47445723852833
"AGCGTGCTCATTTAGG-2","male","Microglia",-9.52909669859302,12.9024230090536,0.678918795719888,-7.6287923113374
"AGCGTGCTCCTCCCTC-2","male","Oligodendrocytes",-0.534549808334233,8.04624758638514,-3.37543618486807,-0.999864126828118
"AGCGTGCTCCTTAGTT-2","male","IN-CGE",1.09054973142254,-3.97117222867833,-3.6668165902941,9.72338340124805
"AGCGTGCTCTTAGCGG-2","male","IN-MGE",-6.81499347669971,-4.35531128965245,-7.05376994417593,4.35091564497669
"AGCTAAACAAATTCGT-2","male","EN",1.55881907956707,-11.13994778715,0.489407958522585,5.1100845082732
"AGCTAAACAAGCCAGA-2","male","EN",0.911312782932399,-9.98798646055089,0.739784622624662,5.26504609427174
"AGCTAAACACTGGCCA-2","male","Oligodendrocytes",-0.684878444503667,6.77535878099574,-2.29121839807913,-0.681275154736443
"AGCTAAACAGGCGAGT-2","male","EN",6.40925445573437,-11.891750231608,3.48441016866281,5.79241893133839
"AGCTAACTCGCGCTAA-2","male","OPC",12.012708568741,3.33083353914393,11.7461544294508,-0.696828033116265
"AGCTAACTCTTAGCCC-2","male","EN",8.42539968507397,-7.44382752500402,6.19271671964243,4.67209908804615
"AGCTACGTCAGGGCCT-2","male","Microglia",-9.13198003752125,12.0242377368368,-0.232495663627837,-8.18271401086132
"AGCTACGTCCTAGTAA-2","male","EN",8.33739557283032,-7.50441254697667,6.24350035382822,4.38338301024158
"AGCTAGTTCATTGTCT-2","male","EN",3.9539877416383,-13.1857098492228,2.60167980386331,7.28774545035084
"AGCTAGTTCCTAATAG-2","male","EN",8.55414953248608,-7.07879723630773,6.31586039258554,3.97557017645557
"AGCTATATCATTTGTC-2","male","EN",0.852628493476985,-2.57290567479955,-0.676964161857817,3.78429910978992
"AGCTATATCCGCCAAA-2","male","IN-MGE",-2.44186124784839,-5.61744870267735,-7.64359605120108,1.19963720879276
"AGCTATATCCTAGTCC-2","male","EN",7.64434423463452,-8.75718964658605,4.8233391065748,4.48627469382008
"AGCTATATCGGGACTC-2","male","EN",8.26054706590283,-7.27051724515782,6.35509932233408,4.62199756941517
"AGCTATATCTCTAGCC-2","male","Oligodendrocytes",-0.446791505645635,10.7469388095297,-2.68627559946463,-1.24145820298473
"AGCTCATAGCGGGCAA-2","male","OPC",11.7098769189607,2.85914979852809,12.7315355558546,-0.811191584256096
"AGCTCATAGGCTACTG-2","male","Oligodendrocytes",-8.95668516142261,1.19499383844508,-3.26143348024771,-5.10852911629955
"AGCTGCTCAAGCCAGA-2","male","Oligodendrocytes",-0.76613650305164,2.34824942030086,-2.27133238123343,-2.2782154337434
"AGCTGCTCAATATGGA-2","male","Oligodendrocytes",-0.228997802566411,8.72307024873866,-1.75402104662344,-1.22674992242138
"AGCTGCTCATTGCGTA-2","male","IN-CGE",-2.903820848297,-9.34159459195958,-3.01116692827627,8.16933343252857
"AGCTTCCTCAATGTGC-2","male","OPC",11.8471354486238,3.61215148843898,9.94278395368173,-0.658428098347588
"AGCTTCCTCGCTAGTG-2","male","IN-MGE",-3.12666807157886,-5.91366614423619,-7.47961938188956,0.747555241647558
"AGCTTGGTCAATAGCC-2","male","IN-MGE",-3.1904853342284,-6.2886637600504,-6.90348088549063,0.70695129475315
"AGCTTGGTCATCCTAT-2","male","Microglia",-9.04678544981373,13.364688023702,0.37161603762224,-7.64524796166699
"AGCTTGGTCATTAGGC-2","male","Oligodendrocytes",-0.537345981429936,4.64253388322963,-2.03756081865713,-2.17367937722485
"AGCTTGGTCGCTATGG-2","male","EN",-0.430847561191441,-0.957179561480151,3.6960893888624,6.37219140371998
"AGCTTTAAGGTCTTGG-2","male","IN-CGE",2.35750355737316,-4.92663754545079,-4.26171576784537,10.7434963925811
"AGGAAACGTCTTACTA-2","male","Microglia",10.7334546090852,3.36432848848475,-1.77700626657889,-5.39215805688183
"AGGAAACGTGTGCACG-2","male","IN-CGE",1.12987955825436,-5.49350394330846,-4.04931485460684,10.0879616483184
"AGGAAACGTTAGAGGG-2","male","EN",1.95339264886486,-11.7819193752848,1.11857739283159,5.97068497976978
"AGGAAACGTTTAACCC-2","male","IN-MGE",-7.190841293167,-5.68341149412023,-6.53438269899771,3.99095675787647
"AGGAAACGTTTAGCTC-2","male","IN-MGE",-3.55759844763172,-6.17589558683263,-7.48865735338614,0.836111907574729
"AGGAACCAGCATTTCT-2","male","IN-CGE",2.05192842500317,-4.67090119443761,-3.64161336229727,10.1106514676543
"AGGAACCAGCCTAATA-2","male","EN",5.14143838899243,-9.81684197507726,2.5290607233198,3.29437014898975
"AGGAACCAGGAATAAC-2","male","IN-CGE",1.76604678647625,-5.83028306089269,-4.22246777819082,10.4946884854766
"AGGAACCAGGCTATGT-2","male","Oligodendrocytes",-0.806028222869756,7.69106779970302,-2.34679400728628,-0.537914778378411
"AGGAACCAGGTGCTGC-2","male","EN",9.00286569612133,-7.5669897945963,5.88125527097299,3.93264624914844
"AGGAACCAGTCATTTC-2","male","IN-MGE",-6.11800775511158,-4.47873438917027,-6.7013887147753,4.17202446303089
"AGGAACCAGTGAACAG-2","male","Oligodendrocytes",-0.303384995292546,9.75173102296962,-3.09496652887747,-0.902167941716118
"AGGAACCAGTTGGCCA-2","male","IN-MGE",-7.14464864714039,-5.11438645444737,-6.97553527162955,4.39289448103626
"AGGAACGGTAGTTGGC-2","male","Microglia",-3.47429547293079,-3.52183999143468,0.351224424377229,-8.72630074181835
"AGGAACGGTATTCGCT-2","male","Oligodendrocytes",-0.768084740470769,2.48252306856288,-1.5059438924639,-2.87969544091503
"AGGACGTAGATAAAGC-2","male","EN",2.85043039338696,-2.04816783986913,-1.00402748392508,3.61415574392994
"AGGACGTAGGAGGCAT-2","male","EN",6.7169603349458,-10.1323670300089,3.54482877446726,4.55132291159351
"AGGACTAAGCGATAAG-2","male","EN",13.6930979730378,-12.0826853664957,3.22597992612436,2.91514704069813
"AGGACTAAGGATTGCT-2","male","Astrocytes",-9.2586804388274,0.499792612866296,-4.54902827547476,-6.46971800484936
"AGGACTAAGGGCCATC-2","male","EN",6.21627273576367,-12.6380394848429,3.4292379636915,5.01228234610279
"AGGACTAAGTGACCTG-2","male","IN-MGE",-3.67144594175708,-3.75638760648595,-7.72659146593497,2.13072857699116
"AGGACTAAGTGAGAGC-2","male","IN-CGE",1.17014070766079,-5.53766192518102,-4.23529708193228,10.102913354251
"AGGAGCTAGCGGATAA-2","male","EN",-2.03649029714954,-2.6783601196848,1.7822059412153,5.98030040106495
"AGGAGCTAGGAACGGT-2","male","EN",7.98925676362622,-8.47673214994298,11.4026790876539,-0.868108655598565
"AGGAGCTAGGCCCAGT-2","male","Microglia",1.99786593930828,4.09424243845119,-2.61312877939627,-6.00612976708691
"AGGAGCTAGTACTGGT-2","male","IN-CGE",2.4911917688142,-4.46761025510655,-4.53435218141958,10.6201605542632
"AGGATATAGAGAAGGG-2","male","IN-CGE",-0.10348591787708,-2.85836733899938,-3.96999919222281,10.0795178159209
"AGGATATAGCACAGGG-2","male","Oligodendrocytes",-0.728970742057683,8.24566708482875,-3.30944287584707,-1.60807612099926
"AGGATATAGGACCTCA-2","male","Oligodendrocytes",-8.32775602323902,0.241066142693891,-3.6172593812792,-5.36096146264355
"AGGATATAGGCAACAA-2","male","OPC",12.0505885125886,3.77311550058497,11.7207590360792,-0.689914490368767
"AGGATATAGGCGCTAC-2","male","Oligodendrocytes",0.0130069197903853,7.11343346513881,-2.11328255937979,-0.734154965069695
"AGGATATAGTATTGTG-2","male","IN-MGE",-3.83901987059009,-3.9260510357462,-7.21884286211416,2.20342526278217
"AGGATCCGTAAACAAG-2","male","IN-MGE",-3.29067859632862,-5.07668961606847,-7.25271451280997,1.46644100985249
"AGGATCCGTGAGCACT-2","male","Pericytes",2.25161066072094,0.35768896319045,2.74992442323282,-2.63809731164257
"AGGATCCGTGCTCCAC-2","male","EN",1.6842009069215,-11.4124850185953,0.646065609589365,5.42245623907764
"AGGATCCGTGTTCCCA-2","male","IN-CGE",1.33860298411953,-5.58012951932775,-4.1509474496691,10.595477555606
"AGGATGCAGGACCTGC-2","male","IN-MGE",-7.25387773496998,-5.56290282331334,-6.43276107119009,4.18023917517383
"AGGATGTCACTCGCTC-2","male","Oligodendrocytes",-0.821150159667851,0.678086913899316,-2.06458818720267,-2.73948242821972
"AGGATGTCATTGGGAG-2","male","OPC",11.4399832727205,2.78903900064601,11.3549610395582,-0.616149570134087
"AGGATTGAGAGGAGGA-2","male","IN-CGE",0.430621975828288,-4.9442829044901,-3.67632901476309,9.52459475836475
"AGGATTGAGAGGGACT-2","male","EN",-0.221907412837865,-1.30445720277654,0.24478411866739,4.18950102171619
"AGGATTGAGCTGGAAA-2","male","OPC",10.3133439065706,2.99639736093654,11.763965250984,-0.590220119145318
"AGGATTGAGGTCCGTA-2","male","EN",-0.188489353488805,-1.1786818655573,0.423320116534975,4.96629426321705
"AGGCAATCAACACCTA-2","male","EN",8.28251972215283,-7.86893166623937,5.93792450620249,3.8495545133086
"AGGCAATCAACCTGGT-2","male","EN",1.30441918389904,-9.71098507963048,1.29817748262003,4.86683270773609
"AGGCAATCAGCTTAGC-2","male","OPC",10.8071888925325,3.30753813661708,12.9238468427809,-0.667956496861382
"AGGCAGGTCATGACCG-2","male","IN-CGE",2.33461334722149,-4.91530646406041,-4.2459181527941,10.7215409024688
"AGGCAGGTCTTAGGAC-2","male","EN",1.88519325273144,-11.6241997631632,0.725717874303606,5.12581870398243
"AGGCCCAGTAAGCACC-2","male","Oligodendrocytes",0.0829503180276137,7.31191216386928,-3.17839658068106,-0.587899471905633
"AGGCGGATCACAGCCA-2","male","IN-CGE",-3.10157237036121,-9.55774392209874,-2.87714111612723,8.28741643271168
"AGGCGGATCATAGACC-2","male","Oligodendrocytes",-0.763091778587224,9.84268103517665,-2.49064242647574,-0.666511799481316
"AGGCGGATCCTGAGTG-2","male","Astrocytes",-7.16100559217823,0.764354869500532,3.11244547559336,-1.16542306103985
"AGGCTAAAGCGGCTGT-2","male","Microglia",-9.09158334715259,10.591645344869,-0.787006376251433,-7.98831417718212
"AGGCTAAAGCTGTAAC-2","male","IN-MGE",-3.67603454573047,-4.42773522458898,-7.27775132463858,2.28534910521229
"AGGCTAAAGGATCCGC-2","male","IN-CGE",-2.92071995718372,-9.35306061826573,-3.0039907674639,8.29040572485645
"AGGCTAGCACAGCCAT-2","male","EN",0.522461080719111,-2.05340732656346,1.62561291648462,5.09510419211109
"AGGCTAGCAGGACCTT-2","male","EN",2.98889341371167,-13.3414019497477,2.2409644146116,7.71390864691456
"AGGCTAGCAGGGAGCT-2","male","IN-CGE",1.01701571958172,-5.74337472043859,-3.94541823671744,9.92796656927784
"AGGCTAGCATGAAGTA-2","male","EN",1.38320710675823,-9.59422768674718,1.97088051034525,4.53143975577076
"AGGGCCTTCGCTCACT-2","male","EN",8.67859640138256,-7.75078190885411,-1.03516447351858,-5.45290711083691
"AGGGCTACACAGCCAT-2","male","Oligodendrocytes",-0.220697855781438,5.98995552934779,-3.28684270189688,-0.646679307606621
"AGGGCTACAGCCAGTT-2","male","IN-CGE",0.896115446258662,-5.34803475461827,-3.6013115625231,9.87278792700489
"AGGGCTACATTAGGTT-2","male","VSMC",14.2772921563874,-0.767976895197497,2.81370485021189,-2.79467537560741
"AGGGTTGCAGCAAGAT-2","male","EN",3.59522953050244,-13.7117594631754,1.90924203588083,7.13351962408741
"AGGGTTGCAGCATGAG-2","male","Microglia",-9.038750743698,12.3469697085775,-0.413685558304045,-8.10800221123974
"AGGGTTGCAGCGCTTG-2","male","IN-MGE",-4.79090843183887,-6.51182355008946,-7.38066136644766,0.691491528141694
"AGGGTTGCAGGTCCTG-2","male","Oligodendrocytes",-0.0788214264620561,9.31658755220546,-1.82447421358511,-1.6637773767976
"AGGTAACCAGACAAAC-2","male","EN",3.56972041146862,-12.8970059307657,-7.16567075060293,0.907631044003562
"AGGTAACCAGGTTAAA-2","male","Microglia",-9.00018510801685,11.7399598208822,0.312301756873872,-7.71644642510693
"AGGTACGCAGCATGTC-2","male","Oligodendrocytes",-0.608406877349736,10.7603837100424,-1.87553012178824,-0.888959075596734
"AGGTATTGTCGCAATA-2","male","Oligodendrocytes",-0.505563294719579,5.3220802394308,-2.52794468210623,-0.440597917225762
"AGGTATTGTGTTTGTC-2","male","Oligodendrocytes",-3.28859553320301,-5.93674601636754,-2.79945885942862,-0.829285766270562
"AGGTATTGTTAATGCG-2","male","Microglia",1.84283795373547,3.89047370828761,-1.35971319483206,-5.2328896776704
"AGGTATTGTTGAGGTC-2","male","IN-MGE",-17.0914145467986,-5.91377152524816,-5.79877221392081,4.44079301199634
"AGGTATTGTTTACGTC-2","male","Astrocytes",-7.52562437040699,0.619522370175256,-4.63898980425284,-6.9975061670808
"AGGTCAAAGAACCTAC-2","male","EN",3.09091224687207,-11.684119120463,2.05514061643198,5.85818860373218
"AGGTCAAAGACAAGTG-2","male","Astrocytes",-8.54259500486744,0.865530505553617,-4.79874932573721,-6.92223742165844
"AGGTCAAAGCAAGGAC-2","male","Oligodendrocytes",-0.757010197471501,0.605346634761228,-1.86393940256521,-1.21519079366009
"AGGTCAAAGGACGTAA-2","male","EN",3.3709377290498,-13.568321123942,1.66828632546976,7.85830256781299
"AGGTCAAAGGAGCAAC-2","male","Microglia",-9.19836339933765,13.4310456363119,0.802661242023256,-8.23367550530712
"AGGTCAAAGGTCCTGA-2","male","IN-CGE",0.542272189427493,-5.0694803150736,-3.77248847292349,9.77034423193653
"AGGTCAAAGTAGCCAT-2","male","Oligodendrocytes",-0.061073487829091,9.43116579927577,-3.42249953554556,-0.948930527356072
"AGGTCATTCACACAGT-2","male","OPC",10.8513716699373,3.59327040590419,12.0460630674513,-0.324338461544915
"AGGTCATTCCTAATAG-2","male","EN",5.97344532029736,-12.2303856762491,3.34045994474008,6.14159200033863
"AGGTCATTCTGTGAGT-2","male","IN-MGE",-4.08179101927173,-6.2538532169901,-7.39507043169424,1.12920651278217
"AGGTCATTCTTGCATT-2","male","IN-CGE",2.15230991857159,-5.23947800718175,-4.19666230486319,10.8478550656768
"AGGTCCGGTACAATGT-2","male","OPC",12.1635512353669,3.80018769182338,12.0377422590406,-0.940294887211724
"AGGTCCGGTAGCTGGT-2","male","IN-MGE",13.7981928827058,-12.1889180096232,0.44461146189287,4.245678399417
"AGGTCCGGTAGTTACG-2","male","IN-MGE",-7.03408298475635,-5.70745314679967,-6.7942203264086,2.86891052565296
"AGGTCCGGTTCCATTA-2","male","Oligodendrocytes",0.0684611441384536,7.66703902162684,-2.73364794062063,-0.773087884571953
"AGGTCTTAGATGCCTG-2","male","EN",1.09575744884121,-10.3165253552042,0.916059562996175,4.94248053869923
"AGGTCTTAGCGGCTGT-2","male","IN-MGE",-17.1216937063445,-5.91173972211705,-5.6294983606188,4.53502652487476
"AGGTCTTAGGCGCACT-2","male","Oligodendrocytes",-0.28692976219547,6.4651785937704,-2.8856829385607,-0.568967248585625
"AGGTCTTAGTACCGCA-2","male","Oligodendrocytes",-0.764979457687261,10.2013093081869,-2.94994461344168,-0.642419363644524
"AGGTCTTAGTGAGGGT-2","male","Oligodendrocytes",-0.288692748378636,7.59799538530482,-1.79146659181998,-1.44981959023754
"AGGTGAATCAGGCCTA-2","male","IN-MGE",-3.17066750509632,-6.30514229856359,-7.63991486833975,0.99786419114788
"AGGTGAATCTGGCAAT-2","male","IN-CGE",-3.14848122579944,-9.67154110990392,-3.06871521280691,8.2141408666106
"AGGTGAGGTAAGCTCA-2","male","Microglia",2.22929909246075,4.15889798082484,-0.918030736908171,-6.27346947350781
"AGGTGAGGTAATAACC-2","male","IN-CGE",0.901001000572322,-3.79294337354528,-3.89955270098135,9.18826243719776
"AGGTGAGGTAATGGAA-2","male","OPC",10.4569014550935,3.01611934579982,12.7400680799635,-0.716207410481377
"AGGTGAGGTTCACTGT-2","male","EN",5.20251550691235,-9.79064740262853,3.28373921109751,3.66082546553333
"AGGTTAACAACTAGAA-2","male","EN",1.85082163827526,-11.3128651531778,0.590720983281877,-7.05950358071606
"AGGTTAACACACCAAC-2","male","EN",6.62714424150097,-11.4878024014078,3.56651961995676,4.77377269110401
"AGGTTAACACCTAAGC-2","male","IN-CGE",1.6256186010133,-5.47876872144567,-3.57706010149405,10.2110218747588
"AGGTTAACAGTTGCGT-2","male","IN-CGE",-0.0277231691588182,-4.81818760953771,-3.36898934648916,8.87598082861622
"AGGTTAACATAATCAC-2","male","EN",1.41222324388134,-11.1085986050211,0.741231272056844,5.22301003775318
"AGGTTAACATGTCAGC-2","male","Oligodendrocytes",-0.854842638801457,3.2716652003683,-2.13149893091604,-2.60215332665722
"AGGTTACTCATCCTAT-2","male","Oligodendrocytes",-0.482667839359166,10.5155984012045,-2.13513004587576,-0.722036267903252
"AGGTTACTCATTACTC-2","male","Oligodendrocytes",-0.580299532245519,3.50847922243251,-1.66785347269461,-2.34138038316052
"AGGTTACTCCGCATGA-2","male","EN",7.86669864671337,-8.45814217649327,4.99123919202402,4.71039817175587
"AGGTTACTCTAAGGTC-2","male","Oligodendrocytes",-1.03751919252765,3.35116516031398,-2.4747189264147,-1.53756001153271
"AGGTTAGAGCCAAATC-2","male","IN-MGE",-2.37154564840686,-5.66178120694982,-7.67409455583975,1.18441155991276
"AGGTTAGAGGAAGCTA-2","male","EN",8.40529718415844,-7.26134242139684,-4.26461732195303,10.8236155255767
"AGGTTAGAGTCATGCG-2","male","OPC",9.96003713624584,2.67838440813197,12.9915701170118,-0.219519402172967
"AGGTTGCGTCTCAGCC-2","male","EN",8.13200178163159,-6.75224055372106,6.43753063870981,4.61644623121937
"AGGTTGCGTTAGTGAT-2","male","Oligodendrocytes",-7.59477624876392,0.783640607968702,-4.31590401934073,-5.70374825158398
"AGGTTTATCATTACTC-2","male","Oligodendrocytes",-0.483273482154729,10.8117467013754,-2.91357028292105,-0.764163400319024
"AGGTTTGGTAATGGCC-2","male","Oligodendrocytes",-0.746842956375005,2.02054892458095,-0.778983471855376,-2.80745151200573
"AGGTTTGGTCACGAAC-2","male","Astrocytes",-6.61920127851856,1.64990209020747,-4.64156186388418,-7.01009371438305
"AGGTTTGGTGTCCAGG-2","male","Oligodendrocytes",0.00805895941364582,8.8347436038412,-2.79274332331106,-0.238831307080193
"AGGTTTGGTTGCTGGG-2","male","IN-MGE",-2.56103739721668,-5.38975943647252,-7.10857093141958,1.41748866877277
"AGTAAACAGCCAGGTC-2","male","IN-CGE",1.38603272454846,-4.68550623975621,-3.71794163988516,9.95414206824024
"AGTAAACAGGCAAGTA-2","male","Oligodendrocytes",-0.00884757025134747,-4.7984932812296,0.516543569103029,-2.85623266854565
"AGTAAACAGGTGTCCA-2","male","OPC",12.3126782418977,4.01064287103785,12.4420686979444,-0.333261276867791
"AGTAACACAGTCTAGC-2","male","Astrocytes",-9.16769800169361,0.693204983846082,-4.88685166643545,-5.37530090966503
"AGTAACCTCACGTTAA-2","male","Astrocytes",-7.97035512907398,1.73678313173427,-5.25992142961905,-5.77715494790356
"AGTAACCTCCTCATCA-2","male","Oligodendrocytes",-0.703874802421453,10.5035124865927,-1.68881904886648,-1.87914040246288
"AGTAACCTCGGTTCCT-2","male","Oligodendrocytes",-0.80572984201801,2.08968661703242,-1.86383712099478,-1.90107586541454
"AGTAACGAGAGGATAT-2","male","Oligodendrocytes",-0.182930624317052,8.2060757724203,-3.53307664202139,-1.28862538495342
"AGTAACGAGGTCCGTA-2","male","Endothelial",2.81724872605908,13.2500029651083,3.10821116162851,-1.58485343613903
"AGTAAGTAGAGAGGAG-2","male","EN",2.82857909219372,-13.5045536907755,2.13929259969309,7.4223346456023
"AGTAAGTAGCGCTAAT-2","male","IN-MGE",-5.24986705763233,-4.51628626905309,-6.76731431291983,3.70654675802906
"AGTAAGTAGCTAAGTC-2","male","Oligodendrocytes",-0.37399510128391,5.9581509677328,-3.48634230898306,-0.864257361081048
"AGTAAGTAGGATAAAC-2","male","EN",8.41072359101879,-6.71497572980748,6.57990992261484,4.30964491209705
"AGTAAGTAGTGAACAG-2","male","EN",7.60862150209057,-9.18487443052159,3.80169284535959,4.66626260122974
"AGTAAGTAGTTTGGGT-2","male","Oligodendrocytes",-0.44188204986942,10.5626650897421,-3.0741971711962,-0.717826153424187
"AGTAATCGTCCAAATG-2","male","Oligodendrocytes",-0.546253895591619,3.58631692804469,-1.65173852251456,-2.90637614884655
"AGTAATCGTGCTCACC-2","male","Oligodendrocytes",-0.49353102428806,4.70254097856654,-2.5286420564501,-1.84709003129284
"AGTAATCGTGTGTCCC-2","male","Microglia",-0.971210217307927,5.5462390033163,-1.03756105707571,-5.96584990182201
"AGTAATCGTTAAATGC-2","male","IN-CGE",2.32890405671704,-4.46650208555089,-3.9022992830126,10.709524606082
"AGTAATCGTTTACCGT-2","male","Oligodendrocytes",-1.10211119634998,7.91194163240565,-2.80728828714773,-1.15170827069561
"AGTAATGCAGGAACAT-2","male","Oligodendrocytes",-0.924620842765691,2.01349650301112,-1.70980965898916,-3.20786574044506
"AGTAATGCATTGGGAG-2","male","Oligodendrocytes",-0.79768106920612,2.14937888063563,-1.17183768556998,-2.23273303666393
"AGTACGCGTCCGCTGT-2","male","IN-MGE",-7.08105001432789,-5.39159764371739,-6.93225037859366,4.25128123602589
"AGTACGCGTTTGTCTA-2","male","EN",1.24618830697644,-11.0581826122843,0.542801769510057,5.03126332602222
"AGTAGCTTCAAGCTTA-2","male","IN-CGE",-1.79147419912708,-17.061427965983,-2.91364490793631,7.94258735022266
"AGTAGGATCCGTTAAA-2","male","IN-MGE",-4.74734029753101,-4.36723698697911,-7.1156986932604,2.65005681357105
"AGTATAGCAACTAGCC-2","male","Oligodendrocytes",-0.68174085600269,7.06097041048182,-2.8139911870806,-2.31573608079235
"AGTATAGCACAAACTT-2","male","Microglia",-9.48022279722584,9.00755511201991,0.649603830710199,-7.67679360070507
"AGTATAGCAGCACGTT-2","male","IN-MGE",-3.7151103971709,-3.98306645475255,-7.76592957781241,2.1343959315749
"AGTATAGCATCCCGCT-2","male","EN",6.00253715531933,-13.1423434170328,3.63672125531748,6.36843058905323
"AGTCAAGAGATGCCTG-2","male","OPC",12.3890542032014,3.66119562067164,11.7450891752394,-0.733694698002739
"AGTCAAGAGCTCGCTT-2","male","EN",0.210336575080035,-1.81518806539403,1.23920729948595,4.99536368689258
"AGTCAAGAGCTTATGA-2","male","IN-CGE",-3.13784871084583,-9.62277211271154,-2.94257962511465,8.01232430777271
"AGTCAAGAGGATAAAC-2","male","Astrocytes",-6.77074966413868,1.73000167287959,-5.08910691545889,-6.09994700112621
"AGTCAAGAGGATTGCT-2","male","IN-MGE",-2.94836840612781,-5.15889062009679,-6.38821160601065,0.517324288103179
"AGTCAATGTAGCCATA-2","male","EN",8.4827918054353,-7.06430138669835,6.36082422925546,4.239739154193
"AGTCAATGTCCTAACT-2","male","IN-MGE",-3.44371304495228,-4.34842099271642,-7.13770091341421,1.53056410393436
"AGTCAATGTGAAGCCT-2","male","Oligodendrocytes",-0.712349271606328,5.80533514894618,-3.40294539736197,-0.788065101292534
"AGTCAATGTGCTAGAC-2","male","Oligodendrocytes",-1.03319535238636,1.03012292064799,-1.4805098752825,-2.77482011475842
"AGTCAATGTTACCGGG-2","male","EN",15.2905777932893,-5.43550576291905,0.505550535455492,3.7158498509856
"AGTCAGGCAACTCGCG-2","male","IN-CGE",-1.91027317030323,-17.1545523556315,-2.98198282526419,7.74123999914844
"AGTCAGGCAAGCGATG-2","male","Microglia",-8.75593385679615,13.0149651614584,-1.39113914774344,-4.99565651574413
"AGTCAGGCAAGCTTTG-2","male","EN",15.511882686783,-5.40291489683019,0.773067215517309,3.66129562697132
"AGTCAGGCACTAGCGT-2","male","Oligodendrocytes",-9.34537801725757,9.37840662874354,-2.21459972666189,-3.61289169945995
"AGTCAGGCAGCACCAT-2","male","EN",8.50287046449291,-7.31831158719884,6.52040350629404,4.01744601568897
"AGTCAGGCAGCAGGTA-2","male","IN-MGE",-2.21171579344165,-2.90262736402379,-7.45601117418692,0.94770327648838
"AGTCAGGCAGTTTACG-2","male","Microglia",-9.17201814634693,13.2906418887533,-0.114082036480162,-7.87189915337841
"AGTCCTGAGCGAGTAA-2","male","OPC",9.89841547029125,2.73725663103236,11.8841682691725,0.250541393372611
"AGTCCTGAGGCTATGT-2","male","IN-CGE",-0.245592212509038,-4.33924044690953,-3.13400184915945,8.53077456793507
"AGTCCTGAGGCTGTGC-2","male","OPC",10.0249537469636,2.72860227502955,11.9224392194898,-0.771267797139092
"AGTCCTGAGTAACGAG-2","male","IN-MGE",-3.74965009672535,-6.56793583951818,-7.96201741503164,0.94686326822956
"AGTCCTTGTCACGGAT-2","male","Astrocytes",-9.093438243698,0.109551206008329,-4.87483060167715,-6.28528740563671
"AGTCCTTGTCCCGGAA-2","male","Oligodendrocytes",-0.751783704589726,8.73206911958827,-2.50652301119253,-0.0264619843033986
"AGTCCTTGTTTGTGGA-2","male","Oligodendrocytes",-0.468474125694158,10.5000411120809,-2.9619380216448,-1.22415604749004
"AGTCGCATCACGCCAA-2","male","Microglia",-9.38729295713794,9.71369181551112,0.371568890348222,-7.87585785546581
"AGTCGCATCAGGATGA-2","male","Astrocytes",-6.42581186277759,1.9713460055746,-5.02394711779043,-6.24446966805737
"AGTCGCATCCACAATA-2","male","Oligodendrocytes",-0.965494489501836,1.66363333143367,-1.47789799974844,-2.57221534409802
"AGTCGCATCCATTACT-2","male","IN-MGE",-4.19800338728321,-6.52245177350865,-7.79852807329581,0.763214264723854
"AGTCGCATCGACAAAG-2","male","EN",4.04046549813854,-13.5950220974527,3.03524196340158,5.92241618475635
"AGTCGCATCGGTCAAT-2","male","Microglia",-9.25945863706959,10.0966979113974,-0.12359612987921,-8.31441834130566
"AGTCTTGCACAATGTT-2","male","Oligodendrocytes",-0.21214297993076,8.29326735414637,-2.35216915415213,0.066123936984138
"AGTCTTGCAGGCGATA-2","male","EN",13.7440871240388,-12.1384419354044,3.19755637837961,2.91306278547962
"AGTCTTGCAGGCTAAG-2","male","OPC",10.1787337304841,2.95931707300319,12.6248756666334,-0.605211164143487
"AGTCTTGCATAGCGGA-2","male","EN",2.82582607286084,-13.3788527401529,1.41525161458566,6.47938916525562
"AGTCTTGCATATAACC-2","male","Oligodendrocytes",-0.161839103530766,8.0990577784933,-2.79405200289175,-2.8112976805238
"AGTGAACCAAACAACA-2","male","Microglia",-9.33243284208667,12.8661519137777,-0.913357613548491,-6.03071024575512
"AGTGAACCAATTGACT-2","male","EN",4.32875576036083,-13.1771363171183,2.47923028661325,7.38704821905811
"AGTGAACCACAAGCCT-2","male","OPC",12.1491793634187,3.20239411272181,12.1842561979444,-1.08250692048351
"AGTGAACCAGGTATTT-2","male","IN-MGE",-6.82055435163868,-6.11482276044713,-6.22880589769766,4.19330999693592
"AGTGAACCATGAAGTA-2","male","IN-CGE",1.64209558980572,-5.32874812208043,-4.14497077272818,10.3469862683745
"AGTGAACCATGGCCTG-2","male","EN",6.65204324739086,-13.2359951885782,3.80762231542185,6.03899524054249
"AGTGAACCATTGCGAC-2","male","Microglia",2.1459678651582,4.0499204245962,0.420881571307924,-8.1775918261079
"AGTGAGTCAACACTTG-2","male","OPC",11.1468247415315,2.91322480119838,13.0615621824415,-0.266827668335839
"AGTGAGTCACAACCTA-2","male","Endothelial",2.81541099565136,13.2519684878744,2.88843500806406,-2.59459188142101
"AGTGAGTCAGGCAAGC-2","male","EN",8.36350765245068,-6.81922377668248,6.33882391645029,4.01349708876331
"AGTGAGTCAGTCTAAT-2","male","OPC",11.3633250238191,3.37699924387111,12.5989471693189,-0.668772961285515
"AGTGAGTCATAGCGGA-2","male","Oligodendrocytes",15.5894831659089,-5.41377200208531,-0.960170624717924,-2.78237130799572
"AGTGATGAGCGAGGTG-2","male","Oligodendrocytes",-0.703216528724553,2.55815421022548,-1.93279540346548,-2.54382398286144
"AGTGCACGTAATGACT-2","male","OPC",11.1804722787629,3.58796702303065,13.0991894025953,-0.265352751400872
"AGTGCACGTGGTTATG-2","male","IN-MGE",-7.14393053038013,-5.49751938901769,-6.39194476412222,4.35254952749927
"AGTGCCGGTACTTAGG-2","male","EN",6.73556556718457,-13.037538424357,3.92041194631174,6.14840361914356
"AGTGCCGGTCCTAGTT-2","male","IN-MGE",-4.07386741621387,-6.76688517652379,-7.60308968828604,0.922310043785171
"AGTGCCGGTTACTAGG-2","male","Oligodendrocytes",-0.743327593635442,8.59878264345302,-2.08547794626639,-3.19500186600964
"AGTGCGGAGGGTCCAC-2","male","IN-CGE",0.0823532583008986,-4.78960408292638,-3.37056767748282,9.04643676123341
"AGTGCGGAGGTGAGAC-2","male","EN",14.1907576562654,-5.48629941068517,0.104397775665071,2.92319247564991
"AGTGCGGAGTAGCGGG-2","male","IN-MGE",-2.90190110189808,-3.80138720594274,-6.36945378588125,2.89121553740223
"AGTGCGGAGTTGGGCC-2","male","Oligodendrocytes",-0.848762607406499,2.77642069734706,-3.52887809084341,-5.20899822869579
"AGTGGACAGGCGTAAA-2","male","Oligodendrocytes",-0.362149572204472,6.20590172685756,-2.42335736559317,-1.97407224335949
"AGTGGACAGGTCCAAT-2","male","IN-MGE",-3.50083456022632,-6.36085499845372,-7.26398217485831,0.90237737140377
"AGTGTGGCACTAAGAA-2","male","Microglia",-9.2282267568816,12.4007741061605,-3.09451925562308,-0.461808230069085
"AGTGTGGCATCAATCG-2","male","Oligodendrocytes",-0.32288858873737,9.29368887819423,-2.487880824074,-0.747934009221001
"AGTGTTTCAGAGAGCC-2","male","EN",4.27231230752575,-13.340311900004,2.40916884137705,7.29375979742725
"AGTTACATCAAATCGC-2","male","Oligodendrocytes",-0.388771688770177,7.12007723726405,-2.84186303423331,-1.38674905457775
"AGTTACATCCCTCTAA-2","male","Astrocytes",-6.82530364973438,1.33391366876735,-4.96914756105826,-5.95010426202099
"AGTTACATCCTAAGTA-2","male","EN",-0.00966561419856732,-1.58618988118993,1.58973008586481,7.37072083792408
"AGTTACATCTAGCGTG-2","male","VSMC",14.2290495874177,-0.870975628718005,2.90462386800363,-2.82826020875256
"AGTTACTCACAAAGCG-2","male","Microglia",-9.26916608793628,11.4384766665853,0.785545753374841,-7.93181564965527
"AGTTACTCACAATTAC-2","male","Oligodendrocytes",-0.730296706985356,10.9722329226889,-1.96741354273245,-1.04724540868084
"AGTTACTCACACCAAC-2","male","OPC",11.96185197847,3.69733987726344,11.4522777815016,-0.661455299046441
"AGTTACTCAGGATTAA-2","male","IN-CGE",0.219049596954463,-4.90448655210362,-3.63309132860586,9.47172591528614
"AGTTATGTCCAGGTCA-2","male","EN",7.59317770021069,-7.38513077817784,5.55475008679941,4.88581464132984
"AGTTATGTCGAGGAGT-2","male","Microglia",-9.21258935911548,10.5482750979818,-0.602905390724394,-6.48174193063061
"AGTTATGTCTAGCTTT-2","male","Oligodendrocytes",-0.474790847133519,11.0224505511679,-2.47835767076895,-1.30132999577801
"AGTTGCAGTTGTAACG-2","male","EN",8.13944616334545,-8.00760068021642,5.18904841138437,4.39386675200184
"AGTTGCGTCGGGACTC-2","male","EN",-0.274338698219182,-1.82085694394933,0.261370660796907,3.43543932280262
"AGTTGCGTCTAAGTGC-2","male","EN",0.360735134948371,-9.35584248624669,1.03488126589372,5.37953803381641
"AGTTGCGTCTACCTGC-2","male","Microglia",-8.31628522856128,0.475593186692132,1.9597475547941,-1.73995974221508
"AGTTGGCGTAAAGCAA-2","male","Oligodendrocytes",-0.613240754436376,9.36777316011561,-1.729824183449,-0.342523719456597
"AGTTGGCGTAAGCACC-2","male","Astrocytes",-8.10390291197193,0.148940905705823,-4.93907725618765,-6.38816979089062
"AGTTGGCGTCATCCTG-2","male","IN-CGE",1.73801639096844,-4.50372208677159,-3.67828213976309,10.0229277356597
"AGTTGGCGTTAAGGCC-2","male","VSMC",14.3146723748933,-0.810304895266161,2.77998376084879,-2.74777796426098
"AGTTGGCGTTTGTGGA-2","male","IN-MGE",-2.38007197363269,-5.55524767957555,-7.46520745562002,1.22283372721394
"AGTTTGATCAACCAAC-2","male","IN-MGE",-4.38571081144703,-4.15284575544225,-7.14088046358511,2.64366612276752
"AGTTTGATCTAAGGAG-2","male","IN-MGE",-4.61694679243458,-4.555381670817,-7.08708131121084,2.24213359198292
"AGTTTGATCTGCAACG-2","male","EN",4.50557413117993,-13.0990132244669,2.22434413625315,7.440267537448
"AGTTTGCAGCAAGGTA-2","male","OPC",10.873000049759,2.69494162477626,12.1083313245924,-1.06234421887676
"AGTTTGCAGCATGGTT-2","male","IN-MGE",-6.82880029661548,-6.11487282834874,-6.24927842424795,4.11158916792591
"AGTTTGCAGCGAGTAA-2","male","OPC",11.4873923303376,3.5900815574087,12.4516931791456,-0.897290851262017
"AGTTTGCAGTGTGATC-2","male","OPC",12.3826989175569,3.05758081354274,12.6222559232862,-0.504107023861809
"ATAACGACAATGCGCT-2","male","EN",3.87347974794018,-14.2174624355875,1.97951710416391,7.6382040723296
"ATAACGACACATAGCC-2","male","Oligodendrocytes",-0.785597181152226,3.86581574358119,-2.01875865267203,-2.93244531312267
"ATAACGACACCGGCTA-2","male","Oligodendrocytes",-0.71604809744251,5.14247237123622,-3.1481431703417,-1.79081466355602
"ATAACGACAGGAACAT-2","male","EN",1.79524447934735,-11.4722002895914,0.00566691352441562,2.91373345694263
"ATAAGCCTCCAACTGG-2","male","EN",5.20537605302441,-9.70088662229406,3.05287587834909,3.31306836447437
"ATAAGCCTCCCTCAGT-2","male","Oligodendrocytes",-0.311325406860234,10.1014062014974,-1.85249125765249,-0.748806382801934
"ATAAGCCTCTACCTCA-2","male","EN",6.41341104524243,-13.3433407696329,3.36326325131967,5.75201747259815
"ATAAGTCGTAGGTTAT-2","male","EN",3.32557525651562,-13.9382237347208,1.49513173295572,7.39042327246387
"ATAAGTCGTCATGCAA-2","male","EN",8.12439670579541,-7.41894139371739,5.13742363645151,4.74028298697193
"ATAAGTCGTGTCCAAA-2","male","IN-CGE",1.18231704251873,-5.48205460630284,-4.05876052187369,10.3255858167144
"ATAATGGCACACTAAT-2","male","Microglia",-9.43908414823902,9.66747485078944,0.459367545381334,-8.91505386987011
"ATAATGGCAGGCCATT-2","male","IN-CGE",2.29220190065014,-4.56266059003697,-4.12101018236563,10.4173531278106
"ATACCGGTCAAGTGTC-2","male","EN",6.21081390397656,-11.5569142254435,3.14844930364206,5.23447272619923
"ATACCGGTCATTAGGC-2","male","Oligodendrocytes",-0.721200203727605,10.9098912326254,-2.45139658258841,-2.748542095807
"ATACCGGTCGGCTAGC-2","male","Microglia",-8.96425447447193,10.944395169393,1.04566353751734,-8.11818936028759
"ATACCGGTCTATCGCC-2","male","Oligodendrocytes",-0.735503768752934,1.7704148141302,-2.19797265337393,-2.05289938607494
"ATACCTGCAAGCCAGA-2","male","EN",6.71769466416943,-11.4995707424723,3.26985681249216,5.0991153462859
"ATACCTGCAATGCGCT-2","male","Microglia",-9.52053842527759,11.5354910937704,-3.03517257975027,-2.19532683053295
"ATACCTGCAATTGAGA-2","male","Microglia",-9.13205347044361,11.3543463794149,0.732915761009004,-7.43944599786083
"ATACCTGCAGCAAGGC-2","male","Microglia",-9.14130315763843,13.0824853030599,-0.108954368099425,-7.72796871819775
"ATACCTGCAGCACCAT-2","male","IN-MGE",-2.91904125196827,-4.77005280576573,-6.95199858950064,1.09571046075542
"ATAGATGCAGAGGGAG-2","male","Astrocytes",-8.12308893186939,0.364644765631093,-4.63458668993399,-6.21699144997875
"ATAGATGCAGCTAACC-2","male","OPC",10.7330473901521,4.27167497553004,-2.29282915399954,-0.528778697636529
"ATAGATGCAGGAACTG-2","male","Oligodendrocytes",-0.768053150009038,7.20613585390223,-2.73740756319449,-1.00659623303692
"ATAGATGCATTGTGTG-2","male","EN",6.00145759599316,-12.7556837948404,3.681069018379,6.34919211706837
"ATAGCATGTAGACAAA-2","male","EN",13.7606038095247,-12.1483343990885,3.14174378110483,2.86383077940662
"ATAGCATGTCATTACC-2","male","IN-CGE",-1.88375983221424,-17.1185511501871,-2.810785410866,7.96669957480152
"ATAGCATGTTGGTTCT-2","male","OPC",12.424589061905,3.54065977014674,11.5479017515333,-0.863886024144097
"ATAGGTACAACTGGGA-2","male","Oligodendrocytes",-0.551484799217107,7.59004889406337,-2.93705451296255,-0.391700054791375
"ATAGGTACAAGGCCAA-2","male","Oligodendrocytes",-0.105529999565007,9.06367693819178,-3.00644933985159,-0.573150540974541
"ATAGGTACAATAATGG-2","male","EN",6.94055881517041,-11.230297938212,3.42352545453623,5.17752835592945
"ATAGGTACAGAACCGA-2","male","EN",3.7645403386842,-13.5346821697794,2.05526387883737,7.21547362646778
"ATATAGGCAAGTGAAC-2","male","IN-MGE",-3.64877614958179,-6.4384497555338,-7.58731019304678,1.2445894821616
"ATATAGGCAGATTCAT-2","male","Oligodendrocytes",-3.68813571913135,-3.74512185178624,-6.16561543749258,0.391039733502464
"ATATAGGCATGCATAT-2","male","IN-MGE",-3.35827312452686,-6.26191605649816,-7.16610848711416,0.87325136801918
"ATATAGGCATTGTCAG-2","male","Pericytes",2.3429893495332,0.423836707846059,2.71702432824686,-2.71300199189465
"ATATGCATCATGAGCT-2","male","Microglia",-9.45869836790455,13.1501780597128,0.123032869830873,-8.48001625695507
"ATATGCATCCTGATTT-2","male","Astrocytes",-8.25997552854908,0.414528995529546,-2.79860436724112,-6.29104378381054
"ATATGCTCAATCCCTT-2","male","IN-MGE",-3.05258998854053,-3.88133896909581,-7.20580613420889,1.73252055487354
"ATATGCTCATAATGAG-2","male","Microglia",-1.01448295099628,3.91587100900783,-0.188174841865752,-7.78008892693798
"ATATGGTGTTAGGTGC-2","male","IN-CGE",-0.143046951125981,-4.29777325712071,-3.3398894052355,8.8917965634795
"ATATGTCCACTTAGGC-2","male","Endothelial",2.85360350625622,13.1990567294516,2.25319099618509,-2.19903209367077
"ATATGTCCAGGGAGGA-2","male","EN",8.3304103852998,-7.29770173154698,6.15780222608164,4.36946651777943
"ATATGTCCAGTAAAGC-2","male","EN",14.9794520379792,-5.50761641584264,0.216942431464937,3.80601856550892
"ATATGTCCATCGCTTT-2","male","Oligodendrocytes",-0.273260032962682,8.95158205904139,-2.92512023256705,-0.81592204728405
"ATATGTCCATGCTATG-2","male","Oligodendrocytes",-0.723861670326116,2.37058375753535,-1.73309886263296,-1.33263280549328
"ATCAAGACAAGGAATC-2","male","Oligodendrocytes",-0.798008179496648,10.7593985644735,-1.47477328585074,-1.39749243417065
"ATCAAGACATGTTTGG-2","male","Oligodendrocytes",0.0319066883813124,8.57931767381801,-2.51391684816763,-0.184910084393425
"ATCAAGACATTGCAGC-2","male","EN",8.19681110398876,-7.82333554349767,5.87411177350595,4.42864606222828
"ATCAAGCTCATTACTC-2","male","Oligodendrocytes",-6.90855846388233,0.74191163458003,-1.85142838762686,-3.54614212670605
"ATCAAGCTCCCGCCTA-2","male","Microglia",-9.1986161230315,13.6799794284262,-0.101539371475432,-8.21257164635937
"ATCAAGCTCTCGACCT-2","male","Microglia",2.2946962358247,4.26819024957789,-1.21111428545401,-5.65555002846996
"ATCAATCCAACTCGCG-2","male","EN",2.87788906114209,-12.1061552914225,1.95036006166055,6.52008626303394
"ATCAATCCACAACCTA-2","male","Oligodendrocytes",-0.440255021880986,7.62255726732387,-2.45819127367422,-2.86103298821728
"ATCAATCCAGCAAGTG-2","male","EN",13.6570395471345,-12.0455855282389,3.25819194509104,3.05379578909595
"ATCAATCCAGCTAACC-2","male","Astrocytes",-7.54437837583912,0.906090453044309,-4.79193484590933,-5.68246796288769
"ATCAATCCATAAGTCT-2","male","Microglia",-9.00860223753345,12.6691228000082,-0.585613248810027,-6.78131010690014
"ATCACAATCATAATCG-2","male","Oligodendrocytes",-0.685384249519231,5.83556996263637,-3.26254880236075,-1.24794068494122
"ATCACAATCCCGTTTA-2","male","Oligodendrocytes",-0.917386865447881,1.40010957397593,-2.98097693727896,-1.50748994508068
"ATCACAATCCTTAGTT-2","male","OPC",11.5672787668,3.65995179094447,12.8551546354444,-0.639205958035393
"ATCACAATCGTCAAGT-2","male","IN-MGE",-2.22507963163746,-5.61504448972569,-6.95653521822378,0.722819325241641
"ATCACAATCGTGCCTT-2","male","OPC",11.5095576287996,3.68417368806971,10.4018455763014,-0.406578208592339
"ATCACAATCTAAGGAG-2","male","EN",6.28036489503491,-13.3130682858072,3.59048044873789,6.46089646658619
"ATCACACAGGCTACAT-2","male","EN",3.6389140130769,-13.5027026089274,2.21376884175852,7.98372075400074
"ATCACACAGGTCCAAT-2","male","Microglia",-9.42765054685962,13.2284833041586,0.233967067733553,-7.54800846734326
"ATCACACAGGTCTTGG-2","male","Microglia",-9.12580213529957,12.1159401980795,0.0207096953542496,-8.04431107201855
"ATCACACAGTCCTGAG-2","male","EN",7.61166229264843,-9.16456975065099,5.06749308301523,4.34860584578236
"ATCACCCTCACAGACT-2","male","Oligodendrocytes",-0.646375989745976,1.81355045713557,-2.32779514597342,-1.59574725785534
"ATCACCCTCAGCTAAC-2","male","Microglia",-9.422859287094,11.9136735049642,0.328930260673311,-8.37757733025829
"ATCACCCTCGCGCTAA-2","male","Oligodendrocytes",-0.209526097606542,7.25882874406947,-1.76504671381399,-1.9980685965089
"ATCACCCTCGCTTGCT-2","male","Oligodendrocytes",-0.777046775649907,2.28061567224635,-1.38170039461539,-3.05677344956677
"ATCAGGTTCAGGAAGC-2","male","Oligodendrocytes",-0.266547417472722,7.29977379717006,-2.29629003809378,-0.587412501957818
"ATCAGGTTCATGCTAA-2","male","EN",4.73747625367749,-13.0799511822306,2.89273107244089,6.88770482382496
"ATCAGGTTCATTTAGG-2","male","EN",7.34879293458569,-10.2125252636515,2.58729553414896,4.29362819037159
"ATCAGGTTCGATTTGA-2","male","Astrocytes",-8.22363862974537,0.0455413309492011,-5.04779040621206,-6.63019135155956
"ATCATCAAGCAGGTTT-2","male","Oligodendrocytes",-0.582634842227818,5.96415959276332,-3.4399870614855,-1.69712641396801
"ATCATCAAGCGGCTGT-2","male","Microglia",-3.32682976705921,-4.60479153715001,-6.81286942766592,0.801355247113304
"ATCATCAAGGCAATAG-2","male","Astrocytes",-8.35155401213062,0.0143620816625495,-4.52617966936514,-6.28636410393993
"ATCATCAAGTATTGTG-2","male","EN",6.14289226548779,-13.2216652782999,3.55332267476633,6.17848059973438
"ATCATGTCACAATGCC-2","male","OPC",12.1325139047395,4.67005644716395,12.9232403059156,-1.14138474622051
"ATCCACCTCAGCCAAT-2","male","Pericytes",2.32134010808575,0.405932217613592,-1.07709979818747,3.85800669035633
"ATCCACCTCCAAATCA-2","male","Oligodendrocytes",-0.784464573692204,10.6078768817343,-3.18312680529043,-1.48844864526074
"ATCCACCTCGGTTTGG-2","male","EN",3.58916511552441,-13.4117401989542,2.32517504884317,7.53053281149586
"ATCCATAAGACTATTG-2","male","OPC",10.7703932763826,3.07752381242885,12.4585109968336,-0.76517274537365
"ATCCATAAGACTCGCA-2","male","IN-MGE",-6.96332941038501,-4.28817309461461,-6.55483948992178,4.35200474104603
"ATCCATAAGAGAGGCT-2","male","EN",13.7396782876741,-12.1319941433512,3.20087397290781,3.0512523396941
"ATCCATAAGAGGATAT-2","male","IN-MGE",-4.38059387190235,-6.49714745603429,-7.27116143511221,0.950037781807975
"ATCCATAAGCTGGAAA-2","male","Oligodendrocytes",-1.17849788648975,1.62762354292048,-1.55742990778372,-3.56891634621899
"ATCCATAAGGAGGGTT-2","male","IN-MGE",-2.94092903120411,-4.77604521833287,-6.48608720110342,0.616736550542907
"ATCCATAAGGTCATTA-2","male","EN",3.02842607514965,-11.780575648173,1.83161384059503,5.78735492071827
"ATCCATAAGTGAGGGT-2","male","Astrocytes",-8.13313112242115,-0.0013569148622613,-0.822973964676115,-6.26263144173901
"ATCCCGCGTGCAATAT-2","male","Microglia",-9.13448057157886,11.0134650317587,0.818959849015024,-9.00154640832226
"ATCCCGCGTTTGCTGT-2","male","Microglia",-9.07261476499927,11.255725964681,0.939788082674291,-8.46993019738476
"ATCCGTGAGCGATAAG-2","male","EN",5.40077104585278,-9.69533337674962,3.62124002172067,3.64114663443287
"ATCCGTGAGCTGGCTA-2","male","Microglia",-9.11066541654957,11.5050431338705,-0.251056669220183,-8.33575871148388
"ATCCGTGAGGATTGAG-2","male","Pericytes",2.22526147382366,0.342437609807386,2.79715872003153,-2.44908979096691
"ATCCGTGAGGTAACGA-2","male","OPC",10.5276841165315,4.19075928606166,12.3019796629102,-0.0322954908875661
"ATCCTCATCCTAAGAC-2","male","Microglia",-9.10946474058521,12.0240813342489,-0.653204558357451,-8.62039234795849
"ATCCTCATCGTTTCGC-2","male","Astrocytes",-7.86064157469166,0.687295816615953,-4.79629313753531,-6.66837933221142
"ATCCTCATCTGCAACG-2","male","EN",3.48039736764538,-13.0634259136759,-6.88211047457144,4.31262633642872
"ATCCTGACAGGACCTT-2","male","Oligodendrocytes",-0.422273969482305,4.70085345186366,-3.0240946988909,-1.87883498826305
"ATCCTTAGTCATAAGT-2","male","Oligodendrocytes",-8.04177007658375,-0.175190940722094,-2.14527594850943,-0.911147143032952
"ATCCTTAGTCTTTGAC-2","male","IN-MGE",-3.63546762449634,-4.28248633466588,-6.93067300127432,2.68695590338428
"ATCCTTAGTTCACCAT-2","male","Oligodendrocytes",-7.16104755384815,0.613261915520563,-4.10669219301626,-5.67739250817577
"ATCCTTAGTTTAGCTC-2","male","Oligodendrocytes",-0.941729283164861,2.60263858713283,-2.11194860742972,-0.377561833050652
"ATCGAGGCACACCAAC-2","male","EN",6.81923093812573,-10.3048857601725,3.5753663797529,4.38084146818836
"ATCGAGGCAGTAGGAT-2","male","EN",0.304885150660155,-1.55290402494298,-0.598922012314055,3.63541028341968
"ATCGCTTGTATTGGTG-2","male","IN-CGE",-1.796389913391,-17.0718077572428,0.543670089975145,-8.61605408349316
"ATCGCTTGTCTTGCTG-2","male","EN",15.5145958902131,-5.43516339383946,-0.362406132683012,3.65384909949024
"ATCGCTTGTTCCGCAC-2","male","EN",3.36003079431164,-11.3582581432901,3.20229757024362,3.48361871084888
"ATCGCTTGTTTGGGCG-2","male","Astrocytes",-7.7602673528899,0.461375109628572,-4.56678521440909,-7.39204743066113
"ATCGGCCAGGCTGTGC-2","male","Oligodendrocytes",-0.858246183227422,1.84774063505305,-1.83889257715628,-0.91496637025158
"ATCGGCCAGTGGACAA-2","male","Microglia",1.99818840043652,4.25790344156398,-2.92188250826285,-6.4935155169038
"ATCTATGAGCAGGTTT-2","male","Oligodendrocytes",-0.525879478286626,8.04153929628505,-2.79157793329642,-0.408185149815484
"ATCTATGAGCCTCTCG-2","male","EN",1.38664176480877,-10.7602204235636,0.569785745874193,5.29935929617603
"ATCTATGAGTCAGTAC-2","male","EN",1.31941809671032,-10.0948103817545,1.20164117409303,4.74404475531299
"ATCTATGAGTCCTTCA-2","male","Microglia",-9.3869534490813,9.37612353243007,0.231588544383791,-8.43059399285595
"ATCTATGAGTTAACCA-2","male","EN",1.38625981824505,-9.51960743985997,1.30765822722032,5.03407618841846
"ATCTTTGGTATTGTGG-2","male","EN",2.44926848428356,-2.31089963041173,-0.9247819166033,3.55223748526295
"ATCTTTGGTGGGAACA-2","male","Oligodendrocytes",-0.137159621547582,8.0222903338827,-3.16102492617056,-1.15725186028759
"ATCTTTGGTTAAGGTT-2","male","Microglia",-9.00797853453052,12.9343024341024,0.359293671384599,-8.86982491174023
"ATGAAGCCAACACTTG-2","male","EN",6.54911985414135,-13.232196703776,3.82468736363962,6.14271733603199
"ATGAAGCCATGAAGTA-2","male","Astrocytes",-7.3276501653899,1.50050096191539,-4.78256833361075,-6.21112778344433
"ATGAAGTAGAAAGCAT-2","male","IN-CGE",-0.0516124425638932,-2.53026355825292,-4.22582471178457,10.6270565732451
"ATGAAGTAGCCACAAT-2","male","EN",6.12459363954174,-12.7428339871012,3.73912012769296,6.24830052694996
"ATGAAGTAGGCTGTCA-2","male","IN-MGE",12.5621203424226,4.15211211122645,-0.952792165741179,3.64007184347828
"ATGAATGCACAAAGAC-2","male","IN-CGE",0.0528061033974868,-4.75869120679723,-3.24611413286612,8.67472121557911
"ATGAATGCAGCAATAA-2","male","Microglia",-9.39126310331714,9.291955098287,0.00497120811059726,-8.49926521935742
"ATGAATGCAGGGAGCT-2","male","Oligodendrocytes",-8.82239351255787,1.64687298215999,-3.29481589601919,-5.78681376138012
"ATGAATGCAGGTCCTG-2","male","Astrocytes",-7.20304594023121,0.776592880264654,-4.51964509294913,-7.20418551125805
"ATGAATGCATTATGCG-2","male","Oligodendrocytes",-0.344284331630589,7.66545353807582,-2.63970649050162,-0.174565877106591
"ATGAATGCATTGTGAT-2","male","EN",7.94373741166699,-8.20893467985021,5.23740828229502,4.57316491446216
"ATGACAACAAGGACCA-2","male","IN-MGE",-1.50033781511677,-1.93638981901036,0.190518083110597,-0.957947756436272
"ATGACAACATAGCTGC-2","male","Oligodendrocytes",-0.957660412620427,1.72517894186152,-1.52943622873709,-3.11768558182995
"ATGACAACATCTAGCA-2","male","IN-MGE",-6.72453985197437,-6.24971283994542,-6.35436236666128,4.17146489462574
"ATGACAACATTAAACC-2","male","IN-CGE",-0.109640812705876,-2.4256745728098,-5.23488986299917,-5.96598436990063
"ATGACCAGTAACGAGG-2","male","Oligodendrocytes",-0.183812415431859,8.89698325075282,-3.33531653688833,-1.95633104005138
"ATGACCAGTGCTAGAC-2","male","IN-MGE",-3.78283843977344,-6.66761864744054,-7.31644379900381,0.923841555330352
"ATGACCAGTGCTCCAC-2","male","Microglia",-9.1587401388396,11.3257781115927,0.36364364816263,-8.01818897881786
"ATGACCAGTTAACGAT-2","male","Microglia",-8.86949357969654,11.6949635592855,-1.57300174044058,-4.32335379281323
"ATGACCAGTTTAACCC-2","male","EN",2.83140387551892,-2.03632988057958,-0.971056340202544,3.62756392798145
"ATGACGAAGACACTTA-2","male","EN",4.21634616868603,-13.251483813151,2.43026876641825,7.35382268271168
"ATGACGAAGATAACCC-2","male","OPC",11.6690443994294,3.19578157343043,12.4464250822218,-0.611904765751763
"ATGACGAAGGAAACTG-2","male","EN",4.22550215737927,-13.3608216198526,2.5250893850477,7.5754861577483
"ATGACGAAGGGTCTAT-2","male","Microglia",-9.12514219267261,12.3459054080404,0.545861573949602,-7.75945522942822
"ATGACTCAGAAAGCAT-2","male","EN",14.257449054886,-5.71304596982823,0.149779202476289,2.96586201033314
"ATGACTCAGACTTATG-2","male","Oligodendrocytes",-0.818359350990178,5.29411040224208,-3.02926933573172,-1.74380209603588
"ATGACTCAGCATGAAG-2","male","IN-CGE",-3.05607304556263,-9.50274933896886,-2.8757940511553,7.81926152548511
"ATGACTCAGGACCTGC-2","male","EN",7.69432439820874,-7.76703919492589,5.72179520322397,4.36084077200611
"ATGACTCAGTGTTGCG-2","male","IN-CGE",-3.07504043562305,-9.52518166623937,-2.73254310892508,8.1031265004607
"ATGAGCCGTTAAATGC-2","male","EN",0.437057817150233,-1.8388506325327,1.85051477147653,6.72325417837818
"ATGAGCCGTTCACTGT-2","male","Oligodendrocytes",-0.328127658199193,5.62646399416102,-3.18361508654043,-0.683205629971428
"ATGATGACAAGACTCC-2","male","IN-MGE",-6.52584276182544,-4.49610175214635,-6.94339406298086,4.2316608174773
"ATGATGACACCTACTT-2","male","Oligodendrocytes",-0.638434982131841,6.05090294756068,-3.12852918909476,-0.906128193524285
"ATGATGACAGTAGCCT-2","male","EN",1.56639900224316,-11.2331484707438,0.624654980436113,5.22977444967945
"ATGATGGAGCATGTTA-2","male","Microglia",-9.00288591368091,13.0326291171469,0.59126958443239,-8.59989311852734
"ATGATGGAGCTTACTT-2","male","EN",7.77699842469799,-8.83002556882726,5.24512446118906,4.86304662069996
"ATGATGGAGCTTGCTC-2","male","EN",1.3539300205003,-10.0039929302775,1.36187863542154,4.73648450216968
"ATGATGGAGGAAGCAC-2","male","EN",4.58280792253125,-13.1799096020304,2.59359145356729,7.40559098562916
"ATGATGGAGGAGCACG-2","male","EN",14.2764300348054,-5.53790606580602,0.177089275851991,2.85028455099781
"ATGATGGAGGAGTAAT-2","male","EN",2.04099895970929,-11.8099984081827,-2.28696548746512,0.039052997443275
"ATGATGGAGGCGTAAA-2","male","IN-CGE",2.39621057527172,-4.54438294492589,-4.08910929964468,10.7065100415679
"ATGATGGAGGTCGATT-2","male","OPC",11.6412819864045,2.91321335710658,12.5352617521436,-0.805292274144097
"ATGCAAACAAATTCGT-2","male","Microglia",-9.10166749937427,13.6359616366781,0.444741131797578,-7.42993786492626
"ATGCAAACAACTAGCC-2","male","Oligodendrocytes",-0.255879854987981,9.70551978029384,-2.86381900118277,-0.278604771283074
"ATGCAAACACAATGCC-2","male","OPC",11.3372506143342,3.65404282488002,12.5423733015211,-0.871756579068108
"ATGCAAACAGCAAGGC-2","male","IN-MGE",-3.46851453764332,-6.56876935087071,-7.58073937700674,1.14412400564869
"ATGCAAACAGCCAGTT-2","male","EN",14.152299785782,-5.45115222059117,0.052496971622255,2.76966926893909
"ATGCAAACATGCTTAG-2","male","EN",3.74757399575817,-13.9653729351603,1.73395627929285,6.99518916449268
"ATGCAGGCAAATTCGT-2","male","EN",2.74250974671948,-13.5634478481852,1.76367801620081,7.77043435415943
"ATGCAGGCAATAGTCT-2","male","EN",7.41164913194287,-7.37810649000035,4.16060483647898,4.52479193052967
"ATGCAGGCACAATACT-2","male","Oligodendrocytes",-0.785520052741887,10.0829363910116,-2.64480387972281,-2.61447789826672
"ATGCAGGCACTTAGGC-2","male","EN",14.8807276727449,-5.32469548307286,0.344278814330843,3.69430539450367
"ATGCAGGCAGCAGGTA-2","male","EN",1.20281585471737,-10.989635363444,0.789622141108062,5.08630082449634
"ATGCATTCAAGCCAGA-2","male","Oligodendrocytes",-0.461634433101537,3.81772886194362,-4.59370887087271,-5.5475082651643
"ATGCATTCAATAGCAA-2","male","IN-MGE",-2.62150964720142,-3.59580077253209,-7.2802985887377,1.62674966892918
"ATGCATTCAGGCCATT-2","male","Oligodendrocytes",0.0918107868920546,9.10669814027919,-2.55100905702994,-2.30978419938366
"ATGCATTCAGTCTAAT-2","male","IN-CGE",0.393160280566989,-4.35420359693395,-2.78069793985769,-4.29900601067822
"ATGCCTGAGACTTACA-2","male","EN",1.15330340879071,-10.6910036953531,0.737770283654478,5.27412173590382
"ATGCCTGAGGTGAGAC-2","male","EN",3.34020175950634,-12.9607867153727,-1.41471874521658,-1.69001724877636
"ATGCCTGAGTAACTCA-2","male","OPC",12.4202107431184,3.76124750055446,12.5149341840894,-0.944206024792595
"ATGCGATTCATCCTGC-2","male","Oligodendrocytes",-0.678343391250493,11.055928334371,-2.03307664202139,-1.56443121590893
"ATGCGATTCCCTGTTA-2","male","Oligodendrocytes",-0.00579012019527142,9.75817118562831,-2.03818762110159,-0.562064315464898
"ATGCTTAAGGAGGTTA-2","male","EN",2.66509261148083,-2.05697812162267,-0.928560612663481,3.63722512564381
"ATGCTTAAGTTGTCTT-2","male","Oligodendrocytes",-0.700417971443059,1.29407720245494,-1.63755976961539,-1.59070875802319
"ATGGACAAGACAACGA-2","male","Astrocytes",-8.92418966276539,0.488727524653806,-4.71684491442129,-7.3511815325288
"ATGGACAAGACACTTA-2","male","Microglia",-9.35026082975757,13.4646483508505,0.672812076345232,-7.46744396844189
"ATGGACAAGCGCAATT-2","male","EN",3.8263615609895,-14.3196486385904,1.92594719125345,7.56374738058765
"ATGGACAAGTATTGTG-2","male","EN",8.59675016419995,-6.99605788312779,6.35952818585947,4.45005271277149
"ATGGCCCAGAAGGTGC-2","male","IN-MGE",-6.91637144071949,-4.47529973111974,-6.7743638734667,4.27781245550831
"ATGGCCCAGACACTTA-2","male","EN",-0.30371830446613,-1.32073940358983,0.430825622812059,4.92040726980884
"ATGGCCCAGCTGGAAA-2","male","EN",1.45301606671917,-10.9138440044962,0.913940528467443,5.17228457770069
"ATGGCCCAGTCACGAT-2","male","Oligodendrocytes",-7.99577054960621,0.867991909161939,-1.82784807489798,-4.83184578576367
"ATGGCCCAGTCACTAA-2","male","VSMC",14.3593214990388,-0.809047237261401,2.89582312299326,-2.89310314812939
"ATGGCCCAGTCAGTAC-2","male","Oligodendrocytes",-0.526894128154637,2.46174262441768,-2.23151957796499,-2.18502404847424
"ATGGCCGGTTCGCTCA-2","male","EN",3.0063022615205,-13.4657210262858,1.52850139333322,7.26576373419483
"ATGGCCGGTTTGGCGG-2","male","EN",8.90970125215161,-7.53788270078527,-0.94232570932791,-5.54646494546215
"ATGGCTAGTAGTAAGA-2","male","IN-CGE",0.267628030646918,-4.91363658033238,-3.32272469805166,8.78224894842823
"ATGGCTAGTAGTTAAC-2","male","IN-CGE",-3.2276323793639,-9.68813408933507,-2.6777595262377,7.85218522391041
"ATGGCTAGTGCTGTAA-2","male","EN",5.16925373094189,-12.7353285702311,2.50219905568674,6.90981862387379
"ATGGCTAGTGCTTAGA-2","male","IN-MGE",-5.6167388914336,-4.42295016370641,-6.87631833361075,4.11835048041065
"ATGGCTGTCACTAGGT-2","male","Microglia",-9.15706453306568,12.8910266009725,0.517108144298341,-8.9049449221162
"ATGGCTGTCATCCTAT-2","male","EN",1.33622899072277,-11.0862292202555,0.775976026490476,4.97599456152637
"ATGGCTGTCGTCAAGT-2","male","Microglia",2.00779321210491,4.00824581064357,-3.75211226747915,-6.50100567498486
"ATGGCTGTCTTGTCCA-2","male","EN",6.14485826509106,-12.8946951778971,3.65925872518137,6.35265443167408
"ATGGCTTAGGCTAGAA-2","male","EN",8.16975870149243,-7.82828320585118,-7.01228940294668,2.0530080541106
"ATGGCTTAGTGGACAA-2","male","Pericytes",2.3549978973161,0.445138171092405,2.63199937535837,-2.66521504082958
"ATGGTCTAGATTGAGG-2","male","EN",14.864231968094,-5.54467619977819,-0.0171641092149948,2.82957813582142
"ATGGTCTAGCATGTCG-2","male","Oligodendrocytes",-0.574967300723912,9.33379755891932,-2.32374346064017,-0.708314921048089
"ATGGTCTAGCTAATCA-2","male","Oligodendrocytes",-0.765810942481877,4.61705885805263,-2.01026165293143,-1.85799768128674
"ATGGTGCGTTAGCAGC-2","male","EN",8.17575397508251,-7.80159653745519,5.67212975217417,4.69719979605396
"ATGGTTATCCGCATGA-2","male","EN",4.2572685720216,-10.1687411221109,2.82538390351846,3.47283193907459
"ATGGTTATCCTCATGC-2","male","Microglia",-9.04458341581714,12.2014313784994,0.637058259979036,-7.76090004601757
"ATGGTTATCGGTTCCT-2","male","EN",7.55582323091137,-9.22099865995275,4.01550424291208,4.67951319060047
"ATGGTTATCTAGCTTT-2","male","EN",1.47909262197125,-9.44508446775304,1.74936062289789,3.39558265051563
"ATGTAACGTAGCCTCC-2","male","EN",8.58978834169018,-7.09718312345372,5.73246395780161,3.82523653349598
"ATGTAAGCAATTGCGC-2","male","Microglia",2.20609595792401,4.17982135690822,0.0129769463689591,-8.86845638909618
"ATGTAAGCACAGAACG-2","male","IN-MGE",-7.17655954344166,-5.15479220472203,-6.71685159014151,4.15121910414417
"ATGTAAGCATGAATCT-2","male","Oligodendrocytes",-0.75623295290363,4.92516146577968,-1.64947092340872,-2.30957987466137
"ATGTAAGCATGCAACC-2","male","Oligodendrocytes",-0.212008690666081,7.50976334489955,-2.0740042905657,-0.590746547367974
"ATGTCAATCACGTTAA-2","male","OPC",10.6022519113313,2.97986613191737,11.1402746458204,-0.55353214898388
"ATGTCAATCCACCTGT-2","male","EN",6.6447357179414,-13.1460198315226,3.70009005261972,5.99662968954761
"ATGTCAATCTAACTGA-2","male","EN",1.39843418614971,-10.9909628780924,0.447278382316377,5.27861497244556
"ATGTCAATCTTAATGG-2","male","IN-CGE",2.49039354341137,-4.75371016584264,-4.26348054216788,10.9288782819243
"ATGTCATCAATTGACT-2","male","Oligodendrocytes",0.0128135027180892,9.34124098695887,-2.44060027407095,-2.49744155564587
"ATGTCATCACAATGTT-2","male","EN",3.13588752763378,-13.517934695109,1.59836435510233,7.60700414023121
"ATGTCATCACCAGGTT-2","male","IN-CGE",0.0631657482873183,-4.81307448469029,-3.41658198641226,9.25328490576466
"ATGTCCACACAAAGCG-2","male","Microglia",-9.11346445066822,11.669788464681,-0.644281385406706,-8.44160511651318
"ATGTCCACACAACAAA-2","male","Microglia",-6.6426497457732,-4.54952277265416,-1.92278158472464,-5.3884620920686
"ATGTCCACATTGTCAG-2","male","IN-MGE",-17.1019278524627,-5.81164158902989,-5.5538114290087,4.63773939451893
"ATGTTCAAGCCACAAT-2","male","OPC",11.6016682626497,3.92555175699367,12.3256651182325,-1.05764725365917
"ATGTTCAAGGCAACAA-2","male","EN",1.26588805930722,-10.5920580776774,1.69037735654428,3.79533693632801
"ATGTTCAAGGCTGTCA-2","male","EN",8.78770723359692,-7.64855755887853,5.95403731061533,4.57034990629871
"ATGTTCAAGTAGCGCC-2","male","Oligodendrocytes",-0.673281168769719,3.21872912325038,-1.60337316797659,-2.38647391953747
"ATGTTCAAGTTATCTC-2","male","Microglia",-8.99444017393482,13.3978997317709,0.219426514640596,-8.82662441888134
"ATGTTGTCAACACCTA-2","male","Microglia",2.25620951669323,4.29335843004359,-0.349252937301848,-8.36216976800243
"ATGTTGTCATTAGCCA-2","male","EN",8.31599655168164,-7.71966160856114,6.15097439481333,4.03326866469105
"ATGTTTGAGACAACAG-2","male","EN",4.72338190095532,-10.0629538448893,2.43950641347482,3.72632787069996
"ATGTTTGAGACACCGC-2","male","IN-MGE",-5.85512313825977,-4.35112656675206,-6.53536498354361,4.28626749357899
"ATGTTTGAGCTAAGTC-2","male","Astrocytes",-7.25676069242847,1.13606338180674,-4.53933942125723,-5.8955626741914
"ATTAACCCAACTAGGG-2","male","EN",2.09531965272534,-11.8926829250895,1.06313055945947,5.99814984640797
"ATTAACCCAGCATGTC-2","male","Oligodendrocytes",-0.792977189849736,4.51769815363063,-2.66525900171683,-1.35249450364391
"ATTAACCCAGGTCCTG-2","male","EN",6.10063352601635,-12.6207770260416,3.86923897458627,6.15784833273609
"ATTAACCCAGTTATGT-2","male","Microglia",-9.41806135160816,12.9861546603598,-0.382933972343657,-8.17254307427685
"ATTAACCCATTGTGGC-2","male","Oligodendrocytes",-0.236447787116887,5.73376046098842,-2.12882864283011,-0.331382896092339
"ATTACCCGTAATCGCA-2","male","Astrocytes",-0.596400832961919,-0.258153215273486,-4.67712724016592,-6.60361626305859
"ATTACCCGTCAACAAT-2","male","Oligodendrocytes",-0.630703663658025,4.75792466081752,-2.2971397619097,-1.57804443993847
"ATTACCCGTTTACCGT-2","male","OPC",10.8781575204622,3.45848165430201,12.9455782194288,-0.683830405857964
"ATTACCGCAAAGCTAA-2","male","IN-MGE",-2.48030409796131,-3.06551207624303,-6.44146287249014,0.525879253360824
"ATTACCGCAATCCTAG-2","male","Microglia",-7.80261049253834,13.3761206714071,0.682049052849558,-8.64044525780956
"ATTACCGCAATTAACC-2","male","IN-CGE",0.848066234756587,-3.83675994001256,-3.50160777376578,9.30882499060352
"ATTACCGCATAGCTGC-2","male","IN-CGE",0.969891274143336,-3.84324111066686,-3.69978606508658,9.50503394446094
"ATTACCGCATCCATCT-2","male","EN",2.98375954644787,-11.8060091885172,1.92285692884043,5.94952628454883
"ATTACGTCACAGCCTG-2","male","Oligodendrocytes",-0.306284642051579,6.75815211214198,-1.40351593302176,-2.5311610952882
"ATTACGTCATTAAGCT-2","male","EN",4.99652853028881,-9.46168221555577,3.29084289266184,3.42838737806995
"ATTACTGAGATGCCTG-2","male","EN",0.656439626384852,-2.20503367505895,0.378535809055116,2.83693740210255
"ATTACTGAGCGGATTT-2","male","EN",13.6680048944246,-12.0651492031656,3.22899496747568,2.91129944166859
"ATTACTGAGGTCCTAG-2","male","IN-MGE",-6.85961160642994,-5.30511416517125,-6.64312970446036,3.69675657591541
"ATTACTGAGTAAAGGT-2","male","Microglia",-9.20500860197437,10.4651824084677,0.666001694336679,-8.95875218072216
"ATTAGCGGTCGACTCC-2","male","Pericytes",2.30496408956158,0.383444890157117,2.85641348554209,-2.88902475991528
"ATTAGCGGTGCTTTAC-2","male","Microglia",-9.45429143888843,9.40636168398036,-0.742267368301604,-6.33601191201489
"ATTAGCGGTTACCTGT-2","male","Oligodendrocytes",-0.946311330627324,3.76342783846034,-2.2486036996691,-2.52644779839794
"ATTAGCGGTTGGTTAG-2","male","Oligodendrocytes",-0.394238388370397,9.04736052431239,-1.16029274271414,-5.59080460229199
"ATTAGCTCAAAGCTCC-2","male","OPC",11.9630230905305,3.7215159980215,11.4306856413038,-0.686476375248833
"ATTAGCTCAAAGGTAC-2","male","OPC",12.1845454217683,3.10419069208278,11.7141405363233,-0.647197271969719
"ATTAGCTCACTAAGCC-2","male","EN",-0.00482223017108624,-1.44937957845555,2.01499486161783,5.93165871939381
"ATTAGCTCATTGCGTA-2","male","Oligodendrocytes",-0.341194188426854,7.68337593950404,-3.14359032915518,-1.7597782866029
"ATTAGGTGTAGCAGCT-2","male","Microglia",-9.08788309080494,10.9162179080404,0.440991910234239,-9.21695091882031
"ATTAGGTGTGATGAAA-2","male","Oligodendrocytes",-1.00416526777637,2.61166726030482,-2.24777161882803,-2.85275485673229
"ATTAGGTGTGGATGTC-2","male","OPC",12.1184271814119,3.55078588403834,11.8050018568189,-0.306601907399102
"ATTAGGTGTGTTCCCA-2","male","IN-MGE",-2.8467341421355,-3.68583144269811,-7.23590504930899,2.05507025561054
"ATTAGGTGTTCACCCA-2","male","Astrocytes",-8.70126638395679,0.128019049540891,-4.65013301180289,-7.43602516808788
"ATTAGTCCAACAGGAT-2","male","Microglia",-9.15652284605396,10.9118147937216,0.306818129554536,-8.41532471337597
"ATTAGTCCAACCCTAA-2","male","EN",7.86143770234692,-8.28016556821691,5.50439036084726,4.17368814787586
"ATTAGTCCACTAAGAA-2","male","EN",2.99034490602124,-13.5407399090372,1.49858856393411,7.69228598913868
"ATTAGTCCATGTCGCG-2","male","IN-MGE",-5.61825189573658,-6.38118065915929,-6.41006791399405,2.23154172739704
"ATTATCCTCATGCAAC-2","male","EN",14.3038310052644,-5.69991101346837,0.203189672961977,3.19767877897938
"ATTATCCTCGCTATAA-2","male","IN-MGE",-6.21087036116016,-4.44390000425206,-6.01827227877066,4.564277385089
"ATTATGGTCGGCCATA-2","male","IN-CGE",-0.0960999189127702,-4.771681204661,-3.37297332094595,8.82161376318653
"ATTCAACCAGGCATGA-2","male","Oligodendrocytes",-0.475238537620427,2.43256448187007,-2.05039608286307,-2.90126636185925
"ATTCAACCAGTAAAGC-2","male","IN-CGE",2.53112282769787,-5.42784012876378,-4.25348031328604,10.8573879941436
"ATTCAACCATTGTGAT-2","male","IN-MGE",-0.390677606891515,-1.7575792225443,-2.98124420450613,8.23090932211597
"ATTCACTTCATGCCTC-2","male","EN",1.79556849019635,-11.3384922894083,0.0556281824262406,4.94538066229542
"ATTCACTTCCCGTTTA-2","male","Oligodendrocytes",-0.620441174339177,9.66866599001063,-2.00625097559378,-1.48805740037243
"ATTCACTTCCTCAGTC-2","male","EN",14.2990130426179,-5.6057180317484,-2.6492384652941,-0.0317030803231435
"ATTCACTTCGATTATG-2","male","Microglia",-9.33433828337085,12.7019101230062,0.847223673774075,-8.22075321831982
"ATTCACTTCGTGCTTC-2","male","Astrocytes",-8.97284708006275,-0.478016153200732,-4.90499579714224,-5.8149814859895
"ATTCATGAGGCCTAAT-2","male","OPC",9.24480047242749,2.44822297968043,13.0312467832716,-0.270005668785973
"ATTCATGAGGCTACTG-2","male","Endothelial",2.79413213746655,13.2836695758261,3.00824392034128,-2.47156193414013
"ATTCATGAGTCTGGGC-2","male","EN",13.741974735428,-12.1557940395914,3.24995482160166,2.85947367987354
"ATTCCGGAGGCTTAGT-2","male","EN",1.5262031795274,-9.63380517087804,1.59584832383707,3.12651822409351
"ATTCCGGAGTAGCCAT-2","male","Oligodendrocytes",-6.92801866514576,0.813093930260076,-3.17667949007437,-5.03513767876904
"ATTCCTAGTATTGGAT-2","male","IN-CGE",1.84630491750347,-5.98532857023107,-3.91611277864859,10.41498229346
"ATTCCTAGTATTTGGG-2","male","EN",4.94558610932934,-9.84521664701329,0.0788086671979691,4.28508207640369
"ATTCCTAGTCATAACG-2","male","Oligodendrocytes",-0.444412267040135,3.47975526727809,-1.30382644937918,-2.16674592652599
"ATTCCTAGTCGACTCC-2","male","Microglia",-9.11086759550464,10.8132687655844,0.944928521350172,-8.29279282250683
"ATTCCTCCAACTAGGG-2","male","OPC",11.2684248925935,3.42118845857753,11.9169651289137,-0.90907766976635
"ATTCCTCCACCAACCG-2","male","Oligodendrocytes",-0.815638398956182,11.0330191699423,-2.72948944376394,-0.725960399296685
"ATTCCTCCAGTAGCCT-2","male","IN-CGE",2.05510678308117,-5.92179049573766,-4.07736623094961,10.8398289426299
"ATTCCTCCATGAAGTA-2","male","Oligodendrocytes",-1.00721178038013,3.30737839616908,-1.77037203119681,-2.16472294488232
"ATTCGTTTCCATCAGG-2","male","EN",5.4277700425874,-9.61218251310216,3.33568442060068,3.5921516164275
"ATTCGTTTCTTGAGCG-2","male","EN",1.82015671746838,-10.9099501522623,0.685457991495874,5.03367039999683
"ATTGAAGCAACTAACT-2","male","EN",5.51256980912792,-9.78170384488927,3.15617788030222,3.8052179559203
"ATTGAAGCAACTGGCT-2","male","EN",6.85408248918164,-10.6382788570963,2.48637640668466,7.5166253789397
"ATTGAAGCACCTGCCT-2","male","EN",2.69730749147045,-13.4652127178751,1.81131625367716,7.59015271506031
"ATTGAAGCATCACTTC-2","male","Oligodendrocytes",-3.03072009069812,-4.6140974911295,-6.15999257372305,0.350656036946372
"ATTGAAGCATGAAATG-2","male","Oligodendrocytes",0.0693146230469924,9.05456744112147,-3.66201531694815,-5.09270193734448
"ATTGACTCAAGGTATA-2","male","IN-MGE",-4.17310056669605,-6.60126103483068,-7.37269723223135,1.02769971332272
"ATTGACTCACCGGTAT-2","male","EN",3.79917111413586,-14.1363114269816,2.3695923109205,7.53553912481983
"ATTGACTCACTTCATC-2","male","EN",-3.51073703749073,-4.28985394559728,6.27079785062387,4.18235347113331
"ATTGACTCAGCAACCT-2","male","Oligodendrocytes",-0.894333696197392,1.4320313779272,-0.925320981010649,-3.1543939367799
"ATTGACTCAGCAGGTA-2","male","Oligodendrocytes",-0.39773229343784,9.05012904085292,-2.04475962923453,-2.09397294678967
"ATTGACTCATGGAGGC-2","male","EN",6.41043844239819,-13.2835720928751,3.89843499852732,6.12258860907276
"ATTGCACAGTCGCTAG-2","male","IN-MGE",-5.84306249601734,-4.38518466077672,-6.76971518801138,4.70135829291065
"ATTGCAGGTCATAACG-2","male","EN",1.41310110108959,-9.6880949886881,1.12099689437464,4.89050957998951
"ATTGCAGGTGACATAT-2","male","Microglia",-9.34723482115162,10.2074805346884,0.64787900640085,-7.59054711022656
"ATTGCAGGTGCTTACT-2","male","EN",7.52026834504711,-9.81510247312413,3.5581282396467,4.71895024618824
"ATTGCAGGTGGAAACG-2","male","IN-CGE",0.256725678015826,-3.26372922979222,-3.53865277574942,9.29137275061329
"ATTGCAGGTGTTGTAG-2","male","OPC",10.8321398736726,2.93675385393275,11.0818077345045,-0.500691200879021
"ATTGCAGGTTACTAGG-2","male","EN",0.642406189609645,-2.32422079168187,1.73485195828989,2.98073384604176
"ATTGCAGGTTCACCCA-2","male","EN",3.87804236428845,-13.4227093609415,2.12136280728891,7.17907330832203
"ATTGCAGGTTTAGCGA-2","male","EN",5.01019802110302,-9.91172684751378,2.95544946385935,3.65954277357777
"ATTGCGCCAGGAACAT-2","male","EN",3.90693154351818,-13.5102480801188,2.20089066220835,7.85014817557056
"ATTGCGCCAGGTTATT-2","male","Oligodendrocytes",-0.145861363242986,5.39434920229091,-1.79535257624075,-1.03963723340313
"ATTGCGCCATCTTGAG-2","male","Oligodendrocytes",8.4472636224519,-6.82700242124425,-3.2881168107836,-0.423254396107598
"ATTGCGCCATGCATAT-2","male","EN",14.5632514001619,-5.5555266293131,-0.157613037094328,2.21357223829945
"ATTGCGCCATGCTTAG-2","male","Oligodendrocytes",-0.461037492584111,10.3174515811361,-2.47058284090445,-1.31770708718578
"ATTGCTCGTAGGTTAT-2","male","Astrocytes",-7.15683946592701,0.920525386706724,-4.80350100801871,-7.35385372796337
"ATTGCTCGTAGGTTTG-2","male","Oligodendrocytes",-0.525774454902532,2.70301662363185,-2.29161393450186,-0.864544297840996
"ATTGCTCGTGTCCAGG-2","male","IN-MGE",-17.0965567587127,-5.80146111570226,-5.66280066774771,4.54877612433155
"ATTGCTCGTTAATGAC-2","male","Oligodendrocytes",-0.125395572017552,7.796030148641,-3.12007677362845,-1.87960817971508
"ATTGCTCGTTTGCGCC-2","male","IN-MGE",-6.98393926603687,-5.94062842450963,-6.33899152086661,4.12033936819752
"ATTGGCTAGCTTAGCG-2","male","Astrocytes",-9.1458178518523,-0.272769466265307,-4.82259499834463,-5.77386381783764
"ATTGGCTAGGAAGCTA-2","male","Oligodendrocytes",-0.724338984321477,4.03329740442409,-1.82857715891287,-1.62712481179516
"ATTGGCTAGGAGGCAT-2","male","Oligodendrocytes",-0.0855161605585832,6.84057770647181,-3.04735433863089,-0.443499948170586
"ATTGGCTAGGGACGCA-2","male","IN-CGE",2.54143705384838,-5.09940470777379,-4.23490512178824,10.1491646512481
"ATTGGCTAGTAACTCA-2","male","EN",6.95024194734204,-10.1387766750895,3.06592238141611,4.2619092210265
"ATTGGTTCATAGCTGC-2","male","Microglia",-9.15035352690113,10.3801175204672,0.0538658518941666,-8.03779843011181
"ATTGGTTCATCAATCG-2","male","Oligodendrocytes",-0.591619288753392,4.60892735399379,-2.90936529444143,-1.655613447812
"ATTGTCCGTCTTTATG-2","male","EN",3.67126741426098,-13.9028471859537,1.98074102593973,7.82302234015186
"ATTGTGATCAGGATGA-2","male","EN",0.476702691782592,-1.15880180917607,5.25895846082285,4.40699550947864
"ATTGTGATCCACCTTA-2","male","Oligodendrocytes",-0.779056763481023,10.5236254779257,-1.95256507204458,-2.35530069031994
"ATTTAGCCAAATACCT-2","male","Microglia",-9.12097654325855,12.3579388705648,0.759269686475542,-8.69154980340283
"ATTTAGCCACTAAATC-2","male","Oligodendrocytes",-0.898938035797002,1.88086520113124,-2.00638735102102,-0.575443174031182
"ATTTAGCCACTAAGCC-2","male","Oligodendrocytes",-0.721042132209661,8.21577988542689,-1.46666061685965,-2.23436978020947
"ATTTAGGTCAATCATG-2","male","EN",3.12339463250744,-13.5580643566691,2.10018694593027,7.25431105932911
"ATTTAGGTCTAGCGTG-2","male","OPC",10.6801604272615,3.23618827737941,9.35889113141611,-0.57916691460888
"ATTTGCAAGCACCACA-2","male","EN",7.25608577745068,-10.585224047526,3.17156326963022,4.96510550818165
"ATTTGCAAGCCACAAT-2","male","EN",8.52926530854809,-7.11917485319005,6.52218544675424,4.16719553312977
"ATTTGCAAGCCTGTGA-2","male","OPC",10.5237139703523,2.85325823701991,12.4525057096632,-0.595330979016228
"ATTTGCAAGGAAGCTA-2","male","EN",6.82933559434521,-11.2271727474772,1.40826428128793,3.58921239218433
"ATTTGCAAGGATTGCT-2","male","OPC",11.9892729760896,3.20898257173671,12.5257250089796,-0.55517461457531
"ATTTGCAAGGCTATGT-2","male","Microglia",-4.93674001676929,-4.55364789090978,-0.587491510376189,-8.31084301629345
"ATTTGCGCAAGTCGCT-2","male","IN-MGE",-2.46945581419361,-5.51774634443151,-7.78830945299551,1.09751049122532
"ATTTGCGCACTTCACT-2","male","Microglia",-9.36801252348316,9.03033743776454,-0.790566800102446,-6.19616463341992
"ATTTGCGCAGTTAAAG-2","male","Astrocytes",-7.49748954756153,0.652896262482538,-4.73149907396719,-7.26186564126293
"ATTTGCGCATAACGGG-2","male","IN-CGE",0.354855496231793,-4.07563485227452,-3.30818021105215,8.65884587607105
"ATTTGTGAGAGAGCCG-2","male","EN",1.27956476228344,-9.61947335325109,1.39210879994943,4.65401718458851
"ATTTGTGAGGCAGGTG-2","male","Oligodendrocytes",-0.650632357429387,8.44188271440638,-2.67939579294607,-0.349508787777825
"ATTTGTGAGTATGTGC-2","male","Oligodendrocytes",-8.23001108152759,0.0804822293676276,-1.33352291391775,-2.05277373948376
"ATTTGTGAGTTCCCAC-2","male","OPC",10.9953059198152,3.06721506990565,11.078566195503,-0.197114433434411
"CAAACAACAATAAGCA-2","male","EN",8.02947893159497,-7.18126000486241,6.31026661588266,4.59535143217762
"CAAACAACAATTAAGG-2","male","IN-MGE",-4.02170000059498,-5.37670601926671,-7.01004540728018,2.48057756266315
"CAAACAACAGCATGAG-2","male","IN-MGE",-2.98789510710132,-5.98447789274083,-7.73422467516348,1.14675969323833
"CAAACAACATAAGTTC-2","male","Oligodendrocytes",-0.538346206973912,2.51333437837733,-2.39664280222342,-2.27486732163708
"CAAACACTCGCGACAC-2","male","Oligodendrocytes",-0.887569761108281,1.73430095590724,-2.18557274149344,0.0727348073454661
"CAAACACTCGTTAGCG-2","male","EN",1.18815478103268,-10.8340805920206,0.43683129741266,5.35264489493091
"CAAACACTCTAATCCT-2","male","Astrocytes",-9.20204935057056,0.107556000129117,-4.79014575289175,-6.76943876900951
"CAAACACTCTTTGACT-2","male","Oligodendrocytes",-0.927350854705693,2.94935284532679,-0.50476717756674,-1.75223138490002
"CAAACATGTGCTCACC-2","male","Oligodendrocytes",-0.391726410220982,10.1628190127767,-3.00343072222159,-0.303033556130333
"CAAACATGTTTACTTG-2","male","EN",0.829156184364436,-2.64684905134069,-3.55870663927481,10.2154354794951
"CAAACCGTCAACAAGG-2","male","EN",7.00617923753369,-11.0573910626017,1.61634987784937,3.33515236220081
"CAAACCGTCAGCCAAT-2","male","Astrocytes",-8.60922441465748,0.0150065866865058,-4.55452620790884,-7.00933506646435
"CAAACCGTCATTTGCT-2","male","Microglia",11.6232012750398,4.92753706850184,-0.657040474876616,-6.405275847104
"CAAACCGTCCCTGGAA-2","male","Oligodendrocytes",-0.902261709998967,2.47611676134242,-2.37956869409964,-1.06254258313458
"CAAACCGTCCTTAATC-2","male","Oligodendrocytes",-1.01265690309894,2.35785494722499,-1.27029216097281,-2.10813167252819
"CAAACCGTCCTTGTTG-2","male","EN",7.56598415391552,-9.25216187558995,3.40040672017648,3.92590520224293
"CAAACCGTCTTGCATT-2","male","EN",6.85943212525952,-10.2575196178995,3.34716928197458,4.34003827414234
"CAAACGCGTCAAGTAT-2","male","EN",7.53282537477124,-8.77914036832677,4.84612095548227,4.68748900732716
"CAAACGCGTCAATACG-2","male","EN",6.21139230744946,-12.7902773769938,3.71001184178903,5.90919730505665
"CAAACGCGTCAGGAAG-2","male","EN",1.11513831632244,-10.9828642757975,0.463351281419542,5.11020991644581
"CAAACGCGTCGCGCAA-2","male","IN-MGE",-3.52166376097095,-3.64429368100987,-7.66124093340323,1.8967649682494
"CAAACGCGTTACTTCA-2","male","Astrocytes",-9.10997972471607,-0.0499852450929742,-4.22152077959463,-5.91651728310864
"CAAACTGGTCTCAGCC-2","male","Oligodendrocytes",-0.75792083723438,7.07427130617274,-3.33337056444571,-0.943435694363518
"CAAACTGGTGGTGAGA-2","male","Oligodendrocytes",-1.01061103327167,8.10697327531947,-3.47716986940787,-0.883879806187554
"CAAAGCGCAGCTTAGC-2","male","OPC",11.6923655511628,3.49568496622218,12.518435122505,-1.23056998410503
"CAAAGCGCAGTTAAAG-2","male","IN-MGE",-6.90547237379444,-6.05351628385411,-6.49224841402456,4.39342400870045
"CAAAGCGCATTGTGAT-2","male","Oligodendrocytes",-6.6239615438689,1.52480857051982,-1.38039791391775,-2.13331701913158
"CAAAGGATCAATGTCA-2","male","Oligodendrocytes",-0.298464751075627,8.21828518785609,-3.22348248766348,-1.05498054185192
"CAAAGGATCATTTAGG-2","male","IN-CGE",1.99790897386181,-5.92115201078282,-3.81071173952505,10.1814102872344
"CAAAGGATCTTGCTAT-2","male","EN",1.80518438832867,-11.3448637875162,0.445653887525346,5.34259364447315
"CAAAGTGAGAGAGGCT-2","male","EN",2.72542920129406,-2.24798788152562,-0.79927789972708,3.78415534338673
"CAAAGTGAGCAAGATG-2","male","Microglia",-9.20757589323414,10.3961545077719,0.734758043721464,-7.97841026940624
"CAAATCATCCAATTAG-2","male","Oligodendrocytes",-0.333198463748815,5.39478217043056,-1.69380819605276,-3.58285525002758
"CAAATCATCGGTTACG-2","male","IN-MGE",-3.64237747175586,-3.68475092969762,-7.59667527483389,2.02420124849995
"CAACAATGTACGGTAC-2","male","Oligodendrocytes",-1.08115587217701,3.59931932367457,-1.90481626795218,-3.29219033875744
"CAACAATGTAGCCTCC-2","male","IN-CGE",-3.26244530660999,-9.70402897916661,-2.79044496820852,7.95471570334156
"CAACAATGTAGCTAAT-2","male","OPC",12.1656502725373,3.79445229448451,11.8925949354322,-0.870045329716607
"CAACAGGCAAATACCT-2","male","EN",15.4890069009553,-5.39601363263951,0.582862766519334,3.56657073340137
"CAACAGGCAAGGTGGC-2","male","IN-CGE",-3.11174283010853,-9.51273717008458,-2.98774659441397,8.32650849661549
"CAACAGGCAATATGGA-2","male","Microglia",11.569120311905,4.70113287843837,12.2184234876783,0.264245663497047
"CAACAGGCACAACCTA-2","male","EN",7.44378938691723,-9.85095681272374,2.27159786416605,3.88305470785816
"CAACAGGCATCCCGCT-2","male","IN-MGE",-3.74927101118457,-5.75068606458531,-7.43928944872305,0.801344101044731
"CAACCCGCAAGGTGGC-2","male","OPC",11.2161406518708,3.80132351793422,12.1905809660108,-0.462590481427117
"CAACCCGCACCTAAGC-2","male","Oligodendrocytes",-0.960062599014165,1.11683998979701,-0.935766098961089,-2.71028902688305
"CAACCCGCATATAACC-2","male","Oligodendrocytes",-0.686585759948613,10.7567931262411,-2.03030359552786,-1.52610304513256
"CAACCCTTCGTTATAG-2","male","EN",4.91598262803662,-9.66121090970861,2.98399317456796,3.86764857611378
"CAACCGGGTCCGTAGG-2","male","Oligodendrocytes",8.2885197641145,-7.87987031064855,-2.88563763903067,-0.875301744130059
"CAACTAATCACGAATC-2","male","EN",14.171155834366,-5.66549815259801,-3.32909571932242,-1.28099754014294
"CAACTAATCCCTGACT-2","male","IN-MGE",-4.99353656752002,-4.43491829954015,-6.66983258531973,3.73156258902271
"CAACTAATCGGCTATG-2","male","Oligodendrocytes",-0.665008401702764,2.70501838602199,-2.83875262545035,-1.2475872293977
"CAACTAGGTACTGAAT-2","male","EN",13.7189673425447,-12.1033123882853,3.13178217603281,3.54210183462818
"CAACTAGGTGCAATGC-2","male","Pericytes",1.71000387685406,0.257373824492826,2.91418731404856,-2.56970193543713
"CAACTAGGTTAACAGT-2","male","Microglia",2.227770948578,4.11761413492335,-2.2342358808367,-6.78621866860668
"CAACTAGGTTGCAATG-2","male","Microglia",-8.93683824522388,12.6806517688192,0.924968900218752,-7.83076336541454
"CAACTAGGTTGCTTCG-2","male","Astrocytes",-8.16016683561695,0.522984940335884,-4.58421838091299,-7.02915384927075
"CAAGAACCAAAGGCCA-2","male","Astrocytes",-6.50589141828907,1.77134929575099,-4.79712855623648,-6.8052773729829
"CAAGAACCAGTAAGTA-2","male","EN",15.6209792138826,-5.44824971280919,0.51895490480974,3.67579457602222
"CAAGACAAGGCGCTTA-2","male","EN",15.4965447427522,-5.41972149930821,1.494256975189,3.91690180144031
"CAAGACAAGTAAGGGC-2","male","IN-MGE",-4.52896938307178,-6.43871773801671,-7.77876031206534,0.846184734913902
"CAAGGCCTCACCGGTA-2","male","EN",6.27154531495678,-13.0613593014322,3.70467317296579,6.29524752936085
"CAAGGCCTCATCCACC-2","male","EN",0.181194105912326,-1.49955977521764,0.108919920459535,2.89698669752796
"CAAGGCTGTAATGGAA-2","male","IN-CGE",-2.9442056177367,-9.35391034208165,-2.8993912916033,7.77082297644337
"CAAGGCTGTGCTCCAC-2","male","Astrocytes",-8.40322885496509,0.143830403462781,-4.752693531975,-7.13869908013622
"CAAGGGAGTCCGCTGT-2","male","Astrocytes",-8.64164552671802,-0.13138724885808,-4.68788802431509,-5.91325285592358
"CAAGGGAGTCGACTCC-2","male","OPC",10.7145604135286,2.64942727960719,12.885731341377,-0.429254438069268
"CAAGGGAGTGGCTTCC-2","male","Microglia",-9.13611326200855,10.3257514087118,0.273043813243654,-8.5136513964204
"CAAGGTAAGCTGTCAG-2","male","Oligodendrocytes",-0.443207657169225,5.91003380693568,-1.95105945871756,-1.04101779618542
"CAAGGTAAGGTGAAGC-2","male","IN-MGE",-6.59214410765064,-4.5269040020548,-6.66916358278677,4.57231328329761
"CAAGGTAAGTCATCCC-2","male","Oligodendrocytes",-0.0619298575629014,8.24899636186732,-1.14984404848501,-5.66982462563793
"CAAGGTTTCCTCCATA-2","male","Astrocytes",-9.05402765257251,0.528750914857521,-4.59537112520621,-7.0265760675935
"CAAGGTTTCGCAGGCT-2","male","Oligodendrocytes",-0.616137659381749,1.70627664007319,-2.59442245767996,-2.2838785902528
"CAAGGTTTCGTACCGA-2","male","Oligodendrocytes",-0.503305768798711,5.91734085954799,-2.8045152406542,-2.36428406396191
"CAAGGTTTCTTGTCCA-2","male","IN-CGE",1.25510021464932,-5.48612155042516,-4.08538043306753,10.0044054730864
"CAAGTAACAAAGCTCC-2","male","EN",7.861733341385,-8.25706090055333,5.13770878507211,4.80229804358204
"CAAGTAACAAGGTGCA-2","male","Microglia",-9.06797418577564,12.379734143392,0.0884667654187943,-7.89180805840771
"CAAGTAACACGTAATT-2","male","EN",1.81010034101116,-10.4434975536905,-4.65263640688345,-6.4086766497163
"CAAGTAACAGGAACCA-2","male","Oligodendrocytes",-0.151377713512303,9.5390368548788,-2.40984785364554,-0.914967323925896
"CAAGTAACATGAATCT-2","male","Oligodendrocytes",-0.419072604011418,-0.662123218401537,-2.31614744470999,-0.142860557225152
"CAAGTATGTACCGAAC-2","male","EN",4.44749202745068,-10.1236828716837,1.73823726369455,3.11330411276539
"CAAGTATGTCCCGAAG-2","male","EN",0.332038761843322,-9.3384045513712,1.05097210599497,5.59018370947559
"CAAGTATGTTAGGTGC-2","male","Oligodendrocytes",-0.167732512782933,8.99790964998378,-2.58294570253775,-0.869378830578728
"CAAGTGAAGCCATCAG-2","male","Microglia",2.2360728027116,4.22915707506312,-1.52615940378592,-6.14594080605785
"CAAGTGAAGGCGAATA-2","male","Endothelial",2.66432752626049,13.4494877902426,3.00709283544138,-2.44483449616711
"CAAGTGAAGGTCCACA-2","male","EN",4.06839861886608,-13.3584240826212,2.1531091947706,7.47472188315113
"CAAGTTATCAATGAGG-2","male","EN",1.53008224980938,-10.6467284115397,1.10607207013681,4.63321564039905
"CAAGTTATCACAGCGC-2","male","EN",1.33300789611447,-11.0707911404215,0.475296648278978,5.17930838904102
"CAAGTTATCCCTGTTA-2","male","EN",7.12451591508496,-10.5994213970743,3.58241832448557,4.77181670508106
"CAAGTTATCCTCATCA-2","male","EN",6.23636236207592,-13.2487458141886,1.93058788968637,5.580563996646
"CAAGTTATCCTCCCTC-2","male","EN",0.69092919843304,-9.66598500333654,1.39119273616388,3.4855522855254
"CAAGTTATCCTCGATC-2","male","IN-MGE",-6.57533225996387,-4.36987961850987,-6.59216487215445,3.98350140890797
"CAATAAGCAAACCTAT-2","male","Oligodendrocytes",-0.807954764198186,4.36556993402614,-0.920598505005095,-1.38284995713512
"CAATAAGCAGCATGAG-2","male","IN-CGE",0.922237479854701,-5.35296620450841,-3.64543664263174,9.87553069433887
"CAATAAGCAGGCCTTG-2","male","EN",1.37559529559719,-9.66077984891759,1.30959359003618,2.94795081457813
"CAATAAGCATCCGTAA-2","male","EN",1.29703542010891,-10.8288229855143,0.883888697311428,5.19303796133716
"CAATAGCTCAATGAGG-2","male","Microglia",-9.10092458708179,13.6575490085043,0.839719771467295,-8.66816094079296
"CAATAGCTCTAGCTTT-2","male","Microglia",-9.31293115599048,9.2528344241537,-0.339029906257841,-8.75618889489452
"CAATATGTCCCTGGAA-2","male","IN-CGE",2.4389468671571,-4.7455409916483,-4.13240611360953,10.8826164945098
"CAATATGTCGATTTAG-2","male","Pericytes",2.34428861158001,0.465049735978975,3.03333509160593,-2.41023543038647
"CAATATGTCTGTTCAT-2","male","EN",1.96030809896099,-10.5608061703287,1.19499796821192,3.16674849829395
"CAATCCCTCAACCAAC-2","male","IN-MGE",-3.8635798452605,-6.48619259916173,-7.65919625566885,0.886249695632057
"CAATCCCTCATTATGG-2","male","Microglia",-9.36056146604908,9.08309374727382,0.0315880794675614,-6.15927937188427
"CAATCCCTCGAAGTAG-2","male","EN",13.678513431717,-12.0688780697428,3.17011082364633,2.94703218779285
"CAATCCCTCGACAAAG-2","male","Astrocytes",-7.44085130674732,1.75093172468318,-5.30561148928091,-5.3781967417268
"CAATCCCTCGATAACC-2","male","Oligodendrocytes",0.551652604509471,-1.28735949121343,-2.95854484842703,-1.95543744721691
"CAATCCCTCGCGACAC-2","male","EN",7.67424144761669,-8.76760186277257,5.35526812268808,3.53622100195606
"CAATCCTGTAACCAGC-2","male","EN",4.15333666818249,-13.6625737103068,2.04277658654764,7.8663305982085
"CAATCCTGTTAGGTTG-2","male","Oligodendrocytes",-0.421493208240392,10.1049405185141,-2.89497220323965,-1.60435917535107
"CAATCGCCAAAGCTCC-2","male","EN",4.53831186311352,-12.9655646236979,-0.751878974899504,3.69793937048634
"CAATCGCCATTGTGCA-2","male","EN",1.91699447648632,-2.29692520223485,1.57165897084787,-1.42375710168163
"CAATCTAAGCCAGTAT-2","male","EN",6.63483753221142,-13.2294367703043,3.85324967099741,6.20229623160084
"CAATCTAAGCTTACTT-2","male","EN",7.4642428399812,-9.85184468351232,3.89566648198679,4.62330195746143
"CAATGAACAATACTGT-2","male","Microglia",-9.38118467314136,8.87921152986659,0.281394483581331,-8.03498032250683
"CAATGAACAATTATGC-2","male","IN-MGE",-3.5004526136626,-4.31901349149571,12.8301788587721,-0.513975407269402
"CAATGAACATCACTTC-2","male","EN",8.58337965028393,-6.83719863019811,6.61872065259531,4.11296436629017
"CAATGACTCACAGCGC-2","male","EN",7.12862148301708,-10.6721009167276,3.60776126576975,4.7288384183379
"CAATGACTCAGGTTTA-2","male","Pericytes",1.59262385385144,0.236233159676923,2.87529838277414,-2.55774929681103
"CAATGACTCCCGCATT-2","male","Oligodendrocytes",-0.422849213909032,9.2652970401205,-3.15127837465689,-0.85186138310711
"CAATGACTCCCTCTAA-2","male","IN-CGE",0.620710039306758,-3.96525372587071,-3.31466376589224,8.79093119940479
"CAATGACTCCTCCTAA-2","male","Oligodendrocytes",-0.333948170970799,9.51203356660975,-2.69945967005179,-0.867689515736504
"CAATGACTCCTTAAGA-2","male","IN-MGE",-7.16172323210132,-5.6210349949442,-6.26862609194205,4.42035815558155
"CAATGACTCGAGGTGG-2","male","EN",2.9888142587434,-13.6772345455729,1.52854484511926,7.15635869345386
"CAATGACTCGCTAAAC-2","male","IN-MGE",-7.02704868299854,-4.38365592084752,-6.69323146150992,4.25483677229603
"CAATGACTCGGGACTC-2","male","Oligodendrocytes",-0.353107309173467,6.72135077394618,-3.4191392640917,-0.919893647816582
"CAATGCCCAACTAGGG-2","male","Oligodendrocytes",-0.120879864524724,7.27649174608363,-2.66545164392874,-0.692919756558342
"CAATGCCCACTAAGCC-2","male","OPC",9.4188326837312,2.34561954416408,11.1505371351393,-0.401820327427788
"CAATGCCCAGTAGGAT-2","male","OPC",10.8185395242463,3.04476033128871,12.2055441160352,-0.161481048252984
"CAATGTCAGGCCAATT-2","male","IN-MGE",-7.07677040083301,-4.85101641736852,1.10812840057924,2.42542598089893
"CAATGTCAGTAAGGGC-2","male","Microglia",-9.39638910276783,9.07207499422206,0.105982663169649,-7.65791943230908
"CAATGTCAGTCTATGA-2","male","EN",6.56408586518872,-10.976843729838,3.0647245664747,5.12328383764942
"CAATGTGGTACGCGCA-2","male","Microglia",-9.35318002684009,8.83047209657802,0.435137631431368,-7.80485680260937
"CACAAGCGTAGCTGCG-2","male","Microglia",-9.133233165573,13.1632271853842,-0.438799379333708,-8.38128712334911
"CACAAGCGTTGTTCAC-2","male","IN-CGE",-0.334400570224645,-2.3427671345316,-3.45036637590811,9.64249274573048
"CACAATATCAGCACGC-2","male","Oligodendrocytes",-0.713774299453618,5.99274550356044,-1.75759041117117,-1.7013807550935
"CACAATATCCTTGTTG-2","male","EN",3.45058431642163,-13.6290329845987,1.77595907641962,7.85471198401173
"CACAATATCGAGCTAT-2","male","OPC",12.2180623056184,4.06656037248744,12.5422168989332,-0.856824781086846
"CACAATATCTAGCTAA-2","male","IN-MGE",-4.57456312162769,-6.52212704740392,-7.80186021135733,1.26239905199726
"CACAGGCTCCCTCATA-2","male","Oligodendrocytes",-0.899096464942815,4.40759645380153,-2.22341739939139,-1.97725036301891
"CACAGGCTCTCCTCTT-2","male","Oligodendrocytes",-1.03196630461109,1.69176827348842,-2.16585624025748,-2.29201438584606
"CACAGGGAGACAGGCG-2","male","IN-CGE",0.36722741534966,-4.64242590986119,-3.58018672274039,9.67539927801807
"CACAGGGAGCAACAAG-2","male","Oligodendrocytes",-0.0696926472891587,9.12570296205653,-2.53336393640921,-1.57929876008312
"CACAGGGAGTTATGTG-2","male","EN",1.20224955098736,-9.57903660856114,1.11680251552179,4.78931853613575
"CACATAATCAACAAGG-2","male","EN",7.04301157014477,-10.9708746822916,2.74983203603342,4.22999451002796
"CACATAATCATGTGGT-2","male","EN",1.764028096367,-9.78113545499669,1.2701472063215,4.68774554571827
"CACATACAGCGATACT-2","male","IN-MGE",-2.56644949896228,-5.2311915310465,-6.54637849138663,0.654679533752994
"CACATACAGGCGCACT-2","male","OPC",11.2211159707795,3.66902314104213,11.9524523039015,-0.334491159108086
"CACATACAGTCAGGCC-2","male","Astrocytes",-7.06276378614795,1.5015081612028,-4.84224736498282,-6.76125099816601
"CACATACAGTCAGTAC-2","male","Oligodendrocytes",-0.597924744914891,4.18871913828029,-2.88705336855337,-1.46456363358776
"CACATTAAGGTAAGCA-2","male","Oligodendrocytes",-0.368819987605931,5.44715224184169,-3.5326441507189,-0.875377918866082
"CACCAACCAAGGTCCT-2","male","Microglia",-9.07612047178638,12.3355752078451,0.48043573094919,-8.79103901543896
"CACCAACCAGAACCGA-2","male","EN",7.55490484254467,-9.33517636381017,4.13594019605234,4.77138898215015
"CACCAACCATAATCCG-2","male","IN-MGE",-2.52416310293567,-5.28971613965856,-7.56679570482657,0.75213852218111
"CACCGGTAGCCAAATC-2","male","Oligodendrocytes",-0.822662210296514,1.89536641515864,-2.02384054468558,-0.741665627148552
"CACCGGTAGGCATGTT-2","male","Oligodendrocytes",-0.526207899879338,6.25213681139125,-2.30692183779165,-0.672883536007805
"CACCGGTAGTTGCGTG-2","male","IN-MGE",-3.39852652532947,-3.64411295972692,-7.11036479280874,2.23362347922047
"CACCTCAGTAGTTGGC-2","male","Oligodendrocytes",-0.479907369445683,2.16514991201533,-2.55007660196707,-1.21686604180615
"CACCTCAGTCATCCTG-2","male","Oligodendrocytes",-0.4723239897002,10.1180020419516,-2.32446872995779,-0.779404307988091
"CACCTCAGTCTAGCTT-2","male","Oligodendrocytes",-0.782415842841985,2.22917471803798,-1.91711294458792,-1.64842679658215
"CACCTCAGTTGGCCGA-2","male","Oligodendrocytes",-0.990549421142461,4.28224550165309,-1.80030023859427,-2.09157302537243
"CACCTGTTCAGGGCCT-2","male","IN-CGE",2.16777780072796,-4.58040227018224,-4.02894532488272,10.6067929013701
"CACGCAATCCTAAGGT-2","male","Oligodendrocytes",-0.158586597274663,9.15700064577235,-1.28977119730398,-0.675593997624321
"CACGCAATCCTTAGGG-2","male","Microglia",-8.76385602934253,13.6084681598104,-1.65563666628287,-4.37619211831371
"CACGCAATCGGGATTT-2","male","VSMC",14.2899407388459,-0.842287555559741,2.95193016721323,-2.92678692498486
"CACGCTAAGAGGAGGA-2","male","EN",7.41473903672802,-9.86558140836583,3.63705098821237,4.57182237944324
"CACGCTAAGGGTTATC-2","male","IN-MGE",-4.15485153181446,-5.59972991071569,-8.01450002001211,1.02543938598354
"CACGCTAAGGTGTTAC-2","male","EN",8.25939788835156,-7.37317551694737,6.27581894589975,4.08185574850758
"CACTAAGGTAATGGAA-2","male","Microglia",-7.70741758329761,13.3824778644003,-2.71532738016531,-1.50693538346569
"CACTAAGGTACCCACC-2","male","Microglia",-8.86441621763599,12.966123685018,0.0349585433156754,-8.72769024529736
"CACTAAGGTCCTAGTT-2","male","Astrocytes",-6.50507316572559,1.85473321355952,-4.86453091905997,-6.62600233712475
"CACTAAGGTGATGATT-2","male","EN",2.01474156396496,-11.8551091106974,0.889797074780014,5.72369620642383
"CACTAAGGTGCAATAT-2","male","Oligodendrocytes",-0.984227156471135,3.61341105379237,-1.16169225977347,-2.55705812135021
"CACTAAGGTGTTTCAC-2","male","EN",0.120432043243526,-1.74630297742711,2.03094470693186,7.48087403616627
"CACTAAGGTTCATCTA-2","male","EN",5.11239089982617,-9.8726595791422,3.27551281644419,3.76247856459339
"CACTAAGGTTTAGCGA-2","male","EN",0.876040184665797,-10.1347531231485,0.763585658803728,5.32986447653492
"CACTAGCCACCTGTAA-2","male","Oligodendrocytes",2.44591178910839,-12.0389002712809,-1.71261751459524,-5.12773420968334
"CACTAGCCATAGCGAG-2","male","EN",4.28151621835339,-13.3011120709025,1.67208844615534,7.31600329718311
"CACTAGCCATTGTGCA-2","male","Oligodendrocytes",-0.65359315855396,4.26792226709498,-2.05003082559988,-0.505507017758294
"CACTGACCAGTACCGT-2","male","EN",6.49036636369335,-13.3313483151041,3.87094724370554,6.20125815710743
"CACTGACCATAATCAC-2","male","Oligodendrocytes",-0.633150553535344,10.924375638143,-2.69869649218008,-2.31657602944653
"CACTGACCATTGTCAG-2","male","Microglia",-9.64449319822681,12.1634760943807,-2.5099562387316,-2.52933886208813
"CACTTAAAGGAGTAAT-2","male","Oligodendrocytes",-0.614459669422032,10.4161215869345,-2.97025000856802,-1.84069445290844
"CACTTAAAGTATCGCG-2","male","Oligodendrocytes",-0.639917826484563,3.70690499223842,-1.62445843027518,-2.19740059533398
"CACTTTGTCGAAGCGG-2","male","Oligodendrocytes",-0.49297908527744,7.9388490764059,-2.58034336374685,-1.70919754662792
"CAGAACCGTAAGCTTG-2","male","Oligodendrocytes",-0.446510469745519,10.1367188540853,-1.59922921465323,-0.624285961773797
"CAGAACCGTACTGAAT-2","male","Astrocytes",-9.10571680052173,0.536468941495552,-2.89303672121451,-3.49387362160961
"CAGAACCGTTTGGGCG-2","male","IN-MGE",-2.47985968572986,-5.42504490934239,-7.23927438066885,1.77852198919971
"CAGAATCTCCCTCAAC-2","male","IN-MGE",-6.86146841032398,-5.56027831159459,-6.25353753374502,3.94666097006519
"CAGAATCTCCTCACTA-2","male","Oligodendrocytes",-1.03531334383381,0.933276876584424,-2.21208011911795,0.00464317640979717
"CAGAATCTCCTCCTAA-2","male","OPC",11.4759100915681,3.30175028719081,11.2093492765577,-0.647796656277581
"CAGAATCTCGAGCAAA-2","male","OPC",11.6337641717683,3.83619175829066,12.7189699430616,-0.0454919592408376
"CAGATTCAGCGAAGTA-2","male","IN-MGE",-4.59775314314258,-4.33758439145909,-7.31108033464834,2.36733600935657
"CAGATTCAGCGATAAG-2","male","OPC",12.2361496927034,4.74909840501918,12.7232443113477,-0.684209968235894
"CAGATTCAGGGACTAA-2","male","Oligodendrocytes",1.62615206258404,-2.05733431897985,1.03554636432245,2.15170392832478
"CAGATTCAGTATCGCG-2","male","EN",4.11529746072399,-13.0262679012858,2.70101678563669,7.02791306814869
"CAGCAAGCAAAGGTAC-2","male","IN-MGE",-6.90552482588184,-5.08995331846105,-6.78272712038443,4.74473187765797
"CAGCAAGCAACCGCCA-2","male","EN",7.832436466385,-6.67992247663365,6.30057108594492,3.95029947600086
"CAGCAAGCAGGGAGGA-2","male","Oligodendrocytes",-7.91291532499683,0.795322179571523,-3.66415869997427,-5.50920775094311
"CAGCATGTCAAATCGC-2","male","Astrocytes",-7.93619642240894,0.280839606896772,-4.67777240084097,-6.58125546136181
"CAGCATGTCAAGCTTA-2","male","EN",8.66237535493481,-7.10550345502721,6.45478165341928,4.04234812102039
"CAGCATGTCAATGTGC-2","male","Astrocytes",-9.09302434904468,0.735496341959371,-4.83992469118521,-6.40979054131786
"CAGCATGTCATGAGCT-2","male","OPC",11.4614371301423,3.03182373918666,12.4097248335035,-0.918455030110283
"CAGCATGTCCCGCCTA-2","male","Oligodendrocytes",-0.661297416519048,10.9004880038656,-1.05634081171438,-1.75491168656628
"CAGCATTAGGTAAGGC-2","male","VSMC",14.298199558426,-0.814130440577136,2.92084849073007,-2.77909352937023
"CAGCCAATCCGCCTCA-2","male","IN-MGE",-2.65642390234363,-5.72856034360753,-7.76066052721426,0.929641698214607
"CAGCCAATCGTAACGT-2","male","Oligodendrocytes",-0.196790432762029,9.22265444673671,-3.34496199892447,-0.645444537785454
"CAGCCAATCGTTATAG-2","male","IN-MGE",-2.99540338499439,-4.63143004499303,-6.99615895555899,1.459725294921
"CAGCCAATCTGGCAAT-2","male","Oligodendrocytes",-0.152070021461369,8.39690981783046,-3.22935712145254,-1.16975155034344
"CAGCCTAAGGTAAGCA-2","male","EN",2.30847015397656,-2.13364852987157,-1.00599670217917,3.64524099669178
"CAGCCTAAGTTACCGG-2","male","IN-CGE",0.229272940922854,-4.15024031720983,0.670894833341386,-8.0159068361787
"CAGCCTAAGTTGTCAA-2","male","Oligodendrocytes",-0.683908438514592,1.14683960355891,-1.51983368204519,-2.56729486146252
"CAGCCTAAGTTTGCGG-2","male","EN",0.0837587954293471,-1.93182887159215,0.390789242521074,3.54527947745045
"CAGCTAAGTGCTAGAC-2","male","EN",8.07251062409985,-7.44713105283605,6.08472025586679,4.47757026991566
"CAGCTAAGTTATAGCG-2","male","IN-CGE",0.0145175399075728,-4.76854313932286,-3.34765612886831,9.00687739691456
"CAGCTAAGTTGCGCGA-2","male","Oligodendrocytes",-0.154180264304997,8.23726092256678,-3.41984689043448,-1.68778040566723
"CAGCTATAGAAAGGAA-2","male","IN-MGE",-3.77363595945728,-3.87423171125279,-7.72072636888907,1.13629848203381
"CAGCTATAGCTAAAGG-2","male","EN",2.46816029565441,-2.28077234350072,-0.934549687370512,3.57519314131458
"CAGCTATAGTAATCCA-2","male","Astrocytes",-8.79001245481861,-0.032629564627276,-4.58054864214346,-6.32506611504833
"CAGCTATAGTCTTGAA-2","male","Oligodendrocytes",-0.0510101972330827,9.52175341524257,-2.86856019304678,-0.149156238224907
"CAGCTATAGTGCACGC-2","male","EN",3.59192647950756,-13.9167689236246,1.58644890977457,7.33118769964893
"CAGCTCAAGGCGCTAC-2","male","IN-MGE",-5.98332700712574,-4.38764657102452,-6.94361054705069,3.54387495360096
"CAGCTCAAGTAACCAC-2","male","EN",1.32388117330181,-10.7620533855997,1.05943229986742,4.94948193869312
"CAGGAAGGTCTCACTG-2","male","EN",5.50714912431347,-13.0236948879801,2.6855821628721,7.41774318060596
"CAGGAAGGTTAGTTGG-2","male","EN",2.96558084504711,-12.0890177639567,1.75258737994745,6.1272530301543
"CAGGACACATAACGGG-2","male","Oligodendrocytes",-0.212998664211156,6.17354880251063,-3.31470048235342,-1.84571316399853
"CAGGACCTCATGAGCT-2","male","EN",0.696499282289622,-9.5571078213297,0.921143250599649,5.45331189474781
"CAGGACCTCATGCCTC-2","male","Oligodendrocytes",-0.49315557463062,9.01912508882655,-1.66489326761648,-0.972507502224846
"CAGGACCTCATGCTCC-2","male","IN-MGE",-3.31632933599842,-4.73385657392369,-7.21578442858145,1.6563251956435
"CAGGACCTCGAGCAAA-2","male","Oligodendrocytes",-0.23552743179691,5.77334462083949,-3.30285012529776,-0.720949794438286
"CAGGACCTCGCTAGCA-2","male","Oligodendrocytes",-0.429173803161504,10.1169758883871,0.317511143222597,-7.7431025759248
"CAGGACCTCTGTAATG-2","male","Oligodendrocytes",-0.854823565315129,0.885834857598676,2.81795084668711,-1.19053938546459
"CAGGACCTCTTGATGA-2","male","EN",0.340421100873826,-9.33962716184484,0.954162919953611,5.49773833594044
"CAGGATGCATAATCGT-2","male","OPC",12.449340725113,3.08042155183925,11.6737428922804,-0.539371277478142
"CAGGCTATCAGGCTAT-2","male","Astrocytes",-7.47762308103931,0.716432243362798,-4.6070340852587,-6.42970135369579
"CAGGCTATCATAGACC-2","male","EN",-2.39616546614063,-5.54475058637486,1.12588840915277,6.03478333792408
"CAGGCTATCGGGCCAT-2","male","Oligodendrocytes",2.17253389375317,-4.7982696446024,-3.81573331163809,10.4660114987822
"CAGGCTATCGTGCTTC-2","male","IN-CGE",2.34186699407208,-4.49300088010655,-4.29811036394522,10.6888460858794
"CAGGCTATCTATGACA-2","male","Oligodendrocytes",-0.347039437126042,9.28595744051112,-2.73817431734488,-2.15765550294201
"CAGGCTGGTAATCGCA-2","male","Astrocytes",-7.60023794157398,1.77385710157527,-4.79595172213003,-6.76080801644604
"CAGGCTGGTGACATGC-2","male","Astrocytes",-7.86565122587574,2.05500076688899,-5.223396656975,-6.01057531991284
"CAGGCTGGTTGCGGAT-2","male","Astrocytes",-7.40224561674488,0.543551172838344,-4.84485423372671,-6.30582096734326
"CAGGGCTTCAATGAGG-2","male","EN",3.40302124040234,-13.4944332989298,2.11840236379221,7.64573905310352
"CAGGGCTTCCGCATGA-2","male","EN",8.00175418870556,-7.08509196363317,5.97166645719126,4.30097863516529
"CAGGGCTTCGGTTAGT-2","male","OPC",10.1953467370759,2.6456612197317,10.213612200752,-0.593286182072564
"CAGGGTGAGACAAAGT-2","male","Oligodendrocytes",-0.366932666133763,6.20555029787196,-2.30265605257437,-1.33074309983532
"CAGGGTGAGGATTGAG-2","male","Microglia",-9.3241683004607,11.9169808474935,-0.161600707039091,-7.91344692864697
"CAGGGTGAGGTCAAAG-2","male","EN",8.11945142762768,-6.71450842939244,6.30163538648203,4.36956713041981
"CAGGGTGAGTTCCCAC-2","male","EN",8.10939016358959,-7.65875805936681,6.59595024777963,4.32274362883289
"CAGGTCCAGACTCGCA-2","male","EN",6.49832000749218,-13.2741173657023,3.85811364842966,6.27310273489674
"CAGGTCCAGCTCGCTT-2","male","Microglia",2.09550919549572,4.12983380235805,-2.94995677278921,-6.11703398385326
"CAGGTCCAGCTTAACA-2","male","Oligodendrocytes",-3.51121268255603,-4.40149296842443,-1.87923896120474,-5.17781880059521
"CAGGTCCAGCTTTGGG-2","male","EN",0.368957892787037,-9.36408700071202,1.18689891888216,5.64008233389576
"CAGGTCCAGGTCCTGA-2","male","Oligodendrocytes",-0.367473757099034,8.59057246126307,3.05075776769235,-0.372110034611626
"CAGGTCCAGTCACCAG-2","male","Oligodendrocytes",-0.920530175994756,3.82080207742824,-1.83652436541006,-2.96210792222302
"CAGGTGGAGAACCTAC-2","male","Oligodendrocytes",0.0352740527878981,6.76292906679286,-2.05849039362356,-1.55001666703503
"CAGGTGGAGCACGTTG-2","male","Microglia",-9.32477006895435,11.3723193255819,-0.884617445930693,-5.91362192788403
"CAGGTGGAGGAACCGG-2","male","EN",-0.517282879184606,-0.747486010416613,3.95030868245676,6.18724057516773
"CAGGTGGAGGCTCATG-2","male","Astrocytes",-7.76204309446705,1.12626789487971,-4.82556378649161,-5.88782074609081
"CAGGTGGAGTCAATCA-2","male","Astrocytes",-6.7339583395232,1.51933918871058,-4.54156529711172,-7.18649437585156
"CAGGTTAGTAATTAGC-2","male","EN",14.1673211099397,-5.4657877834879,0.227060498729494,3.04812285742481
"CAGGTTAGTCAAACTG-2","male","EN",7.56908264176953,-9.71674336515294,3.27641499234751,3.43445942244251
"CAGGTTAGTGATGGCT-2","male","EN",1.23947139995205,-11.1990069302164,0.487900169626024,5.28679416022022
"CAGGTTAGTTCCATTA-2","male","Oligodendrocytes",-0.872644162010076,1.28106574691905,-1.78281223581717,-2.07719280877392
"CAGGTTAGTTGCACGG-2","male","Oligodendrocytes",-0.955383157562139,8.33403263963832,-2.64300477312491,-1.01808514752667
"CAGGTTAGTTTAACCC-2","male","Microglia",-9.05399427397144,12.0204354373373,0.105680467620638,-8.20484497704784
"CAGGTTTAGTCAATCA-2","male","Astrocytes",-8.34124002439869,0.141343787089719,-4.7015050630419,-5.6380639330415
"CAGTACCCACACTAAT-2","male","OPC",10.7274216653596,3.22396598734034,12.1200567503126,-0.474486853268548
"CAGTACCCAGGCATCT-2","male","Oligodendrocytes",-0.181669807266118,9.03383646883143,-3.17970311449454,-0.583681847241326
"CAGTACCCAGGCCAAA-2","male","Oligodendrocytes",-0.266696607898595,9.62506209291591,-2.24207031534598,-0.614183332112237
"CAGTACCCATGTTTGG-2","male","EN",8.3181714059602,-7.36813105665074,6.10611927701547,4.43806931814869
"CAGTATGGTAAGCTCA-2","male","Microglia",-9.32220468504322,11.8042183963217,0.239222826495912,-8.34427311578076
"CAGTATGGTCCGCTGT-2","male","EN",3.6711610795747,-13.521765604838,1.82337349845484,7.47668883642872
"CAGTATGGTCTTGCAT-2","male","EN",1.22738894240963,-10.5662783535563,0.51717752410486,5.263265584323
"CAGTATGGTGAACAAA-2","male","EN",3.94154539125073,-13.2138251217447,2.03178978158548,6.86595103583057
"CAGTATGGTGTGTCCC-2","male","IN-CGE",1.43594708459484,-5.42220248304235,-4.21055066393301,10.3453068479033
"CATAACGGTCATTACC-2","male","IN-CGE",2.63324680345166,-4.74356259427892,-3.9734457712023,10.3023257001372
"CATAACGGTCCTTTAA-2","male","Microglia",-9.32418355924976,13.2252074328817,0.20714003039911,-8.90819695153515
"CATAACGGTGACATGC-2","male","IN-MGE",-2.95680842382801,-5.26673926435338,-7.1231769304125,1.29759327015598
"CATAAGCTCAGCACCA-2","male","Microglia",-9.12650499327076,10.9698239413656,-0.529906390175078,-8.68429901757519
"CATAAGCTCTTGCAAA-2","male","IN-MGE",-3.59149799330127,-4.4077404888712,-7.19470345781729,1.7718938334914
"CATAATCCAATTAAGG-2","male","EN",4.04076256768811,-13.4094284924112,1.99058067990854,7.35211894354542
"CATAATCCACAAAGCG-2","male","Microglia",-9.38366136534107,9.2617980090536,0.0250259061010147,-8.01535847344677
"CATAATCCAGGCTTGT-2","male","EN",6.52772321717846,-13.2644041927897,3.70072543813303,6.18400904974659
"CATAATCCATAAACCT-2","male","IN-MGE",-7.14659271223438,-5.61892880521642,-6.58903252886221,4.15680334410389
"CATAATCCATCATGGC-2","male","EN",8.3511942865144,-7.01924027524816,6.25663817121103,3.97022483191212
"CATAATCCATGAAATG-2","male","Microglia",-9.33569250090015,13.3096972552694,0.661456720963266,-7.78411343255322
"CATAATGTCATTACTC-2","male","EN",8.17329397218334,-7.766807452067,5.99525988294199,4.41456696829517
"CATAATGTCATTAGGC-2","male","EN",5.20655527131665,-13.1008528622233,3.34627330495432,6.53384778341968
"CATAATGTCGCTAAGT-2","male","IN-MGE",-6.76490173323047,-4.23577918134557,-6.48759066866324,4.50453922590931
"CATAATGTCTCACTAT-2","male","EN",0.986029827762721,-9.95359982572423,1.18893382145479,5.02549455008228
"CATAGACTCATTAGGC-2","male","Oligodendrocytes",-0.753263330291631,2.7509497252859,-1.07265054987356,-1.77032950082104
"CATAGACTCCTTCAAT-2","male","Microglia",-9.37413415892017,9.26806364931239,0.314827563300874,-8.13938000359814
"CATAGACTCGTTCACC-2","male","EN",7.58286752717602,-9.10362614713536,3.96558439923837,4.52850911459644
"CATAGACTCTTGAGCG-2","male","EN",8.33824815766918,-6.99787987790929,6.56511080457285,4.44395539602955
"CATAGCTAGCATGTTA-2","male","Microglia",2.23553087728131,4.32458792604579,-0.1833348255007,-8.02004864373486
"CATAGCTAGCTATATG-2","male","Microglia",-9.20425043089283,11.2257529345907,-0.515558479294035,-8.58189919152538
"CATAGCTAGGCCCAGT-2","male","EN",-0.104591882060887,-1.48396767698155,0.631297843590524,4.84092376074512
"CATAGCTAGGTCCTGA-2","male","Oligodendrocytes",-0.660805558990361,7.21449147142543,-2.12344920442984,-2.26114776292126
"CATAGCTAGTTTGGTA-2","male","EN",2.94106402413952,-13.8021391781412,2.10640311433389,7.80926511130054
"CATAGGCGTTCACCAT-2","male","Microglia",2.20597925202954,4.19609008707179,-1.56692683504507,-0.40543952145855
"CATAGGTTCATTACTC-2","male","EN",6.23968114869702,-13.1026934536539,3.63072717382028,5.99440667471607
"CATAGGTTCGGTAACT-2","male","EN",7.98435487763989,-7.69317998014318,6.00062573148325,4.62379596075733
"CATATCGCAGGACCTT-2","male","IN-CGE",-3.20208582861316,-9.65670765958654,-3.07275068567679,8.16388223013599
"CATATCGCAGTTAAAG-2","male","Microglia",-9.31616888029468,9.77933417238368,0.181457759872224,-7.99954273858349
"CATATCGCATTGCGTA-2","male","Astrocytes",-7.90765581114185,0.52403959609641,-4.59605204866812,-7.11400749841015
"CATCAATCAAACTAAG-2","male","Microglia",-0.88929769976032,5.15831576265468,-3.09926426218435,-6.26476862588207
"CATCAATCAATCCCTT-2","male","IN-CGE",1.85885765569317,-5.12512768827306,-4.06854903505728,10.1610054715606
"CATCAATCACAAGCCT-2","male","EN",4.7520526887666,-10.0477570446573,3.05715406133249,3.42092630705555
"CATCAATCAGGATGGC-2","male","Astrocytes",-7.98995313627613,2.01725755609645,-4.79942452715323,-5.84007599511425
"CATCAATCAGTATGTT-2","male","Oligodendrocytes",-9.25228128416431,-0.154996171816454,-3.8584350328295,-5.98564102807324
"CATCAATCATGTGGGA-2","male","EN",2.9796978475343,-11.9065169247233,1.97988510324075,5.9148826344939
"CATCACACAACACCTA-2","male","Astrocytes",-8.8511515615691,-0.0444693716608148,-2.55833852098868,-0.25138940968792
"CATCACACAAGTGAAC-2","male","Astrocytes",-7.27622375471485,0.634345132634773,-4.77801596926138,-6.83547022500317
"CATCACACAATAAGCA-2","male","Oligodendrocytes",-7.2425294874419,-0.244189277514086,-3.83780991838858,-5.63634541192333
"CATCACACACCTCACC-2","male","EN",7.77018823640454,-8.66603840909825,4.89127123548105,4.49443433127125
"CATCACACACTAAATC-2","male","Oligodendrocytes",-8.23494729978931,-0.18430085502492,-2.29652321146414,-2.87705161729137
"CATCAGCCAAAGCTCC-2","male","EN",3.86202802674877,-13.2868489178263,2.35316348268106,7.09136054358204
"CATCATAAGAACAAGT-2","male","Astrocytes",-8.44301614744556,0.407696798221006,-4.69470822618887,-7.02260782876293
"CATCATAAGGATGATG-2","male","Oligodendrocytes",-0.949110007118108,1.81112621702327,-1.77668654726431,-1.80740430512707
"CATCATGCAAGTAAGC-2","male","Oligodendrocytes",2.55922975556958,13.5777569857992,-2.8392630796282,-1.78231527962963
"CATCATGCAATCTCTC-2","male","Oligodendrocytes",-0.149310922454717,6.6642261592306,-2.52902161882803,-1.00255551495831
"CATCCCAGTAAGCTCA-2","male","Microglia",-9.0789929388274,12.6845065204061,-0.436610935196135,-8.5222077623872
"CATCCCAGTCATAGAT-2","male","IN-CGE",1.42298879640209,-5.40558280073033,-4.17218148516104,10.2701897366973
"CATCCCAGTTGCATCT-2","male","IN-MGE",-6.88992557508838,-5.88480176053868,-6.77418601320669,3.79769322714527
"CATCCCAGTTGTAAAC-2","male","Microglia",-8.8741360662688,12.6382962314047,-0.779375670417998,-6.28067829766552
"CATCCCAGTTTATGGG-2","male","Oligodendrocytes",-0.900781965087773,8.19584856905116,-2.55472147272513,-0.710518027928277
"CATCCCAGTTTCGCCA-2","male","EN",4.68715324418652,-9.75682534299718,2.93124067975595,3.82556006750782
"CATCCTCAGCTAGAAG-2","male","EN",2.95283927934277,-12.7377880962931,2.85114515019968,4.16434166273792
"CATCCTCAGCTTATGA-2","male","IN-CGE",1.32321473376858,-5.46620120130406,-4.11480366991446,10.7805142148467
"CATCCTCAGGTACCGC-2","male","Microglia",-8.94406805021656,12.278750523702,-0.684363482460234,-6.31900217690746
"CATCCTCAGTAATCCA-2","male","EN",0.0644808353673201,-1.86800827108251,0.337093951240327,1.09408420762737
"CATCCTGGTAAATTGC-2","male","EN",0.91602798717129,-10.3660868557535,0.681909876004007,5.26360080084522
"CATCCTGGTCACAGCG-2","male","Oligodendrocytes",-0.710478997062566,4.37948428072108,-2.16327607439444,-1.42571618714611
"CATCCTGGTCCAAGAC-2","male","Microglia",-9.44953069670093,12.6598864642538,0.204179288879182,-8.97240593591015
"CATCCTTCATAAGGAC-2","male","IN-CGE",2.29274156110394,-4.43621052823888,-3.94161307619498,10.332631562564
"CATCGCTTCAGAAACG-2","male","EN",1.04127689616787,-10.4649847897135,0.573555501237657,5.44105193457325
"CATCGCTTCCATAAGC-2","male","EN",3.95834436433422,-13.0799054058634,2.09935212327554,6.8421458943816
"CATCGCTTCCCTGATC-2","male","Microglia",-8.99469861967457,12.3139258471884,-0.0742111782877182,-7.99538281121533
"CATCGCTTCGGTCAGC-2","male","IN-CGE",-1.86123309118641,-17.1131972225748,-2.76561057375357,8.03736970267017
"CATCGCTTCGTTATCT-2","male","EN",6.28115310685742,-11.7890290173136,3.33687651349619,6.30283067068775
"CATCGCTTCTACTAAG-2","male","IN-MGE",-6.80913219435108,-4.24781979642735,-6.65493666933462,4.82327983221729
"CATCGCTTCTCGCCTG-2","male","Oligodendrocytes",-0.838116860221745,3.89789544023646,-1.81263816164419,-2.23863556542675
"CATGAGGCACCTGCTC-2","male","Endothelial",2.55969586389172,13.5611964312948,-6.58226477907583,-4.2671504274873
"CATGAGGCACTATGGC-2","male","EN",7.22052946107495,-9.97652329526769,4.12558734609201,4.75379464468677
"CATGAGGCAGCTAATT-2","male","Oligodendrocytes",-0.102921402286412,9.47771464265956,-3.59939706133291,-1.49788763680737
"CATGAGGCAGCTTACA-2","male","IN-MGE",-5.45010099394214,-4.43983496747838,-6.72270095156119,4.06639883360584
"CATGCAAGTGCAATAT-2","male","IN-CGE",-2.92204318029773,-9.36671914182531,-3.05785500811026,8.22054431280811
"CATGCAAGTGCTCCAC-2","male","IN-MGE",-5.02940425856006,-4.38505877576695,-6.96895873354361,3.17785713515003
"CATGCAAGTTAGACCA-2","male","EN",8.47804632203686,-6.83385838590489,6.65307247830942,4.02248046240528
"CATGCATAGCACTAGT-2","male","EN",0.323391383309243,-9.32122220121251,1.13442725135401,5.57529637655933
"CATGCATAGCATCCAG-2","male","EN",2.25783660428631,-2.1990333946787,-0.711371658310149,3.41887137732227
"CATGCGCAGAAAGGAA-2","male","EN",4.78183450715649,-13.0701884182535,2.98555076314523,6.8163890584441
"CATGCGCAGCGCTCAA-2","male","Oligodendrocytes",-0.406550323795201,7.37311659731044,-2.42083585070059,-0.545266296055718
"CATGCGCAGTTATGTG-2","male","Oligodendrocytes",-0.0929415879954118,9.13045798219813,-3.27429282473013,-0.788533951428338
"CATGCGGGTCGACTCC-2","male","IN-MGE",-17.0805407522429,-5.88553942762242,-5.97991931246206,4.47064301809986
"CATGCGGGTTGGTTCT-2","male","EN",5.37834014909375,-12.9228590878092,2.99606788350656,6.57750508627613
"CATGGATTCATGCCTC-2","male","Oligodendrocytes",-0.767548179458501,10.9849454013266,-2.40008556650564,-1.91910221734325
"CATGGATTCATTGTTC-2","male","Oligodendrocytes",-0.598157083820226,10.1477786151327,-3.07928883837149,-1.73432781853954
"CATGGATTCCCGTTAC-2","male","Oligodendrocytes",-0.475927209686162,7.62095890916957,-1.68556582735464,-1.35831954636852
"CATGGATTCGCATTAA-2","male","IN-MGE",-6.68263826353443,-4.35844649396764,-6.97140443132803,4.52863070807178
"CATGGATTCTAATCCT-2","male","EN",1.09206237809765,-10.6384419354044,0.665932329431322,5.51732156119068
"CATGGCGGTCAGTAAT-2","male","OPC",11.456607723404,3.42622385896815,12.6442295332105,-0.726544047978325
"CATGGCGGTGCATTAG-2","male","IN-MGE",-2.38391289694202,-5.55070342145787,-7.52138078020498,0.91668755254467
"CATGGCGGTTAGTGAT-2","male","IN-CGE",0.959997856784938,-5.21722163282262,-3.72168195055411,10.0933804257842
"CATTATCTCATTATGG-2","male","EN",3.13073148744213,-13.5358780773722,2.04251551820352,7.01502225241383
"CATTATCTCTTGTCCA-2","male","IN-MGE",1.58285882489788,-5.31834878049718,-4.01172053621695,11.0053734525176
"CATTATGAGCGAGCGA-2","male","Microglia",-9.43733129484546,12.0531779376425,-1.02071165846274,-5.79965975442211
"CATTATGAGCTATTAG-2","male","Microglia",-9.00682935697925,11.8143111316122,0.287282766834047,-8.7789683596162
"CATTCATTCATAATCG-2","male","EN",8.16544713990795,-7.85313309751378,6.0996743459852,4.38129541716297
"CATTCATTCCAAATCA-2","male","Microglia",-9.39621648771656,12.2656947223104,0.540579112306383,-7.63741161980908
"CATTCATTCTTGCTAT-2","male","OPC",9.90152730958569,2.48987935461177,11.2023350019605,-0.463044788029595
"CATTCCTCACCGGCTA-2","male","Oligodendrocytes",-0.935426091979863,4.41149173654689,-2.92149460123465,-0.882577206280633
"CATTCCTCATGGTTAT-2","male","IN-MGE",-17.1248255727996,-5.92136706434117,-5.94669663713858,4.46579930624683
"CATTCCTCATGTTGGC-2","male","Oligodendrocytes",-0.789517974685552,2.70505629457606,-2.59013759897635,-1.49626424470226
"CATTGCGAGCCACAAT-2","male","Microglia",-8.96347532255542,12.9636460391439,0.305549027457979,-8.21761849084179
"CATTGCGAGGACAATG-2","male","EN",1.78323664682019,-9.51420487485753,1.00780415727213,4.75782582602222
"CATTGCGAGGCTTAGT-2","male","IN-CGE",1.98578622357952,-5.83254231534825,-4.30674683855459,10.9565100415679
"CATTGCGAGGTCGATT-2","male","IN-MGE",-6.98604307157886,-4.69113673292027,-6.73693215654776,4.27550313315113
"CATTGTAAGACCATAC-2","male","Astrocytes",-7.91377840025318,0.980533703938856,-4.91736781404898,-6.26513722100536
"CATTGTAAGATAACCC-2","male","Microglia",-9.25881013853443,10.7815524188436,0.463697882428911,-8.62434437432568
"CATTGTAAGCATGCAT-2","male","OPC",11.8604392053376,2.92932234682216,11.8116365690382,-0.883490349438592
"CATTGTAAGCCTCTCG-2","male","EN",1.35159399526226,-9.51085652433263,1.0536643583925,4.78017613730152
"CATTGTAAGCGCATTG-2","male","Oligodendrocytes",-0.679975724052312,2.43200491346492,-1.62789261148855,-2.66754582085888
"CATTGTAAGGAAGTAT-2","male","EN",14.2647761346589,-5.67406739316808,0.139141263500002,2.81530353865345
"CATTGTAAGGAGGGTT-2","male","Microglia",-8.71690568907154,-0.122638061865435,-3.49241769121573,-6.26343729653637
"CATTGTAAGGATGATG-2","male","Microglia",-8.95974645597828,12.8849059192099,0.922383869126585,-8.07428696313183
"CATTGTGCAGCCTAAC-2","male","IN-MGE",-2.41408238394153,-5.32041110120641,-7.41884362505362,1.77801570734699
"CATTGTGCATAAGTTC-2","male","Oligodendrocytes",-1.06472132189167,1.70436428465022,-3.28132474230215,-1.4675932184724
"CATTGTGCATGTCAAT-2","male","Microglia",-9.37033948881519,9.74622260011805,-0.147145209774229,-8.63381054559033
"CATTTGTTCATGCATA-2","male","Microglia",-9.03814706785572,10.7823935595907,-0.810701487526152,-6.28842880883495
"CATTTGTTCATTATGG-2","male","IN-MGE",-6.58807525617969,-5.2940462978922,-6.68878161714956,3.84947082838734
"CCAAACCCACGAATCC-2","male","IN-MGE",-7.10660276396167,-5.3699478062235,-6.71963965700552,3.95831200918873
"CCAAACCCATAGCGAG-2","male","IN-MGE",-2.81892333013904,-5.08441151700841,-7.29278695391104,1.41855279049595
"CCAAACTAGCATTAGC-2","male","EN",7.39509811418164,-9.81690491758214,3.94979226781442,4.75336167654713
"CCAAATCAGCAAGGAC-2","male","EN",2.55003991143811,-2.01955856405126,-0.568862913116667,3.18524453482349
"CCAAATCAGGATTTGC-2","male","EN",7.15328779237377,-9.45764817319738,-2.57908665941641,-1.65434291520397
"CCAAATCAGGCAACAA-2","male","Microglia",-9.01559362394703,10.9710284320272,0.244420470729616,-8.63498070397656
"CCAAATCAGGCCCAGT-2","male","Astrocytes",-8.40139398558033,0.243575855866804,-4.48663937853262,-7.13901140847485
"CCAAATCAGGTTACGT-2","male","EN",6.93839826600659,-11.1118048580729,3.45706474973276,4.85875794729908
"CCAACATAGCGATAAG-2","male","Oligodendrocytes",-8.60209569914234,0.0114686933912177,-3.73071658419058,-5.57201912560742
"CCAACATAGCTACTGG-2","male","Microglia",-9.23770055754078,11.6077157107748,0.247306289211061,-7.58379700341503
"CCAACATAGCTATTGA-2","male","OPC",11.7601412774812,3.26880417741908,12.6588121671827,-0.357607032444878
"CCAACATAGCTCCTTA-2","male","Microglia",-9.21570501310718,13.5229235736288,0.155798437133577,-7.32032826104443
"CCAACCAAGGTTTGAC-2","male","EN",2.57089700715649,-2.23805274091588,-1.05679869459555,3.53930566153248
"CCAACCAAGTACTGGT-2","male","IN-CGE",1.00106962936032,-5.71979798398839,-3.8300074319689,10.0016026242705
"CCAACCAAGTGCTGTG-2","male","EN",5.51034727113354,-9.72255219541417,3.67315662099436,3.75462553343494
"CCAACCCGTACTTAGG-2","male","Oligodendrocytes",-0.154701328109624,9.47276030458583,-2.79773556993887,-0.547211434033318
"CCAACCCGTAGCTGGT-2","male","Oligodendrocytes",-0.524441933463933,5.74715815462245,-2.85805785463736,-0.507359410908623
"CCAACCCGTTCATTTG-2","male","IN-MGE",-7.15005168897999,-4.78126944623815,-6.76445710466788,3.79421112379749
"CCAAGGCTCAAACCTA-2","male","EN",1.23878111856091,-9.79156006894933,1.71648860169962,3.61332056364735
"CCAAGGCTCCTAAATG-2","male","Oligodendrocytes",-0.582414364646794,2.92661319650783,-1.53606164263174,-3.07376053490917
"CCAAGGCTCGGTCAGC-2","male","OPC",10.2613295556794,2.75171457208766,12.6309200544508,-0.486152555134697
"CCAAGGCTCTTGCTAT-2","male","Microglia",-9.15237054808033,13.3159876910604,0.712814347878244,-8.19314053216259
"CCAAGGCTCTTGTCTG-2","male","EN",4.88130273835766,-9.73144139371739,1.4817236681135,2.88205549559315
"CCAAGTTAGAAGCTAG-2","male","EN",5.94662942903149,-9.96127213559972,2.57416415406778,4.87448355993946
"CCAAGTTAGACAGGTA-2","male","Astrocytes",-8.90156373960865,0.235565647260084,-4.96276986406729,-5.68913176217358
"CCAAGTTAGATGGACA-2","male","OPC",10.9635180475007,3.96362267412318,11.8454757948072,0.0802940472098155
"CCAAGTTAGCAGGCCT-2","male","OPC",11.8788317682039,3.35600338853969,10.9889141340406,-0.604048515942498
"CCAAGTTAGCTGTACG-2","male","EN",15.1251305581819,-5.48807086072789,0.471409292951372,4.19680998167713
"CCAAGTTAGGACCGCT-2","male","IN-MGE",-0.481274163555028,-1.55948866926061,-8.05392110155508,1.05737105450352
"CCAATATCAACTGGGA-2","male","Astrocytes",-7.77949819548023,2.08998928941859,-5.25412118242666,-5.8060360209016
"CCAATATCACACAATT-2","male","Microglia",-9.20067033750904,10.6664105502523,-0.0298116187898849,-7.74135925927441
"CCAATATCATTATGAC-2","male","EN",2.72359695451367,-2.0550018700205,-0.493503091797087,3.67790601095875
"CCACAATAGGTGAGAC-2","male","EN",1.0227447392236,-10.0001858624064,5.58932078076914,4.17901394209583
"CCACAATAGTCAGTAC-2","male","EN",7.93763341920483,-6.81219567380773,6.37371266080454,3.95724437079151
"CCACACAAGCATCCAG-2","male","OPC",12.151136303116,3.53472457803859,12.1005522031935,-0.4763412729768
"CCACACAAGCCACAAT-2","male","Oligodendrocytes",-6.63690528852833,1.62699662126674,-1.65146982477591,-2.05444696107189
"CCACACAAGGAAGTAT-2","male","EN",13.763793850113,-12.1496304424845,3.0959221143873,2.97402760824879
"CCACACAAGTATGTGC-2","male","Microglia",-7.15969810469043,1.22913382925166,2.40207743836954,-2.31634094872753
"CCACAGGGTAAGCTCA-2","male","OPC",11.0177506448518,3.20722208894862,11.8008886594923,-0.704725886967583
"CCACAGGGTGAAGCCT-2","male","IN-MGE",-7.21112356169117,-5.4767102154337,-6.51901519106314,4.40849492392261
"CCACAGGGTGATGATT-2","male","EN",1.87261071221936,-10.8790291699015,1.47983694268778,4.53803393683155
"CCACAGGGTTAACAGT-2","male","Oligodendrocytes",-7.99588499052417,0.396018132344617,-4.03245055483267,-5.85151055016796
"CCACAGGGTTAAGGCC-2","male","Oligodendrocytes",-1.03396925909412,3.0169454661764,-2.42360961244986,-1.49314739861767
"CCACAGGGTTACTAGG-2","male","Oligodendrocytes",-7.78916654569996,0.189562275782957,-3.50808417604849,-5.43704989114086
"CCACAGGGTTCAAGAT-2","male","Oligodendrocytes",-0.84613511545551,1.04342745222224,-1.55950796411917,-2.07690646806042
"CCACATTGTATTGTGG-2","male","IN-CGE",0.919945919681666,-5.50019921384679,-3.67935550020621,9.65519378027637
"CCACATTGTGTTCCCA-2","male","EN",7.82913866059887,-8.57364644132482,5.16437828733042,4.74800774893482
"CCACTTGGTCCAAATG-2","male","IN-CGE",1.06321605460751,-5.53856171689855,-3.98061263369009,10.1606678708525
"CCACTTGGTGTTTCAC-2","male","EN",2.08655025975811,-9.44158162198888,1.83212351991251,4.7131814702483
"CCAGACTCAAAGGTAC-2","male","Microglia",-9.23359880430591,10.279672726766,0.324678482547548,-8.87308647790234
"CCAGACTCAAATACCT-2","male","Oligodendrocytes",-0.442400967906835,10.7729970065512,-1.98646271036551,-1.83538487115185
"CCAGACTCACATTGCA-2","male","IN-MGE",-2.94838700277698,-5.4238799961649,-6.76210820482657,1.31179646095951
"CCAGACTCACTGGCCA-2","male","IN-CGE",2.17514469640362,-5.81206835828649,-4.17488086031363,10.6160435422393
"CCAGACTCAGCACGAA-2","male","EN",15.2719096185456,-5.42752112470494,0.855923244789388,3.49173781714161
"CCAGACTCAGGGAGCT-2","male","IN-CGE",1.91874148862469,-4.81603230558263,-4.05890786455557,10.0801338895293
"CCAGACTCAGGTTCAC-2","male","Oligodendrocytes",-7.61599025709522,0.422038823143377,-3.22646653459952,-0.755392815258904
"CCAGACTCATGCTCCC-2","male","Oligodendrocytes",-0.830930805038335,5.21429930605067,-2.01338064478323,-1.86433794656078
"CCAGACTCATGTCGCG-2","male","IN-MGE",-5.77738962156666,-4.43582905851232,-6.83623540209219,3.11083052000721
"CCAGCCTGTCCTCCAA-2","male","OPC",9.48843946473706,2.51209996618403,13.0148645658644,-0.136388208058281
"CCAGCCTGTGGTTATG-2","male","EN",3.97959413545239,-14.3220681103312,2.21523690415933,7.94651458105762
"CCAGCTAAGAAACTGG-2","male","Oligodendrocytes",0.162028411198733,7.75897608675136,-2.96160113619253,-0.187334264901085
"CCAGCTAAGAGGCTAA-2","male","Microglia",-9.52429208738697,12.8849459735311,0.658826531902101,-8.01392891564648
"CCAGCTAAGATAACCC-2","male","IN-MGE",-7.1877256391753,-5.43577326856481,-6.97817551897452,4.53821322760303
"CCAGCTAAGCTGAGGG-2","male","IN-MGE",-5.11867294294727,-6.40919770322667,-6.32543313311026,1.96539006075581
"CCAGCTAAGGACCTTG-2","male","Astrocytes",-8.14334783537281,0.214195891991987,-4.50043427751944,-7.07790091195385
"CCAGCTAAGGACTAAG-2","male","EN",7.21164503114331,-10.1339472683512,3.74620497418955,5.05671260199268
"CCAGCTGCAAGTCGCT-2","male","EN",4.6911396028291,-9.64877595029698,2.41470921231821,3.63737270674427
"CCAGCTGCACAATGCC-2","male","Oligodendrocytes",10.5403355600129,4.34385286249293,-1.57103979395315,-4.85450079598705
"CCAGCTGCACCTGCCT-2","male","Oligodendrocytes",-0.0651235936392564,9.72937117494716,-2.67733990953848,-0.845203425076409
"CCAGCTGCACCTGGTG-2","male","OPC",11.1904505731355,3.45178090013637,12.1539760847242,-0.493581201222344
"CCAGCTGCAGTAAAGC-2","male","IN-MGE",-4.97366962416065,-4.52428378187047,-7.15673863695547,2.75285408339222
"CCAGCTGCATAATCGT-2","male","Astrocytes",-7.2607065199126,0.686562910453214,-4.61600196169302,-7.24457504906933
"CCAGGAACAAAGGTAC-2","male","IN-MGE",-3.98018751127613,-5.27129544340001,-6.80224263475821,0.855801646325187
"CCAGGAACAACCCTAA-2","male","EN",5.09056797044384,-9.82048501096593,2.98080885602548,3.77328774771412
"CCAGGAACATCAGTAT-2","male","Microglia",-9.37347230894459,13.1513568011679,0.759356329277303,-7.79859783807079
"CCAGGATGTATTGTCC-2","male","OPC",11.7031325341951,3.74674211420192,11.9413486738355,-0.346395279553338
"CCAGGATGTCATCCTG-2","male","Oligodendrocytes",-1.03330407125843,4.23200426973475,-2.70415699289725,-2.40166523614208
"CCAGGATGTGATGGCT-2","male","OPC",10.0852917672883,2.99195776857509,10.5442224760206,-0.362279440548821
"CCAGGATGTGCTAGAC-2","male","Microglia",-9.42841443998707,12.5877839175619,0.12061363650873,-8.07445671716015
"CCAGGATGTGCTTTAC-2","male","Microglia",-9.26835451109302,12.1004048434652,0.378480108514574,-7.76083042779247
"CCAGGATGTGTCACGG-2","male","IN-MGE",-4.85107765180958,-6.33557738386022,-6.36991488741324,1.96364161810596
"CCAGTTTGTCAGGAAG-2","male","EN",1.19817062633145,-10.9030798824869,1.01936793519571,5.05741879782398
"CCAGTTTGTTCTTTAG-2","male","EN",0.446184174884437,-9.46258820615636,-7.54652154253409,1.19579539141376
"CCATAAATCCAACTGG-2","male","Pericytes",2.41249194161999,0.495049975589647,2.76106262399271,-2.76829793610851
"CCATAAATCCTGGCTT-2","male","Oligodendrocytes",-0.839126324485661,1.40792809404506,-2.50993096636221,-2.60369422593395
"CCATAAATCGAGCAAA-2","male","Oligodendrocytes",-0.754145240615727,0.671019457057847,-1.64595186518118,-2.65490987458508
"CCATAAATCTCATCAT-2","male","Oligodendrocytes",-0.806284642051579,1.18101029075755,-1.41193163202688,-2.17869546571056
"CCATAAGGTGCTTTAC-2","male","Microglia",-9.82707796080005,8.41800223268641,1.73692864371851,-1.56961419740002
"CCATAAGGTTCCAGGG-2","male","EN",8.42279424684155,-7.23236979566442,6.41957104398325,4.28812262854298
"CCATAAGGTTGGATCA-2","male","Oligodendrocytes",-8.01482305509937,0.81853508927001,-3.70088994310782,-5.55747797646801
"CCATAATCAGCTAATT-2","male","OPC",12.1451939584504,3.5569799987234,12.3097502012403,-0.218086566117211
"CCATAATCATGCAACC-2","male","EN",3.15532221810925,-13.7437142284952,2.11106538964823,7.08127114615162
"CCATAATCATTAGGCC-2","male","Oligodendrocytes",-0.422894096206548,8.58779631532802,-2.1225517968981,-0.235454167511864
"CCATAGCCAACCCTCC-2","male","Oligodendrocytes",-0.842097139190557,7.31269513048305,0.00891918136194003,-0.747595812466546
"CCATAGCCAGCATGTC-2","male","Astrocytes",-8.12753114683521,0.536584950760736,-4.74030434893057,-6.12044050851147
"CCATAGCCAGGTTACC-2","male","Oligodendrocytes",-7.98195562345875,-0.414067164286242,-3.87805783556387,-5.93097689309399
"CCATATTTCCGTGACA-2","male","Astrocytes",-8.93432435972584,1.05641500629558,-4.11678492830679,-5.87724592843334
"CCATATTTCCTAATGA-2","male","Endothelial",2.80873360650647,13.2652445880331,1.45065629674509,2.60578605971058
"CCATATTTCGCAACAT-2","male","IN-CGE",-2.81467471105945,-9.20035161100255,-3.15356480883047,8.28640506109913
"CCATATTTCGCTATGG-2","male","Microglia",-8.98050317747486,12.8468571750082,0.752355853155401,-8.34175160088818
"CCATATTTCTTTGAGA-2","male","Oligodendrocytes",-0.766178583930852,3.97588597215785,-1.48326313303396,-2.35807278313915
"CCATCACTCAATACGC-2","male","Microglia",-8.94809637052906,13.0044356433309,-0.023721096977446,-8.41935875573437
"CCATCACTCACACAGT-2","male","EN",13.7569417001497,-12.1100968273722,3.21653711988046,3.0664357884856
"CCATCACTCGAAGCGG-2","male","OPC",10.1302851678621,2.68933711923732,12.6449447889478,-0.385835076954766
"CCATCATGTAATGACT-2","male","EN",7.62927904145825,-9.37027348600255,4.93931877805307,4.68660924277027
"CCATCATGTGAAGCCT-2","male","Microglia",-8.92558965666187,12.5933581439413,0.0641605873258377,-8.07973148980419
"CCATCATGTTCCATTA-2","male","IN-MGE",-3.78167543394458,-6.57856740079747,-7.67616975115225,0.80380072138031
"CCATCATGTTGAAGCC-2","male","EN",3.6375552655946,-14.1408957394205,1.70366460277155,7.11617944082935
"CCATCATGTTTACCGT-2","male","EN",3.21034779565441,-13.7633389385782,2.11380410386637,7.79181382498463
"CCCAAACCAAGATTCT-2","male","Microglia",-9.77232465727222,8.54207430757655,1.89979827596262,-1.82557060876171
"CCCAAACCAAGGTGGC-2","male","Oligodendrocytes",-0.723700380157353,10.8606511203207,-4.39915311144278,-5.80827000298779
"CCCAAACCAATATAGG-2","male","IN-MGE",-7.17444143278492,-5.27892579160558,-6.55741393373892,3.96993253073414
"CCCAAACCACAAACTT-2","male","Oligodendrocytes",-1.09282360060108,2.96669851221217,-2.15592515276358,-2.73456695237438
"CCCAAACCAGGTTACC-2","male","IN-CGE",0.947215759922145,-3.76532019697057,-3.52613246248648,9.56483123144825
"CCCAAACCATTGTCCT-2","male","OPC",11.6990450860749,3.93392525591029,12.2470794935377,-0.721796061184807
"CCCAAATAGCCGCAGT-2","male","IN-CGE",-3.17021379454029,-9.58642663083898,-2.84372436808035,8.30312297186573
"CCCAAATAGCCTGATG-2","male","Microglia",-9.08734712583912,12.7386199084677,0.795054344520118,-7.9609809175996
"CCCAAATAGGCAATAG-2","male","EN",3.09600605981457,-13.8324707897745,1.50034487439707,7.55460212073048
"CCCAAATAGGGCCATC-2","male","Microglia",-9.46196947080982,8.84204398073329,0.13107985450342,-7.95908215203564
"CCCAAATAGTAGCCAT-2","male","Astrocytes",-9.17491540892017,0.0200908032812018,-4.63412558840201,-6.52958061852734
"CCCAAATAGTCCTTTG-2","male","Oligodendrocytes",-0.518602943252446,2.98065720476283,-2.32825100229666,-2.5458050028352
"CCCAAATAGTGCACGC-2","male","IN-MGE",-7.14699039442432,-5.54824675641881,-6.63159405992911,4.36837575278004
"CCCAACCGTACCGTAA-2","male","EN",6.36456241624462,-10.5000676067911,1.40081161452844,7.09698960623463
"CCCAACCGTGCTCCGT-2","male","Microglia",-9.11318979246509,11.0894356814779,0.200402738586214,-8.2487120882539
"CCCAACCGTGTCCTGC-2","male","Microglia",11.5787600518953,4.91510783113612,-1.25338184641287,-5.7831735865144
"CCCAACCGTTAGCCAA-2","male","EN",5.60729017274487,-9.62203873716222,3.69535076810434,3.65371582350452
"CCCAATTGTGAATCGC-2","male","Microglia",-8.73848829252613,-0.0185063036523919,-2.83964860247061,-6.56519463219921
"CCCAGCACAATTAAGG-2","male","Oligodendrocytes",-0.304284131358983,9.51556216158046,-2.67483722971365,-1.00516858258526
"CCCAGCACAGGAATCG-2","male","OPC",11.6910084726106,3.79225240625514,10.3674875517042,-0.544277216580315
"CCCAGCACAGGATTAA-2","male","OPC",12.0932158471833,3.08747921861781,11.8594232816847,-0.419199611332818
"CCCAGCACAGGCTAAG-2","male","Microglia",-9.31424055082691,10.4600859729208,0.525884123578813,-8.92615368523876
"CCCAGTTTCATGCATA-2","male","IN-CGE",-3.05448851568592,-9.50045479856359,-2.89803683565542,8.06997201285084
"CCCAGTTTCATGCTTT-2","male","EN",1.44879295842755,-9.73003949247228,1.1856597681196,4.97916505179127
"CCCAGTTTCCTCATGC-2","male","IN-CGE",1.42999067323315,-5.56019963346349,-4.25600707338736,10.2369513257476
"CCCAGTTTCGAGCAAA-2","male","Oligodendrocytes",-0.662454104255559,4.32882843889369,-1.87416446016714,-1.96774461427013
"CCCAGTTTCTAATCCT-2","male","Microglia",-9.11437425596607,13.4910718051351,0.683036686912325,-8.23211720147411
"CCCATAACACCTACTT-2","male","OPC",12.1834210397493,3.03340493120326,12.8533970136793,-0.645126368191643
"CCCATAACACTGACTA-2","male","Oligodendrocytes",-1.04648122770679,2.69905005373134,-3.0375863294451,-1.32702353158276
"CCCATAACATAGGCGA-2","male","OPC",11.9819211007844,3.15546284593715,11.5241695661695,-0.428743745472832
"CCCGCAACACTAAATC-2","male","EN",1.53798713700878,-11.0271548184,0.521865012183931,5.03461835226734
"CCCGCAACATACCCGG-2","male","IN-MGE",-3.2752066610564,-3.50127877317296,-7.35499131487295,2.24019465288837
"CCCGCTTCAAGGATTA-2","male","IN-CGE",1.0169663073312,-5.6942657383524,-3.93686044023916,10.0497278912993
"CCCGCTTCACACAATT-2","male","IN-MGE",-4.11463603956592,-6.69332160077916,-7.37741315172598,0.813153315994338
"CCCGCTTCATCCGTAA-2","male","EN",8.17946805970776,-7.8209599407755,3.83078682614877,3.74842355093677
"CCCGCTTCATCGCTTT-2","male","Oligodendrocytes",-0.487726962398412,3.8499384967245,-1.26183044718191,-2.80058672585766
"CCCGTAAAGGTCATTA-2","male","Microglia",-9.49822816831959,12.9237042514242,0.773625070288923,-8.20450928368847
"CCCGTAAAGTGCTGTG-2","male","Microglia",-9.19901666624439,11.4349366275228,0.76266741199806,-8.18918469109814
"CCCGTTGTCAGCATTA-2","male","OPC",11.9537323953401,3.72117625154628,12.0187898893507,-0.736704255726738
"CCCGTTGTCATGCCTC-2","male","IN-CGE",1.18412032144177,-3.83058203779088,-3.72065341280386,9.44704577765186
"CCCGTTGTCTTGTCTG-2","male","EN",1.70242574231732,-11.3461541088663,0.664652155771997,5.12809989294727
"CCCTAATGTAACGGGA-2","male","OPC",11.6651324273835,3.39191089548243,12.58668291761,-0.710041906025811
"CCCTAATGTCCTAACT-2","male","IN-MGE",-4.95010242445362,-6.42227496229039,-7.94443929003164,0.967373733136253
"CCCTAATGTGATCAGC-2","male","IN-MGE",-4.87058744413746,-6.43494977079259,-6.35316550539419,1.79553601584156
"CCCTAATGTTTAGCTC-2","male","EN",2.88388648049939,-13.2863348873697,2.30458784295633,7.28220317206104
"CCCTCACCAATAAGCA-2","male","OPC",11.5092753412019,3.70549498476161,12.1635290403517,-0.682929422047539
"CCCTCACCATGACTAT-2","male","Microglia",-9.34680852873218,13.1250039187826,0.0401661415250565,-7.88203480401318
"CCCTCAGTCAGGATGA-2","male","EN",3.31949057595837,-14.0320757778727,1.94747817708566,7.43163630804737
"CCCTCAGTCATTAGTG-2","male","Oligodendrocytes",-0.40513364059818,7.78090678133143,-2.72625887201712,-0.505766894009514
"CCCTCAGTCGCCTAAG-2","male","Oligodendrocytes",-0.789214229415776,8.83776579774989,-3.20347344683096,-1.4577079073457
"CCCTCAGTCGTTAACA-2","male","EN",6.81031408326733,-11.2741059216105,3.08761799527719,5.1106834157439
"CCCTCAGTCGTTTCGC-2","male","IN-CGE",1.88629963414776,-5.94993199430333,-1.90760028170035,-2.69657852807324
"CCCTCAGTCTCTAGCC-2","male","Microglia",-8.99304494840992,12.9341136065878,-0.6406102161257,-6.37497713723461
"CCCTCATAGGCGGGTA-2","male","IN-MGE",-7.16092929823292,-5.57532061658727,-6.47357785509512,3.86779043516834
"CCCTCATAGTTGTCCC-2","male","OPC",8.52693548219311,-7.20013798795568,10.7507978696974,-0.391225482609673
"CCCTGGACAAAGGTAC-2","male","EN",2.89555039422619,-13.6922472866617,1.60246443940714,7.63510701498707
"CCCTGGACAACTCGCG-2","male","Astrocytes",-9.04423532469166,0.720190748349561,-4.84305989550039,-5.38395025887768
"CCCTGGACAAGGTACG-2","male","IN-MGE",-2.96399912817371,-6.04689587674962,-7.45322930620596,0.901144523832397
"CCCTGGACAGTAAAGC-2","male","Oligodendrocytes",0.0145365537892562,7.9854103175558,-2.64931118296072,-0.535326744702263
"CCCTGGACATAATCAC-2","male","EN",6.29249801652539,-13.0270470532023,3.94034946157053,6.24682328543384
"CCCTTAATCACAGACT-2","male","EN",7.49940910356152,-9.99195660673009,3.89348066045358,4.80529019674976
"CCCTTAATCTACCTGC-2","male","EN",1.74467506425488,-11.3004378231608,0.397189112439897,4.98614165625294
"CCCTTAATCTATTGTC-2","male","EN",5.12914648072827,-9.69572533689366,3.41006410314157,-0.137316133168145
"CCCTTAATCTGCAAAC-2","male","Oligodendrocytes",-1.09738776667011,3.48761926569117,-2.47408973978445,-1.18462982335369
"CCGACAGGTACTTCAC-2","male","Oligodendrocytes",-0.612338042091252,8.95722018159999,-3.0014535169451,-0.646569754269524
"CCGACAGGTGGTGAGA-2","male","EN",1.07172652499783,-10.6706122311197,1.18524715496614,5.03829905829151
"CCGACAGGTTGTTGCT-2","male","OPC",11.5791529657136,3.54767928995265,13.1016556043775,-0.680051948216363
"CCGACAGGTTTATGGG-2","male","IN-MGE",-3.7486124990691,-3.83264865003453,-7.72988259600088,1.87261340460499
"CCGATGCAGTGAGGGT-2","male","EN",6.30316295640576,-10.3268126400553,-0.479679463371489,3.67780444464405
"CCGCAAATCACACAGT-2","male","EN",8.14515724198925,-7.88232029996739,4.68238175107553,3.78716084799488
"CCGCAAGGTCTAACAG-2","male","Oligodendrocytes",-3.5066371916045,-3.95716179929601,-1.41280543611929,-1.68957259812634
"CCGCAAGGTTTCGCCA-2","male","Microglia",-9.25643548948658,10.4532633868612,0.485441835656908,-8.77039292016308
"CCGCACACAAGTCGCT-2","male","Astrocytes",-7.52686223966968,0.704059324935808,-4.85134684847281,-6.31698658623974
"CCGCACACACCTGTAA-2","male","EN",8.5460070611726,-7.18674840055333,6.18646109296396,3.92492291769703
"CCGCACACAGTCTAGC-2","male","IN-MGE",-6.71698436720264,-5.28480519376622,-6.43689143465445,4.39792463621815
"CCGCCAACACAGACTC-2","male","Microglia",-9.3249007223357,9.70031176485194,0.229560675159242,-8.87556793847363
"CCGCCAACAGTGAACG-2","male","IN-MGE",-2.50660548193348,-5.33157862745152,-4.41094147966788,-5.65365984597485
"CCGCTAAAGCAGCTAT-2","male","Microglia",-9.12652311308277,12.8856927005209,-0.0668140034525131,-8.50509789147656
"CCGCTAAAGGAACACA-2","male","IN-MGE",-3.78592977507007,-3.90908469282018,-7.55900513933584,2.0858541472884
"CCGCTAGCAAGGTCCT-2","male","Microglia",11.6170042993318,4.89674530901088,-2.94463550852225,-5.99687626519482
"CCGCTAGCAATTGAGA-2","male","Microglia",2.16156592385876,4.20349942125453,-2.95336067484305,-6.06794026055615
"CCGCTAGCACCATATG-2","male","EN",5.16338529603588,-9.77287377439366,3.15320265485361,3.49837181410511
"CCGCTAGCAGAATGAC-2","male","Oligodendrocytes",-0.329958474468114,7.1390706149496,-2.49503648088858,-0.49655714192669
"CCGCTAGCAGGGAGGA-2","male","Microglia",-9.20644102079761,10.5306426135458,0.662210526004579,-8.26042130151074
"CCGCTAGCATAAGGAC-2","male","EN",2.67863597886669,-2.1597165020548,-0.957301614746306,3.58184573492725
"CCGCTAGCATTGCGAC-2","male","Astrocytes",-6.73076210005176,1.74501775182857,-5.19123208330557,-6.18167355218212
"CCGCTTAGTCATCATC-2","male","IN-MGE",-6.36576852781666,-4.62913979612218,-6.63480508135245,4.24591038069446
"CCGCTTAGTCTATCGT-2","male","EN",7.59372653977978,-9.38645829282628,4.48965180112436,4.7130799039336
"CCGCTTAGTTTAACGG-2","male","Oligodendrocytes",0.216491067577479,6.154259785787,12.1148048658521,0.116998110625343
"CCGGTAGGTAACGAGG-2","male","IN-MGE",-6.68174324018848,-6.23193158231603,-6.91446625994131,4.55159590086658
"CCGGTAGGTTAGCTGA-2","male","IN-MGE",-3.04640278799427,-5.07614745221959,-6.57595526979849,0.414200906369285
"CCGGTAGGTTGTAAAC-2","male","EN",7.83189334886181,-8.24671353422032,5.19760811521127,4.73863551459034
"CCGGTTAAGAGGAAGG-2","male","Astrocytes",-8.73947153074634,0.158615305796995,-4.72536217974112,-6.25472023644726
"CCGGTTAAGCATGTCG-2","male","IN-MGE",-3.34463200552356,-6.12182416044103,-7.24131429003164,1.33051363072117
"CCGGTTAAGCGTGCAC-2","male","EN",8.79880990998852,-7.65608681760655,0.420237185493257,-8.2374234453706
"CCGGTTAAGTAACCCG-2","male","OPC",-9.02618799192798,-0.183623388632403,12.4499241132887,0.0439991100760264
"CCGGTTAAGTGGCGGA-2","male","Astrocytes",-8.9640666006316,-0.125157729014025,-5.11762893007681,-6.1621003405122
"CCGGTTAAGTTACTTC-2","male","IN-MGE",-6.93795547468555,-4.80121506772862,-6.70385396288321,3.87747571310718
"CCGTGCTGTGAGCAAG-2","male","Microglia",11.5432538034211,4.89621363557948,5.75691616727426,4.72492024740894
"CCGTGCTGTGCAATGC-2","male","EN",13.6910513879548,-12.0322722347818,3.21765792562082,2.78962514242847
"CCGTGCTGTGCTAGCG-2","male","EN",8.03689947145092,-8.06567372403966,4.97553885175302,3.7486514790984
"CCGTTAACACTAAATC-2","male","Oligodendrocytes",-0.889346456359746,2.42990003503932,-1.91678702639029,-2.42947533288281
"CCGTTAACACTTAGGC-2","male","IN-MGE",-3.9660492895354,-6.33729256711827,-7.63327824877188,1.31414458594044
"CCGTTAACAGGAATCG-2","male","Oligodendrocytes",0.608006784487842,-9.50463570676671,-2.05525386141226,-5.2692027346162
"CCGTTACTCATGCAAC-2","male","Oligodendrocytes",-0.634354209731938,6.24858914293422,-2.42519891069815,-1.96051695504467
"CCGTTACTCCAATTAG-2","male","Microglia",-9.52918443663013,9.35338316835536,-0.116727529033873,-7.92659237542431
"CCGTTACTCCCGTTGT-2","male","Microglia",-8.94905576689136,12.1657858935751,0.0812560339124466,-8.54092648186962
"CCGTTACTCCCTCAGT-2","male","EN",0.865202987362025,-2.49337066732274,-0.433017132744048,3.84067938170155
"CCGTTACTCGCAGGCT-2","male","OPC",11.5606602670442,3.18084751047267,11.4958997984083,0.347161804053382
"CCGTTATGTAGCCATA-2","male","Microglia",-9.09502897245777,12.5517846194662,0.513594212070253,-8.29815151849072
"CCGTTATGTGTTGTGA-2","male","Oligodendrocytes",-0.638976669143559,4.71996746935023,-1.96191775606558,-0.674388434079094
"CCGTTGCGTAACTACG-2","male","Microglia",11.5391587259065,4.7297164050497,11.0920664091261,-0.01733818211834
"CCGTTGCGTATCTGGA-2","male","Astrocytes",-7.35731229765308,0.754604175464048,-4.78678834246084,-6.88820269265453
"CCGTTGCGTGACATGC-2","male","EN",15.405359172989,-5.40237130246984,0.977146642342355,3.29682633719166
"CCGTTGCGTTGCACAA-2","male","EN",7.47628536241162,-7.67154683194982,4.99049914075449,4.58143708548267
"CCGTTGCGTTGGGTTA-2","male","IN-CGE",-2.85550627691639,-9.28987397275792,-3.01092803286001,8.2583360417815
"CCGTTGCGTTGTTGCT-2","male","IN-MGE",-1.83565673811329,-2.37239255033361,2.05734050466135,4.51650163969715
"CCGTTGCGTTTATTCG-2","male","EN",8.2060412408601,-6.86539258085118,6.37978518201425,4.03976819357593
"CCGTTTGGTGTTGTAG-2","male","Oligodendrocytes",-0.49563405496967,8.1534577456869,-2.23805391596243,-1.42081692376415
"CCTAAAGGTAAGGTTT-2","male","EN",7.55460491197216,-8.89070691190587,4.06828320218637,4.67711684546192
"CCTAAAGGTTTACCGT-2","male","IN-CGE",2.49705877320874,-4.7534436138712,-4.32733380602286,10.8697437985869
"CCTAAGGTCCTTCGTA-2","male","Oligodendrocytes",-0.642477607559087,2.69877444185389,-0.958835361465666,-2.0334759012727
"CCTAAGTAGCCAAATC-2","male","EN",4.50905361192333,-13.2018975170694,2.14865720464304,7.4716829999419
"CCTAAGTAGTAAGTCC-2","male","EN",3.3521114827882,-13.2484749706827,1.92630064679697,7.73602006277759
"CCTAATAAGACAAACG-2","male","EN",7.03957929628002,-10.4478644283854,3.61074316693857,4.79175565085133
"CCTAATAAGCGCAATT-2","male","Oligodendrocytes",-0.853773212264897,3.60873804964198,-2.31595694826529,-2.16283204713146
"CCTAATAAGCTGAGGG-2","male","EN",0.620161259342311,-1.18246068082677,4.60148823453501,4.67596003851612
"CCTAATAAGCTGGCTA-2","male","Oligodendrocytes",-0.203938638996007,8.2246795741476,-3.09794342325613,-1.22125413575451
"CCTAATAAGGGTGAAC-2","male","Oligodendrocytes",-0.426120674442174,7.32112465776576,-2.53174507425711,-1.88510205903332
"CCTAATCGTGAATCGC-2","male","Oligodendrocytes",-6.71159372312916,1.6019852010168,-3.86307608889029,-5.6736240641145
"CCTAATCGTGTTAGCA-2","male","Oligodendrocytes",-0.304432964156987,9.10563097871913,-2.9293771962969,-1.38401582398693
"CCTAATCGTGTTGTGA-2","male","Microglia",-9.26997957212818,9.62097845949305,0.608195768728998,-8.12273934045117
"CCTAATCGTTAGCTGA-2","male","OPC",10.0664385797273,2.7693675605215,11.6957594175489,0.298154030654029
"CCTAATCGTTGCGCGA-2","male","EN",7.60794725434887,-9.77353753171788,4.77972662641123,4.83810279211719
"CCTAATCGTTGCGGAT-2","male","EN",5.62563743608105,-12.7619837673746,3.24294531537607,6.59469458899219
"CCTAATCGTTTGGGTA-2","male","OPC",11.887217426468,2.86709605135096,11.9269777555616,-1.01851334729473
"CCTACTGGTAACCACA-2","male","OPC",12.0717629434358,3.74180875696315,11.5990692396314,-0.453975226071282
"CCTACTGGTTCACCCA-2","male","OPC",11.481362247635,3.46982727922572,12.9805218000562,-0.657037879612847
"CCTACTGGTTTACGTC-2","male","Astrocytes",-7.69653997404468,1.41280625738276,-4.91791379259512,-6.61078360238354
"CCTACTTCAAGGTATA-2","male","EN",3.94784369485485,-13.4342240246378,2.18014598085001,7.3772759183379
"CCTACTTCACAGGAAT-2","male","IN-MGE",-3.47955737097156,-6.53648127637731,-7.52290189073965,1.01440185746868
"CCTACTTCATGTCAGC-2","male","OPC",11.6386860849153,3.47176323808803,12.3807989378126,-0.843699361470147
"CCTAGTTGTAATCGTG-2","male","Oligodendrocytes",9.48113813417065,2.45571516431941,-2.73847615526602,-0.534437443402215
"CCTAGTTGTGCACGCA-2","male","EN",2.90119662301647,-13.6266945751749,1.95253670407846,7.336751912448
"CCTATAGCAATGAATG-2","male","EN",1.65768363492596,-9.80281151853429,1.67297041608408,4.6418080075713
"CCTATAGCACAAGCCT-2","male","Microglia",-9.15729722959888,13.7400427905477,-1.06861960695669,-5.83597090401928
"CCTATAGCACCGGTAT-2","male","EN",3.35443320291149,-13.2733792217814,2.09833717538431,7.26129052481373
"CCTATAGCACTAAGCC-2","male","Microglia",-9.36980447752369,9.69949255861415,0.224839570060518,-7.87403919854443
"CCTATATTCTAACTGA-2","male","VSMC",14.3470143319856,-0.782455340250597,2.67238056851938,-2.74133207955639
"CCTATATTCTAGCTTT-2","male","Oligodendrocytes",-0.620164131950261,4.52401457704677,-1.83475744532034,-3.17147495904247
"CCTATATTCTCCATAT-2","male","EN",6.91985406892407,-11.1262062939249,3.65680945111826,4.64541671118458
"CCTATTGTCATGTGGT-2","male","Microglia",-9.2713175771941,8.61658011354579,0.270894648566988,-9.07771828332226
"CCTATTGTCCCGAACA-2","male","EN",1.19699009673703,-2.32984818540441,0.480665745273378,4.82024476370533
"CCTATTGTCCCGCCTA-2","male","Microglia",-9.24164209349048,10.0963269320883,0.593032153383043,-8.43873264947216
"CCTATTGTCCGCTAGA-2","male","OPC",11.819270992447,3.77125464357509,12.614849688545,-0.26577660002987
"CCTATTTAGGCTGTCA-2","male","Oligodendrocytes",-0.962865805457952,1.85559283174647,-2.36648547457144,-2.5312831656007
"CCTCAAACAAACTCAT-2","male","Oligodendrocytes",-0.020859932731511,6.76362095750941,-3.0326191167681,-0.300252701428338
"CCTCAAACAACCCTCC-2","male","Oligodendrocytes",-0.564871346782567,10.8894177524008,-1.69227301882193,-0.692956473019524
"CCTCAAACAATAGTCT-2","male","IN-MGE",-7.14346322996509,-5.07987584195958,-6.79954087541983,3.7983317121001
"CCTCAAACAATTGAAG-2","male","EN",8.73751726167309,2.10924421228541,2.00444209767893,6.77253815970142
"CCTCAAACACTCGCTC-2","male","Oligodendrocytes",-0.290299331973912,9.43595801271571,-2.43789398477957,-0.946832563069268
"CCTCAAACACTGACTA-2","male","IN-MGE",-6.53701457960499,-4.30166043363439,-5.84880244539664,4.33487293562611
"CCTCAAACAGGCGATA-2","male","IN-MGE",-2.59607920629871,-5.43299855314122,-7.50474870012686,1.53826937517841
"CCTCAATGTCAAAGAA-2","male","Oligodendrocytes",-0.529900228809239,3.8330026713766,-2.57070672319815,-1.88353850999157
"CCTCAATGTTATGTGG-2","male","IN-MGE",-6.87419948561084,-4.46722354017125,-6.63716018007681,4.22364733061512
"CCTCAATGTTGCGGAT-2","male","Microglia",-9.01156148893726,13.0309754458822,-0.580921648010466,-6.63663580575268
"CCTCAGTTCGATTATG-2","male","Pericytes",1.17670812623608,0.185049429313077,-0.0927170495836471,-8.80010845818798
"CCTCAGTTCTCAATGA-2","male","IN-CGE",-1.10455749018085,-0.207443014010058,-4.74548280046866,-6.63823511758129
"CCTCCTCTCGAGGAAC-2","male","IN-MGE",-3.53277120573414,-4.11810292325841,-7.18670689867422,2.12870690664967
"CCTCCTCTCGGTTTGG-2","male","IN-MGE",-3.80608425123584,-5.97984160505162,-6.93400275515005,1.3082657202216
"CCTCCTCTCGTTACTT-2","male","EN",1.91749861257183,-9.53348816953527,1.36694324208811,4.43174192747791
"CCTCCTGAGCATGCAT-2","male","EN",7.07872095124829,-10.2729929836832,3.70805132581308,4.7526478513213
"CCTCCTGAGCTGTCAG-2","male","OPC",10.6879538537751,3.03529463686122,10.2047535200269,-0.701009060528679
"CCTCCTGAGGTGTTAC-2","male","Pericytes",2.28116264360058,0.435204699412717,2.76670313073709,-2.50408723511974
"CCTCCTGAGTGAGGTA-2","male","EN",3.71922960298168,-13.8587407024943,2.36701500608042,7.32929942450245
"CCTGAATAGACAAACG-2","male","OPC",11.5710839273225,3.68810664095057,12.6530195493849,-0.599071170475884
"CCTGAATAGTAGCCAT-2","male","Astrocytes",-8.57686052305591,-0.0815971048914056,-4.70788609789297,-7.36149170556347
"CCTGACTTCAATGAGG-2","male","Oligodendrocytes",0.0200908126126509,7.65784560121669,-2.69262897776053,-0.952846075680657
"CCTGACTTCCGCCTCA-2","male","Microglia",-9.06134424192798,13.6789494601644,-0.678173301681731,-8.45868351617138
"CCTGACTTCTCCATGC-2","male","Microglia",-9.35076150877369,9.80952368654384,0.434256853595522,-7.69045212426464
"CCTGAGTCACGTGCTG-2","male","EN",2.6053446771394,-2.12329114995824,-0.786628005966399,3.72959444365223
"CCTGAGTCAGACAAAC-2","male","IN-MGE",-17.0409403799285,-5.89971436582433,-5.82660710619375,4.56982347807606
"CCTGAGTCAGTTTGGC-2","male","IN-CGE",1.04512282626736,-5.49012936673985,-3.52085196779654,10.0420222028228
"CCTGATGAGGAGCACG-2","male","IN-MGE",-6.38452491743458,-4.58805216871129,-6.7786272744982,3.70634314856251
"CCTGATGAGGTGCGGA-2","male","Microglia",-9.21106252653492,10.5377341357626,0.270854475036409,-7.74805596032421
"CCTGATGAGTATGTGC-2","male","OPC",11.2503546716462,3.4026580897726,11.6794000883253,-0.667441870358391
"CCTGCTCCACCAACCG-2","male","Oligodendrocytes",-0.602455591987493,10.905010327474,-3.38701665209219,-0.824876810696526
"CCTGCTCCAGTACCGT-2","male","Microglia",-9.53466615660084,13.3138323871054,0.631617965236452,-8.90252926507275
"CCTGGATCACCATATG-2","male","Microglia",-8.98746976835621,11.483171567098,-0.796298263534758,-8.56699516930859
"CCTGGATCAGCCTAAC-2","male","Oligodendrocytes",-0.933723783325078,4.47860585130824,-2.49511444376394,-2.08482268014233
"CCTGGATCAGGCGATA-2","male","EN",2.2544324638139,-2.13048090062963,-0.986976144775603,3.53244826636036
"CCTGGATCAGGTATTT-2","male","IN-MGE",-6.13250884992969,-4.51728428922521,-6.59416377352164,3.57701966604908
"CCTGGATCATAAGGAC-2","male","Microglia",-9.18770894987476,13.6374903766073,-0.656387565597746,-6.5367398516206
"CCTGGTAAGCTTACTT-2","male","OPC",11.926822567154,3.41564784921779,12.8517843504102,-0.393488670971795
"CCTGGTAAGGAGCACG-2","male","EN",7.54581871049511,-7.60670842252599,4.82455218030527,4.73020360312183
"CCTGGTAAGGCCGGAA-2","male","IN-MGE",-6.12405023558033,-4.55720557294713,-6.56763922975943,3.85410163244923
"CCTGGTAAGGGCCATC-2","male","Oligodendrocytes",-1.10830614550007,3.54614959634913,-1.98461520479605,-3.06017711320202
"CCTGTAACAGGTTATT-2","male","OPC",12.1600378991853,3.70249830164088,12.5523802061231,-0.04733565011303
"CCTGTATGTCAAAGGG-2","male","IN-MGE",-2.79314360601795,-4.47708739362584,-7.19344746874258,2.23818371138294
"CCTGTTGGTAGCCTCC-2","male","EN",5.44418230073559,-9.80273331724034,3.25126350118234,3.60364911398609
"CCTGTTGGTTGCAATG-2","male","IN-MGE",-6.46985445005787,-4.3181146534525,-6.83705603884146,4.52222058615406
"CCTTAACGTGAAGCCT-2","male","IN-MGE",-1.96932682974231,-2.64825071416722,-7.93502652452872,0.992981110426979
"CCTTAACGTGCGCATG-2","male","EN",5.61635913865673,-12.9493903072916,3.32581937505319,6.58251044592579
"CCTTACTCATGTGGGA-2","male","EN",8.09061565415966,-6.66141785703527,6.25821697904184,4.24170062384327
"CCTTACTCATTAAAGG-2","male","OPC",9.11946096437084,2.28625307954921,11.6424957533033,-0.561073209431572
"CCTTAGTGTAGCAGCT-2","male","EN",13.6862877847444,-12.0574749859415,3.17735803319528,3.17884847960194
"CCTTAGTGTCCAAATG-2","male","Astrocytes",-7.23830661756885,-0.297018006666766,-4.75966250704214,-6.10112002053539
"CCTTAGTGTCCTTCTC-2","male","Astrocytes",-6.91796312315357,1.04762984789981,-4.57788169191763,-7.04314377465527
"CCTTAGTGTTTGCAGA-2","male","EN",1.25316991822827,-9.74722279630529,1.15939369989946,5.09774825415333
"CCTTATGTCAAACCGT-2","male","Oligodendrocytes",-0.734531378578069,2.42256377615107,-3.30944382952139,-1.26395239987652
"CCTTATGTCAGCTAAC-2","male","EN",-8.95795450193775,-0.25553287587987,2.21039021207407,7.41480681738575
"CCTTATGTCATGAAGG-2","male","EN",13.6939457895051,-12.0761259945475,3.20633614255502,3.15499064764698
"CCTTATGTCATGCGTG-2","male","IN-CGE",-2.03074130995166,-17.2139490994059,-2.94817673967764,8.11021325430591
"CCTTATGTCGGTTAGT-2","male","EN",2.13581457154858,-11.7946976574503,0.498795064225938,5.47289607367237
"CCTTCAATCACTTTAC-2","male","EN",0.966676974464534,-2.52908934675084,0.125621439948824,4.7869062169524
"CCTTCAATCCGGTTAG-2","male","EN",4.09377756135571,-13.1887720974527,1.77462274028375,7.77214190802296
"CCTTCAATCGTTACAA-2","male","Astrocytes",-7.16028556806934,0.997990503684415,-4.66611468599722,-7.1877932802705
"CCTTCAGGTATTCGCT-2","male","IN-MGE",-3.89411649687183,-6.23769225202428,-7.50009000109122,1.82105204901417
"CCTTCAGGTCATCATC-2","male","IN-MGE",0.85263442413914,-5.24394358716832,-3.89636599825308,10.3272099240752
"CCTTCAGGTTCGCTTG-2","male","Astrocytes",-8.96752271635425,1.04481251515521,-5.02671134279654,-5.44719031014721
"CCTTCGGTCCCGAAGC-2","male","EN",7.12668838517773,-10.7665261181437,3.42709791852548,4.66345450720508
"CCTTCGTAGCTAAAGG-2","male","EN",13.7335824014436,-12.124738589152,3.26022041036203,2.91099879584034
"CCTTCGTAGGAACCGG-2","male","IN-CGE",0.883471810985683,-5.45319356046544,-3.64946925447867,9.96547839483936
"CCTTCGTAGTACTGGT-2","male","IN-CGE",1.21488955037701,-5.68930377088414,-4.1953057031481,10.9285197003814
"CCTTGTTCAATCCTGA-2","male","IN-MGE",-4.62808856947315,-4.62204064451085,-7.18851887987539,2.4430261596175
"CCTTTAGTCCCTCTAA-2","male","OPC",9.58290185945141,2.4462804643072,9.47383749677255,-0.564096237805291
"CCTTTAGTCTAGCTAA-2","male","IN-MGE",-5.18016681654346,-4.53196610532628,-6.53151118563101,3.74007270178516
"CCTTTAGTCTTGAGCG-2","male","IN-CGE",0.995105409790156,-5.34223260007726,-3.76598012255118,9.96702143988331
"CCTTTAGTCTTTGACT-2","male","Microglia",-9.03735074980152,12.5708476153768,0.526303144231584,-8.07423737206738
"CGAAATGAGCATCCAG-2","male","Oligodendrocytes",-0.852424835990788,1.43415318407191,-1.88283955858633,-1.49886348405163
"CGAAATGAGCTTCCCG-2","male","EN",2.03335108773815,-10.6890353115641,1.91181636048868,4.61747238478382
"CGAAATGAGGTGAGAC-2","male","IN-CGE",1.83162596242535,-11.2864245327555,1.48390680743768,2.90235826811512
"CGAAATGAGTATGTGC-2","male","Oligodendrocytes",8.25719585435498,-7.94721783719884,-3.06505048082754,-0.521270658162041
"CGAAATGAGTCCTTTG-2","male","Microglia",-9.33890256864917,9.31859026826991,-0.581390140518401,-7.51892998376171
"CGAACAAAGCGCTCAA-2","male","IN-MGE",-3.21311578733814,-6.22576274000035,-7.08828055666373,0.763597045752601
"CGAACAAAGGAATAAC-2","male","EN",1.38951494710553,-10.9581545742594,1.20849225117281,4.81711957297047
"CGAACAAAGGATTTGC-2","male","IN-CGE",-3.1640645025481,-9.61125554166661,-2.90879213617727,8.19369313559254
"CGAACCGGTAGCCTAA-2","male","EN",6.46531381623852,-10.2966870220743,3.20891201688364,3.90450284323414
"CGAACCGGTCATCAAG-2","male","Oligodendrocytes",-9.06844530088794,13.6516820041098,-1.71195208834097,-3.41410067239086
"CGAACCGGTGAGACTC-2","male","Oligodendrocytes",-0.593052482437016,10.9334326831259,-2.3644849042742,-0.699476267483635
"CGAACCGGTGCTTACT-2","male","Oligodendrocytes",-0.582074200939061,9.01233206667079,-1.99551689432547,-0.631317521717949
"CGAACCGGTGGATTAT-2","male","Oligodendrocytes",-0.374545252155187,9.27614317812098,-2.68395364092276,-1.75386455216686
"CGAACCGGTTTGACCT-2","male","Oligodendrocytes",-0.548922216724278,10.8696366397299,3.20954168035105,-0.433584953930779
"CGAACCGGTTTGAGGC-2","male","EN",1.98525156991589,-9.59335221372472,1.54418713046625,4.66526815733631
"CGAAGAATCACTTCAT-2","male","Oligodendrocytes",-0.74655220491779,2.36055944837703,-1.57558953569815,-2.72678091683666
"CGAAGAATCCTTAGGG-2","male","VSMC",0.154854634572146,0.259685084000959,2.88647473050669,-2.81386377969067
"CGAAGCCTCAAGCTTA-2","male","OPC",11.7586325647126,3.19181190408839,12.6002231855543,-0.446295525219842
"CGAAGCCTCAATTACG-2","male","EN",3.59242644326794,-13.2544640453898,1.77161014272287,7.48363826117237
"CGAAGCCTCACCTGCT-2","male","EN",3.03243508355725,-11.8326844128214,2.01130426122263,6.11166188559254
"CGAAGCCTCATAGACC-2","male","OPC",12.2450350763093,3.41248045839442,12.2847696561964,-0.485831762936516
"CGAAGCCTCCAAATCA-2","male","IN-CGE",-2.95189700109852,-9.39786233030187,-2.88810503290579,8.18386599859913
"CGAAGCCTCCGTGACA-2","male","IN-CGE",1.46206762807476,-5.38549985013829,-3.98008334444449,10.0758204205962
"CGAAGCGAGACAAACG-2","male","IN-MGE",-2.32809386236561,-5.60892714582311,-7.20670735643789,1.57279548487385
"CGAAGCGAGCTGGACC-2","male","Pericytes",2.20665648000347,0.362394541279211,2.98764431668833,-2.55445077576916
"CGAAGCGAGGCCAATT-2","male","Oligodendrocytes",-1.08526740057361,2.94688354410304,-2.26755964563772,-1.9234004274873
"CGAAGGCCAACAGCCT-2","male","Microglia",-9.16169366819751,12.5993929950155,0.109739543929842,-7.91062214532177
"CGAAGGCCAACCTGGT-2","male","Oligodendrocytes",-0.666219568084599,2.37283669389857,-2.09367787645743,-0.871157552388115
"CGAAGGCCAAGGGTTG-2","male","EN",8.24372806565869,-6.74894560895787,6.34383595182016,4.14017531714161
"CGAAGGCCACAGCCTG-2","male","Astrocytes",-8.14000616056812,2.14681719221248,-5.26476990984366,-5.68168165841381
"CGAAGGCCAGCAAGGC-2","male","Oligodendrocytes",-0.825860595535161,1.59058676637782,-2.38623320864126,-2.24882342973034
"CGAAGTAAGCCTGTTC-2","male","Astrocytes",-7.35663375837696,0.764642745033636,-4.59074723528311,-6.85491087594311
"CGAATATGTCTTTGAC-2","male","EN",6.75558176057446,-11.2782601269327,3.4049025793226,5.22563454947193
"CGAATATGTGTTAAAC-2","male","IN-MGE",-7.08756885511768,-5.3963035496317,-6.55865037249014,4.76443240484913
"CGAATATGTTGAGGTC-2","male","EN",5.57406892793286,-9.64539708219396,3.60079062177255,3.5578555806609
"CGAATCTAGCATTATG-2","male","EN",7.50227108018505,-9.65688313566075,3.74473798467233,4.41854116759022
"CGAATCTAGCTGGCTA-2","male","Astrocytes",-8.00070486051929,0.50816383190526,-4.80285012529776,-6.08276512780468
"CGAATCTAGTTAGTTG-2","male","IN-CGE",1.72903110997784,-6.03526248060094,-4.13149583147452,10.378732179019
"CGACAAGCATTGTGGC-2","male","EN",7.6307558061372,-9.08859528623448,5.32040131284311,4.7649540647002
"CGACCTGCAATATACC-2","male","Oligodendrocytes",-0.629515266250493,10.9563075152792,-2.34444534586355,-3.22759678521435
"CGACCTGCAGCATGTC-2","male","Microglia",-8.99547109587085,12.9373198596395,0.845709850838553,-8.2430444017915
"CGACCTGCAGCTTAAT-2","male","Oligodendrocytes",-0.561759805511357,3.37838707842006,-2.21653711603567,-2.89110686936657
"CGACTAAGTTCACCAT-2","male","EN",0.205021614004253,-1.5713638218485,1.63186156941965,2.9900049909087
"CGACTAAGTTGGCGTG-2","male","EN",1.10172452943432,-9.76809491239415,0.615077110067155,5.0986566289397
"CGAGCGAAGGATAAAC-2","male","OPC",10.5881947519075,3.01572237886561,11.7210708875807,-0.421043898251458
"CGAGCGAAGGATTGCT-2","male","OPC",11.3129128457795,3.61005197443141,12.2614446897657,-0.475585724499627
"CGAGCTGGTGATGGCT-2","male","EN",2.92110314385998,-13.7196816357218,1.73752302123621,7.62131593069752
"CGAGCTGGTTGGTTAG-2","male","Oligodendrocytes",-7.15647230131519,0.830554470197095,-3.98900019930289,-5.49122240701
"CGAGGAAGTACTTCAC-2","male","EN",6.56609954850781,-13.2508353146158,3.96466863347605,6.1730351193877
"CGAGGAAGTATTTGCC-2","male","Oligodendrocytes",0.0948390008698684,7.13095103181972,-2.8651911001055,-1.24796190419476
"CGAGGAAGTGTGTCCC-2","male","EN",1.8377368690263,-11.6399964245401,0.833573178447929,5.70181701025684
"CGAGGCAAGAGGAAGG-2","male","Astrocytes",-7.90863809568775,1.92685376085414,-5.201414940819,-6.02019598641674
"CGAGGCAAGCTGTAAC-2","male","IN-MGE",-4.80054006559742,-6.48502720914708,-6.27775227831289,1.92278096518238
"CGAGGCAAGGAAGCAC-2","male","IN-CGE",1.45628955381024,-4.76887740217076,-3.89265286730215,10.1107811673613
"CGAGGCAAGGAAGCTA-2","male","Microglia",-9.12266740782154,11.9764567462362,0.00155812694146884,-7.53602936425488
"CGAGGCAAGGACCTTG-2","male","Pericytes",1.04370960013974,0.156012907401456,0.0209931750448014,-8.9342007891206
"CGAGGCAAGTTGTCTT-2","male","EN",8.26149263398754,-6.75715912900792,6.39976799680307,4.09425732931812
"CGAGGTGAGCGGATAA-2","male","OPC",9.10597124116528,2.29690931715144,3.63550698949411,-0.628382112172051
"CGAGGTGAGCTCAAAC-2","male","OPC",11.0061129571687,3.44606386102809,12.5699878950269,-0.407324577954217
"CGAGGTGAGTTATCCT-2","male","Microglia",-9.08490762693775,11.6036997882284,0.291559698119905,-7.29657938638012
"CGAGTCGGTTAGAGGG-2","male","Microglia",-9.2349234579314,10.2058535663046,0.853820122838166,-8.23975041070263
"CGATATTCAAACTCAT-2","male","OPC",11.6099070550691,3.0327199546255,12.0348602552564,-0.398376967099114
"CGATATTCAACACTTG-2","male","Oligodendrocytes",-0.816195821594121,2.18493078626765,-2.68807399080679,-0.5762769238023
"CGATATTCAATTAGCT-2","male","Microglia",-8.7775488851775,13.384463414327,-1.27282535837576,-5.30248024621288
"CGATATTCAGGCCTTG-2","male","EN",-0.0639957843531389,-1.60553826413976,-0.470631716713164,3.49107715925892
"CGATCCTTCATCCTGC-2","male","EN",6.4932955743562,-13.3374270351969,3.89194524480417,6.23903033575733
"CGATCCTTCCGCAAGC-2","male","EN",2.41498389260876,-2.38050545774327,-1.03696191118643,3.65745684942921
"CGATGTCCAAGACTCC-2","male","EN",13.7186411859285,-12.1057766827189,3.26636684133127,2.91262695631702
"CGATGTCCAATCCCTT-2","male","EN",15.3840531350862,-5.37324847303258,0.656967194810655,3.66820046744068
"CGATGTCCAATTAGGA-2","male","Microglia",-9.00195226652515,11.7459927646078,11.8214851637037,0.169518862578468
"CGATGTCCATCTAGCA-2","male","Astrocytes",-8.84247503263843,0.115077748671903,-4.44799411104605,-7.00679638543408
"CGATTATCATAATCAC-2","male","Microglia",-9.15509805662525,13.794923886434,0.432811440959718,-7.39786007561962
"CGATTCCTCAGGAAGC-2","male","Oligodendrocytes",0.0656730772744399,6.86554442323817,-1.9740606527178,-0.388053800251885
"CGATTCCTCCCGTTGT-2","male","IN-MGE",-3.61899528486622,-3.73898400388585,-7.53446137712881,2.18147013029774
"CGATTCCTCGTTTCTG-2","male","EN",1.71189334409344,-9.53583420835363,1.63080644799783,4.65345547041614
"CGATTCCTCTTAGTGA-2","male","Oligodendrocytes",-0.884016489814641,5.8229929057516,-0.238425014480803,-7.26430752435009
"CGATTGAGTCATGCAA-2","male","Astrocytes",-6.71608552915943,1.40885154880656,-4.65602385805533,-7.51318981805126
"CGATTGAGTTGGATCA-2","male","EN",0.505539694596408,-1.89432205282079,-0.865796206459257,3.64909789404591
"CGATTTGCAACCTGGT-2","male","IN-MGE",-3.77484426481617,-3.89129103742467,-7.13097226427481,1.93937394461353
"CGCAAATTCCGCAACA-2","male","Oligodendrocytes",-0.68810985071552,2.15926621832026,-1.70766198442862,-0.76597693124096
"CGCAAATTCCGCTAGA-2","male","Microglia",-9.32162485105884,11.7868405429281,0.372765781417635,-8.62394669213574
"CGCAAATTCCGGCTAA-2","male","EN",8.58703317659008,-6.8915108593546,6.37025797559336,4.36811563811024
"CGCAAATTCGATCAGT-2","male","Microglia",-9.16169176084888,13.3251916018881,0.487317027583864,-8.61332562127392
"CGCAAATTCTCAATGA-2","male","Oligodendrocytes",-0.537708318065526,4.59563504137172,-3.60171973513052,-1.31619122185986
"CGCAAATTCTTAAGTG-2","male","Oligodendrocytes",-0.665731882881047,9.62434016145839,-2.36903488443777,-1.38516667046825
"CGCAATAGTAAGCACC-2","male","EN",5.51447143571484,-9.69689072690831,3.21876108838632,3.67960402807911
"CGCAATCCACAACCTA-2","male","OPC",11.1493290902864,3.60877977289332,13.0099321622999,-0.0155447975663381
"CGCAATCCACTGGCCA-2","male","IN-CGE",-3.09202513677967,-9.49258221708165,-2.93946730898306,7.86543366751392
"CGCAATCCAGAAACGT-2","male","EN",3.54580678956616,-13.2018460186564,2.39241993619516,7.45506951651295
"CGCAATCCAGCAAGTG-2","male","Astrocytes",-8.91953763944996,-0.215662911757098,-6.9826124887316,1.14649561485966
"CGCAATCCATGGAGGC-2","male","Oligodendrocytes",-0.544343864749791,5.45698605455531,-2.82643639849112,-1.64829304375927
"CGCAATGTCCCTCAAC-2","male","EN",7.7526368142854,-7.71007908902989,2.30734121991709,3.81132194838245
"CGCACAATCAGGGCCT-2","male","EN",4.44993104951489,-10.1244295986734,2.91496503545358,3.90082833609302
"CGCACAATCCTAACGG-2","male","Microglia",-9.17728338224781,10.7797375766195,0.0956050176770951,-8.52013638177197
"CGCACAATCTGCAACG-2","male","IN-MGE",-3.79039821607959,-3.84625901304112,-7.41003739641592,2.10702190241535
"CGCACACAGCTTTGGG-2","male","Oligodendrocytes",-0.278134202789189,8.74517641939296,-2.51225220964834,-0.293505872872277
"CGCACACAGGACAATG-2","male","EN",3.43193163888562,-13.3954256924234,2.1099693794401,7.28751990637501
"CGCACCACACTAAGAA-2","male","Microglia",-8.92786130888355,11.8567000476278,0.150571884647157,-8.47760346093456
"CGCACCACATAGCGAG-2","male","Oligodendrocytes",-0.458650028537633,8.89950381197108,-3.30787312792227,-0.838410522129937
"CGCACCACATAGGCGA-2","male","Microglia",-9.0937052725066,10.5760861483969,0.560446055665758,-8.6802888170747
"CGCATATAGGCATTGT-2","male","EN",2.98825826661694,-13.2064703854166,-1.52450334833548,-5.30665590920727
"CGCATGATCCACCCTG-2","male","IN-CGE",2.06860628144848,-5.93360985837804,-4.23224389360831,10.8543114407988
"CGCATGATCCAGGTTG-2","male","Microglia",-0.962593769859197,-0.370323375090228,-1.21854030893728,-1.33163025536816
"CGCATGATCGTTAAGC-2","male","EN",-0.733929490875127,0.458032831326856,3.66329634381845,3.81936166128834
"CGCATTACAAAGCTCC-2","male","OPC",12.1308688165437,3.68052874483241,11.9727360029371,-0.859807516720696
"CGCATTACAACCGCCA-2","male","IN-MGE",-6.85215291960132,-4.68417300306188,-7.04507767961905,4.52944514593799
"CGCATTACAAGGTAAC-2","male","EN",8.43178548829663,-7.23055924497472,6.09521258069589,3.97679421744068
"CGCATTACAAGGTGCA-2","male","Oligodendrocytes",-9.37857065184009,10.581316098348,-1.76683008478567,-0.0505292073754506
"CGCATTACATGTTGTG-2","male","EN",0.182485932279704,-2.2827998550974,0.504490168824937,0.984081391903953
"CGCATTTGTACTTAGG-2","male","Oligodendrocytes",-0.585035002063634,9.40032492555751,-2.29327547357962,-0.206141080048485
"CGCATTTGTGCGCGTA-2","male","IN-CGE",1.11035420911419,-5.62749613843785,-4.14456307695791,10.1178574307891
"CGCCAAATCCGCCTAT-2","male","EN",8.27378025071728,-8.0788363369547,2.16151333047464,4.06172916731556
"CGCCAAATCCTGGTCT-2","male","EN",6.45372953431713,-11.6651085766398,2.06009042455271,5.95578143439014
"CGCCAAATCGCTAAGT-2","male","Microglia",-8.80573282225025,13.6312314120687,-0.679821012481902,-6.33699705758373
"CGCCACACACACTAAT-2","male","Astrocytes",-8.71969137174976,0.326410159245862,-4.55901944445059,-6.58996060052197
"CGCCACACAGCCAGTT-2","male","OPC",10.826143169571,3.41846428789271,12.2105938215406,-0.207342173245354
"CGCCACACATGAAATG-2","male","Microglia",-9.07501611692798,13.2314873782553,0.388470055595186,-8.18197205224316
"CGCCACACATGGTTAT-2","male","OPC",11.4929350854646,3.6028362361349,12.8440710325392,-0.482377554562493
"CGCCTGTGTCACGGAT-2","male","Oligodendrocytes",-0.6759372709502,1.60022364534511,-0.919619558319304,-1.83265021004955
"CGCCTGTGTCCTTTAA-2","male","EN",4.18123140351879,-13.3663367184244,2.47470879746988,7.44889113745411
"CGCCTGTGTGACCTGG-2","male","OPC",11.0710219384919,3.61729584612025,11.6301866789015,-0.456148769047661
"CGCCTGTGTTTGTTGC-2","male","IN-MGE",-1.51106533987415,-2.06004656873571,-7.14848267839834,2.23818776449879
"CGCGATTCAAGGAATC-2","male","Oligodendrocytes",-0.23449919206989,6.87344466127528,-3.31364095018789,-1.17939498582165
"CGCGATTCAAGGTGGC-2","male","Oligodendrocytes",-0.95143923742664,1.98324619211329,-3.00165188120291,-1.31090357461254
"CGCGATTCAGGCAAGC-2","male","IN-MGE",-2.97156844122303,-5.20121659360753,-6.95827185915396,1.01861274680813
"CGCGATTCATACTCCT-2","male","EN",1.8999881984483,-9.99770154081212,1.07365757419184,4.90809867224415
"CGCGATTCATTCCTGT-2","male","Oligodendrocytes",-0.4333595989455,10.2605486956991,-3.24999558733389,-0.782449390080376
"CGCGGATTCATAAGCC-2","male","IN-CGE",1.1196947933923,-5.12598790250646,-3.79102170275137,9.78918406805714
"CGCGGATTCCCGAAGC-2","male","IN-MGE",-2.71331987364185,-3.27803672872411,-7.23692261980459,2.3165088637801
"CGCGGATTCCCGTTAC-2","male","Oligodendrocytes",-8.47382268888843,0.204242571965589,-4.44578158663199,-6.31053259530346
"CGCGGATTCCTACCTA-2","male","Microglia",-9.37358293516529,8.94516669191493,0.194423260226991,2.92694184622486
"CGCGGATTCCTCACTA-2","male","EN",7.70106782930004,-7.33375014386998,5.53159058286264,4.27955696425159
"CGCGGATTCCTGATGG-2","male","EN",0.457029098440288,-9.4029854687296,1.17521900130823,5.5234784825774
"CGCGGATTCTATGACA-2","male","OPC",11.0456418039094,3.85315667070521,13.1005007047804,-0.196015323784752
"CGCGGATTCTCGCCTG-2","male","Microglia",-9.24076471311939,10.075718983785,-0.0309944133608078,-8.71744969048779
"CGCGGATTCTCTAGCC-2","male","Oligodendrocytes",-7.87825212461841,0.339761376158132,-3.77464616106436,-5.66049339928906
"CGCTAACCAAAGGTAC-2","male","EN",5.2548603059541,-12.9536923321329,3.355305554405,6.49809119543751
"CGCTAACCAAATGCCC-2","male","Oligodendrocytes",-7.34679470045459,0.640336964056625,-3.68358886049673,-5.49196722665112
"CGCTAATAGCAGGCCT-2","male","EN",7.50754346864331,-7.63664998136388,5.51854336453989,4.47251365027149
"CGCTAATAGGACCGCT-2","male","IN-MGE",-3.37327728254688,-3.59157790265904,-7.21085488603995,2.13759193262775
"CGCTAATAGTAATCCA-2","male","Microglia",2.08286442773449,4.44857345499171,-3.22555148409292,-6.3292899385957
"CGCTACTTCCAATTAG-2","male","OPC",12.1525181772004,3.87525807298793,11.491200091377,-0.466075684216424
"CGCTACTTCGATTATG-2","male","Oligodendrocytes",-3.63489494306934,-3.98359002195226,-2.21152865694449,-2.86139037766735
"CGCTATGAGTAATCCA-2","male","EN",2.72209396379101,-2.12106789670812,-0.81627750204489,3.74360749563892
"CGCTATGAGTCACTAA-2","male","Oligodendrocytes",-0.686087465118291,2.7564862815298,-2.3891271333544,-0.522599722531243
"CGCTATGAGTTATGGC-2","male","Microglia",-9.11655817015064,10.5711384860433,0.615660505429056,-7.88407280602734
"CGCTCAGCACAGGATG-2","male","IN-CGE",2.05961730496991,-5.94428528867589,-3.98619544313833,10.244267915103
"CGCTCAGCATACTCCT-2","male","IN-CGE",1.62325301187146,-5.79280795179235,-3.63922440813467,9.98948905310352
"CGCTCAGCATGAGTTT-2","male","Microglia",-9.14028081877125,12.9199343768515,0.562320830360201,-8.24774601617138
"CGCTCCATCACAGGAA-2","male","Oligodendrocytes",-0.827069735359075,4.95571289934291,-2.952236292824,-2.07874539056103
"CGCTCCATCAGTTCCC-2","male","Microglia",2.06057169454205,4.25191222108973,-1.05835139559195,-6.99169685998242
"CGCTCCATCGAAGTGA-2","male","EN",1.33574929254162,-9.66114892087804,1.1922570188196,3.30614945730885
"CGCTGTGCAAGGACCA-2","male","EN",15.5325888635408,-5.39196337781774,0.671379016772058,3.53676650366505
"CGCTGTGCACCTGCTC-2","male","IN-MGE",-4.25100049955738,-4.15929879270421,-7.25116765306875,2.16754326662739
"CGCTGTGCAGTTTACG-2","male","EN",3.20563426034558,-13.779294863566,2.11931884481027,7.2615155919524
"CGCTGTGCAGTTTCTC-2","male","IN-MGE",-3.98776922209156,-5.45311154447423,-7.3027652482836,1.69731054148395
"CGCTGTGCATGACTAT-2","male","Astrocytes",-8.71867570860279,0.117949411050214,-3.97944915102408,-5.91370823540966
"CGCTTAACAAGGTACG-2","male","Microglia",-9.44966039640796,12.0787144748129,0.305923225417879,-8.11860420861523
"CGCTTAACACAACCTA-2","male","OPC",10.6523217202913,3.68199573434962,12.8186308164747,0.0131763561697764
"CGCTTAACAGGCTAGA-2","male","Microglia",8.91908540742504,-7.51354683957921,-1.15953600214407,-5.39099409737866
"CGCTTCTAGCTTCCCG-2","male","IN-MGE",-6.99176750166309,-4.25398005567418,-6.6541680078356,4.4173412068816
"CGCTTCTAGGCATTGT-2","male","IN-MGE",-7.13131914121998,-4.99661721311437,-6.927413819298,4.67815086683948
"CGCTTGCGTCACTCGC-2","male","Microglia",-9.06774339659107,13.2659245578207,0.15285992814615,-7.4172444597749
"CGCTTGCGTTAATGAC-2","male","EN",0.199380943347095,-1.47881449781285,0.14914751245096,3.24900076231678
"CGCTTGCGTTGTAAAC-2","male","EN",7.95381822602856,-6.75842608533727,6.57567274762705,4.41194460234363
"CGGAATCGTCAGTAAT-2","male","Pericytes",1.19154068248379,0.203796669618024,3.01509177877023,-2.36658432641308
"CGGACAACACAGGATG-2","male","Microglia",-9.15913972837818,13.0056973544516,0.748118402496126,-8.06069710412304
"CGGACCTAGGCTAAGA-2","male","Microglia",-9.13583192808521,10.875562771932,0.391844751373079,-7.86885883965771
"CGGAGCAAGGATGATG-2","male","EN",7.45676746385205,-9.6009253414713,3.93027675344065,4.60314390501697
"CGGAGCAAGTTATCCT-2","male","OPC",11.7180623056184,3.56990872301234,12.3672558088453,-0.779021646168633
"CGGAGTCTCACGTTAA-2","male","EN",1.81255641000378,-11.2122954281412,0.387215556636598,5.25404546103199
"CGGAGTCTCCTGAATA-2","male","EN",3.52283706681835,-13.1867989452921,2.18661713792398,7.47216603598316
"CGGATAAAGCACAGCC-2","male","IN-MGE",-3.41648206694019,-6.38429631315099,-7.40929257677481,1.14633423528393
"CGGATTAGTAACGGGA-2","male","Oligodendrocytes",-0.378452515434148,2.61029754556788,-1.5540691594927,-2.76835873284618
"CGGATTAGTAGCAGCT-2","male","Pericytes",0.690721237827418,0.199200942889585,2.80449509812906,-2.77497818627636
"CGGATTAGTCACAGAC-2","male","OPC",11.1914471627961,3.05200730241908,12.9335056562574,-0.103739704277916
"CGGATTAGTTAGTGAT-2","male","Oligodendrocytes",-0.436044728587987,4.42937408365382,-1.49726974771902,-2.74571802773754
"CGGATTAGTTGGATCA-2","male","Endothelial",2.78651561753857,13.285290822164,1.83337688638284,-1.26301303067486
"CGGATTAGTTTGCGCC-2","male","Oligodendrocytes",-7.2690392492522,-0.308977559431658,-3.88196313188956,-5.76850369134228
"CGGCAATGTTCCTCCT-2","male","EN",7.85844602601635,-8.46137703977452,5.00261891080454,4.39877531370838
"CGGCCATAGTTGCGTG-2","male","IN-CGE",1.75364770906079,-5.96767748914586,-3.95239770220206,10.6624884351226
"CGGCTAATCAAGTGTC-2","male","EN",7.10053005235302,-10.6816176327311,3.52045500470712,4.87760541281422
"CGGCTAATCATTATGG-2","male","EN",5.12709894197094,-9.65149106107579,3.13311970426157,3.17939708075245
"CGGCTCACACTCGCTC-2","male","EN",7.83051433580029,-8.73083771787511,-6.51198613451407,0.703154951992826
"CGGCTCACATTGTCCT-2","male","EN",1.7751559259187,-9.99254693113195,1.25086838199213,4.72914550146778
"CGGGACAAGCACAGCC-2","male","Microglia",-9.30825338346851,8.61663733400477,0.436553033128526,-8.12992909112255
"CGGGACAAGCTTTGGG-2","male","IN-CGE",-3.23237404806507,-9.69674195371495,-2.96930229471609,8.17040488562305
"CGGGCTTAGCTTAGTA-2","male","OPC",12.4682034494172,3.75331221498622,12.2879349012525,-0.653535153057976
"CGGGCTTAGGACCTCA-2","male","Microglia",-9.48449621183765,13.0265837756552,0.690420808330324,-8.62498428979199
"CGGGCTTAGGCGCACT-2","male","OPC",9.521964931656,2.57525728620662,12.0513693113477,-0.224151279118462
"CGGGCTTAGTAAGTCC-2","male","OPC",12.1317309381257,3.30720864214076,12.3295599241407,-0.823813344624444
"CGGGTATGTACGTTTC-2","male","OPC",11.4620064737092,2.60190139688624,13.0667301435621,-0.37890770592968
"CGGGTATGTGAGCGAA-2","male","IN-MGE",-2.3209203241576,-2.88792122922765,-7.61526143358633,2.03160104593952
"CGGGTATGTTCATCTA-2","male","EN",8.30711784379589,-7.57757367215978,5.88748133374765,4.70861480078419
"CGGGTATGTTTGAGGC-2","male","EN",3.4876996518861,-14.0191086681925,1.73757827474191,7.67594191870411
"CGGGTCTAGAGAAGGG-2","male","Oligodendrocytes",-0.610451733898046,9.07132826723231,-2.70356046961233,-1.33179953255932
"CGGTAACGTACCCACC-2","male","Microglia",-3.22259292585743,-4.60562504850255,-3.42705666826651,-6.47707321801464
"CGGTAACGTAGACAAA-2","male","OPC",12.1571091653596,3.00494180597438,11.860042216316,-0.615685369160576
"CGGTAACGTAGCTAAT-2","male","EN",4.01738681810009,-14.1672572048746,2.65034783078745,7.11349866232593
"CGGTAACGTAGCTAGC-2","male","EN",7.99740209596264,-7.86836518369542,5.77574074460581,4.63707969031055
"CGGTAACGTGCATCGG-2","male","OPC",11.4974507333528,3.05573259271754,12.1460644025953,-0.615540649083062
"CGGTAACGTTAAGTGT-2","male","Microglia",-9.01617250425709,12.9096060840048,-0.26256382273123,-8.47430088677685
"CGGTAACGTTAGTACG-2","male","Microglia",-9.10977373106373,10.6592198459066,0.716695861950662,-7.73630383172314
"CGGTAACGTTCATTTG-2","male","Oligodendrocytes",-0.76714239103687,2.36264429964198,-1.43839013384268,-2.77091434159557
"CGGTAACGTTCTTTAG-2","male","OPC",10.2468680383455,2.80229817308558,12.7047001142652,-0.960883881237908
"CGGTGAACATGGAGGC-2","male","Oligodendrocytes",-0.588672792743566,7.38831625856532,-2.55323660181448,-0.278578843262597
"CGGTGAGAGATTGAGG-2","male","IN-CGE",1.08242001550305,-3.86811770521031,-3.48085582064078,9.44739386877735
"CGGTGAGAGCCGCTTT-2","male","Astrocytes",-8.08551034910572,0.0362135020650763,-4.83947121904776,-6.90785315194409
"CGGTGAGAGCGCATTG-2","male","Oligodendrocytes",2.76358785646069,13.3194008914389,-1.74217903421805,-3.27644136109631
"CGGTGAGAGGCTACTG-2","male","Oligodendrocytes",-0.411864495109441,6.29813156999721,-2.77324235247061,-1.74373819985668
"CGGTGAGAGGGCTAAA-2","male","Microglia",-9.45846853239429,11.5660649386801,0.543728502527025,-7.66965630212109
"CGGTGAGAGTTTGTCT-2","male","EN",1.4392559768449,-11.247258082255,0.678034888640192,4.75946328482349
"CGGTTATAGAAGCTAG-2","male","IN-MGE",-3.19254074079883,-5.81690348707067,-7.37981545732901,1.21727106413563
"CGGTTATAGTTCCTCA-2","male","Pericytes",0.965187931228755,0.14097072161807,0.470497878328111,-8.88818218865673
"CGGTTCCGTGAGGTAG-2","male","EN",4.09551897065747,-13.5959614666544,2.33134627534464,7.01297423681934
"CGGTTCCGTTAGGACC-2","male","EN",1.95273222940075,-10.8589543255411,0.771368296876695,4.7345061048003
"CGGTTCCGTTTGCGCC-2","male","IN-MGE",-7.02006063444507,-4.32280148588048,-6.54683673189566,4.68650100073536
"CGGTTGGGTATTGAGT-2","male","EN",0.13912745730984,-1.14523126207219,6.21924841596201,4.09694835982044
"CGGTTGGGTGCTGTAA-2","male","Oligodendrocytes",0.567044922877429,-0.506131425722704,-2.14185344980643,-1.49658968606274
"CGGTTGGGTTGTGACA-2","male","EN",7.11926307695019,-10.8960074337565,3.38198483182504,4.8334526761504
"CGGTTTCTCAAGCTTA-2","male","OPC",11.0612935067903,4.01552735246791,12.3932882566602,-0.980338002827569
"CGGTTTGAGGTCTTGG-2","male","EN",5.05419960038769,-9.67512692533361,3.02348458959177,3.49466130575855
"CGGTTTGAGGTGTTAC-2","male","Oligodendrocytes",-0.513695633243443,5.68719111360682,-3.36229932115957,-0.897245432522698
"CGTAACTAGCAGGTTT-2","male","EN",14.1005352975618,-5.53497971616612,0.121960045829561,2.83239362082203
"CGTAACTAGCCACAAT-2","male","Microglia",-9.48987398130787,12.6087781039633,0.16885775519922,-7.38270809808056
"CGTAACTAGCTATTGA-2","male","Astrocytes",-6.924812412094,1.34302006639613,-4.76673543260977,-6.69647839227001
"CGTAACTAGCTTTGGG-2","male","IN-MGE",-3.08013854009998,-5.17449416242467,-7.84563958452627,1.03485420784672
"CGTAACTAGGGACGCA-2","male","Oligodendrocytes",-0.864147281478765,1.13353686012401,-3.34710538195059,-0.887595678952141
"CGTAACTAGTAGCGCC-2","male","Microglia",-9.26136407835376,8.59764204897059,-3.25845801638052,-1.58562352814953
"CGTAACTAGTTTGAGC-2","male","Endothelial",2.71813859956372,13.3787337390341,2.88381827069834,-2.56496789613049
"CGTAATGGTGCTTAGA-2","male","IN-MGE",-3.67807970030201,-6.21373166166173,-7.32518231676504,1.02093992075642
"CGTAATGGTTACAAAC-2","male","EN",4.80537214295971,-10.046797648295,3.05207669927194,3.78486273131092
"CGTAATGGTTGAGGTC-2","male","EN",5.31217136399853,-12.932165995463,3.49549663259104,6.44625375113209
"CGTACGGGTACGGTAC-2","male","OPC",11.4000138284456,2.73413883127345,11.2722688932569,-0.631578232434197
"CGTACGGGTCAAGTAT-2","male","Microglia",-9.35959348661792,11.8396140185751,0.52222946478441,-7.97955563226025
"CGTAGCGGTCCGCTGT-2","male","IN-MGE",-6.57227668745411,-6.21682013593541,-6.69340026186392,3.74059984526356
"CGTAGCGGTTGGTTGA-2","male","EN",2.86890711801159,-13.1658114346109,-4.30988538072989,-6.39953520455639
"CGTAGCGGTTTACTTG-2","male","Oligodendrocytes",-0.673643565009953,3.79024945177211,-1.89283740328238,-1.86928703942577
"CGTAGCGGTTTGAGCA-2","male","EN",6.58939638154614,-12.8982924374186,3.89283549977854,5.52680919012745
"CGTAGTTAGATACTTG-2","male","IN-CGE",-3.01301989538562,-9.45589055143224,-3.20834433840201,8.60667321524341
"CGTATTGCAATGAAGC-2","male","EN",3.0284391881715,-13.4251259716593,1.5611982364805,7.53685519537647
"CGTATTGCACGAATTT-2","male","Oligodendrocytes",-0.180425500701787,7.69829712785853,-2.71186911867544,-0.945854570057793
"CGTATTGCACTAAGAA-2","male","EN",4.08700408952343,-12.9322832974039,1.81266391469553,6.77952906927784
"CGTCATTGTAATGGAA-2","male","EN",2.29718806760418,-2.34129704557286,-0.889815328582976,3.7164761765929
"CGTCATTGTCATCATC-2","male","Oligodendrocytes",-0.368651544879796,7.76374255098475,-1.93425118730948,-2.90555050530712
"CGTCATTGTGTGAGGA-2","male","OPC",11.2630585672151,3.47002206720485,13.0090233106764,-0.426688100483819
"CGTCATTGTTACAACG-2","male","EN",0.388383545242576,-1.09085501752721,6.04639637662485,4.03236195883472
"CGTCCTAGTACGCGCA-2","male","Oligodendrocytes",-7.61547145826709,0.683468319252862,-3.88669001863882,-5.57972529092114
"CGTCCTAGTCCTCCAA-2","male","Oligodendrocytes",-0.116686439346196,8.9880639163412,-2.58779585169241,-0.708175684597893
"CGTCCTAGTTAGCTGA-2","male","Microglia",-9.05824575407398,13.4661055652059,0.210155369773653,-7.86330082574169
"CGTGACATCGTTAAGC-2","male","Oligodendrocytes",-0.514259910415532,5.85816298402919,-2.82973944948599,-1.19634106316845
"CGTGAGGAGAAGGTGC-2","male","Microglia",-9.33690652830494,12.9252482501425,0.472942413821962,-8.51308968224804
"CGTGAGGAGGAGGACT-2","male","EN",3.41221537606823,-13.582351580485,1.72606617404535,7.8790373548003
"CGTGAGGAGGTTACAC-2","male","IN-MGE",-7.19266424162281,-4.90516604505406,2.78102898789957,3.53670618376453
"CGTGCACAGTCAGGCC-2","male","OPC",11.7713965417634,2.7193130103506,11.1661525983961,-0.755806113865777
"CGTGCACAGTGATTCA-2","male","Astrocytes",-7.96877107603443,1.99833248533381,-5.08381736086294,-6.15058567681591
"CGTGCTGCAATGCCCG-2","male","Oligodendrocytes",-1.08288524134052,2.99964700616969,-1.16770446108267,-2.58538224854748
"CGTGCTGCATACTCCT-2","male","Oligodendrocytes",-0.576190924476506,10.9160166827597,-1.70503127382681,-4.0214548365144
"CGTGCTTTCACGCCAA-2","male","IN-CGE",1.29213979261029,-4.92891253553258,-3.79219662950918,9.98244330725391
"CGTGCTTTCATAACTG-2","male","IN-MGE",-6.4801889417876,-4.36291684232579,-6.51553618715689,4.26206443152149
"CGTGCTTTCCCGCATT-2","male","Astrocytes",-7.73998746855152,0.83932562150134,-4.64327275560782,-7.31353571572582
"CGTGGTTCAATGCGCT-2","male","Microglia",-9.28316125852955,8.62360106386317,0.801189394727495,-8.12594559350292
"CGTGGTTCAGAAACGT-2","male","Microglia",-9.15115461332691,11.0147191134848,0.417018862500932,-8.67710449853222
"CGTGGTTCAGAGAGCC-2","male","IN-MGE",-0.355999088119389,-1.35927774034368,0.776235619619634,4.95317504248341
"CGTGGTTCATCCTGAA-2","male","IN-MGE",-3.55013308508289,-6.40740574918614,-7.52974450395987,0.949575041148262
"CGTGGTTCATTAGCGC-2","male","IN-CGE",2.30241324918377,-4.63431109510289,-4.24367558763907,10.411673043582
"CGTGTGTCACATACTG-2","male","Oligodendrocytes",-1.05410740358722,1.89651773847712,-3.03045737551138,-0.973089362767144
"CGTGTGTCACGAATCC-2","male","OPC",10.1733035089265,2.84367547907008,12.3578354139478,-1.08071580090801
"CGTTAAATCAGGTCCA-2","male","EN",2.15010252015698,-11.7042521389567,1.56781256391123,5.23196790060718
"CGTTAAATCCACCCTG-2","male","Oligodendrocytes",-0.587072765659215,10.5748377887167,-3.46039187715933,-1.33120443978588
"CGTTAAATCGTGCCTT-2","male","Oligodendrocytes",0.159671315718768,9.00041399873866,-2.287676451668,-2.73788526215832
"CGTTAAATCTATGACA-2","male","EN",3.74140181558239,-13.621522799357,2.04653394414499,7.31460282644947
"CGTTAACAGATGCCTG-2","male","Oligodendrocytes",-0.161274826358678,6.83763705171718,-2.65338814066336,-1.29629161515514
"CGTTAACAGCTCATAA-2","male","EN",4.5735162736665,-9.90592183194982,1.47376173926904,3.08116147360523
"CGTTAACAGGTTTGAC-2","male","IN-MGE",-6.38593301756275,-4.37079466901647,-6.4494413118212,4.34408948263843
"CGTTAACAGTTGCCTC-2","male","Microglia",2.10890247838604,4.34308181680812,-4.26544225023672,-5.79288342156689
"CGTTAGGTCATAACTG-2","male","Oligodendrocytes",-0.8941910026778,2.37082897104396,-1.94801938341543,-1.99242761292736
"CGTTAGGTCATGAGCT-2","male","Oligodendrocytes",-0.93275985700977,4.71841965593471,-1.79675328539297,-2.65020492234509
"CGTTAGGTCGATTTAG-2","male","Astrocytes",-8.46894750578296,0.103266313449277,-4.95152318285391,-5.89658310570995
"CGTTAGGTCTCGCCCA-2","male","IN-MGE",-6.9268933294524,-5.93840207181798,-6.80231702135489,4.60896251043995
"CGTTAGTAGGCGCTTA-2","male","EN",15.4352530481111,-5.427198782786,0.925886841550615,3.81615946135242
"CGTTAGTAGTGTTGTA-2","male","IN-CGE",1.70537211911785,-5.53792752347814,-3.9803398828356,10.9457726224395
"CGTTAGTAGTTGGCCA-2","male","Oligodendrocytes",-8.0243054388274,2.09493850149287,-3.50077521608755,-5.78840210595409
"CGTTATCGTAAGGTCC-2","male","EN",8.67376604096997,-7.77729214750157,-4.79506003664419,-6.74487307229321
"CGTTATCGTAGTTACG-2","male","IN-CGE",1.06038161532986,-3.88919915281163,-3.98767745302603,10.106689904544
"CGTTATCGTGGAAACG-2","male","Oligodendrocytes",-0.281843399833562,9.16234885133876,-2.65164983080313,-0.230488146927758
"CGTTATCGTGGGTACT-2","male","Astrocytes",-8.48806581480396,1.69902370847835,-4.98425900743887,-5.38600733437817
"CGTTATCGTTAGTTGG-2","male","EN",8.3829792978059,-6.89005602918492,6.51645529462412,4.456948970172
"CGTTATCGTTTACGTC-2","male","Microglia",2.09867384450543,-5.76721228681432,-1.36317598627493,-5.66132691064159
"CGTTATTTCATTAGCA-2","male","Oligodendrocytes",-0.730713343452336,6.55481253542079,-3.35716950701163,-1.11567678609173
"CGTTATTTCCCTGACT-2","male","OPC",11.7130364419709,3.02031050600184,12.5480581541212,-0.62088563599865
"CGTTATTTCCGGTTGA-2","male","EN",5.37052097337353,-9.81122960172521,3.12036717130258,3.65582392058094
"CGTTATTTCCTGATTT-2","male","Oligodendrocytes",-7.26870212538135,-0.313642874582873,-4.06570613192007,-5.17079308190624
"CGTTATTTCGGTTACG-2","male","Astrocytes",-8.41429529173267,0.23027838744296,-4.74483859346792,-7.39517452874462
"CGTTGCAAGCAATAGG-2","male","OPC",11.32584466951,3.63115106500758,11.6269394178541,-0.86735084214489
"CGTTGCAAGCTATATG-2","male","IN-MGE",-2.95110712034595,-5.4543303402506,-7.3606733064501,1.3007275804015
"CGTTGCAAGGACAATG-2","male","Microglia",-9.18238935453785,10.8740769473471,0.428594620958116,-9.15687515893261
"CGTTGCAAGTCTATGA-2","male","IN-MGE",-3.66037378294361,-3.79483403287755,-7.77241742418692,1.96147963843067
"CGTTGCGCAATCGCAC-2","male","Astrocytes",-8.36447725279224,0.0046894399083991,-4.70465981768057,-6.85881855645458
"CGTTGCGCAGATAGAC-2","male","EN",7.13195219056713,-10.1032895001017,3.56539166165903,4.78906676611622
"CGTTGCGCATGAGTTT-2","male","Microglia",-9.20712289793384,11.6963349429525,0.105720998779085,-8.22086956658642
"CGTTGCGCATTATGCG-2","male","OPC",11.6544026376497,3.73815809167994,12.9815155286939,-0.414435769703789
"CGTTTCTCAACTAACT-2","male","Oligodendrocytes",-0.774680471252324,0.93283034838809,-1.40852343843863,-2.68616368928234
"CGTTTCTCAATCGCAC-2","male","IN-MGE",12.4868029596101,4.04454742349757,-2.69996321009085,7.94179961523731
"CGTTTCTCACGTAAGG-2","male","Oligodendrocytes",-0.969295358489873,2.78269015230311,3.0728074331434,-0.578544522908135
"CGTTTGTGTTCCGCAC-2","male","EN",3.15566530244458,-12.9865626247965,1.33442509366586,5.42024848303516
"CTAAAGCTCATGCTCC-2","male","EN",14.5453318597566,-5.2538737209879,0.182740988269594,3.18051121077259
"CTAAAGCTCCAGGGAG-2","male","Oligodendrocytes",-0.0819888768900651,6.62254725374354,-3.22200000093863,-0.538563396122857
"CTAAAGCTCCGTCCAT-2","male","EN",2.90762629525769,-13.4284218700968,1.48541677190378,7.22417590460499
"CTAAATGTCAGGATGA-2","male","OPC",9.6378153802644,2.60592184938563,12.3513180036695,-0.634322430279656
"CTAAATGTCCTAATTC-2","male","OPC",12.1079367639314,3.66346274294032,12.5122610349806,-0.682176496174737
"CTAAATGTCGCTCACT-2","male","EN",3.53667035119641,-13.245115176066,1.96944987966135,7.68411013922413
"CTAACCACAGTTTGGC-2","male","IN-CGE",-3.15300497991932,-9.62590779386388,-2.90091931627676,8.25455615362842
"CTAACCACATAATTGC-2","male","Oligodendrocytes",-0.192501163314702,9.83690081514491,-3.20556914614126,-0.437351252224846
"CTAACCACATTAAAGG-2","male","Oligodendrocytes",-0.531028485130193,7.30988131441249,-2.21449744509146,-1.29649880090038
"CTAACCTGTCATCCTG-2","male","Microglia",-9.08285150511158,12.4448767749227,0.22114640666559,-8.45613720574658
"CTAACCTGTCATGAGC-2","male","Microglia",-8.69363508207691,12.6377755252279,-0.563005087837431,-6.50957729974072
"CTAACCTGTGCTGTAA-2","male","Astrocytes",-8.99012479765308,-0.326828733309374,-6.46393334673331,0.505956102821426
"CTAACCTGTGTGTGGT-2","male","Oligodendrocytes",-1.06207940561664,7.73476897157802,-2.92695843981192,-0.90701320328991
"CTAAGTCAGACAAGTG-2","male","EN",13.6666144372712,-12.0762728603922,3.21759784413889,3.11356088957508
"CTAAGTCAGGCAATAG-2","male","IN-CGE",1.58052887933361,-4.13404358945714,-3.8880113344042,10.2301478131743
"CTAAGTCAGTGAACAG-2","male","Oligodendrocytes",-0.42981032116306,6.7068196383871,-2.43954193399832,-2.75062229790966
"CTAATAGTCGTTAGTA-2","male","IN-MGE",-4.10929737074268,-6.69291533552037,-7.63773667620108,0.921311263653831
"CTAATCCGTAATGACT-2","male","EN",8.50235548036206,-6.98512305341588,6.55780089093759,4.4216124757262
"CTAATCCGTACCCACC-2","male","EN",8.562567615677,-7.29067219816075,6.14460575772836,4.28371546110828
"CTAATCCGTACTTAGG-2","male","Microglia",11.5254181863557,4.79248486436976,12.0885587949903,0.247090493056373
"CTAATCCGTTTATGGG-2","male","OPC",12.0105151178132,3.26102839388026,12.699717165962,-0.826559211399956
"CTAATCGCACAGGATG-2","male","Astrocytes",-6.75120553953541,1.42599420227183,-4.75662505434439,-6.79964401879589
"CTAATCGCACCTACTT-2","male","EN",2.50877442376721,-2.31413187108861,-1.02622091577933,3.42763135275562
"CTAATCGCAGGAATCG-2","male","Oligodendrocytes",-0.574025130103948,5.74710093416347,-2.51902711199209,-2.36239936509411
"CTAATCGCAGGCATGA-2","male","IN-MGE",-7.27878389341724,-5.18510521970616,-6.89739453600332,4.49501344999988
"CTAATCGCAGGTTTGC-2","male","Oligodendrocytes",-0.655846452545049,9.80230818666591,-2.90094673441336,-0.716396237996026
"CTAATCTTCCTAATGA-2","male","Oligodendrocytes",-0.825017428230168,0.260655626431837,-2.5144146661608,-1.25543263116161
"CTAATCTTCTATGACA-2","male","Oligodendrocytes",-0.50673732740772,6.54701910890712,-2.5679122190325,-0.23545124688427
"CTAATCTTCTTGGATA-2","male","IN-CGE",1.89639821069348,-5.40883816800939,-4.12703263567373,10.8375010236235
"CTAATGTCAAAGCGGC-2","male","OPC",11.5576466562043,2.87239013589992,12.8981624860914,-0.338947440770073
"CTAATGTCAATCATGT-2","male","EN",7.79539051072705,-8.53379334531652,5.11449206067636,4.3808798535796
"CTAATGTCAGGCCAAA-2","male","Microglia",-9.15988359434498,11.9489689914144,0.126364531055238,-7.87396004357617
"CTAATGTCAGTAGGTG-2","male","OPC",12.2540453912507,3.30134950555934,12.333861948982,-0.59111645379345
"CTAATTGAGCTTAGTA-2","male","EN",0.0948221625577193,-1.37453176103459,3.00247824384287,4.25051519713123
"CTAATTGAGTAGCGGG-2","male","EN",3.90525403039563,-14.1769532116495,2.41639936162546,6.96730038962086
"CTAATTGAGTTACCGG-2","male","Astrocytes",-7.86464700682056,1.24816523470057,-4.92085110948965,-6.20765211739819
"CTACAACAGCTGGCTA-2","male","Oligodendrocytes",0.630921968985675,0.0390422192968268,-2.4283961038439,-1.55816533723156
"CTACAACAGCTTACTT-2","male","Microglia",-9.19657430632007,13.714243039266,0.872293552443531,-8.61765816369335
"CTACAACAGGTAAGGC-2","male","Oligodendrocytes",0.0323496402989608,8.00350247301234,-3.00003325746939,-1.39433195748608
"CTACAACAGGTTTGAC-2","male","Oligodendrocytes",-0.785272693466069,1.9702758637823,-1.49684917734549,-2.02965309777538
"CTACAACAGTTAGTGC-2","male","Oligodendrocytes",-1.01753137094867,1.36144779600276,-2.99087154673025,-1.27433707871716
"CTACCGGCACCACAAC-2","male","Oligodendrocytes",-0.199898636173131,6.53367291368617,-3.50257670687124,-1.2459649101762
"CTACCGGCATCCCTCA-2","male","Astrocytes",-8.5206433294524,0.0238942352689643,-4.67271220491812,-6.43027975716869
"CTACCTCAGCAGCTCA-2","male","Oligodendrocytes",-7.44210252745044,-0.352144673689471,-2.74560510919974,-0.411737109806939
"CTACCTCAGGGTCCAC-2","male","EN",3.23680391328442,-13.7649716290079,1.58900392247751,7.52102897009571
"CTACGAAGTACGCGCA-2","male","IN-CGE",-0.240318929981114,-4.34198321424352,-3.07415067957327,8.31642482123096
"CTACGAAGTCAGGCAT-2","male","Oligodendrocytes",-0.134974098037602,8.0005208102621,-2.95591962145254,-0.688831712391778
"CTACTAAAGCACTAGT-2","male","EN",2.11726071851361,-11.68770875059,0.523978682294634,5.02530858359058
"CTACTAAAGCATCCAG-2","male","EN",6.98239173905957,-10.9206770809733,3.46764004422739,5.04605862936695
"CTACTAAAGCGTGCAC-2","male","Oligodendrocytes",-0.367654895614507,7.19268904604091,-3.13578307436392,-0.869461681034966
"CTACTAAAGGCGAAAC-2","male","IN-MGE",-2.48154458982837,-5.50505103193151,-6.71325528429434,0.730274219724731
"CTACTAAAGGGACGCA-2","male","Oligodendrocytes",-0.704848980735661,10.4401570407308,-3.0329989175646,-1.08842089333813
"CTACTAAAGTCCTTCA-2","male","OPC",12.1701907159578,3.4800551978506,11.4594751615675,-0.533425475743218
"CTACTTAGTAACGAGG-2","male","Oligodendrocytes",0.308252179790614,-4.25322522245275,-2.14087974832937,-3.58861639657299
"CTACTTAGTAGGTTAT-2","male","IN-CGE",-3.27005300505054,-9.73006047330724,-2.7494775037615,8.04883096060474
"CTACTTAGTCACGAAC-2","male","Microglia",-9.11212739927662,13.5908289996542,0.635393472448137,-8.13213780083935
"CTACTTAGTCCTAACT-2","male","OPC",9.07512846009838,2.19830487646235,11.9141908903272,-0.638868357327385
"CTACTTAGTGATGAAA-2","male","IN-CGE",-3.2509830950011,-9.70096005521642,-1.77420174883291,-5.12352469125073
"CTACTTAGTTCACCAT-2","male","Oligodendrocytes",-0.201188659500005,9.42247305788173,-1.88402259157583,-3.23455717721264
"CTACTTAGTTTCCGGC-2","male","EN",2.08980503099072,-2.34717382512914,2.20209074212625,3.55619094214161
"CTAGATTCACAACAGG-2","male","EN",3.00018062608349,-11.8085602673136,1.98123359872415,6.15317103705128
"CTAGATTCACTAAGCC-2","male","Microglia",-9.18374071104419,10.7991438952841,0.581711979642656,-8.14763691582958
"CTAGATTCAGAAATTG-2","male","Microglia",-9.23589906675709,10.0942174045004,-0.724813578590605,-6.29240658440868
"CTAGATTCAGCTTAAT-2","male","EN",3.44890513436901,-13.5573996456705,1.84231609298303,7.9344401105376
"CTAGCGGGTATTGGAT-2","male","EN",1.27104779498684,-9.63827408872472,1.46556043817117,4.67883846602161
"CTAGCGGGTTGGGTTA-2","male","EN",1.54349401013958,-10.7423094662272,1.35294103814676,4.57492110571583
"CTAGCTTGTTAGGCTA-2","male","OPC",10.9578961374055,2.67337046541346,12.6866899747999,-1.03444960274975
"CTAGCTTGTTGGCGTG-2","male","EN",8.3246616365205,-6.74947299085485,6.40771115018442,4.39765832266529
"CTAGGACGTACTGAAT-2","male","Microglia",-9.27696905119312,10.5983391848959,0.519624890819337,-8.67914917626659
"CTAGGACGTCCACAAA-2","male","Microglia",-9.05342969877613,12.1853009311117,0.155858339801576,-8.07368900933544
"CTAGGACGTCGCAAAC-2","male","EN",9.68031492250073,2.41496537603511,3.94264018727854,6.19149443945606
"CTAGGACGTGATCAGC-2","male","Microglia",-8.95824537260425,13.73518477358,-7.70078694628164,0.891375784489707
"CTAGGACGTGGACCTG-2","male","Oligodendrocytes",-0.101406460832478,8.38654910005702,-2.68931591318533,-2.00600149789135
"CTAGGACGTTAGGCGT-2","male","EN",7.81312837617504,-7.39531125150548,5.5210348386915,4.25913426718433
"CTAGGACGTTCATTTG-2","male","OPC",11.9059151651155,3.67199717439784,12.0864692945631,-0.43789436974804
"CTAGGCGGTTCACCCA-2","male","OPC",11.6652258874665,3.86791764177455,12.5670286436231,-0.234114672329827
"CTAGTAATCAAGTGTC-2","male","EN",2.57884540574658,-2.18832339368688,-0.995083687767241,3.54802081427296
"CTAGTAATCAATTACG-2","male","OPC",11.3658455850373,3.88785491861476,12.0918403883131,-0.426306511547967
"CTAGTAATCCCGAAGC-2","male","EN",3.57479729669201,-14.14718140684,2.23808050347879,7.25865409216602
"CTAGTAATCTAACTGA-2","male","IN-MGE",-4.98465070707691,-4.56071652494298,-6.7213329057543,3.16067955336292
"CTAGTAGGTATTCGCT-2","male","OPC",11.4779891015779,2.90256844438685,12.2945572157057,-0.2884710685281
"CTAGTAGGTCTATCGT-2","male","IN-CGE",1.42610313909161,-5.01408185087071,-3.7173570375292,9.98369452795704
"CTAGTAGGTGAAACAA-2","male","EN",8.13655557649243,-7.49233998380528,6.43026888562753,4.3677806600066
"CTAGTAGGTTGGCCGA-2","male","Microglia",-9.01054582579029,12.3898840991415,0.590410532489565,-8.07840588250439
"CTAGTAGGTTTACTTG-2","male","IN-MGE",-4.37129983885181,-6.27332772336827,-7.5659316758959,0.772971716436939
"CTAGTCGAGACACCGC-2","male","EN",2.33862056748974,-2.36612214170323,-0.983802435859892,3.58336613020618
"CTAGTCGAGCTGGCTA-2","male","EN",8.1441310884248,-7.54696072660314,6.42920792295053,4.4672507985564
"CTAGTCGAGTAAGTCC-2","male","Microglia",-8.99960145933521,12.5944186297811,0.0411142726094986,-8.48476364770214
"CTAGTGAGTTAGACCA-2","male","Oligodendrocytes",-0.336850142310979,5.39141331590785,-2.71950161264822,-1.57274749436657
"CTAGTGAGTTTAGCGA-2","male","OPC",12.2840546609651,2.96590815462245,12.3781572599561,-0.70745208421032
"CTAGTTGCAACTAGCC-2","male","Oligodendrocytes",-0.789604759048345,1.70716260351314,-1.73740064905569,-1.65432717957775
"CTAGTTGCACAACAGG-2","male","OPC",11.115413570572,3.08976684488429,12.2036091108473,-0.52845194497387
"CTAGTTGCAGTTTCTC-2","male","EN",7.62777652757275,-9.06937016569005,6.07378018094614,4.63888714155872
"CTATAACCAAAGGTAC-2","male","EN",2.82822217958081,-13.3013285549723,1.87032973958566,7.23853967032154
"CTATAACCAACTAGCC-2","male","EN",7.79242506044018,-7.2763985546671,4.68493473722055,4.27587554297169
"CTATAACCAGGCTTGT-2","male","Oligodendrocytes",-0.302649891208531,5.84538517870082,-3.17769324587271,-1.27258970895092
"CTATGACAGATGGAGC-2","male","EN",2.44763579385388,-2.33115614972936,-0.92407071398184,3.68103406271656
"CTATGACAGTTACTTC-2","male","EN",3.9367290975343,-13.1182145031534,2.59835946752146,7.08148429236133
"CTATGAGGTAGCTGCG-2","male","EN",14.1949862481843,-5.09323109708653,0.270374717250612,4.39521977743824
"CTATGAGGTCGTAAAT-2","male","IN-MGE",-4.8857966421355,-6.5164321812235,-6.29021107958243,1.8598551496001
"CTATGAGGTTCCTGAT-2","male","IN-CGE",-0.276758467983128,-4.38317956052648,-3.1620649080126,8.49048659643848
"CTATGATCACTTACAG-2","male","IN-MGE",-3.64117631895435,-6.42448605619298,-7.33017575548575,0.893549670192794
"CTATGATCATCAGCAC-2","male","Oligodendrocytes",-0.545859610866429,7.94662724413051,-2.82353079126761,-0.16107061066906
"CTATGATCATGAGCAG-2","male","Oligodendrocytes",-0.195186233352544,8.54941426195277,-2.1214679460375,-0.934862281468316
"CTATGATCATTGTGGC-2","male","EN",4.42754545228588,-13.3167427929484,2.27069568826273,7.51879212698658
"CTATGGCCAAGCTAAA-2","male","IN-MGE",-6.98670921308887,-4.16605557523595,-6.63867556856558,4.44530341467579
"CTATGGCCAATAACGA-2","male","Oligodendrocytes",-0.561220562290074,3.84380708612575,-2.5289386491625,-2.29312899270336
"CTATGGCCACATAGCC-2","male","EN",1.04681011455166,-9.68557061277257,1.12166759563997,4.94708344778736
"CTATGGCCACCTATAG-2","male","EN",5.12479820268261,-9.66848172269689,1.79764241172388,3.09459731421192
"CTATGGCCATACTCCT-2","male","Microglia",2.08101513402569,4.06063352502955,-3.94805753038809,-6.49849035897534
"CTATGGCCATTAAACC-2","male","Oligodendrocytes",-0.684459185432317,10.5904332248129,-2.98818266199515,-0.654643561032219
"CTATGTTTCATAACCA-2","male","EN",14.1621178628694,-5.5155400189005,0.00765645696237338,2.76574776015003
"CTATTACTCAGGCTAT-2","male","EN",2.90949621217358,-12.4315155895792,1.82318175031259,6.28903481802662
"CTATTACTCGACCTGA-2","male","IN-MGE",-2.4410842416991,-5.71024693570958,-6.59816014574454,0.669052253204779
"CTATTACTCGTTTCGC-2","male","IN-MGE",-7.07497081739795,-4.24632729612218,-6.7959989290087,4.73190018973072
"CTATTACTCTAATCTC-2","male","IN-MGE",-6.74617204649341,-4.2881812008463,-6.97607075975821,4.39741012892445
"CTATTACTCTGGCATG-2","male","Oligodendrocytes",-0.45192763788593,10.3717452136434,-2.23583590792105,0.0410147651167674
"CTATTCAGTGTCCTGC-2","male","Oligodendrocytes",-0.52373007519138,7.64648066438807,-3.09107172296927,-0.60239472546856
"CTATTCAGTTCCATTA-2","male","IN-CGE",2.2779418470155,-4.69141472898351,-3.79715478228018,10.3045830472441
"CTATTCAGTTGCGCGA-2","male","Microglia",-9.01290712339771,13.0636340228475,0.37944764091089,-7.53756001153271
"CTATTGAAGGACCTCA-2","male","EN",8.58651151673901,-6.94825352750646,6.43313086225107,4.42125913939197
"CTATTGAAGTAACTCA-2","male","Microglia",-9.33179101927173,12.5036717502035,0.507995458379533,-8.89940693536083
"CTCAATAAGCTGTACG-2","male","EN",0.703175509143947,-2.24410308919774,0.667220192089822,5.83376166662891
"CTCAATAAGTAAAGGT-2","male","Microglia",-9.07497606260669,13.3423071948446,-0.439692972168181,-8.70657208123486
"CTCACAACAAATTGCT-2","male","Microglia",-9.22337446195972,10.4944277850546,-0.123067615493986,-8.78141644158642
"CTCACAACACTCGCTC-2","male","Microglia",-7.65610418302906,13.4035531131185,-0.221327779754851,-7.42500355401318
"CTCACAACACTTACAG-2","male","Oligodendrocytes",-0.0304097293127794,9.61266432680262,-2.02044641779349,-0.130799974587365
"CTCACAACATTTGCTC-2","male","EN",4.97737588899243,-9.34489907346593,3.12723458005502,3.92854592642506
"CTCACACTCAGCCAAT-2","male","EN",1.81553854959118,-11.0101517590128,0.898161632999923,4.52033970198353
"CTCACACTCATTACGA-2","male","Oligodendrocytes",-0.455287074874761,9.99547396577968,-2.36815893457815,-2.26802971520702
"CTCACACTCGCCTAAG-2","male","IN-MGE",-3.04464826567066,-5.70129813276158,-7.15438878343985,1.24255487761219
"CTCACACTCGGTACGC-2","male","Astrocytes",-6.6889611242522,1.78897951521052,-4.69229638384268,-6.54473498025219
"CTCACTCAGAGAAGGG-2","male","OPC",-2.92264447195423,-5.40392054639684,-1.57637870119498,-5.27449324288647
"CTCACTCAGGCATTAC-2","male","OPC",12.4386004449617,3.54748640932216,12.9331070203932,-0.672351862576409
"CTCACTCAGGTGCGGA-2","male","OPC",11.8031071664582,3.42683993257655,12.5215212125929,-0.881262327816887
"CTCAGGATCAACCAAC-2","male","EN",7.27940740602124,-10.2299698742472,3.44237601949289,4.35778257689197
"CTCAGGATCACCATTT-2","male","EN",3.343338394333,-13.7768448742472,1.77375555230692,7.76989791235645
"CTCATCATCACTAGGT-2","male","IN-CGE",-3.22024164183033,-9.67499436460363,0.472927423253801,-7.99313404717724
"CTCATCATCATGTCAA-2","male","IN-MGE",-17.1920596121062,-5.85971154294835,-5.8552178125231,4.600499127719
"CTCATCATCCGCAACA-2","male","Microglia",-9.26983652098072,10.1663676349081,-0.313206670746062,-7.0135031000642
"CTCATCATCGAGGAGT-2","male","Astrocytes",-7.70155630094898,0.459076553360357,-4.76006448076651,-6.29477265038769
"CTCATGACACGAACAG-2","male","Oligodendrocytes",-0.331657445262792,6.0808521357931,-2.76273500727102,-1.08376457848827
"CTCATGACACTCAACA-2","male","IN-CGE",1.37159659879315,-5.74227942548619,-3.83644234941885,10.5956959470244
"CTCATGACAGCTTAGC-2","male","Oligodendrocytes",-0.48105988485706,9.86819563783778,-2.55858742998526,-0.831630732205315
"CTCATGCTCAAATCGC-2","male","IN-MGE",-3.56258807165516,-6.45224656186925,-7.77806126879141,1.03241298041065
"CTCATGCTCACAGCGC-2","male","EN",2.97228302972424,-13.7648238094889,1.92378056241586,7.50655934653004
"CTCATGCTCACTCGCT-2","male","Oligodendrocytes",1.9122306348573,-9.85841359220372,-0.0499300341455673,-1.13692047753613
"CTCATGCTCATGCTAA-2","male","EN",3.275458240677,-13.6603192242228,2.04713523580148,7.81250378927906
"CTCATGCTCTAGCTAA-2","male","Microglia",-9.33572492582691,11.8745528308309,0.135818602576997,-8.21194985070507
"CTCATTAGTAAGGTTT-2","male","EN",0.897558772731898,-10.2189062985026,0.660709725752618,5.25630042395313
"CTCATTAGTAATCGGC-2","male","IN-MGE",-7.10158739073169,-5.74373377881871,-6.53688847826407,4.11094066939075
"CTCATTAGTACTGATG-2","male","IN-CGE",2.47645511643994,-4.60426940046178,-4.037436840996,10.3845591290923
"CTCATTAGTCATAACG-2","male","IN-CGE",2.48553195016491,-4.78084076963292,-4.25048768328116,10.7604183896514
"CTCATTAGTCGCAAAC-2","male","EN",14.3199872018586,-5.65647162519322,0.398521544471529,4.46783444723804
"CTCATTGTCTAAGTGC-2","male","EN",6.61948862092602,-13.1700858028971,3.77374255849436,6.13472030005176
"CTCATTTAGAGAAGGG-2","male","Endothelial",2.51891794221508,13.6198845950521,2.74086380197122,-2.42378022828381
"CTCATTTAGCTTTGGG-2","male","Microglia",11.5073765756379,4.91896449007167,-0.168537495598051,-7.67541458764355
"CTCATTTAGGTAACGA-2","male","IN-CGE",1.10615720765698,-5.06776131711827,-3.7192429284899,10.1358284696074
"CTCCAAACACATAGCC-2","male","EN",1.80159881131756,-11.5514706524454,0.563195498719957,5.54092929205616
"CTCCAAACAGGCTTGT-2","male","EN",14.2736033441316,-5.5872591885172,0.197607399955537,3.06199166617115
"CTCCAAACAGTAGGTG-2","male","Astrocytes",-8.96299371702564,0.0918212381757636,-4.78010451601431,-6.46903374352734
"CTCCAAACATGTCAAT-2","male","Microglia",-9.10338315946949,13.66753683962,0.649908693567064,-8.60243275323193
"CTCCAAACATTAAGCT-2","male","Oligodendrocytes",-0.936625099014165,2.20588658727778,-2.13871109293387,-2.79201104798595
"CTCCAACTCAAGTGAG-2","male","OPC",10.6114520074617,2.83298026003016,11.3222662229688,-0.82244243779461
"CTCCAACTCCCTCTAA-2","male","IN-CGE",2.47549905793774,-5.55826891980992,-4.1331833581774,10.9948372586699
"CTCCAACTCGGTTTCC-2","male","IN-CGE",2.45986523645031,-4.51148404203282,-3.94209372805044,10.3001503690215
"CTCCATCAGCTTTGTT-2","male","IN-MGE",-5.757585143875,-4.36976088605748,-6.78050744341299,3.76631519636829
"CTCCATCAGGCCATCA-2","male","VSMC",14.2774914743196,-0.77744437776433,2.08376395894602,-2.10623767533581
"CTCCATCAGGTTAGCT-2","male","OPC",11.6927069665681,3.32347331918849,11.2683540601881,-0.992184306767388
"CTCCCTGAGAACCTAC-2","male","EN",4.05961194055187,-13.276838198527,2.19883907033518,7.5983133061858
"CTCCCTGAGGCCATCA-2","male","EN",7.88285245912182,-8.1254204662882,4.55827439023569,4.67480108580311
"CTCCCTGAGTTATTCC-2","male","Astrocytes",-9.03741559965503,-0.180593922957049,-4.46363389299795,-5.82659771600048
"CTCCGGACAAAGCGCA-2","male","Microglia",-8.94003019316089,11.5647412387289,0.488694371715334,-8.23355915704052
"CTCCGGACAACCCTCC-2","male","EN",4.83130588548291,-9.99798001371251,2.8119351883085,3.94761774382313
"CTCCGGACACGAATTT-2","male","IN-CGE",0.358448523823498,-4.25712336622106,-3.74791848467276,9.6079249127837
"CTCCGGACAGGAATCG-2","male","IN-MGE",1.19987180249798,-5.03673256955968,-4.09052741335318,10.0547013028594
"CTCCGGACATGAAATG-2","male","Oligodendrocytes",-0.910710072349431,3.70049010194911,-1.63865911768362,-0.311786975052758
"CTCCGGACATGCTATG-2","male","Oligodendrocytes",-0.468924319576146,4.81498108781947,3.16235935880258,-0.416652347233696
"CTCCGGACATGGCCCA-2","male","EN",8.6262597085725,-7.74563206754552,0.352029444709566,-0.269300784256859
"CTCCGGACATTCAGCA-2","male","EN",3.05549421327221,-13.099137202128,2.24810564710214,7.53237483343799
"CTCCGTCCACCAAAGG-2","male","Astrocytes",-7.7374402044524,0.995267346278562,-4.92262589739248,-5.85874321618359
"CTCCGTCCAGTAGGAT-2","male","EN",2.91529502885449,-11.8747223766886,2.0367671270521,6.213376496646
"CTCCTAATCGACAAAG-2","male","Microglia",-9.25463685972584,11.8730898944296,-0.414195297226164,-8.21046211877148
"CTCCTAATCGAGGAAC-2","male","IN-CGE",-2.87261114103687,-9.30577363096105,-2.78015291498587,8.05385825476368
"CTCCTCACAACTGGGA-2","male","Oligodendrocytes",-0.374987697433354,6.59851227678431,-1.90040528582022,-2.21901228585522
"CTCCTGAGTGATGAAA-2","male","EN",3.76477708833325,-12.9546603115641,1.39071840240076,7.09558913550098
"CTCCTGAGTGCCTCAC-2","male","OPC",10.9705752374421,3.77752386011256,12.5795713682325,-0.815420891430779
"CTCCTGAGTTAGGACC-2","male","Microglia",1.13186457173931,-9.75947846494542,-1.7580772619097,-5.3519573465852
"CTCCTGAGTTAGTGAT-2","male","IN-MGE",-2.77989945394886,-5.30025710187779,-6.68436705873892,0.50503625414093
"CTCGACAAGAACCTGT-2","male","EN",0.153866315055965,-1.67907394491063,1.3813766856344,3.81487653097828
"CTCGACAAGACAAAGT-2","male","Oligodendrocytes",-0.275477385352971,9.09266482271327,-2.48506462381766,-0.208828713086052
"CTCGACAAGGTTAGAG-2","male","EN",6.89524164216625,-11.0970829876505,3.24600970937326,5.34146497091968
"CTCGCTAGTGATGAAA-2","male","EN",3.06526961343396,-11.6946085842692,2.07532799436167,6.05243441900928
"CTCGCTAGTGATTTGG-2","male","Microglia",-9.14968690855396,13.240890607015,0.601113529935625,-8.12298634209911
"CTCGCTAGTTATAGCG-2","male","IN-CGE",1.50194337384808,-5.9466661366068,-4.19405352877066,10.8202728970977
"CTCGCTAGTTTAACGG-2","male","EN",0.657728457618831,-2.21537293516027,0.0151543636472489,1.06313690981586
"CTCGCTAGTTTGACCT-2","male","EN",1.48359444158184,-9.61711873136388,1.28976088954523,4.9547323926421
"CTCGCTCCAAACAACA-2","male","IN-MGE",-3.47220549566639,-6.14396323285924,-7.25516736315176,0.87675546548088
"CTCGCTCCACCTAAGC-2","male","EN",3.2542487622987,-13.3340882214151,2.20554018212869,7.53126809439381
"CTCGCTCCAGGCTTCG-2","male","Microglia",-9.44905385954273,11.5918131915487,-0.0825065951196884,-8.67574074425976
"CTCGCTCCAGTCTATG-2","male","EN",1.25213404910672,-9.67870511136876,2.01334345532968,4.34450313887318
"CTCGCTCCATTAGGTT-2","male","IN-CGE",2.50748434083569,-4.576377764567,-4.30771863268301,10.8183607800933
"CTCGTTATCAAACCTA-2","male","IN-MGE",-2.33697853071582,-5.7170347126566,-7.8971084337084,0.968180213782386
"CTCGTTATCGGTTTCC-2","male","EN",3.18158116357434,-13.3766545208536,1.68567675544336,7.59147593817432
"CTCGTTATCTTGTTCG-2","male","EN",2.84394755380261,-13.0591048153483,1.63956088019922,6.99039981207569
"CTCTAAGCAAAGCTAA-2","male","Microglia",-8.03124151213062,1.85262761987819,-0.841518400177214,-8.2575536028413
"CTCTAAGCAACCTAAT-2","male","IN-MGE",-6.69554147703541,-6.23118294797765,-6.17236506746695,4.15841314634998
"CTCTAAGCAATATACC-2","male","IN-MGE",-6.45174369795215,-6.28338040433751,1.25943845702722,2.72341201147755
"CTCTAAGCAATTATGC-2","male","Oligodendrocytes",-0.659105872939946,2.97619281686915,-2.08188569353506,-2.84438088097851
"CTCTAAGCACTGACTA-2","male","EN",1.12414797561276,-9.51000298581945,1.09450543119028,4.98047730765064
"CTCTAAGCAGGTTACC-2","male","Microglia",-9.10639295561207,11.0168505755819,-0.332180498108122,-6.78167774834911
"CTCTAGCTCCCGCAAA-2","male","VSMC",14.2869023324739,-0.783513680323229,9.57604181958749,-1.04620137372295
"CTCTAGCTCTAATCCT-2","male","Oligodendrocytes",-0.625457501243474,10.1894436923422,-1.75671112345144,-0.876379634526177
"CTCTATGTCGATTATG-2","male","IN-CGE",2.53244199769604,-5.14168347440587,-4.37630450533316,10.2249369367095
"CTCTATGTCGGTTACG-2","male","OPC",12.2907179834138,3.46759997285975,12.0312515516432,-0.791263605740471
"CTCTCACAGCGGATAA-2","male","EN",6.67850866334545,-11.5853842648111,3.45227515889719,5.36215779623707
"CTCTCACAGCTACTGG-2","male","OPC",12.1139840127717,3.28315697588099,11.4487062711866,-0.51739397206585
"CTCTCACAGGTTTGAC-2","male","Microglia",-9.42824659330738,8.92338572420253,0.0837340970189835,-7.11687948861401
"CTCTGTTCAACCGCCA-2","male","EN",13.7479685785066,-12.1194447430216,3.27833903028086,2.84829709372242
"CTCTGTTCAACTAACT-2","male","EN",1.24745597856152,-11.0593508633219,0.484112592473772,5.09033248266895
"CTCTGTTCAACTGGCT-2","male","EN",3.6819786073457,-14.1002501400553,1.58469301654413,7.82217213949879
"CTCTGTTCAGCTAATT-2","male","EN",3.06302466409314,-13.5860508831583,2.12552285386637,7.32643744787891
"CTCTGTTCATCACTTC-2","male","Oligodendrocytes",-0.53399482948673,3.50978265680446,-2.29091679857657,-2.99647023835461
"CTCTTGATCATGGTTA-2","male","Oligodendrocytes",-0.461294448207738,9.45274649538173,-2.10020601557181,-2.846038605359
"CTGAAACTCCAAGTTA-2","male","EN",6.72184076326,-10.6842211636149,3.17110669805124,4.40294239363392
"CTGAAACTCCTCGATC-2","male","Oligodendrocytes",-0.872551894019963,2.0558574048437,-2.40155160234854,-2.87525584855358
"CTGAAACTCTAGCGAT-2","male","EN",7.73409786241162,-8.14183892331945,6.20219052030161,4.22334024748524
"CTGAATATCAACAAGG-2","male","Microglia",2.21700181977856,4.1437309829153,-2.65620529459402,-6.52595665612499
"CTGAATATCATCAGTA-2","male","OPC",11.8891419412385,3.80700670160426,12.3015075941236,-0.661800171521111
"CTGAATATCTAACTGA-2","male","EN",15.3086956979524,-5.37343014798985,0.63105914188936,3.75891921362598
"CTGAATATCTAGCTTT-2","male","EN",1.60740175263989,-10.9422711285196,1.5621787924917,4.80835482916553
"CTGACATAGACAAAGT-2","male","EN",7.05850877778637,-10.9791268261515,3.30629241658762,4.56791851362904
"CTGACATAGTTCCTGC-2","male","EN",8.53156270997631,-6.9685110004984,6.27657854749277,4.52787563643177
"CTGACCAAGGTGTTAC-2","male","Microglia",-9.32471857054126,9.13022814668788,-1.09813117788717,-5.64009478249828
"CTGATCACAACTAGAA-2","male","Microglia",-8.4651423452605,13.0823479739584,-1.21245968149588,-5.10028841653149
"CTGATCACAATAGTCT-2","male","Oligodendrocytes",-0.0624864755381364,8.54569064058436,-3.63792264269278,-1.32754471459667
"CTGATCACATTATGCG-2","male","Microglia",-9.61069211943042,12.8131705371298,0.819415481820848,-7.92265846886913
"CTGATCACATTGCAGC-2","male","Oligodendrocytes",0.599278772045253,-4.88517560087071,-1.81529176042959,-4.06095459618847
"CTGCAATAGCATGTTA-2","male","IN-MGE",-3.46542201025379,-4.63002099119054,-7.17975175188467,1.46715137800892
"CTGCAATAGCCAGGTC-2","male","EN",14.8272561074983,-5.46684636197911,0.203169824615266,3.67938086828907
"CTGCTACTCGAAGCGG-2","male","Pericytes",2.30026414411175,0.454442575351133,2.43161463929727,-2.34882333436291
"CTGCTACTCGTTAGTA-2","male","EN",4.48476877229321,-12.7142390163981,2.34794533444956,6.57927081427296
"CTGCTACTCTGTAATG-2","male","IN-MGE",-6.94498310072315,-4.39267529569493,0.700031565562036,5.35722396216114
"CTGCTACTCTTGCTAT-2","male","OPC",9.65893735902416,2.42639039434565,12.4130951185377,-0.698080088284417
"CTGCTATGTGTGAGGA-2","male","Oligodendrocytes",-0.830639695953252,0.677218012288942,1.44167816831186,-0.918191100743218
"CTGCTATGTTCGCTCA-2","male","Oligodendrocytes",-0.202340876888158,9.03831396974696,-2.75982320116446,-0.427138592389031
"CTGCTATGTTTGAGCA-2","male","EN",8.09411087052929,-6.87251843534337,5.74354231549814,4.37117001852711
"CTGCTATGTTTGAGGC-2","male","Oligodendrocytes",-0.604607796501042,10.5681344119467,-2.82701933191702,-1.1091161028413
"CTGCTCCCAAAGGTAC-2","male","Microglia",-9.16861257536304,11.6945630160726,0.42296570731714,-8.96651890435497
"CTGCTCCCATCGCTCC-2","male","Oligodendrocytes",-0.322572684120061,8.97684107698573,3.11207664205148,-0.595457221653863
"CTGCTCCCATGCTTAG-2","male","IN-MGE",-4.0395208357085,-6.62521590314733,-7.37096535967276,1.04253378948887
"CTGCTCCCATTAAAGG-2","male","EN",7.02838983552563,-10.0670079144083,4.08711040212229,4.78410050711353
"CTGGACCAGAGGCTAA-2","male","EN",6.58495559709179,-13.2278555782877,3.75060045911386,6.16004607519825
"CTGGACCAGCACCACA-2","male","Oligodendrocytes",-0.293702518772008,9.44282446779384,-3.13867914484427,-0.896926190045281
"CTGGACCAGCGGATTT-2","male","Oligodendrocytes",-0.822234368156316,10.5394116488851,-2.27287804888174,-0.692128683712883
"CTGGACCAGGATCCGC-2","male","EN",3.1669856549989,-13.571380511149,1.75513011409357,7.5330753072234
"CTGGACCAGTGGACAA-2","male","IN-MGE",-6.76938877088917,-4.51403988920079,-6.05547082231924,4.46652457556446
"CTGGATGTCATTACGA-2","male","Oligodendrocytes",-0.956043219398381,3.56533704675807,-1.97091185854361,-2.71433117547314
"CTGGATGTCTCCATGC-2","male","EN",0.595394858885882,-2.45644487462865,0.851765856672224,5.21339843115528
"CTGGCTAAGACAACAG-2","male","OPC",12.0417469980012,3.20793615259303,11.9034839887769,-0.794733430531426
"CTGGCTAAGCAAACCT-2","male","EN",6.48362102525341,-13.3120011242472,3.84034812642648,6.33968875250538
"CTGGCTAAGCGGATAA-2","male","Astrocytes",-7.94297513944996,1.97685419000758,-5.07488572405264,-6.30170967736523
"CTGGCTAAGGGTCCAC-2","male","EN",8.27884521501171,-6.97531355939733,6.39127218915537,4.41845366797169
"CTGGTAAGTCACGGAT-2","male","Microglia",-9.32109270079029,9.82201586641444,0.565914483800676,-9.04420807519238
"CTGGTAAGTCAGGAAG-2","male","IN-CGE",0.314829455484031,-4.96013011060582,-3.55372655199454,9.66373965582569
"CTGGTAAGTGCAATAT-2","male","IN-CGE",1.64481546895611,-5.26855649076329,-4.186278222069,10.2151655896636
"CTGGTAAGTGCATTAG-2","male","Oligodendrocytes",-0.59541729671848,2.84679041780604,-1.66938864992544,-2.82230212846081
"CTGGTCAAGCACTTGG-2","male","IN-MGE",-3.60751233084095,-5.99704875074254,-7.0825504045336,0.960286472651557
"CTGGTCAAGGCGAATA-2","male","Oligodendrocytes",-0.42456791384113,7.83232556261195,-0.273702857956145,-0.810958410885735
"CTGGTCAAGGCTAGAA-2","male","EN",0.0359140576611739,-1.75972642026769,0.609651686683443,5.25533244452198
"CTGGTTACACATACTG-2","male","Microglia",-9.21374998075855,10.4442349521078,0.803668038979318,-8.51165630975048
"CTGGTTTGTAAATTGC-2","male","IN-CGE",0.0028870047818404,-4.75354184232579,-3.35057008074209,9.12971923193653
"CTGGTTTGTACAAAGA-2","male","EN",2.93877282159436,-12.056394472941,1.49435460759714,3.07663652739246
"CTGGTTTGTGTTTGCT-2","male","OPC",11.8438529016267,3.85286293901576,12.1845127363355,-0.836516763356133
"CTGTAACAGGATTGCT-2","male","EN",1.16800066249478,-9.80156697355138,0.882190493926551,4.94706961950977
"CTGTACCTCCAATAGC-2","male","EN",3.4806686879884,-13.2711581142984,2.00004804326608,7.9081973775359
"CTGTACCTCTTAGGAC-2","male","EN",6.26567783372509,-11.7440222652994,2.7841191311033,6.65316912970264
"CTGTATTTCAAACACC-2","male","Oligodendrocytes",-0.43918988687885,4.60800515092982,-1.68543445871756,-2.19802072205822
"CTGTATTTCTTGAGCG-2","male","Oligodendrocytes",-0.682884430717351,2.63118611253871,-1.51203381822989,-2.55138995805065
"CTGTGTGAGGCGCTTA-2","male","Oligodendrocytes",-0.77514860613239,5.36699543871058,-2.48346912668631,-1.72743513741772
"CTGTGTGAGGCGGGTA-2","male","EN",2.77217783944714,-13.6088332089029,2.35231745435312,7.6934847577544
"CTGTGTGAGTTGGATC-2","male","EN",3.84618797319043,-13.6375712307535,1.69393509818628,7.51108357748707
"CTGTGTGAGTTTGAGC-2","male","Microglia",-9.45912084562671,9.36701403535975,0.6499031503351,-8.38534500756542
"CTGTTAAAGACTTACA-2","male","IN-MGE",-2.50993332846058,-5.38892497144567,-7.70221078203604,1.50913051209171
"CTGTTCATCACTTCAT-2","male","IN-MGE",-17.1095019338835,-5.81673516355382,-5.59215867327139,4.63799259504993
"CTGTTCATCATGGTTA-2","male","EN",6.62316312806713,-13.2176560314737,3.87796509458139,6.08305547079761
"CTGTTCATCGAGCTAT-2","male","IN-CGE",-0.0560722110975999,-4.39142550550328,-3.26853358553335,8.80740115484913
"CTGTTGGAGCCTGGTA-2","male","Oligodendrocytes",-0.243744528125646,8.79368220247401,-0.177132843002531,-2.82346966424267
"CTGTTGGAGGATTGCT-2","male","Astrocytes",-0.0844977854002733,-2.52602805219518,-5.20937478350088,-5.93209078469555
"CTGTTGGAGGCAAGTA-2","male","Endothelial",2.33192422406781,-4.57736624799596,-4.0435575227587,10.5014509900542
"CTTAACAAGAGGGACT-2","male","Microglia",-8.98799905760181,10.7586318103231,0.111420514121797,-8.22634651818554
"CTTAACAAGGAATAAC-2","male","IN-MGE",-3.10244569761646,-6.03166903577672,-7.75944840715811,0.834902857157783
"CTTAACAAGTAAGTGG-2","male","Astrocytes",-7.26799211485279,0.636587537602319,-4.50988423632071,-7.12008955636303
"CTTAAGATCATAACGC-2","male","Oligodendrocytes",-0.756758069824101,10.0973225680746,-0.8150886278002,-1.26024761357586
"CTTAAGATCTGTGCCT-2","male","OPC",11.1646012307893,3.22655712045802,12.881038310066,-0.506792809155388
"CTTAAGGGTGAGGTAG-2","male","IN-CGE",-0.235598420928838,-4.33451594434606,-7.15550744341299,1.12190399012287
"CTTAAGGGTGGATTCA-2","male","Microglia",-9.13117036802662,13.2599230853475,0.195521893039491,-7.26716997781078
"CTTAATGAGCACAGCC-2","male","EN",8.24458494203198,-7.74430359922277,5.89273417188242,4.33929989180286
"CTTAATGAGCCTGTTC-2","male","IN-MGE",-6.91960344297779,-5.40053166471349,-6.61734282778189,3.79007384619434
"CTTACCGGTTCACCAT-2","male","EN",8.58973207490551,-6.8910693081461,6.35730946256235,4.01918170294483
"CTTACCGGTTGTCCAT-2","male","Oligodendrocytes",-0.569188570808293,10.6182852832235,-1.25281083391592,-5.17418053307812
"CTTACCTCAATTAACC-2","male","EN",1.85391488092053,-10.877439394816,0.751143099799898,4.51058027586658
"CTTACCTCATTAAGCT-2","male","IN-MGE",-6.97553167326343,-4.18406905256139,-6.70603215502188,4.69900796255787
"CTTACTAGTAGGATCC-2","male","EN",3.14032020585644,-12.6197499188028,-1.60825645731375,-4.98221256890576
"CTTACTAGTGAGCAAG-2","male","Astrocytes",-6.87788639051807,1.37991027511729,-4.5693143586962,-7.21713783898632
"CTTACTAGTGGTGAGA-2","male","EN",6.62816371934521,-11.6588276775919,3.48436439229563,5.08944556555469
"CTTAGGAGTCATGCAA-2","male","Oligodendrocytes",-0.79689834101093,3.5770531741537,-1.63136970804617,-1.90177419343273
"CTTAGGAGTTCCGCAC-2","male","Oligodendrocytes",-0.927770471404912,2.75504504121913,3.11250150395944,-0.550360228207512
"CTTAGGAGTTCCTGTG-2","male","EN",6.38344230668652,-11.9563330563151,3.59424770070627,5.79037139258106
"CTTAGTTTCAAATCGC-2","male","Oligodendrocytes",-0.500381266902806,4.7660237399496,-1.33456599520132,-1.88928606667797
"CTTAGTTTCATAGACC-2","male","Oligodendrocytes",-0.859661912750127,4.30257187761439,-2.45149457262442,-1.30605962434094
"CTTAGTTTCGTAATCA-2","male","IN-CGE",0.993101084400294,-5.63194359861241,-4.38348758028433,10.4566426022979
"CTTAGTTTCTCACATT-2","male","OPC",10.8359431268464,2.50446031965388,12.3027206678541,-1.17722132363598
"CTTAGTTTCTTGAGCG-2","male","Oligodendrocytes",-0.79508862478626,0.591267558988913,-2.02472817705557,-2.11917092957775
"CTTATGTTCACATTGA-2","male","Oligodendrocytes",-0.419778442214848,10.2645293322958,-2.3456495981066,-1.35800292649548
"CTTATGTTCATGTTTC-2","male","Microglia",-8.97057447416675,12.536713704244,0.0639011879117752,-8.25288441338818
"CTTATTGGTGGGAACA-2","male","IN-MGE",-17.1582213400115,-5.81287087522374,-5.72715794847891,4.59486243567188
"CTTATTGGTGTAACCA-2","male","OPC",10.6657599450837,3.08413277544154,11.5384422559889,-0.704983379033013
"CTTCAATTCCTTCAAT-2","male","Astrocytes",-7.03803453428638,1.60792194284572,-5.0910576562731,-5.86819460549633
"CTTCACTCAAAGCGGC-2","male","Oligodendrocytes",10.7619074823152,3.11383448518886,-2.86405455873892,-0.125884081509514
"CTTCACTCAATAGTCT-2","male","Oligodendrocytes",-0.763556456397893,3.63922701753749,-1.97745454119131,-2.58439591088574
"CTTCACTCACCGGCTA-2","male","Astrocytes",-9.08736906034839,0.984196856395139,-4.10283267305777,-5.56204226174633
"CTTCACTCAGCCAGAA-2","male","Microglia",-8.78362188322437,12.616550549642,-0.408096669182036,-8.47419121423046
"CTTCACTCATGACTAT-2","male","EN",5.92084445970166,-13.067025080546,3.82858455373361,6.29453322729786
"CTTCAGGAGCCGCTTT-2","male","IN-CGE",1.6760006191026,-5.22361935697423,-3.8553980569689,10.058928941104
"CTTCAGGAGCTCATAA-2","male","EN",0.980378592182277,-10.1079176815592,1.00710861577108,4.85510966620167
"CTTCAGGAGCTCGCTT-2","male","EN",14.4729193689119,-5.49761666379796,0.184683861270692,3.05512354216297
"CTTCAGGAGGTCATTA-2","male","EN",0.539888689089892,-1.21954752527104,6.05403244687631,3.99284550986011
"CTTCAGGAGTAACCAC-2","male","IN-MGE",-2.6049402712096,-5.33970107160436,-7.70513093279288,1.00445038518627
"CTTCAGGAGTAAGTGG-2","male","EN",5.6825365068208,-12.7717312725626,3.63200175954416,6.34699914297779
"CTTCAGGAGTAATCCA-2","male","EN",3.84201970117199,-13.2871664913736,1.80493778182581,7.68234059653004
"CTTCAGGAGTCACCTC-2","male","OPC",11.0729617120515,3.35101877130641,11.5967928190382,0.00391880116184185
"CTTCATCCACATGCTA-2","male","OPC",12.2274083139192,3.76078735269679,12.0103260297926,-0.961843277600213
"CTTCATCCAGCCTTGG-2","male","Microglia",-9.14726648313892,13.7306576816,-0.494652150139067,-8.63859512963574
"CTTCATCCAGGGAGGA-2","male","OPC",10.439351940323,3.02397714532985,12.1922327299269,-0.300700511124535
"CTTCGCGTCCGGGACT-2","male","IN-MGE",-6.73363409025562,-4.39037694059239,-6.63692176149771,4.73513886770924
"CTTCGCGTCTAGCTAA-2","male","Astrocytes",-8.46285829527271,-0.109901920183764,-3.9732598047106,-5.98501589455883
"CTTCTAAGTCTTACTA-2","male","OPC",11.4594115258943,3.94899068750514,11.496426226631,-0.763568188336297
"CTTGAACAGCACTAGT-2","male","EN",3.20454278009045,-13.6777228268229,2.24754917813852,7.61118743262012
"CTTGAACAGCAGCTAT-2","male","Astrocytes",-8.18453702909839,0.305297985450162,-4.57659041689322,-7.1347303644685
"CTTGAACAGCTCAATA-2","male","IN-CGE",2.51680889146435,-4.64482106290685,-4.25151288317129,10.5374207242461
"CTTGAACAGCTTAACA-2","male","EN",6.77958383576977,-10.9731549175821,3.22301137639597,4.67246196112354
"CTTGAACAGCTTATGA-2","male","EN",5.43752326982128,-9.68917359433995,3.34200251294687,3.65454361281116
"CTTGAACAGGTCCTAG-2","male","IN-CGE",0.902180338073848,-3.79798878751622,-3.44043481157706,9.33644721350391
"CTTGAACAGGTCGAGG-2","male","Microglia",-9.28634462339771,12.2331629840292,0.0351225752980973,-7.53100731530468
"CTTGAATCACATGCTA-2","male","OPC",11.6590088845979,3.86359225191249,12.4027220029981,-0.593032027867241
"CTTGAATCATCCTGAA-2","male","IN-CGE",-3.22128162367237,-9.63458909116613,-3.10098731325552,8.11016366324146
"CTTGAATCATGGCCTG-2","male","IN-CGE",-3.00289211256397,-9.44284047208654,-3.07951581285879,8.26358935675342
"CTTGACGAGACTTACA-2","male","EN",0.102109873462794,-1.62366093717443,4.02837479306772,6.16708323797901
"CTTGACGAGCATGGTT-2","male","EN",-0.209455406497838,-0.962188139780627,6.29610932065561,4.16714427313526
"CTTGACGAGCCTAATA-2","male","Pericytes",2.28604819791424,0.360531061664953,2.60794997407511,-2.58814003625195
"CTTGACGAGTAACCAC-2","male","OPC",11.9923161508332,3.06386910356654,12.7047086973341,-0.257547821190758
"CTTGACGAGTGAGAGC-2","male","IN-CGE",2.27414598481762,-4.52989567838536,-3.93076741503164,10.49821326575
"CTTGACGAGTTGCCTC-2","male","Oligodendrocytes",-1.01364705545795,0.413571983353033,-1.57256281183645,-2.96227743783276
"CTTGCAACAGGCTAAG-2","male","Microglia",-9.19094667417896,11.1223803607382,0.644881026879099,-8.3970799700288
"CTTGCAACAGTCTAGC-2","male","OPC",12.0313462259065,4.09880195535792,12.649553896919,-1.25495257535259
"CTTGCATGTCGAAGTC-2","male","EN",2.7869864942323,-2.11924852453099,-0.950289128288481,3.61594889006336
"CTTGCATGTTAACGGC-2","male","IN-CGE",2.56957068460095,-5.23621596418248,-4.44099700258658,10.6642231687041
"CTTGCATGTTACAAAC-2","male","Oligodendrocytes",-7.35617456419361,-0.301859215124712,3.24163091374948,-0.613067175534173
"CTTGCATGTTGTTGCT-2","male","OPC",12.2633112909089,4.7494631854452,11.8257404585035,-0.890084649708672
"CTTGCGCGTACAAAGA-2","male","EN",15.5013751031648,-5.41512002073155,0.906321546122577,3.63526842436512
"CTTGCGCGTAGGTTTG-2","male","Oligodendrocytes",-0.69068930132282,2.01867769636287,-1.81245934770987,-2.26369645753185
"CTTGCGCGTTCCTGTG-2","male","EN",0.441646633465169,-2.06343568883763,-6.19799601839468,0.720153798076705
"CTTGCTCAGCCTCTCG-2","male","Oligodendrocytes",-0.670075034927251,10.0148354617514,-1.80727684305594,-1.02726092496197
"CTTGGACCATAGCTGC-2","male","OPC",12.040592098404,4.12736068643702,11.593889834419,-0.143861915257378
"CTTGTAAAGGCTAGAA-2","male","Microglia",-9.35105905516041,9.26331244386805,0.264485182300356,-8.23202088036816
"CTTGTAAAGGTACCGC-2","male","EN",14.3700970651399,-5.2083324345194,0.177782001033571,3.15694115004261
"CTTGTAAAGGTGAAGC-2","male","Oligodendrocytes",-0.709882354568364,3.17276488222255,-1.88256895349905,-2.66417291322033
"CTTGTAAAGTGCACGC-2","male","IN-MGE",-3.47459588034046,-6.2941249760233,-7.83161866472647,1.05914980611523
"CTTGTCCAGATACTTG-2","male","Oligodendrocytes",-0.820604896377446,3.58579264558925,-1.81956732080862,-1.97840264001171
"CTTGTTCCAATAGCCC-2","male","Oligodendrocytes",-0.289545452426793,9.71891413606776,-2.78936183260367,-0.306165184166832
"CTTGTTCCAATCCCTT-2","male","Oligodendrocytes",-0.860257601570012,4.16483436502589,-1.96021950052664,-2.41044213929455
"CTTGTTCCACTATGGC-2","male","EN",2.95967950837719,-11.7713393124186,2.00674867822244,6.009115193698
"CTTGTTCCAGCTAACC-2","male","Astrocytes",-6.80278930647266,1.46393363155497,-4.83520591066763,-5.844005610135
"CTTGTTCCAGGAAGCC-2","male","EN",0.644892865587352,-2.28304041944371,-4.2806705217211,10.7775263532134
"CTTGTTCCAGTCTAAT-2","male","OPC",12.0122946740876,2.96331845201625,11.8113666792066,-0.478360797551079
"CTTGTTCCATACCCGG-2","male","IN-CGE",-2.9156661985625,-9.393591776713,-3.00368034647391,8.29590556463917
"CTTGTTCCATCAATCG-2","male","EN",0.556886249948619,-9.44405736051427,1.4321659226568,5.00087926230152
"CTTGTTTAGACAAACG-2","male","EN",4.72474851625073,-13.0297230633341,2.54924881650522,7.50204322180469
"CTTGTTTAGGAAGCTA-2","male","Microglia",-9.10821733457935,11.9807168094076,0.484326871171739,-8.5052342669038
"CTTGTTTAGGAAGTAT-2","male","Oligodendrocytes",10.0772761346589,2.97107849992885,-2.01288258837149,-1.45285680451672
"CTTTAGGCAATATACC-2","male","Oligodendrocytes",-0.927311158012273,0.273761436120405,-2.2823590020983,-2.46993329682629
"CTTTAGGCAATCTCTC-2","male","Oligodendrocytes",-0.779616570304753,9.57055674471034,-1.85219824121878,-0.197195078518792
"CTTTAGGCATAGCTGC-2","male","OPC",12.0334300042878,3.64177308954371,11.6593214292677,-0.895393993046685
"CTTTAGGCATTTAAGC-2","male","EN",3.56826677339184,-13.2657069119059,1.97471487714365,7.71725938162525
"CTTTAGTTCATCCACC-2","male","IN-CGE",0.935110593010066,-3.73793877683507,-3.76737677858755,9.68723914465626
"CTTTAGTTCCGTTATT-2","male","IN-CGE",-2.09436783773792,-17.2572020443522,-3.05478346155569,8.11194989523609
"CTTTAGTTCCTTAAGA-2","male","IN-CGE",-0.428805744480016,-4.48480834089147,-3.14826738642142,8.52395245871265
"CTTTAGTTCGCAGGCT-2","male","Oligodendrocytes",-1.14096138460529,3.12401519693507,-2.18740594194815,-0.576303626683159
"CTTTATCAGCCTGACA-2","male","Oligodendrocytes",-0.490923917125585,4.63238392748012,-1.56315815256521,-1.64719345727245
"CTTTATCAGGAAGTAT-2","male","IN-CGE",2.44697465913403,-4.70749463163243,-3.73991524980948,10.4741177304717
"CTTTATCAGGGATGCG-2","male","OPC",11.8295029641877,3.19128666795863,11.6328493375929,-0.78142681279461
"CTTTATCAGGTCCACA-2","male","Microglia",-9.39937982542408,12.7020331469931,0.633475916519907,-7.97246315636913
"CTTTATCAGTAACAGG-2","male","IN-MGE",-7.11150846464527,-5.32784070096837,-2.66008174227164,-1.51463177361767
"CTTTATGGTCAATACG-2","male","Microglia",-9.20969495756519,11.7621766177572,0.794359294757393,-8.07597210564892
"CTTTATGGTGCATCGG-2","male","Microglia",-9.13612565977466,10.6082573977865,0.482309373155382,-9.05152561822216
"CTTTATGGTGGTGAGA-2","male","IN-CGE",1.21981444375622,-5.49564637266027,-4.01586043642447,10.5344519360991
"CTTTATGGTTAAGCTG-2","male","IN-CGE",1.00897117869961,-5.67903222165929,-3.99224126146719,9.84044787726124
"CTTTATGGTTATCCTA-2","male","Oligodendrocytes",-0.771715020965459,3.83746086038722,-2.17873132036612,-0.855403567936821
"CTTTCTTGTAGCTGCG-2","male","Oligodendrocytes",-0.334327435325505,6.94088278688563,-3.03657543466971,-0.884102012303277
"CTTTGAGCAACTGGCT-2","male","Oligodendrocytes",-0.485992050002934,3.65603600420131,-2.11072861956045,-0.917867924359246
"CTTTGAGCACAGAAAC-2","male","Oligodendrocytes",-0.823790168594243,8.76586543001307,-2.69690549181387,-0.37936415829937
"CTTTGAGCACCTGCCT-2","male","IN-MGE",-3.86062870008838,-6.46547831617223,-7.40715443895743,0.878281895730094
"CTTTGAGCACTATGGC-2","male","EN",1.5209586860429,-9.42347992978917,1.17251661612108,3.42841121992786
"CTTTGAGCACTGGCCA-2","male","Oligodendrocytes",-8.54343519194019,-0.332407787664996,-3.20418345735953,-5.85240938821117
"CTTTGGGAGATGCCTG-2","male","Oligodendrocytes",-0.784973120521428,3.46398173250331,-1.62724673555777,-4.81380417504589
"CTTTGGGAGTAACCAC-2","male","Astrocytes",-7.55359134657276,0.517203822509183,-4.98331105516836,-6.05350926080029
"CTTTGGGAGTTACCGG-2","male","Oligodendrocytes",-0.438620245288732,9.79645071901454,-2.39693939493582,-2.90434911408703
"CTTTGGGAGTTATTCC-2","male","EN",8.59023466127026,-7.98513020597325,4.82666599942758,4.83000657400806
"CTTTGTCCATCACAGC-2","male","OPC",9.67673673646557,2.47383151926173,12.8809572477491,-0.0689275518922048
"CTTTGTCCATGTTGGC-2","male","EN",-0.014348691533925,-1.59038604818212,2.99474394513681,6.78930661520679
"GAAACCCGTCATTACC-2","male","OPC",11.9048899652253,3.85110078729762,12.7499672193678,-0.405497457173272
"GAAACCCGTGCGCATG-2","male","OPC",10.2267636300813,3.44442497171534,12.5461994428785,-0.273235704090996
"GAAACCCGTGTTAGCA-2","male","OPC",9.68521394746411,2.91070114053859,11.5728470106275,-0.761068488743706
"GAAACCCGTTAGTGAT-2","male","Oligodendrocytes",-0.73806581480396,10.4152327624716,-2.31603014276907,-0.547097589161797
"GAAACTGAGAAAGCAT-2","male","IN-CGE",-2.09955582601917,-17.165582552775,-2.85688292787955,7.97761962256153
"GAAACTGAGCATGTTA-2","male","Oligodendrocytes",-7.04075393659961,0.833534881249799,-2.9168301801531,-4.94673111596386
"GAAACTGAGCTACTGG-2","male","Oligodendrocytes",-0.842537259887578,2.60139952577723,-1.76961600588248,-1.50473787942211
"GAAACTGAGCTATGAC-2","male","Oligodendrocytes",-0.987904167007329,1.179042324201,-2.31079780863211,-2.48236825623791
"GAAACTGAGGCTTAAC-2","male","Oligodendrocytes",-1.00543663484943,1.7580720034994,-2.39449512766287,-2.36723973908703
"GAAACTGAGGGTTAGA-2","male","Oligodendrocytes",-0.891071653198125,3.24529038347377,-2.43922149942801,-2.302741314557
"GAAACTGAGTAACTCA-2","male","Oligodendrocytes",-0.579884564708592,3.42089544214381,-2.48874366091177,-1.57993080773632
"GAAACTGAGTGCACGC-2","male","IN-MGE",-7.23553285581959,-5.341833964213,-6.47499310778067,3.97455856642445
"GAAAGCCAGGGCTTTG-2","male","IN-MGE",-7.2190395353545,-5.00700272642003,-6.93420588777945,4.0889675363036
"GAAAGCCAGGGTGAGT-2","male","Microglia",-9.0021582601775,13.3131161776937,6.13427460385874,3.95791241965015
"GAAAGCCAGTAGAGGC-2","male","EN",2.40349736230481,-2.23839534841405,-1.08825540350363,3.66291305861195
"GAAAGGCTCAGCTAAC-2","male","Oligodendrocytes",-0.664775347541692,1.04199705995692,-2.39793956087515,-2.79483201661388
"GAAAGGCTCCTCAGCT-2","male","OPC",12.1118210794221,3.46757112421168,11.9238487501295,-0.641575242665215
"GAAAGGCTCTAACCAA-2","male","IN-MGE",-6.69792041761768,-4.33761633954869,-6.59697711275503,4.57511160216053
"GAACACAAGACAACAG-2","male","Microglia",-9.50278482420337,12.6511860934652,-0.174489496216032,-8.04662850060742
"GAACACAAGCAAGGTA-2","male","IN-MGE",-4.21202859861744,-6.26657332502233,-6.35342681215689,1.95905039152821
"GAACACAAGCACCACA-2","male","Oligodendrocytes",11.3799704553376,3.76725183405055,-1.24655043886587,-4.73549940743725
"GAACACAAGCCTGACA-2","male","EN",4.76398029344189,-9.98184098325597,2.86060393048837,3.88980386099537
"GAACCAAAGCGGCTGT-2","male","Astrocytes",-6.75289926512134,1.45502953209056,-4.59835326479361,-5.66867401757519
"GAACCAGCAGGACCTT-2","male","Oligodendrocytes",-0.607612049411656,3.62164770044459,-2.19032585428641,-1.9983253733186
"GAACCAGCATAATCCG-2","male","OPC",10.299290561844,2.62541376032008,12.6527630109937,-0.514718557980462
"GAACCGCTCACAAGCT-2","male","IN-MGE",-6.650642490219,-4.53156794629918,-6.806404469475,4.6585886224242
"GAACCGCTCCCTCGCA-2","male","Oligodendrocytes",-0.720979308914067,11.0189181414999,-2.80061948107168,-1.49214961686413
"GAACCGCTCGCACAAT-2","male","EN",1.93128433244335,-10.9545983227335,1.16482001735285,4.55276033720692
"GAACCTGTCCCGAAGC-2","male","EN",1.71815314309704,-10.8305729778849,0.710838409200456,4.90089747748096
"GAACCTGTCCTGATGG-2","male","OPC",10.3194808007966,2.44393955148829,10.2764393110426,-0.602170612004204
"GAACCTGTCTTGTTCG-2","male","OPC",11.4433402063142,3.28614436067714,12.926788928047,-0.489682699826165
"GAACCTTAGGACCTTG-2","male","Oligodendrocytes",-0.720684385131719,4.08150182642116,-0.890022633537505,-2.31925180115978
"GAACCTTAGGACGTAA-2","male","EN",7.57276430146801,-9.42441834531652,4.31518590642526,4.73646113714893
"GAACCTTAGGATTGAG-2","male","IN-MGE",-3.39444146139515,-6.39564026914464,-7.37363469408438,1.14351311764439
"GAACCTTAGTGAGGGT-2","male","IN-MGE",-7.12027463896167,-4.95013608060704,-6.68446910189078,3.81232116064747
"GAACGAATCCGCATGA-2","male","IN-MGE",-2.69422349913013,-5.22279585920201,-7.73174893663809,1.17750311336239
"GAACGAATCCTGAGTG-2","male","EN",6.88702716844189,-11.1554192455851,2.4475644846113,4.93282983145435
"GAACGAATCTCATCAT-2","male","EN",4.05444040315258,-13.1972321423136,2.10514915181711,7.31474730810841
"GAACTTATCGCTAGTG-2","male","Oligodendrocytes",-0.268959200214269,7.82377587236537,-2.85681927011893,-0.87054863133709
"GAAGCCTGTAGCAGCT-2","male","Oligodendrocytes",-8.22750387174976,2.09012030042781,-3.98300444887564,-5.67870714822094
"GAAGCCTGTAGGTTGC-2","male","Oligodendrocytes",-0.733917808364751,10.7575751391806,-2.47277080820486,-0.912820126202508
"GAAGCCTGTCATCCTG-2","male","OPC",11.430523777176,4.0327108947195,12.0899397154005,0.142465446803169
"GAAGCTAAGAAACTGG-2","male","Oligodendrocytes",-1.05394599420917,0.73576293863429,-2.34374701784537,-2.19657542863171
"GAAGGAACATGCTTAG-2","male","IN-CGE",1.38117625730145,-5.27781285367833,-4.06181800173208,9.94429919562061
"GAAGGATGTAACCACA-2","male","Astrocytes",-7.18847618086231,0.766869619265928,-4.64568936632559,-6.39896490731518
"GAAGGATGTAATAACC-2","male","Oligodendrocytes",-0.866382694076421,1.6949388829626,-2.78111159609244,-1.50371172585766
"GAAGGATGTACAATGT-2","male","Oligodendrocytes",-0.502361810039403,8.83023749269618,-2.92605745600149,-0.667353893902703
"GAAGGATGTTATGTGG-2","male","EN",6.79322423951733,-10.5411356838785,3.56914437009409,4.90309712729175
"GAAGGCCCAATCCTAG-2","male","Astrocytes",-8.331626033615,0.251502439156904,-4.85903632448599,-6.23318388619701
"GAAGGCCCACCTGGTG-2","male","EN",14.308097744156,-5.13741768918859,0.116040768161562,2.94415399870594
"GAAGGCCCAGGGAGCT-2","male","Microglia",2.18527128713238,4.17212162889613,-4.56593310640738,-7.33320381799023
"GAAGGCCCATTAAAGG-2","male","Oligodendrocytes",-0.345883405040624,7.02383337892665,-2.20220577524588,-0.150798048165246
"GAAGGCTAGGACAATG-2","male","IN-CGE",1.69535913484204,-6.04864062391149,-3.9582017640917,10.550854180667
"GAAGGCTAGTAACCAC-2","male","IN-MGE",-2.7174674032439,-3.24482096753942,0.509446593061235,-7.94494393029492
"GAAGGCTAGTAACTCA-2","male","EN",2.76464905755627,-13.7108620556437,1.63561582757547,7.61743256888111
"GAAGTATAGCACAGGG-2","male","IN-CGE",1.0639097334634,-5.61839093290196,-4.14023434923575,10.3172716840239
"GAAGTATAGGACACTT-2","male","Microglia",-9.31746778471363,9.17315016664637,0.562052013412264,-7.9263072268037
"GAAGTATAGGACGTAA-2","male","IN-MGE",-2.87451992018116,-5.65763701520787,-7.36388909624502,1.15574911675175
"GAAGTATAGGCATTAC-2","male","OPC",9.4250525476228,2.71836052812709,11.2517477293165,-0.156792964127465
"GAAGTATAGGCTAAGA-2","male","EN",3.39653673188793,-12.9976805599772,-1.58220517443106,-5.22728159585278
"GAAGTATAGTTTGGGT-2","male","Microglia",-9.29507932646167,10.3244782534994,0.366722168460634,-7.84109833398144
"GAAGTCAAGCATGAAG-2","male","EN",7.48640193956005,-9.2131194027506,11.086758257881,-0.443115379002495
"GAAGTCAAGTGAAGTG-2","male","OPC",11.0066718103181,2.90534768976344,12.1698938627394,-0.47117164292614
"GAAGTCAAGTTATTCC-2","male","EN",13.7363680841218,-12.1352204235636,3.18717014981821,2.89330193838795
"GAAGTCAAGTTCCTCA-2","male","IN-CGE",1.01725181357968,-3.88480652891027,1.57690394116953,3.01997420630176
"GAAGTGATCATTGACA-2","male","Microglia",-9.10223970396412,13.6862021533407,6.03671276761606,3.87106845221241
"GAAGTGATCCGTCCAT-2","male","EN",2.70731487290966,-12.378358736857,1.9833915252836,7.06345698675831
"GAATTTGTCCGGGACT-2","male","EN",15.269619846512,-5.32584323011266,1.87835455133035,3.65887305578907
"GAATTTGTCCTACCTA-2","male","Oligodendrocytes",-8.38163576109302,1.19284783281459,-3.51315438555166,-5.21011593499462
"GAATTTGTCCTGATGG-2","male","Pericytes",2.41082491891491,0.52274861909522,-1.54520642565176,-1.08404245534222
"GAATTTGTCGTTAACA-2","male","EN",3.43024411218273,-13.0922058971964,1.95658314420297,7.08963677725513
"GAATTTGTCGTTAGCG-2","male","Oligodendrocytes",10.882633114029,3.56544218935145,-2.37465584085867,-0.534812475827141
"GAATTTGTCTTGTTCG-2","male","EN",3.84286513345349,-13.3512371929728,2.1844458599241,7.47557494482716
"GACAATACAAACCTTG-2","male","OPC",12.3666018487703,3.71837078012599,12.6193319578321,-0.780328418400689
"GACACCGGTCAAGTGC-2","male","Oligodendrocytes",-0.877660965751531,2.71751748003138,-1.83541261957571,-2.06668665566723
"GACACCGGTTGAGCCG-2","male","OPC",10.4356249810945,2.88759790338649,12.070208193794,-0.183617021229668
"GACATAGAGGTCGAGG-2","male","Oligodendrocytes",-0.114249145816686,5.7376543132223,-3.35955560015127,-0.876877094891472
"GACATTATCCCGTTGT-2","male","IN-MGE",-2.37821731550586,-5.49755324445592,-7.95026910112784,1.34892693600376
"GACCGAACAGTTAAAG-2","male","Oligodendrocytes",-0.418212807010533,5.63169585146083,-2.04353987978384,-1.92538955369274
"GACCGTTCATAATCAC-2","male","Microglia",-9.06710729582203,11.7817364779867,0.0705195088537003,-8.3246226564912
"GACCGTTCATGTTGTG-2","male","Oligodendrocytes",-0.398612832855107,10.3712531176962,-3.05290162371084,-0.545965458538933
"GACCTAAGTCAGGAAG-2","male","IN-CGE",0.017477834392665,-4.72034539304601,-3.00611865328238,8.6162314160796
"GACCTAGTCAGGCTAT-2","male","EN",7.45948495881665,-10.0807885082804,2.09367454244211,3.66264269194324
"GACCTAGTCCCGTTTA-2","male","EN",7.79506721513378,-8.57389344297277,5.09977686597421,4.61236235937794
"GACCTCAAGCTGAGGG-2","male","IN-MGE",-6.33787450773609,-4.52600564084874,-6.63287007616446,4.20926425299366
"GACCTCAAGTGAGGTA-2","male","EN",4.91509475724804,-9.16557110868322,2.50058949185922,3.92300913176258
"GACCTCAAGTTGCCTC-2","male","EN",7.87107839601147,-8.48761357389318,4.73164713574961,4.75841901144703
"GACCTGATCCAATTAG-2","male","IN-MGE",-6.87663326246631,-5.9842375668131,-6.76874244020865,4.25891611418445
"GACCTGATCCGCAAAT-2","male","EN",4.71520843522656,-10.0579880627237,2.96838963224008,3.77778313002308
"GACCTGATCCTGATGG-2","male","OPC",11.2612608911287,3.43408761896266,12.7069984693678,-0.401982690480156
"GACCTGATCGGTCAAT-2","male","EN",0.701771134306071,-2.05465544782506,-0.903194425567839,3.81948253950794
"GACCTGATCTAGCTTT-2","male","EN",14.2573174478303,-5.40956629834996,0.32551378203943,3.12356278738697
"GACCTGATCTATCGCC-2","male","Microglia",-9.5439587591399,12.3958397952474,-0.959055779442046,-6.29507687249462
"GACCTGCAGTATTGCA-2","male","Oligodendrocytes",-0.540608084033849,9.04496489442958,-3.03561770723746,-1.18762602963726
"GACCTGCAGTTACTTC-2","male","Astrocytes",-6.90341291410816,1.9785948840536,-4.98774182604239,-5.69948055901806
"GACCTTTGTCACAAAT-2","male","Microglia",-9.20011434538257,11.234847172872,0.0346559901387955,-8.26346638360302
"GACCTTTGTGGTTCTT-2","male","IN-MGE",-3.7629848478545,-6.5866578968607,-7.49746358202383,0.928892110201911
"GACCTTTGTTAGGCGT-2","male","EN",2.75437679307568,-13.3996733578287,1.69610429002359,7.00318906149586
"GACCTTTGTTGCAATG-2","male","Oligodendrocytes",0.0217457653771621,-4.70715941511022,-6.6751698236315,0.84062926909645
"GACCTTTGTTGGATAT-2","male","Microglia",-9.32357988340748,9.22377787508143,-0.0233501772730087,-8.48161938348095
"GACCTTTGTTTGTTGC-2","male","IN-CGE",-1.89528927786243,-17.1386774929606,-2.94327509210989,7.95029542288502
"GACGCAACAAGGCCAA-2","male","IN-CGE",-3.1531466005553,-9.60288132749425,-2.64321672724173,7.95985219320972
"GACGCAACAATAATGG-2","male","Astrocytes",-7.09537181837452,0.836007490531339,-4.59735047624991,-6.90909865060131
"GACGCAACATGAGCAG-2","male","Endothelial",2.56436123864758,13.5773831454672,1.91490721894815,-1.67423703828136
"GACGCCTAGGTACCGC-2","male","IN-MGE",-3.47089657766712,-3.57569254957067,-7.75619923876211,1.67838898739536
"GACGCCTAGTGCACGC-2","male","IN-CGE",1.30415298955548,-4.88814963422643,-3.81589162157461,9.57096812567432
"GACGTAAAGCACTAAC-2","male","Oligodendrocytes",-0.488370334934117,8.29038630403651,-1.46000683115408,-1.47103836694042
"GACTAATGTCAGGAAG-2","male","IN-MGE",-6.40831527693165,-6.28288497053014,-6.63593709276602,3.10000345549305
"GACTAATGTGATGAAA-2","male","OPC",12.0361050607454,2.92052327074183,11.5466963071974,-0.759609724667473
"GACTAATGTTTGCTGT-2","male","IN-MGE",-5.05692348463428,-6.42664517484532,-6.30546939180777,2.05234966120441
"GACTATTCAAGCGATG-2","male","EN",2.4694050790559,-12.4523095043741,-2.25289594934866,-3.0733027712373
"GACTATTCACCTGCCT-2","male","IN-MGE",-2.59139809591663,-3.14449085317479,-7.3570693712084,2.17218015036304
"GACTATTCATTGTCCT-2","male","IN-CGE",-2.9117668627013,-9.30304898343907,-3.01328766153738,8.33280370077808
"GACTCACCACTTGTTC-2","male","Astrocytes",-6.41797409040821,1.90581808962001,-4.72150075243399,-5.81757261910717
"GACTCACCAGCTTACA-2","male","EN",7.83057203309643,-8.75515069089757,5.2003413458021,4.78116652807911
"GACTTACAGATTGAGG-2","male","IN-MGE",-7.10349330885303,-5.22794474683629,-6.84709250734732,3.89885160765369
"GACTTACAGGTGAAAT-2","male","EN",1.48534431474316,-9.41320885740148,1.2410597224386,5.11704060873707
"GACTTACAGTATCGCG-2","male","IN-MGE",-2.39360437376392,-5.65226925931798,-7.44135224626944,1.45728257736881
"GACTTACAGTCACTAA-2","male","Microglia",-9.34764108641041,10.1557570544638,0.0666370411069657,-7.94717838921826
"GACTTAGGTCTTTGAC-2","male","IN-CGE",2.53637447373974,-5.48854722104894,-4.18438660906241,10.9837488873931
"GACTTAGGTTCATCTA-2","male","IN-MGE",-17.0772467611541,-5.83614195905553,-1.56010234163687,-4.38123562493603
"GACTTGGTCAGCACCA-2","male","OPC",11.8469027520906,3.21069322504176,12.9584604520948,-0.408061887410088
"GACTTGGTCGTCATTT-2","male","EN",7.54784479158032,-7.14158190809117,5.82829058362558,4.02424809775074
"GAGAGGCGTACCGAAC-2","male","IN-CGE",-3.36870036108387,-9.83272828183995,-2.6379326562731,7.86942908606251
"GAGAGGCGTTGCATCT-2","male","Oligodendrocytes",-0.488419806789281,6.96626053728236,-2.52568089769766,-0.236330355790062
"GAGATAAGTGGTTCCC-2","male","EN",3.25831332223522,-13.8161848934733,2.13369190885141,7.71457383475025
"GAGATAAGTTGTCCAT-2","male","EN",7.15271463410961,-10.8050240429484,3.5492273588331,5.06409785589893
"GAGCAAATCCTAGTTT-2","male","Oligodendrocytes",-0.29544672949207,5.33202658571376,-1.37277304933951,-0.155166830208703
"GAGCAAATCGTTATAG-2","male","EN",14.2779082299958,-5.55145873151647,0.113633992210176,2.82615611395557
"GAGCAAATCTATTGTC-2","male","EN",8.78569784181225,-7.92236699186193,6.14516747190073,4.04845759710987
"GAGCAAGGTCAAACTG-2","male","Microglia",-9.24240884764087,10.6305466739096,0.930788921252039,-8.1084647432832
"GAGCAAGGTCCTTCTC-2","male","IN-MGE",-17.1347666738738,-5.88511885724889,-5.84829652117178,4.39985916456898
"GAGCAAGGTTTCCACG-2","male","Microglia",-9.25468549711597,11.1484299746908,0.382891984716203,-8.31800606408398
"GAGCATGCAACAGGAT-2","male","IN-fetal",-0.130354440044286,-2.5239423664652,-5.10675322817251,-6.12102940240185
"GAGCATGCAGCCAGTT-2","male","EN",1.54873099343884,-9.73617066465245,1.21614831878259,4.82333896002491
"GAGCCACTCATGTCAA-2","male","EN",6.58361902253735,-13.1228245647989,3.94355380727365,5.81801030478199
"GAGCCACTCGTTCACC-2","male","Oligodendrocytes",-0.94244608862293,0.988036408797636,-2.0271841268389,-1.7001383558778
"GAGCCACTCTTAGGAC-2","male","OPC",11.1869553567659,3.42119131960048,11.8095775861891,0.0985979183646006
"GAGCCTTCATACCCGG-2","male","EN",0.172268369961856,-1.98384489141332,1.13530177070215,5.17635772070606
"GAGCGAAGTCAAACTG-2","male","Oligodendrocytes",0.282270887662051,7.93669043459071,-2.41132604883597,-0.265075291779442
"GAGCGAAGTGCCGCAA-2","male","EN",1.73255660550701,-11.0284003170572,0.672514574661996,4.97178647360523
"GAGCGAAGTTTCCTCC-2","male","EN",7.63984479920971,-8.96918953977452,4.88258850766733,4.77705428442676
"GAGCGATAGCTAAGTC-2","male","Microglia",-9.51487169248951,12.8370162097372,0.0545560140760208,-7.91148235955517
"GAGCGATAGGCCTAAT-2","male","Microglia",-9.32621774656666,9.604699238912,-0.468642709717009,-8.62692406335156
"GAGCGATAGGTGAAAT-2","male","Oligodendrocytes",-0.863508081268193,10.3173285571493,-1.88565146730826,-3.22822978654186
"GAGCGGTCAACCGCCA-2","male","Oligodendrocytes",-0.367195343803288,7.7038670627035,-1.61727344797537,-3.47102692284863
"GAGCGGTCAGCCAGAA-2","male","VSMC",14.3336085321199,-0.849610820635424,2.85376680089548,-2.94727518716137
"GAGCGGTCAGGAACTG-2","male","Oligodendrocytes",-6.31795558912647,1.82585082925929,-2.26272141741202,-0.488966848042412
"GAGCGGTCATAAGCAA-2","male","IN-CGE",0.97690399901974,-5.21262873731481,-3.56144177721426,9.78015849432667
"GAGCGGTCATCTAGCA-2","male","Microglia",-9.84603986723316,8.37315665163173,1.97484338475778,-2.06718423524181
"GAGCGGTCATGGAGGC-2","male","EN",2.55213131921398,-12.4446638973795,2.13789773179605,6.41383120856007
"GAGCTAGCAGTTTCTC-2","male","Oligodendrocytes",-0.503844833206059,4.15972624696864,-1.52755749033377,-0.0160368339089589
"GAGCTGCTCCGTCCAT-2","male","Astrocytes",-7.38199052793873,0.665114953891172,-4.71480595873282,-6.10553171792309
"GAGCTGCTCCTTAGTT-2","male","Astrocytes",-8.35483846647632,-0.0382447393976312,-4.52104461000845,-7.10910275140087
"GAGCTGCTCGCCTAAG-2","male","OPC",9.45989313142407,2.46641550935878,12.6067873258741,-0.561164881375237
"GAGCTTAGTCACCTAT-2","male","EN",3.06413640992749,-13.8022278698526,1.56099766685083,7.18173310599049
"GAGCTTGTCAATACGC-2","male","EN",7.59448328034985,-8.85577572904454,4.67586958600595,4.42356750807484
"GAGCTTGTCATCCTCA-2","male","Oligodendrocytes",-0.839813208412053,3.1807445136465,-1.78483164118216,-1.85434105553906
"GAGCTTGTCCTCATGC-2","male","Microglia",-9.22034940702808,11.7811347094931,0.66477650596216,-7.47621586480419
"GAGCTTGTCGCTATGG-2","male","IN-CGE",-2.90467820150745,-9.34564675412999,-3.06234729097769,8.22359225592335
"GAGCTTGTCGCTCACT-2","male","EN",7.53861274736035,-6.96640528760777,5.9196902532728,4.32365653357227
"GAGCTTGTCGCTTCTA-2","male","Oligodendrocytes",-0.397958910297276,5.08700810350551,-2.51620590494559,-0.468962456372185
"GAGCTTGTCTCACATT-2","male","OPC",11.4031638147126,3.8847809878744,12.6794506330641,-0.402150179531975
"GAGCTTGTCTTGCTAT-2","male","IN-CGE",-3.04062781317127,-9.48541153989659,-3.01729428575918,7.99822041830738
"GAGGACTAGACTTACA-2","male","Oligodendrocytes",-8.19883546812427,1.01142276801242,-3.5601567010729,-5.16464569726269
"GAGGACTAGATAGACG-2","male","EN",5.26285114305126,-9.74282254300939,3.10052001668527,3.67205307326038
"GAGGACTAGGACAACA-2","male","Oligodendrocytes",-0.34557393772495,6.70579920686854,-3.28763234423086,-1.22090330281536
"GAGGACTAGGATAAAC-2","male","Oligodendrocytes",-1.02822611315143,1.48371134676112,2.04917061521127,-0.589080359127923
"GAGGACTAGGCACAGG-2","male","EN",8.89434423463452,-7.61316670499669,6.12407505704477,4.36247179350574
"GAGGACTAGGCTAATC-2","male","Oligodendrocytes",0.141050690580485,-0.0137726219736199,-2.08980309770987,-1.76661446252148
"GAGGACTAGGTGAAGC-2","male","IN-MGE",-3.63878545744312,-3.73395957074987,-7.79352128313467,1.99737725100239
"GAGGACTAGTTAACCA-2","male","Microglia",-8.93523321134937,12.5382605639852,0.399622352853563,-7.76895191827099
"GAGGAGGCAACTAGAA-2","male","Oligodendrocytes",-1.14155075533283,2.36568962015284,-1.87587535189078,-1.83787610688488
"GAGGAGGCAAGGTCGA-2","male","Microglia",-9.2362719534148,13.3816405383505,0.453531416192796,-9.03892662682812
"GAGGAGGCAATTTAGC-2","male","EN",0.338860383052705,-9.35603417478429,1.03885822190359,5.59862801871021
"GAGGAGGCACATAGCC-2","male","Oligodendrocytes",-0.664419388603093,1.26901034988536,-2.98931658075735,-1.54448988595287
"GAGGAGGCATCAGTAT-2","male","EN",6.68808307664501,-11.6179331692301,3.38094532682016,5.17665383658131
"GAGGAGGCATGGCCTG-2","male","Microglia",-9.5155688284148,12.2345181552328,0.506237121358659,-8.10986282983105
"GAGGCAAGTACAATGT-2","male","Microglia",-9.54400453550709,9.25983534731044,0.543213458791521,-8.87016918816845
"GAGGCAAGTCCTTTAA-2","male","OPC",10.6252068521272,4.31188593782557,11.6432071943434,0.530331347796516
"GAGGCAAGTCGCAATA-2","male","EN",4.80685606019604,-12.9913796337687,3.31705248548105,5.93015143713673
"GAGGCAAGTTAAATGC-2","male","Oligodendrocytes",-0.6632659195174,-0.282069042547808,-0.999811766609404,-3.6507797495393
"GAGGCAAGTTTAGTCC-2","male","IN-CGE",-2.97099385244739,-9.38710488401281,-3.20335280702994,8.51857421240528
"GAGGCCTTCACACAGT-2","male","Oligodendrocytes",-0.997044420074346,1.75113020815028,-2.95176327036307,-1.39999416032116
"GAGGCCTTCATGAAGG-2","male","Pericytes",1.40242662446606,0.219206377641096,2.87353503896311,-2.52604129472057
"GAGGCTACAAACTAAG-2","male","Oligodendrocytes",-9.00840578062427,-0.206548884733782,-4.23765551851675,-5.72610047021191
"GAGGCTACAAAGCTAA-2","male","OPC",12.0402287484895,4.02542673029078,10.7602831144483,-0.473744537022515
"GAGGCTACATTGACAT-2","male","Oligodendrocytes",-0.488106345962407,9.46199427522792,-3.14047300623343,-0.256092335369988
"GAGGCTTGTATTCGCT-2","male","Oligodendrocytes",-0.705062365363957,8.49786816515101,-2.42913853929922,-0.50281181493084
"GAGGGAGCAACTAGCC-2","male","OPC",12.200696849991,3.1625023929037,12.156525256172,-0.538062597897454
"GAGGGAGCAAGCGAGC-2","male","Oligodendrocytes",-0.50500575287235,9.0685025302328,-1.62050163553641,-0.680333043721123
"GAGGGAGCACGTGCTG-2","male","Oligodendrocytes",-0.0154047964323777,8.24208413042201,-3.33129536913321,-1.12927963891308
"GAGGGAGCAGGCGAGT-2","male","Oligodendrocytes",-0.893843149970891,3.17357359804286,-3.31988513277456,-0.786803270962639
"GAGGGAGCATAATCCG-2","male","IN-MGE",-6.99493989927662,-4.91737927518712,-6.81972777651236,4.2624909623595
"GAGGGAGCATTAAAGG-2","male","Oligodendrocytes",-7.27096471769703,0.61423257343544,-4.27807700441763,-6.18302776971142
"GAGGTACAGCTTCTCA-2","male","OPC",9.17205038087475,2.27506278432979,12.4548584242018,-0.0823959962395864
"GAGGTACAGGAAGCTA-2","male","Oligodendrocytes",-0.748243188690068,3.25787268556727,-1.50542437838003,-2.33733251252453
"GAGGTACAGTAGCGGG-2","male","EN",3.57035985009777,-13.8705796154581,1.97404611302927,7.85791537604053
"GAGGTAGGTAGTTGGC-2","male","Microglia",2.55867447869885,0.540721479580535,-1.32289778994009,-5.2651071802644
"GAGGTAGGTGTTCCCA-2","male","Microglia",-7.65090856535328,13.3803921786703,-0.27652776049063,-7.07985165276806
"GAGGTAGGTTTGGCGG-2","male","Oligodendrocytes",-0.995817518066289,1.35263614334239,-1.46317159937308,-2.22553756394665
"GAGGTGAGTCATCAAG-2","male","Oligodendrocytes",10.6407364846956,4.27353201784266,-3.44554602907583,-5.71828701653759
"GAGGTGAGTGCATTTC-2","male","EN",4.8215950967561,-9.78795708738195,2.81647598935678,3.94113061270435
"GAGGTGAGTTAAGGCC-2","male","EN",7.94871273057568,-7.84620846830235,4.58111584378794,4.71675631842335
"GAGGTGAGTTGAGGTC-2","male","EN",5.59185924546826,-12.9113196285807,3.65917384816721,6.21565530142506
"GAGGTTAAGACAACAG-2","male","EN",5.21689786927807,-9.64128865323888,3.32379162503794,3.45945641836842
"GAGGTTAAGGAGGTTA-2","male","Oligodendrocytes",-0.517542218994023,8.09568463243617,-3.09337150858328,-2.01567890801708
"GAGGTTAAGGGACTAA-2","male","OPC",10.7286070825349,2.95571766771449,11.8658815641554,-0.604781057026787
"GAGTAACCAACAGGAT-2","male","IN-MGE",-3.44601974470508,-6.1899465473734,-7.26348244951651,1.07530773124416
"GAGTAACCAAGCTAAA-2","male","Microglia",-9.29558954222095,10.0476084796347,0.22652673913553,-8.33604767480175
"GAGTAACCAGGCAAGC-2","male","Microglia",-9.45247278196705,12.6153203097738,0.556157233253267,-2.85686376252453
"GAGTAACCAGTAAGTA-2","male","IN-MGE",-6.55528697950733,-4.40283001981603,-6.42258059786246,4.28449985823353
"GAGTAACCATTTGCTC-2","male","Oligodendrocytes",-0.735106563400151,10.6003399936117,-2.91689550684378,-0.236128772881432
"GAGTAATAGATACTTG-2","male","Oligodendrocytes",0.00120195167171772,7.18233738817348,-3.63845765398428,-0.889962937024041
"GAGTAATAGCTAATCA-2","male","Astrocytes",-8.31136522276294,1.18116448797358,-3.96022403047964,-5.72879507699291
"GAGTAATAGGACCTTG-2","male","OPC",11.6072434427034,3.92010198511256,12.9953438062818,-0.288387920048638
"GAGTATCTCACCTGCT-2","male","Microglia",-9.3649807928313,13.1886502353109,0.576211841836717,-9.12582924523632
"GAGTATCTCCTCCATA-2","male","Oligodendrocytes",-0.484638666938664,8.91440974153651,-1.98205530451224,-4.02737953820507
"GAGTATCTCTTAAGTG-2","male","Oligodendrocytes",-0.17584565861118,7.78471289552821,-2.29968559549734,-1.17097892918865
"GAGTCAAAGACCATAC-2","male","EN",3.01918830888378,-13.5205677898966,1.48067891789987,7.12356850943287
"GAGTCAAAGAGGCTAA-2","male","EN",0.469391250778316,-2.0918933304392,-3.0379525403826,8.20666596731861
"GAGTCAAAGCATTATG-2","male","IN-MGE",-4.89984903318775,-6.48811616025792,-7.31798970507071,1.33042654833515
"GAGTCAAAGGCGAAAC-2","male","Endothelial",2.81993117349255,13.2429782000936,2.92512047483042,-2.4898967997102
"GAGTCATTCACAGCCA-2","male","Microglia",-8.91211328489673,13.3518963900961,0.420818092361238,-8.53874733605663
"GAGTGAGGTAATAACC-2","male","Oligodendrocytes",-0.799589967559697,10.6251622287191,-1.75179302500174,-2.72302105584423
"GAGTGAGGTATTGAGT-2","male","IN-MGE",-3.51979289038074,-3.62724627576696,-7.41435658739493,2.22695884546955
"GAGTGAGGTCATCATC-2","male","IN-MGE",-7.05453309996021,-5.22445715986119,-6.57119977281973,3.83056828818043
"GAGTGAGGTCATCCTG-2","male","OPC",11.3384293557893,3.45548497118129,11.3441807050855,-0.449235226300164
"GAGTGATCAATCATGT-2","male","Oligodendrocytes",-0.769658899139287,2.71236430086268,-2.06866681383536,0.17661032519062
"GAGTGATCAATCCTAG-2","male","IN-CGE",-0.342619752715947,-2.59594549260961,-2.96053445146963,8.15741345724781
"GAGTGATCAATTAGCT-2","male","Oligodendrocytes",-0.225597774814488,7.05872832216395,-3.57366502092764,-1.12929692426006
"GAGTGATCACAACCTA-2","male","OPC",12.0458315850984,2.78344951547755,12.7457700987013,-0.527158524182244
"GAGTGTTTCCAGGTCA-2","male","EN",6.94139518754589,-11.0892943295084,3.33883845998361,5.11763188681324
"GAGTGTTTCCTGGTCT-2","male","EN",5.02633276002514,-8.89835061155187,2.89999497129038,3.73122594198902
"GAGTTACTCCCGCAAA-2","male","Microglia",-9.10751733763111,13.1873370257772,-0.890494106277678,-6.10018732705395
"GAGTTACTCGTCATTT-2","male","IN-MGE",-5.98191318495167,-4.35130490384923,-6.57747447298453,4.32519075712879
"GAGTTACTCGTTAACA-2","male","Oligodendrocytes",-0.597043788265111,2.21823357023372,-2.0108050088732,-2.58750775018017
"GAGTTGCGTCATAACG-2","male","OPC",10.3950442315828,2.89224062837733,10.7077652235182,-0.495486880925103
"GAGTTGCGTGTCCAAA-2","male","EN",7.21173419969189,-10.0434540661417,3.77302658750131,4.78284213385303
"GAGTTGCGTTGACTTC-2","male","Oligodendrocytes",-7.55758771879566,1.85790513433589,-4.06879651354239,-5.59026863732617
"GAGTTGCGTTTGCGCC-2","male","Microglia",-9.14435014707935,12.8380633441366,0.707942919865396,-8.21180393853466
"GAGTTTGGTTAGCAGC-2","male","Microglia",-9.24053964598072,10.5464678851522,-0.527242539390776,-8.30483677544872
"GAGTTTGGTTTCAGGA-2","male","EN",3.04341425912487,-13.6968163403116,2.12072873307779,7.15438649496754
"GAGTTTGGTTTGTGGA-2","male","EN",2.6329497339021,-12.608381167277,1.46027547313288,6.97464940390308
"GATAAAGGTGAGAAAC-2","male","EN",8.70875730531323,-7.61398972593175,5.97708904935434,4.68129751524647
"GATAAAGGTTTGCTGT-2","male","IN-CGE",-3.22901949865711,-9.68530453763829,-2.95692932413504,8.19171140036304
"GATAACGAGAGCCGGA-2","male","IN-MGE",-5.8680587766875,-4.41928614698277,-6.35140073107168,4.02083608946522
"GATAACGAGCGAGTAA-2","male","EN",3.42070927636731,-13.9261664303385,1.82472557021692,7.20616719565113
"GATAACGAGCTAAAGG-2","male","EN",15.4080952646028,-5.48532713971959,0.382073612943437,3.66324493727405
"GATAACGAGGCTACAT-2","male","Oligodendrocytes",-0.572251057456853,2.81285725511683,-1.91413700388357,-2.70116093316357
"GATAACGAGTAGCCAT-2","male","Microglia",-9.24233446104419,11.6489153949179,0.347005130782869,-7.80661919274609
"GATAAGCCAAATTCGT-2","male","EN",1.5716430188905,-10.8390597256266,0.636624412670877,4.90265557608326
"GATAAGCCATAATCGT-2","male","EN",0.443375749308942,-2.16859544835912,0.271862389579561,4.01203725180347
"GATAATCGTATTGTCC-2","male","EN",1.4455329419862,-9.47460164152013,1.21932611061647,4.87265059790333
"GATAATCGTTAGAGGG-2","male","Microglia",-9.42392740232837,9.31634722627772,-0.0317048411218857,-8.06006767907421
"GATAATCGTTGGATCA-2","male","Oligodendrocytes",-0.229133820365788,6.81065140642299,-1.89876568125174,-0.249134923603936
"GATAATCGTTTACCGT-2","male","EN",15.2714547158967,-5.34161223493444,1.0732542444618,3.86732337317188
"GATAGACCAGCATGTC-2","male","Astrocytes",-7.35548982603443,0.709705210999383,-4.60587537096426,-6.70221903481762
"GATAGACCAGCCTTGG-2","male","OPC",11.7590817453157,3.02884946741237,12.6911989469679,-0.507302786496087
"GATCAAGAGCCTGACA-2","male","Microglia",-9.35188589079273,9.71732531465663,0.65968188835695,-7.9600100771455
"GATCAAGAGGACGTAA-2","male","IN-CGE",1.51549675481427,-5.89490784726964,-4.99832427309439,-6.10476162591259
"GATCAAGAGGAGTCGG-2","male","IN-MGE",-2.6750074384917,-3.40783418737279,-7.41161858843252,1.97763666948994
"GATCACTAGCTGTCAG-2","male","IN-MGE",-7.02986965162647,-4.95923031888829,-6.28357350634024,4.08104226431568
"GATCAGGCAAACCCTA-2","male","Pericytes",2.24568250196087,0.303626641408338,2.73444533540323,-2.6850221411256
"GATCAGGCAACTAGAA-2","male","IN-CGE",2.07105078714001,-5.90242041669713,-4.26071965502188,10.7956957562896
"GATCAGGCAAGCTAAA-2","male","Oligodendrocytes",-0.501930391620519,10.0344992724813,-3.06387221620962,-1.49981668153088
"GATCAGGCACACCAAC-2","male","IN-MGE",-6.7506876943816,-4.81844986997472,-6.49774730013296,4.63304803213795
"GATCAGGCACCTGCTC-2","male","Oligodendrocytes",-7.94615278227222,1.95060215868129,-4.03186738298819,-5.66779949822704
"GATCAGGCAGGCCAAA-2","male","Microglia",-9.10443124754322,11.2163983432211,0.722005160585191,-7.94344189324658
"GATCAGGCATAAGGAC-2","male","EN",1.01837780492413,-9.62952221952306,1.30506280256822,4.91456792196949
"GATCAGTTCGTCATTT-2","male","Microglia",-9.03229722959888,12.8761769381918,-0.0536024551241134,-9.19100525536816
"GATCCGTCAAGTCGCT-2","male","IN-CGE",1.31903203742611,-4.88184203229772,-3.90741526888296,9.77914187750538
"GATCCGTCACAACAGG-2","male","IN-MGE",-17.1099081991423,-5.88032998166905,-5.86063039110586,4.40718076071461
"GATCCGTCAGCACGAA-2","male","Oligodendrocytes",-0.465911602805974,6.79043875612391,-2.79999220179007,-1.95603873887341
"GATCCGTCATAGGCGA-2","male","EN",1.43956937806713,-9.51613988004552,1.00131955935076,4.68583819708546
"GATCCGTCATTCCTGT-2","male","EN",2.60415377633679,-2.30688251577245,-0.802237389549467,3.57843158087452
"GATCGAGCAATACTGT-2","male","EN",3.37412967698681,-13.7241200359903,1.43725371553018,7.19783112845142
"GATCGAGCACTTAGGC-2","male","IN-MGE",-6.88738117201221,-4.82636679731236,-6.63065564440176,3.7777726396056
"GATCGAGCAGGCTAAG-2","male","EN",8.26671543138134,-6.71811713300572,6.35387528134897,4.12808582625111
"GATCGAGCATGCTTAG-2","male","Oligodendrocytes",-0.506143009494664,8.2245141116537,-2.43703186319754,-1.37798073449413
"GATCGATTCCCTCTAA-2","male","Oligodendrocytes",-0.166057681869389,9.08198367036952,-3.22462069796011,-1.18393590607922
"GATCGATTCGCCTAAG-2","male","IN-CGE",-3.15105900747669,-9.60407055936681,-2.88343679712698,8.14640424093922
"GATCGATTCTAACTGA-2","male","Oligodendrocytes",-1.01516029817951,0.920229360238447,-2.22311508463309,-1.61566188493053
"GATCGATTCTAATTGG-2","male","EN",3.71195497529614,-13.5938366802775,2.33771980001047,7.46021935782154
"GATCGCTCAAGGTCGA-2","male","Oligodendrocytes",-0.783562040161015,0.148477926627531,-2.11329066561148,-1.69646885552685
"GATCGCTCACCTACTT-2","male","Microglia",-9.18682107908619,13.6038790789999,0.00481224252298129,-8.44470741906445
"GATGACTTCATAGACC-2","male","Oligodendrocytes",-0.754854535888555,10.9473744479574,-1.75976788805411,-2.48379519143383
"GATGACTTCATTACAG-2","male","Microglia",-9.38110074980152,12.3745299426474,0.352164687648561,-7.91118672051708
"GATGACTTCGGTTAGT-2","male","Astrocytes",-7.06849393827808,0.824890702740087,-4.89562451647207,-6.65157940545361
"GATGACTTCTCCTCTT-2","male","OPC",11.6981724740754,3.47856937326564,11.2592397947462,-0.845007325795098
"GATGAGGGTACAATGT-2","male","Astrocytes",-8.29444227201832,0.362525179759397,-4.6900886278002,-5.79047014870922
"GATGAGGGTACCGAAC-2","male","IN-CGE",-2.92309913618457,-9.35790909849034,-2.95388853357718,8.23076913199146
"GATGAGGGTCGCATAA-2","male","Oligodendrocytes",-0.568986809085729,6.23058615602626,-3.19897115038321,-1.71187331834118
"GATGAGGGTGAGGTGA-2","male","EN",6.66400566117871,-13.1187323483072,3.82093942357614,5.99368331274708
"GATGCAGCAAGGTCGA-2","male","IN-MGE",-6.26603612882984,-4.4226068409525,-6.41480052278921,4.56059381804188
"GATGCAGCACATGCTA-2","male","OPC",12.0662774087678,3.30946551241054,11.731099726692,-0.443324591305657
"GATGCAGCAGGCTTGT-2","male","IN-CGE",-1.93950734121692,-17.1757201107584,-2.95974051760123,7.8190688832732
"GATGCAGCATCAGTAT-2","male","EN",7.15226736085522,-10.7580450924479,3.62778914167002,4.85957429251392
"GATGCGACACAACAGG-2","male","Microglia",-9.23608694059742,12.5587540713705,0.283288242355135,-8.18754055657665
"GATGCGACACCTAATG-2","male","Pericytes",2.29165341870892,0.293426081315412,2.80039966298654,-2.71010496773998
"GATGCGACAGAGGCTA-2","male","IN-MGE",-2.41156802160633,-5.69662608228551,-7.81175839708731,1.19867644152363
"GATGCGACATTAAGTC-2","male","Microglia",-9.13414487821949,12.755017384664,-2.08439481066153,-1.57049944558422
"GATGCTTAGAATGACG-2","male","IN-MGE",-17.0845671652068,-5.86711253248082,-5.70477282808706,4.61018559775074
"GATGCTTAGTCTATGA-2","male","Oligodendrocytes",-0.818551039527776,3.34187851823939,-1.34338700579092,-2.91748383202831
"GATGCTTAGTTTGAGC-2","male","Oligodendrocytes",-0.75078759176624,10.2571049777426,-2.78812801645682,-1.42073776879589
"GATGGACAGGAGGGTT-2","male","IN-CGE",-2.05327639562977,-17.2538546475016,-2.98573505686209,7.992016290042
"GATGGACAGTAATCCA-2","male","Oligodendrocytes",-6.81543407423389,-4.57389678083287,-6.95430362032339,4.82335946402271
"GATGGACAGTTAGCCG-2","male","IN-MGE",-5.98621759397876,-4.37875451169835,-6.78520571993277,4.55727336249073
"GATGGCTGTAGGTGTC-2","male","Astrocytes",-6.84366044981373,1.23340515770091,-4.96450888918326,-6.23629810967724
"GATGGCTGTTCCGGGA-2","male","IN-CGE",-1.85371098501575,-17.1097563656412,-2.79712688730643,7.91782662710865
"GATTAAGCATTGTGAT-2","male","EN",7.29061450975048,-7.08190907560216,5.40347922040537,4.0692822679015
"GATTACGGTCTAACCT-2","male","Oligodendrocytes",-0.188774740527989,9.1437502948202,-3.1754926423876,-0.934831406262322
"GATTACGGTGCTTTAC-2","male","EN",6.57982482926953,-11.2524193676554,0.37147724820688,-8.11634018578808
"GATTACGGTGTGTCCC-2","male","EN",1.93814172761547,-11.7660225781046,1.13184130384043,6.10335681280811
"GATTACGGTTTGTGGA-2","male","Astrocytes",-7.74961767179859,2.09353123582972,-5.07405841158316,-6.0561285273103
"GATTACTCAAATTGCT-2","male","Oligodendrocytes",-6.84669790251148,1.38603465236796,-4.42813193605826,-6.22672417321484
"GATTACTCAAGTCGCT-2","male","IN-MGE",-4.05996046049488,-4.83955849729405,-7.16418874071524,2.42495367369373
"GATTACTCACATAACT-2","male","Oligodendrocytes",-0.880868887733342,0.431872680560483,-0.759371040329192,-2.38908364930431
"GATTACTCACCTGTAA-2","male","Oligodendrocytes",-0.683083987068059,5.2807885257162,-1.75670349405691,-2.3537347570924
"GATTACTCACTCGCTC-2","male","Microglia",-9.35843191130054,8.91672526277675,-0.760146973594878,-6.1912603632478
"GATTACTCACTTGTTC-2","male","Oligodendrocytes",-1.12455544454944,1.84332583822383,-1.80102002428457,-0.592476274159356
"GATTACTCAGTGAACG-2","male","IN-CGE",1.14217391030896,-5.59156312070714,-3.9753669481127,10.0799851163359
"GATTACTCAGTTTACG-2","male","Oligodendrocytes",-0.86824581606281,1.27558080829753,-1.56940138147757,-1.94575574555676
"GATTACTCATGCTCCC-2","male","Oligodendrocytes",-0.138278102706792,6.79335318483485,-2.40134537027762,-0.736439134266778
"GATTACTCATTGTGGC-2","male","EN",6.72097244279492,-10.6966494473063,2.4283720274122,5.89975688299854
"GATTAGTGTAATAACC-2","male","EN",5.01518192308056,-9.49475945554601,3.48365462018564,3.38707372984608
"GATTAGTGTAGCTAAT-2","male","OPC",10.5313834192048,3.18560300745143,12.0508619566114,-0.406192447331353
"GATTAGTGTAGCTAGC-2","male","EN",7.40430774705517,-7.16211213193761,5.24948132230356,4.4927634938689
"GATTAGTGTGCTAGAC-2","male","Oligodendrocytes",-0.672982311080815,0.392974689380064,-1.21463668154165,-1.97326352753918
"GATTAGTGTGCTGTAA-2","male","Oligodendrocytes",-0.56590411646259,9.88169299043788,-2.92990243242666,-2.0723946348695
"GATTATGTCATAACCA-2","male","IN-CGE",-2.98040852529895,-9.41422642789708,-2.91211497591421,8.12600800833424
"GATTATGTCCTCCTAA-2","male","IN-CGE",-1.87031064016712,-17.1244219692789,-2.91061270044729,7.88360259375294
"GATTATGTCGGTACGC-2","male","Oligodendrocytes",-0.669215297531011,9.76331721223964,-3.24520957277701,-1.17312719979565
"GATTATGTCTAAGGAG-2","male","Oligodendrocytes",-0.0957581756819505,7.31685076631679,-1.44075786875174,-1.84421303429882
"GATTATGTCTTAGGAC-2","male","Oligodendrocytes",-1.00485620481861,1.74485002435817,-3.60557639406607,-1.48108842530529
"GATTATGTCTTTGACT-2","male","EN",4.14871182458508,-13.296839609965,2.08567559911325,7.90940425238331
"GATTCAATCCACCTTA-2","male","Endothelial",2.63753738420117,13.4288111773886,2.6827392597349,-2.72937348046581
"GATTCAATCCAGGGAG-2","male","IN-MGE",-6.4044848440398,-4.32116831861363,-6.9128030519335,4.33061907133778
"GATTCAATCGAAGCGG-2","male","IN-MGE",-3.63855037672413,-3.7164791973673,-7.78253495500967,1.85098430952747
"GATTCAGGTGGATTGC-2","male","Oligodendrocytes",-0.216950809787633,5.86846505083217,-3.19575917528555,-0.558264042523308
"GATTCATCAGAAATGC-2","male","Oligodendrocytes",-0.056926405261876,8.98058043398036,-3.13497888849661,-0.430044318821831
"GATTCCTGTTGGTGAC-2","male","EN",5.08272447602856,-12.9665936382853,2.49303293420389,6.81820390066822
"GATTCGCCAGTTAAAG-2","male","EN",8.54764165895092,-6.83206690870152,6.65573322965219,4.04672763189991
"GATTGATGTAGCCTCC-2","male","Oligodendrocytes",-0.0731640218008775,9.26729880251063,-2.77391993807242,-0.767601753857537
"GATTGATGTAGGTTGC-2","male","Microglia",-9.36909494383228,8.74464808382167,0.488690527215746,-8.03252747216503
"GATTGATGTGCTTAGA-2","male","Oligodendrocytes",-0.892658805679204,0.191055431739225,-2.95900761888907,-1.86185600915234
"GATTGCAGTAACAGGG-2","male","EN",3.80122723596203,-13.1121100338541,2.453077079788,7.57611272177418
"GATTGCAGTACCGTAA-2","male","EN",7.06570186631787,-10.6832398327433,1.44217080070093,3.24063608488758
"GATTGCAGTCATTGAG-2","male","EN",8.5581559182893,-7.00684870801793,6.03979122830942,3.681802485797
"GATTGCAGTTCCTCCT-2","male","Oligodendrocytes",-0.784588193725469,0.757510751263036,-1.45615064905569,-3.00806882539074
"GATTGCGTCACGCCAA-2","male","Oligodendrocytes",-0.705918407272222,3.59413515009059,-2.46763098047659,-1.11199023881237
"GATTGCGTCTCCATAT-2","male","EN",0.487158613074897,-2.06142677389012,0.7072891761215,4.25699279150684
"GATTGCGTCTTAAGTG-2","male","EN",2.4773727895509,-2.15490545354711,-0.866479871734831,3.43803236326893
"GATTGCGTCTTGAGGT-2","male","Pericytes",2.18298294561016,0.407716333643331,2.68723178102091,-2.66706350007336
"GATTGGCGTTTGGGTA-2","male","Oligodendrocytes",-0.594303881954076,6.64499913133754,-2.06129109667227,-1.32095291772167
"GATTGGTTCGGCTAGC-2","male","EN",1.13294985311138,-10.7720879467569,0.797937842145708,5.4335536702605
"GATTGGTTCGTGCCTT-2","male","EN",1.20397450940716,-11.0241087826334,0.701004715696123,5.23316857657154
"GATTGGTTCTGTAAGC-2","male","Microglia",-9.18364343626392,10.5664177981771,-0.334705827697966,-8.27696087518017
"GATTGTTCACCTCGCT-2","male","EN",7.0796402932893,-10.8976477535807,3.58662116719797,4.78440806708057
"GATTTGCAGACAGGTA-2","male","Oligodendrocytes",-0.434617733787419,7.36548434175624,-1.81578028009817,-2.79096391358654
"GATTTGCAGCTGAGGG-2","male","Oligodendrocytes",-0.585494851898076,10.405423268453,1.94504690362528,6.07597014746387
"GATTTGCAGTGGACAA-2","male","EN",0.893503987957118,-9.65401829801427,0.91598860366657,5.28014848074634
"GCAAACAAGCCACAAT-2","male","Microglia",-9.40497598631275,13.3654843417562,0.485240133538988,-8.46185448327343
"GCAAACAAGCTGGCTA-2","male","Microglia",-9.07874593717945,10.809418782369,0.217645110622194,-7.80973198571484
"GCAAACAAGTCATTAG-2","male","OPC",11.2453459741365,3.24007426180018,12.2651458997877,-0.414451266911431
"GCAAACCGTATTCGTC-2","male","Astrocytes",-7.29254302961719,0.609894117117657,-4.57792889879629,-7.1627950922517
"GCAAACCGTCGCATAA-2","male","Microglia",-9.1305647848357,10.3614274112142,0.344484807983186,-8.22978832879345
"GCAAACCGTGCTAGAC-2","male","EN",3.82705488221752,-13.7354697140299,2.33073699666574,7.34963557562549
"GCAAACTTCCCAGTAG-2","male","EN",6.36430635469067,-13.2105168255411,3.83148634625986,6.22277448019703
"GCAAACTTCGAGGAGT-2","male","OPC",11.4799174310456,3.42191539682521,12.4562040586622,-0.891029264119072
"GCAAACTTCGCAATCG-2","male","Oligodendrocytes",8.70497503297436,-7.83340062223302,-1.77964675234244,-5.11763861336987
"GCAACAGCAATATAGG-2","male","EN",0.0110202373753768,-1.72990931592809,0.148538472190645,3.50504991850574
"GCAACAGCACAAGCCT-2","male","EN",2.34526088254559,-2.32575763784276,-0.865407703384611,3.72594568571766
"GCAACAGCACGAATCC-2","male","EN",7.60297050492871,-9.04469575010167,5.21191656781748,4.79090926489551
"GCAACAGCAGCTCATA-2","male","EN",4.0389760972749,-13.3892315777384,2.62924301816538,6.80967709860523
"GCAACAGCAGGCATCT-2","male","Astrocytes",-7.75509748442066,0.511520176903142,-5.03792321489737,-6.37470200219433
"GCAACAGCATCCTGAA-2","male","Microglia",2.06862928884137,4.40459142603053,-3.19193970964834,-6.48581745782177
"GCAAGCCTCCGCAACA-2","male","Pericytes",2.36433162706005,0.471718102470769,2.77471602155283,-2.67471816697399
"GCAAGCCTCGTCCTTA-2","male","Oligodendrocytes",-0.568805610965611,9.48775874055995,-2.65417134569571,-1.39220645585339
"GCAAGTCGTAACCAGC-2","male","IN-MGE",-7.1972356794585,-5.47263325773107,-6.55910384462759,4.52441427550037
"GCAAGTCGTGCTGTAA-2","male","Oligodendrocytes",-6.86440668089283,1.21290837206019,-2.29028951929495,-3.49816944756786
"GCAAGTCGTTAGTTGG-2","male","OPC",11.2510155679475,3.28535281099452,12.1845566053541,-0.366884256985589
"GCAAGTGCAAAGCTAA-2","male","Microglia",-9.36069307310474,9.61547861971034,0.406070711150911,-8.33391525903027
"GCAAGTGCAAGGTACG-2","male","OPC",9.36244859712231,2.50115810312404,12.7486940641554,-0.151212419655724
"GCAAGTGCAATGAATG-2","male","EN",0.526966670323489,-9.51862515531407,1.07146844460085,5.55029198965748
"GCAAGTGCAATTAGGA-2","male","Endothelial",2.77640762345898,13.2575045672811,2.31365370942667,-2.22515633263866
"GCAAGTGCACGTAATT-2","male","Oligodendrocytes",-0.256861603092076,7.29710589326991,-3.121834156975,-0.745843793538018
"GCAAGTGCAGCAATAA-2","male","EN",0.0472215952168685,-1.67593993268834,0.483746083513048,4.61883327803333
"GCAAGTGCAGCAGGTA-2","male","Oligodendrocytes",-0.829069471191289,5.20224247850551,-1.65838753984854,-1.87190582909863
"GCAAGTGCATGCTTAG-2","male","Microglia",2.15669229047406,4.40790925897731,-1.55917632387564,-5.5200367228059
"GCAAGTGCATGTCAAT-2","male","EN",-0.133933758567693,-1.43139661870824,3.68194925977304,5.88930747351368
"GCAAGTGCATTAAGCT-2","male","EN",6.50332822816479,-11.033372774943,1.29367971612528,2.78426191649158
"GCAATAGAGCCTCTGT-2","male","EN",7.19940223710644,-10.6464756878458,3.50232303334787,4.60164735159595
"GCAATAGAGGACAACA-2","male","Oligodendrocytes",-0.900604700874211,1.03131629504336,-1.5109475831835,-2.73968866029064
"GCAATATGTAATGGCC-2","male","Oligodendrocytes",-6.88778409941089,0.899014785663023,-2.41159736917898,-0.28607859769146
"GCAATATGTGCCGCAA-2","male","EN",1.26507666127789,-10.1715296658121,1.05722019268587,5.01695201239307
"GCAATCTAGCAAGATG-2","male","Oligodendrocytes",-0.041349059175374,9.03757010378016,-2.05073630617544,-0.897979523327752
"GCAATCTAGGACAACA-2","male","IN-MGE",-5.63237438185108,-4.41018570981847,-6.88372456835196,3.82962772688587
"GCAATCTAGGCAACAA-2","male","EN",1.48825469033825,-11.3778542431437,1.00602726830557,-8.53713181176464
"GCAATCTAGGCTTAAC-2","male","EN",0.266590753365634,-1.89579452596532,1.31791553093508,5.57081172308643
"GCAATGAAGAGCAAGC-2","male","EN",8.05981388108837,-6.68653143964635,6.20725405408457,4.67773220381458
"GCAATGAAGTAGGATG-2","male","Oligodendrocytes",-0.0740155933607835,8.54621420778407,-1.79390036867544,-1.70157148995678
"GCAATGTTCAAATCGC-2","male","Astrocytes",-6.91658077223194,1.10394148506297,-4.82648408220694,-6.02792694726269
"GCACATTAGACTTATG-2","male","EN",7.41966762559521,-6.96325100980626,5.67878210736826,4.24629995665272
"GCACATTAGCCTGAGC-2","male","Microglia",-9.37517366392505,12.0992280093588,0.698656665221002,-8.27389004388134
"GCACATTAGGCTCATG-2","male","Oligodendrocytes",-0.142069971393468,6.66972886003627,-2.27146684931204,-2.47198012032787
"GCACCTAAGCCGCTAA-2","male","IN-MGE",-6.69395313246143,-4.33503665052281,-6.94123780535147,4.59338042578419
"GCACCTAAGTCCTTTG-2","male","IN-MGE",-2.33357939703357,-5.67423190198766,-7.6605476121752,1.22532812199314
"GCACGAACACAGGGAC-2","male","Oligodendrocytes",-0.923240160774114,0.998851910010709,-2.10236084268973,-1.99702336945812
"GCACGAACACCCACAG-2","male","EN",5.9754446985017,-12.7645672710978,3.49499476148203,6.21809336981495
"GCACGAACACGTAATT-2","male","Pericytes",1.82724478261578,0.290359243527784,2.68696725560739,-2.64778902688305
"GCACGAACAGTACCGT-2","male","EN",2.9838322641145,-12.0126694592081,2.06438374711588,6.98886105856617
"GCACGAACATCACAGC-2","male","Astrocytes",-7.27323541624439,1.73799632467402,-4.80863892839834,-5.87770941415112
"GCACGCTAGCATGCAT-2","male","EN",7.69791355149853,-8.84511746488439,5.2296153326185,4.31325576147755
"GCACGCTAGGACACTT-2","male","EN",7.68244209306347,-8.8767632397257,5.46413767530039,4.81067321142872
"GCACGCTAGGCGCATC-2","male","EN",7.04504623429882,-10.8796090038859,0.212858678832796,3.25121304831226
"GCACGGTTCATGGTTA-2","male","OPC",10.0157202722322,2.7812300769247,11.9464613218458,0.0415813668700022
"GCACGGTTCGACAAAG-2","male","Microglia",-9.11513528807056,13.4248572436727,0.585426094070223,-7.51234104790966
"GCACTAAGTACTTCAC-2","male","Oligodendrocytes",-0.938004469703557,1.19145916380061,-1.68109333322928,-2.23363020577709
"GCACTAAGTCAATAGT-2","male","Microglia",-9.89479646665943,8.31165371812953,2.1033558864744,-2.13317682900707
"GCACTTACAAGGACCA-2","male","EN",7.67726316468823,-8.07933796964513,4.84692967130258,4.81526229223926
"GCACTTACACCGGTAT-2","male","IN-CGE",-3.2124203203429,-9.65509213529454,-2.91089188860342,8.35391805014332
"GCACTTACATGAATAG-2","male","EN",8.14044990556347,-6.84154690824376,6.4606419820936,4.15170833906849
"GCAGCCAGTAACCTAG-2","male","OPC",9.23312177674877,2.26876877226008,11.2917915601881,0.277681474301414
"GCAGCCAGTACCGTAA-2","male","Endothelial",2.56661858575451,13.5768118945516,2.77264869405344,-2.53941776910107
"GCAGCCAGTCAAGTGC-2","male","OPC",11.5507058145295,3.6293243018545,12.9805313367994,-0.321762348797722
"GCAGCCAGTCCGCTGT-2","male","IN-CGE",-1.99496612532032,-17.2252425106608,-2.98118006990835,8.08537051520069
"GCAGCCAGTCCGTGAG-2","male","EN",13.7134245874177,-12.1008500012003,3.23641288472727,2.91860267958363
"GCAGCCAGTTACGCAA-2","male","Oligodendrocytes",-0.582529222797276,7.86919556535853,-2.42103731439993,-2.74549653687756
"GCAGCCAGTTAGCTGA-2","male","OPC",11.7275113107454,3.37518702425136,12.4374042768629,-0.573825861599846
"GCAGCCAGTTCGCTTG-2","male","Microglia",-9.82330331785572,8.41269360460414,1.82366222335413,-1.79195621171276
"GCAGCTATCCACAATA-2","male","IN-MGE",-6.92623624784839,-4.74663342557775,-6.32005250261709,4.40626618704517
"GCAGCTATCCGCCTCA-2","male","Microglia",-9.08833513243091,13.3460007754721,0.441215397849825,-7.45974400201122
"GCAGCTATCCTAATAG-2","male","EN",7.4338096620332,-10.0891741665445,4.39612758351877,4.79334018072803
"GCAGGACCAAACATAG-2","male","IN-MGE",-2.72585568411243,-3.74907006345616,-7.09010350511954,2.33930036864002
"GCAGGACCAATATAGG-2","male","OPC",11.629121685196,3.53097616113795,12.6796137113722,-0.63994445958416
"GCAGGACCACAATGCC-2","male","OPC",12.3299311639558,3.03015433229579,12.9827667493971,-0.681081439640923
"GCAGGATAGCTGTCAG-2","male","Oligodendrocytes",-8.32327852232349,0.476635508016481,-3.1960209588854,-4.80640127816479
"GCAGGATAGCTTACTT-2","male","Oligodendrocytes",-0.407244300674321,9.81380663789882,-2.50123750971243,-0.584048296597405
"GCAGGATAGGAACCGG-2","male","IN-MGE",-2.99867043478382,-5.47253121457921,-7.45177495287344,1.07250512084682
"GCAGGATAGGCTCATG-2","male","Astrocytes",-7.97747049314869,0.22418697156085,-4.893225071892,-5.51202585854809
"GCAGGATAGGTTACAC-2","male","IN-CGE",-2.81423220617664,-9.15039338193761,-4.73334729479239,-5.56764748254101
"GCAGGCAAGACTCGCA-2","male","Microglia",-9.19861421568287,8.78037939943446,-0.882421372398589,-6.03254988351147
"GCAGGCAAGCCACAAT-2","male","EN",1.88232162015545,-10.7499560268961,0.938270600572374,4.61538574537952
"GCAGGCAAGCGCATTG-2","male","EN",2.78334774987805,-13.5049933346354,2.08227908803537,7.76925608954151
"GCAGGCAAGCTTCCCG-2","male","Microglia",-7.9998684881438,2.0685584393896,-0.738123534187529,-8.31839611687939
"GCAGGCAAGGCTACAT-2","male","IN-CGE",-3.20753035528553,-9.67637242399083,-2.72850191400931,7.94276473364551
"GCAGGCAAGGCTACTG-2","male","EN",1.21320601718533,-9.60243214689122,1.07091452373579,4.99454924902637
"GCAGGCAAGTTGCCTC-2","male","Oligodendrocytes",-0.590311860870244,10.0097552386679,-2.4934378843157,-1.67011501946728
"GCAGGCTTCCTAGTCC-2","male","Oligodendrocytes",-0.724262332748296,1.27678255714549,-1.63721406267569,-2.28416230836193
"GCAGGTGAGGACCTCA-2","male","Microglia",-9.22731122953785,8.48152790941371,-0.0745527725069259,-7.51491596856396
"GCAGGTGAGTAACCAC-2","male","IN-MGE",-4.02662525160206,-6.51755465589391,-6.59922301577017,0.439813379857139
"GCAGGTTGTATTTGGG-2","male","Oligodendrocytes",-7.2585469244231,-0.313160971029864,-3.62894570635245,-4.94037821450512
"GCATATATCATTTAGG-2","male","Oligodendrocytes",-0.935264682601811,3.36406694330348,-2.8986908178179,-0.139213468220635
"GCATATATCCTTAGTT-2","male","Astrocytes",-8.44733438475025,1.42780570663585,-4.93261277483389,-5.56683590569775
"GCATATATCGCTCACT-2","male","EN",3.18296279924023,-13.3882893475138,1.92357337667063,7.7278823598357
"GCATATATCTGGTCCT-2","male","EN",7.81020393388378,-7.58835305295812,5.67842638684824,4.75602671942432
"GCATCCTTCCGGTTAG-2","male","IN-MGE",-5.96608791334522,-4.39505471311437,-6.83132874773428,4.20002362570484
"GCATCCTTCCTAGTTT-2","male","IN-MGE",-3.75700054151905,-5.23461140714513,-6.84730088518545,1.15557498178204
"GCATGAAAGACTTACA-2","male","EN",2.38002302663433,0.449323802963628,3.81688845349863,6.24095103583057
"GCATGAAAGCAGGCCT-2","male","Astrocytes",-8.14167985899341,0.169521257058515,-4.58227622316763,-7.36327889123242
"GCATGAAAGGGTTATC-2","male","EN",1.00609096305477,-2.38689531408177,1.02344052685812,4.72024056753834
"GCATGAAAGTAAGTGG-2","male","Astrocytes",-7.29538927061451,1.00845159567965,-4.60841309832022,-6.11613896050732
"GCATGAAAGTATTGCA-2","male","EN",15.1202534677278,-5.33991755567418,0.651404278412607,3.5463626130553
"GCATGAGCAAATTCGT-2","male","Oligodendrocytes",-0.710120534728887,4.18385182298793,-1.76436745928213,-2.14336779275219
"GCATGAGCACAACAGG-2","male","EN",6.39232101457226,-11.800742998942,3.52430188848093,5.69088265738209
"GCATTAGGTCCAAATG-2","male","EN",8.33219614045727,-6.76695908628331,6.49508297635629,4.21732256254871
"GCCAACATCACGCCAA-2","male","Microglia",-9.15541563017261,13.6354437915243,-0.850004075035307,-6.11034920373242
"GCCAACATCAGCACGC-2","male","EN",6.57573785798657,-13.2158869656168,3.21322667790964,5.55771348318775
"GCCAACATCCCTCAAC-2","male","Oligodendrocytes",-0.818156337570073,8.41562567628993,-3.19996583269522,-0.49362471261303
"GCCAACATCCTCAGTC-2","male","OPC",11.9774664880525,3.8947542754568,12.9269405622633,-0.159322942879601
"GCCAATAGTCATTGTC-2","male","Astrocytes",-8.16148481352222,2.04184256471766,-5.27454221056387,-5.80820515313427
"GCCAATAGTCCCGAAG-2","male","Astrocytes",-8.89904031736744,0.118025466576948,-4.95950829790518,-6.62098791756909
"GCCAATAGTGGAAGGC-2","male","EN",-0.369178986381413,-0.95630945287572,0.378382148280885,2.75428173384388
"GCCAATAGTTATAGCG-2","male","EN",3.24654426591503,-13.2300700100504,2.04358947469309,7.43627259573658
"GCCAATTAGCCGCTAA-2","male","EN",7.5926345826875,-9.12419213376866,4.75772321416452,4.58805630049427
"GCCAATTAGGGACGCA-2","male","Oligodendrocytes",-0.34213200790775,-0.73718263231145,-1.87677657411978,-2.98420717873852
"GCCAATTAGGGCTTTG-2","male","Oligodendrocytes",-1.00666532499683,2.51925586141719,-2.82210886286185,-1.96795632996838
"GCCACAATCAATCTCT-2","male","Microglia",-9.33175382597339,11.0525761691488,-0.302629230484221,-6.85636427560131
"GCCACAATCACTTTAC-2","male","Microglia",-8.98847208006275,13.7046509829916,-0.881351111397002,-6.01025440850536
"GCCACAATCGCATCCT-2","male","IN-MGE",-2.50717482550037,-5.41861332975255,-7.49914872454092,1.20019039950092
"GCCACAATCTGTGCCT-2","male","Microglia",2.19006707685101,4.15710674204005,-3.24238765047476,-6.02787163415234
"GCCACAATCTGTTCAT-2","male","VSMC",-0.0279871581305284,0.27056969679965,3.00239741994455,-2.79480817475597
"GCCACACAGCGGATAA-2","male","Oligodendrocytes",-0.69295809252155,10.5178071109213,-3.65038096712515,-1.55139925637524
"GCCACACAGGTTTGAC-2","male","Microglia",-9.34433565122974,12.9580908862509,0.51691478683069,-7.70785191216747
"GCCACTAAGAGCCGCT-2","male","IN-MGE",-6.85946331007374,-4.93470133863317,-6.79636561678335,4.49329540571888
"GCCACTAAGCCGGTAC-2","male","Oligodendrocytes",0.0200233401547652,7.90342722810878,-2.52660667704031,-0.709600712445183
"GCCACTAAGTGCACGC-2","male","Microglia",-9.35689554197681,9.78456221498622,-0.193068502411101,-8.0118375078706
"GCCAGGAAGAACCTGT-2","male","Oligodendrocytes",-0.533958589862706,2.58847819246425,-2.18781792925284,-0.800017024662896
"GCCAGGAAGGACGTAA-2","male","EN",8.52154245393383,-7.2213939579569,5.53137123776987,3.85515615782459
"GCCAGGAAGGTAAGGC-2","male","IN-MGE",-2.06410632116687,-2.68355788312779,-7.15174615190909,2.02944443068226
"GCCAGGTTCAGCACCA-2","male","EN",1.45949103849041,-9.5494698437296,1.23529914213732,5.18342921576221
"GCCAGGTTCTATTGTC-2","male","EN",4.01780595796215,-13.1897896679484,2.37570202542856,6.90037009558399
"GCCAGGTTCTCACATT-2","male","IN-CGE",1.34773155467617,-5.52445353589879,-4.26196610735342,10.3061184628936
"GCCAGGTTCTCGCCTG-2","male","EN",2.98830142037976,-12.2650679501139,1.75776130153253,6.12966153464039
"GCCATGATCACTTCAT-2","male","IN-CGE",0.769525075126765,-3.8499864491068,-2.94975626276419,8.15641019186695
"GCCATGATCTGGCTTC-2","male","Oligodendrocytes",-1.0435423610915,1.07773677982463,-2.32378804491446,-1.45787527718823
"GCCATTACAACACTTG-2","male","EN",7.1581839563142,-10.4791649731241,3.6025606413038,4.63775989851673
"GCCCAAATCGTAACGT-2","male","EN",6.76082983033764,-11.5728396328531,2.9004863519819,4.67350432715137
"GCCCATAAGCGCATTG-2","male","Oligodendrocytes",-0.699264740775945,7.91375170625819,-3.26400363253042,-0.708036567356988
"GCCCATAAGCGGCTGT-2","male","Oligodendrocytes",-0.440131401847722,5.18451796449794,-3.18361985491202,-1.93668582597057
"GCCCATAAGCTGCACA-2","male","Microglia",-8.91995439512623,12.5136595813192,0.281327964797762,-9.13242008843701
"GCCCATAAGGAAACTG-2","male","IN-MGE",-2.30627164823902,-5.58203114591466,-7.2424510698168,1.56324407896717
"GCCCATAAGTCGCTAG-2","male","EN",7.09783496873486,-10.2596014889322,3.84532153798654,4.85789391836841
"GCCCGTTGTAGACAAA-2","male","Microglia",-9.30022821409595,13.275971516744,-0.0298298578111862,-8.40483143487255
"GCCCGTTGTGAGCAAG-2","male","Oligodendrocytes",-0.355256473850133,4.96575413622035,-2.90791308687613,-0.901743079808159
"GCCCGTTGTGCTAGAC-2","male","IN-CGE",-2.93447217924488,-9.36685742460118,-3.04942500399039,8.1305398686858
"GCCCTCATCGCAGGCT-2","male","EN",7.6757039071809,-7.05976237378942,5.7200676221998,4.61660811743458
"GCCCTCATCGTTATCT-2","male","EN",13.7233504297029,-12.0813664349161,3.2273017187269,2.96338150343616
"GCCTAATAGACAACAG-2","male","EN",2.78062453286755,-13.5078019054972,1.92265999509409,7.6312985166045
"GCCTAATAGACACTTA-2","male","EN",4.68740835206616,-9.52706994138585,2.94827759458139,3.63317963919361
"GCCTAATAGCCTAATA-2","male","IN-MGE",-4.08808288557422,-6.69982947431432,-7.71572625444815,0.664326709422664
"GCCTAATAGGCGGATG-2","male","Oligodendrocytes",-8.91645250303638,-0.0276771935068231,-3.10565650270865,-4.79584458031933
"GCCTAATAGGTGAGAC-2","male","IN-MGE",-2.57377967817676,-5.70816172681676,-7.71819436357901,1.41167614302357
"GCCTACTTCCTGATTT-2","male","OPC",11.6427763940583,3.52954421915187,13.1473213453443,-0.401444102909966
"GCCTACTTCGCAGGCT-2","male","IN-CGE",2.09243562238324,-4.89137353025304,-4.29584538744375,10.2777781232329
"GCCTATTGTAGCCTCC-2","male","EN",14.3046845437776,-5.18066109739171,0.219797791972902,3.07837507567127
"GCCTATTGTGCTCCGT-2","male","EN",1.51818540113079,-11.0945023449503,-6.246496556267,0.614414301428394
"GCCTCAAAGATGCCTG-2","male","Endothelial",2.59685697572338,13.5370951739706,3.06555831624582,-2.08564069428722
"GCCTCGACAACATAAG-2","male","OPC",9.06101217286694,2.18359731115474,11.0854307432325,-0.469609882023736
"GCCTCGACACTGGCCA-2","male","IN-MGE",-4.86263570768726,-6.45304478727208,-6.65770089434073,1.6938327296706
"GCCTCGACAGTTTACG-2","male","IN-MGE",-3.72442255003345,-3.84875191770421,-7.63358819292471,1.99451122126301
"GCCTCGACATGAATCT-2","male","Microglia",-9.25844964964283,11.2684641925253,-0.391101954445097,-8.66322853722851
"GCCTGACAGACAAACG-2","male","IN-MGE",-3.70380744917286,-3.77951945386754,-7.21650445269034,1.70228335699757
"GCCTGACAGCTCAAAC-2","male","EN",8.20190944688427,-7.32439173780309,5.93460476590708,4.64214370093067
"GCCTGACAGTAATCCA-2","male","IN-CGE",0.742944771219371,-2.42609585843907,0.0065461416394974,4.44411465964039
"GCCTGACAGTAGAGGC-2","male","IN-CGE",0.841478312183497,-3.75851191602574,-3.46677434252188,9.59700629553516
"GCCTGAGGTACTTAGG-2","male","EN",3.68901290910351,-14.2062148006998,1.52267289353922,7.08111522040089
"GCCTGAGGTTCACTGT-2","male","IN-MGE",-6.93104848844898,-6.01806487165319,-6.52254664705679,4.2951705201598
"GCCTGCTGTTTATCTG-2","male","EN",4.90366258638012,-9.920203104838,3.02094781591013,3.76438996634205
"GCCTGCTGTTTATGGG-2","male","Microglia",-9.29516897184742,9.60602389253749,-0.0788770298807357,-7.9749083773164
"GCCTGTGCACAGAACG-2","male","Oligodendrocytes",-0.690830445121648,5.23452769197597,-2.0878576021044,-0.265603329327508
"GCCTGTGCAGGTTTGC-2","male","IN-MGE",-2.46609172804248,-5.56751956067906,-7.33924233721182,1.04496562919338
"GCCTTAACAAGCTTTG-2","male","IN-MGE",-3.47763810140979,-6.37840928159581,-6.88582455919668,0.836413581583099
"GCCTTAACACCGGCTA-2","male","EN",7.96427574174511,-7.05681695066319,5.59877598477915,4.33918044409473
"GCCTTAACACCTGCCT-2","male","EN",2.77591791169751,-13.579850092753,1.68900269462183,7.73173663458546
"GCCTTAACAGCGCTTG-2","male","IN-CGE",2.09698309915173,-5.93748559079991,-4.19811188982413,10.8908476575347
"GCCTTAACAGGCTGTT-2","male","Microglia",-9.36870965940845,9.66544924654139,0.160369040504243,-7.69408753075878
"GCCTTAACAGTTTGTG-2","male","EN",4.92223157899487,-9.12528981290685,2.45927953912332,3.88918230375965
"GCCTTAACATTAGCGC-2","male","EN",2.87558236138928,-12.5463131817423,1.8070917744787,7.56479213080128
"GCCTTACTCCGCACAA-2","male","EN",3.67028441445935,-13.3973816784464,1.85013544751718,7.53123900732716
"GCCTTACTCTTGACCC-2","male","Oligodendrocytes",-1.05171165449512,3.49665485300197,-2.27970373438284,-2.1164632097749
"GCCTTAGAGCCGCAGT-2","male","EN",1.26424720304119,-9.63104809842931,1.29249274922922,4.74430129370411
"GCCTTAGAGCGCTAAT-2","male","IN-CGE",-3.01903328878772,-9.46523655973302,-2.8931862096636,8.21311614355762
"GCCTTAGAGGAACCAA-2","male","Oligodendrocytes",-1.01186201555622,2.35861276067866,-2.70701110170767,-2.31555273690502
"GCCTTAGAGGAGTCGG-2","male","Microglia",-9.23506555540455,11.0689555255331,0.585779519811418,-8.57152512231152
"GCCTTAGAGTTATGTG-2","male","IN-MGE",-17.143939113449,-5.94590367399083,-2.37152969644949,-1.12724926629345
"GCCTTGCGTGGATTAT-2","male","EN",1.27223726527798,-9.85899819455968,1.11652615858629,4.90621707281788
"GCCTTTATCGAAGCGG-2","male","IN-MGE",-6.43720159513843,-4.56571568570958,-6.87317263887808,4.07397696814258
"GCCTTTGGTTGGGTTA-2","male","EN",2.86954345719921,-13.4956339748942,2.09832418157175,7.32696101507862
"GCGAAGCCAACTAGCC-2","male","EN",5.53778305070507,-9.67578305326329,3.34151900006845,3.39580008825977
"GCGAAGCCATCCCTCA-2","male","Oligodendrocytes",-0.853234863113286,2.62788711465968,-2.03079926775381,-2.57366755166332
"GCGAAGCCATGTCAGC-2","male","Astrocytes",-6.65805492384327,1.32403008617534,-4.48490083025381,-6.42758753457348
"GCGAAGTAGCGAGCGA-2","male","EN",1.59833493249523,-9.41961087308751,1.37826878024652,4.02254125914295
"GCGAAGTAGTCACCAG-2","male","IN-MGE",-2.98127017004383,-4.67861975751744,-4.49170768068716,-5.73763706841747
"GCGAGTGAGCACTAAC-2","male","OPC",11.2193917276155,3.71108828462733,12.1106592435987,-0.640254046109124
"GCGAGTGAGGGTTAGA-2","male","Microglia",2.20389118211377,4.13356862939967,-0.71539151476309,-8.14604904809277
"GCGATATTCAAACTCA-2","male","Oligodendrocytes",-0.676819062065007,3.5358356086172,-2.12129890726492,-2.56573846497814
"GCGATATTCATTTGTC-2","male","EN",3.52656331079113,-13.2441719921671,1.86333000852182,7.25549838385303
"GCGATATTCGCCTGTT-2","male","OPC",10.5968321801912,3.2690218535818,12.3317648191602,-1.02801146664898
"GCGATTAGTCACCAAA-2","male","Oligodendrocytes",-0.173403656314732,9.36918936647548,-2.6001912336199,-2.4214108244447
"GCGATTAGTTTCCACG-2","male","Microglia",-8.96071348173511,12.7375794497885,0.54166796995714,-8.67029335656445
"GCGATTTAGACAAGTG-2","male","Microglia",-9.05797491056812,12.203895672933,-0.382226703628752,-8.04103329339306
"GCGATTTAGGAGGTTA-2","male","EN",2.25858047025311,-11.5984858425699,1.81726664496973,5.45535037359913
"GCGATTTAGGCGAATA-2","male","EN",4.59980335252392,-10.0708435925089,2.16207921697214,4.06211254439075
"GCGATTTAGTGAGGTA-2","male","Microglia",-7.67560014707935,13.4136401263632,-1.24296605394766,-5.37010195412914
"GCGCAAACAACTCGCG-2","male","Oligodendrocytes",-0.545837974380376,10.499230488912,-1.72973501490042,-1.92319586434643
"GCGCAAACAGTAAAGC-2","male","EN",2.01751890199292,-11.7667693050943,-1.42486512468741,-5.07677414574902
"GCGCAATGTTTATCTG-2","male","IN-MGE",-1.70664868338001,-2.28371347509252,-7.10141837404654,2.32188174566944
"GCGCCTTGTAACTACG-2","male","Oligodendrocytes",-0.516804253887059,3.41504250444545,-1.55316936777518,-2.48888590493481
"GCGCCTTGTATCTGGA-2","male","IN-CGE",-3.1079395769347,-9.55566777311193,-2.17078006075308,-2.09650828995983
"GCGCCTTGTATTGAGT-2","male","EN",3.94481363313305,-13.7186316402994,2.39435804082468,7.55119941076954
"GCGCCTTGTCATCATC-2","male","EN",14.7371081353914,-5.47729624830113,0.151386262908723,3.12812564215382
"GCGCGATTCTCCATGC-2","male","Oligodendrocytes",-0.174616253208043,8.09899912752284,-2.28812277124808,-0.840325380947991
"GCGCTAGGTGGAAACG-2","male","Microglia",2.17489674108136,4.37544904626979,-0.145594892963621,-7.61669209161083
"GCGCTAGGTTCCTCCT-2","male","Microglia",2.11509850041973,-4.83037890516149,0.204401852622774,-8.58418038049023
"GCGCTTAAGCAAGATG-2","male","Microglia",-9.22874364836109,9.93199644960536,-0.0209183673708175,-8.15788796105663
"GCGCTTAAGCAGCTAT-2","male","Microglia",-9.24559984190357,12.0254708377279,0.817399198249128,-8.6409821764497
"GCGCTTAAGCATTATG-2","male","EN",1.46275808827984,-10.9863690289103,12.3414293546827,-1.06695749917309
"GCGCTTAAGCGTGCGT-2","male","EN",3.28877797143566,-13.6800612362467,1.96686876012399,7.58970544180591
"GCGCTTAAGGGACCTC-2","male","EN",2.4151476861726,-11.7259005459391,-4.25768887804434,10.5305218442412
"GCGCTTAAGGGACTAA-2","male","IN-MGE",-5.63687143309009,-4.38362731061803,-7.08681809709952,2.60549089750965
"GCGCTTAAGTTGGCCA-2","male","Oligodendrocytes",-0.748407816718938,11.0017710772909,-2.0353251676409,-2.66018893876354
"GCGCTTGCAATCCTAG-2","male","Microglia",-9.19742116911304,10.6018124667562,0.431379022136476,-8.55274346032421
"GCGCTTGCACCTACTT-2","male","Microglia",11.6302861215364,3.34630976595057,0.811866888836172,-7.49465897240917
"GCGCTTGCAGGCTAGA-2","male","IN-CGE",0.850291156936763,-3.85699452482091,-3.71085345552847,9.37840220770557
"GCGCTTGCAGGTTAAA-2","male","Oligodendrocytes",0.150045612622378,7.19047938264979,-2.33264028833792,-0.210439826634331
"GCGCTTGCATCCCTCA-2","male","IN-MGE",-6.68061027510059,-4.4128526600443,-6.5426858644335,4.44913861593922
"GCGGAACCACTTCATC-2","male","EN",1.54665758626568,-10.0919875057779,1.01819895400121,5.25419328055103
"GCGGAACCAGTAAGTA-2","male","Oligodendrocytes",-0.73286983950031,10.6939107028402,-2.01220810221121,-0.758871580746575
"GCGGAACCATCAATCG-2","male","IN-MGE",-3.88932905180347,-4.91925133787023,-7.17483937548086,2.11633691630085
"GCGGAACCATGAAGTA-2","male","OPC",11.6890934945832,4.05762015260829,12.397826792732,-0.518063093808098
"GCGGATACAAAGCGCA-2","male","OPC",10.0191143991243,3.03334031976832,12.2915235777052,-0.375390555050774
"GCGGATACACTGACTA-2","male","EN",1.39459159391033,-10.9088381680094,0.928812773957994,5.37989137015064
"GCGGATACAGCATTAT-2","male","EN",3.45861258523571,-13.4183243664347,2.72249019338205,6.75464389166553
"GCGGATACAGGATAAC-2","male","Oligodendrocytes",-0.278690671752812,9.45799837984218,-1.78657734201834,-0.423857118275567
"GCGGGTTTCATGTCAA-2","male","Microglia",-8.97939786894214,11.7309895602621,0.528044911161211,-8.32240250268261
"GCGGGTTTCCAGGTCA-2","male","EN",1.14323850886929,-9.73626507840978,0.972375834420469,5.1603626950713
"GCGGGTTTCTAGCGTG-2","male","Oligodendrocytes",-0.0835500715483445,9.2076798526205,-2.41556489275381,-0.752955819752617
"GCGGGTTTCTTGAGGT-2","male","Oligodendrocytes",1.31521406190502,0.113629206792249,-2.29350006388113,-0.812815214779778
"GCGGTTATCATCAGTA-2","male","Astrocytes",-6.75494108183277,1.4714343992628,-4.56116854952261,-6.59760668435375
"GCGGTTATCCCTGTTA-2","male","IN-MGE",-6.60008392317188,-4.37857092939244,-6.5527070741503,4.182281707141
"GCGGTTATCGTTAGTA-2","male","OPC",10.3538035394441,3.15921698488368,11.9073339719923,-0.135901774552269
"GCGGTTGGTAAGGTCC-2","male","EN",15.5377987863313,-5.44062937818395,0.754706623092439,3.56419250807484
"GCGGTTGGTCAACAAT-2","male","IN-CGE",1.92386868016827,-5.07686890683995,-4.29159486101553,10.4498572095366
"GCGGTTGGTGACCTGG-2","male","OPC",10.7321261407624,3.15646897234096,12.9114347715528,-0.573099996235772
"GCGTAACGTAACGGGA-2","male","EN",7.44820013063061,-9.3215006741129,3.55577552510813,4.58988210997303
"GCGTAACGTACCGGAT-2","male","EN",3.74538745896923,-13.4568337353312,2.49204385472849,7.50912520727833
"GCGTAACGTATTTGGG-2","male","Microglia",-9.1496134756316,13.5540095416464,0.339534701839235,-7.37783768334667
"GCGTAACGTTCCGGCT-2","male","EN",0.0819018127213698,-1.26645220838414,2.81383371545389,3.73603818258961
"GCGTTTCTCAATACGC-2","male","OPC",10.2774495126497,2.88655672945155,12.3686319608839,-1.41614105859081
"GCGTTTCTCACAAGCT-2","male","Oligodendrocytes",-0.677286124061467,1.89387260355128,-1.33977210329458,-3.36055710473339
"GCGTTTCTCATCCTCA-2","male","IN-CGE",-0.31239453537357,-4.39415062986241,-3.09471189783499,8.52719209036549
"GCGTTTCTCTCAATGA-2","male","Microglia",-9.00349817259205,12.2770176974691,0.609503673449304,-8.55260708489697
"GCTAACAGTGGACCTG-2","male","EN",2.6267537118684,-2.13104690633641,-0.902619836792204,3.60356566748341
"GCTAACAGTTACGCGG-2","male","OPC",11.7961758615266,2.75776444353236,12.4600349683912,-0.266934479859276
"GCTAACAGTTGTTGTC-2","male","Oligodendrocytes",-0.0697517452944535,7.91117487825526,-2.24876630114004,-0.145456756737633
"GCTAACCCAATTATGC-2","male","Oligodendrocytes",-0.473661160301091,10.3422709552206,2.4318481702955,-0.0805917040375905
"GCTAACCCATTGTGGC-2","male","EN",2.15346565263378,-9.66809453092443,1.93291509343698,3.41456768355091
"GCTAAGAAGCGCTAAT-2","male","IN-MGE",-1.90554413778675,-2.50048579297887,-7.44676625536368,1.75014123758991
"GCTAAGAAGGTGAAGC-2","male","EN",1.1568224074136,-10.6854819210611,0.55587119056299,5.20180318197925
"GCTAAGCGTCATCCTG-2","male","Microglia",-9.37463197691334,10.5407506076254,0.314434887901094,-9.08876278558056
"GCTAAGCGTTGCGCGA-2","male","Oligodendrocytes",-0.714642977546575,3.3537751284994,-2.22577678965018,-1.72492053666393
"GCTAAGCGTTGTTGTC-2","male","EN",1.36721428649533,-11.1490963848673,-2.59356272028372,-5.97717907586376
"GCTAAGTTCATTTGCT-2","male","Microglia",-9.32966909391773,13.3605509845175,-2.86800157831595,-6.54044249215405
"GCTAAGTTCCTTGAGG-2","male","EN",5.145096206833,-9.67481888852941,3.2137633581312,3.70827219328602
"GCTAATATCTCGACCT-2","male","EN",6.04522504823315,-13.1052655132853,3.60508573247507,6.45381018957813
"GCTAGCGGTATTACCC-2","male","Astrocytes",-7.57890758497608,1.56685720361842,-4.60951745317862,-6.70989468255322
"GCTAGCGGTCATCCTG-2","male","IN-MGE",-7.18030271513355,-5.56860961042272,-6.53777396486685,4.01026317915638
"GCTAGCGGTTGAGGTC-2","male","Pericytes",1.95949544923413,0.289128973857297,2.71559310151651,-2.69629385628979
"GCTAGCGGTTGGCCGA-2","male","EN",14.3491438867341,-5.60143555723058,0.118655802741792,2.99164483389576
"GCTAGCTCAAGTGAAC-2","male","IN-MGE",4.9897498132478,-9.92554463468419,-6.226965306267,0.380937908503608
"GCTAGCTCAGAATGAC-2","male","Oligodendrocytes",-0.596169209312322,6.89132319368495,-2.48200261400625,-1.05171325364391
"GCTAGCTCATAGTCAT-2","male","IN-CGE",1.35828813331234,-5.6193751247965,-4.11756360338614,10.3125986798735
"GCTAGTGTCCTCCTAA-2","male","OPC",9.90476789491284,2.710576399938,11.3565431852491,-0.452055956509514
"GCTAGTGTCCTGTTCA-2","male","IN-CGE",2.02848520295727,-5.94588793836461,-4.17178189562247,10.8048815473052
"GCTAGTGTCGTCATTT-2","male","Pericytes",2.02734353559124,0.391044661179914,2.76449573232248,-2.57258370080273
"GCTAGTGTCGTGCCTT-2","male","IN-CGE",0.0356832386742812,-2.61561097226964,-4.04521405504629,10.7363867505523
"GCTAGTGTCTTGACCC-2","male","Microglia",-0.644394016097905,0.0828683821119208,1.98275327874735,-1.96654465356152
"GCTATAGGTCCGCTGT-2","male","EN",3.47101893441784,-13.0371159466349,2.33875739766672,7.29625508627613
"GCTATAGGTTGGTGAC-2","male","EN",6.31058206575024,-13.2489136608683,3.8731802721174,6.21090695700367
"GCTATCCTCAGGAACA-2","male","IN-MGE",-3.19241342527759,-4.4496163281046,-7.08989083574698,1.59923443636616
"GCTATCCTCATGAAGG-2","male","Microglia",-9.10995969755542,12.4371920672811,0.630125569239404,-8.90044167199413
"GCTATCCTCTGTGAGT-2","male","Microglia",-8.91711149198902,13.6380187121786,0.350952180162218,-8.47400524773876
"GCTATTGCACTTACAG-2","male","IN-MGE",-4.48943386061084,-4.31008233152257,-7.19224107073233,2.56632146677692
"GCTATTGCAGGGAGCT-2","male","EN",1.31196602599728,-10.5565174969278,1.41962278081491,4.90642545065601
"GCTATTGCATACTCCT-2","male","Oligodendrocytes",-0.958207106422307,1.19563494600429,-1.68814098642752,-1.97428729691784
"GCTCAACCAAACGCGA-2","male","EN",1.61095478551495,-10.7091111095987,1.12058842374399,4.71114680609424
"GCTCAACCATGCTATG-2","male","IN-MGE",-3.8289175985564,-6.27387990079747,-6.55312669084952,0.413714443060951
"GCTCACAAGCATTTCT-2","male","Oligodendrocytes",-0.808570718597295,10.3971453753866,-3.24897992418692,-0.756043221142693
"GCTCACAAGGTGAGAC-2","male","Oligodendrocytes",-0.745855545829656,5.64278565324916,-2.5543566922991,-2.09249546685497
"GCTCATTGTAATCCCT-2","male","EN",2.75132050531018,-2.16559661947118,-0.841559050544951,3.49851534208973
"GCTCATTGTATTTGGG-2","male","IN-MGE",-17.0870238302459,-5.99412716947423,-6.40051114366934,3.4012369855376
"GCTCATTGTTATAGCG-2","male","Oligodendrocytes",-0.532920217346074,0.770117997900381,-1.43535387323782,-1.25524070420544
"GCTCCTTAGACAACGA-2","male","OPC",11.1459731103669,2.8285704699911,10.6308914442213,-0.549819971707268
"GCTCCTTAGACAGGCG-2","male","EN",4.86168184297192,-12.2882470043741,4.82372439099863,4.95571706137379
"GCTCCTTAGTAAGTGG-2","male","OPC",12.0384501458894,3.00834308542384,12.0578447599561,-1.09440579572002
"GCTCCTTAGTAGCGGG-2","male","IN-MGE",-1.89484772665394,-2.57031549535619,-7.16622006700918,1.55203786930759
"GCTCCTTAGTCGCTAG-2","male","EN",1.15863301770794,-10.7316817196451,0.457900049224641,5.14852330527027
"GCTCCTTAGTTGTCCC-2","male","OPC",11.4850548745881,3.71203647531642,12.0981861372144,-0.663540984776421
"GCTCGATCACTTCACT-2","male","Oligodendrocytes",-0.779975151847722,4.4379364100851,-2.59350812242911,-2.09153177895824
"GCTCGATCAGGACACA-2","male","EN",13.7052630426179,-12.0917681606852,3.28272402478769,2.88908336004932
"GCTCGATCATGGTTAT-2","male","EN",-0.109369045328023,-1.38505972944127,1.53101134492471,4.76765439352711
"GCTCTGGCAACAGCCT-2","male","OPC",11.3725394250642,3.89155779756679,12.0024496336134,0.294814591023521
"GCTCTGGCAATAACGA-2","male","IN-CGE",-1.98246655447376,-17.2138346584879,-2.86627304361746,8.06432101568897
"GCTCTGGCACTTCATC-2","male","EN",5.32919254319775,-9.68798436246739,3.23168361379221,3.44798872313221
"GCTCTGGCATAGCTGC-2","male","EN",2.08323564546215,-9.45626534543859,1.65047568275049,4.71726987204273
"GCTCTGGCATTGTGAT-2","male","Endothelial",2.79791941659558,13.279600247518,2.70136439992502,-2.83698823609631
"GCTCTGTTCCCTGTTA-2","male","OPC",12.0655220987092,3.74123726762904,12.3590484876783,-0.607995177891655
"GCTCTGTTCCCTTGCG-2","male","EN",4.20984210984814,-13.2163218411051,2.53486979199961,7.41291377386768
"GCTCTGTTCCGTTAAA-2","male","Microglia",-7.96690759642017,2.15472255624904,-0.287475464805815,-7.13661148705761
"GCTCTGTTCCTTCAAT-2","male","Microglia",-9.15613660795582,13.0056248752035,0.175819637313631,-8.5836787477998
"GCTCTGTTCTTCAATC-2","male","EN",1.70022823827374,-9.52388276182042,1.82037818624094,4.99781272253712
"GCTGACATCTAACCTT-2","male","OPC",12.4930209161531,3.27096401132716,12.6287914533766,-0.514861132290764
"GCTGACCAGCTTCTCA-2","male","Oligodendrocytes",-0.223418986629369,9.32409106172694,-1.64444362924978,-2.34966375985424
"GCTGACCAGGCACAGG-2","male","EN",0.838508600164531,-9.51631440244542,1.18597057653978,5.22272012076099
"GCTGACCAGGGATTAG-2","male","Oligodendrocytes",-1.04668972475422,0.787409752384557,-1.17130148218558,-2.39961817422192
"GCTGACCAGGTTAGCT-2","male","OPC",11.8425854684602,3.55831395067347,12.8979555387647,-0.689112688687249
"GCTGACCAGTAATCCA-2","male","OPC",11.9013604165803,3.84480462946071,11.829166056648,-0.349627758648797
"GCTGAGGAGCCTTAAA-2","male","Microglia",-9.77331075651539,8.47087727464808,1.98305130197122,-1.95489075341503
"GCTGAGGAGGATCCGC-2","male","Microglia",-9.25987920744312,11.393273457662,0.381391318574693,-7.47084191003124
"GCTGAGGAGTGAGAGC-2","male","OPC",9.08477106111157,2.2573920337118,11.9035230894239,-0.965135242131157
"GCTGAGGAGTTAGTTG-2","male","Astrocytes",-8.09785757048023,0.0887721923746009,-4.84832846926138,-6.39086058297436
"GCTGAGGAGTTGTCAA-2","male","EN",1.39382054822552,-9.52108944974767,1.50846225215509,4.86292502722462
"GCTGATCCAAACAACA-2","male","Microglia",-9.3486815450896,8.90275774873866,0.769723372593668,-8.45840885796826
"GCTGATCCAAGGTCGA-2","male","Oligodendrocytes",-0.857552861999394,9.36639128603114,-2.50690662668631,-0.0034278289345937
"GCTGATCCAATTTAGC-2","male","IN-MGE",-3.36637196524036,-6.49544133268224,-7.69103944109366,0.974996958586769
"GCTGATCCATGGTTAT-2","male","OPC",11.1038321496736,3.41836248315944,12.9558998365553,-0.492943312313958
"GCTGATCCATTATGAC-2","male","IN-MGE",-3.32196006758106,-6.42256392560826,-7.43717992113516,0.925974671456413
"GCTGCAATCGGGACCT-2","male","IN-CGE",0.291944833267806,-4.71737803541051,-3.50309645937369,9.55789134344776
"GCTGCAATCTAACCTT-2","male","Oligodendrocytes",-0.43660107834232,10.1461831180014,-2.21166264818594,-1.12441435017864
"GCTGCACAGAAGCTAG-2","male","Oligodendrocytes",-0.622681951354863,10.1116791812338,-3.40474688814566,-0.873936201718255
"GCTGCACAGGCATGTT-2","male","IN-MGE",-2.13320503218067,-2.83373703084813,-7.86631524370596,1.0983161076041
"GCTGCACAGGCTACAT-2","male","EN",0.0652754248868209,-1.28622342668401,2.729120256439,3.91627476057728
"GCTGCACAGGGCTTTG-2","male","EN",4.06525506990063,-13.3644894512735,2.32215643121317,7.47037646612842
"GCTGCACAGGTGTTAC-2","male","EN",8.40489759461987,-6.75653065763341,6.42431652738169,4.09021708807667
"GCTGCACAGTAATCCA-2","male","EN",5.70554103868115,-9.60851945005284,3.62135136319711,3.7509262307616
"GCTGCACAGTGATTCA-2","male","Oligodendrocytes",-0.583787774871709,8.40119038499965,-1.87444126413748,-0.728368426945611
"GCTGCATCAAGGTCGA-2","male","EN",6.99319543855297,-10.7782954128824,3.49726355268076,4.61464593252857
"GCTGCATCACAGAAAC-2","male","Oligodendrocytes",-0.787451839279057,1.3581885544218,-2.22205912874624,-0.103943015721245
"GCTGCATCACCTACGG-2","male","Microglia",2.10405733602154,4.16146098055018,-0.263330100044463,-8.59604218163769
"GCTGCATCACCTCAGG-2","male","EN",2.65648164765942,-2.17345418058263,-0.827537415489409,3.68031570753773
"GCTGCATCAGATAGAC-2","male","EN",2.06104006784069,-9.46589554868566,1.65746712876871,4.61703297934254
"GCTGCATCAGCACGAA-2","male","EN",3.11411561982739,-13.8983830364786,1.96693432523325,7.75675341925342
"GCTGCATCAGGTTTGC-2","male","Oligodendrocytes",-0.630667185615422,9.70972071565761,-2.85450303362295,-1.59247377076428
"GCTGGATGTACCTTAC-2","male","EN",3.93779149072277,-13.9489993008219,2.78652918531015,6.78065011343677
"GCTGGATGTCCTTTAA-2","male","IN-MGE",-7.19526395780933,-5.2335428150736,-6.61067044542715,3.82797357878406
"GCTGGATGTGAGGTAG-2","male","Oligodendrocytes",-0.575670635532262,8.86845789827479,-0.0309219937174057,-2.42061879792492
"GCTGGATGTGGAGCAA-2","male","EN",5.37231483476269,-9.73266686521398,3.15517676068857,3.79085705122669
"GCTGGATGTTAGGTGC-2","male","EN",1.9388612748872,-9.46398629270421,1.41873038007334,4.60009023985584
"GCTGGTTCAACACTTG-2","male","EN",2.07978966252911,-11.7853115948282,0.963914582565572,5.80903479895313
"GCTGGTTCAATATAGG-2","male","Oligodendrocytes",-1.10845003111255,2.75579915918483,-1.55175244615957,-2.14683463731091
"GCTGGTTCACCTACGG-2","male","EN",8.17285385148632,-7.72741021238194,5.80772078229502,4.75525567373951
"GCTGGTTCATGTCAAT-2","male","Oligodendrocytes",-0.547704016994359,1.24855862535609,-2.42375147150442,-2.31692364373486
"GCTGGTTCATTTGCTC-2","male","EN",5.18775978105175,-12.769360438212,2.35727000428751,7.04712960562427
"GCTGTAAGTCCTTAGT-2","male","EN",1.86789550798046,-9.58504189573156,1.70210945798471,4.57891533217152
"GCTGTAAGTTAGGTGC-2","male","EN",5.88851919190991,-9.64244736753331,3.2971624155195,3.62378094038685
"GCTGTAAGTTCACCCA-2","male","EN",0.48586554991114,-0.0949286373697381,-2.51610863016531,-2.29192354836742
"GCTGTACCAAGCTTTG-2","male","OPC",11.7379120828401,3.39062343515529,12.6629616041334,-0.986843134549065
"GCTGTACCAGGTTTGC-2","male","Microglia",-9.34830770475757,9.01889716066493,0.603514926567819,-9.03466560998242
"GCTGTGATCAAGTGAG-2","male","IN-CGE",-0.23755106909168,-4.35324372373448,-3.24511325167105,8.79278132757862
"GCTGTGATCACTCAAA-2","male","Oligodendrocytes",-0.317208504508855,8.75832091249598,-3.20816743181631,-1.3093319193391
"GCTGTGATCATGGCCA-2","male","IN-CGE",1.11424531953442,-3.91212977491246,-3.55897509859488,9.8259482129546
"GCTGTGATCCAAATCA-2","male","IN-MGE",-6.88627395613086,-4.243201151713,-6.85850179003164,4.50191256842335
"GCTGTGATCCAGCACA-2","male","Oligodendrocytes",-0.925277924369695,1.93805442728175,-2.19001662538931,-2.26255991616528
"GCTGTGATCGTTATCT-2","male","Oligodendrocytes",-0.355804121326329,8.59906969942225,-2.37234055803702,-2.69494941392223
"GCTGTGCAGGAGTCTT-2","male","Oligodendrocytes",-7.4248591421355,0.508873715773954,-3.7691434602587,-5.56198599496166
"GCTGTGCAGGGCCACT-2","male","Oligodendrocytes",-0.0611365793455858,9.08493815340175,-2.85487186716482,-0.891357208874627
"GCTTAAATCATAATCG-2","male","Microglia",11.0284947397004,3.88852082170619,3.52413404180124,-0.531213189747735
"GCTTAAATCATGCAAC-2","male","EN",3.09207453744519,-13.4199885281168,1.69616109325006,7.55028579077442
"GCTTAAATCTAAGTCA-2","male","EN",2.77161970155346,-13.2303503902994,1.52653181745126,7.25496003470142
"GCTTACCTCTAGCGAT-2","male","IN-MGE",-3.24085292799366,-5.5781768711649,-7.1178959588854,1.25846884093006
"GCTTAGTAGCAAGATG-2","male","Oligodendrocytes",-0.844441032241704,4.25411830820216,-1.75123417185232,-2.06012418427746
"GCTTAGTAGCACTTGG-2","male","IN-MGE",-3.31097207052601,-5.05240954480992,-6.25757109926626,0.563676667127208
"GCTTAGTAGGCTTAAC-2","male","Oligodendrocytes",-0.546006476711156,3.34695874132289,-1.26510584162161,-2.50695183434765
"GCTTAGTAGTGTGATC-2","male","Endothelial",2.66459074037182,13.4642392245687,2.85952604009226,-1.58333566346447
"GCTTATCGTAACAGGG-2","male","Microglia",-9.10672483427417,13.1609231082357,-0.489335058197234,-8.67897751488964
"GCTTATCGTACCAGGT-2","male","Oligodendrocytes",-0.701450800727727,9.70650397218837,-3.42456662462637,-0.51384856858532
"GCTTATCGTACGTTTC-2","male","EN",8.13676395433056,-7.80313672147618,5.08675873471811,4.81394955954273
"GCTTATCGTCACGAAC-2","male","Microglia",-7.18293104154957,0.843824043647184,-0.978617308601591,-5.96893122353832
"GCTTATCGTTGGTTGA-2","male","OPC",11.8896092416536,3.82761965669764,12.6545883436353,-0.128194238331719
"GCTTCGCGTGGAGCAA-2","male","EN",7.70287075059521,-8.88075341306554,4.75059926702097,4.83031174978931
"GCTTCGCGTTTAAAGC-2","male","IN-MGE",-3.35278830511463,-6.17554987989293,-7.09333503054068,0.741058272037105
"GCTTGACCAATATGGA-2","male","EN",2.44436659829724,-2.13519348226415,-0.802154896721098,3.48839971861561
"GCTTGACCAGAAATGC-2","male","EN",1.45317950265515,-11.3147858532511,0.419222476020601,5.29067609152515
"GCTTGACCAGAGAGCC-2","male","EN",3.10006155984509,-13.6593941601359,1.62370372010782,7.49403521856983
"GCTTGACCAGCGCTTG-2","male","Oligodendrocytes",-0.766345834564092,9.99281130708827,-2.34594023035452,-0.0318114415673452
"GCTTGACCATTAGCGC-2","male","IN-CGE",1.70523455159771,-6.03982724271642,-4.14736735628531,10.6589483960601
"GCTTGTTGTCAAGACC-2","male","EN",0.183708870578883,-1.58897461019383,0.0422608871610428,3.77592418036182
"GCTTGTTGTTAACAGT-2","male","IN-MGE",-5.74767503721607,-4.39202298246251,-6.45016467379019,4.04140517554005
"GCTTGTTGTTTGGGTA-2","male","Oligodendrocytes",-0.426520085166814,8.96576033510341,-2.55110060976431,-0.639444615033074
"GCTTTACGTCCGCTGT-2","male","Oligodendrocytes",-0.502706563304784,3.69499073900355,-1.74970185564444,-1.63237240472118
"GCTTTACGTCCTCCAA-2","male","IN-CGE",1.55045738237011,-5.25107087217198,-4.34596526430533,10.4807209714385
"GCTTTACGTGCTAGCG-2","male","Oligodendrocytes",-0.602580225299718,9.80901919283046,-2.26542269991324,-1.06714275040905
"GCTTTACGTGTGTCCC-2","male","EN",4.11847224252331,-13.2361287029825,2.25620234204843,7.12479398092945
"GCTTTACGTTGACTTC-2","male","Oligodendrocytes",-0.617563879321935,0.194979622737302,2.78233158780649,-0.368478323605462
"GCTTTATTCATGTCAA-2","male","Astrocytes",-7.72292623503101,0.576825826206042,-4.63708436296866,-6.82189705529492
"GCTTTATTCCGCAAAT-2","male","Oligodendrocytes",-0.987331962417485,1.54749570764674,-2.87285625742361,-1.97941186585705
"GCTTTATTCGGTTTGG-2","male","IN-CGE",-1.82216963751209,-17.0812415035807,-2.90016782091543,7.82981917700489
"GCTTTCATCAATGTCA-2","male","Oligodendrocytes",-7.19335231764209,-0.337482825144396,-3.8074096422045,-5.60396816888134
"GCTTTCATCATTAGCA-2","male","Oligodendrocytes",0.0209032239209395,9.47349081911219,-3.03337371157095,-0.687815453198357
"GCTTTCATCGAGGTGG-2","male","EN",1.86281385438549,-9.69770707212316,1.4968038220556,4.60398528418262
"GGAACAATCGCTCCAT-2","male","OPC",11.9262999536287,2.92707262910975,12.3411508817823,-0.878768946316643
"GGAACCACAAACTCAT-2","male","EN",3.04752912538159,-13.4917029293619,1.5535979290159,7.26043603262623
"GGAACCACACGTAATT-2","male","Oligodendrocytes",-0.647199368308904,10.9053879825033,-1.93563687609122,-2.51954820313732
"GGAACCACAGGTCCTG-2","male","EN",8.3920353891145,-7.77149476133214,6.64952624036386,4.15907738051136
"GGAACCACAGTTATCG-2","male","EN",6.1514986993562,-12.5320996197306,3.75179612828806,6.21597573599537
"GGAACCACATAATGAG-2","male","IN-CGE",1.08541151301968,-5.57331933103429,-4.03773391054556,9.93390986761768
"GGAACCTGTAATCGGC-2","male","IN-MGE",-6.48041400892627,-4.59087122999059,-6.66149604128287,4.61620566687305
"GGAACGGTCATGCCTC-2","male","OPC",10.637760067154,2.72327242769374,12.4329220075758,-0.18160637774746
"GGAACGGTCGAAGCGG-2","male","IN-MGE",-3.39622960073841,-4.5703700932108,-7.73742043779776,1.52938595852573
"GGAACTAAGTATCGCG-2","male","Astrocytes",-7.38797769529712,0.54899735726489,-4.49384105013296,-7.16182949700634
"GGAAGCTAGCCTAACG-2","male","EN",4.51518573777783,-13.2260655315958,2.73442650033548,7.05896041235645
"GGAAGCTAGCTTCTCA-2","male","Microglia",-9.17548189146412,12.3454228488363,0.280992033019807,-8.67620041528027
"GGAAGCTAGTTATTCC-2","male","EN",8.15293779389965,-7.36612118802892,5.73529494000986,4.5678481801482
"GGAAGTATCACCGGTA-2","male","Astrocytes",-7.00175104124439,1.96051071561946,-4.78953158663199,-6.69801476159374
"GGAAGTATCATAACTG-2","male","Oligodendrocytes",-0.442821657489659,8.47374545015468,2.35398161603525,-0.29005786338131
"GGAAGTATCCGCATGA-2","male","EN",8.3555249215852,-7.27286614499913,6.20723068906381,4.45179436049183
"GGAAGTATCCGCCTCA-2","male","IN-CGE",1.98341729657757,-4.80493582807408,-4.27790677355215,10.6601710065337
"GGAAGTATCGGGACCT-2","male","Oligodendrocytes",-0.337301051448705,9.27160750307216,-3.12841784761831,-2.02989175477306
"GGAATCTTCATCCTGC-2","male","Oligodendrocytes",-0.0196746347655076,7.76825247682704,-3.03200375841543,-1.84889605202953
"GGAATCTTCATGCATA-2","male","Oligodendrocytes",-0.28856048567188,6.47894106783046,-0.912702200874541,-2.26557018914501
"GGACAGCCAGATAGAC-2","male","EN",0.0257893444787246,-1.70701850972997,1.58508932782724,3.48054215750416
"GGACAGCCAGCACGAA-2","male","IN-MGE",-4.96692333204639,-6.31100977979527,-6.333259938225,2.03896901449879
"GGACATAAGAGCCGCT-2","male","IN-CGE",0.10171627419102,-3.91477192960607,-3.31781518267081,8.72426078161915
"GGACATAAGCACGATT-2","male","Microglia",-9.76529226286304,8.47673664964808,1.93898034288004,-1.937835480359
"GGACATAAGGAACCAA-2","male","OPC",12.1055411340486,3.05703316606654,12.038041712776,-0.815531875279351
"GGACATAAGGAGCACG-2","male","IN-MGE",-6.40142402632129,-4.38199938855992,-6.63716161058829,4.21558592161854
"GGACATAAGGGCCATC-2","male","Oligodendrocytes",-0.561561322044255,5.73037062563075,-2.7061973790972,-1.39256766000073
"GGACATAAGGTGCTGC-2","male","OPC",11.1414774896394,3.70447264589442,11.7395778913648,-0.213431026127739
"GGACATAAGTAGCCAT-2","male","EN",8.64712610261547,-7.19991911970006,-6.93758523271963,4.56658623060902
"GGACATAAGTCACCAG-2","male","Microglia",-9.36887083036792,12.7941952792562,0.0675704498441483,-8.02644875207226
"GGACCGAAGCTCGCTT-2","male","Oligodendrocytes",-0.738006329368474,2.3754397479452,-1.46027099893973,-2.22229101815502
"GGACCGAAGGCATTAC-2","male","OPC",12.4351967813264,3.25927911676539,11.9980198164137,-0.33233013310711
"GGACCTCAGGACCTGC-2","male","IN-MGE",-3.56982717497242,-6.45309485517369,-7.75053727434561,1.06046811184605
"GGACGAAGTAGCCTCC-2","male","EN",4.91418542878735,-9.34605492673741,2.82311189366892,3.4549982293578
"GGACGAAGTTACTTGC-2","male","OPC",-0.118379926513555,10.4683705417074,11.0473095197828,-0.330919648793145
"GGACGAAGTTCCTGAT-2","male","EN",4.44938077943432,-13.2488211544596,2.25676846696451,7.41640899023731
"GGACGGATCAAATCGC-2","male","Oligodendrocytes",-0.101962929796101,9.13292418398036,-3.23291289614126,-1.90092756905834
"GGACGGATCAGGTCCA-2","male","Oligodendrocytes",-0.104843234847905,9.53176222719325,-2.7497867326586,-0.418048168805047
"GGACGGATCATGCATA-2","male","Oligodendrocytes",-0.739626979659917,5.6052194682516,-1.94675218866751,-2.31865885415356
"GGACGGATCCCTCAAC-2","male","Oligodendrocytes",-0.379487013648869,10.4566622821249,-3.11940467165396,-1.30338730969708
"GGACGGATCCGCTAGA-2","male","Oligodendrocytes",-0.522510504554631,6.15349875368251,-3.31496846483633,-0.657133604672356
"GGACTAAAGCCTGGTA-2","male","OPC",12.620935344864,3.94748149789943,12.0631414671095,-0.18270375886242
"GGACTAAAGTAAAGGT-2","male","Microglia",-9.34791574461353,9.56072245515956,-0.147840617164824,-8.66340115227978
"GGAGCAAGTTAGCTGA-2","male","Microglia",-9.1310645101775,10.4096375552572,0.550447942748811,-7.61716606774609
"GGAGCATAGCTTCCCG-2","male","OPC",11.4010819436799,3.19510899461879,12.6305395383985,-0.708762313511773
"GGAGCGATCTACCTAT-2","male","Microglia",-9.20637140257251,10.9567996112265,0.564512433543947,-8.25528767266552
"GGAGGTTAGGCAAGTA-2","male","EN",1.02655055539715,-10.2365025433146,0.607267962828424,5.13989827475269
"GGAGGTTAGTTATCCT-2","male","Oligodendrocytes",-0.690431332420232,10.6192399112142,-2.26271331118033,-2.41354944863598
"GGAGTCTGTCAAAGGG-2","male","Oligodendrocytes",-1.0179178474654,1.1590125409521,-1.68900358484671,-3.28085949578564
"GGAGTCTGTTCGCTCA-2","male","EN",0.987941944767116,-10.5095614346109,1.0312932748945,5.23608920416553
"GGAGTCTGTTGCGCGA-2","male","EN",0.0836282314549666,-1.53251089177953,0.17550146771982,3.09794661841114
"GGAGTCTGTTTGGCTT-2","male","EN",0.661658877302287,-9.40314091764318,1.25471484853342,5.03608701071461
"GGAGTGAGTAATGACT-2","male","Astrocytes",-8.37780103666675,0.00934807933939885,-4.74544846819327,-5.98872091927807
"GGAGTGAGTAGTTACG-2","male","EN",5.16588535325634,-9.97420395933019,3.39584458066538,3.98048398337086
"GGAGTGAGTGCCTCAC-2","male","Astrocytes",-8.000083064865,0.617385465428962,-4.75072467134878,-6.63643887200634
"GGAGTGAGTTCCGGGA-2","male","Microglia",-9.1492472646941,10.4764271823324,0.126769663825777,-8.64266445794384
"GGATAACCAATTAGGA-2","male","OPC",11.5090664865266,3.6484917251028,12.3298708219679,-0.624869610455437
"GGATAACCACCTCAGG-2","male","EN",-0.0922939537276048,-1.3921121510111,1.77409768296793,7.04050109228809
"GGATAACCAGGTTCAC-2","male","Microglia",14.355611705948,-5.64638985715734,-4.26289832399771,-6.70964243569653
"GGATACTTCCGCCTCA-2","male","EN",15.5613612176667,-5.38917960248815,0.772442007497099,3.62692615828236
"GGATACTTCTCACACC-2","male","EN",0.596069345046161,-9.43871773801671,0.873906422466185,5.45321509680469
"GGATACTTCTTTGACT-2","male","OPC",12.0553301812898,2.96249543108119,12.9494482298048,-0.226910735752984
"GGATATTGTGGATTAT-2","male","Oligodendrocytes",-0.928207254241826,3.02483282961024,-1.89919864939139,-2.2457561747102
"GGATATTGTTGCGGAT-2","male","IN-CGE",-2.98895130140674,-9.43386258207189,-3.06447756098196,8.30931994757374
"GGATGAATCCCTCACG-2","male","Microglia",-9.02865324003589,10.729455098287,0.735346974864748,-7.48881676354687
"GGATGAATCGATATTG-2","male","Microglia",2.21301248090374,4.48573289789332,-2.48818862245962,-6.35710861840527
"GGATGAATCGCTCCAT-2","male","Oligodendrocytes",-0.586353695224645,3.96331034578456,-2.030187962517,-1.52319195428173
"GGATGGCCAACTAACT-2","male","IN-MGE",-6.27586421949756,-4.49005974851476,-6.76782595919058,4.12631914457996
"GGATGGCCATTGACAT-2","male","OPC",10.8727215768586,4.08233462251796,11.0795446653517,-0.0149018422631459
"GGATGTAAGAATGACG-2","male","Microglia",-9.33804521543873,8.77978907503261,0.30651861621454,-8.98923447289745
"GGATGTAAGACCATAC-2","male","IN-CGE",0.356455199215887,-4.34053553663121,-3.50458037661001,9.38918635687549
"GGATGTAAGCTGAGGG-2","male","EN",8.24041023271191,-6.63864840589391,6.0453382749708,4.70437857947071
"GGATGTAAGTAACCCG-2","male","Oligodendrocytes",-0.951310014556767,1.43623582996501,-1.50660264299795,-0.242537821915551
"GGATTATGTCCGTAGG-2","male","Microglia",-9.15524873716724,11.6611872760214,0.333530904784944,-7.52970268883984
"GGATTATGTGTGTGGT-2","male","IN-MGE",-2.40468273146045,-5.59522046171056,-7.64059102343008,1.13337111911495
"GGATTCAGTAAGTCGC-2","male","Microglia",-9.04617700559986,12.364127263204,0.876538591519144,-8.68099930444042
"GGATTCAGTAATCGGC-2","male","EN",7.58654489534008,-9.41285981260167,-0.132125673755858,-7.97196629205029
"GGATTGCGTGCAATAT-2","male","EN",0.469501005281089,-9.41710557065831,1.54750204278543,4.36436078390797
"GGATTGCGTTTATTCG-2","male","EN",7.65277376191723,-7.15140952192174,6.04526674939707,4.28661892256458
"GGATTTATCATTTGTC-2","male","OPC",11.2585133554231,3.73954640306605,12.2879377622755,-0.560377861645623
"GGATTTATCGCATTAA-2","male","Oligodendrocytes",-0.635259604286077,3.24279247202052,-0.907239792808745,-2.15128114381115
"GGCAAATCACAGAACG-2","male","OPC",10.8413304330598,2.96434317506923,11.6538959760816,0.181296323153572
"GGCAAATCAGTAGGTG-2","male","Oligodendrocytes",-8.05849180204761,-0.387645438536273,-4.34610116289541,-5.7285557047395
"GGCAAATCATAAGGAC-2","male","EN",1.13157924430477,-3.9852723034464,6.61521685315683,4.24462864241321
"GGCAAATCATCAGTAT-2","male","Oligodendrocytes",-0.382214343379857,9.6488772479452,-3.24312436388418,-1.43790319123547
"GGCAAGCCAAAGGTAC-2","male","Oligodendrocytes",-0.632411932777287,6.85571728624476,-3.45086133287832,-0.92678597131054
"GGCAAGCCAAGGGTTG-2","male","EN",1.39352967755902,-11.2842101009928,1.16644251538828,5.93966910681446
"GGCAAGCCAATAGCAA-2","male","Oligodendrocytes",-0.76888058168781,6.17313204683436,-2.21263563440726,-1.10536410966198
"GGCAAGCCACCGGCTA-2","male","IN-CGE",0.32157751338589,-4.40748633466588,-3.69993912981436,9.54703376135548
"GGCAAGCCACTAAGTT-2","male","IN-MGE",-6.8240839002837,-4.33705891691075,-6.53403127001211,4.20114490828236
"GGCAAGCCATAATGAG-2","male","OPC",11.0857810022126,2.87713251985682,12.8390756864698,-0.297292853978081
"GGCAAGCCATCATGTG-2","male","VSMC",14.3507241250764,-0.874136105402575,2.90227568341806,-2.89997103371899
"GGCAATCGTAAGTCGC-2","male","EN",8.02700986878979,-7.7480315121256,5.68712437345102,4.70857617697437
"GGCAATCGTTGCGGAT-2","male","OPC",10.8298758508455,2.92010937608851,11.2840086240919,-0.309822703984185
"GGCAGGATCAGCAAAG-2","male","Astrocytes",-8.39946374876392,0.0597623435415168,-4.72035348223135,-5.60498144784252
"GGCAGGATCAGTGAAG-2","male","Microglia",-9.31240472776783,9.94522677339686,0.41947758390024,-8.5068907991914
"GGCAGGATCCTCACAC-2","male","Microglia",-7.78169069273365,13.3668185321249,-0.706981299385283,-6.36041882195751
"GGCATGGAGGACCTCA-2","male","OPC",10.0979079248201,3.04277549661769,11.7376848478468,-0.190177108433648
"GGCATGGAGTCAATTG-2","male","EN",3.90579643266308,-14.2853907497965,2.44754624559,7.47783753714283
"GGCATTAGTAGCTAAT-2","male","Oligodendrocytes",-9.22168359739673,0.56929529249741,-3.25014436052725,-5.10049345650951
"GGCATTGTCAGTATTG-2","male","EN",3.93353285806286,-13.2193287762247,1.98254299356058,7.53963420233448
"GGCATTGTCATGTGGT-2","male","Oligodendrocytes",-0.287980532478215,9.19931708253993,-1.89282452867911,-1.98035791077892
"GGCATTGTCCGGTTAG-2","male","IN-MGE",-1.04074869139087,-1.59800256811009,-7.20881116197989,2.56772301039417
"GGCATTGTCTCAATGA-2","male","EN",3.17770662324536,-13.6412609966837,1.65422904683664,7.78320596060474
"GGCCAACTCAGCTAAC-2","male","Astrocytes",-8.9506970403899,-0.126214817389117,-4.69389045046255,-6.5890760675935
"GGCCAACTCGTTACTT-2","male","Oligodendrocytes",-0.554926788638951,4.08586917795314,-2.61345684336111,-2.29807021775524
"GGCCATCAGAAAGGAA-2","male","EN",3.63152041452038,-13.7426155956827,2.39146709634378,7.66497561773975
"GGCCATCAGCACAGGG-2","male","Oligodendrocytes",-0.673869585822942,8.71214686311854,-2.24502932833121,-0.403494502690239
"GGCCATCAGCATTAGC-2","male","EN",6.04860963838208,-13.167478457316,3.59880864812448,6.47329137167652
"GGCCATCAGGAAGCTA-2","male","Oligodendrocytes",-0.643825149368169,5.26527558244838,-2.42617809580252,-1.61503579774181
"GGCCATCAGGTTAGCT-2","male","Oligodendrocytes",-0.553009009193303,2.1116173116125,-2.1641253213732,-2.83986451783459
"GGCCGTTAGACAACAG-2","male","IN-MGE",-3.59184012396228,-6.57333649717198,-7.34617745684073,0.82119824430664
"GGCCGTTAGCACCACA-2","male","Microglia",1.96777584569561,4.0267876235403,-2.7667635660021,-5.94374039330761
"GGCCGTTAGCACTAGT-2","male","EN",6.43326034562695,-13.3400591763102,3.68323981954172,6.37483928045948
"GGCCGTTAGTAGAGGC-2","male","EN",7.44530048387158,-6.83613337598668,5.50125706388071,4.18609020552357
"GGCCTAATCATTGACA-2","male","EN",1.38269248025524,-9.64677514158116,1.37684524251535,4.73809096655567
"GGCCTAATCTAACCTT-2","male","Oligodendrocytes",-0.283355927299382,6.41291247285975,-1.90126764582083,-1.01310017266552
"GGCCTCTGTATTTGGG-2","male","EN",13.6788949014436,-12.162689104899,3.23652470304086,2.89265963873585
"GGCCTTAAGGAACACA-2","male","OPC",9.78912248628247,2.53682206548823,12.882219912544,-0.197537686016961
"GGCCTTAAGGCCTGGT-2","male","IN-CGE",1.21907314078915,-5.05682314954625,-4.07230746553824,10.4108700498076
"GGCCTTAAGGCCTTAG-2","male","Oligodendrocytes",-0.647526001762273,1.06965763844623,-1.98826372431204,-2.97697189011852
"GGCCTTAAGGTTTGAC-2","male","Oligodendrocytes",-0.740112757514836,9.50511370576991,-2.01075851725027,-0.34839823403637
"GGCCTTCGTGTCCAAA-2","male","Oligodendrocytes",-0.16726902706516,5.4588399974264,-2.90268480585501,-0.304873611119195
"GGCGATACATACCCGG-2","male","Microglia",11.6534537317048,4.34281240381373,12.2659126539381,0.226319019410209
"GGCGCTAGTAACCAGC-2","male","VSMC",14.3218411447297,-0.804440513476,2.85289323522165,-2.65868189492504
"GGCGCTAGTACGATTG-2","male","IN-CGE",-3.16348586065662,-9.61925496183263,-2.88667571352408,8.18343589148243
"GGCGCTAGTCGACTCC-2","male","OPC",11.769107723404,3.68248043932094,12.5392299909742,-0.685244704869195
"GGCGCTAGTTAGCGTA-2","male","IN-MGE",-6.90085754377735,-4.63342513166295,-7.02968537615225,4.61709186873157
"GGCGGTAAGCGAGCGA-2","male","Oligodendrocytes",-0.13602963669193,8.02478085436,-2.2914754133074,-1.26552369752209
"GGCGGTAAGCTTAGTA-2","male","Oligodendrocytes",-0.288020706008794,8.68689165987147,-3.03532111452505,-1.1213243261842
"GGCGGTAAGGACCTTG-2","male","Oligodendrocytes",-1.03330287916553,2.6830888835348,-2.81707107828543,-2.29455378213207
"GGCGGTAAGGCTAATC-2","male","Oligodendrocytes",-0.00241351706874554,9.29012118257655,-3.48555028246329,-1.18038668790142
"GGCGGTAAGGTCATTA-2","male","EN",7.65153875367749,-8.00272645078527,5.60601961804941,4.72733685812672
"GGCGGTTTCAGTTCCC-2","male","EN",0.156958112288592,-1.52592290960179,0.074791790977266,2.90817949614246
"GGCGGTTTCGCTATGG-2","male","EN",13.7081011773835,-12.1034306439005,3.02701771451547,3.00045034727772
"GGCGGTTTCTAAATCG-2","male","EN",8.53445329682934,-6.78529919706212,6.53873121930673,4.09131405195911
"GGCGGTTTCTGGCTTC-2","male","IN-MGE",-3.45443758947742,-4.28120221219884,-1.73573601053641,-2.07501604714672
"GGCGTTATCAAACCGT-2","male","Pericytes",2.24022820012677,0.437799349204435,2.81584930612161,-2.63758089700024
"GGCGTTATCAGGTTTA-2","male","OPC",11.4656037332307,3.15948925890101,12.128051402107,-0.605352069523736
"GGCGTTATCATGACCG-2","male","EN",2.21998479383099,-11.9960268887125,0.817808961555507,5.70901772818287
"GGCGTTATCATGCTTT-2","male","Oligodendrocytes",-0.810139512847783,2.75278125681056,-1.29586779879019,-2.69140985169689
"GGCGTTATCGTAACGT-2","male","EN",1.63698353784191,-9.60454835019933,1.54573154641702,4.57270619711597
"GGCGTTATCTAACTGA-2","male","EN",1.09643670337307,-9.56433476529943,0.841964582506713,5.24621531805714
"GGCTAGACATAATCGT-2","male","Oligodendrocytes",-0.58542886955631,10.1414242831625,-1.95130264566824,-1.08290341058056
"GGCTAGACATGGCCCA-2","male","Microglia",-8.94278821928394,12.8242474643148,0.225794972911623,-8.18263962426464
"GGCTAGTGTGGGTGAA-2","male","EN",1.8341511728059,-9.74877919278966,2.06343651010111,3.85176560721119
"GGCTATGTCCGCATGA-2","male","Oligodendrocytes",-0.060391878913762,7.5227581111349,-3.52798068331167,-1.27094569363873
"GGCTATGTCCTTGTTG-2","male","Oligodendrocytes",-0.588317847083928,5.06701289095057,-3.1717346887438,-1.9885630861787
"GGCTATGTCGAGGTGG-2","male","EN",2.91363682763684,-12.5149725826822,1.66731226636484,6.54686829886158
"GGCTATGTCTGTGCAG-2","male","EN",0.380684547882155,-1.11659802518712,1.26151657296732,2.72461030325611
"GGCTATTAGAAAGGAA-2","male","Astrocytes",-6.8201170919646,1.38650606550349,-4.62763917253897,-6.61542132058422
"GGCTATTAGGCGCTTA-2","male","EN",3.20616164224255,-14.0063256176554,3.34838307096079,-0.74648263612072
"GGCTATTAGTTAGACC-2","male","Microglia",-9.38936243040455,12.714149579183,0.0975091476590897,-7.91426994958202
"GGCTATTAGTTAGGCT-2","male","Oligodendrocytes",-0.375893330406072,9.73706923402919,-0.582298276886198,-3.08389475503246
"GGCTCAATCAATACGC-2","male","Microglia",-9.83256921751392,8.4012833682455,-2.37339126871512,-1.10779133000652
"GGCTCAATCCGGAACC-2","male","EN",2.80669250505078,-13.4215706738077,1.56457549525812,7.36382100424488
"GGCTCAATCGCGCTAA-2","male","IN-MGE",-4.1407662389983,-4.19744147382604,-7.68091237352774,2.12638661703785
"GGCTCAATCTTTGACT-2","male","Microglia",-9.17344484312427,13.2450419513143,0.147077383533266,-7.82416012444775
"GGCTCACAGCTGGACC-2","male","Microglia",-8.1617451666106,13.3789225665487,-0.310799835190031,-7.28979256310742
"GGCTCACAGTTCCTGC-2","male","EN",0.058306360412715,-1.65684713445531,2.12591016484812,6.90436885199268
"GGCTGAGAGCTGGAAA-2","male","Oligodendrocytes",-1.06666419489277,3.10336409486903,-2.68538224504873,-2.39414312997143
"GGCTGAGAGTATTGCA-2","male","IN-MGE",-3.57301316244495,-4.48071612439977,0.259635509982851,-0.47223594346325
"GGCTGGTTCGATAACC-2","male","Microglia",-9.35297212583912,11.5743371097006,0.460264982715395,-8.47608807244579
"GGCTGTCAGGGTGAAC-2","male","Microglia",8.91887083070385,-7.53607358060704,-1.18606984423086,-5.48949148812573
"GGCTGTCAGTAACAGG-2","male","IN-MGE",-5.96594820005787,-4.38764037214147,-6.40979277895376,4.2973129495116
"GGCTGTCAGTACCGCA-2","male","OPC",9.01977243440258,2.26830123342647,11.4218918104322,-0.444001580861016
"GGCTTAAGTTTGAGGC-2","male","IN-MGE",-17.144406413864,-5.83465756498204,-5.54942071245596,4.70531699499805
"GGCTTCAAGCTGTACG-2","male","Oligodendrocytes",-0.721777891944768,5.72839318193568,-1.59639775560782,-2.16344049134533
"GGCTTCAAGGATTGCT-2","male","EN",3.52781834619152,-13.4421128185831,1.52300554706171,7.15902945837696
"GGCTTCAAGGCTGGCT-2","male","OPC",11.0848769189607,2.79860793031825,12.6626421232374,-1.10147645631115
"GGGAATATCAGTTCCC-2","male","EN",5.02592411058056,-8.98931588254796,2.79611182405069,3.53250262579639
"GGGAATATCCAGGTCA-2","male","IN-MGE",2.71123566644299,-2.16898740850316,-2.61584389017508,8.04568621954639
"GGGAATATCCTCACTA-2","male","Oligodendrocytes",-0.628382301162602,5.59540234483851,-1.55232727335379,-1.92487528481762
"GGGAATATCGATCAGT-2","male","Oligodendrocytes",-0.0330958126295823,9.49687205232753,-1.85814893053457,-0.405700709011956
"GGGAGTAGTCATTAGG-2","male","Microglia",-9.35812578184498,10.4163676349081,0.683427842393663,-8.28961804070751
"GGGAGTAGTTTGGCTT-2","male","EN",3.35228576676953,-12.8140438946329,2.49329567147806,7.66620585760792
"GGGATTAAGACAACAG-2","male","Oligodendrocytes",6.27761640565502,-13.0758055599772,3.91078341199472,6.27176425299366
"GGGATTAAGACAGGCG-2","male","EN",6.9995473863374,-10.2108210476481,3.64661586476877,4.26265475592335
"GGGATTAAGCTATGAC-2","male","EN",5.98457565324414,-13.1614312084757,2.39645362092569,4.70784756979664
"GGGCAATAGCAAGATG-2","male","Oligodendrocytes",-0.470355963539006,8.43288336671962,-3.20004403398916,-1.2079965130357
"GGGCAATAGCAGGTGG-2","male","Oligodendrocytes",-0.889468288253667,8.69377718843593,-1.89504515932486,-0.596648599293633
"GGGCAATAGCGAAGTA-2","male","Oligodendrocytes",-0.697972273658635,8.71617518343104,-2.66356503771231,-1.46169140496532
"GGGCAATAGGCGGGTA-2","male","EN",8.19525375383007,-7.63391770444737,5.39009869290903,4.75784442267139
"GGGCAATAGTAACCCG-2","male","Microglia",-9.41076002104175,12.9361010638632,0.328154565826204,-8.71861412682812
"GGGCATGAGAGGAGTC-2","male","IN-MGE",-3.65849170668018,-4.24596919141637,-7.12604605959341,2.15841386160572
"GGGCATGAGCACAGAA-2","male","Oligodendrocytes",-0.7430599687804,10.868877514974,-2.08922278688833,-0.520113135960503
"GGGCATGAGGACAACA-2","male","Microglia",-9.18431959135425,12.6735879031576,0.0881694574506546,-7.84152081170361
"GGGCATGAGGGCTAAA-2","male","EN",13.6514071466218,-12.0457819851481,3.23495876981333,3.03776023230274
"GGGCCTAGTAGCTGGT-2","male","OPC",11.5993412973176,3.42897759355678,11.8043648023756,-0.11751409926693
"GGGCCTAGTCAAAGGG-2","male","EN",8.3807205201875,-7.59676446042882,5.82715380384043,4.49941441855152
"GGGCCTAGTCGACTAA-2","male","Oligodendrocytes",-0.774315094779851,2.58949457086696,-2.77344453142569,-2.35427715935986
"GGGCCTAGTGTGTGGT-2","male","OPC",10.9260863305818,3.14255486406459,12.9427219648512,-0.406450773861809
"GGGCGAATCACTAGGT-2","male","Astrocytes",-7.85520658476246,2.1030998078741,-5.23480450914786,-6.04619124093334
"GGGCGAATCAGGTTTA-2","male","IN-MGE",-3.47977170927417,-6.56036318860875,-7.65776479051993,1.29702231726368
"GGGCGAATCGAGGAGT-2","male","IN-CGE",-1.78680405599964,-17.0744341763102,-2.78816091822073,7.72308728537281
"GGGCTAACAACACCTA-2","male","Oligodendrocytes",-7.35859546644581,0.346624895707502,-3.07132828043387,-4.20344975152294
"GGGCTAACAAGCCACT-2","male","Microglia",-9.08860406858814,13.0510188189901,0.225688638225343,-8.70003941216747
"GGGCTAACAAGGTGGC-2","male","EN",8.30253114717114,-7.3458565624796,6.19097387982919,4.36702558836658
"GGGCTAACACATTGCA-2","male","IN-MGE",-2.67655382139576,-5.78986538968907,-7.43300473497793,1.28981134733875
"GGGCTAACACCAAAGG-2","male","EN",1.95542886273968,-10.5695351513468,2.19621634675577,3.89310262045582
"GGGCTAACACCTGCCT-2","male","Oligodendrocytes",-0.272019362281682,7.20968686021937,-2.93463361071036,-1.44009545007031
"GGGCTAACACGGTACT-2","male","Oligodendrocytes",-0.598486876319768,4.4829939452566,-2.36084210680411,-1.76299812951366
"GGGCTAACAGGTTCAC-2","male","Oligodendrocytes",-0.474809384178044,2.20933316625728,-2.35790383623526,-0.412839438107415
"GGGTATTTCCAGGTCA-2","male","EN",6.36944904344189,-13.2526530178629,3.67924058629587,6.17178866705616
"GGGTCAACACAAAGGT-2","male","IN-MGE",-17.0519629476775,-5.94888199888097,-5.59610736177847,4.56105587324818
"GGGTCAACAGCAACCT-2","male","Oligodendrocytes",-0.862470841239812,2.49144063867701,-1.52981197641775,-2.67835095086376
"GGGTCAACATAAGTCT-2","male","Astrocytes",-9.06205186827076,-0.140692308767901,-4.80028426454947,-5.6267433420686
"GGGTCAACATGAGTTT-2","male","Microglia",-8.90166101438892,12.1654559222616,0.634150551691797,-7.89698174157421
"GGGTCAACATGTTTGG-2","male","Oligodendrocytes",-0.928260183166387,3.17706929124965,-1.56615793512747,-3.85616448083202
"GGGTCACTCATTACAG-2","male","EN",0.692703330684779,-1.99884690366612,3.1089311857374,3.99723193487843
"GGGTCACTCTAGCGTG-2","male","Oligodendrocytes",-1.07330033762348,0.816849618927373,0.148078860774782,-3.41820290246288
"GGGTGAAGTAGCTAAT-2","male","EN",6.42852010743725,-13.2676228436075,3.60849845601633,6.20579430899341
"GGGTGAAGTCCGTAGG-2","male","EN",-6.56487903578174,-5.51035441480504,-2.78376519487784,7.80872533163746
"GGGTGAAGTTGCAGTA-2","male","Oligodendrocytes",-0.73808429224384,10.1005679217733,-2.60482156084463,-1.42393949189465
"GGGTGAAGTTTCGCGC-2","male","Oligodendrocytes",-0.832940792869451,0.211616143361463,-2.98008858965323,-0.871904160168572
"GGGTGTTGTGCCTCAC-2","male","Oligodendrocytes",-0.343816077541234,6.03320275224818,-1.80964600847647,-1.04569974103252
"GGGTGTTGTTATAGCG-2","male","EN",2.98945298211682,-13.667631998881,2.15742027951792,7.14122292837818
"GGGTGTTGTTTCCACG-2","male","EN",6.64052381532299,-11.626875773295,3.29389083577707,5.21100566229542
"GGGTTACGTCCCGAAG-2","male","OPC",10.434206867386,3.08095131792201,12.7525602598341,-0.344334031727715
"GGGTTACGTCCCGGAA-2","male","EN",3.23673548715222,-13.2971342953287,-1.47208273218558,-5.30763104119579
"GGGTTACGTGTTGTAG-2","male","Microglia",-9.44884786589039,12.6450806704916,0.829895258009579,-7.97086479821484
"GGGTTACGTTAAGCTG-2","male","EN",3.29222526567089,-13.5864495190226,1.61406392051294,7.48377320608814
"GGGTTATTCATGGTGT-2","male","EN",1.79342606084454,-11.1557721050821,0.575957777038362,4.93853947958668
"GGGTTATTCGCAGGCT-2","male","Oligodendrocytes",-0.365401959251286,6.49746714510097,-1.57709920214102,-0.626009251263543
"GGGTTTCCATAACGGG-2","male","IN-MGE",-3.06931481344593,-3.78090180478917,-6.32070195482657,1.99395749411304
"GGGTTTGTCAACCAAC-2","male","IN-CGE",1.17671557681668,-3.90974892698155,-3.79557311342642,9.74075362524708
"GGGTTTGTCACGCATG-2","male","Microglia",-9.27943334562671,9.00409136690272,-0.798962710365507,-6.15958883919994
"GGGTTTGTCACGCGGT-2","male","IN-MGE",-3.53024849874866,-5.18054331861363,-7.56788003252432,1.4086320146056
"GGGTTTGTCCCTCTAA-2","male","Microglia",-9.15630731565845,10.948184117452,-0.58778846071646,-7.93879940667431
"GGGTTTGTCTCCATAT-2","male","EN",7.77415456788647,-6.74470843397008,6.34028446866586,4.02473137221058
"GGTAAACCAATTGACT-2","male","Oligodendrocytes",-0.500080203842046,9.83114443697108,-3.12072980211661,-1.44647600808422
"GGTAAACCACAATGCC-2","male","EN",3.17639007585156,-11.5558604153238,1.91871082974985,5.60715100607593
"GGTAAACCATGCAACC-2","male","EN",4.17583575265515,-13.4722031506144,2.39021527959421,7.16324708304127
"GGTAAACCATTAAGTC-2","male","Astrocytes",-7.94546899778736,0.261707409993543,-4.68401515291617,-6.61364271798412
"GGTAAACCATTGACAT-2","male","EN",7.60657825486767,-9.32983483396398,4.4004350919874,4.69068953833301
"GGTAACCGTGCATCGG-2","male","IN-MGE",-7.24870214445484,-5.25129927717076,-6.83350312517569,4.56777140936573
"GGTAACTTCGGTCAAT-2","male","Oligodendrocytes",-0.781380390952947,11.0682536212362,-2.05926072405264,-2.84263732590954
"GGTAAGGGTAAGGTCC-2","male","IN-MGE",-0.843858814071538,-1.69369544111119,-6.92408454225943,4.50613972983082
"GGTAAGGGTCATTGTC-2","male","EN",8.1200512887727,-7.05944241605626,6.28700030042246,4.51402590117176
"GGTAAGGGTCGCGCAA-2","male","Oligodendrocytes",-7.16883048994434,0.750929847136869,-3.34204327867911,-5.31123926797192
"GGTAAGGGTTAACACG-2","male","EN",5.32045497911083,-9.59333695493566,3.17573535634592,3.7076346620055
"GGTAAGGGTTAACGGC-2","male","Microglia",-9.52979192716968,12.3668118564047,0.317179979816225,-7.99698879876415
"GGTAATTGTAGGATCC-2","male","IN-MGE",-7.13462743742359,-5.31009806714879,-6.25212275789664,4.38715431532581
"GGTACAAAGACTAAGG-2","male","Microglia",-9.130547618698,10.7109623996176,-0.536534545883391,-6.53546574273388
"GGTACAAAGCACCACA-2","male","EN",5.18051042573559,-9.77152241788732,3.16458213521555,3.54582283339222
"GGTACAAAGCGAGCGA-2","male","Oligodendrocytes",-0.726026630233647,6.91567908205165,-2.76993620203421,-0.935681964543267
"GGTACAAAGCTGTACG-2","male","Oligodendrocytes",-0.353929912876012,8.02544604219569,-1.84190332697317,-3.90247204461376
"GGTACAAAGGTCCAAT-2","male","IN-CGE",2.39868965165722,-4.79870118223058,-4.41170346544668,10.8259272321196
"GGTACCGGTAACGTGC-2","male","Oligodendrocytes",-0.0624994693506974,9.48460112489833,-3.12653100298331,-1.20065083661358
"GGTACCGGTAGTAAGA-2","male","Oligodendrocytes",-0.272963797878148,9.11623965181483,-1.98373281763479,-0.99578204312603
"GGTACCGGTCATTGTC-2","male","IN-CGE",2.34139611737835,-4.6836775692545,-4.10264813707754,10.6719889386626
"GGTACCGGTCGCATAA-2","male","IN-MGE",-3.42985329611194,-3.90437306485997,-7.5827192048876,1.98180887541492
"GGTACCGGTGCAACTA-2","male","Oligodendrocytes",-6.87005386335743,1.4231002775587,-1.88326489733145,-3.10076120057385
"GGTACCGGTTATTGCC-2","male","EN",8.43598833100903,-6.84954918943273,6.49045956327036,4.08378169378956
"GGTACCGGTTGCACGG-2","male","Oligodendrocytes",-7.45840272886646,0.0138481108106513,-3.64499461458609,-5.79901459374706
"GGTACTAGTCATTGTC-2","male","EN",8.31313648240673,-6.78667534910069,6.3046361227186,4.52098748526295
"GGTACTAGTGAGCGAA-2","male","IN-MGE",-3.89960918409717,-5.9791458996378,-7.3776468019335,0.930690263125495
"GGTACTAGTGGATTGC-2","male","Oligodendrocytes",-0.485207593273045,6.70335350908412,-1.99494087503836,-0.22638359227459
"GGTACTAGTGGTGAGA-2","male","Microglia",-9.12795648558033,10.7663060275473,0.362338425651338,-7.97679093041699
"GGTACTAGTTAGACCA-2","male","EN",3.17666783349621,-13.7913159283243,2.19759082986429,7.66135642370899
"GGTACTAGTTGTCCAT-2","male","Endothelial",2.4993602277528,13.6484643069662,2.97895014478281,-2.18235423722546
"GGTACTTAGCGGTTAT-2","male","Microglia",-9.2816296575774,9.80980025209559,-0.742384908661101,-8.51093533196728
"GGTACTTAGGGACTAA-2","male","Microglia",-9.23167524320972,12.718676671163,0.26331383182123,-8.4049039141206
"GGTACTTAGGTGCTGC-2","male","Microglia",-9.2592326162566,12.0552016345419,0.0539262313993241,-8.97269299187939
"GGTAGGAGTGAATCGC-2","male","IN-CGE",-1.98323569280994,-17.1456183346354,-2.96389400766775,8.23221680960377
"GGTATGTTCCCTGACT-2","male","IN-MGE",-17.1326838491668,-5.8762086781107,-5.61030471132681,4.52764627775867
"GGTATGTTCTATCGCC-2","male","Astrocytes",-8.89114961607349,-0.394864455088244,-4.40793692873404,-5.77212765374462
"GGTATGTTCTGTTCAT-2","male","EN",8.17879953401196,-7.98404873929845,4.9552823324354,3.78916857084949
"GGTATTGGTATTGTCC-2","male","OPC",12.0619095803987,3.7527967540182,12.7102295179518,-0.388803269055291
"GGTATTGGTGGACATC-2","male","EN",7.83928670899975,-6.92316521726476,6.16959679318979,4.21836373648365
"GGTATTTCAACTAACT-2","male","OPC",11.7000426294099,3.34195385851039,11.286103846565,-0.111795987275048
"GGTATTTCAATGAATG-2","male","EN",2.99715223329174,-11.9935950192057,3.16908467008188,3.15662381491383
"GGTATTTCATAAGTTC-2","male","Microglia",2.1118623258363,4.12927494920863,-3.66585385607168,-5.61114552178661
"GGTATTTCATGTTTGG-2","male","OPC",11.7429684640657,3.7165692893423,11.6012836713941,-0.423019434597893
"GGTCAAGCACATTGCA-2","male","IN-CGE",0.807606721092341,-3.84510411344396,-3.21478640840933,8.86372325262745
"GGTCAAGCACCCACAG-2","male","Oligodendrocytes",-0.679037904571416,6.31987534441127,-2.02692115114615,-3.59039929070751
"GGTCAAGCATAATCCG-2","male","EN",1.33941676633465,-10.9193247707926,-0.188987610801909,-0.950765158322258
"GGTCAAGCATTCCTGT-2","male","IN-MGE",-7.06664333326709,-4.36622227750646,-6.6681421975939,4.5188512547942
"GGTCAATTCAATGTGC-2","male","Oligodendrocytes",-0.73632225973499,10.9851657000936,-2.78096377657339,-1.23688485780041
"GGTCAATTCTTGACCC-2","male","EN",-0.271742200683476,-1.1829657705866,3.96259272290781,5.93793437323292
"GGTCAGGAGGAGGCAT-2","male","Oligodendrocytes",-0.534337794612767,6.48842297472133,-3.60006034181998,-1.25040629067699
"GGTCAGGAGTACTGGT-2","male","Oligodendrocytes",-0.523827469180943,8.76859675325526,-2.21693479822561,-0.929311896946831
"GGTCAGGAGTTTGAGC-2","male","EN",1.40707256810772,-9.61224736295568,1.22581660939768,4.69831988653858
"GGTCATTAGCATGGTT-2","male","IN-MGE",-17.144349193405,-5.86039723478185,-6.66385972307608,4.76842925390919
"GGTCATTAGCGCATTG-2","male","Oligodendrocytes",-0.242567753623845,7.25071535982265,-3.09516966150686,-1.76160338082592
"GGTCATTAGTAGCTTA-2","male","Oligodendrocytes",0.354623829741357,-4.29921187482701,-1.94196522043631,-3.7302212969331
"GGTCCATCAACCTAAT-2","male","Oligodendrocytes",-0.521072840522649,1.99757610239161,-2.53076207445547,-2.2411105886964
"GGTCCATCAAGTGAAC-2","male","Oligodendrocytes",-0.948090767692449,7.14040003694667,-2.17942154215262,-0.780895139363213
"GGTCCATCAGCAGGTA-2","male","Oligodendrocytes",-0.387932097743871,6.43591891206874,2.89417922689035,-0.311083401825829
"GGTCCATCAGTTTACG-2","male","Pericytes",2.31659080999005,0.372086941973104,2.75537681771829,-0.414729382183953
"GGTCCGTAGAAACTGG-2","male","EN",3.919186258484,-13.4992417248331,1.90042293263986,7.35954234442432
"GGTCCGTAGCACTAAC-2","male","EN",1.45772960202801,-9.74016942106114,1.46475732518747,4.78173920950611
"GGTCCTGCACACTAAT-2","male","EN",7.01395359056103,-10.8356875332438,2.98249972058847,4.98977944693287
"GGTCCTGCACCTCGCT-2","male","Oligodendrocytes",-0.56818101389301,10.6397448626913,-2.64397203730032,-0.168163742211266
"GGTCCTGCACGTAAGG-2","male","IN-CGE",1.19562038200009,-5.67369116865026,-3.83430135057852,9.94819114050587
"GGTCGGTTCATTTGCT-2","male","Oligodendrocytes",-0.4014250992049,8.41743336595668,-2.45072161959097,-2.73695042290966
"GGTCGGTTCCAAATCA-2","male","EN",7.92483081834423,-8.39212311826573,6.07138121320322,3.70810887655933
"GGTCGGTTCCTCACAC-2","male","IN-CGE",1.38140251653302,-4.8100432308756,-3.66715180681631,9.84334323248585
"GGTCTTGAGCCGCAGT-2","male","EN",7.49891748445141,-6.80727280698644,5.84959805203989,3.8738202794524
"GGTCTTGAGCCTGTTC-2","male","Astrocytes",-8.06782541258228,0.179323449508085,-4.75092875765249,-5.99669315972607
"GGTCTTGAGGGCTAAA-2","male","EN",6.88880577104199,-10.8099345120035,2.68769526673868,5.04940888724049
"GGTCTTGAGTAGCGGG-2","male","EN",2.35066714303601,-2.25325717054235,-0.951535699829314,3.60967657408436
"GGTCTTTGTACGCGCA-2","male","Oligodendrocytes",-0.649836873840215,5.46710883058681,-1.75477635668204,-2.40382149377148
"GGTCTTTGTACTGAAT-2","male","EN",6.7128771783601,-10.9253357800089,3.0762265939863,4.35368201575001
"GGTCTTTGTGAGCGAA-2","male","EN",5.39176883714306,-9.64956845365392,3.4789103288801,3.50742742857655
"GGTCTTTGTTCGGGAT-2","male","OPC",10.3468808175813,2.85477767862452,12.6225439329298,-0.959246303227349
"GGTGAGCCACTAAGAA-2","male","IN-CGE",-3.19611105902088,-9.6539620312296,-3.09521472261831,8.49922559103687
"GGTGAGCCATCAGCAC-2","male","IN-MGE",-4.90786037428272,-6.3951262386881,-6.73095500276968,3.11846682867725
"GGTGAGGTCCGGGACT-2","male","EN",1.26206990497219,-9.86637677274572,0.994602652326372,4.79985234579761
"GGTGAGGTCCTAAGGT-2","male","IN-CGE",1.43019452111828,-5.42021168790685,-4.1438673715441,10.3638872846099
"GGTGAGGTCGGCCAGT-2","male","EN",5.1827634813081,-8.86111821256505,4.03989350987985,3.68400046667774
"GGTGAGTAGCCTGATG-2","male","EN",1.36176731603253,-10.8336600216471,0.677728788986948,4.96173093161304
"GGTGAGTAGCGAAGTA-2","male","EN",15.5185460092317,-5.40726174436437,0.916294703319814,3.53452489218433
"GGTGAGTAGGAAGCAC-2","male","Oligodendrocytes",-0.426934516261937,3.91314779199733,-3.12406766222403,-1.139242436078
"GGTGATTTCACGCGGT-2","male","Microglia",-9.1829215048064,12.0970059482016,0.290705205932405,-9.06082108178417
"GGTGATTTCAGGTTTA-2","male","OPC",10.4208563806306,3.43393455423488,11.8040186185987,-0.403512026455803
"GGTGATTTCTCAATGA-2","male","EN",2.95806183831799,-12.2215937527262,2.34782862855509,6.78205201468189
"GGTGATTTCTGTGCAG-2","male","OPC",12.5685118676912,3.51727114595546,12.1304308195265,-0.787630583432122
"GGTGCTGGTCGCAATA-2","male","Oligodendrocytes",-0.643545484374883,2.58452604688777,-1.71126520441458,-2.15345313706677
"GGTGCTGGTCGTTACT-2","male","EN",7.39868106858837,-9.29600800596105,3.23256075574472,3.9835340722533
"GGTGCTGGTTCCGGGA-2","male","Oligodendrocytes",-0.568356072734715,2.22488974012507,-1.76071870134756,-2.32513358750622
"GGTGCTTCACACTAAT-2","male","Microglia",-9.15063486082447,11.6643944827474,0.818544266805198,-8.78382351556103
"GGTGCTTCATCACAGC-2","male","IN-MGE",-2.39634571058643,-5.44214047513829,-6.89033829973623,0.976695124718742
"GGTGCTTCATCACTTC-2","male","EN",7.47885599153149,-10.0383738430582,3.70532095624521,4.46722981772144
"GGTGTTGTCCGTAAAC-2","male","Microglia",-3.06456933004749,-5.25333346448766,-1.44134175585196,-5.47205927529614
"GGTGTTGTCCGTTAAA-2","male","IN-MGE",-6.57262287123096,-4.33980120740758,-6.6370896081774,4.02252027830799
"GGTGTTGTCCGTTATT-2","male","Microglia",-9.24339590055835,9.96534071840419,0.79644669412091,-8.78059914269726
"GGTGTTGTCCTCGATC-2","male","EN",3.82045092599499,-13.4043692501627,2.02653956605509,7.30478331885059
"GGTGTTGTCGTTATAG-2","male","Astrocytes",-8.84603509886158,0.229885801450147,-4.5560086946337,-5.66807987847607
"GGTGTTGTCTAACCTT-2","male","Oligodendrocytes",-0.599119579624059,5.26305542863978,-2.88154041574881,-1.95862152734081
"GGTTAATGTCGACTCC-2","male","Oligodendrocytes",-0.579011714290502,2.65959392465724,-1.91989195154593,-2.13453509965221
"GGTTAATGTGGTTATG-2","male","IN-MGE",-3.7165285108794,-6.30758656583653,-6.66429745958731,0.602477785858707
"GGTTACCCAAAGGTAC-2","male","Oligodendrocytes",-0.948141193221929,3.08125816263331,-2.0717819909899,-3.08032276788036
"GGTTACCCAATCGCAC-2","male","EN",6.77331819551098,-11.3241995724283,1.30667123390749,3.22165057501514
"GGTTACCCAGTCTAAT-2","male","Oligodendrocytes",-0.635443425010564,10.2193537799276,-2.33508574770376,-1.11972930589001
"GGTTACCCATGGCCCA-2","male","IN-MGE",-7.09749231321705,-5.06872977338658,-6.76700675295279,4.6493911488982
"GGTTACCCATTTAAGC-2","male","IN-MGE",-2.40681657774341,-5.45449294172154,-7.52926480577872,1.47577098450382
"GGTTACTAGAACCTGT-2","male","OPC",11.2614869119416,2.5561380235113,12.9729219694288,-0.549886252072258
"GGTTACTAGCATGGTT-2","male","Oligodendrocytes",-0.611244773696782,2.38105832018031,-1.92399489687369,-2.60827591576855
"GGTTACTAGGATTGCT-2","male","EN",2.93311014192211,-13.485069170817,1.89880466653421,7.78125283560474
"GGTTAGCGTCAATACG-2","male","Oligodendrocytes",-0.596236681770207,9.79951678194178,3.03515041066721,-0.515121604588433
"GGTTAGCGTTACAAAC-2","male","IN-MGE",-2.7550536154021,-5.51277817808019,-6.98125350283072,0.827394176933364
"GGTTATATCACTAAGC-2","male","Microglia",-8.9737683294524,11.8366318789877,0.446362199321535,-7.75792744317333
"GGTTATATCCCATAAA-2","male","Oligodendrocytes",-0.471399044822575,8.29601965822352,-3.55177056597159,-1.13002529301922
"GGTTATATCCCTCTAA-2","male","EN",3.69713654534924,-13.2613343151651,1.80544603063181,7.37490460715015
"GGTTATATCTAATTGG-2","male","EN",6.05036726014721,-13.0475052746378,3.75561607076242,6.44370696387012
"GGTTATATCTGTGCCT-2","male","EN",8.01214494721997,-7.87725915037023,6.01216042234018,4.67125389418323
"GGTTATGGTAAGGTCC-2","male","Microglia",-9.1193810461272,11.4155284015097,0.168209971919801,-8.21352818169872
"GGTTATGGTACTGAAT-2","male","Astrocytes",-8.05969629270923,0.206680789367094,-4.93759953783438,-6.57415011086742
"GGTTATGGTTAGTGAT-2","male","OPC",10.9387282373201,3.24696432031764,12.8525778074415,-0.478653098729058
"GGTTCCCGTAGCCTAA-2","male","EN",8.15242471711743,-7.53452958188878,5.80268728925302,4.72834870657642
"GGTTCCCGTTAGCCAA-2","male","EN",6.37483396546948,-13.2899636181437,3.79637825681284,6.19129035315235
"GGTTCCCGTTCCTGAT-2","male","Oligodendrocytes",-0.585043287109258,3.6412883845724,-1.98223554895804,-1.51814797082226
"GGTTCCCGTTTAGCTC-2","male","Oligodendrocytes",-0.607583498786809,3.64352141298427,-2.2337726335375,-2.05961754479687
"GGTTGACGTAGGTTGC-2","male","Oligodendrocytes",-8.69493875486744,1.96809314169063,-4.30430209444449,-6.46838810601513
"GGTTGACGTTAAGCGC-2","male","OPC",9.90616502778637,2.90849934496058,11.3582903165968,-0.359466458943291
"GGTTGAGCATAGCGGA-2","male","IN-CGE",1.60526278035748,-6.04628314100133,-3.97670590685293,10.4314369901152
"GGTTGCATCAATGACC-2","male","Oligodendrocytes",-0.565088546108129,9.76241122163905,-3.17582642839834,-1.34161760964672
"GGTTGCATCGTGCTAG-2","male","Microglia",-7.48448953611744,13.3275261966146,-0.445013401970122,-8.08182003655712
"GGTTGCATCTTGAGCG-2","male","Oligodendrocytes",-0.979447698425176,9.54462061800136,-2.39087140367911,-1.77617433228771
"GGTTGCGGTAGGATCC-2","male","EN",4.72774305360424,-12.0875519665323,-2.48523723886893,7.79460666022022
"GGTTGCGGTATGGTGC-2","male","Microglia",-9.40401563627613,9.47747813142909,-0.691897509559843,-6.35947277703564
"GGTTGCGGTCATAACG-2","male","EN",0.681707346607326,-9.5870732220255,0.826342083573487,5.40129277548511
"GGTTGCTCAGGCAAGC-2","male","EN",8.65025129335034,-6.92688550077306,6.31561386777475,3.94397065481861
"GGTTGGTGTAAGCTCA-2","male","Microglia",-8.99851999266041,10.7542124835409,-0.492908833488676,-8.57792904534618
"GGTTGGTGTCGACTAA-2","male","OPC",11.1086043359529,2.86611376680507,10.8773380537184,-0.372640515950127
"GGTTGGTGTGATTTGG-2","male","IN-CGE",2.11109461801159,-5.9349941166483,-4.16953694628164,10.8287749036284
"GGTTGGTGTTGGTGAC-2","male","EN",3.13444032685864,-12.8513935955607,2.01913023187235,6.52093407950123
"GGTTTAATCATTACAG-2","male","Oligodendrocytes",-0.766586398910405,9.48374377168788,-3.11050474451468,-1.05280532994549
"GGTTTAATCCGTGACA-2","male","IN-MGE",-7.18868074400318,-5.48281706891881,-6.70992266939566,4.0206823094817
"GGTTTAATCTGTAAGC-2","male","Oligodendrocytes",-0.811563706230046,1.9151879397787,-1.48705279634878,-3.32847836175243
"GGTTTAATCTTCAATC-2","male","EN",3.16284837739575,-13.6856926830851,1.66445386601999,7.2201452001067
"GGTTTCCTCCGCAACA-2","male","EN",1.91974320428479,-11.7061032208048,-2.42234098719046,-1.40054085412304
"GGTTTCCTCTCCATGC-2","male","Microglia",0.41907113211262,-4.3649953754984,0.0568607468755509,-8.79561474480908
"GGTTTCCTCTTTAAGG-2","male","IN-CGE",2.56514158265698,-5.394248858317,-4.0882705430834,10.8831228955718
"GGTTTCTGTAGGTTGC-2","male","Astrocytes",-9.00395879728687,1.10094486154689,-4.95694100664541,-6.21008827843945
"GGTTTCTGTCACAGCG-2","male","IN-CGE",0.0175622345696669,-4.80374993406163,-3.1679185609667,8.63555619559009
"GGTTTCTGTCACCTAT-2","male","Oligodendrocytes",-0.77865157110584,2.92528234399928,-1.66885316179678,-2.35502722420971
"GGTTTCTGTGATCAGC-2","male","Oligodendrocytes",-6.64895830137623,1.60512290872706,-2.67611920641348,-0.473670150425835
"GGTTTCTGTTATGTGG-2","male","EN",2.81821718232739,-13.4850987347208,2.29312944604471,7.68445203146656
"GGTTTGTAGCTTGCTC-2","male","OPC",10.6925810815583,4.28364478029384,11.8968416471632,0.186450605008201
"GGTTTGTAGGCCTTAG-2","male","IN-MGE",-6.40665159208667,-4.42418421827184,-6.71798503206656,3.89516947111805
"GTAAAGCCAATCCTAG-2","male","OPC",12.171137714554,2.92222605623378,12.0273224134596,-0.542257334378167
"GTAAAGCCAGCCGCTA-2","male","Oligodendrocytes",-0.82244298441303,2.38148437418117,-2.76098453806326,-2.21115353265087
"GTAAAGCCATTCCTGT-2","male","Oligodendrocytes",-0.896684026550176,0.85904659308566,-2.17039668367789,-1.41951325097363
"GTAAGCAAGCACAGCC-2","male","Oligodendrocytes",-0.64732775671375,10.9395171252645,-2.98459470079825,-0.81043698945324
"GTAAGCAAGCCTCTGT-2","male","EN",8.04367008226025,-7.15637673459874,5.84682619763925,4.7530436261626
"GTAAGCAAGCGGATTT-2","male","Oligodendrocytes",-0.680383539031865,5.73464642442836,-3.0742598752825,-1.29845240273754
"GTAAGCAAGGCGAAAC-2","male","Oligodendrocytes",-8.83679780943287,0.472494534925355,-3.29452884004996,-5.10083010354321
"GTAAGCAAGGGACTAA-2","male","OPC",11.5840834619294,3.37516675867213,12.1014686842115,-0.465264107373162
"GTAAGCAAGGTTTACA-2","male","Oligodendrocytes",-0.112504607271077,6.87532483019008,-2.30985581682608,-0.075819696572228
"GTAAGCAAGTCATGCG-2","male","OPC",10.2656773568879,2.42085371889247,10.7004562635572,-0.743949796345635
"GTAAGCGCAAAGCCTC-2","male","Oligodendrocytes",-0.758352255653264,1.09705935396327,-0.258824227318022,-2.54632141747753
"GTAAGCGCACTGACCG-2","male","EN",2.63662018792736,-11.7179697903238,2.54456782533243,4.23245189032276
"GTAAGCGCATTAAAGG-2","male","Oligodendrocytes",-0.539676880668523,7.2379475680746,-3.08419763849661,-0.925930287030144
"GTAAGCGCATTGCGAC-2","male","Microglia",-9.1014891622771,11.5896674243368,0.840160037450638,-8.63245632806103
"GTAAGCTTCAATTACG-2","male","EN",4.99383106248486,-13.0067786129557,2.75654983712747,7.23883912405689
"GTAAGCTTCATCACTT-2","male","Oligodendrocytes",-1.1551750658263,2.03634200967921,-1.70297276781485,-2.95367863335888
"GTAAGCTTCCGCCTAT-2","male","IN-MGE",-3.58049402220142,-6.17807044111119,-7.47461259172842,1.43675896963795
"GTAAGCTTCCTAAGAC-2","male","EN",0.326700826902268,-2.1911353024088,1.08416100038603,5.05547997793873
"GTAAGGTCAGGTCCTG-2","male","Microglia",-8.99766740782154,13.7728406039633,0.443169148698595,-7.84550144830029
"GTAAGGTCATGACTAT-2","male","IN-MGE",-2.5268529413451,-5.29448117338048,-7.75162827776358,1.31677332958897
"GTAATAGCAATTTAGC-2","male","Astrocytes",-8.42800626737964,-0.0297411235414605,-4.61925256060049,-7.30343344369213
"GTAATAGCACCTGCCT-2","male","EN",4.63654365556347,-10.0394209774576,2.8573750276716,3.74502632460316
"GTAATAGCACTAGGTC-2","male","Oligodendrocytes",8.65820493714916,-6.59338034711705,6.03425800992563,4.07782885870655
"GTACAATGTTAGTGAT-2","male","Oligodendrocytes",10.1839379312288,2.54886983312739,-0.0656277518121933,-1.31258442559521
"GTACAATGTTGTAACG-2","male","Oligodendrocytes",-8.3318062780608,0.0648615209020514,-3.31788813875601,-5.27965595879833
"GTACACCCAAGGTCCT-2","male","EN",7.74361743943798,-6.79648722730504,6.26945221616342,3.99257681212147
"GTACACCCAATATACC-2","male","OPC",11.3190516473542,3.5585087386526,12.7939993162306,0.0855124934645457
"GTACACCCAGTACCGT-2","male","EN",2.97651662843335,-11.9825266750895,-3.73642337129996,10.6630596860381
"GTACACCCATAAGTTC-2","male","IN-MGE",-7.01555881483448,-4.22192944608556,-7.03872287081167,4.75594279608448
"GTACACCCATAGCGGA-2","male","EN",0.884700262714503,-10.3768814953409,0.890960225895193,5.24096963247974
"GTACACCCATCCATCT-2","male","IN-MGE",-3.39047584516895,-6.16787947736608,-7.4369729738085,0.915038515541152
"GTACCGGGTGACATAT-2","male","OPC",11.0867518426667,3.1017216292776,12.7942663450392,-0.68717255749981
"GTACCGGGTTGGTTAG-2","male","Astrocytes",-7.01855573637378,1.06731878198756,-4.65826356218741,-7.33230259576122
"GTACCTTGTAACCACA-2","male","EN",0.633490765262721,-0.0853076132379632,-1.82927787111685,-2.20681502976696
"GTACGTAGTATTGCAG-2","male","Oligodendrocytes",-0.523462450336339,6.81467066682948,-3.3464082460253,-1.17764308610241
"GTACGTAGTCGCATAA-2","male","Oligodendrocytes",-0.622443055938603,10.4048434344686,-2.13570391939566,-0.743814732220574
"GTACGTAGTTTCCGGC-2","male","OPC",12.2561444284211,4.08025990404262,12.2048345823438,-0.60817697205822
"GTACTAATCATGACCG-2","male","Oligodendrocytes",-0.936638450454595,1.44232682861461,-2.85498010919974,-1.97135641732494
"GTACTAATCCAATAGC-2","male","EN",6.39666070954907,-13.1960734280192,3.66767180158212,6.06713483175953
"GTACTAATCCACCTTA-2","male","EN",3.0618077756654,-13.5497340115152,1.59599369956568,7.52040812811573
"GTACTAATCCCTCACG-2","male","Microglia",-9.02631959898365,13.4926358310141,0.28248399688318,-7.73323013940136
"GTACTAATCGTTTCTG-2","male","IN-CGE",-3.45126113874805,-6.20370234571324,-6.64890229509756,2.47832522234638
"GTACTAGGTCCTTTAA-2","male","EN",5.55951061265576,-9.64831532560216,3.19774854375437,3.89186761221607
"GTACTGGTCATGGCTG-2","male","EN",8.31875171678173,-7.12625588498937,6.0411125440748,4.27642247519215
"GTACTGGTCCCTGGAA-2","male","IN-CGE",2.56249823587048,-4.6550983341776,-4.33707177446768,10.3645119412871
"GTACTGGTCTGCAAGT-2","male","OPC",10.5328492166291,2.62308655656947,10.9258981962354,-0.482497479107781
"GTACTTAAGATACTTG-2","male","Oligodendrocytes",-7.84937581999195,-0.233878687246905,-3.99424922274039,-5.68624928155224
"GTACTTAAGCGCTCAA-2","male","Microglia",-7.48218307478321,13.350006207601,-0.809085367187712,-6.43155529656689
"GTACTTCGTACAATGT-2","male","IN-CGE",-2.93926582319629,-9.36194314084874,-3.20971524523184,8.60173938116749
"GTAGCCATCAGTATTG-2","male","EN",-6.81422672254932,-5.92357338987218,-6.9714664201586,2.73537275633533
"GTAGCCATCATTGTTC-2","male","Oligodendrocytes",-0.586480176280858,3.60264264024867,-2.00299322412893,-2.4378834024934
"GTAGCCATCCTCACTA-2","male","Microglia",-9.41147813780201,13.1129971591391,0.32029521657541,-8.3817105547456
"GTAGCCATCGCAAACT-2","male","EN",1.14851512925732,-10.7680319698893,0.586573215261247,5.28553387961109
"GTAGCGCTCAATGACC-2","male","Oligodendrocytes",-0.400600528549077,7.74971781648768,-2.43964397715018,-2.40386488595287
"GTAGCGCTCAATTGGC-2","male","IN-MGE",-2.77100596411121,-9.14624585233556,-3.15471780107901,8.49079844793995
"GTAGCGCTCAGCCAAT-2","male","EN",4.14622464196789,-13.1739539059244,2.59777820302561,7.33770320257862
"GTAGCTGTCATTTGTC-2","male","EN",6.55121221559155,-10.3919533642374,3.54368674947336,4.00715157828052
"GTAGCTGTCCCTGTTA-2","male","Oligodendrocytes",8.40463533418286,-7.60793770871984,-1.40200865076468,-3.37963631310741
"GTAGCTGTCTGCAACG-2","male","Oligodendrocytes",-0.429460203479649,6.58553753770961,-2.19181978510306,-1.59375002541821
"GTAGGAGGTTAACACG-2","male","Pericytes",2.22334303872692,0.345460116640462,2.69940197660044,-2.82071044602673
"GTAGGAGGTTAAGCGC-2","male","EN",8.23225965516674,-7.0456708820902,6.42680275632456,4.49434397062977
"GTAGGAGGTTACTTCA-2","male","EN",4.05521049516308,-13.905066386088,1.68180531455591,7.55432841620167
"GTAGGATCAAGGAATC-2","male","EN",7.48370733277905,-7.44681347928868,5.31664908124521,4.69411704382618
"GTAGGATCACCAGGTT-2","male","OPC",11.1049984933625,2.72791253008021,12.6072317381056,-1.20660200276653
"GTAGGATCACCATATG-2","male","Oligodendrocytes",-0.0336009917963762,7.47279559053554,-2.67057668970511,0.00844136318881938
"GTAGGATCACTCGCTC-2","male","EN",14.1579169275056,-5.4880160244547,0.227165402904298,2.93816587767322
"GTAGGATCAGCACGTT-2","male","IN-MGE",-2.39803800566089,-5.754018679484,-7.66440522478506,1.11988085946758
"GTAGGATCAGGGAGCT-2","male","Oligodendrocytes",-0.254197037052037,6.74061404146327,-3.21565472887442,-0.923828388836785
"GTAGGATCATAAGCAA-2","male","IN-CGE",1.89895429628002,-4.96685542188512,-3.89525735186026,9.90175292334278
"GTAGGATCATGACTAT-2","male","EN",12.3306416513215,4.62034092821254,1.8726429958494,5.85111758551319
"GTAGGATCATTAGGCC-2","male","EN",-3.17900285704029,-4.98586358152257,-6.27552592562124,0.757178258809642
"GTAGGCGAGCTATATG-2","male","Oligodendrocytes",-0.442639982532384,9.18483076967372,-2.09689318941519,-0.327507163670464
"GTAGGTGCACAAAGGT-2","male","Microglia",-9.35673437101734,9.17493925966395,0.756416292920854,-8.66918804803173
"GTAGGTGCACCTCGCT-2","male","EN",4.88486566560375,-12.9946965130411,2.7864590902479,6.73025557837208
"GTAGGTGCAGCCAGAA-2","male","OPC",10.7465247155915,2.93637882150783,12.4346100111158,-1.0398086563615
"GTAGGTGCATAAGGAC-2","male","EN",0.894084775615809,-9.92776097379552,1.46919632150247,5.13444087347706
"GTAGTTATCATTCATC-2","male","Microglia",-9.27836236936939,8.93464480318202,-0.903046844467375,-6.10869219460766
"GTAGTTATCCGGTTGA-2","male","OPC",10.5668248178254,3.09257112421168,12.5869661588819,-1.29013052144329
"GTAGTTATCGCTCACT-2","male","Astrocytes",-7.41898975355518,0.566378606260552,-4.84701955126211,-7.27842524209301
"GTAGTTATCTAGCGAT-2","male","OPC",11.4788645746003,3.73762737192286,11.7077537794264,-0.506537224438592
"GTAGTTTCAAACCTTG-2","male","Oligodendrocytes",-7.63816747648609,0.328552648202314,-3.66696870134756,-5.5306248919038
"GTAGTTTCAACTGGGA-2","male","EN",14.2821949960481,-5.61252917371617,-0.139020321830962,2.34909198126514
"GTAGTTTCACATACTG-2","male","Oligodendrocytes",-8.02597150785816,-0.426986709459887,-4.4775756578295,-6.57840635934155
"GTATCGCCACTTGTTC-2","male","Oligodendrocytes",-0.720295286010625,9.37326441682948,-3.02053963945791,-1.10151770272533
"GTATCGCCATAGCTTG-2","male","EN",6.196028137375,-12.829307452067,3.90504110051706,5.99810550055225
"GTATCGCCATGTCGCG-2","male","EN",8.13667192475903,-7.59708108030187,6.25542891217783,4.52268645605762
"GTATGTGGTAAATTGC-2","male","Oligodendrocytes",-8.92507753355396,-0.116478637083636,-3.8362821321337,-5.61029341378491
"GTATGTGGTCACGGAT-2","male","EN",4.97440853135693,-9.71923722349034,3.28273451520517,3.42870209059437
"GTATGTGGTTACTAGG-2","male","EN",4.39046468751538,-13.2709740551554,-2.29809677408621,-2.65814473786633
"GTATGTGGTTGGTTCT-2","male","EN",4.99702920930493,-12.97029103361,2.78616488172128,6.83450839361866
"GTATGTTCACAACCTA-2","male","Oligodendrocytes",-0.620850539039494,9.37931261934413,-2.45849144266531,-0.012747551587029
"GTATGTTCACTTCATC-2","male","EN",7.51979579942333,-9.58085145078527,4.04559171392038,4.56898805937488
"GTATGTTCAGCCTGCA-2","male","Microglia",-9.31884775144947,9.20017825044764,0.915835978523042,-8.05519154229443
"GTATGTTCAGGAACCA-2","male","EN",1.17554798143017,-10.4514426144205,0.571363957658556,5.0304102643462
"GTATGTTCAGGCTACT-2","male","IN-MGE",-2.67349729521167,-3.25298799596654,-7.25469815538809,2.42700490793903
"GTATTCAAGTTTGCGG-2","male","EN",15.4962529184114,-5.35557593427526,0.807132313087728,3.57111022314747
"GTATTGATCGGTAACT-2","male","IN-MGE",-6.93181667311084,-4.76658381543981,-6.78822314546988,4.47697231611927
"GTATTGATCTCCATAT-2","male","IN-MGE",-17.1599398611296,-5.93027915082799,-6.02429044054434,4.31111762366016
"GTATTGCAGGTTACGT-2","male","Microglia",-8.54974660856617,2.03054819978846,-1.53180801676199,-5.51133158364575
"GTATTGCAGTGGCGGA-2","male","OPC",10.7575024606477,3.27753244318141,12.0318905134352,-0.423422838833733
"GTATTGTCAATAACGA-2","male","EN",8.29529562013256,-6.9118007572733,6.46537697507456,4.21805307707508
"GTATTGTCAGAGAGCC-2","male","Oligodendrocytes",-0.720715379547002,9.52633772768153,-1.92688715265677,-0.332303072598382
"GTCAAACTCAGAAACG-2","male","IN-MGE",-3.53576049787891,-6.33622969709264,-7.23074757860586,1.09620747408588
"GTCAAACTCAGGAAGC-2","male","IN-MGE",-2.63406071646106,-5.2419747265421,-7.69955861376211,1.14535648069103
"GTCAAACTCAGGTTTA-2","male","OPC",11.8971203805696,3.96187172807826,12.4276863355787,-0.874837304737969
"GTCAAACTCCTCCCTC-2","male","OPC",12.3476628305207,3.29416070856227,12.3656536359937,-0.655789162304802
"GTCAAACTCGATATTG-2","male","OPC",10.5527380944978,3.23114190973414,12.6448932905348,-0.818423296597405
"GTCAATATCAGAAACG-2","male","IN-CGE",-2.96406373960865,-9.40532578550206,-2.90177285478995,8.12909123739918
"GTCAATATCCGCACAA-2","male","Oligodendrocytes",-0.734505986999394,6.74896536745204,-2.82577621744559,-0.788117076542779
"GTCAATATCGCTCCAT-2","male","Astrocytes",-7.52544460279834,0.615966576860084,-4.8827942590563,-6.22755673089306
"GTCAATATCTGGCAAT-2","male","OPC",11.570063495804,3.69599138178004,11.819252612129,-0.589540983822747
"GTCAATATCTTAGTGA-2","male","EN",3.4485379697572,-13.121935740336,1.47854954196527,6.96516463598926
"GTCAGGCTCACACAGT-2","male","IN-MGE",-6.63793668730152,-4.40393866620885,-6.86423289583609,4.59443971953113
"GTCAGGCTCGCACAAT-2","male","EN",0.544429281521914,-9.46489705167638,1.14411801292017,5.10999486288746
"GTCATCACAAAGCGGC-2","male","EN",2.58723797814953,-2.34241022191869,-0.739883897766325,3.66314337095936
"GTCATCACACAATGCC-2","male","Astrocytes",-7.20521841032398,0.726655810848608,-4.66425216005728,-6.9159598604707
"GTCATCACACATTGCA-2","male","OPC",11.1633004190217,3.71000848688258,12.4707266111524,-0.176542486336632
"GTCATCACAGCTTAAT-2","male","Oligodendrocytes",8.77872934358227,-8.03052319608556,5.79556811048105,3.65607282957752
"GTCATCACAGGTCCTG-2","male","Oligodendrocytes",-1.03338847143543,4.04849658884181,-2.74043309496329,-2.32205703416149
"GTCATCACATCGCTTT-2","male","EN",5.2936295511018,-9.84429921232091,3.37958300305918,3.99224064192493
"GTCATCACATGCAACC-2","male","Microglia",-9.40079603178394,13.4083119479574,0.563068123594072,-8.13293602624218
"GTCATCCTCAAGGACA-2","male","OPC",12.2037629129182,4.6034990397848,-2.92694389627859,-5.62783529916088
"GTCATCCTCACACAGT-2","male","OPC",10.5132454873811,4.19781433023585,11.9968143720777,0.254255299183921
"GTCATCCTCCGGCTAA-2","male","OPC",10.4611824990998,3.43754897989406,11.998451830879,-0.401619578984185
"GTCATGAGTATTCGTC-2","male","Microglia",-9.42320547087085,13.3687192050375,-0.619063494667265,-6.68776419320385
"GTCATGCCACCCACCT-2","male","EN",4.03510012643444,-13.1348914059244,2.54057038022592,6.95357463202198
"GTCATGCCACCCTCAC-2","male","IN-MGE",-3.14304885847461,-4.91437234006749,-6.75311314867422,0.764814686688976
"GTCATTAAGCAAGACA-2","male","Astrocytes",-7.45773086531055,0.507744066194429,-4.66599356935904,-6.85352280297558
"GTCCAAGTCAGCACGC-2","male","OPC",11.707249546219,3.80894170679225,12.0929456968458,-0.457984949734612
"GTCCAAGTCAGCTAAC-2","male","IN-CGE",-3.03353033048999,-9.48112477384435,-2.74275171564505,7.95492646536549
"GTCCAAGTCCCTCTAA-2","male","Oligodendrocytes",-0.260625338386418,9.78408823885096,-1.78243601129935,-0.487220551159783
"GTCCAAGTCCGCAACA-2","male","EN",14.4827507974397,-5.55818118177281,0.171649100318697,2.85980722746571
"GTCCAAGTCGCTAAGT-2","male","OPC",9.32361879365551,2.38959215559138,11.2997556944044,-0.48773338952343
"GTCCAAGTCGGGCCAT-2","male","EN",1.8753721954118,-11.2547911556803,0.513322981134203,5.00481793722828
"GTCCAGGGTCAATGTG-2","male","Microglia",-9.06412897093189,11.7595664111532,0.0676685590894486,-9.01928284325878
"GTCCAGGGTTTCCACG-2","male","IN-MGE",-7.03479394895923,-4.3053873928629,-6.46164977358267,4.55515215239246
"GTCCATTGTAATGACT-2","male","Oligodendrocytes",-0.205638623069646,9.09954653658046,-2.20048296259329,-0.468737270024224
"GTCCATTGTTAAGGCC-2","male","IN-MGE",-3.2468453405608,-5.03689183317052,-7.49308621691153,1.25551036438663
"GTCCGTAAGAAACTGG-2","male","EN",0.923290276695369,-9.96253003202306,0.908418951615837,5.36210677466114
"GTCCGTAAGGCTAAGA-2","male","Microglia",-9.44739446623218,12.1822444049276,0.745694631770399,-8.0307698503999
"GTCCTAGAGCCTGTTC-2","male","EN",7.9829811097871,-6.74012364469396,6.57899439527109,4.04328701338489
"GTCCTAGAGGCTAATC-2","male","Oligodendrocytes",-6.84286985380542,1.05012597121371,-3.55990493105337,-5.62769224801342
"GTCCTAGAGTGACCTG-2","male","EN",2.2804379703294,-10.5575007351481,1.46391922427728,3.41033789953907
"GTCCTAGAGTTACCGG-2","male","EN",8.32567300813305,-7.60959424100743,4.15100968076303,3.73821995100697
"GTCCTCAGTCATGCAA-2","male","Microglia",-9.15854368193042,11.9011565295614,-0.0133816580621933,-8.63417580285351
"GTCCTCAGTCGCAAAC-2","male","Microglia",-9.28325376493824,11.4365454760946,0.578929426208284,-8.65977051415722
"GTCCTCAGTTCCGGCT-2","male","EN",7.5408596040498,-9.19574536405431,3.99326741887644,4.65868160567005
"GTCCTCCCAATTAGCT-2","male","Astrocytes",-7.75155363066089,1.96302793897761,-4.81553304003164,-6.26535942712109
"GTCCTCCCACAGAACG-2","male","Oligodendrocytes",-0.867515778373601,9.55147181429042,-2.59790622995779,-1.69805672326366
"GTCGAAGCAAAGCTAA-2","male","IN-MGE",-3.3840511797179,-6.17210616193639,-7.53192174242422,1.62746039471348
"GTCGAAGCAACCGCCA-2","male","EN",8.54284944551098,-7.50884713254796,-1.97424161241934,-5.21034529366772
"GTCGAAGCATAATCCG-2","male","EN",2.99721612947094,-13.693468943461,1.99046611978128,7.57530829748829
"GTCGAGGAGAACAAGT-2","male","Microglia",-8.85988721830738,13.1627245990194,-0.538099167808745,-8.21464970269482
"GTCGAGGAGCTGTCAG-2","male","EN",5.22325935380566,-12.989879504069,3.2315205354841,6.34388158163746
"GTCGAGGAGGGTCCAC-2","male","EN",6.33423652665722,-13.101955309733,3.82462227536752,6.07824084601124
"GTCGAGGAGGTAAGCA-2","male","EN",6.41393747346508,-11.6320189388834,3.2231181879194,6.343503449771
"GTCGAGGAGGTCCGTA-2","male","Oligodendrocytes",-0.697086429427983,10.7015772906698,-3.20491635607168,-1.84485318818371
"GTCGAGGAGGTTTGAC-2","male","OPC",11.7484292032014,3.08910284914149,12.2952057142408,-0.390284921315117
"GTCGAGGAGTAAGGGC-2","male","Microglia",-9.01557550413501,12.2513352481283,0.874143472001102,-7.57017853417675
"GTCGAGGAGTTAGTTG-2","male","OPC",9.02359190003979,2.20612870134486,11.8564573545606,-1.00352957406323
"GTCGCAATCCTAAATG-2","male","OPC",11.1699208261262,3.56126533426417,-1.54983770655081,-4.59189703622143
"GTCGGTTCACTATGGC-2","male","IN-CGE",-3.20732245428455,-9.66400136075841,-2.99514996813223,8.36992213568409
"GTCTAACAGATGCCTG-2","male","OPC",11.7144240381013,3.97312246240748,11.8446499128492,0.263833169552879
"GTCTAACAGGTGCGGA-2","male","Oligodendrocytes",-0.686189150642278,0.835155099407567,-1.33438479708121,-5.06253721871655
"GTCTAACAGTCATTTC-2","male","EN",3.5437413694154,-13.5259026440226,1.39745158149317,5.35141084036549
"GTCTAATCAACAGCCT-2","male","IN-MGE",-5.67221984846485,-4.46825160108434,-6.61792361544058,3.84249255499561
"GTCTAATCAACTAGGG-2","male","Oligodendrocytes",-0.198065912555577,9.56739340700282,-2.38807999895498,-0.760176088002129
"GTCTAATCAAGGCCAA-2","male","Oligodendrocytes",-0.700009321998479,9.8919135180868,-3.21977460192129,-1.45426943459789
"GTCTAATCAGCCTTGG-2","male","IN-MGE",-3.70083866102588,-3.76614607892858,-7.30131470964834,2.26867732844074
"GTCTAATCAGGACCTT-2","male","EN",3.31021800057995,-13.8227900417887,2.17165374948099,7.62745187124927
"GTCTAATCAGGCATGA-2","male","Oligodendrocytes",-0.02417666299236,8.70217810548915,-4.09436785982535,-5.74065020242016
"GTCTAATCAGGCTAAG-2","male","EN",14.2215079309236,-5.54698409162389,0.112254144683626,2.84319994291981
"GTCTAATCATGTTGCA-2","male","IN-MGE",-5.99378595335376,-4.88869704328404,-6.6706007699816,3.85445520720203
"GTCTAGCCATCCTGAA-2","male","Oligodendrocytes",-0.910488939117314,0.404146879688634,-1.87963807390616,-2.27020266213696
"GTCTATCGTAAATTGC-2","male","Oligodendrocytes",-0.950756048988225,1.01762394584788,-1.78541815088675,-1.60046270051281
"GTCTATCGTAAGGTTT-2","male","EN",7.22100534455883,-9.82542218290197,3.87311971379831,4.85075280508716
"GTCTATCGTAATTAGC-2","male","EN",8.49607172029125,-7.07523001752721,6.50111019803598,4.25411531767567
"GTCTATCGTCCGGTTC-2","male","EN",3.3867761136781,-13.6757954510294,1.62847590638712,7.39831969580372
"GTCTATCGTCGCGCAA-2","male","IN-MGE",-2.31458816511524,-5.59845294080602,-7.79886948870108,1.17743248185833
"GTCTATCGTTACTTCA-2","male","Oligodendrocytes",-0.570640122722508,10.3362914172567,-2.01367032335684,-2.39155223527233
"GTCTATCGTTAGTTGG-2","male","IN-CGE",-1.95720467550647,-17.1719855221354,-2.96690833376333,7.8710970624419
"GTCTATGCAGCATGAG-2","male","EN",6.21764268891918,-13.069578066691,3.45736730290964,5.96080539068897
"GTCTATGCAGGTTAAA-2","male","IN-MGE",1.82166507260907,-2.10781992994176,-0.959381578430388,3.55230042776783
"GTCTATGCATGTTTGG-2","male","EN",3.0988430024873,-13.5284747036539,2.16849172307565,7.19694659552296
"GTCTATGCATTGACAT-2","male","EN",5.56112422959912,-9.66414155088292,3.4804960508497,3.56488368353565
"GTCTCACTCCCGTTGT-2","male","Microglia",-9.20987234098804,11.62248240389,0.0152235646398331,-8.58450749078076
"GTCTCACTCCTCAGCT-2","male","Oligodendrocytes",-0.209988510440709,9.12284861482753,0.141462029948976,-0.560549046185418
"GTCTCACTCGAGGAGT-2","male","EN",2.49728670137036,-2.22635950170384,-0.718623517021391,3.74002573332508
"GTCTCACTCTCCTCTT-2","male","Microglia",-9.19449911100757,12.7842579928793,0.354216756358888,-7.35257866540234
"GTCTTGCTCAATCATG-2","male","EN",0.853911423851131,-2.40948571287023,-0.0947036127893661,3.8263873799773
"GTCTTGCTCCCGTTGT-2","male","Oligodendrocytes",-0.960732912849309,0.933527245894804,-3.02117311762259,-1.87135412850658
"GTCTTGCTCGTTATCT-2","male","Oligodendrocytes",-0.585258221458318,8.54968033708705,-2.69488775537893,-2.39315035500805
"GTCTTTAGTAAGCACC-2","male","Astrocytes",-7.06962165815723,1.09157197155131,-5.3861860017626,-6.16135790505688
"GTCTTTAGTAATCCCT-2","male","Microglia",-9.07977590544117,13.2094527331747,0.654454993143823,-8.17495968499462
"GTCTTTAGTTAGCCAA-2","male","EN",0.411534020472644,-1.20580364786016,6.22967207624033,3.88468668303211
"GTCTTTGTCCAATAGC-2","male","EN",4.99178590791333,-9.79943646512853,0.402144433990266,3.20193097433765
"GTCTTTGTCCTACCTA-2","male","OPC",11.8376940728914,3.38237415231837,12.772549273506,-0.314116264965935
"GTCTTTGTCCTTGTTG-2","male","EN",2.61225118653881,-12.4638060482584,1.60604047967508,7.3399896367522
"GTGAACAAGAACCTGT-2","male","IN-MGE",-7.10819826109302,-5.60477055631505,-6.63355576799795,4.13660642943104
"GTGAACAAGCTAAGTC-2","male","EN",8.33478298204052,-7.09174193464147,5.87429058744028,4.4987392171355
"GTGAACAAGGCCTGGT-2","male","IN-CGE",1.26022239940274,-5.43953551374303,-4.3411215524523,10.3393034680815
"GTGAACAAGGCTACAT-2","male","Microglia",-8.80343255979908,13.5191079226889,-1.23415314958975,-5.22099735894482
"GTGAATCTCGCTCACT-2","male","Oligodendrocytes",-7.53058109266651,0.184187993184461,-3.5767229776232,-5.78542616524975
"GTGAATCTCTAAGGTC-2","male","IN-MGE",-2.7159443853606,-5.00837697110997,-7.38929211901114,1.65543005308826
"GTGAGCGAGCCAGTAT-2","male","EN",7.40547313706982,-10.2071741970621,3.90640080167368,4.79745528540333
"GTGAGCGAGCGAGCGA-2","male","EN",2.23620393293011,-12.1182869824015,1.32328164769724,6.22981784186085
"GTGAGCGAGGATTGCT-2","male","VSMC",-0.232481336425664,0.23611403979434,2.81900906755045,-2.91976287522595
"GTGAGCGAGGTGAGAC-2","male","IN-MGE",-4.20360145552051,-5.75432671628819,-7.30094373033926,0.844219256851272
"GTGAGGAGTGTGCAAC-2","male","Astrocytes",-6.67876443846119,1.78724502004756,-4.56121766374991,-6.82964422860424
"GTGAGGAGTTAGGATT-2","male","EN",4.81429281251538,-9.54330433927404,3.00884974195078,3.78217336973865
"GTGAGGAGTTTCAGGA-2","male","Microglia",-9.2874661443938,13.311938389913,-0.668019412025664,-6.43982937493603
"GTGATCAGTATCTGGA-2","male","EN",7.5021485330354,-6.93809880338536,5.19545424176767,4.76329467138966
"GTGATCAGTATTCGCT-2","male","IN-MGE",-2.42359814627063,-5.52659548841344,-7.00741851137564,0.833496470663146
"GTGATCAGTCAAAGAA-2","male","IN-MGE",-3.52035341246021,-6.33381451688634,-7.49249779985831,1.39657584271152
"GTGATCAGTTTGGCTT-2","male","Oligodendrocytes",-0.347154831718327,8.83008299745692,-2.24914729402945,-2.30840375581066
"GTGATGAAGACCATAC-2","male","Astrocytes",-8.1943322180022,-0.0453285130106073,-4.9095653276293,-6.60273983636181
"GTGATGAAGCCTGTTC-2","male","EN",0.510232547093509,-9.33783234678136,1.01168804062917,5.39366147360523
"GTGATGAAGCTGGCTA-2","male","Oligodendrocytes",-8.86276350004566,-0.265609637125597,-4.44618928240225,-5.69375469842236
"GTGATGAAGCTTAACA-2","male","IN-MGE",-17.0744105337371,-5.89029683194982,-5.58132254885123,4.56691238722523
"GTGATGAAGGAGTAAT-2","male","IN-CGE",0.364461393822311,-4.50105752073155,-3.59768473909781,9.58888575873096
"GTGATGAAGTATTGTG-2","male","EN",13.747400188614,-12.1355360897623,3.23557770444467,2.86924884161671
"GTGCAAGCACTGACTA-2","male","Microglia",-9.34674272520435,12.8753405658163,0.0234760065229203,-7.88231327691357
"GTGCAAGCACTTAACG-2","male","IN-MGE",-2.51847944242847,-5.63481034360753,-6.46626603411123,0.269317303511695
"GTGCAAGCATAGCGGA-2","male","Oligodendrocytes",-0.805582499336125,3.08000169672145,-2.11376535700247,-0.37470176377575
"GTGCACGGTAACCACA-2","male","EN",8.08308591859448,-7.7529496105753,6.06134283734873,4.33216545424183
"GTGCATTAGCCGCAAC-2","male","Microglia",-9.24820146543873,12.4414340106405,0.29226571513727,-8.21545365014355
"GTGCATTAGCGAAGTA-2","male","EN",-0.466665005515935,-0.978564158304797,0.904680656328943,5.14209172568043
"GTGCATTAGCGTGCAC-2","male","Oligodendrocytes",-0.569278931449773,2.01406978048457,-0.266307352050993,-2.95759561219494
"GTGCATTAGGTGAGAC-2","male","Microglia",-9.09289941770923,13.7274619189657,-0.101807651981566,-7.99551346459667
"GTGCCTTTCATGTGGT-2","male","Astrocytes",-6.75463066084278,1.4549908486761,-4.68311250017569,-6.90855028786938
"GTGCCTTTCTAAGTGC-2","male","Oligodendrocytes",-0.122577345203282,5.63395653642787,-3.0888489465563,-0.743068958905144
"GTGCGCAGTAGACAAA-2","male","EN",2.45934500711071,-2.12045945249425,-0.905730841621611,3.55716655096729
"GTGCGCAGTCCGGTTC-2","male","OPC",9.02157964723217,2.19085906423701,13.0015817899854,-0.0767073885468679
"GTGCGCAGTTACCGGG-2","male","IN-MGE",-6.63043937666309,-4.48097838483678,-6.95864474581167,4.58399650892933
"GTGCGCAGTTAGGCTA-2","male","Oligodendrocytes",-0.392650878261449,6.79441510118617,-2.57715785311148,-1.90224411645214
"GTGCGCAGTTCACTGT-2","male","EN",4.83563032167065,-9.70155133329259,2.29864084912851,4.10306689581592
"GTGCGGTTCCGTGACA-2","male","EN",8.02881374375927,-7.77640236936437,5.59028780652597,4.73696944555958
"GTGCTCAAGAATCGCT-2","male","EN",6.21032323854077,-12.3232840450846,3.46873867703989,5.812009309146
"GTGCTCAAGCATGTTA-2","male","Astrocytes",-7.73401460630787,2.07691369928492,-4.55661427782461,-6.68114140191357
"GTGCTCAAGGACAACA-2","male","IN-MGE",-2.85178432447803,-5.29643382154332,-7.19496667192862,1.16309664091785
"GTGCTCAAGGAGTAAT-2","male","OPC",11.1448029519807,3.57040129579677,12.156859995857,-0.73714437642376
"GTGCTCAAGGCCTGGT-2","male","IN-CGE",0.288991326261638,-4.30878581128942,-3.07319509790823,8.09446379980762
"GTGCTCCGTGCTAGAC-2","male","EN",2.99924411790478,-11.8604496868693,1.75124389125421,6.362537358615
"GTGCTCCGTTACGCGG-2","male","Oligodendrocytes",-7.4094577787627,0.507228873447313,-2.95470082567618,-5.15136530556957
"GTGCTCCGTTAGCAGC-2","male","EN",2.40105476396191,-2.23569931112157,-0.941947935089323,3.62303135237415
"GTGCTCCGTTGCGCGA-2","male","Oligodendrocytes",-0.310039317439916,8.05381499208583,-2.77505242632315,-0.304628934052392
"GTGCTCCGTTTACCGT-2","male","OPC",11.4777497293245,3.33849988855494,12.1528049726637,-0.345953966763421
"GTGCTCCGTTTGCAGA-2","male","Microglia",-9.29156312925709,8.72700510896815,-0.631647346481535,-6.44720938363354
"GTGCTGATCAAACCTA-2","male","EN",0.537680292297481,-2.12901081167089,0.881643688365963,-0.637427355435296
"GTGCTGATCATTACTC-2","male","VSMC",14.3291911126863,-0.856654539927111,2.84094762994364,-2.883640791562
"GTGCTGATCCACAATA-2","male","EN",3.19927635209668,-13.0821198376261,2.01943600370004,7.76046082815845
"GTGCTGATCGCTTCTA-2","male","Oligodendrocytes",-0.708717083763005,1.32483063615931,-2.51510512636587,-1.29142728009502
"GTGCTGGGTCATTGTC-2","male","Oligodendrocytes",-6.71821889860523,1.44309996046199,-3.98486935900137,-5.72162487664501
"GTGCTGGGTCTCAGCC-2","male","Oligodendrocytes",-1.03055224401844,1.39331375040187,-2.87972557352469,-1.59123399415295
"GTGCTGGGTTGCACAA-2","male","IN-CGE",1.30254169719326,-5.81884326063024,-3.89438378618643,10.192699883792
"GTGCTTACACCTACTT-2","male","Oligodendrocytes",-7.91661748869312,-0.128575340136157,-3.14894664095328,-5.12584784188549
"GTGCTTACACTTGTTC-2","male","IN-CGE",-1.80995998365772,-17.1151446255289,-2.9089549760668,7.85479876837452
"GTGCTTACAGCTTAAT-2","male","IN-CGE",-0.367878055404546,-2.50788463674413,-2.96409022615835,8.15272900900562
"GTGCTTACAGGTATTT-2","male","Microglia",-9.45887289030445,12.8526240435995,-1.5110331754534,-4.14595129647534
"GTGCTTACATCACAGC-2","male","EN",6.89063205735791,-11.0529879482828,3.56781923963144,4.8128900273772
"GTGCTTACATGTCGCG-2","male","Oligodendrocytes",-0.0591652153242845,8.96183977998866,-1.85171305941031,-1.35578754105846
"GTGCTTACATTAGCGC-2","male","Oligodendrocytes",0.147051984239696,7.76438103593959,-2.98819649027273,-0.936188484814568
"GTGCTTACATTATGAC-2","male","EN",8.34354200379956,-7.19317235074864,6.08927309705332,4.42141840300281
"GTGCTTCTCAAGCTTA-2","male","EN",2.61921348588574,-2.13917912565099,-0.971987126335356,3.52100298247059
"GTGCTTCTCAGGATGA-2","male","Microglia",-9.35167608244312,13.0352040378012,0.340934636131075,-8.33095886864941
"GTGGACACAATAACCT-2","male","Oligodendrocytes",-0.570202863048436,9.10442171968593,-1.84753024385855,-1.23940577664654
"GTGGACACACCACAAC-2","male","OPC",9.88710107820141,2.70474491991176,12.4460932035597,-0.255578841355248
"GTGGACACACTGACCG-2","male","Pericytes",2.25951137559521,0.287350609675779,2.7338159103544,-2.98577287354748
"GTGGACACATGTGGGA-2","male","EN",4.02612485902416,-13.6059111507975,2.48534572316721,7.4858808263274
"GTGGATGCAACTGGCT-2","male","EN",1.48847379701245,-9.5375012310587,1.20507735206201,5.10109231314381
"GTGGATGCACAACCTA-2","male","OPC",9.68149080293286,2.34716437734736,11.9261308927686,-0.478866244938775
"GTGGATGCACCTATAG-2","male","IN-MGE",-5.44188556654346,-4.55344809614049,-6.72344672487662,3.67950818381031
"GTGGATGCAGCACCAT-2","male","OPC",11.7350596429597,3.16812287248744,12.4311615247877,-0.408338333752556
"GTGGATGCATGAAGTA-2","male","EN",13.7824534417878,-12.1304186733805,3.30451357556894,2.85868260702808
"GTGGCTTCAAGCCAGA-2","male","IN-MGE",-2.73401484472644,-5.34738673292027,-7.36128175066397,1.50318518719395
"GTGGCTTCAAGGTACG-2","male","EN",6.22828044908154,-13.1053971203409,3.75937283231333,6.31003329596241
"GTGGCTTCACAACAAA-2","male","EN",4.7164753915559,-9.94054497800695,2.66227710439279,3.57714221319874
"GTGGTTAGTCAACAAT-2","male","EN",4.09200348870861,-14.1847733410441,1.43329835130289,7.34055754980762
"GTGGTTAGTCTAACCT-2","male","Oligodendrocytes",-0.316640889476659,9.87171755708827,-3.22442471788809,-0.478621865895196
"GTGGTTAGTGAGGTGA-2","male","EN",2.70638957040417,-2.14123691640721,-0.969837663635466,3.52557227453907
"GTGGTTAGTTAACAGT-2","male","EN",2.53194036500561,-2.23748911939488,-0.916042445167754,3.60860893568714
"GTGTAACTCCTAAGTA-2","male","IN-CGE",1.22688367383587,-5.68590630613194,-3.99159467028067,10.2290606244536
"GTGTAACTCGCAATCG-2","male","EN",2.54421129243481,-2.13411058507787,-0.871438143715117,3.54294488272388
"GTGTAACTCGGTACGC-2","male","OPC",10.3460558892976,3.25564347185267,11.2222009916456,-0.0486715690163808
"GTGTAACTCTCAATAG-2","male","IN-MGE",-4.0812631605376,-4.76537980161534,-7.11330115602896,2.75589964232166
"GTGTCCAAGGCATGTT-2","male","EN",1.71847739236462,-4.78321923337804,-4.20929515169546,10.9482292874785
"GTGTGAGCATTAAAGG-2","male","Microglia",-9.23392496092212,10.3034993258871,0.517435343995836,-8.61914684930126
"GTGTGAGCATTATGGT-2","male","IN-CGE",-2.01966724378956,-17.2457922848307,-2.77878606127188,7.94880578360279
"GTGTGCGGTACCTTAC-2","male","Microglia",-9.13098630888355,11.8184090701498,0.176863493457582,-7.62785961785595
"GTGTGCGGTGTGCACG-2","male","OPC",10.5263737680207,2.77652536310328,12.9838567991407,-0.136575307038231
"GTGTGCGGTTTACCGT-2","male","EN",8.30280246751416,-6.91188944898473,6.1711608190687,3.8479265912505
"GTGTGTTAGAGGAAGG-2","male","IN-MGE",-7.04933032972706,-5.63901557050572,-6.41501080797598,4.56241962752064
"GTGTGTTAGGGCCATC-2","male","EN",1.25041195170986,-10.8411721142374,0.527662696376588,5.15696761450489
"GTGTGTTAGGTAAGCA-2","male","EN",0.0518762411366683,-1.85647024236547,-5.26422965334341,4.58515617689808
"GTGTTACAGCCTGGTA-2","male","IN-MGE",-6.57251033766163,-4.24260987363683,-6.77906167314932,4.55367181143482
"GTGTTACAGGACCTCA-2","male","Oligodendrocytes",-0.346116578410985,9.7543688861288,-3.39615189836905,-0.802677776005669
"GTGTTACAGGACCTTG-2","male","OPC",9.91264333741772,2.54524241365565,11.0073906202467,-0.543031837132378
"GTGTTACAGGTACCGC-2","male","Microglia",-9.11124525053394,11.3703709689535,0.921193489864614,-8.18752339043896
"GTGTTACAGTCATTTC-2","male","EN",6.65335884111035,-13.1283158215128,3.89481246663645,6.04804274878223
"GTGTTCCTCCTGTTCA-2","male","Oligodendrocytes",-0.633895969222905,3.42805181421412,-3.4692577104418,-1.25025346436779
"GTGTTCCTCGACCTGA-2","male","Oligodendrocytes",-0.694178557227971,7.24500761903895,-2.23030626581595,-1.98132255234997
"GTGTTCCTCGAGGAGT-2","male","Astrocytes",-7.50257787687671,0.962814375535383,-4.76475703524039,-5.97460320153515
"GTGTTCCTCTGGCAAT-2","male","Oligodendrocytes",-1.13512001020801,3.63081370271815,-2.11780869768545,-1.9545328871278
"GTTAAACGTAGTTAAC-2","male","Astrocytes",-6.70871744139087,1.44148348249568,-4.57544123934195,-6.89395144143383
"GTTAAACGTGCTCACC-2","male","Oligodendrocytes",-0.877559041808965,3.4081455317892,-1.75366151140616,-2.15100457825939
"GTTAAACGTGCTGGTG-2","male","EN",14.0612553598176,-5.40537156186925,0.112249495521333,2.88534519514759
"GTTAAACGTTATCCTA-2","male","IN-CGE",-1.83202729208362,-17.081411257609,-2.84708940790579,7.79396483740528
"GTTAACCAGCTATGAC-2","male","Microglia",-9.21781454069507,10.0005103198446,-0.860307095512602,-6.23044397988598
"GTTAACGGTAGGTTAT-2","male","EN",3.54513421075451,-13.8253086956583,-0.0310457329599594,3.68801162085255
"GTTAACGGTTGTTGCT-2","male","IN-MGE",-7.14433155043018,-5.19643725477086,-6.68420541094229,4.604156707141
"GTTAACGGTTTATCGC-2","male","Microglia",-9.1159859655608,10.9984522906698,-0.14347225235388,-8.68827202477734
"GTTAAGCTCACTTTAC-2","male","IN-CGE",-1.93776617033374,-17.1811312588297,-2.85977852152273,7.94185492834766
"GTTAAGCTCATAAGCC-2","male","Astrocytes",-9.1701622961272,0.00310961879862737,-4.56352364824698,-5.75174858727734
"GTTAAGCTCGCAGGCT-2","male","Oligodendrocytes",-0.284783160518529,5.56144915498866,-2.83067047403738,-2.13859179177563
"GTTAAGCTCTCACTCA-2","male","OPC",10.2625130655061,3.31519041933192,10.5541778822096,-0.412065531399651
"GTTAAGCTCTTGACCC-2","male","Oligodendrocytes",-0.129214978050115,9.59696398653163,-2.09823334024832,-0.44507792153637
"GTTAAGTGTACCGTAA-2","male","EN",2.98296036737072,-11.7989996822916,1.76225847198084,6.15051839194019
"GTTAAGTGTTACTTCA-2","male","IN-MGE",-3.28571543676746,-5.98508299909459,-7.48105561541006,1.11387828430851
"GTTAAGTGTTGAATCG-2","male","Oligodendrocytes",-0.220415508579137,9.77585898317469,-2.03741299913809,-1.091435338643
"GTTAATGTCCTAAGAC-2","male","Oligodendrocytes",-1.13451061231983,1.77754114545955,2.85115707112863,-0.314553643849297
"GTTAATGTCCTCAGTC-2","male","EN",2.98385324494946,-13.8735264690958,1.55792737199381,7.42149636587818
"GTTACAGGTCTTACTA-2","male","OPC",11.6396378518831,3.54133520998134,11.6366888303907,0.178712879035072
"GTTACAGGTCTTTGAC-2","male","IN-CGE",2.12221827523815,-5.62158764921056,-4.22461449907706,10.7399792417022
"GTTACCTGTGCGCATG-2","male","EN",1.00650217549908,-10.5412720593058,0.863124236524251,4.96030948004444
"GTTACGCCAAGGTATA-2","male","IN-CGE",2.57747640626538,-5.31367625318395,-4.17111384676382,10.8743443234893
"GTTACGCCAGGCTTCG-2","male","Oligodendrocytes",-8.48868284208667,0.219600751773252,-3.88539445207998,-5.62632754006664
"GTTACGCCAGTAAGTA-2","male","IN-MGE",-4.51555309278858,-4.66806115232335,-6.90776240633414,2.9820441945525
"GTTACGTAGCCGCAAC-2","male","Oligodendrocytes",-0.724294757675054,10.6115332690634,-1.96081626223013,-0.230545903828545
"GTTACGTAGGCAAGTA-2","male","IN-MGE",-7.05536661131275,-5.83999098859654,-6.30412518785879,4.39202210745533
"GTTACTAAGATAGACG-2","male","Astrocytes",-9.09661684019459,0.582744574649989,-4.58631503389761,-5.7675862566499
"GTTACTAAGGTCCAAT-2","male","Microglia",-2.27916154844654,-2.95231618009435,-0.412945268615935,-6.65848639169018
"GTTACTAAGGTTTGCG-2","male","Oligodendrocytes",-0.537496065925481,6.50109873689784,-3.37569033907339,-1.45536067643444
"GTTACTCGTCATCAAG-2","male","Oligodendrocytes",-0.360919511150243,6.02652560152186,-3.31389796541617,-1.33017876305859
"GTTACTCGTCCTTCAG-2","male","EN",6.67994775788891,-11.3795203121744,3.44327199651315,5.02681729635914
"GTTACTCGTTGTCCAT-2","male","Microglia",-9.21476469023121,12.4735756961264,-1.02959298895285,-6.93807032265942
"GTTAGACTCAAACCTA-2","male","IN-MGE",-6.63789281828296,-4.43130864225255,-6.79129874514029,4.70990512213428
"GTTAGACTCTGTGCCT-2","male","IN-CGE",1.30733587758648,-3.91518200956212,-3.85085189150259,10.2593960507842
"GTTAGGCGTAATCACG-2","male","EN",14.6796149255525,-5.53676976285802,0.219548108115938,3.95338532767017
"GTTAGGCGTAGCTGCG-2","male","IN-MGE",-7.20976982099903,-5.23630370221959,-6.44227254198477,3.91546151480396
"GTTAGGCGTATTGGTG-2","male","IN-MGE",-2.99107394201648,-4.68662585340367,-7.59280049608633,1.35354224285801
"GTTAGGCGTGATGAGG-2","male","Microglia",11.5397471429597,4.89750204958095,-1.48733746813223,-5.52510597863476
"GTTAGGCGTGCTGGTG-2","male","Oligodendrocytes",-0.479126071761968,4.28273878969325,-2.34277736948416,-1.62556460061352
"GTTAGGCGTTGTAACG-2","male","EN",0.248140061069606,-1.86336316190587,-6.07851970003531,1.74927482447346
"GTTCACCTCATGCTTT-2","male","IN-CGE",-1.85486588461292,-17.1279353054606,-2.73108875559256,7.87979266485889
"GTTCACCTCGTTAGCG-2","male","EN",0.482371719349502,-1.19853343091832,5.97722971631601,3.89125845274647
"GTTCATTTCACTCGCT-2","male","Microglia",-9.00065622312916,13.24943552889,0.645865248575952,-8.30003788628857
"GTTCATTTCGGTTCCT-2","male","EN",8.410636806656,-7.16798628888951,6.42372858716562,4.16963980040272
"GTTCATTTCTAGCTTT-2","male","OPC",9.43423738496411,2.42429099954738,10.9450670499952,-0.241722549584313
"GTTCATTTCTGGTCCT-2","male","Microglia",-9.5709715841521,12.8830700961508,0.774879882171896,-7.60668995538036
"GTTCCCAGTCATTAGG-2","male","Oligodendrocytes",-0.797564005683782,9.78700362123622,-1.99404513643667,-0.445795799878045
"GTTCCCAGTCCTCCAA-2","male","IN-MGE",-2.45545372946155,-5.38512839399205,-7.35706460283682,1.51765773138721
"GTTCCCAGTCCTGATT-2","male","Oligodendrocytes",-7.37584552748096,1.6851321307577,-3.92180764482901,-5.27046301522534
"GTTCCTGGTTTGCAGA-2","male","Oligodendrocytes",-0.700930571388127,10.9131938067831,-1.81122863100455,-0.497350002911492
"GTTCCTTCACAAAGGT-2","male","Astrocytes",-8.38722238523853,2.17827950395717,-4.95870482729361,-6.01881125130932
"GTTCCTTCACAACAAA-2","male","IN-MGE",-6.05146846754444,-4.39527358136998,-6.90534436510489,4.36125109038074
"GTTCCTTCATTGCGTA-2","male","Oligodendrocytes",-0.645333742927434,5.34244500078334,-1.99832546518728,-2.64429619469921
"GTTCGCGCACCGGCTA-2","male","EN",2.77881779687512,-2.17244209371434,-0.737015483841154,3.47321650824268
"GTTCGCGCACTAGCGT-2","male","Microglia",-9.3203145025481,13.0085154620565,0.523889901176241,-8.7807002321748
"GTTCGCGCAGGTATTT-2","male","EN",15.4559105874788,-5.40794266782628,1.02623836888387,3.41263768515308
"GTTCGCTTCCTCAGTC-2","male","OPC",11.1023072244416,2.92362843431605,11.1521936674269,-0.526171948101922
"GTTCTCATCAGGCCTA-2","male","Microglia",-9.05603895170582,12.1388083545126,0.752800421849039,-7.87411549248974
"GTTCTCATCATGCGTG-2","male","Microglia",-9.27086172087085,9.90064059175624,4.23808248306567e-05,-7.92625763573925
"GTTCTCATCCCGAAGC-2","male","Astrocytes",12.1774882318269,4.76459895052089,12.414991976753,-1.46078112283032
"GTTCTCATCCCTGTTA-2","male","OPC",10.7994650842439,2.63705860056056,11.0895906706007,-0.436577703144951
"GTTCTCATCCGCCTCA-2","male","Microglia",11.4177807809602,4.046185359136,-0.190857646927092,-7.71916153588574
"GTTCTCATCCTAGTCC-2","male","EN",7.92723121659863,-8.28551949582921,4.86885750485971,4.63386604628284
"GTTCTCATCGTTAGCG-2","male","Oligodendrocytes",-0.463172173332097,6.22835312761439,-3.05456578539297,-1.68301608720104
"GTTCTTAGTTTACGTC-2","male","Oligodendrocytes",-8.41030893309009,0.270682230368986,-3.70283210085318,-5.56577112832348
"GTTCTTGTCCGTTAAA-2","male","Oligodendrocytes",0.0191245915185195,7.31359063066615,-1.70909583376333,-3.6099558130769
"GTTCTTGTCCTCCTAA-2","male","EN",6.58186187760937,-12.964148417338,3.82517993642404,6.28903434118946
"GTTCTTGTCGATTTGA-2","male","Oligodendrocytes",-3.76843891127002,-6.41496838651525,-6.32207572267935,0.378750358435707
"GTTCTTGTCGCAATCG-2","male","Microglia",2.17514255063641,4.10873471178187,-0.0791944842188095,-8.47708561578076
"GTTCTTGTCGTCATTT-2","male","Astrocytes",-7.19493160231006,0.79826804973258,-4.79101073549673,-5.72534563699047
"GTTGCATAGATAGACG-2","male","EN",2.58427968042004,-2.30694784246312,-0.855269310936186,3.69481274924
"GTTGCATAGCGAGGTG-2","male","IN-CGE",-3.14045534117115,-9.6075171383463,-2.92605745600149,7.8949818356963
"GTTGCCCGTACGTTTC-2","male","EN",2.42352881448376,-2.30247916303502,-1.02436804579184,3.60134074530323
"GTTGCCCGTGGTTCTT-2","male","Microglia",-9.24501905424488,8.88326655305995,-0.834772823318694,-6.11748697915356
"GTTGCCCGTTGCAGTA-2","male","Microglia",-8.70746431333912,12.5718852130331,-1.66736233042166,-2.26442649522106
"GTTGCCCGTTTCAGGA-2","male","IN-CGE",1.86913528459179,-4.88584460340367,-4.16862714098379,10.7537111981841
"GTTGCGGGTAAAGCGG-2","male","OPC",10.9983309747468,3.35582242883815,12.9116665144117,-0.0848617211846547
"GTTGCGGGTGACATGC-2","male","Astrocytes",-7.49801835996998,1.49142418779506,-4.67577540682242,-6.96118643441479
"GTTGCGGGTGACCTGG-2","male","IN-MGE",-3.73076639158619,-6.63499106489049,-7.40517556475088,0.902570162627296
"GTTGCTGAGGAGCATA-2","male","IN-CGE",-2.01519045812977,-17.2308367642008,-2.60720002458975,7.98620316824634
"GTTGCTGAGGCCCAGT-2","male","Oligodendrocytes",-0.889002656768682,3.36686478532924,-1.48795997904227,-3.90615322747509
"GTTGGAGCAGCACCAT-2","male","IN-MGE",-3.68228588087452,-3.80969323240148,-7.77782666490957,2.12426254591663
"GTTGGAGCAGGAACCA-2","male","Microglia",-9.33341226560962,11.4183407870687,-0.00383156345770108,-8.30846550622265
"GTTGGCCAGCCGCTTT-2","male","EN",8.51840772645581,-7.35681857190953,5.72856676770761,4.28851625761707
"GTTGGCCAGTTAGAGG-2","male","OPC",9.63819017427075,2.40167103685512,11.4329334516676,-0.741088177349968
"GTTGGCCAGTTCCCAC-2","male","Microglia",-9.2738114355315,10.5488616076864,0.854610189389583,-8.22576096215527
"GTTGGCCAGTTTGGTA-2","male","Endothelial",2.6696642877351,13.4464169589437,3.00852477742746,-2.36376478829662
"GTTGGCGGTCTAGCTT-2","male","Oligodendrocytes",-0.361760294269444,7.79062138475551,-2.90817415522024,-1.12818553605358
"GTTGTGAGTAGTTAAC-2","male","Astrocytes",-7.1806832311858,0.853682800904645,-4.59684216783926,-7.41321804681103
"GTTGTGAGTCATCATC-2","male","OPC",11.1819256784211,2.96205078043117,12.882186533943,-0.704669143345757
"GTTGTGAGTTCACTGT-2","male","EN",3.4013172628175,-13.6212948711954,2.36276519490793,7.02406213125904
"GTTGTTGCAAACAACA-2","male","Microglia",-8.96639928800953,12.5443736163534,0.407149257198122,-8.54253056206982
"GTTGTTGCACAAAGCG-2","male","OPC",11.4342841150056,2.93920789636744,12.8380380888136,-0.268809045937462
"GTTTAACCATCCCGCT-2","male","IN-MGE",-6.98475227339161,-5.95264805875646,-6.16766774462149,4.30964610418995
"GTTTACCGTGGTTCCC-2","male","EN",7.16710510270703,-10.0390757473551,4.310547949806,4.42950508436878
"GTTTAGCAGACTCGCA-2","male","EN",8.21580829637158,-7.65580739103185,6.25834477140024,4.40767690977772
"GTTTAGCAGAGGAAGG-2","male","IN-MGE",-6.91967830641163,-6.04355134092198,-6.62665164278433,4.70704219183643
"GTTTAGCAGCAAGATG-2","male","EN",1.73290040509808,-9.67724217496739,1.22108623577669,4.95956370672901
"GTTTATCTCTCACAAA-2","male","Oligodendrocytes",-0.67328093035114,10.8749486056723,-3.25794207857535,-1.52387097039501
"GTTTATCTCTGTAATG-2","male","EN",5.97590770738232,-13.0199049862467,3.55721032811716,6.21717259726246
"GTTTATCTCTTGTCCA-2","male","EN",0.848263406921504,-9.73552693448888,0.866066973716166,5.08009764990528
"GTTTCAGCACAATGCC-2","male","EN",7.11543788926708,-10.0258902462565,3.96041166974619,4.59216163000782
"GTTTCCTCAACAGCCT-2","male","Oligodendrocytes",-0.607864296268346,4.68429385103358,-2.11964618967459,-1.41107299485485
"GTTTCTAGTTAGGACC-2","male","EN",14.5866488458406,-5.30475510679112,0.0811915416867997,2.94016215643604
"GTTTGCTGTCCACAAA-2","male","EN",6.55617465989697,-13.2755726727091,3.44582736684397,5.87133881888111
"GTTTGCTGTCCTAACT-2","male","Astrocytes",-6.55064783079517,1.76453827299251,-4.62366664217398,-7.15147736230175
"GTTTGCTGTCGCAAAC-2","male","EN",4.84646739976513,-9.66611851774083,2.90738141728952,3.56205890021046
"GTTTGCTGTGACATGC-2","male","Pericytes",2.30725493447888,0.369242161289587,2.35694015218332,-2.59724977174084
"GTTTGCTGTTACGCAA-2","male","OPC",10.8023623468171,2.88692556299342,11.4698282499464,-0.700943972256585
"GTTTGCTGTTATAGCG-2","male","IN-MGE",-6.9678598402251,-5.2694405468546,-6.43753564165518,4.49690553984363
"GTTTGCTGTTCATCTA-2","male","OPC",12.4525555612336,3.9086235610403,12.5024915952833,-0.467526938107415
"GTTTGCTGTTGCAGTA-2","male","EN",3.22750725762951,-13.4177006634318,1.50604653550699,6.79084298453052
"GTTTGTAAGCTATGAC-2","male","Oligodendrocytes",-0.0339930711497087,9.72381983675136,-3.45030867861197,-1.01973309674542
"GTTTGTAAGGAACGGT-2","male","EN",15.5084733011018,-5.45314349256383,0.649361537829187,3.51219699225147
"GTTTGTAAGGGTCTAT-2","male","EN",15.526377582718,-5.43697775922643,0.805441221282032,3.54588863692005
"GTTTGTAAGGTATTGC-2","male","Oligodendrocytes",-0.587329184841039,8.48327456392421,-3.54802214907095,-1.30911042847912
"GTTTGTCGTCAGGCAT-2","male","EN",3.2979978563081,-13.4802740963541,1.80781543447092,7.36945006689747
"GTTTGTTTCAATCATG-2","male","Oligodendrocytes",-0.948617911170842,2.88151083864345,-2.17999017046377,-3.30534317651074
"GTTTGTTTCATGGTGT-2","male","EN",1.24155952947247,-10.5107096584879,0.643869074121263,5.09912059149464
"GTTTGTTTCCACCTTA-2","male","Oligodendrocytes",-0.809868430923345,8.57026492036952,-2.39702760981009,-2.53891446748058
"GTTTGTTTCCAGGAAA-2","male","Oligodendrocytes",-0.706248736213567,8.00722609438075,-3.07181918428824,-1.49381067910473
"GTTTGTTTCCGTCCAT-2","male","Oligodendrocytes",-1.04518208486927,2.06068967260493,-2.99035060213492,-2.52490022340099
"GTTTGTTTCCTAAGTA-2","male","Astrocytes",-8.10335645658863,0.69432318933381,-4.65015017794058,-6.50537731805126
"TAAACAGCAAACTCAT-2","male","OPC",11.5490063668977,3.42519865907802,12.1529270429762,-0.308364357140465
"TAAACAGCAGCTTAAT-2","male","Microglia",-9.15193567259205,13.6927910891928,0.810100624397543,-7.77089932122509
"TAAACAGCAGGTTAAA-2","male","IN-MGE",-3.4337030409087,-4.53016175351964,-6.82828175829336,0.807208572241859
"TAAAGCCTCAAGCTTA-2","male","OPC",10.7518824579011,3.17700396455897,12.7077499647291,-0.211975003865166
"TAAAGCCTCACCTGCT-2","male","EN",15.5292862893831,-5.3933795841776,0.520435424581316,3.83219168028553
"TAAAGCCTCGAGGTGG-2","male","Endothelial",2.83313550965893,13.2266837207235,-2.30378639505789,-3.27463104882519
"TAAAGCCTCGTTAGCG-2","male","IN-MGE",-6.86927804930103,-5.65870846830235,-6.54241263674185,3.0079481347533
"TAACAAGCAACAGGTG-2","male","Pericytes",0.986962521244166,0.168388262168302,2.8222746868284,-2.7205515162019
"TAACAAGCAAGGCCAA-2","male","IN-MGE",-6.87186059934986,-4.18524111829625,-6.90108954714224,4.54371783575733
"TAACAAGCAGCATTAT-2","male","Oligodendrocytes",-0.676269745658757,1.85613523401393,-1.53964745806143,-2.00230052628796
"TAACAAGCATCACTTC-2","male","Microglia",-9.09450921995533,13.6649514285482,-2.64442431734488,-6.27681067147534
"TAACAAGCATCGCTTT-2","male","Microglia",-9.31275377256763,12.2869187442221,0.151276113525179,-8.88210251488964
"TAACCAGGTAATTAGC-2","male","Oligodendrocytes",-0.746275162528874,10.2539731112875,-1.79622185038016,-1.45981409707348
"TAACCAGGTATTGTGG-2","male","IN-CGE",1.71749486940014,-6.00165165983068,-4.37002980516836,10.6992211087676
"TAACCAGGTCAAGACC-2","male","Oligodendrocytes",-0.377682840656163,8.06288777269496,-1.86521255777762,-2.65053751626293
"TAACCAGGTTCGCGCT-2","male","EN",6.44656982438671,-11.9305542858683,3.82905948354318,6.1420988782378
"TAACCAGGTTCGCTTG-2","male","IN-MGE",-17.1989146230925,-5.76631535611974,-5.66634452150748,4.66101167044361
"TAACCAGGTTGCGCGA-2","male","OPC",12.033927822281,2.86405287660731,10.9967848081739,-0.791495467808648
"TAACCGGTCAATTACG-2","male","IN-CGE",1.02746930139172,-5.23779429517613,-3.70949303911612,10.0577978833648
"TAACCTAAGGATCACT-2","male","EN",5.88485708253491,-10.1659554394327,0.449468704000261,3.44040295920093
"TAAGCCAGTGAGGTAG-2","male","Oligodendrocytes",-6.94427690489185,0.889502301589384,-3.16104304598257,-5.02367403664867
"TAAGCCAGTTCATTTG-2","male","EN",4.49928751008618,-10.1275881680094,2.98725736333444,3.67765638670643
"TAAGCCTAGGCATTAC-2","male","Oligodendrocytes",-0.522960638831975,3.85043655313624,-2.23219668672964,-1.93240502038281
"TAAGCTATCAATGAGG-2","male","EN",8.15982666032421,-6.87391747556554,6.26168930722788,4.13502499899586
"TAAGCTATCCGTGACA-2","male","IN-CGE",0.0241997184048873,-4.76298703275548,-3.64081752108023,9.48269412359913
"TAAGCTGGTCCCGAAG-2","male","EN",15.5467461587678,-5.46565522275792,0.404378028646257,3.76789018950184
"TAAGCTGGTCCGTAGG-2","male","Microglia",-9.32571420652759,9.05041609682216,-0.645247099861357,-6.61907389321606
"TAAGCTGGTGCTTACT-2","male","Oligodendrocytes",-0.281989490817906,10.344240292684,-2.58646595285818,-2.00789597192089
"TAAGCTGGTTACTTGC-2","male","EN",14.9738091470491,-5.35855092130528,0.361146273151186,3.81885311445911
"TAAGCTGGTTAGGACC-2","male","Microglia",-9.24850759489429,11.4139968005575,0.408247085347917,-7.68218662896435
"TAAGGACCAGGCAAGC-2","male","IN-MGE",-6.73956165296924,-4.5439881237589,-6.74760520265982,4.72859189352711
"TAAGGCTTCGGTTTCC-2","male","EN",3.30149474160778,-13.2222365292154,2.18852257920816,7.71733376822193
"TAAGTAGCAATAATGG-2","male","Oligodendrocytes",-0.583051478694798,1.64946971811427,3.14024031354502,-0.634072090771599
"TAAGTAGCACAATGCC-2","male","EN",14.2195300103914,-5.54488457761632,0.0509926695974137,2.78979561171253
"TAAGTAGCACCTGCTC-2","male","Oligodendrocytes",-0.295156395267369,9.94026862062587,-3.38302886293814,-0.741027619030877
"TAAGTAGCAGCCAGTT-2","male","Microglia",-9.43655691130054,9.14806090273036,0.767328480318334,-8.09377339043896
"TAAGTAGCAGGTTAAA-2","male","Microglia",-8.99863634092701,12.0099774447836,0.543268295064714,-8.35373451867382
"TAAGTGCTCAAACCGT-2","male","Oligodendrocytes",-0.87248370630634,3.18639956392421,-1.77119433687613,-2.69800474801342
"TAAGTGCTCCCGTTAC-2","male","EN",0.618571752477763,-9.40237225614415,1.21134305192545,5.43187281927784
"TAAGTGCTCCTTGAGG-2","male","Oligodendrocytes",-0.506816243957402,3.00069819368495,-2.23128521250174,-2.45823934235851
"TAAGTGCTCCTTGCGT-2","male","Microglia",-9.51459417326343,13.1590920535482,0.712559687033441,-8.50240471520702
"TAAGTGCTCGGTCAGC-2","male","Microglia",7.23199024217236,-10.0082348736368,-0.012747226223204,-7.9505582109956
"TAAGTGCTCGTTACAA-2","male","EN",6.95104398744213,-11.0986327084147,3.01213348104074,4.80336139044483
"TAATCACCAGGCTAGA-2","male","Microglia",-9.19785890562427,11.1348086444296,0.597652496829775,-8.70277168908398
"TAATCCGCACAATTAC-2","male","EN",8.36982288377392,-6.791381255015,6.393227221504,4.30502579054554
"TAATCCGCAGGCTTCG-2","male","EN",7.87666549699414,-8.1833285244547,5.38983833982065,4.73986861548145
"TAATCCGCATCACTTC-2","male","OPC",12.0634135247956,3.60628519930018,12.2970911283644,-0.823390509274407
"TAATCCGCATTATCCC-2","male","EN",7.01725997941601,-10.3043850811564,1.35281205369547,2.71264645895679
"TAATGCATCCTCCCTC-2","male","Oligodendrocytes",-7.29416809065235,-0.351964786871539,-2.75617182062552,-0.529413844731255
"TAATGGACAAACAACA-2","male","OPC",12.113891506363,3.90397702135219,11.9744259138258,-0.191598023560448
"TAATGGACATTAAGTC-2","male","Microglia",-8.92755231840503,12.1478968707479,0.335112871661928,-7.34324314751904
"TAATTGCCAATTGCGC-2","male","IN-MGE",-3.78247127516163,-6.03379525266515,-7.15220773027823,1.27848050436695
"TAATTGCCACTGGCCA-2","male","EN",2.98939051644909,-13.5410450848185,2.29307329846933,7.18989941916187
"TACAACATCGGCTAGC-2","male","Microglia",-8.99914464933765,11.3253766147055,0.570325048700121,-8.26771404900829
"TACAACATCTCATCAT-2","male","EN",4.36823453919995,-13.1653155239664,2.00812030030802,7.23165080389698
"TACAACATCTTAAGTG-2","male","EN",2.49638309495556,-2.35328997693883,-0.790380237564299,3.68982097944935
"TACAACATCTTTGACT-2","male","Oligodendrocytes",-0.629682636093022,5.19432269014491,-2.59757530497,-2.10929682412426
"TACAAGCTCAGGGCCT-2","male","EN",8.43494787232983,-7.1360553654276,5.68244850827768,4.1316897614928
"TACAAGCTCCAGCACA-2","male","Oligodendrocytes",-0.455919718574407,8.90062342561854,-2.36656844423697,-2.1875241056947
"TACAAGCTCCATCAGG-2","male","Astrocytes",-7.79993352873218,0.373363122121229,-4.96093308733389,-6.53846314111034
"TACAAGCTCCTAAGGT-2","male","Astrocytes",-7.7705622671355,1.42118756450786,-5.01664244936392,-6.28611471810619
"TACAATGTCACGCGGT-2","male","Oligodendrocytes",12.2725323678743,4.75225792802943,-3.51111590670035,-5.41306879678051
"TACAATGTCATGGCTG-2","male","EN",1.22380104081738,-10.749042406901,0.908694414481666,5.23638198218067
"TACAATGTCCCGAACA-2","male","EN",3.28075423257458,-13.5040978344523,2.16429197980478,7.22619864783008
"TACAATGTCGCAGGCT-2","male","IN-CGE",-1.87689671499622,-17.1343287380777,-2.78940546320364,7.92722747168262
"TACAATGTCGCTATGG-2","male","Oligodendrocytes",-0.0915024636496324,9.06104288972987,-2.38541853235647,-0.524925734188958
"TACAATGTCGTTTCTG-2","male","EN",2.88323154466259,-12.2738064678751,1.93951559259012,5.82988879522999
"TACAGCTAGACTAAGG-2","male","IN-MGE",-7.05144128782642,-5.58165253721105,-6.44088065431998,3.80202195486744
"TACAGGTTCATGTGGT-2","male","Oligodendrocytes",-0.845169877838017,3.54333339609279,-2.01704370783255,-1.6706087843446
"TACAGGTTCCGGTTGA-2","male","Microglia",-9.07731733305347,11.5266247836508,0.0881113429219986,-8.25015022912304
"TACAGGTTCTTTGACT-2","male","Oligodendrocytes",-0.511279380153539,3.18484626688136,-2.35710775659964,-2.12311675706188
"TACATCAAGCGAGTAA-2","male","Oligodendrocytes",-0.723445510696294,7.1756335345663,-2.81588160799429,-1.80985286393444
"TACCAAATCAAGCCTG-2","male","OPC",11.6881331445466,3.26970349229945,11.0800100584181,-0.375608112004204
"TACCAGGTCACTTTAC-2","male","Microglia",-9.43405542356861,9.24038229860438,0.05178046418741,-8.30074837365429
"TACCAGGTCCTAACGG-2","male","EN",3.05214324014294,-11.6542595776163,1.95164942933634,5.92784592947681
"TACCCGGCACTATGGC-2","male","IN-MGE",12.0385903360139,4.09883557237758,11.6277977247389,-0.384398843434258
"TACCCGGCATTAGCCA-2","male","OPC",11.5541666986238,3.20513091959132,12.1757904310377,-0.622134114888115
"TACCGAAGTAACGAGG-2","male","Oligodendrocytes",-7.48619995100391,1.00115527190341,-2.06548130319998,-0.402166868832512
"TACCGAAGTTAGTGAT-2","male","EN",3.02288737313855,-13.5178307446085,1.78100598050668,6.78494260153492
"TACCGAAGTTGGTTGA-2","male","IN-CGE",-3.19109926206958,-9.64567746244298,-3.04398429201529,8.01347062430103
"TACCGCAAGCCACAAT-2","male","EN",5.63244285600292,-9.59233845792638,1.61206668807581,2.9372956498595
"TACCGCAAGTTAGTTG-2","male","EN",6.94820203797924,-10.6278504284464,3.09645998670175,4.54369065603931
"TACCGTTGTAACCACA-2","male","Oligodendrocytes",-0.302317714523198,7.79015551485194,-2.49030101107046,-0.872960592892571
"TACCGTTGTACAATGT-2","male","EN",5.86250963227856,-13.0559939297281,3.65136182500437,6.3433871015044
"TACCGTTGTACCGTTT-2","male","EN",2.84054889695752,-2.16227044187413,-0.844999788269255,3.43008229574879
"TACCGTTGTCCACAAA-2","male","EN",2.96738543527233,-13.5779093655192,1.73552543117121,7.17781970343311
"TACCGTTGTCGTAATG-2","male","Oligodendrocytes",-0.286075925659062,5.77956019319667,-2.96430814073965,-0.669705058720513
"TACCTCATCCTCATCA-2","male","IN-CGE",-1.97267136556995,-17.2497347744547,-2.67580354021475,7.90480468115528
"TACCTCATCCTGCGAA-2","male","Oligodendrocytes",-0.637195205520513,3.4993320552267,-2.59225904749319,-2.0595395819215
"TACCTGCTCACGCGGT-2","male","EN",5.94623699205029,-13.0852650555216,3.65377414418772,6.34234139761646
"TACCTGCTCAGTGAAG-2","male","Microglia",-9.07688531858814,11.6637469378866,-0.754758356079314,-8.48481896081249
"TACCTGCTCCCTGGTT-2","male","Oligodendrocytes",-0.474239086936833,3.35528622545375,-1.57579624460623,-2.36414053597729
"TACCTGCTCCTGGTCT-2","male","EN",7.38812007920849,-9.75098027311193,4.386315943733,4.63037631354053
"TACCTGCTCTCACTAT-2","male","IN-CGE",0.402705203537224,-5.06690444074498,-3.82566630648062,9.7774576886626
"TACCTGCTCTTGATGA-2","male","EN",14.2441615106355,-5.66141118131505,0.0172662158162857,2.76361439070423
"TACCTTAGTATTGTGG-2","male","Microglia",-9.25874242765796,10.5519724933065,0.459290416970995,-8.05936482110302
"TACCTTAGTCACAGCG-2","male","IN-MGE",-2.69019875509632,-5.7781599911295,-7.59245145128653,1.41032991251667
"TACCTTAGTTTGTGGA-2","male","Oligodendrocytes",-0.677101468871953,3.92620526231898,-2.52048003481314,-0.986947323468133
"TACGCACCAACTAGAA-2","male","EN",3.10445179956066,-11.6566075237833,1.85573399259165,6.33113810858448
"TACGCACCACCATATG-2","male","EN",8.19862165467846,-7.66621769986974,6.53814804746225,4.34715626082142
"TACGCACCAGGCCAAA-2","male","Oligodendrocytes",0.0543213428746444,-4.74579037748204,-1.40716087625906,-3.97431805291454
"TACGCACCATAAGTTC-2","male","IN-CGE",1.47149446027386,-4.47300089918004,-3.89461076067373,9.9672770246001
"TACGCACCATCCTAGA-2","male","Oligodendrocytes",-1.00310919268024,0.869117870704069,-1.71871053980276,-2.39174416222851
"TACGCTTGTAACCACA-2","male","EN",0.637041831184505,-9.47645081601964,1.11933100415781,5.50230595907886
"TACGCTTGTGGTTAGC-2","male","EN",8.21355762498486,-7.53527630887853,6.35027802182749,4.3188771947356
"TACGCTTGTGGTTATG-2","male","IN-MGE",-3.61586294157398,-6.49430026136266,-7.24102628038809,1.11152628502567
"TACGCTTGTGTTCCCA-2","male","EN",1.86535122411358,-11.1790074261271,0.973887341156747,4.61621758780201
"TACGCTTGTTACATCC-2","male","Oligodendrocytes",-0.701872443984868,0.418362587467565,-1.51630747126028,-2.21563031831066
"TACGCTTGTTATTGCC-2","male","EN",5.91714801805126,-13.057786837443,3.84783995343759,6.19075152716358
"TACGCTTGTTGAGGTC-2","male","Astrocytes",-7.30390844328296,1.25495640911235,-4.72941815660879,-6.0164065615205
"TACGGATTCAGGATGA-2","male","Microglia",-9.08943185789478,12.0784598437704,0.721120389238145,-8.65866520562451
"TACGGATTCCTCGATC-2","male","IN-MGE",-17.0766802786101,-5.80483950696813,-5.61496341036246,4.4167787774535
"TACGGATTCTAAGTGC-2","male","Oligodendrocytes",-0.766076063941838,9.6065941897787,-2.41125666902945,-0.315574194577141
"TACGGTTAGGCGCACT-2","male","Astrocytes",-1.48478207571399,-0.072813764437304,-5.07045638369009,-5.81769373574535
"TACGGTTAGGCGTAAA-2","male","EN",7.42968597428906,-9.8208846005045,3.93364823056772,4.86438557944019
"TACGTAATCCACCTTA-2","male","EN",6.93928947465527,-10.817643061503,3.29942596150949,4.53233930906971
"TACGTACAGCATGTCG-2","male","OPC",11.7621850015413,3.11735425867213,12.765240313545,-0.328615810063286
"TACGTACAGCTGTAAC-2","male","Oligodendrocytes",-0.875691509078862,0.965827479735746,-1.25223409937308,-2.34863641419689
"TACGTACAGTTAGGCT-2","male","EN",7.56139411943066,-9.49659813962804,3.82527625753,4.39784476599415
"TACGTTAAGCAAGATG-2","male","IN-CGE",0.967697346378444,-3.77626694761144,-3.58770501421377,9.42151496252735
"TACGTTAAGCACTTGG-2","male","Microglia",2.10859551446545,4.13396011270656,5.77096808148935,3.59501383146961
"TACGTTAAGGCGGGTA-2","male","OPC",8.92392244355786,2.17660747446193,10.8822370786817,-0.168074692871972
"TACTAAGTCCCGCATT-2","male","IN-MGE",-3.03257522566211,-4.67410124860631,-7.03240811632559,1.1973819478484
"TACTAAGTCTCAATGA-2","male","IN-MGE",-2.94332513792408,-6.02531756482945,-7.33894669817373,1.38964704117496
"TACTAAGTCTTAGGAC-2","male","OPC",11.8293580056916,3.23669277109279,11.034696223274,-0.702492858555718
"TACTCAAAGCATCCAG-2","male","EN",6.87401666658032,-11.0759753140055,3.35874641133859,4.87094209036549
"TACTCAAAGGTGTCCA-2","male","IN-MGE",-3.24580035192859,-3.51287592969762,-6.96301305101797,2.25256345114429
"TACTCAAAGTCTCACC-2","male","Microglia",-8.96425065977466,13.015268429891,-0.49828171537802,-8.34663059869091
"TACTCAAAGTTGCGTG-2","male","Oligodendrocytes",-0.337207412551763,7.51619969286098,-1.78402101801321,-3.93293907799999
"TACTCGCTCAGAAACG-2","male","OPC",11.654099369217,3.93025122560634,12.3799101133497,-0.723647143032952
"TACTCGCTCAGCCAAT-2","male","IN-MGE",-6.93019113523853,-4.33703841291295,-6.8731998185961,4.5662874921294
"TACTCGCTCATTGTCT-2","male","EN",3.04481759088147,-11.9886673840128,2.01780975057199,5.83847281775196
"TACTCGCTCGGTAACT-2","male","IN-MGE",-2.8140877245177,-4.92046917997228,-7.54249799059317,1.41157725891788
"TACTCGCTCGTTAACA-2","male","EN",0.34414379464495,-1.95070566259252,1.211980493799,4.06669661841114
"TACTGACAGATGGACA-2","male","EN",0.876397037674068,-10.0786923321329,0.392574282422807,5.26870724997242
"TACTGACAGGATTGAG-2","male","IN-CGE",1.8634720088731,-5.99654616437779,-3.92251765535757,10.5558085187407
"TACTGAGGTAATAGCT-2","male","IN-MGE",-4.24764881117237,-6.44016350828038,-7.40969121263907,0.997001264903144
"TACTGCACAATTAACC-2","male","IN-MGE",-5.04047164900196,-6.43891514860021,-7.74418961809561,1.15440050205906
"TACTGCACAGCAACCT-2","male","Astrocytes",-8.70142850859058,-0.0745944531999688,-4.82497203157828,-5.50703480401318
"TACTGCACATAAGCAA-2","male","Oligodendrocytes",-0.790393686126592,3.20801363863124,-1.48173153208182,-2.40066530862133
"TACTGCACATACCCGG-2","male","OPC",11.8706301690828,3.76844035066737,12.3199783582838,-0.43729999223034
"TACTGCACATCCCTCA-2","male","IN-CGE",0.736975634266017,-3.98239363752233,-3.79504620836661,9.72308013281544
"TACTGGCCACGTTACA-2","male","EN",4.77512254731762,-9.67160786710607,2.45753061963632,3.81151339850147
"TACTGGCCAGACAAAC-2","male","Oligodendrocytes",-0.899129009078862,3.78762851633204,-2.47399771021292,-0.701931263592644
"TACTGGCCAGGAACTG-2","male","IN-MGE",-6.81332311613453,-4.51670731626378,-6.59544551180289,3.83660504660328
"TACTTCGTCAGGATGA-2","male","OPC",11.0765160562288,3.18437109865321,12.2935520429762,-1.11786689915936
"TACTTCGTCATGCAAC-2","male","EN",2.88800086991894,-12.572206393107,1.97233092977121,6.27111527762134
"TACTTCGTCTGGCTTC-2","male","EN",3.96039214151013,-13.1072100552164,1.68282312347009,7.4406509145232
"TACTTGTTCCCTCAAC-2","male","Microglia",2.07318165319073,4.24687395967616,-4.40038287447378,-5.79727938332836
"TACTTGTTCCTTGAGG-2","male","Microglia",1.84421219842541,3.90453968919887,-2.82918965624258,-6.60424902596752
"TAGACCAGTCACAGCG-2","male","EN",8.30034103410351,-6.92988671384679,6.42141449643686,4.39183494887073
"TAGACCAGTGTGTCCC-2","male","Microglia",2.21728112714398,4.62021313585414,-1.37915789888785,-5.75296881356518
"TAGACCAGTTCATTTG-2","male","EN",4.47505512254345,-13.137054339274,2.42755234433725,7.29827115378101
"TAGAGCCGTTATCCGT-2","male","EN",3.51830616014111,-13.4295367153727,1.92652535630777,7.32223460516651
"TAGAGCCGTTATTGCC-2","male","Astrocytes",-8.0780859945525,0.412428065911664,-4.84341323183462,-6.67155745187084
"TAGCAGGCAGCAAATA-2","male","Microglia",-9.09047613127125,12.3639708606161,0.607029514447,-7.62768414178173
"TAGCAGGCAGCCTGCA-2","male","Microglia",-9.43878946287525,13.199648961202,-0.0975738148538803,-8.02868797936718
"TAGCAGGCAGTAGCCT-2","male","EN",0.450604567099689,-9.35210217557775,1.11618560744837,5.52273938498218
"TAGCAGGCATTGTCAG-2","male","EN",3.85215129869091,-13.3297909649454,2.33891868783548,7.52436301550587
"TAGCATATCATTCATC-2","male","IN-CGE",-1.84793052656543,-17.0998114498697,-2.94006717012808,8.15422341665943
"TAGCATATCCAATAGC-2","male","IN-MGE",-4.18946371061695,-6.51451768003331,-7.81071793840811,0.798308846268253
"TAGCATATCCGCACAA-2","male","Oligodendrocytes",-7.91205224974048,0.483510643021001,-1.94890320108816,-2.89486959138195
"TAGCATATCCTGATGG-2","male","IN-MGE",-3.32686362249744,-6.45505942426549,-7.58717953966543,0.795805585298137
"TAGCCGGGTGCATTTC-2","male","EN",13.660320186783,-12.0466994198404,3.22900903417185,3.03351328215321
"TAGCCTCTCAAAGGCA-2","male","Astrocytes",-8.2168103216399,0.429869740978612,-4.81359946535513,-6.98545696893017
"TAGCCTCTCATTATGG-2","male","Oligodendrocytes",-8.04245862944019,-0.181665137632952,-2.37471878336355,-0.20639714160244
"TAGCCTCTCCGCCTAT-2","male","Astrocytes",-8.72805032713306,0.17678712286128,-4.78851067827627,-5.82132389703076
"TAGCCTGAGAAGCTAG-2","male","EN",1.15736576335537,-9.67643632017003,1.41559416247919,4.85777518591602
"TAGCCTGAGCAATAGG-2","male","Oligodendrocytes",-0.544059371780278,9.37206183351649,-2.24384248064444,-0.966733838704033
"TAGCCTGAGCACTAGT-2","male","Astrocytes",-8.468833064865,0.0300963369764228,-4.62579953478262,-7.39016869225781
"TAGCCTGAGGCACAGG-2","male","Oligodendrocytes",-0.513130998443486,6.28570567049159,-3.55841481493399,-1.14729144730846
"TAGCCTTGTCCGCTGT-2","male","Oligodendrocytes",-1.04531440718067,3.27675758279933,-1.89179909037039,-3.42906525292675
"TAGCCTTGTGCAATGC-2","male","EN",4.03524532334912,-13.0622967632853,1.4373048563154,6.24868008932789
"TAGCCTTGTGCCGCAA-2","male","Astrocytes",-8.1248856542815,0.224779709950819,-4.45600688265249,-6.99898865380566
"TAGCCTTGTTAAGCGC-2","male","Microglia",-9.28402814848316,10.0599185077108,0.429845007196214,-7.95717384972851
"TAGCCTTGTTGAGGTC-2","male","Oligodendrocytes",-0.724045133422734,0.759986445084943,-2.3167804460375,-3.06115200677197
"TAGCCTTGTTTGCTGT-2","male","EN",3.91446938531506,-13.2902106197916,1.86236834718302,7.45997474035938
"TAGCGCGGTAGGATTT-2","male","OPC",11.9709462167512,2.86900459207667,12.017157198921,-0.596080447819634
"TAGCGCGGTATTCGCT-2","male","IN-MGE",-2.74532351477039,-3.91577996335851,-7.23470437334463,1.29064432224949
"TAGCGCGGTTTGCGAA-2","male","IN-CGE",0.353406399283884,-4.26636494718419,-3.47243869112417,9.28047129950245
"TAGCGGACAATACTGT-2","male","OPC",11.8888997079622,3.21043430246486,13.0005584974439,-0.624095822956963
"TAGCGGACAATTATGC-2","male","Oligodendrocytes",-0.310930645297887,6.11256609834804,-2.08858668611929,-2.11513426461498
"TAGCGGACACTAGCGT-2","male","OPC",11.4745549203645,3.42901025690211,12.4403778333814,-0.495842720654412
"TAGCGGACATTGACAT-2","male","EN",1.2709713222276,-9.5308512600504,1.38154554559305,5.03942391714771
"TAGCGGCTCCCTCTAA-2","male","Microglia",-9.43083391172779,8.93679724611415,0.282956065669801,-7.9842610613374
"TAGCGGCTCCTGGTCT-2","male","EN",13.6751479150544,-12.0636061581217,3.1610597391279,2.93085286459644
"TAGCGGCTCGCTAGCA-2","male","Microglia",-9.15114698393238,11.6328202334799,0.637219520345476,-7.88176205315868
"TAGCGGCTCTGCAAAC-2","male","EN",13.7440384866487,-12.1340578945719,3.25958788587168,2.88704249701221
"TAGCGGCTCTGGTCCT-2","male","EN",-0.0897029398192186,-1.72671379171239,1.82743519736841,6.22850606283863
"TAGCTAATCATTTGTC-2","male","IN-CGE",0.98575546758282,-3.3132227810465,1.68692308856561,3.6541518910857
"TAGCTAATCGAGCTAT-2","male","IN-MGE",-4.15002975447071,-6.63380326352941,-7.1132105569689,1.13252219996174
"TAGCTAATCGTACCGA-2","male","Oligodendrocytes",-0.548139726947667,-0.203467503412829,-2.35128462122366,-3.23781635918896
"TAGCTAGGTAATAGCT-2","male","EN",-0.913712358306767,8.3774944392599,0.652995051875856,4.83694026312549
"TAGCTAGGTCAATACG-2","male","EN",7.70789423005688,-8.78517045102941,-1.58667719171927,-4.50278475442211
"TAGCTAGGTGTTGCAA-2","male","Astrocytes",-8.42143163664234,0.256785198823347,-4.81873643206045,-6.46365263619701
"TAGCTTAAGCCTGAGC-2","male","EN",3.74124565141308,-13.2339772137247,1.99231076432779,7.46186921438892
"TAGCTTAAGGAATAAC-2","male","OPC",10.2925309182893,3.45242367662562,12.6008650083692,-0.139169241574212
"TAGCTTAAGGATCACT-2","male","Oligodendrocytes",-7.31393108351124,-0.395808056219683,-2.52436005876944,-5.78143170037548
"TAGCTTAAGGATTGAG-2","male","Oligodendrocytes",-0.440685367416264,3.61718998827113,-1.50781428621695,-2.80506971040051
"TAGCTTAAGGGCTAAA-2","male","EN",15.455218219925,-5.39409245572911,0.471623482242372,3.80811235747059
"TAGCTTAAGGTACCGC-2","male","Oligodendrocytes",-0.489216601680638,6.77904473222865,-3.1810930948107,-1.77532055535595
"TAGCTTAAGGTTTGAC-2","male","Oligodendrocytes",-1.01318571550739,0.770626723543539,-1.56352269457266,-3.50848438897411
"TAGCTTGCACGGTTTA-2","male","EN",6.90093889253247,-10.4222735317789,1.90600288106516,3.45769069037159
"TAGCTTGCACGTGCTG-2","male","Astrocytes",-7.35251817686451,0.831605776921644,-4.86760985659048,-6.30338146844189
"TAGGAACCACCCTCAC-2","male","Oligodendrocytes",-0.219454800914647,9.75239573396815,-2.35642349527762,-0.169696356442376
"TAGGAACCATAATGTC-2","male","EN",5.06319513337719,-9.68245972715245,3.12421572400644,3.68383452734669
"TAGGAGGGTGTGAGGA-2","male","Oligodendrocytes",-1.04671535475147,1.1449310628332,-2.87230050371573,-2.83838179269115
"TAGGAGTCAAGGATTA-2","male","EN",7.73901786820996,-8.4479884060465,5.33191931439951,4.75579831442554
"TAGGAGTCACCTGGTG-2","male","EN",3.46900477426159,-13.378886118754,2.47111725999429,7.40378043493946
"TAGGCTAGTATTCGCT-2","male","IN-MGE",-2.55600223524463,-5.52208603940831,-6.26256215380118,0.288222764346199
"TAGGCTAGTATTGGAT-2","male","OPC",11.8654269220124,2.78331361688746,11.8546911497267,-0.815359141018792
"TAGGCTAGTCATAGAT-2","male","Oligodendrocytes",-0.846894478629949,2.88943181909694,-1.97679102228567,-2.308436419156
"TAGGCTAGTTGTTGTC-2","male","VSMC",14.3023795129548,-0.834968939646349,0.310394527450349,5.0808400853606
"TAGGCTGTCCTGCGAA-2","male","Oligodendrocytes",-0.873170709442021,2.77831493295802,-2.56047403620169,-2.16583421387951
"TAGGCTGTCGTACCGA-2","male","EN",7.93740644471752,-6.68894423566686,6.46196711255625,4.23097989401539
"TAGGCTGTCTGTGCCT-2","male","EN",3.56214966790783,-12.9916581066691,1.89699030114725,6.77137658438404
"TAGGCTTAGGTCCTGA-2","male","EN",4.90015163438427,-9.96373356901036,2.59091353608682,4.0541546090575
"TAGGGTTTCAAACCGT-2","male","Astrocytes",-6.98420486433399,1.03732626117839,-4.74892937944815,-6.66981842675488
"TAGGGTTTCAGTGAAG-2","male","EN",2.55379381196606,-2.31344188772069,-1.02025306032583,3.63476917586048
"TAGGTGCGTCACAGCG-2","male","OPC",10.3868416787873,2.50375233568324,12.327664973274,-0.764446164753838
"TAGGTGCGTGCTGTAA-2","male","OPC",10.851928615738,3.02993713297023,12.1632972974928,-0.304452027466698
"TAGGTGCGTTACTTCA-2","male","Oligodendrocytes",-0.539733624290349,6.65979729570521,-2.08269035623953,-0.614106918957634
"TAGGTGCGTTAGGATT-2","male","IN-CGE",-1.8043380735625,-17.0588072689615,-3.04188287065909,8.24390218100269
"TAGGTGCGTTCAAGCA-2","male","EN",1.86498572843182,-9.58773221097814,1.7767681498678,4.3840627416106
"TAGGTTATCGTTAACA-2","male","IN-CGE",-3.27889475805652,-9.72516240201818,-2.90120136545584,8.02860209784229
"TAGGTTGGTAAGGTTT-2","male","Oligodendrocytes",-0.972499584983708,1.56200514711513,-1.06908368872092,-2.05623772301952
"TAGGTTGGTGGATTCA-2","male","OPC",11.6495217324983,3.62658964075221,10.7543531675489,-0.443958427098198
"TAGGTTGGTGTGCACG-2","male","IN-CGE",-0.0310711918581743,-3.34088410459386,-3.50038659380362,9.26410720190723
"TAGGTTGGTTAGCCAA-2","male","EN",-0.761755561660649,-1.00854565225469,3.65492761327341,6.31121060690601
"TAGTAACGTACCGGAT-2","male","EN",1.0070581080209,-9.66372670255529,-4.57666766451285,-6.04837849297802
"TAGTAACGTGCTAGCG-2","male","Oligodendrocytes",-0.294929122756841,9.57955370821132,-2.63737690256521,-0.771301294949456
"TAGTAACGTGGTTATG-2","male","OPC",11.2484435083162,2.56240044511928,12.3840938825758,-1.08423831620495
"TAGTAACGTTGCATCT-2","male","Microglia",-9.26456556303394,13.6117688266195,0.569418670669344,-7.99454262414257
"TAGTAAGCAGCTTACA-2","male","IN-MGE",-4.52066240293873,-4.43753470502721,-7.26585995958731,2.31872234186848
"TAGTAAGCAGGACCAA-2","male","IN-MGE",-6.56139240248096,-4.30759371839391,-6.77426850603506,4.86581084570606
"TAGTAAGCAGGCTAAG-2","male","Oligodendrocytes",-0.248218273948552,7.26600466646327,-2.76383650110647,-1.31526568093578
"TAGTAAGCATCGCTCC-2","male","Endothelial",2.61567082421887,13.5113888827719,2.96798885060861,-2.32292225518505
"TAGTACGGTACCAGGT-2","male","IN-CGE",1.84161856191265,-4.95652331434117,-3.93588673876211,10.0223526700469
"TAGTACGGTATCTGGA-2","male","EN",14.2183150293123,-5.66525210462438,0.0267035384328629,2.77559230169971
"TAGTACGGTCATGCAA-2","male","Oligodendrocytes",-0.768011665176274,2.08262072481288,-1.62754976557181,-2.38382151284496
"TAGTACGGTGCGCATG-2","male","Astrocytes",-8.58805379850757,0.354294180647268,-5.18749987886831,-6.05579092660229
"TAGTACGGTGTGTGGT-2","male","Oligodendrocytes",-6.8370233534087,1.13619302190913,-3.1272703389971,-5.35963537850659
"TAGTACGGTTAACACG-2","male","EN",1.24234392659771,-9.41479100309239,1.43319875194147,4.7911581738921
"TAGTAGGAGACAAACG-2","male","Oligodendrocytes",-0.484306073020818,-0.429527417048083,-1.511154053673,-2.89290263810436
"TAGTAGGAGCCTCTGT-2","male","Microglia",-9.3274470327605,12.4172898379721,-0.144197819694731,-8.02064087548534
"TAGTAGGAGGCATTAC-2","male","EN",2.87067928331005,-13.4322708996378,1.49257242871835,7.37849805197437
"TAGTAGGAGTTATCCT-2","male","VSMC",0.0339221002351027,0.212859794274702,1.82026195718363,-1.72695400872509
"TAGTCAATCACAGCGC-2","male","IN-CGE",2.18706967847454,-4.60549630246984,-3.82649552629873,10.3652252896758
"TAGTCAATCCTTAAGA-2","male","OPC",10.5852641107331,2.97802124895228,12.4473167677076,-0.759755875256463
"TAGTGAGAGGACCGCT-2","male","EN",1.23928251283276,-11.1139277371012,1.74675262166574,5.44294831595142
"TAGTGAGAGTCATTTC-2","male","Oligodendrocytes",-0.560545718501927,9.02439795412196,-2.12187778757498,-0.362862016346856
"TAGTGGCGTCCCGAAG-2","male","EN",1.3483284951936,-10.6671952160441,0.974368589058664,4.9449405415984
"TAGTGGCGTTAGGCTA-2","male","IN-CGE",1.09564580934155,-5.62761487089025,-3.83605563448355,9.95572135290821
"TAGTGGCGTTATAGCG-2","male","IN-MGE",-3.05931267721546,-3.50496853910314,-0.318374751075957,3.21461698851307
"TAGTGGCGTTTGCGAA-2","male","Oligodendrocytes",-0.91651937944782,2.38421986974849,-2.32266390131399,-2.9251630560426
"TAGTGTGGTACTTAGG-2","male","Microglia",2.3683388473283,-4.66781462751256,-2.1157945375292,-5.67769053139965
"TAGTTGTCAAAGCGCA-2","male","Astrocytes",-6.5326701162566,1.71168015874995,-5.18342292116568,-6.32409193673412
"TAGTTGTCACACCAAC-2","male","Oligodendrocytes",-0.634001707862737,7.89884816087855,-1.51222669886038,-1.18642034688274
"TAGTTTGAGCAACATC-2","male","OPC",11.4790343286287,3.09973989404811,12.6829887647779,-0.369832541134758
"TAGTTTGAGGCGCTAC-2","male","OPC",12.3433455468904,3.63970886148585,11.0399843473585,-0.615160490658684
"TAGTTTGAGTAAGAAC-2","male","Oligodendrocytes",-0.457041477989079,5.78615532793178,-3.38596188829825,-0.749736334469719
"TAGTTTGAGTCATTGA-2","male","OPC",11.569328212906,3.02641521371974,12.9757486601026,-0.424877669003411
"TAGTTTGAGTTGGGCC-2","male","Microglia",-9.10921201689136,11.8694516269125,0.6166830529125,-7.5829291597871
"TATAACCCAGCCTTGG-2","male","EN",8.43700113313305,-7.32835568509923,6.46487057401254,4.36372206053455
"TATAGCCAGAGGAGGA-2","male","Oligodendrocytes",-0.579434311221959,2.56483434118403,-3.22757661150381,-1.71365192094128
"TATAGCCAGAGGGACT-2","male","EN",4.44024410264599,-10.2581223400675,3.06261670781687,3.3159544213744
"TATAGCCAGCTCCTTA-2","male","Microglia",-3.19159398062122,-4.55672682844029,-3.67808472917959,-6.13852360406201
"TATAGCTCAAGATTCT-2","male","IN-CGE",-3.3548935411681,-9.81532658658849,-3.11662256525442,8.430821393344
"TATAGCTCATGACTAT-2","male","EN",3.71827878968823,-13.4061345013224,2.155514122978,7.44551608404835
"TATAGGTGTAGGTTGC-2","male","OPC",11.4950284005891,3.86269269861354,-3.74544131563589,-5.89084198632519
"TATAGGTGTCAAGTGC-2","male","Oligodendrocytes",-3.46988925917041,-3.64741791807042,-6.223068116173,0.362818632933692
"TATAGGTGTCCGCTGT-2","male","Microglia",-9.43445405943287,11.9927369204916,0.533934744134691,-7.33153202691357
"TATAGGTGTTCCGGCT-2","male","Microglia",1.82111146466839,3.84702430643214,-3.34715258882925,-6.39135172524731
"TATATCCTCAATCTAG-2","male","EN",5.28138914125073,-9.74977673612462,3.12085354520395,3.68575618109425
"TATATCCTCCCTGATC-2","male","EN",1.08102747218716,-10.4310969265543,0.842717101857212,5.38446566900928
"TATATCCTCCGCCTCA-2","male","IN-MGE",-3.56824979765308,-6.34092225156652,-7.18799626635,0.802992050263481
"TATATCCTCTGGTCCT-2","male","Oligodendrocytes",-8.83490762693775,-0.118517533167468,-3.6171921472399,-5.40426542916576
"TATCACAAGACTATTG-2","male","OPC",10.3966549875032,2.55227754987849,12.8742910642774,-0.529490496304436
"TATCACAAGGCTTAAC-2","male","EN",3.42584958093273,-13.5835169704996,1.91680836869791,7.89781186423023
"TATCACAAGGTCCGTA-2","male","EN",0.934245729614375,-5.60461320005284,3.2156194467695,3.82435748419483
"TATCACAAGTAGAGGC-2","male","EN",1.14439984576809,-9.75055588804113,1.07157877279833,5.03383967718799
"TATCACAAGTCACCTC-2","male","Microglia",-9.25810155851734,13.4904109088339,-0.149559376701567,-7.29375698724072
"TATCACAAGTGAACAG-2","male","Oligodendrocytes",-0.0995759425867814,9.28387080110682,-1.98800790117666,-0.655356194165154
"TATCACAAGTGAGCAA-2","male","EN",1.34833666102993,-11.2240036877237,0.451624097362306,5.32538268408497
"TATCCAGCATGTCAAT-2","male","Oligodendrocytes",-0.14028999788654,6.92293272890223,-2.40791141794607,-2.00166275658886
"TATCCAGCATTAGCGC-2","male","Oligodendrocytes",-0.645689582656743,3.43423019327296,-2.40216433809683,-0.621937181141778
"TATCCGGAGGTGAAGC-2","male","IN-MGE",-2.44976315481556,-3.30139316640721,-1.92123687075064,-2.43300869622509
"TATCCGGAGTGAGCGG-2","male","Oligodendrocytes",-0.357182717155339,6.39394055284633,-2.28551137255118,-0.188599373486443
"TATCGAGGTGTGCACG-2","male","IN-MGE",-6.65153322203052,-6.24421967588292,-6.60214030550406,3.55633327803333
"TATCGAGGTGTTGTAG-2","male","IN-MGE",-4.14572963697803,-6.39510573469029,-7.32759415911123,0.870397676441268
"TATCGCACAAGGTATA-2","male","EN",7.54665079133618,-9.24271573148595,4.67237770749643,4.53199789366444
"TATCGCACAGCCGCTA-2","male","Astrocytes",-7.17120752317798,1.76557789720668,-4.69797837541983,-6.87864067712109
"TATCGCACAGTAATAG-2","male","Microglia",-9.16805944425953,11.7637425509848,0.332984568610933,-7.86876919427197
"TATCGCACATCCTGAA-2","male","OPC",10.5535696985017,2.94479714311732,12.0279241819532,-0.694232370045586
"TATCGCGAGACTCGCA-2","male","Oligodendrocytes",-1.09813485128772,2.15344594396724,-2.44171035097525,-2.74710848489086
"TATCGCGAGCTCGCTT-2","male","IN-CGE",2.38463463800061,-4.94840754590856,-4.2646039705126,10.6494717343779
"TATCGCGAGCTGAGGG-2","male","OPC",10.9812172891389,2.40568886675013,11.5881201048048,-0.933620835926934
"TATCGCGAGTTACCGG-2","male","Microglia",-9.42515096647632,13.2515040484823,0.551604511276033,-8.27837994256298
"TATCGCGAGTTCCCGT-2","male","EN",6.6297701837312,-12.7461632641398,3.94002211286142,5.76343867621143
"TATGACATCCGGTATG-2","male","Microglia",-9.41655359251392,13.0383101550497,0.315542699828889,-7.59554340997021
"TATGACATCCTAATAG-2","male","Oligodendrocytes",-0.641470765899541,10.585412129537,-2.93754803942129,-1.40847065606396
"TATGACATCGGCTAGC-2","male","Oligodendrocytes",-0.605154073070409,5.40179930605067,-1.6283587198107,-2.12501242318432
"TATGACTCAATAGTCT-2","male","Oligodendrocytes",-0.966809129547002,1.08922021068705,-2.24135553644583,-1.11004939236919
"TATGACTCACAATACT-2","male","Oligodendrocytes",-0.761477684806706,3.48584376253261,-2.41904103563711,-1.75289681115429
"TATGACTCAGCTAACC-2","male","IN-CGE",-0.417392170261266,-4.53375758252965,-3.12033164308951,8.45892712912281
"TATGACTCATAGACTT-2","male","Endothelial",2.77986731546032,13.2495585528768,2.41861486627176,-1.56214788117687
"TATGCATCATCGCTTT-2","male","Oligodendrocytes",-0.916750883888127,2.55054198183192,-1.58222114847586,-2.23536374726574
"TATGGATGTCTAACAG-2","male","IN-MGE",-6.83620462400806,-4.81026639066564,1.03294158174112,3.0967948182555
"TATGGATGTTATCCTA-2","male","Oligodendrocytes",-0.021663760970952,7.8065396396078,-1.773272154793,-0.539262200978203
"TATGGCCCAACTAGAA-2","male","Oligodendrocytes",-0.63391325456989,10.7276955691732,-3.03087293909476,-0.454534436848565
"TATGGCCCAGCTAATT-2","male","EN",8.7489632608186,-7.88790597043859,5.89254200650766,4.41980097136219
"TATGGCCCAGGAACCA-2","male","Oligodendrocytes",-0.976359462570073,0.746222376600637,-1.39987742708609,-0.0161463276414113
"TATGGGCGTAACCACA-2","male","Oligodendrocytes",-0.828025317024114,8.15993462480678,-2.60885989473746,-1.1338826672105
"TATGGGCGTGGACCTG-2","male","Microglia",-9.19059858305347,12.8436823932089,-0.80931687162802,-6.33134272256176
"TATGGGCGTGTCCTGC-2","male","EN",4.57883682267773,-10.0451468380533,2.99532425595835,4.05178067526539
"TATGGTCAGGCGGATG-2","male","IN-CGE",1.49299445169079,-4.8028935345255,-4.13174330995962,10.0860352261992
"TATGGTCAGTAACGAG-2","male","EN",2.92067804353344,-13.4056500347696,2.31030941201761,7.62588927588184
"TATGGTCAGTAAGTCC-2","male","IN-CGE",2.64270176904309,-5.13207902036534,-4.23733031557486,10.6192717298003
"TATGGTCAGTGGACAA-2","male","EN",3.28138961808789,-13.7296198757731,1.62133103801325,7.50690362295826
"TATGTGATCTGGCATG-2","male","EN",1.95837798135388,-11.6188868435465,0.63971963717058,5.05907676062305
"TATTACCTCGATCAGT-2","male","IN-CGE",1.33968069570172,-3.98935450635778,-3.92430341051504,10.3345761044951
"TATTAGCCATCCTAGA-2","male","Oligodendrocytes",-0.82021651251209,0.933251723424329,-2.08524977968619,-2.39413383164684
"TATTAGGTCTGGCAAT-2","male","EN",7.65428819673168,-8.98902215085851,5.36176169110849,4.55289313635548
"TATTAGGTCTTAGTGA-2","male","EN",7.43306245820629,-7.57912911496984,4.42038142873361,4.71688554129322
"TATTCGTTCAATCTAG-2","male","Oligodendrocytes",-0.762164330314519,9.82777605928553,-1.95000541017935,-0.482008601811333
"TATTCGTTCAGCATTA-2","male","Oligodendrocytes",-0.463346755336644,6.56895075716151,-1.91106498049185,-2.99882605233471
"TATTCGTTCTAGCGTG-2","male","EN",13.7379626275789,-12.1271141918741,3.24828589154794,2.96350667319019
"TATTGACCAAGGAATC-2","male","EN",8.42412080781567,-6.83524979673253,6.35471356107309,4.28411743483265
"TATTGACCACATAGCC-2","male","EN",7.67261257188427,-8.93734921537267,-1.8074084501116,-3.69954683938305
"TATTGACCAGAAATGC-2","male","Oligodendrocytes",7.7922457696687,-7.21635998807775,0.172539236083772,-2.91047718682568
"TATTGACCAGGCCATT-2","male","Oligodendrocytes",-0.812303399871709,0.555675806254878,-1.99026930139944,-1.34436776795666
"TATTTGCTCATAAGCC-2","male","EN",2.3105962516557,-9.64943303190099,3.3946019430311,4.76942059836109
"TATTTGCTCGATATTG-2","male","EN",8.20817174928295,-7.51945866666661,-4.14085185335562,-5.77844193139355
"TATTTGCTCTACCTGC-2","male","EN",2.52653327005017,-2.30438484273778,-0.919527409538481,3.69982311567982
"TATTTGCTCTGTTCAT-2","male","IN-MGE",-3.68355617506397,-3.84743250928746,-7.64614236162588,1.99209568342884
"TATTTGGAGATTGAGG-2","male","IN-MGE",-7.1396184919585,-5.55637921415196,-6.69505154894278,4.02543780646046
"TATTTGGAGCAGCTCA-2","male","IN-CGE",-2.01568326933277,-17.2163771542154,-2.77761447237417,8.03519580206592
"TATTTGGAGCCGCAGT-2","male","EN",2.51428952233898,-2.18362750135289,-0.850258467659209,3.54661867460926
"TATTTGGAGCTAGAAG-2","male","EN",4.67659940736401,-9.74944008909093,2.72937941743448,3.68721840223988
"TATTTGGAGGAGTCGG-2","male","EN",4.58812227265942,-10.137864962443,2.93292200757578,3.80882737478931
"TATTTGGAGGGACCTC-2","male","OPC",10.8093155862581,3.04343782343043,12.5187345762403,-0.770144607212945
"TATTTGGAGTTCCCGT-2","male","Oligodendrocytes",-0.0603254197348375,7.55830441393031,-3.23900258348868,-1.57645967164318
"TCAAACCAGCCGCTTT-2","male","Astrocytes",2.11365213410961,-5.17416848264562,-4.84614980028555,-6.36625816979687
"TCAAACCAGCTGGCTA-2","male","EN",8.37412729280102,-7.29910172544347,6.24993622495249,4.2115249379607
"TCAAACCAGGCGAATA-2","male","OPC",9.22209348695385,2.36459158338679,12.1159130354078,-0.443860437062188
"TCAAACCAGTTGTCAA-2","male","Oligodendrocytes",-3.6291466711272,-3.68365468107091,-2.34261119173453,-3.10769226708691
"TCAACAATCAGTATTG-2","male","OPC",12.170402431656,3.8588770476736,12.3565117139967,-0.839331056263848
"TCAACAATCATTTGCT-2","male","EN",2.89736189859021,-13.480505839213,1.66090536309793,7.35248706183155
"TCAACAATCCGCCTAT-2","male","EN",8.28615417497265,-6.94929255567418,6.56195318891123,4.40711781820972
"TCAACAATCTAAGTGC-2","male","IN-MGE",-3.56616029722583,-4.30171813093053,-7.51616227434561,1.68594941935261
"TCAACAATCTGCAAAC-2","male","EN",5.85717334764111,-12.9881438168131,3.60972273542002,6.43604848227222
"TCAAGAACAGGACACA-2","male","Microglia",-9.08677873594654,10.8121186343588,-0.679121134742949,-8.59098389306347
"TCAAGAACAGGATAAC-2","male","IN-CGE",2.46180906312573,-4.60926570020543,-4.12133347795889,10.8593229993315
"TCAAGACTCACCTGCT-2","male","Oligodendrocytes",-0.627758955787541,3.19785700716151,-2.02673256205008,-0.839655424740716
"TCAAGACTCCTCCATA-2","male","Microglia",-9.34078798277271,13.2859154788412,0.820112355113175,-8.34736397424023
"TCAAGACTCTTGCAAA-2","male","EN",14.2241009713899,-5.40498293958531,0.145022632613924,2.98417351088245
"TCAAGCTAGCTTAGTA-2","male","Microglia",-9.26920042021167,8.68384562410487,0.129825057521608,-7.70422318139355
"TCAAGCTAGGAACCGG-2","male","Microglia",-9.05096158964527,10.63823996462,-0.545689104065153,-6.52069285073559
"TCAAGCTAGGTCTTGG-2","male","Oligodendrocytes",-0.673166251014592,5.70456705965175,-1.8452879171221,-2.3662486330537
"TCAAGCTAGTGGACAA-2","male","Astrocytes",-8.63981351835621,-0.243029609545336,-4.53507554338858,-6.10372593560497
"TCAAGGAAGACTTATG-2","male","IN-MGE",-6.69176826460254,-6.2071699055277,-6.09487712191031,4.19609448752125
"TCAAGGAAGGACCTCA-2","male","IN-MGE",-7.10219869596851,-4.84465254865514,-6.70532786653921,3.95620868048389
"TCAAGGAAGGGCTAAA-2","male","Oligodendrocytes",-0.333040332626225,8.23957787431849,-2.38819181726858,-1.33820750870983
"TCAAGTATCATAGACC-2","male","Astrocytes",-8.22071466429126,0.216526314393415,-4.89572846697256,-5.77737381615917
"TCAAGTATCATTACAG-2","male","Microglia",-9.14002618772876,10.6230841723837,0.631284656062868,-8.91938450494091
"TCAAGTATCGGTCATG-2","male","EN",1.73571946637738,-11.5444096478068,0.397397132650163,5.23999068579395
"TCAAGTATCTTGCAGG-2","male","Astrocytes",-7.63261804563892,1.5821476427473,-4.98032414720938,-5.99077990212719
"TCAATCGCACTCGCTC-2","male","Oligodendrocytes",-0.748888945411565,10.6325465289511,-2.87706100748465,-1.33495023408215
"TCAATCGCAGGCTGTT-2","male","Microglia",-9.25990877134693,11.3174878207601,0.440038086906221,-8.87716915765087
"TCACATAAGCACTAGT-2","male","Oligodendrocytes",-1.0068653581847,3.10356722749843,-2.05853235529349,-2.46843269028942
"TCACATAAGCAGCTCA-2","male","IN-MGE",-17.0112010000457,-5.76792944990026,-5.47870576189444,4.8409981473418
"TCACATAAGGCTGGCT-2","male","Microglia",-9.26970968229664,12.589580639974,0.465238066449907,-7.63513329186718
"TCACCGGCACACAATT-2","male","Oligodendrocytes",-0.62532064897907,10.5230656711019,-2.42380630777762,-1.03085031667034
"TCACCGGCAGGAACTG-2","male","OPC",11.6333807946931,3.3020766822256,11.7695432920606,-0.837843681958123
"TCACCGGCAGGATAAC-2","male","Oligodendrocytes",-0.688919997047307,7.2576738444723,-2.08517443941519,-0.980464364674492
"TCACCGGCAGGCATCT-2","male","Astrocytes",-7.6772366522063,0.922884955779447,-4.54595744417593,-6.44518854775707
"TCACCGGCAGGTATTT-2","male","Oligodendrocytes",-0.738396382163884,10.6900921908773,-1.30347072885916,-2.65382816949169
"TCACCTCAGCATGCAT-2","male","Oligodendrocytes",-0.826922035049321,5.77136145509852,-1.51210748957083,-2.46113684335033
"TCACCTCAGCGAGTAA-2","male","OPC",10.8118113519441,3.38062940515651,10.9615055341871,-0.406788732197686
"TCACCTCAGGGACCTC-2","male","EN",6.97489109056103,-10.7626217754923,3.68201887799814,4.71159264883716
"TCACCTCAGGTGTCCA-2","male","OPC",11.7655648233186,4.00282512582911,12.0624700803907,-0.573192383435174
"TCACCTCAGGTTACGT-2","male","IN-MGE",-6.83656845075977,-4.22203101240026,-6.57698142336294,4.70890805563648
"TCACCTGGTGCTCCGT-2","male","EN",6.72720184342968,-11.3821772488199,3.15682017995432,5.02924105963428
"TCACCTGGTTAGGTTG-2","male","IN-MGE",-3.29880676252735,-5.89299096189366,-7.04704940126822,1.11113185128887
"TCACCTGGTTGTGACA-2","male","EN",1.7319395782243,-11.0716580303751,0.591311665311601,4.78449580511768
"TCACCTGGTTTAACCC-2","male","Astrocytes",14.2613276483308,-5.62752999387609,-4.66656529711172,-6.60353806176464
"TCACGGATCATGACCG-2","male","EN",7.39212169664013,-10.3209942730509,2.96553456975534,4.17001817068775
"TCACGGATCCAATAGC-2","male","EN",7.59928693788159,-8.88395489774572,-3.41197621630118,-0.558747436192437
"TCACGGATCTTAAGTG-2","male","IN-MGE",-6.79158411009205,-6.15517462812291,-6.37954318331167,4.20192859015186
"TCACTGACAACTCGCG-2","male","Astrocytes",-7.61196765882862,0.645849618837966,-4.50761258409903,-6.97496988930981
"TCACTGACAAGGTCCT-2","male","EN",2.14357974546063,-11.9492110165201,1.23512146069124,5.71001622519215
"TCACTGACACAGACTC-2","male","IN-CGE",0.851739549804805,-3.89842833600865,-3.48131549166128,9.14741275152882
"TCAGCAAGTCACAAAT-2","male","IN-CGE",-2.01046380979908,-17.2045840176188,-2.82006180094168,7.87616345724781
"TCAGCAAGTGGATGTC-2","male","EN",15.5308369638215,-5.40519274793492,0.926661672130373,3.78389713606556
"TCAGCAAGTTACGCGG-2","male","Oligodendrocytes",-6.67967424375904,1.52949742950572,-4.36698186205313,-5.71281387963574
"TCAGCCTTCACGCATG-2","male","IN-MGE",-3.56585679037464,-3.8076428326212,-7.52888905809805,2.048661444995
"TCAGCCTTCCTCCCTC-2","male","Oligodendrocytes",0.102447652984737,8.06944046892299,-1.73424184130118,-1.42316463151257
"TCAGCCTTCTAAGGTC-2","male","Microglia",-9.29788694364917,8.66813574709071,0.499484481349733,-8.77617027917187
"TCAGCGATCGAGCTAT-2","male","EN",15.453885936905,-5.35860480390416,0.898118333950784,3.518378947589
"TCAGCGATCGTAACGT-2","male","IN-MGE",-6.53963193876636,-4.41273392759191,-7.05339705751822,4.18479249319752
"TCAGCGATCTAATCCT-2","male","Oligodendrocytes",-0.135750448535802,10.036999806539,-2.4772573690264,-0.882477308895989
"TCAGCGATCTTACTCG-2","male","Astrocytes",-8.04560289366138,0.07268236555232,-4.72367799089834,-6.50796702065746
"TCAGGAGCATTGGGAG-2","male","EN",4.23937025086987,-10.0623530300699,2.97043144895151,3.52622697195728
"TCAGGTCCAAATTGCT-2","male","OPC",11.3713597299348,3.21934519685878,12.5156332273634,-0.564951087620659
"TCAGGTCCAATCCTAG-2","male","Microglia",-9.3743802068938,11.5354462710775,0.250095846191194,-8.18132069268505
"TCAGGTCCACAAAGAC-2","male","IN-MGE",-7.11559972746265,-4.58457411847936,-6.81741273210928,4.01697251639088
"TCAGGTCCACCTCAGG-2","male","EN",5.07521572129833,-9.86387242399083,3.0867143888624,3.48171803793629
"TCAGGTCCACGCAACT-2","male","Microglia",-9.39049444181812,11.0084553805746,-0.236578462585661,-8.88146546044628
"TCAGGTCCAGAAACGT-2","male","OPC",11.997345829178,2.96804223932399,11.7726122160108,-0.585929061558648
"TCAGGTCCATTATGCG-2","male","Microglia",-9.08730897886646,11.6306992618002,0.234977366462495,-8.87857010522167
"TCAGGTTAGAATGACG-2","male","Oligodendrocytes",-0.10162690861118,7.68045054353847,-2.81182896898672,-1.5279770151643
"TCAGGTTAGAGGAGTC-2","male","EN",1.80707314031231,-11.6290778072916,0.427630873456743,5.24229428610523
"TCAGGTTAGCCGCTAA-2","male","EN",6.87664403932202,-11.4614981564127,3.2083340902479,5.1648301824065
"TCAGTAATCGAGGAGT-2","male","Pericytes",2.38068368451702,0.490706749037637,2.77647733880594,-2.61166908898632
"TCAGTAATCGATCAGT-2","male","EN",1.69532253759014,-10.4181660564982,1.20291358424738,4.83834550223072
"TCAGTAGGTAAGTCGC-2","male","OPC",10.66542329805,2.75808487810267,10.643468501106,-0.628927137043877
"TCAGTAGGTGAGGTGA-2","male","IN-CGE",-3.15346846563709,-9.6008786114298,-2.88523042009756,8.05939290365894
"TCAGTAGGTTGGATAT-2","male","IN-MGE",-6.1362815855254,-4.3484405430399,-6.74343812273428,4.05624840101917
"TCAGTGAGTAACCTAG-2","male","Microglia",-9.08658704740894,12.7725583163656,0.214865388408449,-8.11630966820995
"TCAGTGAGTATTGGTG-2","male","EN",7.33284082429516,-10.2117422970377,5.5746499319227,4.63296434721668
"TCAGTGAGTCAAAGAA-2","male","IN-CGE",2.05400409715283,-5.60612477384435,-4.28661906526968,11.0010399564238
"TCAGTGAGTCATTGTC-2","male","IN-MGE",-4.70852718336475,-6.46617259107457,-7.27985894487784,0.983195219847755
"TCAGTGAGTGGAAACG-2","male","Oligodendrocytes",-1.09030065519703,1.60108123697413,-1.45972573564932,-1.58864834466259
"TCATAACCAATTGAGA-2","male","Oligodendrocytes",-0.498649275134923,3.73086987413539,-2.66921675012991,-1.08410265603344
"TCATAACCAATTTGGT-2","male","Oligodendrocytes",-0.769378280471684,2.75756560243739,-1.96964466379568,-1.13713493504803
"TCATACTTCACTTCAT-2","male","Astrocytes",-8.87047491056812,0.630505401418342,-3.54378497408316,-6.413501288083
"TCATACTTCAGCAAGA-2","male","EN",-0.120044982265355,-1.18554045282231,3.38237345410898,3.59015271506031
"TCATACTTCCAAACAC-2","male","EN",3.65534319894421,-13.7706135662638,1.43781119777277,3.11007354101856
"TCATCCATCAAGCTTA-2","male","IN-MGE",-4.09985694868458,-6.61353482328282,-7.57577931688711,0.828957502457695
"TCATCCATCTCGACCT-2","male","Oligodendrocytes",-0.359735524486424,6.56585179247035,-3.22323834703848,-1.58020165124218
"TCATGAGGTCAGGAAG-2","male","Microglia",-9.83072290403736,8.40622054018153,2.02738356782511,-1.98293259301464
"TCATGAGGTCCTTTAA-2","male","IN-CGE",2.02589764611828,-4.38384236417638,-3.83028256700918,10.0658936246367
"TCATGAGGTTAATGAC-2","male","Pericytes",1.24961897151577,0.171525195018186,2.54624617292002,-2.6117320314912
"TCATGAGGTTAGCTGA-2","male","IN-MGE",-7.13276681883228,-5.2947877796732,-6.79805409716055,4.7180118306609
"TCATGAGGTTCCTCCT-2","male","Oligodendrocytes",-8.09494409544361,0.128362640515699,-4.55000960634634,-5.97917702355663
"TCATGAGGTTGGTTCT-2","male","Oligodendrocytes",-0.64311358911884,10.7894002047933,-1.78369176195547,-3.77893784203808
"TCATGAGGTTTAAAGC-2","male","EN",8.5175065042268,-7.13610686384069,-3.47269522951529,-0.364298488285943
"TCATGCCTCAAACCTA-2","male","IN-MGE",-2.90290579779041,-5.46736229978429,-7.0098751764147,0.757132221672134
"TCATGCCTCGAGGAAC-2","male","OPC",11.8096493722688,3.34611020959987,12.9072614927442,-0.236349429276391
"TCATGCCTCTACCTAT-2","male","EN",14.3219851495515,-5.22791470609532,0.2261791248472,3.17972228369434
"TCATGCCTCTCCATAT-2","male","EN",2.78500523583996,-2.22534312330113,-0.948571084007475,3.45857426962574
"TCATGCCTCTTGAGGT-2","male","OPC",10.4000796319734,2.46112476266993,12.7049204130323,-1.16641965070049
"TCATGTTTCAAGCCTG-2","male","Oligodendrocytes",-0.744431114028813,10.2545367328085,-2.79480087564871,-0.311644758370324
"TCATGTTTCACCTGTC-2","male","Microglia",-9.20579347593677,13.063270672933,0.841236092209962,-8.47140648522656
"TCATGTTTCCGTCCAT-2","male","EN",1.2795008064996,-10.9586314114176,0.937569188013818,4.66465518316944
"TCATGTTTCCTAATGA-2","male","Oligodendrocytes",-0.599814629386785,7.10699473299159,-2.16581499384329,-1.02909805932324
"TCATGTTTCCTCAGTC-2","male","EN",3.66551461236584,-13.2918309124552,1.78250307036951,7.01171443304737
"TCATTACTCAAGACTC-2","male","IN-MGE",-4.00788555128467,-6.52069844327794,-7.88801801012442,1.04440898141582
"TCATTACTCCTGGCTT-2","male","IN-MGE",-6.95174894316089,-4.89448107801305,-6.81980311678335,4.74103638968189
"TCATTACTCGTTCACC-2","male","OPC",10.746761226822,4.20730458177699,11.7054659147413,-0.772356893208428
"TCATTGCGTAATGACT-2","male","Microglia",2.03624072091687,4.18296562112941,-3.18349778459952,-6.09038355508129
"TCATTGCGTTAATCGG-2","male","IN-MGE",-1.8366411684264,-17.1016711147867,-2.93678891466543,7.78889987311085
"TCATTGTTCACTAATG-2","male","IN-MGE",-3.98387632353199,-6.64680804334508,-7.41011464403555,1.43461463293751
"TCATTGTTCAGCAAGA-2","male","EN",7.59207429902661,-8.95098675809728,4.87685597135141,4.75695178351124
"TCATTTGGTAGGTTTG-2","male","Oligodendrocytes",-0.608699714969518,3.35467921175136,-2.00338971422598,-3.22616412797253
"TCATTTGGTGCTGTAA-2","male","IN-MGE",-2.38074336035144,-5.57716406904088,-7.36375462816641,1.47528818688114
"TCCACAACAGGTCCTG-2","male","EN",15.4862116815339,-5.40330924116002,0.735765570834425,3.58228823981007
"TCCACAACATCTAGCA-2","male","EN",6.23325052278149,-12.1393803509318,3.58272731496408,6.19330355963428
"TCCAGCAAGTTATCCT-2","male","IN-MGE",-3.62264261228931,-3.71936406217443,-7.06688582704947,2.21471617064197
"TCCAGGATCACATTGA-2","male","EN",4.21912684457409,-13.1956032665812,2.04344630433634,7.65930983862598
"TCCAGGATCATGCTAA-2","male","Microglia",-9.48923597319019,13.0303364840902,-2.14993583963797,-3.39611294427197
"TCCAGGATCCTTGCAC-2","male","IN-MGE",-17.0969191549529,-5.825392142161,-5.74513470934317,4.56166288695057
"TCCAGGTCAACTGGGA-2","male","EN",8.26278057115185,-8.19912137113439,-4.41240775392935,-6.72940256753246
"TCCAGGTCAATAACCT-2","male","IN-MGE",0.844235861469386,-2.68204225622045,1.40589106275156,3.50527593931873
"TCCAGGTCACCCACAG-2","male","Microglia",-9.37907133085621,12.6414900866903,0.260252060428407,-8.37006046929638
"TCCATAAAGCCATCAG-2","male","Oligodendrocytes",-7.88957223875416,1.59672115720881,-3.62617671297476,-5.23829891839306
"TCCATAAAGGTTACAC-2","male","Oligodendrocytes",-0.191609716247441,6.00997410692348,-2.68936288164541,-1.39017656007092
"TCCATAAAGGTTAGCT-2","male","EN",14.3020256997834,-5.57433356366979,0.0872597713620926,2.71247742018421
"TCCATATTCAATGTGC-2","male","EN",1.79648520963299,-10.7971123608194,1.89696479035929,4.23436186155994
"TCCATATTCATTATGG-2","male","EN",7.55476131456005,-7.0542191418253,5.62578213407114,4.7625560506316
"TCCATATTCCTTAGTT-2","male","Oligodendrocytes",-8.08600053770435,0.242967232839002,-3.26107775972769,-5.12956335702221
"TCCATCATCAAACACC-2","male","Endothelial",2.51223626153576,13.6211463061727,2.72848642064646,-2.73184826531689
"TCCATCATCATGAAGG-2","male","IN-MGE",-2.67818651182544,-5.31819857679235,-6.93877255724356,0.782230880770282
"TCCATCATCCCTCATA-2","male","Oligodendrocytes",2.01216676251995,4.06453190721644,-2.06475221918509,-2.30483343758862
"TCCATCATCCCTGGTT-2","male","Astrocytes",-8.4927474020232,0.543482154384984,-4.57586896227286,-6.17451098122875
"TCCATCATCGATAACC-2","male","EN",1.332522714306,-9.6856306942545,1.14957240416124,5.10727355322559
"TCCATGCTCAACCAAC-2","male","OPC",11.2284392358552,3.46117840685023,12.7658153791578,-1.19632818856518
"TCCATGCTCTTCAATC-2","male","Oligodendrocytes",-0.647331571411015,3.1855257598318,-2.38365280435965,-2.00638177552502
"TCCATTGTCATCCTCA-2","male","OPC",12.1651734353791,3.95138131059779,12.8807722349317,-0.552230264332696
"TCCATTGTCCAAGTGT-2","male","Oligodendrocytes",-0.494186496566655,3.60482107080592,-2.25378835009024,-2.85346200623791
"TCCATTGTCCCGCCTA-2","male","Microglia",-9.2753926275481,12.9439202395834,-0.0402657370416855,-8.24353935876171
"TCCATTGTCTGTTCAT-2","male","EN",6.58297338502514,-11.5384148510538,3.32239115430429,5.71693274817188
"TCCCGGACACTTCACT-2","male","EN",3.30465760247814,-13.8174704464518,2.20100724889353,7.86612126669605
"TCCCGGACAGGTTATT-2","male","Oligodendrocytes",-0.525191461871984,2.42931233324183,-0.845393417343352,-1.52695491471569
"TCCCGTTAGCATCCAG-2","male","IN-CGE",0.174370312858699,-4.15143908582555,-3.24529492662832,8.79911277136524
"TCCCGTTAGCCACAAT-2","male","EN",3.28040256517041,-13.8444737347208,1.82407254172876,7.71619174322803
"TCCCGTTAGCTAATCA-2","male","Oligodendrocytes",-0.971008276771428,3.30338250078334,-2.04248654650137,-2.10134890237133
"TCCCGTTAGGATCACT-2","male","IN-CGE",1.94106855409252,-5.98799981199132,-4.09575545595572,10.9129910214873
"TCCCGTTAGGTCGATT-2","male","IN-MGE",-6.8055325506438,-4.30693615995275,-6.52733647631094,4.60749552092274
"TCCCGTTAGTTTCCTG-2","male","Astrocytes",-8.09323606474292,0.554037693665161,-4.63931834505484,-7.44790795007031
"TCCCTCACAAGGACCA-2","male","EN",3.09676470773327,-13.2233237179361,1.79858821822717,7.30436322531422
"TCCCTCACAGGCTTGT-2","male","Astrocytes",-7.29382333738697,0.944544568435087,-4.41291224764273,-7.08953144707958
"TCCCTGGTCCGCCTCA-2","male","EN",3.37898745553601,-13.553259745463,1.88313448621347,7.81987473807056
"TCCCTGGTCCGGTATG-2","male","OPC",11.9824637414705,3.84063325800075,12.2583996076734,-0.486845518734856
"TCCCTGGTCTGGCAAT-2","male","EN",6.14797439591992,-9.47786988340245,3.48062479688242,4.13222453436573
"TCCGGAATCACCGGTA-2","male","Oligodendrocytes",-0.930154180358769,1.70951221861018,-0.88860940740988,-2.90589311280529
"TCCGGAATCATTACGA-2","male","EN",14.3029421808015,-5.17053498350011,0.24415266706064,2.99900839171131
"TCCGGAATCCTAATAG-2","male","OPC",10.0901221277009,3.21430145181788,12.4932047147901,-0.659701134350701
"TCCGGAATCGAGGAGT-2","male","EN",6.53094139115917,-9.77906025968419,3.24644148542002,3.8827941163512
"TCCGGAATCTTGAGGT-2","male","Microglia",-9.1221943853606,11.7770339099325,0.555668713584688,-7.86129620232861
"TCCGGTAAGAAAGGAA-2","male","EN",1.17002573030102,-10.8423537167154,0.651076855197694,5.03123471579273
"TCCGGTAAGGGCTAAA-2","male","IN-CGE",-3.09679064733875,-9.54724110685216,1.05746860994413,3.16231725058277
"TCCGGTAAGTGTTGTA-2","male","EN",3.07816734330761,-13.2574919613443,1.7899260540159,7.67752740225513
"TCCGGTTTCCCGCAAA-2","male","Oligodendrocytes",-0.839334940742375,0.697351299003496,-2.1642998437731,-2.16953661599438
"TCCGGTTTCCCTGACT-2","male","Oligodendrocytes",-0.648048376869084,1.54225324072017,-1.59359276102469,-2.37928846040051
"TCCGGTTTCGCAACAT-2","male","EN",0.760432624984859,-2.27093233190404,0.973216505780962,5.260570977542
"TCCGGTTTCTTAGGAC-2","male","IN-MGE",-6.40493926985157,-4.37499417386876,-6.53873479174063,3.84467074713428
"TCCTAGTGTCCTTCAG-2","male","IN-MGE",-4.0989166258086,-6.72597111783849,-7.63812768267081,0.823648442241744
"TCCTAGTGTGCTCACC-2","male","IN-MGE",-6.81040773374927,-4.66061152540074,-6.78448951052115,4.15963647207935
"TCCTAGTGTGCTTTAC-2","male","Oligodendrocytes",-0.745969033073308,10.9251814929403,-2.7784982900469,-1.2395351187257
"TCCTAGTGTTTGCTGT-2","male","EN",6.53157033937084,-13.3148449810587,3.95272696210459,5.99783179602344
"TCCTCAATCAATTGGC-2","male","EN",8.53305807130444,-7.50670994840489,6.2708865423353,4.02782747587879
"TCCTCAATCCATAAGC-2","male","Oligodendrocytes",-8.96340570433033,-0.0998800548158746,-3.50095927523062,-5.57093050637524
"TCCTCAATCGACCTGA-2","male","OPC",12.0193461419831,3.95851360239161,12.4736019392164,-0.779280926373406
"TCCTCAATCGCTAAAC-2","male","Microglia",-9.28135118467701,11.6040145007528,0.504790606036928,-8.5314269320039
"TCCTCACAGCTGCACA-2","male","OPC",12.2022322656404,3.98746000208034,11.5870901365431,-0.415374423649712
"TCCTCACAGGCATGTT-2","male","IN-CGE",-3.06573829634082,-9.51573552213536,-2.86151826189444,8.00952622732838
"TCCTCACAGTAACGAG-2","male","Oligodendrocytes",-0.17474589331043,7.1674810496725,-3.58617865847037,-1.08116843858044
"TCCTCTAAGACTATTG-2","male","EN",1.18386378305065,-10.6671885403238,0.637424351707246,5.03457925162037
"TCCTCTAAGGTTACAC-2","male","OPC",11.973814869095,3.9897409526266,12.2770401258619,-0.787647868779107
"TCCTCTAAGTGAGCGG-2","male","IN-MGE",-4.85435304624927,-6.43167437635289,-6.48130118654654,1.79867193541248
"TCCTGGTTCAGCAAGA-2","male","EN",1.18429079072583,-9.57159127317296,1.41507840348795,4.78497645697315
"TCCTGGTTCGGTTCCT-2","male","EN",8.5488671304475,-6.98677529416905,6.39733803464487,4.10107610068043
"TCCTGTTCAACCCTAA-2","male","EN",3.54500594155896,-13.5331429394327,1.84609258367136,7.63960978827198
"TCCTGTTCAAGCCACT-2","male","EN",6.23561658876049,-11.9896725567423,3.34865367604807,5.74874732336719
"TCCTGTTCAAGTTATC-2","male","Oligodendrocytes",-0.620626663993718,10.2388316241659,-1.99096882151053,-1.8092966333894
"TCCTGTTCAGAGGGAG-2","male","EN",1.09920653121579,-9.57886876188146,1.17434582306459,5.21645495733936
"TCCTGTTCAGCAACCT-2","male","IN-MGE",-7.1566329954375,-5.21447838865148,-6.7737067918627,3.94875285467823
"TCCTGTTCATAGACCC-2","male","IN-MGE",-6.47208175642383,-4.36312617383824,-6.66416442202017,4.41980740866383
"TCCTGTTCATGTGGGA-2","male","EN",7.88419284837353,-8.33038033567296,5.82931006146982,4.70212027868946
"TCCTGTTCATTAAAGG-2","male","EN",8.62719907777416,-7.00719489179479,6.53020870877817,4.19707701048572
"TCCTTAGTCCGCCTAT-2","male","IN-CGE",1.93136765973675,-5.9150818737589,-4.23083436296866,10.5548262341948
"TCCTTCAAGGACACTT-2","male","EN",1.60753943936932,-11.2463892849527,0.510534139409807,5.26560828528126
"TCCTTCAAGGCATTGT-2","male","IN-CGE",0.0684887112866622,-4.86108292661534,-3.38033377931998,8.93503138861378
"TCCTTCAAGGCTACTG-2","male","EN",3.03646268861401,-13.4144095333658,1.58395773364618,6.91193721136768
"TCCTTCAAGGTAGCTT-2","male","Oligodendrocytes",-0.863233303855779,2.79589544214381,-2.62831723497793,-2.8089943186311
"TCCTTGCAGCCTGATG-2","male","IN-MGE",1.38617064969647,-5.31220950208531,-0.469268320068571,3.96210405668934
"TCCTTGCAGCTTAACA-2","male","EN",1.25315513627636,-10.5586909206949,0.608972610965517,5.37848040899952
"TCCTTGCAGGACCTGC-2","male","Oligodendrocytes",-0.56215450746906,9.71649943269862,-3.64600455568716,-1.19923045792858
"TCCTTGCAGTTGTCAA-2","male","Microglia",-9.37457284910572,12.3780575839437,0.412990244165208,-8.4340672747163
"TCCTTTACAATTAGGA-2","male","EN",2.26179363744366,-2.08795870862828,-0.737607954010222,3.4187855466338
"TCCTTTACACTCAACA-2","male","EN",2.89919915216076,-13.3872250469767,2.07366073323801,7.08066747030933
"TCCTTTACAGCCAGTT-2","male","EN",7.99171342866528,-7.94917954526769,5.70421755506113,4.8220510228606
"TCCTTTACAGTGAACG-2","male","EN",2.09428265111554,-9.47836865506993,2.40393197728708,4.70859429678638
"TCCTTTACATAAAGCA-2","male","EN",3.58917965905773,-14.0638770016276,1.37415397359445,2.91968486151417
"TCGACAAGTTAAGCCA-2","male","Oligodendrocytes",-0.638133859466435,5.63079415239467,-2.96770918177054,-1.00486138024609
"TCGACAAGTTTAGCGA-2","male","OPC",12.087394619156,2.77080546297206,12.7521311063917,-0.266650880959435
"TCGATTAAGCTGTCAG-2","male","Oligodendrocytes",-0.383603668044927,7.26429949678554,-2.73233401583121,-2.00658991494457
"TCGATTAAGGAACCAA-2","male","EN",8.64686479585278,-6.98309840284215,6.38376534177377,4.21468255362232
"TCGATTAAGGCCATCA-2","male","IN-MGE",-3.8951755522002,-6.21368302427159,-6.49823462770865,1.31417492470463
"TCGCATTGTTGTTGTC-2","male","IN-MGE",-2.24656662924183,-5.55732430539952,-7.12556969927237,0.840299640509681
"TCGCCCATCACTAAGC-2","male","EN",3.18690695779431,-13.5158137234293,2.3245004434736,7.18895003637989
"TCGCCCATCATTTGTC-2","male","EN",2.15650382058728,-9.5204113873087,1.52593916846826,4.69674203238209
"TCGCCCATCGCTTCTA-2","male","EN",6.48414983766186,-13.2928131970011,3.92233550740793,6.20262191137989
"TCGCGAGGTGCTTACT-2","male","Astrocytes",-6.63250455839527,1.57983677066935,-4.81513917253897,-5.98408224740307
"TCGCGCACAATAGCCC-2","male","Oligodendrocytes",-0.710589146446111,11.0149165240682,-0.837665675148222,-3.03744342484753
"TCGCGCACAGGACCTT-2","male","Oligodendrocytes",-0.431749081443669,9.38263426698817,-2.22502004908011,-0.990276600506707
"TCGCGCACAGGTCCTG-2","male","Microglia",-9.25839529020679,11.7259503451742,0.764855930641439,-8.57358124413769
"TCGCTAACAACAACAA-2","male","Oligodendrocytes",-7.8340035436858,1.01630444802417,-3.39586818025992,-5.48360827126782
"TCGCTAACAACTGGCT-2","male","Oligodendrocytes",-1.00813755972278,2.5990303603567,-2.56852495478079,-2.71971156754772
"TCGGTAAGTCATGCAA-2","male","EN",3.08544006364453,-13.1031807812296,2.10014367295816,7.83919808706959
"TCGGTAAGTGTTAGCA-2","male","Oligodendrocytes",-0.857437467407109,2.4066384879507,-1.42624008463309,-2.67699077286999
"TCGGTAAGTTGCAATG-2","male","Microglia",-9.19150743467701,12.0722790805258,0.207575323119905,-8.1482596651582
"TCGGTTACAATACTGT-2","male","Astrocytes",-9.04494581205738,-0.0001241119943719,-4.85473954485342,-5.89247944512646
"TCGGTTACAATCCCTT-2","male","OPC",9.07338132875073,2.25874458231105,11.4429146070631,-1.0090253607301
"TCGGTTCTCATGACCG-2","male","IN-MGE",-3.44227395040882,-3.52988757215367,-7.12553679750845,2.42636117777546
"TCGGTTCTCGTCATTT-2","male","EN",1.81122853772747,-11.5866993816935,0.745691472724226,5.61101529440601
"TCGGTTTGTCAATAGT-2","male","Microglia",-9.31707963926685,10.2197276202597,0.23387628985956,-7.61918499627392
"TCGGTTTGTCACGAAC-2","male","EN",4.61206712739575,-10.0154618176066,2.99509179784372,3.17954990706165
"TCGGTTTGTGCATTAG-2","male","EN",7.58413782136547,-9.13850201688634,4.03283393575266,4.64932463011463
"TCGTAATCAGGTATTT-2","male","EN",8.2200850488435,-7.19563855253087,6.53963339521005,4.48847815832813
"TCGTCAACAAACCCTA-2","male","IN-MGE",-6.80374345762623,-4.25030507169591,-6.40021741197989,3.7319004281493
"TCGTCAACAGGCTAAG-2","male","Microglia",-9.0674019811858,10.7881890384115,0.496024223104265,-8.68390133538525
"TCGTCAACATAATCGT-2","male","Astrocytes",-7.31177911741626,0.643437325731649,-4.5329350213854,-6.50195219674389
"TCGTGCTTCCTGATTT-2","male","EN",2.71492567079174,-2.09849680982457,-0.942461965545866,3.59922883352955
"TCGTGCTTCGTAACGT-2","male","Oligodendrocytes",-8.55420885069263,1.67732821382655,-1.476321814522,-2.67769720711987
"TCGTTAAAGCGTGCGT-2","male","EN",3.68972363488781,-13.8367108257853,2.51042461587503,7.34804437002857
"TCGTTAAAGGGTTATC-2","male","EN",4.85642662065136,-10.0450724514567,-3.87424742983267,10.4046396954985
"TCGTTAAAGTAACTCA-2","male","EN",3.15791668908703,-12.4592989834391,1.97663021279886,6.15281054815967
"TCGTTAAAGTTTAACG-2","male","EN",3.39497056024182,-14.0323666485392,1.85079932405069,7.44604203543384
"TCGTTACGTTACTTCA-2","male","EN",7.67005100267041,-8.9685543926798,5.2225581426771,4.31336495718677
"TCGTTACGTTCCGGCT-2","male","IN-MGE",-7.07725677473438,-5.06734789930211,-6.90284955309317,4.28713390669544
"TCGTTAGCAATTAACC-2","male","EN",8.28278675096142,-7.32106818281041,6.00990402890756,4.28307506880482
"TCGTTAGCACAATGCC-2","male","EN",13.6621073724519,-12.1313265713297,3.14296686841562,2.92345402083118
"TCGTTAGCAGGTATTT-2","male","Oligodendrocytes",0.0432680191289168,7.76060448564662,-2.72057711885855,-1.04420414128582
"TCGTTAGCATTAGCCA-2","male","EN",0.44339244606006,-1.11300696454869,5.92804682447031,3.95331976256092
"TCGTTATTCAGGTTTA-2","male","Oligodendrocytes",-0.422046398948552,7.30300436891688,-2.55382025049612,-1.82978441872875
"TCGTTATTCCCATAAA-2","male","EN",14.2082184793245,-5.56615342222081,0.152358116641786,2.87666652044971
"TCGTTTCCAACCCTAA-2","male","IN-MGE",-7.13025197965992,-5.42589320264684,-6.58284890459463,4.48039934477528
"TCGTTTCCAAGGAATC-2","male","EN",4.98238983171093,-9.15327347837316,3.53771794034555,3.5185100778075
"TCGTTTCCAATGAGGT-2","male","EN",-0.162635242771031,-1.47512163244115,-0.15090393827841,3.80299804053028
"TCGTTTCCAATTGCGC-2","male","IN-CGE",-1.82320842726124,-17.0525645168863,-2.87693011568472,7.85252520880421
"TCGTTTCCACCTCAGG-2","male","Oligodendrocytes",-0.0399777947176713,9.51360617555751,-1.64366137789175,-2.32643964448254
"TCTAACCGTGAATCGC-2","male","EN",7.96999397294628,-8.12822712980138,5.62621081067636,4.53664920172413
"TCTAACTTCAATCATG-2","male","Pericytes",1.92623653428662,0.340306505338087,2.82897794438913,-2.67940428414623
"TCTAACTTCACAGGAA-2","male","EN",7.61090602891552,-7.91188992582189,4.49803555203989,4.61938378653248
"TCTAACTTCGGTTTGG-2","male","Pericytes",2.42764058129895,0.468315556422605,2.64237940503671,-2.60173800149242
"TCTAAGGGTAGTAAGA-2","male","Astrocytes",-7.18323574049366,1.00669918932094,-4.72090136812613,-7.36481144585888
"TCTAAGGGTCACGAAC-2","male","EN",6.65901699082958,-10.9005097302042,3.46118152333811,4.69038293204029
"TCTAAGGGTTAACGAT-2","male","Microglia",-8.98638925535572,13.2467146960653,-0.1155316214411,-8.13498261132519
"TCTAATCTCAATCTAG-2","male","EN",7.58063831346142,-6.84076775632726,5.71698153211191,4.02088997206409
"TCTAATCTCCTCGATC-2","male","IN-MGE",-3.9594369886626,-6.68643702588902,-7.85148274706289,0.953753207537727
"TCTAATCTCTCATCAT-2","male","Oligodendrocytes",0.0656869949589949,7.32679663576259,-2.70186054514334,-1.99987127938549
"TCTACCTCAAAGCTCC-2","male","Oligodendrocytes",-0.383699035476567,6.26107893861903,-2.13897263811514,-2.70123102822582
"TCTACCTCAAGGTGGC-2","male","EN",3.08435025231945,-11.8320645245157,1.92454874707773,5.89764067969044
"TCTACCTCAAGTCGCT-2","male","EN",0.331341853160737,-9.33126820646154,0.82981301477566,5.55702588400562
"TCTACCTCAATTGCGC-2","male","Microglia",11.5779866220247,4.70811663545741,0.640940146580484,0.45783149144371
"TCTACCTCACCAACCG-2","male","Microglia",-9.31288251860035,13.4182778445639,0.141126276984956,-8.4498667971162
"TCTACCTCACTTGTTC-2","male","Oligodendrocytes",-0.812222218345525,1.91300903238429,-1.75910293863699,-1.50272777238171
"TCTACTAGTGATTACG-2","male","EN",5.17683305757153,-9.40619076810704,3.66053879453256,3.57083175024708
"TCTACTAGTTATCGAG-2","male","EN",2.83694543855297,-12.1218956860148,1.34232557012155,6.05337951025684
"TCTAGCACAAAGCTCC-2","male","EN",7.03853025453198,-10.3070820721232,2.12401139928415,3.75244352659901
"TCTAGCACACACAATT-2","male","IN-MGE",-2.5842932222594,-5.70406283460485,-7.10114657686636,0.861128006789283
"TCTAGCACAGAAATGC-2","male","EN",14.1906565667878,-5.62878789029943,0.311924995914247,3.12591240248402
"TCTAGCACAGAAATTG-2","male","Oligodendrocytes",-0.715094661544682,10.2595606891073,-2.34994852350638,-2.0360291258363
"TCTAGCCTCAAGCTAC-2","male","Oligodendrocytes",-0.730410671066167,3.1052309123434,-1.48951661394522,-2.07492473283093
"TCTAGCCTCAAGTGTC-2","male","EN",0.274598480929015,-1.10536970220433,1.36323607160166,3.05543300947864
"TCTAGCCTCATAATCG-2","male","Oligodendrocytes",-0.767632937263371,3.66174660600795,-1.43558943079397,-1.8848192945985
"TCTAGCGAGTCCTTCA-2","male","OPC",11.1682518960725,3.28240238107814,11.5229822416456,-0.664029742863579
"TCTAGCGAGTCTTGAA-2","male","IN-CGE",0.353305646945117,-4.18855322919713,-3.22581946657583,8.03848788580616
"TCTAGCGAGTTGCCTC-2","male","Oligodendrocytes",-0.628198003600957,6.57792340196742,-2.34492599771902,-2.84935882249157
"TCTCAAGCAATGCCCG-2","male","Microglia",-8.69605455381763,13.4555340854086,-0.41021311090872,-6.76371338525097
"TCTCAAGCAATTTAGC-2","male","EN",8.6233643533479,-7.77197922788487,6.2600427885206,4.51522157034595
"TCTCAAGCATTTGCTC-2","male","IN-MGE",-17.136370754074,-5.93913210950719,-5.71291291521475,4.57875177702625
"TCTCAATTCCTAAGAC-2","male","OPC",11.5408095361482,3.69040237344874,12.1227690000685,-0.835639859822197
"TCTCAATTCCTAAGGT-2","male","Microglia",-8.44074449522388,13.3909760562338,-2.3778110723345,-3.61368611016552
"TCTCAATTCCTCACTA-2","male","EN",3.51456155793774,-13.6017025860392,1.89032471372202,7.06988522848804
"TCTCAATTCCTTGCGT-2","male","IN-MGE",-2.95951518995655,-4.7794388683878,-4.34062087343619,-5.6107783571748
"TCTCAATTCGGTTAGT-2","male","Microglia",-9.1361046789397,10.6416474429525,0.66833964182451,-8.4393687502412
"TCTCACCAGCAAGGTA-2","male","IN-CGE",-1.81332240087879,-17.0685595425211,-3.07769691751883,7.98371646246632
"TCTCACCAGCCTGATG-2","male","IN-CGE",0.235645437408565,-4.82410658918248,-3.50280368135855,9.45964763006885
"TCTCACCAGCGAAGTA-2","male","Oligodendrocytes",-7.69887838346851,2.07211481012477,-3.7810777406542,-5.374767328885
"TCTCACCAGGCTAGAA-2","male","EN",2.84781661050427,-2.03884924970494,-0.984038112625334,3.67148778280933
"TCTCACCAGTATGTGC-2","male","Oligodendrocytes",-0.66331634504688,1.76117955125941,-1.68011748598501,-2.08142950692455
"TCTCCTCGTTCCTGTG-2","male","EN",5.72835006730664,-12.9422530087076,3.31685841275766,6.50012585959156
"TCTCCTCGTTTACCGT-2","male","Oligodendrocytes",-0.794650173019292,1.98984657205714,-2.62097251223013,-2.70156886735241
"TCTCGCCCAACCGCCA-2","male","EN",-3.07879505140674,-5.23455943189488,-6.48895966814444,1.05634662947376
"TCTCGCCCAAGCTTAT-2","male","Oligodendrocytes",-0.819241976570012,3.76630173601283,-2.05382597254202,-2.99372031846325
"TCTCGCCCAGGCGATA-2","male","OPC",9.25781717317211,2.35980461515559,12.8791881818922,-0.55737450280468
"TCTCGCCCAGTAGGTG-2","male","Oligodendrocytes",-0.901965474914433,2.72382412828578,-2.20683443354056,0.0176797255011363
"TCTGTGACAAGCCAGA-2","male","Oligodendrocytes",-0.70260701162708,2.65100823320521,-2.62195527361319,-2.89016368546764
"TCTGTGACAAGTGAAC-2","male","Astrocytes",-7.6500264166106,1.1901010719694,-5.02636706636831,-6.14714911141674
"TCTGTGACAATTGAGA-2","male","Microglia",-9.15580949766529,13.2153197375692,-0.502035735115263,-8.25906994500439
"TCTGTGACACACCAAC-2","male","OPC",12.0394610406648,3.34537754930629,11.4352690000685,-0.603680040028496
"TCTGTGACATGAATAG-2","male","Oligodendrocytes",-0.10315278751743,9.6152497378744,-2.79460322664664,-0.467448021557732
"TCTGTGACATTAGGTT-2","male","IN-CGE",1.0318423749696,-5.59089030347692,-3.95554339693472,10.0841803296538
"TCTTAGCGTTAGCGTA-2","male","Astrocytes",-8.43795499784839,-0.0685525091730218,-4.8816808442919,-6.15377667107861
"TCTTAGTTCCGGTTAG-2","male","Microglia",-8.96222124082935,12.7327061740316,0.431547345653322,-7.48141911187451
"TCTTCAAGTCAGTAAT-2","male","EN",6.82368316667187,-11.1337107571207,3.13299215032175,5.21731898627003
"TCTTCAAGTCCGTGAG-2","male","Oligodendrocytes",-0.544075405429723,7.0756350604452,-2.17029225634024,-1.51653173127453
"TCTTCAAGTGTTGTGA-2","male","Microglia",-9.25790986997974,11.3486081210531,0.22771835519388,-8.94783070245068
"TCTTGACGTTATCCTA-2","male","EN",5.61473550813305,-12.9412526043497,3.27391278935983,6.62941262564381
"TCTTGACGTTGGCCGA-2","male","Oligodendrocytes",0.0254588665257674,8.84006606020106,-2.68962490366385,-0.603980685856743
"TCTTTGTAGACAACAG-2","male","Oligodendrocytes",-0.769234752487065,10.9536229220785,-2.58023130701468,-0.699521567013665
"TCTTTGTAGCATTATG-2","male","EN",3.230127954651,-13.4057082089029,2.10649609757974,7.84862086615284
"TCTTTGTAGTAAGTCC-2","male","EN",2.59524955766308,-2.22126640401708,-1.00739431188986,3.54403183302601
"TCTTTGTAGTAGCCAT-2","male","Astrocytes",-8.17302713377369,0.376114889756574,-4.49906766222403,-7.08723118462841
"TGAAACTGTCCTTCTC-2","male","EN",0.901142323185084,-10.1255873592936,0.904618417903926,5.38061091742237
"TGAAACTGTTCACCCA-2","male","OPC",9.37744703309643,2.40535126604213,11.5435873289259,-0.489133860257073
"TGAAACTGTTGCATCT-2","male","Microglia",-9.82196340544117,8.40547333635463,1.88514602376535,-1.94098665871899
"TGAAACTGTTGGCCGA-2","male","Astrocytes",-7.83403215391529,1.18092791713847,-4.76419389055655,-6.10680296578686
"TGAAACTGTTTATGGG-2","male","OPC",11.1089648248445,3.73452101625575,10.8093162794264,-0.513758923199578
"TGAACAACAAACTCAT-2","male","OPC",12.4077881814729,3.91184578813685,11.4754320402296,-0.723598982479973
"TGAACAACACAACAAA-2","male","Oligodendrocytes",-0.805813050102117,4.09681688226832,-1.71788227365896,-2.34654333749096
"TGAACAACAGTATGTT-2","male","IN-MGE",-2.39217529280079,-5.69929970823155,-7.72583615587637,1.21351924977024
"TGAACAACATAATTGC-2","male","Microglia",-9.31844434721363,8.62781248964442,0.341277601257112,-8.24230244317333
"TGAACAACATGGCCCA-2","male","Oligodendrocytes",-0.593394851516606,2.701134785787,-1.86339056299612,-1.76183869996349
"TGAACAGAGTCCTTTG-2","male","IN-MGE",-7.03960332853687,-4.26614798627721,-6.84542643831656,3.9041416390868
"TGAAGGATCAATTACG-2","male","IN-MGE",-17.1829272268523,-5.7715796383463,-6.13280331896231,4.53318760237415
"TGAAGGATCCTAGTAA-2","male","Oligodendrocytes",-2.6733590124358,-5.50134076200353,-6.25607001589224,0.412627582165794
"TGAAGTGAGGGCTAAA-2","male","EN",1.94552805440533,-9.51886834226476,1.95450961782053,3.420642827365
"TGACCAAGTTGAAGCC-2","male","Oligodendrocytes",-0.941729879211308,-1.49032343946324,-3.34031331346914,-1.28045632996838
"TGACCAAGTTGCTGGG-2","male","Microglia",-9.22160158140552,11.4562083331503,-0.307877061828825,-8.17968609490673
"TGACCTTGTACCGGAT-2","male","EN",7.91365947740185,-8.10695733152257,6.05164301587656,4.25359222731312
"TGACCTTGTGCGCGTA-2","male","EN",3.85691728608715,-14.2382601650797,1.72452712251261,7.21652648291309
"TGACCTTGTGTTGCAA-2","male","Oligodendrocytes",-0.194436585735204,5.44062434114589,-3.03577768610403,-1.62558939614574
"TGACTCCTCGACAAAG-2","male","EN",8.19677438752758,-7.49180115781652,6.25401127530649,3.9662446721526
"TGACTTAAGCACAGAA-2","male","Astrocytes",-7.92645654661548,0.55158330105318,-4.76207434938833,-6.24934342065136
"TGACTTAAGGCCATCA-2","male","Astrocytes",-8.17735395414722,2.22828064836635,-5.23519933031485,-5.91362145104687
"TGACTTAAGGGACCTC-2","male","OPC",11.5814274789582,3.81515084184779,11.8475376386793,-0.610397841122551
"TGACTTAAGGGCTAAA-2","male","Oligodendrocytes",-0.718334531616094,0.374818727151288,-1.59786641405508,-3.15005233445446
"TGACTTAAGTAACTCA-2","male","IN-MGE",-6.99952135069263,-5.05418051801549,-6.45474898622915,4.42427823385914
"TGACTTCGTATTTGCC-2","male","EN",4.13431730287182,-13.4920367153727,2.26172220899179,7.53956744513233
"TGACTTCGTTAAGCCA-2","male","IN-MGE",-2.3968697546233,-5.69117392621861,-7.71027409838125,1.09999612412174
"TGACTTCGTTACAACG-2","male","OPC",10.6676758767854,2.92972336687221,12.5904775877149,-0.130820657399102
"TGACTTCGTTGACTTC-2","male","EN",2.51907315271008,-2.25653137288915,-0.863105175956938,3.65963742575367
"TGAGAACCACTGACCG-2","male","Oligodendrocytes",-0.518967544864537,4.34984050668849,-2.95224344538138,-0.55747022786419
"TGAGAACCAGTAGCCT-2","male","Microglia",2.08175518529522,4.16835080064906,-0.961487768158171,-6.51646044411938
"TGAGAACCATTGTGCA-2","male","OPC",11.2344531060945,3.13694868959559,11.4265333433302,0.40117651662548
"TGAGCAAAGAAGGTGC-2","male","IN-CGE",0.933852517772792,-5.30012835584508,-3.69415557192251,10.2683710797759
"TGAGCACGTAAACAAG-2","male","Microglia",-9.35388193113697,11.8420315829672,0.771606022551801,-8.33908512749951
"TGAGCCGGTCAGGAAG-2","male","EN",2.80474843995678,-12.3222016247355,1.59135270310953,6.61123320898731
"TGAGCCGGTTGCAGTA-2","male","Microglia",-9.04844007475269,10.561938389913,0.732643591299799,-8.85778286614697
"TGAGCTTAGCTCAATA-2","male","Oligodendrocytes",-0.844529962371709,9.63366709627284,-2.6243976335375,-1.17179539361279
"TGAGCTTAGGCCGGAA-2","male","IN-CGE",2.41222324388134,-5.46287287793981,-4.32952248857901,10.932687257144
"TGAGCTTAGTTAGCTA-2","male","Astrocytes",-9.22634229643238,0.181963458434476,-4.83542430208609,-6.23593905129711
"TGAGGAGGTAATGACT-2","male","Oligodendrocytes",-7.34101304991138,-0.340157881601916,-3.16348969744131,-0.361237074520989
"TGAGGAGGTACGGGTT-2","male","OPC",9.96568670289624,2.94663177408351,11.8963056821974,-1.01232602753918
"TGAGGAGGTCCTCCAA-2","male","IN-MGE",-2.88359842283619,-5.04410733304845,-7.46851670549795,1.82463416895588
"TGAGGCACAAGCTTAT-2","male","EN",8.44166460054028,-7.30735100828038,6.42620623303964,4.10303256354053
"TGAGGCACACAACAAA-2","male","Microglia",-9.05579004270923,11.6461812106527,0.748062232569006,-8.50299503960888
"TGAGGCACACGGTACT-2","male","EN",4.7909964563142,-9.92292393766271,3.10093033505991,3.55851576170643
"TGAGGCACATAAGCAA-2","male","OPC",12.2537764550935,3.26341091074122,12.6215606947096,-0.347502614643975
"TGAGGCACATACTCCT-2","male","OPC",11.6204747201692,3.46433292307033,11.8277660627516,-0.47170784631054
"TGAGGGAGTTGAGCCG-2","male","EN",2.75234403627026,-11.7282036694132,2.04116118146494,6.00415417990406
"TGAGGGAGTTGGCGTG-2","male","EN",6.8334769250642,-11.3059138210856,3.38057553960398,5.11799332937916
"TGAGGGCCACGGTTTA-2","male","IN-MGE",-3.514421081375,-3.64483584485875,-7.40250050829336,1.97029635748585
"TGAGGGCCATCAGTAT-2","male","EN",-0.0421926437128801,-1.70932044111119,-7.25932061479971,0.742501676741437
"TGAGGGCCATTGCAGC-2","male","EN",8.3257249833833,-7.12707509122716,6.45793068601206,4.2355465634795
"TGAGGTGCAGTTAAAG-2","male","Oligodendrocytes",3.66604652421582,-12.8501204403483,-1.32079016970083,-1.82930758157055
"TGAGTGAAGCTATGAC-2","male","IN-CGE",2.5394746305238,-4.60450638852941,-4.20900809572623,10.5470480664702
"TGAGTGAAGCTGGCTA-2","male","OPC",11.2619456292878,3.46720109857692,12.7400385160597,-0.229171718743248
"TGAGTTTCACCGGTAT-2","male","Microglia",-9.08082303984058,11.4559079257406,0.321820857063081,-8.16332199731152
"TGAGTTTCATCATGTG-2","male","Microglia",-9.19094762785328,11.8182412234701,0.225679220691469,-8.47273495354931
"TGAGTTTCATTAGGCC-2","male","Oligodendrocytes",-0.919314241241338,1.56085048593654,-1.19247972773001,-1.72366192498486
"TGATCAATCATGCTAA-2","male","IN-CGE",1.24284478442776,-4.50250090680944,-3.84667718218252,9.7090630277129
"TGATCAATCGCTAGTG-2","male","Pericytes",2.0813242437135,0.289624377862348,2.18743646337107,-2.05918004670422
"TGATCACAGTCTCACC-2","male","Oligodendrocytes",-0.512966251205327,8.21666251100673,-2.87911021517203,-1.13912096181194
"TGATCAGGTTGAGGTC-2","male","IN-MGE",-4.65461978895557,-6.44108761869298,-6.53173291490957,1.76668116888721
"TGATCAGGTTTCCGGC-2","male","Microglia",-9.28170404417408,12.6603385058798,-0.097975669368956,-8.18535473504345
"TGATCCTGTCATGCAA-2","male","IN-MGE",-2.65419301969898,-5.18210829816686,-7.69144093798086,1.25117883524616
"TGATCCTGTCGTTACT-2","male","Oligodendrocytes",-0.501790380309941,2.02981303609981,-2.6571284513323,-1.03248098054211
"TGATCCTGTGCGCATG-2","male","IN-MGE",-3.3239172456969,-5.00056494794713,-7.94738137529776,0.990900491091804
"TGATCGAGTATTGCAG-2","male","EN",1.90313901918042,-10.4079359921061,1.47022938920572,5.07929513296802
"TGATCGAGTTGTTGCT-2","male","Astrocytes",-7.0737586973418,1.25004760898723,-4.65080678270743,-7.38588478722851
"TGATGAACAATAATGG-2","male","Astrocytes",-9.0711222646941,0.0119067875303168,-4.65357291506216,-7.04555418648998
"TGATGAACACACAATT-2","male","Oligodendrocytes",-0.759446477722051,10.2803956118978,-2.77086174295828,-0.449586297657891
"TGATGAACACAGAAAC-2","male","IN-CGE",2.52402939813244,-4.53769625745641,-4.28181922243521,10.6824240430327
"TGATGAACACGAATTT-2","male","Oligodendrocytes",-7.40281162245167,-0.375611737593279,-1.7210682611315,-3.6588773981599
"TGATGAACAGAAATTG-2","male","IN-MGE",-3.19504175169361,-6.28950299344884,-7.39568364427969,0.893994425150947
"TGATGACTCAAGCTTA-2","male","IN-MGE",-17.0823317526091,-5.82685746274816,-5.76228654192373,4.47528550467213
"TGATGACTCAATGAGG-2","male","IN-CGE",1.75223042981732,-4.78563727460729,-4.1667789201586,10.6264576657744
"TGATGACTCAGGCTAT-2","male","Pericytes",2.26430263536084,0.378126099482908,2.83950233651712,-2.43015864053051
"TGATGACTCTAACCAA-2","male","IN-MGE",-17.1303053854216,-5.81924809537755,-5.70255505846426,4.54801580748279
"TGATGACTCTCAATGA-2","male","Oligodendrocytes",-0.493381357025029,6.28250513948573,-2.99969851778433,-0.579816605236931
"TGATGATGTATGTGGC-2","male","IN-MGE",-3.35569677336109,-4.64590634427892,-7.27234399126456,1.47775069317539
"TGATGATGTGCATCGG-2","male","Oligodendrocytes",-0.522236740421178,2.31170950807704,-1.69602930353567,-2.15681746163647
"TGATGATGTTTACTTG-2","male","IN-CGE",0.196319902111171,-4.83802022062169,-1.09015166567251,3.45582506499012
"TGATTAGTCACAGCGC-2","male","EN",3.42732658403027,-13.542499438151,1.83633613778665,7.43603560766895
"TGATTAGTCGAAGCGG-2","male","Oligodendrocytes",-0.193627273868443,7.66378460802211,-2.07396948145315,-1.04598429360668
"TGATTAGTCTCACTCA-2","male","OPC",11.41409101503,3.59689174570216,13.2126013059767,-0.348604585316582
"TGATTAGTCTGGCATG-2","male","Oligodendrocytes",-0.138094758819463,7.96762047685756,-2.95781123445914,-1.37085940995495
"TGATTCAAGCCTGACA-2","male","Oligodendrocytes",-0.180978929828526,7.45784388460292,-2.51723182009146,-0.635952974942132
"TGATTCAAGCGATAGA-2","male","EN",2.06329228894818,-9.48462761960851,1.94797182275369,4.28036138853748
"TGATTCAAGCTAAGTC-2","male","Oligodendrocytes",-0.330580746959569,7.63489781297816,-2.84961521433279,-1.61760976472179
"TGATTCAAGCTGAGGG-2","male","EN",6.87579479234326,-10.4550017269693,3.6863168497236,4.55659386954029
"TGCAAGCGTAGGTTAT-2","male","IN-CGE",0.358168221805571,-4.35783423505651,-3.79411446855948,9.73522898993214
"TGCAATATCACAGCGC-2","male","Microglia",-9.22434720976246,8.68459425844325,0.518320323959139,-8.72854187646191
"TGCAATATCACGCGGT-2","male","Oligodendrocytes",-0.803387975524785,4.11773930467738,-1.24382674501822,-2.11196377435009
"TGCAATATCAGGCTAT-2","male","Oligodendrocytes",-0.49110296947849,2.20093928255214,-2.25933873461172,-2.19188978829662
"TGCAATATCATGTGGT-2","male","Oligodendrocytes",-7.88087663633716,0.919613286630048,-4.04441869066641,-5.45680525460522
"TGCAATATCCACAATA-2","male","IN-MGE",-4.02892980558765,-6.66839016996251,-4.50233256624624,-5.69623711266796
"TGCAATATCTAGCTAA-2","male","EN",2.8882545472871,-13.0119351299845,1.67315691901758,6.7435278638335
"TGCACACCACCATATG-2","male","Oligodendrocytes",-0.505167162250401,2.85158573068751,-2.58855926798269,-1.72561171212475
"TGCACACCACCGGTAT-2","male","IN-MGE",-2.50440511686695,-5.57570637784825,-7.07952344225332,1.73646542868336
"TGCACACCACCTAAGC-2","male","Astrocytes",-8.76022729856861,-0.0950768741212945,-4.60013329790518,-7.02987721123974
"TGCACACCAGCAAATA-2","male","Oligodendrocytes",-0.657834625076177,10.6185713855184,-3.16222321794913,-1.0241461054353
"TGCACCTTCCTTAATC-2","male","IN-CGE",0.358356132898806,-4.20970238767491,-3.58491408632681,9.30200431189258
"TGCACTTGTAAGGTCC-2","male","IN-CGE",2.12093296067822,-5.89983357511388,-4.16236913011954,10.5812258466216
"TGCACTTGTGTTGCTT-2","male","Oligodendrocytes",-0.182628726791264,9.19943247713221,-2.39776909159109,-1.15307667413036
"TGCACTTGTGTTTGTC-2","male","Oligodendrocytes",-8.25751886351001,0.230012044087781,-3.67221581743643,-5.36559822716992
"TGCACTTGTTGCGTAA-2","male","Oligodendrocytes",-0.435074543784978,8.41137991823329,-3.1828488092272,-0.325856591847344
"TGCAGGCTCCCTCATA-2","male","Microglia",-9.03079805357349,12.4468899814047,0.587539793983247,-7.92811062493603
"TGCAGGCTCGCTCCAT-2","male","Astrocytes",-8.07723627073658,0.12839348591937,-4.79183995531485,-6.55898811974804
"TGCAGGCTCGGTTTGG-2","male","IN-CGE",1.47160472886669,-4.57207430921422,-3.687095044121,9.6600317700835
"TGCAGGCTCTAACCAA-2","male","Pericytes",1.76732137220013,0.297888532058134,2.80303478433206,-2.55981948533337
"TGCATCCTCATAATCG-2","male","Astrocytes",-8.26611909849537,0.186658128873243,-4.74573027895376,-6.4191975847749
"TGCATCCTCATGGTTA-2","male","Oligodendrocytes",-1.03616771681202,1.53508906044139,-2.22287332819388,-1.80594422974865
"TGCATCCTCCGCCAAA-2","male","Oligodendrocytes",-7.95876893980396,-0.0113846810899835,-1.62142145441458,-3.19154384293835
"TGCATCCTCCTGGCTT-2","male","EN",8.55911722200024,-7.00254286847936,-3.4316714982836,-0.451092387822075
"TGCATCCTCTATGACA-2","male","Oligodendrocytes",-0.88533828241718,2.35220788396968,-0.210598466858122,-2.8368616358308
"TGCATGAGTAGGTGTC-2","male","Oligodendrocytes",-8.34996519071949,-0.327534154280291,-4.46788680361197,-5.44286253609936
"TGCATGAGTCCGTGAG-2","male","Pericytes",2.05648973004925,0.266904011145963,2.79884576989725,-2.84080650964062
"TGCATGAGTTGTAACG-2","male","IN-MGE",-7.03827056867969,-5.84284390531407,-6.257811425194,4.34192130408008
"TGCATTAAGAACAAGT-2","male","EN",3.27262058274853,-13.8175543697916,2.31633258058145,7.18623301825245
"TGCATTAAGAGGAAGG-2","male","EN",4.5435656549226,-10.0321358593546,2.45833540155008,3.62925669989307
"TGCATTAAGCGATACT-2","male","Oligodendrocytes",-0.749591088127019,10.5755435077108,-2.56437289522574,-1.36705114999096
"TGCATTAAGGAGGGTT-2","male","Microglia",-9.32072648985279,10.0892630664266,0.499906929269579,-8.55113365807812
"TGCATTAAGTAAAGGT-2","male","Oligodendrocytes",-1.0155585764159,3.28168736375941,-1.93622386263296,-1.87916233697216
"TGCATTAAGTATTGTG-2","male","Microglia",-8.96900091154468,13.6602851001181,-0.407253859504912,-7.66837647118847
"TGCATTAAGTCTCACC-2","male","IN-MGE",-3.37132821066272,-6.50195683561193,-7.42988335894034,0.929093126866416
"TGCATTAAGTTATGTG-2","male","OPC",11.3431900979768,3.34387741960658,11.7084366102369,-0.560241247799798
"TGCCATTGTTTGCTGT-2","male","IN-MGE",-6.89770040495289,-5.74450673185216,-6.70096480654165,3.89297935805042
"TGCCGGTAGCATGAAG-2","male","Pericytes",2.26240065114605,0.371737733260526,2.45893919660166,-2.37074878373425
"TGCCGGTAGCTATATG-2","male","EN",4.78431358354199,-13.029936686381,3.14558494283273,6.64510962805469
"TGCCGGTAGGAATAAC-2","male","EN",2.93382515924084,-13.55498684965,2.13860893441751,7.51850697836597
"TGCCGGTAGGATTGAG-2","male","EN",-0.304734444450261,-1.12024273000585,0.90827283455446,2.10037395796497
"TGCCGGTAGTAACTCA-2","male","OPC",10.311102771927,2.79893122591151,11.8856855650099,-0.495251561787529
"TGCCGGTAGTAAGGGC-2","male","Astrocytes",-7.73332128507984,0.559656290114655,-4.64140021608755,-6.8531084314851
"TGCCTGTTCCCATAAA-2","male","Microglia",-9.29565725309742,8.60545359529628,0.754830839172151,-8.33869793572704
"TGCCTGTTCCGTTATT-2","male","Oligodendrocytes",-0.543657874893071,8.54343615450038,-2.00298487947867,-2.20658662476818
"TGCCTGTTCGACCTGA-2","male","EN",8.30490007417309,-6.9178313168131,6.63858092023447,4.39422151884754
"TGCCTGTTCGGTCAAT-2","male","Astrocytes",-7.81425199491871,0.638658709601297,-4.68898713396475,-5.96849920907299
"TGCGATTAGCTTTGGG-2","male","EN",4.77904739396679,-9.85878171048986,2.78213882638529,3.88403460821827
"TGCGATTAGGACCAGG-2","male","IN-MGE",-7.00209484083545,-5.90697135053502,-6.3463705758898,4.08702394804676
"TGCGCAGGTAGCCTAA-2","male","Oligodendrocytes",-0.881106710265996,9.92078791536464,-2.4971228818743,-1.09402444520275
"TGCGCAGGTCAGTAAT-2","male","Oligodendrocytes",-9.20007238371265,-0.11184825025426,-2.67957317636893,-5.48704149880688
"TGCGCAGGTCCTCCAA-2","male","IN-MGE",-7.22678050978077,-5.47288645826207,-6.78172242449209,4.49452063879688
"TGCGCAGGTGCATTTC-2","male","OPC",11.0763434411775,3.32813440240992,11.5498091001661,-0.67697968640606
"TGCGCAGGTGTGAGGA-2","male","Pericytes",1.87744202630627,-11.1755980404459,2.77831471158579,-2.74875023522656
"TGCGCGAGTCAAAGGG-2","male","IN-MGE",-6.91552076322925,-4.42314709745275,-6.16788422869131,4.57673499426563
"TGCGCGAGTCCGCTGT-2","male","Oligodendrocytes",-7.5142055509795,1.97488616384639,-3.39248311327383,-1.04995038667004
"TGCGCGAGTGGATTAT-2","male","IN-MGE",-2.56922206861866,-5.32286776624547,-7.88753640459463,1.30390468678196
"TGCGCGAGTTATGTGG-2","male","EN",6.25115242021191,-12.1304224880777,3.53830802632883,6.03498933157642
"TGCGGTTCAAACTGTT-2","male","Oligodendrocytes",-0.704792237113835,4.63810358919276,-2.12264263437674,-1.29038467564861
"TGCTAACAGGCAAGTA-2","male","Oligodendrocytes",-0.656747793983342,6.44486437715663,-3.18726479814932,-1.393646027234
"TGCTAACAGTATTGGC-2","male","EN",1.69502737538922,-11.4610937985026,0.54878038360193,4.97897670111378
"TGCTAACAGTTAGTGC-2","male","EN",2.95120825784314,-11.7467574032389,2.13404786779001,5.84856698355396
"TGCTAGCCAGCCTGCA-2","male","EN",1.58341183679211,-11.1188925655924,0.608223365679529,4.91312072119434
"TGCTATGCAGCTTACA-2","male","EN",1.71851172464001,-9.4723385723673,1.31731993152216,4.46819279036243
"TGCTCAACAACCCTAA-2","male","EN",2.86049428002941,-13.6256655605875,1.89853680326059,7.85245940527637
"TGCTCAACACGAATTT-2","male","Oligodendrocytes",-0.678322410415532,4.24069295801295,-1.4057491998522,-3.72569468179028
"TGCTCACTCACTTTAC-2","male","OPC",12.1127327920686,3.79573784746303,11.6929222364576,-0.944076682713433
"TGCTCACTCATCCACC-2","male","Oligodendrocytes",-0.0883771835078019,8.89557276643886,-3.08465397165701,-0.786953117039605
"TGCTCCGTCAATCTAG-2","male","EN",6.12290182130444,-13.1457365902506,3.55945146276071,6.01080415091236
"TGCTCTCAGGCTAATC-2","male","Pericytes",2.34263505952465,0.419940277711286,-1.63619959162161,-1.01940634408276
"TGCTCTCAGGCTTAAC-2","male","EN",0.817587250639079,-10.0586279781901,1.14424994780138,5.08627173742969
"TGCTCTCAGTGCACGC-2","male","IN-MGE",-3.01668128950489,-6.13397540174352,-7.51668679521963,0.770791214618282
"TGCTCTCAGTTGGATC-2","male","Oligodendrocytes",-0.780214285682561,4.46596299089564,-1.77078330324576,-1.81536605515759
"TGCTGGATCATTTGCT-2","male","IN-MGE",-7.17313966734302,-5.20620431028234,-6.91380679415152,4.44097635588367
"TGCTGGATCCGGTTGA-2","male","Oligodendrocytes",-0.597979342769505,5.09848128236903,-2.00750481890127,-3.62164738335888
"TGCTTAAAGCTGGAAA-2","male","OPC",11.4182652475129,2.88162575639857,13.1051517744215,-0.185392583992882
"TGCTTAAAGGCATGAA-2","male","Oligodendrocytes",-0.116750961374165,9.6402274218954,-2.58395349787161,-1.14508547940533
"TGCTTAAAGGCTGGCT-2","male","EN",14.7130087854158,-5.53008736692296,0.36237502290323,3.09163949331959
"TGCTTAAAGTTTCCTG-2","male","Oligodendrocytes",-0.75996134264362,1.9605638829626,1.8534607906492,-0.33564713158886
"TGCTTCATCCCTCAAC-2","male","VSMC",14.3149613382112,-0.805028453692065,0.846021412931528,-0.169669593956872
"TGCTTCATCGCACACA-2","male","IN-CGE",0.835765087772487,-3.80899848066197,-3.45035970018789,9.21402976355274
"TGCTTCATCTCCTCTT-2","male","Oligodendrocytes",-0.641512608360173,1.96289597429408,-2.79582273767874,-2.48450210252087
"TGCTTCATCTTAATGG-2","male","EN",8.06572618501293,-6.84591330610143,6.09779560758188,4.72898623785694
"TGCTTCATCTTAGCCC-2","male","Microglia",-9.03413019163501,13.8197318164266,-0.308116791710112,-6.76752617516796
"TGCTTCCAGTAACGAG-2","male","IN-CGE",2.52355828302014,-5.45386113248693,-4.34484612749502,10.6363711102935
"TGCTTGTGTACGTTTC-2","male","OPC",10.2054156305085,2.51492594160212,12.0498024244459,-0.443866874363823
"TGCTTGTGTCAACAAT-2","male","Oligodendrocytes",-7.40163526518238,0.625990882293119,-3.93121945665762,-5.79598572411816
"TGCTTGTGTCATTGAG-2","male","IN-MGE",-4.85706100447071,-6.47348870359288,-7.80733334825918,0.938124810072975
"TGCTTGTGTGCGCATG-2","male","Oligodendrocytes",-0.338928437065007,6.20083008684291,-3.45193135546133,-1.69745614686291
"TGCTTGTGTGTAACCA-2","male","Oligodendrocytes",-7.43613395674122,1.96383117117061,-2.09523594187185,-3.26333644547741
"TGGAACAAGCCGCTTT-2","male","EN",7.40042915361035,-9.96432580076085,3.78379047109201,4.64236304602344
"TGGAACAAGTTAGCCG-2","male","EN",8.15848388688671,-8.01254834256993,6.19169867230966,4.16229007086475
"TGGACCGGTCGTAAAT-2","male","Microglia",11.4205388070832,4.38550268091334,12.1039949674757,0.171666775557594
"TGGACCGGTTAACAGT-2","male","Oligodendrocytes",-0.288212394546391,9.24615870393886,-2.33158767031119,-1.04033150830547
"TGGACGGAGGAACGCG-2","male","Oligodendrocytes",-8.61234197599781,1.08076684154643,-3.82884824083731,-5.61316874184887
"TGGACGGAGGAGCAAC-2","male","Oligodendrocytes",-0.305957054923894,8.22908411897792,-2.94868695543692,-1.4967646852998
"TGGACGGAGTAACTCA-2","male","Oligodendrocytes",-0.215230381320836,6.9018674937643,-3.08886658953116,-1.06857791104595
"TGGACGGAGTAAGGGC-2","male","Microglia",-9.33858118040455,11.2828084079183,0.737282062009122,-7.42582562127392
"TGGACGGAGTAGCTTA-2","male","Oligodendrocytes",-0.35749951584232,6.71800480760707,-2.5492571573107,-0.398629452374383
"TGGACGGAGTCACGAT-2","male","EN",1.35302599685299,-9.69241894803868,1.38166290713861,4.8593988164397
"TGGACGGAGTGAACAG-2","male","EN",15.4343251230012,-5.43618144117223,0.248212875858095,3.63067409834583
"TGGACTAGTAGCCATA-2","male","EN",14.2455853463899,-5.21575392804967,0.131579401031282,2.88775989851673
"TGGATTCAGGAGCACG-2","male","EN",7.88408031480419,-7.35140837751256,5.67321121884897,4.19630048117359
"TGGATTCAGGTTTGAC-2","male","EN",7.80869760530102,-8.57427014432775,-1.58543145464346,-5.26377680459301
"TGGATTCAGTTCCCAC-2","male","IN-MGE",-3.63720617277515,-5.02379645429479,-7.35892808245108,1.60312548718174
"TGGCCAATCCTGGTCT-2","male","OPC",12.0746706964265,3.4340666381277,12.9781242628248,-0.866452719357415
"TGGCCATCAAAGGCCA-2","male","Oligodendrocytes",0.111342871357081,9.61573420442714,-2.35892879770682,-0.306528951313897
"TGGCCATCAATAACCT-2","male","Oligodendrocytes",-0.717724418472173,3.86028586305751,3.04066622449472,-0.493571426060601
"TGGCCATCAGCAAGGC-2","male","EN",1.22940137403118,-10.8188141735636,1.01233710540846,4.96843144736011
"TGGCCATCAGGACCAA-2","male","Astrocytes",-8.42498407347095,0.331184699908628,-4.57741153047964,-7.38991406121533
"TGGCCATCATACCCGG-2","male","Microglia",-9.12308702452076,10.928037747518,0.535542609229829,-8.26200726189892
"TGGCCTGCAACAGGTG-2","male","Oligodendrocytes",2.59932198541272,13.5318413821615,-1.98175728128836,-2.51426317849438
"TGGCCTGCAACTCGCG-2","male","EN",2.94963111894238,-12.0364226254068,1.79224026395395,6.38044640860279
"TGGCCTGCAGTGAACG-2","male","EN",3.52613177316296,-13.3677443417154,1.61347341729715,7.56473491034229
"TGGCCTTTCCCATAGG-2","male","Microglia",-9.12396059019459,10.7371979800619,0.280531944766786,-7.61189987817089
"TGGCCTTTCGGCTAGC-2","male","EN",7.04555931108105,-10.3899001034342,2.61564660264566,4.29990217528065
"TGGCTAAGTGGAAACG-2","male","EN",2.99284639375317,-12.9699820431315,1.94889307214334,7.27464339575489
"TGGCTAAGTTGGATAT-2","male","Microglia",-9.34285459501636,9.93328581728114,0.283477963939455,-7.74528744378368
"TGGCTAAGTTTAACCC-2","male","OPC",10.6604937555085,2.4897683707632,11.3441931028517,-0.912053014424248
"TGGCTATAGCAGCTCA-2","male","OPC",12.1371306421052,3.21985040582789,12.2056995649488,-0.611538912442132
"TGGCTATAGCTCCTAC-2","male","Oligodendrocytes",-0.675570940803411,10.8370448199667,-3.1356452684252,-0.5925282494096
"TGGCTATAGGTTAGAG-2","male","Microglia",-9.30569086058033,11.0739146319784,0.881985912159231,-7.97187569299023
"TGGCTATAGTTGGATC-2","male","OPC",10.2541731836091,2.9875904170431,12.0506359357984,-0.863292481091424
"TGGCTTTGTACCGAAC-2","male","OPC",11.7129725457917,3.71877084650172,11.9387623090894,-0.562087799694939
"TGGCTTTGTCATGAGC-2","male","Oligodendrocytes",-0.301092064212682,7.36063156999721,-1.42100035952017,-3.25983288445751
"TGGCTTTGTTAAGTGT-2","male","Microglia",-9.34647378904712,9.51119528688563,-0.134877799019072,-8.00131657281201
"TGGCTTTGTTCCTCCT-2","male","EN",14.2333039285432,-5.62586011014806,0.361537935272005,3.25470111212452
"TGGGCATGTAGCTGGT-2","male","Microglia",-9.35731039030445,9.29828082002772,0.554969193473604,-7.86466076531689
"TGGGCATGTTCAAGCA-2","male","Microglia",-9.80716047270191,8.40809021867885,2.1179666538389,-2.12712171235363
"TGGGCCTAGAGGAGTC-2","male","OPC",11.5463351251374,3.02287541307582,12.8153225202711,-0.23673423686306
"TGGGCCTAGCAACATC-2","male","Oligodendrocytes",-7.38016710264576,-0.290929928644763,-3.35888612078116,-5.42112591424267
"TGGGCCTAGGACGTAA-2","male","Oligodendrocytes",-0.363791143726232,4.58640061296596,-1.58146416948721,-1.98232033410351
"TGGGCCTAGGGACGCA-2","male","OPC",11.8869093896638,3.66806755937709,12.841620089546,-0.659747625973626
"TGGGCCTAGGTAACGA-2","male","Oligodendrocytes",-0.917086219619634,3.41775070108546,-2.26117288874075,-0.997478987362786
"TGGGCCTAGGTCCGTA-2","male","VSMC",14.3204430581819,-0.858002558573351,2.86798870755747,-2.88166001000683
"TGGGCCTAGTGAACAG-2","male","Oligodendrocytes",0.846358889509318,-1.93756856046544,-2.54189479158804,-2.53855517068188
"TGGGCCTAGTTTCCTG-2","male","EN",0.429956530947564,-1.30246509633885,6.49289190961435,4.50294229826649
"TGGTAAACAGGCGATA-2","male","IN-MGE",-6.65265331251514,-4.58778895459996,-6.82662999437735,4.3836076005431
"TGGTCAAGTAAAGCAA-2","male","IN-MGE",-4.04534063322437,-5.37096633039342,-7.11090791033194,1.67099091849049
"TGGTCAAGTAACGGGA-2","male","Microglia",-9.37044343931568,11.2084628192343,-0.0150184016077255,-8.06917336144726
"TGGTCAAGTGAGCACT-2","male","Astrocytes",-7.30845460874927,1.92643569387568,-4.60719620989248,-7.32054665246288
"TGGTCAAGTGCTAGCG-2","male","EN",4.47062101380932,-12.2037133129679,2.17036271287515,4.65154836020191
"TGGTCAAGTTGCATCT-2","male","Microglia",-9.20791540129078,13.3053341952719,-0.541479824051115,-6.49365523019116
"TGGTCAGTCATTTAGG-2","male","Microglia",-9.45868024809253,12.0570489016928,0.24546635343149,-8.20171597161572
"TGGTCAGTCCACCCTG-2","male","Oligodendrocytes",-0.657810902427556,4.14391075052394,-2.33477222727225,-1.30761077561657
"TGGTCAGTCCTTCTAG-2","male","Oligodendrocytes",-0.782996034454228,1.05297751702441,-1.7782918195574,-0.449176575329705
"TGGTCATAGAGGATAT-2","male","EN",14.8473805429231,-5.44148720823155,0.423811914459016,3.4044017537566
"TGGTCATAGCACTAGT-2","male","Microglia",-9.26829538328541,13.4301520434774,0.448455127015855,-8.11724617638867
"TGGTCATAGGCTCATG-2","male","IN-CGE",-1.96588454229725,-17.2084654720865,-2.91011106775686,7.96744296393116
"TGGTCATAGTACTGGT-2","male","EN",1.21805974261868,-10.2087553890787,1.22455936862543,5.04590985617359
"TGGTCCTTCAGGATGA-2","male","OPC",12.5691870691072,3.35685788072719,11.942227007881,-0.631981636670037
"TGGTCCTTCCTCCTAA-2","male","EN",6.58979597108471,-12.7442540081583,3.72373259259775,4.08064124426563
"TGGTCCTTCCTTCAAT-2","male","EN",2.83773031251538,-2.07436265073644,-0.9865574817507,3.64381525358875
"TGGTGATTCCCGTTGT-2","male","IN-MGE",-1.62702116949451,-2.20117010198461,-7.84973752306387,1.44190052590092
"TGGTGCATCATGCCTC-2","male","Oligodendrocytes",-0.0380131660212297,7.69045315660609,-2.35585224436209,-0.475725080159112
"TGGTGCATCCTAGTTT-2","male","Oligodendrocytes",-8.56389818174732,-0.2642873676859,-3.8782833795397,-5.81400349297802
"TGGTGCATCGTTAGCG-2","male","Oligodendrocytes",-0.846876716445806,1.24327014364375,-2.12115347193167,-0.714443351414605
"TGGTGCATCGTTTCGC-2","male","IN-CGE",1.47077717797863,-5.35741604886876,-4.18714797304556,10.344365571353
"TGGTGCATCTTTGTAC-2","male","Microglia",-9.19792566282642,10.3514252749838,-0.485676286682341,-8.22287800469677
"TGGTTAATCATTGTCT-2","male","EN",4.05063762681591,-10.2606476696573,3.82501495076731,5.61487338385303
"TGGTTAATCGCTCCAT-2","male","Microglia",-9.25053033811939,9.67492876924647,-0.64251041220114,-7.0937466875581
"TGGTTAATCTGTGAGT-2","male","IN-CGE",-3.14515624029529,-9.59754170499669,-2.82122647570059,8.13896891913135
"TGGTTCCTCAAACACC-2","male","Microglia",-0.90798506719959,3.31931315340175,-0.849764225944731,-6.34160664239208
"TGGTTCCTCAGGCTAT-2","male","EN",1.98826386945355,-10.8487347515665,1.54894942237451,4.50034639677723
"TGGTTCCTCAGTATTG-2","male","Astrocytes",-7.91533098204029,0.350387021676435,-4.62325703905508,-6.77049639382641
"TGGTTCCTCCCTCATA-2","male","Oligodendrocytes",-0.676069712470891,10.4807883349813,-3.32402932451651,-1.07770195164959
"TGGTTCCTCGTACCGA-2","male","Endothelial",2.61770501153576,13.4888754931845,2.82682025624826,-2.63381245293896
"TGGTTCCTCTCGCCTG-2","male","OPC",11.8675498010408,3.55614291109218,13.075151087776,-0.108638610032006
"TGGTTCTGTTCGGTAA-2","male","Oligodendrocytes",0.0305398048650008,8.8214493838705,-3.46738421724722,-1.13248124280254
"TGGTTCTGTTGTTGTC-2","male","OPC",12.0557221414338,2.98621498026027,12.8200413007887,-0.716777707722588
"TGGTTGAGTGAATCGC-2","male","IN-CGE",2.08483603017437,-4.86271037183629,-4.17932832048819,10.4493384107085
"TGTAAAGCAGCATGAG-2","male","Microglia",-9.07167253477466,10.8812905398764,0.631696911588457,-7.79897835412304
"TGTAAAGCAGCTTAAT-2","male","Pericytes",0.810289079118846,-9.63101948819982,2.5486671943815,-2.53660276093761
"TGTAACTCAGCCAGAA-2","male","Oligodendrocytes",-0.113356923889043,9.33904658235682,-3.12730872438833,-1.4080035940675
"TGTAAGCTCTATCGCC-2","male","EN",8.57635869996655,-6.82890166364537,6.32224333478525,4.19043514570911
"TGTAAGTGTCAGGAAG-2","male","EN",7.06969013230908,-10.9495810421549,3.54191959096506,5.09924933752735
"TGTAAGTGTTTGTGGA-2","male","EN",14.565421962906,-5.51840151868688,10.8437515516432,-0.682163502362175
"TGTAATGTCACGCCAA-2","male","Oligodendrocytes",-0.592545962165715,7.79269801057948,-1.8233267049639,-1.34746458688061
"TGTAATGTCCTGATTT-2","male","Oligodendrocytes",-0.0602055547941941,8.40491877473964,-2.61462342546866,-1.02790525117199
"TGTATCGCAAATACCT-2","male","IN-CGE",1.23892303722012,-4.18932618223058,-3.88896262453482,9.80586001715382
"TGTATCGCACCTGGTG-2","male","EN",1.34623625295269,-10.7540787609659,0.717411594525125,4.83010289511402
"TGTATCGCATCAGCAC-2","male","EN",14.6228503228914,-5.54360188566075,0.137011231914308,2.98937818846424
"TGTCAATCAATATACC-2","male","EN",7.61403455751049,-8.62980546079503,5.26980173780039,4.24000880560596
"TGTCAATCACTAGGTC-2","male","OPC",11.0147398950349,3.53662238992824,11.5209604520948,-0.655231978085442
"TGTCAATCACTGGCCA-2","male","Microglia",-9.05052099211109,11.0233594027914,0.935006285146024,-8.20846417107861
"TGTCAATCATTATGCG-2","male","Microglia",-9.11229047758472,12.5636130420126,0.550763191715028,-7.78915455498974
"TGTCATAAGCTAAAGG-2","male","EN",6.19874944703686,-11.3280915173136,2.29560888005808,5.6886830075713
"TGTCCTGGTACGCGCA-2","male","Microglia",-9.30275259001148,11.1170531360067,0.455794425740984,-8.04145672478954
"TGTCCTGGTATTGTCC-2","male","IN-MGE",2.72542276399243,-2.17395295225011,-1.66636597917959,-5.19634487786572
"TGTCCTGGTTGAGGTC-2","male","OPC",9.79003419892895,2.41744898237361,12.832360865608,-0.259060527470513
"TGTCCTTCAGGACCAA-2","male","EN",14.2083882333528,-5.58672465406285,0.0969287772329117,3.05899665198048
"TGTGAAACACAAAGGT-2","male","Oligodendrocytes",-0.237926995586278,7.63350068010463,-1.41072475717947,-0.616936589863701
"TGTGATCAGCAAGGGT-2","male","Oligodendrocytes",-0.406210219692113,8.87989912904872,-1.91082322405264,-0.992221857693596
"TGTGATCAGCTCGCTT-2","male","EN",7.26239051835644,-10.2634409817301,3.56197297765329,4.58586261114796
"TGTGATCAGGAGGACT-2","male","Pericytes",2.32179858701336,0.40523996926917,-3.94030272768423,-5.78370001473705
"TGTGATCAGTCATGCG-2","male","Oligodendrocytes",-0.564603543113591,9.09449015535487,-2.45952451036856,-2.97369411149303
"TGTGCAAGTGATGGCT-2","male","Microglia",-9.35203371031177,11.641281232015,0.368010403648164,-8.33827831902783
"TGTGCAAGTGGGTACT-2","male","Astrocytes",-7.01081762297046,0.985015257970228,-5.03978764818594,-6.4836507097749
"TGTGCAAGTGGTTCTT-2","male","Oligodendrocytes",10.8713015558015,3.25965748705043,-1.51118385599539,-3.86588289895336
"TGTGCAAGTTGTTGCT-2","male","IN-MGE",-2.91537246687305,-5.72105111204015,-7.67683160112784,1.12090847334583
"TGTGCGGGTTAATGCG-2","male","IN-CGE",0.954416239429591,-3.79321040235387,-3.48499667452261,9.19552752814014
"TGTGCTGAGAGAGGAG-2","male","Astrocytes",-8.00932226164234,0.154245093242063,-3.82374942110464,-5.60341169991772
"TGTGCTGAGGAAGTAT-2","male","EN",6.75309124009716,-11.3829735668741,2.1374956388624,4.08429429373463
"TGTGCTGAGGCATGTT-2","male","Pericytes",2.20072736756909,0.344129472748174,3.05186474515512,-2.51264312424938
"TGTGGAGCAATTAGGA-2","male","EN",1.21332737224209,-10.9999789150797,2.17295038892343,4.29294488272388
"TGTGGCCAGCTCCTTA-2","male","Microglia",1.52244284169781,-10.3333290966593,-2.21998870180533,-6.57583573022167
"TGTGGCCAGGACAATG-2","male","Astrocytes",-8.75594530088794,0.364682718888654,-4.42390048311636,-5.64932491936962
"TGTGGCCAGTAGCTTA-2","male","EN",3.3011409284364,-12.5986679943644,-1.57000386522696,-5.30811646142284
"TGTGGCCAGTGAGAGC-2","male","EN",1.07748945968258,-9.93499268613683,0.774118417933729,5.39523885092457
"TGTGGCGGTCAAAGGG-2","male","EN",-0.388022398780705,-0.918757811411486,-0.934332845672819,3.59955093702991
"TGTGGCGGTTGCAGTA-2","male","EN",2.82289233224499,-12.2978695782267,1.76876068307474,6.67072341284473
"TGTGGCTCACAACAAA-2","male","EN",5.31081666963208,-9.74884881101476,3.2892826814802,3.66307256064136
"TGTGGCTCATCCATCT-2","male","Oligodendrocytes",-0.922918176483037,8.11382780946864,-3.52100550936148,-0.873152877476616
"TGTGTTAAGCACTAAC-2","male","VSMC",14.3104075433503,-0.816219464167223,2.84609675599649,-2.80333616891186
"TGTTACTTCGAGCTAT-2","male","IN-MGE",-3.10794100744617,-5.85349263273107,-7.53111111925528,0.905843456003265
"TGTTACTTCTAGCGTG-2","male","Microglia",-8.85607824308765,-0.0558821710191827,-2.65008747385428,-5.89261439004223
"TGTTAGCAGCAAGGGT-2","male","OPC",10.0305813791047,2.85930429376735,12.4096704740675,-0.575507785466118
"TGTTAGCAGGGTGGAT-2","male","Pericytes",2.18511047380078,0.393941014782323,2.89985645009592,-2.61386993089001
"TGTTATGAGCGTGCAC-2","male","EN",7.13293113725292,-10.5247010143839,2.97531616880014,3.82203290304859
"TGTTATGAGCTCCTTA-2","male","Oligodendrocytes",-0.18032917959583,7.76537428774013,-2.17198622034476,-1.79037597337048
"TGTTATGAGCTTGCTC-2","male","EN",3.757232093979,-13.9628714474283,1.88435733510568,6.73607489905079
"TGTTATGAGGACCAGG-2","male","Astrocytes",-8.2668591497649,0.0519461480535407,-4.76888167665884,-6.77622511544506
"TGTTATGAGTTAGACC-2","male","EN",15.5458992959748,-5.45424307905065,0.791789559707191,3.67677066168507
"TGTTCATTCCTCACTA-2","male","EN",7.47747507112133,-6.95719279371129,5.56786501599863,3.95237371763905
"TGTTCATTCCTCCATA-2","male","EN",3.40682783143627,-14.0899361523234,2.11831891728952,7.39089343390186
"TGTTCATTCTTGTTCG-2","male","EN",6.97116746919262,-11.0569905193888,3.57695472432688,4.95756909689625
"TGTTCCTCAACAGGAT-2","male","OPC",11.5295418740998,2.9552999583639,12.9975525159986,-0.537844206478997
"TGTTCCTCACAGAAAC-2","male","EN",2.59021058099377,-2.12423957906591,-1.04774606035635,3.59620568594654
"TGTTCCTCATAATTGC-2","male","Oligodendrocytes",-0.545906638931157,9.52962408937587,-3.2049230317919,-1.53927328744213
"TGTTGGCCAAACCCTA-2","male","Oligodendrocytes",-0.903156614135625,2.22034488596095,-2.70832907961294,-2.84705331483166
"TGTTGGCCAACTAGAA-2","male","Oligodendrocytes",-1.22233901007068,2.60879884637965,-1.86127769754812,-2.14575340905468
"TGTTGGCCAGGCGAGT-2","male","Microglia",-9.23513326628101,12.1206627932943,0.775198774472025,-7.66965916314404
"TGTTGGCCAGTTAGCC-2","male","Microglia",-9.41924200041187,9.15579329408778,-0.333721755012724,-8.12796070733349
"TGTTGTAAGCATGTCG-2","male","Oligodendrocytes",-0.184729373287084,8.96532545961512,-3.36939132021353,-1.41338803925793
"TGTTGTGCACACCAAC-2","male","IN-MGE",-3.5330306051482,-4.92392815671788,-6.84942328737662,1.31780270180424
"TGTTGTGCATTGTGCA-2","male","Oligodendrocytes",-0.441551005672337,8.44211970247401,-1.24044358538077,-2.12577536263744
"TGTTGTTTCCAGGAAA-2","male","OPC",11.8734053613435,3.05123744882716,13.0501676817091,-0.138805116799279
"TGTTGTTTCTTGACCC-2","male","EN",3.02883758561718,-13.659759417399,1.64904314471796,7.47464892706592
"TGTTTGTTCCATAATG-2","male","OPC",10.0202807428132,3.03711162485255,9.78815615369394,-0.599232937481804
"TGTTTGTTCCTGATTT-2","male","EN",1.8172884227525,-9.53327836118566,2.81228602124765,4.47087952933033
"TGTTTGTTCCTGTTCA-2","male","IN-MGE",-3.23932490332019,-5.64070929609166,-7.45805394457266,1.35347363791187
"TTAAAGGCAATTGACT-2","male","IN-CGE",-2.11480817778003,-17.3105639370524,-3.14683472917959,8.31054160437305
"TTAAAGGCAGCCTGCA-2","male","Microglia",-8.8656836508025,13.1571751681723,-0.597057459816191,-6.50484612145702
"TTAAAGGCATTAAAGG-2","male","Oligodendrocytes",-7.1381798742522,0.881213620082273,-2.86867034243033,-0.495155717518731
"TTAACCAAGCTAAAGG-2","male","Microglia",-9.43325910551441,11.3866330233969,0.806725537464168,-8.33361771264355
"TTAACCAAGGCTAGAA-2","male","Oligodendrocytes",-0.976865863632085,7.88159571565761,-2.9003986101,-0.762926842358513
"TTAACCAAGGTCCAAT-2","male","Astrocytes",-8.00429353697193,0.5814292209789,-4.70365369127676,-5.83380415597241
"TTAAGCCAGCACTAAC-2","male","Oligodendrocytes",-0.100170439313771,7.34698639787806,-2.12121569918081,-0.663080121663018
"TTAAGCCAGTAAGTCC-2","male","EN",1.67578699605572,-9.57181157194005,1.71067720843866,4.82353017172535
"TTAAGGACAAGCTTAT-2","male","IN-MGE",-3.30999383909595,-6.35124768339025,-7.08316361711905,0.900119472953872
"TTAAGGACAAGGTATA-2","male","EN",0.468612814117549,-2.12996353231298,2.22901570989206,4.98150822958668
"TTAAGGACACGCAACT-2","male","IN-MGE",-6.87299833280933,-4.27898444257604,-6.64163195894644,3.948639129016
"TTAAGGTGTTCCAGGG-2","male","OPC",11.3892258645784,3.2819932547964,11.495669962898,-0.654572393086358
"TTAAGTGTCCGTCCAT-2","male","OPC",11.9476660730134,2.9988962260641,11.5120912809522,-0.700521494534417
"TTAAGTGTCTTAGTGA-2","male","EN",2.15372004525769,-11.4117621334635,1.40465808106973,4.79369113287647
"TTAATCGAGCTCAAAC-2","male","Microglia",-9.16394720060718,10.9633370486654,0.494435103669908,-8.01858570733349
"TTAATCGAGCTGTAAC-2","male","IN-MGE",-2.33052382452381,-5.62762822233068,-6.89966809557364,0.921757493826942
"TTAATCGAGGCGCATC-2","male","Microglia",11.5777138711702,4.68984852708949,10.8686891813429,-0.147594000485344
"TTAATCGAGGCTGTGC-2","male","IN-CGE",-0.364101564716222,-4.38001288495885,-3.21979939745352,8.6079134686919
"TTAATCGAGTATCGCG-2","male","EN",-0.317790722679021,-1.23283673845159,2.87942898465708,4.52618548712452
"TTAATCGAGTCAATCA-2","male","Oligodendrocytes",-0.975504612754704,8.17626582063807,-2.82444155023977,-1.52114966073315
"TTACACCGTCATCAAG-2","male","IN-CGE",-1.95618925077808,-17.2311648281656,-2.94210088060782,8.00997302374561
"TTACACCGTCCTTCAG-2","male","Microglia",-9.1555663107146,13.0500584689535,0.275349440112856,-8.50496342339794
"TTACACCGTGATGAGG-2","male","Microglia",-9.29583559019459,11.952940091268,0.715506346956041,-8.17618134179394
"TTACACCGTTACCTGT-2","male","Oligodendrocytes",-0.963773584197881,4.16488610185756,-1.76231419847891,-2.97736551919262
"TTACACCGTTCGGTAA-2","male","EN",7.3436521531831,-7.27423514448033,5.32557833386972,4.61888406119068
"TTACAGCAGAGCCGCT-2","male","EN",6.93758335130322,-10.9231757076822,3.53521359159067,4.60849973997791
"TTACAGCAGCCTGATG-2","male","EN",7.0758036615144,-10.6731242092692,2.44768274022653,3.9835340722533
"TTACAGCAGCGTGCAC-2","male","IN-MGE",-17.0784255026091,-5.87600888334142,-5.6121906022875,4.579099152896
"TTACAGCAGGAACCAA-2","male","IN-CGE",2.13593473451245,-4.50280655942784,-4.07386433885977,10.5353245480986
"TTACAGCAGTTCCCGT-2","male","EN",6.89280643479931,-11.2696551235758,3.29498636914804,5.08042476019581
"TTACCGTGTCAATACG-2","male","Oligodendrocytes",-0.976483559440495,1.49832652486934,-2.43595373438284,-2.39482238450329
"TTACCGTGTTGCGGAT-2","male","IN-MGE",-5.99383745176685,-4.41154374204503,-6.74563729570791,4.60256430945118
"TTACCGTGTTGTGACA-2","male","IN-CGE",1.91345098035443,-6.01481045804845,-3.99257743166373,10.7155041440459
"TTACCTGTCATCAGTA-2","male","Oligodendrocytes",-0.0843361972082872,6.78489170946254,-3.34229600237295,-0.805794502880974
"TTACGTTTCACTTTAC-2","male","Microglia",-9.36535654051197,13.4382411090292,-0.555294869407866,-6.5483799234895
"TTACGTTTCCTGGCTT-2","male","EN",7.82111778276074,-8.61652459226476,4.81989467336252,4.75693700155933
"TTAGAAGCAAACTGTT-2","male","IN-CGE",-3.10967693312061,-9.55849637113439,-2.81647097872183,8.06203124365528
"TTAGAAGCACTGGCCA-2","male","Microglia",-9.05264577848804,10.9528599826254,0.363561542764452,-8.87441494622509
"TTAGAAGCAGAACCGA-2","male","Oligodendrocytes",-7.91542825682056,0.789086788669958,-3.8137253503649,-5.49006321587841
"TTAGAAGCATAGACTT-2","male","IN-MGE",-3.24026999456775,-5.72637642942296,-7.38086068437979,1.53530917010029
"TTAGAAGCATGAATAG-2","male","EN",-0.0635838864554185,-1.45791591726171,0.572558732763078,4.91938111624439
"TTAGACTCAAACTAAG-2","male","IN-MGE",-6.706879234146,-4.65150393567906,-6.67941176699087,3.91536471686085
"TTAGACTCAAGGAATC-2","male","OPC",11.9333313943635,3.22618447221888,11.2932153959425,-0.736166979458733
"TTAGACTCACAACCTA-2","male","IN-CGE",2.21280446069348,-4.38564766965734,-3.97478377626822,10.2050127728911
"TTAGACTCACTTGTTC-2","male","Microglia",-9.24691400511158,10.2237578479208,0.169752659335878,-8.23249867120068
"TTAGACTCATCAGCAC-2","male","IN-CGE",-3.23148355467212,-9.68757237516271,-2.95505344675467,7.84834811529835
"TTAGCAATCATGGTGT-2","male","Microglia",-9.02476034147632,12.7951985446371,0.757692577377107,-8.56989147820751
"TTAGCAATCATGGTTA-2","male","EN",14.7377346994172,-5.40228451810704,0.204581679836061,3.62331912359913
"TTAGCAATCGTTAACA-2","male","EN",14.2156371118318,-5.47780169568883,0.190934838786867,2.92353460631092
"TTAGCAGGTTAACGAT-2","male","IN-MGE",-3.4867704866637,-6.45527686200963,-7.04571282671377,1.17748219213207
"TTAGCCTGTGGATTCA-2","male","Microglia",-9.35774431211841,12.9358063784994,-0.762443302139494,-8.4483609453706
"TTAGCGGTCCTTCTAG-2","male","OPC",11.454057598282,3.43703232683314,10.5364013929518,-0.538439537671013
"TTAGCGGTCTTGCATT-2","male","IN-MGE",-3.72644958479297,-6.58632744871007,-7.59367310808584,1.29447600683887
"TTAGCTGCATAATTGC-2","male","IN-MGE",-5.07186851484668,-6.43449057660924,-6.42917954729483,1.82350442251881
"TTAGGAACAATCCCTT-2","male","Oligodendrocytes",-0.369049048255803,7.72628746904506,3.17304766370371,-0.383380438473626
"TTAGGAACACCTCACC-2","male","Microglia",-9.20432100279224,10.7086649981893,0.195394160285738,-7.79527523675243
"TTAGGAACAGGCTACT-2","male","Oligodendrocytes",-0.605919039081456,4.63178549684657,-2.56041276262686,-2.12907030740063
"TTAGGAACATGAGTTT-2","male","EN",7.6382545472871,-8.45657815061437,4.95042431546762,4.85039803824146
"TTAGGATGTTGCGGAT-2","male","OPC",11.3035649301301,2.74620281137599,12.0669084806593,-0.494247700360222
"TTAGGATGTTTGAGGC-2","male","IN-CGE",2.33395125882733,-4.62101544462071,-4.08707654283926,10.4502663358184
"TTAGGCCCACACCAAC-2","male","IN-MGE",-3.31468543989551,-5.9476198109232,-7.31772553728506,1.15650096974094
"TTAGGCCCAGGACCTT-2","male","Microglia",11.7651032449495,4.786584004537,12.2930914182813,0.162968371722297
"TTAGGCCCAGTTTACG-2","male","IN-MGE",-1.3632079122771,-1.84549345098363,-1.54374635027334,-2.22256019273083
"TTAGGCTAGCGTGCGT-2","male","EN",0.915071630645869,-9.79843987546788,1.04438905610159,5.32240722021778
"TTAGGCTAGCTTGCTC-2","male","Microglia",-9.39471826536548,11.0007096377767,0.479048999086168,-7.84539654412548
"TTAGGCTAGGTAGCTT-2","male","Astrocytes",-7.86686906797779,0.389672621861829,-4.45172822283194,-6.84887125649731
"TTAGGCTAGTATCGCG-2","male","IN-MGE",-2.62245259268177,-5.78445757947789,-7.5611127595751,1.25927046379765
"TTAGGCTAGTTCCTGC-2","male","EN",1.02206238525021,-9.93346776090489,0.920372383728769,5.05911872229298
"TTAGTCAAGCTAGAAG-2","male","Oligodendrocytes",-0.905888175796391,0.949136450663938,-1.05190598772452,-1.8493414179353
"TTAGTCAAGCTTGCTC-2","male","EN",8.35768070237744,-7.26232232175694,6.00018274976328,4.24696037611683
"TTAGTCAAGTTTGCGG-2","male","EN",4.84159841554272,-9.85211361966954,3.10218203260019,3.76173469862659
"TTATAGCCAACCCTCC-2","male","Oligodendrocytes",0.0318382920514327,8.34607420839442,-2.67855155275748,-0.633950258877678
"TTATAGCCACACTAAT-2","male","EN",1.89375545995343,-11.1687249096476,0.575807513728883,5.06115672430714
"TTATAGCCACCATATG-2","male","IN-MGE",-17.0437937734832,-5.85438288770543,-5.81961524294302,4.65999672255237
"TTATAGCCATGGCCCA-2","male","Astrocytes",-8.95213232023609,0.0161925999082465,-5.12857425020621,-5.55811836877148
"TTATCCGTCACGTTAA-2","male","IN-MGE",2.59453454034436,-2.27165736280309,-1.04430508421347,3.59281775793751
"TTATCCGTCATCAGTA-2","male","IN-CGE",0.93337258117306,-3.78197087369786,-3.55851304338858,9.38975570044239
"TTATCCGTCCAATTAG-2","male","IN-MGE",-17.0633975027312,-5.84979619108068,-5.57746684358999,4.59725997290333
"TTATCCGTCCTTTACG-2","male","EN",7.17383804338085,-10.3027457150065,4.27298653318002,4.66208050093372
"TTATCCGTCGAGGTGG-2","male","Oligodendrocytes",-8.39347276670826,-0.000282898768053541,-4.50662553118155,-7.18169882455151
"TTATCCTAGAGAAGGG-2","male","Microglia",-9.4405070303191,11.1559535113729,0.321129681602266,-8.25231888451855
"TTATCCTAGGATGATG-2","male","Astrocytes",-8.59760389311207,0.456624477878942,-4.79278695391104,-6.20986797967236
"TTATCCTAGGCTGTCA-2","male","EN",14.4481505395662,-5.61052979551183,0.0858261604459549,3.27730867705067
"TTATCCTAGTCGCAAT-2","male","EN",0.540238553453563,-9.52625454984532,0.759937347903993,5.33595177969654
"TTATGACCAAATTCGT-2","male","IN-MGE",-6.80096635801685,-4.44857443891393,-6.75800788210318,4.46562526068409
"TTATGACCAAGCCACT-2","male","Oligodendrocytes",-0.70350131971729,2.79809103883876,-1.38677394197867,-2.76926138558666
"TTATGACCAATATAGG-2","male","OPC",11.6492814065706,2.85648857034816,13.0331894178541,-0.351277019169732
"TTATGACCACAAACTT-2","male","EN",8.15788593309033,-7.80601109586583,5.66559946729257,4.78639838537891
"TTATGACCAGGCCAAA-2","male","Oligodendrocytes",0.0708283724080306,7.58358918108119,-3.38761222170279,-0.917998100903435
"TTATGACCATAATCAC-2","male","IN-CGE",-3.12975463850391,-9.5900725277506,-2.96829736040518,8.12627026877125
"TTATGACCATGGCCTG-2","male","EN",7.24119892137158,-10.5302981289469,3.64512169553354,4.58451959929188
"TTATGCGCAAACTGTT-2","male","Microglia",-8.3564473150481,13.281309231893,0.131984295383241,-9.17662384667675
"TTATGCGCACTGACTA-2","male","OPC",10.2995041848909,2.77410565294398,11.528104426399,-0.683196570065423
"TTATGCGCAGGCTGTT-2","male","Microglia",0.173604631591914,-1.16766084752904,-0.547201989158842,-8.01303150811474
"TTATGCGCATCAGTAT-2","male","Microglia",-9.46947584135425,12.1562548724569,0.597393604055193,-8.90711643853466
"TTATTGCTCCAATAGC-2","male","IN-MGE",-6.90630207044971,-6.03418578229772,-6.2017286996691,4.08494613012989
"TTATTGCTCTTAGGAC-2","male","EN",8.30608358399975,-6.88680876813756,6.56952774716928,4.30680343947132
"TTCAACCGTGGGAACA-2","male","OPC",10.3710640908967,2.82612858690394,12.7944551725538,-0.713695789959832
"TTCAACCGTTAGTACG-2","male","EN",14.2507552148591,-5.59162320218907,0.0900045652539994,2.98820922217091
"TTCACTGTCATAACGC-2","male","Microglia",-9.3384276388396,12.1327630130209,0.233052494064119,-8.7401032701997
"TTCACTGTCGCAACAT-2","male","Microglia",-9.31629571897876,8.6996060458578,-0.997324703201506,-5.92555668511669
"TTCACTGTCGGTTCCT-2","male","Oligodendrocytes",-0.363389885257604,6.75745211519374,-2.64690744684622,-2.47446849503796
"TTCACTGTCTAACTGA-2","male","Microglia",-9.46628770811451,13.1146794406332,0.134787144199159,-8.50839665093701
"TTCAGCACAATCTCTC-2","male","EN",3.07627358453381,-13.5305651577555,1.74538558913782,7.43642232260425
"TTCAGCACAATTAAGG-2","male","Oligodendrocytes",-1.12366626245868,2.53423856176509,-2.07047092722342,-2.15879466691296
"TTCAGCACATAATGTC-2","male","EN",2.85843791978466,-13.2777594479166,1.80619031383112,7.40590903601368
"TTCAGCACATGGTTAT-2","male","Oligodendrocytes",-0.805948591064336,1.82007728494777,3.29028570844248,-0.547312761929436
"TTCAGGTAGGCTAATC-2","male","EN",8.25429763810742,-6.70261086545812,6.48719608975961,4.21295401892383
"TTCAGTTTCAGCATTA-2","male","OPC",10.7298335077058,2.82265721239222,11.8055349607618,-0.605295802739068
"TTCAGTTTCATCACTT-2","male","IN-CGE",2.4958259107362,-4.54890336118566,-4.33708083437369,10.8315472348662
"TTCAGTTTCATGCTAA-2","male","EN",0.829249316621898,-2.64798368535863,-3.51791941927359,9.41142985663135
"TTCAGTTTCGATATTG-2","male","Microglia",-9.27987680418384,13.4858037082113,0.251336993709352,-8.18680813470165
"TTCAGTTTCGGTTACG-2","male","EN",2.32643058316815,-2.2498101147257,-1.02536809252188,3.57449624380787
"TTCAGTTTCTCCATAT-2","male","Oligodendrocytes",-0.820910906623723,2.35279653944148,-2.35763919161246,0.00556883654315898
"TTCAGTTTCTTGTCTG-2","male","IN-MGE",-7.31480464918506,-5.31424130521642,-6.743331788048,4.25632688841541
"TTCATCCCAACGTGCT-2","male","Microglia",-9.33166608793628,13.2912760821737,0.523656578794267,-7.46932270684521
"TTCATCCCAATTATGC-2","male","VSMC",14.3112601281892,-0.823352828844653,3.03273594571665,-2.62203791299145
"TTCATCCCACAATACT-2","male","Microglia",-9.25539312345875,10.8055163470663,0.656486483350542,-8.83843567529003
"TTCATCCCACCTAAGC-2","male","EN",7.6471189500581,-8.91144169889318,5.22115767194345,4.71418616614063
"TTCATTCAGCTTACTT-2","male","IN-MGE",-17.1053248403777,-5.81934203229772,-5.76740062044546,4.6252577050658
"TTCATTCAGTCCTTCA-2","male","IN-MGE",-6.37836656553638,-6.28564251981603,-6.48885953234122,2.75947019896229
"TTCCACGGTCAATGTG-2","male","EN",7.33128633515942,-7.3393114956461,5.87705528928354,4.15013024649341
"TTCCACGGTCATCCTG-2","male","EN",7.26751699464428,-9.9954623135172,3.32623088552072,4.29913279852589
"TTCCACGGTTGTGACA-2","male","IN-MGE",-3.41123399717701,-4.92563046537267,-7.33001458452627,1.62631556830128
"TTCCACGGTTTGTTGC-2","male","Pericytes",2.29262092130291,0.381138011590375,2.59700524999216,-2.56160833993237
"TTCCCACAGCATTTCT-2","male","Microglia",-9.01762208921802,13.6649027911581,-6.9591168145983,0.778697897407608
"TTCCCACAGGGTCTAT-2","male","Oligodendrocytes",-0.748619293998601,11.067327603475,-3.4375046472399,-1.53798821130077
"TTCCCGCCATCACTTC-2","male","Microglia",-9.02799901945484,10.9355689135946,0.00730973674371493,-7.78164150872509
"TTCCTCAAGCATGAAG-2","male","OPC",11.7802170755159,3.88839755930079,11.707171084419,0.482888270828323
"TTCCTCAAGGCTTAGT-2","male","EN",1.92586209790814,-9.58579339109288,1.48779821588114,4.92640921911915
"TTCCTCAAGTCAGGCC-2","male","Oligodendrocytes",-0.36896899921787,7.40262137331141,-2.82362496660635,-0.677932764676018
"TTCCTTCTCAAATCGC-2","male","Astrocytes",-8.61574468595875,0.563380682618155,-4.99642550753042,-5.61800196328442
"TTCCTTCTCATAGCCG-2","male","Microglia",-9.30847177488697,12.8640786258139,0.519830824867036,-7.91240646996777
"TTCCTTCTCATCCACC-2","male","Oligodendrocytes",-0.63399562818897,2.15700839437617,-2.91494858072684,-0.588969136860772
"TTCCTTCTCATGCAAC-2","male","Microglia",-9.04956350309742,13.5703583804525,-0.164799092277739,-8.28646614709179
"TTCCTTCTCGGGACCT-2","male","OPC",10.1371850015413,2.63343773759974,12.5209795255811,-1.14984407582562
"TTCCTTGAGCCAAATC-2","male","IN-MGE",-3.82528886778248,-6.46842612348424,-7.42432629869864,1.59113118490894
"TTCGCAACAATCCCTT-2","male","Microglia",-9.38861093504322,9.32327090181483,0.305133881107118,-8.85257008233349
"TTCGCAACACCCACCT-2","male","Oligodendrocytes",-0.451906597446324,8.82476530946864,-2.43786799715445,-2.28712537446301
"TTCGCAACATTAGGTT-2","male","Oligodendrocytes",-0.10216111523998,7.49051295198573,-2.63431250856802,-1.22308745541851
"TTCGGTACAATCGCAC-2","male","EN",6.90593662278759,-10.3240126522623,3.84379375173166,4.67623016676624
"TTCGGTACATTAAACC-2","male","IN-CGE",1.66913094537365,-5.36662472806798,-3.99176680849478,10.3572602017852
"TTCTTAGGTAGCTGCG-2","male","IN-CGE",-2.91123447401416,-9.30783642850743,-3.14037120150015,8.38706395468433
"TTGACATCACCGGTAT-2","male","IN-MGE",-3.77728328688038,-6.551794901713,-7.58011376665518,0.856052596780853
"TTGACGTAGCACGTTG-2","male","Oligodendrocytes",-0.225235915016057,9.40221129335536,-2.70655953691885,-1.17896833577435
"TTGACGTAGCTTCCCG-2","male","Oligodendrocytes",-8.24244127256763,-0.437321916445361,-3.07218086527273,-5.46267798104565
"TTGACGTAGGGCCATC-2","male","EN",7.75717058198559,-6.85376204572545,6.30914271070078,3.93940541586597
"TTGACTAAGCCGCAGT-2","male","Oligodendrocytes",-0.739353751968266,0.380563899651899,-2.52401530550406,-1.44292833962719
"TTGACTAAGCCTAATA-2","male","IN-MGE",-6.88771305067432,-4.21742285810338,-6.58348119066641,4.71935698828419
"TTGACTAAGCTAATTG-2","male","IN-CGE",2.44334974305737,-4.5406717213236,-4.30668294237539,10.7514109357329
"TTGACTAAGCTATTAG-2","male","EN",1.59239914434063,-11.0305041225992,0.895795686230209,4.70591018042286
"TTGACTAAGCTCAATA-2","male","IN-CGE",2.48357119577038,-4.60512675367223,-3.94195782946036,10.7542948468657
"TTGACTAAGGACCTCA-2","male","Microglia",-9.21674928648365,12.714466199056,-0.180958030685637,-8.61920788445751
"TTGAGCTAGACTTATG-2","male","IN-CGE",-2.06471619589222,-17.1992567928873,-2.96120178507254,7.97134444555958
"TTGAGCTAGCGCCTTT-2","male","IN-CGE",-0.146500027011754,-2.77497376523839,-3.61886870668814,9.48898169836719
"TTGAGCTAGGAGCAAC-2","male","Microglia",-7.62302980406177,13.4567872134603,-3.0627704839556,-0.216364230301781
"TTGAGCTAGGCTACTG-2","male","Microglia",-9.20212278349292,11.4169179049887,0.23081392242029,-7.61302902856152
"TTGAGGCGTAGGATTT-2","male","Astrocytes",-6.91025028211963,1.04685054697169,-4.95770108507559,-5.81333258309643
"TTGAGGCGTCATCAAG-2","male","IN-MGE",-6.89723405821216,-6.02669991575109,-6.54683339403555,4.66288540205677
"TTGAGGCGTCGACTAA-2","male","EN",7.15530767457592,-10.5086192043863,3.77709901525095,4.71384856543262
"TTGCAACAGCAATAGG-2","male","IN-MGE",-4.08501062376392,-5.47686661802159,-7.496909497246,0.858155687067108
"TTGCAACAGGCCTAAT-2","male","IN-MGE",-7.12624940855396,-5.35360659681188,-6.87874686525748,4.59718034109791
"TTGCAACAGTCATTTC-2","male","Oligodendrocytes",-0.835962509940984,3.1500729171194,-2.65220224665091,-2.08397939362804
"TTGCAAGGTAATGGAA-2","male","Oligodendrocytes",2.52446928041088,13.6040745822348,-1.86124074266836,-1.71385624566357
"TTGCAAGGTGCTAGCG-2","male","Astrocytes",-8.11533937437427,2.07539425768031,-3.83647048281119,-5.42645266213696
"TTGCAAGGTTGAATCG-2","male","Microglia",-9.07459936125171,12.1066933719076,0.213461102977541,-8.77667954125683
"TTGCAATCAAGGTGGC-2","male","Oligodendrocytes",-8.11293325407398,1.78821526445521,-4.11532246874258,-5.57157471337597
"TTGCAATCACGTAAGG-2","male","IN-MGE",-6.26250419599903,-4.68648327909337,-6.35601603792593,4.49127766928394
"TTGCAATCAGGATGGC-2","male","IN-CGE",-2.01832375509632,-17.2608221920572,-2.99736273096487,8.05059001288135
"TTGCACACAAACCTAT-2","male","EN",6.75269451158154,-11.5143937023722,3.31150186254099,5.26916787466724
"TTGCACACACTGGCCA-2","male","EN",3.18821253793347,-13.6099432858072,2.14849472238138,7.41159865698536
"TTGCACACACTGGCTG-2","male","Oligodendrocytes",-7.9442797659148,2.04792664922847,-3.85892998979971,-5.56981470742504
"TTGCACACAGCTAATT-2","male","IN-MGE",-7.16983613951099,-5.44075621686803,-6.51750361727164,4.0604932054015
"TTGCAGCCAACAGGTG-2","male","Microglia",-5.83192310316456,-4.38928307615148,12.4915453214796,0.159894619795875
"TTGCAGCCAATTAAGG-2","male","Oligodendrocytes",-0.737255191635015,1.01923920191897,-1.65690290735647,-1.82710697808544
"TTGCAGCCATTAGGTT-2","male","IN-CGE",0.535062426496623,-4.02746094785558,-3.61704003618643,9.45896479925831
"TTGCATTTCACCTGCT-2","male","Endothelial",2.58126535432446,13.5568200198568,2.86181342794016,-2.71228912034313
"TTGCATTTCAGTATTG-2","male","OPC",10.6836356164705,3.01758538164271,12.5704389829786,-1.12070622601788
"TTGCATTTCAGTTCCC-2","male","EN",7.84418001191723,-8.38639630399572,5.83569395734384,4.58271858534534
"TTGCCCGTCAAACCTA-2","male","Oligodendrocytes",-0.571296071838262,6.45143900789393,-2.98306929872915,-0.50077381291668
"TTGCCCGTCAAGTGTC-2","male","EN",3.65865054147351,-14.1615895184122,2.04384160234049,7.69247243246754
"TTGCCCGTCCCATAAA-2","male","EN",8.27096881883251,-7.83752621732579,5.92170489026621,4.15397903761585
"TTGCCCGTCCTTAATC-2","male","Oligodendrocytes",-0.696177816223027,0.683180719391241,-1.99822056101248,-1.41397311845104
"TTGCCCGTCGATAACC-2","male","Oligodendrocytes",-0.790843581985356,5.49102269090785,-2.08098256395743,-3.2503240362672
"TTGCGAGTCACCTGTC-2","male","Oligodendrocytes",-0.663585758041265,10.4510060397543,-2.51554548548147,-0.249182607319756
"TTGCGAGTCATGTCAA-2","male","EN",8.18902864472973,-7.28489007078038,5.99400770856455,4.60365745863636
"TTGCGAGTCCCATAGG-2","male","Oligodendrocytes",-2.27612576467884,-5.54170836530553,-2.17260825441763,-3.182055975583
"TTGCGAGTCCGCAAAT-2","male","Oligodendrocytes",-0.331240928005101,9.79599200166835,-3.00198256777212,-1.00949480691235
"TTGCGAGTCCTTCGTA-2","male","IN-MGE",-3.02038512213123,-5.64690627179967,-7.25445020006582,1.03827265343388
"TTGCGAGTCGACCTGA-2","male","Oligodendrocytes",-0.381543075870397,5.6059461680807,-3.42510354326651,-1.29194846310894
"TTGCGAGTCTCGCCTG-2","male","Oligodendrocytes",-8.33542261106861,0.149289294854536,-2.94887840555594,-5.27706959405224
"TTGCGTCTCCTTGCGT-2","male","EN",7.67317476289379,-8.60116185270177,-1.71334278391287,-0.637976433422967
"TTGCGTCTCGAGCAAA-2","male","Oligodendrocytes",-8.14770517332447,-0.373433187826739,-3.75737416551993,-5.41889479317944
"TTGCGTCTCTATTGTC-2","male","EN",2.97444739358532,-13.8467863949381,1.84115696145609,7.30356118521412
"TTGCGTCTCTCACATT-2","male","Oligodendrocytes",-0.841982936691167,2.83145628847255,-2.56109726236746,-2.5419340387849
"TTGCTCTCACCAGGTT-2","male","Oligodendrocytes",-0.720809316467168,0.702578611449136,-1.81976806925223,-2.46404555001537
"TTGCTCTCAGATAGAC-2","male","EN",7.09567585008251,-10.3263901623331,3.29994046880319,4.41337439856251
"TTGCTCTCATTTGCTC-2","male","Oligodendrocytes",-0.388148879836919,10.064361676351,-2.61978518770621,-0.97097792783062
"TTGCTTAGTCCGGTTC-2","male","OPC",10.6184319497834,2.76190076746119,12.9171072263868,-0.698620702412529
"TTGCTTAGTGTCCTGC-2","male","Oligodendrocytes",0.0321592928658705,7.41334925569667,-2.78426563547537,-1.4508855597047
"TTGCTTTAGGTAAGGC-2","male","EN",15.5414141656648,-5.36130990110265,1.08815114392355,3.32961151442249
"TTGCTTTAGTAACTCA-2","male","EN",0.00481360571491535,-1.25321604333745,5.17781174375131,4.51453683218677
"TTGCTTTAGTTGGATC-2","male","Oligodendrocytes",-0.364026462863805,6.16269503511561,-3.08839428232596,-1.08648398080151
"TTGGAGGCAATTGAAG-2","male","EN",14.6119450570832,-5.58062924466954,0.213491322532442,3.1119315370055
"TTGGAGGCAGGCTACT-2","male","Oligodendrocytes",-0.107596939634206,7.97096358217372,-3.25433718965933,-1.54028847375195
"TTGGAGGCATCCCTCA-2","male","IN-MGE",-7.08228359205616,-5.73721732221471,-6.3415573816149,4.53975317320545
"TTGGATATCACAGCCA-2","male","IN-MGE",-6.80205926878345,-6.14811314664708,-6.40090930269644,4.23472831091602
"TTGGATATCCACCTTA-2","male","EN",3.54396858232128,-13.3584050091349,2.26937711431101,7.17650840124805
"TTGGATATCCATTACT-2","male","IN-CGE",-3.09294137937915,-9.53541936002599,-3.03775012300894,7.91286275229175
"TTGGATATCCTAATTC-2","male","Microglia",-9.22982416136158,13.2225342837728,-0.00903636024877774,-8.72164871850292
"TTGGATATCGTTACAA-2","male","Microglia",-9.33271799070728,13.1021967975057,0.611409725681093,-8.71653607049267
"TTGGATTCAAAGCTAA-2","male","Oligodendrocytes",-0.415243780444982,9.62507830537928,-2.29895341204092,-0.409597183850213
"TTGGATTCACCACAAC-2","male","Microglia",-8.75803384764087,-0.156017437800036,-0.465796826347563,-7.70532848992626
"TTGGATTCACTATGGC-2","male","EN",4.28268709199536,-13.2416256817423,2.46351039601877,7.35666463217457
"TTGGATTCATCCCTCA-2","male","Oligodendrocytes",-0.963454580139043,2.64994107164515,-1.67689645098135,-2.4294560209779
"TTGGCGGGTGATGATT-2","male","EN",8.32126560227978,-6.9051360043131,6.50112641049936,4.23042795500477
"TTGGCGGGTGTGCAAC-2","male","EN",1.55950036065686,-11.3388041409098,0.714303569927957,5.32538220724781
"TTGGCTACAAAGCTAA-2","male","Microglia",-9.36367044432056,10.0919905749716,0.505295397773531,-8.71382286706249
"TTGGCTACACTTCACT-2","male","OPC",10.4818343164216,3.06214986719264,10.8932119627149,-0.367363955166741
"TTGGCTACATAGTCAT-2","male","IN-MGE",-3.3299113271941,-6.53358210645543,-7.37176167772696,0.997082178208427
"TTGGCTGAGCACTTGG-2","male","IN-MGE",-3.85152873976123,-6.34037436567174,-7.33999478624747,0.792477671715812
"TTGGCTGAGGCAATAG-2","male","IN-CGE",0.968309247661708,-3.7468894871317,-3.64381873415396,9.89124343237598
"TTGGCTGAGTAGCGCC-2","male","EN",2.70820488946545,-2.08536566816197,-0.960649965271208,3.57022712073048
"TTGGCTTGTAACAGGG-2","male","OPC",10.6216820718538,3.8598114100851,12.3439775724561,-0.117207790997429
"TTGGCTTGTATTGTCC-2","male","Oligodendrocytes",-0.539220130275609,10.7004729358114,-2.92653357790396,-1.28183689275066
"TTGGCTTGTCATTGTC-2","male","Oligodendrocytes",-0.053089564870717,9.69573412813319,-2.53753697679922,-0.315179731038018
"TTGGCTTGTCGCATAA-2","male","IN-CGE",-3.06059966070545,-9.59874238096105,-2.88478457735464,8.10680100760181
"TTGGCTTGTTCCATTA-2","male","VSMC",14.3065642358552,-0.825174227579699,2.73148691846445,-2.42206146874706
"TTGGGCCAGCGAGGTG-2","male","EN",3.07077159898388,-13.7670611294352,1.99800539208963,7.58939597449024
"TTGGGCCAGCGCCTTT-2","male","Oligodendrocytes",-0.339452540706517,10.5874034015097,-1.89993011759207,-1.08330240407269
"TTGGGCCAGGAACGCG-2","male","Microglia",-9.39341840727222,9.02356348909511,0.18995207740381,-7.55452587762158
"TTGGGCCAGGCATTAC-2","male","EN",6.37007703797924,-13.1388653668009,3.75522101117685,6.14379975638111
"TTGGGCCAGGTCATTA-2","male","Oligodendrocytes",-0.549812531303288,0.288591965810194,-2.37313949869559,-0.840088750508233
"TTGGGCCAGTCAATTG-2","male","EN",4.883377456833,-9.79317654691564,3.06418335630014,3.92619154295643
"TTGGGCGGTCGCAATA-2","male","Oligodendrocytes",-0.463900005649449,9.63904200472011,-3.14627706812308,-0.707429553654595
"TTGGGCGGTGGGAACA-2","male","EN",7.74278249757397,-6.71038092695104,6.43574011518076,4.38695165953358
"TTGGGCGGTGTTTGTC-2","male","EN",7.38160886781323,-7.16401232801305,5.11754095746591,4.63532135328968
"TTGGGTTAGCGATAAG-2","male","EN",2.63799490945446,-2.22896780095922,-1.04721927450583,3.47885987601002
"TTGGGTTAGCTTAGCG-2","male","Astrocytes",-8.34222803099048,0.997217282430067,-5.14508092211172,-6.15065243401806
"TTGGGTTAGGACGTAA-2","male","IN-MGE",-6.52019319517505,-6.23257388196813,-6.65228259371206,3.27404901823719
"TTGGGTTAGGCCTAAT-2","male","EN",3.54961886422741,-13.9470442684733,1.5006263275297,7.57192609152515
"TTGGGTTAGTTGTCCC-2","male","Oligodendrocytes",-0.68684933168781,6.27414713777675,-1.56766760157034,-2.05919792809765
"TTGGTGAGTAAACAAG-2","male","EN",1.95829501168835,-9.47704495511876,1.76323276950434,4.79810902914722
"TTGGTGAGTCAATGTG-2","male","IN-MGE",-3.366467332672,-6.41459168516027,-7.60769974993155,1.29490784249027
"TTGGTGAGTGGATTCA-2","male","IN-MGE",-4.07638559324634,-6.43149842344152,1.14196950389459,4.16487977347095
"TTGTAAGTCAATCTCT-2","male","Microglia",1.15676441209423,0.175440385714902,-0.0891402344553207,-7.71492817559521
"TTGTAAGTCATTGTCT-2","male","OPC",10.5434054376374,3.0643828956045,11.5743376035841,-0.772585298207207
"TTGTAAGTCTTGACCC-2","male","Microglia",-9.16457757933033,12.0020609942831,-0.477446077331755,-8.42927124657909
"TTGTCAAAGCACAGCC-2","male","IN-MGE",-3.6323433874358,-4.39049901090489,-7.29741322801993,2.14611503920277
"TTGTCAAAGGATTGAG-2","male","Microglia",-9.38638505918873,9.67728339113368,-0.352693198188994,-8.57793667474072
"TTGTCCATCCTGTTCA-2","male","Oligodendrocytes",-0.687264895271184,1.8709882346548,-2.19059431360647,-1.38369395890514
"TTGTCCCAGCCAAATC-2","male","Astrocytes",-8.67830762846363,0.873038604632749,-4.49115693376944,-6.74515679040234
"TTGTCCCAGCCGCAAC-2","male","EN",6.10263528840649,-12.6541394146525,2.89597571088388,5.36695382437427
"TTGTCCCAGCGAAGTA-2","male","IN-MGE",-3.66811761839283,-3.75603283964025,-7.40193211840079,2.36924764952381
"TTGTCCCAGCTTAACA-2","male","IN-MGE",-17.1970416067351,-5.79968871198522,-1.53535854624197,-4.86401846566479
"TTGTCCCAGGTGTTAC-2","male","EN",2.76493802087414,-2.1482190044962,-1.01784920500204,3.46200606665333
"TTGTCCGGTAATAACC-2","male","Pericytes",2.39464368836987,0.472451701537504,2.56734633637979,-2.70364406266491
"TTGTCCGGTGTTGCAA-2","male","EN",4.59729042070019,-10.0751799496256,2.67444551183298,3.70508167586048
"TTGTCCGGTTATCCTA-2","male","Microglia",-9.15977106077564,13.6556988803305,-0.313484786018584,-8.19758846917431
"TTGTGAGGTATACTGG-2","male","Oligodendrocytes",-1.06209537966144,1.42534582294597,-1.45787393854544,-1.6638458029298
"TTGTGAGGTGGTTAGC-2","male","EN",6.33400478379833,-12.0617693813883,3.91070974065378,5.89612767538746
"TTGTGAGGTTAGCATG-2","male","EN",4.21357383744824,-13.3526781948649,2.19107151223734,7.82751843771656
"TTGTGAGGTTTGCGCC-2","male","Oligodendrocytes",0.0359402539025527,6.17064009584559,-2.53043305681631,-1.07040765443127
"TTGTGCCTCCCTTGCG-2","male","Oligodendrocytes",-0.45279536230457,7.00312910951747,-2.72182285593435,-0.572697664883538
"TTGTGCCTCCTAAGGT-2","male","EN",1.4060962440263,-11.1127175243937,0.748077007070329,5.00246951422413
"TTGTGCCTCTAACCAA-2","male","EN",7.89808836000073,-8.21106232725011,5.78281271649912,4.37791821799
"TTGTGCGAGCACAGCC-2","male","IN-CGE",1.37737622277844,-5.28110493741857,-3.85891616152212,9.79068515143116
"TTGTGTGCAATAAGCA-2","male","OPC",11.6184205056916,3.84792481340541,12.8892494459303,-0.516282583859368
"TTGTGTGCAGAGAGCC-2","male","EN",0.535125637222407,-2.03143753133641,1.26081934763506,3.13291141829212
"TTGTGTGCATCCTGAA-2","male","IN-CGE",2.40522494332897,-4.46749962888585,-4.19254052446768,10.4223618253203
"TTGTTCCCACAATTAC-2","male","EN",4.04767670648205,-13.4580754192911,2.1933399458082,7.67731711706837
"TTGTTGCGTAATAACC-2","male","EN",1.25391694324124,-9.57179726682531,1.47960901452616,4.75469634375294
"TTGTTGCGTCCTGATT-2","male","IN-CGE",0.744954312015651,-5.30526913724767,-3.47063100145743,9.65354773840626
"TTGTTGCGTTAAGGCC-2","male","IN-MGE",-17.1327143667449,-5.81880463682042,-5.63960635469839,4.61355421385487
"TTGTTGTTCAAGCTAC-2","male","Microglia",-8.94069585783375,12.1902743426718,-0.421162245735381,-8.32372906365673
"TTGTTGTTCTCAATAG-2","male","OPC",11.8249873162996,3.41168819345607,12.1798807401808,-0.631433989193841
"TTGTTTGGTACCCACC-2","male","Endothelial",2.8167077543031,13.2463065234579,3.04697334958627,-1.94390680947582
"TTGTTTGGTTCACTGT-2","male","Microglia",-9.4911080358733,12.9229231921591,0.815714510217455,-7.95561459222118
"TTTAACCTCTATCGCC-2","male","VSMC",0.313547925819038,0.245146855489149,2.85067594243601,-2.80686190285961
"TTTAACCTCTCAATTC-2","male","IN-CGE",2.07956006543743,-4.93660677991735,-4.27964436815664,10.7152952893706
"TTTAACGAGATTGAGG-2","male","OPC",11.3583134652864,3.26448689378871,12.0638767500074,-0.74786009946148
"TTTAACGAGCAAACCT-2","male","IN-CGE",1.1790945770036,-5.0872649105631,-3.58312022493765,9.61079737982471
"TTTAACGAGCCTAACG-2","male","Oligodendrocytes",-0.282720064948918,6.9711657611288,-2.91835248278067,-0.717381264355584
"TTTAACGAGGTTACAC-2","male","IN-MGE",-0.0101713298071641,-1.70818389974462,1.62912881566599,4.01782724699695
"TTTAACGAGGTTTGAC-2","male","Microglia",-9.0550671575774,12.0844031421102,0.624921502605226,-8.34810688653271
"TTTAACGAGTTAGTGC-2","male","Pericytes",2.13010265843975,0.362965106741323,-1.81702530191824,-0.863287593510552
"TTTAAGCCAAACAACA-2","male","Oligodendrocytes",0.109904015232204,7.30101977266444,-3.44325625704214,-0.849872018483086
"TTTAAGCCACAACAAA-2","male","OPC",11.6376027108918,3.7338553515829,12.7779690046461,-0.474502588894768
"TTTAAGCCACTAGGTC-2","male","Oligodendrocytes",-0.660304760764958,10.5449200717367,-1.62858593271658,-0.61771717229168
"TTTAAGCCATTAGGCC-2","male","IN-MGE",-3.07205805761707,-4.61871375165807,-4.52501380251333,-5.7657528177766
"TTTAAGGTCGCTAGCA-2","male","EN",0.410407947171805,-1.95771659932958,1.07748200191572,2.51582763037403
"TTTACGAAGCCGCAAC-2","male","Microglia",-8.37092599851978,13.2191010562338,-0.760247824653838,-6.58574965157787
"TTTACGAAGCGCCTTT-2","male","EN",6.45359792726147,-11.8181466015421,3.60510385228708,5.88087746939381
"TTTACGAAGTCAATTG-2","male","Oligodendrocytes",-0.982196307014348,0.956527426616086,-2.19499337480948,-2.50280811944286
"TTTACGAAGTCAGTAC-2","male","IN-MGE",-2.50046262724292,-5.58324803434239,-7.28270947740957,1.505503927085
"TTTACGCGTAGTTAAC-2","male","OPC",11.1543425561677,3.36173973955287,12.0513788480909,-0.74184146085064
"TTTACGCGTCAATAGT-2","male","Microglia",-9.08919439299,12.4457665530599,0.706944244042184,-7.73175289788525
"TTTACGCGTCACGAAC-2","male","OPC",10.9196137429963,3.64728485025538,12.4311510343702,-0.631366516735955
"TTTACGCGTGCAACTA-2","male","EN",5.02059831636059,-9.84543599210607,2.7345130462797,2.99791381201466
"TTTAGCAAGCACTAGT-2","male","IN-MGE",-6.79869708998096,-4.875281229838,-6.56784236238882,4.02671096167286
"TTTAGCAAGCATGTCG-2","male","OPC",11.1893500329744,3.38538013376368,11.2081066389234,-0.58519342103283
"TTTAGCAAGCGGCTGT-2","male","IN-MGE",-17.020159816574,-5.92728699766027,-5.90660702989981,4.5036072476836
"TTTAGCAAGGACGTAA-2","male","Astrocytes",-6.76847276670826,1.56602267898692,-4.5054920892565,-7.15546801247875
"TTTAGCAAGTGGCGGA-2","male","OPC",10.5547484399568,3.28748427309169,12.8137184400709,-0.34818318047802
"TTTAGCAAGTTCCTCA-2","male","Microglia",-9.22399435026539,12.1560937014974,0.172603430286195,-7.62024452843945
"TTTAGCTTCAATTGGC-2","male","IN-MGE",-3.09101257307422,-3.36032499395238,-7.53599202440664,1.06322062453945
"TTTAGCTTCATGACCG-2","male","OPC",11.6845606805574,3.87700711168422,11.7295709867628,-0.772244478848382
"TTTAGCTTCATGTGGT-2","male","EN",6.81918945329296,-11.2910326870524,3.73970449163034,5.05304429373463
"TTTAGCTTCCCATAAA-2","male","Oligodendrocytes",-7.73571596128834,-0.338400319441424,-3.42536628054068,-5.33077004113476
"TTTAGGATCTTTAAGG-2","male","EN",8.23780384080517,-6.7072633656107,6.28342735959604,4.63999912581165
"TTTATGGAGGATAAAC-2","male","Oligodendrocytes",-0.0576135872114915,9.17939959444178,-3.33151709841177,-0.760466004994317
"TTTATGGAGGCATGTT-2","male","EN",0.511737445164798,-1.97916115842687,2.16032803250864,4.85121438345631
"TTTATGGAGGTGAAAT-2","male","Microglia",-8.93742570860279,12.9806481448568,-0.69719254778311,-6.39890291848461
"TTTCACCCACCTCACC-2","male","EN",0.909555459190486,-2.84893955312596,3.2864099760206,5.99099156698902
"TTTCACCCAGCTTAAT-2","male","IN-MGE",-2.44614062292469,-5.42901171766149,-7.27234303759024,1.38285759529789
"TTTCAGTTCAAACTCA-2","male","EN",1.57402303235638,-10.4053810986124,1.2189675290735,4.92594239554127
"TTTCAGTTCACGAATC-2","male","EN",8.49587144868481,-7.24179305158483,6.32271063520029,4.07864830336292
"TTTCAGTTCCTTGTTG-2","male","IN-CGE",1.83493652360546,-5.9366620930277,-4.05912053392813,10.786733125064
"TTTCAGTTCGTCATTT-2","male","Microglia",-9.23672876341236,12.4314433185018,0.712120460406091,-7.75609829583447
"TTTCATCAGATAAAGC-2","male","IN-MGE",-3.75112733824146,-6.48386038862096,-7.48109757707998,1.02071735701282
"TTTCATCAGCAGGTTT-2","male","EN",13.7077473642122,-12.0932406338297,3.22400391294077,2.96105882963856
"TTTCATCAGGCATGAA-2","male","OPC",11.9364127160798,3.10153327860011,11.9246355314405,-0.888380433705254
"TTTCCACCAAAGCGCA-2","male","IN-CGE",1.37535437362301,-4.56359757505284,-3.6850255708544,9.81306407293995
"TTTCCACCAAGGTACG-2","male","Microglia",-9.22650728208912,12.4065219012655,0.274160208240297,-7.77286770501415
"TTTCCACCAAGTGTTT-2","male","Oligodendrocytes",-0.460003828834416,4.89461813844813,-1.9563547353594,-1.47463896432201
"TTTCCACCAATAGCAA-2","male","Oligodendrocytes",-0.895436143707158,2.79010187067164,-1.8293594102709,-1.9550063864259
"TTTCCACCACGCAACT-2","male","EN",6.53853502290356,-13.1604546459757,12.4499584455641,-0.343026186612053
"TTTCCACCAGCAAGAT-2","male","IN-CGE",1.66410770433056,-5.97372998319493,-4.0865238885729,10.6914162381621
"TTTCCACCAGGAAGCC-2","male","IN-MGE",-3.81195030195606,-6.58030261121617,-4.42588364885733,-5.80399229684155
"TTTCCTGAGAACAAGT-2","male","EN",4.98988428132641,-12.9318541439615,3.30871617986276,6.44335172018726
"TTTCCTGAGGACCTCA-2","male","EN",3.66407361047375,-13.5305460842692,1.73492413951471,7.59079358420093
"TTTCCTGAGGACGTAA-2","male","Oligodendrocytes",-0.0960296748389024,7.40682040132655,-3.16768252657339,-1.25955274262707
"TTTCCTGAGGAGGCAT-2","male","Oligodendrocytes",9.22539320008862,2.32148836530818,-1.64844643877432,-3.74514916100781
"TTTCCTGAGGTACCGC-2","male","Microglia",-9.18949708921802,10.2484789935507,-0.169874546989653,-8.03188946404736
"TTTCCTGAGGTTTACA-2","male","Oligodendrocytes",-0.664172863792302,6.34340010561122,-2.10448324488089,-3.04744579949657
"TTTCCTGAGTCACTCC-2","male","EN",1.64069893376934,-11.2714795025431,0.777793260350969,5.14773032507618
"TTTCCTGAGTCCTGAG-2","male","Oligodendrocytes",-0.833050823043706,4.17755757249965,-1.40266477869436,-2.09862520852367
"TTTCGTCCAAATATCC-2","male","OPC",9.46342554109204,2.37534199632777,11.8315550108106,-0.487545515683098
"TTTCGTCCAAGCTAAA-2","male","EN",1.73651757257092,-11.5295866879068,0.92507671757057,5.77302119574268
"TTTCGTCCACCTGCTC-2","male","IN-MGE",-2.71037325842273,-3.50078524671422,-7.23947560594961,1.42500123820026
"TTTCGTCCAGGGAGCT-2","male","OPC",11.1546801568757,3.55641947664393,11.4028116483839,-0.704216624882622
"TTTCGTCCATAGACTT-2","male","EN",2.84780159013378,-13.7005261334025,1.78508705092981,7.61054799399097
"TTTCGTCCATGACTAT-2","male","Oligodendrocytes",-1.02982339842212,3.06131778635158,-1.71934020327017,-3.83022835412304
"TTTCGTCCATTATGCG-2","male","EN",-0.355519628356816,-0.802596464975939,3.39187324239328,5.09873006186207
"TTTCTCACAATAATCC-2","male","EN",3.95893039720166,-14.253774538859,1.90879249764993,7.53241870245655
"TTTCTCACAGGAACAT-2","male","Oligodendrocytes",-0.20330235941303,-0.226882830484972,-1.68062746332571,-2.76491596856396
"TTTCTCACAGGGAGGA-2","male","Oligodendrocytes",-0.57210460884464,7.24191008485927,-1.46528589533255,-3.37010004678051
"TTTCTTGCAACAACAA-2","male","Oligodendrocytes",-0.445810472797276,10.7123852816976,-3.3564008455126,-0.772497321751519
"TTTCTTGCAAGGTATA-2","male","IN-MGE",-7.07097921354664,-4.96315564237462,-6.61908328340933,3.96887442908009
"TTTCTTGCATGGAGGC-2","male","Astrocytes",-6.76433525068653,1.32621507324351,-4.53181493090079,-6.85836126961987
"TTTGACCGTAGCCTAA-2","male","IN-CGE",1.2373391629945,-4.0378846081339,-3.57933985994742,9.50734660467823
"TTTGACCGTCCTAGTT-2","male","Oligodendrocytes",-0.734046077560307,1.43377654232158,-1.5167385320513,-1.59731700578014
"TTTGACCGTGTGAGGA-2","male","EN",14.3904770852815,-5.27410782895909,0.247633339896944,3.16469595274647
"TTTGACTTCAAGTGTC-2","male","EN",3.16143646257031,-11.5981406124674,2.96709168149545,3.2485613568755
"TTTGACTTCAGCATTA-2","male","IN-MGE",-3.73907814009082,-6.1688431652628,-6.21933734224722,0.927596990677909
"TTTGACTTCCCATAGG-2","male","Microglia",-9.3661023138274,9.62981806673182,0.195358755126741,-8.20460751214306
"TTTGACTTCCTTAATC-2","male","OPC",9.28544034974682,2.39219056047572,12.4956175108106,-1.10505631127636
"TTTGACTTCGGTTTGG-2","male","Oligodendrocytes",-0.564726269077184,6.25736342348231,-2.96876990602896,-2.12082483926098
"TTTGAGTCAGCTTAAT-2","male","Oligodendrocytes",-0.831461524795415,3.8999610988058,-2.40419733332083,-0.816670323994561
"TTTGAGTCAGGAATCG-2","male","Oligodendrocytes",-0.297436690162541,8.15177832521571,-3.3714474420397,-1.24323990502636
"TTTGAGTCAGGCCATT-2","male","IN-MGE",-2.5302697180022,-5.316030398234,-7.78863847063467,1.39363322100361
"TTTGCATTCCCTCAGT-2","male","Microglia",2.19124510305035,4.11672340311183,5.93140471173837,3.81127474150379
"TTTGCGACAATTAGGA-2","male","Astrocytes",-8.66734132749927,0.0251288858808417,-4.7673009614794,-6.56529095330517
"TTTGCGGAGGATAAAC-2","male","Microglia",-9.20102319700611,12.777026280538,-0.0289818029253219,-8.26575901665966
"TTTGCGGAGGTTTACA-2","male","EN",3.1237510682832,-13.8289040478312,2.27680671407297,7.33197543463428
"TTTGCGGAGTAAGAAC-2","male","Astrocytes",-7.60324106199634,0.842385932580366,-4.88263833330557,-6.44759562173168
"TTTGGCTGTAACGGGA-2","male","OPC",10.1317109109651,2.7004445640005,10.7508941908033,-0.233317281392022
"TTTGGCTGTAGCAGCT-2","male","EN",6.82035055177319,-10.5279845150553,2.76835859014108,4.25165603003223
"TTTGGCTGTGGACCTG-2","male","Oligodendrocytes",3.85621585862744,-12.7625874432169,-1.70251643465445,-5.22150471368115
"TTTGGCTGTGTTCCCA-2","male","EN",6.62687149064648,-13.0346812161051,4.02394926740244,6.14570567450245
"TTTGGCTGTTAGTGAT-2","male","IN-MGE",-3.1871574877013,-3.61461104474889,-5.55153500841543,-5.15291216531078
"TTTGGTAAGCATGACT-2","male","Oligodendrocytes",-0.774758195709111,3.04773102678431,-2.27881681726858,-0.175113524582787
"TTTGGTAAGGAAACTG-2","male","Oligodendrocytes",-0.759906983207585,4.61539612688197,-1.92573272989676,-1.70167663255016
"TTTGGTAAGGGTGGAT-2","male","Astrocytes",-8.31846151335132,0.629936370775833,-4.73446070955679,-5.57893135705273
"TTTGGTAAGTCGCAAT-2","male","Microglia",-8.85468301756275,12.8254462329306,0.426582576766756,-8.14484360375683
"TTTGGTGCACCCACCT-2","male","Oligodendrocytes",-0.615279471706273,10.0434933749594,-2.71401989267752,-0.892647887852593
"TTTGGTGCATCAGTAT-2","male","IN-MGE",-3.39771518690479,-3.60934437833654,3.06712615682199,-0.208744670536919
"TTTGTCCCAAAGGTAC-2","male","EN",2.29593672769177,-2.23315919957982,-0.691507099136565,3.50308034262379
"TTTGTCCCAATAGCAA-2","male","IN-MGE",-6.72558984739673,-4.54662980161534,3.99617874814585,6.03092238745411
"TTTGTCCCACCTCGCT-2","male","IN-MGE",-3.74472150785816,-3.79127301298009,-7.61203038500235,2.22274753889759
"TTTGTCCCACGAATCC-2","male","EN",1.41853215711224,-10.9069746883951,0.667560221687105,5.18271920523365
"TTTGTCCCAGTAAAGC-2","male","IN-CGE",1.22785546796429,-5.6563886555277,-3.95926272676871,10.2629341824981
"TTTGTCCCATAAGCAA-2","male","EN",0.456803658772586,-1.08509148679601,5.73416912747934,4.58203170141895
"TTTGTCCCATGGCCTG-2","male","EN",13.6570614816438,-12.043982401713,3.1375914831312,3.06393859228809
"TTTGTCCCATTGTCAG-2","male","EN",5.44492092149365,-9.70481957517491,2.98286068631723,3.28123686155994
"TTTGTCTAGTGAGCAA-2","male","Microglia",-9.41020784361255,9.00877772249354,0.804959343806055,-8.62791111626904
"TTTGTGAAGCTCAAAC-2","male","Microglia",-9.41250143034351,8.93751631654872,0.436302395597246,-7.79274704613964
"TTTGTGAAGTTTGGGT-2","male","Oligodendrocytes",-0.230718290637853,10.0321227160849,-0.903278229698393,-6.06770470299999
"TTTGTGGCAATTTGGT-2","male","Microglia",-9.15102205259693,13.4786978808798,0.299218418136385,-8.00599339165966
"TTTGTGGCACCTAATG-2","male","EN",1.84455635564434,-9.92354382596837,1.26940676762178,4.502279256198
"TTTGTGGCAGTTTCTC-2","male","Astrocytes",-8.51253232939136,1.30972884573115,-4.90447175310538,-6.56531813302319
"TTTGTGGCATTCAGCA-2","male","EN",4.23809423463452,-12.5294884594523,1.79974794580057,7.2735743268462
"TTTGTGTTCAGCATTA-2","male","EN",6.10921802537548,-13.0639189632975,3.72088778211191,6.22969386419971
"TTTGTGTTCAGTGAAG-2","male","Microglia",-9.10893163664234,12.9969149676718,0.35001671506479,-7.80420830407421
"TTTGTGTTCCTTAGTT-2","male","Microglia",-9.21357736570728,10.3371888247885,0.198680939212587,-7.99953701653759
"TTTGTGTTCGTTTCCA-2","male","Microglia",-9.35318765623462,9.50419913210048,0.664481358662393,-7.86523010888378
"TTTGTGTTCTCACTCA-2","male","EN",0.593363577295421,-9.46805371366368,1.01444015099123,5.1381344541045
"TTTGTGTTCTGTTCAT-2","male","Oligodendrocytes",-0.955105161498906,0.632979199067487,-2.65858161257193,-1.5775912062196
"TTTGTTGGTGATGGCT-2","male","Oligodendrocytes",-0.472602402995946,3.15773402132167,-2.11377394007132,-1.24227109113018
"TTTGTTGGTGCATTAG-2","male","IN-MGE",-7.0020042417754,-5.1813000591837,-6.99669825838492,4.48025367102344
"TTTGTTGGTTAAATGC-2","male","Microglia",-9.257012462448,13.2579480258383,0.124163689151552,-7.97045376458447
"TTTGTTGGTTAAGCTG-2","male","OPC",11.063489818741,3.31970606722011,12.3457971830519,-0.354910041478081
"TTTGTTGGTTGGTGAC-2","male","Oligodendrocytes",-0.265812492202641,8.38211356081141,-1.96265947626517,-0.418053056385918
