"barcode","sex","celltype","egr1_z","stage"
"AAACAGCCAACACTTG-1","male","EN-fetal-late",0.0543267308585076,"LateFetal"
"AAACAGCCACCAAAGG-1","male","EN-fetal-late",0.654945924550204,"LateFetal"
"AAACAGCCATAAGTTC-1","male","EN-fetal-late",-0.0868547531844478,"LateFetal"
"AAACATGCATAGTCAT-1","male","EN-fetal-late",0.220116485390658,"LateFetal"
"AAACATGCATTGTCAG-1","male","EN-fetal-late",0.222743459628089,"LateFetal"
"AAACATGCATTGTGAT-1","male","EN-fetal-late",0.329740760107668,"LateFetal"
"AAACCGCGTCACCTAT-1","male","EN-fetal-late",-0.371678447547492,"LateFetal"
"AAACCGCGTCAGGAAG-1","male","EN-fetal-late",0.509421531372298,"LateFetal"
"AAACCGGCAAGCCACT-1","male","EN-fetal-late",0.439913063581852,"LateFetal"
"AAACCGGCACATTGCA-1","male","EN-fetal-late",1.40833704091798,"LateFetal"
"AAACGCGCAAATATCC-1","male","EN-fetal-late",0.423350028475402,"LateFetal"
"AAACGCGCAACTAGAA-1","male","IN-fetal",1.16257094394743,"LateFetal"
"AAACGCGCAGGCTAGA-1","male","EN-fetal-late",-0.37747857896392,"LateFetal"
"AAACGTACAAACTAAG-1","male","EN-fetal-late",0.699309373757743,"LateFetal"
"AAACGTACAGTTTGTG-1","male","EN-fetal-late",-0.673642541792834,"LateFetal"
"AAACGTACATAATCGT-1","male","EN-fetal-late",0.406375197041034,"LateFetal"
"AAAGCAAGTACTTCAC-1","male","EN-fetal-late",0.1008208133964,"LateFetal"
"AAAGCAAGTCTAACCT-1","male","EN-fetal-late",0.56427314645345,"LateFetal"
"AAAGCAAGTTCCTCCT-1","male","EN-fetal-late",-0.261099362066745,"LateFetal"
"AAAGCAAGTTTCCGGC-1","male","IN-fetal",0.0335834868840981,"LateFetal"
"AAAGCAAGTTTGCGAA-1","male","EN-fetal-late",-0.76999177803692,"LateFetal"
"AAAGCACCAATCCCTT-1","male","EN-fetal-late",0.837911026753649,"LateFetal"
"AAAGCCCGTAACCACA-1","male","EN-fetal-late",-0.517594395170698,"LateFetal"
"AAAGCCCGTAGTAAGA-1","male","VSMC",0.574275480609694,"LateFetal"
"AAAGCCCGTTTCGCGC-1","male","EN-fetal-late",-0.0128568172605048,"LateFetal"
"AAAGCCGCAGTCTATG-1","male","EN-fetal-late",-0.306620079832904,"LateFetal"
"AAAGCGGGTGGCTTCC-1","male","EN-fetal-late",-0.0787098525590396,"LateFetal"
"AAAGCGGGTGTTAGCA-1","male","EN-fetal-late",0.204245136902742,"LateFetal"
"AAAGCTTGTTGCGTAA-1","male","IN-fetal",0.501863172370267,"LateFetal"
"AAAGGACGTATTGTCC-1","male","EN-fetal-late",-0.97484130598793,"LateFetal"
"AAAGGACGTCATCAAG-1","male","EN-fetal-late",0.632527828287738,"LateFetal"
"AAAGGACGTGATGGCT-1","male","EN-fetal-late",1.32971950392199,"LateFetal"
"AAAGGCTCAAGGTATA-1","male","VSMC",0.0646666956819486,"LateFetal"
"AAAGGCTCAATAATGG-1","male","EN-fetal-late",-0.238543783102033,"LateFetal"
"AAAGGCTCACCAACCG-1","male","EN-fetal-late",-0.883338209527491,"LateFetal"
"AAAGGCTCACTATGGC-1","male","EN-fetal-late",0.128020369268556,"LateFetal"
"AAAGGTTAGCCACAAT-1","male","IN-fetal",0.831684406414636,"LateFetal"
"AAATCCGGTATTGGTG-1","male","EN-fetal-late",0.0317151176365276,"LateFetal"
"AAATCCGGTCAAAGAA-1","male","EN-fetal-late",0.214206507075396,"LateFetal"
"AAATCCGGTTAACAGT-1","male","EN-fetal-late",-0.419846446316089,"LateFetal"
"AAATCCGGTTTGTGGA-1","male","EN-fetal-late",0.642833864842189,"LateFetal"
"AACAAAGGTATTACCC-1","male","EN-fetal-late",0.256945348527805,"LateFetal"
"AACAAGCCACAAAGAC-1","male","IN-fetal",0.0788199206223395,"LateFetal"
"AACAAGCCAGGTATTT-1","male","EN-fetal-late",-0.0056253434180809,"LateFetal"
"AACAGATAGGACTAAG-1","male","EN-fetal-late",0.506899463648363,"LateFetal"
"AACAGATAGGAGGGTT-1","male","EN-fetal-late",-0.0426589694883743,"LateFetal"
"AACAGGATCATTGCGG-1","male","EN-fetal-late",-0.454436600431941,"LateFetal"
"AACAGGATCGGGACTC-1","male","IN-fetal",-0.0492431816573033,"LateFetal"
"AACATAGCAAGGATTA-1","male","EN-fetal-late",-1.17085693724095,"LateFetal"
"AACATAGCATTAAGCT-1","male","Endothelial",0.437947469658612,"LateFetal"
"AACATCATCATTTGTC-1","male","IN-fetal",0.168032238030804,"LateFetal"
"AACATCATCCTGATGG-1","male","EN-fetal-late",0.493012123573411,"LateFetal"
"AACATTGTCAATCTCT-1","male","EN-fetal-late",0.369720836771435,"LateFetal"
"AACATTGTCATCCTCA-1","male","EN-fetal-late",-0.335571236345772,"LateFetal"
"AACATTGTCATGCGTG-1","male","EN-fetal-late",0.318051257788533,"LateFetal"
"AACATTGTCCCGCATT-1","male","EN-fetal-late",-0.0572205365853908,"LateFetal"
"AACCCGCAGCGGGCAA-1","male","EN-fetal-late",-0.324973137043803,"LateFetal"
"AACCGCTCATAATTGC-1","male","EN-fetal-late",-1.25204368811261,"LateFetal"
"AACCGGCTCGATTTAG-1","male","IN-fetal",-0.392151383925501,"LateFetal"
"AACCGGCTCGCCTGTT-1","male","EN-fetal-late",0.54166977521765,"LateFetal"
"AACCTAATCCGGTTGA-1","male","IN-fetal",1.39259371552986,"LateFetal"
"AACCTCACACTTCATC-1","male","IN-fetal",0.676553033736299,"LateFetal"
"AACCTCACATTGTTGG-1","male","EN-fetal-late",-0.0456187411144351,"LateFetal"
"AACCTCCTCCTGGTGA-1","male","EN-fetal-late",-0.44968877843844,"LateFetal"
"AACCTTAAGAGCAAGC-1","male","EN-fetal-late",-0.652730784776603,"LateFetal"
"AACCTTGCACACCAAC-1","male","EN-fetal-late",-0.143383380755028,"LateFetal"
"AACCTTGCACGAACAG-1","male","IN-fetal",-0.205443207903834,"LateFetal"
"AACCTTGCACTGACCG-1","male","EN-fetal-late",-0.635272148497782,"LateFetal"
"AACCTTGCATTCCTGT-1","male","EN-fetal-late",1.34355880464838,"LateFetal"
"AACGACAAGCACGTTG-1","male","EN-fetal-late",0.18945801618392,"LateFetal"
"AACGACAAGCTATTGA-1","male","EN-fetal-late",0.66227169437627,"LateFetal"
"AACGACAAGCTCCTTA-1","male","EN-fetal-late",-0.687067480232851,"LateFetal"
"AACGCCCAGCCTGATG-1","male","IN-fetal",0.451203623768038,"LateFetal"
"AACGCCCAGTGCACGC-1","male","EN-fetal-late",0.360911342266885,"LateFetal"
"AACGCTAGTGATCAGC-1","male","IN-fetal",-0.0591790079207627,"LateFetal"
"AACGCTAGTGGTTAGC-1","male","EN-fetal-late",-0.462283666877464,"LateFetal"
"AACGGTAAGAAGGTGC-1","male","EN-fetal-late",-0.260000778652112,"LateFetal"
"AACGGTAAGAGAAGGG-1","male","EN-fetal-late",0.494631379204948,"LateFetal"
"AACGGTAAGAGGAGTC-1","male","EN-fetal-late",-0.223528855489441,"LateFetal"
"AACGGTAAGCCACATG-1","male","EN-fetal-late",0.50209672145927,"LateFetal"
"AACTAGTGTGACCTGG-1","male","EN-fetal-late",0.325124376913424,"LateFetal"
"AACTCACAGCGAAGTA-1","male","EN-fetal-late",-0.0776513457495129,"LateFetal"
"AACTCACAGTTGGCCA-1","male","RG",0.0806937933510022,"LateFetal"
"AACTGTTCATCACTTC-1","male","RG",0.843841300918695,"LateFetal"
"AACTTAGTCGCTCACT-1","male","EN-fetal-late",0.381186172706734,"LateFetal"
"AAGAATCAGACTAAGG-1","male","EN-fetal-late",0.259922526232702,"LateFetal"
"AAGAATCAGCATCCAG-1","male","EN-fetal-late",-0.147198254601413,"LateFetal"
"AAGAATCAGGCTTAAC-1","male","IN-fetal",-0.0680179810656717,"LateFetal"
"AAGAATCAGTGACCTG-1","male","EN-fetal-late",-0.0392806260689881,"LateFetal"
"AAGACATAGCGCTCAA-1","male","EN-fetal-late",0.513388424409823,"LateFetal"
"AAGACCAAGCTGTACG-1","male","EN-fetal-late",-0.0647079675954413,"LateFetal"
"AAGCAAGTCCTGGTGA-1","male","EN-fetal-late",-0.124165676415929,"LateFetal"
"AAGCATGAGCTCGCTT-1","male","EN-fetal-late",-0.180142352202698,"LateFetal"
"AAGCCACGTGCTTAGA-1","male","EN-fetal-late",-0.714289788638524,"LateFetal"
"AAGCCACGTGGAGCAA-1","male","EN-fetal-late",0.166694249201029,"LateFetal"
"AAGCCTCCAAACTCAT-1","male","EN-fetal-late",0.580380951259777,"LateFetal"
"AAGCCTCCAGCATTAT-1","male","EN-fetal-late",0.354727583463284,"LateFetal"
"AAGCCTCCAGGAACAT-1","male","EN-fetal-late",0.947571274289749,"LateFetal"
"AAGCCTCCATAGCGAG-1","male","EN-fetal-late",-0.834079065539278,"LateFetal"
"AAGCCTGTCACCTGTC-1","male","EN-fetal-late",-0.692869529409006,"LateFetal"
"AAGCCTTAGGTGCGGA-1","male","EN-fetal-late",0.00716956907383431,"LateFetal"
"AAGCGAATCGCTCACT-1","male","EN-fetal-late",-0.280276762672792,"LateFetal"
"AAGCGAATCGTGCTTC-1","male","EN-fetal-late",-0.702330025619274,"LateFetal"
"AAGCGAATCTCCTCTT-1","male","EN-fetal-late",0.240600109254679,"LateFetal"
"AAGCGAGGTCCTAGTT-1","male","EN-fetal-late",-0.753043806627101,"LateFetal"
"AAGCGCTGTAACGGGA-1","male","EN-fetal-late",0.537084215336019,"LateFetal"
"AAGCGCTGTGAATCGC-1","male","EN-fetal-late",-0.0338988845824868,"LateFetal"
"AAGCGGGTCATTATGG-1","male","EN-fetal-late",-1.02004628755848,"LateFetal"
"AAGCGGGTCGGTTACG-1","male","EN-fetal-late",-0.285424985510015,"LateFetal"
"AAGCGTTTCAATCATG-1","male","IN-fetal",-0.243947359747844,"LateFetal"
"AAGCGTTTCCGCCTAT-1","male","IN-fetal",0.244860177366124,"LateFetal"
"AAGCGTTTCCGTCCAT-1","male","EN-fetal-late",0.384143593443909,"LateFetal"
"AAGCGTTTCTTTGACT-1","male","EN-fetal-late",0.60255004755373,"LateFetal"
"AAGCTAGAGCATCCAG-1","male","EN-fetal-late",-0.669459368104308,"LateFetal"
"AAGCTAGAGCTTTGTT-1","male","IN-fetal",-0.480677638934136,"LateFetal"
"AAGCTAGAGGAACACA-1","male","EN-fetal-late",0.140795597271384,"LateFetal"
"AAGCTAGAGTCAATCA-1","male","EN-fetal-late",-0.957455066359446,"LateFetal"
"AAGCTATGTGTGAGAG-1","male","EN-fetal-late",-0.720268405908683,"LateFetal"
"AAGCTCCCAGGCTACT-1","male","EN-fetal-late",-0.246593971556036,"LateFetal"
"AAGCTTGGTAGTAAGA-1","male","EN-fetal-late",0.0192044911435557,"LateFetal"
"AAGGAAGCACGGTTTA-1","male","IN-fetal",-0.931147891811467,"LateFetal"
"AAGGAAGCAGCTAACC-1","male","IN-fetal",0.66012846223018,"LateFetal"
"AAGGAAGCATAAAGCA-1","male","EN-fetal-late",-0.268443709297703,"LateFetal"
"AAGGAAGCATGTCAAT-1","male","EN-fetal-late",-0.984655365340104,"LateFetal"
"AAGGATCCACTTCACT-1","male","EN-fetal-late",0.345711713656527,"LateFetal"
"AAGGATCCATGTGGGA-1","male","EN-fetal-late",-0.474857713347581,"LateFetal"
"AAGGATTAGGGACCTC-1","male","EN-fetal-late",-0.532102293751563,"LateFetal"
"AAGGCCCTCAAACCTA-1","male","EN-fetal-late",0.344252738040626,"LateFetal"
"AAGGCCCTCTGTTGCC-1","male","EN-fetal-late",0.431319170952348,"LateFetal"
"AAGGTATAGGCGTAAA-1","male","IN-fetal",0.319713648841187,"LateFetal"
"AAGGTATAGTCGCAAT-1","male","EN-fetal-late",-0.204915594430863,"LateFetal"
"AAGGTCAAGCGCAATT-1","male","EN-fetal-late",-0.553247446137915,"LateFetal"
"AAGTAGCCAGGGAGCT-1","male","EN-fetal-late",-0.527116966203952,"LateFetal"
"AAGTAGCCATATAACC-1","male","IN-fetal",0.391189853725319,"LateFetal"
"AAGTCTATCATTACGA-1","male","EN-fetal-late",-0.0691137005379238,"LateFetal"
"AAGTGAAGTTTCGCCA-1","male","EN-fetal-late",0.13387494059861,"LateFetal"
"AAGTGCAAGGGTTATC-1","male","EN-fetal-late",0.22871357867913,"LateFetal"
"AAGTTACGTTTGTCTA-1","male","OPC",0.40822085234289,"LateFetal"
"AAGTTAGCAAATACCT-1","male","EN-fetal-late",2.26335962855945,"LateFetal"
"AAGTTAGCACAGGAAT-1","male","EN-fetal-late",-0.0394205469048632,"LateFetal"
"AATAACCGTAGCTAAT-1","male","EN-fetal-late",-0.154126224363586,"LateFetal"
"AATAACCGTCCAAATG-1","male","EN-fetal-late",-0.0867099564834504,"LateFetal"
"AATAACCGTCCAAGAC-1","male","EN-fetal-late",0.014382112167935,"LateFetal"
"AATAACCGTGTTTCAC-1","male","EN-fetal-late",-0.413631495150234,"LateFetal"
"AATAACCGTTCACCCA-1","male","EN-fetal-late",0.645383184761843,"LateFetal"
"AATACCGGTGGATTCA-1","male","RG",0.644166164796633,"LateFetal"
"AATACCGGTTAAGGCC-1","male","EN-fetal-late",0.826826470731196,"LateFetal"
"AATAGAGGTACCGTAA-1","male","IN-fetal",0.0817938499820952,"LateFetal"
"AATAGAGGTGCTCCAC-1","male","EN-fetal-late",0.414569302927801,"LateFetal"
"AATAGCTGTCACGAAC-1","male","EN-fetal-late",-0.682904913467923,"LateFetal"
"AATAGCTGTCATTAGG-1","male","EN-fetal-late",0.159066999489165,"LateFetal"
"AATAGCTGTTAGGCGT-1","male","EN-fetal-late",0.313132324145214,"LateFetal"
"AATATCCCAATCCTGA-1","male","IN-fetal",1.80543557004964,"LateFetal"
"AATATCCCAGTAAGTA-1","male","EN-fetal-late",-0.801593748873392,"LateFetal"
"AATCAGGAGTAAGTGG-1","male","EN-fetal-late",-0.122390746122065,"LateFetal"
"AATCATCCAACCTGGT-1","male","EN-fetal-late",-0.261318182491123,"LateFetal"
"AATCATCCAATATAGG-1","male","EN-fetal-late",-0.0916963577196956,"LateFetal"
"AATCATCCAGGTTAAA-1","male","EN-fetal-late",-1.5301724135629,"LateFetal"
"AATCATGTCAATTGGC-1","male","EN-fetal-late",0.529950044038688,"LateFetal"
"AATCATGTCACGAATC-1","male","EN-fetal-late",-0.174179802285831,"LateFetal"
"AATCCATCACAATGCC-1","male","EN-fetal-late",0.214769473579668,"LateFetal"
"AATCCATCACAGAAAC-1","male","IN-fetal",0.287579929314536,"LateFetal"
"AATCCATCAGGATGGC-1","male","EN-fetal-late",0.297198643453026,"LateFetal"
"AATCCATCATGACTAT-1","male","EN-fetal-late",-0.315465815134583,"LateFetal"
"AATCCCTGTGCTTTAC-1","male","EN-fetal-late",0.429169321053504,"LateFetal"
"AATCGCCCAAAGCGCA-1","male","EN-fetal-late",-0.726078015870968,"LateFetal"
"AATCGCCCATGAAATG-1","male","EN-fetal-late",0.341728523873579,"LateFetal"
"AATCTCAAGCTCCTTA-1","male","EN-fetal-late",0.399808929883418,"LateFetal"
"AATCTCAAGGACAATG-1","male","IN-CGE",0.455676983688832,"LateFetal"
"AATCTTGAGCACAGCC-1","male","EN-fetal-late",-0.890495419711859,"LateFetal"
"AATGAAGGTATCTGGA-1","male","EN-fetal-late",0.486450174843999,"LateFetal"
"AATGCAACAGGTTCAC-1","male","EN-fetal-late",0.434850374736212,"LateFetal"
"AATGCAACATAATGAG-1","male","EN-fetal-late",0.273689758880482,"LateFetal"
"AATGCATGTTTCCGGC-1","male","IN-fetal",-0.753228186508363,"LateFetal"
"AATGGCGCAATCGCAC-1","male","EN-fetal-late",-0.22150546145504,"LateFetal"
"AATGGCGCATTATGCG-1","male","IN-fetal",0.0431539164727851,"LateFetal"
"AATGTCCAGCTAAAGG-1","male","EN-fetal-late",-0.37490700818315,"LateFetal"
"AATGTCCAGTTAGGCT-1","male","EN-fetal-late",-0.220559934941538,"LateFetal"
"AATTAGGCAGGGAGGA-1","male","EN-fetal-late",0.783866001300848,"LateFetal"
"AATTAGGCAGTTATGT-1","male","EN-fetal-late",0.273472165682323,"LateFetal"
"AATTCGTCACACAATT-1","male","EN-fetal-late",-0.308804570146356,"LateFetal"
"AATTCGTCATGCTATG-1","male","IN-fetal",0.176895609027031,"LateFetal"
"AATTGACGTCTATCGT-1","male","EN-fetal-late",-0.217066627050541,"LateFetal"
"AATTGCCAGGCTAGAA-1","male","EN-fetal-late",-0.445414943276435,"LateFetal"
"AATTGCTCATGAAATG-1","male","EN-fetal-late",0.304301991520456,"LateFetal"
"AATTGGACAACTAGAA-1","male","VSMC",0.458067658261163,"LateFetal"
"AATTGGACAATGCCCG-1","male","EN-fetal-late",1.36922488959008,"LateFetal"
"AATTGGACAGCACGTT-1","male","EN-fetal-late",0.202340608330641,"LateFetal"
"AATTGGACAGGAATCG-1","male","IN-fetal",0.0981915569140511,"LateFetal"
"AATTGGGAGGTTTGCG-1","male","EN-fetal-late",0.168356111516763,"LateFetal"
"AATTGTGTCGGCCAGT-1","male","EN-fetal-late",0.357862391958082,"LateFetal"
"AATTTCCTCAATGTCA-1","male","EN-fetal-late",0.121301336618309,"LateFetal"
"AATTTCCTCCCAGTAG-1","male","EN-fetal-late",-0.0260267602189171,"LateFetal"
"AATTTCCTCCTAACGG-1","male","EN-fetal-late",-0.909037588865585,"LateFetal"
"AATTTCCTCCTAATGA-1","male","EN-fetal-late",-0.140645358786309,"LateFetal"
"AATTTGCCACAGGGAC-1","male","EN-fetal-late",0.911551728923902,"LateFetal"
"AATTTGCCACGCAACT-1","male","EN-fetal-late",0.135053026026838,"LateFetal"
"AATTTGCCAGCACGTT-1","male","EN-fetal-late",0.0294858499747471,"LateFetal"
"AATTTGGTCCTCATGC-1","male","EN-fetal-late",-0.0109307594486028,"LateFetal"
"AATTTGGTCGTTTCGC-1","male","EN-fetal-late",0.355309804834043,"LateFetal"
"AATTTGGTCTATCGCC-1","male","EN-fetal-late",-0.0614435453899675,"LateFetal"
"ACAAACTGTACCGTAA-1","male","EN-fetal-late",-0.411310583985095,"LateFetal"
"ACAAACTGTAGCCTCC-1","male","EN-fetal-late",-0.666092897747593,"LateFetal"
"ACAAACTGTAGTTAAC-1","male","EN-fetal-late",0.60748670893195,"LateFetal"
"ACAAAGGTCCTGGCTT-1","male","EN-fetal-late",0.565342110863129,"LateFetal"
"ACAACAACATTGACAT-1","male","EN-fetal-late",-0.726034264190279,"LateFetal"
"ACAACAGAGGTAACGA-1","male","EN-fetal-late",0.435208466998529,"LateFetal"
"ACAACAGAGTCATCCC-1","male","EN-fetal-late",-0.728888033749988,"LateFetal"
"ACAACAGAGTTGCGTG-1","male","IN-fetal",0.446788307515357,"LateFetal"
"ACAACATGTATTGCAG-1","male","EN-fetal-late",-0.415993573408784,"LateFetal"
"ACAACATGTCATGAGC-1","male","RG",0.404342342005385,"LateFetal"
"ACAACATGTCATTAGG-1","male","EN-fetal-late",-0.592938059013609,"LateFetal"
"ACACAATGTCAGTAAT-1","male","EN-fetal-late",0.497654192126738,"LateFetal"
"ACACCTTGTATACTGG-1","male","EN-fetal-late",-0.210412567141506,"LateFetal"
"ACACCTTGTTGGTTAG-1","male","EN-fetal-late",-0.602578813997597,"LateFetal"
"ACACGGACAAGCGAGC-1","male","EN-fetal-late",0.455369789491598,"LateFetal"
"ACACGGACAGCTAACC-1","male","EN-fetal-late",-1.01017795628956,"LateFetal"
"ACACGGACATGAATAG-1","male","EN-fetal-late",-0.667522009513416,"LateFetal"
"ACACGGACATTTAAGC-1","male","EN-fetal-late",-0.494020932302518,"LateFetal"
"ACACTAATCATAGACC-1","male","EN-fetal-late",0.453675706367481,"LateFetal"
"ACACTAATCGAGGAAC-1","male","EN-fetal-late",0.241456733159973,"LateFetal"
"ACACTAGGTGCTCCAC-1","male","EN-fetal-late",-0.206513328665919,"LateFetal"
"ACACTAGGTGGTTAGC-1","male","EN-fetal-late",0.112511249037908,"LateFetal"
"ACACTTAAGTAAACCC-1","male","IN-fetal",0.327336146199218,"LateFetal"
"ACACTTAAGTTCCTCA-1","male","EN-fetal-late",-0.399954781673451,"LateFetal"
"ACACTTGCAGAGAGCC-1","male","EN-fetal-late",-0.569096104094461,"LateFetal"
"ACACTTGCAGGCTTGT-1","male","EN-fetal-late",-1.2903308154322,"LateFetal"
"ACACTTGCAGTCTAGC-1","male","EN-fetal-late",-1.02531181034949,"LateFetal"
"ACAGCCGGTTGGGTTA-1","male","VSMC",0.494791978780425,"LateFetal"
"ACAGCGCTCTCCATAT-1","male","EN-fetal-late",0.840399401127491,"LateFetal"
"ACAGGAATCTATGACA-1","male","EN-fetal-late",-0.679101700965038,"LateFetal"
"ACAGGATCAAGGGTTG-1","male","EN-fetal-late",0.585293403087518,"LateFetal"
"ACAGGATCAGTTTACG-1","male","EN-fetal-late",0.564278275911675,"LateFetal"
"ACAGGCTGTGCATTAG-1","male","IN-fetal",0.161152122830545,"LateFetal"
"ACAGGTAAGCAGCTAT-1","male","EN-fetal-late",-0.202109465216817,"LateFetal"
"ACAGTATGTCACAGCG-1","male","EN-fetal-late",0.0296269206230206,"LateFetal"
"ACAGTATGTTAGACCA-1","male","EN-fetal-late",0.949756724011624,"LateFetal"
"ACATAGCTCAAGCTAC-1","male","IN-fetal",-0.619199851392668,"LateFetal"
"ACATAGCTCCTCACTA-1","male","EN-fetal-late",-0.226944947787913,"LateFetal"
"ACATAGCTCGGTTACG-1","male","EN-fetal-late",0.973457181258239,"LateFetal"
"ACATAGCTCTAGCTTT-1","male","IN-fetal",-0.152780408769938,"LateFetal"
"ACATCAATCACGCATG-1","male","EN-fetal-late",-0.859328873510068,"LateFetal"
"ACATCAATCCCGCAAA-1","male","IN-fetal",-0.210976493906906,"LateFetal"
"ACATCAATCGCTTCTA-1","male","EN-fetal-late",0.171176836532878,"LateFetal"
"ACATCAATCTCGCCTG-1","male","EN-fetal-late",-1.05316087899637,"LateFetal"
"ACATCAATCTTGTTCG-1","male","EN-fetal-late",0.192746444894639,"LateFetal"
"ACATTAGTCATGACCG-1","male","EN-fetal-late",-0.232057075818813,"LateFetal"
"ACATTAGTCTGTGCAG-1","male","EN-fetal-late",0.104940624724967,"LateFetal"
"ACATTGCAGTTAGCTA-1","male","EN-fetal-late",0.849915491217772,"LateFetal"
"ACCAAACTCCTGGCTT-1","male","EN-fetal-late",0.0120797779078836,"LateFetal"
"ACCAAACTCTTGACCC-1","male","EN-fetal-late",0.0464412167200402,"LateFetal"
"ACCAAGCGTGCATCGG-1","male","EN-fetal-late",-1.11409143227055,"LateFetal"
"ACCAAGTTCATCCTGC-1","male","EN-fetal-late",-0.691319737938998,"LateFetal"
"ACCACACCAGGCTTCG-1","male","EN-fetal-late",0.281557698519554,"LateFetal"
"ACCACATAGCCGCTAA-1","male","EN-fetal-late",-0.343503852969878,"LateFetal"
"ACCAGCTCAACACTTG-1","male","EN-fetal-late",1.03173143048652,"LateFetal"
"ACCAGCTCAGGACCTT-1","male","EN-fetal-late",0.309570394760676,"LateFetal"
"ACCAGGGAGAAAGGAA-1","male","EN-fetal-late",0.320701939680097,"LateFetal"
"ACCAGGGAGGCATTAC-1","male","EN-fetal-late",0.956858389206592,"LateFetal"
"ACCAGGGAGTGAGGGT-1","male","EN-fetal-late",0.242426588221905,"LateFetal"
"ACCAGGGAGTTTGTCT-1","male","EN-fetal-late",0.0336207765929768,"LateFetal"
"ACCATAATCCAGGGAG-1","male","EN-fetal-late",0.29856845524844,"LateFetal"
"ACCATAATCGGTCAGC-1","male","EN-fetal-late",-0.0438664709266477,"LateFetal"
"ACCATTAAGGACTAAG-1","male","IN-fetal",0.00510246420997913,"LateFetal"
"ACCCAACCACAGCCAT-1","male","EN-fetal-late",-0.524938231580219,"LateFetal"
"ACCCGCTGTTTCGCGC-1","male","EN-fetal-late",-1.2930890887248,"LateFetal"
"ACCCGGTAGAGCAAGC-1","male","RG",1.73384067222837,"LateFetal"
"ACCCGTAAGCACAGGG-1","male","EN-fetal-late",0.420862366564185,"LateFetal"
"ACCCGTAAGTTTGTCT-1","male","EN-fetal-late",-0.111416732724587,"LateFetal"
"ACCCTCCCAATCTCTC-1","male","EN-fetal-late",0.736964356801116,"LateFetal"
"ACCCTCCCAATTTAGC-1","male","EN-fetal-late",-0.6362707121271,"LateFetal"
"ACCCTCCCAGTTTACG-1","male","IN-fetal",1.17887891578368,"LateFetal"
"ACCGAAGCACCTATAG-1","male","EN-fetal-late",-0.577321699146885,"LateFetal"
"ACCGAAGCAGGCTAGA-1","male","EN-fetal-late",0.320111967962885,"LateFetal"
"ACCGCAATCATAACTG-1","male","EN-fetal-late",0.093272127249256,"LateFetal"
"ACCGGCTAGCGATACT-1","male","EN-fetal-late",0.589233301338525,"LateFetal"
"ACCGGCTAGGACCAGG-1","male","IN-fetal",0.527335972876636,"LateFetal"
"ACCTAAATCCCTGGAA-1","male","EN-fetal-late",-0.598218409444753,"LateFetal"
"ACCTAAATCCTGGCTT-1","male","EN-fetal-late",0.271729580399269,"LateFetal"
"ACCTAAGGTAGCTGGT-1","male","EN-fetal-late",-0.773775720393577,"LateFetal"
"ACCTAAGGTTTGCGAA-1","male","EN-fetal-late",0.861859173668206,"LateFetal"
"ACCTACCTCGGGCCAT-1","male","EN-fetal-late",-0.612247274372253,"LateFetal"
"ACCTCACTCAAACACC-1","male","EN-fetal-late",-1.29144421756022,"LateFetal"
"ACCTGGTCAAGGTCCT-1","male","EN-fetal-late",1.53745852657594,"LateFetal"
"ACCTGGTCAGTAGGAT-1","male","EN-fetal-late",0.112031671341364,"LateFetal"
"ACCTGTTGTCGACTAA-1","male","EN-fetal-late",0.191285006455125,"LateFetal"
"ACCTGTTGTTGCCTCA-1","male","IN-fetal",0.213706610573496,"LateFetal"
"ACCTTCCAGCACGATT-1","male","EN-fetal-late",0.187340037753546,"LateFetal"
"ACCTTCCAGCGGATAA-1","male","EN-fetal-late",-0.105496853430223,"LateFetal"
"ACCTTCCAGCTAGAAG-1","male","EN-fetal-late",-0.321501807948257,"LateFetal"
"ACCTTCCAGTTAGTTG-1","male","EN-fetal-late",0.614251028071643,"LateFetal"
"ACCTTGCTCAGCCAAT-1","male","EN-fetal-late",-0.243119381949097,"LateFetal"
"ACCTTGTGTAGGTTTG-1","male","EN-fetal-late",0.147541703391593,"LateFetal"
"ACGAAGTCAAGCTTAT-1","male","EN-fetal-late",-0.490842327582989,"LateFetal"
"ACGAAGTCAATTTGGT-1","male","EN-fetal-late",0.223512481920518,"LateFetal"
"ACGAAGTCAGAGGGAG-1","male","EN-fetal-late",-0.471255389051684,"LateFetal"
"ACGAATCTCCTCAGTC-1","male","EN-fetal-late",-0.50057327252269,"LateFetal"
"ACGAATCTCGCAAACT-1","male","EN-fetal-late",0.442758061528797,"LateFetal"
"ACGAGTAAGTACTGGT-1","male","VSMC",-0.212535813405489,"LateFetal"
"ACGAGTAAGTTTCCTG-1","male","EN-fetal-late",0.397589097004767,"LateFetal"
"ACGCAAGCAAGGTGCA-1","male","EN-fetal-late",0.338411235503811,"LateFetal"
"ACGCACGGTACGGTAC-1","male","EN-fetal-late",-1.8751846417893,"LateFetal"
"ACGCACGGTGATGATT-1","male","EN-fetal-late",0.936774800874578,"LateFetal"
"ACGCACGGTGCGCAAT-1","male","EN-fetal-late",0.376401348526534,"LateFetal"
"ACGCCACAGGATTGAG-1","male","EN-fetal-late",0.444906107968933,"LateFetal"
"ACGCCTAAGCTACTGG-1","male","EN-fetal-late",-1.12341382822999,"LateFetal"
"ACGCCTAAGTTTGAGC-1","male","OPC",-0.121723448803632,"LateFetal"
"ACGCCTTTCGCCTAAG-1","male","EN-fetal-late",0.341156757122075,"LateFetal"
"ACGCTTGAGTTAACCA-1","male","EN-fetal-late",0.769250015553643,"LateFetal"
"ACGGGAAGTCCTTTAA-1","male","EN-fetal-late",0.237259197108007,"LateFetal"
"ACGGTTAGTCGCAATA-1","male","EN-fetal-late",0.279626638387325,"LateFetal"
"ACGGTTAGTGGTTATG-1","male","EN-fetal-late",-0.579729297359421,"LateFetal"
"ACGGTTTAGATAGACG-1","male","IN-fetal",0.572789886872802,"LateFetal"
"ACGGTTTAGGCTGGCT-1","male","EN-fetal-late",-0.193994914166945,"LateFetal"
"ACGTCAAGTACAATGT-1","male","EN-fetal-late",-0.683558379382235,"LateFetal"
"ACGTCAAGTCTTTATG-1","male","EN-fetal-late",-0.713002873291056,"LateFetal"
"ACGTCAAGTTTCCGGC-1","male","EN-fetal-late",-0.131859983633817,"LateFetal"
"ACGTCCAAGAGGCTAA-1","male","EN-fetal-late",0.0759277424396116,"LateFetal"
"ACGTCCAAGCCGCAGT-1","male","EN-fetal-late",-0.865477149832983,"LateFetal"
"ACGTCCTTCTCCTCTT-1","male","EN-fetal-late",0.282203710678655,"LateFetal"
"ACGTTACAGCGATAAG-1","male","IN-fetal",0.251695496941805,"LateFetal"
"ACGTTGTAGGAGCAAC-1","male","EN-fetal-late",-0.530319718257105,"LateFetal"
"ACGTTGTAGTAACGGA-1","male","EN-fetal-late",-0.150050109947726,"LateFetal"
"ACTAAAGCAGGTATTT-1","male","IN-fetal",-0.139187078009286,"LateFetal"
"ACTAAAGCATAATGTC-1","male","IN-fetal",-0.589822800487521,"LateFetal"
"ACTAACCAGGGCCACT-1","male","EN-fetal-late",0.435550881074478,"LateFetal"
"ACTAACGGTTGAATCG-1","male","EN-fetal-late",-0.0233994247149678,"LateFetal"
"ACTAACGGTTGCACGG-1","male","IN-fetal",1.09810284605885,"LateFetal"
"ACTAACTCATAAGTCT-1","male","IN-fetal",0.879376574320643,"LateFetal"
"ACTAACTCATCAGCAC-1","male","IN-fetal",1.11646835857739,"LateFetal"
"ACTAATCCATGGCCCA-1","male","EN-fetal-late",0.300826402731446,"LateFetal"
"ACTAATCCATGGCCTG-1","male","EN-fetal-late",-0.654336310927407,"LateFetal"
"ACTAGGCGTAAGGTCC-1","male","IN-fetal",1.11338829405864,"LateFetal"
"ACTAGGCGTGTGCACG-1","male","EN-fetal-late",0.186943906900691,"LateFetal"
"ACTAGGCGTTTGGGTA-1","male","EN-fetal-late",-1.03561356760557,"LateFetal"
"ACTATGTCATTGACAT-1","male","EN-fetal-late",-0.843888101590603,"LateFetal"
"ACTCACCTCACCTGCT-1","male","EN-fetal-late",0.78553613119859,"LateFetal"
"ACTCACCTCGATATTG-1","male","EN-fetal-late",1.05323107125273,"LateFetal"
"ACTCACCTCGCGCTAA-1","male","EN-fetal-late",-0.210686050669774,"LateFetal"
"ACTCACTGTACTTAGG-1","male","EN-fetal-late",0.23000804320473,"LateFetal"
"ACTCACTGTCCGTGAG-1","male","EN-fetal-late",-1.05505500538629,"LateFetal"
"ACTCAGTAGAAACTGG-1","male","EN-fetal-late",0.0752884376526126,"LateFetal"
"ACTCAGTAGTCCTTCA-1","male","EN-fetal-late",-0.28533912745988,"LateFetal"
"ACTCCTCAGGCAACAA-1","male","EN-fetal-late",-0.760244961443318,"LateFetal"
"ACTCGCTTCACTAAGC-1","male","EN-fetal-late",-0.855160388083302,"LateFetal"
"ACTCGCTTCCCTCATA-1","male","IN-fetal",-0.00272568583443197,"LateFetal"
"ACTGAAACAGCAAATA-1","male","EN-fetal-late",0.330011353587201,"LateFetal"
"ACTGAATGTAAACAAG-1","male","EN-fetal-late",-0.599575120822233,"LateFetal"
"ACTTACTTCATAACGC-1","male","EN-fetal-late",-0.59134680389447,"LateFetal"
"ACTTACTTCATAAGCC-1","male","EN-fetal-late",-0.0314670389701864,"LateFetal"
"ACTTACTTCGGTCAAT-1","male","EN-fetal-late",0.00488591107372496,"LateFetal"
"ACTTACTTCTCACACC-1","male","EN-fetal-late",0.124520990231833,"LateFetal"
"ACTTACTTCTCCATAT-1","male","EN-fetal-late",-0.105968962706628,"LateFetal"
"ACTTAGGGTTTAAAGC-1","male","EN-fetal-late",0.327965551082377,"LateFetal"
"ACTTATCTCGTTATAG-1","male","EN-fetal-late",0.692315662982973,"LateFetal"
"ACTTATGAGCTCCCTG-1","male","EN-fetal-late",-0.804453308384623,"LateFetal"
"ACTTCGCTCCCATAGG-1","male","EN-fetal-late",-0.255535276943255,"LateFetal"
"ACTTCGCTCCTCACAC-1","male","EN-fetal-late",-0.938140221845278,"LateFetal"
"ACTTCGCTCTAGCTTT-1","male","EN-fetal-late",0.422823623089162,"LateFetal"
"ACTTGAATCAATGAGG-1","male","EN-fetal-late",0.0888263989187557,"LateFetal"
"ACTTGAATCTGGTCCT-1","male","EN-fetal-late",0.240762838732011,"LateFetal"
"ACTTGTAAGATAACCC-1","male","EN-fetal-late",-0.212396610085434,"LateFetal"
"ACTTGTAAGTCACCAG-1","male","EN-fetal-late",-0.363425883775778,"LateFetal"
"ACTTGTCGTCAAAGAA-1","male","EN-fetal-late",-1.31940093503114,"LateFetal"
"ACTTTGTTCAGGAACA-1","male","EN-fetal-late",-0.229480282502362,"LateFetal"
"ACTTTGTTCGCATTAA-1","male","EN-fetal-late",0.29631025995128,"LateFetal"
"ACTTTGTTCTATCGCC-1","male","IN-fetal",0.721468018157241,"LateFetal"
"AGAAACCCAACGTGCT-1","male","EN-fetal-late",-0.39658992419567,"LateFetal"
"AGAAACTAGTAAGAAC-1","male","IN-fetal",0.961830387214013,"LateFetal"
"AGAAAGGCAAGCTAAA-1","male","EN-fetal-late",-0.690087249939924,"LateFetal"
"AGAAAGGCAGAGGGAG-1","male","IN-fetal",0.0596865117716534,"LateFetal"
"AGAACAAGTCCGTAGG-1","male","EN-fetal-late",0.509557209825493,"LateFetal"
"AGAACAAGTGGATTGC-1","male","EN-fetal-late",0.0956369705475251,"LateFetal"
"AGAACAAGTTAATGCG-1","male","EN-fetal-late",0.23787875558758,"LateFetal"
"AGAACCGCAAATATCC-1","male","EN-fetal-late",-0.144721587719648,"LateFetal"
"AGAACCGCAACTAGCC-1","male","IN-fetal",-0.220657239559989,"LateFetal"
"AGAACCGCAAGCTTAT-1","male","EN-fetal-late",0.568670642878081,"LateFetal"
"AGAATCGAGTACCGCA-1","male","IN-fetal",0.282101067055148,"LateFetal"
"AGAATCTGTACCGTAA-1","male","EN-fetal-late",-0.221376865305282,"LateFetal"
"AGAATCTGTGCATCGG-1","male","EN-fetal-late",0.907182789196509,"LateFetal"
"AGACAATAGTCATGCG-1","male","EN-fetal-late",-1.01703956825707,"LateFetal"
"AGACACGCAATCGCAC-1","male","EN-fetal-late",-0.161726964322759,"LateFetal"
"AGAGAAGCAATGCCTA-1","male","EN-fetal-late",0.696039982262669,"LateFetal"
"AGAGAAGCACGTGCTG-1","male","EN-fetal-late",0.0098617324116109,"LateFetal"
"AGAGAAGCAGTTATCG-1","male","EN-fetal-late",0.13923969828093,"LateFetal"
"AGAGAAGCATGCTATG-1","male","EN-fetal-late",-0.356395692960561,"LateFetal"
"AGAGAAGCATGCTCCC-1","male","EN-fetal-late",-1.3613567408574,"LateFetal"
"AGAGAGGAGCGATACT-1","male","EN-fetal-late",-1.20043090248557,"LateFetal"
"AGAGAGGAGCTTAACA-1","male","EN-fetal-late",-0.144312995089294,"LateFetal"
"AGAGATTAGCGGGCAA-1","male","EN-fetal-late",1.07197078857006,"LateFetal"
"AGAGGAACATAGCGGA-1","male","EN-fetal-late",0.490989718005814,"LateFetal"
"AGAGGATGTATTTGGG-1","male","EN-fetal-late",0.640683823146111,"LateFetal"
"AGATGCTTCGATTTGA-1","male","EN-fetal-late",-0.432985189226812,"LateFetal"
"AGCAAATAGACTCGCA-1","male","IN-fetal",0.580391717718418,"LateFetal"
"AGCAAATAGCCACATG-1","male","IN-fetal",-0.234937236707416,"LateFetal"
"AGCAAATAGCTTTGGG-1","male","EN-fetal-late",0.458780976740186,"LateFetal"
"AGCAACAAGCGGTTAT-1","male","EN-fetal-late",-0.797458869665196,"LateFetal"
"AGCAACAAGGACTAAG-1","male","EN-fetal-late",-0.267221217362109,"LateFetal"
"AGCAACAAGTTGGGCC-1","male","EN-fetal-late",-0.55127183985726,"LateFetal"
"AGCAAGGGTGCTAGCG-1","male","EN-fetal-late",0.308151126801292,"LateFetal"
"AGCAAGGGTGTTAAAC-1","male","EN-fetal-late",0.0826508437319102,"LateFetal"
"AGCAATACACCAGGTT-1","male","EN-fetal-late",0.162356250974318,"LateFetal"
"AGCAATACATACCCGG-1","male","EN-fetal-late",0.599362229936508,"LateFetal"
"AGCAATTGTCTTGCTG-1","male","EN-fetal-late",0.249948628230986,"LateFetal"
"AGCACAGCAAGCGATG-1","male","OPC",0.961548828089055,"LateFetal"
"AGCACAGCAAGGTCCT-1","male","EN-fetal-late",-0.801764477506616,"LateFetal"
"AGCACAGCAGAACCGA-1","male","EN-fetal-late",0.253597895644507,"LateFetal"
"AGCACAGCAGTTTACG-1","male","EN-fetal-late",0.207738522657683,"LateFetal"
"AGCACTAGTACCGAAC-1","male","EN-fetal-late",0.518911429514626,"LateFetal"
"AGCACTTAGCGATAGA-1","male","EN-fetal-late",-0.361125447392514,"LateFetal"
"AGCACTTAGTAAACCC-1","male","EN-fetal-late",-0.705600607235131,"LateFetal"
"AGCAGGTAGACTCGCA-1","male","IN-fetal",1.16913764887871,"LateFetal"
"AGCAGGTAGCGCCTAA-1","male","EN-fetal-late",0.880153527905601,"LateFetal"
"AGCAGGTAGGTTAGAG-1","male","EN-fetal-late",0.552226476087758,"LateFetal"
"AGCATCCCAAACTGTT-1","male","IN-fetal",-0.293276010521628,"LateFetal"
"AGCATCCCACCAGGTT-1","male","EN-fetal-late",0.033969985988911,"LateFetal"
"AGCCAGTGTAAGGTCC-1","male","EN-fetal-late",-0.608332327138887,"LateFetal"
"AGCCAGTGTGAGACTC-1","male","EN-fetal-late",-0.103358557329599,"LateFetal"
"AGCCAGTGTGCTGGTG-1","male","EN-fetal-late",-0.464910249474822,"LateFetal"
"AGCCAGTGTTGTTGTC-1","male","EN-fetal-late",0.123861190883934,"LateFetal"
"AGCCGCTAGGTCGATT-1","male","EN-fetal-late",-0.427969710209085,"LateFetal"
"AGCCGGTTCACGAATC-1","male","IN-fetal",0.208213821573128,"LateFetal"
"AGCCTAAGTATTGCAG-1","male","EN-fetal-late",0.615226815210048,"LateFetal"
"AGCCTAAGTCAACAAT-1","male","EN-fetal-late",-0.12986835405936,"LateFetal"
"AGCCTAGTCCAATTAG-1","male","EN-fetal-late",0.159501572816544,"LateFetal"
"AGCCTAGTCCGGTATG-1","male","EN-fetal-late",0.329750630489606,"LateFetal"
"AGCCTAGTCTCGACCT-1","male","EN-fetal-late",-0.542845944541077,"LateFetal"
"AGCCTAGTCTTAAGTG-1","male","EN-fetal-late",0.11242547306465,"LateFetal"
"AGCGATTTCCTAAGTA-1","male","EN-fetal-late",-0.0399426739008621,"LateFetal"
"AGCGATTTCTTAGTGA-1","male","EN-fetal-late",0.397117354400539,"LateFetal"
"AGCGCCTAGCGGTTAT-1","male","EN-fetal-late",0.342745351986122,"LateFetal"
"AGCGCCTAGCTGGCTA-1","male","IN-fetal",-0.292379301601619,"LateFetal"
"AGCGCTCAGCCGCTTT-1","male","EN-fetal-late",0.171423280372592,"LateFetal"
"AGCGCTCAGGGTGGAT-1","male","EN-fetal-late",-0.892616957279799,"LateFetal"
"AGCGGACCACATGCTA-1","male","EN-fetal-late",1.24953309234674,"LateFetal"
"AGCGGATAGTTAGACC-1","male","EN-fetal-late",0.433167566002758,"LateFetal"
"AGCGGATAGTTAGCCG-1","male","EN-fetal-late",-0.62515868193386,"LateFetal"
"AGCGTGCTCAATGACC-1","male","IN-fetal",0.294942448617211,"LateFetal"
"AGCGTGCTCACAGCCA-1","male","EN-fetal-late",-1.21987557654776,"LateFetal"
"AGCGTGCTCCATAAGC-1","male","EN-fetal-late",0.401044300766545,"LateFetal"
"AGCTAAACAAATTCGT-1","male","EN-fetal-late",0.23299888899779,"LateFetal"
"AGCTAAACACGGTACT-1","male","EN-fetal-late",-0.654986916820145,"LateFetal"
"AGCTAAACACTTAACG-1","male","EN-fetal-late",-0.357545687217092,"LateFetal"
"AGCTAACTCCTTGTTG-1","male","EN-fetal-late",0.0478839532605971,"LateFetal"
"AGCTACGTCCGCATGA-1","male","EN-fetal-late",0.841570809973268,"LateFetal"
"AGCTACTAGTGACCTG-1","male","EN-fetal-late",-0.913249544013474,"LateFetal"
"AGCTAGTTCAAACCGT-1","male","EN-fetal-late",-0.364426534176854,"LateFetal"
"AGCTAGTTCTAATCAG-1","male","EN-fetal-late",0.795317857222865,"LateFetal"
"AGCTCATAGAAGGTGC-1","male","EN-fetal-late",0.0335924348799388,"LateFetal"
"AGCTCATAGGTTTGAC-1","male","EN-fetal-late",-0.372101170084656,"LateFetal"
"AGCTGCTCACAGAAAC-1","male","EN-fetal-late",-0.640700753744888,"LateFetal"
"AGCTGCTCAGTTTACG-1","male","IN-fetal",-0.00434974656178821,"LateFetal"
"AGCTGCTCATTCCTCG-1","male","EN-fetal-late",0.457401517754942,"LateFetal"
"AGCTTAATCAAGGACA-1","male","EN-fetal-late",0.341802584354195,"LateFetal"
"AGCTTAATCCCTCACG-1","male","IN-fetal",0.43212895024935,"LateFetal"
"AGCTTCCTCAGTATTG-1","male","EN-fetal-late",-0.0885979476317993,"LateFetal"
"AGCTTGGTCCTAAATG-1","male","IN-fetal",0.471868695358879,"LateFetal"
"AGCTTGGTCGGTTAGT-1","male","EN-fetal-late",0.0603238102110007,"LateFetal"
"AGCTTTAAGAGGAGTC-1","male","EN-fetal-late",0.785266092432245,"LateFetal"
"AGCTTTAAGCGAGTAA-1","male","EN-fetal-late",-0.485695193388916,"LateFetal"
"AGGAACCAGGAATAAC-1","male","IN-fetal",-0.113671164909639,"LateFetal"
"AGGAACCAGGCATGTT-1","male","IN-fetal",-1.16371301784295,"LateFetal"
"AGGACGTAGGTATTGC-1","male","EN-fetal-late",-0.510203553430181,"LateFetal"
"AGGACGTAGGTCCTGA-1","male","EN-fetal-late",0.327181582773712,"LateFetal"
"AGGACTAAGCTGTAAC-1","male","EN-fetal-late",0.250321542689584,"LateFetal"
"AGGATATAGCTATTGA-1","male","EN-fetal-late",-0.226771360076751,"LateFetal"
"AGGATATAGGCCAATT-1","male","Microglia",-0.321082512421436,"LateFetal"
"AGGATCCGTGGACATC-1","male","EN-fetal-late",-0.0793162709539452,"LateFetal"
"AGGATGTCACAAAGAC-1","male","IN-fetal",-0.794242700056306,"LateFetal"
"AGGATGTCACCTACGG-1","male","IN-fetal",0.769700282651954,"LateFetal"
"AGGATTGAGCGATAAG-1","male","IN-MGE",-0.432721989432134,"LateFetal"
"AGGATTGAGGAGTAAT-1","male","EN-fetal-late",-0.100939094699254,"LateFetal"
"AGGCAATCATCCATCT-1","male","EN-fetal-late",-1.1160005623889,"LateFetal"
"AGGCAATCATTAAGTC-1","male","EN-fetal-late",0.404032031457063,"LateFetal"
"AGGCGGATCTTGCATT-1","male","IN-fetal",-0.175688635971587,"LateFetal"
"AGGCTAAAGCTAATCA-1","male","IN-fetal",-0.301396887274031,"LateFetal"
"AGGCTAAAGGTCCGTA-1","male","EN-fetal-late",-0.21756921671007,"LateFetal"
"AGGCTAGCAAACCTTG-1","male","EN-fetal-late",-1.5497305726036,"LateFetal"
"AGGCTAGCAGGACCTT-1","male","IN-fetal",0.292517683825733,"LateFetal"
"AGGGCTACACAGGGAC-1","male","EN-fetal-late",-0.0832973366968749,"LateFetal"
"AGGGTTGCACCATATG-1","male","EN-fetal-late",-0.064344441849724,"LateFetal"
"AGGTACGCAGCTTACA-1","male","EN-fetal-late",-0.194665391080067,"LateFetal"
"AGGTACGCATGCTATG-1","male","EN-fetal-late",-0.318782633737695,"LateFetal"
"AGGTATTGTAATGGAA-1","male","EN-fetal-late",-0.0871457404828863,"LateFetal"
"AGGTATTGTAGGTTAT-1","male","EN-fetal-late",0.693512449223176,"LateFetal"
"AGGTATTGTCATAACG-1","male","EN-fetal-late",-0.274737291036899,"LateFetal"
"AGGTATTGTCATCCTG-1","male","EN-fetal-late",-0.859357314324799,"LateFetal"
"AGGTATTGTCCTTTAA-1","male","EN-fetal-late",-0.116102664417622,"LateFetal"
"AGGTCAAAGGAAACTG-1","male","IN-fetal",2.5750715493787,"LateFetal"
"AGGTCAAAGGAAGCTA-1","male","EN-fetal-late",0.384555985535956,"LateFetal"
"AGGTCAAAGGAGTAAT-1","male","EN-fetal-late",-0.719680846491406,"LateFetal"
"AGGTCAAAGTAGCCAT-1","male","EN-fetal-late",0.343621597373036,"LateFetal"
"AGGTCATTCATTAGGC-1","male","IN-fetal",-0.570488886187905,"LateFetal"
"AGGTCCGGTGTTAAAC-1","male","EN-fetal-late",-0.822297205289869,"LateFetal"
"AGGTCTTAGAGGAGGA-1","male","EN-fetal-late",0.0760478370428136,"LateFetal"
"AGGTCTTAGAGGATAT-1","male","EN-fetal-late",-0.225433845643068,"LateFetal"
"AGGTCTTAGTTAGGCT-1","male","EN-fetal-late",-0.0396166460117728,"LateFetal"
"AGGTCTTAGTTTCCTG-1","male","EN-fetal-late",-0.237702568645848,"LateFetal"
"AGGTGAATCCAGGTTG-1","male","EN-fetal-late",1.18059591127101,"LateFetal"
"AGGTGAATCTCCATGC-1","male","EN-fetal-late",1.4887407147637,"LateFetal"
"AGGTGAGGTGTTAAAC-1","male","EN-fetal-late",0.385472237553772,"LateFetal"
"AGGTGAGGTGTTCCCA-1","male","EN-fetal-late",0.596216974113222,"LateFetal"
"AGGTGAGGTTTACTTG-1","male","Endothelial",0.015696756945703,"LateFetal"
"AGGTTAACATTGTGCA-1","male","EN-fetal-late",-0.691120071445772,"LateFetal"
"AGGTTACTCTGCAACG-1","male","EN-fetal-late",-0.656774328526493,"LateFetal"
"AGGTTAGAGCAAGGTA-1","male","EN-fetal-late",-0.712229949939201,"LateFetal"
"AGGTTAGAGGCTGGCT-1","male","IN-fetal",0.217288138005307,"LateFetal"
"AGGTTAGAGGGACTAA-1","male","EN-fetal-late",-0.174909343758452,"LateFetal"
"AGGTTGCGTAACCACA-1","male","EN-fetal-late",-0.408205683499028,"LateFetal"
"AGGTTGCGTTAGCCAA-1","male","EN-fetal-late",-0.47078662379655,"LateFetal"
"AGGTTGCGTTAGGTTG-1","male","EN-fetal-late",0.0714884976209284,"LateFetal"
"AGGTTGCGTTTATCGC-1","male","EN-fetal-late",-0.593578255988739,"LateFetal"
"AGGTTTATCACTTTAC-1","male","EN-fetal-late",-0.241249617636187,"LateFetal"
"AGGTTTATCATAATCG-1","male","EN-fetal-late",1.0031672798377,"LateFetal"
"AGGTTTATCCCTCACG-1","male","EN-fetal-late",1.40736829118551,"LateFetal"
"AGGTTTATCCTCACAC-1","male","EN-fetal-late",-0.430361338747545,"LateFetal"
"AGGTTTGGTAGCTGCG-1","male","EN-fetal-late",0.684898119457354,"LateFetal"
"AGGTTTGGTGGATGTC-1","male","EN-fetal-late",0.310904283628787,"LateFetal"
"AGTAAACAGCGGGCAA-1","male","EN-fetal-late",0.491748327132278,"LateFetal"
"AGTAACACAAGCCAGA-1","male","EN-fetal-late",-0.447877445507364,"LateFetal"
"AGTAACACAAGGAATC-1","male","IN-fetal",-0.685574590438593,"LateFetal"
"AGTAACACAGCTAATT-1","male","EN-fetal-late",0.631765333309803,"LateFetal"
"AGTAACACATAATCGT-1","male","EN-fetal-late",0.323888478013808,"LateFetal"
"AGTAACACATAGCGGA-1","male","EN-fetal-late",-0.754784821768394,"LateFetal"
"AGTAACCTCAGGTCCA-1","male","EN-fetal-late",0.839241193317604,"LateFetal"
"AGTAACCTCGAGCTAT-1","male","EN-fetal-late",-0.451716985074928,"LateFetal"
"AGTAACCTCGGCTAGC-1","male","EN-fetal-late",-0.0637783302487128,"LateFetal"
"AGTAACGAGATGGAGC-1","male","EN-fetal-late",0.879593885832238,"LateFetal"
"AGTAACGAGGCACAGG-1","male","EN-fetal-late",1.22799679512741,"LateFetal"
"AGTAATCGTCCGTAGG-1","male","EN-fetal-late",0.257303401230885,"LateFetal"
"AGTAATCGTGACCTGG-1","male","IN-fetal",0.281523626244659,"LateFetal"
"AGTACGCGTTACAAAC-1","male","EN-fetal-late",-0.107798621748838,"LateFetal"
"AGTACGCGTTGGCGTG-1","male","EN-fetal-late",0.401584143758669,"LateFetal"
"AGTAGCTTCGAAGTGA-1","male","OPC",1.82634388685739,"LateFetal"
"AGTAGCTTCTTAATGG-1","male","EN-fetal-late",-0.0829449380538011,"LateFetal"
"AGTAGGATCGCCTGTT-1","male","EN-fetal-late",0.979254633524244,"LateFetal"
"AGTAGGATCTGTGCAG-1","male","IN-fetal",-0.348658499864695,"LateFetal"
"AGTATAGCAGGATAAC-1","male","EN-fetal-late",-0.140079323205093,"LateFetal"
"AGTATAGCAGTCTAAT-1","male","EN-fetal-late",-0.676642789273761,"LateFetal"
"AGTATAGCATAGACTT-1","male","EN-fetal-late",0.20496473266087,"LateFetal"
"AGTCAAGAGCCTAATA-1","male","EN-fetal-late",-0.644533606762683,"LateFetal"
"AGTCAAGAGCTAATCA-1","male","EN-fetal-late",0.672282719951532,"LateFetal"
"AGTCAAGAGGCCTGGT-1","male","EN-fetal-late",1.81465853962164,"LateFetal"
"AGTCAAGAGTGAGCAA-1","male","EN-fetal-late",0.571230139352772,"LateFetal"
"AGTCAATGTTAAGCGC-1","male","EN-fetal-late",-0.488324224266079,"LateFetal"
"AGTCAGGCAACTGGCT-1","male","EN-fetal-late",1.00487184372532,"LateFetal"
"AGTCAGGCAGGCATCT-1","male","EN-fetal-late",0.159724856381931,"LateFetal"
"AGTCCTGAGCTTGCTC-1","male","EN-fetal-late",-0.727806793607312,"LateFetal"
"AGTCGCATCGGTTTCC-1","male","EN-fetal-late",0.20214893464554,"LateFetal"
"AGTCTTGCACCTGTAA-1","male","EN-fetal-late",0.0582318772336475,"LateFetal"
"AGTCTTGCAGGCTAAG-1","male","EN-fetal-late",0.540695765139062,"LateFetal"
"AGTGAACCAACAGGAT-1","male","EN-fetal-late",0.416175837860562,"LateFetal"
"AGTGAACCACCTAATG-1","male","EN-fetal-late",0.325033550454651,"LateFetal"
"AGTGAACCAGCAACAG-1","male","EN-fetal-late",0.374119431335761,"LateFetal"
"AGTGAGTCAAGTTATC-1","male","EN-fetal-late",-0.556217052758929,"LateFetal"
"AGTGAGTCAATAGTCT-1","male","IN-fetal",0.554992131544478,"LateFetal"
"AGTGAGTCACCATATG-1","male","EN-fetal-late",-0.261870758500715,"LateFetal"
"AGTGATGAGGAGGACT-1","male","IN-fetal",-0.841574909535608,"LateFetal"
"AGTGCACGTGGAAACG-1","male","EN-fetal-late",0.234553679363222,"LateFetal"
"AGTGCCGGTCATAACG-1","male","EN-fetal-late",0.333822969840986,"LateFetal"
"AGTGCCGGTTCGGTAA-1","male","EN-fetal-late",0.299585167978403,"LateFetal"
"AGTGCGGAGAACCTGT-1","male","EN-fetal-late",0.858815717070937,"LateFetal"
"AGTGCGGAGTAACAGG-1","male","IN-fetal",0.60224996304649,"LateFetal"
"AGTGCGGAGTAGCGGG-1","male","EN-fetal-late",-0.0266419540863879,"LateFetal"
"AGTGGACAGCAGGTTT-1","male","EN-fetal-late",0.474838320009151,"LateFetal"
"AGTGTGGCAATGAAGC-1","male","EN-fetal-late",-0.0247805391300601,"LateFetal"
"AGTGTGGCAGCATGAG-1","male","IN-fetal",-0.423135094142431,"LateFetal"
"AGTGTGGCAGTTTGTG-1","male","EN-fetal-late",0.437262684420249,"LateFetal"
"AGTGTTTCAAAGGTAC-1","male","IN-fetal",0.828579050123329,"LateFetal"
"AGTGTTTCAGGATGGC-1","male","EN-fetal-late",0.10934763322466,"LateFetal"
"AGTTACTCAGCTAATT-1","male","EN-fetal-late",0.15072438112623,"LateFetal"
"AGTTACTCATAAACCT-1","male","EN-fetal-late",-0.29618168825522,"LateFetal"
"AGTTATGTCCAACTGG-1","male","EN-fetal-late",-0.69017684211206,"LateFetal"
"AGTTATGTCGGTTTGG-1","male","IN-fetal",0.497020123616681,"LateFetal"
"AGTTGCGTCCCGTTAC-1","male","EN-fetal-late",-0.331327380827722,"LateFetal"
"AGTTGGCGTTGCGCGA-1","male","EN-fetal-late",-0.516856304847493,"LateFetal"
"AGTTGGCGTTTGAGGC-1","male","EN-fetal-late",-0.251140617625234,"LateFetal"
"AGTTGTCAGCCGCAGT-1","male","EN-fetal-late",0.0175465130468285,"LateFetal"
"AGTTGTCAGGCGCTTA-1","male","EN-fetal-late",0.137997547046948,"LateFetal"
"AGTTGTCAGTTATCTC-1","male","EN-fetal-late",1.06173101068705,"LateFetal"
"AGTTTGATCACAGCGC-1","male","EN-fetal-late",-0.157919309867654,"LateFetal"
"AGTTTGATCAGCTAAC-1","male","EN-fetal-late",0.11085145811339,"LateFetal"
"ATAACGACAAACCCTA-1","male","EN-fetal-late",0.496942042990145,"LateFetal"
"ATAACGACAACTAGAA-1","male","EN-fetal-late",0.588443979650363,"LateFetal"
"ATAACGACAGCAGGTA-1","male","EN-fetal-late",-0.0215124874569022,"LateFetal"
"ATAACGACATTGCGTA-1","male","EN-fetal-late",-0.336318850180282,"LateFetal"
"ATAAGCCTCCTAAGTA-1","male","EN-fetal-late",0.0791734581354139,"LateFetal"
"ATAAGCCTCGCACAAT-1","male","EN-fetal-late",-1.04299340298139,"LateFetal"
"ATAAGCCTCGGCCAGT-1","male","IN-fetal",-0.0222062849802885,"LateFetal"
"ATAAGTCGTCGCGCAA-1","male","EN-fetal-late",-0.510301406372403,"LateFetal"
"ATAAGTCGTTGCCTCA-1","male","EN-fetal-late",-0.48872546113091,"LateFetal"
"ATAAGTCGTTTGGCGG-1","male","IN-fetal",-1.18231088849725,"LateFetal"
"ATAATGGCAAAGCTCC-1","male","EN-fetal-late",-0.0349836146655571,"LateFetal"
"ATAATGGCAATGCCTA-1","male","EN-fetal-late",0.510778089472628,"LateFetal"
"ATAATGGCAGCACGAA-1","male","IN-fetal",-0.337214284032721,"LateFetal"
"ATACCGGTCCTAATTC-1","male","RG",0.869686223404277,"LateFetal"
"ATACCGGTCTTTGAGA-1","male","EN-fetal-late",0.203448091530192,"LateFetal"
"ATAGATGCACAGCCTG-1","male","IN-fetal",0.603002205540681,"LateFetal"
"ATAGATGCATAATCAC-1","male","EN-fetal-late",0.579827351684226,"LateFetal"
"ATAGCATGTTACGCGG-1","male","EN-fetal-late",0.103209566283665,"LateFetal"
"ATATAGGCAAACTAAG-1","male","IN-fetal",0.479394350168071,"LateFetal"
"ATATAGGCAAGGTACG-1","male","IN-fetal",-0.127385121388523,"LateFetal"
"ATATGCATCATAATCG-1","male","EN-fetal-late",-1.21344050407925,"LateFetal"
"ATATGCTCAATTGCGC-1","male","EN-fetal-late",-0.543948520873214,"LateFetal"
"ATATGCTCAGTTAAAG-1","male","IN-fetal",0.576069949974005,"LateFetal"
"ATATGCTCATCAGTAT-1","male","EN-fetal-late",0.160540619514874,"LateFetal"
"ATCAAGACACAAGCCT-1","male","EN-fetal-late",0.407087478553741,"LateFetal"
"ATCAAGCTCGCCTGTT-1","male","EN-fetal-late",0.468816550350652,"LateFetal"
"ATCAATCCAGGTTCAC-1","male","EN-fetal-late",0.639074488414793,"LateFetal"
"ATCACACAGATGGAGC-1","male","EN-fetal-late",-0.674522115883635,"LateFetal"
"ATCACACAGCTGGAAA-1","male","EN-fetal-late",-1.17555030839502,"LateFetal"
"ATCACACAGTATTGTG-1","male","EN-fetal-late",1.09565483843068,"LateFetal"
"ATCACCCTCAGAAACG-1","male","EN-fetal-late",1.07116382011688,"LateFetal"
"ATCACCCTCATCCTCA-1","male","IN-fetal",0.272595128119405,"LateFetal"
"ATCACTAAGGAGTAAT-1","male","EN-fetal-late",0.777909502365636,"LateFetal"
"ATCACTAAGTTAACCA-1","male","OPC",0.982130645706839,"LateFetal"
"ATCAGGTTCATTACAG-1","male","VSMC",0.00386159487526243,"LateFetal"
"ATCAGGTTCCTAACGG-1","male","RG",0.492597082340902,"LateFetal"
"ATCAGGTTCTGGCAAT-1","male","EN-fetal-late",-0.118049348809813,"LateFetal"
"ATCATGTCATAGCTGC-1","male","EN-fetal-late",-0.247549823419852,"LateFetal"
"ATCCAACAGGAGGCAT-1","male","EN-fetal-late",-0.108011337117843,"LateFetal"
"ATCCAACAGTGATTCA-1","male","EN-fetal-late",-0.41106369008385,"LateFetal"
"ATCCACCTCTAGCTTT-1","male","EN-fetal-late",-0.913336625311815,"LateFetal"
"ATCCACCTCTCAATAG-1","male","RG",-0.366148084264878,"LateFetal"
"ATCCACCTCTTGACCC-1","male","EN-fetal-late",0.496704873153832,"LateFetal"
"ATCCCGCGTAAAGCGG-1","male","EN-fetal-late",-0.00334715469048924,"LateFetal"
"ATCCGTGAGCGAGTAA-1","male","IN-fetal",-0.616241098671203,"LateFetal"
"ATCCGTGAGGCGCTTA-1","male","EN-fetal-late",0.0712810734665459,"LateFetal"
"ATCCTCATCCAGGTCA-1","male","EN-fetal-late",0.800745166730564,"LateFetal"
"ATCCTGACACTAAATC-1","male","EN-fetal-late",0.377992335984987,"LateFetal"
"ATCCTGACAGCTCATA-1","male","Pericytes",1.65326145554319,"LateFetal"
"ATCCTTAGTGAGCAAG-1","male","EN-fetal-late",-0.140594563817374,"LateFetal"
"ATCGAGGCAAACGCGA-1","male","IN-fetal",0.479421939551573,"LateFetal"
"ATCGAGGCACAACAGG-1","male","EN-fetal-late",-0.660941585759114,"LateFetal"
"ATCGAGGCACGTTACA-1","male","EN-fetal-late",1.13809397683632,"LateFetal"
"ATCGAGGCAGCTAATT-1","male","EN-fetal-late",-1.00914760469452,"LateFetal"
"ATCGAGGCAGTTTGGC-1","male","EN-fetal-late",-0.151328989200346,"LateFetal"
"ATCGAGGCATCACTTC-1","male","EN-fetal-late",-1.06535970850069,"LateFetal"
"ATCGCCCGTCACACCC-1","male","EN-fetal-late",-0.388238235512288,"LateFetal"
"ATCGCCCGTCCTAAGA-1","male","EN-fetal-late",-0.0946537935976741,"LateFetal"
"ATCGCTTGTAGCCTAA-1","male","IN-fetal",0.00627139563774101,"LateFetal"
"ATCGCTTGTCAATAGT-1","male","EN-fetal-late",0.193009807500617,"LateFetal"
"ATCGCTTGTGGATTAT-1","male","OPC",0.154082496252765,"LateFetal"
"ATCGCTTGTTAGAGCC-1","male","Pericytes",-0.215102456534883,"LateFetal"
"ATCGGCCAGACAAACG-1","male","VSMC",1.21581335730161,"LateFetal"
"ATCGGCCAGTGAGCAA-1","male","EN-fetal-late",-0.867118048189372,"LateFetal"
"ATCTATGAGCTATTAG-1","male","EN-fetal-late",-0.432040458279793,"LateFetal"
"ATCTTTGGTCGCAAAC-1","male","EN-fetal-late",0.729629551486758,"LateFetal"
"ATGAAGCCAGGCTGTT-1","male","EN-fetal-late",1.0319872185869,"LateFetal"
"ATGAAGTAGAATCGCT-1","male","EN-fetal-late",0.715872220041834,"LateFetal"
"ATGAAGTAGGATCCGC-1","male","EN-fetal-late",-0.92698428278069,"LateFetal"
"ATGAAGTAGGCTCATG-1","male","EN-fetal-late",-0.509867049953217,"LateFetal"
"ATGAAGTAGTTAGCCG-1","male","EN-fetal-late",0.614622527081646,"LateFetal"
"ATGACAACAAATGCCC-1","male","EN-fetal-late",-0.0996055445232415,"LateFetal"
"ATGACCAGTTGTGACA-1","male","IN-fetal",-0.0489905770015304,"LateFetal"
"ATGACGAAGGGACTAA-1","male","IN-fetal",0.303587567917948,"LateFetal"
"ATGACGAAGTGTGATC-1","male","IN-fetal",-0.241985767249289,"LateFetal"
"ATGACTCAGAAAGCAT-1","male","EN-fetal-late",-0.515116899785047,"LateFetal"
"ATGACTCAGCTCAAAC-1","male","VSMC",0.644496320143665,"LateFetal"
"ATGACTCAGCTCCCTG-1","male","IN-fetal",0.249951658085721,"LateFetal"
"ATGACTCAGCTGGCTA-1","male","EN-fetal-late",0.169112469373079,"LateFetal"
"ATGAGCCGTAATCGTG-1","male","EN-fetal-late",-0.193203229680821,"LateFetal"
"ATGAGCCGTTGCGGAT-1","male","EN-fetal-late",0.631203164803385,"LateFetal"
"ATGAGCCGTTTACCGT-1","male","IN-fetal",0.796029163219863,"LateFetal"
"ATGATGACATTCCTGT-1","male","EN-fetal-late",0.0375735443633942,"LateFetal"
"ATGCAAACACCAAAGG-1","male","IN-fetal",0.285482156658085,"LateFetal"
"ATGCAAACAGGCCATT-1","male","EN-fetal-late",-0.0196988843203722,"LateFetal"
"ATGCATTCACCTCACC-1","male","EN-fetal-late",0.343662440350334,"LateFetal"
"ATGCATTCAGCAAGGC-1","male","EN-fetal-late",-0.270030882542351,"LateFetal"
"ATGCATTCAGCAATAA-1","male","EN-fetal-late",-1.0128303594844,"LateFetal"
"ATGCCTGAGCTATATG-1","male","EN-fetal-late",1.1918544944844,"LateFetal"
"ATGCCTGAGTGAGCAA-1","male","IN-fetal",-0.220451334465863,"LateFetal"
"ATGCGATTCTAAGGTC-1","male","IN-fetal",-0.444776282317766,"LateFetal"
"ATGCTTAAGTATCGCG-1","male","EN-fetal-late",-0.303137554475527,"LateFetal"
"ATGGACAAGACAAAGT-1","male","EN-fetal-late",-0.532151161045992,"LateFetal"
"ATGGACAAGCTTTGTT-1","male","EN-fetal-late",-1.0796166760246,"LateFetal"
"ATGGACAAGTATCGCG-1","male","EN-fetal-late",-1.24792154013588,"LateFetal"
"ATGGCCCAGAAACTGG-1","male","EN-fetal-late",-0.105640625426958,"LateFetal"
"ATGGCCCAGCATGTTA-1","male","EN-fetal-late",1.1581482634152,"LateFetal"
"ATGGCCCAGGCGGATG-1","male","EN-fetal-late",-0.243289126111118,"LateFetal"
"ATGGCCGGTACTGATG-1","male","EN-fetal-late",-0.212340207094764,"LateFetal"
"ATGGCCGGTTCACCCA-1","male","EN-fetal-late",-0.56898322764141,"LateFetal"
"ATGGCTAGTATTTGGG-1","male","EN-fetal-late",-0.771492494675148,"LateFetal"
"ATGGCTAGTGAACAAA-1","male","EN-fetal-late",-1.0840231668308,"LateFetal"
"ATGGCTAGTGATTACG-1","male","EN-fetal-late",-0.0879546507557239,"LateFetal"
"ATGGCTAGTGTTAGCA-1","male","EN-fetal-late",-0.198044056652591,"LateFetal"
"ATGGCTGTCAGGAAGC-1","male","EN-fetal-late",-0.86797593003119,"LateFetal"
"ATGGCTGTCCTTAAGA-1","male","EN-fetal-late",-1.3511123422827,"LateFetal"
"ATGGCTGTCGGTTACG-1","male","EN-fetal-late",-0.384965090691392,"LateFetal"
"ATGGCTGTCTGGCATG-1","male","EN-fetal-late",-0.593092960726139,"LateFetal"
"ATGGCTTAGTAGAGGC-1","male","EN-fetal-late",-0.10088080436663,"LateFetal"
"ATGGCTTAGTGCACGC-1","male","EN-fetal-late",0.310378802807733,"LateFetal"
"ATGGTCTAGACTTATG-1","male","EN-fetal-late",0.470827691757769,"LateFetal"
"ATGGTCTAGCCTGACA-1","male","EN-fetal-late",0.00127169308995352,"LateFetal"
"ATGGTCTAGGAGCACG-1","male","EN-fetal-late",-0.972194411915101,"LateFetal"
"ATGGTGCGTATTGGTG-1","male","EN-fetal-late",-0.660418320034968,"LateFetal"
"ATGGTGCGTCAAGACC-1","male","EN-fetal-late",0.35810650669112,"LateFetal"
"ATGGTGCGTTACGCGG-1","male","EN-fetal-late",-0.185535068739095,"LateFetal"
"ATGGTTATCCCTGACT-1","male","EN-fetal-late",-0.467684307790564,"LateFetal"
"ATGTAAGCAATAGTCT-1","male","EN-fetal-late",0.585104803904051,"LateFetal"
"ATGTAAGCAGTCTATG-1","male","EN-fetal-late",0.165206581822277,"LateFetal"
"ATGTAAGCATATTGAC-1","male","EN-fetal-late",1.52880037324147,"LateFetal"
"ATGTAAGCATGAATAG-1","male","EN-fetal-late",-0.301481120303967,"LateFetal"
"ATGTCCACAACTGGCT-1","male","EN-fetal-late",-0.574415855814868,"LateFetal"
"ATGTCCACAAGTGTTT-1","male","EN-fetal-late",-0.215545888104203,"LateFetal"
"ATGTCCACAGCCGCTA-1","male","EN-fetal-late",-0.208736079005366,"LateFetal"
"ATGTGAGAGCACGATT-1","male","EN-fetal-late",0.0296630184655479,"LateFetal"
"ATGTGAGAGTGAACAG-1","male","EN-fetal-late",0.502260255320189,"LateFetal"
"ATGTTGTCAATTAAGG-1","male","EN-fetal-late",-0.149245449357619,"LateFetal"
"ATGTTGTCACGAATCC-1","male","EN-fetal-late",-0.486288174805982,"LateFetal"
"ATGTTGTCATCCATCT-1","male","EN-fetal-late",1.76353931762246,"LateFetal"
"ATGTTTGAGTCATTAG-1","male","EN-fetal-late",0.105809792131842,"LateFetal"
"ATTAACCCACTAAGAA-1","male","VSMC",0.49517800009392,"LateFetal"
"ATTACCCGTACCGGAT-1","male","EN-fetal-late",-0.696326835087989,"LateFetal"
"ATTACCCGTGATCAGC-1","male","EN-fetal-late",-1.53689615073674,"LateFetal"
"ATTACCCGTTCGCTCA-1","male","EN-fetal-late",-0.0997749672050059,"LateFetal"
"ATTACCGCAACCCTCC-1","male","OPC",0.519628687423602,"LateFetal"
"ATTACCGCAATTAGGA-1","male","EN-fetal-late",0.215520798251653,"LateFetal"
"ATTACCGCACCTATAG-1","male","EN-fetal-late",-0.0630461410717463,"LateFetal"
"ATTACGTCAAACGGGC-1","male","EN-fetal-late",0.502180928473631,"LateFetal"
"ATTACGTCAAAGGTAC-1","male","EN-fetal-late",-0.41265746438297,"LateFetal"
"ATTACTGAGTACTGGT-1","male","EN-fetal-late",0.530318276699567,"LateFetal"
"ATTACTGAGTGAGCAA-1","male","EN-fetal-late",-0.259396040948737,"LateFetal"
"ATTAGCGGTGAAACAA-1","male","EN-fetal-late",-0.0281316314215304,"LateFetal"
"ATTAGCGGTGTTTGCT-1","male","EN-fetal-late",-0.440373933378832,"LateFetal"
"ATTAGCTCAACTCGCG-1","male","EN-fetal-late",-0.399674234052573,"LateFetal"
"ATTAGCTCAGGCTAAG-1","male","IN-fetal",0.248361664043123,"LateFetal"
"ATTAGGTGTCAGGCCA-1","male","OPC",0.530594114652073,"LateFetal"
"ATTAGGTGTTGTTGTC-1","male","EN-fetal-late",0.643187202284682,"LateFetal"
"ATTAGTCCAACACCTA-1","male","EN-fetal-late",-0.122478888068396,"LateFetal"
"ATTAGTCCACTTCACT-1","male","EN-fetal-late",1.00615897375544,"LateFetal"
"ATTATCCTCCATTACT-1","male","EN-fetal-late",0.127317442371563,"LateFetal"
"ATTATCCTCTTAATGG-1","male","EN-fetal-late",-1.22295135217421,"LateFetal"
"ATTATCCTCTTGCATT-1","male","EN-fetal-late",0.540716700613112,"LateFetal"
"ATTATGGTCGGTTACG-1","male","EN-fetal-late",-0.580060721623834,"LateFetal"
"ATTCACTTCGCTAGTG-1","male","EN-fetal-late",-0.552417249447713,"LateFetal"
"ATTCACTTCTTTAAGG-1","male","EN-fetal-late",-0.116858454800954,"LateFetal"
"ATTCATGAGAACCTAC-1","male","EN-fetal-late",-0.368180753730284,"LateFetal"
"ATTCATGAGGATTGCT-1","male","EN-fetal-late",0.0507661178741967,"LateFetal"
"ATTCCGGAGCTCCTAC-1","male","EN-fetal-late",1.52051223641107,"LateFetal"
"ATTCCTCCATTATGGT-1","male","EN-fetal-late",0.0933019974063372,"LateFetal"
"ATTGAAGCAGCAGGTA-1","male","EN-fetal-late",0.475010560378887,"LateFetal"
"ATTGAAGCATTAAGTC-1","male","OPC",0.57559334582421,"LateFetal"
"ATTGACTCACCTCACC-1","male","EN-fetal-late",-0.0267699750729438,"LateFetal"
"ATTGACTCAGCACGAA-1","male","EN-fetal-late",-0.10558161651932,"LateFetal"
"ATTGACTCAGCATGAG-1","male","Microglia",0.399530171944637,"LateFetal"
"ATTGACTCAGGATTAA-1","male","EN-fetal-late",0.262688552729948,"LateFetal"
"ATTGACTCATAACGGG-1","male","IN-fetal",-0.264721693958292,"LateFetal"
"ATTGACTCATTGGGAG-1","male","EN-fetal-late",0.692002703946556,"LateFetal"
"ATTGCACAGCCGGTAC-1","male","EN-fetal-late",-0.0377005441821779,"LateFetal"
"ATTGCAGGTAGTTAAC-1","male","EN-fetal-late",-0.308362151314513,"LateFetal"
"ATTGCAGGTCTAACAG-1","male","EN-fetal-late",0.454187981286311,"LateFetal"
"ATTGCAGGTGAGGTGA-1","male","EN-fetal-late",-0.0299123419181553,"LateFetal"
"ATTGCAGGTTCTTTAG-1","male","EN-fetal-late",0.311534246359059,"LateFetal"
"ATTGCGCCATAGCTTG-1","male","EN-fetal-late",0.376250781931487,"LateFetal"
"ATTGCTCGTAACGTGC-1","male","EN-fetal-late",-0.298929110087847,"LateFetal"
"ATTGCTCGTAAGGTCC-1","male","EN-fetal-late",0.13114031894573,"LateFetal"
"ATTGGCTAGAGGATAT-1","male","EN-fetal-late",-0.628675944278189,"LateFetal"
"ATTGGCTAGCGAAGTA-1","male","EN-fetal-late",-0.362915339216527,"LateFetal"
"ATTGGCTAGGGTTATC-1","male","EN-fetal-late",-0.449626034674786,"LateFetal"
"ATTGGTTCATAGCGGA-1","male","EN-fetal-late",0.370046837112226,"LateFetal"
"ATTGTCCGTCAAGTAT-1","male","EN-fetal-late",0.128112327164366,"LateFetal"
"ATTGTGATCATGGCTG-1","male","IN-fetal",1.02293295223417,"LateFetal"
"ATTGTGATCGCTCCAT-1","male","EN-fetal-late",-0.479935622067934,"LateFetal"
"ATTTAGCCAAAGCGCA-1","male","EN-fetal-late",0.891817758184273,"LateFetal"
"ATTTAGCCAAGGTCGA-1","male","IN-fetal",0.619864331175467,"LateFetal"
"ATTTAGCCAATTAGCT-1","male","EN-fetal-late",-0.23740956642745,"LateFetal"
"ATTTAGCCACGTAATT-1","male","EN-fetal-late",0.990362836547761,"LateFetal"
"ATTTAGGTCCTTCTAG-1","male","EN-fetal-late",0.15501219278891,"LateFetal"
"ATTTGCAAGGTGTTAC-1","male","EN-fetal-late",0.889895059821239,"LateFetal"
"ATTTGCGCACGGTTTA-1","male","EN-fetal-late",-0.291120190080697,"LateFetal"
"ATTTGCGCAGTTTCTC-1","male","IN-fetal",0.517607542442569,"LateFetal"
"ATTTGCGCATAATGTC-1","male","Pericytes",-0.457104386495274,"LateFetal"
"ATTTGTGAGCCTGGTA-1","male","OPC",1.45260757015779,"LateFetal"
"ATTTGTGAGCGAGGTG-1","male","EN-fetal-late",-0.18897055740562,"LateFetal"
"CAAACAACAACCGCCA-1","male","EN-fetal-late",-0.943962245388524,"LateFetal"
"CAAACACTCGATTTAG-1","male","EN-fetal-late",0.55752986752687,"LateFetal"
"CAAACACTCTAGCTTT-1","male","EN-fetal-late",-0.262722692233746,"LateFetal"
"CAAACATGTAACGTGC-1","male","EN-fetal-late",-0.205511767385237,"LateFetal"
"CAAACATGTGCATTAG-1","male","EN-fetal-late",1.11076988504733,"LateFetal"
"CAAACCGTCATGACCG-1","male","EN-fetal-late",-0.699205120136504,"LateFetal"
"CAAACGCGTCAGTAAT-1","male","EN-fetal-late",-0.13252830569128,"LateFetal"
"CAAACTGGTGACATGC-1","male","EN-fetal-late",-0.932334008203096,"LateFetal"
"CAAACTGGTGGTGAGA-1","male","EN-fetal-late",0.667573121005829,"LateFetal"
"CAAACTGGTTTATGGG-1","male","EN-fetal-late",-0.102859294794354,"LateFetal"
"CAAAGCGCAAAGCGCA-1","male","EN-fetal-late",0.423798529904139,"LateFetal"
"CAAAGGATCACAGGAA-1","male","EN-fetal-late",-0.0787667356749329,"LateFetal"
"CAAAGGATCTATGACA-1","male","EN-fetal-late",-0.271414579765567,"LateFetal"
"CAAAGTGAGGAGTCTT-1","male","EN-fetal-late",0.368562456311392,"LateFetal"
"CAAAGTGAGGCTATGT-1","male","EN-fetal-late",-0.583209145219782,"LateFetal"
"CAAATCATCACAAGCT-1","male","EN-fetal-late",1.39708204834345,"LateFetal"
"CAAATCATCCGGTTGA-1","male","IN-fetal",0.525214210594873,"LateFetal"
"CAAATCATCTAGCTAA-1","male","EN-fetal-late",-0.119151991854056,"LateFetal"
"CAACAGGCACCTACGG-1","male","EN-fetal-late",0.866562999987368,"LateFetal"
"CAACAGGCATAATGTC-1","male","EN-fetal-late",-0.302588792055161,"LateFetal"
"CAACCCGCACCTGTAA-1","male","IN-fetal",-0.0834201217930271,"LateFetal"
"CAACCCTTCTGCAACG-1","male","EN-fetal-late",-0.0450716608279522,"LateFetal"
"CAACCGGGTCAGGCAT-1","male","EN-fetal-late",0.160772877420741,"LateFetal"
"CAACTAGGTCTAGCTT-1","male","EN-fetal-late",0.494098057326305,"LateFetal"
"CAACTAGGTTGTTGTC-1","male","IN-fetal",-0.369938929295869,"LateFetal"
"CAAGACAAGCACTAGT-1","male","EN-fetal-late",0.20604928920563,"LateFetal"
"CAAGACAAGTTTCCTG-1","male","EN-fetal-late",-0.664976057507362,"LateFetal"
"CAAGCTAGTTTCGCGC-1","male","IN-fetal",1.30982213266493,"LateFetal"
"CAAGGCCTCAATGACC-1","male","EN-fetal-late",-0.366312885883267,"LateFetal"
"CAAGGCCTCAATGAGG-1","male","IN-fetal",0.113189969991333,"LateFetal"
"CAAGGCCTCCGCCTCA-1","male","EN-fetal-late",-0.831143760515754,"LateFetal"
"CAAGGCCTCTCGACCT-1","male","VSMC",0.623034999331891,"LateFetal"
"CAAGGCTGTAACCAGC-1","male","EN-fetal-late",-0.612792662513383,"LateFetal"
"CAAGGCTGTAATGACT-1","male","EN-fetal-late",-0.107100512804769,"LateFetal"
"CAAGGCTGTAGGTGTC-1","male","EN-fetal-late",0.505702290353144,"LateFetal"
"CAAGGCTGTCAATGTG-1","male","EN-fetal-late",0.532131843251038,"LateFetal"
"CAAGGCTGTGCCTCAC-1","male","EN-fetal-late",0.401521849162919,"LateFetal"
"CAAGGGAGTTAGAGGG-1","male","IN-fetal",-0.612425078756278,"LateFetal"
"CAAGGTAAGGTTTGAC-1","male","EN-fetal-late",0.0505100602019271,"LateFetal"
"CAAGGTAAGTCACCTC-1","male","EN-fetal-late",-0.408423681898449,"LateFetal"
"CAAGGTTTCACCAATA-1","male","EN-fetal-late",0.925012319716949,"LateFetal"
"CAAGGTTTCCACCTGT-1","male","EN-fetal-late",-0.415756289470046,"LateFetal"
"CAAGGTTTCTTGCATT-1","male","EN-fetal-late",-0.260220375915234,"LateFetal"
"CAAGTAACACAACAGG-1","male","EN-fetal-late",-0.761999565144614,"LateFetal"
"CAAGTGAAGCCTGGTA-1","male","EN-fetal-late",1.61193596355032,"LateFetal"
"CAAGTGAAGTAGGATG-1","male","EN-fetal-late",-0.118768032608972,"LateFetal"
"CAATAAGCAAAGCGGC-1","male","EN-fetal-late",0.0995503653182654,"LateFetal"
"CAATAAGCACAACCTA-1","male","EN-fetal-late",-0.509968285473309,"LateFetal"
"CAATAAGCATCATGTG-1","male","EN-fetal-late",1.11261780837335,"LateFetal"
"CAATAGCTCCGGAACC-1","male","EN-fetal-late",0.208024588530689,"LateFetal"
"CAATAGCTCTAACCAA-1","male","EN-fetal-late",-0.25490416922323,"LateFetal"
"CAATAGCTCTCACACC-1","male","EN-fetal-late",-0.192330929953157,"LateFetal"
"CAATATGTCTAATCTC-1","male","EN-fetal-late",0.293577110909176,"LateFetal"
"CAATCCCTCACTTCAT-1","male","EN-fetal-late",-0.192767489883139,"LateFetal"
"CAATCCTGTGGACCTG-1","male","EN-fetal-late",0.636349509028195,"LateFetal"
"CAATCCTGTTCACCCA-1","male","VSMC",1.44119303271116,"LateFetal"
"CAATCTAAGCTAAAGG-1","male","EN-fetal-late",-1.18441875660058,"LateFetal"
"CAATCTAAGGATTGAG-1","male","EN-fetal-late",-0.535987537939955,"LateFetal"
"CAATGAACAAACAACA-1","male","EN-fetal-late",-0.806575671832635,"LateFetal"
"CAATGAACACAACCTA-1","male","EN-fetal-late",0.102735897030249,"LateFetal"
"CAATGAACAGTAGGTG-1","male","IN-fetal",-0.426199842532138,"LateFetal"
"CAATGACTCGAGCTAT-1","male","EN-fetal-late",-0.65831030564506,"LateFetal"
"CAATGACTCTTCAATC-1","male","EN-fetal-late",0.195121526594493,"LateFetal"
"CAATGTCAGCTCAAAC-1","male","EN-fetal-late",-0.0909884364566934,"LateFetal"
"CAATGTCAGTTAGAGG-1","male","EN-fetal-late",0.0444264224126865,"LateFetal"
"CAATGTGGTCGTAAAT-1","male","EN-fetal-late",-0.451722197496404,"LateFetal"
"CACAAGCGTGATCATG-1","male","EN-fetal-late",-1.03931502661338,"LateFetal"
"CACAAGCGTTAAATGC-1","male","EN-fetal-late",-1.1328117144494,"LateFetal"
"CACAATATCAATGTGC-1","male","EN-fetal-late",-0.199922888913217,"LateFetal"
"CACAATATCCGGAACC-1","male","EN-fetal-late",0.0364049429243046,"LateFetal"
"CACAGGCTCGGTACGC-1","male","EN-fetal-late",0.959335693280953,"LateFetal"
"CACATACAGGATTGCT-1","male","EN-fetal-late",-0.24077977354105,"LateFetal"
"CACATACAGGGATTAG-1","male","EN-fetal-late",0.0366125427869208,"LateFetal"
"CACATACAGTAAGTGG-1","male","EN-fetal-late",-0.570036697598698,"LateFetal"
"CACATGCCAGGTTATT-1","male","EN-fetal-late",0.394114295341148,"LateFetal"
"CACATTAAGCTGTCAG-1","male","RG",0.465348710976135,"LateFetal"
"CACATTAAGTAAGAAC-1","male","EN-fetal-late",-0.0772334475909206,"LateFetal"
"CACCAACCAGACAAAC-1","male","EN-fetal-late",0.21372161368771,"LateFetal"
"CACCGGTAGGACTAAG-1","male","EN-fetal-late",-1.1461283725135,"LateFetal"
"CACCGGTAGTTTGGGT-1","male","EN-fetal-late",0.945668344911873,"LateFetal"
"CACCTCAGTGGATTGC-1","male","EN-fetal-late",-0.350248492826029,"LateFetal"
"CACCTCAGTGTCACGG-1","male","EN-fetal-late",-0.637400113304124,"LateFetal"
"CACCTGTTCTCGCCCA-1","male","EN-fetal-late",-0.19892609165588,"LateFetal"
"CACGCAATCACAGCCA-1","male","EN-fetal-late",0.317795027416122,"LateFetal"
"CACGCAATCCTAGTAA-1","male","EN-fetal-late",-0.329552014622638,"LateFetal"
"CACGCAATCGAGGAAC-1","male","IN-fetal",0.686031057242323,"LateFetal"
"CACGCAATCTTTAAGG-1","male","EN-fetal-late",-0.0620354524987277,"LateFetal"
"CACTAAGGTACCGGAT-1","male","EN-fetal-late",-0.226521024909636,"LateFetal"
"CACTAAGGTAGTTAAC-1","male","EN-fetal-late",-0.0188505393360674,"LateFetal"
"CACTAAGGTCACAAAT-1","male","EN-fetal-late",0.818532136415389,"LateFetal"
"CACTAAGGTCGTTACT-1","male","EN-fetal-late",0.80568783903481,"LateFetal"
"CACTAAGGTTTGGTTC-1","male","EN-fetal-late",-0.0974641040447385,"LateFetal"
"CACTAGCCAGTTTACG-1","male","EN-fetal-late",0.227739308951652,"LateFetal"
"CACTTTGTCACCGGTA-1","male","Microglia",-0.538624809953796,"LateFetal"
"CAGAACCGTCTTGCAT-1","male","EN-fetal-late",0.0553632348714622,"LateFetal"
"CAGAATCTCAAATCGC-1","male","EN-fetal-early",-0.451845513669347,"LateFetal"
"CAGAATCTCATGCTCC-1","male","EN-fetal-late",0.75219168937162,"LateFetal"
"CAGAATCTCCTCCATA-1","male","EN-fetal-late",-0.746297346068701,"LateFetal"
"CAGATTCAGTACTGGT-1","male","EN-fetal-late",-0.27368657464208,"LateFetal"
"CAGCAAGCACCAGCAT-1","male","VSMC",0.68687400421151,"LateFetal"
"CAGCATTAGCTTTGGG-1","male","EN-fetal-late",0.506694394610137,"LateFetal"
"CAGCCAATCTCCTCTT-1","male","EN-fetal-late",0.327788665818119,"LateFetal"
"CAGCCTAAGCCACAAT-1","male","EN-fetal-late",-0.612111916314105,"LateFetal"
"CAGCCTTTCACGTTAA-1","male","IN-fetal",0.207505252324265,"LateFetal"
"CAGCTAAGTTGTGATG-1","male","EN-fetal-late",-0.302122183619847,"LateFetal"
"CAGCTCAAGGCATTAC-1","male","IN-fetal",0.924812185255047,"LateFetal"
"CAGCTCAAGTCACCTC-1","male","EN-fetal-late",-0.0147530035456134,"LateFetal"
"CAGGAAGGTGTGCACG-1","male","EN-fetal-late",-0.411900971169482,"LateFetal"
"CAGGAAGGTGTGTGGT-1","male","EN-fetal-late",-0.843037837033481,"LateFetal"
"CAGGAAGGTTAGGATT-1","male","IN-fetal",0.394511251096251,"LateFetal"
"CAGGACACACAGGAAT-1","male","IN-fetal",-0.427496002116999,"LateFetal"
"CAGGACACACTTAGGC-1","male","EN-fetal-late",-1.02428024495323,"LateFetal"
"CAGGACACATTGTGAT-1","male","EN-fetal-late",0.776531873856877,"LateFetal"
"CAGGATGCAACACCTA-1","male","EN-fetal-late",-0.275088764616784,"LateFetal"
"CAGGATGCAGTGAACG-1","male","EN-fetal-late",-0.16629711155728,"LateFetal"
"CAGGATGCATTAGGTT-1","male","EN-fetal-late",-0.730418198230316,"LateFetal"
"CAGGCTATCATGAGCT-1","male","EN-fetal-late",-0.696645607265939,"LateFetal"
"CAGGCTATCTACTAAG-1","male","IN-fetal",0.794720244308162,"LateFetal"
"CAGGCTGGTGGACCTG-1","male","EN-fetal-late",-0.582726199743898,"LateFetal"
"CAGGGCTTCCTAATGA-1","male","EN-fetal-late",-1.00448304925266,"LateFetal"
"CAGGGCTTCCTGTTCA-1","male","EN-fetal-late",0.0192369956378501,"LateFetal"
"CAGGGCTTCGCTAAGT-1","male","EN-fetal-late",-0.082657178065028,"LateFetal"
"CAGGGTGAGCAGCTCA-1","male","EN-fetal-late",0.611800819947611,"LateFetal"
"CAGGTCCAGTGGCGGA-1","male","EN-fetal-late",0.390226122095218,"LateFetal"
"CAGGTCCAGTTTGGGT-1","male","EN-fetal-late",-0.372896469853757,"LateFetal"
"CAGGTTAGTGTTTGTC-1","male","EN-fetal-late",0.737772382683493,"LateFetal"
"CAGGTTTAGGACGTAA-1","male","EN-fetal-late",-1.51062039425639,"LateFetal"
"CAGGTTTAGTAGCTTA-1","male","EN-fetal-late",1.64990757875865,"LateFetal"
"CAGTACCCATGTTGTG-1","male","EN-fetal-late",-0.678034545090718,"LateFetal"
"CAGTATGGTGAGGTGA-1","male","EN-fetal-late",0.28105816650254,"LateFetal"
"CAGTATGGTTAGAGGG-1","male","EN-fetal-late",-0.368652595752687,"LateFetal"
"CAGTATGGTTGTCATC-1","male","EN-fetal-late",-0.0678957728262203,"LateFetal"
"CATAACGGTGATCAGC-1","male","IN-fetal",0.569994042909466,"LateFetal"
"CATAAGCTCACGTTAA-1","male","EN-fetal-late",-0.306202957401266,"LateFetal"
"CATAATCCAGAGAGCC-1","male","IN-fetal",0.284302354302061,"LateFetal"
"CATAATGTCCACCTGT-1","male","EN-fetal-late",1.3047210803332,"LateFetal"
"CATAATGTCCAGGGAG-1","male","EN-fetal-late",0.209701094302992,"LateFetal"
"CATAATGTCCTAAGGT-1","male","EN-fetal-late",0.17548358779529,"LateFetal"
"CATAATGTCCTCAGTC-1","male","EN-fetal-late",0.136229356126128,"LateFetal"
"CATAATGTCTTGAGCG-1","male","EN-fetal-late",-1.10234482489772,"LateFetal"
"CATAGACTCACAGGAA-1","male","EN-fetal-late",-0.946552521988187,"LateFetal"
"CATAGGTTCCCGAACA-1","male","EN-fetal-late",-0.794732168394186,"LateFetal"
"CATAGGTTCCCGCCTA-1","male","EN-fetal-late",0.147347500248608,"LateFetal"
"CATAGTCAGCGCTCAA-1","male","IN-fetal",0.596663532940373,"LateFetal"
"CATAGTCAGGAACGGT-1","male","EN-fetal-late",-0.522682245020071,"LateFetal"
"CATAGTCAGGACCTGC-1","male","EN-fetal-late",0.495794809068821,"LateFetal"
"CATATCGCAAGGGTTG-1","male","EN-fetal-late",-0.0453654748451348,"LateFetal"
"CATATCGCATCAATCG-1","male","EN-fetal-late",0.884166384126421,"LateFetal"
"CATATCGCATTGTGCA-1","male","EN-fetal-late",0.360501643918371,"LateFetal"
"CATCAATCATAAGCAA-1","male","EN-fetal-late",-0.0589087433407549,"LateFetal"
"CATCAATCATAGCTGC-1","male","EN-fetal-late",0.624025920849689,"LateFetal"
"CATCAATCATCACTTC-1","male","EN-fetal-late",0.388736451170309,"LateFetal"
"CATCACACAATGAGGT-1","male","EN-fetal-late",0.560821136940696,"LateFetal"
"CATCACACACAGACTC-1","male","EN-fetal-late",0.592020176817021,"LateFetal"
"CATCACACAGGTATTT-1","male","EN-fetal-late",-0.935038346642746,"LateFetal"
"CATCACACAGTTATCG-1","male","EN-fetal-late",-0.0414297734500355,"LateFetal"
"CATCAGCCACCATATG-1","male","EN-fetal-late",0.386258879160985,"LateFetal"
"CATCATGCAAACTGCC-1","male","EN-fetal-late",-0.122834897868649,"LateFetal"
"CATCATGCACTTCATC-1","male","EN-fetal-late",0.500487513575597,"LateFetal"
"CATCCCAGTCATCATC-1","male","EN-fetal-late",1.52074030680782,"LateFetal"
"CATCCCAGTTCGCGCT-1","male","IN-fetal",0.67320056554492,"LateFetal"
"CATCCCAGTTTATCTG-1","male","EN-fetal-late",-0.14711345431449,"LateFetal"
"CATCCTGGTACGTTTC-1","male","EN-fetal-late",-0.306566413747641,"LateFetal"
"CATCCTGGTCCTAACT-1","male","EN-fetal-late",0.618272532178746,"LateFetal"
"CATCCTTCATTAGGTT-1","male","EN-fetal-late",-1.61827248396023,"LateFetal"
"CATGAGGCACGTGCTG-1","male","IN-fetal",-0.337958432087752,"LateFetal"
"CATGCAAGTACTTAGG-1","male","VSMC",-0.0361766525825629,"LateFetal"
"CATGCAAGTGGATTGC-1","male","EN-fetal-late",0.291161843205724,"LateFetal"
"CATGCATAGTACCGCA-1","male","IN-fetal",-0.289281862309181,"LateFetal"
"CATGCGCAGCTATATG-1","male","EN-fetal-late",0.181137046372221,"LateFetal"
"CATGCGCAGCTTAGTA-1","male","EN-fetal-late",0.336257320552351,"LateFetal"
"CATGCGGGTCTCACTG-1","male","EN-fetal-late",-0.650681864629655,"LateFetal"
"CATGCGGGTTAGCCAA-1","male","EN-fetal-late",0.245057079937483,"LateFetal"
"CATGCGGGTTAGGTTG-1","male","EN-fetal-late",0.43764182093057,"LateFetal"
"CATGGATTCATGAAGG-1","male","EN-fetal-late",0.154218594459689,"LateFetal"
"CATGGATTCGTAATCA-1","male","EN-fetal-late",-0.389688003298006,"LateFetal"
"CATGGCGGTAGGTTTG-1","male","EN-fetal-late",1.35638824765108,"LateFetal"
"CATGGCGGTTCCTGTG-1","male","EN-fetal-late",-0.940095100559588,"LateFetal"
"CATTATCTCCGGCTAA-1","male","EN-fetal-late",0.0299480097370004,"LateFetal"
"CATTATCTCCTCCTAA-1","male","IN-fetal",-0.0802775529835743,"LateFetal"
"CATTATGAGCACAGAA-1","male","EN-fetal-late",0.221291516480921,"LateFetal"
"CATTCATTCCGCCTAT-1","male","EN-fetal-late",0.599362709330541,"LateFetal"
"CATTCCTCACTTGTTC-1","male","EN-fetal-late",-0.891474687847085,"LateFetal"
"CATTGCGAGCTTTGGG-1","male","IN-fetal",0.340825872971374,"LateFetal"
"CATTGTAAGCCGCAGT-1","male","EN-fetal-late",0.0193874454141712,"LateFetal"
"CATTGTAAGGTCCACA-1","male","EN-fetal-late",0.45242283399372,"LateFetal"
"CATTGTAAGGTTTACA-1","male","EN-fetal-late",0.382510529059721,"LateFetal"
"CATTGTGCAATGCCCG-1","male","EN-fetal-late",-0.119899547267375,"LateFetal"
"CATTGTGCATCAATCG-1","male","EN-fetal-late",0.176251369261314,"LateFetal"
"CATTTGTTCAGAAACG-1","male","IN-fetal",0.741383282493471,"LateFetal"
"CATTTGTTCCTTCAAT-1","male","IN-fetal",0.283128328609372,"LateFetal"
"CATTTGTTCGGGCCAT-1","male","EN-fetal-late",-0.0842633053908666,"LateFetal"
"CCAAACCCAAGCTTAT-1","male","IN-fetal",0.755949931866688,"LateFetal"
"CCAAACTAGGCTACAT-1","male","EN-fetal-late",-0.448680032494917,"LateFetal"
"CCAAACTAGTTAGAGG-1","male","EN-fetal-late",0.50249207612224,"LateFetal"
"CCAACATAGGCTACTG-1","male","EN-fetal-late",-0.78629000479398,"LateFetal"
"CCAAGGCTCAATTACG-1","male","EN-fetal-late",-0.143632709914341,"LateFetal"
"CCAAGGCTCGCTAGCA-1","male","EN-fetal-late",0.267639317557028,"LateFetal"
"CCAAGTTAGCACTAGT-1","male","EN-fetal-late",0.632850708708473,"LateFetal"
"CCAAGTTAGGAGCACG-1","male","IN-fetal",-1.07322623078661,"LateFetal"
"CCAATATCAAGGTCGA-1","male","EN-fetal-late",-0.175486144461203,"LateFetal"
"CCACACAAGGCGCACT-1","male","EN-fetal-late",-0.33692833231904,"LateFetal"
"CCACACAAGTCTGGGC-1","male","EN-fetal-late",-0.356272485810666,"LateFetal"
"CCACAGGGTAAATTGC-1","male","EN-fetal-late",-0.367462239237929,"LateFetal"
"CCACATTGTTCACCCA-1","male","EN-fetal-late",0.732386751718524,"LateFetal"
"CCACTTGGTCAGGCAT-1","male","EN-fetal-late",-0.368315804261226,"LateFetal"
"CCACTTGGTGCAATAT-1","male","EN-fetal-late",-0.0393141276273497,"LateFetal"
"CCAGACTCATTATGGT-1","male","EN-fetal-late",-0.408659041832449,"LateFetal"
"CCAGCCTGTGGGTACT-1","male","EN-fetal-late",-0.117147245383234,"LateFetal"
"CCAGCCTGTTGGTTGA-1","male","EN-fetal-late",-0.56839936644261,"LateFetal"
"CCAGCCTGTTGTTGCT-1","male","EN-fetal-late",0.374751407833334,"LateFetal"
"CCAGCTGCAAGGAATC-1","male","EN-fetal-late",-0.264280085829465,"LateFetal"
"CCAGCTGCAGCAGGTA-1","male","EN-fetal-late",-0.14147752089847,"LateFetal"
"CCATAAATCGTACCGA-1","male","EN-fetal-late",0.782943715030867,"LateFetal"
"CCATAAGGTACGGTAC-1","male","EN-fetal-late",0.544328973624256,"LateFetal"
"CCATAAGGTTCGCGCT-1","male","EN-fetal-late",0.505026422158484,"LateFetal"
"CCATAAGGTTGAAGCC-1","male","EN-fetal-late",-0.209355958464941,"LateFetal"
"CCATAGCCACTGGCTG-1","male","EN-fetal-late",-0.0749083354540277,"LateFetal"
"CCATAGCCAGGTTAAA-1","male","EN-fetal-late",-0.31352151811033,"LateFetal"
"CCATATTTCCGCAACA-1","male","EN-fetal-late",0.0249633255940371,"LateFetal"
"CCATATTTCCTCACTA-1","male","EN-fetal-late",-0.582816334790135,"LateFetal"
"CCATCACTCACTTTAC-1","male","IN-fetal",0.470700525002464,"LateFetal"
"CCATCACTCATGCTAA-1","male","EN-fetal-late",0.985907344243944,"LateFetal"
"CCATCACTCGCTTCTA-1","male","IN-fetal",0.89387459137918,"LateFetal"
"CCATCATGTGAGCACT-1","male","EN-fetal-late",-0.134468719603019,"LateFetal"
"CCATCATGTTAACAGT-1","male","EN-fetal-late",-0.26407486443904,"LateFetal"
"CCATTATTCAGAAACG-1","male","EN-fetal-late",-0.18980154042786,"LateFetal"
"CCATTATTCCTGGTCT-1","male","EN-fetal-late",-0.145574257410045,"LateFetal"
"CCATTGTGTGAGCGAA-1","male","EN-fetal-late",-0.394916970853257,"LateFetal"
"CCATTGTGTTGCCTCA-1","male","EN-fetal-late",-0.686364710216013,"LateFetal"
"CCCAAATAGACAGGCG-1","male","EN-fetal-late",-0.191175412653716,"LateFetal"
"CCCAAATAGGGTTATC-1","male","EN-fetal-late",0.173835007149587,"LateFetal"
"CCCAGCACAACTCGCG-1","male","EN-fetal-late",-0.139346577435358,"LateFetal"
"CCCAGTTTCAAACCGT-1","male","IN-fetal",-0.308621400219731,"LateFetal"
"CCCAGTTTCAAGCGCC-1","male","EN-fetal-late",-0.601506961919225,"LateFetal"
"CCCAGTTTCATAACGC-1","male","EN-fetal-late",0.311552959274095,"LateFetal"
"CCCAGTTTCGAGGAGT-1","male","EN-fetal-late",0.315162477944262,"LateFetal"
"CCCAGTTTCGATATTG-1","male","EN-fetal-late",-0.431646237058858,"LateFetal"
"CCCATAACACAATGCC-1","male","IN-fetal",-0.0225749260310715,"LateFetal"
"CCCATAACATAATCGT-1","male","EN-fetal-late",-0.419285037311718,"LateFetal"
"CCCGCAACAATACTGT-1","male","EN-fetal-late",0.29541212062637,"LateFetal"
"CCCGCAACACATACTG-1","male","EN-fetal-late",-0.0813626598153234,"LateFetal"
"CCCGCAACAGCATGTC-1","male","EN-fetal-late",0.42583014705938,"LateFetal"
"CCCGCTTCACCCACAG-1","male","EN-fetal-late",0.420006675075201,"LateFetal"
"CCCGCTTCATAAACCT-1","male","EN-fetal-late",0.348240063564289,"LateFetal"
"CCCGTAAAGGCACAGG-1","male","EN-fetal-late",-0.254891066535258,"LateFetal"
"CCCGTTGTCCGTGACA-1","male","EN-fetal-late",0.0123399798379684,"LateFetal"
"CCCGTTGTCTGTGCAG-1","male","EN-fetal-late",0.783237850737928,"LateFetal"
"CCCTAATGTTTAACGG-1","male","EN-fetal-late",-0.104725664984683,"LateFetal"
"CCCTCACCAAAGGCCA-1","male","EN-fetal-late",0.393332403599449,"LateFetal"
"CCCTCACCAACAGCCT-1","male","EN-fetal-late",-0.697350146274989,"LateFetal"
"CCCTCACCAACTCGCG-1","male","IN-fetal",0.0527515992418828,"LateFetal"
"CCCTCAGTCACAGCCA-1","male","IN-fetal",0.21434134488823,"LateFetal"
"CCCTCAGTCCACCCTG-1","male","EN-fetal-late",-0.056797187857096,"LateFetal"
"CCCTCAGTCCATAAGC-1","male","EN-fetal-late",-0.19517052590748,"LateFetal"
"CCCTCAGTCCTGATTT-1","male","EN-fetal-late",-0.370829940995663,"LateFetal"
"CCCTCAGTCGGTTTGG-1","male","EN-fetal-late",-0.00606737424434619,"LateFetal"
"CCCTCAGTCTCACATT-1","male","IN-fetal",1.11598388945111,"LateFetal"
"CCCTCAGTCTCATCAT-1","male","EN-fetal-late",-0.65726382025817,"LateFetal"
"CCCTCATAGCGGGCAA-1","male","EN-fetal-late",1.07663970286473,"LateFetal"
"CCCTCATAGGAACGCG-1","male","EN-fetal-late",-0.136247929823193,"LateFetal"
"CCCTCATAGTGAGAGC-1","male","EN-fetal-late",0.0288278612366462,"LateFetal"
"CCCTGGACATCCTAGA-1","male","VSMC",-0.437249327161462,"LateFetal"
"CCCTGGACATGGCCCA-1","male","EN-fetal-late",1.04154713460914,"LateFetal"
"CCCTGTTAGAACCTGT-1","male","EN-fetal-late",0.286885771950335,"LateFetal"
"CCCTTAATCATAACTG-1","male","EN-fetal-late",-0.213882882561345,"LateFetal"
"CCCTTAATCCAAGTGT-1","male","EN-fetal-late",0.544290587577448,"LateFetal"
"CCGACAGGTCACGAAC-1","male","RG",-1.00525615736822,"LateFetal"
"CCGACAGGTTAAGGCC-1","male","EN-fetal-late",0.0353762253229163,"LateFetal"
"CCGCAAATCAGGAACA-1","male","EN-fetal-late",0.540363305216548,"LateFetal"
"CCGCAAATCCTGCGAA-1","male","EN-fetal-late",-0.750744419929663,"LateFetal"
"CCGCAAGGTATCTGGA-1","male","EN-fetal-late",0.0217944972570707,"LateFetal"
"CCGCAAGGTCTAGCTT-1","male","EN-fetal-late",0.695669742434976,"LateFetal"
"CCGCAAGGTGTGTGGT-1","male","IN-fetal",0.691418830039367,"LateFetal"
"CCGCAAGGTTGTAACG-1","male","EN-fetal-late",-0.283094612855795,"LateFetal"
"CCGCACACAAATTCGT-1","male","EN-fetal-late",0.150412077399779,"LateFetal"
"CCGCACACAACTGGCT-1","male","EN-fetal-late",-1.02454611186017,"LateFetal"
"CCGCACACACCAGGTT-1","male","EN-fetal-late",0.273654393145231,"LateFetal"
"CCGCACACAGGAATCG-1","male","EN-fetal-late",0.82748374863629,"LateFetal"
"CCGCCAACACGGTTTA-1","male","RG",0.370760188363869,"LateFetal"
"CCGCCAACACTTCATC-1","male","EN-fetal-late",0.444529903055576,"LateFetal"
"CCGCCAACAGGATGGC-1","male","EN-fetal-late",0.165957757955486,"LateFetal"
"CCGCTAGCAGCAACAG-1","male","EN-fetal-late",-0.643584987746462,"LateFetal"
"CCGGTTAAGCACAGAA-1","male","EN-fetal-late",-0.139975395068513,"LateFetal"
"CCGGTTAAGCGCAATT-1","male","EN-fetal-late",0.375667786538477,"LateFetal"
"CCGGTTAAGCGCATTG-1","male","IN-fetal",0.809005075224784,"LateFetal"
"CCGGTTAAGGTCCTAG-1","male","EN-fetal-late",0.270038720483291,"LateFetal"
"CCGTGCTGTCCTCCAA-1","male","EN-fetal-late",-0.126633650084018,"LateFetal"
"CCGTGCTGTTAGCATG-1","male","EN-fetal-late",-0.400441204636722,"LateFetal"
"CCGTGCTGTTGCCTCA-1","male","EN-fetal-late",-0.485401616190185,"LateFetal"
"CCGTTATGTTTCCTCC-1","male","EN-fetal-late",0.467439378544448,"LateFetal"
"CCGTTGCGTCATTGTC-1","male","IN-fetal",1.6374475326567,"LateFetal"
"CCGTTGCGTTTCGCCA-1","male","EN-fetal-late",1.51444589338279,"LateFetal"
"CCTAAAGGTACGCGCA-1","male","EN-fetal-late",-0.666829994263073,"LateFetal"
"CCTAAAGGTCAACAAT-1","male","EN-fetal-late",0.000166732885158935,"LateFetal"
"CCTAAAGGTCCGCTGT-1","male","EN-fetal-late",-0.294742091458925,"LateFetal"
"CCTAAAGGTCCTAACT-1","male","EN-fetal-late",-0.495791440900216,"LateFetal"
"CCTAAAGGTTCCGGCT-1","male","IN-fetal",-0.460459759699305,"LateFetal"
"CCTAAATCAAACTGCC-1","male","EN-fetal-late",-0.564668252949455,"LateFetal"
"CCTAAATCATAAGTCT-1","male","EN-fetal-late",-0.500933097821585,"LateFetal"
"CCTAAATCATATTGAC-1","male","EN-fetal-late",0.633025795590778,"LateFetal"
"CCTAAGCCACCTGTAA-1","male","EN-fetal-late",0.35210631037589,"LateFetal"
"CCTAAGCCACTTAGGC-1","male","EN-fetal-late",-0.127638253470442,"LateFetal"
"CCTAAGGTCAATGTCA-1","male","EN-fetal-late",0.508773421201357,"LateFetal"
"CCTAAGTAGGCCCAGT-1","male","EN-fetal-late",0.0157028839275871,"LateFetal"
"CCTAAGTAGGGATGAC-1","male","EN-fetal-late",1.23713837524126,"LateFetal"
"CCTAAGTAGGTGAGAC-1","male","EN-fetal-late",-0.530081647824829,"LateFetal"
"CCTAATAAGCAGGTTT-1","male","EN-fetal-late",-0.0899838653938188,"LateFetal"
"CCTAATCGTAATCGTG-1","male","EN-fetal-late",-0.310534530697117,"LateFetal"
"CCTAATCGTAATTAGC-1","male","EN-fetal-late",0.154473610762006,"LateFetal"
"CCTAATCGTCCTCCAA-1","male","EN-fetal-late",-0.18459630647155,"LateFetal"
"CCTAATCGTTGCTTCG-1","male","EN-fetal-late",-0.553409940680835,"LateFetal"
"CCTACTTCAAGGGTTG-1","male","EN-fetal-late",-0.444465705100191,"LateFetal"
"CCTACTTCAGAATGAC-1","male","EN-fetal-late",-0.458602833179337,"LateFetal"
"CCTACTTCATTGTGGC-1","male","EN-fetal-late",-1.21407757247349,"LateFetal"
"CCTAGTTGTGAATCGC-1","male","EN-fetal-late",0.457745586044112,"LateFetal"
"CCTAGTTGTTCAAGAT-1","male","EN-fetal-late",-0.881877709300498,"LateFetal"
"CCTATAGCAAGCCAGA-1","male","EN-fetal-late",1.24092277021342,"LateFetal"
"CCTATATTCACAGCGC-1","male","EN-fetal-late",0.368909919047908,"LateFetal"
"CCTATATTCATGTGGT-1","male","EN-fetal-late",0.194810651881341,"LateFetal"
"CCTATATTCGCTATGG-1","male","IN-fetal",0.373500061721053,"LateFetal"
"CCTATTGTCCTCCATA-1","male","IN-fetal",0.474115482937082,"LateFetal"
"CCTATTTAGCCTCTCG-1","male","EN-fetal-late",-1.43209043006881,"LateFetal"
"CCTCAAACAACTAACT-1","male","EN-fetal-late",-0.137556158323682,"LateFetal"
"CCTCAAACAGTTTGTG-1","male","EN-fetal-late",0.610258539130238,"LateFetal"
"CCTCAAACATCTTGAG-1","male","EN-fetal-late",-0.895434195399369,"LateFetal"
"CCTCAATGTATTTGCC-1","male","EN-fetal-late",0.807500206666487,"LateFetal"
"CCTCAATGTCTTTATG-1","male","VSMC",-0.446375254391861,"LateFetal"
"CCTCCTGAGACAAAGT-1","male","IN-fetal",0.339579027465344,"LateFetal"
"CCTCCTGAGCCGCAGT-1","male","EN-fetal-late",0.206497998333716,"LateFetal"
"CCTGAATAGCGGGCAA-1","male","EN-fetal-late",-0.48411569365429,"LateFetal"
"CCTGACTTCATGCTCC-1","male","EN-fetal-late",-0.027820159713089,"LateFetal"
"CCTGACTTCCTCCATA-1","male","EN-fetal-late",-0.942265890597162,"LateFetal"
"CCTGACTTCTAAGGAG-1","male","EN-fetal-late",-0.497506521213709,"LateFetal"
"CCTGAGTCACAAACTT-1","male","EN-fetal-late",-1.61901203810235,"LateFetal"
"CCTGAGTCATGACTAT-1","male","EN-fetal-late",0.0770016275586802,"LateFetal"
"CCTGATGAGTAACTCA-1","male","EN-fetal-late",-0.0577476327178467,"LateFetal"
"CCTGATGAGTCACTAA-1","male","EN-fetal-late",0.236149077903854,"LateFetal"
"CCTGATGAGTCCTTCA-1","male","IN-fetal",1.02894972782807,"LateFetal"
"CCTGCTCCATAAGTTC-1","male","EN-fetal-late",0.563381850364746,"LateFetal"
"CCTGGATCAGCAACCT-1","male","EN-fetal-late",0.431143966606528,"LateFetal"
"CCTGGATCATACCCGG-1","male","IN-fetal",0.213873994353018,"LateFetal"
"CCTGTAACACTCAACA-1","male","EN-fetal-late",-0.729080804959941,"LateFetal"
"CCTGTAACAGTTGCGT-1","male","EN-fetal-late",-0.885552076517082,"LateFetal"
"CCTGTATGTCTATCGT-1","male","EN-fetal-late",-0.122742643004121,"LateFetal"
"CCTGTATGTTCCTGAT-1","male","IN-fetal",1.35851359540695,"LateFetal"
"CCTGTATGTTGTAAAC-1","male","EN-fetal-late",0.0040022661101044,"LateFetal"
"CCTGTTGGTAAACAAG-1","male","EN-fetal-late",0.298550039674976,"LateFetal"
"CCTTAACGTGGTTAGC-1","male","EN-fetal-late",-0.451009310039042,"LateFetal"
"CCTTACTCACGTGCTG-1","male","EN-fetal-late",-0.345394379366067,"LateFetal"
"CCTTAGTGTTAAGCGC-1","male","IN-fetal",-0.3017377895393,"LateFetal"
"CCTTAGTGTTAGTACG-1","male","EN-fetal-late",-0.344320516466928,"LateFetal"
"CCTTAGTGTTGCAGTA-1","male","EN-fetal-late",0.180493869153876,"LateFetal"
"CCTTATGTCACAAGCT-1","male","EN-fetal-late",-0.782533431496496,"LateFetal"
"CCTTATGTCCTCCCTC-1","male","EN-fetal-late",-0.240012360039584,"LateFetal"
"CCTTCAGGTTGCCTCA-1","male","EN-fetal-late",0.408619422311689,"LateFetal"
"CCTTCGGTCCTCCTAA-1","male","EN-fetal-late",0.229087682318019,"LateFetal"
"CCTTCGTAGCTAAAGG-1","male","EN-fetal-late",0.837475732328387,"LateFetal"
"CCTTCGTAGTATGTGC-1","male","EN-fetal-late",-0.317529259280222,"LateFetal"
"CCTTGCGTCTAAGTCA-1","male","EN-fetal-late",0.404833195692517,"LateFetal"
"CCTTGTTCAAGCTTAT-1","male","EN-fetal-late",-0.991246932688071,"LateFetal"
"CCTTGTTCACATAACT-1","male","EN-fetal-late",0.712888717107148,"LateFetal"
"CCTTGTTCATAAACCT-1","male","EN-fetal-late",0.32236424087763,"LateFetal"
"CCTTTAGTCTAAGTGC-1","male","EN-fetal-late",0.0801783558793698,"LateFetal"
"CGAAATGAGGTCCACA-1","male","IN-fetal",0.136371187765572,"LateFetal"
"CGAAATGAGTTACTTC-1","male","EN-fetal-late",-0.53881343439759,"LateFetal"
"CGAACAAAGAGGAGGA-1","male","EN-fetal-late",0.25412829071239,"LateFetal"
"CGAACAAAGCCTAACG-1","male","EN-fetal-late",0.336617968168075,"LateFetal"
"CGAACAAAGCCTGTGA-1","male","EN-fetal-late",1.02507411363692,"LateFetal"
"CGAACAAAGCGGGCAA-1","male","EN-fetal-late",0.223126912365769,"LateFetal"
"CGAACCGGTATTGGTG-1","male","EN-fetal-late",-0.58160878085903,"LateFetal"
"CGAAGAATCAAACACC-1","male","EN-fetal-late",-0.45865138381394,"LateFetal"
"CGAAGCCTCTTGCAGG-1","male","Pericytes",1.40272951586977,"LateFetal"
"CGAAGCGAGAATCGCT-1","male","EN-fetal-late",-0.24525148129561,"LateFetal"
"CGAAGGCCACAGGATG-1","male","EN-fetal-late",0.432672787649699,"LateFetal"
"CGAAGGCCACCTCGCT-1","male","IN-fetal",-0.279054151243284,"LateFetal"
"CGAAGGCCACGAATCC-1","male","EN-fetal-late",0.270604868481056,"LateFetal"
"CGAAGTAAGCTCAATA-1","male","EN-fetal-late",0.161809725749176,"LateFetal"
"CGAAGTAAGTTGGATC-1","male","IN-fetal",-0.592643258979099,"LateFetal"
"CGAATATGTGTGTGGT-1","male","EN-fetal-late",-0.639184272847637,"LateFetal"
"CGAATCTAGAGGAAGG-1","male","EN-fetal-late",0.510896627522327,"LateFetal"
"CGAATCTAGCACTAAC-1","male","EN-fetal-late",-0.407477005633687,"LateFetal"
"CGAATCTAGCGGATTT-1","male","EN-fetal-late",-0.131962324985724,"LateFetal"
"CGAATCTAGTTAGTTG-1","male","EN-fetal-late",-0.29683902415552,"LateFetal"
"CGACCTGCACCCACAG-1","male","EN-fetal-late",-0.361877073299456,"LateFetal"
"CGACTAAGTTTAGCGA-1","male","IN-fetal",0.0446726516071283,"LateFetal"
"CGAGCGAAGCAGCTCA-1","male","EN-fetal-late",0.72109358584121,"LateFetal"
"CGAGGAAGTCAAAGAA-1","male","IN-fetal",0.114877621672284,"LateFetal"
"CGAGGAAGTCTTGCAT-1","male","IN-fetal",-0.143324166149359,"LateFetal"
"CGAGGCAAGGCAAGTA-1","male","EN-fetal-late",-0.129186482307847,"LateFetal"
"CGAGGTGAGCCTTAAA-1","male","EN-fetal-late",-1.31800444128079,"LateFetal"
"CGAGGTGAGTGAGCAA-1","male","EN-fetal-late",0.232974811685774,"LateFetal"
"CGAGTCGGTTAGAGCC-1","male","EN-fetal-late",0.411309514057657,"LateFetal"
"CGATATTCAATTAAGG-1","male","EN-fetal-late",0.485997977738317,"LateFetal"
"CGATATTCAGGCCAAA-1","male","EN-fetal-late",0.539503334301374,"LateFetal"
"CGATCCTTCATGCATA-1","male","EN-fetal-late",0.0888278529585315,"LateFetal"
"CGATCCTTCATTGCGG-1","male","EN-fetal-late",-0.00169074396563341,"LateFetal"
"CGATCCTTCCGGAACC-1","male","EN-fetal-late",-0.556467025214848,"LateFetal"
"CGATGTCCAATCTCTC-1","male","RG",0.0891541359387705,"LateFetal"
"CGATGTCCAGCCGCTA-1","male","EN-fetal-late",0.165999552417033,"LateFetal"
"CGATGTCCATAGCGAG-1","male","EN-fetal-late",-0.421441169555157,"LateFetal"
"CGATGTCCATTGTGGC-1","male","EN-fetal-late",1.19855620104081,"LateFetal"
"CGATTATCAGGACCAA-1","male","EN-fetal-late",-0.495647727744007,"LateFetal"
"CGATTATCATAGCTTG-1","male","IN-fetal",0.808037520005912,"LateFetal"
"CGATTCCTCGTTAACA-1","male","EN-fetal-late",0.596254167536479,"LateFetal"
"CGATTCCTCTCCATGC-1","male","IN-fetal",-0.0797969179502471,"LateFetal"
"CGATTCCTCTTAATGG-1","male","EN-fetal-late",-0.278474671013327,"LateFetal"
"CGATTGAGTGGACATC-1","male","EN-fetal-late",-0.397886342104757,"LateFetal"
"CGATTTGCAAACTCAT-1","male","EN-fetal-late",0.606514841084423,"LateFetal"
"CGATTTGCAACCTAAT-1","male","EN-fetal-late",-0.402191541282013,"LateFetal"
"CGATTTGCAGAACCGA-1","male","EN-fetal-late",-0.307804458558747,"LateFetal"
"CGATTTGCAGGTTAAA-1","male","EN-fetal-late",0.435228918330841,"LateFetal"
"CGCAAATTCACAAGCT-1","male","EN-fetal-late",0.19623512442406,"LateFetal"
"CGCAAATTCATTACAG-1","male","EN-fetal-late",0.112618000290984,"LateFetal"
"CGCAAATTCCCGCATT-1","male","EN-fetal-late",-0.303353952633167,"LateFetal"
"CGCAAATTCCCTCAGT-1","male","EN-fetal-late",-0.999060226724077,"LateFetal"
"CGCAATAGTACGGGTT-1","male","EN-fetal-late",-0.727701705333814,"LateFetal"
"CGCAATAGTAGCCATA-1","male","EN-fetal-late",-0.44076565867522,"LateFetal"
"CGCAATCCATTGACAT-1","male","EN-fetal-late",-0.24875282319482,"LateFetal"
"CGCAATTAGACAAGTG-1","male","EN-fetal-late",-0.192774392651483,"LateFetal"
"CGCAATTAGCCACAAT-1","male","EN-fetal-late",0.0378736871127304,"LateFetal"
"CGCAATTAGCTATGAC-1","male","IN-fetal",-0.135049742754675,"LateFetal"
"CGCAATTAGGCTAAGA-1","male","EN-fetal-late",-0.326187376246963,"LateFetal"
"CGCACAATCCAAGTGT-1","male","EN-fetal-late",0.239530475342863,"LateFetal"
"CGCACAATCCGGCTAA-1","male","EN-fetal-late",0.505098996873164,"LateFetal"
"CGCACAATCTGTTGCC-1","male","EN-fetal-late",0.302639354780794,"LateFetal"
"CGCACACAGTTGTCCC-1","male","EN-fetal-late",-0.376073332855231,"LateFetal"
"CGCACCACAATTAAGG-1","male","EN-fetal-late",-0.425515988285316,"LateFetal"
"CGCACCACAGCAAATA-1","male","EN-fetal-late",-0.559647374777574,"LateFetal"
"CGCACCACAGCATGGA-1","male","EN-fetal-late",1.11962695467114,"LateFetal"
"CGCACCACAGTTTCTC-1","male","IN-fetal",0.78128388954639,"LateFetal"
"CGCACCACATGAAGTA-1","male","IN-fetal",0.552350025920868,"LateFetal"
"CGCATATAGCATGACT-1","male","EN-fetal-late",1.46559379640351,"LateFetal"
"CGCATATAGTAGGATG-1","male","EN-fetal-late",-1.26410510006142,"LateFetal"
"CGCATGATCAGGATGA-1","male","EN-fetal-late",-0.570568516168446,"LateFetal"
"CGCATGATCAGGTTTA-1","male","EN-fetal-late",-0.503208939404601,"LateFetal"
"CGCATGATCCGTCCAT-1","male","EN-fetal-late",-0.378113407717581,"LateFetal"
"CGCATTACAGCAATAA-1","male","EN-fetal-late",-0.487063894367982,"LateFetal"
"CGCATTTGTTACCGGG-1","male","EN-fetal-late",-0.00971480181412302,"LateFetal"
"CGCATTTGTTGGCCGA-1","male","EN-fetal-late",0.33525452166372,"LateFetal"
"CGCCAAATCATTTGCT-1","male","EN-fetal-late",-0.880670979567578,"LateFetal"
"CGCCAAATCTAATTGG-1","male","EN-fetal-late",-0.82305528033499,"LateFetal"
"CGCCACACAAGGTGGC-1","male","EN-fetal-late",-0.137890824209736,"LateFetal"
"CGCCACACACAAAGAC-1","male","EN-fetal-late",-0.380005637771993,"LateFetal"
"CGCCTCATCAAGCTAC-1","male","IN-fetal",-0.0484867454139784,"LateFetal"
"CGCCTCATCATGCTCC-1","male","Microglia",-0.441841351068802,"LateFetal"
"CGCCTCATCCGCAAGC-1","male","IN-fetal",-0.933195541866681,"LateFetal"
"CGCGATTCACACCAAC-1","male","IN-fetal",-0.262819143826136,"LateFetal"
"CGCGATTCACTAGCGT-1","male","EN-fetal-late",-0.374221205850639,"LateFetal"
"CGCGGATTCCGTCCAT-1","male","EN-fetal-late",0.544324278776572,"LateFetal"
"CGCGGATTCCTTCTAG-1","male","EN-fetal-late",-1.25393064849502,"LateFetal"
"CGCTAACCACAAAGAC-1","male","EN-fetal-late",0.487298012805689,"LateFetal"
"CGCTAACCATTGCAGC-1","male","EN-fetal-late",0.699742279767637,"LateFetal"
"CGCTAATAGTACTGGT-1","male","IN-fetal",-0.99070682776731,"LateFetal"
"CGCTATGAGGCTCATG-1","male","EN-fetal-late",-0.800970265123248,"LateFetal"
"CGCTATGAGTATTGCA-1","male","IN-fetal",0.159888293228861,"LateFetal"
"CGCTATGAGTTATGTG-1","male","EN-fetal-late",-0.0621898691288071,"LateFetal"
"CGCTCAGCAACTCGCG-1","male","EN-fetal-late",0.0789445697226037,"LateFetal"
"CGCTCAGCATAGGCGA-1","male","EN-fetal-late",-0.00538184604704227,"LateFetal"
"CGCTCCATCTCACTCA-1","male","EN-fetal-late",0.784050976028854,"LateFetal"
"CGCTGTGCAACTAGGG-1","male","EN-fetal-late",-0.740051241147021,"LateFetal"
"CGCTTAACAAGTTATC-1","male","EN-fetal-late",0.460214791912206,"LateFetal"
"CGCTTAACAGGCTAAG-1","male","EN-fetal-late",-0.288765286948646,"LateFetal"
"CGCTTACTCATGTTTC-1","male","EN-fetal-late",1.40919990618807,"LateFetal"
"CGCTTCTAGAACCTAC-1","male","EN-fetal-late",0.334664083745607,"LateFetal"
"CGCTTCTAGTTCCTGC-1","male","EN-fetal-late",0.565144348997054,"LateFetal"
"CGCTTGCGTATGTGGC-1","male","EN-fetal-late",0.220225021601714,"LateFetal"
"CGCTTGCGTTAGGTTG-1","male","EN-fetal-late",0.402168381372343,"LateFetal"
"CGGAATCGTTAAGCCA-1","male","EN-fetal-late",0.733427698513785,"LateFetal"
"CGGACAACAAGCCAGA-1","male","EN-fetal-late",0.519717712388346,"LateFetal"
"CGGACAACAATAATCC-1","male","EN-fetal-late",-0.830300507018923,"LateFetal"
"CGGACAACAGCCAGAA-1","male","EN-fetal-late",-0.411289290210273,"LateFetal"
"CGGAGTCTCAAACCTA-1","male","EN-fetal-late",-0.186185384190933,"LateFetal"
"CGGAGTCTCAGAAACG-1","male","EN-fetal-late",-0.406907249506614,"LateFetal"
"CGGATAAAGGCCTGGT-1","male","EN-fetal-late",0.399384428798547,"LateFetal"
"CGGATTAGTTGGCGTG-1","male","EN-fetal-late",0.337549783088464,"LateFetal"
"CGGCTAATCCGCATGA-1","male","EN-fetal-late",0.547935379480264,"LateFetal"
"CGGCTCACACCTGTAA-1","male","EN-fetal-late",-0.141624653052977,"LateFetal"
"CGGCTCACAGCTAATT-1","male","EN-fetal-late",-1.12821363331915,"LateFetal"
"CGGGACAAGAAAGGAA-1","male","EN-fetal-late",-0.45568985463549,"LateFetal"
"CGGGACAAGGAAACTG-1","male","IN-fetal",-0.570283312448213,"LateFetal"
"CGGGCTTAGCGATAAG-1","male","EN-fetal-late",-1.07843387334612,"LateFetal"
"CGGGTATGTCGCATAA-1","male","EN-fetal-late",0.0596683291052282,"LateFetal"
"CGGGTCTAGGAGGGTT-1","male","EN-fetal-late",1.05882349477095,"LateFetal"
"CGGGTCTAGGCTAAGA-1","male","EN-fetal-late",0.0643691979472993,"LateFetal"
"CGGGTCTAGTTATGTG-1","male","IN-fetal",-0.917693988891611,"LateFetal"
"CGGTAACGTACCTTAC-1","male","EN-fetal-late",-0.377682633431862,"LateFetal"
"CGGTGAACATGTTTGG-1","male","EN-fetal-late",-0.22816751525618,"LateFetal"
"CGGTGAACATTGTTGG-1","male","EN-fetal-late",-0.658164054101219,"LateFetal"
"CGGTGAGAGACAACGA-1","male","EN-fetal-late",0.407553635369027,"LateFetal"
"CGGTGAGAGCACGTTG-1","male","EN-fetal-late",-0.43062893294406,"LateFetal"
"CGGTGAGAGCCTAATA-1","male","EN-fetal-late",0.0792046792665703,"LateFetal"
"CGGTGAGAGTCCTTTG-1","male","EN-fetal-late",0.467134491335764,"LateFetal"
"CGGTTATAGTTATCTC-1","male","EN-fetal-late",0.152462262001475,"LateFetal"
"CGGTTTCTCAATAGCC-1","male","EN-fetal-late",-0.0352909028689301,"LateFetal"
"CGGTTTCTCATGGTGT-1","male","EN-fetal-late",0.244612173079679,"LateFetal"
"CGGTTTGAGATGGAGC-1","male","EN-fetal-late",-0.554021338171542,"LateFetal"
"CGGTTTGAGTTTAACG-1","male","EN-fetal-late",-1.38008268493482,"LateFetal"
"CGTAACCCAACAGCCT-1","male","EN-fetal-late",-0.802879549080781,"LateFetal"
"CGTAACCCAATTAGGA-1","male","EN-fetal-late",0.0895710569548276,"LateFetal"
"CGTAACTAGGACTTAC-1","male","EN-fetal-late",0.275724935109196,"LateFetal"
"CGTACGGGTAGTTAAC-1","male","EN-fetal-late",0.040902511238173,"LateFetal"
"CGTAGCGGTAATGACT-1","male","EN-fetal-late",-1.02117727745889,"LateFetal"
"CGTAGCGGTGGGAACA-1","male","EN-fetal-late",-0.129708528611187,"LateFetal"
"CGTAGTTAGAGAAGGG-1","male","IN-fetal",0.55150833952095,"LateFetal"
"CGTAGTTAGTCACTAA-1","male","IN-fetal",0.122170503402545,"LateFetal"
"CGTCAATAGCATTATG-1","male","EN-fetal-late",-0.0103630332150512,"LateFetal"
"CGTCAATAGGTGCGGA-1","male","EN-fetal-late",-0.0477425908408888,"LateFetal"
"CGTCAATAGTAAGGGC-1","male","EN-fetal-late",0.201579247598544,"LateFetal"
"CGTCATTGTAATCGTG-1","male","EN-fetal-late",0.93539093974918,"LateFetal"
"CGTCATTGTGTCCAGG-1","male","EN-fetal-late",0.138603389855797,"LateFetal"
"CGTCCTAGTATACTGG-1","male","EN-fetal-late",-0.22902625116653,"LateFetal"
"CGTGACATCACTTTAC-1","male","IN-fetal",-0.729977662202775,"LateFetal"
"CGTGACATCCTTGAGG-1","male","EN-fetal-late",0.381582222902375,"LateFetal"
"CGTGACATCTAGCGTG-1","male","IN-fetal",1.41673280479445,"LateFetal"
"CGTGACATCTGCAACG-1","male","IN-fetal",0.450148854326007,"LateFetal"
"CGTGAGGAGACAGGCG-1","male","EN-fetal-late",-0.382364534504622,"LateFetal"
"CGTGCACAGATAGACG-1","male","EN-fetal-late",-0.427137288501392,"LateFetal"
"CGTGCACAGGGCTTTG-1","male","EN-fetal-late",0.0151441633657094,"LateFetal"
"CGTGCACAGGTAACGA-1","male","RG",-0.106290261833012,"LateFetal"
"CGTGCACAGTGAGGTA-1","male","EN-fetal-late",-0.309152864427435,"LateFetal"
"CGTGCTGCAACATAAG-1","male","EN-fetal-late",-0.366246738300718,"LateFetal"
"CGTGCTGCAACGTGCT-1","male","IN-fetal",0.680855729441585,"LateFetal"
"CGTGCTGCACCTCAGG-1","male","EN-fetal-late",0.658852240077478,"LateFetal"
"CGTGCTTTCATGTTTC-1","male","EN-fetal-late",-0.111871895671461,"LateFetal"
"CGTGCTTTCCTAAGTA-1","male","EN-fetal-late",-0.227392935878767,"LateFetal"
"CGTGCTTTCGCGACAC-1","male","EN-fetal-late",-0.288463256704379,"LateFetal"
"CGTGTTACACGGTTTA-1","male","EN-fetal-late",0.243185660364393,"LateFetal"
"CGTGTTACAGCTTACA-1","male","IN-fetal",0.88226120107789,"LateFetal"
"CGTTAAATCAATCTCT-1","male","EN-fetal-late",-0.754660537858607,"LateFetal"
"CGTTAACAGACAACGA-1","male","OPC",-0.107848731408439,"LateFetal"
"CGTTAGGTCATTACTC-1","male","EN-fetal-late",0.446198716758747,"LateFetal"
"CGTTAGTAGTTTGCGG-1","male","EN-fetal-late",-0.307576326215807,"LateFetal"
"CGTTATCGTCACGGAT-1","male","EN-fetal-late",0.174814682476143,"LateFetal"
"CGTTGCAAGGTGTCCA-1","male","EN-fetal-late",0.374811641096541,"LateFetal"
"CGTTGCAAGTCACTAA-1","male","EN-fetal-late",0.00852484861050766,"LateFetal"
"CGTTGCAAGTGGCGGA-1","male","IN-fetal",-0.538525360473415,"LateFetal"
"CGTTGCGCATGACTAT-1","male","EN-fetal-late",0.10559092707086,"LateFetal"
"CGTTTCTCAAACTCAT-1","male","EN-fetal-late",-0.102869261662254,"LateFetal"
"CGTTTCTCACAGCCAT-1","male","EN-fetal-late",1.12993090891171,"LateFetal"
"CGTTTGGAGTGAACAG-1","male","IN-fetal",0.788576145092393,"LateFetal"
"CGTTTGTGTGAGAAAC-1","male","EN-fetal-late",0.986002282677004,"LateFetal"
"CTAAAGCTCACCGGTA-1","male","EN-fetal-late",-0.132790551944095,"LateFetal"
"CTAAATGTCAAGGACA-1","male","EN-fetal-late",-0.24281132330327,"LateFetal"
"CTAAATGTCATCAGTA-1","male","IN-fetal",0.340014350550973,"LateFetal"
"CTAACCACAAATATCC-1","male","EN-fetal-late",0.142090184029923,"LateFetal"
"CTAACCACACTAGCGT-1","male","IN-fetal",0.118967013104168,"LateFetal"
"CTAACCCTCTTTAAGG-1","male","Pericytes",0.358053079616427,"LateFetal"
"CTAACCTGTGTTAAAC-1","male","EN-fetal-late",-0.740497919321561,"LateFetal"
"CTAACCTGTTTACCGT-1","male","IN-fetal",0.801869557350389,"LateFetal"
"CTAACCTGTTTGTTGC-1","male","EN-fetal-late",-0.650930413807026,"LateFetal"
"CTAAGGTTCAGGGCCT-1","male","EN-fetal-late",0.353597712610424,"LateFetal"
"CTAAGGTTCATGCATA-1","male","IN-fetal",0.658807679987327,"LateFetal"
"CTAAGTCAGCCACATG-1","male","EN-fetal-late",0.793731676512676,"LateFetal"
"CTAAGTCAGCTATTGA-1","male","EN-fetal-late",0.381686601666303,"LateFetal"
"CTAATAGTCACAGCCA-1","male","EN-fetal-late",0.228050971859637,"LateFetal"
"CTAATCCGTCAAAGGG-1","male","EN-fetal-late",-0.716449542738074,"LateFetal"
"CTAATCCGTGCATCGG-1","male","EN-fetal-late",0.215142673312805,"LateFetal"
"CTAATCCGTGGTTCCC-1","male","RG",0.0138049348729655,"LateFetal"
"CTAATCCGTTCGCGCT-1","male","EN-fetal-late",-0.210376560355157,"LateFetal"
"CTAATCGCAATATACC-1","male","IN-fetal",-0.370258653811029,"LateFetal"
"CTAATCGCATCTTGAG-1","male","EN-fetal-late",1.45061029178894,"LateFetal"
"CTAATGTCAGGCGAGT-1","male","EN-fetal-late",-0.562294764499699,"LateFetal"
"CTAATGTCATTGTGTG-1","male","EN-fetal-late",-1.17991759513322,"LateFetal"
"CTAATTGAGGGTCCAC-1","male","EN-fetal-late",-0.0088537995446246,"LateFetal"
"CTACAACAGCAGGCCT-1","male","EN-fetal-late",0.255099236289278,"LateFetal"
"CTACAACAGCATTTCT-1","male","EN-fetal-late",-0.500668510144655,"LateFetal"
"CTACCGGCAATCATGT-1","male","EN-fetal-late",0.633440175757564,"LateFetal"
"CTACCGGCACCGTTCC-1","male","IN-fetal",0.301142111760402,"LateFetal"
"CTACCTCAGGGCCATC-1","male","EN-fetal-late",0.0516271573044491,"LateFetal"
"CTACTAAAGGCAACAA-1","male","EN-fetal-late",0.278095879094184,"LateFetal"
"CTACTAAAGGCGGATG-1","male","EN-fetal-late",-1.01977600985044,"LateFetal"
"CTACTAAAGGTCCACA-1","male","EN-fetal-late",0.218470491991647,"LateFetal"
"CTACTTAGTCGCATAA-1","male","EN-fetal-late",-0.1342584021523,"LateFetal"
"CTAGATTCAATGCCCG-1","male","EN-fetal-late",0.00571567022316695,"LateFetal"
"CTAGATTCAGGCTAGA-1","male","EN-fetal-late",-0.2379556970003,"LateFetal"
"CTAGATTCATGTGGGA-1","male","EN-fetal-late",1.0314281509235,"LateFetal"
"CTAGCGGGTCCGTGAG-1","male","EN-fetal-late",0.090543245099248,"LateFetal"
"CTAGCTGAGCCTGAGC-1","male","EN-fetal-late",-0.581875834984234,"LateFetal"
"CTAGGACGTGGATTGC-1","male","EN-fetal-late",0.729963413053211,"LateFetal"
"CTAGTAATCCTGGTCT-1","male","IN-fetal",-0.00798069245449367,"LateFetal"
"CTAGTCGAGAGGAGTC-1","male","EN-fetal-late",-0.399221138958374,"LateFetal"
"CTAGTCGAGCTGTCAG-1","male","EN-fetal-late",1.32509698291998,"LateFetal"
"CTAGTCGAGTTTCCTG-1","male","EN-fetal-late",-0.0230267184242116,"LateFetal"
"CTAGTGAGTGATGGCT-1","male","EN-fetal-late",-0.709534424667498,"LateFetal"
"CTAGTTGCAATATACC-1","male","EN-fetal-late",0.355486552831424,"LateFetal"
"CTATAACCATAATTGC-1","male","EN-fetal-late",0.779718951128487,"LateFetal"
"CTATGACAGGACAATG-1","male","EN-fetal-late",-0.00886707140676014,"LateFetal"
"CTATGACAGTGAGAGC-1","male","EN-fetal-late",0.081486590985957,"LateFetal"
"CTATGAGGTAACGTGC-1","male","EN-fetal-late",-0.346765609008726,"LateFetal"
"CTATGATCAATGCCTA-1","male","EN-fetal-late",1.12038752222028,"LateFetal"
"CTATGTTTCGTTACTT-1","male","EN-fetal-late",-0.644287428961375,"LateFetal"
"CTATTCAGTTGGTTAG-1","male","EN-fetal-late",-0.157819531861034,"LateFetal"
"CTATTGAAGCAAGGGT-1","male","EN-fetal-late",0.485164301483965,"LateFetal"
"CTATTGAAGCCATCAG-1","male","EN-fetal-late",-0.122605743154658,"LateFetal"
"CTATTGAAGCTATTAG-1","male","EN-fetal-late",0.535526492315265,"LateFetal"
"CTATTGAAGGGTCTAT-1","male","EN-fetal-late",1.23467213344305,"LateFetal"
"CTCAATAAGCGTGCAC-1","male","EN-fetal-late",0.224380085229923,"LateFetal"
"CTCAATAAGCTCCTTA-1","male","EN-fetal-late",0.00217026313758739,"LateFetal"
"CTCAATAAGGGCCACT-1","male","EN-fetal-late",-0.27193299506535,"LateFetal"
"CTCACAACAAACTCAT-1","male","EN-fetal-late",1.0708417558388,"LateFetal"
"CTCACAACACATTGCA-1","male","EN-fetal-late",-0.0257494430870442,"LateFetal"
"CTCACAACATGCTTAG-1","male","EN-fetal-late",0.493050840515951,"LateFetal"
"CTCAGGATCGGCTAGC-1","male","IN-fetal",0.802242128576259,"LateFetal"
"CTCATCATCAGCACCA-1","male","EN-fetal-late",0.662607014764071,"LateFetal"
"CTCATCATCTGGTCCT-1","male","EN-fetal-late",-0.50636864666523,"LateFetal"
"CTCATGACATCATGTG-1","male","EN-fetal-late",-0.873979776638708,"LateFetal"
"CTCATGCTCATAACTG-1","male","IN-fetal",-0.462612092568565,"LateFetal"
"CTCATTAGTCACAGCG-1","male","EN-fetal-late",0.309861606632312,"LateFetal"
"CTCATTAGTCCTTAGT-1","male","EN-fetal-late",0.365232234878113,"LateFetal"
"CTCATTAGTTCCTGTG-1","male","IN-fetal",-0.458429515956226,"LateFetal"
"CTCATTAGTTGGCGTG-1","male","EN-fetal-late",1.29715284740923,"LateFetal"
"CTCATTTAGGTTTACA-1","male","IN-fetal",0.317648057445715,"LateFetal"
"CTCCAAACAATCCTGA-1","male","EN-fetal-late",0.314787099052172,"LateFetal"
"CTCCAAACACCAAAGG-1","male","EN-fetal-late",0.358235941669625,"LateFetal"
"CTCCAACTCAATCATG-1","male","EN-fetal-late",-0.740212086210456,"LateFetal"
"CTCCAACTCGTCCTTA-1","male","EN-fetal-late",0.98419466527059,"LateFetal"
"CTCCAACTCTACCTCA-1","male","EN-fetal-late",0.372444569667356,"LateFetal"
"CTCCAACTCTTTAAGG-1","male","EN-fetal-late",-0.250258765189339,"LateFetal"
"CTCCATCAGACAACAG-1","male","EN-fetal-late",-0.959772709746601,"LateFetal"
"CTCCCTGAGGCTAATC-1","male","EN-fetal-late",-0.605813327234715,"LateFetal"
"CTCCGTCCAAACGGGC-1","male","EN-fetal-late",-0.280780565550619,"LateFetal"
"CTCCGTCCAGCAAATA-1","male","EN-fetal-late",0.149451836546826,"LateFetal"
"CTCCTAATCGGTTTGG-1","male","EN-fetal-late",0.252332755931675,"LateFetal"
"CTCCTCACACACCAAC-1","male","EN-fetal-late",0.144718488037473,"LateFetal"
"CTCCTCACAGGACCTT-1","male","EN-fetal-late",0.668334022953239,"LateFetal"
"CTCCTCACATGAAGTA-1","male","EN-fetal-late",-0.104137480164417,"LateFetal"
"CTCCTGAGTAACGAGG-1","male","EN-fetal-late",0.0336643300327187,"LateFetal"
"CTCGACAAGGAAGCAC-1","male","EN-fetal-late",-0.0783673333680015,"LateFetal"
"CTCGACAAGGACTAAG-1","male","EN-fetal-late",0.237116884745475,"LateFetal"
"CTCGACAAGGCCTAAT-1","male","IN-fetal",-0.366633076302408,"LateFetal"
"CTCGACAAGTAGAGGC-1","male","EN-fetal-late",0.173884169668874,"LateFetal"
"CTCGACAAGTGTTGCG-1","male","EN-fetal-late",-0.304228443984785,"LateFetal"
"CTCGCTAGTACTTCAC-1","male","EN-fetal-late",0.518892121699606,"LateFetal"
"CTCGCTAGTGTTTGCT-1","male","EN-fetal-late",0.31486553989971,"LateFetal"
"CTCGCTAGTTACTAGG-1","male","EN-fetal-late",0.316528540868883,"LateFetal"
"CTCGCTAGTTGCTTCG-1","male","EN-fetal-late",0.0897973667750938,"LateFetal"
"CTCGCTCCAGAAATTG-1","male","EN-fetal-late",0.0802178630565113,"LateFetal"
"CTCGTTATCACTCGCT-1","male","EN-fetal-late",0.140342722794206,"LateFetal"
"CTCTAAGCAAACTGTT-1","male","EN-fetal-late",0.201379758393102,"LateFetal"
"CTCTAAGCACAATTAC-1","male","EN-fetal-late",-0.427002524574823,"LateFetal"
"CTCTAAGCAGGCCTTG-1","male","EN-fetal-late",0.0466619762487811,"LateFetal"
"CTCTATGTCTCGCCTG-1","male","EN-fetal-late",0.135382046396371,"LateFetal"
"CTCTCACAGTGTTGTA-1","male","EN-fetal-late",0.353445195814082,"LateFetal"
"CTCTGTTCAAGCTACC-1","male","EN-fetal-late",-0.0716635659615578,"LateFetal"
"CTCTGTTCAGATTCAT-1","male","EN-fetal-late",0.253233944846968,"LateFetal"
"CTCTGTTCATCACAGC-1","male","EN-fetal-late",0.619503412292007,"LateFetal"
"CTGAATATCCCGAAGC-1","male","EN-fetal-late",0.885405860954109,"LateFetal"
"CTGACATAGCTGTACG-1","male","EN-fetal-late",-0.0300370469892778,"LateFetal"
"CTGACCAAGCGCCTAA-1","male","IN-fetal",1.10352290856309,"LateFetal"
"CTGATCACACCGGCTA-1","male","EN-fetal-late",-0.0422622171432673,"LateFetal"
"CTGATCACACTATGGC-1","male","EN-fetal-late",-0.649106633319484,"LateFetal"
"CTGCAATAGGAGTAAT-1","male","EN-fetal-late",0.125452034512583,"LateFetal"
"CTGCTACTCCGCTAGA-1","male","EN-fetal-late",0.420223620477679,"LateFetal"
"CTGGACCAGCGGCTGT-1","male","EN-fetal-late",-1.15444726041928,"LateFetal"
"CTGGATGTCCCTCATA-1","male","EN-fetal-late",-0.967673604912502,"LateFetal"
"CTGGCTAAGGCGAATA-1","male","EN-fetal-late",0.635254782950126,"LateFetal"
"CTGGCTAAGTGTGATC-1","male","EN-fetal-late",0.626935793248152,"LateFetal"
"CTGGTAAGTCGTAAAT-1","male","EN-fetal-late",0.46358893501004,"LateFetal"
"CTGGTAAGTTGCGTAA-1","male","EN-fetal-late",-0.231304728622147,"LateFetal"
"CTGGTCAAGCCTGTTC-1","male","EN-fetal-late",0.870997548855631,"LateFetal"
"CTGGTCAAGGGACTAA-1","male","EN-fetal-late",-0.317109147173733,"LateFetal"
"CTGGTTACAGGCTTGT-1","male","EN-fetal-late",-0.0823952642813342,"LateFetal"
"CTGGTTACATAAGCAA-1","male","IN-fetal",-0.373231632360751,"LateFetal"
"CTGGTTACATTAGGCC-1","male","EN-fetal-late",0.17142454678557,"LateFetal"
"CTGGTTTGTTACATCC-1","male","EN-fetal-late",0.294442603113017,"LateFetal"
"CTGGTTTGTTCCTGTG-1","male","EN-fetal-late",0.277271780103304,"LateFetal"
"CTGTACCTCAAGCCTG-1","male","EN-fetal-late",-0.0344755657611279,"LateFetal"
"CTGTACCTCGAGGTGG-1","male","EN-fetal-late",0.155164515840096,"LateFetal"
"CTGTACCTCGCGACAC-1","male","EN-fetal-late",-0.113122143549333,"LateFetal"
"CTGTATTTCAATGACC-1","male","RG",0.795708181040717,"LateFetal"
"CTGTATTTCAATTGGC-1","male","EN-fetal-late",-0.239617385479074,"LateFetal"
"CTGTATTTCATTACAG-1","male","IN-fetal",1.26323661195801,"LateFetal"
"CTGTGTGAGCGCTAAT-1","male","EN-fetal-late",-0.989034647932547,"LateFetal"
"CTGTGTGAGTGAACGA-1","male","EN-fetal-late",-0.644476132468621,"LateFetal"
"CTGTTAAAGATGGACA-1","male","EN-fetal-late",0.0327393152549446,"LateFetal"
"CTGTTAAAGCACTAGT-1","male","EN-fetal-late",0.308403692421562,"LateFetal"
"CTGTTAAAGGAGCAAC-1","male","EN-fetal-late",-0.623594531614385,"LateFetal"
"CTGTTAAAGTGAGCGG-1","male","EN-fetal-late",-0.71536512497917,"LateFetal"
"CTGTTAAAGTTCCCGT-1","male","EN-fetal-late",-0.339226604603499,"LateFetal"
"CTGTTGGAGAGGAGGA-1","male","EN-fetal-late",-0.0801374315561517,"LateFetal"
"CTGTTGGAGGAACCGG-1","male","EN-fetal-late",-1.1976661647534,"LateFetal"
"CTGTTTAGTTAGCCAA-1","male","EN-fetal-late",-0.822482122293296,"LateFetal"
"CTTAACAAGGCTAATC-1","male","IN-fetal",0.414936789100011,"LateFetal"
"CTTAACAAGTCTGGGC-1","male","EN-fetal-late",0.137971006318943,"LateFetal"
"CTTAAGATCTAAGTGC-1","male","EN-fetal-late",1.23722078452426,"LateFetal"
"CTTAAGGGTTTATCGC-1","male","EN-fetal-late",0.170183057334795,"LateFetal"
"CTTAATGAGGCTGTGC-1","male","EN-fetal-late",0.170665698209821,"LateFetal"
"CTTACCGGTTTAACGG-1","male","EN-fetal-late",-0.825183908952721,"LateFetal"
"CTTACCTCAACAGGAT-1","male","EN-fetal-late",0.767925556947016,"LateFetal"
"CTTACTAGTAACGTGC-1","male","EN-fetal-late",0.00410526241029583,"LateFetal"
"CTTACTAGTAGCTAAT-1","male","EN-fetal-late",1.4366881323283,"LateFetal"
"CTTACTAGTATTTGCC-1","male","EN-fetal-late",-0.840039272705296,"LateFetal"
"CTTACTAGTGGTTAGC-1","male","EN-fetal-late",-0.0506905490510269,"LateFetal"
"CTTACTAGTTATGTGG-1","male","EN-fetal-late",0.245298869832584,"LateFetal"
"CTTATGTTCACCTGCT-1","male","EN-fetal-late",-0.188578773280666,"LateFetal"
"CTTATTGGTCTCACTG-1","male","EN-fetal-late",1.72579455254806,"LateFetal"
"CTTCAAGCACGAACAG-1","male","EN-fetal-late",-0.4624314172735,"LateFetal"
"CTTCAAGCATTAGGCC-1","male","IN-fetal",0.2888432769233,"LateFetal"
"CTTCATCCAGTTTGGC-1","male","EN-fetal-late",1.84707533384898,"LateFetal"
"CTTCGCGTCCTGATTT-1","male","EN-fetal-late",-0.621028887415432,"LateFetal"
"CTTCGCGTCGACAAAG-1","male","EN-fetal-late",0.893576792322256,"LateFetal"
"CTTCTAAGTTATCGAG-1","male","EN-fetal-late",-0.813866597366986,"LateFetal"
"CTTCTCAAGCATGTCG-1","male","EN-fetal-late",-1.11443408244861,"LateFetal"
"CTTCTCAAGGTGTCCA-1","male","Microglia",0.0754967452369662,"LateFetal"
"CTTGAACAGTAAGTGG-1","male","EN-fetal-late",0.0422143045005249,"LateFetal"
"CTTGAACAGTGAACGA-1","male","EN-fetal-late",0.0892452450378793,"LateFetal"
"CTTGAATCAAACCTTG-1","male","EN-fetal-late",-0.130999666570102,"LateFetal"
"CTTGAATCATGCATAT-1","male","Endothelial",0.593067928930339,"LateFetal"
"CTTGACGAGGGACGCA-1","male","EN-fetal-late",-0.650011148377693,"LateFetal"
"CTTGCAACAGCAAGGC-1","male","EN-fetal-late",-0.284699805289611,"LateFetal"
"CTTGCTCAGGAACCAA-1","male","EN-fetal-late",0.123412815688775,"LateFetal"
"CTTGGACCAGAATGAC-1","male","EN-fetal-late",0.532174904224702,"LateFetal"
"CTTGGACCATGGCCCA-1","male","EN-fetal-late",0.0765796603990098,"LateFetal"
"CTTGTCCAGAGGCTAA-1","male","EN-fetal-late",-0.737935650254668,"LateFetal"
"CTTGTCCAGCGAAGTA-1","male","EN-fetal-late",0.679059433792228,"LateFetal"
"CTTGTCCAGTTATGGC-1","male","EN-fetal-late",0.763389929150948,"LateFetal"
"CTTGTTCCACAACCTA-1","male","EN-fetal-late",2.3479474492892,"LateFetal"
"CTTGTTTAGCATCCAG-1","male","EN-fetal-late",-0.535214332726299,"LateFetal"
"CTTGTTTAGCGAGTAA-1","male","IN-fetal",1.72867209646906,"LateFetal"
"CTTGTTTAGGTACCGC-1","male","IN-fetal",0.236945050504703,"LateFetal"
"CTTTAGGCAATAATGG-1","male","EN-fetal-late",-0.429308368114446,"LateFetal"
"CTTTAGGCACAGCCAT-1","male","IN-fetal",-0.396176118378798,"LateFetal"
"CTTTAGGCATTCAGCA-1","male","IN-fetal",-0.356241306340706,"LateFetal"
"CTTTATGGTAATCGCA-1","male","EN-fetal-late",-0.393037845344247,"LateFetal"
"CTTTCTTGTGTTGCAA-1","male","EN-fetal-late",-0.0996309542487857,"LateFetal"
"CTTTGAGCAAATATCC-1","male","EN-fetal-late",0.943182645057594,"LateFetal"
"CTTTGGGAGCACAGAA-1","male","EN-fetal-late",-0.553206534321398,"LateFetal"
"CTTTGGGAGCACTTGG-1","male","EN-fetal-late",0.382241783923866,"LateFetal"
"CTTTGGTGTACTGATG-1","male","EN-fetal-late",0.269295223928314,"LateFetal"
"CTTTGGTGTCAAAGAA-1","male","EN-fetal-late",-0.319318146402142,"LateFetal"
"CTTTGGTGTTCCTGAT-1","male","EN-fetal-late",-0.313376441900882,"LateFetal"
"CTTTGGTGTTGCTTCG-1","male","EN-fetal-late",0.196203641803148,"LateFetal"
"CTTTGGTGTTTAAAGC-1","male","EN-fetal-late",0.466394493596496,"LateFetal"
"CTTTGTCCAAGGCCAA-1","male","EN-fetal-late",1.10119716502691,"LateFetal"
"CTTTGTCCACTTCATC-1","male","EN-fetal-late",-0.0400264457303523,"LateFetal"
"CTTTGTCCAGTTATCG-1","male","EN-fetal-late",-0.23773191301292,"LateFetal"
"GAAACCCGTGGAAGGC-1","male","EN-fetal-late",-0.487310072122702,"LateFetal"
"GAAACTGAGAACCTGT-1","male","EN-fetal-late",0.27845586366524,"LateFetal"
"GAAACTGAGAGGGACT-1","male","EN-fetal-late",0.292065726698724,"LateFetal"
"GAAAGCCAGCGATACT-1","male","VSMC",-0.0495162045141651,"LateFetal"
"GAAAGCCAGTAAACCC-1","male","EN-fetal-late",-0.294266728606628,"LateFetal"
"GAAAGGCTCACTTCAT-1","male","EN-fetal-late",-0.267869448046969,"LateFetal"
"GAACACAAGTCACTAA-1","male","IN-fetal",0.473653921516982,"LateFetal"
"GAACCAAAGCTTTGTT-1","male","IN-fetal",-0.881351921465121,"LateFetal"
"GAACCAAAGTCACCTC-1","male","EN-fetal-late",0.346404627417499,"LateFetal"
"GAACCAGCACCTAATG-1","male","EN-fetal-late",1.13379603364422,"LateFetal"
"GAACCGCTCTTTAAGG-1","male","EN-fetal-late",-0.373904526741797,"LateFetal"
"GAACCTTAGTCAATCA-1","male","EN-fetal-late",-0.157252508791563,"LateFetal"
"GAACTTATCAGGCTAT-1","male","EN-fetal-late",0.298213026357106,"LateFetal"
"GAACTTATCATTACGA-1","male","EN-fetal-late",-0.124724214519059,"LateFetal"
"GAACTTATCGTGCTTC-1","male","EN-fetal-late",0.205198467533992,"LateFetal"
"GAACTTATCGTTCACC-1","male","EN-fetal-late",-0.0975771395470203,"LateFetal"
"GAACTTATCTTAGCCC-1","male","EN-fetal-late",-0.0971905701238102,"LateFetal"
"GAAGCTAAGCGCCTTT-1","male","EN-fetal-late",0.208308216084187,"LateFetal"
"GAAGCTAAGGCCTTAG-1","male","EN-fetal-late",-0.48058709989669,"LateFetal"
"GAAGGAACATAATGTC-1","male","EN-fetal-late",-0.941477099464926,"LateFetal"
"GAAGGAACATTGCGTA-1","male","IN-fetal",1.25575873490071,"LateFetal"
"GAAGGATGTAGCCATA-1","male","EN-fetal-late",-0.12598192674881,"LateFetal"
"GAAGGCCCAACGTGCT-1","male","IN-fetal",-0.0269707399605503,"LateFetal"
"GAAGGCTAGGCGAATA-1","male","EN-fetal-late",-0.0395090036501522,"LateFetal"
"GAAGTATAGCCACATG-1","male","EN-fetal-late",-0.605912542682717,"LateFetal"
"GAAGTATAGTCATGCG-1","male","EN-fetal-late",-0.289556038100145,"LateFetal"
"GAAGTCAAGAGGGACT-1","male","EN-fetal-late",0.0205192906957878,"LateFetal"
"GAAGTCAAGTAAGGGC-1","male","EN-fetal-late",0.900657927131142,"LateFetal"
"GAAGTGATCCAGGAAA-1","male","EN-fetal-late",-0.2328552447305,"LateFetal"
"GAAGTGATCCTAGTCC-1","male","EN-fetal-late",0.618677311606981,"LateFetal"
"GAATTTGTCAATGTGC-1","male","EN-fetal-late",0.141508518243954,"LateFetal"
"GAATTTGTCATCAGTA-1","male","EN-fetal-late",0.78113998254518,"LateFetal"
"GACAATACAGGTCCTG-1","male","EN-fetal-late",-0.890181487271886,"LateFetal"
"GACACCGGTACGGTAC-1","male","EN-fetal-late",-0.351054956039367,"LateFetal"
"GACACCGGTAGCTAGC-1","male","EN-fetal-late",-0.227051262150863,"LateFetal"
"GACATAGAGACCATAC-1","male","EN-fetal-late",-1.36582902029475,"LateFetal"
"GACATTATCATGCATA-1","male","EN-fetal-late",0.390815487250652,"LateFetal"
"GACCGAACAGCTTAGC-1","male","EN-fetal-late",-1.49447211964621,"LateFetal"
"GACCGTTCAAGCTAAA-1","male","EN-fetal-late",0.375728186011947,"LateFetal"
"GACCGTTCAATCCTGA-1","male","EN-fetal-late",0.472946793045545,"LateFetal"
"GACCGTTCACAATTAC-1","male","EN-fetal-late",0.110022634115938,"LateFetal"
"GACCGTTCATATAACC-1","male","EN-fetal-late",0.275998071525777,"LateFetal"
"GACCGTTCATGTTGGC-1","male","IN-fetal",-0.223824518137868,"LateFetal"
"GACCTAAGTGCAATGC-1","male","EN-fetal-late",-0.834527382662699,"LateFetal"
"GACCTAAGTTGCACAA-1","male","EN-fetal-late",-0.973798326640129,"LateFetal"
"GACCTAAGTTGTAAAC-1","male","EN-fetal-late",0.596948994993208,"LateFetal"
"GACCTCAAGCTGTCAG-1","male","EN-fetal-late",0.0064427778928722,"LateFetal"
"GACCTCAAGTGGACAA-1","male","EN-fetal-late",-0.825253019301667,"LateFetal"
"GACCTCAAGTGGCGGA-1","male","EN-fetal-late",0.719439868441895,"LateFetal"
"GACCTGATCCCTCACG-1","male","EN-fetal-late",-0.49649644000628,"LateFetal"
"GACCTGATCCTGAATA-1","male","IN-fetal",0.332706933900606,"LateFetal"
"GACCTGATCGTGCTTC-1","male","EN-fetal-late",-0.483664909099846,"LateFetal"
"GACCTGATCTGTAAGC-1","male","EN-fetal-late",-0.827895803715843,"LateFetal"
"GACCTGCAGGTGAAGC-1","male","IN-fetal",0.399493711010614,"LateFetal"
"GACCTTTGTAATCACG-1","male","EN-fetal-late",0.0586361122297256,"LateFetal"
"GACCTTTGTTGGATAT-1","male","EN-fetal-late",0.456085549940842,"LateFetal"
"GACCTTTGTTGGCCGA-1","male","EN-fetal-late",0.0618415988954336,"LateFetal"
"GACGCAACAGACAAAC-1","male","EN-fetal-late",0.396436833561995,"LateFetal"
"GACGCAACATTGTTGG-1","male","EN-fetal-late",-0.535383882877616,"LateFetal"
"GACGCCTAGAAAGCAT-1","male","EN-fetal-late",0.949083888795781,"LateFetal"
"GACGCCTAGCTGTCAG-1","male","EN-fetal-late",-0.118672582558965,"LateFetal"
"GACGTAAAGACAAGTG-1","male","RG",1.26965195977233,"LateFetal"
"GACGTAAAGCAGCTAT-1","male","EN-fetal-late",-1.14231350422314,"LateFetal"
"GACGTAAAGGCGTAAA-1","male","EN-fetal-late",-0.472867962569667,"LateFetal"
"GACTAATGTAAGCACC-1","male","EN-fetal-late",0.239187807628553,"LateFetal"
"GACTAATGTCGACTCC-1","male","EN-fetal-late",-0.744837093613562,"LateFetal"
"GACTAATGTCGCATAA-1","male","EN-fetal-late",-0.922313745539381,"LateFetal"
"GACTATTCACATTGCA-1","male","EN-fetal-late",0.992391707196031,"LateFetal"
"GACTATTCAGACAAAC-1","male","IN-fetal",-0.0859548053336277,"LateFetal"
"GACTCACCATCGCTTT-1","male","EN-fetal-late",0.63979472431866,"LateFetal"
"GACTTACAGGGTGAAC-1","male","EN-fetal-late",-0.440026304627132,"LateFetal"
"GACTTGGTCGAGCAAA-1","male","EN-fetal-late",-0.0389523170467346,"LateFetal"
"GAGAAACGTCAGGCCA-1","male","EN-fetal-late",-1.23131460206148,"LateFetal"
"GAGAACCAGCACCACA-1","male","EN-fetal-late",1.00176066921169,"LateFetal"
"GAGAACCAGCGCAATT-1","male","VSMC",0.599781036079118,"LateFetal"
"GAGAACCAGGCCTTAG-1","male","EN-fetal-late",-0.837960171311775,"LateFetal"
"GAGAACCAGGGACTAA-1","male","EN-fetal-late",-0.510950690341957,"LateFetal"
"GAGAGGCGTTAGGCGT-1","male","EN-fetal-late",1.06611545899033,"LateFetal"
"GAGCAAATCATGCTCC-1","male","IN-fetal",-0.243607110892306,"LateFetal"
"GAGCATGCACAAACTT-1","male","EN-fetal-late",0.632883652519991,"LateFetal"
"GAGCATGCACGTGCTG-1","male","EN-fetal-late",0.786314628066015,"LateFetal"
"GAGCCACTCCTAATTC-1","male","EN-fetal-late",0.0762964773697334,"LateFetal"
"GAGCCTTCAATATAGG-1","male","IN-fetal",-0.401180880483663,"LateFetal"
"GAGCGAAGTGTCCAGG-1","male","IN-fetal",0.115888698899855,"LateFetal"
"GAGCGATAGTATGTGC-1","male","EN-fetal-late",-0.52395814314392,"LateFetal"
"GAGCGATAGTTGGCCA-1","male","EN-fetal-late",0.252355804523569,"LateFetal"
"GAGCTAGCAAAGCCTC-1","male","EN-fetal-late",0.175102903924512,"LateFetal"
"GAGCTAGCACAGAACG-1","male","EN-fetal-late",-0.292628563881225,"LateFetal"
"GAGCTAGCACGAATTT-1","male","EN-fetal-late",0.654414652774125,"LateFetal"
"GAGCTAGCATAAGCAA-1","male","EN-fetal-late",0.691278195496019,"LateFetal"
"GAGCTAGCATGTTGGC-1","male","EN-fetal-late",-0.272300800030156,"LateFetal"
"GAGCTGCTCCTCAGCT-1","male","EN-fetal-late",0.609202321300817,"LateFetal"
"GAGCTTAGTACGCGCA-1","male","EN-fetal-late",-1.18201604899331,"LateFetal"
"GAGCTTGTCCAGGGAG-1","male","EN-fetal-late",-1.28764602975769,"LateFetal"
"GAGCTTGTCTACCTAT-1","male","EN-fetal-late",-0.248866109610255,"LateFetal"
"GAGGACTAGCGCAATT-1","male","EN-fetal-late",0.134772502301209,"LateFetal"
"GAGGACTAGCTGTCAG-1","male","EN-fetal-late",0.0992406305965303,"LateFetal"
"GAGGACTAGGCTAAGA-1","male","EN-fetal-late",-0.344107979797146,"LateFetal"
"GAGGACTAGGTCGAGG-1","male","IN-fetal",0.16842075559297,"LateFetal"
"GAGGAGGCACTGACCG-1","male","EN-fetal-late",-0.65115782739832,"LateFetal"
"GAGGAGGCATTATGAC-1","male","EN-fetal-late",-0.915010022631509,"LateFetal"
"GAGGCAAGTAGGTTTG-1","male","EN-fetal-late",0.325714121609016,"LateFetal"
"GAGGCAAGTGATGATT-1","male","EN-fetal-late",0.419274177085785,"LateFetal"
"GAGGCCTTCATGCTCC-1","male","EN-fetal-late",0.217693120708426,"LateFetal"
"GAGGCCTTCATTGACA-1","male","EN-fetal-late",-0.465403316958858,"LateFetal"
"GAGGCCTTCGCTAGCA-1","male","EN-fetal-late",-0.451828908719526,"LateFetal"
"GAGGCTACAAGACTCC-1","male","EN-fetal-late",-0.6620866025656,"LateFetal"
"GAGGCTACACAAAGGT-1","male","EN-fetal-late",0.221937481376492,"LateFetal"
"GAGGCTACAGTATGTT-1","male","IN-fetal",-0.264423157230964,"LateFetal"
"GAGGCTTGTGGGAACA-1","male","EN-fetal-late",0.451285195506912,"LateFetal"
"GAGGCTTGTTATAGCG-1","male","EN-fetal-late",-0.302227949268209,"LateFetal"
"GAGGCTTGTTGAATCG-1","male","EN-fetal-late",0.671544587032095,"LateFetal"
"GAGGGAGCAACTGGCT-1","male","IN-fetal",0.581080406926433,"LateFetal"
"GAGGGAGCATTGCGAC-1","male","EN-fetal-late",-0.23573688050288,"LateFetal"
"GAGGTACAGATTCCTT-1","male","EN-fetal-late",0.517027326567852,"LateFetal"
"GAGGTACAGCGATAAG-1","male","EN-fetal-late",-0.00486513779148899,"LateFetal"
"GAGGTACAGTTTGTCT-1","male","EN-fetal-late",0.981454129447892,"LateFetal"
"GAGTAACCAAGTGTTT-1","male","EN-fetal-late",0.626892979769465,"LateFetal"
"GAGTAACCACCGGTAT-1","male","EN-fetal-late",1.06733019111179,"LateFetal"
"GAGTAATAGGCAAGTA-1","male","EN-fetal-late",-0.132160459585296,"LateFetal"
"GAGTATCTCCAGGAAA-1","male","EN-fetal-late",0.436501604737559,"LateFetal"
"GAGTATCTCCCTCAGT-1","male","EN-fetal-late",0.335967549198705,"LateFetal"
"GAGTATCTCCGGAACC-1","male","EN-fetal-late",0.276885096165774,"LateFetal"
"GAGTCAAAGGAACCAA-1","male","EN-fetal-late",0.0184976119470973,"LateFetal"
"GAGTCATTCTCGACCT-1","male","EN-fetal-late",-0.182941711714036,"LateFetal"
"GAGTGAGGTGAACAAA-1","male","EN-fetal-late",0.0213049311925491,"LateFetal"
"GAGTGAGGTGTGAGAG-1","male","EN-fetal-late",-0.390798912130441,"LateFetal"
"GAGTGAGGTGTGTGGT-1","male","EN-fetal-late",-0.818237455813102,"LateFetal"
"GAGTGATCAAGCTAAA-1","male","EN-fetal-late",0.743150959449653,"LateFetal"
"GAGTGATCAATCCCTT-1","male","EN-fetal-late",-0.195705734247016,"LateFetal"
"GAGTGATCAGCTCAAC-1","male","EN-fetal-late",-0.0776152131897853,"LateFetal"
"GAGTGTTTCAAAGGCA-1","male","EN-fetal-late",0.376241811327298,"LateFetal"
"GAGTTACTCGTTAACA-1","male","EN-fetal-late",-0.0274255101880594,"LateFetal"
"GAGTTGCGTGTTTCAC-1","male","EN-fetal-late",0.164828699945363,"LateFetal"
"GAGTTGCGTTTACGTC-1","male","IN-fetal",-0.377322615910854,"LateFetal"
"GAGTTTGGTTACAACG-1","male","IN-fetal",-0.281300847257431,"LateFetal"
"GAGTTTGGTTCAAGCA-1","male","EN-fetal-late",0.266633106353271,"LateFetal"
"GATAAAGGTAACCACA-1","male","EN-fetal-late",-1.13651066929949,"LateFetal"
"GATAAAGGTCCGTAGG-1","male","EN-fetal-late",0.515403229861266,"LateFetal"
"GATAAAGGTTTACGTC-1","male","EN-fetal-late",-0.103104448306866,"LateFetal"
"GATAGACCAAATTCGT-1","male","EN-fetal-late",1.57430623052052,"LateFetal"
"GATAGACCAATTAACC-1","male","EN-fetal-late",-0.160614961483102,"LateFetal"
"GATAGACCAGTTAAAG-1","male","IN-fetal",0.365152483534863,"LateFetal"
"GATCAAGAGCTAATCA-1","male","EN-fetal-late",0.842516751285939,"LateFetal"
"GATCAAGAGGGCTTAT-1","male","EN-fetal-late",0.0135045318496124,"LateFetal"
"GATCACTAGCTAAGTC-1","male","RG",0.362417230627448,"LateFetal"
"GATCACTAGGGACCTC-1","male","IN-fetal",0.256790581235629,"LateFetal"
"GATCAGGCAGGAACTG-1","male","EN-fetal-late",0.662914583082892,"LateFetal"
"GATCAGGCATCAGTAT-1","male","EN-fetal-late",-0.657394237115322,"LateFetal"
"GATCAGGCATTATGAC-1","male","EN-fetal-late",0.395370253616687,"LateFetal"
"GATCAGTTCGAGGTGG-1","male","EN-fetal-late",0.10272855451795,"LateFetal"
"GATCCGTCATGTCGCG-1","male","EN-fetal-late",0.162316036277722,"LateFetal"
"GATCGAGCACTGACTA-1","male","EN-fetal-late",-0.0587239670806103,"LateFetal"
"GATCGAGCAGGTTTGC-1","male","IN-fetal",-0.152338973586426,"LateFetal"
"GATCGATTCCCATAAA-1","male","EN-fetal-late",0.55896129730684,"LateFetal"
"GATCGATTCTCACTCA-1","male","EN-fetal-late",0.573656218798344,"LateFetal"
"GATGACTTCCCTTGCG-1","male","IN-fetal",-0.936557140438709,"LateFetal"
"GATGAGGGTACCGGAT-1","male","EN-fetal-late",-0.743123784969442,"LateFetal"
"GATGAGGGTTAATGCG-1","male","EN-fetal-late",-0.345244477433304,"LateFetal"
"GATGCAGCAACCCTAA-1","male","IN-fetal",-0.0580451636793724,"LateFetal"
"GATGCAGCAGCAAATA-1","male","EN-fetal-late",0.0527064301731245,"LateFetal"
"GATGCAGCAGCGCTTG-1","male","EN-fetal-late",0.580468784938028,"LateFetal"
"GATGCAGCATACCCGG-1","male","EN-fetal-late",-0.632758838700709,"LateFetal"
"GATGCATTCCTTGAGG-1","male","EN-fetal-late",-0.24927008457665,"LateFetal"
"GATGGCTGTGCCGCAA-1","male","IN-fetal",-0.177613595792665,"LateFetal"
"GATTAAGCAAGGTCCT-1","male","EN-fetal-late",0.113105513329296,"LateFetal"
"GATTAAGCAGTCTAAT-1","male","EN-fetal-late",-1.37482131636546,"LateFetal"
"GATTACGGTACTGAAT-1","male","EN-fetal-late",0.587343300830173,"LateFetal"
"GATTACGGTCAGGAAG-1","male","EN-fetal-late",0.365690836635614,"LateFetal"
"GATTACGGTCTAACAG-1","male","EN-fetal-late",-0.807326191369637,"LateFetal"
"GATTACGGTGTGTGGT-1","male","IN-fetal",0.881533500125461,"LateFetal"
"GATTACGGTTGTTGCT-1","male","EN-fetal-late",0.955150506291754,"LateFetal"
"GATTACTCAGGAATCG-1","male","EN-fetal-late",0.146035651690009,"LateFetal"
"GATTACTCAGGACCTT-1","male","EN-fetal-late",0.229611780402834,"LateFetal"
"GATTAGCTCATTTAGG-1","male","EN-fetal-late",1.25866427803427,"LateFetal"
"GATTAGCTCCGGTTGA-1","male","IN-fetal",-0.632949010299333,"LateFetal"
"GATTAGCTCTAGCTTT-1","male","EN-fetal-late",0.741830206805426,"LateFetal"
"GATTAGTGTACCGTTT-1","male","EN-fetal-late",-0.258505680506273,"LateFetal"
"GATTAGTGTACTTAGG-1","male","EN-fetal-late",-0.745467819105302,"LateFetal"
"GATTAGTGTTAAGCTG-1","male","EN-fetal-late",1.52314734102869,"LateFetal"
"GATTATGTCGGTACGC-1","male","EN-fetal-late",0.84340973167549,"LateFetal"
"GATTCAATCCTCCTAA-1","male","EN-fetal-late",0.201715678226428,"LateFetal"
"GATTCAGGTTCCGGCT-1","male","EN-fetal-late",0.620646205331382,"LateFetal"
"GATTCATCACCAGCAT-1","male","EN-fetal-late",-0.161857911619726,"LateFetal"
"GATTCATCAGGAAGCC-1","male","EN-fetal-late",0.102516858411308,"LateFetal"
"GATTCATCATCTTGAG-1","male","EN-fetal-late",0.682756032043208,"LateFetal"
"GATTCCTGTTTCCTCC-1","male","EN-fetal-late",-0.494275512825166,"LateFetal"
"GATTCGCCACGTAAGG-1","male","EN-fetal-late",1.10419657281897,"LateFetal"
"GATTGATGTAGCTGGT-1","male","EN-fetal-late",0.0160028876755767,"LateFetal"
"GATTGATGTCTTTGAC-1","male","EN-fetal-late",-0.410389806843857,"LateFetal"
"GATTGATGTGTGCACG-1","male","EN-fetal-late",0.638900367713002,"LateFetal"
"GATTGATGTTAACACG-1","male","EN-fetal-late",-0.0939063374154069,"LateFetal"
"GATTGATGTTAATCGG-1","male","EN-fetal-late",1.12660575906648,"LateFetal"
"GATTGCAGTACTAAAC-1","male","EN-fetal-late",-0.770929590781125,"LateFetal"
"GATTGGCGTAAGCTTG-1","male","EN-fetal-late",0.68914465535129,"LateFetal"
"GATTGGTTCATGCAAC-1","male","EN-fetal-late",-0.501248924160337,"LateFetal"
"GATTGGTTCGCTATGG-1","male","EN-fetal-late",0.154945813338156,"LateFetal"
"GATTGGTTCGTTACTT-1","male","EN-fetal-late",-0.0206161828885073,"LateFetal"
"GATTGTTCAGCCTTGG-1","male","OPC",0.205388675019106,"LateFetal"
"GATTGTTCATTATCCC-1","male","EN-fetal-late",-0.0131406492973807,"LateFetal"
"GATTTGCAGCATGGTT-1","male","EN-fetal-late",0.104661142069093,"LateFetal"
"GATTTGCAGCATGTCG-1","male","IN-fetal",0.457403710248083,"LateFetal"
"GATTTGCAGTGACCTG-1","male","EN-fetal-late",-0.212362394269942,"LateFetal"
"GCAAACAAGCCTGATG-1","male","IN-fetal",0.0592137557823202,"LateFetal"
"GCAAACAAGGGTGAGT-1","male","EN-fetal-late",0.373821024688961,"LateFetal"
"GCAAACCGTACCAGGT-1","male","EN-fetal-late",0.642899670120506,"LateFetal"
"GCAAACCGTCAGGCAT-1","male","EN-fetal-late",-0.118265387830428,"LateFetal"
"GCAAACTTCAATGTGC-1","male","EN-fetal-late",0.50675118408426,"LateFetal"
"GCAAACTTCCATAATG-1","male","EN-fetal-late",0.36872632306388,"LateFetal"
"GCAAGCCTCCCTCTAA-1","male","EN-fetal-late",1.04756767185574,"LateFetal"
"GCAAGTCGTCCGGTTC-1","male","EN-fetal-late",0.618743872023226,"LateFetal"
"GCAAGTCGTCCTTTAA-1","male","EN-fetal-late",0.476399313234551,"LateFetal"
"GCAAGTGCACAATGTT-1","male","IN-fetal",0.0123945988801149,"LateFetal"
"GCAAGTGCAGATAGAC-1","male","EN-fetal-late",0.123399372163109,"LateFetal"
"GCAATAGAGCTAAGTC-1","male","IN-fetal",-0.858764162291561,"LateFetal"
"GCAATAGAGGGACCTC-1","male","EN-fetal-late",0.957283264595331,"LateFetal"
"GCAATAGAGGTAGCTT-1","male","IN-fetal",0.626080195607239,"LateFetal"
"GCAATAGAGTTGTCCC-1","male","EN-fetal-late",0.940971479089979,"LateFetal"
"GCAATCTAGACCATAC-1","male","EN-fetal-late",0.383180840941467,"LateFetal"
"GCAATCTAGGGACTAA-1","male","EN-fetal-late",1.39869803655798,"LateFetal"
"GCAATGAAGATTCCTT-1","male","IN-fetal",0.440355244330122,"LateFetal"
"GCAATGAAGGGCCATC-1","male","EN-fetal-late",-0.782954103970752,"LateFetal"
"GCAATGAAGTCACTCC-1","male","EN-fetal-late",0.643798389260721,"LateFetal"
"GCAATGAAGTGGACAA-1","male","EN-fetal-late",-0.849562487244732,"LateFetal"
"GCAATGAAGTGGCGGA-1","male","EN-fetal-late",0.127915101419347,"LateFetal"
"GCACATTAGACTCGCA-1","male","EN-fetal-late",-0.353108207560172,"LateFetal"
"GCACATTAGCCTAATA-1","male","EN-fetal-late",-1.08691711050429,"LateFetal"
"GCACATTAGGGCTTTG-1","male","EN-fetal-late",-1.03169410110513,"LateFetal"
"GCACATTAGGTCCACA-1","male","EN-fetal-late",0.10778877254025,"LateFetal"
"GCACCTAAGGAGTCTT-1","male","EN-fetal-late",-0.196325177465019,"LateFetal"
"GCACGAACACTCGCTC-1","male","EN-fetal-late",0.428235023041733,"LateFetal"
"GCACGAACATGTCGCG-1","male","EN-fetal-late",-0.555424659468619,"LateFetal"
"GCACGCTAGGCCATCA-1","male","EN-fetal-late",1.43801609113874,"LateFetal"
"GCACGCTAGGTAACGA-1","male","IN-fetal",1.61778024953048,"LateFetal"
"GCACGGTTCAGCACGC-1","male","EN-fetal-late",0.514452142587856,"LateFetal"
"GCACGGTTCGTTACTT-1","male","EN-fetal-late",-0.651478315684937,"LateFetal"
"GCACGGTTCTTAGGGT-1","male","IN-fetal",0.491130218864307,"LateFetal"
"GCACTAAGTGATCATG-1","male","EN-fetal-late",0.454681940563127,"LateFetal"
"GCACTAAGTGGTTAGC-1","male","EN-fetal-late",-0.67082828270226,"LateFetal"
"GCACTTACAATGCGCT-1","male","EN-fetal-late",-0.43056920968487,"LateFetal"
"GCAGCAACACAACAGG-1","male","EN-fetal-late",0.34860352350975,"LateFetal"
"GCAGCTATCCTGCGAA-1","male","EN-fetal-late",0.32455714088475,"LateFetal"
"GCAGCTATCTATGACA-1","male","EN-fetal-late",-0.338129929383531,"LateFetal"
"GCAGGAAGTGGCTTCC-1","male","EN-fetal-late",-1.71229883807833,"LateFetal"
"GCAGGACCATGAAGTA-1","male","IN-fetal",-0.381317044137243,"LateFetal"
"GCAGGACCATTATGAC-1","male","IN-fetal",0.866815134374857,"LateFetal"
"GCAGGATAGGCGCACT-1","male","EN-fetal-late",-0.76629700074958,"LateFetal"
"GCAGGATAGGCTACAT-1","male","IN-fetal",0.266766733739305,"LateFetal"
"GCAGGATAGTCATGCG-1","male","IN-fetal",-0.544416475135694,"LateFetal"
"GCAGGCAAGGAAGCTA-1","male","OPC",0.416247995531418,"LateFetal"
"GCAGGCTTCTTGCAGG-1","male","EN-fetal-late",0.215029401632958,"LateFetal"
"GCAGGTGAGTCTTGAA-1","male","EN-fetal-late",-0.763059165466709,"LateFetal"
"GCAGGTTGTCGAAGTC-1","male","EN-fetal-late",-0.359908255013885,"LateFetal"
"GCATATATCATGCTAA-1","male","EN-fetal-late",-0.667838841297413,"LateFetal"
"GCATATATCCAACTGG-1","male","EN-fetal-late",0.632933868122314,"LateFetal"
"GCATATATCCTGTTCA-1","male","IN-fetal",0.486901917927634,"LateFetal"
"GCATCCTTCGAGGAGT-1","male","EN-fetal-late",-0.340670488691184,"LateFetal"
"GCATGAAAGGACCTCA-1","male","EN-fetal-late",-0.0270643552424116,"LateFetal"
"GCATGAAAGGCATTAC-1","male","EN-fetal-late",-0.358802976263041,"LateFetal"
"GCATGAAAGGCCAATT-1","male","EN-fetal-late",-0.595304652063197,"LateFetal"
"GCATGAAAGGCTAAGA-1","male","EN-fetal-late",-0.50920820500326,"LateFetal"
"GCATGAGCAAGCCAGA-1","male","EN-fetal-late",0.738735726089427,"LateFetal"
"GCATGAGCAGTTTACG-1","male","EN-fetal-late",0.343337377612471,"LateFetal"
"GCATTAGGTCCACAAA-1","male","IN-fetal",0.680506979856014,"LateFetal"
"GCATTAGGTGGACATC-1","male","EN-fetal-late",0.168961980397261,"LateFetal"
"GCATTGCCAAGCCAGA-1","male","EN-fetal-late",0.560538050100017,"LateFetal"
"GCATTGCCATAATGTC-1","male","EN-fetal-late",-0.42684775483442,"LateFetal"
"GCCAACATCCAAACAC-1","male","VSMC",-0.249493792261784,"LateFetal"
"GCCAACATCCGTTAAA-1","male","EN-fetal-late",-0.451862975095551,"LateFetal"
"GCCAACATCTTGAGCG-1","male","EN-fetal-late",0.691568973489411,"LateFetal"
"GCCAATAGTTGTGATG-1","male","EN-fetal-late",0.145000581588922,"LateFetal"
"GCCACAATCAGGAAGC-1","male","EN-fetal-late",0.464726644995684,"LateFetal"
"GCCACACAGTAACGAG-1","male","EN-fetal-late",-0.0229433173693673,"LateFetal"
"GCCACACAGTCGCAAT-1","male","EN-fetal-late",0.327080260192,"LateFetal"
"GCCACTAAGCATGTCG-1","male","EN-fetal-late",0.325160486317848,"LateFetal"
"GCCACTAAGTTGGATC-1","male","IN-fetal",-0.101103918487676,"LateFetal"
"GCCAGGAAGACAGGTA-1","male","EN-fetal-late",0.738488978796126,"LateFetal"
"GCCAGGTTCATGGTTA-1","male","IN-fetal",0.22986030917825,"LateFetal"
"GCCAGGTTCGCATTAA-1","male","EN-fetal-late",0.6237136869231,"LateFetal"
"GCCAGGTTCTATCGCC-1","male","EN-fetal-late",0.782577432292682,"LateFetal"
"GCCATGATCAAACCGT-1","male","EN-fetal-late",-0.430593695217455,"LateFetal"
"GCCATGATCTATCGCC-1","male","EN-fetal-late",-0.40138968199133,"LateFetal"
"GCCATGATCTTAGGAC-1","male","EN-fetal-late",-0.133294424313929,"LateFetal"
"GCCATTACAACCCTCC-1","male","EN-fetal-late",0.186098168264914,"LateFetal"
"GCCATTACAGCATGGA-1","male","EN-fetal-late",-0.620661755287122,"LateFetal"
"GCCATTACAGCTACGT-1","male","EN-fetal-late",0.627448421900154,"LateFetal"
"GCCCAAATCCGGTTAG-1","male","EN-fetal-late",0.548761109009892,"LateFetal"
"GCCCATAAGATTGAGG-1","male","EN-fetal-late",0.228013253675755,"LateFetal"
"GCCCTCATCATTATGG-1","male","EN-fetal-late",-0.104438640379296,"LateFetal"
"GCCGTGAGTACCGAAC-1","male","EN-fetal-late",-0.542089307070991,"LateFetal"
"GCCGTGAGTTTGGCGG-1","male","EN-fetal-late",-1.17230794339853,"LateFetal"
"GCCTAATAGGGTCCAC-1","male","IN-fetal",0.480573661094067,"LateFetal"
"GCCTACTTCAGCACCA-1","male","IN-fetal",-0.263073225502865,"LateFetal"
"GCCTACTTCCTTAAGA-1","male","IN-fetal",-0.361041607825294,"LateFetal"
"GCCTACTTCGAGGAAC-1","male","EN-fetal-late",0.864164675303388,"LateFetal"
"GCCTACTTCGGTTTGG-1","male","EN-fetal-late",0.416572782483647,"LateFetal"
"GCCTATTGTAGGATTT-1","male","EN-fetal-late",-0.431944232218861,"LateFetal"
"GCCTCAAAGACAAAGT-1","male","IN-fetal",0.94515927972833,"LateFetal"
"GCCTCCATCACGAATC-1","male","EN-fetal-late",-0.352503482050464,"LateFetal"
"GCCTCGACACCTGGTG-1","male","EN-fetal-late",0.0630450104472818,"LateFetal"
"GCCTCGACATCTTGAG-1","male","EN-fetal-late",-0.786984975192659,"LateFetal"
"GCCTGACAGCACGTTG-1","male","EN-fetal-late",-0.176591726175071,"LateFetal"
"GCCTGACAGCTCCTTA-1","male","EN-fetal-late",0.572943938511504,"LateFetal"
"GCCTGAGGTGAGAAAC-1","male","EN-fetal-late",-0.518987878645678,"LateFetal"
"GCCTGCTGTTATTGCC-1","male","EN-fetal-late",0.454216055948555,"LateFetal"
"GCCTGTGCAAAGCTCC-1","male","IN-fetal",0.0998163351053679,"LateFetal"
"GCCTGTGCAATAATCC-1","male","EN-fetal-late",-0.153629446658707,"LateFetal"
"GCCTGTGCAGTTATCG-1","male","EN-fetal-late",0.175020976289946,"LateFetal"
"GCCTGTGCATTCAGCA-1","male","EN-fetal-late",-0.686586011432271,"LateFetal"
"GCCTTAACACTGACCG-1","male","IN-fetal",0.171874076742563,"LateFetal"
"GCCTTAACAGGAACCA-1","male","EN-fetal-late",0.779517342943265,"LateFetal"
"GCCTTAGAGCCTGGTA-1","male","EN-fetal-late",0.129432963479524,"LateFetal"
"GCCTTAGAGTCATTAG-1","male","EN-fetal-late",0.0767939132668987,"LateFetal"
"GCCTTGCGTGCTAGCG-1","male","EN-fetal-late",-0.386894950430079,"LateFetal"
"GCCTTGCGTTAGGCTA-1","male","EN-fetal-late",-1.01883371546389,"LateFetal"
"GCCTTTATCTAACCTT-1","male","EN-fetal-late",0.34890192112599,"LateFetal"
"GCCTTTGGTGCTCCGT-1","male","EN-fetal-late",-0.0795911550862498,"LateFetal"
"GCCTTTGGTTAATGAC-1","male","EN-fetal-late",-0.334436405406473,"LateFetal"
"GCCTTTGGTTTCCGGC-1","male","EN-fetal-late",0.324988708981587,"LateFetal"
"GCGAAGCCATGCATAT-1","male","EN-fetal-late",0.975773423893442,"LateFetal"
"GCGAAGTAGCATCCAG-1","male","EN-fetal-late",-0.735517695103107,"LateFetal"
"GCGAAGTAGCTCCCTG-1","male","EN-fetal-late",0.432344725559686,"LateFetal"
"GCGAAGTAGGGTTAGA-1","male","EN-fetal-late",-0.391212996834347,"LateFetal"
"GCGAGTGAGGATGATG-1","male","EN-fetal-late",1.938031216226,"LateFetal"
"GCGAGTGAGGTCTTGG-1","male","IN-fetal",0.535822912907729,"LateFetal"
"GCGAGTGAGGTTTGAC-1","male","EN-fetal-late",-0.10025606561657,"LateFetal"
"GCGATATTCAATACGC-1","male","EN-fetal-late",-0.518305951801001,"LateFetal"
"GCGATATTCCTGGTCT-1","male","EN-fetal-late",-1.02115713690583,"LateFetal"
"GCGATTTAGACAGGCG-1","male","EN-fetal-late",0.933029616964915,"LateFetal"
"GCGATTTAGTCATCCC-1","male","EN-fetal-late",0.941986835539895,"LateFetal"
"GCGCAATGTGAAACAA-1","male","EN-fetal-late",0.271073830872704,"LateFetal"
"GCGCAATGTGTCCTGC-1","male","EN-fetal-late",-0.163862599261269,"LateFetal"
"GCGCAATGTTGGATAT-1","male","EN-fetal-late",-1.62227920921188,"LateFetal"
"GCGCAATGTTGTAAAC-1","male","EN-fetal-late",-0.140933591082369,"LateFetal"
"GCGCCTTGTAGCAGCT-1","male","EN-fetal-late",0.26202858806714,"LateFetal"
"GCGCCTTGTCAAGTGC-1","male","EN-fetal-late",-1.10835869789983,"LateFetal"
"GCGCGATTCTTGAGGT-1","male","EN-fetal-late",0.111959075859437,"LateFetal"
"GCGCTAGGTAATCGTG-1","male","EN-fetal-late",-0.133051951250925,"LateFetal"
"GCGCTAGGTTCAAGCA-1","male","EN-fetal-late",0.0807017366587551,"LateFetal"
"GCGGAACCACGCAACT-1","male","EN-fetal-late",-0.244897685921574,"LateFetal"
"GCGGAACCATAAGTCT-1","male","EN-fetal-late",1.30525692827701,"LateFetal"
"GCGGATACAACTAACT-1","male","EN-fetal-late",0.907916821832591,"LateFetal"
"GCGGTTATCAATCATG-1","male","IN-fetal",0.171007756822207,"LateFetal"
"GCGGTTATCCGCCAAA-1","male","EN-fetal-late",-0.191883057236415,"LateFetal"
"GCGGTTATCCGTTAAA-1","male","EN-fetal-late",-0.44778774448108,"LateFetal"
"GCGGTTATCGTCCTTA-1","male","IN-fetal",0.304789114674371,"LateFetal"
"GCGGTTATCTTAGGAC-1","male","EN-fetal-late",0.60841869595914,"LateFetal"
"GCGTAACGTAAGTCGC-1","male","EN-fetal-late",0.527409054586124,"LateFetal"
"GCGTAACGTCCTTCAG-1","male","IN-fetal",-0.0999013535915178,"LateFetal"
"GCGTGCTAGCAGCTCA-1","male","EN-fetal-late",0.161967779739402,"LateFetal"
"GCGTGCTAGCCTGGTA-1","male","EN-fetal-late",0.105788937363839,"LateFetal"
"GCGTTTCTCAATTACG-1","male","EN-fetal-late",0.679543579633469,"LateFetal"
"GCGTTTCTCCAGGAAA-1","male","EN-fetal-late",0.037002366265134,"LateFetal"
"GCTAACCCACATGCTA-1","male","EN-fetal-late",0.523998133100896,"LateFetal"
"GCTAACCCATTAGCCA-1","male","EN-fetal-late",-0.539551441155256,"LateFetal"
"GCTAAGCGTTTAAAGC-1","male","EN-fetal-late",0.442501813032508,"LateFetal"
"GCTAAGCGTTTGCGCC-1","male","EN-fetal-late",0.104537638457883,"LateFetal"
"GCTAAGTTCTAATCAG-1","male","EN-fetal-late",-0.902352836672568,"LateFetal"
"GCTAATATCAGCAAGA-1","male","EN-fetal-late",0.298891985369499,"LateFetal"
"GCTAATATCTAACTGA-1","male","EN-fetal-late",1.14814238393643,"LateFetal"
"GCTAATATCTACCTCA-1","male","EN-fetal-late",0.18829019134755,"LateFetal"
"GCTAGCCAGTCTTGAA-1","male","EN-fetal-late",-0.0163221199583047,"LateFetal"
"GCTAGCGGTTAATGAC-1","male","EN-fetal-late",0.560503062496999,"LateFetal"
"GCTAGCTCAATCCTAG-1","male","EN-fetal-late",-0.395039018039195,"LateFetal"
"GCTATAGGTAGGTTGC-1","male","IN-fetal",-0.606602261658731,"LateFetal"
"GCTATAGGTATTGTCC-1","male","IN-fetal",-0.136387199387229,"LateFetal"
"GCTATAGGTGCATTAG-1","male","EN-fetal-late",-0.911335018115174,"LateFetal"
"GCTATAGGTGGTGAGA-1","male","EN-fetal-late",0.203670759357359,"LateFetal"
"GCTATAGGTTATCGAG-1","male","EN-fetal-late",-0.618473944171417,"LateFetal"
"GCTATCCTCATCCACC-1","male","EN-fetal-late",0.0702074158007997,"LateFetal"
"GCTATCCTCCAAGTTA-1","male","EN-fetal-late",0.33691337548739,"LateFetal"
"GCTATCCTCCAGGGAG-1","male","EN-fetal-late",-0.607052941840158,"LateFetal"
"GCTATCCTCCTTGCAC-1","male","EN-fetal-late",0.552005743475468,"LateFetal"
"GCTATTGCACTGACCG-1","male","EN-fetal-late",-0.48244093915471,"LateFetal"
"GCTATTGCACTTCATC-1","male","EN-fetal-late",-0.767295985324476,"LateFetal"
"GCTCAACCAGCTTACA-1","male","EN-fetal-late",0.197633412448813,"LateFetal"
"GCTCAACCAGGATGGC-1","male","EN-fetal-late",0.47004986324086,"LateFetal"
"GCTCACAAGGTTACGT-1","male","EN-fetal-late",-0.926467100230182,"LateFetal"
"GCTCATTGTAATCGCA-1","male","EN-fetal-late",-0.155026336362975,"LateFetal"
"GCTCATTGTCGTTACT-1","male","EN-fetal-late",-0.408468848983175,"LateFetal"
"GCTCCTTAGCTCGCTT-1","male","EN-fetal-late",0.539722955716098,"LateFetal"
"GCTCCTTAGGATCCGC-1","male","IN-fetal",0.127643650581894,"LateFetal"
"GCTCTGGCAAAGCGCA-1","male","EN-fetal-late",-0.337002870856184,"LateFetal"
"GCTCTGGCACCATATG-1","male","IN-fetal",0.420283522456292,"LateFetal"
"GCTCTGGCACGGTACT-1","male","EN-fetal-late",-0.215589886059118,"LateFetal"
"GCTCTGTTCAGGATGA-1","male","EN-fetal-late",0.129371397788266,"LateFetal"
"GCTCTGTTCATTGTTC-1","male","EN-fetal-late",0.017393573307828,"LateFetal"
"GCTGACATCTGGCTTC-1","male","EN-fetal-late",0.0360144208140322,"LateFetal"
"GCTGACCAGGTCTTGG-1","male","EN-fetal-late",-0.0587603709851137,"LateFetal"
"GCTGACCAGTCACCAG-1","male","IN-fetal",0.416075165723914,"LateFetal"
"GCTGAGGAGAGGAAGG-1","male","EN-fetal-late",0.814723478235742,"LateFetal"
"GCTGAGGAGGCGCATC-1","male","EN-fetal-late",-0.0172602821467978,"LateFetal"
"GCTGATCCAAGGTGCA-1","male","EN-fetal-late",0.972139135953698,"LateFetal"
"GCTGCAATCAATCTCT-1","male","EN-fetal-late",0.445108403501343,"LateFetal"
"GCTGCAATCATTACGA-1","male","EN-fetal-late",0.367105479318313,"LateFetal"
"GCTGCAATCGAGGAAC-1","male","EN-fetal-late",-1.23880255823544,"LateFetal"
"GCTGCACAGCGATAAG-1","male","EN-fetal-late",-0.145984507097813,"LateFetal"
"GCTGCACAGCTGTACG-1","male","EN-fetal-late",-0.254453344755399,"LateFetal"
"GCTGCACAGGATTGAG-1","male","EN-fetal-late",0.650289679156039,"LateFetal"
"GCTGCATCAATGCCTA-1","male","EN-fetal-late",0.380984359150542,"LateFetal"
"GCTGCATCAGGTTACC-1","male","EN-fetal-late",-0.348219544291418,"LateFetal"
"GCTGGTTCAGTAAAGC-1","male","EN-fetal-late",0.819820274927681,"LateFetal"
"GCTGTAAGTCTTGCAT-1","male","EN-fetal-late",-0.542652725864233,"LateFetal"
"GCTGTACCACAGACTC-1","male","EN-fetal-late",1.17382848845491,"LateFetal"
"GCTGTACCACTCGCTC-1","male","IN-fetal",0.62542464551851,"LateFetal"
"GCTGTACCATCATGTG-1","male","EN-fetal-late",-0.325505596434021,"LateFetal"
"GCTGTACCATTGTGGC-1","male","EN-fetal-late",-0.333787712171723,"LateFetal"
"GCTGTGATCACATTGA-1","male","EN-fetal-late",0.102240669680711,"LateFetal"
"GCTGTGCAGTTGGCCA-1","male","EN-fetal-late",-0.0126914772022801,"LateFetal"
"GCTTAACAGGGTCCAC-1","male","EN-fetal-late",-0.0864398690706046,"LateFetal"
"GCTTAGTAGTGTTGTA-1","male","EN-fetal-late",-0.2200393667891,"LateFetal"
"GCTTATCGTATGGTGC-1","male","EN-fetal-late",-0.265285272958685,"LateFetal"
"GCTTATCGTTTCCGGC-1","male","EN-fetal-late",0.306772025883067,"LateFetal"
"GCTTATCGTTTCGCGC-1","male","EN-fetal-late",-0.583198957125162,"LateFetal"
"GCTTCGCGTCTTTATG-1","male","EN-fetal-late",0.277819453719605,"LateFetal"
"GCTTGACCATCCCGCT-1","male","EN-fetal-late",-0.976770006944505,"LateFetal"
"GCTTGTTGTGCGCAAT-1","male","EN-fetal-late",-0.0875649282244476,"LateFetal"
"GCTTTATTCCTAAGGT-1","male","EN-fetal-late",0.365146247051639,"LateFetal"
"GCTTTATTCTAATCAG-1","male","EN-fetal-late",0.216384557526374,"LateFetal"
"GCTTTCATCAGTGAAG-1","male","EN-fetal-late",0.16434516433073,"LateFetal"
"GCTTTGTGTCAGGAAG-1","male","IN-fetal",0.177009388564159,"LateFetal"
"GCTTTGTGTTATGTGG-1","male","EN-fetal-late",0.0331344679356913,"LateFetal"
"GCTTTGTGTTTGTTGC-1","male","EN-fetal-late",-0.350461840585624,"LateFetal"
"GGAAACTCAATCTCTC-1","male","EN-fetal-late",1.39962831102052,"LateFetal"
"GGAACAATCCAATTAG-1","male","EN-fetal-late",-0.179873891421095,"LateFetal"
"GGAACAATCTTGATGA-1","male","EN-fetal-late",-0.51814037662351,"LateFetal"
"GGAACAATCTTGCAGG-1","male","EN-fetal-late",1.13031752141705,"LateFetal"
"GGAACAATCTTTGAGA-1","male","EN-fetal-late",1.87216936006299,"LateFetal"
"GGAACCACAATTATGC-1","male","EN-fetal-late",-0.0628349216537824,"LateFetal"
"GGAACCACACAAAGCG-1","male","EN-fetal-late",0.189832481147611,"LateFetal"
"GGAACCTGTCTAACAG-1","male","EN-fetal-late",-0.214946537353685,"LateFetal"
"GGAACCTGTTCGCTTG-1","male","EN-fetal-late",0.328666240532648,"LateFetal"
"GGAACCTGTTGTCCAT-1","male","EN-fetal-late",-0.390027102066626,"LateFetal"
"GGAACGGTCATCCTCA-1","male","EN-fetal-late",-0.253869533250236,"LateFetal"
"GGAACGGTCCTGGTGA-1","male","IN-fetal",-0.187826609851262,"LateFetal"
"GGAAGCTAGCGTGCAC-1","male","EN-fetal-late",1.08684453357936,"LateFetal"
"GGAAGTATCAACAAGG-1","male","EN-fetal-late",-0.967226304551779,"LateFetal"
"GGAAGTATCCTTAATC-1","male","EN-fetal-late",-0.126636333367175,"LateFetal"
"GGAATCTTCCCTCTAA-1","male","EN-fetal-late",-0.319849648520818,"LateFetal"
"GGAATCTTCCTAGTTT-1","male","EN-fetal-late",-0.655476393371697,"LateFetal"
"GGAATCTTCGCCTAAG-1","male","EN-fetal-late",-0.401287237326153,"LateFetal"
"GGACAGCCAACAGGTG-1","male","EN-fetal-late",-0.657373369585657,"LateFetal"
"GGACATAAGGATGATG-1","male","EN-fetal-late",0.403552678207938,"LateFetal"
"GGACCGAAGGTCGAGG-1","male","EN-fetal-late",-0.224097329391781,"LateFetal"
"GGACCGAAGTGCACGC-1","male","EN-fetal-late",-0.651745891903096,"LateFetal"
"GGACCTCAGCTAATTG-1","male","EN-fetal-late",-0.0840815761247352,"LateFetal"
"GGACCTCAGCTCCTTA-1","male","EN-fetal-late",-0.0208888172614152,"LateFetal"
"GGACGAAGTAGCCTAA-1","male","EN-fetal-late",-0.201173401184367,"LateFetal"
"GGACGAAGTGACATAT-1","male","EN-fetal-late",-0.294938037261858,"LateFetal"
"GGACGGATCAAACCTA-1","male","EN-fetal-late",-0.322672962454414,"LateFetal"
"GGACGGATCTAGCGTG-1","male","IN-fetal",1.06923634032757,"LateFetal"
"GGACTAAAGGACGTAA-1","male","EN-fetal-late",-0.702982285241102,"LateFetal"
"GGAGCAAGTCTTTATG-1","male","EN-fetal-late",0.0830889188584161,"LateFetal"
"GGAGCAAGTTAGGCTA-1","male","EN-fetal-late",0.654241307316427,"LateFetal"
"GGAGCGATCACCTGCT-1","male","EN-fetal-late",0.0797669222758926,"LateFetal"
"GGAGCGATCCCATAGG-1","male","EN-fetal-late",-0.215639815174182,"LateFetal"
"GGAGCGATCCGCATGA-1","male","IN-fetal",-0.0324704249310854,"LateFetal"
"GGAGCGATCCGGCTAA-1","male","EN-fetal-late",-1.28195805806659,"LateFetal"
"GGAGTCTGTAACTACG-1","male","EN-fetal-late",-0.303416415475199,"LateFetal"
"GGAGTCTGTATTTGGG-1","male","EN-fetal-late",-0.230915832528123,"LateFetal"
"GGAGTGAGTACAATGT-1","male","EN-fetal-late",0.16311053825512,"LateFetal"
"GGAGTGAGTAGTTAAC-1","male","EN-fetal-late",-0.304823732088938,"LateFetal"
"GGATACTTCCGCCAAA-1","male","IN-fetal",-0.764904140137293,"LateFetal"
"GGATACTTCGCTCCAT-1","male","EN-fetal-late",-0.212727388974706,"LateFetal"
"GGATATTGTCCCGAAG-1","male","EN-fetal-late",-0.159289278571773,"LateFetal"
"GGATATTGTTTCCTCC-1","male","OPC",0.53856336550593,"LateFetal"
"GGATGAATCAAGTGAG-1","male","OPC",-0.606263965017676,"LateFetal"
"GGATGAATCGGTTAGT-1","male","EN-fetal-late",-0.0430050536096985,"LateFetal"
"GGATGGCCACCGGTAT-1","male","EN-fetal-late",-1.34239228866317,"LateFetal"
"GGATGGCCAGAAACGT-1","male","EN-fetal-late",-0.198530217860224,"LateFetal"
"GGATGGCCAGCTAATT-1","male","EN-fetal-late",-0.0314896407143744,"LateFetal"
"GGATGGCCATTCCTGT-1","male","EN-fetal-late",-0.414708874770071,"LateFetal"
"GGATGTAAGGTTAGCT-1","male","EN-fetal-late",0.945544656289506,"LateFetal"
"GGATGTAAGTCGCAAT-1","male","EN-fetal-late",0.905460732372862,"LateFetal"
"GGATGTAAGTGAACGA-1","male","EN-fetal-late",-0.366993337799762,"LateFetal"
"GGATGTAAGTTAGTTG-1","male","EN-fetal-late",0.921236954885513,"LateFetal"
"GGATTATGTCATTGTC-1","male","EN-fetal-late",-0.233690893895493,"LateFetal"
"GGATTCAGTGTGTGGT-1","male","EN-fetal-late",-0.75190581295431,"LateFetal"
"GGATTGCGTCACGAAC-1","male","EN-fetal-late",-0.821116718410408,"LateFetal"
"GGATTGCGTGCTGTAA-1","male","EN-fetal-late",-0.675226061112251,"LateFetal"
"GGATTTATCCGGGACT-1","male","IN-fetal",-0.53393531692894,"LateFetal"
"GGATTTATCGTTAAGC-1","male","IN-fetal",0.664767212286253,"LateFetal"
"GGCAAATCACGCAACT-1","male","EN-fetal-late",-0.0710194944825651,"LateFetal"
"GGCAAGCCATAACGGG-1","male","EN-fetal-late",-1.08122087816918,"LateFetal"
"GGCAATCGTCCAAGAC-1","male","EN-fetal-late",-0.635640200262161,"LateFetal"
"GGCAGGATCCTCATGC-1","male","EN-fetal-late",-0.00784284455544431,"LateFetal"
"GGCAGGATCTTGAGGT-1","male","EN-fetal-late",0.833219368084392,"LateFetal"
"GGCATGGAGGTTACAC-1","male","EN-fetal-late",0.115499662730506,"LateFetal"
"GGCATGGAGTAACAGG-1","male","EN-fetal-late",-1.23813436462209,"LateFetal"
"GGCATTAGTCGACTAA-1","male","EN-fetal-late",0.23350285083305,"LateFetal"
"GGCATTAGTGACCTGG-1","male","EN-fetal-late",0.181982580305001,"LateFetal"
"GGCATTAGTTACGCGG-1","male","EN-fetal-late",-0.848803377754302,"LateFetal"
"GGCATTAGTTATTGCC-1","male","EN-fetal-late",0.160843962877983,"LateFetal"
"GGCATTAGTTCCTGTG-1","male","EN-fetal-late",0.504362637867927,"LateFetal"
"GGCATTAGTTGTCCAT-1","male","EN-fetal-late",-0.520609632219281,"LateFetal"
"GGCATTAGTTTGGGCG-1","male","IN-CGE",0.359626486854243,"LateFetal"
"GGCATTGTCGTCAAGT-1","male","EN-fetal-late",-0.494536047194331,"LateFetal"
"GGCATTGTCTATTGTC-1","male","EN-fetal-late",0.288366774863797,"LateFetal"
"GGCCAACTCAATGTGC-1","male","EN-fetal-late",-0.202334233305659,"LateFetal"
"GGCCAACTCCCATAAA-1","male","EN-fetal-late",0.665670232678742,"LateFetal"
"GGCCAACTCCCGCAAA-1","male","EN-fetal-late",0.628251784437222,"LateFetal"
"GGCCGTTAGACTTACA-1","male","EN-fetal-late",-0.336483542702655,"LateFetal"
"GGCCGTTAGAGGGACT-1","male","EN-fetal-late",0.563060150513129,"LateFetal"
"GGCCGTTAGTTCCCGT-1","male","IN-fetal",-0.0685831290936914,"LateFetal"
"GGCCTCTGTCAAAGAA-1","male","EN-fetal-late",-0.425227649369264,"LateFetal"
"GGCCTCTGTGGATTAT-1","male","EN-fetal-late",0.577390547805446,"LateFetal"
"GGCCTTAAGGGCCATC-1","male","EN-fetal-late",0.143333481068804,"LateFetal"
"GGCCTTCGTTATCCGT-1","male","EN-fetal-late",-0.504082627571381,"LateFetal"
"GGCGATACAATGCCCG-1","male","EN-fetal-late",0.249250168393304,"LateFetal"
"GGCGATACAGGATAAC-1","male","EN-fetal-late",0.537316156121796,"LateFetal"
"GGCGGTAAGCCGGTAC-1","male","IN-fetal",-0.186558594244433,"LateFetal"
"GGCGGTAAGGCTAATC-1","male","EN-fetal-late",1.18710082653425,"LateFetal"
"GGCGGTAAGTGAGCGG-1","male","EN-fetal-late",0.279763301504695,"LateFetal"
"GGCGGTTTCCTGATGG-1","male","EN-fetal-late",-0.32552871060819,"LateFetal"
"GGCGTTATCCGCAAGC-1","male","EN-fetal-late",1.84521355334908,"LateFetal"
"GGCGTTATCGAGCAAA-1","male","IN-fetal",1.0930457041209,"LateFetal"
"GGCGTTATCGTTACAA-1","male","EN-fetal-late",-1.06156140959942,"LateFetal"
"GGCTAGACACCTCAGG-1","male","EN-fetal-late",0.723669966878476,"LateFetal"
"GGCTAGACAGTACCGT-1","male","EN-fetal-late",0.325456202064966,"LateFetal"
"GGCTAGTGTACCGTTT-1","male","EN-fetal-late",-0.602064073919076,"LateFetal"
"GGCTAGTGTGGGTACT-1","male","IN-fetal",-0.0397211798372518,"LateFetal"
"GGCTATGTCATGCTAA-1","male","EN-fetal-late",0.109562946997316,"LateFetal"
"GGCTATGTCTAAGGTC-1","male","IN-fetal",0.944162194018968,"LateFetal"
"GGCTATTAGCTGCACA-1","male","EN-fetal-late",-0.197446826939168,"LateFetal"
"GGCTCAATCAGAAACG-1","male","EN-fetal-late",-0.419467648143383,"LateFetal"
"GGCTCAATCTCCATGC-1","male","EN-fetal-late",0.720203264043521,"LateFetal"
"GGCTCAATCTGTGCCT-1","male","EN-fetal-late",-1.3865837975658,"LateFetal"
"GGCTCACAGGCTTAAC-1","male","EN-fetal-late",-0.478156175438103,"LateFetal"
"GGCTCACAGTTGTCCC-1","male","EN-fetal-late",0.0350103714637553,"LateFetal"
"GGCTGAGAGCGGATAA-1","male","EN-fetal-late",0.594234691868978,"LateFetal"
"GGCTGAGAGCTTACTT-1","male","EN-fetal-late",0.135272157858564,"LateFetal"
"GGCTGAGAGGACAACA-1","male","EN-fetal-late",0.244618337967914,"LateFetal"
"GGCTGAGAGGCAATAG-1","male","EN-fetal-late",-0.501012393436651,"LateFetal"
"GGCTGGTTCCTGCGAA-1","male","EN-fetal-late",-0.291931756616608,"LateFetal"
"GGCTGGTTCGGGATTT-1","male","EN-fetal-late",-0.389335084202406,"LateFetal"
"GGCTTAAGTTAAGCTG-1","male","EN-fetal-late",-0.248225037657754,"LateFetal"
"GGGAGTAGTAGGTTGC-1","male","EN-fetal-late",0.0639389439507476,"LateFetal"
"GGGATAATCTCACTAT-1","male","EN-fetal-late",0.212568299211922,"LateFetal"
"GGGATTAAGCAACATC-1","male","EN-fetal-late",0.203763444683925,"LateFetal"
"GGGATTAAGCTGAGGG-1","male","EN-fetal-late",0.496873404154655,"LateFetal"
"GGGATTAAGTCATTTC-1","male","EN-fetal-late",-0.415027996939443,"LateFetal"
"GGGATTAAGTTATCTC-1","male","EN-fetal-late",0.47075045852913,"LateFetal"
"GGGCAATAGCGAAGTA-1","male","EN-fetal-late",0.920246932332949,"LateFetal"
"GGGCAATAGGGCCATC-1","male","EN-fetal-late",-0.03964097074881,"LateFetal"
"GGGCATGAGCCTTAAA-1","male","IN-fetal",0.750506008505628,"LateFetal"
"GGGCATGAGGAGCACG-1","male","EN-fetal-late",-0.412726385491072,"LateFetal"
"GGGCATGAGGCAATAG-1","male","EN-fetal-late",-0.897141434228182,"LateFetal"
"GGGCGAATCCTTGAGG-1","male","EN-fetal-late",-0.219231250506362,"LateFetal"
"GGGCTAACACAAACTT-1","male","IN-fetal",0.158930030684377,"LateFetal"
"GGGCTAACAGCAACAG-1","male","EN-fetal-late",0.528346246618219,"LateFetal"
"GGGCTAACATAATCCG-1","male","EN-fetal-late",1.1781625215177,"LateFetal"
"GGGTATTTCTCACTAT-1","male","EN-fetal-late",-0.72064603457278,"LateFetal"
"GGGTCAACAAAGCGCA-1","male","EN-fetal-late",0.541141826690608,"LateFetal"
"GGGTCAACACATTAAC-1","male","IN-CGE",0.230180385836543,"LateFetal"
"GGGTCAACAGCTCAAC-1","male","EN-fetal-late",0.909494661921779,"LateFetal"
"GGGTCAACATTAAACC-1","male","IN-fetal",-0.192178618923436,"LateFetal"
"GGGTGAAGTAGTTAAC-1","male","EN-fetal-late",1.1553741760395,"LateFetal"
"GGGTGAAGTATACTGG-1","male","IN-fetal",0.346335145278962,"LateFetal"
"GGGTGAAGTCGTTACT-1","male","EN-fetal-late",0.909534647982628,"LateFetal"
"GGGTGTTGTGTGCAAC-1","male","IN-fetal",0.467177609141627,"LateFetal"
"GGGTGTTGTTGCACGG-1","male","EN-fetal-late",0.0411545213524602,"LateFetal"
"GGGTGTTGTTGCCTCA-1","male","IN-fetal",1.00621739966686,"LateFetal"
"GGGTTACGTAACGGGA-1","male","EN-fetal-late",0.563485011747928,"LateFetal"
"GGGTTATTCATAAGCC-1","male","EN-fetal-late",-0.209189079498432,"LateFetal"
"GGGTTTCCAAACGGGC-1","male","EN-fetal-late",-1.14004450262714,"LateFetal"
"GGGTTTCCAATTAACC-1","male","EN-fetal-late",0.377826047471905,"LateFetal"
"GGGTTTGTCACTAGGT-1","male","IN-fetal",-0.261508504822316,"LateFetal"
"GGTAAACCATGAGTTT-1","male","EN-fetal-late",-0.456797427393845,"LateFetal"
"GGTAACCGTACTAAAC-1","male","EN-fetal-late",-0.919447411578948,"LateFetal"
"GGTAACCGTGGAAACG-1","male","VSMC",-0.687311126776812,"LateFetal"
"GGTAACCGTGTGAGAG-1","male","IN-fetal",-0.530385364887285,"LateFetal"
"GGTAACCGTTCCGGCT-1","male","EN-fetal-late",-0.302613934259821,"LateFetal"
"GGTAACCGTTGCAATG-1","male","EN-fetal-late",-0.760004321186708,"LateFetal"
"GGTAACTTCATAACGC-1","male","EN-fetal-late",-0.480379451693708,"LateFetal"
"GGTAACTTCCAGGGAG-1","male","EN-fetal-late",-0.750883451429915,"LateFetal"
"GGTAAGGGTAGCCTCC-1","male","IN-fetal",0.239486985072534,"LateFetal"
"GGTAAGGGTGTCCAAA-1","male","EN-fetal-late",-0.845770391404333,"LateFetal"
"GGTAATTGTCACAGCG-1","male","EN-fetal-late",0.0853361959026096,"LateFetal"
"GGTAATTGTGACATGC-1","male","VSMC",0.325885810930885,"LateFetal"
"GGTACAAAGCCTGTTC-1","male","IN-fetal",0.488549586597249,"LateFetal"
"GGTACAAAGGTTTACA-1","male","EN-fetal-late",0.175459289507941,"LateFetal"
"GGTACTTAGGCGCACT-1","male","IN-fetal",0.999952413312576,"LateFetal"
"GGTAGGAGTAATCGTG-1","male","EN-fetal-late",1.06409707520633,"LateFetal"
"GGTATTGGTACTGAAT-1","male","EN-fetal-late",-0.152094699082839,"LateFetal"
"GGTATTGGTAGGATCC-1","male","IN-fetal",0.450167545432724,"LateFetal"
"GGTATTGGTGTTGCAA-1","male","IN-fetal",0.111435963625755,"LateFetal"
"GGTATTTCAATAACGA-1","male","EN-fetal-late",0.371919446714358,"LateFetal"
"GGTATTTCACGTAAGG-1","male","EN-fetal-late",0.325692619093654,"LateFetal"
"GGTATTTCACTAAGCC-1","male","EN-fetal-late",1.23046132587321,"LateFetal"
"GGTATTTCACTCGCTC-1","male","EN-fetal-late",0.026435418941605,"LateFetal"
"GGTCAATTCTTGCAAA-1","male","EN-fetal-late",0.250608231653914,"LateFetal"
"GGTCATTAGGAGGCAT-1","male","EN-fetal-late",-0.59677084205164,"LateFetal"
"GGTCATTAGGTTTGCG-1","male","EN-fetal-late",0.0621083712138956,"LateFetal"
"GGTCCATCACGTAATT-1","male","IN-fetal",-1.00802729227286,"LateFetal"
"GGTCCATCATGTTTGG-1","male","EN-fetal-late",0.775990671009556,"LateFetal"
"GGTCCGTAGACAGGCG-1","male","IN-fetal",-0.507423035672659,"LateFetal"
"GGTCCGTAGCTGTAAC-1","male","EN-fetal-late",0.341670776625298,"LateFetal"
"GGTCTTGAGTCGCAAT-1","male","EN-fetal-late",-0.194328376974528,"LateFetal"
"GGTGAGCCATTAAGTC-1","male","EN-fetal-late",0.765644448207473,"LateFetal"
"GGTGAGGTCCGCCTAT-1","male","EN-fetal-late",1.24775878852002,"LateFetal"
"GGTGAGGTCTGGCAAT-1","male","EN-fetal-late",0.131895603215303,"LateFetal"
"GGTGAGTAGCTTAGTA-1","male","EN-fetal-late",0.171175208116732,"LateFetal"
"GGTGAGTAGGCGAAAC-1","male","EN-fetal-late",-0.668201026233798,"LateFetal"
"GGTGCTGGTAAACAAG-1","male","EN-fetal-late",0.032477682914633,"LateFetal"
"GGTGCTTCAATAGTCT-1","male","EN-fetal-late",1.04920192246703,"LateFetal"
"GGTGCTTCACCGGTAT-1","male","EN-fetal-late",0.656124049504131,"LateFetal"
"GGTGCTTCACTAAGCC-1","male","EN-fetal-late",-0.046855994945902,"LateFetal"
"GGTGTGACATAATCCG-1","male","EN-fetal-late",-0.5729497717803,"LateFetal"
"GGTGTGACATGGCCTG-1","male","EN-fetal-late",0.109282078126386,"LateFetal"
"GGTGTTGTCTTTGACT-1","male","EN-fetal-late",-0.44957284349744,"LateFetal"
"GGTTAATGTAACAGGG-1","male","EN-fetal-late",0.382277240378834,"LateFetal"
"GGTTAATGTGAATCGC-1","male","IN-fetal",-0.168545924023336,"LateFetal"
"GGTTAATGTGATGATT-1","male","EN-fetal-late",-1.01436263787342,"LateFetal"
"GGTTACCCAAGGAATC-1","male","EN-fetal-late",-0.0856534101191312,"LateFetal"
"GGTTACCCATTCCTGT-1","male","EN-fetal-late",-0.360260161622857,"LateFetal"
"GGTTACTAGCCGCAAC-1","male","EN-fetal-late",0.719186048717925,"LateFetal"
"GGTTAGCGTTACCGGG-1","male","EN-fetal-late",0.650498204004998,"LateFetal"
"GGTTATATCCCGAACA-1","male","EN-fetal-late",-0.0507515352530702,"LateFetal"
"GGTTATATCGTACCGA-1","male","EN-fetal-late",-0.962165002292963,"LateFetal"
"GGTTATGGTAATCCCT-1","male","EN-fetal-late",-0.0855135901641374,"LateFetal"
"GGTTATGGTCGACTAA-1","male","EN-fetal-late",1.17197861065242,"LateFetal"
"GGTTATGGTGATTTGG-1","male","EN-fetal-late",1.14946892603704,"LateFetal"
"GGTTATGGTGGGAACA-1","male","IN-fetal",0.252120056869885,"LateFetal"
"GGTTATGGTTATTGCC-1","male","EN-fetal-late",1.23830849073967,"LateFetal"
"GGTTCCCGTCGCGCAA-1","male","EN-fetal-late",-0.248065922580618,"LateFetal"
"GGTTCCCGTTGGTTAG-1","male","EN-fetal-late",-0.827279826407268,"LateFetal"
"GGTTCTTGTGCGCGTA-1","male","IN-fetal",0.70512914218355,"LateFetal"
"GGTTCTTGTTAACACG-1","male","EN-fetal-late",0.0930219816126845,"LateFetal"
"GGTTGACGTAATGGAA-1","male","IN-fetal",0.569301074970135,"LateFetal"
"GGTTGACGTAGGTTTG-1","male","RG",1.24293449405154,"LateFetal"
"GGTTGACGTGCCGCAA-1","male","EN-fetal-late",0.81984011172731,"LateFetal"
"GGTTGCATCACCTGCT-1","male","EN-fetal-late",-0.0297288806622528,"LateFetal"
"GGTTGCTCAATCCTAG-1","male","Astrocytes",1.31866357864229,"LateFetal"
"GGTTGCTCAATTAGGA-1","male","IN-fetal",0.0430516360920074,"LateFetal"
"GGTTGCTCACAGGGAC-1","male","IN-fetal",0.776559560018864,"LateFetal"
"GGTTGGTGTATTTGGG-1","male","EN-fetal-late",-0.451902662832552,"LateFetal"
"GGTTGGTGTGGACATC-1","male","EN-fetal-late",0.412454289326305,"LateFetal"
"GGTTTAATCCTGAATA-1","male","EN-fetal-late",-0.114930154601923,"LateFetal"
"GGTTTAATCTTACTCG-1","male","Endothelial",0.151157403995946,"LateFetal"
"GGTTTCCTCATTACGA-1","male","EN-fetal-late",-0.111069962316866,"LateFetal"
"GGTTTCTGTTAACGAT-1","male","EN-fetal-late",-0.0298648370993101,"LateFetal"
"GTAAAGCCACAACAAA-1","male","EN-fetal-late",0.628661614456886,"LateFetal"
"GTAAAGCCACAATGTT-1","male","EN-fetal-late",0.189602514609751,"LateFetal"
"GTAAAGCCAGCATGTC-1","male","EN-fetal-late",0.536829929350965,"LateFetal"
"GTAAGCAAGCAGGTTT-1","male","EN-fetal-late",-0.20112890439962,"LateFetal"
"GTAAGCAAGCGCATTG-1","male","EN-fetal-late",0.0789797082345005,"LateFetal"
"GTAAGCAAGGTCAAAG-1","male","EN-fetal-late",-0.233428659959289,"LateFetal"
"GTAAGCGCATAATCGT-1","male","EN-fetal-late",-0.0675319072324693,"LateFetal"
"GTAAGCGCATCTTGAG-1","male","EN-fetal-late",0.295685904545693,"LateFetal"
"GTAAGCGCATGTCGCG-1","male","EN-fetal-late",-0.339440144551259,"LateFetal"
"GTAAGCTTCAAACCGT-1","male","EN-fetal-late",-1.25434108336938,"LateFetal"
"GTACAATGTAATAGCT-1","male","EN-fetal-late",-0.155174098802195,"LateFetal"
"GTACAATGTGCTTACT-1","male","EN-fetal-late",-1.21157661393291,"LateFetal"
"GTACAATGTTTCGCCA-1","male","EN-fetal-late",-0.763781994531761,"LateFetal"
"GTACACCCAACCTAAT-1","male","EN-fetal-late",0.00756239355065857,"LateFetal"
"GTACACCCAATAACGA-1","male","EN-fetal-late",-0.428548200670872,"LateFetal"
"GTACACCCACAGAACG-1","male","IN-fetal",0.270362146314525,"LateFetal"
"GTACCGGGTTAGGTTG-1","male","EN-fetal-late",1.18202992519288,"LateFetal"
"GTACCTTGTGTGAGGA-1","male","EN-fetal-late",0.226949496372139,"LateFetal"
"GTACTAATCATTTGCT-1","male","EN-fetal-late",0.191513582324712,"LateFetal"
"GTACTAGGTTCCGGGA-1","male","IN-fetal",-0.840702801479159,"LateFetal"
"GTACTGGTCACTTCAT-1","male","IN-fetal",0.881901382791192,"LateFetal"
"GTACTGGTCCCAGTAG-1","male","EN-fetal-late",1.440004867096,"LateFetal"
"GTACTGGTCTAGCTTT-1","male","IN-fetal",-0.26126016831104,"LateFetal"
"GTACTTAAGTTGGCCA-1","male","EN-fetal-late",-0.155059183737712,"LateFetal"
"GTAGCCATCACTAGGT-1","male","EN-fetal-late",-0.0900463558132694,"LateFetal"
"GTAGCCATCGATATTG-1","male","EN-fetal-late",-1.26339144240098,"LateFetal"
"GTAGCCATCTAGCGAT-1","male","EN-fetal-late",0.618619518115039,"LateFetal"
"GTAGCCATCTTGGATA-1","male","EN-fetal-late",0.973229389211431,"LateFetal"
"GTAGCGCTCCTGATTT-1","male","EN-fetal-late",-0.5007927368171,"LateFetal"
"GTAGCTGTCGTCATTT-1","male","EN-fetal-late",-1.29097848159067,"LateFetal"
"GTAGGAGGTAAGGTCC-1","male","EN-fetal-late",-0.242704563884293,"LateFetal"
"GTAGGAGGTGGGAACA-1","male","IN-fetal",-0.230086828393821,"LateFetal"
"GTAGGATCAGGTTTGC-1","male","EN-fetal-late",-0.120222302886925,"LateFetal"
"GTAGGCGAGCAAACCT-1","male","EN-fetal-late",0.137341176168959,"LateFetal"
"GTAGGCGAGCGAGCGA-1","male","EN-fetal-late",-0.33326806007058,"LateFetal"
"GTAGGTGCAAGGTCGA-1","male","EN-fetal-late",-0.00778496683605643,"LateFetal"
"GTAGGTGCACTGGCTG-1","male","IN-fetal",-0.590698470764,"LateFetal"
"GTAGGTGCATGTTGCA-1","male","EN-fetal-late",0.0369545685380984,"LateFetal"
"GTATGTGGTCCTTAGT-1","male","EN-fetal-late",-0.00504258596874034,"LateFetal"
"GTATGTGGTGAGCGAA-1","male","IN-fetal",0.288219372149055,"LateFetal"
"GTATGTTCACCTACGG-1","male","EN-fetal-late",0.437911002492838,"LateFetal"
"GTATTGATCATGCGTG-1","male","EN-fetal-late",-0.157605447336235,"LateFetal"
"GTATTGATCCAGGTCA-1","male","EN-fetal-late",-0.640167890536425,"LateFetal"
"GTATTGTCACTTACAG-1","male","EN-fetal-late",1.1493118911259,"LateFetal"
"GTCAAACTCTAATCCT-1","male","EN-fetal-late",-0.925102539900063,"LateFetal"
"GTCAAACTCTTGCAGG-1","male","EN-fetal-late",0.189634197745067,"LateFetal"
"GTCAATATCACAGGAA-1","male","EN-fetal-late",0.684752198925889,"LateFetal"
"GTCAATATCCGTTATT-1","male","EN-fetal-late",-0.1459965564578,"LateFetal"
"GTCAATATCGTGCTTC-1","male","EN-fetal-late",0.168926650995447,"LateFetal"
"GTCAGGCTCATTGCAA-1","male","EN-fetal-late",-1.00455906479886,"LateFetal"
"GTCATCACATCCTAGA-1","male","EN-fetal-late",-1.22937823474446,"LateFetal"
"GTCATGAGTCAAGTGC-1","male","EN-fetal-late",-0.33811005383968,"LateFetal"
"GTCATGAGTCTCAGCC-1","male","EN-fetal-late",-0.11393116016032,"LateFetal"
"GTCATGAGTTCTTTAG-1","male","EN-fetal-late",-1.31238790590063,"LateFetal"
"GTCATGAGTTTATCGC-1","male","EN-fetal-late",-0.0318907291271229,"LateFetal"
"GTCATGAGTTTCAGGA-1","male","EN-fetal-late",0.294315795013561,"LateFetal"
"GTCATGCCACATAACT-1","male","EN-fetal-late",0.034043978963267,"LateFetal"
"GTCATGCCATGCTTAG-1","male","IN-fetal",-0.36786972500765,"LateFetal"
"GTCATTAAGCAGCTCA-1","male","EN-fetal-late",-0.422532647265833,"LateFetal"
"GTCCAAGTCAGCTAAC-1","male","EN-fetal-late",0.895939911430711,"LateFetal"
"GTCCAAGTCATTGTCT-1","male","EN-fetal-late",0.266991438539909,"LateFetal"
"GTCCAGGGTAGCTAGC-1","male","EN-fetal-late",-0.2967031542369,"LateFetal"
"GTCCAGGGTCGACTCC-1","male","EN-fetal-late",0.0611382734329482,"LateFetal"
"GTCCAGGGTTACAAAC-1","male","EN-fetal-late",-0.232702941834142,"LateFetal"
"GTCCATTGTAACGGGA-1","male","EN-fetal-late",1.55792884728829,"LateFetal"
"GTCCATTGTAGCCATA-1","male","EN-fetal-late",-1.4483055494789,"LateFetal"
"GTCCATTGTTTACCGT-1","male","EN-fetal-late",0.150023234967948,"LateFetal"
"GTCCTAGAGGACCTCA-1","male","IN-fetal",-0.208980082891479,"LateFetal"
"GTCCTAGAGGATTTGC-1","male","IN-fetal",-0.845056747883793,"LateFetal"
"GTCCTAGAGTCTATGA-1","male","EN-fetal-late",-0.0782409905013089,"LateFetal"
"GTCCTCCCAGGCTACT-1","male","EN-fetal-late",-0.800701684555078,"LateFetal"
"GTCCTCCCATGAAGTA-1","male","EN-fetal-late",-0.0815094313959912,"LateFetal"
"GTCGAAGCAAATATCC-1","male","EN-fetal-late",0.274168091908391,"LateFetal"
"GTCGAAGCAAGCGATG-1","male","EN-fetal-late",-0.280415706643821,"LateFetal"
"GTCGAGGAGGCCTTAG-1","male","EN-fetal-late",0.312944548348113,"LateFetal"
"GTCGCAATCCAAATCA-1","male","EN-fetal-late",0.86171512737336,"LateFetal"
"GTCGGTTCAAAGCGCA-1","male","EN-fetal-late",1.03448767071995,"LateFetal"
"GTCGGTTCACCTACTT-1","male","IN-fetal",1.00718002174905,"LateFetal"
"GTCTAATCACAGGAAT-1","male","EN-fetal-late",0.353517936965924,"LateFetal"
"GTCTAGCCATTATGAC-1","male","IN-fetal",-0.901026648117427,"LateFetal"
"GTCTATGCACATTAAC-1","male","EN-fetal-late",-0.264757812484634,"LateFetal"
"GTCTCACTCTCACTCA-1","male","EN-fetal-late",0.882413761996474,"LateFetal"
"GTGAATCTCCTACCTA-1","male","EN-fetal-late",0.500109126947075,"LateFetal"
"GTGAGCGAGCATGGTT-1","male","EN-fetal-late",1.46715772349953,"LateFetal"
"GTGAGCGAGTCACCTC-1","male","EN-fetal-late",-0.0211608910486261,"LateFetal"
"GTGAGGAGTCAAGTAT-1","male","EN-fetal-late",-0.106267526891175,"LateFetal"
"GTGAGGAGTTAAGGCC-1","male","EN-fetal-late",-0.0402503200208314,"LateFetal"
"GTGAGGAGTTTGCAGA-1","male","RG",0.651224138077563,"LateFetal"
"GTGATCAGTGTTAAAC-1","male","EN-fetal-late",0.239537585264155,"LateFetal"
"GTGCAAGCAGAAATGC-1","male","EN-fetal-late",-0.512952684709535,"LateFetal"
"GTGCAAGCAGGCTTCG-1","male","EN-fetal-late",-0.96509124197855,"LateFetal"
"GTGCAAGCAGTTATCG-1","male","IN-fetal",-0.0330105133621868,"LateFetal"
"GTGCACGGTTACGCAA-1","male","EN-fetal-late",0.0871269512120194,"LateFetal"
"GTGCACGGTTGTAAAC-1","male","EN-fetal-late",-0.18974625488449,"LateFetal"
"GTGCCTTTCATCCACC-1","male","IN-fetal",0.193512644824405,"LateFetal"
"GTGCTCAAGGAGGTTA-1","male","EN-fetal-late",0.30912246355248,"LateFetal"
"GTGCTCCGTAATCGCA-1","male","EN-fetal-late",0.45193599230579,"LateFetal"
"GTGCTGATCAAGGACA-1","male","EN-fetal-late",0.429971225486048,"LateFetal"
"GTGCTGATCATGCTCC-1","male","EN-fetal-late",0.644486337512596,"LateFetal"
"GTGCTGATCGAAGTAG-1","male","IN-fetal",0.812748718700589,"LateFetal"
"GTGCTGGGTGATCATG-1","male","VSMC",-0.420042658222369,"LateFetal"
"GTGCTGGGTTCAAGCA-1","male","EN-fetal-late",0.105509002214689,"LateFetal"
"GTGCTTACATAGCAGG-1","male","EN-fetal-late",-0.456143886488164,"LateFetal"
"GTGCTTACATTGTGAT-1","male","EN-fetal-late",-1.12766226638997,"LateFetal"
"GTGCTTCTCTAGCTAA-1","male","EN-fetal-late",-0.427925088380269,"LateFetal"
"GTGGACACACAGACTC-1","male","EN-fetal-late",-0.607391607060238,"LateFetal"
"GTGGACACACCCACCT-1","male","IN-fetal",0.212053178178695,"LateFetal"
"GTGGATGCACTTCACT-1","male","IN-fetal",-0.153056938887736,"LateFetal"
"GTGGATGCATATAACC-1","male","EN-fetal-late",-0.2987306263302,"LateFetal"
"GTGGCTTCAGGAACCA-1","male","EN-fetal-late",-0.357992186687671,"LateFetal"
"GTGGTTAGTGACCTGG-1","male","EN-fetal-late",0.438472303161055,"LateFetal"
"GTGGTTAGTGTTAGCA-1","male","EN-fetal-late",0.312742732579237,"LateFetal"
"GTGGTTAGTTACCTGT-1","male","EN-fetal-late",-0.135263715167044,"LateFetal"
"GTGGTTAGTTATCGAG-1","male","EN-fetal-late",0.581302552293502,"LateFetal"
"GTGTAACTCACTTTAC-1","male","EN-fetal-late",-0.398438097509274,"LateFetal"
"GTGTAACTCCGCCAAA-1","male","EN-fetal-late",0.00294064180739094,"LateFetal"
"GTGTAACTCGACAAAG-1","male","IN-fetal",0.0360018105969316,"LateFetal"
"GTGTCCAAGCACAGCC-1","male","EN-fetal-late",-0.292652770043626,"LateFetal"
"GTGTGAGCAAACTGTT-1","male","EN-fetal-late",-0.146903631737648,"LateFetal"
"GTGTGCGGTCAATGTG-1","male","EN-fetal-late",-0.172635488486218,"LateFetal"
"GTGTGTTAGACCATAC-1","male","EN-fetal-late",-0.144476932819711,"LateFetal"
"GTGTGTTAGTGAGCGG-1","male","IN-fetal",0.969612716641033,"LateFetal"
"GTGTTACAGGCTTAAC-1","male","IN-fetal",0.142331472697418,"LateFetal"
"GTGTTACAGTATGTGC-1","male","IN-fetal",0.535260401222542,"LateFetal"
"GTGTTACAGTTTGCGG-1","male","EN-fetal-late",0.413766565821769,"LateFetal"
"GTTAAACGTTGGTTAG-1","male","EN-fetal-late",-0.251595272512239,"LateFetal"
"GTTAAACGTTTCCACG-1","male","EN-fetal-late",0.294024011724404,"LateFetal"
"GTTAACCAGCCTCTGT-1","male","EN-fetal-late",-0.557014992724866,"LateFetal"
"GTTAACCAGGATTGAG-1","male","EN-fetal-late",0.0323971844596536,"LateFetal"
"GTTAACCAGGCACAGG-1","male","EN-fetal-late",0.981961085862949,"LateFetal"
"GTTAACCAGTGCACGC-1","male","EN-fetal-late",-0.807292444896552,"LateFetal"
"GTTAACGGTGTTCCCA-1","male","EN-fetal-late",-0.55442031408663,"LateFetal"
"GTTAACGGTTAACGGC-1","male","EN-fetal-late",-0.259401307878076,"LateFetal"
"GTTAAGCTCAATGAGG-1","male","EN-fetal-late",0.410269264634644,"LateFetal"
"GTTAAGCTCCTAAGTA-1","male","EN-fetal-late",-0.493158390350882,"LateFetal"
"GTTAAGCTCGTGCCTT-1","male","EN-fetal-late",0.384713715977118,"LateFetal"
"GTTAAGTGTCACGAAC-1","male","EN-fetal-late",0.541515253144302,"LateFetal"
"GTTACCTGTCACACCC-1","male","EN-fetal-late",-0.152396253165227,"LateFetal"
"GTTACCTGTTAGGTGC-1","male","IN-fetal",0.248043507805476,"LateFetal"
"GTTACCTGTTCATCTA-1","male","EN-fetal-late",0.63431962063032,"LateFetal"
"GTTACGCCACAATGTT-1","male","IN-fetal",0.19113184395751,"LateFetal"
"GTTACTCGTTTGGCTT-1","male","EN-fetal-late",-0.647372522607482,"LateFetal"
"GTTAGGCGTCCTTTAA-1","male","EN-fetal-late",1.17443547144069,"LateFetal"
"GTTAGGCGTGTTGCAA-1","male","EN-fetal-late",0.0790755450180176,"LateFetal"
"GTTAGGCGTTGGTTAG-1","male","EN-fetal-late",-0.644204536692088,"LateFetal"
"GTTCCCAGTCAGGAAG-1","male","EN-fetal-late",0.134541188707171,"LateFetal"
"GTTCGCTTCATCCACC-1","male","IN-fetal",0.642268521716838,"LateFetal"
"GTTCGCTTCGAAGTGA-1","male","EN-fetal-late",-0.0848396421910083,"LateFetal"
"GTTCTTAGTGCTAGCG-1","male","EN-fetal-late",0.400326981028067,"LateFetal"
"GTTCTTGTCAATCTCT-1","male","EN-fetal-late",0.511755655622572,"LateFetal"
"GTTCTTGTCGCTTCTA-1","male","EN-fetal-late",-0.499720775257196,"LateFetal"
"GTTGCATAGCTTTGTT-1","male","EN-fetal-late",0.338501665980553,"LateFetal"
"GTTGCATAGGATGATG-1","male","EN-fetal-late",0.458778772610181,"LateFetal"
"GTTGCCCGTAGGATCC-1","male","EN-fetal-late",-0.2026157450935,"LateFetal"
"GTTGCGGGTTAGGTTG-1","male","EN-fetal-late",-0.0983076844053201,"LateFetal"
"GTTGCTGAGCGAAGTA-1","male","EN-fetal-late",-0.219484992131913,"LateFetal"
"GTTGCTGAGCGAGCGA-1","male","RG",-0.29337775082701,"LateFetal"
"GTTGGAGCATTGCGAC-1","male","EN-fetal-late",0.491980443874163,"LateFetal"
"GTTGGCCAGCTAAGTC-1","male","EN-fetal-late",0.474931025479915,"LateFetal"
"GTTGGCCAGCTTAACA-1","male","IN-fetal",0.328728663531759,"LateFetal"
"GTTGGCGGTTGTTGGA-1","male","VSMC",0.569191579343567,"LateFetal"
"GTTGGCGGTTTGCAGA-1","male","IN-fetal",1.01739689922599,"LateFetal"
"GTTGTGAGTCCTTCTC-1","male","EN-fetal-late",-0.560063298280693,"LateFetal"
"GTTGTTGCAATAACGA-1","male","EN-fetal-late",0.706763692619096,"LateFetal"
"GTTGTTGCACCTCACC-1","male","EN-fetal-late",-0.675463554371911,"LateFetal"
"GTTGTTGCATTAAACC-1","male","EN-fetal-late",-0.98784553820583,"LateFetal"
"GTTTAACCAGTCTAGC-1","male","EN-fetal-late",0.397630749848721,"LateFetal"
"GTTTAGCAGCTCCTAC-1","male","EN-fetal-late",0.178732763756935,"LateFetal"
"GTTTAGCAGCTGCACA-1","male","EN-fetal-late",-0.223268068076993,"LateFetal"
"GTTTAGCAGGGCTAAA-1","male","EN-fetal-late",0.523309180315078,"LateFetal"
"GTTTAGCAGTCTTGAA-1","male","EN-fetal-late",1.15771118572716,"LateFetal"
"GTTTATCTCAGAAACG-1","male","EN-fetal-late",0.4642059869188,"LateFetal"
"GTTTCAGCATGACTAT-1","male","EN-fetal-late",-0.435794866071994,"LateFetal"
"GTTTCCTCATGAGCAG-1","male","EN-fetal-late",0.568777761087806,"LateFetal"
"GTTTCTAGTGCGCATG-1","male","IN-fetal",-0.222434996591884,"LateFetal"
"GTTTGCTGTGATGAAA-1","male","EN-fetal-late",-0.348916769960523,"LateFetal"
"GTTTGTAAGAATGACG-1","male","EN-fetal-late",-0.814725599591559,"LateFetal"
"GTTTGTAAGCTATTAG-1","male","EN-fetal-late",0.216989282690283,"LateFetal"
"GTTTGTAAGCTTAGCG-1","male","EN-fetal-late",-0.0549446273968227,"LateFetal"
"GTTTGTAAGTAGCCAT-1","male","EN-fetal-late",0.786470984389368,"LateFetal"
"GTTTGTAAGTCACGAT-1","male","EN-fetal-late",0.902474540153581,"LateFetal"
"GTTTGTAAGTTGGGCC-1","male","EN-fetal-late",0.0742497440588153,"LateFetal"
"GTTTGTCGTCTTGCAT-1","male","EN-fetal-late",0.242829286588301,"LateFetal"
"TAAACAGCAAGGACCA-1","male","EN-fetal-late",0.191549851489693,"LateFetal"
"TAAACAGCACAACAGG-1","male","IN-fetal",0.963734471701308,"LateFetal"
"TAAAGCCTCTCAATTC-1","male","IN-fetal",0.357236963236943,"LateFetal"
"TAACAAGCAAACGGGC-1","male","EN-fetal-late",0.797223493720804,"LateFetal"
"TAACAAGCATAAGTTC-1","male","EN-fetal-late",-0.149475832549062,"LateFetal"
"TAACCAGGTAATCACG-1","male","EN-fetal-late",0.329271205060246,"LateFetal"
"TAACCAGGTCAAAGGG-1","male","EN-fetal-late",0.178857876770378,"LateFetal"
"TAACCAGGTCACAGAC-1","male","IN-fetal",0.720679379455305,"LateFetal"
"TAACCAGGTCCGTAGG-1","male","EN-fetal-late",-0.547951355618427,"LateFetal"
"TAACCTAAGAGAGCCG-1","male","EN-fetal-late",1.06269352973178,"LateFetal"
"TAACCTAAGCATTATG-1","male","EN-fetal-late",0.337607446611152,"LateFetal"
"TAAGCCAGTGCAATAT-1","male","OPC",0.982346202692671,"LateFetal"
"TAAGCCAGTTCACCAT-1","male","EN-fetal-late",0.681215707882893,"LateFetal"
"TAAGCCTAGCAGCTAT-1","male","EN-fetal-late",-0.177552716427653,"LateFetal"
"TAAGCCTAGGAACGCG-1","male","EN-fetal-late",-0.717777424652992,"LateFetal"
"TAAGCTATCAAACACC-1","male","IN-fetal",-0.89285332454836,"LateFetal"
"TAAGCTATCGCATCCT-1","male","EN-fetal-late",0.966789746827638,"LateFetal"
"TAAGCTGGTAATCCCT-1","male","IN-fetal",0.0996368958604065,"LateFetal"
"TAAGGACCACAGAACG-1","male","EN-fetal-late",-0.211214746294005,"LateFetal"
"TAAGGACCAGCTAATT-1","male","EN-fetal-late",0.123328146224862,"LateFetal"
"TAAGGCTTCAGCATTA-1","male","EN-fetal-late",-0.018557752306085,"LateFetal"
"TAAGGCTTCTATGACA-1","male","EN-fetal-late",0.32717465514087,"LateFetal"
"TAAGTAGCAGGACACA-1","male","EN-fetal-late",-0.808377222053146,"LateFetal"
"TAAGTAGCAGGTTATT-1","male","EN-fetal-late",-0.443945481666428,"LateFetal"
"TAAGTGCTCCGTCCAT-1","male","EN-fetal-late",0.196724002208424,"LateFetal"
"TAAGTGCTCCTTAGGG-1","male","EN-fetal-late",-0.751695660758336,"LateFetal"
"TAATCACCAATGCGCT-1","male","EN-fetal-late",-1.42083462577958,"LateFetal"
"TAATCCGCAAGGTCCT-1","male","IN-fetal",-0.265688673532819,"LateFetal"
"TAATCCGCAGGAATCG-1","male","EN-fetal-late",-0.449484780679756,"LateFetal"
"TAATGCATCCTAACGG-1","male","EN-fetal-late",0.141366602152216,"LateFetal"
"TAATGGACACTGACTA-1","male","Endothelial",0.635461373626677,"LateFetal"
"TAATGGTGTACCGTTT-1","male","OPC",0.941966441146256,"LateFetal"
"TAATGGTGTTAGTACG-1","male","EN-fetal-late",0.700041953985104,"LateFetal"
"TAATGGTGTTCAAGAT-1","male","EN-fetal-late",-0.795478503124652,"LateFetal"
"TAATTGCCACGAATCC-1","male","EN-fetal-late",-0.580129032335698,"LateFetal"
"TAATTGCCAGGAACTG-1","male","EN-fetal-late",-1.320413268352,"LateFetal"
"TAATTGCCAGTGAACG-1","male","EN-fetal-late",-0.612075638128658,"LateFetal"
"TACAACATCAGCCAAT-1","male","EN-fetal-late",-0.577330046161222,"LateFetal"
"TACAAGCTCATTTGTC-1","male","EN-fetal-late",-0.208745834442913,"LateFetal"
"TACAAGCTCCTAAGGT-1","male","EN-fetal-late",0.0352705198056793,"LateFetal"
"TACAAGCTCTCCATAT-1","male","IN-fetal",-0.254498507160717,"LateFetal"
"TACAATGTCAATGTCA-1","male","EN-fetal-late",-0.114193164468502,"LateFetal"
"TACAGCTAGACTAAGG-1","male","EN-fetal-late",1.21678953501634,"LateFetal"
"TACAGCTAGGAGGACT-1","male","EN-fetal-late",0.156391269531393,"LateFetal"
"TACAGCTAGTTACCGG-1","male","EN-fetal-late",0.822610742029292,"LateFetal"
"TACATCAAGCTAAGTC-1","male","EN-fetal-late",-0.438348001196274,"LateFetal"
"TACATCAAGGCCTGGT-1","male","IN-fetal",-0.00226811584060939,"LateFetal"
"TACATCAAGTAGGCGG-1","male","EN-fetal-late",0.221561763470173,"LateFetal"
"TACCAGGTCAATCATG-1","male","EN-fetal-late",-0.418288404316717,"LateFetal"
"TACCAGGTCTAATCCT-1","male","EN-fetal-late",0.905127353160736,"LateFetal"
"TACCCGGCACACAATT-1","male","EN-fetal-late",-0.151415874593104,"LateFetal"
"TACCCGGCACTGACTA-1","male","EN-fetal-late",0.511214691879842,"LateFetal"
"TACCCGGCATGGCCTG-1","male","EN-fetal-late",0.606760784921323,"LateFetal"
"TACCGAAGTCAGGCAT-1","male","VSMC",1.2210344088934,"LateFetal"
"TACCGAAGTGCTCCAC-1","male","EN-fetal-late",0.293671098356065,"LateFetal"
"TACCGAAGTGCTGGTG-1","male","EN-fetal-late",-0.0377908115080999,"LateFetal"
"TACCGCAAGGAGGCAT-1","male","EN-fetal-late",0.167972793729976,"LateFetal"
"TACCGCAAGTCTGGGC-1","male","EN-fetal-late",0.534820538231835,"LateFetal"
"TACCGTTGTACTAAAC-1","male","IN-fetal",0.884499870754873,"LateFetal"
"TACCGTTGTGGAAACG-1","male","EN-fetal-late",0.148359207359621,"LateFetal"
"TACCTGCTCAAAGGCA-1","male","EN-fetal-late",0.67571473462907,"LateFetal"
"TACCTGCTCATTATGG-1","male","IN-fetal",0.747181234593533,"LateFetal"
"TACCTTAGTCCACAAA-1","male","IN-fetal",-0.0374035613842052,"LateFetal"
"TACCTTAGTTATAGCG-1","male","EN-fetal-late",-0.435241524012112,"LateFetal"
"TACCTTTAGGCAGGTG-1","male","EN-fetal-late",-0.0303417052285588,"LateFetal"
"TACCTTTAGTAGGCGG-1","male","EN-fetal-late",0.359358124417595,"LateFetal"
"TACGCACCAAGGTACG-1","male","EN-fetal-late",0.336631996144911,"LateFetal"
"TACGCACCAGGATAAC-1","male","EN-fetal-late",-0.833706662130215,"LateFetal"
"TACGCACCAGGCGATA-1","male","EN-fetal-late",-0.377489964301252,"LateFetal"
"TACGCACCATCCCTCA-1","male","EN-fetal-late",-0.12967803933023,"LateFetal"
"TACGCTTGTTGCACAA-1","male","EN-fetal-late",-0.501194916123439,"LateFetal"
"TACGGATTCTTGCAAA-1","male","EN-fetal-late",-0.395210638493585,"LateFetal"
"TACGTAATCTGGCTTC-1","male","IN-fetal",0.89216978874842,"LateFetal"
"TACGTACAGTCAGTAC-1","male","EN-fetal-late",0.216834823840222,"LateFetal"
"TACGTACAGTTTCCGC-1","male","EN-fetal-late",-0.194167289560841,"LateFetal"
"TACGTTAAGGCATTGT-1","male","EN-fetal-late",0.844047127386271,"LateFetal"
"TACGTTAAGTCCTGAG-1","male","IN-fetal",-0.349000484048142,"LateFetal"
"TACTAAGTCTGGCAAT-1","male","EN-fetal-late",0.571840763896553,"LateFetal"
"TACTCAAAGTAGCGGG-1","male","EN-fetal-late",-0.0873900448141386,"LateFetal"
"TACTCGCTCGTGCTTC-1","male","EN-fetal-late",-0.330594275084061,"LateFetal"
"TACTGACAGTTACCGG-1","male","EN-fetal-late",0.147667228549135,"LateFetal"
"TACTGAGGTGAGCAAG-1","male","EN-fetal-late",-0.366076250367693,"LateFetal"
"TACTGAGGTGTAACCA-1","male","EN-fetal-late",-0.493756363935313,"LateFetal"
"TACTGCACAATTAGCT-1","male","IN-fetal",0.490444950116136,"LateFetal"
"TACTGCACACTAAATC-1","male","EN-fetal-late",-0.496462627539844,"LateFetal"
"TACTGGCCAAGTGAAC-1","male","EN-fetal-late",-0.938716019859683,"LateFetal"
"TACTGGCCACCTACGG-1","male","IN-fetal",-0.110766463537783,"LateFetal"
"TACTGGCCAGCTAACC-1","male","EN-fetal-late",0.397113522402561,"LateFetal"
"TACTTCGTCACAGACT-1","male","EN-fetal-late",0.955025906183977,"LateFetal"
"TACTTGTTCCCTGATC-1","male","IN-fetal",-0.307349642449968,"LateFetal"
"TACTTGTTCGCACAAT-1","male","EN-fetal-late",-0.425877475850512,"LateFetal"
"TACTTGTTCTAACTGA-1","male","IN-fetal",0.732582620972933,"LateFetal"
"TACTTGTTCTTTGTAC-1","male","EN-fetal-late",0.263461782352552,"LateFetal"
"TAGACCAGTCCGCTGT-1","male","EN-fetal-late",-0.345669439585555,"LateFetal"
"TAGACCAGTTGAGGTC-1","male","EN-fetal-late",-0.489030837851162,"LateFetal"
"TAGACCAGTTGCTTCG-1","male","EN-fetal-late",1.25388598320274,"LateFetal"
"TAGAGCCGTCTTTGAC-1","male","IN-fetal",1.00638319560455,"LateFetal"
"TAGAGCCGTTACATCC-1","male","EN-fetal-late",1.32234062001747,"LateFetal"
"TAGAGCCGTTTGGGCG-1","male","EN-fetal-late",-0.508592385565857,"LateFetal"
"TAGCAGGCATGCTATG-1","male","EN-fetal-late",1.19682297631037,"LateFetal"
"TAGCCGGGTACGGGTT-1","male","EN-fetal-late",0.0936717714378147,"LateFetal"
"TAGCCTCTCACGCATG-1","male","EN-fetal-late",-0.0332569407792906,"LateFetal"
"TAGCCTCTCGCTTGCT-1","male","IN-fetal",0.106351456590163,"LateFetal"
"TAGCCTCTCGTGCCTT-1","male","EN-fetal-late",0.398612978788087,"LateFetal"
"TAGCCTCTCTGCAACG-1","male","IN-fetal",0.6192927495391,"LateFetal"
"TAGCCTGAGAGGAGGA-1","male","EN-fetal-late",-0.314435218160764,"LateFetal"
"TAGCCTGAGCGATACT-1","male","EN-fetal-late",-0.0632618679747293,"LateFetal"
"TAGCGCGGTACGGTAC-1","male","EN-fetal-late",-0.960417068340137,"LateFetal"
"TAGCGCGGTCGCGCAA-1","male","EN-fetal-late",0.558557733487883,"LateFetal"
"TAGCGCGGTGATCATG-1","male","EN-fetal-late",0.615241092939608,"LateFetal"
"TAGCGGACAGCGCTTG-1","male","EN-fetal-late",-0.916595244117777,"LateFetal"
"TAGCGGACAGTTTACG-1","male","EN-fetal-late",0.439645132833826,"LateFetal"
"TAGCGGCTCAAGTGTC-1","male","EN-fetal-late",0.383881082569861,"LateFetal"
"TAGCTAATCCACCTTA-1","male","EN-fetal-late",-0.588574355829656,"LateFetal"
"TAGCTAATCCTCAGTC-1","male","EN-fetal-late",0.399631652712602,"LateFetal"
"TAGCTAATCTCACTCA-1","male","EN-fetal-late",0.629553437578847,"LateFetal"
"TAGCTAGGTCGCGCAA-1","male","EN-fetal-late",-0.480286071039267,"LateFetal"
"TAGCTTAAGGTCTTGG-1","male","VSMC",0.353304266992371,"LateFetal"
"TAGCTTGCACACTAAT-1","male","EN-fetal-late",-0.317329666395669,"LateFetal"
"TAGCTTGCACCATATG-1","male","EN-fetal-late",-0.113348716464048,"LateFetal"
"TAGGAACCAACAGCCT-1","male","EN-fetal-late",-0.405095190927375,"LateFetal"
"TAGGAACCAATAACGA-1","male","EN-fetal-late",-0.824323336363114,"LateFetal"
"TAGGAACCACAGAACG-1","male","EN-fetal-late",-0.120402096048753,"LateFetal"
"TAGGAACCACCTGCTC-1","male","EN-fetal-late",1.19968021832115,"LateFetal"
"TAGGAACCATAATCCG-1","male","EN-fetal-late",0.379608869089545,"LateFetal"
"TAGGAGGGTCGTTATC-1","male","EN-fetal-late",-0.0216385890225904,"LateFetal"
"TAGGAGGGTTACTTCA-1","male","EN-fetal-late",-1.06741754609644,"LateFetal"
"TAGGAGTCAATTAGCT-1","male","EN-fetal-late",-0.13247363563469,"LateFetal"
"TAGGAGTCACCTAATG-1","male","EN-fetal-late",0.293261160707854,"LateFetal"
"TAGGAGTCACTTGTTC-1","male","EN-fetal-late",-0.402179043356487,"LateFetal"
"TAGGAGTCATAAGGAC-1","male","EN-fetal-late",0.15174607317308,"LateFetal"
"TAGGCTAGTCACGAAC-1","male","EN-fetal-late",-0.657080481737574,"LateFetal"
"TAGGCTAGTGAGAAAC-1","male","EN-fetal-late",0.666898891326421,"LateFetal"
"TAGGCTAGTGCAATGC-1","male","IN-fetal",0.0427745633974137,"LateFetal"
"TAGGCTAGTTCATTTG-1","male","EN-fetal-late",0.679536804255071,"LateFetal"
"TAGGCTAGTTGTGATG-1","male","EN-fetal-late",0.646491653660903,"LateFetal"
"TAGGCTGTCGATTATG-1","male","EN-fetal-late",0.732845200492313,"LateFetal"
"TAGGCTTAGCTTACTT-1","male","EN-fetal-late",0.204607533630907,"LateFetal"
"TAGGCTTAGGATCACT-1","male","EN-fetal-late",0.304649783633754,"LateFetal"
"TAGGGTTTCAATTACG-1","male","EN-fetal-late",0.205948548723538,"LateFetal"
"TAGGTTATCACCTGCT-1","male","EN-fetal-late",-1.53289925534571,"LateFetal"
"TAGGTTATCAGGTTTA-1","male","EN-fetal-late",0.84164256077442,"LateFetal"
"TAGTAAGCAACCCTAA-1","male","IN-fetal",0.0904455674845963,"LateFetal"
"TAGTAAGCATTATCCC-1","male","EN-fetal-late",0.0097269018805765,"LateFetal"
"TAGTCAATCATTGCGG-1","male","EN-fetal-late",0.479912424583236,"LateFetal"
"TAGTCAATCGGTTACG-1","male","EN-fetal-late",-0.388622829725586,"LateFetal"
"TAGTGTGGTTATTGCC-1","male","EN-fetal-late",-0.675190031023522,"LateFetal"
"TAGTTGTCAACAGGAT-1","male","EN-fetal-late",1.01987848891965,"LateFetal"
"TAGTTGTCATCATGGC-1","male","EN-fetal-late",0.15671231068503,"LateFetal"
"TAGTTTGAGGCGGGTA-1","male","EN-fetal-late",-0.268025569228481,"LateFetal"
"TAGTTTGAGGGTCCAC-1","male","EN-fetal-late",0.509411026303366,"LateFetal"
"TAGTTTGAGGTCATTA-1","male","EN-fetal-late",0.109938405596755,"LateFetal"
"TATAGCCAGCAAGGAC-1","male","EN-fetal-late",0.657172538382488,"LateFetal"
"TATAGCCAGTCACTCC-1","male","EN-fetal-late",-0.150119003906621,"LateFetal"
"TATAGCTCAACCCTCC-1","male","EN-fetal-late",0.19692110333746,"LateFetal"
"TATAGCTCAGTTTGTG-1","male","EN-fetal-late",0.921867096439255,"LateFetal"
"TATAGCTCATTATCCC-1","male","IN-fetal",-0.191627864979555,"LateFetal"
"TATAGGTGTTTGAGGC-1","male","EN-fetal-late",-0.0754075988003916,"LateFetal"
"TATATCCTCGAAGTGA-1","male","EN-fetal-late",-0.680808067425991,"LateFetal"
"TATATCCTCGATCAGT-1","male","EN-fetal-late",-0.110451212828187,"LateFetal"
"TATCACAAGCTGGCTA-1","male","EN-fetal-late",-0.259520405032955,"LateFetal"
"TATCACGCAGTACCGT-1","male","EN-fetal-late",0.872077692961076,"LateFetal"
"TATCCAGCAATTGCGC-1","male","EN-fetal-late",0.787356398638094,"LateFetal"
"TATCCAGCATAATCAC-1","male","EN-fetal-late",0.63238043417697,"LateFetal"
"TATCCAGCATCCTGAA-1","male","IN-fetal",-0.0452646671527417,"LateFetal"
"TATCCGGAGCCTAACG-1","male","EN-fetal-late",0.681256681280289,"LateFetal"
"TATCCGGAGCTTGCTC-1","male","EN-fetal-late",0.616619051229335,"LateFetal"
"TATCGAGGTACCAGGT-1","male","EN-fetal-late",-0.607243776674144,"LateFetal"
"TATCGAGGTACTGATG-1","male","EN-fetal-late",-1.26556532423121,"LateFetal"
"TATCGAGGTGCTGGTG-1","male","EN-fetal-late",-0.145596551733658,"LateFetal"
"TATCGCACAAGACTCC-1","male","EN-fetal-late",-0.548275936463203,"LateFetal"
"TATCGCACACGAATTT-1","male","EN-fetal-late",0.114570823439214,"LateFetal"
"TATCGCGAGTGAACGA-1","male","IN-fetal",-0.169055225165323,"LateFetal"
"TATGAAGCATTGTCCT-1","male","IN-fetal",0.116822370400768,"LateFetal"
"TATGACATCACTCGCT-1","male","EN-fetal-late",-0.808578045558635,"LateFetal"
"TATGACATCCTTGAGG-1","male","EN-fetal-late",-0.0480807566607111,"LateFetal"
"TATGACATCTCTAGCC-1","male","EN-fetal-late",-0.187220621836859,"LateFetal"
"TATGCATCAATTGCGC-1","male","EN-fetal-late",-0.013514173676697,"LateFetal"
"TATGCATCATTGTCAG-1","male","EN-fetal-late",0.230233699091067,"LateFetal"
"TATGGATGTGGTTAGC-1","male","EN-fetal-late",-0.0474815334379515,"LateFetal"
"TATGGGCGTACTGATG-1","male","EN-fetal-late",0.372848121037102,"LateFetal"
"TATGGGCGTAGGTTGC-1","male","EN-fetal-late",-0.966536323755662,"LateFetal"
"TATGGGCGTGAGCAAG-1","male","EN-fetal-late",-0.139253211888534,"LateFetal"
"TATGGTCAGCCACATG-1","male","EN-fetal-late",0.243612303347078,"LateFetal"
"TATGGTCAGGCCCAGT-1","male","EN-fetal-late",0.559474611256179,"LateFetal"
"TATTACCTCAATCTAG-1","male","OPC",-0.859914948442245,"LateFetal"
"TATTAGCCATAGCAGG-1","male","EN-fetal-late",0.847923997681244,"LateFetal"
"TATTAGCCATTGTGGC-1","male","EN-fetal-late",0.387397719560517,"LateFetal"
"TATTAGGTCAGGAAGC-1","male","EN-fetal-late",0.397096498916843,"LateFetal"
"TATTAGGTCATAACTG-1","male","EN-fetal-late",0.18991172102177,"LateFetal"
"TATTCGTTCCAGGTTG-1","male","EN-fetal-late",-0.645662516546761,"LateFetal"
"TATTCGTTCGTTATCT-1","male","EN-fetal-late",-0.018184521522582,"LateFetal"
"TATTGACCAAGCCAGA-1","male","EN-fetal-late",-0.210039274803706,"LateFetal"
"TATTGACCAAGTTATC-1","male","EN-fetal-late",0.433044461750894,"LateFetal"
"TATTGACCAATATGGA-1","male","EN-fetal-late",-0.231972036039365,"LateFetal"
"TATTGACCATAAGGAC-1","male","RG",0.503883653824055,"LateFetal"
"TATTGACCATGTGGGA-1","male","IN-fetal",1.25139580490067,"LateFetal"
"TATTTGCTCATAACGC-1","male","EN-fetal-late",1.01536419112145,"LateFetal"
"TATTTGCTCCGCATGA-1","male","EN-fetal-late",-0.0259745096097446,"LateFetal"
"TATTTGCTCCGCCTAT-1","male","EN-fetal-late",0.802983898814456,"LateFetal"
"TATTTGCTCGCAGGCT-1","male","EN-fetal-late",0.5705774167655,"LateFetal"
"TATTTGCTCTTGAGCG-1","male","EN-fetal-late",-0.90957022387512,"LateFetal"
"TCAAACCAGAGGATAT-1","male","IN-fetal",0.33207475095698,"LateFetal"
"TCAAGAACAAGTGTTT-1","male","IN-fetal",0.458129928291039,"LateFetal"
"TCAAGAACACTGGCTG-1","male","EN-fetal-late",-0.940592782866321,"LateFetal"
"TCAAGCTAGGACTAAG-1","male","EN-fetal-late",1.13944262929737,"LateFetal"
"TCAAGGAAGGAGGACT-1","male","EN-fetal-late",0.868193867112633,"LateFetal"
"TCAAGTATCCGCACAA-1","male","EN-fetal-late",-1.17367264015316,"LateFetal"
"TCAAGTATCTCACACC-1","male","EN-fetal-late",-0.18205218286708,"LateFetal"
"TCACGGATCGCGACAC-1","male","EN-fetal-late",-0.586852265041019,"LateFetal"
"TCACGGATCTCTAGCC-1","male","EN-fetal-late",0.503147303697355,"LateFetal"
"TCACTGACACTCGCTC-1","male","EN-fetal-late",-0.471925371430686,"LateFetal"
"TCACTGACATCCCGCT-1","male","EN-fetal-late",-0.182689293778765,"LateFetal"
"TCAGCAAGTCATTGTC-1","male","EN-fetal-late",0.247961541718898,"LateFetal"
"TCAGCAAGTGTGAGAG-1","male","EN-fetal-late",0.491860953537146,"LateFetal"
"TCAGCCTTCCGCAACA-1","male","EN-fetal-late",-0.604657075204148,"LateFetal"
"TCAGCCTTCGTTAACA-1","male","EN-fetal-late",0.560493621161303,"LateFetal"
"TCAGCCTTCTCACATT-1","male","EN-fetal-late",0.13020545229112,"LateFetal"
"TCAGGAGCACCTGTAA-1","male","EN-fetal-late",-0.208028382056018,"LateFetal"
"TCAGGTCCAGCAATAA-1","male","EN-fetal-late",0.321592567395733,"LateFetal"
"TCAGGTCCATAGTCAT-1","male","EN-fetal-late",0.14264948525407,"LateFetal"
"TCAGGTTAGCTTGCTC-1","male","EN-fetal-late",-0.11669697929346,"LateFetal"
"TCAGGTTAGTAGCCAT-1","male","EN-fetal-late",0.625205200818083,"LateFetal"
"TCAGGTTAGTTGGGCC-1","male","EN-fetal-late",-0.567411011243661,"LateFetal"
"TCAGTAATCAGGTCCA-1","male","EN-fetal-late",0.950455733753888,"LateFetal"
"TCAGTAATCGGCCAGT-1","male","EN-fetal-late",-0.088134337559781,"LateFetal"
"TCAGTAATCTCGACCT-1","male","EN-fetal-late",-0.282855385046795,"LateFetal"
"TCAGTGAGTTCGCGCT-1","male","EN-fetal-late",-0.220812009395639,"LateFetal"
"TCATACTTCATGTGGT-1","male","EN-fetal-late",-0.218896790425866,"LateFetal"
"TCATACTTCTACCTGC-1","male","IN-fetal",-0.341330889203122,"LateFetal"
"TCATCCATCCAACTGG-1","male","EN-fetal-late",-0.0396858795899648,"LateFetal"
"TCATGAGGTGGATGTC-1","male","EN-fetal-late",-1.08109968554892,"LateFetal"
"TCATTACTCATCACTT-1","male","EN-fetal-late",0.598696281229216,"LateFetal"
"TCATTACTCTTTGAGA-1","male","EN-fetal-late",-0.18393322173109,"LateFetal"
"TCATTGCGTACCGTAA-1","male","EN-fetal-late",0.199889421970888,"LateFetal"
"TCATTGCGTGACCTGG-1","male","EN-fetal-late",0.485211921322378,"LateFetal"
"TCATTGTTCAGCACCA-1","male","EN-fetal-late",0.400627906134482,"LateFetal"
"TCATTGTTCCAATTAG-1","male","EN-fetal-late",-0.102143407966481,"LateFetal"
"TCATTGTTCCTGATTT-1","male","EN-fetal-late",-0.423250047255277,"LateFetal"
"TCATTGTTCCTTAGGG-1","male","OPC",0.967465243732495,"LateFetal"
"TCATTTGGTATTGGTG-1","male","EN-fetal-late",-0.011813838754747,"LateFetal"
"TCATTTGGTCACGAAC-1","male","EN-fetal-late",-1.42782269612271,"LateFetal"
"TCCACAACAGGATTAA-1","male","EN-fetal-late",0.431280874017661,"LateFetal"
"TCCACAACATATAACC-1","male","EN-fetal-late",0.117119882286551,"LateFetal"
"TCCAGCAAGCATGTTA-1","male","IN-fetal",0.450145339957958,"LateFetal"
"TCCAGCAAGGTACCGC-1","male","EN-fetal-late",-0.240851178924975,"LateFetal"
"TCCAGCAAGGTTTGCG-1","male","EN-fetal-late",-0.151351677592263,"LateFetal"
"TCCAGGATCCTAGTAA-1","male","EN-fetal-late",-0.445835399477418,"LateFetal"
"TCCAGGATCGCTATGG-1","male","EN-fetal-late",-0.83990455691703,"LateFetal"
"TCCAGGATCTACCTAT-1","male","EN-fetal-late",-0.483724427543069,"LateFetal"
"TCCAGGATCTCTAGCC-1","male","EN-fetal-late",-0.32508509808637,"LateFetal"
"TCCAGGATCTTGCAGG-1","male","EN-fetal-late",-0.473981038534439,"LateFetal"
"TCCAGGTCAAGACTCC-1","male","IN-fetal",0.145651848542024,"LateFetal"
"TCCAGGTCATGTCAGC-1","male","IN-fetal",1.56303700050176,"LateFetal"
"TCCATAAAGTATTGGC-1","male","IN-fetal",-0.382705740434861,"LateFetal"
"TCCATATTCCTCCATA-1","male","EN-fetal-late",-0.510941607133659,"LateFetal"
"TCCATATTCGGTTAGT-1","male","EN-fetal-late",-0.417969327238391,"LateFetal"
"TCCATCATCACAAGCT-1","male","EN-fetal-late",-0.083651114518829,"LateFetal"
"TCCATCATCACCAATA-1","male","EN-fetal-late",0.0554793543604519,"LateFetal"
"TCCATGCTCGCATCCT-1","male","EN-fetal-late",-0.583199199874891,"LateFetal"
"TCCATGCTCTGCAAGT-1","male","EN-fetal-late",-0.49572947493197,"LateFetal"
"TCCATGCTCTTGATGA-1","male","EN-fetal-late",0.56650765132394,"LateFetal"
"TCCATTGTCACCAATA-1","male","EN-fetal-late",-0.226609508734335,"LateFetal"
"TCCATTGTCATGAAGG-1","male","EN-fetal-late",-0.315065952477886,"LateFetal"
"TCCCGGACATAAGGAC-1","male","EN-fetal-late",-0.462184423092344,"LateFetal"
"TCCCGTTAGGTTTGCG-1","male","EN-fetal-late",-0.330994326682677,"LateFetal"
"TCCCTCACAATAATGG-1","male","EN-fetal-late",-0.104933580116911,"LateFetal"
"TCCCTCACACCATATG-1","male","EN-fetal-late",1.41246429957037,"LateFetal"
"TCCCTCACATCCGTAA-1","male","EN-fetal-late",-0.552296509427037,"LateFetal"
"TCCCTGGTCCCGTTGT-1","male","EN-fetal-late",-0.245771061444784,"LateFetal"
"TCCCTGGTCCGTTATT-1","male","EN-fetal-late",0.556845255518889,"LateFetal"
"TCCGCCATCATTGCGG-1","male","IN-fetal",0.0898138991563441,"LateFetal"
"TCCGCCATCGGTAACT-1","male","EN-fetal-late",0.208606018398829,"LateFetal"
"TCCGGAATCCTCGATC-1","male","EN-fetal-late",-0.060101743344855,"LateFetal"
"TCCGGAATCTAACCAA-1","male","EN-fetal-late",-0.0973177656353923,"LateFetal"
"TCCGGTTTCATAATCG-1","male","EN-fetal-late",0.0495168837493056,"LateFetal"
"TCCGGTTTCCCGCCTA-1","male","EN-fetal-late",0.217627599193912,"LateFetal"
"TCCGGTTTCCTAGTTT-1","male","EN-fetal-late",1.09224981991819,"LateFetal"
"TCCTCAATCAAGCGCC-1","male","EN-fetal-late",0.700873555004962,"LateFetal"
"TCCTCAATCCGCCTCA-1","male","EN-fetal-late",0.78662552059267,"LateFetal"
"TCCTCAATCGTTTCTG-1","male","EN-fetal-late",-0.288089838593398,"LateFetal"
"TCCTCAATCTAACCTT-1","male","EN-fetal-late",-0.366229656509301,"LateFetal"
"TCCTCTAAGACCATAC-1","male","EN-fetal-late",0.0544311591084982,"LateFetal"
"TCCTGGTTCAGAAACG-1","male","IN-fetal",0.548043421342233,"LateFetal"
"TCCTGGTTCCTGAGTG-1","male","EN-fetal-late",0.0898029864479594,"LateFetal"
"TCCTGTTCAACAGGAT-1","male","EN-fetal-late",-0.28698780806906,"LateFetal"
"TCCTGTTCAACGTGCT-1","male","IN-fetal",-0.606141729833135,"LateFetal"
"TCCTGTTCAACTGGCT-1","male","IN-fetal",0.379614694512031,"LateFetal"
"TCCTGTTCATTTGCTC-1","male","EN-fetal-late",-0.198768781061209,"LateFetal"
"TCCTTAGTCAAATCGC-1","male","EN-fetal-late",0.778497239873732,"LateFetal"
"TCCTTAGTCAGTGAAG-1","male","EN-fetal-late",0.0585425417041436,"LateFetal"
"TCCTTAGTCAGTTCCC-1","male","EN-fetal-late",0.818744212437524,"LateFetal"
"TCCTTAGTCCTGGTGA-1","male","EN-fetal-late",-0.0970187517949956,"LateFetal"
"TCCTTCAAGGCATGAA-1","male","EN-fetal-late",-0.767648157158072,"LateFetal"
"TCCTTGCAGCGCTCAA-1","male","IN-fetal",0.113784482286254,"LateFetal"
"TCCTTTACAGCTCAAC-1","male","EN-fetal-late",0.919000776139087,"LateFetal"
"TCCTTTACATAAGCAA-1","male","IN-fetal",0.228306170252676,"LateFetal"
"TCGACAAGTAATCCCT-1","male","IN-fetal",0.298608695749467,"LateFetal"
"TCGACAAGTCCTTCAG-1","male","EN-fetal-late",-0.283202338978818,"LateFetal"
"TCGACAAGTTACTAGG-1","male","EN-fetal-late",-0.201483682082085,"LateFetal"
"TCGACAAGTTAGAGGG-1","male","IN-fetal",0.158355790222225,"LateFetal"
"TCGACAAGTTGGATAT-1","male","EN-fetal-late",-0.462645296073805,"LateFetal"
"TCGATTAAGCTCAATA-1","male","IN-fetal",0.347531551288676,"LateFetal"
"TCGCATTGTGGAAACG-1","male","EN-fetal-late",0.173174667539858,"LateFetal"
"TCGCATTGTGTTAGCA-1","male","EN-fetal-late",1.21732440707883,"LateFetal"
"TCGCGAGGTATGTGGC-1","male","EN-fetal-late",1.26257669663934,"LateFetal"
"TCGCGAGGTTGCACAA-1","male","EN-fetal-late",-0.242920716079537,"LateFetal"
"TCGCGAGGTTGTTGTC-1","male","EN-fetal-late",0.785878280528944,"LateFetal"
"TCGCTAACACAATGCC-1","male","IN-fetal",0.586160309128782,"LateFetal"
"TCGCTAACACAATGTT-1","male","EN-fetal-late",-0.00240747375923094,"LateFetal"
"TCGGTAAGTACTAAAC-1","male","EN-fetal-late",-0.114126209254915,"LateFetal"
"TCGGTAAGTTCCGGCT-1","male","EN-fetal-late",0.635043319209341,"LateFetal"
"TCGGTTACAGCATGAG-1","male","IN-fetal",0.285081562676199,"LateFetal"
"TCGGTTACATCGTTCT-1","male","EN-fetal-late",0.49974441040568,"LateFetal"
"TCGGTTTGTGGGAACA-1","male","EN-fetal-late",0.0931755298859315,"LateFetal"
"TCGGTTTGTGGGTGAA-1","male","EN-fetal-late",-0.303597011915519,"LateFetal"
"TCGTAATCAAATACCT-1","male","EN-fetal-late",0.585931717885744,"LateFetal"
"TCGTCAACACGTGCTG-1","male","EN-fetal-late",-0.145495415595039,"LateFetal"
"TCGTCAACAGTAGGAT-1","male","EN-fetal-late",0.062308008908877,"LateFetal"
"TCGTCAACATTGGGAG-1","male","EN-fetal-late",0.00325980708656255,"LateFetal"
"TCGTGCTTCAAGCTAC-1","male","EN-fetal-late",0.430940482505216,"LateFetal"
"TCGTGCTTCATGTCAA-1","male","EN-fetal-late",0.0658635085468069,"LateFetal"
"TCGTTAAAGCGAGGTG-1","male","EN-fetal-late",-0.105288359573677,"LateFetal"
"TCGTTAAAGGGCTTTG-1","male","EN-fetal-late",-0.317957592514325,"LateFetal"
"TCGTTACGTTTATTCG-1","male","EN-fetal-late",-0.580711672561026,"LateFetal"
"TCGTTAGCAACTAACT-1","male","EN-fetal-late",-0.448325508436079,"LateFetal"
"TCGTTATTCTTAAGTG-1","male","EN-fetal-late",0.00477052518874283,"LateFetal"
"TCGTTTCCAAACCTTG-1","male","EN-fetal-late",0.645644365069901,"LateFetal"
"TCGTTTCCAAACGGGC-1","male","IN-fetal",0.0656932255947686,"LateFetal"
"TCTAAGGGTGGTTATG-1","male","EN-fetal-late",-0.408353795670756,"LateFetal"
"TCTAAGGGTGTTTGCT-1","male","EN-fetal-late",-0.614066375309914,"LateFetal"
"TCTAATCTCTTAATGG-1","male","EN-fetal-late",-0.0594492541960887,"LateFetal"
"TCTACCTCAGCAAATA-1","male","EN-fetal-late",0.918702431607326,"LateFetal"
"TCTACCTCATCCGTAA-1","male","EN-fetal-late",-0.219616594001582,"LateFetal"
"TCTACTAGTACAAAGA-1","male","EN-fetal-late",-2.04335934137941,"LateFetal"
"TCTACTAGTCTTACTA-1","male","EN-fetal-late",-0.424408006834779,"LateFetal"
"TCTACTAGTGCTGGTG-1","male","EN-fetal-late",0.307147656392177,"LateFetal"
"TCTACTAGTGGTTAGC-1","male","EN-fetal-late",-0.747667546406424,"LateFetal"
"TCTAGCACACGAACAG-1","male","EN-fetal-late",0.68702193589197,"LateFetal"
"TCTAGCCTCCCATAAA-1","male","EN-fetal-late",-0.252915386480433,"LateFetal"
"TCTAGCCTCTAGCTTT-1","male","EN-fetal-late",0.842094305573396,"LateFetal"
"TCTAGCGAGACAAGTG-1","male","IN-fetal",0.0864900553638715,"LateFetal"
"TCTAGCGAGACACTTA-1","male","EN-fetal-late",0.576928830185664,"LateFetal"
"TCTAGCGAGCAGCTAT-1","male","EN-fetal-late",0.495919669144998,"LateFetal"
"TCTAGCGAGGGTTAGA-1","male","EN-fetal-late",1.21074244789164,"LateFetal"
"TCTATGTTCGAAGTAG-1","male","EN-fetal-late",0.407034049925328,"LateFetal"
"TCTATGTTCTAACCAA-1","male","EN-fetal-late",-0.710978339652143,"LateFetal"
"TCTCAATTCACCTGCT-1","male","EN-fetal-late",0.623631233713978,"LateFetal"
"TCTCAATTCGGCTATG-1","male","IN-fetal",0.694565503602786,"LateFetal"
"TCTCAATTCTTGAGCG-1","male","EN-fetal-late",-0.978135207759894,"LateFetal"
"TCTCACCAGATGCCTG-1","male","EN-fetal-late",1.32525837991803,"LateFetal"
"TCTCACCAGCAGCTCA-1","male","OPC",0.381376808812258,"LateFetal"
"TCTCACCAGCGAGGTG-1","male","VSMC",1.10450468110963,"LateFetal"
"TCTCACCAGGCATTGT-1","male","EN-fetal-late",0.0226856391625748,"LateFetal"
"TCTCACCAGTACTGGT-1","male","EN-fetal-late",-0.13276870410322,"LateFetal"
"TCTCACCAGTATTGCA-1","male","EN-fetal-late",-0.572868295243261,"LateFetal"
"TCTCCTCGTGGTTATG-1","male","EN-fetal-late",0.689715086120216,"LateFetal"
"TCTCGCCCATAATGAG-1","male","EN-fetal-late",0.506821233913322,"LateFetal"
"TCTGTGACACTAAGCC-1","male","EN-fetal-late",-1.067029649908,"LateFetal"
"TCTTAGCGTAACTACG-1","male","EN-fetal-late",-0.614015970329739,"LateFetal"
"TCTTAGTTCTCACAAA-1","male","EN-fetal-late",0.205249319930235,"LateFetal"
"TCTTCAAGTAGTTGGC-1","male","EN-fetal-late",-0.181018772365835,"LateFetal"
"TCTTGACGTAAATTGC-1","male","EN-fetal-late",-0.220395934987338,"LateFetal"
"TCTTGACGTTAGGTTG-1","male","EN-fetal-late",1.34081781297035,"LateFetal"
"TCTTGTCCACAACCTA-1","male","EN-fetal-late",0.00641795656383298,"LateFetal"
"TCTTGTCCATAGCTTG-1","male","EN-fetal-late",-0.0112541418217474,"LateFetal"
"TGAACAACAAAGCCTC-1","male","EN-fetal-late",0.484184573226256,"LateFetal"
"TGAACAACATAGCGGA-1","male","EN-fetal-late",0.9541643593424,"LateFetal"
"TGAACAGAGTAAACCC-1","male","EN-fetal-late",-0.703489277951561,"LateFetal"
"TGAAGCAAGTAGGATG-1","male","EN-fetal-late",0.546601560991982,"LateFetal"
"TGAAGTGAGAAAGGAA-1","male","EN-fetal-late",-1.28925072062042,"LateFetal"
"TGAAGTGAGGCTAGAA-1","male","EN-fetal-late",0.960382525717583,"LateFetal"
"TGAAGTGAGTGAACAG-1","male","EN-fetal-late",0.433082590154587,"LateFetal"
"TGACCAAGTCCTAAGA-1","male","EN-fetal-late",-0.492003087953044,"LateFetal"
"TGACCTTGTCCTAATC-1","male","EN-fetal-late",-0.358495089215848,"LateFetal"
"TGACCTTGTGACCTGG-1","male","EN-fetal-late",-0.160462479464984,"LateFetal"
"TGACCTTGTTACCTGT-1","male","IN-fetal",1.12612673847092,"LateFetal"
"TGACTCCTCCCTCAAC-1","male","EN-fetal-late",-0.664314915374484,"LateFetal"
"TGACTTAAGGTAACGA-1","male","EN-fetal-late",1.30036650458906,"LateFetal"
"TGACTTCGTCATCAAG-1","male","IN-fetal",0.486710992585899,"LateFetal"
"TGACTTCGTTACAACG-1","male","EN-fetal-late",-0.63104355806578,"LateFetal"
"TGACTTCGTTGGTTAG-1","male","EN-fetal-late",1.0067917031565,"LateFetal"
"TGAGAACCACTTCACT-1","male","EN-fetal-late",0.308045898345085,"LateFetal"
"TGAGAACCAGGCCTTG-1","male","IN-fetal",-0.133927046271421,"LateFetal"
"TGAGCAAAGTGTTGTA-1","male","EN-fetal-late",-0.155586496985686,"LateFetal"
"TGAGCACGTGATTACG-1","male","IN-fetal",-0.0348516840616226,"LateFetal"
"TGAGCACGTTTACGTC-1","male","EN-fetal-late",-0.570447008854696,"LateFetal"
"TGAGCCGGTCATGAGC-1","male","EN-fetal-late",-1.85476921469972,"LateFetal"
"TGAGCCGGTCCGTAGG-1","male","EN-fetal-late",1.08138366514302,"LateFetal"
"TGAGCCGGTGGGTACT-1","male","EN-fetal-late",0.828488687165088,"LateFetal"
"TGAGCTTAGCGGTTAT-1","male","EN-fetal-late",0.0322084661837097,"LateFetal"
"TGAGGAGGTGTTTGTC-1","male","EN-fetal-late",-0.0511545066943295,"LateFetal"
"TGAGGAGGTTCGGGAT-1","male","EN-fetal-late",0.0966729668217739,"LateFetal"
"TGAGGAGGTTGGTTCT-1","male","IN-fetal",0.191634298212288,"LateFetal"
"TGAGGCACAGGATGGC-1","male","EN-fetal-late",0.523445582591322,"LateFetal"
"TGAGGCACATTAAGTC-1","male","EN-fetal-late",0.276563840926624,"LateFetal"
"TGAGGGAGTCATTGAG-1","male","EN-fetal-late",-0.798943138956312,"LateFetal"
"TGAGGGCCAAACTCAT-1","male","EN-fetal-late",-1.27237388493925,"LateFetal"
"TGAGGGCCAGCAAGGC-1","male","EN-fetal-late",-0.426059297647875,"LateFetal"
"TGAGGGCCATTAGGTT-1","male","EN-fetal-late",0.268940426162481,"LateFetal"
"TGAGGGCCATTGTGGC-1","male","EN-fetal-late",0.938859318495402,"LateFetal"
"TGAGGTGCACAGGATG-1","male","EN-fetal-late",0.0601263228262192,"LateFetal"
"TGAGTGAAGCCGCAAC-1","male","EN-fetal-late",1.55951578796931,"LateFetal"
"TGAGTTTCACCTCAGG-1","male","EN-fetal-late",0.222276427278402,"LateFetal"
"TGAGTTTCACTATGGC-1","male","EN-fetal-late",-0.370325366062565,"LateFetal"
"TGAGTTTCATGTTGTG-1","male","EN-fetal-late",0.256601911067814,"LateFetal"
"TGATCAATCCCTGATC-1","male","EN-fetal-late",-0.65494094496625,"LateFetal"
"TGATCAATCCGGTATG-1","male","EN-fetal-late",-0.318518198906021,"LateFetal"
"TGATCACAGTACTGGT-1","male","EN-fetal-late",0.335048173167974,"LateFetal"
"TGATCAGGTACTTAGG-1","male","IN-fetal",-0.17591510918968,"LateFetal"
"TGATCAGGTTACATCC-1","male","EN-fetal-late",-0.650205646859342,"LateFetal"
"TGATCCTGTACGGGTT-1","male","IN-fetal",0.322135472472311,"LateFetal"
"TGATCCTGTCTATCGT-1","male","EN-fetal-late",0.547594652424791,"LateFetal"
"TGATCGAGTACTGAAT-1","male","EN-fetal-late",-0.794239152202508,"LateFetal"
"TGATCGAGTTCAAGCA-1","male","EN-fetal-late",0.0948780597206908,"LateFetal"
"TGATGAACACCTGGTG-1","male","EN-fetal-late",-0.130185566703574,"LateFetal"
"TGATGAACAGGCTAGA-1","male","EN-fetal-late",-0.271059438924781,"LateFetal"
"TGATGATGTAAGCACC-1","male","EN-fetal-late",-0.00137000056338979,"LateFetal"
"TGATGATGTATTGGAT-1","male","EN-fetal-late",0.3442470779057,"LateFetal"
"TGATGATGTCCTTCAG-1","male","EN-fetal-late",-0.31856500914579,"LateFetal"
"TGATGATGTGCATTAG-1","male","EN-fetal-late",0.118263674138176,"LateFetal"
"TGATTAGTCGGTTCCT-1","male","RG",-0.125944963028893,"LateFetal"
"TGATTCAAGGACTAAG-1","male","EN-fetal-late",-0.561707688623472,"LateFetal"
"TGATTGCAGCACAGAA-1","male","EN-fetal-late",0.21567135806092,"LateFetal"
"TGCAATATCTTGAGGT-1","male","EN-fetal-late",-0.323068670051255,"LateFetal"
"TGCACACCAAATGCCC-1","male","EN-fetal-late",0.219513576283871,"LateFetal"
"TGCACACCATAAGTTC-1","male","Endothelial",0.750899360078605,"LateFetal"
"TGCACCTTCTATGACA-1","male","EN-fetal-late",0.490640243175977,"LateFetal"
"TGCACTTGTAGCCATA-1","male","EN-fetal-late",0.442227098491897,"LateFetal"
"TGCACTTGTATGGTGC-1","male","EN-fetal-late",-0.988642984961361,"LateFetal"
"TGCACTTGTTTGGCTT-1","male","EN-fetal-late",-0.85104680406261,"LateFetal"
"TGCAGGCTCCTTGCAC-1","male","EN-fetal-late",-0.745677178758628,"LateFetal"
"TGCATGAGTAATCGCA-1","male","EN-fetal-late",0.247573018753681,"LateFetal"
"TGCATGAGTGTGTGGT-1","male","EN-fetal-late",0.36772738090895,"LateFetal"
"TGCATGAGTTAGAGGG-1","male","EN-fetal-late",-0.274138700237485,"LateFetal"
"TGCATTAAGGGACCTC-1","male","EN-fetal-late",-1.12817978384579,"LateFetal"
"TGCCATTGTAAGCTCA-1","male","EN-fetal-late",-0.274705643191898,"LateFetal"
"TGCCATTGTTAAGTGT-1","male","IN-fetal",-0.0208051476753044,"LateFetal"
"TGCCGGTAGACTCGCA-1","male","EN-fetal-late",0.708762390001947,"LateFetal"
"TGCCGGTAGAGGCTAA-1","male","EN-fetal-late",-1.25992699280323,"LateFetal"
"TGCCGGTAGGTCCTGA-1","male","EN-fetal-late",0.103595392338947,"LateFetal"
"TGCGATTAGTAGCGGG-1","male","EN-fetal-late",0.183804350374773,"LateFetal"
"TGCGATTAGTCATTTC-1","male","EN-fetal-late",0.509659581920596,"LateFetal"
"TGCGCAGGTACTGAAT-1","male","IN-fetal",0.189404193142062,"LateFetal"
"TGCGCAGGTCGACTCC-1","male","EN-fetal-late",0.593015956677592,"LateFetal"
"TGCGCAGGTTAGAGCC-1","male","EN-fetal-late",-0.300016864271584,"LateFetal"
"TGCGGTTCAACCCTCC-1","male","IN-fetal",0.0525418413134134,"LateFetal"
"TGCGGTTCATGTCAAT-1","male","EN-fetal-late",-0.164064997515424,"LateFetal"
"TGCGGTTCATTATGCG-1","male","EN-fetal-late",0.368957159034935,"LateFetal"
"TGCTAACAGCGCAATT-1","male","EN-fetal-late",0.260830740725315,"LateFetal"
"TGCTCACTCAACCAAC-1","male","EN-fetal-late",0.181067677742952,"LateFetal"
"TGCTCACTCGGCTAGC-1","male","EN-fetal-late",0.508834041590935,"LateFetal"
"TGCTCACTCTTAGGGT-1","male","IN-fetal",0.890146609809533,"LateFetal"
"TGCTCCGTCAAAGGCA-1","male","EN-fetal-late",0.569584313875142,"LateFetal"
"TGCTCTCAGCATTATG-1","male","IN-fetal",1.10020543563364,"LateFetal"
"TGCTGGATCACGCCAA-1","male","EN-fetal-late",1.2049578690654,"LateFetal"
"TGCTGGATCCGGAACC-1","male","EN-fetal-late",-0.208085374828747,"LateFetal"
"TGCTTAAAGAGGAGGA-1","male","EN-fetal-late",1.03533257043034,"LateFetal"
"TGCTTAAAGCACAGGG-1","male","EN-fetal-late",0.521670917824047,"LateFetal"
"TGCTTAAAGGTGCGGA-1","male","IN-fetal",-0.422707449610629,"LateFetal"
"TGCTTCATCCCTCACG-1","male","EN-fetal-late",-0.195251053188779,"LateFetal"
"TGCTTCATCGAGCTAT-1","male","EN-fetal-late",0.343598949211463,"LateFetal"
"TGCTTCATCGGCCAGT-1","male","EN-fetal-late",-0.519838944147686,"LateFetal"
"TGCTTCCAGTTGGGCC-1","male","IN-fetal",0.510998352351092,"LateFetal"
"TGCTTGCTCCCGAACA-1","male","EN-fetal-late",0.455666797526234,"LateFetal"
"TGCTTGCTCCGGTTGA-1","male","Astrocytes",1.00318221085488,"LateFetal"
"TGCTTTAGTGAGCGAA-1","male","EN-fetal-late",-0.889828354443548,"LateFetal"
"TGGAACAAGCGAGGTG-1","male","EN-fetal-late",-0.596673483397409,"LateFetal"
"TGGAACAAGGTGCGGA-1","male","EN-fetal-late",0.283280097669091,"LateFetal"
"TGGAACAAGTTCCCGT-1","male","EN-fetal-late",0.794341486216333,"LateFetal"
"TGGACAAAGGCGAATA-1","male","EN-fetal-late",0.188071088961554,"LateFetal"
"TGGACCGGTATTGTGG-1","male","EN-fetal-late",-0.183594827455104,"LateFetal"
"TGGACCGGTTGGTGAC-1","male","EN-fetal-late",-0.198824932471718,"LateFetal"
"TGGACTAGTCATCATC-1","male","EN-fetal-late",-0.89753666207563,"LateFetal"
"TGGACTAGTCCGGTTC-1","male","EN-fetal-late",0.113368086062131,"LateFetal"
"TGGACTAGTGCGCAAT-1","male","EN-fetal-late",-0.637177949465242,"LateFetal"
"TGGACTAGTGTGCAAC-1","male","EN-fetal-late",-0.606242108542562,"LateFetal"
"TGGACTAGTTCCTGTG-1","male","EN-fetal-late",0.990370436315178,"LateFetal"
"TGGACTAGTTTAACGG-1","male","EN-fetal-late",1.26346404666958,"LateFetal"
"TGGATTCAGGCTTAGT-1","male","EN-fetal-late",-0.517691823906249,"LateFetal"
"TGGATTCAGTTAGGCT-1","male","EN-fetal-late",0.806467439056805,"LateFetal"
"TGGATTGGTTTAACCC-1","male","EN-fetal-late",-0.0483013852067275,"LateFetal"
"TGGCCAATCTCCATAT-1","male","EN-fetal-late",0.372456346897008,"LateFetal"
"TGGCCAATCTGTTCAT-1","male","EN-fetal-late",-0.763490884542621,"LateFetal"
"TGGCCATCAAGCCAGA-1","male","EN-fetal-late",-1.49816666164863,"LateFetal"
"TGGCCATCACTTCACT-1","male","EN-fetal-late",0.298869129007709,"LateFetal"
"TGGCCTGCACGAACAG-1","male","EN-fetal-late",0.100656189018547,"LateFetal"
"TGGCCTGCACTGACTA-1","male","EN-fetal-late",1.05543773121291,"LateFetal"
"TGGCCTTTCCGGTTGA-1","male","OPC",0.949576906136592,"LateFetal"
"TGGCGGTTCATCCTGC-1","male","EN-fetal-late",-0.998139105944758,"LateFetal"
"TGGCGGTTCCCAGTAG-1","male","IN-fetal",0.846591077430466,"LateFetal"
"TGGCTAAGTCACCAAA-1","male","EN-fetal-late",-0.26680823024998,"LateFetal"
"TGGCTAAGTCAGTAAT-1","male","EN-fetal-late",-0.169387758752969,"LateFetal"
"TGGCTAAGTTCACCAT-1","male","EN-fetal-late",0.423609780122516,"LateFetal"
"TGGCTATAGCTTGCTC-1","male","EN-fetal-late",0.560600703661437,"LateFetal"
"TGGCTTTGTCATGCAA-1","male","EN-fetal-late",-0.331241290364319,"LateFetal"
"TGGGCATGTAACGTGC-1","male","EN-fetal-late",0.296608612958738,"LateFetal"
"TGGGCATGTTTGTCTA-1","male","EN-fetal-late",0.63204826196788,"LateFetal"
"TGGTCAAGTTCCATTA-1","male","EN-fetal-late",-0.143065919021146,"LateFetal"
"TGGTCAAGTTGGATCA-1","male","EN-fetal-late",0.108788858539803,"LateFetal"
"TGGTCATAGGCATGTT-1","male","EN-fetal-late",0.140792064916635,"LateFetal"
"TGGTCCTTCGCAACAT-1","male","EN-fetal-late",-1.37098842493654,"LateFetal"
"TGGTGATTCAAACACC-1","male","IN-fetal",1.0635084398693,"LateFetal"
"TGGTGATTCGATTATG-1","male","EN-fetal-late",-0.551139878209516,"LateFetal"
"TGGTGCATCATGAAGG-1","male","IN-fetal",1.02614975778496,"LateFetal"
"TGGTGCATCTAAGGAG-1","male","EN-fetal-late",-0.868081533605354,"LateFetal"
"TGGTTAATCCATAATG-1","male","VSMC",0.565190171132509,"LateFetal"
"TGGTTCCTCAAGCGCC-1","male","EN-fetal-late",0.880652905595311,"LateFetal"
"TGGTTCCTCGTTTCGC-1","male","IN-fetal",-0.316978978871612,"LateFetal"
"TGGTTCTGTAACGAGG-1","male","IN-fetal",0.126261250030286,"LateFetal"
"TGGTTCTGTCATGCCC-1","male","EN-fetal-late",-0.573849362314893,"LateFetal"
"TGGTTCTGTGCTAGAC-1","male","EN-fetal-late",-0.554856601271616,"LateFetal"
"TGGTTCTGTTCAAGCA-1","male","EN-fetal-late",-0.362393344431187,"LateFetal"
"TGGTTGAGTTTGGCGG-1","male","EN-fetal-late",-0.182319407929953,"LateFetal"
"TGTAAAGCAGCACCAT-1","male","EN-fetal-late",-1.00838810567116,"LateFetal"
"TGTAACTCAAGGACCA-1","male","EN-fetal-late",1.01718621594383,"LateFetal"
"TGTAACTCACTGGCTG-1","male","EN-fetal-late",-0.6749353727395,"LateFetal"
"TGTAATGTCATGGCTG-1","male","IN-fetal",0.173581535168757,"LateFetal"
"TGTAATGTCCTAGTTT-1","male","EN-fetal-late",0.635930831944381,"LateFetal"
"TGTATCCGTATTTGCC-1","male","EN-fetal-late",-0.338549148636524,"LateFetal"
"TGTATCCGTGCCGCAA-1","male","EN-fetal-late",-0.0201916414005528,"LateFetal"
"TGTATCGCAACCCTCC-1","male","IN-fetal",0.550871268477131,"LateFetal"
"TGTATCGCAGGAACTG-1","male","IN-fetal",-0.122859632737828,"LateFetal"
"TGTATCGCATGCTTAG-1","male","EN-fetal-late",0.874657680940309,"LateFetal"
"TGTCAATCACTAAGAA-1","male","EN-fetal-late",-0.664833487674223,"LateFetal"
"TGTCAGTAGTCGCAAT-1","male","EN-fetal-late",-0.139284615357748,"LateFetal"
"TGTCATAAGGTCGAGG-1","male","EN-fetal-late",0.0803756636910988,"LateFetal"
"TGTCATAAGTCTTGAA-1","male","EN-fetal-late",-0.0511052736863715,"LateFetal"
"TGTCCTGGTTGCACAA-1","male","EN-fetal-late",0.0137021673316921,"LateFetal"
"TGTCCTTCAGGATTAA-1","male","EN-fetal-late",-0.217565168292949,"LateFetal"
"TGTGCGGGTACCGTAA-1","male","EN-fetal-late",0.20943078515401,"LateFetal"
"TGTGCGGGTGCCTCAC-1","male","EN-fetal-late",-1.34899127374299,"LateFetal"
"TGTGCTGAGACAAAGT-1","male","EN-fetal-late",-0.444269251697905,"LateFetal"
"TGTGCTGAGGAACCAA-1","male","EN-fetal-late",0.0766950697606571,"LateFetal"
"TGTGGAGCATCCCGCT-1","male","EN-fetal-late",0.0341757699781137,"LateFetal"
"TGTGGCCAGCCTGTGA-1","male","EN-fetal-late",0.230696431248394,"LateFetal"
"TGTGGCCAGCTGAGGG-1","male","IN-fetal",0.774257711491948,"LateFetal"
"TGTGGCCAGGTGTCCA-1","male","EN-fetal-late",-0.237985321570588,"LateFetal"
"TGTGGCCAGTAATCCA-1","male","EN-fetal-late",0.204612374959623,"LateFetal"
"TGTGGCGGTCAATGTG-1","male","RG",-0.939501387938604,"LateFetal"
"TGTGGCGGTCTTTATG-1","male","EN-fetal-late",-0.659336422935924,"LateFetal"
"TGTGGCGGTTATTGCC-1","male","IN-fetal",0.671727407301654,"LateFetal"
"TGTGGCTCACCTCAGG-1","male","IN-fetal",1.23604440561811,"LateFetal"
"TGTGGCTCAGTTTGTG-1","male","EN-fetal-late",-0.173602086528439,"LateFetal"
"TGTGGCTCATTCCTCG-1","male","EN-fetal-late",0.601794654888575,"LateFetal"
"TGTGTTAAGCAAGGTA-1","male","IN-fetal",-0.0702499415237524,"LateFetal"
"TGTTACTTCGGGACCT-1","male","IN-fetal",1.83865421282477,"LateFetal"
"TGTTACTTCTGCAACG-1","male","EN-fetal-late",-0.689262689431836,"LateFetal"
"TGTTACTTCTGTGAGT-1","male","IN-fetal",-0.1714708082057,"LateFetal"
"TGTTAGCAGCTAAGTC-1","male","EN-fetal-late",0.356615886692327,"LateFetal"
"TGTTAGCAGCTTTGGG-1","male","EN-fetal-late",-0.882944504364517,"LateFetal"
"TGTTAGCAGTATTGGC-1","male","EN-fetal-late",0.43083611586265,"LateFetal"
"TGTTATGAGAGCAAGC-1","male","EN-fetal-late",0.214094939240761,"LateFetal"
"TGTTCCTCAGCTTACA-1","male","EN-fetal-late",0.866841617628858,"LateFetal"
"TGTTGCACAACCTGGT-1","male","EN-fetal-late",0.0449480344684753,"LateFetal"
"TGTTGCACACAACAGG-1","male","IN-fetal",-0.117312366435615,"LateFetal"
"TGTTGCACAGGCAAGC-1","male","EN-fetal-late",-0.245134449566635,"LateFetal"
"TGTTGGCCAAACGCGA-1","male","EN-fetal-late",-0.38283813475968,"LateFetal"
"TGTTGGCCAAGCGATG-1","male","EN-fetal-late",0.940213129434174,"LateFetal"
"TGTTGGCCAGGCATGA-1","male","EN-fetal-late",0.474010734133726,"LateFetal"
"TGTTGTAAGATACTTG-1","male","EN-fetal-late",0.715392381677362,"LateFetal"
"TGTTGTAAGCATGTTA-1","male","EN-fetal-late",-0.615499882762579,"LateFetal"
"TGTTTGTTCACTTTAC-1","male","EN-fetal-late",-0.846105793281965,"LateFetal"
"TTAAAGGCACCGGCTA-1","male","EN-fetal-late",-0.772668581847326,"LateFetal"
"TTAACCAAGTCAGGCC-1","male","IN-fetal",-0.547909519396104,"LateFetal"
"TTAACTGAGGCCGGAA-1","male","IN-fetal",-0.448925356529567,"LateFetal"
"TTAAGCCAGCTGGCTA-1","male","EN-fetal-late",-0.526585083125171,"LateFetal"
"TTAAGGACAGCTTACA-1","male","EN-fetal-late",0.71868867445272,"LateFetal"
"TTAAGTGTCGTTACAA-1","male","EN-fetal-late",-0.313662389731745,"LateFetal"
"TTACACCGTGTTCCCA-1","male","EN-fetal-late",-1.42559293104895,"LateFetal"
"TTACACCGTTTGGGCG-1","male","EN-fetal-late",0.353855741122424,"LateFetal"
"TTACAGCAGCGAGTAA-1","male","VSMC",1.51275132740804,"LateFetal"
"TTACAGCAGCGTGCAC-1","male","EN-fetal-late",-0.320829663980594,"LateFetal"
"TTACAGCAGCTTAACA-1","male","EN-fetal-late",-0.555718519004426,"LateFetal"
"TTACGTTTCATTACAG-1","male","EN-fetal-late",-0.668426989350902,"LateFetal"
"TTACGTTTCCCTGACT-1","male","EN-fetal-late",-0.47911233299362,"LateFetal"
"TTAGAAGCAGGTATTT-1","male","EN-fetal-late",-0.474507266961686,"LateFetal"
"TTAGAAGCATTCCTGT-1","male","EN-fetal-late",-1.0932541348816,"LateFetal"
"TTAGCAATCGTTATCT-1","male","EN-fetal-late",0.338849758425787,"LateFetal"
"TTAGCAATCTAGCGAT-1","male","EN-fetal-late",0.261476277600109,"LateFetal"
"TTAGCAGGTCTATCGT-1","male","EN-fetal-late",-0.0167618651768062,"LateFetal"
"TTAGCAGGTGCGCATG-1","male","EN-fetal-late",0.327005143219766,"LateFetal"
"TTAGCCTGTGGACCTG-1","male","EN-fetal-late",-0.014656416855103,"LateFetal"
"TTAGCGGTCAGTATTG-1","male","EN-fetal-late",0.562641765403358,"LateFetal"
"TTAGCGGTCCGGTATG-1","male","EN-fetal-late",1.34070136888519,"LateFetal"
"TTAGCGGTCGTTATAG-1","male","EN-fetal-late",0.498795463084066,"LateFetal"
"TTAGCTGCAATATGGA-1","male","EN-fetal-late",-0.816165139818804,"LateFetal"
"TTAGCTGCATCAATCG-1","male","EN-fetal-late",-0.446691482768579,"LateFetal"
"TTAGGAACAAGGTCCT-1","male","EN-fetal-late",-0.248793903078086,"LateFetal"
"TTAGGATGTATTTGGG-1","male","EN-fetal-late",-0.159209358527066,"LateFetal"
"TTAGGCCCATGAATAG-1","male","EN-fetal-late",-0.377591713719758,"LateFetal"
"TTAGGCGTCCTCGATC-1","male","IN-fetal",-0.321541238566597,"LateFetal"
"TTAGGCTAGCAACAAG-1","male","RG",0.130648357643453,"LateFetal"
"TTAGGCTAGGCCAATT-1","male","Endothelial",1.02916501441618,"LateFetal"
"TTAGGCTAGTGAGCAA-1","male","EN-fetal-late",0.210421904510507,"LateFetal"
"TTAGTCAAGCGCATTG-1","male","EN-fetal-late",-0.296142576243367,"LateFetal"
"TTAGTCAAGCTCAAAC-1","male","IN-fetal",1.70282757333189,"LateFetal"
"TTAGTCAAGGTTTGCG-1","male","EN-fetal-late",-0.955934110779091,"LateFetal"
"TTATAGCCAGACAAAC-1","male","IN-fetal",0.600765176681913,"LateFetal"
"TTATCCGTCCAGGGAG-1","male","EN-fetal-late",0.597078401418386,"LateFetal"
"TTATCCGTCGGTTAGT-1","male","IN-fetal",-0.516663053659426,"LateFetal"
"TTATCCGTCTCCTCTT-1","male","EN-fetal-late",0.950848309531016,"LateFetal"
"TTATCCTAGCACCACA-1","male","EN-fetal-late",-0.127618655639579,"LateFetal"
"TTATCCTAGGTTACGT-1","male","IN-fetal",0.687717292673298,"LateFetal"
"TTATGACCAAAGCCTC-1","male","EN-fetal-late",0.399554752162791,"LateFetal"
"TTATGACCACCGGCTA-1","male","EN-fetal-late",-0.478511540146176,"LateFetal"
"TTATGACCACTTAGGC-1","male","EN-fetal-late",0.0360204181189833,"LateFetal"
"TTATGACCAGCATGTC-1","male","EN-fetal-late",-0.752398144575069,"LateFetal"
"TTATGCGCAAGCCACT-1","male","EN-fetal-late",-0.107131065617364,"LateFetal"
"TTATGCGCAGGTTACC-1","male","EN-fetal-late",0.210538162558537,"LateFetal"
"TTATGCGCATGAATCT-1","male","EN-fetal-late",0.144168203870456,"LateFetal"
"TTATGCGCATGACTAT-1","male","IN-fetal",0.349421674023317,"LateFetal"
"TTCAACCGTCATTAGG-1","male","EN-fetal-late",-0.392397196964733,"LateFetal"
"TTCACTGTCCACCCTG-1","male","IN-fetal",0.523506651073453,"LateFetal"
"TTCAGCACAAACGGGC-1","male","EN-fetal-late",-0.0278253459303566,"LateFetal"
"TTCAGTTTCACCTGTC-1","male","IN-fetal",-0.278745057460577,"LateFetal"
"TTCAGTTTCATGCCTC-1","male","EN-fetal-late",0.427078167281102,"LateFetal"
"TTCAGTTTCGTTAACA-1","male","EN-fetal-late",-0.14838165150174,"LateFetal"
"TTCATCCCAATCCTAG-1","male","EN-fetal-late",-0.314535309390518,"LateFetal"
"TTCATCCCAATGCCCG-1","male","EN-fetal-late",-0.164201253762325,"LateFetal"
"TTCATCCCAGCTAATT-1","male","EN-fetal-late",-0.475143673143534,"LateFetal"
"TTCATCCCAGTTTGGC-1","male","EN-fetal-late",-0.42790827724704,"LateFetal"
"TTCATTCAGCTAAGTC-1","male","EN-fetal-late",0.831417740629183,"LateFetal"
"TTCCACGGTTTATCTG-1","male","EN-fetal-late",0.788464435704758,"LateFetal"
"TTCCCACAGGACCTCA-1","male","EN-fetal-late",0.00592128322357858,"LateFetal"
"TTCCCGCCATAGACCC-1","male","EN-fetal-late",0.111305204940601,"LateFetal"
"TTCCCGCCATTGCGTA-1","male","EN-fetal-late",1.23687144672646,"LateFetal"
"TTCCTCAAGAATGACG-1","male","EN-fetal-late",0.144855846430957,"LateFetal"
"TTCCTCAAGGATAAAC-1","male","EN-fetal-late",-0.117322969745614,"LateFetal"
"TTCCTTCTCATAGCCG-1","male","EN-fetal-late",-0.49980874348767,"LateFetal"
"TTCCTTCTCCACCTTA-1","male","EN-fetal-late",-0.824582133684113,"LateFetal"
"TTCCTTGAGCCTGGTA-1","male","EN-fetal-late",0.176012529191334,"LateFetal"
"TTCCTTGAGGTTTACA-1","male","EN-fetal-late",0.0212903398107976,"LateFetal"
"TTCGCAACAAATGCCC-1","male","EN-fetal-late",-0.4029744485125,"LateFetal"
"TTCGCAACAATATGGA-1","male","EN-fetal-late",-0.0305138874443535,"LateFetal"
"TTCGGTACAAGGAATC-1","male","EN-fetal-late",0.0271771433837676,"LateFetal"
"TTCGGTACATTATGCG-1","male","EN-fetal-late",-1.13895900681583,"LateFetal"
"TTCGTGCTCAATGAGG-1","male","EN-fetal-late",0.0388911509942061,"LateFetal"
"TTCGTGCTCATAATCG-1","male","EN-fetal-late",-0.044110874578754,"LateFetal"
"TTCGTGCTCTGTTCAT-1","male","EN-fetal-late",0.172026201275946,"LateFetal"
"TTCGTTAGTAATGGCC-1","male","RG",0.138846824420562,"LateFetal"
"TTGACATCAAGCCACT-1","male","IN-fetal",-0.27283393702349,"LateFetal"
"TTGACATCACATACTG-1","male","EN-fetal-late",-0.0987044803181403,"LateFetal"
"TTGACATCACTGACTA-1","male","EN-fetal-late",-0.229549384069206,"LateFetal"
"TTGACGTAGTAAGAAC-1","male","EN-fetal-late",-0.0689913890888589,"LateFetal"
"TTGACTAAGAAGGTGC-1","male","IN-fetal",-0.457107226109402,"LateFetal"
"TTGACTAAGCTTAACA-1","male","EN-fetal-late",-0.386929623119068,"LateFetal"
"TTGACTAAGGCCTAAT-1","male","IN-fetal",-0.180243411419914,"LateFetal"
"TTGACTAAGGGACTAA-1","male","EN-fetal-late",-0.249792343038874,"LateFetal"
"TTGAGCTAGCACAGCC-1","male","EN-fetal-late",-0.873577699448003,"LateFetal"
"TTGAGCTAGTAACGAG-1","male","EN-fetal-late",0.164213696815733,"LateFetal"
"TTGAGGCGTATACTGG-1","male","EN-fetal-late",0.400544123967133,"LateFetal"
"TTGAGGCGTTAAGCCA-1","male","EN-fetal-late",-0.14720278442463,"LateFetal"
"TTGATGTCAACTGGCT-1","male","EN-fetal-late",-0.442231468784428,"LateFetal"
"TTGCAACAGACTTACA-1","male","IN-fetal",0.37763553872165,"LateFetal"
"TTGCAACAGGACCGCT-1","male","EN-fetal-late",-0.0176153294333133,"LateFetal"
"TTGCAACAGTCAATCA-1","male","EN-fetal-late",-1.08862301443238,"LateFetal"
"TTGCAACAGTTTCCTG-1","male","EN-fetal-early",0.0708769007884942,"LateFetal"
"TTGCAAGGTTGTCCAT-1","male","EN-fetal-late",-0.283643448812573,"LateFetal"
"TTGCAATCACCTACGG-1","male","IN-fetal",0.324183134528058,"LateFetal"
"TTGCAATCATCACTTC-1","male","EN-fetal-late",0.216267406603641,"LateFetal"
"TTGCAGCCAATCTCTC-1","male","EN-fetal-late",-0.00623570579011002,"LateFetal"
"TTGCAGCCACCTCGCT-1","male","IN-fetal",1.15222714899667,"LateFetal"
"TTGCAGCCAGGACACA-1","male","EN-fetal-late",-0.732369195979227,"LateFetal"
"TTGCAGCCAGGATGGC-1","male","EN-fetal-late",0.338776435540966,"LateFetal"
"TTGCATTTCATCCTCA-1","male","EN-fetal-late",-0.131367848987413,"LateFetal"
"TTGCCCGTCCCTCGCA-1","male","EN-fetal-late",-1.17335645881719,"LateFetal"
"TTGCGAGTCATGAAGG-1","male","EN-fetal-late",-0.248237325901653,"LateFetal"
"TTGCGAGTCCCATAGG-1","male","EN-fetal-late",-0.331243312742248,"LateFetal"
"TTGCGAGTCGAAGTAG-1","male","EN-fetal-late",-0.36441713258467,"LateFetal"
"TTGCGAGTCTCCTCAA-1","male","Endothelial",0.488824967244133,"LateFetal"
"TTGCGAGTCTGGCAAT-1","male","EN-fetal-late",-0.479330790750463,"LateFetal"
"TTGCGTCTCTATGACA-1","male","EN-fetal-late",-0.308120624275546,"LateFetal"
"TTGCTTAGTTTGGCGG-1","male","EN-fetal-late",-1.20534031878891,"LateFetal"
"TTGCTTTAGTCACTAA-1","male","EN-fetal-late",0.0155115596544898,"LateFetal"
"TTGCTTTAGTCACTCC-1","male","EN-fetal-late",-0.136265949987865,"LateFetal"
"TTGCTTTAGTGTTGCG-1","male","EN-fetal-late",0.438703041430688,"LateFetal"
"TTGGATATCCAAGTTA-1","male","EN-fetal-late",0.13463949715998,"LateFetal"
"TTGGATCAGCCAGGTC-1","male","EN-fetal-late",-0.0236075613809773,"LateFetal"
"TTGGATTCAGGCTAAG-1","male","EN-fetal-late",0.688531774540969,"LateFetal"
"TTGGATTCATAATGTC-1","male","EN-fetal-late",0.14582245464368,"LateFetal"
"TTGGATTCATTTAAGC-1","male","EN-fetal-late",0.527580990168421,"LateFetal"
"TTGGCGGGTTCATCTA-1","male","EN-fetal-late",-1.14966606074148,"LateFetal"
"TTGGCTACATCATGTG-1","male","EN-fetal-late",0.495830537665896,"LateFetal"
"TTGGCTTGTCATTACC-1","male","EN-fetal-late",-0.296584845210366,"LateFetal"
"TTGGCTTGTTGCACAA-1","male","EN-fetal-late",-0.424054985650993,"LateFetal"
"TTGGCTTGTTTGCAGA-1","male","EN-fetal-late",-1.06712079913682,"LateFetal"
"TTGGGCCAGGACAATG-1","male","EN-fetal-late",0.22648270833119,"LateFetal"
"TTGGGCGGTACTAAAC-1","male","EN-fetal-late",0.115630949121946,"LateFetal"
"TTGGGTTAGTCATGCG-1","male","EN-fetal-late",0.0664726547386752,"LateFetal"
"TTGGTGAGTTCTTTAG-1","male","EN-fetal-late",-0.279644323058571,"LateFetal"
"TTGTAAGTCCTAATGA-1","male","EN-fetal-late",0.075564876065455,"LateFetal"
"TTGTCAAAGGTCCAAT-1","male","EN-fetal-late",0.831190305247848,"LateFetal"
"TTGTCCATCACATTGA-1","male","EN-fetal-late",-0.629376639828235,"LateFetal"
"TTGTCCATCATAATCG-1","male","EN-fetal-late",0.0226852007836681,"LateFetal"
"TTGTCCCAGGCGGGTA-1","male","IN-fetal",0.37832620334067,"LateFetal"
"TTGTCCCAGGCTTAAC-1","male","IN-fetal",0.884110823293101,"LateFetal"
"TTGTCCGGTCATGCAA-1","male","EN-fetal-late",0.634584243574438,"LateFetal"
"TTGTGCCTCCAATTAG-1","male","EN-fetal-late",-0.489750267414677,"LateFetal"
"TTGTGCGAGCACTTGG-1","male","EN-fetal-late",0.138467566622792,"LateFetal"
"TTGTGCGAGTCCTTTG-1","male","IN-fetal",-0.255693750947134,"LateFetal"
"TTGTGTGCAGTATGTT-1","male","EN-fetal-late",-0.0770413551159125,"LateFetal"
"TTGTTCCCAACAACAA-1","male","EN-fetal-late",-0.0471042545839089,"LateFetal"
"TTGTTGCGTTACTTGC-1","male","EN-fetal-late",-0.73974996980025,"LateFetal"
"TTGTTGTTCATGCTTT-1","male","EN-fetal-late",0.934376830599108,"LateFetal"
"TTTAACCTCCCGCCTA-1","male","EN-fetal-late",0.304047656314643,"LateFetal"
"TTTAACGAGCATGTCG-1","male","EN-fetal-late",-0.11356016493663,"LateFetal"
"TTTAACGAGCCGCAAC-1","male","EN-fetal-late",0.585037461901171,"LateFetal"
"TTTAACGAGCGATAAG-1","male","IN-fetal",0.900975333182238,"LateFetal"
"TTTAACGAGGCCTTAG-1","male","EN-fetal-late",0.454078926645203,"LateFetal"
"TTTAACGAGGGCTAAA-1","male","EN-fetal-late",-0.72896886579447,"LateFetal"
"TTTAAGCCACATAGCC-1","male","IN-fetal",0.833608538693741,"LateFetal"
"TTTAAGCCACCAGCAT-1","male","EN-fetal-late",0.326653204412312,"LateFetal"
"TTTAAGCCACGGTACT-1","male","IN-fetal",1.13985989816579,"LateFetal"
"TTTAAGCCAGCTACGT-1","male","IN-fetal",-0.276372924919006,"LateFetal"
"TTTAAGCCATTGTCAG-1","male","EN-fetal-late",1.18932965440941,"LateFetal"
"TTTAAGGTCAGTTCCC-1","male","IN-fetal",0.630905861471602,"LateFetal"
"TTTAAGGTCCCTGATC-1","male","EN-fetal-late",0.289898077818316,"LateFetal"
"TTTAAGGTCGTCATTT-1","male","EN-fetal-late",-0.530488488875421,"LateFetal"
"TTTAAGGTCGTTAAGC-1","male","EN-fetal-late",0.098867852311776,"LateFetal"
"TTTACGCGTACCGGAT-1","male","IN-fetal",-0.752263333304671,"LateFetal"
"TTTAGCAAGGTTACAC-1","male","EN-fetal-late",-0.227005877704849,"LateFetal"
"TTTAGCAAGTAAGTCC-1","male","EN-fetal-late",0.218887818231214,"LateFetal"
"TTTAGCAAGTTGCCTC-1","male","EN-fetal-late",0.922109889135694,"LateFetal"
"TTTAGGATCCACCTGT-1","male","EN-fetal-late",-0.23968750637954,"LateFetal"
"TTTAGGATCCTAATAG-1","male","EN-fetal-late",-0.683559697751615,"LateFetal"
"TTTCACCCAAGGATTA-1","male","EN-fetal-late",-0.748106957898734,"LateFetal"
"TTTCAGTTCCAAATCA-1","male","IN-fetal",0.529010287060865,"LateFetal"
"TTTCAGTTCCGCCAAA-1","male","EN-fetal-late",-0.440249805918512,"LateFetal"
"TTTCAGTTCGGTCATG-1","male","EN-fetal-late",-0.866276865408814,"LateFetal"
"TTTCATCAGGAGGGTT-1","male","EN-fetal-late",0.334895059440402,"LateFetal"
"TTTCATCAGGAGTAAT-1","male","EN-fetal-late",0.246195585227069,"LateFetal"
"TTTCATCAGGATTTGC-1","male","EN-fetal-late",-0.713604240265963,"LateFetal"
"TTTCCGGGTATTGTGG-1","male","EN-fetal-late",0.0193589322282689,"LateFetal"
"TTTCCGGGTGTTGCAA-1","male","EN-fetal-late",-0.654490249433394,"LateFetal"
"TTTCCGGGTTAACACG-1","male","EN-fetal-late",-0.183021775676871,"LateFetal"
"TTTCCGGGTTTAAAGC-1","male","EN-fetal-late",0.762397723718759,"LateFetal"
"TTTCCTGAGCTCCTTA-1","male","EN-fetal-late",-0.279258997261141,"LateFetal"
"TTTCCTGAGGTGCGGA-1","male","EN-fetal-late",0.306344249468622,"LateFetal"
"TTTCGTCCAGAGAGCC-1","male","EN-fetal-late",0.655681602567578,"LateFetal"
"TTTCGTCCAGGCCATT-1","male","IN-fetal",0.189400234453967,"LateFetal"
"TTTCGTCCATAGCGAG-1","male","EN-fetal-late",-0.440568128609775,"LateFetal"
"TTTCTCACAAGTAAGC-1","male","EN-fetal-late",-1.18789512281605,"LateFetal"
"TTTCTTGCACAAACTT-1","male","EN-fetal-late",-0.510949056992451,"LateFetal"
"TTTGACCGTCACAGAC-1","male","EN-fetal-late",0.677150129910441,"LateFetal"
"TTTGACCGTGTTCCCA-1","male","EN-fetal-late",0.23753918654346,"LateFetal"
"TTTGACTTCATTATGG-1","male","EN-fetal-late",0.495143275629172,"LateFetal"
"TTTGACTTCCGGAACC-1","male","EN-fetal-late",0.631792030761241,"LateFetal"
"TTTGACTTCGGTTAGT-1","male","EN-fetal-late",0.278419495138572,"LateFetal"
"TTTGAGTCAGGCTAAG-1","male","EN-fetal-late",0.828937923852348,"LateFetal"
"TTTGCATTCCCTGACT-1","male","EN-fetal-late",-0.146936601926964,"LateFetal"
"TTTGCATTCGTCATTT-1","male","OPC",1.27708883305453,"LateFetal"
"TTTGCGACAAGATTCT-1","male","IN-fetal",0.508092798240685,"LateFetal"
"TTTGCGACACTTGTTC-1","male","EN-fetal-late",-0.170650555566996,"LateFetal"
"TTTGCGACATAGCGGA-1","male","EN-fetal-late",-0.15535753253467,"LateFetal"
"TTTGCGGAGGGTGAGT-1","male","EN-fetal-late",0.875404880820417,"LateFetal"
"TTTGGCTGTAACAGGG-1","male","EN-fetal-late",-0.652777684058212,"LateFetal"
"TTTGGCTGTTTAGCGA-1","male","IN-fetal",0.529978477216026,"LateFetal"
"TTTGGTGCATAAAGCA-1","male","EN-fetal-late",-0.0511590913165875,"LateFetal"
"TTTGTCCCAATAGTCT-1","male","IN-fetal",0.678360327356024,"LateFetal"
"TTTGTGAAGTTATCTC-1","male","EN-fetal-late",0.0586535205249728,"LateFetal"
"TTTGTGAAGTTGCGTG-1","male","EN-fetal-late",0.437721068747268,"LateFetal"
"TTTGTGGCATTGTCAG-1","male","EN-fetal-late",-0.30917686730672,"LateFetal"
"TTTGTGTTCCCTGACT-1","male","EN-fetal-late",0.485979571183096,"LateFetal"
"TTTGTGTTCCGGGACT-1","male","EN-fetal-late",-0.108088883252261,"LateFetal"
"TTTGTTGGTAGGTTAT-1","male","EN-fetal-late",-0.41958299493939,"LateFetal"
"AAACAGCCACATAACT-2","female","EN-fetal-late",0.490594482807584,"LateFetal"
"AAACAGCCACCAGGTT-2","female","EN-fetal-late",0.626326145477336,"LateFetal"
"AAACAGCCAGGAACTG-2","female","EN-fetal-late",0.605830710985363,"LateFetal"
"AAACAGCCATCACTTC-2","female","EN-fetal-late",-0.48115407048569,"LateFetal"
"AAACATGCAGCTTACA-2","female","EN-fetal-late",0.433123673795392,"LateFetal"
"AAACCGAAGCCAGGTC-2","female","EN-fetal-late",-1.12900637366712,"LateFetal"
"AAACCGAAGCTATATG-2","female","EN-fetal-late",0.135928056388037,"LateFetal"
"AAACCGCGTATTGCAG-2","female","IN-fetal",0.720987502998283,"LateFetal"
"AAACCGCGTTACCTGT-2","female","IN-fetal",0.38456790752871,"LateFetal"
"AAACCGCGTTAGTACG-2","female","EN-fetal-late",-0.330008024174654,"LateFetal"
"AAACCGCGTTTCAGGA-2","female","EN-fetal-late",-0.834930975675932,"LateFetal"
"AAACGCGCACCGGTAT-2","female","EN-fetal-late",0.136143591782823,"LateFetal"
"AAACGCGCATTGCGAC-2","female","IN-fetal",0.783658423838286,"LateFetal"
"AAACGGATCGCTCCAT-2","female","EN-fetal-late",-0.0952007409223001,"LateFetal"
"AAACGGATCGGTCAAT-2","female","EN-fetal-late",-0.877850583896691,"LateFetal"
"AAACGTACAACTAACT-2","female","EN-fetal-late",0.18223627191687,"LateFetal"
"AAACGTACATTGCGGT-2","female","EN-fetal-late",-0.923275015869256,"LateFetal"
"AAAGCAAGTCTAACAG-2","female","EN-fetal-late",0.0874429592082386,"LateFetal"
"AAAGCCCGTGAGCAAG-2","female","EN-fetal-late",-0.469709095760808,"LateFetal"
"AAAGCCGCAACCTGGT-2","female","EN-fetal-late",0.381994224564574,"LateFetal"
"AAAGCCGCACCAGCAT-2","female","IN-fetal",-1.41620928980843,"LateFetal"
"AAAGCCGCAGCCAGTT-2","female","EN-fetal-late",-1.14889017058204,"LateFetal"
"AAAGCCGCATGTCAGC-2","female","EN-fetal-late",-0.651850044944442,"LateFetal"
"AAAGCCGCATTAAGCT-2","female","EN-fetal-late",-0.57145058914297,"LateFetal"
"AAAGCGGGTGGACCTG-2","female","EN-fetal-late",0.355110382237283,"LateFetal"
"AAAGCGGGTTTAACGG-2","female","EN-fetal-late",1.38549240912229,"LateFetal"
"AAAGCGGGTTTGGGTA-2","female","EN-fetal-late",-0.5343168049238,"LateFetal"
"AAAGCTTGTACAAAGA-2","female","IN-fetal",0.382316233771244,"LateFetal"
"AAAGCTTGTACAATGT-2","female","EN-fetal-late",0.517972951456148,"LateFetal"
"AAAGCTTGTCATCATC-2","female","IN-fetal",1.84629437553047,"LateFetal"
"AAAGCTTGTGGGTACT-2","female","EN-fetal-late",-0.911227802440595,"LateFetal"
"AAAGCTTGTTTACTTG-2","female","EN-fetal-late",-0.895399280382105,"LateFetal"
"AAAGGACGTACCGGAT-2","female","IN-fetal",-0.969183412144153,"LateFetal"
"AAAGGACGTATTGGTG-2","female","EN-fetal-late",-0.626624779368976,"LateFetal"
"AAAGGACGTGTTGTAG-2","female","EN-fetal-late",-0.726874519309226,"LateFetal"
"AAAGGACGTTTGCTGT-2","female","IN-fetal",0.221227691193682,"LateFetal"
"AAAGGCTCAGCAAGGC-2","female","EN-fetal-late",-0.807420080846537,"LateFetal"
"AAAGGCTCAGTCTAAT-2","female","EN-fetal-late",0.112241523441893,"LateFetal"
"AAAGGTTAGCCTTAAA-2","female","EN-fetal-late",-0.645295771494732,"LateFetal"
"AAATCCGGTAGCTGGT-2","female","IN-fetal",0.87699507868826,"LateFetal"
"AAATCCGGTCAATACG-2","female","EN-fetal-late",0.113266542291172,"LateFetal"
"AAATCCGGTGATCAGC-2","female","EN-fetal-late",0.0734641947959464,"LateFetal"
"AAATCCGGTGTGTGGT-2","female","EN-fetal-late",0.0553653568447487,"LateFetal"
"AAATGCCTCACTAAGC-2","female","EN-fetal-late",0.70932035675382,"LateFetal"
"AAATGCCTCATTTAGG-2","female","EN-fetal-late",0.28179599475994,"LateFetal"
"AAATGGCCACTGACTA-2","female","IN-fetal",1.28263137949353,"LateFetal"
"AACAAAGGTAGCCTAA-2","female","OPC",-0.448802443878306,"LateFetal"
"AACAAAGGTTGCACAA-2","female","EN-fetal-late",-1.8940489022985,"LateFetal"
"AACAAGCCAAGGACCA-2","female","EN-fetal-late",0.372792422981724,"LateFetal"
"AACAAGCCAGGCATGA-2","female","EN-fetal-late",0.38924203412307,"LateFetal"
"AACAAGCCATAAAGCA-2","female","EN-fetal-late",-0.315320275177303,"LateFetal"
"AACAAGCCATCAGTAT-2","female","EN-fetal-late",-0.0854835875794514,"LateFetal"
"AACAGATAGCTTTGGG-2","female","EN-fetal-late",-1.17420719662802,"LateFetal"
"AACAGATAGGACAATG-2","female","EN-fetal-late",-0.407604732024658,"LateFetal"
"AACAGCAAGGACCAGG-2","female","EN-fetal-late",0.268016572860912,"LateFetal"
"AACAGCAAGGACGTAA-2","female","EN-fetal-late",-0.174796737903659,"LateFetal"
"AACAGCAAGGGCTTTG-2","female","EN-fetal-late",0.185654517013588,"LateFetal"
"AACAGCAAGTATTGTG-2","female","EN-fetal-late",-0.610292034891433,"LateFetal"
"AACAGGATCGATTTGA-2","female","EN-fetal-late",0.0935638310646687,"LateFetal"
"AACATAGCAACACCTA-2","female","EN-fetal-late",-0.342309943653658,"LateFetal"
"AACATCATCCATAATG-2","female","EN-fetal-late",-0.220855552126165,"LateFetal"
"AACATCATCCTGATTT-2","female","EN-fetal-late",-0.0622240772427924,"LateFetal"
"AACATCATCGCTAGCA-2","female","EN-fetal-late",0.0133140347020145,"LateFetal"
"AACATCATCTGGTCCT-2","female","IN-fetal",0.490717355878162,"LateFetal"
"AACATTGTCCCGTTTA-2","female","EN-fetal-late",-0.48532564396372,"LateFetal"
"AACCCGCAGGAACACA-2","female","EN-fetal-late",-0.411811592048782,"LateFetal"
"AACCCGCAGTAACGAG-2","female","EN-fetal-late",-0.298490621413742,"LateFetal"
"AACCGCTCAACGTGCT-2","female","EN-fetal-late",-0.0368508744380452,"LateFetal"
"AACCGCTCAATAAGCA-2","female","EN-fetal-late",-0.998871666807827,"LateFetal"
"AACCGCTCAATCCTAG-2","female","EN-fetal-late",-0.945454490560379,"LateFetal"
"AACCGCTCAATGAATG-2","female","EN-fetal-late",-0.826372322859031,"LateFetal"
"AACCGCTCATGAAATG-2","female","EN-fetal-late",-1.17169836683438,"LateFetal"
"AACCGGCTCATGCGTG-2","female","EN-fetal-late",0.215660462776541,"LateFetal"
"AACCGGCTCCTCCCTC-2","female","EN-fetal-late",0.311209555886316,"LateFetal"
"AACCGGCTCTAATCTC-2","female","IN-fetal",-0.314855674055063,"LateFetal"
"AACCTAATCTCGACCT-2","female","EN-fetal-late",-0.459647411816738,"LateFetal"
"AACCTCACAAAGGCCA-2","female","EN-fetal-late",0.00474294994029066,"LateFetal"
"AACCTCACACCACAAC-2","female","IN-fetal",-0.264670501948862,"LateFetal"
"AACCTTAAGCTAGAAG-2","female","IN-fetal",0.198405309200664,"LateFetal"
"AACCTTAAGGCTTAGT-2","female","IN-fetal",-0.637717909035651,"LateFetal"
"AACCTTAAGGTTTACA-2","female","EN-fetal-late",0.596747636452317,"LateFetal"
"AACCTTAAGTAAGTGG-2","female","EN-fetal-late",0.180635632854749,"LateFetal"
"AACCTTAAGTTATTCC-2","female","EN-fetal-late",-0.103426393780162,"LateFetal"
"AACCTTGCAATTAAGG-2","female","EN-fetal-late",0.455348860863122,"LateFetal"
"AACCTTGCAGGCCTTG-2","female","EN-fetal-late",-0.0794309895341049,"LateFetal"
"AACCTTGCAGGCTAAG-2","female","EN-fetal-late",0.60009044750255,"LateFetal"
"AACCTTGCATCGTTCT-2","female","EN-fetal-late",0.930644973261056,"LateFetal"
"AACCTTGCATGAGCAG-2","female","EN-fetal-late",-0.993066271090041,"LateFetal"
"AACGACAAGCATCCAG-2","female","EN-fetal-late",-0.631421063241701,"LateFetal"
"AACGACAAGGAAACTG-2","female","EN-fetal-late",-0.740523662151673,"LateFetal"
"AACGACAAGGTTACGT-2","female","EN-fetal-late",0.467009119984965,"LateFetal"
"AACGACAAGTGGACAA-2","female","EN-fetal-late",-0.438849554820438,"LateFetal"
"AACGCCCAGGCAACAA-2","female","IN-fetal",-0.335611620163495,"LateFetal"
"AACGCCCAGTTTCCTG-2","female","EN-fetal-late",-0.0535613563950054,"LateFetal"
"AACGCTAGTCCTTAGT-2","female","IN-fetal",0.323257695030075,"LateFetal"
"AACGCTAGTTAACAGT-2","female","IN-fetal",-0.904167055927244,"LateFetal"
"AACGGTAAGCACGTTG-2","female","IN-fetal",-0.00938333654831604,"LateFetal"
"AACGGTAAGCCTGTTC-2","female","EN-fetal-late",-1.33295978203592,"LateFetal"
"AACGGTAAGCTGTAAC-2","female","EN-fetal-late",-0.509952646656031,"LateFetal"
"AACGGTAAGTAACAGG-2","female","EN-fetal-late",0.608323673310766,"LateFetal"
"AACTACTCACCCACCT-2","female","EN-fetal-late",-0.936279002356791,"LateFetal"
"AACTACTCACCTCAGG-2","female","EN-fetal-late",-1.01889876250794,"LateFetal"
"AACTACTCAGCGCTTG-2","female","EN-fetal-late",-0.171127280446488,"LateFetal"
"AACTACTCATGTGGGA-2","female","EN-fetal-late",0.281762760430805,"LateFetal"
"AACTAGCTCATGCCTC-2","female","EN-fetal-late",-1.19155829337854,"LateFetal"
"AACTAGCTCGAGCTAT-2","female","EN-fetal-late",-0.48916658255295,"LateFetal"
"AACTAGTGTTGCGGAT-2","female","EN-fetal-late",-1.56785611132648,"LateFetal"
"AACTCACAGTTATCCT-2","female","IN-fetal",0.652172814307575,"LateFetal"
"AACTGTTCACAGGGAC-2","female","EN-fetal-late",-0.852368146974214,"LateFetal"
"AAGAACAGTAAGCTTG-2","female","EN-fetal-late",-0.374693572248019,"LateFetal"
"AAGAATCAGAAGCTAG-2","female","EN-fetal-late",0.79628973665285,"LateFetal"
"AAGAATCAGAGAGCCG-2","female","EN-fetal-late",0.0103613965157893,"LateFetal"
"AAGAATCAGGCGCTAC-2","female","EN-fetal-late",-0.281299991040427,"LateFetal"
"AAGAATCAGTAACCCG-2","female","RG",0.993888076258844,"LateFetal"
"AAGACAAGTCAAGTAT-2","female","EN-fetal-late",-1.04840126892967,"LateFetal"
"AAGACAAGTGGATTAT-2","female","EN-fetal-late",0.187413981177117,"LateFetal"
"AAGACAAGTGTTTCAC-2","female","EN-fetal-late",-0.155183505286862,"LateFetal"
"AAGACAAGTTTGGCGG-2","female","EN-fetal-late",-0.918007443334648,"LateFetal"
"AAGACATAGAACCTAC-2","female","EN-fetal-late",0.507179734862792,"LateFetal"
"AAGACATAGCAAGGTA-2","female","EN-fetal-late",0.144164296327827,"LateFetal"
"AAGACATAGGGCCACT-2","female","EN-fetal-late",0.0493769709118439,"LateFetal"
"AAGACATAGGTCTTGG-2","female","EN-fetal-late",-0.0496371972639638,"LateFetal"
"AAGACCAAGTAAAGGT-2","female","EN-fetal-late",-1.27520903784905,"LateFetal"
"AAGCAAGTCGCTATAA-2","female","EN-fetal-late",0.287992453787422,"LateFetal"
"AAGCATGAGCACCACA-2","female","EN-fetal-late",0.0185087793681503,"LateFetal"
"AAGCATGAGGAACGGT-2","female","EN-fetal-late",-0.848226314573892,"LateFetal"
"AAGCATGAGGTAAGGC-2","female","EN-fetal-late",0.927355589613246,"LateFetal"
"AAGCATGAGGTTAGCT-2","female","EN-fetal-late",-1.01858129252426,"LateFetal"
"AAGCATGAGTGATTCA-2","female","EN-fetal-late",-0.517377899420991,"LateFetal"
"AAGCATGAGTTGGGCC-2","female","EN-fetal-late",-0.377451788996534,"LateFetal"
"AAGCCACGTAACCACA-2","female","EN-fetal-late",0.0527574154491501,"LateFetal"
"AAGCCACGTAAGGTCC-2","female","EN-fetal-late",-0.123900323043669,"LateFetal"
"AAGCCTGTCAAGCTTA-2","female","EN-fetal-late",-0.200391307306021,"LateFetal"
"AAGCCTGTCGCAGGCT-2","female","IN-fetal",0.769945468719542,"LateFetal"
"AAGCCTGTCGCATTAA-2","female","EN-fetal-late",0.319960232880444,"LateFetal"
"AAGCCTGTCTCAATAG-2","female","EN-fetal-late",0.516562821582253,"LateFetal"
"AAGCCTTAGCTTAGTA-2","female","EN-fetal-late",-0.203927101734768,"LateFetal"
"AAGCCTTAGGAGTCGG-2","female","EN-fetal-late",-0.394503253808467,"LateFetal"
"AAGCCTTAGGGATGAC-2","female","EN-fetal-late",-0.399793143822246,"LateFetal"
"AAGCCTTAGTAAACCC-2","female","EN-fetal-late",-0.872725639975618,"LateFetal"
"AAGCCTTAGTCTGGGC-2","female","EN-fetal-late",0.619700888147663,"LateFetal"
"AAGCGAATCACACAGT-2","female","IN-fetal",0.0439229773298814,"LateFetal"
"AAGCGAATCCCGTTGT-2","female","EN-fetal-late",0.384368253931988,"LateFetal"
"AAGCGAATCCTCCCTC-2","female","EN-fetal-late",-0.233738534100958,"LateFetal"
"AAGCGAGGTGGTTATG-2","female","EN-fetal-late",0.489833971706755,"LateFetal"
"AAGCGCTGTGATGATT-2","female","IN-fetal",0.979412546542104,"LateFetal"
"AAGCGCTGTGGTTATG-2","female","EN-fetal-late",-0.622051722586613,"LateFetal"
"AAGCGCTGTTCGCTCA-2","female","EN-fetal-late",-0.60203661598617,"LateFetal"
"AAGCGCTGTTGTTCAC-2","female","EN-fetal-late",0.976184180414501,"LateFetal"
"AAGCGGGTCTCACAAA-2","female","EN-fetal-late",-0.304070376203098,"LateFetal"
"AAGCGTTTCCTAATAG-2","female","EN-fetal-late",-0.634348796971276,"LateFetal"
"AAGCGTTTCGATTATG-2","female","EN-fetal-late",0.276561653887813,"LateFetal"
"AAGCTAGAGACAGGTA-2","female","EN-fetal-late",0.537481140428854,"LateFetal"
"AAGCTAGAGCTTTGTT-2","female","EN-fetal-late",0.103092664771122,"LateFetal"
"AAGCTAGAGTTATGTG-2","female","EN-fetal-late",-1.42785975537363,"LateFetal"
"AAGCTATGTGTCCAAA-2","female","EN-fetal-late",-0.141867759964355,"LateFetal"
"AAGCTTGGTAAGCTTG-2","female","EN-fetal-late",-0.227144550517065,"LateFetal"
"AAGCTTGGTCACAAAT-2","female","EN-fetal-late",0.978945141742185,"LateFetal"
"AAGGAAGCACGTGCTG-2","female","EN-fetal-late",0.112741718736983,"LateFetal"
"AAGGATCCAAGGATTA-2","female","EN-fetal-late",-0.340430846125821,"LateFetal"
"AAGGATCCAATTGCGC-2","female","IN-fetal",0.288486842415339,"LateFetal"
"AAGGATCCACAGAAAC-2","female","IN-fetal",0.0638371540038702,"LateFetal"
"AAGGATCCAGAGAGCC-2","female","EN-fetal-late",-0.0362586531153316,"LateFetal"
"AAGGATCCAGGTTACC-2","female","EN-fetal-late",0.115133127121119,"LateFetal"
"AAGGATCCAGTGAACG-2","female","EN-fetal-late",-0.27972667723817,"LateFetal"
"AAGGATGTCGCTAGCA-2","female","IN-fetal",-0.804491861100863,"LateFetal"
"AAGGATTAGGACGTAA-2","female","EN-fetal-late",-0.874668815596941,"LateFetal"
"AAGGCCCTCAAGCTTA-2","female","EN-fetal-late",-0.257310024760782,"LateFetal"
"AAGGCCCTCCCGTTAC-2","female","EN-fetal-late",-0.8079047584378,"LateFetal"
"AAGGCCCTCTAACTGA-2","female","EN-fetal-late",0.501937767842271,"LateFetal"
"AAGGCCCTCTTTGAGA-2","female","EN-fetal-late",-0.286092801577411,"LateFetal"
"AAGGTGCAGGAGTCTT-2","female","EN-fetal-late",-0.402714236655967,"LateFetal"
"AAGTAGCCAAACGCGA-2","female","EN-fetal-late",0.983905359803726,"LateFetal"
"AAGTAGCCAGAAACGT-2","female","EN-fetal-late",-0.715433442686885,"LateFetal"
"AAGTAGCCAGCACGAA-2","female","EN-fetal-late",1.10868487140123,"LateFetal"
"AAGTAGCCATCCCGCT-2","female","IN-fetal",0.490004461387218,"LateFetal"
"AAGTCTATCAGTATTG-2","female","EN-fetal-late",-1.04293544284182,"LateFetal"
"AAGTCTATCTTGCTAT-2","female","EN-fetal-late",0.0515005137727853,"LateFetal"
"AAGTGAAGTTAACACG-2","female","EN-fetal-late",-0.375537983199359,"LateFetal"
"AAGTGCAAGCACAGGG-2","female","IN-CGE",0.0344433110928589,"LateFetal"
"AAGTGCAAGCGCCTAA-2","female","EN-fetal-late",-0.844817200651186,"LateFetal"
"AAGTTAGCAAAGCGCA-2","female","EN-fetal-late",-0.677644035377952,"LateFetal"
"AAGTTAGCAAGGACCA-2","female","EN-fetal-late",0.718007555319707,"LateFetal"
"AAGTTAGCAGCAGGTA-2","female","IN-fetal",0.481440268399265,"LateFetal"
"AAGTTTGTCAAACCTA-2","female","EN-fetal-late",0.632613420084644,"LateFetal"
"AAGTTTGTCGTTAGTA-2","female","EN-fetal-late",0.520724517252606,"LateFetal"
"AAGTTTGTCTACCTCA-2","female","EN-fetal-late",-0.467016124972118,"LateFetal"
"AAGTTTGTCTCAATTC-2","female","IN-fetal",0.170666346564381,"LateFetal"
"AATAACCGTCACAGCG-2","female","EN-fetal-late",0.0751765890400591,"LateFetal"
"AATAACCGTCCTTTAA-2","female","EN-fetal-late",-0.210972999983434,"LateFetal"
"AATAACCGTGAGAAAC-2","female","EN-fetal-late",0.511250269052689,"LateFetal"
"AATACCGGTGCTTTAC-2","female","EN-fetal-late",0.0944934825152285,"LateFetal"
"AATACCGGTTAAATGC-2","female","EN-fetal-late",-0.039941769975241,"LateFetal"
"AATACCGGTTGAGCCG-2","female","EN-fetal-late",-0.191667463486766,"LateFetal"
"AATAGAGGTAAAGCGG-2","female","Microglia",0.600223238913318,"LateFetal"
"AATAGAGGTACCTTAC-2","female","IN-fetal",0.145695744319424,"LateFetal"
"AATAGAGGTCAAAGAA-2","female","EN-fetal-late",0.276661718479499,"LateFetal"
"AATAGAGGTCAGTAAT-2","female","EN-fetal-late",-0.727541071930295,"LateFetal"
"AATAGAGGTCCGTAGG-2","female","EN-fetal-late",0.440364415240276,"LateFetal"
"AATAGAGGTGAAACAA-2","female","EN-fetal-late",-1.54036995989437,"LateFetal"
"AATAGAGGTTAGACCA-2","female","IN-fetal",0.804989758678459,"LateFetal"
"AATAGCTGTTTAACGG-2","female","EN-fetal-late",0.0686031639783724,"LateFetal"
"AATATCCCAACCCTCC-2","female","EN-fetal-late",0.273679180765521,"LateFetal"
"AATATCCCAATCCCTT-2","female","EN-fetal-late",-0.785684412481956,"LateFetal"
"AATATCCCAGTTTCTC-2","female","EN-fetal-late",-0.620278633020299,"LateFetal"
"AATATCCCATTTAAGC-2","female","EN-fetal-late",0.0786628205932425,"LateFetal"
"AATCAGGAGAGGATAT-2","female","IN-fetal",-0.464942200487003,"LateFetal"
"AATCAGGAGCGTGCAC-2","female","IN-fetal",-0.343951421650935,"LateFetal"
"AATCAGGAGGAGGGTT-2","female","EN-fetal-late",0.574299425408768,"LateFetal"
"AATCAGGAGGTTTGAC-2","female","IN-fetal",0.571657655537983,"LateFetal"
"AATCATCCAAACATAG-2","female","EN-fetal-late",1.00978726535733,"LateFetal"
"AATCATCCACAAACTT-2","female","IN-fetal",0.19564059375783,"LateFetal"
"AATCATCCACTATGGC-2","female","EN-fetal-late",-0.140514116526676,"LateFetal"
"AATCATCCAGAGAGCC-2","female","EN-fetal-late",0.614895464742368,"LateFetal"
"AATCATCCAGGACACA-2","female","EN-fetal-late",-0.0917832442049542,"LateFetal"
"AATCATGTCAGCATTA-2","female","EN-fetal-late",-0.925394979910091,"LateFetal"
"AATCCATCAATGCCTA-2","female","EN-fetal-late",-0.356658117568607,"LateFetal"
"AATCCCTGTACCGGAT-2","female","EN-fetal-late",0.225332488019494,"LateFetal"
"AATCCCTGTAGGATTT-2","female","EN-fetal-late",-0.172772116069116,"LateFetal"
"AATCCCTGTTACTTCA-2","female","EN-fetal-late",-0.930666654914281,"LateFetal"
"AATCCCTGTTCACCCA-2","female","EN-fetal-late",-0.108171368760694,"LateFetal"
"AATCCGTAGCATTTCT-2","female","EN-fetal-late",0.918475559490318,"LateFetal"
"AATCCGTAGGTAAGGC-2","female","IN-fetal",-0.264623231946885,"LateFetal"
"AATCCTAAGACCATAC-2","female","OPC",-0.0802071657780594,"LateFetal"
"AATCCTAAGCTCAATA-2","female","EN-fetal-late",-1.09854825044971,"LateFetal"
"AATCTCAAGCAAGATG-2","female","EN-fetal-late",-0.177925747538252,"LateFetal"
"AATCTCAAGGACCTCA-2","female","EN-fetal-late",0.334124079360417,"LateFetal"
"AATCTCAAGTTAGGCT-2","female","EN-fetal-late",-1.21404142801367,"LateFetal"
"AATCTTGAGTAAGTCC-2","female","EN-fetal-late",-1.17922934028086,"LateFetal"
"AATGAAGGTCATCAAG-2","female","EN-fetal-late",-0.0178934143968537,"LateFetal"
"AATGAAGGTGCTCCGT-2","female","EN-fetal-late",0.45445626332045,"LateFetal"
"AATGCAACAATTATGC-2","female","EN-fetal-late",-0.0307195910617424,"LateFetal"
"AATGCAACACTGGCTG-2","female","EN-fetal-late",-0.795778900745268,"LateFetal"
"AATGCAACATAATGAG-2","female","IN-fetal",-1.13137708709418,"LateFetal"
"AATGCATGTACAATGT-2","female","EN-fetal-late",0.581424573304802,"LateFetal"
"AATGCATGTCACAGAC-2","female","EN-fetal-late",-0.317934352385078,"LateFetal"
"AATGCATGTTAGCTGA-2","female","EN-fetal-late",-0.716291322006477,"LateFetal"
"AATGCATGTTGTGACA-2","female","EN-fetal-late",-0.0317230429758861,"LateFetal"
"AATGCGCGTAATTAGC-2","female","EN-fetal-late",0.67274696496277,"LateFetal"
"AATGCGCGTGCATTTC-2","female","EN-fetal-late",0.219464119367857,"LateFetal"
"AATGCGCGTTAGTACG-2","female","EN-fetal-late",0.21213340694184,"LateFetal"
"AATGCGCGTTGGTTCT-2","female","EN-fetal-late",0.267083681174446,"LateFetal"
"AATGGCGCACCCTCAC-2","female","IN-fetal",0.288749766646265,"LateFetal"
"AATGTCATCATGCTAA-2","female","EN-fetal-late",0.69707686616524,"LateFetal"
"AATGTCATCCCGCATT-2","female","EN-fetal-late",-0.500404964145615,"LateFetal"
"AATGTCATCCGGTATG-2","female","EN-fetal-late",-0.211276880843399,"LateFetal"
"AATGTCATCGATTTAG-2","female","EN-fetal-late",-0.911805448760125,"LateFetal"
"AATGTCCAGGGTCCAC-2","female","EN-fetal-late",-1.12043865169925,"LateFetal"
"AATGTCCAGGTCCTGA-2","female","EN-fetal-late",0.188600937225111,"LateFetal"
"AATGTCCAGTCAATCA-2","female","EN-fetal-late",-0.0681438121372812,"LateFetal"
"AATTACCCACTTAGGC-2","female","EN-fetal-late",-0.532672985120652,"LateFetal"
"AATTACCCACTTCACT-2","female","IN-fetal",0.795087290155252,"LateFetal"
"AATTAGCGTTCACTGT-2","female","EN-fetal-late",0.6339848480358,"LateFetal"
"AATTAGGCAATAATGG-2","female","EN-fetal-late",-1.00838413128581,"LateFetal"
"AATTAGGCAATCGCAC-2","female","IN-fetal",0.0273172917989548,"LateFetal"
"AATTAGGCACAGGGAC-2","female","EN-fetal-late",-0.302029340663568,"LateFetal"
"AATTAGGCACATAGCC-2","female","EN-fetal-late",-0.841278490077109,"LateFetal"
"AATTAGGCACGTGCTG-2","female","EN-fetal-late",-0.0423515561632417,"LateFetal"
"AATTAGGCACTGGCTG-2","female","EN-fetal-late",0.2335258761165,"LateFetal"
"AATTAGGCAGCACGAA-2","female","EN-fetal-late",0.426493949124319,"LateFetal"
"AATTAGGCATAATTGC-2","female","EN-fetal-late",-0.618789774919451,"LateFetal"
"AATTAGGCATTGTCAG-2","female","EN-fetal-late",-0.0251112679365239,"LateFetal"
"AATTCGTCATTCAGCA-2","female","EN-fetal-late",-0.0373592146199659,"LateFetal"
"AATTGACGTACGCGCA-2","female","EN-fetal-late",-0.75772345196317,"LateFetal"
"AATTGACGTTACATCC-2","female","EN-fetal-late",0.578902958219777,"LateFetal"
"AATTGACGTTGGTTAG-2","female","EN-fetal-late",-0.685768396066895,"LateFetal"
"AATTGCTCAAGACTCC-2","female","EN-fetal-late",-0.801099924000353,"LateFetal"
"AATTGGACACAATGTT-2","female","EN-fetal-late",0.884427915135091,"LateFetal"
"AATTGGACAGCTACGT-2","female","EN-fetal-late",-0.258900002824316,"LateFetal"
"AATTGGACATGTGGGA-2","female","EN-fetal-late",-0.0877112027997743,"LateFetal"
"AATTGGGAGAGGAGTC-2","female","EN-fetal-late",1.18754072548544,"LateFetal"
"AATTGGGAGTAGAGGC-2","female","EN-fetal-late",-0.248173350500646,"LateFetal"
"AATTGGGAGTTTGGGT-2","female","EN-fetal-late",-0.559258418426905,"LateFetal"
"AATTGTGTCTCACTCA-2","female","EN-fetal-late",0.254882668269868,"LateFetal"
"AATTTCCTCATGGTTA-2","female","IN-fetal",1.11827105003127,"LateFetal"
"AATTTGCCAACAGGAT-2","female","EN-fetal-late",0.181068098427382,"LateFetal"
"AATTTGCCAATAACGA-2","female","EN-fetal-late",-0.0689901777397613,"LateFetal"
"AATTTGCCAGCGCTTG-2","female","EN-fetal-late",-0.607675779232774,"LateFetal"
"AATTTGCCAGCTTAGC-2","female","EN-fetal-late",-0.0234470038874921,"LateFetal"
"AATTTGGTCCCGTTAC-2","female","EN-fetal-late",-0.0510426694154941,"LateFetal"
"AATTTGGTCCTCAGCT-2","female","EN-fetal-late",0.272665838671578,"LateFetal"
"AATTTGGTCGGGATTT-2","female","EN-fetal-late",0.516493288066725,"LateFetal"
"ACAAACTGTACTTCAC-2","female","EN-fetal-late",-0.443102748545844,"LateFetal"
"ACAAACTGTAGTAAGA-2","female","EN-fetal-late",-0.0720946039214402,"LateFetal"
"ACAAACTGTCACGAAC-2","female","EN-fetal-late",0.350349131127447,"LateFetal"
"ACAAAGGTCAATAGCC-2","female","IN-fetal",0.442238228052605,"LateFetal"
"ACAAAGGTCACGTTAA-2","female","IN-fetal",0.506875005751701,"LateFetal"
"ACAAAGGTCCAGGTTG-2","female","EN-fetal-late",-0.828377389328623,"LateFetal"
"ACAAAGGTCGAGGAGT-2","female","EN-fetal-late",0.586603424804144,"LateFetal"
"ACAACAACAATAATGG-2","female","EN-fetal-late",-0.52139451835542,"LateFetal"
"ACAACAACATAAGTTC-2","female","EN-fetal-late",0.411255281502967,"LateFetal"
"ACAACACTCATGGTTA-2","female","EN-fetal-late",0.57067499717693,"LateFetal"
"ACAACACTCTGTTCAT-2","female","EN-fetal-late",0.195780755734108,"LateFetal"
"ACAACAGAGCACGTTG-2","female","EN-fetal-late",0.395943669567799,"LateFetal"
"ACAACATGTGTTGTAG-2","female","EN-fetal-late",0.226100339186634,"LateFetal"
"ACACAATGTACTTAGG-2","female","EN-fetal-late",-0.0372880663817792,"LateFetal"
"ACACAATGTCATCATC-2","female","EN-fetal-late",0.672123742969659,"LateFetal"
"ACACAATGTCGACTAA-2","female","IN-fetal",1.38431731435819,"LateFetal"
"ACACCTTGTTAGAGCC-2","female","EN-fetal-late",-0.517445215483232,"LateFetal"
"ACACCTTGTTTAAAGC-2","female","IN-fetal",0.132730845897423,"LateFetal"
"ACACGGACAAGGTAAC-2","female","EN-fetal-late",-1.10718291833596,"LateFetal"
"ACACGGACACAGAAAC-2","female","EN-fetal-late",-0.308689552636686,"LateFetal"
"ACACGGACACTCGCTC-2","female","EN-fetal-late",-0.223541341108441,"LateFetal"
"ACACGGACAGCAACCT-2","female","EN-fetal-late",-0.0851660881831856,"LateFetal"
"ACACGGACAGCTAATT-2","female","EN-fetal-late",-0.415491465336908,"LateFetal"
"ACACTAATCACATTGA-2","female","RG",0.570828358577877,"LateFetal"
"ACACTAATCCCTCAAC-2","female","EN-fetal-late",0.881777074391043,"LateFetal"
"ACACTAATCCCTCACG-2","female","IN-fetal",1.0661268221096,"LateFetal"
"ACACTAATCCTGAATA-2","female","EN-fetal-late",0.230492278366631,"LateFetal"
"ACACTAATCGATTTAG-2","female","EN-fetal-late",-0.639527868624267,"LateFetal"
"ACACTAGGTTATCCGT-2","female","EN-fetal-late",0.0462157908561147,"LateFetal"
"ACACTAGGTTGAGGTC-2","female","IN-fetal",-1.14861360533285,"LateFetal"
"ACACTAGGTTGGCGTG-2","female","EN-fetal-late",0.952589979688588,"LateFetal"
"ACACTTAAGAAGCTAG-2","female","IN-fetal",-1.00569145120554,"LateFetal"
"ACACTTAAGCATTTCT-2","female","IN-fetal",-1.2789161321335,"LateFetal"
"ACACTTAAGTTAGTTG-2","female","EN-fetal-late",-1.0776758710016,"LateFetal"
"ACACTTGCAACTAGAA-2","female","IN-fetal",0.757216843950942,"LateFetal"
"ACACTTGCACTGGCCA-2","female","EN",-0.0171071937020148,"LateFetal"
"ACACTTGCAGCAGGTA-2","female","EN-fetal-late",-0.290233202752838,"LateFetal"
"ACAGCCGGTGTTAAAC-2","female","EN-fetal-late",-1.21121899544555,"LateFetal"
"ACAGCCGGTTTAACGG-2","female","EN-fetal-late",-0.151600133182956,"LateFetal"
"ACAGCGCTCATTATGG-2","female","EN-fetal-late",0.356919706071075,"LateFetal"
"ACAGGAATCGCTAGCA-2","female","EN-fetal-late",0.416493120491707,"LateFetal"
"ACAGGAATCTAACCTT-2","female","IN-fetal",0.388405047964913,"LateFetal"
"ACAGGAATCTATTGTC-2","female","EN-fetal-late",-0.446128933147674,"LateFetal"
"ACAGGATCAATATAGG-2","female","EN-fetal-late",0.019025849371778,"LateFetal"
"ACAGGATCACTAAGTT-2","female","EN-fetal-late",-0.00922657657465094,"LateFetal"
"ACAGGATCAGGACCTT-2","female","IN-fetal",0.856112623427186,"LateFetal"
"ACAGGATCATAGCAGG-2","female","EN-fetal-late",0.72889276839057,"LateFetal"
"ACAGGCTGTTAGCGTA-2","female","EN-fetal-late",-0.997588124696126,"LateFetal"
"ACAGGTAAGCCTGATG-2","female","IN-fetal",0.589206810384481,"LateFetal"
"ACAGTATGTACAATGT-2","female","IN-fetal",0.496978725976596,"LateFetal"
"ACAGTATGTCATGCAA-2","female","EN-fetal-late",0.230072582234385,"LateFetal"
"ACATAGCTCCGCAACA-2","female","EN-fetal-late",-0.495445725256444,"LateFetal"
"ACATAGCTCCTAGTCC-2","female","EN-fetal-late",-0.228449179999089,"LateFetal"
"ACATCATCACTGGCTG-2","female","EN-fetal-late",-1.03552326752118,"LateFetal"
"ACATCATCAGTATGTT-2","female","EN-fetal-late",-0.377734499033675,"LateFetal"
"ACATCATCATGAGCAG-2","female","EN-fetal-late",-0.0379052239803817,"LateFetal"
"ACATTAGTCAAACCGT-2","female","IN-fetal",0.564069909592701,"LateFetal"
"ACATTAGTCCCTGTTA-2","female","IN-fetal",-0.747528364528299,"LateFetal"
"ACATTGCAGAGCCGCT-2","female","EN-fetal-late",0.374643207433757,"LateFetal"
"ACATTGCAGGAAACTG-2","female","EN-fetal-late",-0.186396826804685,"LateFetal"
"ACCAAACTCAAACACC-2","female","EN-fetal-late",-0.544247829014095,"LateFetal"
"ACCAAACTCATGCGTG-2","female","EN-fetal-late",-0.464477218019673,"LateFetal"
"ACCAAACTCATGGCTG-2","female","IN-fetal",0.450765766543896,"LateFetal"
"ACCAAACTCGCAACAT-2","female","EN-fetal-late",0.450378049999723,"LateFetal"
"ACCAAGCGTGCATCGG-2","female","EN-fetal-late",-0.290247007939695,"LateFetal"
"ACCAAGTTCAAGTGTC-2","female","IN-fetal",-0.831941418741243,"LateFetal"
"ACCAAGTTCACCTGTC-2","female","EN-fetal-late",0.0890947212355304,"LateFetal"
"ACCAATATCATTGCGG-2","female","EN-fetal-late",-0.595526175358509,"LateFetal"
"ACCAATATCCTAGTAA-2","female","IN-fetal",-0.0797425323604421,"LateFetal"
"ACCACACCAACCGCCA-2","female","EN-fetal-late",-0.109623363491828,"LateFetal"
"ACCACACCACCCTCAC-2","female","EN-fetal-late",0.330614535758496,"LateFetal"
"ACCACACCATGGTTAT-2","female","EN-fetal-late",-0.00931944647750187,"LateFetal"
"ACCACATAGCGCATTG-2","female","EN-fetal-late",-0.0486342424091725,"LateFetal"
"ACCACATAGTCATTAG-2","female","OPC",0.810947877778487,"LateFetal"
"ACCAGCTCAGCATGAG-2","female","EN-fetal-late",-0.0791062869080941,"LateFetal"
"ACCAGCTCATCTAGCA-2","female","EN-fetal-late",-1.38260184541076,"LateFetal"
"ACCAGCTCATGGTTAT-2","female","EN-fetal-late",-1.05568766906062,"LateFetal"
"ACCAGGACAAACCTTG-2","female","EN-fetal-late",-0.249961019998428,"LateFetal"
"ACCAGGACACTATGGC-2","female","EN-fetal-late",-0.498697526704821,"LateFetal"
"ACCAGGACACTCAACA-2","female","EN-fetal-late",-0.602118955196542,"LateFetal"
"ACCAGGCTCAGGATGA-2","female","EN-fetal-late",-0.7967107657288,"LateFetal"
"ACCAGGCTCATAAGCC-2","female","EN-fetal-late",-1.02447737041944,"LateFetal"
"ACCAGGCTCATGCAAC-2","female","EN-fetal-late",-0.12321596266149,"LateFetal"
"ACCAGGGAGCACGATT-2","female","EN-fetal-late",-0.887240500365672,"LateFetal"
"ACCAGGGAGGCTGTGC-2","female","EN-fetal-late",0.110964417939524,"LateFetal"
"ACCAGGGAGTTGTCCC-2","female","EN-fetal-late",-0.0876743472748861,"LateFetal"
"ACCATAATCACTCGCT-2","female","IN-fetal",-0.426577697120713,"LateFetal"
"ACCATAATCCGCCTCA-2","female","EN-fetal-late",-0.255838079188366,"LateFetal"
"ACCATAATCCTTTACG-2","female","EN-fetal-late",-0.760770995715937,"LateFetal"
"ACCATTAAGACACTTA-2","female","EN-fetal-late",-0.226278644722926,"LateFetal"
"ACCATTAAGGACCTGC-2","female","EN-fetal-late",-0.0436939941581345,"LateFetal"
"ACCATTAAGGAGGACT-2","female","IN-fetal",1.29087071784828,"LateFetal"
"ACCATTAAGGATAAAC-2","female","EN-fetal-late",-0.355504700096715,"LateFetal"
"ACCATTAAGTAACAGG-2","female","EN-fetal-late",-0.776814957561885,"LateFetal"
"ACCATTAAGTTGGCCA-2","female","EN-fetal-late",0.294744292629541,"LateFetal"
"ACCCAACCAAGGTATA-2","female","EN-fetal-late",-0.774596534440178,"LateFetal"
"ACCCAACCACAGAACG-2","female","EN-fetal-late",-0.344824021371634,"LateFetal"
"ACCCAGGGTTAGCATG-2","female","EN-fetal-late",0.878832561845744,"LateFetal"
"ACCCGCTGTCAGGCAT-2","female","EN-fetal-late",1.19649099747135,"LateFetal"
"ACCCGGTAGCAATAGG-2","female","EN-fetal-late",-0.0500238544680647,"LateFetal"
"ACCCGGTAGCATTATG-2","female","RG",0.668753020306122,"LateFetal"
"ACCCGGTAGTCCTGAG-2","female","EN-fetal-late",0.225135570313826,"LateFetal"
"ACCCGTAAGCTTACTT-2","female","EN-fetal-late",0.305669422740099,"LateFetal"
"ACCCGTAAGGGACCTC-2","female","EN-fetal-late",-0.989671348319198,"LateFetal"
"ACCCGTAAGGTCCTGA-2","female","IN-fetal",-0.803886048691312,"LateFetal"
"ACCCTCCCACCTGGTG-2","female","EN-fetal-late",0.246934532592168,"LateFetal"
"ACCCTCCCACTAGGTC-2","female","EN-fetal-late",-1.0200616403614,"LateFetal"
"ACCCTGTTCAAATCGC-2","female","EN-fetal-late",-0.636202955938712,"LateFetal"
"ACCCTGTTCAATAGCC-2","female","EN-fetal-late",-1.33383515048969,"LateFetal"
"ACCCTGTTCTAAGTCA-2","female","EN-fetal-late",-0.20656041713454,"LateFetal"
"ACCCTGTTCTCAATGA-2","female","EN-fetal-late",-0.617375111784362,"LateFetal"
"ACCGAAGCAAACTAAG-2","female","EN-fetal-late",0.246685205497198,"LateFetal"
"ACCGAAGCACAACAGG-2","female","EN-fetal-late",-0.404992609482272,"LateFetal"
"ACCGAAGCACACAATT-2","female","EN-fetal-late",-0.0780076475996481,"LateFetal"
"ACCGAAGCATTGCAGC-2","female","EN-fetal-late",-0.0636049864223243,"LateFetal"
"ACCGCAATCGATAACC-2","female","EN-fetal-late",0.26676264247589,"LateFetal"
"ACCGGTTCACAAAGAC-2","female","RG",0.46820146891536,"LateFetal"
"ACCGGTTCATGTGGGA-2","female","EN-fetal-late",0.110947095705995,"LateFetal"
"ACCTAAATCAATTACG-2","female","EN-fetal-late",-0.129994062877607,"LateFetal"
"ACCTAAATCCCTCAAC-2","female","IN-fetal",0.501443913058045,"LateFetal"
"ACCTAAATCCTTAAGA-2","female","EN-fetal-late",1.26769871346631,"LateFetal"
"ACCTAAATCTACCTGC-2","female","EN-fetal-late",-0.587931497798162,"LateFetal"
"ACCTAAATCTAGCGAT-2","female","EN-fetal-late",0.179995541671414,"LateFetal"
"ACCTAAATCTCCTCTT-2","female","EN-fetal-late",-0.0276312381553206,"LateFetal"
"ACCTAAGGTCAGGCCA-2","female","EN-fetal-late",-0.577371625885175,"LateFetal"
"ACCTAAGGTTACTAGG-2","female","EN-fetal-late",-0.337675123640442,"LateFetal"
"ACCTACCTCCTCAGCT-2","female","IN-fetal",-0.116366351539697,"LateFetal"
"ACCTACCTCGATTCTT-2","female","EN-fetal-late",-0.329078784161076,"LateFetal"
"ACCTACCTCTAGCGAT-2","female","EN-fetal-late",0.605735346493774,"LateFetal"
"ACCTACCTCTTGAGGT-2","female","IN-fetal",-1.06378741967306,"LateFetal"
"ACCTACCTCTTTAGGA-2","female","EN-fetal-late",-0.434187240076338,"LateFetal"
"ACCTCACTCTCCATAT-2","female","EN-fetal-late",-1.18595198471891,"LateFetal"
"ACCTGGATCACGCGGT-2","female","EN-fetal-late",-0.193672567917832,"LateFetal"
"ACCTGGATCCCGTTAC-2","female","EN-fetal-late",-0.841852136083377,"LateFetal"
"ACCTGGATCCTGATTT-2","female","RG",0.119598539167853,"LateFetal"
"ACCTGGATCGACCTGA-2","female","EN-fetal-late",-0.166520361910112,"LateFetal"
"ACCTGGATCGATTTAG-2","female","EN-fetal-late",0.463080235032538,"LateFetal"
"ACCTGGATCTCCTCTT-2","female","RG",0.287360747097042,"LateFetal"
"ACCTGGTCACTTACAG-2","female","EN-fetal-late",0.127136025005987,"LateFetal"
"ACCTGTTGTACAATGT-2","female","EN-fetal-late",-0.676390021976715,"LateFetal"
"ACCTTCCAGCTAAAGG-2","female","EN-fetal-late",-0.190352874855424,"LateFetal"
"ACCTTCCAGGAAGTAT-2","female","EN-fetal-late",0.0307044807778936,"LateFetal"
"ACCTTGCTCAGGTCCA-2","female","EN-fetal-late",0.403617061603663,"LateFetal"
"ACCTTGCTCATCCTAT-2","female","EN-fetal-late",0.0906894216281645,"LateFetal"
"ACCTTGCTCTCCTCAA-2","female","EN-fetal-late",-1.38721278794966,"LateFetal"
"ACCTTGCTCTTAGTGA-2","female","EN-fetal-late",-0.218041819230193,"LateFetal"
"ACCTTGTGTCCGCTGT-2","female","EN-fetal-late",-0.469304596328082,"LateFetal"
"ACCTTGTGTTTAACGG-2","female","EN-fetal-late",0.240722809035322,"LateFetal"
"ACGAACAAGCAGGTTT-2","female","IN-fetal",0.171417084523241,"LateFetal"
"ACGAAGTCAAGTGTTT-2","female","EN-fetal-late",0.460463547555343,"LateFetal"
"ACGAAGTCACATAACT-2","female","EN-fetal-late",0.27507845168947,"LateFetal"
"ACGAAGTCAGGCTGTT-2","female","EN-fetal-late",-1.18910082883131,"LateFetal"
"ACGAAGTCAGGTTATT-2","female","EN-fetal-late",-0.244533541726084,"LateFetal"
"ACGAAGTCAGTACCGT-2","female","EN-fetal-late",-0.169909253469467,"LateFetal"
"ACGAATCTCGCTCACT-2","female","EN-fetal-late",0.490060327353474,"LateFetal"
"ACGACAAAGACAACAG-2","female","EN-fetal-late",0.168018157152158,"LateFetal"
"ACGAGTAAGCCGCAGT-2","female","EN-fetal-late",-0.429929909682943,"LateFetal"
"ACGAGTAAGCTCCTTA-2","female","EN-fetal-late",-0.476827447443063,"LateFetal"
"ACGAGTAAGGGTTAGA-2","female","EN-fetal-late",1.02496938413616,"LateFetal"
"ACGAGTAAGTGATTCA-2","female","IN-fetal",0.278478196509566,"LateFetal"
"ACGAGTAAGTTCCTCA-2","female","IN-fetal",-0.0533722081195184,"LateFetal"
"ACGATTCAGCTGTAAC-2","female","EN-fetal-late",-0.021554951308572,"LateFetal"
"ACGATTCAGGCGCACT-2","female","IN-fetal",0.278352592215029,"LateFetal"
"ACGATTCAGTATTGTG-2","female","EN-fetal-late",0.790616836991875,"LateFetal"
"ACGATTCAGTGAACGA-2","female","EN-fetal-late",-1.11429621844401,"LateFetal"
"ACGCAAGCAGAAATTG-2","female","EN-fetal-late",0.635899458837356,"LateFetal"
"ACGCACGGTTTCCACG-2","female","EN-fetal-late",0.0841137528956487,"LateFetal"
"ACGCCACAGACTCGCA-2","female","EN-fetal-late",-0.713136161194782,"LateFetal"
"ACGCCACAGGGTGGAT-2","female","EN-fetal-late",1.76991385789925,"LateFetal"
"ACGCCACAGGTTAGCT-2","female","EN-fetal-late",-0.494499768265765,"LateFetal"
"ACGCCTAAGATGGAGC-2","female","EN-fetal-late",0.56606470683363,"LateFetal"
"ACGCCTAAGGAGTAAT-2","female","EN-fetal-late",-0.876557542845623,"LateFetal"
"ACGCCTTTCACCAATA-2","female","EN-fetal-late",-0.0821216793061868,"LateFetal"
"ACGCCTTTCGCCTGTT-2","female","EN-fetal-late",-0.210015919378986,"LateFetal"
"ACGCCTTTCTCCATAT-2","female","EN-fetal-late",-1.18272795642444,"LateFetal"
"ACGCTTGAGCATTAGC-2","female","EN-fetal-late",-0.767540958156567,"LateFetal"
"ACGCTTGAGCTACTGG-2","female","EN-fetal-late",0.329957216513121,"LateFetal"
"ACGCTTGAGGACCTTG-2","female","RG",0.337211227558967,"LateFetal"
"ACGGGAAGTCATTGAG-2","female","EN-fetal-late",0.508910350229953,"LateFetal"
"ACGGTACGTAACCAGC-2","female","IN-fetal",-0.133302351840131,"LateFetal"
"ACGGTACGTCCTTCAG-2","female","EN-fetal-late",-0.299318731128609,"LateFetal"
"ACGGTACGTGATGATT-2","female","EN-fetal-late",0.129026525450117,"LateFetal"
"ACGGTACGTTATCCTA-2","female","EN-fetal-late",-0.325033929102987,"LateFetal"
"ACGGTACGTTGGTTAG-2","female","EN-fetal-late",-0.312882755794796,"LateFetal"
"ACGGTTAGTTGGTTGA-2","female","EN-fetal-late",0.6994998870871,"LateFetal"
"ACGGTTTAGCGAAGTA-2","female","EN-fetal-late",-0.515823126863699,"LateFetal"
"ACGTACCCATAGGCGA-2","female","EN-fetal-late",-0.786341015298999,"LateFetal"
"ACGTCAAGTGAAACAA-2","female","EN-fetal-late",0.132653850391637,"LateFetal"
"ACGTCCAAGAAGGTGC-2","female","EN-fetal-late",0.107777244766112,"LateFetal"
"ACGTCCTTCTTAGTGA-2","female","EN-fetal-late",0.79450524480413,"LateFetal"
"ACGTCCTTCTTTGAGA-2","female","EN-fetal-late",-0.681660528841083,"LateFetal"
"ACGTTACAGGCTCATG-2","female","EN-fetal-late",-0.762570658450322,"LateFetal"
"ACGTTGTAGCGAGTAA-2","female","EN-fetal-early",0.338024809932162,"LateFetal"
"ACGTTGTAGTGAACAG-2","female","EN-fetal-late",-0.46676831317311,"LateFetal"
"ACGTTGTAGTGACCTG-2","female","IN-fetal",0.469535870963621,"LateFetal"
"ACGTTGTAGTGAGGGT-2","female","EN-fetal-late",0.482756708846813,"LateFetal"
"ACGTTGTAGTTAGCTA-2","female","EN-fetal-late",-0.922677009747734,"LateFetal"
"ACTAAAGCAAATTGCT-2","female","EN-fetal-late",1.48828241398676,"LateFetal"
"ACTAAAGCACCTGTAA-2","female","EN-fetal-late",0.263934286639648,"LateFetal"
"ACTAAAGCATCCTAGA-2","female","EN-fetal-late",-0.544710556883769,"LateFetal"
"ACTAAAGCATGAGCAG-2","female","EN-fetal-late",0.151204792529186,"LateFetal"
"ACTAAAGCATTCAGCA-2","female","EN-fetal-late",-0.16751303222471,"LateFetal"
"ACTAACCAGATGCCTG-2","female","EN-fetal-late",0.28829589687854,"LateFetal"
"ACTAACCAGGCCATCA-2","female","EN-fetal-late",-0.208688796929543,"LateFetal"
"ACTAACCAGTTGGCCA-2","female","EN-fetal-late",-0.230919780969526,"LateFetal"
"ACTAACCAGTTTGAGC-2","female","EN-fetal-late",-0.252609393959851,"LateFetal"
"ACTAACGGTAACGGGA-2","female","EN-fetal-late",0.279578810658605,"LateFetal"
"ACTAACGGTAGGTTTG-2","female","EN-fetal-late",0.397217529264294,"LateFetal"
"ACTAACGGTTCGCTTG-2","female","IN-fetal",-0.806806930740177,"LateFetal"
"ACTAACTCAAGCTTTG-2","female","Microglia",0.0171413729548849,"LateFetal"
"ACTAACTCAATTGCGC-2","female","EN-fetal-late",-0.753943537280984,"LateFetal"
"ACTAACTCAGTAAAGC-2","female","EN-fetal-late",-0.592061790978627,"LateFetal"
"ACTAATCCAAGGTATA-2","female","EN-fetal-late",0.91219043022746,"LateFetal"
"ACTAGGCGTGGAGCAA-2","female","EN-fetal-late",-0.684771599228935,"LateFetal"
"ACTATCCGTTAATCGG-2","female","EN-fetal-late",-0.0251644825789778,"LateFetal"
"ACTATGTCAATTGAAG-2","female","EN-fetal-late",0.401897714941982,"LateFetal"
"ACTATGTCACAACAGG-2","female","EN-fetal-late",0.183774571883719,"LateFetal"
"ACTATGTCAGGCTTCG-2","female","EN-fetal-late",-0.786787341553216,"LateFetal"
"ACTATGTCATGAGCAG-2","female","IN-fetal",0.126778714056079,"LateFetal"
"ACTATGTCATGCTATG-2","female","EN-fetal-late",0.122061959047623,"LateFetal"
"ACTATGTCATGGCCTG-2","female","EN-fetal-late",-1.2137957908957,"LateFetal"
"ACTCACCTCACGCGGT-2","female","EN-fetal-late",0.414117837251357,"LateFetal"
"ACTCACTGTAAATTGC-2","female","EN-fetal-late",-0.799196302011085,"LateFetal"
"ACTCACTGTGATGAGG-2","female","EN-fetal-late",-0.999863113731121,"LateFetal"
"ACTCCTCAGCCTGACA-2","female","EN-fetal-late",-0.0892257357872423,"LateFetal"
"ACTCCTCAGGCAACAA-2","female","EN-fetal-late",0.282814639297022,"LateFetal"
"ACTCGCGCAAGGTATA-2","female","EN-fetal-late",-0.137812109097399,"LateFetal"
"ACTCGCGCACCCACCT-2","female","IN-fetal",-0.815556844254314,"LateFetal"
"ACTCGCTTCATTGACA-2","female","IN-fetal",0.798832044396186,"LateFetal"
"ACTCGCTTCTAAATCG-2","female","EN-fetal-late",-0.437165095427061,"LateFetal"
"ACTGAAACAAGTAAGC-2","female","IN-fetal",0.196914189128817,"LateFetal"
"ACTGAAACAGTAGGAT-2","female","EN-fetal-late",-0.194063369531806,"LateFetal"
"ACTGAATGTAATGGAA-2","female","EN-fetal-late",-0.328822677742352,"LateFetal"
"ACTGAATGTACGTTTC-2","female","IN-fetal",0.480584383865839,"LateFetal"
"ACTGAATGTTCCGGGA-2","female","EN-fetal-late",-0.679477182735747,"LateFetal"
"ACTGAATGTTCGCTTG-2","female","EN-fetal-late",-1.43815131156521,"LateFetal"
"ACTTACAAGTTAGAGG-2","female","EN-fetal-late",-0.718446808260891,"LateFetal"
"ACTTACTTCATCCTCA-2","female","IN-fetal",1.42343591060652,"LateFetal"
"ACTTACTTCGCTCCAT-2","female","EN-fetal-late",-1.36055466189252,"LateFetal"
"ACTTACTTCTTAGTGA-2","female","EN-fetal-late",-0.245351388482586,"LateFetal"
"ACTTAGGGTACAATGT-2","female","EN-fetal-late",0.153355096876663,"LateFetal"
"ACTTAGGGTATTGTGG-2","female","EN-fetal-late",0.61593488637407,"LateFetal"
"ACTTAGGGTGAGCAAG-2","female","EN-fetal-late",2.1724538131059,"LateFetal"
"ACTTAGGGTTGCAATG-2","female","EN-fetal-late",-0.36018216404036,"LateFetal"
"ACTTAGTCAACTAGGG-2","female","EN-fetal-late",0.234340659362851,"LateFetal"
"ACTTATCTCCTCAGTC-2","female","IN-fetal",0.180236574132817,"LateFetal"
"ACTTATGAGCACCACA-2","female","EN-fetal-late",-0.345830662530051,"LateFetal"
"ACTTCGCTCACCTGTC-2","female","EN-fetal-late",-0.129715714953827,"LateFetal"
"ACTTCGCTCAGCATTA-2","female","EN-fetal-late",0.274346314694864,"LateFetal"
"ACTTCGCTCATGCAAC-2","female","EN-fetal-late",1.90958494007378,"LateFetal"
"ACTTCGCTCGGCTATG-2","female","EN-fetal-late",-0.554868848959226,"LateFetal"
"ACTTCGCTCTTAGGGT-2","female","RG",-0.386993534510064,"LateFetal"
"ACTTGAATCAGGTCCA-2","female","IN-fetal",-0.345487014119129,"LateFetal"
"ACTTGCACATTAAAGG-2","female","EN-fetal-late",-0.950605153528245,"LateFetal"
"ACTTGTAAGGGATTAG-2","female","EN-fetal-late",-0.294847936495266,"LateFetal"
"ACTTGTCGTCGACTAA-2","female","EN-fetal-late",-0.622856778067279,"LateFetal"
"ACTTGTCGTGCTGTAA-2","female","EN-fetal-late",-0.634122326566568,"LateFetal"
"ACTTTGTTCCCATAAA-2","female","IN-fetal",1.55995670299951,"LateFetal"
"ACTTTGTTCTGCAACG-2","female","EN-fetal-late",0.711777005888814,"LateFetal"
"AGAAACTAGCATGGTT-2","female","EN-fetal-late",-1.00689794607603,"LateFetal"
"AGAAACTAGCTTTGTT-2","female","EN-fetal-late",-1.0777033090351,"LateFetal"
"AGAAACTAGGATTTGC-2","female","IN-fetal",0.522951094670515,"LateFetal"
"AGAACAAGTTTACGTC-2","female","EN-fetal-late",1.09190652706403,"LateFetal"
"AGAACCAAGATGGAGC-2","female","EN-fetal-late",-0.71993497374784,"LateFetal"
"AGAACCAAGCATTATG-2","female","EN-fetal-late",0.227783007180923,"LateFetal"
"AGAACCAAGCTTGCTC-2","female","EN-fetal-late",-0.312206884919764,"LateFetal"
"AGAACCAAGGCACAGG-2","female","EN-fetal-late",0.452877825696302,"LateFetal"
"AGAACCAAGGCTACTG-2","female","EN-fetal-late",-0.583958717028269,"LateFetal"
"AGAACCAAGGGTGAGT-2","female","EN-fetal-late",-0.10081035045867,"LateFetal"
"AGAACCGCACCTCGCT-2","female","EN-fetal-late",-0.225499249226864,"LateFetal"
"AGAACCGCACTCAACA-2","female","EN-fetal-late",0.729662565212519,"LateFetal"
"AGAACCGCAGGATTAA-2","female","IN-fetal",0.141013868850047,"LateFetal"
"AGAAGGTGTCATGAGC-2","female","EN-fetal-late",-0.123931658234565,"LateFetal"
"AGAAGGTGTCGCGCAA-2","female","IN-fetal",-0.914199906497426,"LateFetal"
"AGAAGGTGTGCTAGCG-2","female","EN-fetal-late",0.337486488415901,"LateFetal"
"AGAATCGAGCTCCTAC-2","female","EN-fetal-late",-0.0237732807973582,"LateFetal"
"AGAATCGAGGCACAGG-2","female","EN-fetal-late",0.0589343567665949,"LateFetal"
"AGAATCGAGGTCCTAG-2","female","EN-fetal-late",-1.31344284423673,"LateFetal"
"AGAATCGAGTTGGCCA-2","female","EN-fetal-late",-0.00192955999768838,"LateFetal"
"AGAATCTGTCAAAGGG-2","female","EN-fetal-late",0.139162803330819,"LateFetal"
"AGAATCTGTTAGTGAT-2","female","EN-fetal-late",-1.59569796312253,"LateFetal"
"AGAATCTGTTGCACGG-2","female","EN-fetal-late",0.258349014199448,"LateFetal"
"AGACAATAGCGAAGTA-2","female","EN-fetal-late",-0.229202750450436,"LateFetal"
"AGACAATAGCTCCTTA-2","female","EN-fetal-late",-0.861923920375511,"LateFetal"
"AGACAATAGCTTCTCA-2","female","EN-fetal-late",0.377290161799019,"LateFetal"
"AGACAATAGGAGTCGG-2","female","EN-fetal-late",0.20279236718032,"LateFetal"
"AGACAATAGTGATTCA-2","female","EN-fetal-late",0.440732862129038,"LateFetal"
"AGACAATAGTTATCCT-2","female","IN-fetal",-0.0685425352844228,"LateFetal"
"AGACAATAGTTGTCCC-2","female","EN-fetal-late",0.271506142146826,"LateFetal"
"AGACACGCACCATATG-2","female","EN-fetal-late",-1.60088777281506,"LateFetal"
"AGACACGCACGTGCTG-2","female","EN-fetal-late",-0.856760228846703,"LateFetal"
"AGACACGCATAAGGAC-2","female","IN-fetal",-0.308678406520144,"LateFetal"
"AGACCCGGTACTTAGG-2","female","EN-fetal-late",0.391868462517075,"LateFetal"
"AGACCCGGTCAATGTG-2","female","EN-fetal-late",-0.682196852062153,"LateFetal"
"AGACCCGGTTAACAGT-2","female","EN-fetal-late",-1.17049644400591,"LateFetal"
"AGACTATGTTACTTCA-2","female","EN-fetal-late",-0.510522383213841,"LateFetal"
"AGAGAAGCAGATAGAC-2","female","EN-fetal-late",-1.48750704637715,"LateFetal"
"AGAGAAGCATTGTCAG-2","female","EN-fetal-late",-0.68259423551623,"LateFetal"
"AGAGAGGAGATAAAGC-2","female","EN-fetal-late",-0.930046803833393,"LateFetal"
"AGAGAGGAGCTAAGTC-2","female","EN-fetal-late",0.238762962657272,"LateFetal"
"AGAGAGGAGGATGATG-2","female","EN-fetal-late",0.577038593996188,"LateFetal"
"AGAGATTAGAAGGTGC-2","female","EN-fetal-late",0.155891270615471,"LateFetal"
"AGAGATTAGTAGCCAT-2","female","EN-fetal-late",0.366942040075722,"LateFetal"
"AGAGGAACAAGGTATA-2","female","EN-fetal-late",-0.318164401913575,"LateFetal"
"AGAGGAACACTTCATC-2","female","EN-fetal-late",-0.434137449548176,"LateFetal"
"AGAGGATGTCTAACAG-2","female","EN-fetal-late",-0.182548874775993,"LateFetal"
"AGAGGATGTTAATCGG-2","female","EN-fetal-late",-0.00957514363223295,"LateFetal"
"AGAGGATGTTATCGAG-2","female","EN-fetal-late",-0.37637943623372,"LateFetal"
"AGATGAAGTGAGACTC-2","female","EN-fetal-late",0.777087461310631,"LateFetal"
"AGATGAAGTTTACTTG-2","female","EN-fetal-late",-0.37235150275392,"LateFetal"
"AGATGCTTCACTAGGT-2","female","IN-fetal",-0.482853923850247,"LateFetal"
"AGATGCTTCGAGCAAA-2","female","EN-fetal-late",-0.202244249234188,"LateFetal"
"AGCAAATAGACACTTA-2","female","EN-fetal-late",0.523092223362906,"LateFetal"
"AGCAAATAGAGCCGCT-2","female","EN-fetal-late",-0.383786961826198,"LateFetal"
"AGCAAATAGGATTGAG-2","female","Pericytes",1.14619681357397,"LateFetal"
"AGCAAATAGGGACGCA-2","female","EN-fetal-late",0.389663050647577,"LateFetal"
"AGCAAATAGTCGCTAG-2","female","IN-fetal",0.949087446073752,"LateFetal"
"AGCAACAAGAAACTGG-2","female","EN-fetal-late",-0.000840795926727296,"LateFetal"
"AGCAACAAGCCTGTTC-2","female","EN-fetal-late",-0.970485429211206,"LateFetal"
"AGCAACAAGGAGGTTA-2","female","IN-fetal",0.752054487565556,"LateFetal"
"AGCAACAAGTCTGGGC-2","female","EN-fetal-late",-0.403810384634813,"LateFetal"
"AGCAACAAGTTAGACC-2","female","EN-fetal-late",-0.92873099743853,"LateFetal"
"AGCAAGGGTTTGTCTA-2","female","EN-fetal-late",-0.785445745736677,"LateFetal"
"AGCAATACAAGGTCCT-2","female","EN-fetal-late",0.142132338170196,"LateFetal"
"AGCAATACAATGAATG-2","female","EN-fetal-late",-0.47458586276942,"LateFetal"
"AGCAATACACATAGCC-2","female","EN-fetal-late",0.461976871952156,"LateFetal"
"AGCAATACATGGCCCA-2","female","EN-fetal-late",0.632553458139457,"LateFetal"
"AGCAATTGTCTTACTA-2","female","EN-fetal-late",0.62837391579088,"LateFetal"
"AGCACAGCAAAGGCCA-2","female","EN-fetal-late",0.854988362373424,"LateFetal"
"AGCACAGCAAGTCGCT-2","female","EN-fetal-late",-1.1758090507683,"LateFetal"
"AGCACAGCACCTACGG-2","female","IN-fetal",0.015199676591063,"LateFetal"
"AGCACAGCAGCAAGAT-2","female","EN-fetal-late",1.04849361945116,"LateFetal"
"AGCACTAGTCACCAAA-2","female","EN-fetal-late",-0.308340336726961,"LateFetal"
"AGCACTTAGAAGCTAG-2","female","EN-fetal-late",0.555444750227494,"LateFetal"
"AGCACTTAGCCTGTGA-2","female","EN-fetal-late",-0.483838800881228,"LateFetal"
"AGCAGGTAGCACAGCC-2","female","EN-fetal-late",-0.432247408627149,"LateFetal"
"AGCAGGTAGGAATAAC-2","female","EN-fetal-late",-0.490591761116722,"LateFetal"
"AGCAGGTAGTTAGTTG-2","female","EN-fetal-late",-0.118848306608892,"LateFetal"
"AGCATCCCAATCCTGA-2","female","EN-fetal-late",-0.894828593230247,"LateFetal"
"AGCATCCCAATGCCTA-2","female","IN-fetal",0.414756537377374,"LateFetal"
"AGCATCCCAGTTAAAG-2","female","EN-fetal-late",-1.1123429792134,"LateFetal"
"AGCATTTCAAGCCAGA-2","female","EN-fetal-late",-0.911058356472259,"LateFetal"
"AGCATTTCACTGGCTG-2","female","IN-fetal",0.160700743185015,"LateFetal"
"AGCCAGTGTACCGAAC-2","female","EN-fetal-late",0.510892357077925,"LateFetal"
"AGCCAGTGTACGGGTT-2","female","EN-fetal-late",0.580738297321766,"LateFetal"
"AGCCAGTGTGGACCTG-2","female","EN-fetal-late",1.28982576309131,"LateFetal"
"AGCCAGTGTTACTAGG-2","female","IN-fetal",-0.365712626973892,"LateFetal"
"AGCCGCTAGCGATAAG-2","female","EN-fetal-late",-1.55224503646753,"LateFetal"
"AGCCGCTAGCTTCTCA-2","female","EN-fetal-late",0.187358144498975,"LateFetal"
"AGCCGCTAGGGCCACT-2","female","EN-fetal-late",-0.53660275255098,"LateFetal"
"AGCCGCTAGGGTGAGT-2","female","RG",-0.320909729570894,"LateFetal"
"AGCCGCTAGTCCTTCA-2","female","EN-fetal-late",1.39720841757553,"LateFetal"
"AGCCGGTTCCCTCACG-2","female","EN-fetal-late",0.0877021748685414,"LateFetal"
"AGCCGGTTCGCCTGTT-2","female","EN-fetal-late",-0.27169928689274,"LateFetal"
"AGCCTAAGTAGGATCC-2","female","EN-fetal-late",-0.517208257575172,"LateFetal"
"AGCCTAAGTAGGTTTG-2","female","EN-fetal-late",-0.904229260101946,"LateFetal"
"AGCCTAAGTCAGGCAT-2","female","IN-fetal",0.35295432870212,"LateFetal"
"AGCCTAGTCTAGCGTG-2","female","EN-fetal-late",0.37269935004467,"LateFetal"
"AGCCTAGTCTCATCAT-2","female","EN-fetal-late",-0.816325441529979,"LateFetal"
"AGCCTCCGTCACGAAC-2","female","IN-fetal",-0.221818285750007,"LateFetal"
"AGCCTCCGTCTATCGT-2","female","EN-fetal-late",0.25428935275609,"LateFetal"
"AGCCTCCGTGGATTAT-2","female","EN-fetal-late",-0.981774375250861,"LateFetal"
"AGCCTCCGTTTAGCTC-2","female","EN-fetal-late",0.0342274011820402,"LateFetal"
"AGCCTGGGTAGGTTGC-2","female","EN-fetal-late",1.24473514074816,"LateFetal"
"AGCGATTTCAGCACGC-2","female","EN-fetal-late",0.0947857592395068,"LateFetal"
"AGCGATTTCATGCTCC-2","female","EN-fetal-late",1.70248615092684,"LateFetal"
"AGCGCCTAGCGCCTTT-2","female","EN-fetal-late",0.761391089923121,"LateFetal"
"AGCGCCTAGGCATTGT-2","female","EN-fetal-late",-1.25514077524466,"LateFetal"
"AGCGCCTAGTCTATGA-2","female","EN-fetal-late",0.716007736380493,"LateFetal"
"AGCGCTCAGCGAGGTG-2","female","EN-fetal-late",-0.48804346594153,"LateFetal"
"AGCGGACCATAGCTGC-2","female","EN-fetal-late",-0.322057669522538,"LateFetal"
"AGCGGATAGACAGGCG-2","female","EN-fetal-late",0.576327321983232,"LateFetal"
"AGCGTGCTCATGAAGG-2","female","EN-fetal-late",-0.0155636627964559,"LateFetal"
"AGCGTGCTCCGCTAGA-2","female","EN-fetal-late",-0.268809590594016,"LateFetal"
"AGCGTGCTCTATTGTC-2","female","EN-fetal-late",0.0067073195369725,"LateFetal"
"AGCGTGCTCTCAATGA-2","female","EN-fetal-late",0.120329409519652,"LateFetal"
"AGCTAAACAGCGCTTG-2","female","EN-fetal-late",-1.13257919520618,"LateFetal"
"AGCTAACTCAATTACG-2","female","EN-fetal-late",-0.178458773789848,"LateFetal"
"AGCTAACTCTAAGGTC-2","female","EN-fetal-late",-0.101341408776822,"LateFetal"
"AGCTAACTCTCGCCTG-2","female","IN-fetal",-0.393809355558229,"LateFetal"
"AGCTACGTCTTGTCCA-2","female","IN-fetal",-0.131272670388698,"LateFetal"
"AGCTACTAGACAGGCG-2","female","EN-fetal-late",0.157620682887498,"LateFetal"
"AGCTACTAGAGAAGGG-2","female","IN-fetal",0.434157368869288,"LateFetal"
"AGCTACTAGTCAATCA-2","female","EN-fetal-late",0.675789966037959,"LateFetal"
"AGCTAGTTCGTTAACA-2","female","EN-fetal-late",-0.0188106111645317,"LateFetal"
"AGCTATATCAACAAGG-2","female","EN-fetal-late",0.165144920851414,"LateFetal"
"AGCTATATCGGCCAGT-2","female","EN-fetal-late",-0.00546978373705066,"LateFetal"
"AGCTATATCGGGCCAT-2","female","EN-fetal-late",-1.15785455380216,"LateFetal"
"AGCTATATCTGTTGCC-2","female","EN-fetal-late",-0.237878225667629,"LateFetal"
"AGCTATATCTTTAAGG-2","female","EN-fetal-late",-0.353632968891189,"LateFetal"
"AGCTCATAGGTAGCTT-2","female","IN-fetal",0.600273548682473,"LateFetal"
"AGCTGCTCACTTGTTC-2","female","EN-fetal-late",-0.897637047937981,"LateFetal"
"AGCTGCTCATTCCTCG-2","female","EN-fetal-late",-0.0612783423049503,"LateFetal"
"AGCTTAATCCCTCAAC-2","female","EN-fetal-late",1.48968919589583,"LateFetal"
"AGCTTAATCCTTAGTT-2","female","EN-fetal-late",-0.141896657847943,"LateFetal"
"AGCTTAATCGATTTGA-2","female","EN-fetal-late",0.279208687059374,"LateFetal"
"AGCTTAATCTAAGTGC-2","female","EN-fetal-late",0.382116829602564,"LateFetal"
"AGCTTCCTCCTCAGTC-2","female","EN-fetal-late",-0.658894126623804,"LateFetal"
"AGCTTCCTCGCTAGAT-2","female","EN-fetal-late",0.688689272857294,"LateFetal"
"AGCTTCCTCTCGCCTG-2","female","EN-fetal-late",-0.376966050673318,"LateFetal"
"AGCTTCCTCTTAGCCC-2","female","RG",-0.0240053235552594,"LateFetal"
"AGCTTGGTCGCTTGCT-2","female","EN-fetal-late",-0.23294851204094,"LateFetal"
"AGCTTGGTCTAATCTC-2","female","EN-fetal-late",0.126524537184654,"LateFetal"
"AGCTTGGTCTTAGTGA-2","female","EN-fetal-late",-0.359930320627357,"LateFetal"
"AGGAACCAGCCGGTAC-2","female","EN-fetal-late",-0.913274745274493,"LateFetal"
"AGGAACCAGTCATTAG-2","female","EN-fetal-late",-1.3827509082947,"LateFetal"
"AGGACGTAGCAGGTTT-2","female","EN-fetal-late",-0.895416253569084,"LateFetal"
"AGGACTAAGCTGGCTA-2","female","EN-fetal-late",-0.84851813690217,"LateFetal"
"AGGAGCTAGCCTAATA-2","female","EN-fetal-late",-0.106879396597435,"LateFetal"
"AGGAGCTAGGCAGGTG-2","female","IN-fetal",1.03427779386708,"LateFetal"
"AGGAGCTAGTCATCCC-2","female","IN-fetal",0.235222342555624,"LateFetal"
"AGGATCCGTCATTGTC-2","female","EN-fetal-late",-0.374593344095263,"LateFetal"
"AGGATCCGTCCGGTTC-2","female","IN-fetal",-0.490098985347964,"LateFetal"
"AGGATGCAGAAAGCAT-2","female","EN-fetal-late",-0.330132066739851,"LateFetal"
"AGGATGCAGAGAAGGG-2","female","EN-fetal-late",0.180621174426478,"LateFetal"
"AGGATGCAGATACTTG-2","female","EN-fetal-late",-0.000368134236137353,"LateFetal"
"AGGATGCAGCACAGCC-2","female","EN-fetal-late",-0.0374166062404739,"LateFetal"
"AGGATGCAGGCATGAA-2","female","EN-fetal-late",0.153548853134517,"LateFetal"
"AGGATGCAGGCCATCA-2","female","EN-fetal-late",0.0704465809303759,"LateFetal"
"AGGATGCAGTAACGGA-2","female","IN-fetal",0.155643460531278,"LateFetal"
"AGGATGTCAATGCCCG-2","female","EN-fetal-late",0.375256660309253,"LateFetal"
"AGGATGTCACCTATAG-2","female","EN-fetal-late",-0.939736142193749,"LateFetal"
"AGGATGTCAGATAGAC-2","female","EN-fetal-late",-0.383055737459494,"LateFetal"
"AGGATTGAGACAAACG-2","female","EN-fetal-late",1.04636063863098,"LateFetal"
"AGGATTGAGCCTAACG-2","female","EN-fetal-late",0.0581003970123775,"LateFetal"
"AGGATTGAGTGAACAG-2","female","EN-fetal-late",0.090380410803414,"LateFetal"
"AGGATTGAGTTATTCC-2","female","EN-fetal-late",-0.262264035311916,"LateFetal"
"AGGCAATCAGTTTCTC-2","female","IN-fetal",1.20546109774223,"LateFetal"
"AGGCAGGTCAATGTCA-2","female","EN-fetal-late",0.322942584151703,"LateFetal"
"AGGCAGGTCCCTCATA-2","female","OPC",-0.433407648576915,"LateFetal"
"AGGCAGGTCTGGCATG-2","female","IN-fetal",0.503764551492308,"LateFetal"
"AGGCCCAGTGAAACAA-2","female","EN-fetal-late",-0.58765324543499,"LateFetal"
"AGGCGGATCCCTGATC-2","female","RG",-0.164929354185421,"LateFetal"
"AGGCGGATCCTCACTA-2","female","IN-fetal",-0.237074172728079,"LateFetal"
"AGGCGGATCCTTCGTA-2","female","EN-fetal-late",0.288266645179637,"LateFetal"
"AGGCGGATCTCCATGC-2","female","EN-fetal-late",-0.2452903384523,"LateFetal"
"AGGCTAAAGGACCTCA-2","female","EN-fetal-late",-0.778401972230348,"LateFetal"
"AGGCTAAAGGCTACTG-2","female","EN-fetal-late",0.15106571195867,"LateFetal"
"AGGCTAAAGTAACCCG-2","female","EN-fetal-late",-0.573003404158361,"LateFetal"
"AGGCTAGCAAGCTACC-2","female","IN-fetal",0.109628208759392,"LateFetal"
"AGGCTAGCAGAGAGCC-2","female","EN-fetal-late",0.328118346721393,"LateFetal"
"AGGCTAGCAGCTTAAT-2","female","EN-fetal-late",-0.444033287907348,"LateFetal"
"AGGCTAGCAGTAGGTG-2","female","EN-fetal-late",0.206615390421399,"LateFetal"
"AGGGCCTTCAATGAGG-2","female","EN-fetal-late",0.729833788139262,"LateFetal"
"AGGGCCTTCACACAGT-2","female","EN-fetal-late",-0.971097551384352,"LateFetal"
"AGGGCCTTCCCATAGG-2","female","EN-fetal-late",1.05598631786617,"LateFetal"
"AGGGCCTTCTCACATT-2","female","EN-fetal-late",0.327121221594794,"LateFetal"
"AGGGCTACAACTGGCT-2","female","EN-fetal-late",0.0271083751664628,"LateFetal"
"AGGGCTACACTGACCG-2","female","IN-fetal",-0.637002714415842,"LateFetal"
"AGGGCTACAGCCTAAC-2","female","IN-fetal",0.122559122261083,"LateFetal"
"AGGGCTACAGGTATTT-2","female","EN-fetal-late",0.543599338300601,"LateFetal"
"AGGGTTGCAATCCCTT-2","female","IN-fetal",0.384311969977875,"LateFetal"
"AGGGTTGCACAATACT-2","female","IN-fetal",-0.295807580982735,"LateFetal"
"AGGGTTGCACCAGGTT-2","female","RG",-0.566278403981668,"LateFetal"
"AGGGTTGCAGCTTAGC-2","female","EN-fetal-late",0.15280829206024,"LateFetal"
"AGGTACGCAAATTGCT-2","female","EN-fetal-late",0.44939446161328,"LateFetal"
"AGGTACGCAATTGACT-2","female","EN-fetal-late",0.384230473972554,"LateFetal"
"AGGTACGCAGCAACCT-2","female","EN-fetal-late",0.0296116049851179,"LateFetal"
"AGGTACGCAGGAACAT-2","female","EN-fetal-late",-0.598806518500518,"LateFetal"
"AGGTATTGTGCCTCAC-2","female","RG",0.16318685238154,"LateFetal"
"AGGTATTGTTCGCGCT-2","female","EN-fetal-early",-0.492581440959817,"LateFetal"
"AGGTATTGTTTGACCT-2","female","EN-fetal-late",-0.153937759212018,"LateFetal"
"AGGTCAAAGCTTATGA-2","female","EN-fetal-late",-0.601528105604681,"LateFetal"
"AGGTCAAAGTTTCCTG-2","female","EN-fetal-late",0.0744487617835169,"LateFetal"
"AGGTCATTCAAGCCTG-2","female","IN-fetal",1.37070512413978,"LateFetal"
"AGGTCCGGTAGCCATA-2","female","IN-fetal",0.452872636509995,"LateFetal"
"AGGTCCGGTTAACGGC-2","female","EN-fetal-late",-0.462139498403805,"LateFetal"
"AGGTCTTAGGTAAGCA-2","female","EN-fetal-late",0.205041163500326,"LateFetal"
"AGGTCTTAGTGAACGA-2","female","EN-fetal-late",0.82664250588277,"LateFetal"
"AGGTGAATCGATTTGA-2","female","EN-fetal-late",-0.670100848881059,"LateFetal"
"AGGTGAGGTAAAGCGG-2","female","EN-fetal-late",-0.510537172113588,"LateFetal"
"AGGTGAGGTCGCAAAC-2","female","EN-fetal-late",-0.353351255397951,"LateFetal"
"AGGTGAGGTTAGCTGA-2","female","IN-fetal",0.837040293717578,"LateFetal"
"AGGTTAACAAACTAAG-2","female","IN-fetal",0.152936148882671,"LateFetal"
"AGGTTAACACCGGCTA-2","female","EN-fetal-late",-0.14415612693494,"LateFetal"
"AGGTTAACATAGACCC-2","female","EN-fetal-late",-0.650911536954213,"LateFetal"
"AGGTTACTCGATTTGA-2","female","EN-fetal-late",-0.331249804302084,"LateFetal"
"AGGTTACTCGGCTAGC-2","female","IN-fetal",1.15568781966432,"LateFetal"
"AGGTTTATCACCTGTC-2","female","EN-fetal-late",-0.468970578024961,"LateFetal"
"AGGTTTATCCCGTTTA-2","female","EN-fetal-late",0.590726736219912,"LateFetal"
"AGGTTTGGTACTGAAT-2","female","EN-fetal-late",0.0266041146962631,"LateFetal"
"AGGTTTGGTGGCTTCC-2","female","EN-fetal-late",1.11102203348769,"LateFetal"
"AGGTTTGGTTACTTCA-2","female","EN-fetal-late",-0.412590853296827,"LateFetal"
"AGGTTTGGTTATTGCC-2","female","EN-fetal-late",0.302926989747963,"LateFetal"
"AGTAAACAGCGAGTAA-2","female","EN-fetal-late",-0.539794748916688,"LateFetal"
"AGTAACACAATAGTCT-2","female","IN-fetal",-0.358059745278344,"LateFetal"
"AGTAACCTCACAGCCA-2","female","EN-fetal-late",-0.321343222203471,"LateFetal"
"AGTAACCTCCCTCATA-2","female","IN-fetal",0.318279080654482,"LateFetal"
"AGTAACCTCCTAAGTA-2","female","IN-fetal",-0.472630035288175,"LateFetal"
"AGTAACCTCGAGCTAT-2","female","EN-fetal-late",-0.583346606810477,"LateFetal"
"AGTAACCTCTAGCGAT-2","female","EN-fetal-late",-1.71272255271874,"LateFetal"
"AGTAACGAGTTCCTGC-2","female","IN-fetal",-0.330298054585511,"LateFetal"
"AGTAAGTAGCTGTAAC-2","female","EN-fetal-late",-0.575716395090121,"LateFetal"
"AGTAATCGTCACCTAT-2","female","EN-fetal-late",-0.34617411538732,"LateFetal"
"AGTAATCGTCCTTTAA-2","female","IN-fetal",-0.116170966992842,"LateFetal"
"AGTAATCGTCTCAGCC-2","female","IN-fetal",0.158256971287797,"LateFetal"
"AGTAATCGTGGACCTG-2","female","EN-fetal-late",0.232632346392219,"LateFetal"
"AGTAATCGTGTTGTGA-2","female","EN-fetal-late",0.0822494803338404,"LateFetal"
"AGTAATCGTTAGGCTA-2","female","EN-fetal-late",0.704673165223511,"LateFetal"
"AGTAATCGTTCAAGAT-2","female","EN-fetal-late",1.23540114702051,"LateFetal"
"AGTAATCGTTCCTGTG-2","female","EN-fetal-late",-1.42373682818345,"LateFetal"
"AGTAATCGTTGCTTCG-2","female","EN-fetal-late",-0.28964581383612,"LateFetal"
"AGTAATGCATTAAAGG-2","female","EN-fetal-late",-0.204828455630686,"LateFetal"
"AGTACGCGTCAATAGT-2","female","EN-fetal-late",0.292238514209497,"LateFetal"
"AGTACGCGTCGTTATC-2","female","IN-fetal",1.12730544538318,"LateFetal"
"AGTACGCGTGCTCCGT-2","female","EN-fetal-late",-0.864536256855074,"LateFetal"
"AGTACGCGTTGCATCT-2","female","EN-fetal-late",-0.148493835214327,"LateFetal"
"AGTAGCTTCCCTCAGT-2","female","EN-fetal-late",0.443984059978347,"LateFetal"
"AGTAGCTTCTTGATGA-2","female","EN-fetal-late",-0.221896882438813,"LateFetal"
"AGTAGGATCCTCATCA-2","female","EN-fetal-late",-0.902073520024611,"LateFetal"
"AGTAGGATCTTTGAGA-2","female","EN-fetal-late",0.830798279847184,"LateFetal"
"AGTATAGCAACTAGCC-2","female","EN-fetal-late",-0.214344438323867,"LateFetal"
"AGTATAGCAATTAAGG-2","female","EN-fetal-late",-1.21838298888837,"LateFetal"
"AGTATAGCACAATTAC-2","female","IN-fetal",-0.435256341023442,"LateFetal"
"AGTATAGCAGGCTACT-2","female","EN-fetal-late",1.17302500580405,"LateFetal"
"AGTATAGCAGTCTAGC-2","female","EN-fetal-late",-1.40832959209782,"LateFetal"
"AGTCAAGAGCACTAAC-2","female","EN-fetal-late",-0.392926884593391,"LateFetal"
"AGTCAAGAGGCTACAT-2","female","EN-fetal-late",-1.11867774224255,"LateFetal"
"AGTCAATGTACGTTTC-2","female","EN-fetal-late",-0.288382596537441,"LateFetal"
"AGTCAATGTCCCGGAA-2","female","EN-fetal-late",-0.237822324805817,"LateFetal"
"AGTCAATGTCCGTGAG-2","female","IN-fetal",0.420203210114586,"LateFetal"
"AGTCAATGTCCTAGTT-2","female","EN-fetal-late",-0.750589460807316,"LateFetal"
"AGTCAATGTGCATTTC-2","female","EN-fetal-late",0.398539087043977,"LateFetal"
"AGTCAGGCAATTAGGA-2","female","EN-fetal-late",-0.949767440839905,"LateFetal"
"AGTCAGGCAGGAACTG-2","female","IN-fetal",0.0720892805532447,"LateFetal"
"AGTCAGGCATGTCGCG-2","female","EN-fetal-late",-0.471397360262846,"LateFetal"
"AGTCCTGAGCCTGGTA-2","female","EN-fetal-late",0.554769400446126,"LateFetal"
"AGTCCTGAGGACTTAC-2","female","IN-fetal",-0.351936193882074,"LateFetal"
"AGTCCTGAGTCACCAG-2","female","EN-fetal-late",0.28051373709629,"LateFetal"
"AGTCCTGAGTCACTAA-2","female","EN-fetal-late",-0.532294494535644,"LateFetal"
"AGTCCTGAGTTACCGG-2","female","EN-fetal-late",-0.459692421349044,"LateFetal"
"AGTCCTGAGTTTGAGC-2","female","EN-fetal-late",0.0596384029903588,"LateFetal"
"AGTCCTTGTCAATGTG-2","female","EN-fetal-late",0.0234631666476993,"LateFetal"
"AGTCCTTGTGCGCGTA-2","female","IN-fetal",-0.131812287406137,"LateFetal"
"AGTCCTTGTGGAGCAA-2","female","EN-fetal-late",-0.159815134466318,"LateFetal"
"AGTCGCATCAGGTCCA-2","female","EN-fetal-late",-0.565541060254282,"LateFetal"
"AGTCGCATCCCGCCTA-2","female","EN-fetal-late",0.186751071494908,"LateFetal"
"AGTCGCATCTCACACC-2","female","EN-fetal-late",-0.296126352830611,"LateFetal"
"AGTCGCATCTCGCCTG-2","female","EN-fetal-late",-0.664584691441197,"LateFetal"
"AGTCTTGCAACTAGGG-2","female","EN-fetal-late",0.285224001734564,"LateFetal"
"AGTCTTGCACAACAAA-2","female","EN-fetal-late",-0.737268870584241,"LateFetal"
"AGTCTTGCATTGCGAC-2","female","IN-fetal",-0.404610262290045,"LateFetal"
"AGTGAACCACCTGCTC-2","female","EN-fetal-late",0.493652670133656,"LateFetal"
"AGTGAACCACTGGCTG-2","female","EN-fetal-late",0.00888513775349061,"LateFetal"
"AGTGAACCACTTGTTC-2","female","EN-fetal-late",0.265740332878369,"LateFetal"
"AGTGAACCATGCTATG-2","female","EN-fetal-late",-0.250840196246748,"LateFetal"
"AGTGAACCATTGACAT-2","female","IN-fetal",-0.121349648998262,"LateFetal"
"AGTGAGTCACATAACT-2","female","EN-fetal-late",-0.899312628200058,"LateFetal"
"AGTGAGTCATCGCTCC-2","female","EN-fetal-late",-0.495586432146675,"LateFetal"
"AGTGATGAGCCTAATA-2","female","IN-fetal",-0.348637494390704,"LateFetal"
"AGTGATGAGGGCTTTG-2","female","IN-fetal",0.122384367320121,"LateFetal"
"AGTGATGAGTTCCCAC-2","female","EN-fetal-late",-0.0651643175921722,"LateFetal"
"AGTGATGAGTTTGCGG-2","female","EN-fetal-late",-0.45354243295191,"LateFetal"
"AGTGCACGTAGCCTCC-2","female","EN-fetal-late",-0.0452812644276114,"LateFetal"
"AGTGCACGTCCTTTAA-2","female","EN-fetal-late",0.584231683590916,"LateFetal"
"AGTGCACGTTAAGGCC-2","female","EN-fetal-late",0.541817693322935,"LateFetal"
"AGTGCACGTTTGCAGA-2","female","IN-fetal",-0.347608186077994,"LateFetal"
"AGTGCCGGTATGGTGC-2","female","EN-fetal-late",1.19341312211579,"LateFetal"
"AGTGCCGGTCGTTATC-2","female","EN-fetal-late",0.49686828240498,"LateFetal"
"AGTGCCGGTTTCAGGA-2","female","EN-fetal-late",-0.0119774642124441,"LateFetal"
"AGTGCGGAGGAACACA-2","female","EN-fetal-late",-0.457154962346031,"LateFetal"
"AGTGCGGAGGAGGACT-2","female","EN-fetal-late",-0.538593227892075,"LateFetal"
"AGTGCGGAGGCCTGGT-2","female","EN-fetal-late",0.142645468444945,"LateFetal"
"AGTGGACAGGCGCTTA-2","female","EN-fetal-late",-0.129443552405575,"LateFetal"
"AGTGTTTCACCCACAG-2","female","EN-fetal-late",0.0239700000785859,"LateFetal"
"AGTGTTTCACGAATCC-2","female","EN-fetal-late",-1.06484843691195,"LateFetal"
"AGTGTTTCACTCAACA-2","female","EN-fetal-late",-0.432505022761585,"LateFetal"
"AGTGTTTCATGAGTTT-2","female","EN-fetal-late",-0.309871930730396,"LateFetal"
"AGTTACATCGTTACTT-2","female","IN-fetal",-0.0277476147294358,"LateFetal"
"AGTTACTCAACCGCCA-2","female","EN-fetal-late",-0.471607932138268,"LateFetal"
"AGTTACTCAAGGACCA-2","female","IN-fetal",1.07088183866304,"LateFetal"
"AGTTACTCACCTGCCT-2","female","EN-fetal-late",0.334458812855205,"LateFetal"
"AGTTACTCACTAAGAA-2","female","EN-fetal-late",0.201608712671823,"LateFetal"
"AGTTACTCAGAAATGC-2","female","EN-fetal-late",-0.87802825498388,"LateFetal"
"AGTTACTCAGGCGATA-2","female","EN-fetal-late",-0.224830080758796,"LateFetal"
"AGTTACTCATAAGTCT-2","female","EN-fetal-late",-1.13454277053241,"LateFetal"
"AGTTACTCATTAAACC-2","female","EN-fetal-late",-0.0775724089016054,"LateFetal"
"AGTTATGTCACGCATG-2","female","EN-fetal-late",-0.595212375175403,"LateFetal"
"AGTTATGTCCACCTGT-2","female","EN-fetal-late",0.45758528226796,"LateFetal"
"AGTTATGTCGCTAGAT-2","female","EN-fetal-late",-1.11960087933367,"LateFetal"
"AGTTGCAGTGATGAAA-2","female","EN-fetal-late",-0.26262275830366,"LateFetal"
"AGTTGCAGTGCATTAG-2","female","EN-fetal-late",0.0997178741298252,"LateFetal"
"AGTTGCAGTTACTAGG-2","female","EN-fetal-late",-0.107125511695341,"LateFetal"
"AGTTGCGTCTCCATGC-2","female","IN-fetal",0.442396619950994,"LateFetal"
"AGTTGGCGTATACTGG-2","female","IN-fetal",0.613688425007807,"LateFetal"
"AGTTGTCAGGTCCTAG-2","female","EN-fetal-late",-0.0541192860500332,"LateFetal"
"AGTTGTCAGGTTTGCG-2","female","EN-fetal-late",-0.679459224390796,"LateFetal"
"AGTTTGATCACACAGT-2","female","EN-fetal-late",-0.171434452584106,"LateFetal"
"AGTTTGCAGTGTTGTA-2","female","EN-fetal-late",-0.884029890240347,"LateFetal"
"ATAACGACAAGGCCAA-2","female","EN-fetal-late",-0.27225784643673,"LateFetal"
"ATAACGACAGGCATCT-2","female","EN-fetal-late",0.414564463702606,"LateFetal"
"ATAACGACATTTGCTC-2","female","EN-fetal-late",0.291695390602922,"LateFetal"
"ATAAGCCTCACCTGTC-2","female","EN-fetal-late",-0.0254608498031102,"LateFetal"
"ATAAGCCTCAGTATTG-2","female","EN-fetal-late",-0.229566579119891,"LateFetal"
"ATAAGCCTCGATATTG-2","female","EN-fetal-late",-0.231552935917205,"LateFetal"
"ATAAGCCTCTTAGTGA-2","female","EN-fetal-late",0.146499690401021,"LateFetal"
"ATAAGTCGTCAGGCAT-2","female","EN-fetal-late",-0.668837728792343,"LateFetal"
"ATAAGTCGTCCGTAGG-2","female","IN-fetal",0.66530068893554,"LateFetal"
"ATAATGGCACCTGTAA-2","female","EN-fetal-late",1.21121431969338,"LateFetal"
"ATAATGGCACTAAGAA-2","female","IN-fetal",0.158634343554333,"LateFetal"
"ATAATGGCACTCAACA-2","female","IN-fetal",0.107647045846431,"LateFetal"
"ATAATGGCAGCACGTT-2","female","EN-fetal-late",-0.615850041508283,"LateFetal"
"ATACCTGCACCCACAG-2","female","EN-fetal-late",0.168228892356541,"LateFetal"
"ATAGATGCAATATGGA-2","female","EN-fetal-late",0.274860216790833,"LateFetal"
"ATAGATGCACAAGCCT-2","female","EN-fetal-late",-0.384441268827191,"LateFetal"
"ATAGCATGTATTCGTC-2","female","EN-fetal-late",-0.150261551243499,"LateFetal"
"ATAGCATGTGCCGCAA-2","female","IN-fetal",-0.186494212141618,"LateFetal"
"ATAGCATGTTGTTCAC-2","female","EN-fetal-late",0.481401646165874,"LateFetal"
"ATAGGTACAGCAAGTG-2","female","EN-fetal-late",-0.199759302775942,"LateFetal"
"ATAGGTACATAAGCAA-2","female","EN-fetal-late",-0.314366607135435,"LateFetal"
"ATAGGTACATAAGTTC-2","female","EN-fetal-late",-0.803346716281848,"LateFetal"
"ATAGGTACATCCCTCA-2","female","EN-fetal-late",-1.12353189296938,"LateFetal"
"ATAGGTACATTGCAGC-2","female","IN-fetal",0.547652486107657,"LateFetal"
"ATATAGGCACCTGTAA-2","female","EN-fetal-late",0.0108422865407429,"LateFetal"
"ATATAGGCAGCAACAG-2","female","EN-fetal-late",-0.69590194544552,"LateFetal"
"ATATGCATCCGCCTCA-2","female","EN-fetal-late",0.0850307635094343,"LateFetal"
"ATATGCTCAATTGACT-2","female","EN-fetal-late",-0.807445631010898,"LateFetal"
"ATATGCTCACCATATG-2","female","EN-fetal-late",-0.389603576499077,"LateFetal"
"ATATGCTCATTGTGCA-2","female","EN-fetal-late",0.171973505150415,"LateFetal"
"ATATGGTGTAGGTTGC-2","female","EN-fetal-late",-0.998181811104703,"LateFetal"
"ATATGGTGTTTGCAGA-2","female","EN-fetal-late",1.03067447121657,"LateFetal"
"ATATGTCCACAATGCC-2","female","EN-fetal-late",-0.564267461721201,"LateFetal"
"ATATGTCCAGCCTGCA-2","female","EN-fetal-late",-0.282845758628729,"LateFetal"
"ATATGTCCAGGCTAAG-2","female","EN-fetal-late",-1.96841069771785,"LateFetal"
"ATCAAGCTCCTAATGA-2","female","IN-fetal",0.692153063928183,"LateFetal"
"ATCAAGCTCTCACATT-2","female","EN-fetal-late",-0.00970682072092509,"LateFetal"
"ATCAATCCAATCCTGA-2","female","EN-fetal-late",0.281421468476033,"LateFetal"
"ATCACAATCAGAAACG-2","female","IN-fetal",-0.236958821297585,"LateFetal"
"ATCACAATCCCGTTGT-2","female","EN-fetal-late",-0.081986879494338,"LateFetal"
"ATCACAATCCCTCAGT-2","female","EN-fetal-late",0.698199936583847,"LateFetal"
"ATCACAATCGAGCAAA-2","female","EN-fetal-late",0.516012811559848,"LateFetal"
"ATCACAATCGCTAGTG-2","female","EN-fetal-late",0.351014755062407,"LateFetal"
"ATCACACAGATTGAGG-2","female","IN-fetal",0.336045929565368,"LateFetal"
"ATCACACAGCGAAGTA-2","female","EN-fetal-late",-0.387105287885099,"LateFetal"
"ATCACACAGGGATGCG-2","female","EN-fetal-late",0.0953295186782821,"LateFetal"
"ATCACCCTCCTAAGGT-2","female","EN-fetal-late",0.200772587894024,"LateFetal"
"ATCACCCTCCTGGTGA-2","female","EN-fetal-late",0.118741735601951,"LateFetal"
"ATCACCCTCTTTAAGG-2","female","EN-fetal-late",0.994295442792583,"LateFetal"
"ATCACTAAGGAACGCG-2","female","EN-fetal-late",0.357917036000911,"LateFetal"
"ATCACTAAGGCTAGAA-2","female","EN-fetal-late",-0.276757193479316,"LateFetal"
"ATCACTAAGTTTGTCT-2","female","EN-fetal-late",-0.355807027830811,"LateFetal"
"ATCATCAAGCTGCACA-2","female","EN-fetal-late",-1.42304172644547,"LateFetal"
"ATCATCAAGTGAACAG-2","female","EN-fetal-late",0.000552134138942533,"LateFetal"
"ATCATGTCAGCACGTT-2","female","IN-fetal",0.833980981365534,"LateFetal"
"ATCATGTCATGAGCAG-2","female","EN-fetal-late",-0.853753152001569,"LateFetal"
"ATCCAACAGTCAGTAC-2","female","EN-fetal-late",0.0811538549007131,"LateFetal"
"ATCCATAAGCCTGAGC-2","female","EN-fetal-late",-0.835919199256727,"LateFetal"
"ATCCATAAGGCGCATC-2","female","EN-fetal-late",0.621663248479719,"LateFetal"
"ATCCATAAGGGATTAG-2","female","IN-fetal",-0.269704829843188,"LateFetal"
"ATCCATAAGGGTTAGA-2","female","EN-fetal-late",-0.555565659911269,"LateFetal"
"ATCCATAAGTTAGTGC-2","female","EN-fetal-late",-0.181763444399177,"LateFetal"
"ATCCCGCGTGGAAACG-2","female","EN-fetal-late",1.62301756105721,"LateFetal"
"ATCCGTGAGATGGAGC-2","female","EN-fetal-late",0.231962877161371,"LateFetal"
"ATCCGTGAGTGCTGTG-2","female","EN-fetal-late",-0.100751000436342,"LateFetal"
"ATCCTCATCCTAATAG-2","female","EN-fetal-late",-0.0814727038626281,"LateFetal"
"ATCCTCATCCTACCTA-2","female","EN-fetal-late",0.584088448798559,"LateFetal"
"ATCCTCATCTAACCTT-2","female","EN-fetal-late",-1.12202961735105,"LateFetal"
"ATCCTCATCTGTAAGC-2","female","EN-fetal-late",0.350835359619269,"LateFetal"
"ATCCTGACACCTAATG-2","female","EN-fetal-late",0.485167181175091,"LateFetal"
"ATCCTGACAGCACGTT-2","female","IN-fetal",0.748426950461292,"LateFetal"
"ATCCTGACAGCTCATA-2","female","EN-fetal-late",0.72034100877535,"LateFetal"
"ATCCTTAGTCGTTATC-2","female","EN-fetal-late",0.435846558236051,"LateFetal"
"ATCGAGGCAGGCGAGT-2","female","IN-fetal",0.791460917179129,"LateFetal"
"ATCGCCCGTATTTGGG-2","female","IN-fetal",-1.24532320331065,"LateFetal"
"ATCGCTTGTTACTTGC-2","female","EN-fetal-late",0.360837857118661,"LateFetal"
"ATCGGCCAGCGATAGA-2","female","IN-fetal",-0.356438927427995,"LateFetal"
"ATCGGCCAGGTGTCCA-2","female","EN-fetal-late",-0.113142289787129,"LateFetal"
"ATCGGCCAGGTTTACA-2","female","EN-fetal-late",-0.44150835081872,"LateFetal"
"ATCGGCCAGTAAGTCC-2","female","IN-fetal",0.0709825190604875,"LateFetal"
"ATCGGCCAGTAGCCAT-2","female","EN-fetal-late",0.373060284674734,"LateFetal"
"ATCTATGAGCACTTGG-2","female","IN-fetal",-0.289219500531987,"LateFetal"
"ATCTATGAGCATCCAG-2","female","IN-fetal",0.803099909112128,"LateFetal"
"ATCTATGAGGAGGCAT-2","female","EN-fetal-late",-0.235715706831549,"LateFetal"
"ATCTATGAGTCACCAG-2","female","EN-fetal-late",-1.00442495952498,"LateFetal"
"ATGAAGCCAAGGTGGC-2","female","EN-fetal-late",-0.190447010809066,"LateFetal"
"ATGAAGTAGTCTTGAA-2","female","EN-fetal-late",-0.287321718759117,"LateFetal"
"ATGAAGTAGTTACTTC-2","female","EN-fetal-late",-0.520316935592688,"LateFetal"
"ATGAATGCAAACTCAT-2","female","EN-fetal-late",-0.414731786421289,"LateFetal"
"ATGAATGCAACTAGCC-2","female","IN-fetal",0.888977566888408,"LateFetal"
"ATGAATGCAAGGTACG-2","female","EN-fetal-late",0.598448715596707,"LateFetal"
"ATGAATGCATGCTATG-2","female","IN-fetal",0.634952427236539,"LateFetal"
"ATGACAACATGGCCCA-2","female","IN-fetal",-0.619328694156149,"LateFetal"
"ATGACCAGTAGCAGCT-2","female","EN-fetal-late",-0.610959689478049,"LateFetal"
"ATGACGAAGAACCTGT-2","female","EN-fetal-late",-0.205043851054847,"LateFetal"
"ATGACGAAGACTCGCA-2","female","EN-fetal-late",0.0648647102476395,"LateFetal"
"ATGACGAAGCAAGGAC-2","female","EN-fetal-late",-0.287918084882692,"LateFetal"
"ATGACGAAGCCAGTAT-2","female","IN-fetal",0.0933540560012562,"LateFetal"
"ATGACGAAGGGATGAC-2","female","IN-fetal",0.382132702225359,"LateFetal"
"ATGACTCAGCAGGTTT-2","female","EN-fetal-late",0.143859989165194,"LateFetal"
"ATGACTCAGCGGGCAA-2","female","EN-fetal-late",-0.0265807167646061,"LateFetal"
"ATGATGGAGCTGGCTA-2","female","EN-fetal-late",-0.541423273903729,"LateFetal"
"ATGATGGAGTCATTGA-2","female","EN-fetal-late",-0.73837723197112,"LateFetal"
"ATGATGGAGTTGCGTG-2","female","EN-fetal-late",0.292524538962378,"LateFetal"
"ATGCAAACAAACTGTT-2","female","EN-fetal-late",-0.16270515652492,"LateFetal"
"ATGCAGGCAGTGAACG-2","female","IN-fetal",-0.351728565568691,"LateFetal"
"ATGCATTCACGAATCC-2","female","EN-fetal-late",0.228579874864745,"LateFetal"
"ATGCATTCAGAGGCTA-2","female","IN-fetal",0.90631089598226,"LateFetal"
"ATGCATTCAGGTTCAC-2","female","IN-fetal",0.644411712602187,"LateFetal"
"ATGCATTCATAGTCAT-2","female","EN-fetal-late",-0.17760694178013,"LateFetal"
"ATGCATTCATCCATCT-2","female","EN-fetal-late",0.643079797125087,"LateFetal"
"ATGCCTGAGCCATCAG-2","female","EN-fetal-late",0.368983674714148,"LateFetal"
"ATGCCTGAGCTTAGTA-2","female","IN-fetal",0.165084872517066,"LateFetal"
"ATGCCTGAGGAAGCTA-2","female","EN-fetal-late",-0.474008074750007,"LateFetal"
"ATGCCTGAGTAACGGA-2","female","EN-fetal-early",0.770182496127866,"LateFetal"
"ATGCGATTCCCGTTGT-2","female","EN-fetal-late",0.141855298734718,"LateFetal"
"ATGCGATTCGACAAAG-2","female","IN-fetal",1.12911147113307,"LateFetal"
"ATGCGATTCGGTCAGC-2","female","EN-fetal-late",-0.165867889651093,"LateFetal"
"ATGCTTAAGCATGTCG-2","female","EN-fetal-late",0.614178066459088,"LateFetal"
"ATGCTTAAGTTTGGGT-2","female","EN-fetal-late",-1.21529862393286,"LateFetal"
"ATGGACAAGAACAAGT-2","female","EN-fetal-late",-0.111747387208685,"LateFetal"
"ATGGACAAGAGGAGTC-2","female","EN-fetal-late",0.181174909518093,"LateFetal"
"ATGGACAAGCATCCAG-2","female","EN-fetal-late",-0.199872353339529,"LateFetal"
"ATGGACAAGCCGCAAC-2","female","EN-fetal-late",-0.423268957913153,"LateFetal"
"ATGGCCGGTGAGAAAC-2","female","EN-fetal-late",-0.0153189394955753,"LateFetal"
"ATGGCCGGTGGATTAT-2","female","EN-fetal-late",0.399489402302006,"LateFetal"
"ATGGCTAGTTTCCGGC-2","female","EN-fetal-late",0.562170257764639,"LateFetal"
"ATGGCTTAGGTTAGAG-2","female","EN-fetal-late",0.160464922877347,"LateFetal"
"ATGGCTTAGTCACGAT-2","female","EN-fetal-late",-0.28392388256542,"LateFetal"
"ATGGCTTAGTGAACGA-2","female","IN-fetal",1.22152586454255,"LateFetal"
"ATGGTCTAGCAAGACA-2","female","Microglia",-0.676114340476723,"LateFetal"
"ATGGTGCGTACCAGGT-2","female","EN-fetal-late",0.389426359359125,"LateFetal"
"ATGGTGCGTATTTGCC-2","female","EN-fetal-late",0.290450807655977,"LateFetal"
"ATGGTTATCATGAAGG-2","female","EN-fetal-late",-0.618582934237611,"LateFetal"
"ATGGTTATCATGTGGT-2","female","EN-fetal-late",0.807624065023109,"LateFetal"
"ATGGTTATCATTAGTG-2","female","EN-fetal-late",-0.143886373378547,"LateFetal"
"ATGGTTATCCAAACAC-2","female","EN-fetal-late",-0.0852220842062476,"LateFetal"
"ATGGTTATCTCCATAT-2","female","EN-fetal-late",-0.688124585535169,"LateFetal"
"ATGGTTATCTTAGGGT-2","female","IN-fetal",-0.453343071724792,"LateFetal"
"ATGTAACGTAAGCTCA-2","female","EN-fetal-late",0.0201898189575535,"LateFetal"
"ATGTAACGTTTCAGGA-2","female","IN-fetal",0.219154132526404,"LateFetal"
"ATGTAAGCACCTGCCT-2","female","EN-fetal-late",-0.912486183522113,"LateFetal"
"ATGTCAATCACAGACT-2","female","EN-fetal-late",-0.541445193372794,"LateFetal"
"ATGTCAATCCTCATGC-2","female","EN-fetal-late",-0.242196361587333,"LateFetal"
"ATGTCAATCCTGATTT-2","female","EN-fetal-late",-0.398736577047854,"LateFetal"
"ATGTCAATCGTTAACA-2","female","EN-fetal-late",0.519625342276494,"LateFetal"
"ATGTCATCAAAGCTCC-2","female","EN-fetal-late",0.199333244045173,"LateFetal"
"ATGTCATCACGAATCC-2","female","EN-fetal-late",-0.647147779749169,"LateFetal"
"ATGTCATCAGAAACGT-2","female","EN-fetal-late",0.780521671909091,"LateFetal"
"ATGTCATCAGTCTATG-2","female","IN-fetal",0.520207361965807,"LateFetal"
"ATGTCATCATTAAGCT-2","female","EN-fetal-late",-0.260859090530356,"LateFetal"
"ATGTCCACACCACAAC-2","female","EN-fetal-late",0.0945937828199032,"LateFetal"
"ATGTCCACAGGACACA-2","female","IN-fetal",0.700838365051516,"LateFetal"
"ATGTCCACATAGCAGG-2","female","EN-fetal-late",0.598238795774299,"LateFetal"
"ATGTGAGAGATGGACA-2","female","IN-fetal",-0.0519050254050285,"LateFetal"
"ATGTTGTCAAATACCT-2","female","EN-fetal-late",0.462770155260301,"LateFetal"
"ATGTTGTCAACCCTCC-2","female","EN-fetal-late",-0.556770130958948,"LateFetal"
"ATGTTGTCAAGGTCCT-2","female","EN-fetal-late",-0.988295089541079,"LateFetal"
"ATGTTGTCACCATATG-2","female","EN-fetal-late",1.10743682886596,"LateFetal"
"ATGTTTGAGCATTTCT-2","female","EN-fetal-late",-0.576550546158362,"LateFetal"
"ATGTTTGAGCTATATG-2","female","EN-fetal-late",-0.0465485968262927,"LateFetal"
"ATGTTTGAGGGTGAAC-2","female","EN-fetal-late",-0.715807312648771,"LateFetal"
"ATTAACCCACCTCACC-2","female","EN-fetal-late",0.187804196261393,"LateFetal"
"ATTAACCCAGCTACGT-2","female","EN-fetal-late",-0.486769874121793,"LateFetal"
"ATTAACCCATCACTTC-2","female","IN-fetal",-0.200904932271556,"LateFetal"
"ATTACCCGTCATGCCC-2","female","EN-fetal-late",-0.545540586340204,"LateFetal"
"ATTACCGCAACTCGCG-2","female","EN-fetal-late",-0.697655014966706,"LateFetal"
"ATTACCGCACAAAGGT-2","female","EN-fetal-late",1.05659407277416,"LateFetal"
"ATTACCGCAGGTTAAA-2","female","IN-fetal",0.488314085425027,"LateFetal"
"ATTACCGCATAAAGCA-2","female","EN-fetal-late",-1.1621859422264,"LateFetal"
"ATTACCGCATAAGTTC-2","female","EN-fetal-late",0.68194973516312,"LateFetal"
"ATTACGTCAACGTGCT-2","female","RG",0.29733554265459,"LateFetal"
"ATTACGTCATCATGTG-2","female","EN-fetal-late",1.39753078077136,"LateFetal"
"ATTACTGAGCTGCACA-2","female","IN-fetal",-0.10199268234996,"LateFetal"
"ATTACTGAGGACAACA-2","female","EN-fetal-late",-1.12427963152827,"LateFetal"
"ATTACTGAGTGAACAG-2","female","IN-fetal",-0.545932261791906,"LateFetal"
"ATTACTGAGTTTGGGT-2","female","IN-MGE",1.35179443321559,"LateFetal"
"ATTAGCGGTAATCACG-2","female","IN-fetal",0.58873397363333,"LateFetal"
"ATTAGCGGTGTCCAAA-2","female","EN-fetal-late",-0.454781573061147,"LateFetal"
"ATTAGCTCATATTGAC-2","female","EN-fetal-late",-0.762949774498737,"LateFetal"
"ATTAGCTCATGACTAT-2","female","OPC",0.492039059649534,"LateFetal"
"ATTAGGTGTCAGGCCA-2","female","EN-fetal-late",-0.365574927558057,"LateFetal"
"ATTAGGTGTCATGCAA-2","female","EN-fetal-late",-1.10253093553955,"LateFetal"
"ATTAGGTGTCTAGCTT-2","female","EN-fetal-late",-0.0980964624082245,"LateFetal"
"ATTAGGTGTGGACCTG-2","female","EN-fetal-late",-0.416498722570688,"LateFetal"
"ATTAGGTGTTGGCCGA-2","female","IN-fetal",0.189441513333243,"LateFetal"
"ATTAGTCCAAACAACA-2","female","EN-fetal-late",-0.107207424547907,"LateFetal"
"ATTAGTCCAGTTTCTC-2","female","EN-fetal-late",-0.814155608327981,"LateFetal"
"ATTAGTCCATCCCGCT-2","female","EN-fetal-late",0.350899720795921,"LateFetal"
"ATTATCCTCAAACACC-2","female","EN-fetal-late",-0.391023052955163,"LateFetal"
"ATTATCCTCACCGGTA-2","female","EN-fetal-late",0.0582994375740116,"LateFetal"
"ATTATGGTCATCCTGC-2","female","IN-fetal",0.667950161199786,"LateFetal"
"ATTATGGTCTCCATAT-2","female","IN-fetal",0.408839573908132,"LateFetal"
"ATTATGGTCTGCAACG-2","female","EN-fetal-late",-0.203790981343829,"LateFetal"
"ATTCAACCACGTGCTG-2","female","IN-fetal",-0.748234880516615,"LateFetal"
"ATTCAACCAGGTATTT-2","female","EN-fetal-late",0.568706871834768,"LateFetal"
"ATTCACTTCAGGGCCT-2","female","EN-fetal-late",-0.0845069961077541,"LateFetal"
"ATTCACTTCATCCACC-2","female","EN-fetal-late",-0.55647845946738,"LateFetal"
"ATTCACTTCGATTTGA-2","female","IN-fetal",0.402456734030432,"LateFetal"
"ATTCATGAGGCAAGTA-2","female","EN-fetal-late",0.629667427037402,"LateFetal"
"ATTCCGGAGACACCGC-2","female","RG",0.151697869172237,"LateFetal"
"ATTCCGGAGGAATAAC-2","female","EN-fetal-late",0.971871146329137,"LateFetal"
"ATTCCGGAGGTCGAGG-2","female","EN-fetal-late",0.866275275295897,"LateFetal"
"ATTCCGGAGGTTACGT-2","female","EN-fetal-late",0.560960559725966,"LateFetal"
"ATTCCGGAGTTATCCT-2","female","EN-fetal-late",-1.4547847860762,"LateFetal"
"ATTCCTAGTGTGTGGT-2","female","IN-fetal",0.175748775017056,"LateFetal"
"ATTCCTAGTTAGCGTA-2","female","EN-fetal-late",-0.97477775402809,"LateFetal"
"ATTCCTAGTTGCGCGA-2","female","EN-fetal-late",-0.520485246124758,"LateFetal"
"ATTCCTCCAAGATTCT-2","female","IN-fetal",-0.868915127890125,"LateFetal"
"ATTCGTTTCAGCATTA-2","female","EN-fetal-late",-0.337599286526226,"LateFetal"
"ATTCGTTTCCGCACAA-2","female","EN-fetal-late",-0.781160736952198,"LateFetal"
"ATTCGTTTCTGTGAGT-2","female","EN-fetal-late",-0.378980167782797,"LateFetal"
"ATTGAAGCAAGCCACT-2","female","EN-fetal-late",-0.112271437518522,"LateFetal"
"ATTGAAGCAGCATGTC-2","female","EN-fetal-late",-0.146935745925403,"LateFetal"
"ATTGACTCAAAGGCCA-2","female","EN-fetal-late",-0.245727093014949,"LateFetal"
"ATTGCACAGACCATAC-2","female","EN-fetal-late",1.41896034595474,"LateFetal"
"ATTGCACAGCACAGAA-2","female","OPC",1.58488662814729,"LateFetal"
"ATTGCACAGCGATAGA-2","female","EN-fetal-late",-0.894025638219793,"LateFetal"
"ATTGCAGGTACTTAGG-2","female","IN-fetal",-0.160234544989512,"LateFetal"
"ATTGCAGGTCATCATC-2","female","EN-fetal-late",-0.801107756784766,"LateFetal"
"ATTGCAGGTCCTTCAG-2","female","IN-fetal",0.64537205555738,"LateFetal"
"ATTGCAGGTTAGTACG-2","female","EN-fetal-late",-0.758037547604114,"LateFetal"
"ATTGCAGGTTATCCGT-2","female","EN-fetal-late",-0.251532808525914,"LateFetal"
"ATTGCGCCACCTAATG-2","female","EN-fetal-late",0.273407624201582,"LateFetal"
"ATTGCGCCAGGTTCAC-2","female","IN-fetal",0.015063134900113,"LateFetal"
"ATTGCTCGTCAATGTG-2","female","EN-fetal-late",0.0612149563340688,"LateFetal"
"ATTGGCTAGGAGCATA-2","female","EN-fetal-late",-0.165529849418217,"LateFetal"
"ATTGGCTAGGGATGAC-2","female","EN-fetal-late",1.20164353939327,"LateFetal"
"ATTGGCTAGTTACTTC-2","female","EN-fetal-late",0.463918940121458,"LateFetal"
"ATTGGTTCATAATCAC-2","female","EN-fetal-late",-0.0523409276580438,"LateFetal"
"ATTGGTTCATAGACCC-2","female","EN-fetal-late",-0.659966260639661,"LateFetal"
"ATTGTCCGTAAAGCAA-2","female","EN-fetal-late",0.20055301130971,"LateFetal"
"ATTGTCCGTAGGATCC-2","female","EN-fetal-late",0.24813300093334,"LateFetal"
"ATTGTCCGTGCCGCAA-2","female","IN-fetal",-0.922568855630683,"LateFetal"
"ATTGTGATCACCAATA-2","female","EN-fetal-late",-0.734470446211424,"LateFetal"
"ATTGTGATCACTAGGT-2","female","EN-fetal-late",-0.434064559205769,"LateFetal"
"ATTGTGATCCCTGATC-2","female","EN-fetal-late",1.73340925503753,"LateFetal"
"ATTGTGATCCTCACAC-2","female","IN-fetal",-0.741768154929281,"LateFetal"
"ATTGTGATCTTAGGAC-2","female","EN-fetal-late",0.214529278824445,"LateFetal"
"ATTTAGCCAGAATGAC-2","female","EN-fetal-late",-0.165741515175427,"LateFetal"
"ATTTAGCCAGTAGGAT-2","female","EN-fetal-late",-0.203735948117186,"LateFetal"
"ATTTGCAAGAATGACG-2","female","IN-fetal",0.377688821875898,"LateFetal"
"ATTTGCAAGTAAACCC-2","female","IN-fetal",-0.387602124373608,"LateFetal"
"ATTTGCGCAGCACGAA-2","female","EN-fetal-late",-1.03770349602624,"LateFetal"
"ATTTGCGCAGTTAGCC-2","female","IN-fetal",0.428450231445599,"LateFetal"
"ATTTGCGCATGGTTAT-2","female","EN-fetal-late",0.323744840402944,"LateFetal"
"ATTTGCGCATTGCAGC-2","female","EN-fetal-late",0.227436280555949,"LateFetal"
"ATTTGTGAGCGCTCAA-2","female","EN-fetal-late",-0.298043843950827,"LateFetal"
"ATTTGTGAGGCATTAC-2","female","EN-fetal-late",1.05303718168286,"LateFetal"
"ATTTGTGAGGCTAGAA-2","female","EN-fetal-late",0.128480149599241,"LateFetal"
"ATTTGTGAGTAACCCG-2","female","EN-fetal-late",0.272074384639105,"LateFetal"
"ATTTGTGAGTTGTCAA-2","female","EN-fetal-late",-0.394714716059164,"LateFetal"
"CAAACAACAGCGCTTG-2","female","IN-fetal",-0.661792776750115,"LateFetal"
"CAAACACTCAATCTAG-2","female","IN-fetal",0.114536642504649,"LateFetal"
"CAAACACTCATGGCCA-2","female","IN-fetal",0.00213953368797136,"LateFetal"
"CAAACACTCGAGCAAA-2","female","EN-fetal-late",-0.583784397471001,"LateFetal"
"CAAACATGTCCACAAA-2","female","EN-fetal-late",0.613940366083418,"LateFetal"
"CAAACATGTTTGACCT-2","female","EN-fetal-late",-0.607417610430642,"LateFetal"
"CAAACATGTTTGCGAA-2","female","IN-fetal",0.31404557197188,"LateFetal"
"CAAACCGTCCTGAATA-2","female","EN-fetal-late",-0.342454704814299,"LateFetal"
"CAAACCGTCCTTGTTG-2","female","EN-fetal-late",0.0175820112142047,"LateFetal"
"CAAACGCGTAAAGCAA-2","female","EN-fetal-late",0.528630599626143,"LateFetal"
"CAAACGCGTATTGCAG-2","female","IN-fetal",-0.33061396834,"LateFetal"
"CAAACGCGTGCCTCAC-2","female","EN-fetal-late",-0.211427443194655,"LateFetal"
"CAAACTGGTCTTACTA-2","female","EN-fetal-late",-0.423843064239553,"LateFetal"
"CAAACTGGTGAGGTAG-2","female","EN-fetal-late",-1.27362044402756,"LateFetal"
"CAAACTGGTTAAGCGC-2","female","Astrocytes",-0.171216784211939,"LateFetal"
"CAAACTGGTTGGCGTG-2","female","EN-fetal-late",-1.10745928207065,"LateFetal"
"CAAAGCGCAACTAGGG-2","female","EN-fetal-late",0.0307749458832772,"LateFetal"
"CAAAGCGCAATATACC-2","female","EN-fetal-late",-1.10102645861404,"LateFetal"
"CAAAGCGCACAACAAA-2","female","EN-fetal-late",-0.225974717784348,"LateFetal"
"CAAAGCGCAGGAACCA-2","female","EN-fetal-late",-0.0916052859251544,"LateFetal"
"CAAAGCGCATTAGGCC-2","female","IN-fetal",0.289767377033429,"LateFetal"
"CAAAGCGCATTCAGCA-2","female","IN-fetal",0.352652517360542,"LateFetal"
"CAAAGGATCATGTTTC-2","female","IN-fetal",-0.254750529642832,"LateFetal"
"CAAAGGATCATTACTC-2","female","EN-fetal-late",-0.398107461641061,"LateFetal"
"CAAAGGATCCCTTGCG-2","female","IN-fetal",0.928614707590759,"LateFetal"
"CAAAGGATCTGGCATG-2","female","IN-fetal",-0.702766352832102,"LateFetal"
"CAAAGTGAGGATCACT-2","female","EN-fetal-late",-0.79313092121098,"LateFetal"
"CAAAGTGAGGCGCATC-2","female","EN-fetal-late",-0.0113963685275441,"LateFetal"
"CAAAGTGAGGCGCTAC-2","female","EN-fetal-late",-0.35935252056841,"LateFetal"
"CAACAATGTAAGGTTT-2","female","EN-fetal-late",-0.0143182986285926,"LateFetal"
"CAACAATGTATTGAGT-2","female","EN-fetal-late",0.0380932696146262,"LateFetal"
"CAACAATGTCACGGAT-2","female","EN-fetal-late",0.708149160329581,"LateFetal"
"CAACAATGTTAGAGCC-2","female","EN-fetal-late",-0.27821233271428,"LateFetal"
"CAACAGGCAATTAGCT-2","female","EN-fetal-late",-0.748484635546956,"LateFetal"
"CAACAGGCAGCATGAG-2","female","EN-fetal-late",0.186932728736842,"LateFetal"
"CAACAGGCAGGCCTTG-2","female","EN-fetal-late",-0.245256522856631,"LateFetal"
"CAACAGGCAGGCGATA-2","female","EN-fetal-late",-0.307394032808963,"LateFetal"
"CAACCCGCACAGAACG-2","female","EN-fetal-late",-0.769273827083073,"LateFetal"
"CAACCCTTCGTCAAGT-2","female","EN-fetal-late",-1.00460627672426,"LateFetal"
"CAACTAATCAATCATG-2","female","EN-fetal-late",0.383805119453555,"LateFetal"
"CAACTAATCATAACCA-2","female","EN-fetal-late",0.812283588484476,"LateFetal"
"CAACTAGGTCCTAAGA-2","female","EN-fetal-late",1.04394894138554,"LateFetal"
"CAACTAGGTGTCCTGC-2","female","EN-fetal-late",-0.478977563939721,"LateFetal"
"CAAGAACCAAGGAATC-2","female","EN-fetal-late",-0.0945469656374585,"LateFetal"
"CAAGAACCAATTTGGT-2","female","EN-fetal-late",0.126388099635569,"LateFetal"
"CAAGAACCACGAATCC-2","female","EN-fetal-late",0.134398581281081,"LateFetal"
"CAAGAACCAGCAAATA-2","female","EN-fetal-late",0.444991466269896,"LateFetal"
"CAAGAACCATGTTGCA-2","female","EN-fetal-late",0.0685341927025177,"LateFetal"
"CAAGACAAGCTATGAC-2","female","IN-fetal",0.892158809537861,"LateFetal"
"CAAGACAAGGGCTAAA-2","female","OPC",0.034127225609056,"LateFetal"
"CAAGACAAGGGCTTTG-2","female","EN-fetal-late",-1.09278209164502,"LateFetal"
"CAAGACAAGTATCGCG-2","female","EN-fetal-late",-1.16676493684916,"LateFetal"
"CAAGACAAGTTATCCT-2","female","EN-fetal-late",-0.337218398693324,"LateFetal"
"CAAGCTAGTAATCGTG-2","female","EN-fetal-late",-0.688603441453584,"LateFetal"
"CAAGCTAGTGAATCGC-2","female","EN-fetal-late",-0.391209308129718,"LateFetal"
"CAAGCTAGTGCCTCAC-2","female","EN-fetal-late",-0.520331715174368,"LateFetal"
"CAAGCTAGTTACGCAA-2","female","EN-fetal-late",0.435770603780426,"LateFetal"
"CAAGGCCTCAACCAAC-2","female","EN-fetal-late",0.106950589593594,"LateFetal"
"CAAGGCCTCATGGCTG-2","female","IN-fetal",-0.419037595285693,"LateFetal"
"CAAGGCCTCCTAAGGT-2","female","EN-fetal-late",-0.819285981261727,"LateFetal"
"CAAGGCCTCGGTCATG-2","female","EN-fetal-late",0.124795246775014,"LateFetal"
"CAAGGCTGTCACGAAC-2","female","EN-fetal-late",-0.116342813968502,"LateFetal"
"CAAGGGAGTCTATCGT-2","female","EN-fetal-late",-0.405750799256965,"LateFetal"
"CAAGGTAAGCTCCTTA-2","female","EN-fetal-late",-0.479034213790001,"LateFetal"
"CAAGGTTTCGTTTCCA-2","female","IN-fetal",-0.160792287122564,"LateFetal"
"CAAGGTTTCTTGACCC-2","female","EN-fetal-late",-0.210122393810336,"LateFetal"
"CAAGTGAAGACTAAGG-2","female","IN-fetal",-0.152452004451234,"LateFetal"
"CAAGTGAAGGATGATG-2","female","EN-fetal-late",-0.844437211294659,"LateFetal"
"CAAGTGAAGGTAACGA-2","female","EN-fetal-late",-0.120217720934303,"LateFetal"
"CAATAAGCAACCGCCA-2","female","IN-fetal",1.03844865287296,"LateFetal"
"CAATAAGCAATCCCTT-2","female","IN-CGE",-0.54364063261712,"LateFetal"
"CAATAAGCAGCAAATA-2","female","EN-fetal-late",-0.777498491841302,"LateFetal"
"CAATAAGCAGGAACCA-2","female","IN-fetal",0.333813135329738,"LateFetal"
"CAATAAGCATAGACCC-2","female","EN-fetal-late",0.388878163750029,"LateFetal"
"CAATAAGCATTAAGCT-2","female","EN-fetal-late",0.361863197254259,"LateFetal"
"CAATAGCTCACTAAGC-2","female","EN-fetal-late",-0.668087055765133,"LateFetal"
"CAATAGCTCATTATGG-2","female","EN-fetal-late",-0.223088398033574,"LateFetal"
"CAATAGCTCCGCAAGC-2","female","EN-fetal-late",-0.388180069698752,"LateFetal"
"CAATATGTCACACAGT-2","female","EN-fetal-late",-0.894893385586054,"LateFetal"
"CAATATGTCAGGATGA-2","female","EN-fetal-late",-0.0514687146078305,"LateFetal"
"CAATATGTCCTAGTAA-2","female","EN-fetal-late",-0.477186199811382,"LateFetal"
"CAATCCCTCACATTGA-2","female","EN-fetal-late",-0.380191350050788,"LateFetal"
"CAATCCCTCAGCCAAT-2","female","EN-fetal-late",0.146803181269531,"LateFetal"
"CAATCCCTCAGGGCCT-2","female","EN-fetal-late",-0.0191022630014803,"LateFetal"
"CAATCCCTCATTACGA-2","female","EN-fetal-late",-0.341476305132689,"LateFetal"
"CAATCCTGTAACAGGG-2","female","EN-fetal-late",-1.27811322159727,"LateFetal"
"CAATCCTGTATTGAGT-2","female","IN-fetal",0.62052641409866,"LateFetal"
"CAATCCTGTTGAGGTC-2","female","EN-fetal-late",-0.0585108128524606,"LateFetal"
"CAATCGCCAACTAGCC-2","female","IN-fetal",0.980236297011347,"LateFetal"
"CAATCGCCACCTACTT-2","female","EN-fetal-late",-0.404218954998063,"LateFetal"
"CAATCGCCAGTTAGCC-2","female","EN-fetal-late",1.05387359807793,"LateFetal"
"CAATCGCCATGACTAT-2","female","EN-fetal-late",-0.349897146659127,"LateFetal"
"CAATCGCCATTGTGTG-2","female","EN-fetal-late",-0.585840550330394,"LateFetal"
"CAATCTAAGGTCAAAG-2","female","EN-fetal-late",-0.44987973019592,"LateFetal"
"CAATCTAAGTTAGTGC-2","female","EN-fetal-late",0.0500362824185931,"LateFetal"
"CAATGAACACGTGCTG-2","female","EN-fetal-late",0.992179143796009,"LateFetal"
"CAATGACTCCCGTTGT-2","female","EN-fetal-late",0.163288079489952,"LateFetal"
"CAATGCCCAAGGAATC-2","female","IN-fetal",-0.0161583575752114,"LateFetal"
"CAATGCCCAATCGCAC-2","female","EN-fetal-late",0.972687898884762,"LateFetal"
"CAATGCCCATAAGCAA-2","female","IN-fetal",0.0602808842265142,"LateFetal"
"CAATGCCCATAGCTGC-2","female","EN-fetal-late",-1.32564050863923,"LateFetal"
"CAATGTCAGTTTCCTG-2","female","EN-fetal-late",-0.29694449602045,"LateFetal"
"CAATGTGGTGGAAGGC-2","female","IN-fetal",0.436915732139551,"LateFetal"
"CAATGTGGTTAATGCG-2","female","EN-fetal-late",-0.246299426140493,"LateFetal"
"CAATGTGGTTCACCAT-2","female","EN-fetal-late",-0.249646319740135,"LateFetal"
"CACAAGCGTCCGGTTC-2","female","EN-fetal-late",-0.0358977482265207,"LateFetal"
"CACAAGCGTGTGTGGT-2","female","EN-fetal-late",-0.501921443175503,"LateFetal"
"CACAATATCATGCATA-2","female","EN-fetal-late",-0.467327400157574,"LateFetal"
"CACAATATCGCCTGTT-2","female","EN-fetal-late",-1.13725898894079,"LateFetal"
"CACAGGCTCGAAGTAG-2","female","EN-fetal-late",0.430323602153151,"LateFetal"
"CACAGGCTCTCACTAT-2","female","EN-fetal-late",0.324704475173819,"LateFetal"
"CACAGGGAGGCAATAG-2","female","IN-fetal",-0.0462147031430983,"LateFetal"
"CACAGGGAGTGTTGTA-2","female","IN-fetal",0.270607822756831,"LateFetal"
"CACAGGGAGTTAGGCT-2","female","EN-fetal-late",-0.291376351356062,"LateFetal"
"CACAGGGAGTTGGATC-2","female","RG",0.0607838754988827,"LateFetal"
"CACATACAGGACACTT-2","female","EN-fetal-late",-0.295014741379349,"LateFetal"
"CACATTAAGAGGAAGG-2","female","EN-fetal-late",0.227576231170851,"LateFetal"
"CACATTAAGTTTAACG-2","female","EN-fetal-late",-0.638626958363823,"LateFetal"
"CACATTAAGTTTGCGG-2","female","IN-fetal",-1.0615776287735,"LateFetal"
"CACCAACCAATTAAGG-2","female","EN-fetal-late",0.417684323366302,"LateFetal"
"CACCAACCACAGACTC-2","female","EN-fetal-late",-0.953967338122859,"LateFetal"
"CACCAACCACCGTTCC-2","female","EN-fetal-late",0.148289258549283,"LateFetal"
"CACCAACCAGCCAGAA-2","female","EN-fetal-late",-0.594766849213459,"LateFetal"
"CACCGGTAGCTATGAC-2","female","EN-fetal-late",-1.07113476532971,"LateFetal"
"CACCGGTAGGAGTCGG-2","female","EN-fetal-late",-1.0710571234036,"LateFetal"
"CACCGGTAGGGATTAG-2","female","EN-fetal-late",-0.237020413694806,"LateFetal"
"CACCTCAGTACCGGAT-2","female","EN-fetal-late",0.486692741230651,"LateFetal"
"CACCTCAGTGGTTCTT-2","female","EN-fetal-late",-0.0130482491320239,"LateFetal"
"CACCTCAGTGTCCTGC-2","female","EN-fetal-late",-0.599142009726696,"LateFetal"
"CACCTGTTCAGGCCTA-2","female","EN-fetal-late",-0.389873751337878,"LateFetal"
"CACGCAATCCACCCTG-2","female","RG",-0.266764106461164,"LateFetal"
"CACGCAATCCGCAAGC-2","female","EN-fetal-late",0.3307687129574,"LateFetal"
"CACGCAATCGCAACAT-2","female","EN-fetal-late",0.0361434960344278,"LateFetal"
"CACGCTAAGAATGACG-2","female","IN-fetal",1.03989562406294,"LateFetal"
"CACGCTAAGAGAGCCG-2","female","EN-fetal-late",0.310083282866727,"LateFetal"
"CACGCTAAGCACAGAA-2","female","IN-fetal",-0.00340706477195686,"LateFetal"
"CACGCTAAGGTAAGGC-2","female","EN-fetal-late",0.262675462347383,"LateFetal"
"CACGCTAAGGTCGATT-2","female","IN-fetal",0.166294899436015,"LateFetal"
"CACTAAGGTTGTGACA-2","female","EN-fetal-late",-1.26112755543356,"LateFetal"
"CACTAGCCAAGATTCT-2","female","EN-fetal-late",0.0267313939254185,"LateFetal"
"CACTAGCCACCTACGG-2","female","EN-fetal-late",-0.638076335950224,"LateFetal"
"CACTAGCCACTATGGC-2","female","EN-fetal-late",0.0491411962566364,"LateFetal"
"CACTAGCCAGGTTAAA-2","female","EN-fetal-late",-0.398411370693841,"LateFetal"
"CACTAGCCATGAATCT-2","female","EN-fetal-late",-0.369842418486443,"LateFetal"
"CACTGACCAAACAACA-2","female","RG",-1.05404477611945,"LateFetal"
"CACTGACCAAGGACCA-2","female","EN-fetal-late",-1.4603048159757,"LateFetal"
"CACTTAAAGGCGGGTA-2","female","IN-fetal",1.53201271030669,"LateFetal"
"CACTTAAAGGGATGCG-2","female","EN-fetal-late",0.734537533302078,"LateFetal"
"CACTTTGTCAGTTCCC-2","female","RG",-0.194743942472999,"LateFetal"
"CACTTTGTCCTAGTCC-2","female","EN-fetal-late",-0.404594995398082,"LateFetal"
"CACTTTGTCGATTATG-2","female","EN-fetal-late",-0.196680109788503,"LateFetal"
"CAGAACCGTGCTCCAC-2","female","EN-fetal-late",-0.342138307823199,"LateFetal"
"CAGAACCGTTCACCAT-2","female","IN-fetal",0.400943628399275,"LateFetal"
"CAGAATCTCCTTAAGA-2","female","EN-fetal-late",-1.11569251410931,"LateFetal"
"CAGATTCAGGAGTAAT-2","female","EN-fetal-late",-0.463263842578723,"LateFetal"
"CAGCAAGCAAAGCTCC-2","female","EN-fetal-late",-0.284541826031528,"LateFetal"
"CAGCAAGCAATTGCGC-2","female","EN-fetal-late",0.133494453563797,"LateFetal"
"CAGCAAGCAGAGGCTA-2","female","EN-fetal-late",-0.31277784662225,"LateFetal"
"CAGCATGTCACGCATG-2","female","IN-fetal",0.413317615737532,"LateFetal"
"CAGCATGTCATGCAAC-2","female","EN-fetal-late",-0.599456403020859,"LateFetal"
"CAGCATGTCCAACTGG-2","female","EN-fetal-late",0.329594211480388,"LateFetal"
"CAGCATTAGAATCTCA-2","female","EN-fetal-late",-0.190938501662703,"LateFetal"
"CAGCATTAGGGATGAC-2","female","EN-fetal-late",0.292666679662388,"LateFetal"
"CAGCATTAGTAGCGCC-2","female","EN-fetal-late",-0.210430338064502,"LateFetal"
"CAGCATTAGTCCTGAG-2","female","IN-fetal",1.01619908531167,"LateFetal"
"CAGCCAATCAATGTCA-2","female","IN-fetal",-0.32383078194854,"LateFetal"
"CAGCCAATCACTCAAA-2","female","IN-fetal",-0.49065560109102,"LateFetal"
"CAGCCAATCAGCCAAT-2","female","EN-fetal-late",0.176287138068355,"LateFetal"
"CAGCCAATCCTTAGGG-2","female","EN-fetal-late",0.318815031715169,"LateFetal"
"CAGCCTAAGGATGATG-2","female","EN-fetal-late",0.619268209325397,"LateFetal"
"CAGCCTTTCAGGAACA-2","female","EN-fetal-late",-0.778561871282626,"LateFetal"
"CAGCCTTTCCCTCTAA-2","female","EN-fetal-late",0.688802137250986,"LateFetal"
"CAGCCTTTCGAGGAGT-2","female","EN-fetal-late",-0.538566182660289,"LateFetal"
"CAGCTAAGTCAATACG-2","female","EN-fetal-late",-0.0782348607026161,"LateFetal"
"CAGCTAAGTGGATTGC-2","female","OPC",0.750406916957761,"LateFetal"
"CAGCTATAGCACAGAA-2","female","EN-fetal-late",-1.1312970588496,"LateFetal"
"CAGCTATAGGCTTAAC-2","female","EN-fetal-late",-0.0861255648389868,"LateFetal"
"CAGCTATAGTTAGCTA-2","female","IN-fetal",0.498513451627034,"LateFetal"
"CAGCTCAAGGCCGGAA-2","female","IN-fetal",0.444495555143777,"LateFetal"
"CAGCTCAAGTGAGCAA-2","female","EN-fetal-late",0.900635956703088,"LateFetal"
"CAGCTCAAGTGAGGGT-2","female","EN-fetal-late",0.112494268604738,"LateFetal"
"CAGGACACAGCAAGTG-2","female","EN-fetal-late",0.242600015882046,"LateFetal"
"CAGGACACAGGTCCTG-2","female","EN-fetal-late",-0.585998598729077,"LateFetal"
"CAGGACCTCATTACGA-2","female","EN-fetal-late",-0.693755130134234,"LateFetal"
"CAGGATGCAAATATCC-2","female","EN-fetal-late",-0.88795497932005,"LateFetal"
"CAGGATGCAACTAGCC-2","female","EN-fetal-late",-1.19603737606483,"LateFetal"
"CAGGATGCACAGGATG-2","female","EN-fetal-late",0.174673095042066,"LateFetal"
"CAGGATGCACTTCATC-2","female","IN-fetal",0.279242663149528,"LateFetal"
"CAGGCTATCCAAGTTA-2","female","EN-fetal-late",-0.117973583141808,"LateFetal"
"CAGGCTATCCCTGTTA-2","female","IN-fetal",1.15352069536492,"LateFetal"
"CAGGCTATCCGCCTCA-2","female","EN-fetal-late",-0.0459785445922728,"LateFetal"
"CAGGGCTTCTTCAATC-2","female","EN-fetal-late",-0.431660375414331,"LateFetal"
"CAGGGCTTCTTGATGA-2","female","EN-fetal-late",-0.248258102504315,"LateFetal"
"CAGGGTGAGCTGTACG-2","female","EN-fetal-late",-1.07488305551658,"LateFetal"
"CAGGTCCAGCTAAGTC-2","female","IN-fetal",0.166870826388771,"LateFetal"
"CAGGTGGAGTTTGCGG-2","female","EN-fetal-late",-1.04654764669305,"LateFetal"
"CAGGTTAGTGTTTCAC-2","female","EN-fetal-late",-0.441747380403719,"LateFetal"
"CAGTACCCAAAGCTAA-2","female","IN-fetal",0.431037790664209,"LateFetal"
"CAGTACCCAAGCCAGA-2","female","EN-fetal-late",-0.118219525201009,"LateFetal"
"CAGTACCCACAGGAAT-2","female","EN-fetal-late",-0.472110508127229,"LateFetal"
"CAGTACCCAGCAAATA-2","female","EN-fetal-late",0.109944825243924,"LateFetal"
"CAGTACCCAGGCCATT-2","female","EN-fetal-late",0.138126598429205,"LateFetal"
"CAGTACCCAGTTGCGT-2","female","EN-fetal-late",0.435526353860659,"LateFetal"
"CAGTACCCATGCATAT-2","female","EN-fetal-late",0.254592600311872,"LateFetal"
"CAGTATGGTCATAACG-2","female","EN-fetal-late",-0.355284070670907,"LateFetal"
"CAGTATGGTTGTAACG-2","female","EN-fetal-late",0.0123954836748534,"LateFetal"
"CATAACGGTAACGGGA-2","female","IN-fetal",-0.397477427366812,"LateFetal"
"CATAACGGTCCCGAAG-2","female","EN-fetal-late",-0.0262012834004532,"LateFetal"
"CATAACGGTGCATTAG-2","female","EN-fetal-late",0.486671054484915,"LateFetal"
"CATAACGGTGGATTCA-2","female","EN-fetal-late",0.379151300253639,"LateFetal"
"CATAAGCTCACTCGCT-2","female","EN-fetal-late",0.295932502536341,"LateFetal"
"CATAAGCTCTTAGGGT-2","female","RG",0.593989684256015,"LateFetal"
"CATAAGCTCTTGTTCG-2","female","EN-fetal-late",-0.20985765495256,"LateFetal"
"CATAATCCACAGACTC-2","female","EN-fetal-late",-1.11657246411406,"LateFetal"
"CATAATCCAGCTAATT-2","female","IN-fetal",-0.333707404090422,"LateFetal"
"CATAATGTCACTAGGT-2","female","EN-fetal-late",0.646708070486448,"LateFetal"
"CATAATGTCCTAAATG-2","female","EN-fetal-late",0.359275284315841,"LateFetal"
"CATAATGTCGTTCACC-2","female","EN-fetal-late",-0.26277241757419,"LateFetal"
"CATAGACTCACTCAAA-2","female","EN-fetal-late",-0.230236768855146,"LateFetal"
"CATAGACTCAGCACGC-2","female","EN-fetal-late",-0.556826053403807,"LateFetal"
"CATAGACTCATCCACC-2","female","EN-fetal-late",0.53745831923577,"LateFetal"
"CATAGCTAGCGATAGA-2","female","EN-fetal-late",0.957498592417836,"LateFetal"
"CATAGCTAGGCAACAA-2","female","EN-fetal-late",0.181445537607764,"LateFetal"
"CATAGCTAGGGTCCAC-2","female","EN-fetal-late",0.240017699064334,"LateFetal"
"CATAGGCGTGAGCGAA-2","female","EN-fetal-late",-0.588855570077304,"LateFetal"
"CATAGGCGTTCAAGAT-2","female","EN-fetal-late",-0.109830098008179,"LateFetal"
"CATAGTCAGCCTCTCG-2","female","EN-fetal-late",-0.176650452650354,"LateFetal"
"CATAGTCAGGACAACA-2","female","EN-fetal-late",-0.233596198571275,"LateFetal"
"CATATCGCACTAAGTT-2","female","EN-fetal-late",-0.13239523296615,"LateFetal"
"CATCAATCACAAAGCG-2","female","EN-fetal-late",-0.752221064886249,"LateFetal"
"CATCAATCAGGATAAC-2","female","EN-fetal-late",-0.41992001219293,"LateFetal"
"CATCAATCAGTTAAAG-2","female","EN-fetal-late",0.197819691710602,"LateFetal"
"CATCAATCATCCGTAA-2","female","EN-fetal-late",0.295338585063015,"LateFetal"
"CATCAGCCAGGCTTCG-2","female","EN-fetal-late",-0.704133281141532,"LateFetal"
"CATCATAAGGAGTCTT-2","female","IN-fetal",0.0900136573713739,"LateFetal"
"CATCATAAGGCGCACT-2","female","IN-fetal",0.505768469534054,"LateFetal"
"CATCATAAGGTACCGC-2","female","IN-fetal",0.54502805506938,"LateFetal"
"CATCATAAGTTAGCTA-2","female","EN-fetal-late",-0.508415856014578,"LateFetal"
"CATCATGCAAGGTATA-2","female","EN-fetal-late",0.18195428944602,"LateFetal"
"CATCATGCAGAAATTG-2","female","IN-fetal",0.627630230957316,"LateFetal"
"CATCATGCAGTAAGTA-2","female","EN-fetal-late",-0.638333340961584,"LateFetal"
"CATCATGCATACCCGG-2","female","EN-fetal-late",-0.141512102716344,"LateFetal"
"CATCCCAGTACGGGTT-2","female","OPC",-0.353067464972554,"LateFetal"
"CATCCCAGTACGGTAC-2","female","IN-fetal",-0.495215939820496,"LateFetal"
"CATCCCAGTGTTGTAG-2","female","EN-fetal-late",-1.84341432503921,"LateFetal"
"CATCCCAGTTGAAGCC-2","female","EN-fetal-late",0.129132239447387,"LateFetal"
"CATCCTCAGACAGGTA-2","female","EN-fetal-late",0.0165703750719151,"LateFetal"
"CATCCTCAGGATAAAC-2","female","EN-fetal-late",-0.103265084876768,"LateFetal"
"CATCCTCAGGCATTGT-2","female","EN-fetal-late",0.522478939590415,"LateFetal"
"CATCCTGGTCTTGCTG-2","female","EN-fetal-late",0.923888969403582,"LateFetal"
"CATCCTGGTTAGCGTA-2","female","IN-fetal",0.0699498716930869,"LateFetal"
"CATCCTGGTTAGGTTG-2","female","IN-fetal",0.524409755393718,"LateFetal"
"CATCCTGGTTTATCGC-2","female","EN-fetal-late",-0.168046414631609,"LateFetal"
"CATCGCTTCTCGCCTG-2","female","EN-fetal-late",-0.16979621505248,"LateFetal"
"CATGAGGCAGCTAACC-2","female","EN-fetal-late",-0.57337762615074,"LateFetal"
"CATGAGGCATAGGCGA-2","female","EN-fetal-late",-0.855876442086563,"LateFetal"
"CATGAGGCATCAATCG-2","female","EN-fetal-late",0.885393162516973,"LateFetal"
"CATGCAAGTACTGATG-2","female","EN-fetal-late",-1.1427334785809,"LateFetal"
"CATGCAAGTTAGACCA-2","female","EN-fetal-late",-0.0271974404916717,"LateFetal"
"CATGCAAGTTGCACGG-2","female","EN-fetal-late",0.249428173436678,"LateFetal"
"CATGCATAGCATTATG-2","female","IN-fetal",0.761523217401662,"LateFetal"
"CATGCATAGTAGCCAT-2","female","EN-fetal-late",-0.963648985674403,"LateFetal"
"CATGCATAGTATTGGC-2","female","IN-fetal",0.132029384346016,"LateFetal"
"CATGCATAGTCCTTCA-2","female","EN-fetal-late",-0.25907210449075,"LateFetal"
"CATGCATAGTTATCTC-2","female","EN-fetal-late",0.558944119449011,"LateFetal"
"CATGCATAGTTGGATC-2","female","EN-fetal-late",-0.760183941306106,"LateFetal"
"CATGCGCAGACTTACA-2","female","EN-fetal-late",-0.780649866606125,"LateFetal"
"CATGCGGGTGACCTGG-2","female","EN-fetal-late",-0.456583532040776,"LateFetal"
"CATGCGGGTGGGTACT-2","female","EN-fetal-late",0.509376793650266,"LateFetal"
"CATGCGGGTGGTGAGA-2","female","EN-fetal-late",0.13663796353642,"LateFetal"
"CATGCGGGTTGCATCT-2","female","IN-fetal",-0.280251363956593,"LateFetal"
"CATGGCGGTCACAGCG-2","female","EN-fetal-late",0.00950791982452955,"LateFetal"
"CATGGCGGTTGAGGTC-2","female","IN-fetal",-0.667660599288162,"LateFetal"
"CATGGCGGTTGGGTTA-2","female","IN-fetal",0.622622156454469,"LateFetal"
"CATTATCTCCAATTAG-2","female","EN-fetal-late",0.54830011868933,"LateFetal"
"CATTATCTCCTGTTCA-2","female","EN-fetal-late",0.386122926785211,"LateFetal"
"CATTATCTCCTTCAAT-2","female","EN-fetal-late",-0.0488709565514611,"LateFetal"
"CATTATCTCGCTAGTG-2","female","EN-fetal-late",0.721790490767683,"LateFetal"
"CATTATGAGCTTAACA-2","female","EN-fetal-late",-1.0967524628325,"LateFetal"
"CATTATGAGGAAGCTA-2","female","EN-fetal-late",-0.125708545755202,"LateFetal"
"CATTATGAGGCCAATT-2","female","EN-fetal-late",1.19057345858829,"LateFetal"
"CATTCCTCAAGCCAGA-2","female","IN-fetal",0.215024729074373,"LateFetal"
"CATTCCTCATCTAGCA-2","female","EN-fetal-late",-0.317249255318741,"LateFetal"
"CATTCCTCATTGACAT-2","female","EN-fetal-late",-0.330179063857367,"LateFetal"
"CATTGCGAGAGGGACT-2","female","EN-fetal-late",-0.361313909727206,"LateFetal"
"CATTGCGAGCGATAGA-2","female","EN-fetal-late",0.0821625696544972,"LateFetal"
"CATTGTAAGGCAACAA-2","female","EN-fetal-late",0.924467838220122,"LateFetal"
"CATTGTGCAATCTCTC-2","female","EN-fetal-late",0.669435504824588,"LateFetal"
"CATTTGTTCATGCATA-2","female","IN-fetal",-0.0164989468571321,"LateFetal"
"CATTTGTTCGGGACTC-2","female","EN-fetal-late",-0.275572122807682,"LateFetal"
"CATTTGTTCTTGCATT-2","female","EN-fetal-late",0.250660868037994,"LateFetal"
"CCAAACCCACTAGCGT-2","female","EN-fetal-late",-0.561518856881854,"LateFetal"
"CCAAACCCATAATCAC-2","female","EN-fetal-late",0.0717875595259448,"LateFetal"
"CCAAACCCATGTTGCA-2","female","EN-fetal-late",0.265446749294249,"LateFetal"
"CCAAACTAGATAACCC-2","female","EN-fetal-late",-0.150606509367764,"LateFetal"
"CCAAACTAGCTTAACA-2","female","EN-fetal-late",0.696770944739803,"LateFetal"
"CCAAACTAGTAACGGA-2","female","EN-fetal-late",0.452587836001156,"LateFetal"
"CCAAATCAGAACAAGT-2","female","EN-fetal-late",-0.284409333959617,"LateFetal"
"CCAAATCAGTAACAGG-2","female","EN-fetal-late",-0.592343548111636,"LateFetal"
"CCAACATAGCACAGCC-2","female","EN-fetal-late",-0.0984931445671169,"LateFetal"
"CCAACATAGGCTCATG-2","female","EN-fetal-late",0.377378721209302,"LateFetal"
"CCAACCAAGGAGGACT-2","female","EN-fetal-late",0.301384644963795,"LateFetal"
"CCAACCCGTATTGAGT-2","female","EN-fetal-late",-0.519297772170564,"LateFetal"
"CCAACCCGTGAGAAAC-2","female","EN-fetal-late",0.285865115786544,"LateFetal"
"CCAAGTTAGCCGCAGT-2","female","EN-fetal-late",0.698765811651157,"LateFetal"
"CCAAGTTAGTGAGGTA-2","female","OPC",-0.570113269416147,"LateFetal"
"CCAAGTTAGTGTTGCG-2","female","EN-fetal-late",-0.390037460191349,"LateFetal"
"CCAATATCAACAGCCT-2","female","IN-fetal",0.0134867071637034,"LateFetal"
"CCAATATCAAGCCAGA-2","female","EN-fetal-late",-0.976731670753027,"LateFetal"
"CCAATATCAGGATTAA-2","female","EN-fetal-late",0.674143622033142,"LateFetal"
"CCAATATCATGTCGCG-2","female","EN-fetal-late",0.579595520525014,"LateFetal"
"CCACACAAGATAGACG-2","female","EN-fetal-late",-0.181150588225515,"LateFetal"
"CCACACAAGCCTGGTA-2","female","EN-fetal-late",-0.00325968624183069,"LateFetal"
"CCACAGGGTAACAGGG-2","female","EN-fetal-late",-0.580204276403632,"LateFetal"
"CCACAGGGTTACGCGG-2","female","IN-fetal",0.325898748820042,"LateFetal"
"CCACAGGGTTCGCTCA-2","female","EN-fetal-late",1.23821188703538,"LateFetal"
"CCACAGGGTTTGGTTC-2","female","EN-fetal-late",-0.488403797229832,"LateFetal"
"CCACATTGTCATTGAG-2","female","EN-fetal-late",0.0739860158623426,"LateFetal"
"CCACATTGTTATCCGT-2","female","EN-fetal-late",-1.55682888402506,"LateFetal"
"CCACTTGGTAGCTAAT-2","female","EN-fetal-late",0.462412873753131,"LateFetal"
"CCACTTGGTCCTTCTC-2","female","EN-fetal-late",-0.79251033281587,"LateFetal"
"CCACTTGGTGGCTTCC-2","female","IN-fetal",0.0507060270916554,"LateFetal"
"CCACTTGGTGTTGTGA-2","female","IN-fetal",0.510788842808976,"LateFetal"
"CCACTTGGTTTGTGGA-2","female","EN-fetal-late",-0.187342532028355,"LateFetal"
"CCAGACTCAAACTGTT-2","female","EN-fetal-late",-0.73462095822016,"LateFetal"
"CCAGCCTGTAAGGTCC-2","female","EN-fetal-late",-0.504310264589614,"LateFetal"
"CCAGCTAAGAGAGGCT-2","female","EN-fetal-late",0.198837654659819,"LateFetal"
"CCAGCTGCACGTTACA-2","female","EN-fetal-late",-0.108155778087558,"LateFetal"
"CCAGCTGCACTGGCTG-2","female","EN-fetal-late",0.138935512271437,"LateFetal"
"CCAGGAACAACAGCCT-2","female","EN-fetal-late",0.161388255805506,"LateFetal"
"CCAGGAACATACCCGG-2","female","IN-fetal",0.274232964344051,"LateFetal"
"CCAGGATGTCGTAAAT-2","female","EN-fetal-late",-0.510187456327459,"LateFetal"
"CCAGTTTGTATTGTGG-2","female","EN-fetal-late",0.295117547584654,"LateFetal"
"CCAGTTTGTGGGAACA-2","female","EN-fetal-late",-1.20328265549704,"LateFetal"
"CCAGTTTGTGTCCAAA-2","female","EN-fetal-late",0.404800889535023,"LateFetal"
"CCATAAATCAGGTTTA-2","female","EN-fetal-late",0.413515610617367,"LateFetal"
"CCATAAATCGCTCCAT-2","female","EN-fetal-late",0.322127500525301,"LateFetal"
"CCATAAGGTTAGTACG-2","female","IN-fetal",-0.611179605419053,"LateFetal"
"CCATAAGGTTGCGCGA-2","female","EN-fetal-late",0.0914316952144033,"LateFetal"
"CCATAATCAACCGCCA-2","female","EN-fetal-late",-1.00001264784126,"LateFetal"
"CCATAATCAGCAACCT-2","female","EN-fetal-late",-0.272104711001898,"LateFetal"
"CCATAATCAGCACGAA-2","female","EN-fetal-late",-0.527208253143192,"LateFetal"
"CCATAATCATAATGTC-2","female","Microglia",0.769232964667543,"LateFetal"
"CCATAGCCACCTGGTG-2","female","EN-fetal-late",1.25243141932096,"LateFetal"
"CCATAGCCATAGCTGC-2","female","EN-fetal-late",1.3993328095326,"LateFetal"
"CCATATTTCTAATTGG-2","female","EN-fetal-late",0.410177485375918,"LateFetal"
"CCATCACTCAGTTCCC-2","female","RG",0.16766015991522,"LateFetal"
"CCATCACTCCATTACT-2","female","EN-fetal-late",0.196950298450553,"LateFetal"
"CCATCACTCCTTCGTA-2","female","IN-fetal",-0.881573584043885,"LateFetal"
"CCATCACTCTTAGTGA-2","female","IN-fetal",1.05762180360356,"LateFetal"
"CCATCATGTGAACAAA-2","female","EN-fetal-late",0.34998464839232,"LateFetal"
"CCATTATTCGCTAGCA-2","female","EN-fetal-late",-0.829390903556296,"LateFetal"
"CCATTGTGTTAAGCCA-2","female","EN-fetal-late",-0.599378500385774,"LateFetal"
"CCATTGTGTTGCTTCG-2","female","EN-fetal-early",0.902762075348891,"LateFetal"
"CCCAAACCAGCCAGAA-2","female","EN-fetal-late",-0.463714228969573,"LateFetal"
"CCCAAATAGATGGAGC-2","female","EN-fetal-late",-0.144827968771147,"LateFetal"
"CCCAAATAGGCGAATA-2","female","EN-fetal-late",0.321530216294213,"LateFetal"
"CCCAAATAGTAACAGG-2","female","EN-fetal-late",-0.736849031702075,"LateFetal"
"CCCAACCGTGCTTTAC-2","female","EN-fetal-late",0.562440812348709,"LateFetal"
"CCCAGCACAATTTGGT-2","female","EN-fetal-late",0.879043313036266,"LateFetal"
"CCCAGCACACAGACTC-2","female","EN-fetal-late",-1.06433881716701,"LateFetal"
"CCCAGCACATCATGGC-2","female","EN-fetal-late",0.0919297877003472,"LateFetal"
"CCCAGTTTCAATGACC-2","female","EN-fetal-late",0.390556608490122,"LateFetal"
"CCCAGTTTCATTTGTC-2","female","RG",-1.04867970847088,"LateFetal"
"CCCAGTTTCTAATTGG-2","female","EN-fetal-late",-0.620440595062075,"LateFetal"
"CCCGCAACAAAGCTAA-2","female","EN-fetal-late",0.258132444605135,"LateFetal"
"CCCGCAACAATGCGCT-2","female","EN-fetal-late",0.217115999097497,"LateFetal"
"CCCGCAACAGTAGGAT-2","female","EN-fetal-late",-0.821788508505452,"LateFetal"
"CCCGCAACATACCCGG-2","female","EN-fetal-late",-0.509866367964792,"LateFetal"
"CCCGCTTCACCTCAGG-2","female","IN-fetal",0.652187757561908,"LateFetal"
"CCCGCTTCATCATGTG-2","female","IN-fetal",-0.190827577312579,"LateFetal"
"CCCGTAAAGACCATAC-2","female","EN-fetal-late",-0.826138515621875,"LateFetal"
"CCCGTAAAGGTGAAAT-2","female","EN-fetal-late",-0.875439526512134,"LateFetal"
"CCCGTAAAGTCCTTCA-2","female","IN-fetal",0.779931660823962,"LateFetal"
"CCCGTTGTCAGCATTA-2","female","IN-fetal",0.140566143400249,"LateFetal"
"CCCGTTGTCCGTCCAT-2","female","EN-fetal-late",1.689577829578,"LateFetal"
"CCCTAATGTGAATCGC-2","female","IN-fetal",0.736728943170753,"LateFetal"
"CCCTAATGTTAACGGC-2","female","EN-fetal-late",-0.288313565948959,"LateFetal"
"CCCTAATGTTACAACG-2","female","EN-fetal-late",-0.178343999238034,"LateFetal"
"CCCTCACCAAACGCGA-2","female","EN-fetal-late",0.0932160465762253,"LateFetal"
"CCCTCACCACCTGGTG-2","female","EN-fetal-late",-0.043696929722044,"LateFetal"
"CCCTCACCATGTCAGC-2","female","EN-fetal-late",0.964550297580776,"LateFetal"
"CCCTCAGTCGAGGAGT-2","female","EN-fetal-late",-0.841600606349173,"LateFetal"
"CCCTCAGTCTCACATT-2","female","IN-fetal",0.393077174756346,"LateFetal"
"CCCTCATAGCCGCTAA-2","female","IN-fetal",0.0494765140225283,"LateFetal"
"CCCTGGACAAGCTAAA-2","female","EN-fetal-late",0.0331571216724717,"LateFetal"
"CCCTGGACATAACGGG-2","female","EN-fetal-late",1.8454572809967,"LateFetal"
"CCCTGGACATAATGTC-2","female","IN-fetal",-0.497023853006803,"LateFetal"
"CCCTGGACATGTCAAT-2","female","EN-fetal-late",-0.409663718101488,"LateFetal"
"CCCTGTTAGCAGCTCA-2","female","EN-fetal-late",0.419951619295066,"LateFetal"
"CCCTGTTAGCGCATTG-2","female","EN-fetal-late",0.0301889362487509,"LateFetal"
"CCCTGTTAGCTATGAC-2","female","EN-fetal-late",-0.774273767533155,"LateFetal"
"CCCTGTTAGGAGGTTA-2","female","EN-fetal-late",-0.161306066747583,"LateFetal"
"CCCTGTTAGTAATCCA-2","female","EN-fetal-late",0.31296036633912,"LateFetal"
"CCCTTAATCATTTGCT-2","female","EN-fetal-late",0.896207671729978,"LateFetal"
"CCCTTAATCTACCTGC-2","female","EN-fetal-late",-1.26207008323535,"LateFetal"
"CCCTTAATCTATCGCC-2","female","EN-fetal-late",-0.00651258540350348,"LateFetal"
"CCGACAGGTGATTACG-2","female","EN-fetal-late",0.0309617779929459,"LateFetal"
"CCGACAGGTGGGTACT-2","female","IN-fetal",-0.464878545454429,"LateFetal"
"CCGACAGGTTACAACG-2","female","IN-fetal",0.695750668432852,"LateFetal"
"CCGATGCAGCGAGCGA-2","female","EN-fetal-late",-0.297709774368925,"LateFetal"
"CCGATGCAGCTTATGA-2","female","EN-fetal-late",0.95133437154146,"LateFetal"
"CCGATGCAGGCTACAT-2","female","EN-fetal-late",0.54165376540289,"LateFetal"
"CCGATGCAGTCTATGA-2","female","EN-fetal-late",-0.405909662202278,"LateFetal"
"CCGATGCAGTGAGAGC-2","female","EN-fetal-late",-0.723202611150619,"LateFetal"
"CCGCAAATCACCTGTC-2","female","EN-fetal-late",0.15399240862164,"LateFetal"
"CCGCAAATCATAACTG-2","female","EN-fetal-late",0.281292334755253,"LateFetal"
"CCGCAAATCTTGACCC-2","female","EN-fetal-late",-0.109182281799225,"LateFetal"
"CCGCAAATCTTGCATT-2","female","EN-fetal-late",0.72206796751885,"LateFetal"
"CCGCAAGGTGCGCATG-2","female","EN-fetal-late",-0.160040089382842,"LateFetal"
"CCGCACACAATTAGCT-2","female","EN-fetal-late",-0.339213779515208,"LateFetal"
"CCGCACACAGAAATTG-2","female","EN-fetal-late",0.152604798969859,"LateFetal"
"CCGCCAACAATAGCAA-2","female","EN-fetal-late",0.652703745481335,"LateFetal"
"CCGCCAACATGTCGCG-2","female","EN-fetal-late",0.243926126669228,"LateFetal"
"CCGCTAAAGATGGAGC-2","female","EN-fetal-late",0.382160586737051,"LateFetal"
"CCGCTAAAGCCTGATG-2","female","EN-fetal-late",-1.44261275766895,"LateFetal"
"CCGCTAAAGGACTTAC-2","female","EN-fetal-late",-0.502721622501932,"LateFetal"
"CCGCTAGCAGTTAAAG-2","female","EN-fetal-late",-0.192150457417825,"LateFetal"
"CCGCTAGCATTGCGAC-2","female","EN-fetal-late",-0.554399874142822,"LateFetal"
"CCGCTTAGTAAACAAG-2","female","IN-fetal",-0.214459460803192,"LateFetal"
"CCGCTTAGTAATGGAA-2","female","EN-fetal-late",0.299559626876967,"LateFetal"
"CCGCTTAGTCACGAAC-2","female","EN-fetal-late",0.326119570579234,"LateFetal"
"CCGCTTAGTCCGGTTC-2","female","EN-fetal-late",-0.46548309792839,"LateFetal"
"CCGCTTAGTGTTGTGA-2","female","EN-fetal-late",-0.834360485701641,"LateFetal"
"CCGCTTAGTTTGCTGT-2","female","EN-fetal-late",-0.571428962535332,"LateFetal"
"CCGGTAGGTAACAGGG-2","female","EN-fetal-late",0.0804499673730995,"LateFetal"
"CCGGTAGGTGTCCAAA-2","female","EN-fetal-late",-0.0617565377429899,"LateFetal"
"CCGGTAGGTTACAAAC-2","female","EN-fetal-late",0.0881230375479595,"LateFetal"
"CCGGTTAAGGCGGGTA-2","female","EN-fetal-late",-0.361512357151986,"LateFetal"
"CCGTGCTGTCAAACTG-2","female","EN-fetal-late",-0.397757297827355,"LateFetal"
"CCGTGCTGTCTAACAG-2","female","EN-fetal-late",0.796113026525814,"LateFetal"
"CCGTGCTGTGAACAAA-2","female","EN-fetal-late",-0.591845926517365,"LateFetal"
"CCGTGCTGTGTGCAAC-2","female","EN-fetal-late",-0.701190586952173,"LateFetal"
"CCGTGCTGTTATCCGT-2","female","EN-fetal-late",-0.730967479711035,"LateFetal"
"CCGTTAACAAAGGTAC-2","female","EN-fetal-late",-0.128816057847236,"LateFetal"
"CCGTTAACAAGCCAGA-2","female","EN-fetal-late",-1.11855636966881,"LateFetal"
"CCGTTAACAATATAGG-2","female","EN-fetal-late",0.381675781162021,"LateFetal"
"CCGTTAACACCTATAG-2","female","EN-fetal-late",-1.38704163291823,"LateFetal"
"CCGTTAACATAATGTC-2","female","EN-fetal-late",0.0544744864312569,"LateFetal"
"CCGTTACTCCTAATGA-2","female","EN-fetal-late",-0.265287638813196,"LateFetal"
"CCGTTACTCGGTACGC-2","female","EN-fetal-late",0.0959483933736362,"LateFetal"
"CCGTTACTCGTCAAGT-2","female","EN-fetal-late",-0.171856561147622,"LateFetal"
"CCGTTATGTCCTAACT-2","female","EN-fetal-late",0.426170792647754,"LateFetal"
"CCGTTATGTCGCGCAA-2","female","EN-fetal-late",-0.379590354819565,"LateFetal"
"CCGTTATGTGGGAACA-2","female","EN-fetal-late",-0.387553181413912,"LateFetal"
"CCGTTGCGTAAACAAG-2","female","IN-fetal",-0.19450400076073,"LateFetal"
"CCGTTGCGTCACCAAA-2","female","EN-fetal-late",0.980667348834153,"LateFetal"
"CCGTTGCGTGCGCATG-2","female","IN-fetal",0.20257685393841,"LateFetal"
"CCGTTTGGTTAGAGGG-2","female","RG",-0.467716925107405,"LateFetal"
"CCTAAAGGTATTACCC-2","female","EN-fetal-late",0.469892975683817,"LateFetal"
"CCTAAAGGTGTCCAGG-2","female","IN-fetal",-0.325838206346336,"LateFetal"
"CCTAAATCAACCGCCA-2","female","EN-fetal-late",1.17461023318874,"LateFetal"
"CCTAAATCAATATGGA-2","female","IN-fetal",-0.0036742049635339,"LateFetal"
"CCTAAATCAGGACCAA-2","female","EN-fetal-late",-0.606423812388955,"LateFetal"
"CCTAAATCATGCAACC-2","female","EN-fetal-late",0.223867022964296,"LateFetal"
"CCTAAGCCAGTAAAGC-2","female","EN-fetal-late",-0.215736555994504,"LateFetal"
"CCTAAGCCATGAGTTT-2","female","EN-fetal-late",-0.358113100813223,"LateFetal"
"CCTAAGCCATTGTGGC-2","female","EN-fetal-late",-0.191907864642594,"LateFetal"
"CCTAAGGTCACAGCCA-2","female","EN-fetal-late",-0.43651442522133,"LateFetal"
"CCTAAGGTCACAGCGC-2","female","EN-fetal-late",-0.672371976977489,"LateFetal"
"CCTAAGGTCCCTTGCG-2","female","EN-fetal-late",-0.0678403066667692,"LateFetal"
"CCTAAGTAGGAATAAC-2","female","EN-fetal-late",-0.556463901177354,"LateFetal"
"CCTAAGTAGTAAGAAC-2","female","EN-fetal-late",0.69820602082215,"LateFetal"
"CCTAATAAGCAATAGG-2","female","EN-fetal-late",0.355340840797893,"LateFetal"
"CCTACTGGTCATGAGC-2","female","EN-fetal-late",0.509539255978609,"LateFetal"
"CCTACTGGTCATGCAA-2","female","EN-fetal-late",-0.567015737928016,"LateFetal"
"CCTACTGGTGAGCACT-2","female","EN-fetal-late",-0.49914991050829,"LateFetal"
"CCTACTTCACAATGTT-2","female","EN-fetal-late",0.516306352911237,"LateFetal"
"CCTACTTCATTGTCCT-2","female","EN-fetal-late",0.067816394721685,"LateFetal"
"CCTAGTTGTAAGCACC-2","female","EN-fetal-late",0.17055649135908,"LateFetal"
"CCTAGTTGTATTGCAG-2","female","EN-fetal-late",-0.250484928482801,"LateFetal"
"CCTATAGCACAATGTT-2","female","EN-fetal-late",0.445758589051731,"LateFetal"
"CCTATAGCATCTAGCA-2","female","EN-fetal-late",2.02384419661304,"LateFetal"
"CCTATATTCCAAATCA-2","female","EN-fetal-late",-0.458098121223332,"LateFetal"
"CCTATTGTCGGTTTCC-2","female","EN-fetal-late",-0.908221749529536,"LateFetal"
"CCTATTTAGACAGGTA-2","female","IN-fetal",-0.557754158969264,"LateFetal"
"CCTATTTAGCGAGTAA-2","female","EN-fetal-late",-1.22776774655621,"LateFetal"
"CCTATTTAGCTTATGA-2","female","IN-fetal",0.255171460404714,"LateFetal"
"CCTATTTAGGCCAATT-2","female","EN-fetal-late",-0.509914412595753,"LateFetal"
"CCTCAAACAGCGCTTG-2","female","IN-fetal",0.944313452784831,"LateFetal"
"CCTCAAACATAATTGC-2","female","EN-fetal-late",-0.274514520277974,"LateFetal"
"CCTCAATGTCAAGACC-2","female","IN-fetal",0.367081680856175,"LateFetal"
"CCTCAATGTGTTTGAG-2","female","EN-fetal-late",-0.0548395620311598,"LateFetal"
"CCTCAATGTTTATCTG-2","female","EN-fetal-late",0.580418568151894,"LateFetal"
"CCTCAGTTCAAACTCA-2","female","EN-fetal-late",0.0374286560097663,"LateFetal"
"CCTCAGTTCTTAGTGA-2","female","EN-fetal-late",-0.702532409665639,"LateFetal"
"CCTCCTCTCAAACTCA-2","female","EN-fetal-late",0.608007680019611,"LateFetal"
"CCTCCTCTCATTCATC-2","female","EN-fetal-late",-0.619459479310158,"LateFetal"
"CCTCCTCTCGAAGTGA-2","female","EN-fetal-late",0.422070087344632,"LateFetal"
"CCTCCTCTCGAGCTAT-2","female","EN-fetal-late",0.285347473799837,"LateFetal"
"CCTCCTCTCGCTTCTA-2","female","EN-fetal-late",-0.0342012015089167,"LateFetal"
"CCTCCTCTCGTTAAGC-2","female","EN-fetal-late",0.109761986759945,"LateFetal"
"CCTCCTGAGAACCTGT-2","female","IN-fetal",0.503598492161904,"LateFetal"
"CCTCCTGAGACTTATG-2","female","EN-fetal-late",-0.821397687390259,"LateFetal"
"CCTCCTGAGCCGCAGT-2","female","EN-fetal-late",0.249259313034431,"LateFetal"
"CCTCCTGAGCGGCTGT-2","female","EN-fetal-late",0.601996544622442,"LateFetal"
"CCTCCTGAGTTTGGTA-2","female","EN-fetal-late",-0.303237612760192,"LateFetal"
"CCTGAATAGCACGTTG-2","female","EN-fetal-late",0.576884147210088,"LateFetal"
"CCTGAATAGCAGCTAT-2","female","EN-fetal-late",-0.131129715246095,"LateFetal"
"CCTGACTTCCGCATGA-2","female","EN-fetal-late",-0.254268018207387,"LateFetal"
"CCTGACTTCCTCGATC-2","female","EN-fetal-late",-0.723284763144276,"LateFetal"
"CCTGACTTCTTGAGGT-2","female","EN-fetal-late",-0.331505636463415,"LateFetal"
"CCTGAGTCAAGCCAGA-2","female","OPC",-0.00839978046861158,"LateFetal"
"CCTGAGTCACCAGGTT-2","female","EN-fetal-late",-0.582961164789591,"LateFetal"
"CCTGAGTCACCATATG-2","female","EN-fetal-late",-0.275249051974536,"LateFetal"
"CCTGATGAGAGCAAGC-2","female","IN-fetal",0.704470462057943,"LateFetal"
"CCTGATGAGAGGAGTC-2","female","EN-fetal-late",0.359814571170905,"LateFetal"
"CCTGATGAGGCATTGT-2","female","EN-fetal-late",-1.47652447785187,"LateFetal"
"CCTGATGAGTTCCTGC-2","female","EN-fetal-late",-0.351687587041146,"LateFetal"
"CCTGCTCCAACAGCCT-2","female","EN-fetal-late",0.0428288949855676,"LateFetal"
"CCTGGATCAGATTCAT-2","female","IN-fetal",1.74829562197614,"LateFetal"
"CCTGGATCAGTTTACG-2","female","EN-fetal-late",0.0580574899195006,"LateFetal"
"CCTGGTAAGTAACAGG-2","female","EN-fetal-late",-0.106894565794273,"LateFetal"
"CCTGGTAAGTCAATCA-2","female","EN-fetal-late",0.268032785643723,"LateFetal"
"CCTGTAACACAGAACG-2","female","EN-fetal-late",0.312024362300692,"LateFetal"
"CCTGTAACACCTACTT-2","female","EN-fetal-late",-0.509558778127598,"LateFetal"
"CCTGTAACACTTGTTC-2","female","EN-fetal-late",0.576262032404511,"LateFetal"
"CCTGTTGGTAATGACT-2","female","EN-fetal-late",-0.286020193636738,"LateFetal"
"CCTGTTGGTTACCGGG-2","female","EN-fetal-late",-1.02321356289065,"LateFetal"
"CCTTAACGTAAACAAG-2","female","EN-fetal-late",-0.328465539628875,"LateFetal"
"CCTTAACGTCCAAGAC-2","female","EN-fetal-late",0.515828664065786,"LateFetal"
"CCTTAACGTGAGGTAG-2","female","EN-fetal-late",-0.930680589105894,"LateFetal"
"CCTTAACGTTACTTCA-2","female","EN-fetal-late",-0.321123208452695,"LateFetal"
"CCTTACTCAAACATAG-2","female","IN-fetal",1.51351604826394,"LateFetal"
"CCTTACTCAATAATCC-2","female","EN-fetal-late",-0.180514790604392,"LateFetal"
"CCTTACTCAGTCTAGC-2","female","EN-fetal-late",-1.01826482994879,"LateFetal"
"CCTTAGTGTAACGAGG-2","female","EN-fetal-late",-0.897186547693566,"LateFetal"
"CCTTAGTGTGGGTACT-2","female","EN-fetal-late",0.700935586847445,"LateFetal"
"CCTTATGTCACAGCCA-2","female","IN-fetal",-0.0839073421100252,"LateFetal"
"CCTTATGTCATGTCAA-2","female","OPC",0.267440655205474,"LateFetal"
"CCTTATGTCCTCACTA-2","female","EN-fetal-late",-0.400952383438378,"LateFetal"
"CCTTATGTCGCACAAT-2","female","EN-fetal-late",0.917797068571565,"LateFetal"
"CCTTATGTCTCCATGC-2","female","EN-fetal-late",-1.03174924487341,"LateFetal"
"CCTTCAATCAAGCCTG-2","female","EN-fetal-late",-0.90380272160091,"LateFetal"
"CCTTCAATCTTGTCCA-2","female","IN-fetal",0.394379783778152,"LateFetal"
"CCTTCAGGTGATGATT-2","female","EN-fetal-late",-0.697350942984037,"LateFetal"
"CCTTCGGTCACTAGGT-2","female","EN-fetal-late",-0.233874433533153,"LateFetal"
"CCTTCGGTCTCACTCA-2","female","IN-fetal",0.0119720783617365,"LateFetal"
"CCTTCGGTCTTAGTCT-2","female","EN-fetal-late",-1.00227052403392,"LateFetal"
"CCTTGCGTCGATAACC-2","female","OPC",1.24226974197415,"LateFetal"
"CCTTGCGTCGTTACAA-2","female","EN-fetal-late",0.185362654999526,"LateFetal"
"CCTTGTTCACACAATT-2","female","EN-fetal-late",0.481636570001089,"LateFetal"
"CCTTGTTCACAGAACG-2","female","IN-fetal",-0.241019166079774,"LateFetal"
"CCTTTAGTCAACAAGG-2","female","IN-fetal",0.830790203785002,"LateFetal"
"CGAAATGAGGGTTATC-2","female","EN-fetal-late",-0.304445719032194,"LateFetal"
"CGAAATGAGTTGCGTG-2","female","EN-fetal-late",-0.0214827803519868,"LateFetal"
"CGAACAAAGACTTACA-2","female","IN-fetal",1.13788478958795,"LateFetal"
"CGAACAAAGATGGAGC-2","female","EN-fetal-late",-0.956482872396951,"LateFetal"
"CGAACAAAGGTCAAAG-2","female","EN-fetal-late",-0.856896149776451,"LateFetal"
"CGAACCGGTCCTAGTT-2","female","EN-fetal-late",0.182337060568445,"LateFetal"
"CGAACCGGTGAGCGAA-2","female","EN-fetal-late",-0.0175587373601658,"LateFetal"
"CGAACCGGTTGTTGTC-2","female","EN-fetal-late",-0.876768387311454,"LateFetal"
"CGAAGAATCGCGCTAA-2","female","EN-fetal-late",0.242344888090213,"LateFetal"
"CGAAGAATCTCACATT-2","female","EN-fetal-late",-0.171724664521669,"LateFetal"
"CGAAGCCTCAAAGGCA-2","female","EN-fetal-late",-0.440575448884324,"LateFetal"
"CGAAGCCTCGAGGTGG-2","female","IN-fetal",-0.5330540654779,"LateFetal"
"CGAAGCCTCGGTCATG-2","female","EN-fetal-late",-0.584672380461076,"LateFetal"
"CGAAGGCCAAGTAAGC-2","female","EN-fetal-late",-0.822039981435375,"LateFetal"
"CGAAGGCCAATCTCTC-2","female","EN-fetal-late",0.00646385223514314,"LateFetal"
"CGAAGGCCATAGTCAT-2","female","EN-fetal-late",0.22146921216794,"LateFetal"
"CGAATATGTTAGGCTA-2","female","EN-fetal-late",-0.222322105774028,"LateFetal"
"CGAATCTAGAAGCTAG-2","female","EN-fetal-late",-0.311409732718102,"LateFetal"
"CGAATCTAGCTCAATA-2","female","EN-fetal-late",-0.254412444993944,"LateFetal"
"CGAATCTAGCTCGCTT-2","female","EN-fetal-late",-0.369019030915946,"LateFetal"
"CGAATCTAGGCGAATA-2","female","EN-fetal-late",-0.346681354439535,"LateFetal"
"CGAATCTAGTAGCTTA-2","female","IN-fetal",0.33299537047713,"LateFetal"
"CGACAAGCAACTAACT-2","female","EN-fetal-late",-0.532091630807165,"LateFetal"
"CGACAAGCAAGGAATC-2","female","EN-fetal-late",-0.132078343127345,"LateFetal"
"CGACAAGCACTCGCTC-2","female","EN-fetal-late",-0.981332821563704,"LateFetal"
"CGACCTGCATAAGTCT-2","female","EN-fetal-late",-0.0697249564849855,"LateFetal"
"CGACCTGCATTAGGTT-2","female","EN-fetal-late",-0.792310110855034,"LateFetal"
"CGAGCGAAGCGGATTT-2","female","EN-fetal-late",-0.432719745079147,"LateFetal"
"CGAGCGAAGTGAAGTG-2","female","IN-fetal",1.08960900651226,"LateFetal"
"CGAGCTGGTCCTTCAG-2","female","EN-fetal-late",0.403161473108468,"LateFetal"
"CGAGCTGGTGATGATT-2","female","EN-fetal-late",-0.191746405198006,"LateFetal"
"CGAGCTGGTGGATGTC-2","female","EN-fetal-late",0.49117412182303,"LateFetal"
"CGAGGAAGTCAAGTAT-2","female","EN-fetal-late",0.980332304940005,"LateFetal"
"CGAGGAAGTCAATACG-2","female","EN-fetal-late",-0.905943442998726,"LateFetal"
"CGAGGCAAGCAAGGAC-2","female","EN-fetal-late",0.168977427419448,"LateFetal"
"CGAGGCAAGCGATACT-2","female","EN-fetal-late",-0.216508657162542,"LateFetal"
"CGAGGCAAGCGGCTGT-2","female","EN-fetal-late",1.56103890699327,"LateFetal"
"CGAGGCAAGGATTGCT-2","female","EN-fetal-late",0.207318093221059,"LateFetal"
"CGAGGCAAGGGCCACT-2","female","EN-fetal-late",0.102658484679747,"LateFetal"
"CGAGGTGAGCTAAAGG-2","female","EN-fetal-late",0.249473270945262,"LateFetal"
"CGAGGTGAGGGATGCG-2","female","IN-fetal",-0.305540950317722,"LateFetal"
"CGAGTCGGTAATCGGC-2","female","EN-fetal-late",0.697723483170019,"LateFetal"
"CGATCCTTCATGCTCC-2","female","EN-fetal-late",-0.256636037686093,"LateFetal"
"CGATCCTTCATTACAG-2","female","EN-fetal-late",0.212715779435712,"LateFetal"
"CGATCCTTCCCTCACG-2","female","EN-fetal-late",0.0102912395971819,"LateFetal"
"CGATCCTTCCTTAGGG-2","female","EN-fetal-late",0.0408506468993056,"LateFetal"
"CGATCCTTCTTAGCCC-2","female","EN-fetal-late",0.522589373604948,"LateFetal"
"CGATGTCCAAGGAATC-2","female","IN-fetal",-0.298977971136692,"LateFetal"
"CGATGTCCACCTACGG-2","female","EN-fetal-late",0.133280821448869,"LateFetal"
"CGATGTCCATTAAACC-2","female","EN-fetal-late",-0.365037458421126,"LateFetal"
"CGATGTCCATTGTGTG-2","female","EN-fetal-late",-0.325396434472023,"LateFetal"
"CGATTATCAAAGGCCA-2","female","EN-fetal-late",-0.640328421905794,"LateFetal"
"CGATTATCAATATAGG-2","female","EN-fetal-late",-0.215230719223038,"LateFetal"
"CGATTATCACAAAGGT-2","female","EN-fetal-late",-0.208021583118064,"LateFetal"
"CGATTCCTCGAGGAGT-2","female","EN-fetal-late",0.643988142584764,"LateFetal"
"CGATTCCTCGGCTATG-2","female","EN-fetal-late",-0.0531172207798148,"LateFetal"
"CGATTCCTCGGGCCAT-2","female","EN-fetal-late",0.153391668574914,"LateFetal"
"CGATTCCTCTTGCAGG-2","female","EN-fetal-late",0.746533149334382,"LateFetal"
"CGATTCCTCTTGCATT-2","female","EN-fetal-late",1.14619332693049,"LateFetal"
"CGATTTGCACCTCAGG-2","female","EN-fetal-late",0.297783025485517,"LateFetal"
"CGCAAATTCTTGCTAT-2","female","EN-fetal-late",0.25203000818637,"LateFetal"
"CGCAATAGTGACCTGG-2","female","EN-fetal-late",-0.0680261265853826,"LateFetal"
"CGCAATAGTGTTAGCA-2","female","IN-fetal",-0.312640594515546,"LateFetal"
"CGCAATCCAATCCCTT-2","female","EN-fetal-late",-0.81148222914205,"LateFetal"
"CGCAATCCAGAAATGC-2","female","EN-fetal-late",-0.298422250738017,"LateFetal"
"CGCAATCCATCCATCT-2","female","Endothelial",0.222121676190154,"LateFetal"
"CGCAATCCATGAATCT-2","female","IN-fetal",0.195094164791056,"LateFetal"
"CGCAATCCATGATTGT-2","female","EN-fetal-late",0.56695871232831,"LateFetal"
"CGCAATCCATTTAAGC-2","female","EN-fetal-late",-1.2105507148867,"LateFetal"
"CGCAATGTCAGCAAAG-2","female","EN-fetal-late",-0.444152825839544,"LateFetal"
"CGCAATGTCAGCCAAT-2","female","EN-fetal-late",1.06937573486542,"LateFetal"
"CGCAATGTCCAGGAAA-2","female","IN-fetal",-0.0692843795414083,"LateFetal"
"CGCAATGTCCGCAAAT-2","female","EN-fetal-late",-1.20108446358396,"LateFetal"
"CGCAATGTCCTAACGG-2","female","IN-fetal",-0.663239342718967,"LateFetal"
"CGCAATGTCGCAACAT-2","female","EN-fetal-late",-0.305687171014356,"LateFetal"
"CGCAATTAGGCATTGT-2","female","EN-fetal-late",0.848588639584297,"LateFetal"
"CGCAATTAGGCGCTTA-2","female","IN-fetal",0.276841378011483,"LateFetal"
"CGCAATTAGTCTATGA-2","female","EN-fetal-late",-0.894887434489451,"LateFetal"
"CGCACAATCCCTGGAA-2","female","IN-fetal",0.768045717763173,"LateFetal"
"CGCACACAGCCTTAAA-2","female","EN-fetal-late",0.164835805706784,"LateFetal"
"CGCACACAGCTGTACG-2","female","EN-fetal-late",-0.171706548239606,"LateFetal"
"CGCACACAGTTAGAGG-2","female","IN-fetal",0.979984473692337,"LateFetal"
"CGCACACAGTTATTCC-2","female","EN-fetal-late",1.26548514904646,"LateFetal"
"CGCACACAGTTGGGCC-2","female","IN-fetal",1.07804194098798,"LateFetal"
"CGCACCACAATGCGCT-2","female","EN-fetal-late",-0.193072393759473,"LateFetal"
"CGCACCACACATAGCC-2","female","EN-fetal-late",0.143123520914324,"LateFetal"
"CGCACCACAGCTTAAT-2","female","EN-fetal-late",-0.136799672088111,"LateFetal"
"CGCACCACAGTCTATG-2","female","RG",-0.26893152981471,"LateFetal"
"CGCATATAGAGGGACT-2","female","IN-fetal",-0.240332225228073,"LateFetal"
"CGCATATAGGCTACAT-2","female","EN-fetal-late",-1.22989781380938,"LateFetal"
"CGCATATAGTCCTTCA-2","female","EN-fetal-late",-0.148640610432452,"LateFetal"
"CGCATATAGTTCCTCA-2","female","OPC",0.704712275691536,"LateFetal"
"CGCATGATCAATGACC-2","female","EN-fetal-late",0.398279741547503,"LateFetal"
"CGCATGATCCCTGACT-2","female","Pericytes",-0.377816683588256,"LateFetal"
"CGCATGATCTTAGGAC-2","female","EN-fetal-late",-0.883602596776898,"LateFetal"
"CGCATTACACGTAATT-2","female","IN-fetal",-0.0471701706748547,"LateFetal"
"CGCATTACAGGAACTG-2","female","EN-fetal-late",-0.36221914430136,"LateFetal"
"CGCCAAATCCCTGACT-2","female","EN-fetal-late",0.576419419083027,"LateFetal"
"CGCCAAATCGTGCTTC-2","female","IN-fetal",0.425232309163471,"LateFetal"
"CGCCACACAACCGCCA-2","female","EN-fetal-late",-0.580897722473606,"LateFetal"
"CGCCACACACAGCCTG-2","female","EN-fetal-late",-1.7867135092578,"LateFetal"
"CGCCACACATAAGTCT-2","female","EN-fetal-late",-0.176783136233105,"LateFetal"
"CGCCTCATCAGCAAGA-2","female","EN-fetal-late",-0.840835250399282,"LateFetal"
"CGCCTCATCTCAATTC-2","female","EN-fetal-late",1.30612889682522,"LateFetal"
"CGCCTGTGTTTGGGCG-2","female","EN-fetal-late",-0.579364437980311,"LateFetal"
"CGCGATTCAAACATAG-2","female","EN-fetal-late",-0.24612202469057,"LateFetal"
"CGCGATTCACCAGCAT-2","female","EN-fetal-late",-0.0537086438765385,"LateFetal"
"CGCGATTCACCTATAG-2","female","EN-fetal-late",0.743476351757602,"LateFetal"
"CGCGATTCAGGACCAA-2","female","EN-fetal-late",-1.27698383990859,"LateFetal"
"CGCGATTCAGGTTACC-2","female","EN-fetal-late",-0.595049497352189,"LateFetal"
"CGCGGATTCCGCCTAT-2","female","IN-fetal",-0.0758444313929565,"LateFetal"
"CGCGGATTCGCAACAT-2","female","EN-fetal-late",0.218407459489941,"LateFetal"
"CGCGGATTCGGCCAGT-2","female","EN-fetal-late",0.268564960236637,"LateFetal"
"CGCTAACCAACTAACT-2","female","EN-fetal-late",0.0707243661337415,"LateFetal"
"CGCTAACCAATTGAAG-2","female","EN-fetal-late",0.512598772014029,"LateFetal"
"CGCTAATAGGACCTTG-2","female","EN-fetal-late",-0.525204582679388,"LateFetal"
"CGCTACTTCACCAATA-2","female","EN-fetal-late",-0.311063528192261,"LateFetal"
"CGCTACTTCATGAGCT-2","female","EN-fetal-late",-0.0450105941523905,"LateFetal"
"CGCTACTTCCTGCGAA-2","female","EN-fetal-late",-0.0107912014463975,"LateFetal"
"CGCTACTTCTTACTCG-2","female","IN-fetal",-0.289965663933824,"LateFetal"
"CGCTACTTCTTCAATC-2","female","EN-fetal-late",1.01048921898569,"LateFetal"
"CGCTATGAGGTCCTGA-2","female","EN-fetal-late",-0.444619020017722,"LateFetal"
"CGCTCAGCAACCCTCC-2","female","IN-fetal",0.25556202643644,"LateFetal"
"CGCTCAGCACGAATTT-2","female","IN-fetal",0.433704507236769,"LateFetal"
"CGCTCAGCAGCAAATA-2","female","EN-fetal-late",-1.07502074654214,"LateFetal"
"CGCTCAGCAGCTAACC-2","female","EN-fetal-late",-0.333273979708844,"LateFetal"
"CGCTCAGCAGGATGGC-2","female","EN-fetal-late",-0.545961892424753,"LateFetal"
"CGCTCAGCATTGTTGG-2","female","EN-fetal-late",-0.142243275445898,"LateFetal"
"CGCTCCATCCGGGACT-2","female","EN-fetal-late",-0.854360631071585,"LateFetal"
"CGCTCCATCTAACTGA-2","female","EN-fetal-late",-1.02967363154317,"LateFetal"
"CGCTGTGCAATAACCT-2","female","EN-fetal-late",-0.625254613311145,"LateFetal"
"CGCTTACTCAAACACC-2","female","EN-fetal-late",-1.80165937749406,"LateFetal"
"CGCTTACTCAATACGC-2","female","EN-fetal-late",-0.501046881289054,"LateFetal"
"CGCTTACTCACACAGT-2","female","EN-fetal-late",0.589914761836147,"LateFetal"
"CGCTTACTCAGGATGA-2","female","EN-fetal-late",1.41668995421596,"LateFetal"
"CGCTTACTCCGTGACA-2","female","IN-fetal",1.06781000485153,"LateFetal"
"CGCTTACTCGATTTAG-2","female","EN-fetal-late",0.0709687283397537,"LateFetal"
"CGCTTACTCGGCCATA-2","female","EN-fetal-late",-0.751560961676714,"LateFetal"
"CGCTTCTAGACAACAG-2","female","EN-fetal-late",-0.459942509856891,"LateFetal"
"CGCTTGCGTAAGCTTG-2","female","EN-fetal-late",0.167939508747752,"LateFetal"
"CGGAATCGTAGCTAAT-2","female","EN-fetal-late",0.142866297417264,"LateFetal"
"CGGAATCGTAGCTGCG-2","female","IN-fetal",-0.611049323540863,"LateFetal"
"CGGAATCGTCATGAGC-2","female","EN-fetal-late",-0.235582860800886,"LateFetal"
"CGGACAACATTAAAGG-2","female","EN-fetal-late",-0.192457380578896,"LateFetal"
"CGGACCTAGTGAACCT-2","female","EN-fetal-late",-0.720900624757636,"LateFetal"
"CGGAGCAAGCAAGGAC-2","female","IN-fetal",-0.128385794342389,"LateFetal"
"CGGAGCAAGGTGTCCA-2","female","EN-fetal-late",0.468520453329536,"LateFetal"
"CGGAGCAAGTTACTTC-2","female","EN-fetal-late",0.368841412934928,"LateFetal"
"CGGAGTCTCATGCGTG-2","female","EN-fetal-late",-1.26046794569978,"LateFetal"
"CGGAGTCTCGGCCATA-2","female","EN-fetal-late",-1.13555225831155,"LateFetal"
"CGGATAAAGGCATTGT-2","female","EN-fetal-late",-0.549129057279179,"LateFetal"
"CGGATAAAGTTTGAGC-2","female","IN-fetal",1.61727697354976,"LateFetal"
"CGGATTAGTAGCTGCG-2","female","EN-fetal-late",0.989391111229312,"LateFetal"
"CGGCAATGTCACGGAT-2","female","EN-fetal-late",0.131037813912216,"LateFetal"
"CGGCAATGTTAACAGT-2","female","EN-fetal-late",-0.288049494394639,"LateFetal"
"CGGCCATAGGGACCTC-2","female","EN-fetal-late",-0.886642885880919,"LateFetal"
"CGGCCATAGGGCTTTG-2","female","EN-fetal-late",-0.413271702789182,"LateFetal"
"CGGCTAATCAAGTGTC-2","female","EN-fetal-late",-0.108844144446848,"LateFetal"
"CGGCTAATCCCTCTAA-2","female","EN-fetal-late",0.476299371081599,"LateFetal"
"CGGCTCACAGCTCAAC-2","female","EN-fetal-late",-0.299925590168289,"LateFetal"
"CGGCTCACAGGTTAAA-2","female","EN-fetal-late",0.260191503069923,"LateFetal"
"CGGCTCACATTGTGGC-2","female","EN-fetal-late",0.01408105877839,"LateFetal"
"CGGGACAAGATAAAGC-2","female","EN-fetal-late",0.508897849787524,"LateFetal"
"CGGGACAAGCGCTCAA-2","female","IN-fetal",-0.133769932777595,"LateFetal"
"CGGGACAAGGTCGATT-2","female","IN-fetal",0.343963906335676,"LateFetal"
"CGGGACAAGTTTGCGG-2","female","EN-fetal-late",-0.172781811126143,"LateFetal"
"CGGGCTTAGCGATACT-2","female","IN-fetal",-0.101946953739019,"LateFetal"
"CGGGTATGTAAAGCGG-2","female","IN-fetal",0.269009618700525,"LateFetal"
"CGGGTATGTACCCACC-2","female","EN-fetal-late",0.563288408334884,"LateFetal"
"CGGGTATGTACGCGCA-2","female","EN-fetal-late",-0.510146117190106,"LateFetal"
"CGGGTCTAGAGGAAGG-2","female","EN-fetal-late",-0.134968844834966,"LateFetal"
"CGGGTCTAGATGGAGC-2","female","EN-fetal-late",0.159069694600745,"LateFetal"
"CGGGTCTAGGGTGAGT-2","female","EN-fetal-late",-0.698017591452593,"LateFetal"
"CGGGTCTAGGTTACAC-2","female","EN-fetal-late",-0.245023539112257,"LateFetal"
"CGGGTCTAGTAAGAAC-2","female","EN-fetal-late",0.0254984957774621,"LateFetal"
"CGGTAACGTGTTGCTT-2","female","IN-fetal",-0.874190277264758,"LateFetal"
"CGGTAACGTTTAACGG-2","female","IN-fetal",-0.211050615421067,"LateFetal"
"CGGTAACGTTTCGCCA-2","female","EN-fetal-late",0.148957263321833,"LateFetal"
"CGGTGAGAGGGCTAAA-2","female","IN-fetal",-0.0744489079204719,"LateFetal"
"CGGTGAGAGGTAACGA-2","female","EN-fetal-late",-0.225187052901226,"LateFetal"
"CGGTGAGAGGTGCTGC-2","female","EN-fetal-late",-1.96461726759512,"LateFetal"
"CGGTGAGAGTTTCCGC-2","female","EN-fetal-late",0.0949538093868332,"LateFetal"
"CGGTTATAGACAGGTA-2","female","EN-fetal-late",0.276843700758243,"LateFetal"
"CGGTTATAGATGGACA-2","female","EN-fetal-late",0.381094579191719,"LateFetal"
"CGGTTATAGTCAATCA-2","female","EN-fetal-late",-1.30732661378829,"LateFetal"
"CGGTTGGGTGAGACTC-2","female","EN-fetal-late",0.411484825675109,"LateFetal"
"CGGTTTGAGGCTATGT-2","female","EN-fetal-late",0.312103119404227,"LateFetal"
"CGGTTTGAGTTAGGCT-2","female","EN-fetal-late",-0.173179297098369,"LateFetal"
"CGTAACCCACTAAGTT-2","female","EN-fetal-late",-0.572337974771435,"LateFetal"
"CGTAACTAGGCAATAG-2","female","OPC",0.381168704876223,"LateFetal"
"CGTAATGGTTAGCATG-2","female","RG",-0.705994319403931,"LateFetal"
"CGTAATGGTTTAACGG-2","female","EN-fetal-late",-0.827995267971392,"LateFetal"
"CGTACGGGTCAAAGAA-2","female","IN-fetal",1.14251231190601,"LateFetal"
"CGTACGGGTTACAACG-2","female","IN-fetal",-0.326493523722469,"LateFetal"
"CGTACGGGTTAGGCTA-2","female","IN-fetal",0.520162020146085,"LateFetal"
"CGTACGGGTTATCCTA-2","female","IN-fetal",-0.490661960376348,"LateFetal"
"CGTAGCGGTATTCGTC-2","female","EN-fetal-late",0.582742495344442,"LateFetal"
"CGTAGTTAGGTTTGAC-2","female","EN-fetal-late",0.227870505270914,"LateFetal"
"CGTATTGCAACCTAAT-2","female","EN-fetal-late",-0.837239728751995,"LateFetal"
"CGTATTGCAGGCAAGC-2","female","EN-fetal-late",-0.754361960816679,"LateFetal"
"CGTCATTGTCCTTCTC-2","female","IN-fetal",-0.596168416103115,"LateFetal"
"CGTCATTGTGGTTATG-2","female","EN-fetal-late",0.459652334601902,"LateFetal"
"CGTCCTAGTAAGCACC-2","female","EN-fetal-late",-0.623378310786384,"LateFetal"
"CGTCCTAGTCGACTAA-2","female","EN-fetal-late",-0.0498319444895166,"LateFetal"
"CGTCCTAGTTATCGAG-2","female","EN-fetal-late",-0.712369500182535,"LateFetal"
"CGTGACATCCAGGTCA-2","female","IN-fetal",1.2832894293848,"LateFetal"
"CGTGAGGAGACAAGTG-2","female","EN-fetal-late",-0.378023020587549,"LateFetal"
"CGTGAGGAGATAGACG-2","female","EN-fetal-late",-0.00206305910509176,"LateFetal"
"CGTGAGGAGCATGACT-2","female","EN-fetal-late",0.837401681138925,"LateFetal"
"CGTGAGGAGCTTTGTT-2","female","EN-fetal-late",0.475906127229729,"LateFetal"
"CGTGAGGAGGTTAGCT-2","female","EN-fetal-late",0.0686543765558406,"LateFetal"
"CGTGCACAGGCACAGG-2","female","EN-fetal-late",0.432490261009065,"LateFetal"
"CGTGCACAGTAACGAG-2","female","EN-fetal-late",-0.309332436007836,"LateFetal"
"CGTGCACAGTTAACCA-2","female","EN-fetal-late",-0.39094610958766,"LateFetal"
"CGTGCTGCACTCAACA-2","female","RG",0.316753223092135,"LateFetal"
"CGTGCTGCATGTTGTG-2","female","EN-fetal-late",0.687799618243624,"LateFetal"
"CGTGCTTTCAGCAAAG-2","female","EN-fetal-late",0.578743742304686,"LateFetal"
"CGTGCTTTCGCAGGCT-2","female","EN-fetal-late",0.359677323958735,"LateFetal"
"CGTGCTTTCGTTAGTA-2","female","EN-fetal-late",-0.270236259311249,"LateFetal"
"CGTGGTTCAAATTGCT-2","female","IN-fetal",1.02582857177084,"LateFetal"
"CGTGGTTCAACCTGGT-2","female","EN-fetal-late",-0.527925422745999,"LateFetal"
"CGTGGTTCAATCCTGA-2","female","EN-fetal-late",-0.45646222254904,"LateFetal"
"CGTGGTTCACTTGTTC-2","female","EN-fetal-late",-0.0583016729968983,"LateFetal"
"CGTGGTTCAGAAACGT-2","female","EN-fetal-late",0.00754078156956428,"LateFetal"
"CGTGGTTCATAAGTCT-2","female","EN-fetal-late",0.0106386968411363,"LateFetal"
"CGTGGTTCATAATCCG-2","female","EN-fetal-late",-0.0433998678879931,"LateFetal"
"CGTGTGTCACTTACAG-2","female","EN-fetal-late",-0.50370514771732,"LateFetal"
"CGTGTTACAAGGTGCA-2","female","IN-fetal",-0.711960661468139,"LateFetal"
"CGTGTTACAATAGTCT-2","female","EN-fetal-late",-0.25378464791595,"LateFetal"
"CGTTAAATCATGAGCT-2","female","IN-fetal",0.502826632254111,"LateFetal"
"CGTTAAATCCTAATAG-2","female","EN-fetal-late",0.696975625533929,"LateFetal"
"CGTTAACAGGCTAGAA-2","female","EN-fetal-late",-0.737336970104214,"LateFetal"
"CGTTAACAGGGCTTTG-2","female","IN-fetal",-0.353557846778031,"LateFetal"
"CGTTAACAGGTTAGAG-2","female","EN-fetal-late",-0.387034449966372,"LateFetal"
"CGTTAACAGTTTCCTG-2","female","EN-fetal-late",1.41700656444268,"LateFetal"
"CGTTAGGTCTAGCTTT-2","female","EN-fetal-late",-0.350175749801764,"LateFetal"
"CGTTAGGTCTCACACC-2","female","EN-fetal-late",-1.86905089193708,"LateFetal"
"CGTTAGGTCTTTAAGG-2","female","EN-fetal-late",-0.820183562773208,"LateFetal"
"CGTTAGTAGAAGGTGC-2","female","IN-fetal",0.556728241128375,"LateFetal"
"CGTTAGTAGCTTCTCA-2","female","EN-fetal-late",-0.841215888497848,"LateFetal"
"CGTTATCGTCCAAGAC-2","female","EN-fetal-late",0.500341388246398,"LateFetal"
"CGTTGCAAGGCTGTCA-2","female","IN-fetal",-0.269771467042433,"LateFetal"
"CGTTGCAAGGTAACGA-2","female","EN-fetal-late",-0.0403571291269962,"LateFetal"
"CGTTGCGCAAAGGTAC-2","female","EN-fetal-late",-0.939411724235949,"LateFetal"
"CGTTGCGCAATGCCTA-2","female","EN-fetal-late",-0.258171125841676,"LateFetal"
"CGTTGCGCAGGTTAAA-2","female","EN-fetal-late",-0.0818251981837027,"LateFetal"
"CGTTGCGCATACCCGG-2","female","EN-fetal-late",-1.56942343469933,"LateFetal"
"CGTTGCGCATCATGGC-2","female","EN-fetal-late",0.557540504919044,"LateFetal"
"CGTTGCGCATGAATCT-2","female","EN-fetal-late",-0.157987998879516,"LateFetal"
"CGTTTCTCAATTGACT-2","female","EN-fetal-late",-0.653348090249385,"LateFetal"
"CGTTTGGAGCATCCAG-2","female","EN-fetal-late",-0.133971849011394,"LateFetal"
"CGTTTGGAGCCTGTGA-2","female","EN-fetal-late",-0.302064821095751,"LateFetal"
"CGTTTGGAGGCCTAAT-2","female","Microglia",0.228606304370845,"LateFetal"
"CGTTTGGAGTTAGCCG-2","female","EN-fetal-late",-0.547058404499162,"LateFetal"
"CTAAAGCTCCTCACTA-2","female","EN-fetal-late",-0.729862482948746,"LateFetal"
"CTAAAGCTCGTTTCGC-2","female","EN-fetal-late",-0.586329009463419,"LateFetal"
"CTAAATGTCACCTGTC-2","female","EN-fetal-late",0.119303777303561,"LateFetal"
"CTAAATGTCTGCAAAC-2","female","EN-fetal-late",0.0592964816804178,"LateFetal"
"CTAAATGTCTGCAAGT-2","female","EN-fetal-late",0.896761841591644,"LateFetal"
"CTAACCCTCACCGGTA-2","female","EN-fetal-late",0.129443487641484,"LateFetal"
"CTAACCCTCATAACGC-2","female","EN-fetal-late",0.124439379395718,"LateFetal"
"CTAACCCTCATGGCCA-2","female","EN-fetal-late",-0.46401239322691,"LateFetal"
"CTAACCCTCGAGCAAA-2","female","IN-fetal",-1.92008065089339,"LateFetal"
"CTAACCCTCGCAAACT-2","female","EN-fetal-late",-1.15763159064321,"LateFetal"
"CTAACCCTCGTTACAA-2","female","IN-fetal",-0.623703474527611,"LateFetal"
"CTAACCTGTAACGAGG-2","female","EN-fetal-late",-1.05911036390865,"LateFetal"
"CTAACCTGTTAAATGC-2","female","EN-fetal-late",0.230053230193863,"LateFetal"
"CTAAGGTTCAAGCTTA-2","female","EN-fetal-late",0.490412041131402,"LateFetal"
"CTAAGGTTCAATCTCT-2","female","IN-fetal",1.06885017484784,"LateFetal"
"CTAAGGTTCCCTGGTT-2","female","EN-fetal-late",0.260390941153817,"LateFetal"
"CTAAGGTTCCTAGTTT-2","female","EN-fetal-late",-0.632559338518873,"LateFetal"
"CTAAGGTTCCTCGATC-2","female","IN-fetal",0.401878517683488,"LateFetal"
"CTAAGGTTCTGTAAGC-2","female","EN-fetal-late",-0.162783005513462,"LateFetal"
"CTAAGTCAGACAGGCG-2","female","IN-fetal",0.458739614327473,"LateFetal"
"CTAAGTCAGGCATGTT-2","female","EN-fetal-late",-0.520715547208101,"LateFetal"
"CTAATAGTCACCAATA-2","female","IN-fetal",0.177285010290164,"LateFetal"
"CTAATAGTCAGGCTAT-2","female","EN-fetal-late",-0.540504938146799,"LateFetal"
"CTAATCCGTTGCTGGG-2","female","EN-fetal-late",0.456392818810585,"LateFetal"
"CTAATCCGTTGTTGTC-2","female","EN-fetal-late",-0.530368931922368,"LateFetal"
"CTAATCTTCACACAGT-2","female","EN-fetal-late",0.108578688554386,"LateFetal"
"CTAATCTTCATGCCTC-2","female","EN-fetal-late",-0.990440709409941,"LateFetal"
"CTAATCTTCTCGCCTG-2","female","EN-fetal-late",1.22493541919596,"LateFetal"
"CTAATTGAGCATTATG-2","female","EN-fetal-late",-1.01665009021758,"LateFetal"
"CTAATTGAGCCACATG-2","female","EN-fetal-late",0.488354441717019,"LateFetal"
"CTAATTGAGGGTGAAC-2","female","EN-fetal-late",-0.849396052555966,"LateFetal"
"CTACCGGCAACCTGGT-2","female","EN-fetal-late",-0.189493067959695,"LateFetal"
"CTACCGGCAGTTAAAG-2","female","EN-fetal-late",-0.399019047610271,"LateFetal"
"CTACCTCAGCCTCTCG-2","female","EN-fetal-late",-0.981688362227802,"LateFetal"
"CTACCTCAGCTTTGTT-2","female","EN-fetal-late",0.219513520297447,"LateFetal"
"CTACCTCAGGACCTTG-2","female","EN-fetal-late",0.718060460014545,"LateFetal"
"CTACCTCAGTATGTGC-2","female","EN-fetal-late",0.510752468162704,"LateFetal"
"CTACCTCAGTGAGGGT-2","female","EN-fetal-late",-1.48981995090126,"LateFetal"
"CTACGAAGTACCGAAC-2","female","EN-fetal-late",0.102238907328875,"LateFetal"
"CTACGAAGTAGGTGTC-2","female","EN-fetal-late",0.845213851775786,"LateFetal"
"CTACGAAGTTAAATGC-2","female","EN-fetal-late",0.193098834914257,"LateFetal"
"CTACGAAGTTTGGCTT-2","female","IN-fetal",0.40883274956608,"LateFetal"
"CTACTAAAGCATCCAG-2","female","EN-fetal-late",-0.0629154926135576,"LateFetal"
"CTACTAAAGCCACAAT-2","female","EN-fetal-late",0.229241019226718,"LateFetal"
"CTACTAAAGCCTGTGA-2","female","OPC",0.729943331985647,"LateFetal"
"CTACTAAAGTCAATCA-2","female","EN-fetal-late",-0.653001177165195,"LateFetal"
"CTACTAAAGTTATGTG-2","female","EN-fetal-late",0.302180071378674,"LateFetal"
"CTACTTAGTCCTAATC-2","female","EN-fetal-late",-0.588901994363615,"LateFetal"
"CTAGATTCACTGACTA-2","female","EN-fetal-late",-0.540837741982399,"LateFetal"
"CTAGCGGGTCATGCCC-2","female","EN-fetal-late",0.126478072642939,"LateFetal"
"CTAGCGGGTCCTTCTC-2","female","EN-fetal-late",0.674649181774393,"LateFetal"
"CTAGCGGGTGAGAAAC-2","female","EN-fetal-late",-0.778721343592694,"LateFetal"
"CTAGCTGAGAGAGCCG-2","female","EN-fetal-late",-1.10159390248458,"LateFetal"
"CTAGCTGAGTCATGCG-2","female","EN-fetal-late",-1.39635956141833,"LateFetal"
"CTAGCTTGTATTCGTC-2","female","EN-fetal-late",-0.366323710838789,"LateFetal"
"CTAGGACGTACCGTTT-2","female","RG",-0.667056870750316,"LateFetal"
"CTAGGACGTCGACTCC-2","female","IN-fetal",-0.228724752581152,"LateFetal"
"CTAGGACGTTAGAGCC-2","female","EN-fetal-late",-0.55453972645628,"LateFetal"
"CTAGGCGGTGTTTGTC-2","female","EN-fetal-late",-1.04756759081403,"LateFetal"
"CTAGTAATCACCTGCT-2","female","IN-fetal",1.59222746995495,"LateFetal"
"CTAGTAATCACGCCAA-2","female","EN-fetal-late",0.125556543193442,"LateFetal"
"CTAGTAATCCAGGTTG-2","female","EN-fetal-late",-0.563491501521811,"LateFetal"
"CTAGTAATCGAGCTAT-2","female","EN-fetal-late",1.02912574449856,"LateFetal"
"CTAGTAATCGCTATGG-2","female","EN-fetal-late",-0.536836520237098,"LateFetal"
"CTAGTAGGTAACGTGC-2","female","EN-fetal-late",-0.524965958144788,"LateFetal"
"CTAGTAGGTACTGATG-2","female","EN-fetal-late",-0.00010802969856447,"LateFetal"
"CTAGTAGGTTAACAGT-2","female","EN-fetal-late",-0.596673769257406,"LateFetal"
"CTAGTAGGTTTGGTTC-2","female","EN-fetal-late",0.113137324054943,"LateFetal"
"CTAGTAGGTTTGTTGC-2","female","EN-fetal-late",1.41211741715254,"LateFetal"
"CTAGTCGAGAATCTCA-2","female","IN-fetal",1.43126107176638,"LateFetal"
"CTAGTCGAGTAACTCA-2","female","EN-fetal-late",-0.843730354320682,"LateFetal"
"CTAGTTGCAAATGCCC-2","female","EN-fetal-late",-0.170908259428648,"LateFetal"
"CTATAACCAAATTCGT-2","female","EN-fetal-late",-0.16851850755686,"LateFetal"
"CTATGACAGGACGTAA-2","female","EN-fetal-late",1.49813674337297,"LateFetal"
"CTATGAGGTACGGTAC-2","female","IN-fetal",-0.513488424934534,"LateFetal"
"CTATGATCAAATACCT-2","female","EN-fetal-late",-1.49998917757008,"LateFetal"
"CTATGATCAATAATCC-2","female","EN-fetal-late",-0.16039676703322,"LateFetal"
"CTATGATCACACCAAC-2","female","EN-fetal-late",0.632625551293696,"LateFetal"
"CTATGATCAGGCTTGT-2","female","EN-fetal-late",-0.619525359859295,"LateFetal"
"CTATGATCAGGGAGGA-2","female","IN-fetal",-0.258861720618511,"LateFetal"
"CTATGATCATGTGGGA-2","female","EN-fetal-late",-1.04758895841335,"LateFetal"
"CTATGGCCAGGCCATT-2","female","EN-fetal-late",0.452047986805111,"LateFetal"
"CTATGGCCAGGCTTGT-2","female","EN-fetal-late",0.362297716018815,"LateFetal"
"CTATGTTTCACTCAAA-2","female","EN-fetal-late",-0.180900183102309,"LateFetal"
"CTATGTTTCAGGCCTA-2","female","EN-fetal-late",0.203817518655972,"LateFetal"
"CTATGTTTCATGCATA-2","female","EN-fetal-late",-0.384024243511878,"LateFetal"
"CTATGTTTCCCTCGCA-2","female","EN-fetal-late",-0.494925229344617,"LateFetal"
"CTATGTTTCGTTAGTA-2","female","EN-fetal-late",0.170694598955862,"LateFetal"
"CTATGTTTCGTTTCGC-2","female","EN-fetal-late",-0.163830039453022,"LateFetal"
"CTATTACTCGCTCACT-2","female","EN-fetal-late",-0.70633336370735,"LateFetal"
"CTATTCAGTATTCGTC-2","female","EN-fetal-late",-0.180793676366521,"LateFetal"
"CTATTCAGTCGTTACT-2","female","EN-fetal-late",-1.27857475484076,"LateFetal"
"CTATTGAAGAGAGGAG-2","female","Astrocytes",-0.478588609014392,"LateFetal"
"CTATTGAAGCCTGTTC-2","female","EN-fetal-late",-0.816338157311643,"LateFetal"
"CTCAATAAGGATTGCT-2","female","EN-fetal-late",-1.59517596210494,"LateFetal"
"CTCAATAAGGTGAGAC-2","female","EN-fetal-late",0.151180776160766,"LateFetal"
"CTCAATAAGTTTGGTA-2","female","IN-fetal",-0.288617714266173,"LateFetal"
"CTCACAACAGGAACAT-2","female","EN-fetal-late",0.52207428826212,"LateFetal"
"CTCACACTCCAACTGG-2","female","EN-fetal-late",-0.546082892692964,"LateFetal"
"CTCACACTCGGCTAGC-2","female","IN-fetal",-0.656769244674717,"LateFetal"
"CTCACACTCTATTGTC-2","female","EN-fetal-late",-0.0369092204746535,"LateFetal"
"CTCACACTCTCACTCA-2","female","EN-fetal-late",0.00123972272706971,"LateFetal"
"CTCACTCAGCACTTGG-2","female","EN-fetal-late",-0.170532339561225,"LateFetal"
"CTCACTCAGCGCTAAT-2","female","IN-fetal",-0.632677464696285,"LateFetal"
"CTCAGGATCTGCAAAC-2","female","EN-fetal-late",-0.149084877168832,"LateFetal"
"CTCAGGATCTGGCATG-2","female","EN-fetal-late",0.444844141473261,"LateFetal"
"CTCATCATCCGCAACA-2","female","EN-fetal-late",0.172820908012045,"LateFetal"
"CTCATCATCGTCAAGT-2","female","EN-fetal-late",-0.824741322351949,"LateFetal"
"CTCATGACAAAGCTAA-2","female","EN-fetal-late",0.773147540601673,"LateFetal"
"CTCATGACAACTAGAA-2","female","EN-fetal-late",-0.162858966213773,"LateFetal"
"CTCATGACAATTGCGC-2","female","RG",-0.42962002528032,"LateFetal"
"CTCATGACAGTAGCCT-2","female","EN-fetal-late",0.124531317345894,"LateFetal"
"CTCATGCTCCTCATGC-2","female","EN-fetal-late",0.885571219143047,"LateFetal"
"CTCATGCTCGGCCAGT-2","female","EN-fetal-late",0.439539170413181,"LateFetal"
"CTCATGCTCTTAGGGT-2","female","EN-fetal-late",0.0302568529109314,"LateFetal"
"CTCATTAGTTGCACAA-2","female","EN-fetal-late",0.51199483683482,"LateFetal"
"CTCATTAGTTGGTTCT-2","female","EN-fetal-late",0.627292613918582,"LateFetal"
"CTCATTAGTTGTTCAC-2","female","EN-fetal-late",0.0550514732646675,"LateFetal"
"CTCATTAGTTTGGGCG-2","female","EN-fetal-late",0.0304594642206948,"LateFetal"
"CTCATTGTCATGCCTC-2","female","EN-fetal-late",0.100630748216295,"LateFetal"
"CTCATTGTCCTGAATA-2","female","EN-fetal-late",-0.322906314422174,"LateFetal"
"CTCATTGTCTCAATGA-2","female","EN-fetal-late",0.11004868960177,"LateFetal"
"CTCATTGTCTGGCAAT-2","female","EN-fetal-late",-0.457097918135001,"LateFetal"
"CTCATTTAGGCTGTCA-2","female","EN-fetal-late",0.0507642583305001,"LateFetal"
"CTCATTTAGGGACCTC-2","female","EN-fetal-late",0.418952903708669,"LateFetal"
"CTCATTTAGTAAGTCC-2","female","EN-fetal-late",-2.04527385331331,"LateFetal"
"CTCATTTAGTCGCTAG-2","female","EN-fetal-late",0.165360113004644,"LateFetal"
"CTCATTTAGTGAACGA-2","female","EN-fetal-late",0.397138957344766,"LateFetal"
"CTCATTTAGTGTGATC-2","female","EN-fetal-late",0.645144580728114,"LateFetal"
"CTCCAAACACCCACAG-2","female","EN-fetal-late",0.185948555022138,"LateFetal"
"CTCCAAACACGGTTTA-2","female","EN-fetal-late",-0.0161848214493615,"LateFetal"
"CTCCAACTCCGGGACT-2","female","EN-fetal-late",-0.836312647847175,"LateFetal"
"CTCCAACTCTAGCGTG-2","female","EN-fetal-late",-0.471300365680269,"LateFetal"
"CTCCATCAGACTATTG-2","female","OPC",0.897902127419572,"LateFetal"
"CTCCATCAGCATGCAT-2","female","EN-fetal-late",0.216115989598194,"LateFetal"
"CTCCATCAGCTAAAGG-2","female","EN-fetal-late",-0.255409414101726,"LateFetal"
"CTCCCTGAGCACAGAA-2","female","EN-fetal-late",-0.214883243049424,"LateFetal"
"CTCCCTGAGCTCGCTT-2","female","EN-fetal-late",0.514690678924211,"LateFetal"
"CTCCCTGAGTCACCTC-2","female","EN-fetal-late",-0.10783516174504,"LateFetal"
"CTCCCTGAGTTAGCTA-2","female","EN-fetal-late",0.722146248352049,"LateFetal"
"CTCCGGACAGGTATTT-2","female","EN-fetal-late",-0.996447529982632,"LateFetal"
"CTCCTAATCCCTGGTT-2","female","EN-fetal-late",0.0705058975782925,"LateFetal"
"CTCCTAATCGAAGCGG-2","female","EN-fetal-late",-0.112426403813335,"LateFetal"
"CTCCTAATCGCTTGCT-2","female","EN-fetal-late",0.0225051504738494,"LateFetal"
"CTCCTAATCGTTACAA-2","female","EN-fetal-late",0.38464106847192,"LateFetal"
"CTCCTAATCTTACTCG-2","female","IN-fetal",0.489674879374972,"LateFetal"
"CTCCTAATCTTGAGCG-2","female","EN-fetal-late",0.163613265863899,"LateFetal"
"CTCCTCACAGGGAGCT-2","female","EN-fetal-late",-0.340996583467768,"LateFetal"
"CTCCTCACATAATGAG-2","female","EN-fetal-late",0.820428988073494,"LateFetal"
"CTCCTGAGTACAATGT-2","female","IN-fetal",-0.554028421678107,"LateFetal"
"CTCGACAAGAGGAGTC-2","female","EN-fetal-late",0.490690982611774,"LateFetal"
"CTCGACAAGGACGTAA-2","female","EN-fetal-late",-0.253810234396409,"LateFetal"
"CTCGACAAGGTCCTGA-2","female","EN-fetal-late",0.0579848063332877,"LateFetal"
"CTCGACAAGTCCTTCA-2","female","EN-fetal-late",0.0797655017397239,"LateFetal"
"CTCGACAAGTTAGCTA-2","female","EN-fetal-late",-0.559741593114295,"LateFetal"
"CTCGCTAGTAATAGCT-2","female","EN-fetal-late",-0.525598585219449,"LateFetal"
"CTCGCTAGTACAAAGA-2","female","EN-fetal-late",-0.958328595463781,"LateFetal"
"CTCGCTAGTAGTTACG-2","female","EN-fetal-late",-0.904684258798583,"LateFetal"
"CTCGCTAGTCCTAGTT-2","female","EN-fetal-late",-0.939596183815365,"LateFetal"
"CTCGCTCCAACACCTA-2","female","EN-fetal-late",0.525255368597615,"LateFetal"
"CTCGCTCCAACCCTCC-2","female","EN-fetal-late",0.146384477152082,"LateFetal"
"CTCGCTCCATAAGTCT-2","female","EN-fetal-late",-0.245129931793404,"LateFetal"
"CTCGTTATCCGTTAAA-2","female","EN-fetal-late",0.388676625291051,"LateFetal"
"CTCGTTATCCTCACTA-2","female","EN-fetal-late",0.317537958914736,"LateFetal"
"CTCTAAGCAATTTGGT-2","female","EN-fetal-late",0.127268013469334,"LateFetal"
"CTCTAAGCATTAAACC-2","female","EN-fetal-late",-0.693583987052073,"LateFetal"
"CTCTAGCTCCAAACAC-2","female","EN-fetal-late",0.0152924017780025,"LateFetal"
"CTCTAGCTCCCTCATA-2","female","EN-fetal-late",-0.613412972135761,"LateFetal"
"CTCTAGCTCGTAACGT-2","female","IN-fetal",0.16642073331529,"LateFetal"
"CTCTATGTCAGGGCCT-2","female","EN-fetal-late",0.681075227435804,"LateFetal"
"CTCTATGTCCCTCATA-2","female","IN-fetal",0.694937661120794,"LateFetal"
"CTCTCACAGTAACAGG-2","female","EN-fetal-late",-0.698388786068569,"LateFetal"
"CTCTCACAGTTTGGGT-2","female","EN-fetal-late",-0.140990136690966,"LateFetal"
"CTCTGTTCAACACCTA-2","female","IN-fetal",-0.48651653944128,"LateFetal"
"CTCTGTTCAATGCGCT-2","female","EN-fetal-late",-0.455867458800915,"LateFetal"
"CTCTGTTCACTAAGCC-2","female","EN-fetal-late",-0.599352437068719,"LateFetal"
"CTCTGTTCATCGCTCC-2","female","EN-fetal-late",-0.335376734094471,"LateFetal"
"CTCTTGATCGCAATCG-2","female","EN-fetal-late",-0.292674160142221,"LateFetal"
"CTCTTGATCGGGACCT-2","female","EN-fetal-late",0.479007786814789,"LateFetal"
"CTGAAACTCCCTGATC-2","female","EN-fetal-late",-0.864479125434565,"LateFetal"
"CTGAAACTCGAGCTAT-2","female","EN-fetal-late",-0.00886211764161893,"LateFetal"
"CTGAAACTCGCAACAT-2","female","IN-fetal",0.429374543349536,"LateFetal"
"CTGAAACTCGTTATAG-2","female","EN-fetal-late",-0.638371768596329,"LateFetal"
"CTGAATATCCTAACGG-2","female","RG",0.0716177770646291,"LateFetal"
"CTGAATATCGGTTACG-2","female","EN-fetal-late",-1.29087730230362,"LateFetal"
"CTGACATAGATACTTG-2","female","IN-fetal",0.226603471822246,"LateFetal"
"CTGACCAAGGACTTAC-2","female","EN-fetal-late",-0.282611198064331,"LateFetal"
"CTGACCAAGGTGAAAT-2","female","EN-fetal-late",0.183380978213958,"LateFetal"
"CTGACCAAGTCACGAT-2","female","IN-fetal",0.98275459528828,"LateFetal"
"CTGATCACAAACAACA-2","female","EN-fetal-late",-0.438163820047967,"LateFetal"
"CTGATCACACATACTG-2","female","EN-fetal-late",-0.857361770783359,"LateFetal"
"CTGATCACATAATGTC-2","female","IN-fetal",0.526873864500226,"LateFetal"
"CTGATCACATTGTGCA-2","female","EN-fetal-late",-0.188863376230337,"LateFetal"
"CTGCAATAGATGGAGC-2","female","EN-fetal-late",-0.148619437137855,"LateFetal"
"CTGCTACTCATTATGG-2","female","IN-fetal",1.17334124211108,"LateFetal"
"CTGCTACTCCGCATGA-2","female","IN-fetal",0.31733081105555,"LateFetal"
"CTGCTACTCCTAAGGT-2","female","IN-fetal",1.20121844472241,"LateFetal"
"CTGCTACTCGAGGAGT-2","female","EN-fetal-late",-0.303428768484031,"LateFetal"
"CTGCTACTCTAAGGAG-2","female","EN-fetal-late",-0.35207411059241,"LateFetal"
"CTGCTATGTTAGAGGG-2","female","EN-fetal-late",0.347508042868443,"LateFetal"
"CTGCTCCCAGGATAAC-2","female","EN-fetal-late",0.0108325641123161,"LateFetal"
"CTGCTCCCAGGATTAA-2","female","IN-fetal",-0.308430081659153,"LateFetal"
"CTGCTCCCATTAAGCT-2","female","EN-fetal-late",-0.442502268159585,"LateFetal"
"CTGGACCAGCCTGGTA-2","female","EN-fetal-late",-0.354552738578982,"LateFetal"
"CTGGACCAGGCTTAAC-2","female","EN-fetal-late",0.13938987307519,"LateFetal"
"CTGGACCAGGTCGATT-2","female","EN-fetal-late",-1.09768115458154,"LateFetal"
"CTGGACCAGTCATGCG-2","female","EN-fetal-late",0.135208721014522,"LateFetal"
"CTGGACCAGTTTGGGT-2","female","EN-fetal-late",-0.0261337145398071,"LateFetal"
"CTGGATGTCACTAATG-2","female","IN-fetal",1.43035423315409,"LateFetal"
"CTGGATGTCCTTGCGT-2","female","EN-fetal-late",-0.667637074840738,"LateFetal"
"CTGGATGTCTTACTCG-2","female","EN-fetal-late",-0.0487632215517954,"LateFetal"
"CTGGCTAAGACAAACG-2","female","EN-fetal-late",-0.521696591823394,"LateFetal"
"CTGGCTTTCAATGTGC-2","female","EN-fetal-late",0.219533556106179,"LateFetal"
"CTGGTAAGTATCTGGA-2","female","EN-fetal-late",-0.222737057539981,"LateFetal"
"CTGGTAAGTCACAGCG-2","female","EN-fetal-late",-0.965143211398346,"LateFetal"
"CTGGTAAGTCACTCGC-2","female","EN-fetal-late",-0.550200287949845,"LateFetal"
"CTGGTCAAGGAACCGG-2","female","EN-fetal-late",0.340519219651439,"LateFetal"
"CTGGTCAAGGACCGCT-2","female","EN-fetal-late",0.00149933927600983,"LateFetal"
"CTGGTCAAGTGACCTG-2","female","EN-fetal-late",0.198341074176126,"LateFetal"
"CTGGTTACAGAACCGA-2","female","EN-fetal-late",-0.11679850293173,"LateFetal"
"CTGGTTACAGGCTGTT-2","female","EN-fetal-late",-0.0288758804552293,"LateFetal"
"CTGGTTTGTGTTGCTT-2","female","EN-fetal-late",0.471024338548265,"LateFetal"
"CTGGTTTGTTTAACCC-2","female","EN-fetal-late",-0.245017408262204,"LateFetal"
"CTGGTTTGTTTGCGCC-2","female","EN-fetal-late",0.248871621637613,"LateFetal"
"CTGTAACAGCGAGTAA-2","female","EN-fetal-late",-0.335665099549706,"LateFetal"
"CTGTAACAGGAAGTAT-2","female","EN-fetal-late",-1.66990500430118,"LateFetal"
"CTGTAACAGGGCTAAA-2","female","EN-fetal-late",-0.547472844075373,"LateFetal"
"CTGTACCTCAGGATGA-2","female","EN-fetal-late",0.155781057820985,"LateFetal"
"CTGTACCTCCACCCTG-2","female","IN-fetal",-0.154631637723158,"LateFetal"
"CTGTACCTCCTAATAG-2","female","IN-fetal",0.21070006866515,"LateFetal"
"CTGTACCTCGTGCTTC-2","female","EN-fetal-late",1.73441033880906,"LateFetal"
"CTGTATTTCTCAATTC-2","female","EN-fetal-late",-0.462601609712123,"LateFetal"
"CTGTATTTCTTGACCC-2","female","IN-fetal",0.354879166927649,"LateFetal"
"CTGTGTGAGGACCGCT-2","female","OPC",0.150662100893271,"LateFetal"
"CTGTTAAAGAACCTGT-2","female","EN-fetal-late",-0.688762983682012,"LateFetal"
"CTGTTAAAGGGACTAA-2","female","EN-fetal-late",0.498214850963694,"LateFetal"
"CTGTTAAAGGTTAGAG-2","female","EN-fetal-late",-0.732130106483079,"LateFetal"
"CTGTTAAAGTTTGAGC-2","female","IN-fetal",-0.244939531958557,"LateFetal"
"CTGTTCATCCAAATCA-2","female","EN-fetal-late",0.996648709332484,"LateFetal"
"CTGTTCATCGATTTGA-2","female","EN-fetal-late",-0.258657244090004,"LateFetal"
"CTGTTCATCTTAGTCT-2","female","EN-fetal-late",-1.57662652340704,"LateFetal"
"CTGTTGGAGGCCTTAG-2","female","RG",0.38847223008898,"LateFetal"
"CTGTTGGAGGGCTTTG-2","female","EN-fetal-late",-0.265793799983404,"LateFetal"
"CTGTTTAGTAAACAAG-2","female","IN-fetal",-0.915308449613673,"LateFetal"
"CTGTTTAGTCATCATC-2","female","EN-fetal-late",0.548931515709052,"LateFetal"
"CTGTTTAGTCCTAATC-2","female","RG",0.605219996187837,"LateFetal"
"CTTAACAAGAGGAGGA-2","female","EN-fetal-late",-0.13144442937101,"LateFetal"
"CTTAACAAGCGATAAG-2","female","EN-fetal-late",-0.203136215407934,"LateFetal"
"CTTAACAAGGATAAAC-2","female","EN-fetal-late",-0.46948931658611,"LateFetal"
"CTTAAGATCATCCTAT-2","female","EN-fetal-late",-0.0987652087051955,"LateFetal"
"CTTAAGATCCACCTTA-2","female","IN-fetal",1.33285264558048,"LateFetal"
"CTTAAGATCGAAGCGG-2","female","EN-fetal-late",-0.636012155453911,"LateFetal"
"CTTAAGGGTAGCTGCG-2","female","EN-fetal-late",-0.549398973406093,"LateFetal"
"CTTAAGGGTGAAGCCT-2","female","EN-fetal-late",0.735942802278652,"LateFetal"
"CTTAAGGGTGCGCAAT-2","female","IN-fetal",0.605538216349735,"LateFetal"
"CTTAATGAGGCACAGG-2","female","IN-fetal",0.437359210564467,"LateFetal"
"CTTACCGGTACGTTTC-2","female","EN-fetal-late",0.381147868017488,"LateFetal"
"CTTACCGGTCATAACG-2","female","IN-fetal",0.580031507011662,"LateFetal"
"CTTACCTCACAGAAAC-2","female","EN-fetal-late",-0.614477112435389,"LateFetal"
"CTTACTAGTCATCAAG-2","female","IN-fetal",-0.822409353775928,"LateFetal"
"CTTACTAGTGCCGCAA-2","female","IN-fetal",0.418133317180223,"LateFetal"
"CTTACTAGTTCACCCA-2","female","EN-fetal-late",-0.453187776428091,"LateFetal"
"CTTAGGAGTGTCCAGG-2","female","EN-fetal-late",0.374783640319461,"LateFetal"
"CTTAGGAGTTACAAAC-2","female","EN-fetal-late",-0.313818810863302,"LateFetal"
"CTTAGGAGTTAGCTGA-2","female","OPC",-0.231788976449812,"LateFetal"
"CTTAGGAGTTCGCTCA-2","female","EN-fetal-late",0.289313423979938,"LateFetal"
"CTTAGTTTCAACAAGG-2","female","Pericytes",-0.771145555720197,"LateFetal"
"CTTAGTTTCATAACCA-2","female","EN-fetal-late",0.671607672664438,"LateFetal"
"CTTAGTTTCCTAATTC-2","female","IN-fetal",1.96560897557795,"LateFetal"
"CTTAGTTTCCTTAAGA-2","female","EN-fetal-late",-0.528875422350491,"LateFetal"
"CTTAGTTTCGCGACAC-2","female","EN-fetal-late",-0.867787684214435,"LateFetal"
"CTTAGTTTCGGTCAAT-2","female","EN-fetal-late",-0.50338525200256,"LateFetal"
"CTTAGTTTCTTCAATC-2","female","EN-fetal-late",-0.246180826820993,"LateFetal"
"CTTATTGGTTCCGCAC-2","female","EN-fetal-late",-1.09922342920598,"LateFetal"
"CTTCAAGCAAGCGAGC-2","female","EN-fetal-late",-0.0245906856734924,"LateFetal"
"CTTCAAGCAAGCGATG-2","female","EN-fetal-late",-1.39868882501471,"LateFetal"
"CTTCAAGCAATATACC-2","female","EN-fetal-late",-1.03048437653578,"LateFetal"
"CTTCAAGCAATCCCTT-2","female","EN-fetal-late",-0.103021925542688,"LateFetal"
"CTTCAAGCACTAAATC-2","female","IN-fetal",0.190796105612833,"LateFetal"
"CTTCAATTCATTTGCT-2","female","EN-fetal-late",-0.0103293265132097,"LateFetal"
"CTTCAATTCGCAAACT-2","female","EN-fetal-late",-0.158722525952567,"LateFetal"
"CTTCAATTCGCAACAT-2","female","EN-fetal-late",-0.865611280268423,"LateFetal"
"CTTCAATTCGCTAGAT-2","female","EN-fetal-late",0.550438476069589,"LateFetal"
"CTTCACTCAGCTTACA-2","female","EN-fetal-late",-0.706011063467835,"LateFetal"
"CTTCACTCAGGTTACC-2","female","EN-fetal-late",0.101642776797981,"LateFetal"
"CTTCACTCATGCTATG-2","female","EN-fetal-late",0.283989962298459,"LateFetal"
"CTTCAGGAGCTTAGTA-2","female","EN-fetal-late",-0.669165863339903,"LateFetal"
"CTTCATCCAACACTTG-2","female","EN-fetal-late",-0.394879889469211,"LateFetal"
"CTTCATCCAATTAGCT-2","female","EN-fetal-late",-0.245572027068631,"LateFetal"
"CTTCATCCATATTGAC-2","female","IN-fetal",0.571569005092878,"LateFetal"
"CTTCGCGTCAAACCTA-2","female","IN-fetal",-1.2553240312249,"LateFetal"
"CTTCGCGTCCAAGTTA-2","female","EN-fetal-late",-0.914726628102709,"LateFetal"
"CTTCGCGTCCGCAAAT-2","female","EN-fetal-late",-0.611992531967242,"LateFetal"
"CTTCGCGTCTACCTAT-2","female","EN-fetal-late",0.688474910898274,"LateFetal"
"CTTCGCGTCTTGACCC-2","female","EN-fetal-late",0.43573842922374,"LateFetal"
"CTTCGCGTCTTGCATT-2","female","EN-fetal-late",-0.239911265198589,"LateFetal"
"CTTCTAAGTCCCGGAA-2","female","IN-fetal",0.15911478395739,"LateFetal"
"CTTCTAAGTTTCCGGC-2","female","EN-fetal-late",-0.804302620123831,"LateFetal"
"CTTCTAAGTTTCGCCA-2","female","EN-fetal-late",-0.0537052240642091,"LateFetal"
"CTTCTCAAGCTATTGA-2","female","EN-fetal-late",0.186013428982618,"LateFetal"
"CTTCTCAAGGCTGTGC-2","female","EN-fetal-late",-0.843270677515926,"LateFetal"
"CTTCTCAAGGTAACGA-2","female","EN-fetal-late",-0.731102082630243,"LateFetal"
"CTTCTCAAGGTATTGC-2","female","EN-fetal-late",0.308993669507169,"LateFetal"
"CTTCTCAAGGTGTCCA-2","female","EN-fetal-late",-0.260762468279639,"LateFetal"
"CTTGAACAGCTATATG-2","female","EN-fetal-late",-1.13640532182866,"LateFetal"
"CTTGAACAGGATTGCT-2","female","EN-fetal-late",-0.0654090890506439,"LateFetal"
"CTTGAACAGTCTATGA-2","female","IN-fetal",0.070190801519596,"LateFetal"
"CTTGAATCATAGACCC-2","female","EN-fetal-late",-1.50167851452164,"LateFetal"
"CTTGAATCATAGCTGC-2","female","EN-fetal-late",-0.874009628701364,"LateFetal"
"CTTGACGAGGAGCACG-2","female","EN-fetal-late",0.00407164552710577,"LateFetal"
"CTTGCAACAAACAACA-2","female","EN-fetal-late",-0.0305996933792305,"LateFetal"
"CTTGCAACAACCCTAA-2","female","EN-fetal-late",0.120197565292859,"LateFetal"
"CTTGCAACAATAGTCT-2","female","IN-fetal",0.812283582444293,"LateFetal"
"CTTGCAACATAAGTTC-2","female","IN-fetal",0.272680034344763,"LateFetal"
"CTTGCGCGTCTCAGCC-2","female","EN-fetal-late",1.09306408982972,"LateFetal"
"CTTGCGCGTTGTCCAT-2","female","EN-fetal-late",-0.0818948841072899,"LateFetal"
"CTTGCTCAGGACAACA-2","female","EN-fetal-late",0.0196246201254078,"LateFetal"
"CTTGCTCAGTGTTGTA-2","female","IN-fetal",1.35466167437085,"LateFetal"
"CTTGGACCACCTCACC-2","female","IN-fetal",-0.287127190734842,"LateFetal"
"CTTGGACCAGCTTAGC-2","female","EN-fetal-late",-0.0600357283859962,"LateFetal"
"CTTGTAAAGCAAGGGT-2","female","EN-fetal-late",-0.336042632226641,"LateFetal"
"CTTGTAAAGCGAGCGA-2","female","EN-fetal-late",-0.381030486497549,"LateFetal"
"CTTGTAAAGTAACCCG-2","female","EN-fetal-late",0.165228604702377,"LateFetal"
"CTTGTAAAGTGTGATC-2","female","EN-fetal-late",-0.349587657014241,"LateFetal"
"CTTGTCCAGCCTGTTC-2","female","IN-fetal",0.104164229045703,"LateFetal"
"CTTGTCCAGGATGATG-2","female","EN-fetal-late",-0.663756926462086,"LateFetal"
"CTTGTTCCATTATGCG-2","female","EN-fetal-late",0.0844395955224776,"LateFetal"
"CTTGTTTAGGACGTAA-2","female","IN-fetal",1.48747698899314,"LateFetal"
"CTTGTTTAGTCAATTG-2","female","EN-fetal-late",-0.251204243180189,"LateFetal"
"CTTGTTTAGTGCTGTG-2","female","RG",0.596606470265472,"LateFetal"
"CTTTAGGCAAAGGCCA-2","female","EN-fetal-late",-1.47030593705053,"LateFetal"
"CTTTAGGCAAGGCCAA-2","female","IN-fetal",0.551105525425881,"LateFetal"
"CTTTAGTTCCAGGTCA-2","female","IN-fetal",0.780553038966116,"LateFetal"
"CTTTAGTTCCCTCATA-2","female","EN-fetal-late",0.120003813557863,"LateFetal"
"CTTTAGTTCGCTCACT-2","female","EN-fetal-late",-0.703628129797475,"LateFetal"
"CTTTAGTTCTTAGTGA-2","female","IN-fetal",0.497508985569741,"LateFetal"
"CTTTATGGTTCCATTA-2","female","EN-fetal-late",0.871910135735137,"LateFetal"
"CTTTATGGTTTAAAGC-2","female","EN-fetal-late",-0.615566150504171,"LateFetal"
"CTTTCTTGTCAATACG-2","female","EN-fetal-late",-0.0488708215914672,"LateFetal"
"CTTTCTTGTCGACTAA-2","female","OPC",0.534619511406913,"LateFetal"
"CTTTCTTGTTAATCGG-2","female","EN-fetal-late",0.349039356519766,"LateFetal"
"CTTTCTTGTTTGCGAA-2","female","EN-fetal-late",0.24413771660492,"LateFetal"
"CTTTGAGCAAGGTATA-2","female","EN-fetal-late",-0.0392243548473704,"LateFetal"
"CTTTGAGCACACCAAC-2","female","EN-fetal-late",0.749901011168627,"LateFetal"
"CTTTGGGAGAGAAGGG-2","female","EN-fetal-late",-0.484437579027506,"LateFetal"
"CTTTGGGAGTTTGCGG-2","female","EN-fetal-late",-1.28927392517289,"LateFetal"
"CTTTGGTGTGGTTCCC-2","female","EN-fetal-late",0.378407687488265,"LateFetal"
"GAAACCCGTATTCGTC-2","female","OPC",0.240595840493218,"LateFetal"
"GAAACCCGTTGCGGAT-2","female","EN-fetal-late",0.242775149077241,"LateFetal"
"GAAACTGAGTCATTAG-2","female","EN-fetal-late",0.572662864892797,"LateFetal"
"GAAAGCCAGGAGGCAT-2","female","EN-fetal-late",-0.327332107922797,"LateFetal"
"GAAAGCCAGGCATGAA-2","female","EN-fetal-late",-0.312097947166584,"LateFetal"
"GAAAGCCAGTGAGCAA-2","female","EN-fetal-late",-1.20544332727785,"LateFetal"
"GAAAGGCTCACATTGA-2","female","EN-fetal-late",0.68862315941741,"LateFetal"
"GAACACAAGCACAGAA-2","female","EN-fetal-late",-1.18389848588264,"LateFetal"
"GAACACAAGTCAATTG-2","female","EN-fetal-late",0.225260044468206,"LateFetal"
"GAACCAAAGGCTAAGA-2","female","IN-fetal",-0.166254215974315,"LateFetal"
"GAACCAGCAAATATCC-2","female","IN-fetal",0.338517064181317,"LateFetal"
"GAACCAGCAGGCATGA-2","female","EN-fetal-late",-0.930162372806749,"LateFetal"
"GAACCAGCAGGCTTGT-2","female","EN-fetal-late",-0.0710385900822415,"LateFetal"
"GAACCAGCAGTTAAAG-2","female","IN-fetal",0.54367023072088,"LateFetal"
"GAACCGCTCCACCTGT-2","female","IN-fetal",-0.288204390424353,"LateFetal"
"GAACCTTAGCAAGGAC-2","female","EN-fetal-late",-0.235217282600636,"LateFetal"
"GAACCTTAGCATGAAG-2","female","EN-fetal-late",-0.662981935571547,"LateFetal"
"GAACCTTAGCGGGCAA-2","female","EN-fetal-late",0.96210501202163,"LateFetal"
"GAACTTATCACTAATG-2","female","EN-fetal-late",0.0500921358182129,"LateFetal"
"GAACTTATCATTTAGG-2","female","EN-fetal-late",-0.460743735046479,"LateFetal"
"GAACTTATCCTAAGAC-2","female","EN-fetal-late",-0.173088441707939,"LateFetal"
"GAACTTATCGATTTAG-2","female","IN-fetal",-0.00833179069330191,"LateFetal"
"GAAGCCTGTAAACAAG-2","female","EN-fetal-late",0.109859256032139,"LateFetal"
"GAAGCCTGTATTGGAT-2","female","IN-fetal",0.896215815275555,"LateFetal"
"GAAGCCTGTCATCAAG-2","female","EN-fetal-late",-0.153422546450641,"LateFetal"
"GAAGCCTGTCGTAAAT-2","female","EN-fetal-late",0.243833548945501,"LateFetal"
"GAAGCCTGTTAAGTGT-2","female","EN-fetal-late",0.381653108606028,"LateFetal"
"GAAGCTAAGCAAACCT-2","female","EN-fetal-late",0.0569791197244895,"LateFetal"
"GAAGCTAAGCTTTGTT-2","female","EN-fetal-late",-1.00158679634141,"LateFetal"
"GAAGCTAAGGAGGACT-2","female","IN-fetal",0.851184556223435,"LateFetal"
"GAAGGAACAACACCTA-2","female","EN-fetal-late",-0.432401578942336,"LateFetal"
"GAAGGAACATCCATCT-2","female","EN-fetal-late",-1.25969619834163,"LateFetal"
"GAAGGATGTATTACCC-2","female","IN-fetal",0.462660786559664,"LateFetal"
"GAAGGCCCACTATGGC-2","female","IN-fetal",0.547485654809817,"LateFetal"
"GAAGGCCCATTATGGT-2","female","EN-fetal-late",0.263791507301991,"LateFetal"
"GAAGGCTAGGAAGTAT-2","female","EN-fetal-late",0.551510537381682,"LateFetal"
"GAAGGCTAGTTAGACC-2","female","IN-fetal",0.491293394217498,"LateFetal"
"GAAGTAAGTGATCAGC-2","female","IN-fetal",-0.346717108407928,"LateFetal"
"GAAGTATAGCAATAGG-2","female","OPC",0.17815665596207,"LateFetal"
"GAAGTATAGTCACTAA-2","female","EN-fetal-late",-0.0873792049840183,"LateFetal"
"GAAGTCAAGCATGTTA-2","female","EN-fetal-late",0.532925305542504,"LateFetal"
"GAAGTCAAGGCGGGTA-2","female","EN-fetal-late",-0.339879045477165,"LateFetal"
"GAAGTCAAGTGAGGGT-2","female","EN-fetal-late",-0.861419413583103,"LateFetal"
"GAAGTGATCATCAGTA-2","female","EN-fetal-late",0.292198319528027,"LateFetal"
"GAAGTGATCCCTCATA-2","female","EN-fetal-late",-0.686571446953779,"LateFetal"
"GAAGTGATCGCTCACT-2","female","EN-fetal-late",0.0140233195643618,"LateFetal"
"GAAGTGATCTATGACA-2","female","EN-fetal-late",0.0987592669874334,"LateFetal"
"GAATTTGTCACCTGTC-2","female","EN-fetal-late",0.441546758369056,"LateFetal"
"GAATTTGTCAGCAAGA-2","female","IN-fetal",-0.157136423552177,"LateFetal"
"GAATTTGTCATGTGGT-2","female","EN-fetal-late",-0.553919647790915,"LateFetal"
"GAATTTGTCATTGTCT-2","female","EN-fetal-late",0.702122818661294,"LateFetal"
"GAATTTGTCGCACACA-2","female","EN-fetal-late",-0.949996920954058,"LateFetal"
"GACAATACAAGCTAAA-2","female","EN-fetal-late",-0.357875068858623,"LateFetal"
"GACAATACAATTGACT-2","female","EN-fetal-late",0.148133370705612,"LateFetal"
"GACAATACATTGCAGC-2","female","EN-fetal-late",0.118389514337923,"LateFetal"
"GACACCGGTAATCACG-2","female","EN-fetal-late",-0.642422435345897,"LateFetal"
"GACACCGGTCAAAGAA-2","female","EN-fetal-late",-0.557411036406635,"LateFetal"
"GACATAGAGCTGGACC-2","female","EN-fetal-late",-0.280374699743874,"LateFetal"
"GACATTATCCTGATTT-2","female","EN-fetal-late",-0.331696520061024,"LateFetal"
"GACCGAACAACTGGGA-2","female","EN-fetal-late",-0.146454389686704,"LateFetal"
"GACCGAACAGGACACA-2","female","EN-fetal-late",0.112079951131559,"LateFetal"
"GACCGAACATCACAGC-2","female","EN-fetal-late",-0.230504836489425,"LateFetal"
"GACCGAACATGGCCTG-2","female","EN-fetal-late",0.579922772494305,"LateFetal"
"GACCGAACATTAAACC-2","female","EN-fetal-late",-0.100536052177209,"LateFetal"
"GACCGTTCAAGGTGGC-2","female","EN-fetal-late",-0.967831783193221,"LateFetal"
"GACCGTTCAATTAGGA-2","female","EN-fetal-late",-1.58876767533792,"LateFetal"
"GACCGTTCACCTGCCT-2","female","EN-fetal-late",-1.06937254008955,"LateFetal"
"GACCGTTCAGAAATGC-2","female","EN-fetal-late",0.865966308484134,"LateFetal"
"GACCGTTCAGTTATGT-2","female","EN-fetal-late",0.250554775435606,"LateFetal"
"GACCTAGTCAACAAGG-2","female","IN-fetal",0.120859281655244,"LateFetal"
"GACCTAGTCCAAGTGT-2","female","EN-fetal-late",-1.26168787893808,"LateFetal"
"GACCTAGTCCTAGTTT-2","female","OPC",0.336277923730382,"LateFetal"
"GACCTCAAGCGATACT-2","female","EN-fetal-late",0.712595444454977,"LateFetal"
"GACCTCAAGTAAGGGC-2","female","EN-fetal-late",-0.476811020799215,"LateFetal"
"GACCTGATCATAACCA-2","female","IN-fetal",0.140777441333492,"LateFetal"
"GACCTGATCCTAGTCC-2","female","EN-fetal-late",-0.280950306534729,"LateFetal"
"GACCTGCAGATGGACA-2","female","EN-fetal-late",-0.0606069063707386,"LateFetal"
"GACCTGCAGCGGATTT-2","female","IN-fetal",0.31612719923635,"LateFetal"
"GACCTGCAGCTTATGA-2","female","EN-fetal-late",-0.671712370121887,"LateFetal"
"GACCTGCAGGTCCTAG-2","female","EN-fetal-late",-0.88879313383497,"LateFetal"
"GACCTTTGTACTTAGG-2","female","IN-fetal",-0.627466766847537,"LateFetal"
"GACCTTTGTTACAAAC-2","female","EN-fetal-late",-1.46220038913176,"LateFetal"
"GACGCAACAGGAACTG-2","female","EN-fetal-late",0.202645271908628,"LateFetal"
"GACGCCTAGCGATACT-2","female","IN-fetal",0.09190682102634,"LateFetal"
"GACGCCTAGTTAGAGG-2","female","RG",-0.787773843651616,"LateFetal"
"GACGCCTAGTTAGTGC-2","female","EN-fetal-late",-0.111060214680592,"LateFetal"
"GACGTAAAGCACAGAA-2","female","IN-fetal",0.949330658411449,"LateFetal"
"GACGTAAAGGTTACAC-2","female","EN-fetal-late",-0.859729089386044,"LateFetal"
"GACGTAAAGTAGGATG-2","female","EN-fetal-late",-1.43683760648172,"LateFetal"
"GACTATTCAACAACAA-2","female","EN-fetal-late",0.767095144613693,"LateFetal"
"GACTATTCACATAACT-2","female","EN-fetal-late",-0.760569502485204,"LateFetal"
"GACTATTCAGGCATCT-2","female","IN-fetal",0.456848901206166,"LateFetal"
"GACTATTCATGAGCAG-2","female","EN-fetal-late",-0.172885750100162,"LateFetal"
"GACTTACAGGAACGGT-2","female","IN-fetal",-0.941342433224654,"LateFetal"
"GACTTACAGGACCTTG-2","female","EN-fetal-late",-0.395786368842077,"LateFetal"
"GACTTACAGGCGCTTA-2","female","EN-fetal-late",1.05956376687266,"LateFetal"
"GACTTAGGTCCTAATC-2","female","EN-fetal-late",0.389383813156285,"LateFetal"
"GACTTAGGTGATTACG-2","female","EN-fetal-late",0.844194219503606,"LateFetal"
"GACTTAGGTTATCCGT-2","female","EN-fetal-late",-0.493962271488546,"LateFetal"
"GACTTAGGTTATCCTA-2","female","IN-fetal",0.587542495936261,"LateFetal"
"GACTTGGTCAGCTAAC-2","female","EN-fetal-late",-0.210607772995343,"LateFetal"
"GACTTGGTCATGACCG-2","female","EN-fetal-late",-0.129515200824075,"LateFetal"
"GACTTGGTCTGTTGCC-2","female","IN-fetal",0.102951838155051,"LateFetal"
"GAGAAACGTCCAAATG-2","female","EN-fetal-late",-0.651972062660347,"LateFetal"
"GAGAAACGTGAACAAA-2","female","EN-fetal-late",0.601663505586779,"LateFetal"
"GAGAAACGTTAGCGTA-2","female","IN-fetal",0.6191018391097,"LateFetal"
"GAGAACCAGCGCTAAT-2","female","EN-fetal-late",0.297213105312123,"LateFetal"
"GAGAACCAGGACAATG-2","female","EN-fetal-late",0.107514286279897,"LateFetal"
"GAGAACCAGGCCTTAG-2","female","EN-fetal-late",0.669549810286221,"LateFetal"
"GAGAACCAGGCTACTG-2","female","EN-fetal-late",-0.0883051640982526,"LateFetal"
"GAGAACCAGGTTTGAC-2","female","EN-fetal-late",0.590854348890464,"LateFetal"
"GAGAACCAGTTTCCGC-2","female","EN-fetal-late",-0.354616009174153,"LateFetal"
"GAGAGGCGTTAGCTGA-2","female","EN-fetal-late",-0.687413631559504,"LateFetal"
"GAGATAAGTATTGGAT-2","female","IN-fetal",-0.214981924525453,"LateFetal"
"GAGATAAGTTAGCTGA-2","female","EN-fetal-late",-1.16389017200687,"LateFetal"
"GAGCAAATCAACAAGG-2","female","IN-fetal",0.898975950681737,"LateFetal"
"GAGCAAATCACACAGT-2","female","IN-fetal",0.461268878694598,"LateFetal"
"GAGCAAATCCAGGAAA-2","female","EN-fetal-late",-0.900407692426682,"LateFetal"
"GAGCAAATCCGGGACT-2","female","EN-fetal-late",-0.778129624996706,"LateFetal"
"GAGCAAGGTTAGGATT-2","female","EN-fetal-late",0.792631915039782,"LateFetal"
"GAGCAAGGTTCACCAT-2","female","EN-fetal-late",0.615690467542792,"LateFetal"
"GAGCATGCAGTTTCTC-2","female","EN-fetal-late",0.336519421206091,"LateFetal"
"GAGCCACTCATTAGTG-2","female","EN-fetal-late",0.0777993686725657,"LateFetal"
"GAGCCACTCCCTCAGT-2","female","EN-fetal-late",-1.31873407455337,"LateFetal"
"GAGCCTTCACGAATTT-2","female","EN-fetal-late",-0.170005796646128,"LateFetal"
"GAGCCTTCAGGCTACT-2","female","IN-fetal",0.997869875209878,"LateFetal"
"GAGCGATAGAGAGGAG-2","female","EN-fetal-late",-1.20977903577196,"LateFetal"
"GAGCGATAGGTGCTGC-2","female","EN-fetal-late",-0.47069005502036,"LateFetal"
"GAGCGATAGTGAACGA-2","female","EN-fetal-late",-0.201231160301093,"LateFetal"
"GAGCGGTCATCGCTCC-2","female","EN-fetal-late",-0.177669302094603,"LateFetal"
"GAGCTAGCAATGAGGT-2","female","EN-fetal-late",-0.646436183814594,"LateFetal"
"GAGCTAGCACCTATAG-2","female","EN-fetal-late",0.500329951533282,"LateFetal"
"GAGCTAGCAGCAAGGC-2","female","EN-fetal-late",-0.00795229948862356,"LateFetal"
"GAGCTGCTCCTGGTGA-2","female","EN-fetal-late",-1.34997732794339,"LateFetal"
"GAGCTTAGTTTGACCT-2","female","EN-fetal-late",0.144087382257725,"LateFetal"
"GAGCTTGTCTGGTCCT-2","female","IN-fetal",0.999624930928618,"LateFetal"
"GAGGACTAGGCGGATG-2","female","EN-fetal-late",-0.136998168082432,"LateFetal"
"GAGGACTAGTTGGCCA-2","female","IN-fetal",0.121218143866608,"LateFetal"
"GAGGAGGCAAACCTTG-2","female","EN-fetal-late",-0.239264343990233,"LateFetal"
"GAGGAGGCAAACGGGC-2","female","EN-fetal-late",0.0485899917948585,"LateFetal"
"GAGGAGGCAAAGGCCA-2","female","EN-fetal-late",-0.549789306230841,"LateFetal"
"GAGGAGGCAGTTAAAG-2","female","IN-fetal",-0.893849055565916,"LateFetal"
"GAGGCAAGTGAAACAA-2","female","IN-fetal",-0.572459295499374,"LateFetal"
"GAGGCAAGTTAGCGTA-2","female","IN-fetal",0.335647141421585,"LateFetal"
"GAGGCCTTCAAGCTTA-2","female","EN-fetal-late",-0.21288736110236,"LateFetal"
"GAGGCCTTCTTAAGTG-2","female","IN-fetal",-0.330122613028981,"LateFetal"
"GAGGCTACAATTGCGC-2","female","EN-fetal-late",0.149582000727218,"LateFetal"
"GAGGCTACACTCGCTC-2","female","EN-fetal-late",-0.685068292078285,"LateFetal"
"GAGGCTACAGGCTTCG-2","female","EN-fetal-late",0.0949464749202253,"LateFetal"
"GAGGCTTGTCACAGCG-2","female","EN-fetal-late",-0.478189962286731,"LateFetal"
"GAGGCTTGTGTTCCCA-2","female","IN-fetal",0.269296409121922,"LateFetal"
"GAGGGAGCACCTGTAA-2","female","EN-fetal-late",-0.401512597777932,"LateFetal"
"GAGGGAGCACGTTACA-2","female","EN-fetal-late",0.839513659025408,"LateFetal"
"GAGGTACAGCTCCCTG-2","female","Endothelial",0.773749261616752,"LateFetal"
"GAGGTAGGTACCTTAC-2","female","IN-fetal",0.0912459607805556,"LateFetal"
"GAGGTAGGTATTCGTC-2","female","IN-fetal",-0.08343307524739,"LateFetal"
"GAGGTAGGTCAAAGGG-2","female","EN-fetal-late",-0.384329449068268,"LateFetal"
"GAGGTAGGTCCAAGAC-2","female","EN-fetal-late",-0.417263070973854,"LateFetal"
"GAGGTAGGTGATGAAA-2","female","EN-fetal-late",-0.32817044418534,"LateFetal"
"GAGGTAGGTTCCATTA-2","female","EN-fetal-late",0.374618248208563,"LateFetal"
"GAGGTTAAGACTTACA-2","female","IN-fetal",0.452036424588134,"LateFetal"
"GAGGTTAAGCATGACT-2","female","EN-fetal-late",0.494133165725251,"LateFetal"
"GAGTAACCACTGACTA-2","female","EN-fetal-late",1.38503618691675,"LateFetal"
"GAGTAACCAGAGAGCC-2","female","IN-fetal",0.473434579299838,"LateFetal"
"GAGTAACCAGATTCAT-2","female","EN-fetal-late",0.492497199116331,"LateFetal"
"GAGTAATAGACACTTA-2","female","EN-fetal-late",-0.681441923961638,"LateFetal"
"GAGTAATAGGCTACTG-2","female","EN-fetal-late",0.0717292811793245,"LateFetal"
"GAGTAATAGTTGTCAA-2","female","EN-fetal-late",-0.796717381632449,"LateFetal"
"GAGTATCTCCCGCCTA-2","female","EN-fetal-late",-0.540833702503166,"LateFetal"
"GAGTATCTCCCTGACT-2","female","EN-fetal-late",0.316005928193523,"LateFetal"
"GAGTCAAAGCATGGTT-2","female","IN-fetal",0.0741994490910303,"LateFetal"
"GAGTCAAAGCTGCACA-2","female","EN-fetal-late",-0.643468002386439,"LateFetal"
"GAGTCAAAGGGTTATC-2","female","IN-fetal",0.420479263123549,"LateFetal"
"GAGTCAAAGGTTTGCG-2","female","EN-fetal-late",-0.345080057255784,"LateFetal"
"GAGTCATTCAAGCTTA-2","female","EN-fetal-late",0.387936885318261,"LateFetal"
"GAGTCATTCATGCATA-2","female","EN-fetal-late",-0.58339548433806,"LateFetal"
"GAGTCATTCGTTAACA-2","female","EN-fetal-late",-1.90857001256423,"LateFetal"
"GAGTCATTCTTAGTCT-2","female","EN-fetal-late",0.117934178032287,"LateFetal"
"GAGTGAGGTCCGTAGG-2","female","RG",0.257984594478374,"LateFetal"
"GAGTGAGGTTAGCCAA-2","female","EN-fetal-late",0.679714217308833,"LateFetal"
"GAGTGATCAGCAATAA-2","female","EN-fetal-late",-0.686952956969882,"LateFetal"
"GAGTGATCAGGAACCA-2","female","EN-fetal-late",0.527868919559132,"LateFetal"
"GAGTGTTTCAGGAACA-2","female","EN-fetal-late",0.302767293210491,"LateFetal"
"GAGTGTTTCTCCATGC-2","female","EN-fetal-late",-0.171069180051036,"LateFetal"
"GAGTTGCGTTGAGGTC-2","female","EN-fetal-late",-0.387724585221327,"LateFetal"
"GAGTTTGGTGTGTCCC-2","female","EN-fetal-late",-0.226560731467984,"LateFetal"
"GATAAAGGTGAGCAAG-2","female","EN-fetal-late",-0.0453042675796504,"LateFetal"
"GATAAAGGTGCTCACC-2","female","EN-fetal-late",0.567564977602206,"LateFetal"
"GATAAAGGTGTAATAC-2","female","IN-fetal",2.29070193019979,"LateFetal"
"GATAAAGGTTGAGCCG-2","female","EN-fetal-late",0.0716542921991697,"LateFetal"
"GATAAAGGTTTACGTC-2","female","EN-fetal-late",-1.38615561692616,"LateFetal"
"GATAACGAGAATGACG-2","female","EN-fetal-late",-0.378729416158944,"LateFetal"
"GATAACGAGTCACCAG-2","female","EN-fetal-late",-0.527786163985697,"LateFetal"
"GATAAGCCAACTAGAA-2","female","EN-fetal-late",-0.716621302229948,"LateFetal"
"GATAAGCCAGCAATAA-2","female","EN-fetal-late",0.398929600302021,"LateFetal"
"GATAATCGTCAAACTG-2","female","EN-fetal-late",-0.537151120156205,"LateFetal"
"GATAATCGTCAAAGAA-2","female","EN-fetal-late",0.403187874953996,"LateFetal"
"GATAATCGTGCAACTA-2","female","EN-fetal-late",-0.714844379523308,"LateFetal"
"GATAATCGTTTGCGCC-2","female","EN-fetal-late",-0.520226683444848,"LateFetal"
"GATAGACCAAGGTACG-2","female","EN-fetal-late",-0.661948556841166,"LateFetal"
"GATAGACCATGTCAAT-2","female","EN-fetal-late",-0.31108256646409,"LateFetal"
"GATCAAGAGGCTACTG-2","female","IN-fetal",0.129905016376026,"LateFetal"
"GATCAAGAGGTTTACA-2","female","EN-fetal-late",-0.348714026147427,"LateFetal"
"GATCACTAGCCGGTAC-2","female","EN-fetal-late",-0.677743948471802,"LateFetal"
"GATCACTAGGTCGAGG-2","female","EN-fetal-late",-1.05612642978093,"LateFetal"
"GATCACTAGTAGCGGG-2","female","EN-fetal-late",-0.714399786092255,"LateFetal"
"GATCACTAGTTTGCGG-2","female","EN-fetal-late",-0.163698750971898,"LateFetal"
"GATCAGGCAACTAACT-2","female","EN-fetal-late",0.11615724130781,"LateFetal"
"GATCAGGCAAGCTACC-2","female","EN-fetal-late",-0.123839917191961,"LateFetal"
"GATCAGGCATAAAGCA-2","female","EN-fetal-late",-0.0605820768634617,"LateFetal"
"GATCAGTTCCTCCATA-2","female","EN-fetal-late",-0.816697800109065,"LateFetal"
"GATCAGTTCTAACTGA-2","female","IN-fetal",0.189455556005973,"LateFetal"
"GATCAGTTCTCATCAT-2","female","RG",-0.0577531807356806,"LateFetal"
"GATCAGTTCTGTAATG-2","female","EN-fetal-late",0.383509860419862,"LateFetal"
"GATCCGTCACCTAATG-2","female","EN-fetal-late",0.592745602876224,"LateFetal"
"GATCCGTCAGCTAATT-2","female","EN-fetal-late",0.412661688734159,"LateFetal"
"GATCCGTCAGCTTAGC-2","female","EN-fetal-late",0.470928615902553,"LateFetal"
"GATCCGTCAGGCGAGT-2","female","EN-fetal-late",-0.770522109984203,"LateFetal"
"GATCCGTCATTGCGAC-2","female","IN-fetal",0.0392723005660058,"LateFetal"
"GATCGAGCACATAACT-2","female","IN-fetal",0.295920976492793,"LateFetal"
"GATCGAGCAGGCGAGT-2","female","EN-fetal-late",-0.819354839302051,"LateFetal"
"GATCGAGCAGTAGCCT-2","female","EN-fetal-late",0.13044638055828,"LateFetal"
"GATCGAGCATTGTGTG-2","female","EN-fetal-late",0.425487223903929,"LateFetal"
"GATCGAGCATTTAAGC-2","female","EN-fetal-late",-0.971109500976853,"LateFetal"
"GATCGATTCCACAATA-2","female","EN-fetal-late",-0.0276219645832749,"LateFetal"
"GATCGATTCGCTTCTA-2","female","EN-fetal-late",0.222128976698749,"LateFetal"
"GATCGCTCACGTAAGG-2","female","IN-fetal",1.06702721917746,"LateFetal"
"GATCGCTCATTAAACC-2","female","EN-fetal-late",-0.512956650597689,"LateFetal"
"GATGACTTCGCAATCG-2","female","EN-fetal-late",-0.76088729649527,"LateFetal"
"GATGACTTCGGGATTT-2","female","EN-fetal-late",0.155004149433446,"LateFetal"
"GATGACTTCTGTAATG-2","female","OPC",0.58917211903757,"LateFetal"
"GATGACTTCTGTTCAT-2","female","EN-fetal-late",-0.332779224699926,"LateFetal"
"GATGAGGGTACGCGCA-2","female","EN-fetal-late",-0.764350373415899,"LateFetal"
"GATGAGGGTGCTCACC-2","female","EN-fetal-late",-0.774994525274208,"LateFetal"
"GATGAGGGTTAGCAGC-2","female","IN-fetal",-0.162968993364158,"LateFetal"
"GATGCAGCATAGCTGC-2","female","EN-fetal-late",-0.457455376039555,"LateFetal"
"GATGCATTCACCTGCT-2","female","EN-fetal-late",-0.491277821085465,"LateFetal"
"GATGCATTCCTTGTTG-2","female","EN-fetal-late",-0.65361232929533,"LateFetal"
"GATGCTTAGCATGGTT-2","female","EN-fetal-late",-0.253313886508758,"LateFetal"
"GATGGACAGGACCTCA-2","female","EN-fetal-late",-0.769511187632804,"LateFetal"
"GATGGACAGGTGAAAT-2","female","EN-fetal-late",0.339281862799846,"LateFetal"
"GATGGACAGTGAGCGG-2","female","RG",0.148574974630763,"LateFetal"
"GATGGACAGTTGCCTC-2","female","EN-fetal-late",0.711547288978381,"LateFetal"
"GATGGCTGTACCGTAA-2","female","EN-fetal-late",-0.125773147849977,"LateFetal"
"GATTAAGCACCTGCCT-2","female","IN-fetal",0.261551054303656,"LateFetal"
"GATTAAGCAGCTACGT-2","female","EN-fetal-late",-0.359379773239281,"LateFetal"
"GATTACGGTCTTTATG-2","female","EN-fetal-late",-0.204854927037042,"LateFetal"
"GATTACGGTGCTTTAC-2","female","EN-fetal-late",-0.519791746454277,"LateFetal"
"GATTACTCAAGGGTTG-2","female","EN-fetal-late",-0.0674746642036266,"LateFetal"
"GATTAGCTCACAGACT-2","female","EN-fetal-late",0.00314096176473114,"LateFetal"
"GATTAGCTCCCGCAAA-2","female","EN-fetal-late",-0.320536632662369,"LateFetal"
"GATTAGCTCCCGTTAC-2","female","EN-fetal-late",0.109182520248355,"LateFetal"
"GATTAGCTCGTTATCT-2","female","EN-fetal-late",-0.910431946571028,"LateFetal"
"GATTAGCTCGTTTCCA-2","female","IN-fetal",-0.241788546262593,"LateFetal"
"GATTAGTGTCGAAGTC-2","female","EN-fetal-late",-0.46089788888256,"LateFetal"
"GATTAGTGTCGTTATC-2","female","EN-fetal-late",0.436219162569401,"LateFetal"
"GATTAGTGTGTCCTGC-2","female","EN-fetal-late",0.215832089812346,"LateFetal"
"GATTATGTCAAGTGTC-2","female","EN-fetal-late",-0.200274556469646,"LateFetal"
"GATTATGTCCTAATGA-2","female","EN-fetal-late",-0.760549172744196,"LateFetal"
"GATTCAATCATGCTTT-2","female","EN-fetal-late",0.85465665749739,"LateFetal"
"GATTCAATCGTTTCTG-2","female","EN-fetal-late",-0.259868971220673,"LateFetal"
"GATTCAGGTGCAATGC-2","female","EN-fetal-late",-0.513980101380131,"LateFetal"
"GATTCATCAGCAATAA-2","female","EN-fetal-late",-0.271006201892592,"LateFetal"
"GATTCCTGTCCTCCAA-2","female","EN-fetal-late",0.288365894898229,"LateFetal"
"GATTCCTGTTAGCCAA-2","female","IN-fetal",0.331203176194113,"LateFetal"
"GATTCGCCAGGCCAAA-2","female","EN-fetal-late",0.190655725603316,"LateFetal"
"GATTCGCCATAATCGT-2","female","IN-fetal",-0.0978984342441117,"LateFetal"
"GATTGATGTCGCGCAA-2","female","EN-fetal-late",0.635966648150059,"LateFetal"
"GATTGATGTGAGCGAA-2","female","IN-fetal",-0.537769812164028,"LateFetal"
"GATTGCAGTACCGGAT-2","female","EN-fetal-late",1.09585950712684,"LateFetal"
"GATTGCAGTGCTAGAC-2","female","EN-fetal-late",-0.371976760096055,"LateFetal"
"GATTGCAGTGGATTGC-2","female","IN-fetal",-0.634333311239136,"LateFetal"
"GATTGCAGTGGTTAGC-2","female","IN-fetal",-1.26029659373532,"LateFetal"
"GATTGCAGTGTCACGG-2","female","EN-fetal-late",-1.07220914545554,"LateFetal"
"GATTGCAGTGTTGTGA-2","female","EN-fetal-late",-0.391539943843037,"LateFetal"
"GATTGCAGTGTTTCAC-2","female","RG",1.08531302132375,"LateFetal"
"GATTGCAGTTCCGGCT-2","female","EN-fetal-late",0.198836751498988,"LateFetal"
"GATTGCAGTTGCCTCA-2","female","EN-fetal-late",-1.40845337877922,"LateFetal"
"GATTGCGTCAAGTGTC-2","female","EN-fetal-late",-0.299978083587653,"LateFetal"
"GATTGCGTCCTTGCGT-2","female","EN-fetal-late",-0.285591955410627,"LateFetal"
"GATTGCGTCGATATTG-2","female","EN-fetal-late",0.703386205706702,"LateFetal"
"GATTGCGTCTTAGGGT-2","female","EN-fetal-late",0.433957160196294,"LateFetal"
"GATTGGCGTACCAGGT-2","female","IN-fetal",0.46710694083857,"LateFetal"
"GATTGGCGTGGTTCTT-2","female","EN-fetal-late",0.257898972641517,"LateFetal"
"GATTGGTTCACTTTAC-2","female","EN-fetal-late",0.552478928704517,"LateFetal"
"GATTGGTTCATCAGTA-2","female","EN-fetal-late",-0.076450173447552,"LateFetal"
"GATTTGCAGAACAAGT-2","female","EN-fetal-late",-0.596997348323387,"LateFetal"
"GATTTGCAGAATCGCT-2","female","EN-fetal-late",-0.454768301044884,"LateFetal"
"GATTTGCAGCACTAGT-2","female","IN-CGE",0.209405959482271,"LateFetal"
"GCAAACCGTAACCAGC-2","female","IN-fetal",-0.840164039138304,"LateFetal"
"GCAAACCGTATTTGCC-2","female","EN-fetal-late",0.306862692135084,"LateFetal"
"GCAAACCGTGACATGC-2","female","EN-fetal-late",0.406898996183976,"LateFetal"
"GCAAACCGTGTTGCAA-2","female","EN-fetal-late",0.291249981963831,"LateFetal"
"GCAAACCGTTACAACG-2","female","EN-fetal-late",0.454207101238853,"LateFetal"
"GCAAACTTCATGTTTC-2","female","IN-fetal",0.969244418649025,"LateFetal"
"GCAAACTTCTAAGGAG-2","female","EN-fetal-late",0.0197863291334932,"LateFetal"
"GCAAACTTCTTGACCC-2","female","IN-fetal",0.56339767156503,"LateFetal"
"GCAACAGCAACGTGCT-2","female","IN-fetal",0.186882396731618,"LateFetal"
"GCAACAGCAATTAGGA-2","female","EN-fetal-late",-0.533059732603715,"LateFetal"
"GCAACAGCACAACAAA-2","female","EN-fetal-late",-0.085667909463965,"LateFetal"
"GCAACAGCACGTTACA-2","female","IN-fetal",0.00497052678451018,"LateFetal"
"GCAACAGCATAGTCAT-2","female","IN-fetal",1.04040154099365,"LateFetal"
"GCAAGCCTCAGCCAAT-2","female","EN-fetal-late",-0.729788490636852,"LateFetal"
"GCAAGCCTCTAGCTTT-2","female","IN-fetal",0.0494928532880069,"LateFetal"
"GCAAGTCGTAAAGCGG-2","female","IN-fetal",0.896615058859361,"LateFetal"
"GCAAGTCGTACGTTTC-2","female","EN-fetal-late",-0.372484215556111,"LateFetal"
"GCAAGTCGTGTGCACG-2","female","EN-fetal-late",-1.1178654873332,"LateFetal"
"GCAAGTGCAGGTTTGC-2","female","EN-fetal-late",0.0616783553546869,"LateFetal"
"GCAATAGAGTAACTCA-2","female","EN-fetal-late",1.23369056989511,"LateFetal"
"GCAATATGTCAAACTG-2","female","EN-fetal-late",0.776271032941496,"LateFetal"
"GCAATATGTCCTAATC-2","female","EN-fetal-late",1.54356494657809,"LateFetal"
"GCAATATGTTACAACG-2","female","IN-fetal",-0.520984979317254,"LateFetal"
"GCAATCTAGTTAGGCT-2","female","RG",1.22618583507023,"LateFetal"
"GCAATGAAGACAGGCG-2","female","EN-fetal-late",-0.804371040643613,"LateFetal"
"GCAATGAAGGAGCACG-2","female","EN-fetal-late",-0.839107947904084,"LateFetal"
"GCAATGAAGGCGCTTA-2","female","IN-fetal",1.15138095882979,"LateFetal"
"GCAATGAAGTAGCCAT-2","female","EN-fetal-late",-0.0551678042477106,"LateFetal"
"GCAATGAAGTTATTCC-2","female","EN-fetal-late",0.0830836048008808,"LateFetal"
"GCAATGTTCAGGTCCA-2","female","EN-fetal-late",-0.0304879949696124,"LateFetal"
"GCAATGTTCGGTTTCC-2","female","EN-fetal-late",-0.533613117072575,"LateFetal"
"GCAATGTTCTTAGTCT-2","female","EN-fetal-late",0.0738061106343452,"LateFetal"
"GCACATTAGCATGTCG-2","female","IN-fetal",0.0565494043239538,"LateFetal"
"GCACATTAGCTGGAAA-2","female","EN-fetal-late",-0.285646266162538,"LateFetal"
"GCACATTAGGCAAGTA-2","female","EN-fetal-late",-0.230483048496068,"LateFetal"
"GCACATTAGGGTTAGA-2","female","EN-fetal-late",-0.734246940301696,"LateFetal"
"GCACATTAGTGAGCGG-2","female","EN-fetal-late",-0.218235793510125,"LateFetal"
"GCACCTAAGGCGTAAA-2","female","IN-fetal",0.891753063189079,"LateFetal"
"GCACCTAAGTGAGCGG-2","female","RG",0.462976952206198,"LateFetal"
"GCACGAACAAACCTTG-2","female","EN-fetal-late",-0.639389365614127,"LateFetal"
"GCACGAACATTAAACC-2","female","IN-fetal",-1.20522316237994,"LateFetal"
"GCACGCTAGCATGGTT-2","female","EN-fetal-late",-0.487730599795986,"LateFetal"
"GCACGGTTCAAACACC-2","female","IN-fetal",-0.403572059402927,"LateFetal"
"GCACGGTTCACTTCAT-2","female","EN-fetal-late",0.816904446569228,"LateFetal"
"GCACGGTTCAGGTTTA-2","female","EN-fetal-late",-0.31963813935829,"LateFetal"
"GCACGGTTCATCCTAT-2","female","EN-fetal-late",-1.06426812562697,"LateFetal"
"GCACGGTTCCCGAACA-2","female","EN-fetal-late",-1.21202599394874,"LateFetal"
"GCACGGTTCGTAACGT-2","female","EN-fetal-late",-0.309335366562351,"LateFetal"
"GCACGGTTCGTGCCTT-2","female","EN-fetal-late",0.0292712954811941,"LateFetal"
"GCACGGTTCTAATTGG-2","female","IN-fetal",0.175640260646768,"LateFetal"
"GCACTTACACTGACCG-2","female","EN-fetal-late",0.456646630328551,"LateFetal"
"GCACTTACATGTCAAT-2","female","EN-fetal-late",-1.25490428523497,"LateFetal"
"GCAGCAACAACTAGAA-2","female","EN-fetal-late",-0.156588816233796,"LateFetal"
"GCAGCAACAATAGCAA-2","female","EN-fetal-late",0.081621271077581,"LateFetal"
"GCAGCAACAATTAAGG-2","female","EN-fetal-late",-1.10268922630652,"LateFetal"
"GCAGCAACAGCAAATA-2","female","RG",0.0930667291751187,"LateFetal"
"GCAGCCAGTAACAGGG-2","female","EN-fetal-late",-0.0273451175102129,"LateFetal"
"GCAGCCAGTAATTAGC-2","female","EN-fetal-late",-1.21364599701918,"LateFetal"
"GCAGCCAGTCACCTAT-2","female","EN-fetal-late",-0.750238261021935,"LateFetal"
"GCAGCCAGTCATTAGG-2","female","EN-fetal-late",0.248926304485487,"LateFetal"
"GCAGCCAGTCTTACTA-2","female","EN-fetal-late",0.265392405420255,"LateFetal"
"GCAGCTATCGGTCAGC-2","female","EN-fetal-late",0.369231877761637,"LateFetal"
"GCAGGAAGTACCGAAC-2","female","EN-fetal-late",0.0976924560973645,"LateFetal"
"GCAGGACCAGAGGGAG-2","female","EN-fetal-late",-0.397338945454602,"LateFetal"
"GCAGGACCAGCTTAAT-2","female","EN-fetal-late",-0.209541170276939,"LateFetal"
"GCAGGACCAGTAATAG-2","female","EN-fetal-late",-0.405359453112865,"LateFetal"
"GCAGGATAGCGCCTAA-2","female","EN-fetal-late",0.0103988187317752,"LateFetal"
"GCAGGATAGTGGCGGA-2","female","EN-fetal-late",-0.357687910822422,"LateFetal"
"GCAGGCAAGCAGGTTT-2","female","EN-fetal-late",-0.94481831407677,"LateFetal"
"GCAGGCAAGGCCGGAA-2","female","EN-fetal-late",-1.02969624373528,"LateFetal"
"GCAGGCTTCAAGTGAG-2","female","EN-fetal-late",-0.169309528169033,"LateFetal"
"GCAGGCTTCATGACCG-2","female","EN-fetal-late",0.724094950437841,"LateFetal"
"GCAGGCTTCCAAGTTA-2","female","EN-fetal-late",0.169332960150404,"LateFetal"
"GCAGGCTTCCGGTTGA-2","female","EN-fetal-late",0.497623394833291,"LateFetal"
"GCAGGCTTCCTGGTCT-2","female","EN-fetal-late",-0.215729535401877,"LateFetal"
"GCAGGTGAGTATGTGC-2","female","EN-fetal-late",-0.464805709194324,"LateFetal"
"GCAGGTGAGTCCTTTG-2","female","EN-fetal-late",0.33108879131703,"LateFetal"
"GCAGGTTGTAATCGCA-2","female","EN-fetal-late",-1.01829136900187,"LateFetal"
"GCAGGTTGTCCTTTAA-2","female","EN-fetal-late",-0.151025790375099,"LateFetal"
"GCATATATCCCTCGCA-2","female","EN-fetal-late",-0.530862085395159,"LateFetal"
"GCATATATCCTAAGAC-2","female","IN-fetal",-0.40611422979117,"LateFetal"
"GCATCCTTCATCCTAT-2","female","EN-fetal-late",-0.398387729631472,"LateFetal"
"GCATCCTTCTAATCCT-2","female","EN-fetal-late",0.330227147454133,"LateFetal"
"GCATGAAAGCAAGACA-2","female","EN-fetal-late",0.134476265879003,"LateFetal"
"GCATGAAAGGCAACAA-2","female","EN-fetal-late",-0.620806267563749,"LateFetal"
"GCATGAAAGGCGGGTA-2","female","EN-fetal-late",0.418412782082959,"LateFetal"
"GCATGAGCAGTAAAGC-2","female","EN-fetal-late",-1.22368550205605,"LateFetal"
"GCATTGCCAGCCTGCA-2","female","EN-fetal-late",0.58498850206733,"LateFetal"
"GCATTGCCAGTACCGT-2","female","EN-fetal-late",-0.878525184853744,"LateFetal"
"GCCAACATCCGCACAA-2","female","EN-fetal-late",0.813739667954559,"LateFetal"
"GCCAACATCTAAGTGC-2","female","EN-fetal-late",-0.243406658236279,"LateFetal"
"GCCAACATCTCACTCA-2","female","EN-fetal-late",-0.64732833540428,"LateFetal"
"GCCAACATCTGGTCCT-2","female","EN-fetal-late",-0.326723071130542,"LateFetal"
"GCCAATAGTTTGGGCG-2","female","EN-fetal-late",-0.168161739300703,"LateFetal"
"GCCAATTAGACACCGC-2","female","IN-fetal",0.621426834884374,"LateFetal"
"GCCAATTAGGACCTCA-2","female","IN-fetal",0.306248120838917,"LateFetal"
"GCCAATTAGGTAACGA-2","female","EN-fetal-late",-0.00655451601193551,"LateFetal"
"GCCAATTAGTTAGCTA-2","female","EN-fetal-late",0.82622613186382,"LateFetal"
"GCCACAATCATGTTTC-2","female","EN-fetal-late",-0.0913422389680611,"LateFetal"
"GCCACAATCGGTTCCT-2","female","EN-fetal-late",0.294853376921469,"LateFetal"
"GCCACACAGTCACCTC-2","female","EN-fetal-late",-0.273402950537743,"LateFetal"
"GCCACTAAGCTCAATA-2","female","IN-fetal",-0.0788501723719253,"LateFetal"
"GCCAGGAAGAGGGACT-2","female","IN-fetal",-0.00253984303747768,"LateFetal"
"GCCAGGAAGTCATTTC-2","female","EN-fetal-late",1.1299813344632,"LateFetal"
"GCCAGGTTCAAGTGAG-2","female","EN-fetal-late",-0.581575091376039,"LateFetal"
"GCCAGGTTCACTAGGT-2","female","RG",-0.469267445529108,"LateFetal"
"GCCAGGTTCCTTAGTT-2","female","EN-fetal-late",0.0211475054355772,"LateFetal"
"GCCAGGTTCCTTGCGT-2","female","EN-fetal-late",-0.20260513205982,"LateFetal"
"GCCATGATCCCGTTGT-2","female","EN-fetal-late",-0.659561343971934,"LateFetal"
"GCCATGATCCCTCAAC-2","female","EN-fetal-late",0.49813510725072,"LateFetal"
"GCCATTACAATGAATG-2","female","EN-fetal-late",-1.20771160293805,"LateFetal"
"GCCCATAAGCCTAATA-2","female","EN-fetal-late",-0.194696828801558,"LateFetal"
"GCCCATAAGCTGTCAG-2","female","EN-fetal-late",0.206451156141224,"LateFetal"
"GCCCATAAGTTATGTG-2","female","EN-fetal-late",0.00912042860397339,"LateFetal"
"GCCCGTTGTTCATCTA-2","female","EN-fetal-late",0.487388994506247,"LateFetal"
"GCCCTCATCAGCACCA-2","female","IN-fetal",-0.230096262630853,"LateFetal"
"GCCGTGAGTCCGTAGG-2","female","EN-fetal-late",-0.212859962668584,"LateFetal"
"GCCGTGAGTCTCAGCC-2","female","EN-fetal-late",-0.996082854811229,"LateFetal"
"GCCGTGAGTGGACATC-2","female","EN-fetal-late",0.18614397941398,"LateFetal"
"GCCGTGAGTGGACCTG-2","female","EN-fetal-late",0.111618402038873,"LateFetal"
"GCCTAATAGGTCCTAG-2","female","EN-fetal-late",-0.692270512001285,"LateFetal"
"GCCTAATAGTATGTGC-2","female","EN-fetal-late",-0.059521286679659,"LateFetal"
"GCCTAATAGTGGCGGA-2","female","EN-fetal-late",-0.545159415731599,"LateFetal"
"GCCTACTTCACCGGTA-2","female","IN-MGE",-0.253147181151195,"LateFetal"
"GCCTACTTCCTGTTCA-2","female","IN-fetal",1.6918747216922,"LateFetal"
"GCCTATTGTACAAAGA-2","female","EN-fetal-late",-0.628070283372521,"LateFetal"
"GCCTATTGTGTGTCCC-2","female","IN-fetal",0.0991316106249961,"LateFetal"
"GCCTCAAAGGGCTTAT-2","female","EN-fetal-late",-1.02439418438449,"LateFetal"
"GCCTCCATCAATGTGC-2","female","EN-fetal-late",-1.05714428302604,"LateFetal"
"GCCTCGACAAACTCAT-2","female","EN-fetal-late",-0.577458638937857,"LateFetal"
"GCCTCGACAACTAACT-2","female","EN-fetal-late",-0.0655647813174808,"LateFetal"
"GCCTCGACACATTAAC-2","female","IN-fetal",-0.129462963196909,"LateFetal"
"GCCTCGACAGCCAGAA-2","female","EN-fetal-late",0.135583494804845,"LateFetal"
"GCCTCGACAGCTAATT-2","female","EN-fetal-late",-0.228727206435121,"LateFetal"
"GCCTCGACATAATTGC-2","female","EN-fetal-late",0.925839431088344,"LateFetal"
"GCCTGAGGTAGGATCC-2","female","EN-fetal-late",-1.05100679351163,"LateFetal"
"GCCTGAGGTGGGAACA-2","female","EN-fetal-late",-0.775627376769462,"LateFetal"
"GCCTGAGGTTAATCGG-2","female","EN-fetal-late",-0.363962007784068,"LateFetal"
"GCCTGAGGTTCGGTAA-2","female","EN-fetal-late",-0.565934589326418,"LateFetal"
"GCCTGCTGTTAATGCG-2","female","EN-fetal-late",-1.04730343124071,"LateFetal"
"GCCTGCTGTTAGCCAA-2","female","EN-fetal-late",-0.0331677087437249,"LateFetal"
"GCCTGTGCAATCATGT-2","female","EN-fetal-late",1.54643611888015,"LateFetal"
"GCCTGTGCACTTACAG-2","female","EN-fetal-late",-0.611162567320203,"LateFetal"
"GCCTGTGCAGCCTAAC-2","female","EN-fetal-late",-0.474242002777717,"LateFetal"
"GCCTTAACAGCATGGA-2","female","EN-fetal-late",0.224290577588331,"LateFetal"
"GCCTTACTCTCAATGA-2","female","IN-fetal",1.0541904954965,"LateFetal"
"GCCTTACTCTCACACC-2","female","EN-fetal-late",-0.346118802395467,"LateFetal"
"GCCTTAGAGCATGGTT-2","female","IN-fetal",1.0998067462238,"LateFetal"
"GCCTTAGAGGCTTAAC-2","female","EN-fetal-late",-0.632883119094837,"LateFetal"
"GCCTTGCGTACCGAAC-2","female","EN-fetal-late",0.222804715686428,"LateFetal"
"GCCTTGCGTCAAGTAT-2","female","EN-fetal-late",0.608763670952787,"LateFetal"
"GCCTTGCGTCATTGTC-2","female","EN-fetal-late",-1.14876978513497,"LateFetal"
"GCCTTGCGTCCCGAAG-2","female","IN-fetal",-0.760953967069781,"LateFetal"
"GCCTTTATCTAAGTGC-2","female","EN-fetal-late",0.14014541602757,"LateFetal"
"GCCTTTATCTACCTAT-2","female","EN-fetal-late",0.297875670353423,"LateFetal"
"GCCTTTATCTGCAAGT-2","female","EN-fetal-late",-0.821988837098304,"LateFetal"
"GCGAAGCCAAAGCGCA-2","female","EN-fetal-late",-0.435698404367291,"LateFetal"
"GCGAAGCCAATTAGGA-2","female","EN-fetal-late",-0.0536142751487129,"LateFetal"
"GCGAAGCCACTAGGTC-2","female","EN-fetal-late",0.121770635934733,"LateFetal"
"GCGAAGCCATATAACC-2","female","EN-fetal-late",0.188562104444837,"LateFetal"
"GCGAAGCCATTCCTCG-2","female","EN-fetal-late",0.382962308071094,"LateFetal"
"GCGAAGTAGGAACGCG-2","female","IN-fetal",-0.0556420841997636,"LateFetal"
"GCGAAGTAGGAACGGT-2","female","IN-fetal",-0.849248632322525,"LateFetal"
"GCGAAGTAGGCATTGT-2","female","EN-fetal-late",-0.393875188672383,"LateFetal"
"GCGAGTGAGCACGATT-2","female","EN-fetal-late",0.568929193820008,"LateFetal"
"GCGAGTGAGGATCCGC-2","female","EN-fetal-late",-1.06385633007044,"LateFetal"
"GCGAGTGAGTCACCTC-2","female","EN-fetal-late",-0.084050955400989,"LateFetal"
"GCGATATTCAGGAACA-2","female","EN-fetal-late",0.858885454033934,"LateFetal"
"GCGATATTCTTGCATT-2","female","EN-fetal-late",0.299065276442086,"LateFetal"
"GCGATTAGTACCGAAC-2","female","EN-fetal-late",-0.360401781331602,"LateFetal"
"GCGATTAGTGTTAAAC-2","female","EN-fetal-late",-0.54904211223681,"LateFetal"
"GCGATTAGTTTCCACG-2","female","EN-fetal-late",-0.723762524291453,"LateFetal"
"GCGATTTAGAACAAGT-2","female","EN-fetal-late",-1.38127069976855,"LateFetal"
"GCGATTTAGCCGCTTT-2","female","EN-fetal-late",-1.68414082170146,"LateFetal"
"GCGCAAACAGTTAGCC-2","female","EN-fetal-late",-0.130596290036046,"LateFetal"
"GCGCAATGTGTCCTGC-2","female","EN-fetal-late",0.163280980493145,"LateFetal"
"GCGCCTTGTCCACAAA-2","female","EN-fetal-late",-0.495039465253392,"LateFetal"
"GCGCCTTGTGATGATT-2","female","EN-fetal-late",-0.814704828599289,"LateFetal"
"GCGCCTTGTGGAGCAA-2","female","EN-fetal-late",0.0279454791232972,"LateFetal"
"GCGCCTTGTTAGGCTA-2","female","EN-fetal-late",-0.686739805440633,"LateFetal"
"GCGCGATTCATGCTAA-2","female","EN-fetal-late",-0.00503862065980937,"LateFetal"
"GCGCGATTCCCTGATC-2","female","EN-fetal-late",-0.894577038133115,"LateFetal"
"GCGCGATTCCTAAGAC-2","female","EN-fetal-late",-0.289294942303068,"LateFetal"
"GCGCGATTCGGGACCT-2","female","EN-fetal-late",-1.06306175786127,"LateFetal"
"GCGCTTAAGAAGCTAG-2","female","EN-fetal-late",-0.4680149140063,"LateFetal"
"GCGCTTAAGCCTGAGC-2","female","EN-fetal-late",0.695604025967595,"LateFetal"
"GCGCTTAAGGCCATCA-2","female","IN-fetal",-0.0239803550598237,"LateFetal"
"GCGCTTGCAAGATTCT-2","female","EN-fetal-late",-0.360385602835252,"LateFetal"
"GCGCTTGCACAATACT-2","female","IN-fetal",0.919697640704303,"LateFetal"
"GCGCTTGCACTTAACG-2","female","EN-fetal-late",-0.166787390310674,"LateFetal"
"GCGCTTGCAGCATTAT-2","female","EN-fetal-late",0.783721914880515,"LateFetal"
"GCGCTTGCAGGCATGA-2","female","IN-fetal",-0.524974402102665,"LateFetal"
"GCGCTTGCATAATGTC-2","female","EN-fetal-late",-0.61967612125333,"LateFetal"
"GCGCTTGCATCGCTCC-2","female","EN-fetal-late",0.588607199049915,"LateFetal"
"GCGGAACCAAGGCCAA-2","female","EN-fetal-late",-0.713382652619958,"LateFetal"
"GCGGATACAGCATGAG-2","female","IN-fetal",1.37826683346869,"LateFetal"
"GCGGATACATAGTCAT-2","female","EN-fetal-late",-0.0634144981110884,"LateFetal"
"GCGGATACATTATGGT-2","female","EN-fetal-late",-0.141719172737802,"LateFetal"
"GCGGGTTTCAAAGGCA-2","female","EN-fetal-late",0.0547327354588925,"LateFetal"
"GCGGGTTTCATCCACC-2","female","EN-fetal-late",-0.403875786827755,"LateFetal"
"GCGGGTTTCCTAAGAC-2","female","EN-fetal-late",0.0647878618086206,"LateFetal"
"GCGGTTATCATTTAGG-2","female","EN-fetal-late",-0.146985303967151,"LateFetal"
"GCGGTTATCGCAAACT-2","female","EN-fetal-late",-0.186666256794821,"LateFetal"
"GCGGTTGGTTACAAAC-2","female","EN-fetal-late",0.408548922259616,"LateFetal"
"GCGGTTGGTTGGCGTG-2","female","EN-fetal-late",0.434452817110221,"LateFetal"
"GCGTAACGTCGTAATG-2","female","IN-fetal",0.134761543768376,"LateFetal"
"GCGTAACGTTACCTGT-2","female","IN-fetal",-0.53064239745305,"LateFetal"
"GCGTAACGTTCGGGAT-2","female","IN-fetal",0.216525175792215,"LateFetal"
"GCGTAACGTTTGCAGA-2","female","EN-fetal-late",1.24558951120485,"LateFetal"
"GCGTGCTAGCGTGCAC-2","female","EN-fetal-late",-1.07223427558828,"LateFetal"
"GCGTGCTAGTTAGTGC-2","female","EN-fetal-late",0.0740446045655249,"LateFetal"
"GCGTTTCTCCCGCCTA-2","female","EN-fetal-late",0.132980524315238,"LateFetal"
"GCGTTTCTCGTTATCT-2","female","EN-fetal-late",0.588165494314462,"LateFetal"
"GCTAACCCACTAAGAA-2","female","EN-fetal-late",-1.65573840881775,"LateFetal"
"GCTAACCCAGCCAGAA-2","female","EN-fetal-late",-0.0320421718063558,"LateFetal"
"GCTAACCCATTGTCCT-2","female","EN-fetal-late",0.0924035171502076,"LateFetal"
"GCTAAGAAGGAGGCAT-2","female","EN-fetal-late",0.712802231484583,"LateFetal"
"GCTAAGAAGTTATTCC-2","female","EN-fetal-late",-0.345882406007349,"LateFetal"
"GCTAAGCGTAGTAAGA-2","female","EN-fetal-late",0.0932639173996371,"LateFetal"
"GCTAAGCGTTAGAGGG-2","female","EN-fetal-late",0.764450932892158,"LateFetal"
"GCTAAGCGTTGCTTCG-2","female","EN-fetal-late",0.460467869197931,"LateFetal"
"GCTAAGCGTTTATGGG-2","female","IN-fetal",0.501874193225465,"LateFetal"
"GCTAAGTTCGCCTAAG-2","female","EN-fetal-late",-0.416708735239694,"LateFetal"
"GCTAATATCCCTGACT-2","female","EN-fetal-late",-0.491392580072929,"LateFetal"
"GCTAATATCTTAGTGA-2","female","EN-fetal-late",-1.38270610642546,"LateFetal"
"GCTAGCCAGCCGCTAA-2","female","EN-fetal-late",0.464955384993115,"LateFetal"
"GCTAGCCAGCGGTTAT-2","female","EN-fetal-late",0.897466725115369,"LateFetal"
"GCTAGCCAGGGTGGAT-2","female","EN-fetal-late",-0.762024786622017,"LateFetal"
"GCTAGCGGTAACCTAG-2","female","EN-fetal-late",-1.15362685061598,"LateFetal"
"GCTAGCGGTGATGAAA-2","female","EN-fetal-late",-0.171999379695944,"LateFetal"
"GCTAGCGGTTGCACGG-2","female","EN-fetal-late",1.19780335635337,"LateFetal"
"GCTAGCTCATGCTATG-2","female","EN-fetal-late",-0.843973758389826,"LateFetal"
"GCTAGCTCATTGCGGT-2","female","EN-fetal-late",-0.616163638110639,"LateFetal"
"GCTAGTGTCATTACGA-2","female","IN-fetal",0.992617640439657,"LateFetal"
"GCTAGTGTCGGTTTCC-2","female","EN-fetal-late",-1.53200571075727,"LateFetal"
"GCTATAGGTATGGTGC-2","female","IN-fetal",-0.0688622239604956,"LateFetal"
"GCTATAGGTCGTAATG-2","female","EN-fetal-late",-0.976662815018135,"LateFetal"
"GCTATAGGTTACATCC-2","female","EN-fetal-late",-1.20572032259725,"LateFetal"
"GCTATAGGTTACCGGG-2","female","EN-fetal-late",-0.22199637213176,"LateFetal"
"GCTATCCTCCTTAGTT-2","female","IN-fetal",0.134645223240663,"LateFetal"
"GCTATCCTCGGCCATA-2","female","EN-fetal-late",-0.872063954052993,"LateFetal"
"GCTATTGCAAAGCTAA-2","female","EN-fetal-late",-0.945323380499436,"LateFetal"
"GCTCAACCAAGGGTTG-2","female","EN-fetal-late",-0.308563538725768,"LateFetal"
"GCTCAACCACGCAACT-2","female","EN-fetal-late",0.142912790448073,"LateFetal"
"GCTCAACCAGGATAAC-2","female","EN-fetal-late",0.270469155847792,"LateFetal"
"GCTCACAAGAAAGCAT-2","female","EN-fetal-late",-0.0643647283905213,"LateFetal"
"GCTCACAAGAAGCTAG-2","female","EN-fetal-late",-0.531450176735425,"LateFetal"
"GCTCACAAGACAGGCG-2","female","EN-fetal-late",0.621740071326919,"LateFetal"
"GCTCACAAGATAGACG-2","female","IN-fetal",0.220901976965371,"LateFetal"
"GCTCACAAGCGGCTGT-2","female","IN-fetal",0.230483377776882,"LateFetal"
"GCTCACAAGTTGCGTG-2","female","IN-fetal",1.10054927163301,"LateFetal"
"GCTCATTGTATTGTGG-2","female","EN-fetal-late",0.282717525329411,"LateFetal"
"GCTCATTGTCAATGTG-2","female","EN-fetal-late",-0.158573975744497,"LateFetal"
"GCTCCTTAGGGATGAC-2","female","EN-fetal-late",-0.102286764709383,"LateFetal"
"GCTCCTTAGTAAGGGC-2","female","EN-fetal-late",1.13861020718067,"LateFetal"
"GCTCCTTAGTTAGGCT-2","female","IN-fetal",1.35035011099372,"LateFetal"
"GCTCGATCACAACAAA-2","female","EN-fetal-late",0.624260710189731,"LateFetal"
"GCTCTGGCAATTGCGC-2","female","EN-fetal-late",-0.0931994553962387,"LateFetal"
"GCTCTGGCAGGTCCTG-2","female","EN-fetal-late",-0.924278408286034,"LateFetal"
"GCTGACATCATCCTCA-2","female","EN-fetal-late",-0.424623956196871,"LateFetal"
"GCTGACATCGTAATCA-2","female","EN-fetal-late",0.111822482079763,"LateFetal"
"GCTGACCAGGAACACA-2","female","EN-fetal-late",0.316292444712673,"LateFetal"
"GCTGACCAGGACACTT-2","female","EN-fetal-late",-1.6063576278667,"LateFetal"
"GCTGACCAGGGTCCAC-2","female","EN-fetal-late",-0.131521551136686,"LateFetal"
"GCTGACCAGTGAACCT-2","female","EN-fetal-late",0.255974670819366,"LateFetal"
"GCTGACCAGTTCCCAC-2","female","IN-fetal",0.580856944706559,"LateFetal"
"GCTGAGGAGGACGTAA-2","female","EN-fetal-late",-0.202803044713822,"LateFetal"
"GCTGAGGAGTAACGAG-2","female","EN-fetal-late",-0.319107493726695,"LateFetal"
"GCTGAGGAGTGAGCGG-2","female","EN-fetal-late",1.5462286890224,"LateFetal"
"GCTGATCCAATGCCTA-2","female","EN-fetal-late",-0.167826827161043,"LateFetal"
"GCTGATCCACAATTAC-2","female","IN-fetal",-0.567289062046979,"LateFetal"
"GCTGATCCACTTAACG-2","female","EN-fetal-late",0.928451869360397,"LateFetal"
"GCTGATCCAGGCAAGC-2","female","IN-fetal",0.274674553987412,"LateFetal"
"GCTGATCCAGGCATCT-2","female","EN-fetal-late",0.279156805522772,"LateFetal"
"GCTGATCCATAAGCAA-2","female","EN-fetal-late",0.769658501269483,"LateFetal"
"GCTGCAATCACCATTT-2","female","IN-fetal",-0.578139885240181,"LateFetal"
"GCTGCACAGCGAGCGA-2","female","EN-fetal-late",-0.903856908467071,"LateFetal"
"GCTGCACAGGCGCATC-2","female","EN-fetal-late",0.686238579273168,"LateFetal"
"GCTGCACAGTAGCTTA-2","female","EN-fetal-late",-0.318806632477058,"LateFetal"
"GCTGCATCAAACCTAT-2","female","EN-fetal-late",-0.0236719271338341,"LateFetal"
"GCTGCATCATGGCCCA-2","female","EN-fetal-late",-0.773937675150214,"LateFetal"
"GCTGGATGTGATTACG-2","female","EN-fetal-late",-0.282954474687969,"LateFetal"
"GCTGGTTCAAAGCTCC-2","female","EN-fetal-late",0.737123723721243,"LateFetal"
"GCTGGTTCAATTGAGA-2","female","EN-fetal-late",-0.113486432860161,"LateFetal"
"GCTGGTTCACAAAGCG-2","female","EN-fetal-late",-0.243106950497357,"LateFetal"
"GCTGGTTCATTTAAGC-2","female","EN-fetal-late",0.509445399355178,"LateFetal"
"GCTGTAAGTTTAACCC-2","female","EN-fetal-late",0.382322089772364,"LateFetal"
"GCTGTACCAAACCTTG-2","female","EN-fetal-late",-1.21577811864014,"LateFetal"
"GCTGTACCAAATATCC-2","female","IN-fetal",-0.142899476022845,"LateFetal"
"GCTGTGATCACCTGTC-2","female","EN-fetal-late",0.400362854918279,"LateFetal"
"GCTGTGATCTAAGTGC-2","female","EN-fetal-late",0.451898077049477,"LateFetal"
"GCTGTGATCTAATCAG-2","female","EN-fetal-late",-0.528577172802523,"LateFetal"
"GCTGTGATCTGTAAGC-2","female","EN-fetal-late",0.181915134857195,"LateFetal"
"GCTGTGCAGGAACGGT-2","female","EN-fetal-late",1.10615643750907,"LateFetal"
"GCTGTGCAGTTGCCTC-2","female","IN-fetal",-0.252112032386965,"LateFetal"
"GCTTAAATCAATAGCC-2","female","EN-fetal-late",-0.501693286369262,"LateFetal"
"GCTTAAATCACCGGTA-2","female","EN-fetal-late",0.203450491580716,"LateFetal"
"GCTTAAATCATGCAAC-2","female","EN-fetal-late",0.374270369449825,"LateFetal"
"GCTTAAATCGCTAGCA-2","female","EN-fetal-late",-0.659413794003321,"LateFetal"
"GCTTAAATCGTAACGT-2","female","EN-fetal-late",-1.03330144626053,"LateFetal"
"GCTTAAATCTTGGACG-2","female","EN-fetal-late",-1.3743185665113,"LateFetal"
"GCTTAACAGGACTTAC-2","female","IN-fetal",-0.3230416790239,"LateFetal"
"GCTTAACAGGAGGACT-2","female","IN-fetal",-0.109312622408548,"LateFetal"
"GCTTAACAGGTAAGCA-2","female","IN-fetal",0.571014563566028,"LateFetal"
"GCTTACCTCGTTAACA-2","female","IN-fetal",0.281529468590754,"LateFetal"
"GCTTACCTCTAGCTTT-2","female","EN-fetal-late",-0.796516648689193,"LateFetal"
"GCTTAGTAGAAAGGAA-2","female","RG",0.00118427423015649,"LateFetal"
"GCTTAGTAGACTTATG-2","female","IN-fetal",0.65109690337938,"LateFetal"
"GCTTAGTAGCCACAAT-2","female","EN-fetal-late",-1.10622567862016,"LateFetal"
"GCTTAGTAGGTTTGAC-2","female","EN-fetal-late",-0.886344937145133,"LateFetal"
"GCTTAGTAGTGCACGC-2","female","EN-fetal-late",0.609819016374427,"LateFetal"
"GCTTATCGTAGGTTTG-2","female","EN-fetal-late",-0.0161349421005931,"LateFetal"
"GCTTCGCGTTCCTCCT-2","female","EN-fetal-late",-0.839054846543388,"LateFetal"
"GCTTGACCAACCTGGT-2","female","EN-fetal-late",-1.06463115237007,"LateFetal"
"GCTTGACCAGCACGTT-2","female","EN-fetal-late",0.176903191168855,"LateFetal"
"GCTTGACCATGGTTAT-2","female","IN-fetal",-0.294561750200998,"LateFetal"
"GCTTTACGTGAGCAAG-2","female","IN-fetal",0.366325643326952,"LateFetal"
"GCTTTACGTGCTGTAA-2","female","EN-fetal-late",0.553597159098652,"LateFetal"
"GCTTTACGTTAGAGGG-2","female","EN-fetal-late",-0.282347859500544,"LateFetal"
"GCTTTACGTTTAACCC-2","female","IN-fetal",0.586420313588883,"LateFetal"
"GCTTTATTCAGGTCCA-2","female","EN-fetal-late",0.0796413984580249,"LateFetal"
"GCTTTATTCCTTGCAC-2","female","EN-fetal-late",-1.80378882346163,"LateFetal"
"GCTTTCATCTAACCTT-2","female","IN-fetal",0.0797069387527928,"LateFetal"
"GCTTTCATCTTAGCGG-2","female","EN-fetal-late",-0.55283700409371,"LateFetal"
"GCTTTGTGTTCGCTCA-2","female","EN-fetal-late",-0.0233754986965046,"LateFetal"
"GGAAACTCAATAATCC-2","female","EN-fetal-late",-0.378258448765983,"LateFetal"
"GGAAACTCATCCCGCT-2","female","EN-fetal-late",0.132781309604371,"LateFetal"
"GGAAACTCATGACTAT-2","female","EN-fetal-late",-0.584002402531145,"LateFetal"
"GGAAACTCATGTCGCG-2","female","EN-fetal-late",-0.0725565681579242,"LateFetal"
"GGAACAATCCTTTACG-2","female","EN-fetal-late",0.134837374544336,"LateFetal"
"GGAACCACATAAGGAC-2","female","EN-fetal-late",0.223211490500063,"LateFetal"
"GGAACCACATGAGTTT-2","female","EN-fetal-late",0.342975604882873,"LateFetal"
"GGAACCTGTCTATCGT-2","female","EN-fetal-late",-0.574004558463219,"LateFetal"
"GGAACCTGTGGAGCAA-2","female","EN-fetal-late",-0.86857686180635,"LateFetal"
"GGAACGGTCCGCCTCA-2","female","EN-fetal-late",-0.995223252639614,"LateFetal"
"GGAACTAAGTGGACAA-2","female","EN-fetal-late",-0.0625641575005969,"LateFetal"
"GGAACTAAGTTTCCTG-2","female","EN-fetal-late",-0.918779605400678,"LateFetal"
"GGAAGCTAGTTCCCAC-2","female","EN-fetal-late",-0.550986765108072,"LateFetal"
"GGAATCTTCACAGCGC-2","female","EN-fetal-late",-0.187441395141407,"LateFetal"
"GGAATCTTCACCAATA-2","female","EN-fetal-late",0.0597938293671696,"LateFetal"
"GGAATCTTCCGCAAGC-2","female","EN-fetal-late",-0.732990162176388,"LateFetal"
"GGAATCTTCCTTCGTA-2","female","EN-fetal-late",-0.096191470662242,"LateFetal"
"GGAATCTTCGATTTAG-2","female","IN-fetal",-0.394580132716099,"LateFetal"
"GGAATCTTCTACTAAG-2","female","IN-fetal",0.479812004995162,"LateFetal"
"GGAATCTTCTGTGAGT-2","female","IN-fetal",0.804926926536383,"LateFetal"
"GGACAGCCAATGCCTA-2","female","EN-fetal-late",0.249096396892022,"LateFetal"
"GGACAGCCAGCATGGA-2","female","EN-fetal-late",1.23933651088951,"LateFetal"
"GGACAGCCATGAGCAG-2","female","IN-fetal",0.799282396397126,"LateFetal"
"GGACAGCCATGCTCCC-2","female","EN-fetal-late",-0.565857467200304,"LateFetal"
"GGACAGCCATTAGGTT-2","female","EN-fetal-late",0.448672224557057,"LateFetal"
"GGACATAAGCTCCCTG-2","female","EN-fetal-late",0.0456540363553308,"LateFetal"
"GGACATAAGGAAGCAC-2","female","EN-fetal-late",-1.35171828813499,"LateFetal"
"GGACATAAGGACCTGC-2","female","EN-fetal-late",-0.224093043842799,"LateFetal"
"GGACATAAGGGCTAAA-2","female","EN-fetal-late",0.119060650571322,"LateFetal"
"GGACCGAAGAGGAGGA-2","female","EN-fetal-late",-0.699029819684734,"LateFetal"
"GGACCGAAGATGGAGC-2","female","EN-fetal-late",-0.533299281181004,"LateFetal"
"GGACCGAAGCATGGTT-2","female","EN-fetal-late",0.175871693576261,"LateFetal"
"GGACCGAAGGAAGCAC-2","female","IN-fetal",0.0596173148488846,"LateFetal"
"GGACCTCAGGACCGCT-2","female","EN-fetal-late",-1.0315757311054,"LateFetal"
"GGACGAAGTGTGTGGT-2","female","EN-fetal-late",-0.917175379134413,"LateFetal"
"GGACGGATCATGAAGG-2","female","EN-fetal-late",-0.41954812587068,"LateFetal"
"GGACGGATCTAAGTCA-2","female","EN-fetal-late",0.0819706970719449,"LateFetal"
"GGACTAAAGCTTAGCG-2","female","IN-fetal",1.34582463316885,"LateFetal"
"GGACTAAAGGAGCACG-2","female","EN-fetal-late",0.571385389574063,"LateFetal"
"GGAGCAAGTCATTAGG-2","female","IN-fetal",-1.14731903448413,"LateFetal"
"GGAGCAAGTCCACAAA-2","female","EN-fetal-late",-0.193196679456216,"LateFetal"
"GGAGCAAGTGCATTAG-2","female","EN-fetal-late",0.72793890594479,"LateFetal"
"GGAGCAAGTTAAGCCA-2","female","EN-fetal-late",1.87039046813323,"LateFetal"
"GGAGCATAGGCAACAA-2","female","EN-fetal-late",-0.0248610950145719,"LateFetal"
"GGAGCATAGGTGAAGC-2","female","EN-fetal-late",0.0907244959136591,"LateFetal"
"GGAGCATAGTAACCAC-2","female","EN-fetal-late",-0.835310867847959,"LateFetal"
"GGAGCATAGTGAGGGT-2","female","IN-fetal",-0.003519526249886,"LateFetal"
"GGAGCATAGTGGACAA-2","female","RG",-0.261007977126585,"LateFetal"
"GGAGCGATCATTAGTG-2","female","IN-fetal",-1.90151103007084,"LateFetal"
"GGAGCGATCGTGCTTC-2","female","EN-fetal-late",-1.09426295082278,"LateFetal"
"GGAGCGATCGTTACAA-2","female","EN-fetal-late",-0.133820588676453,"LateFetal"
"GGAGGTTAGTAACCCG-2","female","EN-fetal-late",-1.83040040296922,"LateFetal"
"GGAGTCTGTAACCTAG-2","female","EN-fetal-late",-0.592287756457639,"LateFetal"
"GGAGTCTGTACGGTAC-2","female","EN-fetal-late",-1.02079147526935,"LateFetal"
"GGAGTCTGTAGGTGTC-2","female","EN-fetal-late",-0.106074582393023,"LateFetal"
"GGAGTCTGTTTACTTG-2","female","EN-fetal-late",-1.07095441946752,"LateFetal"
"GGAGTGAGTCCTCCAA-2","female","EN-fetal-late",-0.754311908548049,"LateFetal"
"GGAGTGAGTTATTGCC-2","female","EN-fetal-late",-1.11247436757436,"LateFetal"
"GGATAACCAAGGTACG-2","female","EN-fetal-late",-0.363717927884141,"LateFetal"
"GGATAACCAATGAAGC-2","female","EN-fetal-late",0.360639697486987,"LateFetal"
"GGATAACCAGGCCTTG-2","female","EN-fetal-late",-0.236409839471441,"LateFetal"
"GGATACTTCACTCAAA-2","female","IN-fetal",1.17725976848381,"LateFetal"
"GGATACTTCAGGTCCA-2","female","EN-fetal-late",0.239764276896718,"LateFetal"
"GGATATTGTGATCATG-2","female","IN-fetal",-0.743281881099983,"LateFetal"
"GGATATTGTGCAATGC-2","female","EN-fetal-late",0.0851479198675369,"LateFetal"
"GGATGAATCACGAATC-2","female","EN-fetal-late",-0.157244619211765,"LateFetal"
"GGATGAATCATTGCAA-2","female","EN-fetal-late",-1.57155013372179,"LateFetal"
"GGATGAATCCTAAGGT-2","female","EN-fetal-late",-0.371985343928356,"LateFetal"
"GGATGGCCACCACAAC-2","female","IN-fetal",0.0127776239979119,"LateFetal"
"GGATGGCCACGTGCTG-2","female","EN-fetal-late",0.930184343707947,"LateFetal"
"GGATGGCCAGGAACAT-2","female","IN-fetal",0.527585042321478,"LateFetal"
"GGATGTAAGCTATATG-2","female","EN-fetal-late",-0.928602196600414,"LateFetal"
"GGATGTAAGGCGCATC-2","female","EN-fetal-late",-0.524299943669018,"LateFetal"
"GGATGTAAGGCTAAGA-2","female","IN-fetal",-0.386542319219136,"LateFetal"
"GGATGTAAGTAAGTCC-2","female","EN-fetal-late",-0.0755003749212082,"LateFetal"
"GGATTATGTTAGGCTA-2","female","EN-fetal-late",-0.364040983447292,"LateFetal"
"GGATTATGTTCATTTG-2","female","EN-fetal-late",0.294452875777533,"LateFetal"
"GGATTCAGTACTGAAT-2","female","EN-fetal-late",0.062640851488213,"LateFetal"
"GGATTCAGTGAGCACT-2","female","IN-fetal",1.22614400415439,"LateFetal"
"GGATTGCGTCCCGAAG-2","female","EN-fetal-late",-0.998291024769501,"LateFetal"
"GGATTGCGTTACATCC-2","female","EN-fetal-late",0.335539611326921,"LateFetal"
"GGATTGCGTTTAGTCC-2","female","EN-fetal-late",-0.587690105248557,"LateFetal"
"GGATTTATCAATCATG-2","female","EN-fetal-late",-1.14387446154554,"LateFetal"
"GGATTTATCCTAAGAC-2","female","EN-fetal-late",-0.392483093094255,"LateFetal"
"GGATTTATCTCAATTC-2","female","IN-fetal",-0.711884169415882,"LateFetal"
"GGATTTATCTTAGTCT-2","female","EN-fetal-late",-0.672942866906963,"LateFetal"
"GGCAAATCAACACCTA-2","female","EN-fetal-late",-1.05124033107036,"LateFetal"
"GGCAAATCACAGGGAC-2","female","IN-fetal",0.888073292463174,"LateFetal"
"GGCAAATCACATTAAC-2","female","EN-fetal-late",1.33702625220837,"LateFetal"
"GGCAAATCAGAATGAC-2","female","OPC",0.259955832723208,"LateFetal"
"GGCAAATCAGCAAGGC-2","female","EN-fetal-late",-0.445118810591747,"LateFetal"
"GGCAAGCCATAATCGT-2","female","EN-fetal-late",-0.93512923449103,"LateFetal"
"GGCAATCGTTGGATAT-2","female","EN-fetal-late",0.577489493253631,"LateFetal"
"GGCAATCGTTTAAAGC-2","female","EN-fetal-late",-0.431039864269366,"LateFetal"
"GGCATGGAGCGGTTAT-2","female","Pericytes",-0.0162496996773126,"LateFetal"
"GGCATGGAGGATTTGC-2","female","EN-fetal-late",-0.386433235880971,"LateFetal"
"GGCATGGAGTCTATGA-2","female","EN-fetal-late",0.0987084996789548,"LateFetal"
"GGCATTAGTATGGTGC-2","female","IN-fetal",-1.03379819884775,"LateFetal"
"GGCATTAGTCCTCCAA-2","female","IN-fetal",0.298353104660085,"LateFetal"
"GGCATTGTCAAACCGT-2","female","EN-fetal-late",0.564195767924274,"LateFetal"
"GGCATTGTCATTACTC-2","female","EN-fetal-late",0.0830425580940538,"LateFetal"
"GGCATTGTCTAAGTCA-2","female","EN-fetal-late",-0.749720084628228,"LateFetal"
"GGCATTGTCTCGCCTG-2","female","RG",0.92771907025208,"LateFetal"
"GGCCATCAGCGGGCAA-2","female","EN-fetal-late",0.263755689941615,"LateFetal"
"GGCCATCAGGTCTTGG-2","female","EN-fetal-late",-0.912261814800874,"LateFetal"
"GGCCGTTAGAGGGACT-2","female","EN-fetal-late",0.163706433920921,"LateFetal"
"GGCCGTTAGCATGGTT-2","female","EN-fetal-late",-0.794942836358382,"LateFetal"
"GGCCTAATCCCAGTAG-2","female","EN-fetal-late",0.00268072185824654,"LateFetal"
"GGCCTCTGTCATAAGT-2","female","EN-fetal-late",0.272916392453458,"LateFetal"
"GGCCTTAAGATAGACG-2","female","EN-fetal-late",-1.03063164090945,"LateFetal"
"GGCCTTAAGCTGGCTA-2","female","EN-fetal-late",0.32940443160792,"LateFetal"
"GGCCTTCGTCGCAATA-2","female","IN-fetal",-0.0737092664904131,"LateFetal"
"GGCCTTCGTTAACGGC-2","female","EN-fetal-late",-0.265160264521591,"LateFetal"
"GGCGATACAGTATGTT-2","female","EN-fetal-late",0.0345331343552674,"LateFetal"
"GGCGCTAGTAAACAAG-2","female","OPC",0.106943267196841,"LateFetal"
"GGCGCTAGTACAAAGA-2","female","EN-fetal-late",-0.498765383056261,"LateFetal"
"GGCGCTAGTTTGTGGA-2","female","EN-fetal-late",0.239463572722835,"LateFetal"
"GGCGGTAAGTACCGCA-2","female","EN-fetal-late",0.573383221939927,"LateFetal"
"GGCGGTTTCTAAGTGC-2","female","EN-fetal-late",0.0695946372360334,"LateFetal"
"GGCGGTTTCTGTGCAG-2","female","EN-fetal-late",-0.569155161215859,"LateFetal"
"GGCGGTTTCTGTGCCT-2","female","EN-fetal-late",0.310126664135181,"LateFetal"
"GGCGTTATCCTAGTTT-2","female","IN-fetal",-0.598089168589524,"LateFetal"
"GGCTAGACATATAACC-2","female","EN-fetal-late",-0.462992714210538,"LateFetal"
"GGCTAGTGTGCTGTAA-2","female","IN-fetal",-1.09029914212624,"LateFetal"
"GGCTATGTCACTAGGT-2","female","EN-fetal-late",-1.3335304708829,"LateFetal"
"GGCTATGTCCGCATGA-2","female","IN-fetal",0.439112221801092,"LateFetal"
"GGCTATGTCCTTGCGT-2","female","EN-fetal-late",-1.1933237699005,"LateFetal"
"GGCTATGTCGGTTCCT-2","female","EN-fetal-late",-0.559314505290825,"LateFetal"
"GGCTATTAGCCGCTAA-2","female","EN-fetal-late",0.607197791474386,"LateFetal"
"GGCTATTAGCTCCTTA-2","female","EN-fetal-late",-1.36958834035742,"LateFetal"
"GGCTATTAGTAGGATG-2","female","EN-fetal-late",-1.22226466793273,"LateFetal"
"GGCTCAATCACAGGAA-2","female","IN-fetal",0.24664288037313,"LateFetal"
"GGCTCAATCATTACAG-2","female","EN-fetal-late",-0.439106525346715,"LateFetal"
"GGCTCAATCGAGGAAC-2","female","EN-fetal-late",1.32032053645275,"LateFetal"
"GGCTCAATCGGTCATG-2","female","EN-fetal-late",0.00673728030467907,"LateFetal"
"GGCTCAATCTAATTGG-2","female","EN-fetal-late",-1.09282779295809,"LateFetal"
"GGCTGAGAGGAACGCG-2","female","EN-fetal-late",0.598525118966541,"LateFetal"
"GGCTGAGAGTAGCCAT-2","female","EN-fetal-late",-0.630122949301501,"LateFetal"
"GGCTGGTTCACAAGCT-2","female","IN-fetal",-0.621532850879961,"LateFetal"
"GGCTGGTTCCGCAACA-2","female","EN-fetal-late",-0.613071689021858,"LateFetal"
"GGCTGTCAGCGCCTAA-2","female","EN-fetal-late",0.0604622299172623,"LateFetal"
"GGCTGTCAGTATTGGC-2","female","EN-fetal-late",0.130606007411786,"LateFetal"
"GGCTGTCAGTCCTTCA-2","female","EN-fetal-late",0.0634766492459083,"LateFetal"
"GGCTTAAGTGCTTACT-2","female","EN-fetal-late",-0.513563193897723,"LateFetal"
"GGCTTCAAGAACCTGT-2","female","EN-fetal-late",-0.692586582673638,"LateFetal"
"GGCTTCAAGCTCAATA-2","female","EN-fetal-late",-0.458880183878935,"LateFetal"
"GGCTTCAAGGTCCGTA-2","female","IN-fetal",-0.568634497207215,"LateFetal"
"GGCTTCAAGTCACCAG-2","female","EN-fetal-late",-0.302495843903862,"LateFetal"
"GGGAGTAGTCATTGTC-2","female","IN-fetal",-0.851226907390796,"LateFetal"
"GGGAGTAGTTGTGACA-2","female","IN-fetal",-0.556196530316332,"LateFetal"
"GGGATAATCGTTTCCA-2","female","EN-fetal-late",0.376584376656544,"LateFetal"
"GGGATTAAGCTTATGA-2","female","EN-fetal-late",0.34729350855535,"LateFetal"
"GGGATTAAGGCTAAGA-2","female","EN-fetal-late",-0.114965711433149,"LateFetal"
"GGGATTAAGTCCTGAG-2","female","EN-fetal-late",-0.713016720485796,"LateFetal"
"GGGCAATAGGGTTATC-2","female","EN-fetal-late",-0.527229963980152,"LateFetal"
"GGGCAATAGGTACCGC-2","female","EN-fetal-late",0.398102352582204,"LateFetal"
"GGGCAATAGTCATTAG-2","female","EN-fetal-late",-1.8249951634286,"LateFetal"
"GGGCATGAGAAAGGAA-2","female","EN-fetal-late",0.505735742726464,"LateFetal"
"GGGCATGAGAATGACG-2","female","EN-fetal-late",0.0889730325207704,"LateFetal"
"GGGCATGAGCAAGGAC-2","female","IN-fetal",-0.0140161012565382,"LateFetal"
"GGGCATGAGCCACAAT-2","female","EN-fetal-late",-0.789950655785518,"LateFetal"
"GGGCATGAGTTAACCA-2","female","EN-fetal-late",0.825136469357173,"LateFetal"
"GGGCATTGTATTGGAT-2","female","EN-fetal-late",0.459744633408681,"LateFetal"
"GGGCATTGTGTCACGG-2","female","EN-fetal-late",0.339748489927572,"LateFetal"
"GGGCCTAGTGATCAGC-2","female","EN-fetal-late",0.444772301098642,"LateFetal"
"GGGCCTAGTGGTGAGA-2","female","EN-fetal-late",-1.08230048585368,"LateFetal"
"GGGCCTAGTGTCCTGC-2","female","EN-fetal-late",0.887304262931582,"LateFetal"
"GGGCGAATCACTAAGC-2","female","IN-fetal",0.845887513966569,"LateFetal"
"GGGCGAATCCCGTTAC-2","female","EN-fetal-late",-0.648888489127855,"LateFetal"
"GGGCTAACAAAGGCCA-2","female","EN-fetal-late",-0.816456379298134,"LateFetal"
"GGGCTAACAATAGCAA-2","female","EN-fetal-late",-0.514493700648874,"LateFetal"
"GGGTCAACAAACAACA-2","female","EN-fetal-late",0.0817311736135548,"LateFetal"
"GGGTCAACAACCTGGT-2","female","EN-fetal-late",-0.322640675337072,"LateFetal"
"GGGTCAACAATAATCC-2","female","EN-fetal-late",0.195214220186297,"LateFetal"
"GGGTCAACAATATACC-2","female","EN-fetal-late",-0.548960786412552,"LateFetal"
"GGGTCAACAATCCTAG-2","female","EN-fetal-late",0.195559648614222,"LateFetal"
"GGGTCACTCATGCTAA-2","female","EN-fetal-late",0.313431539026944,"LateFetal"
"GGGTCACTCATTAGGC-2","female","EN-fetal-late",-0.956240794006258,"LateFetal"
"GGGTCACTCCTGTTCA-2","female","EN-fetal-late",0.262658553203487,"LateFetal"
"GGGTGAAGTAAATTGC-2","female","EN-fetal-late",-0.159392329319151,"LateFetal"
"GGGTGAAGTATTTGCC-2","female","EN-fetal-late",-0.919030696445978,"LateFetal"
"GGGTGAAGTCCTAAGA-2","female","EN-fetal-late",0.0747161170890488,"LateFetal"
"GGGTGAAGTGCTGTAA-2","female","EN-fetal-late",-0.566874990588776,"LateFetal"
"GGGTGAAGTTAATGCG-2","female","EN-fetal-late",-1.04358840159122,"LateFetal"
"GGGTGTTGTATTGTGG-2","female","EN-fetal-late",-1.06971167726931,"LateFetal"
"GGGTGTTGTGATCATG-2","female","IN-fetal",-0.303764007757926,"LateFetal"
"GGGTGTTGTGCTCCAC-2","female","EN-fetal-late",0.217955226191328,"LateFetal"
"GGGTGTTGTTAGCCAA-2","female","EN-fetal-late",-0.237777804651496,"LateFetal"
"GGGTTACGTTGGTGAC-2","female","EN-fetal-late",-0.259036558465405,"LateFetal"
"GGGTTATTCCTGGTGA-2","female","IN-fetal",0.0683709516293144,"LateFetal"
"GGGTTATTCCTTAATC-2","female","EN-fetal-late",-0.295814117902303,"LateFetal"
"GGGTTATTCGCTAGAT-2","female","EN-fetal-late",-0.159614091629808,"LateFetal"
"GGGTTTCCACAAAGAC-2","female","EN-fetal-late",-1.00419031275518,"LateFetal"
"GGGTTTCCACAACAAA-2","female","EN-fetal-late",-0.610696064669571,"LateFetal"
"GGGTTTGTCCCGTTGT-2","female","EN-fetal-late",-0.672256869863133,"LateFetal"
"GGGTTTGTCGCATTAA-2","female","EN-fetal-late",-1.14461936412162,"LateFetal"
"GGGTTTGTCGCTAGCA-2","female","EN-fetal-late",-0.0998772544183481,"LateFetal"
"GGGTTTGTCTGCAAAC-2","female","EN-fetal-late",0.304268900386111,"LateFetal"
"GGTAAACCAAGATTCT-2","female","EN-fetal-late",0.176036436342041,"LateFetal"
"GGTAAACCAGGCCATT-2","female","EN-fetal-late",0.384647631342394,"LateFetal"
"GGTAAACCATGAATCT-2","female","EN-fetal-late",-0.301401071393261,"LateFetal"
"GGTAAACCATTAAGCT-2","female","EN-fetal-late",0.124109222217443,"LateFetal"
"GGTAACCGTACTGAAT-2","female","EN-fetal-late",-0.0200272166532778,"LateFetal"
"GGTAACCGTGATGATT-2","female","EN-fetal-late",-0.164063855960801,"LateFetal"
"GGTAACTTCCTCCTAA-2","female","EN-fetal-late",-0.147765526512905,"LateFetal"
"GGTAACTTCGGTCAGC-2","female","EN-fetal-late",-0.832143623989627,"LateFetal"
"GGTAACTTCTTAGTCT-2","female","EN-fetal-late",-0.268480458814463,"LateFetal"
"GGTAAGGGTGTCCAAA-2","female","EN-fetal-late",-0.0252088482023822,"LateFetal"
"GGTAATTGTCTAACAG-2","female","EN-fetal-late",0.494358277779307,"LateFetal"
"GGTAATTGTTAGTACG-2","female","EN-fetal-late",-0.525457081434832,"LateFetal"
"GGTAATTGTTGTAACG-2","female","EN-fetal-late",0.165832291536234,"LateFetal"
"GGTACAAAGTAACCCG-2","female","EN-fetal-late",-0.0180069776846126,"LateFetal"
"GGTACCGGTCAAACTG-2","female","IN-fetal",0.358187023446801,"LateFetal"
"GGTACCGGTCGCGCAA-2","female","RG",1.37476151034426,"LateFetal"
"GGTACCGGTCTTGCAT-2","female","EN-fetal-late",-0.372473307740596,"LateFetal"
"GGTACCGGTTCCAGGG-2","female","EN-fetal-late",1.38378746463039,"LateFetal"
"GGTACCGGTTCCTGTG-2","female","IN-fetal",-0.121680819532242,"LateFetal"
"GGTACTAGTAACGAGG-2","female","EN-fetal-late",0.456476579784382,"LateFetal"
"GGTACTAGTAAGGTCC-2","female","IN-fetal",-0.226998665746953,"LateFetal"
"GGTACTAGTCAGTAAT-2","female","EN-fetal-late",0.690571078112986,"LateFetal"
"GGTACTAGTCGCAAAC-2","female","EN-fetal-late",-0.298374635844525,"LateFetal"
"GGTACTAGTGCTCCGT-2","female","EN-fetal-late",0.245850351989499,"LateFetal"
"GGTACTAGTTCGGGAT-2","female","EN-fetal-late",-0.0599164464659816,"LateFetal"
"GGTACTTAGTAGCTTA-2","female","EN-fetal-late",-0.227644108664303,"LateFetal"
"GGTAGGAGTAATCCCT-2","female","EN-fetal-late",0.673959512183429,"LateFetal"
"GGTATGTTCCTTAAGA-2","female","EN-fetal-late",-0.0620719745412552,"LateFetal"
"GGTATGTTCGCGACAC-2","female","EN-fetal-late",-0.0265616219147306,"LateFetal"
"GGTATGTTCTTGTTCG-2","female","EN-fetal-late",0.0800121596261228,"LateFetal"
"GGTATTGGTAGTTAAC-2","female","RG",0.540244049988457,"LateFetal"
"GGTATTGGTTATTGCC-2","female","EN-fetal-late",-0.0172396442376854,"LateFetal"
"GGTATTGGTTTCAGGA-2","female","EN-fetal-late",-0.756453202533173,"LateFetal"
"GGTATTTCACAAGCCT-2","female","EN-fetal-late",-0.701884854748042,"LateFetal"
"GGTATTTCACCTATAG-2","female","EN-fetal-late",1.23277345499958,"LateFetal"
"GGTATTTCACCTGCCT-2","female","IN-fetal",0.0558683782085503,"LateFetal"
"GGTATTTCACTAGCGT-2","female","EN-fetal-late",0.613754109259804,"LateFetal"
"GGTATTTCATAGGCGA-2","female","EN-fetal-late",-0.479235355389994,"LateFetal"
"GGTATTTCATGCTCCC-2","female","EN-fetal-late",-0.243964101864135,"LateFetal"
"GGTCAAGCACAAACTT-2","female","EN-fetal-late",0.0199819153712732,"LateFetal"
"GGTCAAGCATCAGCAC-2","female","EN-fetal-late",0.078331511629257,"LateFetal"
"GGTCAATTCCCGCCTA-2","female","EN-fetal-late",0.187281761510305,"LateFetal"
"GGTCAATTCCGCACAA-2","female","EN-fetal-late",-0.0960546991642514,"LateFetal"
"GGTCAATTCCTTAGGG-2","female","EN-fetal-late",-0.878637182177631,"LateFetal"
"GGTCAATTCGATTCTT-2","female","IN-fetal",1.87141462854022,"LateFetal"
"GGTCAGGAGCGATAAG-2","female","EN-fetal-late",0.206724841079723,"LateFetal"
"GGTCAGGAGGACCGCT-2","female","IN-fetal",-0.00949123982516064,"LateFetal"
"GGTCATTAGCCACATG-2","female","IN-fetal",-0.781818407492459,"LateFetal"
"GGTCATTAGGCTATGT-2","female","EN-fetal-late",-0.383041154980839,"LateFetal"
"GGTCATTAGTATCGCG-2","female","EN-fetal-late",-0.163066296074659,"LateFetal"
"GGTCATTAGTGAGAGC-2","female","Microglia",0.237023504292403,"LateFetal"
"GGTCCATCAAGTGTCC-2","female","EN-fetal-late",0.313835798167134,"LateFetal"
"GGTCCATCACATACTG-2","female","IN-fetal",0.433064094515203,"LateFetal"
"GGTCCATCACGAATTT-2","female","EN-fetal-late",-0.258564351529116,"LateFetal"
"GGTCCATCATGAAGTA-2","female","EN-fetal-late",-0.624552632786876,"LateFetal"
"GGTCCATCATGTCAAT-2","female","EN-fetal-late",-1.11054808279978,"LateFetal"
"GGTCCGTAGACAAGTG-2","female","EN-fetal-late",0.501134105601685,"LateFetal"
"GGTCCGTAGACAGGCG-2","female","EN-fetal-late",0.129014317923085,"LateFetal"
"GGTCCGTAGGTGAAAT-2","female","EN-fetal-late",-0.0423547468010537,"LateFetal"
"GGTCCGTAGTCAGTAC-2","female","EN-fetal-late",-1.08793740841916,"LateFetal"
"GGTCCGTAGTGAGCAA-2","female","EN-fetal-late",0.470137445253672,"LateFetal"
"GGTCCTGCAACCTAAT-2","female","EN-fetal-late",-1.01839949218426,"LateFetal"
"GGTCCTGCAGGCATCT-2","female","EN-fetal-late",-1.46233911701256,"LateFetal"
"GGTCGGTTCCGCATGA-2","female","EN-fetal-late",-0.537400503533222,"LateFetal"
"GGTCGGTTCGGTTAGT-2","female","EN-fetal-late",-0.465857609483354,"LateFetal"
"GGTCTTGAGTAAGTGG-2","female","EN-fetal-late",-0.715026708624103,"LateFetal"
"GGTCTTGAGTAGAGGC-2","female","EN-fetal-late",-1.0079198495788,"LateFetal"
"GGTCTTTGTTCGCGCT-2","female","EN-fetal-late",-1.09242798919713,"LateFetal"
"GGTGAGCCAACTAGGG-2","female","EN-fetal-late",-1.11058913384617,"LateFetal"
"GGTGAGCCAATAAGCA-2","female","IN-fetal",0.0736956331171211,"LateFetal"
"GGTGAGCCACCACAAC-2","female","EN-fetal-late",-0.345135668264153,"LateFetal"
"GGTGAGCCATTGTGCA-2","female","EN-fetal-late",-0.818235952391244,"LateFetal"
"GGTGAGGTCTATGACA-2","female","EN-fetal-late",-0.0653457619220063,"LateFetal"
"GGTGAGGTCTGGCAAT-2","female","EN-fetal-late",-1.17647255452268,"LateFetal"
"GGTGAGGTCTTGAGGT-2","female","EN-fetal-late",-0.936806301352965,"LateFetal"
"GGTGAGTAGGGCCACT-2","female","EN-fetal-late",-0.33445102419633,"LateFetal"
"GGTGAGTAGTATTGTG-2","female","EN-fetal-late",-1.17976686376939,"LateFetal"
"GGTGAGTAGTCATTGA-2","female","EN-fetal-late",-0.808163550578211,"LateFetal"
"GGTGATTTCAGGATGA-2","female","EN-fetal-late",0.591044748749306,"LateFetal"
"GGTGATTTCCAAGTGT-2","female","EN-fetal-late",0.428015770751566,"LateFetal"
"GGTGATTTCCATCAGG-2","female","EN-fetal-late",0.20975043534376,"LateFetal"
"GGTGATTTCCTGAATA-2","female","EN-fetal-late",0.655047048758845,"LateFetal"
"GGTGATTTCTATCGCC-2","female","EN-fetal-late",0.243220550556823,"LateFetal"
"GGTGCTTCAAACATAG-2","female","EN-fetal-late",0.164029515453342,"LateFetal"
"GGTGCTTCAATTTGGT-2","female","EN-fetal-late",0.0143677477857907,"LateFetal"
"GGTGCTTCAGTTAAAG-2","female","EN-fetal-late",-1.51857804267663,"LateFetal"
"GGTGCTTCATTTAAGC-2","female","IN-fetal",1.54264926878687,"LateFetal"
"GGTGTGACATAATCGT-2","female","IN-fetal",-0.58657450528225,"LateFetal"
"GGTGTGACATAGACCC-2","female","EN-fetal-late",0.0798638614180515,"LateFetal"
"GGTGTTGTCAAACACC-2","female","EN-fetal-late",-0.255324291319323,"LateFetal"
"GGTGTTGTCATCCACC-2","female","EN-fetal-late",-0.572011889737221,"LateFetal"
"GGTGTTGTCCCTCTAA-2","female","IN-fetal",0.176411039794086,"LateFetal"
"GGTGTTGTCGCCTGTT-2","female","EN-fetal-late",-0.607823543050096,"LateFetal"
"GGTGTTGTCGCTATGG-2","female","EN-fetal-late",-0.701764524390989,"LateFetal"
"GGTGTTGTCTTGAGCG-2","female","IN-fetal",2.15149969967709,"LateFetal"
"GGTTAATGTCGTTATC-2","female","EN-fetal-late",0.269946186424757,"LateFetal"
"GGTTAATGTGCGCATG-2","female","EN-fetal-late",-0.59227484346702,"LateFetal"
"GGTTACCCAACAGGAT-2","female","EN-fetal-late",0.131964252220209,"LateFetal"
"GGTTACCCACCTGCCT-2","female","RG",0.481709286719617,"LateFetal"
"GGTTACCCATTCCTGT-2","female","EN-fetal-late",-0.183690659430985,"LateFetal"
"GGTTACCCATTGACAT-2","female","EN-fetal-late",-0.831886146233936,"LateFetal"
"GGTTACTAGACTATTG-2","female","EN-fetal-late",0.295860793747305,"LateFetal"
"GGTTAGCGTCCTAAGA-2","female","EN-fetal-late",-0.257385147939983,"LateFetal"
"GGTTAGCGTGAGCAAG-2","female","EN-fetal-late",-0.482653022228326,"LateFetal"
"GGTTAGCGTGGTTATG-2","female","EN-fetal-late",-0.249302515013079,"LateFetal"
"GGTTAGCGTGTGAGGA-2","female","EN-fetal-late",-0.608800449121675,"LateFetal"
"GGTTAGCGTTGCCTCA-2","female","EN-fetal-late",-0.424411245694693,"LateFetal"
"GGTTAGCGTTTACCGT-2","female","EN-fetal-late",0.925397076681669,"LateFetal"
"GGTTATATCGGGACCT-2","female","EN-fetal-late",0.550411503051227,"LateFetal"
"GGTTATATCTTGTCCA-2","female","EN-fetal-late",0.0298540400218804,"LateFetal"
"GGTTATGGTTGAGCCG-2","female","EN-fetal-late",0.448840270122908,"LateFetal"
"GGTTATGGTTTCGCGC-2","female","EN-fetal-late",-0.55058272052193,"LateFetal"
"GGTTCCCGTGGAAACG-2","female","EN-fetal-late",-0.00940327553935086,"LateFetal"
"GGTTCTTGTAATCGGC-2","female","EN-fetal-late",-0.179734410626309,"LateFetal"
"GGTTCTTGTCAAGTGC-2","female","EN-fetal-late",-0.0564225507111587,"LateFetal"
"GGTTCTTGTTATTGCC-2","female","EN-fetal-late",0.198387561211757,"LateFetal"
"GGTTCTTGTTGAAGCC-2","female","EN-fetal-late",-0.0208324226042618,"LateFetal"
"GGTTGACGTACAAAGA-2","female","EN-fetal-late",0.184430004099926,"LateFetal"
"GGTTGACGTAGGATTT-2","female","EN-fetal-late",0.156768672674019,"LateFetal"
"GGTTGAGCAATAATGG-2","female","EN-fetal-late",0.0771007564128555,"LateFetal"
"GGTTGAGCAATCCTGA-2","female","EN-fetal-late",-0.135565508565656,"LateFetal"
"GGTTGAGCACAGCCTG-2","female","IN-fetal",-0.352768379852739,"LateFetal"
"GGTTGAGCACTAGCGT-2","female","IN-fetal",-0.419689821199652,"LateFetal"
"GGTTGAGCAGGTCCTG-2","female","EN-fetal-late",-0.188555941061005,"LateFetal"
"GGTTGAGCATCATGTG-2","female","EN-fetal-late",0.431393890390583,"LateFetal"
"GGTTGCGGTCAAACTG-2","female","EN-fetal-late",-0.232027855275104,"LateFetal"
"GGTTGCGGTGCATTAG-2","female","IN-fetal",-0.433434829084114,"LateFetal"
"GGTTGCGGTTGCCTCA-2","female","EN-fetal-late",-0.513689423888116,"LateFetal"
"GGTTGCTCAAAGCCTC-2","female","EN-fetal-late",-0.32672921131816,"LateFetal"
"GGTTGCTCACTAAATC-2","female","EN-fetal-late",-0.780610784978417,"LateFetal"
"GGTTGCTCAGACAAAC-2","female","IN-fetal",-0.546374179163544,"LateFetal"
"GGTTGCTCATAGCAGG-2","female","EN-fetal-late",-0.298072278576143,"LateFetal"
"GGTTGCTCATGTCAGC-2","female","EN-fetal-late",-0.491355846828553,"LateFetal"
"GGTTGGTGTATTGTCC-2","female","IN-fetal",-0.107777060311127,"LateFetal"
"GGTTGGTGTGACATGC-2","female","EN-fetal-late",0.153314949234369,"LateFetal"
"GGTTGGTGTTGCACGG-2","female","EN-fetal-late",-0.406936362048589,"LateFetal"
"GGTTTAATCTCGCCTG-2","female","IN-fetal",-0.935952442516589,"LateFetal"
"GGTTTCCTCTCCATAT-2","female","EN-fetal-late",-1.93219628861313,"LateFetal"
"GGTTTCTGTACGCGCA-2","female","EN-fetal-late",0.472295507873658,"LateFetal"
"GGTTTCTGTAGCCATA-2","female","EN-fetal-late",0.763680120481192,"LateFetal"
"GGTTTCTGTGCATTAG-2","female","EN-fetal-late",-1.75083849472368,"LateFetal"
"GGTTTGTAGGAGGGTT-2","female","EN-fetal-late",0.226099813865726,"LateFetal"
"GTAAAGCCAAACAACA-2","female","IN-fetal",0.404127515746099,"LateFetal"
"GTAAAGCCAAACGCGA-2","female","EN-fetal-late",-1.38649663800044,"LateFetal"
"GTAAAGCCAACGTGCT-2","female","EN-fetal-late",-0.644962092612114,"LateFetal"
"GTAAAGCCACGTAATT-2","female","EN-fetal-late",-0.557636355075239,"LateFetal"
"GTAAAGCCACTAAGTT-2","female","EN-fetal-late",-0.0215719678031871,"LateFetal"
"GTAAAGCCAGTTGCGT-2","female","EN-fetal-late",0.0432114740118127,"LateFetal"
"GTAAGCAAGAACCTAC-2","female","EN-fetal-late",0.358199720171969,"LateFetal"
"GTAAGCGCAATATAGG-2","female","EN-fetal-late",-1.86079875454064,"LateFetal"
"GTAAGCGCAATCTCTC-2","female","EN-fetal-late",-0.974740740220871,"LateFetal"
"GTAAGCGCACAACAAA-2","female","EN-fetal-late",-0.612452309135533,"LateFetal"
"GTAAGCGCAGCGCTTG-2","female","EN-fetal-late",-0.0149683771750176,"LateFetal"
"GTAAGCGCAGGAACCA-2","female","EN-fetal-late",-0.88303263284343,"LateFetal"
"GTAAGCGCATTTAAGC-2","female","EN-fetal-late",-0.836760019743802,"LateFetal"
"GTAAGCTTCAAACCTA-2","female","IN-fetal",1.06038726064697,"LateFetal"
"GTAAGCTTCGGGCCAT-2","female","IN-fetal",1.38468085197602,"LateFetal"
"GTAAGCTTCTAATCCT-2","female","EN-fetal-late",-0.303862915270059,"LateFetal"
"GTAAGGTCAACTCGCG-2","female","EN-fetal-late",0.298691104617331,"LateFetal"
"GTAAGGTCATAACGGG-2","female","IN-fetal",-0.162112089103854,"LateFetal"
"GTAAGGTCATAGCTGC-2","female","IN-fetal",0.630695668142879,"LateFetal"
"GTAAGGTCATGAGTTT-2","female","RG",0.10351233006262,"LateFetal"
"GTAATAGCAACTGGGA-2","female","EN-fetal-late",0.141692724293117,"LateFetal"
"GTAATAGCAATAGTCT-2","female","EN-fetal-late",0.0959319243206977,"LateFetal"
"GTAATAGCAATTGACT-2","female","EN-fetal-late",-0.224534939534595,"LateFetal"
"GTAATAGCACCCTCAC-2","female","EN-fetal-late",-0.118592644619233,"LateFetal"
"GTAATAGCATTGTTGG-2","female","EN-fetal-late",-0.432245525852397,"LateFetal"
"GTACAATGTCGACTAA-2","female","EN-fetal-late",0.137669786491624,"LateFetal"
"GTACACCCAACTAACT-2","female","IN-fetal",1.40436100932486,"LateFetal"
"GTACACCCAGCTAATT-2","female","EN-fetal-late",-0.877910922686418,"LateFetal"
"GTACACCCAGGAACTG-2","female","EN-fetal-late",-0.669113612668837,"LateFetal"
"GTACACCCAGGCATGA-2","female","RG",-0.60160983237715,"LateFetal"
"GTACACCCATAGACTT-2","female","EN-fetal-late",-0.627374435063546,"LateFetal"
"GTACCGGGTCATGCCC-2","female","IN-fetal",-0.331163527824924,"LateFetal"
"GTACCGGGTTCCAGGG-2","female","EN-fetal-late",0.532458631383246,"LateFetal"
"GTACCGGGTTTGGGCG-2","female","EN-fetal-late",-0.317470845033864,"LateFetal"
"GTACGTAGTGCATCGG-2","female","EN-fetal-late",-0.903226554859723,"LateFetal"
"GTACGTAGTTAAGTGT-2","female","EN-fetal-late",-0.628473207225647,"LateFetal"
"GTACGTAGTTAATGCG-2","female","EN-fetal-late",-0.652738918974872,"LateFetal"
"GTACGTAGTTAGTACG-2","female","EN-fetal-late",-0.923509798328207,"LateFetal"
"GTACTAATCATCAGTA-2","female","EN-fetal-late",0.360108836548156,"LateFetal"
"GTACTAATCCAATTAG-2","female","EN-fetal-late",-0.30256846997688,"LateFetal"
"GTACTAATCCGTGACA-2","female","EN-fetal-late",0.878755781731086,"LateFetal"
"GTACTAATCTACCTGC-2","female","EN-fetal-late",-0.392076958887852,"LateFetal"
"GTACTAATCTCAATTC-2","female","EN-fetal-late",-0.101816083140063,"LateFetal"
"GTACTAGGTACCCACC-2","female","IN-fetal",0.543154286776655,"LateFetal"
"GTACTAGGTCTCAGCC-2","female","EN-fetal-late",0.00286042234282614,"LateFetal"
"GTACTAGGTTCCGGGA-2","female","IN-fetal",0.0423944303842733,"LateFetal"
"GTACTAGGTTTGGGCG-2","female","EN-fetal-late",0.286794292181375,"LateFetal"
"GTACTGGTCCCTCATA-2","female","EN-fetal-late",-0.33867484246487,"LateFetal"
"GTACTGGTCGCTATAA-2","female","EN-fetal-late",0.548384677553306,"LateFetal"
"GTACTTAAGGACCTTG-2","female","EN-fetal-late",-0.509592885968551,"LateFetal"
"GTACTTAAGGGATGCG-2","female","EN-fetal-late",-0.143291294072328,"LateFetal"
"GTACTTAAGGTAACGA-2","female","IN-fetal",0.891160336957726,"LateFetal"
"GTACTTAAGGTGTCCA-2","female","EN-fetal-late",-1.43972142809692,"LateFetal"
"GTACTTCGTGATCAGC-2","female","EN-fetal-late",0.446278257874079,"LateFetal"
"GTACTTCGTTATAGCG-2","female","EN-fetal-late",0.233804855971605,"LateFetal"
"GTAGCCATCAGCAAGA-2","female","EN-fetal-late",0.182639217534323,"LateFetal"
"GTAGCCATCATAACTG-2","female","IN-fetal",0.308016358143593,"LateFetal"
"GTAGCCATCCTCCCTC-2","female","EN-fetal-late",-1.01779089626437,"LateFetal"
"GTAGCGCTCATCCTGC-2","female","EN-fetal-late",-0.241398857006965,"LateFetal"
"GTAGCGCTCTCGCCCA-2","female","EN-fetal-late",-1.14478124594681,"LateFetal"
"GTAGCTGTCAAGCCTG-2","female","EN-fetal-late",0.435907089822319,"LateFetal"
"GTAGCTGTCATGTCAA-2","female","EN-fetal-late",-0.0382724003989188,"LateFetal"
"GTAGCTGTCGGCTATG-2","female","IN-fetal",0.463013984063936,"LateFetal"
"GTAGCTGTCTTTAGGA-2","female","EN-fetal-late",0.170666186115692,"LateFetal"
"GTAGGAGGTCATCAAG-2","female","EN-fetal-late",0.0564961161031806,"LateFetal"
"GTAGGATCAAATATCC-2","female","IN-fetal",-0.321678927641127,"LateFetal"
"GTAGGATCAGCAATAA-2","female","EN-fetal-late",-0.723825528605285,"LateFetal"
"GTAGGATCATAGTCAT-2","female","EN-fetal-late",0.627854214904222,"LateFetal"
"GTAGGTGCAATAGCAA-2","female","EN-fetal-late",-1.14550539411327,"LateFetal"
"GTAGGTGCACCCACCT-2","female","IN-fetal",-0.0285138281797203,"LateFetal"
"GTAGGTGCAGAAATGC-2","female","EN-fetal-late",-0.241006243616246,"LateFetal"
"GTAGGTGCAGGAATCG-2","female","EN-fetal-late",-0.640636176424171,"LateFetal"
"GTAGTTATCAATGACC-2","female","IN-fetal",0.0520760912180653,"LateFetal"
"GTAGTTATCACTTCAT-2","female","IN-fetal",-0.00810668139930531,"LateFetal"
"GTAGTTATCCGGTATG-2","female","IN-fetal",0.468595285432425,"LateFetal"
"GTAGTTTCACGTGCTG-2","female","EN-fetal-late",0.405447315461924,"LateFetal"
"GTATCGCCACCCACAG-2","female","IN-fetal",0.570211573502513,"LateFetal"
"GTATCGCCACCTGTAA-2","female","EN-fetal-late",-0.0592021291531065,"LateFetal"
"GTATCGCCATAGTCAT-2","female","EN-fetal-late",-0.464662594581448,"LateFetal"
"GTATGTGGTCATTGTC-2","female","EN-fetal-late",-0.797651733049531,"LateFetal"
"GTATGTGGTGCATTTC-2","female","EN-fetal-late",-1.32442088282812,"LateFetal"
"GTATGTTCAATGAATG-2","female","IN-fetal",0.605135189466202,"LateFetal"
"GTATGTTCACCAAAGG-2","female","EN-fetal-late",-0.158089309019549,"LateFetal"
"GTATGTTCACGAATCC-2","female","EN-fetal-late",-0.687231490958613,"LateFetal"
"GTATGTTCACTTAACG-2","female","EN-fetal-late",0.0220533143953981,"LateFetal"
"GTATGTTCAGGACCTT-2","female","EN-fetal-late",-1.18300334337828,"LateFetal"
"GTATGTTCATAAAGCA-2","female","EN-fetal-late",0.902828679234079,"LateFetal"
"GTATGTTCATTGTGGC-2","female","EN-fetal-late",1.07218742742255,"LateFetal"
"GTATTCAAGAGGAAGG-2","female","EN-fetal-late",-0.0691734549761775,"LateFetal"
"GTATTCAAGGATGATG-2","female","EN-fetal-late",-0.197314258350074,"LateFetal"
"GTATTGATCACTCAAA-2","female","EN-fetal-late",0.307343135015749,"LateFetal"
"GTATTGATCCACCCTG-2","female","EN-fetal-late",0.613256727013361,"LateFetal"
"GTATTGATCCCGAAGC-2","female","Microglia",-0.136988827429968,"LateFetal"
"GTATTGATCTAATCTC-2","female","EN-fetal-late",-0.773724600279965,"LateFetal"
"GTATTGCAGCGATACT-2","female","EN-fetal-late",-0.0744169679361831,"LateFetal"
"GTATTGCAGGAGGTTA-2","female","EN-fetal-late",-0.235814697494298,"LateFetal"
"GTATTGCAGTAACGAG-2","female","EN-fetal-late",-1.07446776202864,"LateFetal"
"GTATTGCAGTCAATTG-2","female","EN-fetal-late",-0.134055603217459,"LateFetal"
"GTATTGTCAATTGAGA-2","female","EN-fetal-late",-0.0913000289045621,"LateFetal"
"GTATTGTCATGTTGTG-2","female","EN-fetal-late",-0.233928434332388,"LateFetal"
"GTATTGTCATTAGCGC-2","female","EN-fetal-late",-1.4165713771765,"LateFetal"
"GTATTGTCATTGCGAC-2","female","IN-fetal",0.769648065405144,"LateFetal"
"GTCAATATCAGCTAAC-2","female","IN-fetal",0.504549314422069,"LateFetal"
"GTCAATATCATCACTT-2","female","EN-fetal-late",-1.15062524786993,"LateFetal"
"GTCAATATCGAGGAAC-2","female","EN-fetal-late",0.656576596026215,"LateFetal"
"GTCAATATCTATCGCC-2","female","EN-fetal-late",0.419554814493715,"LateFetal"
"GTCAATATCTTGAGCG-2","female","EN-fetal-late",-0.666042162440818,"LateFetal"
"GTCAGGCTCCTGTTCA-2","female","EN-fetal-late",-0.162722995009046,"LateFetal"
"GTCATCACACAAAGGT-2","female","EN-fetal-late",-1.1184110052851,"LateFetal"
"GTCATCACACCTAAGC-2","female","EN-fetal-late",0.149218053259866,"LateFetal"
"GTCATCCTCCCGAACA-2","female","EN-fetal-late",1.36799606208597,"LateFetal"
"GTCATCCTCCTGGCTT-2","female","EN-fetal-late",-0.730217625633292,"LateFetal"
"GTCATGAGTATTGCAG-2","female","IN-fetal",-0.189827145237527,"LateFetal"
"GTCATGAGTCATTACC-2","female","EN-fetal-late",0.203661809236988,"LateFetal"
"GTCATGCCAATAAGCA-2","female","EN-fetal-late",-1.38396678629831,"LateFetal"
"GTCATGCCAATTAGGA-2","female","IN-fetal",0.769177564190734,"LateFetal"
"GTCATGCCACTAAGAA-2","female","EN-fetal-late",-0.263730037152652,"LateFetal"
"GTCATGCCAGTTAGCC-2","female","EN-fetal-late",-0.0110227417894136,"LateFetal"
"GTCATGCCATCATGTG-2","female","EN-fetal-late",0.40621357469737,"LateFetal"
"GTCATGCCATTCAGCA-2","female","EN-fetal-late",-0.111473539325989,"LateFetal"
"GTCCAAGTCATGAGCT-2","female","EN-fetal-late",-0.202864020068205,"LateFetal"
"GTCCAGGGTGGACCTG-2","female","EN-fetal-late",-0.259273938361837,"LateFetal"
"GTCCAGGGTTGCAATG-2","female","EN-fetal-late",0.192214093943026,"LateFetal"
"GTCCATTGTCCAAGAC-2","female","IN-fetal",-0.412930185690885,"LateFetal"
"GTCCATTGTTATAGCG-2","female","EN-fetal-late",-0.442147819663407,"LateFetal"
"GTCCATTGTTCCGGCT-2","female","EN-fetal-late",-0.419351115746616,"LateFetal"
"GTCCATTGTTGTTGGA-2","female","EN-fetal-late",0.143739273559052,"LateFetal"
"GTCCGTAAGCTCAATA-2","female","EN-fetal-late",1.22317977025684,"LateFetal"
"GTCCGTAAGCTTTGTT-2","female","IN-fetal",0.489190868674236,"LateFetal"
"GTCCGTAAGGCTTAGT-2","female","IN-fetal",0.323837237925407,"LateFetal"
"GTCCGTAAGGTTTACA-2","female","EN-fetal-late",-0.525213348173706,"LateFetal"
"GTCCTAGAGCGCAATT-2","female","EN-fetal-late",-0.35806844566057,"LateFetal"
"GTCCTAGAGGCTGGCT-2","female","EN-fetal-late",-0.39969821349697,"LateFetal"
"GTCCTAGAGTTAGCTA-2","female","EN-fetal-late",0.51430538794174,"LateFetal"
"GTCCTCAGTAAATTGC-2","female","EN-fetal-late",-0.276016967265172,"LateFetal"
"GTCCTCCCAAAGCTAA-2","female","EN-fetal-late",-0.33069549765359,"LateFetal"
"GTCCTCCCAATAAGCA-2","female","EN-fetal-late",0.168949923367247,"LateFetal"
"GTCCTCCCAGCAAGTG-2","female","EN-fetal-late",0.257555406137336,"LateFetal"
"GTCGAAGCAACTGGCT-2","female","IN-fetal",-0.0271900750170691,"LateFetal"
"GTCGAAGCACGGTTTA-2","female","EN-fetal-late",-1.31627934775796,"LateFetal"
"GTCGAAGCAGCTACGT-2","female","EN-fetal-late",-1.3552803321406,"LateFetal"
"GTCGAAGCAGCTCATA-2","female","EN-fetal-late",-0.578276667234203,"LateFetal"
"GTCGAAGCATGCTCCC-2","female","IN-fetal",-0.276419939762768,"LateFetal"
"GTCGAGGAGGCTATGT-2","female","IN-fetal",0.812513454220195,"LateFetal"
"GTCGAGGAGTTTGGTA-2","female","IN-fetal",0.299436246686855,"LateFetal"
"GTCGGTTCAAGTGTTT-2","female","OPC",1.02157008167437,"LateFetal"
"GTCGGTTCACATGCTA-2","female","EN-fetal-late",-0.506555543188659,"LateFetal"
"GTCGGTTCATAAGTTC-2","female","EN-fetal-late",-0.373668985353454,"LateFetal"
"GTCGGTTCATCAGTAT-2","female","IN-fetal",-0.474923324066306,"LateFetal"
"GTCTAACAGGAGGCAT-2","female","EN-fetal-late",0.278045007461297,"LateFetal"
"GTCTAATCAAAGGTAC-2","female","RG",-0.0876257796218046,"LateFetal"
"GTCTAATCACAGAACG-2","female","EN-fetal-late",-1.07871631642683,"LateFetal"
"GTCTAGCCAATGAAGC-2","female","RG",0.259146563560684,"LateFetal"
"GTCTAGCCACGAATCC-2","female","EN-fetal-late",-0.937305527761861,"LateFetal"
"GTCTAGCCAGTTAGCC-2","female","EN-fetal-late",0.472603927437146,"LateFetal"
"GTCTAGCCATCCTGAA-2","female","EN-fetal-late",0.477460031968952,"LateFetal"
"GTCTAGCCATGGCCCA-2","female","EN-fetal-late",1.09853162722717,"LateFetal"
"GTCTATCGTGATTACG-2","female","EN-fetal-late",-0.820289147555117,"LateFetal"
"GTCTATCGTGTTAGCA-2","female","EN-fetal-late",-0.0545264176020239,"LateFetal"
"GTCTATCGTGTTCCCA-2","female","EN-fetal-late",-1.00881948692551,"LateFetal"
"GTCTATGCAGTAATAG-2","female","EN-fetal-late",-0.748359200814877,"LateFetal"
"GTCTATGCAGTCTATG-2","female","EN-fetal-late",0.146517308912807,"LateFetal"
"GTCTATGCATGCTCCC-2","female","EN-fetal-late",0.126756217967228,"LateFetal"
"GTCTCACTCATTGTTC-2","female","EN-fetal-late",-1.50421618797175,"LateFetal"
"GTCTTGCTCATGGCTG-2","female","EN-fetal-late",-0.278358846481083,"LateFetal"
"GTCTTGCTCCGTTATT-2","female","IN-fetal",0.0270620569001968,"LateFetal"
"GTCTTGCTCTCTAGCC-2","female","EN-fetal-late",0.0329843212867912,"LateFetal"
"GTCTTTGTCCCGTTAC-2","female","EN-fetal-late",-0.244743620285371,"LateFetal"
"GTGAACAAGCCGGTAC-2","female","IN-fetal",-0.545985600294571,"LateFetal"
"GTGAACAAGCTATTAG-2","female","EN-fetal-late",-0.400335277611775,"LateFetal"
"GTGAACAAGGAGCAAC-2","female","EN-fetal-late",-0.137631787293321,"LateFetal"
"GTGAACAAGGTAAGCA-2","female","IN-fetal",0.0726121886849566,"LateFetal"
"GTGAATCTCACAGGAA-2","female","EN-fetal-late",0.0543327190591198,"LateFetal"
"GTGAATCTCTACTAAG-2","female","EN-fetal-late",-0.23763341814916,"LateFetal"
"GTGAGCGAGCTTAGTA-2","female","IN-fetal",0.460832977133503,"LateFetal"
"GTGAGGAGTATTCGTC-2","female","EN-fetal-late",-0.562444449025723,"LateFetal"
"GTGAGGAGTGACCTGG-2","female","EN-fetal-late",-1.73145923251711,"LateFetal"
"GTGAGGAGTTTCCTCC-2","female","IN-fetal",0.720145478126766,"LateFetal"
"GTGATCAGTTGGTTGA-2","female","EN-fetal-late",-0.0492875569558555,"LateFetal"
"GTGATGAAGCGTGCGT-2","female","IN-fetal",0.664390214433119,"LateFetal"
"GTGATGAAGGAGCACG-2","female","EN-fetal-late",-0.583519369607023,"LateFetal"
"GTGATGAAGTCAGTAC-2","female","EN-fetal-late",-1.48236203364392,"LateFetal"
"GTGATGAAGTGAACCT-2","female","IN-fetal",0.851010461790026,"LateFetal"
"GTGCAAGCACCTAAGC-2","female","EN-fetal-late",-0.787420751695306,"LateFetal"
"GTGCATTAGGAACCGG-2","female","EN-fetal-late",-0.12049277152109,"LateFetal"
"GTGCCTTTCATAGACC-2","female","IN-fetal",0.500957328756713,"LateFetal"
"GTGCCTTTCCGTAAAC-2","female","EN-fetal-late",1.49722756243695,"LateFetal"
"GTGCCTTTCCTCAGCT-2","female","IN-fetal",-0.173589354888162,"LateFetal"
"GTGCCTTTCTCACAAA-2","female","EN-fetal-late",0.129575063448951,"LateFetal"
"GTGCGCAGTAAGCTTG-2","female","EN-fetal-late",0.582857798498184,"LateFetal"
"GTGCGCAGTATGGTGC-2","female","EN-fetal-late",-0.391785101803869,"LateFetal"
"GTGCGCAGTGAAGCCT-2","female","IN-fetal",0.118260881556027,"LateFetal"
"GTGCGCAGTTCAAGCA-2","female","EN-fetal-late",-0.950315466736093,"LateFetal"
"GTGCGCAGTTCGCGCT-2","female","EN-fetal-late",0.262674364127784,"LateFetal"
"GTGCGGTTCTTGGATA-2","female","EN-fetal-late",-0.387623754328824,"LateFetal"
"GTGCTCAAGCTTACTT-2","female","RG",0.717372419272844,"LateFetal"
"GTGCTCAAGGCCTAAT-2","female","EN-fetal-late",0.378433970294682,"LateFetal"
"GTGCTCAAGGTTTACA-2","female","IN-fetal",0.331687676299785,"LateFetal"
"GTGCTCCGTTAACGGC-2","female","EN-fetal-late",0.693475559087058,"LateFetal"
"GTGCTCCGTTAATGAC-2","female","EN-fetal-late",0.497563978611935,"LateFetal"
"GTGCTCCGTTGCTTCG-2","female","EN-fetal-late",0.0672241458118042,"LateFetal"
"GTGCTGATCAATGTGC-2","female","EN-fetal-late",0.198123787865543,"LateFetal"
"GTGCTGATCGCTATGG-2","female","IN-fetal",0.490042904558726,"LateFetal"
"GTGCTGGGTCGTTATC-2","female","EN-fetal-late",-0.581245913529189,"LateFetal"
"GTGCTTACAGCAGGTA-2","female","EN-fetal-late",-0.203807530939961,"LateFetal"
"GTGCTTACAGTAGGAT-2","female","EN-fetal-late",-0.628611038664026,"LateFetal"
"GTGCTTCTCAAACACC-2","female","EN-fetal-late",0.250915308464235,"LateFetal"
"GTGCTTCTCAAACCGT-2","female","EN-fetal-late",-1.03952926291526,"LateFetal"
"GTGGACACAAGGTACG-2","female","EN-fetal-late",-0.364441438431734,"LateFetal"
"GTGGACACACAAGCCT-2","female","EN-fetal-late",0.726116685398894,"LateFetal"
"GTGGACACATAATGAG-2","female","EN-fetal-late",0.195741680543728,"LateFetal"
"GTGGACACATAGGCGA-2","female","IN-fetal",0.292326846157462,"LateFetal"
"GTGGCTTCAAATGCCC-2","female","IN-fetal",0.331496401048702,"LateFetal"
"GTGGCTTCAAATTGCT-2","female","EN-fetal-late",0.322489966749218,"LateFetal"
"GTGGCTTCAAGGCCAA-2","female","EN-fetal-late",0.335705514238464,"LateFetal"
"GTGGCTTCACTAAATC-2","female","EN-fetal-late",-0.638771781329741,"LateFetal"
"GTGGCTTCATTAAAGG-2","female","EN-fetal-late",-0.351794365506735,"LateFetal"
"GTGGTTAGTCGTTATC-2","female","RG",-0.387851437891072,"LateFetal"
"GTGGTTAGTGCATCGG-2","female","OPC",0.798063082205801,"LateFetal"
"GTGGTTAGTGCGCAAT-2","female","IN-fetal",-0.0238842142376916,"LateFetal"
"GTGTAACTCACGCATG-2","female","IN-fetal",0.442331509498828,"LateFetal"
"GTGTAACTCAGCACCA-2","female","EN-fetal-late",0.287534413541524,"LateFetal"
"GTGTAACTCATCCACC-2","female","EN-fetal-late",0.264222283000218,"LateFetal"
"GTGTCCAAGGTTTGCG-2","female","RG",-0.110488972337401,"LateFetal"
"GTGTCCAAGTGAGGTA-2","female","IN-fetal",-1.06744732775192,"LateFetal"
"GTGTCCAAGTGCACGC-2","female","EN-fetal-late",-0.437463763026597,"LateFetal"
"GTGTCCAAGTTTGTCT-2","female","IN-fetal",0.645988456969509,"LateFetal"
"GTGTGAGCAGGTTACC-2","female","EN-fetal-late",-0.00791139509717224,"LateFetal"
"GTGTGAGCATCTAGCA-2","female","IN-fetal",1.29091573230033,"LateFetal"
"GTGTGCGGTGCTAGAC-2","female","EN-fetal-late",-0.77081105948989,"LateFetal"
"GTGTGCGGTGTGCAAC-2","female","IN-fetal",0.0777879516062223,"LateFetal"
"GTGTGCGGTGTGTGGT-2","female","EN-fetal-late",-0.744806058157137,"LateFetal"
"GTGTGCGGTTAGTACG-2","female","EN-fetal-late",0.646312364659963,"LateFetal"
"GTGTGTTAGCAGGCCT-2","female","EN-fetal-late",-1.01817879941491,"LateFetal"
"GTGTGTTAGGCAACAA-2","female","EN-fetal-late",-0.617485944499789,"LateFetal"
"GTGTTACAGACAACAG-2","female","EN-fetal-late",-0.107173076866494,"LateFetal"
"GTGTTACAGATTCCTT-2","female","EN-fetal-late",0.237095279119231,"LateFetal"
"GTGTTACAGCTTATGA-2","female","EN-fetal-late",-0.661907692206214,"LateFetal"
"GTGTTACAGGCCTAAT-2","female","IN-fetal",0.0291170799951936,"LateFetal"
"GTGTTACAGTCACCTC-2","female","IN-fetal",-0.311330229419502,"LateFetal"
"GTGTTCCTCGTTTCTG-2","female","IN-fetal",-0.328199798573688,"LateFetal"
"GTTAAACGTGTGTCCC-2","female","IN-fetal",0.585708885991546,"LateFetal"
"GTTAAACGTTATCCGT-2","female","EN-fetal-late",-0.453799125252478,"LateFetal"
"GTTAAACGTTCGGGAT-2","female","EN-fetal-late",-0.675579129029577,"LateFetal"
"GTTAACCAGTCTATGA-2","female","EN-fetal-late",-0.554943810288917,"LateFetal"
"GTTAACGGTGAGGTAG-2","female","EN-fetal-late",0.16242369464771,"LateFetal"
"GTTAACGGTGCTAGCG-2","female","EN-fetal-late",0.666336104253885,"LateFetal"
"GTTAAGCTCATTTAGG-2","female","EN-fetal-late",-0.855282060672601,"LateFetal"
"GTTAAGCTCGGGCCAT-2","female","IN-fetal",0.285835391355437,"LateFetal"
"GTTAAGCTCTGCAAGT-2","female","EN-fetal-late",-0.0647013902902625,"LateFetal"
"GTTAAGCTCTTGTCCA-2","female","IN-fetal",0.00475927734674589,"LateFetal"
"GTTAAGTGTATGGTGC-2","female","EN-fetal-late",0.0453868574748779,"LateFetal"
"GTTAAGTGTATTGGAT-2","female","EN-fetal-late",-0.800195588799845,"LateFetal"
"GTTAAGTGTCACGGAT-2","female","EN-fetal-late",0.294157963142008,"LateFetal"
"GTTAAGTGTGCATTTC-2","female","EN-fetal-late",0.146203757507761,"LateFetal"
"GTTAATGTCTTTGAGA-2","female","EN-fetal-late",0.145619808795653,"LateFetal"
"GTTACAGGTAAGCTTG-2","female","IN-fetal",0.656296888476131,"LateFetal"
"GTTACAGGTATTCGCT-2","female","EN-fetal-late",-0.747571661067642,"LateFetal"
"GTTACAGGTCCTTTAA-2","female","EN-fetal-late",-1.45974062343252,"LateFetal"
"GTTACAGGTTACAACG-2","female","EN-fetal-late",-0.676155980861152,"LateFetal"
"GTTACAGGTTACTAGG-2","female","EN-fetal-late",-1.62106555776806,"LateFetal"
"GTTACAGGTTTGGTTC-2","female","EN-fetal-late",-0.273937660300371,"LateFetal"
"GTTACCTGTCATTAGG-2","female","IN-fetal",0.0738247670139471,"LateFetal"
"GTTACCTGTGTCCTGC-2","female","EN-fetal-late",0.607582924353958,"LateFetal"
"GTTACCTGTGTGTGGT-2","female","EN-fetal-early",0.37949691232076,"LateFetal"
"GTTACCTGTTCCTCCT-2","female","EN-fetal-late",0.371360509783966,"LateFetal"
"GTTACCTGTTGTTGCT-2","female","EN-fetal-late",-0.48807382570289,"LateFetal"
"GTTACGCCAAAGGTAC-2","female","IN-fetal",0.469878221711452,"LateFetal"
"GTTACGCCACCCACAG-2","female","IN-fetal",0.869020006223097,"LateFetal"
"GTTACGCCAGGCATGA-2","female","EN-fetal-late",-1.2385991454413,"LateFetal"
"GTTACGCCATGTTTGG-2","female","IN-fetal",-0.528027755820751,"LateFetal"
"GTTACGTAGAAGGTGC-2","female","EN-fetal-late",-0.585078997811436,"LateFetal"
"GTTACGTAGGCTACAT-2","female","EN-fetal-late",-0.141451701184164,"LateFetal"
"GTTACGTAGTCATCCC-2","female","EN-fetal-late",0.122734472465093,"LateFetal"
"GTTACTAAGGCCCAGT-2","female","EN-fetal-late",-0.619199424000861,"LateFetal"
"GTTACTAAGGTTTGAC-2","female","IN-fetal",0.312103703561126,"LateFetal"
"GTTACTAAGTACCGCA-2","female","EN-fetal-late",0.172825768967964,"LateFetal"
"GTTACTAAGTCCTGAG-2","female","IN-fetal",1.34306899892235,"LateFetal"
"GTTACTCGTAGCTAAT-2","female","EN-fetal-late",0.0634969753560188,"LateFetal"
"GTTAGACTCCCGCCTA-2","female","EN-fetal-late",-0.415568967014921,"LateFetal"
"GTTAGGCGTCCGCTGT-2","female","EN-fetal-late",-0.279738178212892,"LateFetal"
"GTTAGGCGTCCTAACT-2","female","EN-fetal-late",-0.498936502074769,"LateFetal"
"GTTAGGCGTGTCCAGG-2","female","IN-fetal",0.338788189564933,"LateFetal"
"GTTAGGCGTTAGAGCC-2","female","EN-fetal-late",-0.511922803385693,"LateFetal"
"GTTCACCTCAATCATG-2","female","EN-fetal-late",-0.438449623920244,"LateFetal"
"GTTCACCTCAGCAAAG-2","female","EN-fetal-late",0.699366186392214,"LateFetal"
"GTTCACCTCCAGGAAA-2","female","IN-fetal",-0.253424245685401,"LateFetal"
"GTTCATTTCAGGCTAT-2","female","EN-fetal-late",-0.34847208502655,"LateFetal"
"GTTCATTTCCCTTGCG-2","female","EN-fetal-late",0.204286139407939,"LateFetal"
"GTTCATTTCGGGATTT-2","female","EN-fetal-late",-0.0651603278238727,"LateFetal"
"GTTCCTGGTCAACAAT-2","female","EN-fetal-late",-0.431763201638696,"LateFetal"
"GTTCCTTCACATAACT-2","female","EN-fetal-late",-0.512440716633944,"LateFetal"
"GTTCCTTCAGGCGATA-2","female","EN-fetal-late",0.474085865868379,"LateFetal"
"GTTCGCGCACCCTCAC-2","female","EN-fetal-late",0.286374181641602,"LateFetal"
"GTTCGCGCAGCATGAG-2","female","EN-fetal-late",0.18402501617883,"LateFetal"
"GTTCGCGCAGGCATGA-2","female","EN-fetal-late",0.512894853501197,"LateFetal"
"GTTCGCGCAGGCCAAA-2","female","EN-fetal-late",0.165745493491873,"LateFetal"
"GTTCGCTTCATGGTTA-2","female","EN-fetal-late",-0.904575383661675,"LateFetal"
"GTTCGCTTCCCGAAGC-2","female","EN-fetal-late",-0.391178338557303,"LateFetal"
"GTTCGCTTCGGTTTGG-2","female","EN-fetal-late",0.463040756896317,"LateFetal"
"GTTCTTGTCGATTTGA-2","female","EN-fetal-late",-1.66677924424051,"LateFetal"
"GTTCTTGTCTCTAGCC-2","female","EN-fetal-late",-0.0860362283636078,"LateFetal"
"GTTGCATAGCTTAACA-2","female","EN-fetal-late",0.443344019343993,"LateFetal"
"GTTGCATAGTAGCGGG-2","female","IN-fetal",0.560608448705554,"LateFetal"
"GTTGCATAGTGAACAG-2","female","EN-fetal-late",-0.319434357543395,"LateFetal"
"GTTGCATAGTGAACGA-2","female","EN-fetal-late",-0.529484499490386,"LateFetal"
"GTTGCCCGTCATTGAG-2","female","EN-fetal-late",-0.47891702145661,"LateFetal"
"GTTGCCCGTTTCCTCC-2","female","EN-fetal-late",-0.549472467499733,"LateFetal"
"GTTGGAGCAGACAAAC-2","female","EN-fetal-late",0.666145699387963,"LateFetal"
"GTTGGAGCAGGCTGTT-2","female","IN-fetal",-0.439800706544532,"LateFetal"
"GTTGGAGCATAAAGCA-2","female","EN-fetal-late",-1.05315770914957,"LateFetal"
"GTTGGAGCATAATTGC-2","female","EN-fetal-late",-0.434590016762695,"LateFetal"
"GTTGGAGCATGCTTAG-2","female","EN-fetal-late",0.315976410935892,"LateFetal"
"GTTGGCCAGAAGGTGC-2","female","EN-fetal-late",0.115038675988599,"LateFetal"
"GTTGGCCAGCTGGCTA-2","female","EN-fetal-late",0.285398420509106,"LateFetal"
"GTTGGCCAGGCTCATG-2","female","EN-fetal-late",-0.606217036523369,"LateFetal"
"GTTGGCCAGTAGGATG-2","female","EN-fetal-late",-0.0658502544513175,"LateFetal"
"GTTGGCCAGTATTGCA-2","female","EN-fetal-late",-1.10787017817233,"LateFetal"
"GTTGGCCAGTGTTGCG-2","female","EN-fetal-late",-1.5790530350453,"LateFetal"
"GTTGGCGGTCAATAGT-2","female","EN-fetal-late",-0.460430740671058,"LateFetal"
"GTTGGCGGTCGCAATA-2","female","EN-fetal-late",0.0659830600642734,"LateFetal"
"GTTGGCGGTGTGAGAG-2","female","EN-fetal-late",-0.299320456556268,"LateFetal"
"GTTGGCGGTTCCGGCT-2","female","EN-fetal-late",-0.220012198659917,"LateFetal"
"GTTGTGAGTGCTGTAA-2","female","EN-fetal-late",0.559123025469505,"LateFetal"
"GTTGTTGCAACCTGGT-2","female","IN-fetal",0.816005642984552,"LateFetal"
"GTTGTTGCACAGGAAT-2","female","EN-fetal-late",0.1821499486359,"LateFetal"
"GTTGTTGCAGGCGAGT-2","female","EN-fetal-late",-0.178267548136554,"LateFetal"
"GTTGTTGCATGCTCCC-2","female","EN-fetal-late",-0.465245414939095,"LateFetal"
"GTTTAACCACTTCATC-2","female","EN-fetal-late",-0.00767399093798958,"LateFetal"
"GTTTAACCAGTAAGTA-2","female","EN-fetal-late",-1.42343635544549,"LateFetal"
"GTTTAACCATCTTGAG-2","female","IN-fetal",-0.466611216847801,"LateFetal"
"GTTTACCGTAGACAAA-2","female","EN-fetal-late",-1.27545775037722,"LateFetal"
"GTTTACCGTATTCGTC-2","female","EN-fetal-late",-0.142957489189432,"LateFetal"
"GTTTAGCAGTAACAGG-2","female","IN-fetal",0.00188076506219838,"LateFetal"
"GTTTAGCAGTACTGGT-2","female","EN-fetal-late",-0.265863568090041,"LateFetal"
"GTTTATCTCAACAAGG-2","female","IN-fetal",-0.312402690076021,"LateFetal"
"GTTTATCTCCACAATA-2","female","EN-fetal-late",0.0562848800247717,"LateFetal"
"GTTTATCTCCCTCAAC-2","female","EN-fetal-late",-1.0857768927742,"LateFetal"
"GTTTATCTCCTAAATG-2","female","EN-fetal-late",0.194908871931842,"LateFetal"
"GTTTCAGCAAAGCTCC-2","female","EN-fetal-late",0.387650481021584,"LateFetal"
"GTTTCAGCAAAGGCCA-2","female","EN-fetal-late",-0.406228930942685,"LateFetal"
"GTTTCAGCAAATATCC-2","female","IN-fetal",-0.269257042622018,"LateFetal"
"GTTTCAGCACCTAATG-2","female","IN-fetal",0.969068109855046,"LateFetal"
"GTTTCAGCACTAAGAA-2","female","EN-fetal-late",-0.307679495816024,"LateFetal"
"GTTTCAGCAGGCTAGA-2","female","EN-fetal-late",-0.846213145925033,"LateFetal"
"GTTTCCTCAACCTGGT-2","female","IN-fetal",-0.108976737352457,"LateFetal"
"GTTTCCTCAGCCTGCA-2","female","EN-fetal-late",-0.513173743698444,"LateFetal"
"GTTTCTAGTAAGCACC-2","female","EN-fetal-late",1.08434880135724,"LateFetal"
"GTTTGCTGTGCAACTA-2","female","EN-fetal-late",0.144219683485711,"LateFetal"
"GTTTGTAAGGACCAGG-2","female","EN-fetal-late",-0.597368595530546,"LateFetal"
"GTTTGTCGTATTCGCT-2","female","EN-fetal-late",-0.601535640368613,"LateFetal"
"GTTTGTCGTTAGCATG-2","female","EN-fetal-late",1.20330911244385,"LateFetal"
"GTTTGTCGTTTGGGTA-2","female","EN-fetal-late",-0.389062563077985,"LateFetal"
"GTTTGTTTCGAAGCGG-2","female","EN-fetal-late",-0.829386753859016,"LateFetal"
"GTTTGTTTCTACCTGC-2","female","EN-fetal-late",-0.874216597431837,"LateFetal"
"TAAACAGCACCTGCTC-2","female","EN-fetal-late",-0.668141205278593,"LateFetal"
"TAAACAGCAGCTCATA-2","female","EN-fetal-late",-0.21403904135136,"LateFetal"
"TAAACAGCAGGTATTT-2","female","EN-fetal-late",-0.453129244930269,"LateFetal"
"TAAAGCCTCGTTTCGC-2","female","IN-fetal",0.359650283729429,"LateFetal"
"TAAAGCCTCTAAGTCA-2","female","EN-fetal-late",-0.00814786167885539,"LateFetal"
"TAAAGCCTCTGTGAGT-2","female","EN-fetal-late",-1.32968336831814,"LateFetal"
"TAAAGCCTCTTGGATA-2","female","EN-fetal-late",-1.62317395476384,"LateFetal"
"TAAAGCCTCTTTAGGA-2","female","EN-fetal-late",0.217333392449412,"LateFetal"
"TAACAAGCAATGCCTA-2","female","EN-fetal-late",0.424156569741152,"LateFetal"
"TAACCAGGTACCGAAC-2","female","EN-fetal-late",0.0970855698663909,"LateFetal"
"TAACCAGGTCTCAGCC-2","female","IN-fetal",1.11695652568211,"LateFetal"
"TAACCAGGTGGTTCCC-2","female","EN-fetal-late",-0.429304380675878,"LateFetal"
"TAACCGGTCAGCACCA-2","female","EN-fetal-late",0.246949591399684,"LateFetal"
"TAACCTAAGACAGGCG-2","female","EN-fetal-late",-0.0153030782535835,"LateFetal"
"TAACCTAAGGTCCGTA-2","female","EN-fetal-late",0.29639228529456,"LateFetal"
"TAACCTAAGGTGCGGA-2","female","EN-fetal-late",0.0158167321555119,"LateFetal"
"TAAGCCAGTATTACCC-2","female","EN-fetal-late",-0.491692194823554,"LateFetal"
"TAAGCCTAGCGGTTAT-2","female","EN-fetal-late",-0.393191999361464,"LateFetal"
"TAAGCCTAGCTCCTAC-2","female","EN-fetal-late",-0.317297354316277,"LateFetal"
"TAAGCCTAGGCGCACT-2","female","EN-fetal-late",-0.419144444648804,"LateFetal"
"TAAGCCTAGGGTGGAT-2","female","EN-fetal-late",-0.0661761734336139,"LateFetal"
"TAAGCCTAGTGTGATC-2","female","EN-fetal-late",-1.19865334541718,"LateFetal"
"TAAGCCTAGTTCCCAC-2","female","EN-fetal-late",-1.02817552224276,"LateFetal"
"TAAGCTATCACTAGGT-2","female","EN-fetal-late",-0.84865334145786,"LateFetal"
"TAAGCTATCTTAGGAC-2","female","IN-fetal",-0.540458377842831,"LateFetal"
"TAAGCTGGTACCTTAC-2","female","EN-fetal-late",-0.36239885975799,"LateFetal"
"TAAGGACCAATGCGCT-2","female","EN-fetal-late",0.0700912491437834,"LateFetal"
"TAAGGACCAATTAAGG-2","female","EN-fetal-late",-0.201217382066887,"LateFetal"
"TAAGGACCAGGCATCT-2","female","IN-fetal",0.395982553791163,"LateFetal"
"TAAGGACCATTGTGGC-2","female","RG",-0.65111244575694,"LateFetal"
"TAAGGCTTCAATGACC-2","female","EN-fetal-late",-0.508160179494933,"LateFetal"
"TAAGGCTTCCGGGACT-2","female","IN-fetal",0.904259571013578,"LateFetal"
"TAAGGCTTCGGCCATA-2","female","EN-fetal-late",0.566890535659688,"LateFetal"
"TAAGTAGCAAGTTATC-2","female","EN-fetal-late",0.194872971826359,"LateFetal"
"TAAGTAGCAGGTATTT-2","female","EN-fetal-late",-0.553078751442304,"LateFetal"
"TAAGTGCTCCTAGTTT-2","female","IN-fetal",0.10955040899171,"LateFetal"
"TAATCACCACAAAGAC-2","female","EN-fetal-late",0.367842117295701,"LateFetal"
"TAATCACCACAGGATG-2","female","EN-fetal-late",-1.03472892459579,"LateFetal"
"TAATCACCATAGTCAT-2","female","EN-fetal-late",-0.812910637529244,"LateFetal"
"TAATCCGCACCTACGG-2","female","EN-fetal-late",0.208808015925281,"LateFetal"
"TAATCCGCAGTTTCTC-2","female","EN-fetal-late",-0.582322947918811,"LateFetal"
"TAATCCGCATTTAAGC-2","female","EN-fetal-late",-0.0445040767468132,"LateFetal"
"TAATGCATCATTCATC-2","female","EN-fetal-late",0.373895622929079,"LateFetal"
"TAATGGACAGATAGAC-2","female","EN-fetal-late",-0.372235768217536,"LateFetal"
"TAATGGTGTAATCGTG-2","female","EN-fetal-late",0.191110083406357,"LateFetal"
"TAATGGTGTACTTCAC-2","female","EN-fetal-late",0.469814316151155,"LateFetal"
"TAATGGTGTCAGGCAT-2","female","IN-fetal",-0.0623692036370974,"LateFetal"
"TAATGGTGTCATGAGC-2","female","EN-fetal-late",-0.689639784625496,"LateFetal"
"TAATGGTGTGAAACAA-2","female","EN-fetal-late",0.365014461259495,"LateFetal"
"TAATGGTGTTGAGGTC-2","female","EN-fetal-late",-0.508205027545809,"LateFetal"
"TAATTGCCAATAGTCT-2","female","EN-fetal-late",0.304585437626886,"LateFetal"
"TAATTGCCAATCCCTT-2","female","EN-fetal-late",-0.322625560496162,"LateFetal"
"TACAACATCTTACTCG-2","female","EN-fetal-late",-0.418836654760773,"LateFetal"
"TACAAGCTCAATCTAG-2","female","EN-fetal-late",-0.148320961052255,"LateFetal"
"TACAAGCTCGTCAAGT-2","female","EN-fetal-late",-0.0354602472889407,"LateFetal"
"TACAAGCTCTCAATTC-2","female","EN-fetal-late",0.903060173765812,"LateFetal"
"TACAATGTCCAATTAG-2","female","EN-fetal-late",0.690765850467764,"LateFetal"
"TACAATGTCGGTTACG-2","female","IN-fetal",-0.28224093413615,"LateFetal"
"TACAATGTCTAAGGTC-2","female","IN-fetal",0.869640178344013,"LateFetal"
"TACAATGTCTGCAACG-2","female","EN-fetal-late",0.0775030188506471,"LateFetal"
"TACAGCTAGGTTTGCG-2","female","EN-fetal-late",-0.266094729150066,"LateFetal"
"TACATCAAGTCAGGCC-2","female","EN-fetal-late",-0.240978579046831,"LateFetal"
"TACATCAAGTGAACGA-2","female","EN-fetal-late",-0.308100484548164,"LateFetal"
"TACCAAATCATCCTAT-2","female","EN-fetal-late",0.108592406460905,"LateFetal"
"TACCAAATCCTAGTCC-2","female","EN-fetal-late",-0.752668418666138,"LateFetal"
"TACCAGGTCACAGCCA-2","female","EN-fetal-late",-0.59010766740006,"LateFetal"
"TACCAGGTCACGCATG-2","female","EN-fetal-late",-0.701241513308222,"LateFetal"
"TACCAGGTCGCAGGCT-2","female","EN-fetal-late",-0.478246975474216,"LateFetal"
"TACCCGGCAGGCAAGC-2","female","IN-CGE",0.804552010829624,"LateFetal"
"TACCCGGCATTGGGAG-2","female","EN-fetal-late",-1.53914319351104,"LateFetal"
"TACCCGGCATTGTTGG-2","female","EN-fetal-late",0.304147521268164,"LateFetal"
"TACCGAAGTGGTTCTT-2","female","EN-fetal-late",-0.418892396333868,"LateFetal"
"TACCGCAAGAAACTGG-2","female","IN-fetal",0.00094513422046657,"LateFetal"
"TACCGCAAGGAGCAAC-2","female","IN-fetal",0.69257590776835,"LateFetal"
"TACCGCAAGGTGAAAT-2","female","Microglia",0.341011797348433,"LateFetal"
"TACCGCAAGTCACTAA-2","female","EN-fetal-late",-1.2922343891203,"LateFetal"
"TACCGTTGTTGGATAT-2","female","OPC",0.00203310603734765,"LateFetal"
"TACCTCATCACTCGCT-2","female","IN-fetal",0.780419055258239,"LateFetal"
"TACCTGCTCACTAAGC-2","female","IN-fetal",0.477523775868805,"LateFetal"
"TACCTGCTCCTGCGAA-2","female","EN-fetal-late",0.300846158161662,"LateFetal"
"TACCTGCTCGAAGTGA-2","female","IN-fetal",1.53831303586747,"LateFetal"
"TACCTTAGTACGGTAC-2","female","IN-fetal",0.922639224001238,"LateFetal"
"TACCTTAGTGCATCGG-2","female","EN-fetal-late",-0.584708850741492,"LateFetal"
"TACCTTAGTGCATTAG-2","female","EN-fetal-late",-0.296184483235932,"LateFetal"
"TACCTTAGTGTTCCCA-2","female","EN-fetal-late",-1.0848200932638,"LateFetal"
"TACCTTTAGACTATTG-2","female","EN-fetal-late",-0.730365251769739,"LateFetal"
"TACCTTTAGCTTATGA-2","female","IN-fetal",-0.958528032093661,"LateFetal"
"TACCTTTAGGCGTAAA-2","female","OPC",-0.559312257659021,"LateFetal"
"TACGCACCATTTGCTC-2","female","EN-fetal-late",0.633594551817268,"LateFetal"
"TACGCTTGTAACTACG-2","female","EN-fetal-late",0.971230000220164,"LateFetal"
"TACGCTTGTATTGTCC-2","female","IN-fetal",0.573254420694806,"LateFetal"
"TACGCTTGTCAATGTG-2","female","EN-fetal-late",0.139168427774054,"LateFetal"
"TACGCTTGTGGGTACT-2","female","EN-fetal-late",-0.73676831354781,"LateFetal"
"TACGCTTGTTCCGGGA-2","female","EN-fetal-late",-0.119210107187056,"LateFetal"
"TACGGATTCACTTTAC-2","female","EN-fetal-late",-0.512398131759928,"LateFetal"
"TACGGATTCGCTTGCT-2","female","EN-fetal-late",-0.269437666040452,"LateFetal"
"TACGGTTAGGAAGCTA-2","female","IN-fetal",-0.508398437947106,"LateFetal"
"TACGGTTAGTCAATTG-2","female","IN-fetal",0.0306392060753341,"LateFetal"
"TACGGTTAGTGAGGGT-2","female","EN-fetal-late",-1.04354992680294,"LateFetal"
"TACGGTTAGTTAGTGC-2","female","EN-fetal-late",-0.573228207060873,"LateFetal"
"TACGTAATCACACAGT-2","female","EN-fetal-late",-0.458025203443277,"LateFetal"
"TACGTAATCCTAATTC-2","female","IN-fetal",0.225561100741225,"LateFetal"
"TACGTACAGGATTTGC-2","female","EN-fetal-late",-0.356340195438471,"LateFetal"
"TACGTTAAGCAGCTCA-2","female","EN-fetal-late",-0.914381139354175,"LateFetal"
"TACGTTAAGCCTAACG-2","female","EN-fetal-late",-1.02082841644493,"LateFetal"
"TACGTTAAGCCTGTGA-2","female","EN-fetal-late",-0.83751713957129,"LateFetal"
"TACGTTAAGCGGTTAT-2","female","IN-fetal",-0.0685887646660127,"LateFetal"
"TACGTTAAGGTGCTGC-2","female","EN-fetal-late",-0.929202993232648,"LateFetal"
"TACTAAGTCAAGGACA-2","female","EN-fetal-late",1.37391681491448,"LateFetal"
"TACTCAAAGAAAGCAT-2","female","EN-fetal-late",-2.17667481810735,"LateFetal"
"TACTCAAAGCTTTGTT-2","female","IN-fetal",1.02110273643239,"LateFetal"
"TACTCGCTCATAATCG-2","female","EN-fetal-late",-0.619489579043316,"LateFetal"
"TACTCGCTCCTTGAGG-2","female","EN-fetal-late",-1.02022276864369,"LateFetal"
"TACTCGCTCGGGACCT-2","female","IN-fetal",-0.0921178132543593,"LateFetal"
"TACTCGCTCTGCAAAC-2","female","EN-fetal-late",-1.46300540574245,"LateFetal"
"TACTGACAGAGGGACT-2","female","EN-fetal-late",0.156443526333115,"LateFetal"
"TACTGACAGCACGTTG-2","female","EN-fetal-late",-0.0779913515513741,"LateFetal"
"TACTGACAGCTTTGGG-2","female","IN-fetal",0.409264359055067,"LateFetal"
"TACTGACAGGCTTAAC-2","female","IN-fetal",1.09945451516603,"LateFetal"
"TACTGAGGTGGATTAT-2","female","EN-fetal-late",-0.256932049960995,"LateFetal"
"TACTGAGGTTGGTGAC-2","female","EN-fetal-late",0.0420446662212096,"LateFetal"
"TACTGGCCAAAGGTAC-2","female","EN-fetal-late",-2.01472617810659,"LateFetal"
"TACTGGCCATAATCGT-2","female","EN-fetal-late",0.249771062332073,"LateFetal"
"TACTTCGTCATTTGCT-2","female","IN-fetal",0.01971066070293,"LateFetal"
"TACTTCGTCCGTTATT-2","female","EN-fetal-late",0.0694706652105603,"LateFetal"
"TACTTCGTCTCCTCAA-2","female","EN-fetal-late",-0.157121559644234,"LateFetal"
"TACTTGTTCAATGTCA-2","female","EN-fetal-late",0.740973198795832,"LateFetal"
"TACTTGTTCTTTGTAC-2","female","EN-fetal-late",-0.876484833848719,"LateFetal"
"TAGACCAGTCGACTCC-2","female","EN-fetal-late",0.0566912881137353,"LateFetal"
"TAGACCAGTTTGGTTC-2","female","EN-fetal-late",-0.211062462480091,"LateFetal"
"TAGAGCCGTTACGCGG-2","female","IN-fetal",0.840091727990406,"LateFetal"
"TAGCAGGCAAACGCGA-2","female","EN-fetal-late",-0.0701691183214438,"LateFetal"
"TAGCAGGCAACAACAA-2","female","EN-fetal-late",1.71767743642354,"LateFetal"
"TAGCAGGCAACTAACT-2","female","EN-fetal-late",1.16647192459035,"LateFetal"
"TAGCATATCATGGTTA-2","female","EN-fetal-late",0.0242075775917381,"LateFetal"
"TAGCCGGGTGTGAGAG-2","female","EN-fetal-late",-0.672951635481261,"LateFetal"
"TAGCCTCTCATAAGCC-2","female","EN-fetal-late",-0.473494139375637,"LateFetal"
"TAGCCTGAGGCATTGT-2","female","EN-fetal-late",0.936039993218653,"LateFetal"
"TAGCCTGAGTGAGGTA-2","female","EN-fetal-late",-0.0949085387141289,"LateFetal"
"TAGCCTTGTAAGTCGC-2","female","EN-fetal-late",0.808960928385378,"LateFetal"
"TAGCCTTGTAATGGCC-2","female","EN-fetal-late",0.415309059698548,"LateFetal"
"TAGCCTTGTCATCATC-2","female","EN-fetal-late",1.36346229339334,"LateFetal"
"TAGCCTTGTGGGAACA-2","female","IN-fetal",0.822246187489482,"LateFetal"
"TAGCGCGGTACGATTG-2","female","IN-fetal",0.0454539230414119,"LateFetal"
"TAGCGCGGTGATGAGG-2","female","IN-fetal",0.70357924262841,"LateFetal"
"TAGCGCGGTTTACGTC-2","female","EN-fetal-late",-0.0843593107411722,"LateFetal"
"TAGCGGACATGATTGT-2","female","EN-fetal-late",0.524535139760385,"LateFetal"
"TAGCTAATCCGGCTAA-2","female","EN-fetal-late",0.748033399999109,"LateFetal"
"TAGCTAGGTGGTTCTT-2","female","IN-fetal",-0.959088981487597,"LateFetal"
"TAGCTAGGTTCACTGT-2","female","EN-fetal-late",-0.0473330438801861,"LateFetal"
"TAGCTAGGTTTACCGT-2","female","EN-fetal-late",0.177386719614407,"LateFetal"
"TAGCTAGGTTTAGTCC-2","female","EN-fetal-late",-0.307286609530018,"LateFetal"
"TAGCTTAAGCCAGTAT-2","female","EN-fetal-late",0.817834220864679,"LateFetal"
"TAGCTTAAGCTATTAG-2","female","EN-fetal-late",-0.956773631980228,"LateFetal"
"TAGCTTAAGCTCCTTA-2","female","EN-fetal-late",-1.32458999722395,"LateFetal"
"TAGCTTAAGGGCCACT-2","female","EN-fetal-late",-0.836450563328698,"LateFetal"
"TAGCTTAAGGTACCGC-2","female","EN-fetal-late",0.0653110040943751,"LateFetal"
"TAGCTTGCAATAACGA-2","female","EN-fetal-late",-0.0190283088953163,"LateFetal"
"TAGCTTGCAGTGAACG-2","female","EN-fetal-late",0.0621350871849554,"LateFetal"
"TAGGAACCATCACAGC-2","female","EN-fetal-late",-0.103229167764576,"LateFetal"
"TAGGAGGGTATTCGCT-2","female","EN-fetal-late",-0.792558612707982,"LateFetal"
"TAGGAGGGTCCGTGAG-2","female","EN-fetal-late",-0.289362943046789,"LateFetal"
"TAGGAGGGTTTGTTGC-2","female","EN-fetal-late",-0.300604856127771,"LateFetal"
"TAGGAGTCAACAGGTG-2","female","EN-fetal-late",0.255684240442831,"LateFetal"
"TAGGAGTCAACCCTAA-2","female","EN-fetal-late",0.115526324417194,"LateFetal"
"TAGGAGTCAGTAATAG-2","female","EN-fetal-late",-0.26385098207652,"LateFetal"
"TAGGCTAGTATTGGAT-2","female","EN-fetal-late",0.399599694181343,"LateFetal"
"TAGGCTAGTCGACTCC-2","female","EN-fetal-late",0.319208738017491,"LateFetal"
"TAGGCTAGTGTGAGAG-2","female","EN-fetal-late",-0.181355562036732,"LateFetal"
"TAGGCTGTCATGCTAA-2","female","EN-fetal-late",-0.687920876762773,"LateFetal"
"TAGGCTGTCCATAATG-2","female","RG",-0.654607510327559,"LateFetal"
"TAGGCTTAGCAACATC-2","female","EN-fetal-late",0.832394175544334,"LateFetal"
"TAGGCTTAGCGAAGTA-2","female","EN-fetal-late",-0.369028818106724,"LateFetal"
"TAGGCTTAGGACCAGG-2","female","EN-fetal-late",0.462175471306445,"LateFetal"
"TAGGCTTAGGCCGGAA-2","female","RG",-0.239747051816045,"LateFetal"
"TAGGGTTTCCTAAGGT-2","female","EN-fetal-late",-1.51944425487866,"LateFetal"
"TAGGGTTTCCTAGTTT-2","female","EN-fetal-late",-0.071866437477593,"LateFetal"
"TAGGGTTTCGCACACA-2","female","EN-fetal-late",0.242885049513182,"LateFetal"
"TAGGGTTTCTAGCGTG-2","female","EN-fetal-late",0.496618997201882,"LateFetal"
"TAGGGTTTCTTAGGGT-2","female","IN-fetal",-0.518147975920322,"LateFetal"
"TAGGTGCGTACGTTTC-2","female","EN-fetal-late",-0.490386229108912,"LateFetal"
"TAGGTTATCCAACTGG-2","female","EN-fetal-late",0.466583350161084,"LateFetal"
"TAGGTTATCGCAAACT-2","female","IN-fetal",0.817800289179982,"LateFetal"
"TAGGTTGGTTGCACGG-2","female","EN-fetal-late",0.00560769456130433,"LateFetal"
"TAGTAACGTCTCAGCC-2","female","EN-fetal-late",-0.297369490516816,"LateFetal"
"TAGTAAGCAGTTTGGC-2","female","EN-fetal-late",-0.222955460184257,"LateFetal"
"TAGTACGGTAAGCTTG-2","female","IN-fetal",0.22500313005163,"LateFetal"
"TAGTAGGAGCAAGATG-2","female","EN-fetal-late",0.734165199054666,"LateFetal"
"TAGTAGGAGGATCACT-2","female","EN-fetal-late",-0.40738197068289,"LateFetal"
"TAGTAGGAGGCCCAGT-2","female","EN-fetal-late",0.172146572022817,"LateFetal"
"TAGTAGGAGTATTGTG-2","female","EN-fetal-late",-0.203214591140786,"LateFetal"
"TAGTAGGAGTTATCCT-2","female","EN-fetal-late",0.76343274529807,"LateFetal"
"TAGTCAATCTGCAAAC-2","female","EN-fetal-late",0.209582421766891,"LateFetal"
"TAGTCAATCTTAGCCC-2","female","EN-fetal-late",0.471694465584762,"LateFetal"
"TAGTGGCGTGAGGTAG-2","female","IN-fetal",0.229696853895052,"LateFetal"
"TAGTGGCGTGATTTGG-2","female","EN-fetal-late",-0.152556280410879,"LateFetal"
"TAGTGGCGTGCTGGTG-2","female","IN-fetal",1.5363106250077,"LateFetal"
"TAGTGGCGTGCTGTAA-2","female","EN-fetal-late",-0.214134771939234,"LateFetal"
"TAGTGGCGTTGTTGGA-2","female","EN-fetal-late",-0.040964135132585,"LateFetal"
"TAGTGTGGTCAGGAAG-2","female","EN-fetal-late",-0.670725076899719,"LateFetal"
"TAGTGTGGTCGCAAAC-2","female","EN-fetal-late",-0.894715926037202,"LateFetal"
"TAGTGTGGTTAAGCTG-2","female","EN-fetal-late",-0.163428862572114,"LateFetal"
"TAGTTGTCAATTAAGG-2","female","IN-fetal",-0.173320906690599,"LateFetal"
"TAGTTGTCACATAACT-2","female","IN-fetal",-0.302440479835874,"LateFetal"
"TAGTTTGAGACACTTA-2","female","EN-fetal-late",0.316942091367518,"LateFetal"
"TATAACCCAGCTTAAT-2","female","EN-fetal-late",-0.301671479289011,"LateFetal"
"TATAACCCATTAAACC-2","female","IN-fetal",1.0822477537206,"LateFetal"
"TATAACCCATTGTGTG-2","female","IN-fetal",0.828131455665558,"LateFetal"
"TATAGCCAGACAGGCG-2","female","IN-fetal",-1.10906565284758,"LateFetal"
"TATAGCCAGATGCCTG-2","female","EN-fetal-late",-0.249471018489123,"LateFetal"
"TATAGCTCAAAGCCTC-2","female","EN-fetal-late",-0.615102269805137,"LateFetal"
"TATAGCTCAGCAACAG-2","female","EN-fetal-late",0.29084922402361,"LateFetal"
"TATATCCTCATCACTT-2","female","EN-fetal-late",0.423862031444647,"LateFetal"
"TATATCCTCCTTGTTG-2","female","IN-fetal",-0.238705161766723,"LateFetal"
"TATATCCTCTAGCTTT-2","female","EN-fetal-late",-0.300623464818532,"LateFetal"
"TATATCCTCTTGCAGG-2","female","EN-fetal-late",-0.0863632058827588,"LateFetal"
"TATCACAAGAGCAAGC-2","female","IN-fetal",-0.663470516682655,"LateFetal"
"TATCACAAGGCTAATC-2","female","EN-fetal-late",-1.30185912670093,"LateFetal"
"TATCACGCACAAAGCG-2","female","EN-fetal-late",-0.328554507033831,"LateFetal"
"TATCACGCAGCGCTTG-2","female","EN-fetal-late",-0.49593068607971,"LateFetal"
"TATCCAGCAGCACGAA-2","female","IN-fetal",0.536559001989915,"LateFetal"
"TATCCAGCATGAATAG-2","female","EN-fetal-late",-0.0614520241827081,"LateFetal"
"TATCCAGCATGATTGT-2","female","EN-fetal-late",-0.184499741810854,"LateFetal"
"TATCCGGAGTATTGCA-2","female","EN-fetal-late",-0.314123289846127,"LateFetal"
"TATCGAGGTCCTTAGT-2","female","IN-fetal",0.405320892547233,"LateFetal"
"TATCGCACACTGGCTG-2","female","EN-fetal-late",0.264944449103905,"LateFetal"
"TATCGCGAGCCAGTAT-2","female","EN-fetal-late",-0.312641942509851,"LateFetal"
"TATCGCGAGGACACTT-2","female","EN-fetal-late",-0.531935580659713,"LateFetal"
"TATCGCGAGGTACCGC-2","female","EN-fetal-late",-0.906456894072829,"LateFetal"
"TATGAAGCAAACCTAT-2","female","EN-fetal-late",-0.0125168938307923,"LateFetal"
"TATGAAGCAACCGCCA-2","female","EN-fetal-late",-0.577467439196301,"LateFetal"
"TATGAAGCACATACTG-2","female","IN-fetal",0.069987727118373,"LateFetal"
"TATGAAGCACCTGCTC-2","female","EN-fetal-late",-0.431584175323293,"LateFetal"
"TATGAAGCAGTTGCGT-2","female","EN-fetal-late",-0.408353875275428,"LateFetal"
"TATGAAGCATGACTAT-2","female","EN-fetal-late",0.292231604047835,"LateFetal"
"TATGACATCATGTTTC-2","female","IN-fetal",0.877027384629674,"LateFetal"
"TATGACATCCCTCACG-2","female","EN-fetal-late",0.112081823832127,"LateFetal"
"TATGACTCACAGGAAT-2","female","IN-fetal",0.246216480781755,"LateFetal"
"TATGACTCAGCAAATA-2","female","IN-fetal",0.0904529703456973,"LateFetal"
"TATGACTCATGTCAAT-2","female","EN-fetal-late",0.437081232314725,"LateFetal"
"TATGACTCATGTCGCG-2","female","EN-fetal-late",-0.729276930978733,"LateFetal"
"TATGACTCATTTGCTC-2","female","EN-fetal-late",-0.789686548489309,"LateFetal"
"TATGCATCAAACCCTA-2","female","EN-fetal-late",0.873162655558481,"LateFetal"
"TATGCATCAGCCAGTT-2","female","EN-fetal-late",-0.238725383128333,"LateFetal"
"TATGCATCATAGCGGA-2","female","EN-fetal-late",0.487951805875062,"LateFetal"
"TATGGATGTGGCTTCC-2","female","EN-fetal-late",0.133027389225296,"LateFetal"
"TATGGATGTGTTTGCT-2","female","IN-fetal",0.335030676408848,"LateFetal"
"TATGGATGTTCGCTCA-2","female","EN-fetal-late",-0.339664038707167,"LateFetal"
"TATGGATGTTGCGCGA-2","female","EN-fetal-late",-0.333375013155532,"LateFetal"
"TATGGATGTTTACTTG-2","female","OPC",0.450151453800578,"LateFetal"
"TATGGATGTTTCAGGA-2","female","EN-fetal-late",-0.134065924981048,"LateFetal"
"TATGGCCCAGAAACGT-2","female","EN-fetal-late",-0.820032974082786,"LateFetal"
"TATGGGCGTCCACAAA-2","female","IN-fetal",-0.514003485284316,"LateFetal"
"TATGGGCGTGCTCCGT-2","female","EN-fetal-late",-0.212880429418986,"LateFetal"
"TATGGGCGTTTGTCTA-2","female","EN-fetal-late",0.140421386393922,"LateFetal"
"TATGGTCAGTGAACGA-2","female","EN-fetal-late",-0.387280351652655,"LateFetal"
"TATGTGATCCTTCAAT-2","female","IN-fetal",0.687252658394448,"LateFetal"
"TATTACCTCAATCATG-2","female","EN-fetal-late",-0.30722360035617,"LateFetal"
"TATTACCTCTTGGACG-2","female","EN-fetal-late",1.30125512523605,"LateFetal"
"TATTAGCCACAGACTC-2","female","EN-fetal-late",-0.0869201326640602,"LateFetal"
"TATTAGCCACTAGGTC-2","female","IN-fetal",-0.609845070249972,"LateFetal"
"TATTAGCCAGCAAGGC-2","female","EN-fetal-late",0.599408219438703,"LateFetal"
"TATTAGCCAGCATGTC-2","female","IN-fetal",0.212869330862136,"LateFetal"
"TATTAGCCAGGAATCG-2","female","IN-fetal",-0.744597741064471,"LateFetal"
"TATTAGCCAGGCCATT-2","female","EN-fetal-late",-0.990991252144466,"LateFetal"
"TATTAGCCAGTACCGT-2","female","IN-fetal",0.246675283108112,"LateFetal"
"TATTAGCCATGAGCAG-2","female","RG",0.585546220591092,"LateFetal"
"TATTAGGTCCTTCTAG-2","female","EN-fetal-late",0.294331411012136,"LateFetal"
"TATTCGTTCAATTGGC-2","female","RG",0.348624024968087,"LateFetal"
"TATTCGTTCTTTGACT-2","female","EN-fetal-late",-1.03043221517363,"LateFetal"
"TATTGACCAACACCTA-2","female","EN-fetal-late",-0.460466490988954,"LateFetal"
"TATTGACCAACCTAAT-2","female","EN-fetal-late",-0.668109767007089,"LateFetal"
"TATTGACCAATAGTCT-2","female","IN-fetal",1.23597750017334,"LateFetal"
"TATTGACCAATCATGT-2","female","EN-fetal-late",-0.31246569153997,"LateFetal"
"TATTGACCATTCCTGT-2","female","EN-fetal-late",-0.948276062053797,"LateFetal"
"TATTTGCTCACCAATA-2","female","EN-fetal-late",0.528360854063736,"LateFetal"
"TATTTGGAGCTAATTG-2","female","EN-fetal-late",-1.42461520636248,"LateFetal"
"TCAAACCAGCATCCAG-2","female","EN-fetal-late",0.552138467512902,"LateFetal"
"TCAAACCAGCTAATCA-2","female","EN-fetal-late",0.0787693139783468,"LateFetal"
"TCAAACCAGGCTACTG-2","female","EN-fetal-late",-0.387977910239604,"LateFetal"
"TCAACAATCACTAAGC-2","female","EN-fetal-late",-0.268934320426604,"LateFetal"
"TCAACAATCCCGTTGT-2","female","EN-fetal-late",-0.58195228457137,"LateFetal"
"TCAACAATCCCTTGCG-2","female","EN-fetal-late",-0.335209234646175,"LateFetal"
"TCAACAATCGAGGAAC-2","female","IN-fetal",-0.0628763385874647,"LateFetal"
"TCAAGAACAACAACAA-2","female","EN-fetal-late",0.0456567037540281,"LateFetal"
"TCAAGAACAACTAGCC-2","female","EN-fetal-late",-0.254896362909523,"LateFetal"
"TCAAGAACAAGGCCAA-2","female","EN-fetal-late",-0.389812475428723,"LateFetal"
"TCAAGAACAGCAACCT-2","female","IN-fetal",1.10041063230152,"LateFetal"
"TCAAGACTCGACAAAG-2","female","EN-fetal-late",0.161544341116129,"LateFetal"
"TCAAGACTCGTAACGT-2","female","EN-fetal-late",-0.526747667896483,"LateFetal"
"TCAAGCTAGGGCTAAA-2","female","EN-fetal-late",-1.13542161414664,"LateFetal"
"TCAAGGAAGGCACAGG-2","female","EN-fetal-late",0.979185544794883,"LateFetal"
"TCAAGGAAGGTGCTGC-2","female","EN-fetal-late",-0.159242214884162,"LateFetal"
"TCAAGGAAGTTATCTC-2","female","EN-fetal-late",-0.376422947558777,"LateFetal"
"TCAAGGAAGTTGTCAA-2","female","EN-fetal-late",-0.673881539701883,"LateFetal"
"TCAAGTATCAAGTGAG-2","female","EN-fetal-late",0.362233800447949,"LateFetal"
"TCAAGTATCACCTGTC-2","female","EN-fetal-late",-0.206754385464037,"LateFetal"
"TCAAGTATCAGGTCCA-2","female","EN-fetal-late",0.0177986281156761,"LateFetal"
"TCAAGTATCAGTATTG-2","female","EN-fetal-late",0.046933624875126,"LateFetal"
"TCAATCGCACATGCTA-2","female","EN-fetal-late",-0.998809539738838,"LateFetal"
"TCACATAAGCTTGCTC-2","female","IN-fetal",-1.28326300409908,"LateFetal"
"TCACCGGCAATAAGCA-2","female","EN-fetal-late",-0.565085841445643,"LateFetal"
"TCACCGGCACACAATT-2","female","IN-fetal",0.662261991699145,"LateFetal"
"TCACCTCAGTCCTTCA-2","female","EN-fetal-late",-2.05161381099773,"LateFetal"
"TCACCTCAGTTATGTG-2","female","EN-fetal-late",0.542707921815259,"LateFetal"
"TCACCTGGTAGTTAAC-2","female","IN-fetal",-0.0243129723633935,"LateFetal"
"TCACCTGGTTAGGCTA-2","female","EN-fetal-late",-0.356734518847092,"LateFetal"
"TCACGGATCCCAGTAG-2","female","EN-fetal-late",0.186711923180051,"LateFetal"
"TCACTGACAAACTCAT-2","female","EN-fetal-late",-0.207792214712525,"LateFetal"
"TCACTGACAAAGCGGC-2","female","IN-fetal",0.0711271206259819,"LateFetal"
"TCACTGACACCATATG-2","female","EN-fetal-late",0.298737451256821,"LateFetal"
"TCACTGACAGCCAGAA-2","female","EN-fetal-late",-0.915572829881419,"LateFetal"
"TCACTGACAGGCTAAG-2","female","EN-fetal-late",0.319545404022178,"LateFetal"
"TCAGCAAGTAACCACA-2","female","EN-fetal-late",-1.28927743630371,"LateFetal"
"TCAGCAAGTGGGTGAA-2","female","EN-fetal-late",-0.295912528465178,"LateFetal"
"TCAGCAAGTTTGAGGC-2","female","EN-fetal-late",0.570070374687852,"LateFetal"
"TCAGCCTTCATTAGGC-2","female","EN-fetal-late",0.175122161487246,"LateFetal"
"TCAGCGATCACCTGCT-2","female","RG",-0.82296990860048,"LateFetal"
"TCAGCGATCAGCACGC-2","female","EN-fetal-late",-0.952600705828852,"LateFetal"
"TCAGCGATCCTAATTC-2","female","IN-fetal",2.29974059078646,"LateFetal"
"TCAGGAGCACAATGCC-2","female","EN-fetal-late",-0.318420889581879,"LateFetal"
"TCAGGAGCACCCACCT-2","female","EN-fetal-late",-0.553231841833159,"LateFetal"
"TCAGGAGCACCTGCCT-2","female","EN-fetal-late",0.256476805106979,"LateFetal"
"TCAGGAGCAGTGAACG-2","female","RG",1.11488130847875,"LateFetal"
"TCAGGTCCAGAGGCTA-2","female","EN-fetal-late",-0.793272686231719,"LateFetal"
"TCAGGTCCAGCTAATT-2","female","EN-fetal-late",-0.763498146611604,"LateFetal"
"TCAGGTCCATTAGGTT-2","female","EN-fetal-late",0.400259963949388,"LateFetal"
"TCAGGTTAGCCACAAT-2","female","EN-fetal-late",-0.0113075343315733,"LateFetal"
"TCAGGTTAGGTTTGCG-2","female","EN-fetal-late",0.879007047375208,"LateFetal"
"TCAGGTTAGTATTGTG-2","female","EN-fetal-late",-0.358324837788325,"LateFetal"
"TCAGGTTAGTTAGCCG-2","female","OPC",0.435104462997921,"LateFetal"
"TCAGTAATCATTACAG-2","female","IN-fetal",0.566179321446772,"LateFetal"
"TCAGTAATCGCATTAA-2","female","IN-fetal",0.915317605331004,"LateFetal"
"TCAGTAGGTTATGTGG-2","female","RG",-0.775415798997951,"LateFetal"
"TCAGTGAGTACCGTTT-2","female","EN-fetal-late",0.611376420237272,"LateFetal"
"TCAGTGAGTGCTAGCG-2","female","EN-fetal-late",-0.310928907443951,"LateFetal"
"TCAGTGAGTTAGAGCC-2","female","EN-fetal-late",-0.186559973955904,"LateFetal"
"TCATAACCAAACATAG-2","female","EN-fetal-late",-0.522326065680429,"LateFetal"
"TCATAACCAATAATGG-2","female","IN-fetal",-0.459898936517706,"LateFetal"
"TCATAACCACAGAAAC-2","female","EN-fetal-late",0.199549744751395,"LateFetal"
"TCATACTTCAAACTCA-2","female","IN-fetal",1.50532953865517,"LateFetal"
"TCATACTTCGTCATTT-2","female","IN-fetal",0.876904896172536,"LateFetal"
"TCATACTTCGTGCTAG-2","female","EN-fetal-late",-0.798333096090554,"LateFetal"
"TCATACTTCGTTACAA-2","female","EN-fetal-late",-0.609300972732615,"LateFetal"
"TCATACTTCTCGACCT-2","female","EN-fetal-late",0.381584396215953,"LateFetal"
"TCATCCATCAATGTCA-2","female","EN-fetal-late",-0.230473943812153,"LateFetal"
"TCATCCATCAATGTGC-2","female","EN-fetal-late",-0.547325697328448,"LateFetal"
"TCATCCATCCCTGTTA-2","female","IN-fetal",0.589000436118884,"LateFetal"
"TCATCCATCCTAATGA-2","female","EN-fetal-late",-0.0732579211568354,"LateFetal"
"TCATGCCTCCATTACT-2","female","EN-fetal-late",-0.745743663833169,"LateFetal"
"TCATGCCTCCGCAACA-2","female","EN-fetal-late",-0.23342249672317,"LateFetal"
"TCATGCCTCGATTCTT-2","female","IN-fetal",0.158952853489141,"LateFetal"
"TCATGCCTCGCTAGCA-2","female","EN-fetal-late",-0.589653250275882,"LateFetal"
"TCATGCCTCTTTAAGG-2","female","EN-fetal-late",-1.20538266493514,"LateFetal"
"TCATGTTTCATGGCTG-2","female","EN-fetal-late",-0.566987871367398,"LateFetal"
"TCATGTTTCCCGAAGC-2","female","IN-fetal",0.3892359843316,"LateFetal"
"TCATGTTTCCTGCGAA-2","female","EN-fetal-late",-0.0599958120480541,"LateFetal"
"TCATGTTTCGGCTAGC-2","female","EN-fetal-late",0.578182248597715,"LateFetal"
"TCATGTTTCTACCTGC-2","female","EN-fetal-late",-0.306125965932952,"LateFetal"
"TCATTACTCAGGTCCA-2","female","EN-fetal-late",-0.057831057596504,"LateFetal"
"TCATTACTCGTTATAG-2","female","EN-fetal-late",-1.04378442847849,"LateFetal"
"TCATTACTCGTTCACC-2","female","EN-fetal-late",0.624483579867859,"LateFetal"
"TCATTACTCTCACATT-2","female","EN-fetal-late",1.17485275190172,"LateFetal"
"TCATTACTCTCACTAT-2","female","EN-fetal-late",-0.322005482400267,"LateFetal"
"TCATTGCGTGAATCGC-2","female","IN-fetal",0.986375234010887,"LateFetal"
"TCATTGCGTGCCTCAC-2","female","EN-fetal-late",-0.340982796665745,"LateFetal"
"TCATTGCGTTCCATTA-2","female","EN-fetal-late",-0.720536456632827,"LateFetal"
"TCATTTGGTTAACGAT-2","female","EN-fetal-late",1.06039137053232,"LateFetal"
"TCCACAACACATGCTA-2","female","EN-fetal-late",0.284463393707725,"LateFetal"
"TCCACAACAGTTAAAG-2","female","IN-fetal",0.794174484492432,"LateFetal"
"TCCACAACATAGACCC-2","female","EN-fetal-late",-0.715046736084836,"LateFetal"
"TCCAGCAAGATTGAGG-2","female","EN-fetal-late",0.462333111866466,"LateFetal"
"TCCAGCAAGCCTAACG-2","female","EN-fetal-late",0.406434262428791,"LateFetal"
"TCCAGCAAGCGCCTTT-2","female","EN-fetal-late",1.37221100073403,"LateFetal"
"TCCAGCAAGGCAATAG-2","female","EN-fetal-late",-0.0374236596621977,"LateFetal"
"TCCAGCAAGGCGAATA-2","female","EN-fetal-late",-0.535049909508015,"LateFetal"
"TCCAGCAAGTGAAGTG-2","female","EN-fetal-late",-1.23751785963815,"LateFetal"
"TCCAGCAAGTTTGGGT-2","female","EN-fetal-late",0.545649781706714,"LateFetal"
"TCCAGGATCACTCGCT-2","female","EN-fetal-late",-0.613371717224612,"LateFetal"
"TCCAGGTCAAGGGTTG-2","female","EN-fetal-late",0.595797331450939,"LateFetal"
"TCCAGGTCACAAGCCT-2","female","EN-fetal-late",0.430598939346971,"LateFetal"
"TCCATAAAGAACAAGT-2","female","IN-fetal",-0.93276623091517,"LateFetal"
"TCCATAAAGCCTGTGA-2","female","EN-fetal-late",-0.525174948687185,"LateFetal"
"TCCATAAAGTCCTTTG-2","female","EN-fetal-late",0.325867256799412,"LateFetal"
"TCCATAAAGTGAGAGC-2","female","EN-fetal-late",-0.277019332330209,"LateFetal"
"TCCATCATCACGAATC-2","female","EN-fetal-late",-0.305192894239426,"LateFetal"
"TCCATCATCATGACCG-2","female","EN-fetal-late",-0.496152558302762,"LateFetal"
"TCCATGCTCAAAGGCA-2","female","IN-fetal",-0.0590353342535316,"LateFetal"
"TCCATGCTCATAGACC-2","female","EN-fetal-late",-0.12180378159377,"LateFetal"
"TCCATGCTCATTGCGG-2","female","EN-fetal-late",0.680539299230039,"LateFetal"
"TCCATGCTCGTTATCT-2","female","EN-fetal-late",-0.859687581715276,"LateFetal"
"TCCATGCTCTTAGGAC-2","female","IN-fetal",0.778366563321231,"LateFetal"
"TCCATTGTCAGCTAAC-2","female","IN-fetal",0.343496181358383,"LateFetal"
"TCCATTGTCCAAACAC-2","female","EN-fetal-late",0.889468681751163,"LateFetal"
"TCCCGGACACCTACTT-2","female","IN-fetal",1.22814562765938,"LateFetal"
"TCCCGGACACTAAGCC-2","female","IN-fetal",0.270312539917115,"LateFetal"
"TCCCGGACAGGCAAGC-2","female","EN-fetal-late",-0.158069716472388,"LateFetal"
"TCCCGGACAGGCCATT-2","female","EN-fetal-late",0.540477450711451,"LateFetal"
"TCCCGGACAGGCGAGT-2","female","EN-fetal-late",-0.119927172954478,"LateFetal"
"TCCCGTTAGCATGGTT-2","female","EN-fetal-late",0.0120814795951348,"LateFetal"
"TCCCGTTAGGAAGCAC-2","female","EN-fetal-late",0.504191323905214,"LateFetal"
"TCCCGTTAGGCGTAAA-2","female","EN-fetal-late",0.817021881695441,"LateFetal"
"TCCCGTTAGGTGAAGC-2","female","EN-fetal-late",-0.703402201609801,"LateFetal"
"TCCCGTTAGGTGTCCA-2","female","EN-fetal-late",-0.327440841192945,"LateFetal"
"TCCCTCACAATCGCAC-2","female","EN-fetal-late",-0.540378018077322,"LateFetal"
"TCCCTCACAGGAACCA-2","female","RG",0.85316095916777,"LateFetal"
"TCCCTCACAGGCATGA-2","female","EN-fetal-late",0.0841915054473271,"LateFetal"
"TCCCTCACATGTCAAT-2","female","EN-fetal-late",0.795863302447562,"LateFetal"
"TCCCTGGTCAAGGACA-2","female","EN-fetal-late",0.112205257060065,"LateFetal"
"TCCGCCATCAATCTAG-2","female","EN-fetal-late",-0.0546468843802893,"LateFetal"
"TCCGCCATCAGCACCA-2","female","EN-fetal-late",-0.132256713559642,"LateFetal"
"TCCGCCATCAGGATGA-2","female","EN-fetal-late",-0.306235662006375,"LateFetal"
"TCCGCCATCGCGACAC-2","female","EN-fetal-late",0.209078245335102,"LateFetal"
"TCCGGAATCGGTTACG-2","female","EN-fetal-late",-1.02944986253911,"LateFetal"
"TCCGGTAAGAGGATAT-2","female","IN-fetal",-0.255536127489092,"LateFetal"
"TCCGGTAAGCATGACT-2","female","EN-fetal-late",-0.079819283431816,"LateFetal"
"TCCGGTTTCAGCCAAT-2","female","EN-fetal-late",0.265542204689537,"LateFetal"
"TCCGGTTTCCGTTATT-2","female","EN-fetal-late",0.150146699546465,"LateFetal"
"TCCGGTTTCGATATTG-2","female","EN-fetal-late",0.0906266727838234,"LateFetal"
"TCCTCAATCAATAGCC-2","female","IN-fetal",0.291613390645954,"LateFetal"
"TCCTCAATCATGCTTT-2","female","EN-fetal-late",0.143903480477412,"LateFetal"
"TCCTCAATCCCTCAGT-2","female","EN-fetal-late",0.0924189824989379,"LateFetal"
"TCCTCACAGACCATAC-2","female","IN-fetal",0.536216376924351,"LateFetal"
"TCCTCACAGCGAGCGA-2","female","IN-fetal",-0.42752973240973,"LateFetal"
"TCCTCACAGCTGGACC-2","female","EN-fetal-late",-0.0311890637979565,"LateFetal"
"TCCTCACAGCTTCCCG-2","female","EN-fetal-late",-0.668031821124326,"LateFetal"
"TCCTCACAGGCAATAG-2","female","EN-fetal-late",0.712139444008928,"LateFetal"
"TCCTCTAAGTTGTCCC-2","female","EN-fetal-late",-1.19304510993406,"LateFetal"
"TCCTGGTTCATCCTAT-2","female","EN-fetal-late",0.152512424804701,"LateFetal"
"TCCTGGTTCATGAGCT-2","female","EN-fetal-late",0.514558183236708,"LateFetal"
"TCCTGGTTCTGGCTTC-2","female","EN-fetal-late",-0.0556661104361836,"LateFetal"
"TCCTGTTCAAACTCAT-2","female","EN-fetal-late",-1.06223990116481,"LateFetal"
"TCCTGTTCAAATTCGT-2","female","EN-fetal-late",-0.494483777698901,"LateFetal"
"TCCTGTTCAACTAGGG-2","female","EN-fetal-late",0.195398805765799,"LateFetal"
"TCCTGTTCAAGCGATG-2","female","EN-fetal-late",-1.11264003791779,"LateFetal"
"TCCTTAGTCGTCATTT-2","female","EN-fetal-late",-0.253889278643663,"LateFetal"
"TCCTTCAAGACAAGTG-2","female","EN-fetal-late",-0.071964510493668,"LateFetal"
"TCCTTCAAGGGTTATC-2","female","IN-fetal",0.0242968076852013,"LateFetal"
"TCCTTGCAGGACAATG-2","female","EN-fetal-late",0.205174911871638,"LateFetal"
"TCCTTGCAGGCTTAGT-2","female","EN-fetal-late",-0.959587195515782,"LateFetal"
"TCCTTTACAAAGCTAA-2","female","EN-fetal-late",-0.282166972202117,"LateFetal"
"TCCTTTACACAAAGAC-2","female","IN-fetal",0.0707423381886504,"LateFetal"
"TCCTTTACACTATGGC-2","female","EN-fetal-late",-1.2077188230534,"LateFetal"
"TCGACAAGTGCTCACC-2","female","EN-fetal-late",-0.0771628769173658,"LateFetal"
"TCGACAAGTGCTTTAC-2","female","EN-fetal-late",0.219561753496333,"LateFetal"
"TCGATTAAGCTACTGG-2","female","EN-fetal-late",0.0795717505880789,"LateFetal"
"TCGATTAAGGCATTGT-2","female","IN-fetal",1.04807378109233,"LateFetal"
"TCGATTAAGTGTTGTA-2","female","EN-fetal-late",0.0471586221187535,"LateFetal"
"TCGATTAAGTTGCGTG-2","female","EN-fetal-late",-0.0340482343668545,"LateFetal"
"TCGCATTGTAGGTTAT-2","female","EN-fetal-late",-0.000590153823539168,"LateFetal"
"TCGCATTGTAGTAAGA-2","female","EN-fetal-late",0.324915169374862,"LateFetal"
"TCGCCCATCATTTGTC-2","female","IN-fetal",0.0865563442410198,"LateFetal"
"TCGCGAGGTGGGTACT-2","female","EN-fetal-late",0.693699683477825,"LateFetal"
"TCGCGAGGTTCATCTA-2","female","IN-fetal",0.356955672357439,"LateFetal"
"TCGCGCACACATAACT-2","female","EN-fetal-late",-1.25006316548773,"LateFetal"
"TCGCGCACAGCCTTGG-2","female","EN-fetal-late",1.01162956852655,"LateFetal"
"TCGCGCACAGGCTACT-2","female","RG",0.821353425215244,"LateFetal"
"TCGCGCACATATTGAC-2","female","EN-fetal-late",-0.150357237479225,"LateFetal"
"TCGCGCACATCCCTCA-2","female","EN-fetal-late",0.107715222047775,"LateFetal"
"TCGCGCACATCCTGAA-2","female","EN-fetal-late",-0.343645673716078,"LateFetal"
"TCGCGCACATGCTCCC-2","female","EN-fetal-late",-0.483599387692695,"LateFetal"
"TCGCTAACACATAACT-2","female","EN-fetal-late",-1.10670381224576,"LateFetal"
"TCGCTAACAGTTATGT-2","female","IN-fetal",-0.266466831616251,"LateFetal"
"TCGGTAAGTAACAGGG-2","female","EN-fetal-late",0.0748491802536868,"LateFetal"
"TCGGTAAGTCCTAATC-2","female","EN-fetal-late",-0.619944101211567,"LateFetal"
"TCGGTAAGTTAATGCG-2","female","EN-fetal-late",-0.650107676525966,"LateFetal"
"TCGGTAAGTTATAGCG-2","female","EN-fetal-late",1.04087300988752,"LateFetal"
"TCGGTTACACAAACTT-2","female","EN-fetal-late",-1.23730098137729,"LateFetal"
"TCGGTTACATTGTTGG-2","female","IN-fetal",0.117787537649118,"LateFetal"
"TCGGTTCTCTCAATGA-2","female","EN-fetal-late",-0.802583916717068,"LateFetal"
"TCGGTTTGTACCAGGT-2","female","EN-fetal-late",-0.321820692629003,"LateFetal"
"TCGGTTTGTATCTGGA-2","female","EN-fetal-late",-1.4354327145918,"LateFetal"
"TCGGTTTGTTTGCAGA-2","female","EN-fetal-late",-1.33352997328831,"LateFetal"
"TCGTAATCAAACGCGA-2","female","RG",0.137755884991044,"LateFetal"
"TCGTAATCAACTAACT-2","female","EN-fetal-late",-0.457361307150001,"LateFetal"
"TCGTAATCAATGCGCT-2","female","IN-fetal",0.5646051276248,"LateFetal"
"TCGTAATCATGGTTAT-2","female","EN-fetal-late",0.820896812803235,"LateFetal"
"TCGTAATCATTAGGTT-2","female","IN-fetal",-0.094059650993798,"LateFetal"
"TCGTCAACAGCTTAAT-2","female","EN-fetal-late",-0.694786926161971,"LateFetal"
"TCGTGCTTCAAGCTTA-2","female","EN-fetal-late",-0.38479834964774,"LateFetal"
"TCGTGCTTCATGCTCC-2","female","EN-fetal-late",0.758796985941572,"LateFetal"
"TCGTGCTTCCATTACT-2","female","IN-fetal",1.61297259787832,"LateFetal"
"TCGTTAAAGACCATAC-2","female","EN-fetal-late",-0.123434147512126,"LateFetal"
"TCGTTAAAGGCGGATG-2","female","EN-fetal-late",0.189018272842403,"LateFetal"
"TCGTTAAAGTAACTCA-2","female","IN-fetal",1.05765578002069,"LateFetal"
"TCGTTACGTAACAGGG-2","female","EN-fetal-late",-0.837958663315184,"LateFetal"
"TCGTTACGTGCTTTAC-2","female","EN-fetal-late",-0.90245143417297,"LateFetal"
"TCGTTACGTTTCCGGC-2","female","EN-fetal-late",-0.625853608951508,"LateFetal"
"TCGTTAGCAAACCCTA-2","female","OPC",-0.472135091278442,"LateFetal"
"TCGTTAGCAGTAAGTA-2","female","EN-fetal-late",-1.14530802926848,"LateFetal"
"TCGTTAGCATGGTTAT-2","female","IN-fetal",0.379279193361191,"LateFetal"
"TCGTTATTCAAGGACA-2","female","EN-fetal-late",0.0675035419106448,"LateFetal"
"TCGTTATTCATCAGTA-2","female","EN-fetal-late",-1.54727409748604,"LateFetal"
"TCGTTATTCGGTTACG-2","female","EN-fetal-late",0.089736583048741,"LateFetal"
"TCGTTTCCACCCACCT-2","female","IN-fetal",-0.322721913018374,"LateFetal"
"TCGTTTCCACCTATAG-2","female","EN-fetal-late",-0.336841902432581,"LateFetal"
"TCGTTTCCACTAGCGT-2","female","EN-fetal-late",-0.36102425537389,"LateFetal"
"TCGTTTCCATAATGTC-2","female","EN-fetal-late",-0.196361196071865,"LateFetal"
"TCGTTTCCATTATGCG-2","female","EN-fetal-late",-0.700358264182077,"LateFetal"
"TCGTTTCCATTATGGT-2","female","IN-fetal",0.231354329402455,"LateFetal"
"TCTAACCGTCCCGGAA-2","female","IN-fetal",-0.23371272746949,"LateFetal"
"TCTAACTTCTATGACA-2","female","IN-fetal",0.153445226408577,"LateFetal"
"TCTAACTTCTGGCATG-2","female","EN-fetal-late",-1.54175953043053,"LateFetal"
"TCTAAGGGTGAAGCCT-2","female","IN-fetal",-0.864961180912007,"LateFetal"
"TCTAAGGGTTCGCGCT-2","female","EN-fetal-late",-0.76915231745264,"LateFetal"
"TCTAATCTCATTATGG-2","female","EN-fetal-late",0.966505408683564,"LateFetal"
"TCTAATCTCCGGTTAG-2","female","IN-fetal",-0.574504987874121,"LateFetal"
"TCTAATCTCGGTCAGC-2","female","EN-fetal-late",0.505648955805725,"LateFetal"
"TCTACTAGTTACCTGT-2","female","EN-fetal-late",0.431661195740193,"LateFetal"
"TCTACTAGTTGCATCT-2","female","EN-fetal-late",0.0363922849707536,"LateFetal"
"TCTAGCACACTAGGTC-2","female","IN-fetal",0.935959732379686,"LateFetal"
"TCTAGCACAGGATGGC-2","female","EN-fetal-late",0.0481225670858559,"LateFetal"
"TCTAGCACATAAGGAC-2","female","EN-fetal-late",0.117483704766273,"LateFetal"
"TCTAGCACATAATCCG-2","female","EN-fetal-late",0.0486784740834326,"LateFetal"
"TCTAGCCTCACAGCGC-2","female","EN-fetal-late",0.642540228273946,"LateFetal"
"TCTAGCCTCATGGCCA-2","female","RG",0.488919340996104,"LateFetal"
"TCTAGCCTCGCATCCT-2","female","EN-fetal-late",0.701805472873512,"LateFetal"
"TCTAGCGAGCAACATC-2","female","EN-fetal-late",-0.690327455070533,"LateFetal"
"TCTATGTTCCTGATTT-2","female","EN-fetal-late",0.0194330261334573,"LateFetal"
"TCTATGTTCGGTACGC-2","female","EN-fetal-late",0.111338795716966,"LateFetal"
"TCTATGTTCTAAGTCA-2","female","EN-fetal-late",0.0641044914403557,"LateFetal"
"TCTATGTTCTGGCAAT-2","female","EN-fetal-late",0.0855333533871552,"LateFetal"
"TCTCAAGCAACCTAAT-2","female","EN-fetal-late",0.582362411210883,"LateFetal"
"TCTCAAGCAAGGTAAC-2","female","IN-fetal",-0.482074413429522,"LateFetal"
"TCTCAAGCATTAGGCC-2","female","EN-fetal-late",-1.17777545770301,"LateFetal"
"TCTCAATTCAGCCAAT-2","female","EN-fetal-late",-1.15252489779943,"LateFetal"
"TCTCAATTCCCTCAGT-2","female","IN-fetal",1.21575827276541,"LateFetal"
"TCTCAATTCGTTTCGC-2","female","EN-fetal-late",-1.03190867147255,"LateFetal"
"TCTCACCAGGCAGGTG-2","female","EN-fetal-late",-0.527538235151883,"LateFetal"
"TCTCACCAGTCAATTG-2","female","EN-fetal-late",0.90984415241153,"LateFetal"
"TCTCACCAGTGAAGTG-2","female","EN-fetal-late",-0.264009182919933,"LateFetal"
"TCTCACCAGTGAGCGG-2","female","EN-fetal-late",1.09365886523742,"LateFetal"
"TCTCCTCGTAACCACA-2","female","EN-fetal-late",0.191262615679917,"LateFetal"
"TCTCCTCGTAGTTACG-2","female","EN-fetal-late",-0.638723299833538,"LateFetal"
"TCTCCTCGTGGAAGGC-2","female","IN-fetal",0.517034379334395,"LateFetal"
"TCTCGCCCAAACCTTG-2","female","IN-fetal",-0.694426890002965,"LateFetal"
"TCTCGCCCAAAGGTAC-2","female","EN-fetal-late",-1.00331435204241,"LateFetal"
"TCTCGCCCAATATGGA-2","female","EN-fetal-late",0.834731505763678,"LateFetal"
"TCTCGCCCAGGACCTT-2","female","EN-fetal-late",-0.111851455415897,"LateFetal"
"TCTGGCTTCACTAAGC-2","female","EN-fetal-late",0.269128069298747,"LateFetal"
"TCTGGCTTCATGGTGT-2","female","EN-fetal-late",-0.910921505577592,"LateFetal"
"TCTGGCTTCCAAGTTA-2","female","EN-fetal-late",-0.499996593495245,"LateFetal"
"TCTGTGACACTCAACA-2","female","EN-fetal-late",-0.87680254106922,"LateFetal"
"TCTTAGCGTAGCCATA-2","female","EN-fetal-late",-0.731243805897399,"LateFetal"
"TCTTAGTTCATGGCCA-2","female","EN-fetal-late",0.360083164056131,"LateFetal"
"TCTTAGTTCCTTGTTG-2","female","EN-fetal-late",-0.380996901414315,"LateFetal"
"TCTTCAAGTAACGAGG-2","female","EN-fetal-late",-0.170068770014421,"LateFetal"
"TCTTGACGTACCGGAT-2","female","EN-fetal-late",-0.902229670810041,"LateFetal"
"TCTTGACGTTAATGAC-2","female","EN-fetal-late",-0.537775155655681,"LateFetal"
"TCTTTGTAGCGGCTGT-2","female","EN-fetal-late",-0.471887814956598,"LateFetal"
"TCTTTGTAGGATAAAC-2","female","EN-fetal-late",0.0403369273569924,"LateFetal"
"TCTTTGTAGGGTGAAC-2","female","EN-fetal-late",-0.484477443258818,"LateFetal"
"TCTTTGTAGTCATCCC-2","female","EN-fetal-late",0.310399362069666,"LateFetal"
"TCTTTGTAGTTAGTGC-2","female","EN-fetal-late",1.07114047255039,"LateFetal"
"TGAAACTGTGACATAT-2","female","EN-fetal-late",0.0794841243560994,"LateFetal"
"TGAAACTGTGCTTAGA-2","female","EN-fetal-late",1.0992046659054,"LateFetal"
"TGAACAACAAGCTAAA-2","female","EN-fetal-late",0.272098310887513,"LateFetal"
"TGAACAACACAGCCAT-2","female","EN-fetal-late",0.453339069047912,"LateFetal"
"TGAACAACAGCTTAGC-2","female","IN-fetal",-0.00283565392960036,"LateFetal"
"TGAACAACATGAAATG-2","female","IN-fetal",0.37170300117401,"LateFetal"
"TGAACAGAGACTCGCA-2","female","RG",0.723314257421592,"LateFetal"
"TGAACAGAGCTGTCAG-2","female","EN-fetal-late",0.154842923057803,"LateFetal"
"TGAACAGAGTTAGGCT-2","female","EN-fetal-late",-0.72141570525607,"LateFetal"
"TGAAGCAAGGAACGGT-2","female","EN-fetal-late",-0.335377495731911,"LateFetal"
"TGAAGCAAGGCATTGT-2","female","EN-fetal-late",0.419490223469176,"LateFetal"
"TGAAGCAAGGGCCATC-2","female","EN-fetal-late",-0.524376294468987,"LateFetal"
"TGAAGGATCCTCATCA-2","female","EN-fetal-late",0.0775018452039981,"LateFetal"
"TGAAGGATCTCCATAT-2","female","EN-fetal-late",-0.58711342009574,"LateFetal"
"TGAAGGATCTTGTCTG-2","female","EN-fetal-late",-0.466393590005898,"LateFetal"
"TGAAGTGAGCTAAGTC-2","female","EN-fetal-late",-0.336295218330056,"LateFetal"
"TGAAGTGAGGCATTAC-2","female","EN-fetal-late",0.911006666430217,"LateFetal"
"TGAAGTGAGTATCGCG-2","female","EN-fetal-late",-0.877669046228751,"LateFetal"
"TGACCAAGTTTGCAGA-2","female","EN-fetal-late",-0.377588557844033,"LateFetal"
"TGACCAAGTTTGTCTA-2","female","EN-fetal-late",-0.55358905286557,"LateFetal"
"TGACTCCTCCCGCCTA-2","female","EN-fetal-late",0.991683144420075,"LateFetal"
"TGACTCCTCGCTAAGT-2","female","EN-fetal-late",-0.128487731049786,"LateFetal"
"TGACTCCTCGTTTCTG-2","female","EN-fetal-late",-1.01610094019723,"LateFetal"
"TGACTTAAGCATGAAG-2","female","EN-fetal-late",-0.517182392711923,"LateFetal"
"TGACTTAAGGCTCATG-2","female","EN-fetal-late",0.516926899862279,"LateFetal"
"TGAGAACCATGAAATG-2","female","EN-fetal-late",0.590367962048546,"LateFetal"
"TGAGCAAAGACACTTA-2","female","EN-fetal-late",-1.26585501772775,"LateFetal"
"TGAGCAAAGGCGCTTA-2","female","EN-fetal-late",0.326270798099953,"LateFetal"
"TGAGCAAAGGCGGATG-2","female","EN-fetal-late",-0.258225823263266,"LateFetal"
"TGAGCAAAGGCGGGTA-2","female","EN-fetal-late",-0.909301181209204,"LateFetal"
"TGAGCACGTAACGGGA-2","female","IN-fetal",0.0852226975417844,"LateFetal"
"TGAGCACGTTGCGGAT-2","female","EN-fetal-late",-0.279187751131923,"LateFetal"
"TGAGCCGGTATTGGAT-2","female","EN-fetal-late",-0.107505793634596,"LateFetal"
"TGAGCCGGTTGTAAAC-2","female","EN-fetal-late",1.15469624108707,"LateFetal"
"TGAGCCGGTTTATCTG-2","female","EN-fetal-late",0.143699219983537,"LateFetal"
"TGAGCTTAGCTTGCTC-2","female","EN-fetal-late",1.42524688787669,"LateFetal"
"TGAGGAGGTCTAACAG-2","female","IN-fetal",0.620595304287872,"LateFetal"
"TGAGGGAGTTAGCCAA-2","female","IN-fetal",0.0313845518642809,"LateFetal"
"TGAGGGAGTTATGTGG-2","female","EN-fetal-late",-0.509051862237483,"LateFetal"
"TGAGGGAGTTCATCTA-2","female","EN-fetal-late",-0.0124783604419708,"LateFetal"
"TGAGGGAGTTGTTGGA-2","female","EN-fetal-late",0.658765183621893,"LateFetal"
"TGAGGGCCACAATACT-2","female","EN-fetal-late",0.0617527721324788,"LateFetal"
"TGAGGGCCATTAGCCA-2","female","EN-fetal-late",-1.18784422747843,"LateFetal"
"TGAGGGCCATTATGCG-2","female","EN-fetal-late",-0.802509852840591,"LateFetal"
"TGAGGTGCAGGAACAT-2","female","EN-fetal-late",0.00777150148157373,"LateFetal"
"TGAGGTGCATGAATAG-2","female","EN-fetal-late",-0.869709569437065,"LateFetal"
"TGAGTGAAGGTTTGAC-2","female","EN-fetal-late",0.0550665957954584,"LateFetal"
"TGAGTGAAGTCAATTG-2","female","EN-fetal-late",0.091743912422278,"LateFetal"
"TGATCAATCCTGAATA-2","female","EN-fetal-late",-0.505277942473825,"LateFetal"
"TGATCACAGGAGGGTT-2","female","IN-MGE",0.965176910004194,"LateFetal"
"TGATCAGGTATTGTCC-2","female","EN-fetal-late",0.191158981740104,"LateFetal"
"TGATCAGGTCAATGTG-2","female","IN-fetal",0.833427236730553,"LateFetal"
"TGATCGAGTAAGCTTG-2","female","EN-fetal-late",0.626426670845257,"LateFetal"
"TGATCGAGTAGGATCC-2","female","EN-fetal-late",0.972535585510402,"LateFetal"
"TGATGAACAAACAACA-2","female","EN-fetal-late",0.868342102502792,"LateFetal"
"TGATGAACAAGTGAAC-2","female","IN-fetal",-0.153916155881319,"LateFetal"
"TGATGAACACCAGGTT-2","female","EN-fetal-late",-0.284561895195861,"LateFetal"
"TGATGAACACCTCGCT-2","female","EN-fetal-late",-1.47569232798805,"LateFetal"
"TGATGACTCAAAGGCA-2","female","EN-fetal-late",0.0606561127871234,"LateFetal"
"TGATGACTCCGTGACA-2","female","EN-fetal-late",-1.24806171431789,"LateFetal"
"TGATGACTCCTCATCA-2","female","EN-fetal-late",0.926502058784581,"LateFetal"
"TGATGACTCGATTCTT-2","female","EN-fetal-late",-0.0533257410528837,"LateFetal"
"TGATGATGTTGAAGCC-2","female","EN-fetal-late",1.28808762639497,"LateFetal"
"TGATTAGTCCTGCGAA-2","female","IN-fetal",-1.9719374695237,"LateFetal"
"TGATTAGTCGGTTAGT-2","female","EN-fetal-late",-0.22874589446322,"LateFetal"
"TGATTCAAGAACCTGT-2","female","EN-fetal-late",0.285003862850949,"LateFetal"
"TGATTCAAGCATCCAG-2","female","EN-fetal-late",-0.469866233011532,"LateFetal"
"TGATTCAAGCGGCTGT-2","female","EN-fetal-late",0.0893549995988532,"LateFetal"
"TGATTCAAGTAACTCA-2","female","IN-fetal",-0.532201389931699,"LateFetal"
"TGATTGCAGCTGTACG-2","female","EN-fetal-late",-0.129829416256449,"LateFetal"
"TGATTGCAGGAACACA-2","female","EN-fetal-late",-0.128061050035731,"LateFetal"
"TGATTGCAGGTCGATT-2","female","EN-fetal-late",-0.918801856851247,"LateFetal"
"TGATTGCAGTAAGTGG-2","female","EN-fetal-late",-1.02652925304483,"LateFetal"
"TGCAAGCGTAACGTGC-2","female","OPC",-0.0459250743298068,"LateFetal"
"TGCAAGCGTTTCAGGA-2","female","IN-fetal",-0.497784978204066,"LateFetal"
"TGCAATATCCCGTTTA-2","female","EN-fetal-late",-1.40743239233011,"LateFetal"
"TGCAATATCCGGCTAA-2","female","EN-fetal-late",-0.409318129306645,"LateFetal"
"TGCACCTTCAGGGCCT-2","female","EN-fetal-late",-0.261625316487748,"LateFetal"
"TGCACCTTCCTTAATC-2","female","EN-fetal-late",-0.721028595384203,"LateFetal"
"TGCACCTTCGTTTCTG-2","female","IN-fetal",-0.0142494211311213,"LateFetal"
"TGCACCTTCTTGTTCG-2","female","EN-fetal-late",-0.172573545218046,"LateFetal"
"TGCACTTGTATCTGGA-2","female","IN-fetal",0.44467743667031,"LateFetal"
"TGCACTTGTCTATCGT-2","female","EN-fetal-late",-0.684040617574553,"LateFetal"
"TGCACTTGTGCATCGG-2","female","EN-fetal-late",0.780315231906196,"LateFetal"
"TGCACTTGTGTTGTGA-2","female","EN-fetal-late",0.542964796781005,"LateFetal"
"TGCAGGCTCAATCTCT-2","female","EN-fetal-late",-0.813431840416578,"LateFetal"
"TGCAGGCTCATCAGTA-2","female","IN-fetal",0.824265801331937,"LateFetal"
"TGCAGGCTCCTCAGTC-2","female","EN-fetal-late",-0.107248924138257,"LateFetal"
"TGCAGGCTCCTTGCAC-2","female","EN-fetal-late",0.426125695378911,"LateFetal"
"TGCAGGCTCGGCCATA-2","female","EN-fetal-late",-0.764981836306451,"LateFetal"
"TGCAGGCTCTGGCTTC-2","female","IN-fetal",-0.336316369941361,"LateFetal"
"TGCATGAGTAGGTTGC-2","female","EN-fetal-late",0.413187451307023,"LateFetal"
"TGCATGAGTCCTAAGA-2","female","EN-fetal-late",-1.01621670501132,"LateFetal"
"TGCATGAGTGTTGCAA-2","female","EN-fetal-late",-0.67230878632369,"LateFetal"
"TGCATTAAGAGAGGCT-2","female","EN-fetal-late",-0.166226932559079,"LateFetal"
"TGCATTAAGCCGCTTT-2","female","EN-fetal-late",-0.910626830095739,"LateFetal"
"TGCCATTGTACTTCAC-2","female","IN-fetal",-0.722639707214988,"LateFetal"
"TGCCATTGTCATCCTG-2","female","EN-fetal-late",0.467283501300178,"LateFetal"
"TGCCATTGTGCTGTAA-2","female","RG",0.216481017051689,"LateFetal"
"TGCCGGTAGCCTAATA-2","female","EN-fetal-late",-0.155138507100547,"LateFetal"
"TGCCGGTAGCTTAGCG-2","female","IN-fetal",0.808421111268873,"LateFetal"
"TGCCGGTAGCTTATGA-2","female","EN-fetal-late",-0.0467279851597114,"LateFetal"
"TGCCGGTAGGATAAAC-2","female","RG",0.879293853336696,"LateFetal"
"TGCCGGTAGGCGAATA-2","female","IN-fetal",-0.504432352625797,"LateFetal"
"TGCCGGTAGTAACGGA-2","female","EN-fetal-late",-1.21835381830572,"LateFetal"
"TGCCTGTTCCACCCTG-2","female","EN-fetal-late",-0.752218905339863,"LateFetal"
"TGCCTGTTCCTCATGC-2","female","EN-fetal-late",0.46237910760698,"LateFetal"
"TGCCTGTTCGCTAGAT-2","female","EN-fetal-late",-0.223503869700254,"LateFetal"
"TGCGATTAGCACTAGT-2","female","IN-fetal",-0.406368010850639,"LateFetal"
"TGCGATTAGTGTGATC-2","female","EN-fetal-late",0.78152318258078,"LateFetal"
"TGCGGTTCAATACTGT-2","female","EN-fetal-late",-0.184821698842541,"LateFetal"
"TGCTAACAGACCATAC-2","female","EN-fetal-late",-0.359651857375107,"LateFetal"
"TGCTAACAGCTTAACA-2","female","EN-fetal-late",-0.487512018898394,"LateFetal"
"TGCTAACAGTCTCACC-2","female","EN-fetal-late",-0.428453831156698,"LateFetal"
"TGCTAGCCACAATTAC-2","female","EN-fetal-late",-0.629099930298527,"LateFetal"
"TGCTAGCCACTAGCGT-2","female","EN-fetal-late",-0.529255008696847,"LateFetal"
"TGCTAGCCAGGTTACC-2","female","EN-fetal-late",-0.905346135751721,"LateFetal"
"TGCTAGCCATAAGTCT-2","female","IN-fetal",0.752114882096749,"LateFetal"
"TGCTATGCAAATACCT-2","female","IN-fetal",0.278083665128667,"LateFetal"
"TGCTATGCACAGAAAC-2","female","EN-fetal-late",-0.30377459815368,"LateFetal"
"TGCTATGCACCTATAG-2","female","IN-fetal",0.291993187550251,"LateFetal"
"TGCTATGCATCATGGC-2","female","EN-fetal-late",0.0872442362701003,"LateFetal"
"TGCTCAACACCTGTAA-2","female","EN-fetal-late",0.517076734293106,"LateFetal"
"TGCTCAACAGGTTACC-2","female","EN-fetal-late",-0.710473466090251,"LateFetal"
"TGCTCACTCCATAATG-2","female","EN-fetal-late",0.324579295141402,"LateFetal"
"TGCTCACTCCTTCTAG-2","female","EN-fetal-late",0.130751613739671,"LateFetal"
"TGCTCCGTCAGTTCCC-2","female","IN-fetal",-0.0313119216068194,"LateFetal"
"TGCTCCGTCCTTTACG-2","female","EN-fetal-late",0.755939919116333,"LateFetal"
"TGCTCTCAGTTACCGG-2","female","EN-fetal-late",-0.788760109996168,"LateFetal"
"TGCTGGATCCATAAGC-2","female","EN-fetal-late",-0.428141404275605,"LateFetal"
"TGCTGGATCCTTGTTG-2","female","EN-fetal-late",-0.0227515193304469,"LateFetal"
"TGCTGGATCGAGCAAA-2","female","IN-CGE",-0.87404468388892,"LateFetal"
"TGCTGGATCGCACACA-2","female","EN-fetal-late",0.548624916257978,"LateFetal"
"TGCTGGATCTCACAAA-2","female","EN-fetal-late",0.0499276868198121,"LateFetal"
"TGCTTCATCATGCTTT-2","female","IN-fetal",0.268702383067484,"LateFetal"
"TGCTTCATCCTCGATC-2","female","EN-fetal-late",0.512489892752345,"LateFetal"
"TGCTTCATCGTAACGT-2","female","EN-fetal-late",-0.964623045364152,"LateFetal"
"TGCTTCATCTGTTGCC-2","female","EN-fetal-late",1.23480805629824,"LateFetal"
"TGCTTCATCTTGACCC-2","female","EN-fetal-late",0.0431323554127788,"LateFetal"
"TGCTTCCAGGCACAGG-2","female","IN-fetal",-0.723887164795255,"LateFetal"
"TGCTTCCAGGCATGTT-2","female","EN-fetal-late",-0.860948128067194,"LateFetal"
"TGCTTCCAGTATTGGC-2","female","EN-fetal-late",1.73349447570076,"LateFetal"
"TGCTTGCTCAATGTCA-2","female","EN-fetal-late",0.394884584209776,"LateFetal"
"TGCTTGCTCAGAAACG-2","female","EN-fetal-late",-0.58816773735648,"LateFetal"
"TGCTTGCTCATGTCAA-2","female","EN-fetal-late",-0.137264721094139,"LateFetal"
"TGCTTGCTCGCAAACT-2","female","EN-fetal-late",-0.737890206756306,"LateFetal"
"TGCTTGCTCTAAATCG-2","female","EN-fetal-late",-0.205116521227933,"LateFetal"
"TGCTTGTGTAGCAGCT-2","female","EN-fetal-late",-0.450943708321736,"LateFetal"
"TGCTTTAGTATACTGG-2","female","EN-fetal-late",0.077132480388545,"LateFetal"
"TGCTTTAGTGAACAAA-2","female","EN-fetal-late",-0.793706491880159,"LateFetal"
"TGCTTTAGTTTACCGT-2","female","IN-fetal",-0.604393452331822,"LateFetal"
"TGGAACAAGGGATGCG-2","female","EN-fetal-late",-0.061146945880448,"LateFetal"
"TGGAACAAGTACCGCA-2","female","EN-fetal-late",-0.102128335340208,"LateFetal"
"TGGACAAAGCAAGGAC-2","female","IN-fetal",0.60072778930845,"LateFetal"
"TGGACAAAGGCATTGT-2","female","EN-fetal-late",-0.258097906525229,"LateFetal"
"TGGACAAAGTAACCCG-2","female","IN-fetal",0.0627860969369434,"LateFetal"
"TGGACAAAGTATCGCG-2","female","EN-fetal-late",-0.0611856482256942,"LateFetal"
"TGGACAAAGTTGGCCA-2","female","EN-fetal-late",0.561799513247665,"LateFetal"
"TGGACCGGTTCACCAT-2","female","EN-fetal-late",-0.42775571310507,"LateFetal"
"TGGACGGAGCCTGGTA-2","female","EN-fetal-late",0.333541858632834,"LateFetal"
"TGGACGGAGCGAAGTA-2","female","EN-fetal-late",-0.458670811693902,"LateFetal"
"TGGACTAGTCACACCC-2","female","EN-fetal-late",-0.773400578650307,"LateFetal"
"TGGACTAGTTCAAGAT-2","female","EN-fetal-late",-0.429963146539357,"LateFetal"
"TGGATTCAGACAGGCG-2","female","EN-fetal-late",0.40993039824789,"LateFetal"
"TGGATTCAGCAGCTCA-2","female","EN-fetal-late",0.619963708094042,"LateFetal"
"TGGCCAATCAATGTCA-2","female","EN-fetal-late",-0.457201318721137,"LateFetal"
"TGGCCAATCACTTTAC-2","female","IN-fetal",-0.180129939010602,"LateFetal"
"TGGCCAATCTAAGGAG-2","female","EN-fetal-late",-0.255317003740532,"LateFetal"
"TGGCCATCACGTAAGG-2","female","EN-fetal-late",-0.510537113592136,"LateFetal"
"TGGCCTGCAAGATTCT-2","female","IN-fetal",2.2965663820615,"LateFetal"
"TGGCCTGCACTAAGAA-2","female","EN-fetal-late",0.0190847880111511,"LateFetal"
"TGGCCTTTCGGTCATG-2","female","IN-fetal",-0.138064669642775,"LateFetal"
"TGGCCTTTCTCGACCT-2","female","EN-fetal-late",0.148010548309928,"LateFetal"
"TGGCTAAGTGTGTCCC-2","female","EN-fetal-late",-0.528160822112539,"LateFetal"
"TGGCTAAGTTGGTTCT-2","female","EN-fetal-late",-0.81267633492773,"LateFetal"
"TGGCTATAGGTCCTGA-2","female","EN-fetal-late",-0.821938371256471,"LateFetal"
"TGGCTATAGTCACTAA-2","female","EN-fetal-late",-1.15612768069873,"LateFetal"
"TGGCTATAGTTGCGTG-2","female","EN-fetal-late",-0.89778252994883,"LateFetal"
"TGGCTTTGTGCTAGCG-2","female","EN-fetal-late",-0.469657006784656,"LateFetal"
"TGGCTTTGTGCTCCGT-2","female","EN-fetal-late",-0.615360464159766,"LateFetal"
"TGGCTTTGTGTTGTGA-2","female","EN-fetal-late",-0.240684370328777,"LateFetal"
"TGGCTTTGTTCCTGAT-2","female","IN-fetal",0.0208257032160594,"LateFetal"
"TGGGCATGTCCGGTTC-2","female","EN-fetal-late",0.528566847142383,"LateFetal"
"TGGGCATGTGCGCGTA-2","female","EN-fetal-late",-0.533664880165548,"LateFetal"
"TGGGCATGTGTAATAC-2","female","EN-fetal-late",0.749043811730252,"LateFetal"
"TGGGCCTAGTTTGGGT-2","female","IN-fetal",-0.272182676548076,"LateFetal"
"TGGTCAAGTGAATCGC-2","female","EN-fetal-late",-0.0711893362074947,"LateFetal"
"TGGTCAAGTGATGATT-2","female","EN-fetal-late",0.592636624186498,"LateFetal"
"TGGTCAGTCCAAGTTA-2","female","EN-fetal-late",1.2962060914166,"LateFetal"
"TGGTCAGTCCTAAGGT-2","female","EN-fetal-late",-0.927488190805711,"LateFetal"
"TGGTCAGTCTAAGTGC-2","female","IN-fetal",0.251742290645913,"LateFetal"
"TGGTCAGTCTTTAAGG-2","female","EN-fetal-late",0.28348577137752,"LateFetal"
"TGGTCATAGAAAGCAT-2","female","EN-fetal-late",0.0352419472199952,"LateFetal"
"TGGTCATAGCAGGTTT-2","female","EN-fetal-late",-0.196268854221645,"LateFetal"
"TGGTCATAGTCAATTG-2","female","EN-fetal-late",-0.540377445409733,"LateFetal"
"TGGTCCTTCCTCACAC-2","female","EN-fetal-late",-0.338103101785589,"LateFetal"
"TGGTGATTCATGAAGG-2","female","EN-fetal-late",-0.197682915956806,"LateFetal"
"TGGTGATTCCCTCTAA-2","female","EN-fetal-late",0.544060092453946,"LateFetal"
"TGGTGATTCGTTAAGC-2","female","IN-fetal",0.237862656593143,"LateFetal"
"TGGTGCATCCTTAAGA-2","female","EN-fetal-late",-0.213203593687127,"LateFetal"
"TGGTTAATCGACCTGA-2","female","EN-fetal-late",0.538958111566286,"LateFetal"
"TGGTTAATCTTTGAGA-2","female","EN-fetal-late",1.23242120760945,"LateFetal"
"TGGTTCCTCAGGAACA-2","female","EN-fetal-late",-0.66011501108896,"LateFetal"
"TGGTTCCTCATCCTGC-2","female","IN-fetal",-0.906501365991403,"LateFetal"
"TGGTTCCTCCTAATGA-2","female","EN-fetal-late",0.249567198307463,"LateFetal"
"TGGTTCTGTACCGGAT-2","female","EN-fetal-late",-0.778032025730464,"LateFetal"
"TGGTTCTGTGCTAGAC-2","female","EN-fetal-late",-1.36923277422064,"LateFetal"
"TGGTTCTGTTGTCATC-2","female","EN-fetal-late",0.253275015440318,"LateFetal"
"TGGTTGAGTGACCTGG-2","female","EN-fetal-late",0.228459987530352,"LateFetal"
"TGGTTGAGTTTCAGGA-2","female","EN-fetal-late",0.229919852936499,"LateFetal"
"TGTAAAGCATTAAACC-2","female","EN-fetal-late",-0.351304821947455,"LateFetal"
"TGTAACTCATCAATCG-2","female","IN-fetal",0.984230901114593,"LateFetal"
"TGTAAGCTCGAGCAAA-2","female","EN-fetal-late",0.348810464455771,"LateFetal"
"TGTAAGCTCGCATTAA-2","female","EN-fetal-late",0.294479037589425,"LateFetal"
"TGTAAGTGTGATGATT-2","female","IN-fetal",0.214167472098908,"LateFetal"
"TGTAAGTGTTTATCTG-2","female","EN-fetal-late",-0.481859016943977,"LateFetal"
"TGTAATGTCATGCGTG-2","female","EN-fetal-late",-0.0889504967975333,"LateFetal"
"TGTAATGTCATGCTCC-2","female","EN-fetal-late",0.0417313393042041,"LateFetal"
"TGTAATGTCCCAGTAG-2","female","EN-fetal-late",-0.235765214329715,"LateFetal"
"TGTAATGTCCTGATTT-2","female","EN-fetal-late",-1.36326522363881,"LateFetal"
"TGTAATGTCTTTAAGG-2","female","EN-fetal-late",-0.762615243324641,"LateFetal"
"TGTATCCGTACCTTAC-2","female","IN-fetal",-0.217879021041484,"LateFetal"
"TGTATCCGTCAAACTG-2","female","EN-fetal-late",0.508048527496136,"LateFetal"
"TGTATCCGTCAGGCCA-2","female","EN-fetal-late",-0.129961374968971,"LateFetal"
"TGTATCCGTGCTTTAC-2","female","EN-fetal-late",-0.672233624719245,"LateFetal"
"TGTATCCGTTCATTTG-2","female","IN-fetal",1.19825883948409,"LateFetal"
"TGTATCGCAAGGCCAA-2","female","IN-fetal",0.359024747827051,"LateFetal"
"TGTATCGCAATTAAGG-2","female","EN-fetal-late",-0.157521825318111,"LateFetal"
"TGTATCGCACAACAAA-2","female","VSMC",-0.225167140872356,"LateFetal"
"TGTCAATCAAGGTCCT-2","female","EN-fetal-late",-0.365952846019888,"LateFetal"
"TGTCAATCAATTAAGG-2","female","EN-fetal-late",0.156024009524187,"LateFetal"
"TGTCAATCACGTAATT-2","female","EN-fetal-late",0.872384584626884,"LateFetal"
"TGTCAGTAGCGGGCAA-2","female","EN-fetal-late",-0.703790631145597,"LateFetal"
"TGTCAGTAGTATTGGC-2","female","EN-fetal-late",0.213321254266476,"LateFetal"
"TGTCAGTAGTCACGAT-2","female","EN-fetal-late",0.527102144203372,"LateFetal"
"TGTCAGTAGTGACCTG-2","female","EN-fetal-late",-0.0380477427203883,"LateFetal"
"TGTCCTGGTCAAGTAT-2","female","Astrocytes",0.577700495780129,"LateFetal"
"TGTCCTGGTCAGGAAG-2","female","IN-fetal",1.31188328295914,"LateFetal"
"TGTCCTGGTGCTTTAC-2","female","EN-fetal-late",-0.590529476237343,"LateFetal"
"TGTCCTGGTTCCGCAC-2","female","EN-fetal-late",-0.274555307831759,"LateFetal"
"TGTCCTGGTTTGTCTA-2","female","EN-fetal-late",-0.172142790857042,"LateFetal"
"TGTCCTTCAAGACTCC-2","female","EN-fetal-late",0.373654321344505,"LateFetal"
"TGTCCTTCAATAGCAA-2","female","EN-fetal-early",-0.186828245877251,"LateFetal"
"TGTCCTTCACAATACT-2","female","RG",0.655145136814689,"LateFetal"
"TGTCCTTCAGAAACGT-2","female","EN-fetal-late",0.675314499851731,"LateFetal"
"TGTCCTTCAGTAGGTG-2","female","EN-fetal-late",-0.229241266688482,"LateFetal"
"TGTGAAACAACTAGGG-2","female","EN-fetal-late",-1.01099761778017,"LateFetal"
"TGTGAAACACACCAAC-2","female","IN-fetal",0.0795868798032976,"LateFetal"
"TGTGAAACATGACTAT-2","female","EN-fetal-late",0.0129300215863157,"LateFetal"
"TGTGAAACATTGTGCA-2","female","EN-fetal-late",0.24370793856982,"LateFetal"
"TGTGATCAGGAGGCAT-2","female","EN-fetal-late",0.0831656717334451,"LateFetal"
"TGTGATCAGGGCTTTG-2","female","EN-fetal-late",0.149748871462453,"LateFetal"
"TGTGCAAGTTACATCC-2","female","EN-fetal-late",-0.520880277048636,"LateFetal"
"TGTGCAAGTTTGCGAA-2","female","IN-fetal",-0.287149297663184,"LateFetal"
"TGTGCACCAAGCGAGC-2","female","EN-fetal-late",-0.127734419836826,"LateFetal"
"TGTGCGCAGATAAAGC-2","female","IN-fetal",0.521122609647039,"LateFetal"
"TGTGCGCAGGCAAGTA-2","female","EN-fetal-late",0.422228403439632,"LateFetal"
"TGTGCGCAGGCGCTAC-2","female","EN-fetal-late",-0.41647028462084,"LateFetal"
"TGTGCGGGTCGCATAA-2","female","EN-fetal-late",0.599644388409603,"LateFetal"
"TGTGCGGGTGTGTCCC-2","female","EN-fetal-late",0.540834692580409,"LateFetal"
"TGTGCTGAGCAAACCT-2","female","IN-fetal",-0.557759627355944,"LateFetal"
"TGTGCTGAGGCATGTT-2","female","IN-fetal",1.25645141095591,"LateFetal"
"TGTGCTGAGGCCTAAT-2","female","IN-fetal",-0.0843774835204444,"LateFetal"
"TGTGGAGCATAAGGAC-2","female","EN-fetal-late",0.0965643619572626,"LateFetal"
"TGTGGAGCATTGGGAG-2","female","IN-fetal",-0.464767684100925,"LateFetal"
"TGTGGCCAGCGCTCAA-2","female","EN-fetal-late",0.480910151362639,"LateFetal"
"TGTGGCCAGGCCCAGT-2","female","EN-fetal-late",-0.591065612409445,"LateFetal"
"TGTGGCCAGGGATGCG-2","female","EN-fetal-late",0.404366708118227,"LateFetal"
"TGTGGCCAGTCTATGA-2","female","EN-fetal-late",-0.0345668380581054,"LateFetal"
"TGTGGCCAGTTTAACG-2","female","EN-fetal-late",-0.0471019843007085,"LateFetal"
"TGTGGCGGTTCCGGCT-2","female","EN-fetal-late",-0.689939446440431,"LateFetal"
"TGTGGCTCAATCCTGA-2","female","EN-fetal-late",0.205309345229667,"LateFetal"
"TGTGGCTCAATCTCTC-2","female","EN-fetal-late",0.56885479015822,"LateFetal"
"TGTGGCTCAATTATGC-2","female","EN-fetal-late",-0.21499215132529,"LateFetal"
"TGTGGCTCACCGGCTA-2","female","EN-fetal-late",-0.383951903537605,"LateFetal"
"TGTGGCTCACGAACAG-2","female","EN-fetal-late",0.100500574528429,"LateFetal"
"TGTGGCTCAGCTAACC-2","female","EN-fetal-late",-1.15636035953179,"LateFetal"
"TGTGGCTCAGTCTAGC-2","female","IN-fetal",0.0905243760073246,"LateFetal"
"TGTGGCTCATGTTGCA-2","female","IN-fetal",0.592907152910117,"LateFetal"
"TGTGTGAGTAGTAAGA-2","female","EN-fetal-late",-0.143374840733812,"LateFetal"
"TGTGTGAGTCCCGAAG-2","female","EN-fetal-late",0.669847581838606,"LateFetal"
"TGTGTGAGTGGGAACA-2","female","EN-fetal-late",1.17548496823753,"LateFetal"
"TGTGTTAAGTACTGGT-2","female","EN-fetal-early",-1.10271118604273,"LateFetal"
"TGTGTTAAGTTATCCT-2","female","IN-fetal",0.496671819062908,"LateFetal"
"TGTGTTAAGTTTCCGC-2","female","EN-fetal-late",-0.697256768831122,"LateFetal"
"TGTTACTTCGAGCTAT-2","female","IN-fetal",0.161479147030661,"LateFetal"
"TGTTAGCAGGAGCAAC-2","female","EN-fetal-late",-0.654717594173025,"LateFetal"
"TGTTAGCAGTAACGAG-2","female","EN-fetal-late",0.45043623924348,"LateFetal"
"TGTTATGAGCTCAAAC-2","female","EN-fetal-late",-0.0206134620225844,"LateFetal"
"TGTTCATTCACTAGGT-2","female","EN-fetal-late",0.117295817380249,"LateFetal"
"TGTTCATTCAGCTAAC-2","female","EN-fetal-late",0.885217555876003,"LateFetal"
"TGTTCATTCAGGTTTA-2","female","EN-fetal-late",-1.04629844720501,"LateFetal"
"TGTTCCTCAATGCGCT-2","female","EN-fetal-late",-0.715288325810525,"LateFetal"
"TGTTCCTCAATTTGGT-2","female","IN-fetal",2.24016696634955,"LateFetal"
"TGTTCCTCAGGATGGC-2","female","EN-fetal-late",-0.20090203483983,"LateFetal"
"TGTTGCACAAGACTCC-2","female","EN-fetal-late",-0.249713924382397,"LateFetal"
"TGTTGGCCAAACATAG-2","female","IN-fetal",0.12120354311243,"LateFetal"
"TGTTGGCCAAGCCAGA-2","female","EN-fetal-late",0.846818770934497,"LateFetal"
"TGTTGGCCACACTAAT-2","female","OPC",0.121090377470459,"LateFetal"
"TGTTGGCCAGGCGATA-2","female","EN-fetal-late",0.158022156893359,"LateFetal"
"TGTTGGCCAGGGAGGA-2","female","EN-fetal-late",-0.0355216714901941,"LateFetal"
"TGTTGTAAGCGGCTGT-2","female","EN-fetal-late",0.107004252134856,"LateFetal"
"TGTTGTAAGTCACCAG-2","female","IN-fetal",0.293802892108921,"LateFetal"
"TGTTGTGCAAATTGCT-2","female","OPC",0.163975365808058,"LateFetal"
"TGTTGTGCAACATAAG-2","female","IN-fetal",0.806093898710357,"LateFetal"
"TGTTGTGCATAATCCG-2","female","EN-fetal-late",0.729108043263942,"LateFetal"
"TGTTGTGCATGAATCT-2","female","EN-fetal-late",-0.045415600004644,"LateFetal"
"TGTTGTTTCAGGAAGC-2","female","EN-fetal-late",0.251884160952544,"LateFetal"
"TGTTGTTTCCCGTTTA-2","female","EN-fetal-late",-0.324047575627625,"LateFetal"
"TGTTGTTTCGGTTACG-2","female","EN-fetal-late",-0.341162983983045,"LateFetal"
"TGTTTGTTCTCAATTC-2","female","IN-fetal",0.095816623208813,"LateFetal"
"TTAAAGGCAGTTTACG-2","female","EN-fetal-late",-0.656062549849586,"LateFetal"
"TTAACCAAGACTCGCA-2","female","EN-fetal-late",-0.0969282944969771,"LateFetal"
"TTAACCAAGGCTGTCA-2","female","EN-fetal-late",0.158817117832052,"LateFetal"
"TTAACCAAGTAGCTTA-2","female","EN-fetal-late",-0.0309843916302599,"LateFetal"
"TTAACTGAGCTCGCTT-2","female","EN-fetal-late",-0.934243317926737,"LateFetal"
"TTAACTGAGCTTAGTA-2","female","IN-fetal",0.248056372661063,"LateFetal"
"TTAACTGAGTAACAGG-2","female","EN-fetal-late",0.0615857639099213,"LateFetal"
"TTAACTGAGTTAGCCG-2","female","EN-fetal-late",0.544965032634532,"LateFetal"
"TTAAGCCAGCGGATTT-2","female","EN-fetal-late",-0.164190642746982,"LateFetal"
"TTAAGCCAGTGGCGGA-2","female","IN-fetal",-0.460771630695715,"LateFetal"
"TTAAGGACAAGCTACC-2","female","Microglia",-0.276984590726463,"LateFetal"
"TTAAGGACAATATACC-2","female","EN-fetal-late",0.207714972542324,"LateFetal"
"TTAAGGACACCTATAG-2","female","EN-fetal-late",-1.04871801998415,"LateFetal"
"TTAAGGACACGAATCC-2","female","EN-fetal-late",-1.09679899496731,"LateFetal"
"TTAAGGTGTACTTCAC-2","female","EN-fetal-late",0.908358640967291,"LateFetal"
"TTAAGTGTCCTTAGTT-2","female","IN-fetal",0.278468396393148,"LateFetal"
"TTAAGTGTCTAAGGAG-2","female","EN-fetal-late",0.21610761570452,"LateFetal"
"TTAATCGAGCTGAGGG-2","female","EN-fetal-late",-0.433465360322646,"LateFetal"
"TTAATCGAGTGGACAA-2","female","EN-fetal-late",-0.404702278533119,"LateFetal"
"TTAATCGAGTTGTCTT-2","female","EN-fetal-late",0.867687469225871,"LateFetal"
"TTACACCGTGGTTCCC-2","female","IN-fetal",-0.55659538742865,"LateFetal"
"TTACACCGTTAGGCTA-2","female","EN-fetal-late",0.751597708447319,"LateFetal"
"TTACACCGTTGTTGTC-2","female","EN-fetal-late",-0.451881926563555,"LateFetal"
"TTACAGCAGAACCTGT-2","female","EN-fetal-late",-0.517659141840074,"LateFetal"
"TTACAGCAGCACGATT-2","female","EN-fetal-late",-0.668786321902133,"LateFetal"
"TTACAGCAGCAGCTCA-2","female","EN-fetal-late",-0.663503616594999,"LateFetal"
"TTACAGCAGCCTTAAA-2","female","EN-fetal-late",-0.50596449507885,"LateFetal"
"TTACAGCAGCTCCTAC-2","female","EN-fetal-late",-0.392249219451875,"LateFetal"
"TTACAGCAGTGACCTG-2","female","EN-fetal-late",-0.0501206496247157,"LateFetal"
"TTACCGTGTCATGAGC-2","female","EN-fetal-late",0.568234997508532,"LateFetal"
"TTACCGTGTTTAAAGC-2","female","EN-fetal-late",0.0250411153886072,"LateFetal"
"TTACCTGTCACACAGT-2","female","EN-fetal-late",0.0968408080836382,"LateFetal"
"TTACCTGTCGGTTCCT-2","female","EN-fetal-late",-0.95543056669725,"LateFetal"
"TTACGTTTCAGGAACA-2","female","EN-fetal-late",-0.353563309363251,"LateFetal"
"TTACGTTTCCTCATGC-2","female","IN-fetal",-0.112533506542808,"LateFetal"
"TTACGTTTCTAAGTCA-2","female","EN-fetal-late",-0.47171712415485,"LateFetal"
"TTACGTTTCTTGAGGT-2","female","EN-fetal-late",0.0426790688797433,"LateFetal"
"TTAGAAGCAATCCTGA-2","female","EN-fetal-late",-1.09398334877448,"LateFetal"
"TTAGAAGCACCTGCTC-2","female","EN-fetal-late",0.0176640895236395,"LateFetal"
"TTAGAAGCAGTTGCGT-2","female","EN-fetal-late",0.290795111597813,"LateFetal"
"TTAGAAGCATGCAACC-2","female","EN-fetal-late",0.0665367808755828,"LateFetal"
"TTAGACTCAAACTGTT-2","female","EN-fetal-late",-0.486369271772297,"LateFetal"
"TTAGACTCAGGCTAGA-2","female","EN-fetal-late",-0.0531475143091446,"LateFetal"
"TTAGACTCAGTACCGT-2","female","EN-fetal-late",0.0557107375893107,"LateFetal"
"TTAGACTCATGCTATG-2","female","IN-fetal",-1.13973346121553,"LateFetal"
"TTAGCAATCGGCTATG-2","female","EN-fetal-late",0.394431035255309,"LateFetal"
"TTAGCAGGTTGCACAA-2","female","EN-fetal-late",0.0172109434232188,"LateFetal"
"TTAGCAGGTTGTTGTC-2","female","EN-fetal-late",0.00602348668744395,"LateFetal"
"TTAGCCTGTTGTTCAC-2","female","EN-fetal-late",0.357151654311654,"LateFetal"
"TTAGCCTGTTTATCTG-2","female","EN-fetal-late",-0.174512316554876,"LateFetal"
"TTAGCTGCAGCATGTC-2","female","EN-fetal-late",0.558573438598186,"LateFetal"
"TTAGCTGCATTGTGCA-2","female","EN-fetal-late",-0.55552745018443,"LateFetal"
"TTAGGAACACTAAATC-2","female","EN-fetal-late",0.0338712298452174,"LateFetal"
"TTAGGAACAGCTAATT-2","female","EN-fetal-late",-0.917907298688409,"LateFetal"
"TTAGGAACATCAATCG-2","female","IN-fetal",-0.2290775957657,"LateFetal"
"TTAGGATGTCTCAGCC-2","female","EN-fetal-late",0.0533620302538762,"LateFetal"
"TTAGGATGTTCGGTAA-2","female","EN-fetal-late",-0.190231109220978,"LateFetal"
"TTAGGATGTTGTGACA-2","female","EN-fetal-late",-1.78693627124848,"LateFetal"
"TTAGGCCCAAGGTACG-2","female","IN-fetal",0.977515343995785,"LateFetal"
"TTAGGCCCACAGGATG-2","female","EN-fetal-late",1.87451122359587,"LateFetal"
"TTAGGCCCATGAAATG-2","female","EN-fetal-late",-0.494085658892779,"LateFetal"
"TTAGGCCCATTCCTCG-2","female","IN-fetal",-0.296108493157931,"LateFetal"
"TTAGGCGTCCGGTATG-2","female","EN-fetal-late",-1.15906586356655,"LateFetal"
"TTAGGCGTCTACCTCA-2","female","EN-fetal-late",0.85382220266875,"LateFetal"
"TTAGGCGTCTCGCCCA-2","female","EN-fetal-late",0.275795819119308,"LateFetal"
"TTAGGCTAGCAACATC-2","female","EN-fetal-late",-0.417019974123594,"LateFetal"
"TTAGGCTAGCTTAGCG-2","female","IN-fetal",-0.166985343883261,"LateFetal"
"TTAGGCTAGGTCTTGG-2","female","EN-fetal-late",-0.308809086611637,"LateFetal"
"TTAGGCTAGTTCCTCA-2","female","EN-fetal-late",0.498467085214484,"LateFetal"
"TTAGTCAAGCACAGGG-2","female","EN-fetal-late",0.281679200274356,"LateFetal"
"TTAGTCAAGGCTCATG-2","female","EN-fetal-late",-0.364559825937562,"LateFetal"
"TTATAGCCAACTGGGA-2","female","EN-fetal-late",0.392131027525438,"LateFetal"
"TTATAGCCAGCAACCT-2","female","IN-CGE",0.0183592265450593,"LateFetal"
"TTATAGCCATAGACCC-2","female","EN-fetal-late",-0.654801345970673,"LateFetal"
"TTATCCGTCCATTACT-2","female","EN-fetal-late",0.252307901539831,"LateFetal"
"TTATCCGTCCTAGTCC-2","female","EN-fetal-late",0.873080970629403,"LateFetal"
"TTATCCGTCGAGGAAC-2","female","EN-fetal-late",-0.495957924501698,"LateFetal"
"TTATCCTAGCCTGGTA-2","female","IN-fetal",-0.582574168984352,"LateFetal"
"TTATCCTAGGATAAAC-2","female","EN-fetal-late",-0.0263416095949948,"LateFetal"
"TTATGACCAAGCCACT-2","female","EN-fetal-late",-0.585370522330978,"LateFetal"
"TTATGACCAAGCTAAA-2","female","EN-fetal-late",-0.521457911715225,"LateFetal"
"TTATGCGCAGACAAAC-2","female","IN-fetal",-0.152907892174702,"LateFetal"
"TTATTGCTCATTGCGG-2","female","IN-fetal",-0.174477608236206,"LateFetal"
"TTATTGCTCCCGAAGC-2","female","EN-fetal-late",-1.05477314060288,"LateFetal"
"TTATTGCTCGAGGAAC-2","female","EN-fetal-late",-0.385617547538872,"LateFetal"
"TTATTGCTCTCGCCCA-2","female","EN-fetal-late",-1.19758612539181,"LateFetal"
"TTATTGCTCTTGACCC-2","female","EN-fetal-late",0.272542864816159,"LateFetal"
"TTCAACCGTGAGCACT-2","female","IN-fetal",0.680308119728151,"LateFetal"
"TTCACTGTCATGACCG-2","female","EN-fetal-late",-0.820079840241834,"LateFetal"
"TTCACTGTCCTTCTAG-2","female","EN-fetal-late",0.146096555837122,"LateFetal"
"TTCACTGTCGTCAAGT-2","female","EN",0.161310490026374,"LateFetal"
"TTCACTGTCTCATCAT-2","female","EN-fetal-late",-0.000230888466414745,"LateFetal"
"TTCAGCACAATCCTGA-2","female","EN-fetal-late",0.166989337136483,"LateFetal"
"TTCAGCACAGAGGGAG-2","female","EN-fetal-late",-0.698024390044209,"LateFetal"
"TTCAGGTAGCGGGCAA-2","female","EN-fetal-late",-1.00795131735736,"LateFetal"
"TTCAGGTAGGAATAAC-2","female","EN-fetal-late",0.286437373478313,"LateFetal"
"TTCAGGTAGGCGCTAC-2","female","EN-fetal-late",-0.307257759586234,"LateFetal"
"TTCAGGTAGGTAACGA-2","female","EN-fetal-late",-1.86780303159086,"LateFetal"
"TTCATCCCAGTATGTT-2","female","EN-fetal-late",0.717614639084196,"LateFetal"
"TTCATCCCATTGTCAG-2","female","EN-fetal-late",-0.0769258358542263,"LateFetal"
"TTCATTCAGGCGCTAC-2","female","EN-fetal-late",-0.303606922170245,"LateFetal"
"TTCATTCAGGGCTTAT-2","female","RG",-0.265288177301645,"LateFetal"
"TTCATTCAGTCATGCG-2","female","IN-fetal",-0.160832004976575,"LateFetal"
"TTCCACGGTTGGCCGA-2","female","EN-fetal-late",-0.955368812344619,"LateFetal"
"TTCCCACAGCAAGGAC-2","female","EN-fetal-late",-0.336664600916386,"LateFetal"
"TTCCCGCCAAACATAG-2","female","EN-fetal-late",-0.406831410158266,"LateFetal"
"TTCCCGCCACAGACTC-2","female","EN-fetal-late",-0.498726964873149,"LateFetal"
"TTCCCGCCAGGCCATT-2","female","EN-fetal-late",-0.126424713122201,"LateFetal"
"TTCCCGCCATAGGCGA-2","female","EN-fetal-late",0.585812255363866,"LateFetal"
"TTCCTCAAGTCAATCA-2","female","EN-fetal-late",-0.0734929006880374,"LateFetal"
"TTCCTCAAGTCAATTG-2","female","EN-fetal-late",0.55789181908612,"LateFetal"
"TTCCTCAAGTTAGTGC-2","female","IN-fetal",1.32101088935761,"LateFetal"
"TTCCTTCTCCGGTATG-2","female","IN-fetal",-0.898379741204515,"LateFetal"
"TTCCTTGAGCACAGCC-2","female","IN-fetal",-0.161295287394393,"LateFetal"
"TTCCTTGAGCTAAAGG-2","female","EN-fetal-late",0.531592353695647,"LateFetal"
"TTCCTTGAGCTCCTAC-2","female","EN-fetal-late",-0.310879111364361,"LateFetal"
"TTCCTTGAGGCACAGG-2","female","EN-fetal-late",-0.405080637161089,"LateFetal"
"TTCCTTGAGTTATTCC-2","female","IN-fetal",0.833665723832413,"LateFetal"
"TTCGCAACAATATGGA-2","female","EN-fetal-late",-0.311428633916896,"LateFetal"
"TTCGCAACACAGGGAC-2","female","EN-fetal-late",-0.402238195538894,"LateFetal"
"TTCGCAACATCCTAGA-2","female","EN-fetal-late",0.234189955764296,"LateFetal"
"TTCGCAACATTAAGTC-2","female","EN-fetal-late",-0.187655730067899,"LateFetal"
"TTCGGTACAACCCTCC-2","female","IN-fetal",1.01912295279564,"LateFetal"
"TTCGGTACAAGGGTTG-2","female","EN-fetal-late",-0.315010441760052,"LateFetal"
"TTCGGTACACTCGCTC-2","female","IN-fetal",0.156675173889505,"LateFetal"
"TTCGGTACAGCTAATT-2","female","EN-fetal-late",-0.647981518582536,"LateFetal"
"TTCGGTACATACCCGG-2","female","EN-fetal-late",-0.096275962712685,"LateFetal"
"TTCGTGCTCAGCCAAT-2","female","EN-fetal-late",-1.77582434145583,"LateFetal"
"TTCGTGCTCCACCTGT-2","female","RG",-0.088018793628762,"LateFetal"
"TTCGTGCTCGCACACA-2","female","IN-fetal",0.521509120071501,"LateFetal"
"TTCGTGCTCTAACCTT-2","female","EN-fetal-late",-0.260841512641639,"LateFetal"
"TTCGTGCTCTTAGTCT-2","female","EN-fetal-late",-0.255371763452921,"LateFetal"
"TTCGTTAGTCGCGCAA-2","female","IN-fetal",0.0605963696783996,"LateFetal"
"TTCGTTAGTGATGATT-2","female","EN-fetal-late",-0.812127298845559,"LateFetal"
"TTCGTTAGTGTGTGGT-2","female","EN-fetal-late",0.947715747589137,"LateFetal"
"TTCGTTAGTTAAGCCA-2","female","IN-fetal",-1.26737105221538,"LateFetal"
"TTCTTAGGTTGCGCGA-2","female","EN-fetal-late",-1.45346088679983,"LateFetal"
"TTCTTAGGTTGGATAT-2","female","EN-fetal-late",-0.254131380900978,"LateFetal"
"TTCTTAGGTTGTTGGA-2","female","EN-fetal-late",-0.0208042637997254,"LateFetal"
"TTGACATCAACTGGGA-2","female","RG",0.299660306160918,"LateFetal"
"TTGACGTAGTGAGCAA-2","female","EN-fetal-late",-0.257722537223921,"LateFetal"
"TTGACTAAGCAAACCT-2","female","EN-fetal-late",0.193364699030015,"LateFetal"
"TTGACTAAGCCGCAAC-2","female","EN-fetal-late",-1.05012605449722,"LateFetal"
"TTGACTAAGGCAGGTG-2","female","EN-fetal-late",0.372839972118455,"LateFetal"
"TTGACTAAGTTAGTTG-2","female","EN-fetal-late",0.141221080908521,"LateFetal"
"TTGAGGCGTCTTTATG-2","female","EN-fetal-late",0.914472577126831,"LateFetal"
"TTGAGGCGTGTGAGAG-2","female","EN-fetal-late",-1.16732751202998,"LateFetal"
"TTGATGTCAAAGGCCA-2","female","EN-fetal-late",0.246082701846109,"LateFetal"
"TTGATGTCAAATACCT-2","female","EN-fetal-late",-0.723750256068383,"LateFetal"
"TTGATGTCACTCAACA-2","female","OPC",0.374173231999689,"LateFetal"
"TTGATGTCACTGGCTG-2","female","EN-fetal-late",0.125844887014302,"LateFetal"
"TTGCAACAGGCGCATC-2","female","IN-fetal",0.3744601455492,"LateFetal"
"TTGCAACAGTTATGGC-2","female","EN-fetal-late",-0.0111952205842413,"LateFetal"
"TTGCAAGGTACTTAGG-2","female","EN-fetal-late",-0.485123825971539,"LateFetal"
"TTGCAAGGTGGGTACT-2","female","IN-fetal",0.201948469984255,"LateFetal"
"TTGCAATCACAGAAAC-2","female","EN-fetal-late",-0.476121078247862,"LateFetal"
"TTGCAATCACCTGCTC-2","female","EN-fetal-late",-0.970524164857485,"LateFetal"
"TTGCAATCACGGTTTA-2","female","EN-fetal-late",0.212972426904852,"LateFetal"
"TTGCAATCAGCTTAAT-2","female","EN-fetal-late",-0.036324907124173,"LateFetal"
"TTGCATTTCCTGATGG-2","female","EN-fetal-late",-0.57872560155603,"LateFetal"
"TTGCATTTCGGTTAGT-2","female","EN-fetal-late",-1.21024741727765,"LateFetal"
"TTGCATTTCGTCCTTA-2","female","EN-fetal-late",0.505481521350923,"LateFetal"
"TTGCATTTCTCAATTC-2","female","EN-fetal-late",-0.863410121073874,"LateFetal"
"TTGCATTTCTCACTCA-2","female","EN-fetal-late",0.161443747333095,"LateFetal"
"TTGCCCGTCACGTTAA-2","female","EN-fetal-late",0.64366215211344,"LateFetal"
"TTGCCCGTCAGTATTG-2","female","EN-fetal-late",-0.366550609474088,"LateFetal"
"TTGCCCGTCCCGTTGT-2","female","EN-fetal-late",0.641892267232281,"LateFetal"
"TTGCCCGTCCTCCATA-2","female","IN-fetal",-0.49808798983865,"LateFetal"
"TTGCCCGTCGGTCAGC-2","female","EN-fetal-late",-0.0391151349211669,"LateFetal"
"TTGCGAGTCATCCTCA-2","female","IN-fetal",-0.520178369755516,"LateFetal"
"TTGCGTCTCAATGTCA-2","female","EN-fetal-late",-0.192766815616212,"LateFetal"
"TTGCTCTCAATCCTGA-2","female","EN-fetal-late",-1.32408767986152,"LateFetal"
"TTGCTCTCACAATGTT-2","female","EN-fetal-late",-0.76829744017237,"LateFetal"
"TTGCTCTCAGTCTAAT-2","female","EN-fetal-late",0.735369919813556,"LateFetal"
"TTGCTCTCATAATGTC-2","female","EN-fetal-late",-1.10784304842111,"LateFetal"
"TTGCTTAGTGATCAGC-2","female","IN-fetal",0.904542701568592,"LateFetal"
"TTGCTTAGTGGCTTCC-2","female","EN-fetal-late",0.625375754241019,"LateFetal"
"TTGCTTTAGCAGGCCT-2","female","EN-fetal-late",0.301121432348863,"LateFetal"
"TTGGAGGCAATCCCTT-2","female","EN-fetal-late",0.0621851051935305,"LateFetal"
"TTGGAGGCAATTAAGG-2","female","EN-fetal-late",0.412810695968354,"LateFetal"
"TTGGATATCCCTGGTT-2","female","EN-fetal-late",0.63638466240337,"LateFetal"
"TTGGATCAGATGCCTG-2","female","EN-fetal-late",-1.03069234236842,"LateFetal"
"TTGGATCAGGCCCAGT-2","female","EN-fetal-late",0.255069809894734,"LateFetal"
"TTGGATCAGGTGTCCA-2","female","EN-fetal-late",0.553794933324118,"LateFetal"
"TTGGATCAGTCGCTAG-2","female","IN-fetal",-0.109354274867947,"LateFetal"
"TTGGATCAGTTAGTGC-2","female","IN-fetal",-0.474305735620408,"LateFetal"
"TTGGATTCACCTGGTG-2","female","EN-fetal-late",-0.66320869145744,"LateFetal"
"TTGGCGGGTAGCCTCC-2","female","EN-fetal-late",0.109306594800013,"LateFetal"
"TTGGCGGGTCATCCTG-2","female","IN-fetal",-0.0460651111410273,"LateFetal"
"TTGGCGGGTTATTGCC-2","female","EN-fetal-late",-1.21847596441173,"LateFetal"
"TTGGCTACAAACTGTT-2","female","EN-fetal-late",-1.46512947432959,"LateFetal"
"TTGGCTACAAGGTCCT-2","female","EN-fetal-late",-0.647543048011397,"LateFetal"
"TTGGCTACACGAATTT-2","female","EN-fetal-late",0.617730363648482,"LateFetal"
"TTGGGCCAGCTAATTG-2","female","EN-fetal-late",-0.330125540353782,"LateFetal"
"TTGGGCGGTGAAACAA-2","female","EN-fetal-late",-0.571110041643217,"LateFetal"
"TTGGGCGGTTAAGCGC-2","female","EN-fetal-late",-0.584631380568728,"LateFetal"
"TTGGGTTAGAGGCTAA-2","female","IN-fetal",-0.642085554907034,"LateFetal"
"TTGGGTTAGCGCTAAT-2","female","EN-fetal-late",-1.06358004382195,"LateFetal"
"TTGGTGAGTCGTAATG-2","female","EN-fetal-late",-0.602492514179798,"LateFetal"
"TTGTAAGTCCCGCCTA-2","female","OPC",0.437576079886882,"LateFetal"
"TTGTCCATCCGGTTGA-2","female","IN-fetal",0.666849326351028,"LateFetal"
"TTGTCCCAGCACTTGG-2","female","EN-fetal-late",-0.886012562131984,"LateFetal"
"TTGTCCCAGCTCGCTT-2","female","EN-fetal-late",0.611247683361623,"LateFetal"
"TTGTCCCAGTCATCCC-2","female","IN-fetal",0.833065578572448,"LateFetal"
"TTGTCCCAGTGCACGC-2","female","IN-fetal",-0.0511200378028301,"LateFetal"
"TTGTCCGGTAAGTCGC-2","female","IN-fetal",0.279410585692625,"LateFetal"
"TTGTCCGGTGTTGCTT-2","female","IN-fetal",0.657914069509565,"LateFetal"
"TTGTCCGGTTTCAGGA-2","female","EN-fetal-late",-0.522277915887143,"LateFetal"
"TTGTGAGGTAAGGTCC-2","female","EN-fetal-late",0.159130262665568,"LateFetal"
"TTGTGAGGTGTTAGCA-2","female","IN-fetal",-1.12884123681617,"LateFetal"
"TTGTGAGGTTAAGTGT-2","female","EN-fetal-late",1.21751645018194,"LateFetal"
"TTGTGAGGTTAATGCG-2","female","EN-fetal-late",-0.623713112670034,"LateFetal"
"TTGTGAGGTTCAAGCA-2","female","IN-fetal",-0.527382761151875,"LateFetal"
"TTGTGAGGTTGGCCGA-2","female","EN-fetal-late",0.398590194427213,"LateFetal"
"TTGTGCCTCAGGAAGC-2","female","EN-fetal-late",-1.38963547208227,"LateFetal"
"TTGTGCCTCAGTATTG-2","female","EN-fetal-late",0.163789905180149,"LateFetal"
"TTGTGCCTCCAATTAG-2","female","IN-fetal",0.285726907026588,"LateFetal"
"TTGTGCGAGACAACGA-2","female","EN-fetal-late",0.982327994648756,"LateFetal"
"TTGTGCGAGTGCTGTG-2","female","EN-fetal-late",-0.0492797412833894,"LateFetal"
"TTGTGTGCATCCCGCT-2","female","IN-fetal",-0.44297342619332,"LateFetal"
"TTGTTCCCAGTTTACG-2","female","IN-fetal",-0.174411434421001,"LateFetal"
"TTGTTCCCATTAAACC-2","female","EN-fetal-late",0.339625578444089,"LateFetal"
"TTGTTGCGTATGGTGC-2","female","EN-fetal-late",-0.700029843546482,"LateFetal"
"TTGTTGCGTATTGGAT-2","female","EN-fetal-late",-0.174411100642539,"LateFetal"
"TTGTTGCGTTACATCC-2","female","EN-fetal-late",-1.03535124573575,"LateFetal"
"TTGTTGTTCTCAATTC-2","female","EN-fetal-late",-1.63037513843876,"LateFetal"
"TTTAACGAGTTCCCGT-2","female","EN-fetal-late",0.755398162454237,"LateFetal"
"TTTAAGCCAACCTAAT-2","female","EN-fetal-late",0.0976142398860956,"LateFetal"
"TTTAAGGTCAAACACC-2","female","EN-fetal-late",0.347909791200295,"LateFetal"
"TTTAAGGTCCACCTTA-2","female","IN-fetal",1.01512036971501,"LateFetal"
"TTTACGAAGCATTATG-2","female","EN-fetal-late",0.550827550267309,"LateFetal"
"TTTACGAAGGAAACTG-2","female","EN-fetal-late",-1.03147350696707,"LateFetal"
"TTTACGAAGGCACAGG-2","female","EN-fetal-late",0.34945336297784,"LateFetal"
"TTTACGAAGGTCCACA-2","female","EN-fetal-late",-0.354930759056685,"LateFetal"
"TTTACGAAGTATTGCA-2","female","IN-fetal",-0.511403100049897,"LateFetal"
"TTTACGCGTTGCTGGG-2","female","IN-fetal",-0.458578197016402,"LateFetal"
"TTTAGCAAGATGGACA-2","female","EN-fetal-late",1.19081005893289,"LateFetal"
"TTTAGCAAGCATTATG-2","female","EN-fetal-late",-1.56475558004122,"LateFetal"
"TTTAGCAAGGTCAAAG-2","female","EN-fetal-late",-0.744235151537653,"LateFetal"
"TTTAGCAAGTATTGTG-2","female","EN-fetal-late",-0.978818040824647,"LateFetal"
"TTTAGCTTCAATTACG-2","female","EN-fetal-late",-0.0896565904823129,"LateFetal"
"TTTAGCTTCAGCTAAC-2","female","IN-fetal",0.164050272509183,"LateFetal"
"TTTAGCTTCCCTGTTA-2","female","EN-fetal-late",-0.62417863845887,"LateFetal"
"TTTAGCTTCCGGAACC-2","female","IN-fetal",0.453677287566015,"LateFetal"
"TTTAGCTTCCTGATTT-2","female","EN-fetal-late",-0.745544258429442,"LateFetal"
"TTTAGGATCTGGTCCT-2","female","EN-fetal-late",-0.772281030924007,"LateFetal"
"TTTATGGAGGAACACA-2","female","EN-fetal-late",0.0841079967318222,"LateFetal"
"TTTCACCCAAATTCGT-2","female","EN-fetal-late",-0.09083806974234,"LateFetal"
"TTTCACCCAACTAGGG-2","female","EN-fetal-late",0.550821242998229,"LateFetal"
"TTTCAGTTCATGGCCA-2","female","EN-fetal-late",-0.322811431091469,"LateFetal"
"TTTCAGTTCGTTTCCA-2","female","EN-fetal-late",-1.02667557965032,"LateFetal"
"TTTCAGTTCGTTTCGC-2","female","EN-fetal-late",1.00978468962485,"LateFetal"
"TTTCATCAGAACAAGT-2","female","EN-fetal-late",0.997417852106746,"LateFetal"
"TTTCATCAGTCATTTC-2","female","EN-fetal-late",0.381020493483457,"LateFetal"
"TTTCATCAGTTTGAGC-2","female","EN-fetal-late",0.332433114532479,"LateFetal"
"TTTCCACCAATACTGT-2","female","IN-fetal",0.0100625343814707,"LateFetal"
"TTTCCGGGTGGTTCTT-2","female","EN-fetal-late",-0.00496275347185492,"LateFetal"
"TTTCCGGGTGTAATAC-2","female","EN-fetal-late",-1.82071630910866,"LateFetal"
"TTTCCTGAGTTGCCTC-2","female","EN-fetal-late",-0.19419641542928,"LateFetal"
"TTTCGTCCACGGTACT-2","female","EN-fetal-late",-0.7002415458853,"LateFetal"
"TTTCGTCCAGGATTAA-2","female","EN-fetal-late",-0.503817736821543,"LateFetal"
"TTTCTCACAATCCCTT-2","female","EN-fetal-late",-0.810547219654339,"LateFetal"
"TTTCTCACACATTAAC-2","female","EN-fetal-late",-1.4596276697034,"LateFetal"
"TTTCTCACAGTTTCTC-2","female","EN-fetal-late",1.1039572169165,"LateFetal"
"TTTCTCACATCCCGCT-2","female","EN-fetal-late",-0.677784405698473,"LateFetal"
"TTTCTCACATGCTTAG-2","female","IN-fetal",0.338786273575346,"LateFetal"
"TTTGACCGTGAATCGC-2","female","EN-fetal-late",0.118668537572157,"LateFetal"
"TTTGACCGTTTATCTG-2","female","EN-fetal-late",-1.07884775619981,"LateFetal"
"TTTGACTTCAGGGCCT-2","female","IN-fetal",0.237760400041609,"LateFetal"
"TTTGACTTCCTAAGAC-2","female","EN-fetal-late",-0.295182134399932,"LateFetal"
"TTTGACTTCGGGCCAT-2","female","EN-fetal-late",-0.340563579330465,"LateFetal"
"TTTGAGTCACACAATT-2","female","EN-fetal-late",1.62698664461354,"LateFetal"
"TTTGAGTCACCTGCTC-2","female","EN-fetal-late",-0.723347094109098,"LateFetal"
"TTTGAGTCAGTAATAG-2","female","IN-fetal",-0.289642752667038,"LateFetal"
"TTTGCATTCAGCCAAT-2","female","EN-fetal-late",0.585163257370243,"LateFetal"
"TTTGCATTCCCGTTAC-2","female","IN-fetal",0.137218626156821,"LateFetal"
"TTTGCATTCCTGGTGA-2","female","EN-fetal-late",0.468737430041688,"LateFetal"
"TTTGCATTCCTTAAGA-2","female","IN-fetal",0.0748320645789348,"LateFetal"
"TTTGCGACAAGGTGGC-2","female","EN-fetal-late",-0.496345273665613,"LateFetal"
"TTTGCGACACAACAAA-2","female","EN-fetal-late",1.1438235231662,"LateFetal"
"TTTGCGACACATGCTA-2","female","EN-fetal-late",-0.394963953262806,"LateFetal"
"TTTGCGGAGTTTGGTA-2","female","EN-fetal-late",-0.0448484952377304,"LateFetal"
"TTTGGCTGTACGGGTT-2","female","IN-fetal",0.863316625128246,"LateFetal"
"TTTGGCTGTTCAAGAT-2","female","EN-fetal-late",-0.365732178625524,"LateFetal"
"TTTGGTAAGGTAAGCA-2","female","EN-fetal-late",0.141633717551731,"LateFetal"
"TTTGGTAAGTTATCCT-2","female","EN-fetal-late",0.0735651128492416,"LateFetal"
"TTTGGTGCACCTCGCT-2","female","EN-fetal-late",-0.766559178874981,"LateFetal"
"TTTGGTGCAGGCTGTT-2","female","EN-fetal-late",-0.151273066411208,"LateFetal"
"TTTGGTGCAGGTTCAC-2","female","EN-fetal-late",0.459419869699858,"LateFetal"
"TTTGTCCCACCAGGTT-2","female","IN-fetal",0.360740487522465,"LateFetal"
"TTTGTCCCACTTCATC-2","female","IN-fetal",-0.959755507350636,"LateFetal"
"TTTGTCCCAGCAATAA-2","female","RG",0.267562647021285,"LateFetal"
"TTTGTCCCATGAATAG-2","female","EN-fetal-late",0.0898491143291295,"LateFetal"
"TTTGTCTAGCACAGGG-2","female","IN-fetal",-0.819551615436043,"LateFetal"
"TTTGTCTAGCCGCTTT-2","female","IN-fetal",0.432839953034541,"LateFetal"
"TTTGTCTAGGGTTATC-2","female","EN-fetal-late",0.04266090888006,"LateFetal"
"TTTGTCTAGTTTGGGT-2","female","EN-fetal-late",-0.733900790479695,"LateFetal"
"TTTGTGAAGATAGACG-2","female","EN-fetal-late",-0.369703198922532,"LateFetal"
"TTTGTGAAGCTGTAAC-2","female","IN-fetal",1.13691645430682,"LateFetal"
"TTTGTGAAGGACCTCA-2","female","IN-fetal",-0.824749606312939,"LateFetal"
"TTTGTGAAGTCCTTCA-2","female","IN-fetal",-1.07445592733354,"LateFetal"
"TTTGTGGCAAGGGTTG-2","female","EN-fetal-late",-0.188165393561986,"LateFetal"
"TTTGTGGCAATTGAGA-2","female","EN-fetal-late",0.284763621286255,"LateFetal"
"TTTGTGTTCACAGCGC-2","female","EN-fetal-late",-0.397466063308219,"LateFetal"
"TTTGTGTTCACATTGA-2","female","EN-fetal-late",-0.555671573634485,"LateFetal"
"TTTGTGTTCATGTCAA-2","female","IN-fetal",1.93677725253957,"LateFetal"
"TTTGTGTTCCTCACTA-2","female","EN-fetal-late",0.454041202865788,"LateFetal"
"TTTGTGTTCCTGATGG-2","female","EN-fetal-late",-0.173394265103374,"LateFetal"
"TTTGTGTTCCTGGCTT-2","female","IN-fetal",0.404720238851709,"LateFetal"
"TTTGTGTTCCTTAGGG-2","female","EN-fetal-late",-0.710872950154645,"LateFetal"
"TTTGTGTTCGAGGAAC-2","female","EN-fetal-late",-0.131735769672193,"LateFetal"
"TTTGTTGGTGACATAT-2","female","EN-fetal-late",0.210739021596593,"LateFetal"
