"Term","Overlap","P.value","Adjusted.P.value","Old.P.value","Old.Adjusted.P.value","Odds.Ratio","Combined.Score","Genes"
"Cholesterol Biosynthetic Process (GO:0006695)","6/25",2.6367825772512e-08,2.80026309704077e-05,0,0,43.1869328493648,753.660403330879,"NSDHL;INSIG1;SC5D;MSMO1;DHCR7;FDFT1"
"Sterol Biosynthetic Process (GO:0016126)","6/28",5.50545014894279e-08,2.92339402908862e-05,0,0,37.2921630094044,623.336349446222,"SQLE;NSDHL;INSIG1;MSMO1;DHCR7;FDFT1"
"Secondary Alcohol Biosynthetic Process (GO:1902653)","5/24",8.68934464387639e-07,0.000307602800393224,0,0,35.7426099495314,498.823797599066,"NSDHL;INSIG1;MSMO1;DHCR7;FDFT1"
"Cholesterol Metabolic Process (GO:0008203)","6/67",1.14464817672152e-05,0.00303904090919564,0,0,13.4231769361221,152.726600331336,"SQLE;NSDHL;INSIG1;MSMO1;DHCR7;FDFT1"
"Skin Morphogenesis (GO:0043589)","3/8",2.29781344763939e-05,0.00488055576278607,0,0,80.4486486486486,859.269399153499,"COL1A1;COL1A2;ITGB4"
"2-Oxoglutarate Metabolic Process (GO:0006103)","3/14",0.000144466570673242,0.0224308064158304,0,0,36.5565110565111,323.249575296553,"GPT2;IDH1;D2HGDH"
"Supramolecular Fiber Organization (GO:0097435)","10/316",0.000147849006507357,0.0224308064158304,0,0,4.52950447318407,39.9471450026514,"COL1A1;CCDC88B;COL1A2;COL2A1;RUFY3;TRPV4;NCKAP5L;MYO6;FGF13;THSD4"
"Regulation Of Receptor Recycling (GO:0001919)","3/17",0.000265432439027062,0.0352361562808424,0,0,28.7186293436293,236.473508030469,"LDLR;OPTN;TBC1D16"
"Positive Regulation Of Developmental Growth (GO:0048639)","4/50",0.000548944651631729,0.0592459551715638,0,0,11.7142857142857,87.9451515622053,"RNF157;SHTN1;RUFY3;PLCB1"
"Mitochondrial Protein Catabolic Process (GO:0035694)","2/5",0.000557871517623011,0.0592459551715638,0,0,88.7964205816555,665.207895910229,"BNIP3;SFI1"
"Memory (GO:0007613)","4/58",0.000965167043620802,0.0907976491218536,0,0,9.9748047367095,69.2571577059369,"VLDLR;PLCB1;FGF13;LDLR"
"Microtubule Polymerization Or Depolymerization (GO:0031109)","3/27",0.00108031945395455,0.0907976491218536,0,0,16.7440878378378,114.370466707594,"NCKAP5L;TRPV4;FGF13"
"SREBP Signaling Pathway (GO:0032933)","2/7",0.00115995013717531,0.0907976491218536,0,0,53.2724832214765,360.088864942475,"SREBF1;INSIG1"
"Extracellular Structure Organization (GO:0043062)","5/109",0.00142814499796693,0.0907976491218536,0,0,6.50190990516333,42.5964752390271,"COL1A1;COL1A2;MMP28;THSD4;MATN2"
"External Encapsulating Structure Organization (GO:0045229)","5/110",0.0014871861644366,0.0907976491218536,0,0,6.43966079582518,41.9277905809495,"COL1A1;COL1A2;MMP28;THSD4;MATN2"
"Negative Regulation Of Membrane Potential (GO:0045837)","2/8",0.00153894320545515,0.0907976491218536,0,0,44.3914988814318,287.508615329609,"BNIP3;RNF122"
"Regulation Of Fertilization (GO:0080154)","2/8",0.00153894320545515,0.0907976491218536,0,0,44.3914988814318,287.508615329609,"LHFPL2;PLCB1"
"Cellular Response To Sterol Depletion (GO:0071501)","2/8",0.00153894320545515,0.0907976491218536,0,0,44.3914988814318,287.508615329609,"SREBF1;INSIG1"
"Skin Development (GO:0043588)","4/68",0.0017478266601889,0.0976943112168746,0,0,8.41198979591837,53.4109380355096,"COL1A1;SPRR3;COL1A2;ITGB4"
"Phospholipid Metabolic Process (GO:0006644)","4/69",0.00184462514891435,0.0979495954073518,0,0,8.2821559392988,52.1401403927794,"PLB1;FADS1;PLCD1;FDFT1"
"Extracellular Matrix Organization (GO:0030198)","6/176",0.00221859881925965,0.10953349490785,0,0,4.79002028397566,29.2712364938117,"COL1A1;COL1A2;COL2A1;MMP28;THSD4;MATN2"
"Sterol Homeostasis (GO:0055092)","4/73",0.00226905545006846,0.10953349490785,0,0,7.80045351473923,47.4922159312653,"ABCA2;INSIG1;ABCD1;LDLR"
"Positive Regulation Of Lymphocyte Proliferation (GO:0050671)","4/74",0.00238482080951814,0.110116508682968,0,0,7.68862973760933,46.4288001087679,"VAV3;CCDC88B;NFATC2;CD276"
"Positive Regulation Of Triglyceride Biosynthetic Process (GO:0010867)","2/11",0.00297829635762794,0.128503374681806,0,0,29.5898583146905,172.106565349503,"SREBF1;LDLR"
"Response To Insulin (GO:0032868)","4/79",0.00302503236068282,0.128503374681806,0,0,7.17424036281179,41.6165737605465,"INSIG1;TRIB3;KHK;PCK2"
"Odontogenesis (GO:0042476)","3/39",0.00315944230876521,0.129051066611871,0,0,11.1559684684685,64.2289238496593,"BMP4;COL1A1;COL1A2"
"Phosphatidylcholine Acyl-Chain Remodeling (GO:0036151)","2/12",0.00355630068546026,0.134885404569957,0,0,26.6295302013423,150.164837065968,"LPCAT3;PLB1"
"Lipid Droplet Formation (GO:0140042)","2/12",0.00355630068546026,0.134885404569957,0,0,26.6295302013423,150.164837065968,"SQLE;SFI1"
"Collagen Fibril Organization (GO:0030199)","3/42",0.00390385653453113,0.142961918609381,0,0,10.2962577962578,57.1008872247295,"COL1A1;COL1A2;COL2A1"
"Substrate-Dependent Cell Migration (GO:0006929)","2/13",0.00418215088324861,0.148048141267001,0,0,24.2074435631483,132.582464177256,"SHTN1;ITGA11"
"Cellular Response To Ketone (GO:1901655)","3/44",0.00445453298926436,0.152603678535443,0,0,9.79301252471984,53.0177348849999,"GNG2;CFTR;PCK2"
"Ras Protein Signal Transduction (GO:0007265)","5/144",0.00476728974916139,0.158214428550294,0,0,4.85611510791367,25.9606812414809,"SHTN1;ADGRG1;COL1A2;RALGDS;CTNNAL1"
"Secondary Alcohol Metabolic Process (GO:1902652)","3/47",0.00536479243340183,0.169143664202623,0,0,9.12392506142506,47.6989458643165,"SQLE;NSDHL;IDH1"
"Regulation Of Cholesterol Biosynthetic Process (GO:0045540)","2/15",0.00557441454528419,0.169143664202623,0,0,20.4811564274652,106.288353619024,"SREBF1;LPCAT3"
"Negative Regulation Of Type I Interferon-Mediated Signaling Pathway (GO:0060339)","2/15",0.00557441454528419,0.169143664202623,0,0,20.4811564274652,106.288353619024,"STAT2;ISG15"
"Regulation Of Triglyceride Biosynthetic Process (GO:0010866)","2/16",0.00633936175467468,0.173705121752529,0,0,19.0172579098754,96.2459084071374,"SREBF1;LDLR"
"Regulation Of Mitochondrion Organization (GO:0010821)","3/50",0.00637900164627931,0.173705121752529,0,0,8.54025301897642,43.168789936074,"SREBF1;STAT2;SFI1"
"Dicarboxylic Acid Metabolic Process (GO:0043648)","3/50",0.00637900164627931,0.173705121752529,0,0,8.54025301897642,43.168789936074,"GPT2;IDH1;D2HGDH"
"Steroid Biosynthetic Process (GO:0006694)","3/50",0.00637900164627931,0.173705121752529,0,0,8.54025301897642,43.168789936074,"SQLE;MSMO1;FDFT1"
"Rho Protein Signal Transduction (GO:0007266)","3/52",0.00711432446047932,0.176569161260151,0,0,8.19084390512962,40.5090061869156,"SHTN1;COL1A2;CTNNAL1"
"Cartilage Development (GO:0051216)","3/52",0.00711432446047932,0.176569161260151,0,0,8.19084390512962,40.5090061869156,"BMP4;COL2A1;TRPV4"
"Regulation Of Establishment Of Cell Polarity (GO:2000114)","2/17",0.00714922216025095,0.176569161260151,0,0,17.7485458612975,87.6911584379309,"SHTN1;RUFY3"
"Carboxylic Acid Biosynthetic Process (GO:0046394)","2/17",0.00714922216025095,0.176569161260151,0,0,17.7485458612975,87.6911584379309,"CASP1;FADS1"
"Regulation Of Establishment Or Maintenance Of Cell Polarity (GO:0032878)","2/18",0.00800328318349721,0.184771450888566,0,0,16.6384228187919,80.3286984894071,"SHTN1;RUFY3"
"Icosanoid Biosynthetic Process (GO:0046456)","2/18",0.00800328318349721,0.184771450888566,0,0,16.6384228187919,80.3286984894071,"CASP1;FADS1"
"Positive Regulation Of Triglyceride Metabolic Process (GO:0090208)","2/18",0.00800328318349721,0.184771450888566,0,0,16.6384228187919,80.3286984894071,"SREBF1;LDLR"
"Chondroitin Sulfate Proteoglycan Biosynthetic Process (GO:0050650)","2/19",0.00890084032335911,0.189053848468147,0,0,15.6589024871694,73.9352241263973,"PXYLP1;CHST3"
"Positive Regulation Of Axon Extension (GO:0045773)","2/19",0.00890084032335911,0.189053848468147,0,0,15.6589024871694,73.9352241263973,"SHTN1;RUFY3"
"Receptor Clustering (GO:0043113)","2/19",0.00890084032335911,0.189053848468147,0,0,15.6589024871694,73.9352241263973,"MAGI2;NRXN2"
"Multicellular Organismal-Level Water Homeostasis (GO:0050891)","2/19",0.00890084032335911,0.189053848468147,0,0,15.6589024871694,73.9352241263973,"TRPV4;CFTR"
"Sterol Metabolic Process (GO:0016125)","3/60",0.0105447208022081,0.219578303763628,0,0,7.03840682788051,32.0397424665505,"SQLE;NSDHL;MSMO1"
"Negative Regulation Of Axonogenesis (GO:0050771)","2/22",0.011847562817635,0.241963686775545,0,0,13.3080536912752,59.0296434755712,"RUFY3;FGF13"
"Receptor-Mediated Endocytosis (GO:0006898)","4/122",0.0137972004558024,0.27566698343575,0,0,4.54998270494639,19.4888934770656,"MAGI2;ACKR3;VLDLR;LDLR"
"Regulation Of Microtubule Depolymerization (GO:0031114)","2/24",0.0140169652594449,0.27566698343575,0,0,12.0970103721782,51.6238330355296,"TRPV4;FGF13"
"Response To Zinc Ion (GO:0010043)","2/25",0.0151611466696487,0.276032730960393,0,0,11.5704697986577,48.4689208776624,"D2HGDH;KHK"
"Regulation Of Actin Filament-Based Process (GO:0032970)","3/70",0.015973712441124,0.276032730960393,0,0,5.98487293263413,24.7582874651221,"DAAM2;ARHGEF19;IQGAP2"
"Lipid Biosynthetic Process (GO:0008610)","3/71",0.0165880282333748,0.276032730960393,0,0,5.89656200317965,24.1704442004266,"SREBF1;FADS1;FDFT1"
"Cholesterol Homeostasis (GO:0042632)","3/72",0.0172154559803256,0.276032730960393,0,0,5.81081081081081,23.6032095799713,"ABCA2;INSIG1;LDLR"
"Regulation Of Mitochondrial Fission (GO:0090140)","2/27",0.0175652188917839,0.276032730960393,0,0,10.6437583892617,43.0203102029462,"BNIP3;STAT2"
"Negative Regulation Of Signaling (GO:0023057)","2/28",0.0188238316322663,0.276032730960393,0,0,10.2338668043366,40.6553823696224,"LDLR;OPTN"
"Cell-Substrate Junction Assembly (GO:0007044)","2/28",0.0188238316322663,0.276032730960393,0,0,10.2338668043366,40.6553823696224,"ITGB4;TESK2"
"Cellular Response To Osmotic Stress (GO:0071470)","2/28",0.0188238316322663,0.276032730960393,0,0,10.2338668043366,40.6553823696224,"TRPV4;CASP1"
"Organic Cyclic Compound Biosynthetic Process (GO:1901362)","2/29",0.0201193223078025,0.276032730960393,0,0,9.85433755903555,38.4917778050494,"GCH1;FDFT1"
"Positive Regulation Of B Cell Proliferation (GO:0030890)","2/29",0.0201193223078025,0.276032730960393,0,0,9.85433755903555,38.4917778050494,"VAV3;NFATC2"
"Lipid Droplet Organization (GO:0034389)","2/29",0.0201193223078025,0.276032730960393,0,0,9.85433755903555,38.4917778050494,"SQLE;SFI1"
"Modified Amino Acid Transport (GO:0072337)","2/29",0.0201193223078025,0.276032730960393,0,0,9.85433755903555,38.4917778050494,"SLC7A11;SLC16A9"
"Protein Localization To Organelle (GO:0033365)","4/137",0.0202436984966041,0.276032730960393,0,0,4.03375786404787,15.7312995664585,"BMP4;COL1A1;ISG15;OPTN"
"Actin Filament Organization (GO:0007015)","4/144",0.0237919144481427,0.276032730960393,0,0,3.83070942662779,14.3207604551495,"RUFY3;TRPV4;MYO6;GAS2"
"Gluconeogenesis (GO:0006094)","2/32",0.0242208896516864,0.276032730960393,0,0,8.8675615212528,32.9921156523245,"SLC25A1;PCK2"
"Calcium Ion Transmembrane Import Into Cytosol (GO:0097553)","3/83",0.0249867476247193,0.276032730960393,0,0,5.00903716216216,18.4803902420242,"TRPV4;PLCB1;PLCD1"
"Regulation Of Intracellular Signal Transduction (GO:1902531)","6/297",0.0254387768078324,0.276032730960393,0,0,2.78108780661216,10.2107099931699,"VAV3;ARHGEF9;ARHGEF19;AKAP7;OPTN;MAP2K6"
"Regulation Of Type I Interferon-Mediated Signaling Pathway (GO:0060338)","2/33",0.0256577553021246,0.276032730960393,0,0,8.5810781554449,31.4317118557699,"STAT2;ISG15"
"Positive Regulation Of Reproductive Process (GO:2000243)","2/33",0.0256577553021246,0.276032730960393,0,0,8.5810781554449,31.4317118557699,"LHFPL2;PLCB1"
"Inositol Lipid-Mediated Signaling (GO:0048017)","2/33",0.0256577553021246,0.276032730960393,0,0,8.5810781554449,31.4317118557699,"PLCB1;PLCD1"
"Defense Response To Symbiont (GO:0140546)","4/148",0.0259784397032743,0.276032730960393,0,0,3.72354497354497,13.5927574615585,"BNIP3;STAT2;CASP1;ISG15"
"Skeletal System Development (GO:0001501)","4/149",0.0265433315970318,0.276032730960393,0,0,3.69767769176636,13.4187862866082,"COL1A1;WWOX;COL1A2;COL2A1"
"Integrin-Mediated Signaling Pathway (GO:0007229)","3/85",0.0265712683306921,0.276032730960393,0,0,4.88637112722479,17.7273869207166,"ITGB4;ITGA11;ISG15"
"Microtubule Polymerization (GO:0046785)","2/34",0.0271284657872327,0.276032730960393,0,0,8.3125,29.9846147922069,"TRPV4;FGF13"
"Hexose Biosynthetic Process (GO:0019319)","2/35",0.0286324354029753,0.276032730960393,0,0,8.06019930852146,28.6396218821215,"SLC25A1;PCK2"
"Regulation Of Axon Extension (GO:0030516)","2/35",0.0286324354029753,0.276032730960393,0,0,8.06019930852146,28.6396218821215,"SHTN1;RUFY3"
"Cellular Response To Peptide Hormone Stimulus (GO:0071375)","3/89",0.0298982154288772,0.276032730960393,0,0,4.65815524827153,16.3499222218989,"INSIG1;TRIB3;PCK2"
"Sensory Perception Of Mechanical Stimulus (GO:0050954)","3/89",0.0298982154288772,0.276032730960393,0,0,4.65815524827153,16.3499222218989,"COL1A1;COL2A1;CDC14A"
"Regulation Of Intracellular Protein Transport (GO:0033157)","2/36",0.0301690852559183,0.276032730960393,0,0,7.82273983418871,27.3869235975442,"BMP4;RUFY3"
"Negative Regulation Of Sequestering Of Calcium Ion (GO:0051283)","2/36",0.0301690852559183,0.276032730960393,0,0,7.82273983418871,27.3869235975442,"PLCB1;PLCD1"
"Histone Deacetylation (GO:0016575)","2/36",0.0301690852559183,0.276032730960393,0,0,7.82273983418871,27.3869235975442,"HDAC11;MTA3"
"Regulation Of Actin Cytoskeleton Organization (GO:0032956)","3/91",0.0316403592067982,0.276032730960393,0,0,4.5518273955774,15.7189246985785,"DAAM2;ARHGEF19;IQGAP2"
"Positive Regulation Of Exocytosis (GO:0045921)","2/37",0.031737843212735,0.276032730960393,0,0,7.59884947267498,26.2178963343116,"RAB3D;CFTR"
"Sensory Perception Of Sound (GO:0007605)","3/92",0.0325310201313106,0.276032730960393,0,0,4.50045551169147,15.4165856899283,"COL1A1;COL2A1;CDC14A"
"Positive Regulation Of Axonogenesis (GO:0050772)","2/38",0.0333381437910954,0.276032730960393,0,0,7.38739746457867,25.1249308878376,"SHTN1;RUFY3"
"Positive Regulation Of Bone Mineralization (GO:0030501)","2/38",0.0333381437910954,0.276032730960393,0,0,7.38739746457867,25.1249308878376,"BMP4;ISG15"
"Carboxylic Acid Transmembrane Transport (GO:1905039)","2/39",0.034969428132088,0.276032730960393,0,0,7.18737529475785,24.1012895989696,"SLC7A11;SLC16A9"
"Release Of Sequestered Calcium Ion Into Cytosol (GO:0051209)","2/39",0.034969428132088,0.276032730960393,0,0,7.18737529475785,24.1012895989696,"PLCB1;PLCD1"
"Positive Regulation Of Lipid Biosynthetic Process (GO:0046889)","2/39",0.034969428132088,0.276032730960393,0,0,7.18737529475785,24.1012895989696,"SREBF1;LDLR"
"Nucleic Acid-Templated Transcription (GO:0097659)","2/40",0.0366311439147678,0.276032730960393,0,0,6.99788060755917,23.140986789809,"TCEANC;TCEA2"
"Water-Soluble Vitamin Metabolic Process (GO:0006767)","2/40",0.0366311439147678,0.276032730960393,0,0,6.99788060755917,23.140986789809,"BTD;ABCD1"
"Protein Deacetylation (GO:0006476)","2/40",0.0366311439147678,0.276032730960393,0,0,6.99788060755917,23.140986789809,"HDAC11;MTA3"
"Regulation Of Enamel Mineralization (GO:0070173)","1/5",0.0371877191337034,0.276032730960393,0,0,33.075,108.875514452474,"CFTR"
"ISG15-protein Conjugation (GO:0032020)","1/5",0.0371877191337034,0.276032730960393,0,0,33.075,108.875514452474,"ISG15"
"Adenylate Cyclase-Activating Dopamine Receptor Signaling Pathway (GO:0007191)","1/5",0.0371877191337034,0.276032730960393,0,0,33.075,108.875514452474,"GNG2"
"Regulation Of Mast Cell Chemotaxis (GO:0060753)","1/5",0.0371877191337034,0.276032730960393,0,0,33.075,108.875514452474,"VEGFB"
"Aromatic Compound Biosynthetic Process (GO:0019438)","1/5",0.0371877191337034,0.276032730960393,0,0,33.075,108.875514452474,"GCH1"
"Notochord Development (GO:0030903)","1/5",0.0371877191337034,0.276032730960393,0,0,33.075,108.875514452474,"COL2A1"
"Blood Vessel Endothelial Cell Proliferation Involved In Sprouting Angiogenesis (GO:0002043)","1/5",0.0371877191337034,0.276032730960393,0,0,33.075,108.875514452474,"BMP4"
"Nucleotide-Binding Domain, Leucine Rich Repeat Containing Receptor Signaling Pathway (GO:0035872)","1/5",0.0371877191337034,0.276032730960393,0,0,33.075,108.875514452474,"MAP2K6"
"Osmosensory Signaling Pathway (GO:0007231)","1/5",0.0371877191337034,0.276032730960393,0,0,33.075,108.875514452474,"TRPV4"
"Regulation Of Protein Targeting (GO:1903533)","1/5",0.0371877191337034,0.276032730960393,0,0,33.075,108.875514452474,"SREBF1"
"Regulation Of Superoxide Metabolic Process (GO:0090322)","1/5",0.0371877191337034,0.276032730960393,0,0,33.075,108.875514452474,"GCH1"
"Regulation Of Thymocyte Apoptotic Process (GO:0070243)","1/5",0.0371877191337034,0.276032730960393,0,0,33.075,108.875514452474,"BMP4"
"Podocyte Cell Migration (GO:0090521)","1/5",0.0371877191337034,0.276032730960393,0,0,33.075,108.875514452474,"DAAM2"
"Cerebral Cortex Cell Migration (GO:0021795)","1/5",0.0371877191337034,0.276032730960393,0,0,33.075,108.875514452474,"FGF13"
"Regulation Of Voltage-Gated Sodium Channel Activity (GO:1905150)","1/5",0.0371877191337034,0.276032730960393,0,0,33.075,108.875514452474,"FGF13"
"Cholesterol Import (GO:0070508)","1/5",0.0371877191337034,0.276032730960393,0,0,33.075,108.875514452474,"LDLR"
"Response To Catecholamine (GO:0071869)","1/5",0.0371877191337034,0.276032730960393,0,0,33.075,108.875514452474,"GNG2"
"Response To Manganese Ion (GO:0010042)","1/5",0.0371877191337034,0.276032730960393,0,0,33.075,108.875514452474,"D2HGDH"
"Positive Regulation Of Cholesterol Biosynthetic Process (GO:0045542)","1/5",0.0371877191337034,0.276032730960393,0,0,33.075,108.875514452474,"SREBF1"
"Short-Chain Fatty Acid Catabolic Process (GO:0019626)","1/5",0.0371877191337034,0.276032730960393,0,0,33.075,108.875514452474,"PCK2"
"Telencephalon Cell Migration (GO:0022029)","1/5",0.0371877191337034,0.276032730960393,0,0,33.075,108.875514452474,"FGF13"
"Hepatocyte Differentiation (GO:0070365)","1/5",0.0371877191337034,0.276032730960393,0,0,33.075,108.875514452474,"PCK2"
"Vocal Learning (GO:0042297)","1/5",0.0371877191337034,0.276032730960393,0,0,33.075,108.875514452474,"NRXN2"
"Positive Regulation Of Protein Catabolic Process In The Vacuole (GO:1904352)","1/5",0.0371877191337034,0.276032730960393,0,0,33.075,108.875514452474,"LDLR"
"Imitative Learning (GO:0098596)","1/5",0.0371877191337034,0.276032730960393,0,0,33.075,108.875514452474,"NRXN2"
"Inner Ear Auditory Receptor Cell Differentiation (GO:0042491)","1/5",0.0371877191337034,0.276032730960393,0,0,33.075,108.875514452474,"MYO6"
"Positive Regulation Of Sterol Biosynthetic Process (GO:0106120)","1/5",0.0371877191337034,0.276032730960393,0,0,33.075,108.875514452474,"SREBF1"
"Postsynaptic Density Assembly (GO:0097107)","1/5",0.0371877191337034,0.276032730960393,0,0,33.075,108.875514452474,"NRXN2"
"Protection From Natural Killer Cell Mediated Cytotoxicity (GO:0042270)","1/5",0.0371877191337034,0.276032730960393,0,0,33.075,108.875514452474,"SERPINB9"
"Pteridine-Containing Compound Metabolic Process (GO:0042558)","1/5",0.0371877191337034,0.276032730960393,0,0,33.075,108.875514452474,"GCH1"
"Purine Deoxyribonucleotide Catabolic Process (GO:0009155)","1/5",0.0371877191337034,0.276032730960393,0,0,33.075,108.875514452474,"NUDT18"
"Negative Regulation Of Astrocyte Differentiation (GO:0048712)","1/5",0.0371877191337034,0.276032730960393,0,0,33.075,108.875514452474,"LDLR"
"Negative Regulation Of Cellular Extravasation (GO:0002692)","1/5",0.0371877191337034,0.276032730960393,0,0,33.075,108.875514452474,"PLCB1"
"Positive Regulation Of Ossification (GO:0045778)","2/41",0.0383227452881805,0.276032730960393,0,0,6.81810359662709,22.2386881864329,"BMP4;ISG15"
"Cellular Response To Insulin Stimulus (GO:0032869)","3/99",0.0391285681862098,0.276032730960393,0,0,4.17081925675676,13.517218283636,"INSIG1;TRIB3;PCK2"
"Organic Hydroxy Compound Biosynthetic Process (GO:1901617)","2/42",0.0400436928300115,0.276032730960393,0,0,6.64731543624161,21.3896259201919,"SQLE;MSMO1"
"Lipid Modification (GO:0030258)","2/42",0.0400436928300115,0.276032730960393,0,0,6.64731543624161,21.3896259201919,"DGKG;LPCAT3"
"Positive Regulation Of Biomineral Tissue Development (GO:0070169)","2/43",0.0417934534349371,0.276032730960393,0,0,6.48485840563104,20.5895263948424,"BMP4;ISG15"
"Regulation Of B Cell Proliferation (GO:0030888)","2/44",0.0435715003112439,0.276032730960393,0,0,6.33013742409716,19.8345487893648,"VAV3;NFATC2"
"Negative Regulation Of Lipoprotein Particle Clearance (GO:0010985)","1/6",0.0444587497780508,0.276032730960393,0,0,26.4586666666667,82.3709488470273,"LDLR"
"Regulation Of Intestinal Cholesterol Absorption (GO:0030300)","1/6",0.0444587497780508,0.276032730960393,0,0,26.4586666666667,82.3709488470273,"LPCAT3"
"Cellular Hypotonic Response (GO:0071476)","1/6",0.0444587497780508,0.276032730960393,0,0,26.4586666666667,82.3709488470273,"TRPV4"
"Podocyte Development (GO:0072015)","1/6",0.0444587497780508,0.276032730960393,0,0,26.4586666666667,82.3709488470273,"MAGI2"
"Cellular Response To Monoamine Stimulus (GO:0071868)","1/6",0.0444587497780508,0.276032730960393,0,0,26.4586666666667,82.3709488470273,"GNG2"
"Cellular Response To Prostaglandin E Stimulus (GO:0071380)","1/6",0.0444587497780508,0.276032730960393,0,0,26.4586666666667,82.3709488470273,"GNG2"
"Regulation Of Vascular Associated Smooth Muscle Cell Differentiation (GO:1905063)","1/6",0.0444587497780508,0.276032730960393,0,0,26.4586666666667,82.3709488470273,"NFATC2"
"Clathrin-Coated Vesicle Cargo Loading (GO:0035652)","1/6",0.0444587497780508,0.276032730960393,0,0,26.4586666666667,82.3709488470273,"AP3M2"
"Clathrin-Coated Vesicle Cargo Loading, AP-3-mediated (GO:0035654)","1/6",0.0444587497780508,0.276032730960393,0,0,26.4586666666667,82.3709488470273,"AP3M2"
"Delamination (GO:0060232)","1/6",0.0444587497780508,0.276032730960393,0,0,26.4586666666667,82.3709488470273,"TRPV4"
"Development Of Primary Female Sexual Characteristics (GO:0046545)","1/6",0.0444587497780508,0.276032730960393,0,0,26.4586666666667,82.3709488470273,"LHFPL2"
"Substrate-Dependent Cell Migration, Cell Extension (GO:0006930)","1/6",0.0444587497780508,0.276032730960393,0,0,26.4586666666667,82.3709488470273,"SHTN1"
"Synaptic Vesicle Budding From Presynaptic Endocytic Zone Membrane (GO:0016185)","1/6",0.0444587497780508,0.276032730960393,0,0,26.4586666666667,82.3709488470273,"AP3M2"
"Glomerular Epithelial Cell Development (GO:0072310)","1/6",0.0444587497780508,0.276032730960393,0,0,26.4586666666667,82.3709488470273,"MAGI2"
"Positive Regulation Of Mitophagy In Response To Mitochondrial Depolarization (GO:0098779)","1/6",0.0444587497780508,0.276032730960393,0,0,26.4586666666667,82.3709488470273,"OPTN"
"Hypotonic Response (GO:0006971)","1/6",0.0444587497780508,0.276032730960393,0,0,26.4586666666667,82.3709488470273,"TRPV4"
"Inner Ear Receptor Cell Differentiation (GO:0060113)","1/6",0.0444587497780508,0.276032730960393,0,0,26.4586666666667,82.3709488470273,"MYO6"
"Lymphoid Progenitor Cell Differentiation (GO:0002320)","1/6",0.0444587497780508,0.276032730960393,0,0,26.4586666666667,82.3709488470273,"BMP4"
"Positive Regulation Of Cell Growth (GO:0030307)","3/106",0.0463521553412098,0.276032730960393,0,0,3.88598792967725,11.9357632991715,"RNF157;SHTN1;RUFY3"
"B Cell Receptor Signaling Pathway (GO:0050853)","2/46",0.0472103766409808,0.276032730960393,0,0,6.04179377669311,18.4464517156266,"VAV3;NFATC2"
"Response To Glucose (GO:0009749)","2/46",0.0472103766409808,0.276032730960393,0,0,6.04179377669311,18.4464517156266,"KHK;PCK2"
"Glycerophospholipid Biosynthetic Process (GO:0046474)","3/108",0.0485289085909444,0.276032730960393,0,0,3.81158301158301,11.5323088086489,"DGKG;LPCAT3;SFI1"
"Lipid Transport (GO:0006869)","3/108",0.0485289085909444,0.276032730960393,0,0,3.81158301158301,11.5323088086489,"ABCA2;CRABP1;LDLR"
"Cell-Matrix Adhesion (GO:0007160)","3/109",0.0496358443753256,0.276032730960393,0,0,3.77543345232024,11.3377853666986,"ITGB4;ITGA11;TESK2"
"Cellular Response To Mechanical Stimulus (GO:0071260)","2/48",0.0509562306081698,0.276032730960393,0,0,5.77852348993289,17.2014407584835,"BNIP3;CASP1"
"Cytoplasmic Microtubule Organization (GO:0031122)","2/48",0.0509562306081698,0.276032730960393,0,0,5.77852348993289,17.2014407584835,"CCDC88B;TRPV4"
"Regulation Of Collateral Sprouting (GO:0048670)","1/7",0.0516752333003701,0.276032730960393,0,0,22.0477777777778,65.322641375359,"FGF13"
"Negative Regulation Of Intracellular Transport (GO:0032387)","1/7",0.0516752333003701,0.276032730960393,0,0,22.0477777777778,65.322641375359,"INSIG1"
"Regulation Of Establishment Of Protein Localization To Mitochondrion (GO:1903747)","1/7",0.0516752333003701,0.276032730960393,0,0,22.0477777777778,65.322641375359,"SREBF1"
"Negative Regulation Of Microglial Cell Activation (GO:1903979)","1/7",0.0516752333003701,0.276032730960393,0,0,22.0477777777778,65.322641375359,"LDLR"
"Negative Regulation Of Mitochondrial Fusion (GO:0010637)","1/7",0.0516752333003701,0.276032730960393,0,0,22.0477777777778,65.322641375359,"BNIP3"
"Negative Regulation Of Mitochondrial Membrane Potential (GO:0010917)","1/7",0.0516752333003701,0.276032730960393,0,0,22.0477777777778,65.322641375359,"RNF122"
"Negative Regulation Of Vascular Associated Smooth Muscle Cell Differentiation (GO:1905064)","1/7",0.0516752333003701,0.276032730960393,0,0,22.0477777777778,65.322641375359,"NFATC2"
"Regulation Of Triglyceride Metabolic Process (GO:0090207)","1/7",0.0516752333003701,0.276032730960393,0,0,22.0477777777778,65.322641375359,"SREBF1"
"Coronary Vasculature Development (GO:0060976)","1/7",0.0516752333003701,0.276032730960393,0,0,22.0477777777778,65.322641375359,"BMP4"
"Sialylation (GO:0097503)","1/7",0.0516752333003701,0.276032730960393,0,0,22.0477777777778,65.322641375359,"ST6GAL1"
"Establishment Of Centrosome Localization (GO:0051660)","1/7",0.0516752333003701,0.276032730960393,0,0,22.0477777777778,65.322641375359,"PARD3B"
"Sulfur Amino Acid Transport (GO:0000101)","1/7",0.0516752333003701,0.276032730960393,0,0,22.0477777777778,65.322641375359,"SLC7A11"
"Taurine Metabolic Process (GO:0019530)","1/7",0.0516752333003701,0.276032730960393,0,0,22.0477777777778,65.322641375359,"CSAD"
"Fructose Metabolic Process (GO:0006000)","1/7",0.0516752333003701,0.276032730960393,0,0,22.0477777777778,65.322641375359,"KHK"
"Terpenoid Metabolic Process (GO:0006721)","1/7",0.0516752333003701,0.276032730960393,0,0,22.0477777777778,65.322641375359,"FDFT1"
"Tooth Mineralization (GO:0034505)","1/7",0.0516752333003701,0.276032730960393,0,0,22.0477777777778,65.322641375359,"COL1A1"
"Hair Cell Differentiation (GO:0035315)","1/7",0.0516752333003701,0.276032730960393,0,0,22.0477777777778,65.322641375359,"MYO6"
"Positive Regulation Of Tooth Mineralization (GO:0070172)","1/7",0.0516752333003701,0.276032730960393,0,0,22.0477777777778,65.322641375359,"CFTR"
"Postsynaptic Density Organization (GO:0097106)","1/7",0.0516752333003701,0.276032730960393,0,0,22.0477777777778,65.322641375359,"NRXN2"
"Postsynaptic Membrane Assembly (GO:0097104)","1/7",0.0516752333003701,0.276032730960393,0,0,22.0477777777778,65.322641375359,"NRXN2"
"Mitochondrial Outer Membrane Permeabilization (GO:0097345)","1/7",0.0516752333003701,0.276032730960393,0,0,22.0477777777778,65.322641375359,"BNIP3"
"Purine-Containing Compound Metabolic Process (GO:0072521)","1/7",0.0516752333003701,0.276032730960393,0,0,22.0477777777778,65.322641375359,"MACROD2"
"Myeloid Leukocyte Mediated Immunity (GO:0002444)","1/7",0.0516752333003701,0.276032730960393,0,0,22.0477777777778,65.322641375359,"SERPINB9"
"Regulation Of Cardiac Muscle Cell Action Potential Involved In Regulation Of Contraction (GO:0098909)","1/7",0.0516752333003701,0.276032730960393,0,0,22.0477777777778,65.322641375359,"FGF13"
"Positive Regulation Of Cell Death (GO:0010942)","2/50",0.0548050675108287,0.276032730960393,0,0,5.53719239373602,16.0798550835806,"BMP4;BNIP3"
"Pyruvate Metabolic Process (GO:0006090)","2/50",0.0548050675108287,0.276032730960393,0,0,5.53719239373602,16.0798550835806,"SRR;PCK2"
"Defense Response To Virus (GO:0051607)","4/189",0.0552502996472588,0.276032730960393,0,0,2.89229637801066,8.37574761732725,"STAT2;BNIP3;CASP1;ISG15"
"Endocytosis (GO:0006897)","4/189",0.0552502996472588,0.276032730960393,0,0,2.89229637801066,8.37574761732725,"AP3M2;MYO6;VLDLR;LDLR"
"Regulation Of Cytoskeleton Organization (GO:0051493)","3/114",0.0553538883264247,0.276032730960393,0,0,3.60445580715851,10.4313252842049,"DAAM2;ARHGEF19;IQGAP2"
"SMAD Protein Signal Transduction (GO:0060395)","2/51",0.0567668821335295,0.276032730960393,0,0,5.42391453225586,15.5601378577582,"BMP4;MAGI2"
"Protein Localization To Membrane (GO:0072657)","4/192",0.0578854805386895,0.276032730960393,0,0,2.84570849616442,8.10824504382675,"RAB3D;MAGI2;NRXN2;FGF13"
"Negative Regulation Of Innate Immune Response (GO:0045824)","2/52",0.0587529872131469,0.276032730960393,0,0,5.3151677852349,15.0653821615813,"STAT2;ISG15"
"Positive Regulation Of B Cell Activation (GO:0050871)","2/52",0.0587529872131469,0.276032730960393,0,0,5.3151677852349,15.0653821615813,"VAV3;NFATC2"
"Sprouting Angiogenesis (GO:0002040)","2/52",0.0587529872131469,0.276032730960393,0,0,5.3151677852349,15.0653821615813,"BMP4;VEGFB"
"Icosanoid Metabolic Process (GO:0006690)","2/52",0.0587529872131469,0.276032730960393,0,0,5.3151677852349,15.0653821615813,"CASP1;FADS1"
"Cdc42 Protein Signal Transduction (GO:0032488)","1/8",0.0588375757844604,0.276032730960393,0,0,18.8971428571429,53.5351254287696,"SHTN1"
"Golgi Ribbon Formation (GO:0090161)","1/8",0.0588375757844604,0.276032730960393,0,0,18.8971428571429,53.5351254287696,"OPTN"
"Negative Regulation Of Mitotic Nuclear Division (GO:0045839)","1/8",0.0588375757844604,0.276032730960393,0,0,18.8971428571429,53.5351254287696,"BMP4"
"Regulation Of Generation Of Precursor Metabolites And Energy (GO:0043467)","1/8",0.0588375757844604,0.276032730960393,0,0,18.8971428571429,53.5351254287696,"KHK"
"Regulation Of Lysosomal Protein Catabolic Process (GO:1905165)","1/8",0.0588375757844604,0.276032730960393,0,0,18.8971428571429,53.5351254287696,"LDLR"
"Negative Regulation Of Smooth Muscle Cell Differentiation (GO:0051151)","1/8",0.0588375757844604,0.276032730960393,0,0,18.8971428571429,53.5351254287696,"NFATC2"
"Negative Regulation Of Triglyceride Metabolic Process (GO:0090209)","1/8",0.0588375757844604,0.276032730960393,0,0,18.8971428571429,53.5351254287696,"SREBF1"
"Auditory Behavior (GO:0031223)","1/8",0.0588375757844604,0.276032730960393,0,0,18.8971428571429,53.5351254287696,"NRXN2"
"Bone Resorption (GO:0045453)","1/8",0.0588375757844604,0.276032730960393,0,0,18.8971428571429,53.5351254287696,"RAB3D"
"p38MAPK Cascade (GO:0038066)","1/8",0.0588375757844604,0.276032730960393,0,0,18.8971428571429,53.5351254287696,"MAP2K6"
"Regulation Of Sterol Biosynthetic Process (GO:0106118)","1/8",0.0588375757844604,0.276032730960393,0,0,18.8971428571429,53.5351254287696,"LPCAT3"
"Cobalamin Transport (GO:0015889)","1/8",0.0588375757844604,0.276032730960393,0,0,18.8971428571429,53.5351254287696,"ABCD1"
"Collagen-Activated Signaling Pathway (GO:0038065)","1/8",0.0588375757844604,0.276032730960393,0,0,18.8971428571429,53.5351254287696,"ITGA11"
"Response To Magnesium Ion (GO:0032026)","1/8",0.0588375757844604,0.276032730960393,0,0,18.8971428571429,53.5351254287696,"D2HGDH"
"Positive Regulation Of Mitochondrial Membrane Permeability Involved In Apoptotic Process (GO:1902110)","1/8",0.0588375757844604,0.276032730960393,0,0,18.8971428571429,53.5351254287696,"BNIP3"
"Tricarboxylic Acid Metabolic Process (GO:0072350)","1/8",0.0588375757844604,0.276032730960393,0,0,18.8971428571429,53.5351254287696,"IDH1"
"Unsaturated Fatty Acid Biosynthetic Process (GO:0006636)","1/8",0.0588375757844604,0.276032730960393,0,0,18.8971428571429,53.5351254287696,"FADS1"
"Interleukin-12-Mediated Signaling Pathway (GO:0035722)","1/8",0.0588375757844604,0.276032730960393,0,0,18.8971428571429,53.5351254287696,"PLCB1"
"Positive Regulation Of Tumor Necrosis Factor-Mediated Signaling Pathway (GO:1903265)","1/8",0.0588375757844604,0.276032730960393,0,0,18.8971428571429,53.5351254287696,"CASP1"
"Learned Vocalization Behavior Or Vocal Learning (GO:0098598)","1/8",0.0588375757844604,0.276032730960393,0,0,18.8971428571429,53.5351254287696,"NRXN2"
"Mesodermal Cell Differentiation (GO:0048333)","1/8",0.0588375757844604,0.276032730960393,0,0,18.8971428571429,53.5351254287696,"ITGB4"
"Mitochondrial Fragmentation Involved In Apoptotic Process (GO:0043653)","1/8",0.0588375757844604,0.276032730960393,0,0,18.8971428571429,53.5351254287696,"BNIP3"
"Modification-Dependent Macromolecule Catabolic Process (GO:0043632)","1/8",0.0588375757844604,0.276032730960393,0,0,18.8971428571429,53.5351254287696,"ISG15"
"Regulation Of Small GTPase Mediated Signal Transduction (GO:0051056)","3/118",0.0601447984229657,0.276032730960393,0,0,3.47837837837838,9.77772272447438,"VAV3;ARHGEF9;ARHGEF19"
"Cellular Response To Alcohol (GO:0097306)","2/53",0.0607629097057215,0.276032730960393,0,0,5.21068561652849,14.5939617275076,"GNG2;CFTR"
"Regulation Of Exocytosis (GO:0017157)","2/54",0.0627961822314957,0.276032730960393,0,0,5.11022199277233,14.1443841543602,"RAB3D;CFTR"
"Negative Regulation Of Neuron Projection Development (GO:0010977)","2/54",0.0627961822314957,0.276032730960393,0,0,5.11022199277233,14.1443841543602,"RUFY3;TRPV4"
"Regulation Of Myoblast Differentiation (GO:0045661)","2/54",0.0627961822314957,0.276032730960393,0,0,5.11022199277233,14.1443841543602,"BMP4;PLCB1"
"Endoplasmic Reticulum Organization (GO:0007029)","2/54",0.0627961822314957,0.276032730960393,0,0,5.11022199277233,14.1443841543602,"SHTN1;LPCAT3"
"Phosphatidylcholine Metabolic Process (GO:0046470)","2/55",0.0648523430181792,0.276032730960393,0,0,5.01354944915791,13.7152776407441,"LPCAT3;PLB1"
"Response To Peptide Hormone (GO:0043434)","2/55",0.0648523430181792,0.276032730960393,0,0,5.01354944915791,13.7152776407441,"STAT2;KHK"
"Regulation Of Cellular Response To Oxidative Stress (GO:1900407)","1/9",0.0659461803962854,0.276032730960393,0,0,16.5341666666667,44.9550155571087,"GCH1"
"Negative Regulation Of Protein Exit From Endoplasmic Reticulum (GO:0070862)","1/9",0.0659461803962854,0.276032730960393,0,0,16.5341666666667,44.9550155571087,"INSIG1"
"Alpha-Linolenic Acid Metabolic Process (GO:0036109)","1/9",0.0659461803962854,0.276032730960393,0,0,16.5341666666667,44.9550155571087,"FADS1"
"Amino Sugar Metabolic Process (GO:0006040)","1/9",0.0659461803962854,0.276032730960393,0,0,16.5341666666667,44.9550155571087,"ST6GAL1"
"Nerve Growth Factor Signaling Pathway (GO:0038180)","1/9",0.0659461803962854,0.276032730960393,0,0,16.5341666666667,44.9550155571087,"MAGI2"
"Biomineral Tissue Development (GO:0031214)","1/9",0.0659461803962854,0.276032730960393,0,0,16.5341666666667,44.9550155571087,"COL1A1"
"Nucleoside Metabolic Process (GO:0009116)","1/9",0.0659461803962854,0.276032730960393,0,0,16.5341666666667,44.9550155571087,"MACROD2"
"Ornithine Metabolic Process (GO:0006591)","1/9",0.0659461803962854,0.276032730960393,0,0,16.5341666666667,44.9550155571087,"AZIN2"
"Phosphatidylethanolamine Acyl-Chain Remodeling (GO:0036152)","1/9",0.0659461803962854,0.276032730960393,0,0,16.5341666666667,44.9550155571087,"LPCAT3"
"Phosphatidylethanolamine Biosynthetic Process (GO:0006646)","1/9",0.0659461803962854,0.276032730960393,0,0,16.5341666666667,44.9550155571087,"SFI1"
"Cellular Response To Prostaglandin Stimulus (GO:0071379)","1/9",0.0659461803962854,0.276032730960393,0,0,16.5341666666667,44.9550155571087,"GNG2"
"Chondroitin Sulfate Proteoglycan Metabolic Process (GO:0050654)","1/9",0.0659461803962854,0.276032730960393,0,0,16.5341666666667,44.9550155571087,"PXYLP1"
"Positive Regulation Of Acrosome Reaction (GO:2000344)","1/9",0.0659461803962854,0.276032730960393,0,0,16.5341666666667,44.9550155571087,"PLCB1"
"Response To Type I Interferon (GO:0034340)","1/9",0.0659461803962854,0.276032730960393,0,0,16.5341666666667,44.9550155571087,"ISG15"
"Endothelial Tube Morphogenesis (GO:0061154)","1/9",0.0659461803962854,0.276032730960393,0,0,16.5341666666667,44.9550155571087,"BMP4"
"Tetrapyrrole Metabolic Process (GO:0033013)","1/9",0.0659461803962854,0.276032730960393,0,0,16.5341666666667,44.9550155571087,"ABCD1"
"Glycerolipid Metabolic Process (GO:0046486)","1/9",0.0659461803962854,0.276032730960393,0,0,16.5341666666667,44.9550155571087,"DGKG"
"Intestinal Cholesterol Absorption (GO:0030299)","1/9",0.0659461803962854,0.276032730960393,0,0,16.5341666666667,44.9550155571087,"LDLR"
"Postsynapse Assembly (GO:0099068)","1/9",0.0659461803962854,0.276032730960393,0,0,16.5341666666667,44.9550155571087,"NRXN2"
"Lipid Phosphorylation (GO:0046834)","1/9",0.0659461803962854,0.276032730960393,0,0,16.5341666666667,44.9550155571087,"DGKG"
"Lung Epithelium Development (GO:0060428)","1/9",0.0659461803962854,0.276032730960393,0,0,16.5341666666667,44.9550155571087,"BMP4"
"Mesenchymal To Epithelial Transition (GO:0060231)","1/9",0.0659461803962854,0.276032730960393,0,0,16.5341666666667,44.9550155571087,"BMP4"
"Organonitrogen Compound Biosynthetic Process (GO:1901566)","3/123",0.0663973476814279,0.276032730960393,0,0,3.33260135135135,9.03834201918897,"GCH1;LPCAT3;CSAD"
"Positive Regulation Of Defense Response (GO:0031349)","3/124",0.0676823704107611,0.276032730960393,0,0,3.30489166852803,8.89984040232429,"LGALS2;CASP1;OPTN"
"Signal Transduction In Response To DNA Damage (GO:0042770)","2/57",0.0690315100629871,0.276032730960393,0,0,4.8307504575961,12.913524496754,"MYO6;MAP2K6"
"Glycosaminoglycan Biosynthetic Process (GO:0006024)","2/58",0.0711536203531687,0.276032730960393,0,0,4.74424736337488,12.5386381193786,"PXYLP1;CHST3"
"Positive Regulation Of Type II Interferon Production (GO:0032729)","2/58",0.0711536203531687,0.276032730960393,0,0,4.74424736337488,12.5386381193786,"ISG15;CD276"
"Regulation Of Bone Mineralization (GO:0030500)","2/58",0.0711536203531687,0.276032730960393,0,0,4.74424736337488,12.5386381193786,"BMP4;ISG15"
"L-serine Metabolic Process (GO:0006563)","1/10",0.0730014474463071,0.276032730960393,0,0,14.6962962962963,38.4642637321293,"SRR"
"N-acetylneuraminate Metabolic Process (GO:0006054)","1/10",0.0730014474463071,0.276032730960393,0,0,14.6962962962963,38.4642637321293,"ST6GAL1"
"Negative Regulation Of Nuclear Division (GO:0051784)","1/10",0.0730014474463071,0.276032730960393,0,0,14.6962962962963,38.4642637321293,"BMP4"
"Regulation Of Low-Density Lipoprotein Particle Clearance (GO:0010988)","1/10",0.0730014474463071,0.276032730960393,0,0,14.6962962962963,38.4642637321293,"LDLR"
"calcineurin-NFAT Signaling Cascade (GO:0033173)","1/10",0.0730014474463071,0.276032730960393,0,0,14.6962962962963,38.4642637321293,"NFATC2"
"Cellular Response To Forskolin (GO:1904322)","1/10",0.0730014474463071,0.276032730960393,0,0,14.6962962962963,38.4642637321293,"CFTR"
"Cellular Response To Interleukin-12 (GO:0071349)","1/10",0.0730014474463071,0.276032730960393,0,0,14.6962962962963,38.4642637321293,"PLCB1"
"Cellular Response To Interleukin-15 (GO:0071350)","1/10",0.0730014474463071,0.276032730960393,0,0,14.6962962962963,38.4642637321293,"PLCB1"
"Response To Forskolin (GO:1904321)","1/10",0.0730014474463071,0.276032730960393,0,0,14.6962962962963,38.4642637321293,"CFTR"
"Response To Prostaglandin E (GO:0034695)","1/10",0.0730014474463071,0.276032730960393,0,0,14.6962962962963,38.4642637321293,"GNG2"
"Response To Sterol (GO:0036314)","1/10",0.0730014474463071,0.276032730960393,0,0,14.6962962962963,38.4642637321293,"INSIG1"
"Positive Regulation Of Cholesterol Metabolic Process (GO:0090205)","1/10",0.0730014474463071,0.276032730960393,0,0,14.6962962962963,38.4642637321293,"SREBF1"
"Positive Regulation Of Dendrite Development (GO:1900006)","1/10",0.0730014474463071,0.276032730960393,0,0,14.6962962962963,38.4642637321293,"VLDLR"
"Serine Family Amino Acid Biosynthetic Process (GO:0009070)","1/10",0.0730014474463071,0.276032730960393,0,0,14.6962962962963,38.4642637321293,"SRR"
"Steroid Hormone Mediated Signaling Pathway (GO:0043401)","1/10",0.0730014474463071,0.276032730960393,0,0,14.6962962962963,38.4642637321293,"BMP4"
"Very-Low-Density Lipoprotein Particle Assembly (GO:0034379)","1/10",0.0730014474463071,0.276032730960393,0,0,14.6962962962963,38.4642637321293,"LPCAT3"
"Positive Regulation Of Protein Depolymerization (GO:1901881)","1/10",0.0730014474463071,0.276032730960393,0,0,14.6962962962963,38.4642637321293,"TRPV4"
"Induction Of Positive Chemotaxis (GO:0050930)","1/10",0.0730014474463071,0.276032730960393,0,0,14.6962962962963,38.4642637321293,"VEGFB"
"Insulin-Like Growth Factor Receptor Signaling Pathway (GO:0048009)","1/10",0.0730014474463071,0.276032730960393,0,0,14.6962962962963,38.4642637321293,"PLCB1"
"Interleukin-15-Mediated Signaling Pathway (GO:0035723)","1/10",0.0730014474463071,0.276032730960393,0,0,14.6962962962963,38.4642637321293,"PLCB1"
"Mitochondrial Protein Processing (GO:0034982)","1/10",0.0730014474463071,0.276032730960393,0,0,14.6962962962963,38.4642637321293,"IMMP2L"
"Negative Regulation Of Activin Receptor Signaling Pathway (GO:0032926)","1/10",0.0730014474463071,0.276032730960393,0,0,14.6962962962963,38.4642637321293,"MAGI2"
"Regulation Of miRNA Transcription (GO:1902893)","2/59",0.0732968268651892,0.276032730960393,0,0,4.66077946544213,12.1797258256555,"BMP4;SREBF1"
"Chordate Embryonic Development (GO:0043009)","2/59",0.0732968268651892,0.276032730960393,0,0,4.66077946544213,12.1797258256555,"COL1A1;ARNT2"
"Glucose Metabolic Process (GO:0006006)","2/59",0.0732968268651892,0.276032730960393,0,0,4.66077946544213,12.1797258256555,"SLC25A1;PCK2"
"Positive Regulation Of Protein Binding (GO:0032092)","2/59",0.0732968268651892,0.276032730960393,0,0,4.66077946544213,12.1797258256555,"BMP4;TRIB3"
"Negative Regulation Of Cytokine-Mediated Signaling Pathway (GO:0001960)","2/59",0.0732968268651892,0.276032730960393,0,0,4.66077946544213,12.1797258256555,"STAT2;ISG15"
"Regulation Of Extrinsic Apoptotic Signaling Pathway (GO:2001236)","2/60",0.0754606950792138,0.278570519121828,0,0,4.58018977088637,11.8358669531104,"BMP4;WWOX"
"Transmembrane Receptor Protein Serine/Threonine Kinase Signaling Pathway (GO:0007178)","3/130",0.0756281148367608,0.278570519121828,0,0,3.14779740370292,8.12738365976273,"BMP4;COL1A2;MAGI2"
"Phosphatidylinositol-Mediated Signaling (GO:0048015)","2/62",0.0798487047914669,0.278570519121828,0,0,4.42706935123042,11.1899562274244,"PLCB1;PLCD1"
"Glycerophospholipid Metabolic Process (GO:0006650)","2/62",0.0798487047914669,0.278570519121828,0,0,4.42706935123042,11.1899562274244,"PLCB1;PLCD1"
"Regulation Of Glycogen Metabolic Process (GO:0070873)","1/11",0.0800037743240655,0.278570519121828,0,0,13.226,33.404663074214,"KHK"
"Negative Regulation Of Nitrogen Compound Metabolic Process (GO:0051172)","1/11",0.0800037743240655,0.278570519121828,0,0,13.226,33.404663074214,"LDLR"
"Actin Crosslink Formation (GO:0051764)","1/11",0.0800037743240655,0.278570519121828,0,0,13.226,33.404663074214,"GAS2"
"Negative Regulation Of Reactive Oxygen Species Biosynthetic Process (GO:1903427)","1/11",0.0800037743240655,0.278570519121828,0,0,13.226,33.404663074214,"ABCD1"
"Regulation Of Mitochondrial Fusion (GO:0010635)","1/11",0.0800037743240655,0.278570519121828,0,0,13.226,33.404663074214,"BNIP3"
"Calcineurin-Mediated Signaling (GO:0097720)","1/11",0.0800037743240655,0.278570519121828,0,0,13.226,33.404663074214,"NFATC2"
"Nucleotide-Binding Oligomerization Domain Containing Signaling Pathway (GO:0070423)","1/11",0.0800037743240655,0.278570519121828,0,0,13.226,33.404663074214,"MAP2K6"
"Regulation Of Protein Exit From Endoplasmic Reticulum (GO:0070861)","1/11",0.0800037743240655,0.278570519121828,0,0,13.226,33.404663074214,"INSIG1"
"Catecholamine Biosynthetic Process (GO:0042423)","1/11",0.0800037743240655,0.278570519121828,0,0,13.226,33.404663074214,"GCH1"
"Podocyte Differentiation (GO:0072112)","1/11",0.0800037743240655,0.278570519121828,0,0,13.226,33.404663074214,"MAGI2"
"Endoplasmic Reticulum Membrane Organization (GO:0090158)","1/11",0.0800037743240655,0.278570519121828,0,0,13.226,33.404663074214,"LPCAT3"
"Smooth Muscle Cell Differentiation (GO:0051145)","1/11",0.0800037743240655,0.278570519121828,0,0,13.226,33.404663074214,"BMP4"
"Heterocycle Biosynthetic Process (GO:0018130)","1/11",0.0800037743240655,0.278570519121828,0,0,13.226,33.404663074214,"GCH1"
"Intestinal Lipid Absorption (GO:0098856)","1/11",0.0800037743240655,0.278570519121828,0,0,13.226,33.404663074214,"LDLR"
"Positive Regulation Of Vascular Permeability (GO:0043117)","1/11",0.0800037743240655,0.278570519121828,0,0,13.226,33.404663074214,"TRPV4"
"Maintenance Of Protein Localization In Endoplasmic Reticulum (GO:0035437)","1/11",0.0800037743240655,0.278570519121828,0,0,13.226,33.404663074214,"INSIG1"
"Mast Cell Mediated Immunity (GO:0002448)","1/11",0.0800037743240655,0.278570519121828,0,0,13.226,33.404663074214,"SERPINB9"
"Regulation Of Alcohol Biosynthetic Process (GO:1902930)","1/11",0.0800037743240655,0.278570519121828,0,0,13.226,33.404663074214,"LPCAT3"
"Negative Regulation Of Amyloid Fibril Formation (GO:1905907)","1/11",0.0800037743240655,0.278570519121828,0,0,13.226,33.404663074214,"LDLR"
"Antigen Receptor-Mediated Signaling Pathway (GO:0050851)","3/134",0.0811442049128336,0.281618122932775,0,0,3.05106251289457,7.66282709906676,"VAV3;NFATC2;CD276"
"Phosphatidylinositol Metabolic Process (GO:0046488)","2/63",0.0820720034133961,0.282072710760604,0,0,4.3542743976235,10.8863753915477,"PLCB1;PLCD1"
"Protein Polymerization (GO:0051258)","2/63",0.0820720034133961,0.282072710760604,0,0,4.3542743976235,10.8863753915477,"TRPV4;FGF13"
"Regulation Of Cellular Catabolic Process (GO:0031329)","2/63",0.0820720034133961,0.282072710760604,0,0,4.3542743976235,10.8863753915477,"TRIB3;ABCD1"
"Response To Metal Ion (GO:0010038)","2/64",0.0843142778574727,0.285896829642576,0,0,4.28382766832648,10.594779976134,"D2HGDH;KHK"
"Positive Regulation Of Macroautophagy (GO:0016239)","2/64",0.0843142778574727,0.285896829642576,0,0,4.28382766832648,10.594779976134,"BNIP3;OPTN"
"Positive Regulation Of T Cell Proliferation (GO:0042102)","2/65",0.0865751194635209,0.285896829642576,0,0,4.21561734313412,10.3145314190076,"CCDC88B;CD276"
"Negative Regulation Of Mononuclear Cell Migration (GO:0071676)","1/12",0.0869535555315932,0.285896829642576,0,0,12.0230303030303,29.364822545991,"PLCB1"
"Atrial Cardiac Muscle Tissue Development (GO:0003228)","1/12",0.0869535555315932,0.285896829642576,0,0,12.0230303030303,29.364822545991,"BMP4"
"Attachment Of Mitotic Spindle Microtubules To Kinetochore (GO:0051315)","1/12",0.0869535555315932,0.285896829642576,0,0,12.0230303030303,29.364822545991,"RMDN1"
"Calcium Ion Import (GO:0070509)","1/12",0.0869535555315932,0.285896829642576,0,0,12.0230303030303,29.364822545991,"TRPV4"
"Regulation Of Vascular Associated Smooth Muscle Cell Migration (GO:1904752)","1/12",0.0869535555315932,0.285896829642576,0,0,12.0230303030303,29.364822545991,"BMP4"
"Positive Regulation Of Alcohol Biosynthetic Process (GO:1902932)","1/12",0.0869535555315932,0.285896829642576,0,0,12.0230303030303,29.364822545991,"SREBF1"
"Endochondral Bone Morphogenesis (GO:0060350)","1/12",0.0869535555315932,0.285896829642576,0,0,12.0230303030303,29.364822545991,"TRPV4"
"Positive Regulation Of Neuron Migration (GO:2001224)","1/12",0.0869535555315932,0.285896829642576,0,0,12.0230303030303,29.364822545991,"SHTN1"
"Positive Regulation Of Regulated Secretory Pathway (GO:1903307)","1/12",0.0869535555315932,0.285896829642576,0,0,12.0230303030303,29.364822545991,"RAB3D"
"Regulation Of T Cell Differentiation In Thymus (GO:0033081)","1/12",0.0869535555315932,0.285896829642576,0,0,12.0230303030303,29.364822545991,"BMP4"
"Regulation Of Acrosome Reaction (GO:0060046)","1/12",0.0869535555315932,0.285896829642576,0,0,12.0230303030303,29.364822545991,"PLCB1"
"Protein Transport (GO:0015031)","5/313",0.0889582481695967,0.291585369000345,0,0,2.17276730119196,5.25720199514255,"RAB3D;MYO6;VLDLR;ABCD1;OPTN"
"Regulation Of Fatty Acid Beta-Oxidation (GO:0031998)","1/13",0.0938511826416481,0.294011669514544,0,0,11.0205555555556,26.0751294285785,"ABCD1"
"Negative Regulation Of Myoblast Differentiation (GO:0045662)","1/13",0.0938511826416481,0.294011669514544,0,0,11.0205555555556,26.0751294285785,"BMP4"
"Negative Regulation Of Neuroinflammatory Response (GO:0150079)","1/13",0.0938511826416481,0.294011669514544,0,0,11.0205555555556,26.0751294285785,"LDLR"
"acyl-CoA Biosynthetic Process (GO:0071616)","1/13",0.0938511826416481,0.294011669514544,0,0,11.0205555555556,26.0751294285785,"SLC25A1"
"Regulation Of Nitrogen Compound Metabolic Process (GO:0051171)","1/13",0.0938511826416481,0.294011669514544,0,0,11.0205555555556,26.0751294285785,"LDLR"
"Regulation Of Response To Endoplasmic Reticulum Stress (GO:1905897)","1/13",0.0938511826416481,0.294011669514544,0,0,11.0205555555556,26.0751294285785,"LPCAT3"
"Chondroitin Sulfate Biosynthetic Process (GO:0030206)","1/13",0.0938511826416481,0.294011669514544,0,0,11.0205555555556,26.0751294285785,"CHST3"
"Response To Nerve Growth Factor (GO:1990089)","1/13",0.0938511826416481,0.294011669514544,0,0,11.0205555555556,26.0751294285785,"MAGI2"
"Signal Peptide Processing (GO:0006465)","1/13",0.0938511826416481,0.294011669514544,0,0,11.0205555555556,26.0751294285785,"IMMP2L"
"Positive Regulation Of Glycoprotein Biosynthetic Process (GO:0010560)","1/13",0.0938511826416481,0.294011669514544,0,0,11.0205555555556,26.0751294285785,"PLCB1"
"Positive Regulation Of Insulin Secretion Involved In Cellular Response To Glucose Stimulus (GO:0035774)","1/13",0.0938511826416481,0.294011669514544,0,0,11.0205555555556,26.0751294285785,"CFTR"
"Inhibitory Synapse Assembly (GO:1904862)","1/13",0.0938511826416481,0.294011669514544,0,0,11.0205555555556,26.0751294285785,"FGF13"
"Protein Localization To Synapse (GO:0035418)","1/13",0.0938511826416481,0.294011669514544,0,0,11.0205555555556,26.0751294285785,"NRXN2"
"Negative Regulation Of Cell Activation (GO:0050866)","1/13",0.0938511826416481,0.294011669514544,0,0,11.0205555555556,26.0751294285785,"LDLR"
"Regulation Of Cell Fate Commitment (GO:0010453)","1/13",0.0938511826416481,0.294011669514544,0,0,11.0205555555556,26.0751294285785,"MTA3"
"Positive Regulation Of Cytokine Production (GO:0001819)","5/320",0.0954953801177172,0.297056280955038,0,0,2.12372254838008,4.98793917108213,"CCDC88B;CASP1;ISG15;PLCB1;CD276"
"Response To Molecule Of Bacterial Origin (GO:0002237)","2/69",0.0957961585379108,0.297056280955038,0,0,3.96313733346689,9.29566818478811,"SRR;GCH1"
"Positive Regulation Of Cellular Catabolic Process (GO:0031331)","3/146",0.0986881472814561,0.297056280955038,0,0,2.79332829332829,6.4687629241961,"BNIP3;ABCD1;OPTN"
"Positive Regulation Of Developmental Process (GO:0051094)","4/233",0.10035403784294,0.297056280955038,0,0,2.33134301755637,5.35987641880859,"BMP4;BNIP3;VLDLR;PLCB1"
"Negative Regulation Of Supramolecular Fiber Organization (GO:1902904)","2/71",0.100507819433682,0.297056280955038,0,0,3.84787472035794,8.84056816246756,"FGF13;LDLR"
"Synapse Assembly (GO:0007416)","2/71",0.100507819433682,0.297056280955038,0,0,3.84787472035794,8.84056816246756,"NRXN2;FGF13"
"Protein Autoubiquitination (GO:0051865)","2/71",0.100507819433682,0.297056280955038,0,0,3.84787472035794,8.84056816246756,"RNF157;RNF122"
"Negative Regulation Of Fatty Acid Biosynthetic Process (GO:0045717)","1/14",0.100697044391538,0.297056280955038,0,0,10.1723076923077,23.3519445324097,"TRIB3"
"Regulation Of Exit From Mitosis (GO:0007096)","1/14",0.100697044391538,0.297056280955038,0,0,10.1723076923077,23.3519445324097,"CDC14A"
"L-glutamate Transmembrane Transport (GO:0015813)","1/14",0.100697044391538,0.297056280955038,0,0,10.1723076923077,23.3519445324097,"SLC7A11"
"Negative Regulation Of Smooth Muscle Cell Migration (GO:0014912)","1/14",0.100697044391538,0.297056280955038,0,0,10.1723076923077,23.3519445324097,"BMP4"
"Regulation Of Microglial Cell Activation (GO:1903978)","1/14",0.100697044391538,0.297056280955038,0,0,10.1723076923077,23.3519445324097,"LDLR"
"Neuron Cell-Cell Adhesion (GO:0007158)","1/14",0.100697044391538,0.297056280955038,0,0,10.1723076923077,23.3519445324097,"NRXN2"
"Regulation Of Non-Canonical Wnt Signaling Pathway (GO:2000050)","1/14",0.100697044391538,0.297056280955038,0,0,10.1723076923077,23.3519445324097,"DAAM2"
"Ceramide Transport (GO:0035627)","1/14",0.100697044391538,0.297056280955038,0,0,10.1723076923077,23.3519445324097,"ABCA2"
"Serine Family Amino Acid Metabolic Process (GO:0009069)","1/14",0.100697044391538,0.297056280955038,0,0,10.1723076923077,23.3519445324097,"SRR"
"Glucosamine-Containing Compound Metabolic Process (GO:1901071)","1/14",0.100697044391538,0.297056280955038,0,0,10.1723076923077,23.3519445324097,"CHST3"
"Vascular Endothelial Growth Factor Signaling Pathway (GO:0038084)","1/14",0.100697044391538,0.297056280955038,0,0,10.1723076923077,23.3519445324097,"VEGFB"
"Positive Regulation Of Protein-Containing Complex Disassembly (GO:0043243)","1/14",0.100697044391538,0.297056280955038,0,0,10.1723076923077,23.3519445324097,"BNIP3"
"Regulation Of Branching Involved In Ureteric Bud Morphogenesis (GO:0090189)","1/14",0.100697044391538,0.297056280955038,0,0,10.1723076923077,23.3519445324097,"BMP4"
"Regulation Of Cell Fate Specification (GO:0042659)","1/14",0.100697044391538,0.297056280955038,0,0,10.1723076923077,23.3519445324097,"MTA3"
"Monocarboxylic Acid Transport (GO:0015718)","2/73",0.105282861223049,0.304325617001167,0,0,3.73910577559316,8.41711834033777,"CRABP1;SLC16A9"
"Negative Regulation Of Macrophage Activation (GO:0043031)","1/15",0.107491526614644,0.304325617001167,0,0,9.44523809523809,21.0661230937385,"LDLR"
"L-glutamate Import (GO:0051938)","1/15",0.107491526614644,0.304325617001167,0,0,9.44523809523809,21.0661230937385,"SLC7A11"
"N-acetylglucosamine Metabolic Process (GO:0006044)","1/15",0.107491526614644,0.304325617001167,0,0,9.44523809523809,21.0661230937385,"CHST3"
"T Cell Homeostasis (GO:0043029)","1/15",0.107491526614644,0.304325617001167,0,0,9.44523809523809,21.0661230937385,"LGALS2"
"Anterograde Synaptic Vesicle Transport (GO:0048490)","1/15",0.107491526614644,0.304325617001167,0,0,9.44523809523809,21.0661230937385,"AP3M2"
"Neurotrophin Signaling Pathway (GO:0038179)","1/15",0.107491526614644,0.304325617001167,0,0,9.44523809523809,21.0661230937385,"MAGI2"
"Nitric Oxide Biosynthetic Process (GO:0006809)","1/15",0.107491526614644,0.304325617001167,0,0,9.44523809523809,21.0661230937385,"GCH1"
"Cellular Response To Estrogen Stimulus (GO:0071391)","1/15",0.107491526614644,0.304325617001167,0,0,9.44523809523809,21.0661230937385,"SERPINB9"
"Cellular Response To Sterol (GO:0036315)","1/15",0.107491526614644,0.304325617001167,0,0,9.44523809523809,21.0661230937385,"INSIG1"
"Positive Regulation Of Collagen Biosynthetic Process (GO:0032967)","1/15",0.107491526614644,0.304325617001167,0,0,9.44523809523809,21.0661230937385,"BMP4"
"Synaptic Vesicle Transport Along Microtubule (GO:0099517)","1/15",0.107491526614644,0.304325617001167,0,0,9.44523809523809,21.0661230937385,"AP3M2"
"Positive Regulation Of Transmembrane Transport (GO:0034764)","1/15",0.107491526614644,0.304325617001167,0,0,9.44523809523809,21.0661230937385,"AZIN2"
"Regulation Of Activin Receptor Signaling Pathway (GO:0032925)","1/15",0.107491526614644,0.304325617001167,0,0,9.44523809523809,21.0661230937385,"MAGI2"
"Regulation Of Amyloid Fibril Formation (GO:1905906)","1/15",0.107491526614644,0.304325617001167,0,0,9.44523809523809,21.0661230937385,"LDLR"
"Cellular Response To Organic Cyclic Compound (GO:0071407)","3/152",0.107987621718896,0.304325617001167,0,0,2.6800290223109,5.96504423741625,"GNG2;INSIG1;CFTR"
"Regulation Of Autophagy (GO:0010506)","4/241",0.109964585591228,0.304325617001167,0,0,2.25172938373662,4.97091083914396,"SREBF1;BNIP3;TRIB3;OPTN"
"Regulation Of Plasma Membrane Bounded Cell Projection Assembly (GO:0120032)","2/75",0.110118342537561,0.304325617001167,0,0,3.63629677300726,8.02239666878339,"DAAM2;TBC1D16"
"Regulation Of BMP Signaling Pathway (GO:0030510)","2/75",0.110118342537561,0.304325617001167,0,0,3.63629677300726,8.02239666878339,"BMP4;CAPN5"
"Nervous System Development (GO:0007399)","6/433",0.110405820378132,0.304325617001167,0,0,1.88212872486473,4.14744460232771,"ARNT2;BTD;NRXN2;VLDLR;FGF13;PTS"
"Cellular Response To Growth Factor Stimulus (GO:0071363)","3/155",0.112761213821766,0.304325617001167,0,0,2.62673364153627,5.7328011193001,"BMP4;WWOX;MAGI2"
"Positive Regulation Of Response To External Stimulus (GO:0032103)","3/155",0.112761213821766,0.304325617001167,0,0,2.62673364153627,5.7328011193001,"LGALS2;CASP1;OPTN"
"Regulation Of Fatty Acid Oxidation (GO:0046320)","1/16",0.114235012326724,0.304325617001167,0,0,8.81511111111111,19.1243609972365,"ABCD1"
"Negative Regulation Of Natural Killer Cell Mediated Cytotoxicity (GO:0045953)","1/16",0.114235012326724,0.304325617001167,0,0,8.81511111111111,19.1243609972365,"SERPINB9"
"Nitric Oxide Metabolic Process (GO:0046209)","1/16",0.114235012326724,0.304325617001167,0,0,8.81511111111111,19.1243609972365,"GCH1"
"Regulation Of Nucleocytoplasmic Transport (GO:0046822)","1/16",0.114235012326724,0.304325617001167,0,0,8.81511111111111,19.1243609972365,"BMP4"
"Regulation Of Protein Kinase A Signaling (GO:0010738)","1/16",0.114235012326724,0.304325617001167,0,0,8.81511111111111,19.1243609972365,"AKAP7"
"Regulation Of Protein Kinase C Signaling (GO:0090036)","1/16",0.114235012326724,0.304325617001167,0,0,8.81511111111111,19.1243609972365,"DGKG"
"Cell Surface Receptor Signaling Pathway Involved In Heart Development (GO:0061311)","1/16",0.114235012326724,0.304325617001167,0,0,8.81511111111111,19.1243609972365,"BMP4"
"Regulation Of Secretion (GO:0051046)","1/16",0.114235012326724,0.304325617001167,0,0,8.81511111111111,19.1243609972365,"MYO6"
"Chondroitin Sulfate Metabolic Process (GO:0030204)","1/16",0.114235012326724,0.304325617001167,0,0,8.81511111111111,19.1243609972365,"CHST3"
"Positive Regulation Of Collagen Metabolic Process (GO:0010714)","1/16",0.114235012326724,0.304325617001167,0,0,8.81511111111111,19.1243609972365,"BMP4"
"Stabilization Of Membrane Potential (GO:0030322)","1/16",0.114235012326724,0.304325617001167,0,0,8.81511111111111,19.1243609972365,"KCNK10"
"Positive Regulation Of Positive Chemotaxis (GO:0050927)","1/16",0.114235012326724,0.304325617001167,0,0,8.81511111111111,19.1243609972365,"VEGFB"
"Innate Immune Response-Activating Signaling Pathway (GO:0002758)","1/16",0.114235012326724,0.304325617001167,0,0,8.81511111111111,19.1243609972365,"CASP1"
"Intracellular Cholesterol Transport (GO:0032367)","1/16",0.114235012326724,0.304325617001167,0,0,8.81511111111111,19.1243609972365,"LDLR"
"Protein Localization To Mitochondrion (GO:0070585)","1/16",0.114235012326724,0.304325617001167,0,0,8.81511111111111,19.1243609972365,"ISG15"
"Negative Regulation Of Biosynthetic Process (GO:0009890)","1/16",0.114235012326724,0.304325617001167,0,0,8.81511111111111,19.1243609972365,"ABCD1"
"Positive Regulation Of Programmed Cell Death (GO:0043068)","4/245",0.114919803604895,0.304325617001167,0,0,2.21390464899653,4.78982865513765,"BMP4;LGALS2;BNIP3;RNF122"
"Positive Regulation Of Endothelial Cell Proliferation (GO:0001938)","2/77",0.115011395118222,0.304325617001167,0,0,3.53897091722595,7.65381757702014,"BMP4;VEGFB"
"Regulation Of T Cell Proliferation (GO:0042129)","2/77",0.115011395118222,0.304325617001167,0,0,3.53897091722595,7.65381757702014,"CCDC88B;CD276"
"Cellular Response To Nutrient Levels (GO:0031669)","2/78",0.117478633930587,0.304325617001167,0,0,3.49222889438361,7.47860398951579,"SREBF1;FADS1"
"Response To Lipopolysaccharide (GO:0032496)","3/159",0.119249175976555,0.304325617001167,0,0,2.55886174636175,5.44152200981642,"SRR;GCH1;CASP1"
"G Protein-Coupled Acetylcholine Receptor Signaling Pathway (GO:0007213)","1/17",0.120927881708562,0.304325617001167,0,0,8.26375,17.4576753853932,"PLCB1"
"Regulation Of Glucose Transmembrane Transport (GO:0010827)","1/17",0.120927881708562,0.304325617001167,0,0,8.26375,17.4576753853932,"TRIB3"
"Negative Regulation Of Vascular Associated Smooth Muscle Cell Proliferation (GO:1904706)","1/17",0.120927881708562,0.304325617001167,0,0,8.26375,17.4576753853932,"BMP4"
"Nicotinamide Nucleotide Metabolic Process (GO:0046496)","1/17",0.120927881708562,0.304325617001167,0,0,8.26375,17.4576753853932,"IDH1"
"Carbohydrate Derivative Transport (GO:1901264)","1/17",0.120927881708562,0.304325617001167,0,0,8.26375,17.4576753853932,"VLDLR"
"Cellular Response To Glucocorticoid Stimulus (GO:0071385)","1/17",0.120927881708562,0.304325617001167,0,0,8.26375,17.4576753853932,"PCK2"
"Cellular Response To Unfolded Protein (GO:0034620)","1/17",0.120927881708562,0.304325617001167,0,0,8.26375,17.4576753853932,"OPTN"
"Positive Regulation Of SMAD Protein Signal Transduction (GO:0060391)","1/17",0.120927881708562,0.304325617001167,0,0,8.26375,17.4576753853932,"BMP4"
"Positive Regulation Of Cartilage Development (GO:0061036)","1/17",0.120927881708562,0.304325617001167,0,0,8.26375,17.4576753853932,"BMP4"
"Diol Biosynthetic Process (GO:0034312)","1/17",0.120927881708562,0.304325617001167,0,0,8.26375,17.4576753853932,"GCH1"
"Positive Regulation Of Dendrite Extension (GO:1903861)","1/17",0.120927881708562,0.304325617001167,0,0,8.26375,17.4576753853932,"RNF157"
"Triglyceride Biosynthetic Process (GO:0019432)","1/17",0.120927881708562,0.304325617001167,0,0,8.26375,17.4576753853932,"PCK2"
"Positive Regulation Of Nitric-Oxide Synthase Activity (GO:0051000)","1/17",0.120927881708562,0.304325617001167,0,0,8.26375,17.4576753853932,"GCH1"
"Postsynaptic Membrane Organization (GO:0001941)","1/17",0.120927881708562,0.304325617001167,0,0,8.26375,17.4576753853932,"NRXN2"
"Mesenchyme Development (GO:0060485)","1/17",0.120927881708562,0.304325617001167,0,0,8.26375,17.4576753853932,"BMP4"
"Microtubule Depolymerization (GO:0007019)","1/17",0.120927881708562,0.304325617001167,0,0,8.26375,17.4576753853932,"NCKAP5L"
"rRNA Modification (GO:0000154)","1/17",0.120927881708562,0.304325617001167,0,0,8.26375,17.4576753853932,"MRM1"
"Muscle Tissue Morphogenesis (GO:0060415)","1/17",0.120927881708562,0.304325617001167,0,0,8.26375,17.4576753853932,"BMP4"
"Regulation Of Cartilage Development (GO:0061035)","1/17",0.120927881708562,0.304325617001167,0,0,8.26375,17.4576753853932,"BMP4"
"Regulation Of Organelle Assembly (GO:1902115)","2/80",0.122452821614756,0.305134873658181,0,0,3.40234038891757,7.14501502536264,"ARHGEF9;TBC1D16"
"Response To Type II Interferon (GO:0034341)","2/80",0.122452821614756,0.305134873658181,0,0,3.40234038891757,7.14501502536264,"GCH1;CASP1"
"Mitochondrion Organization (GO:0007005)","3/162",0.124204455878903,0.305134873658181,0,0,2.51019887812341,5.23583867125337,"MIGA1;BNIP3;SFI1"
"Histone Modification (GO:0016570)","2/81",0.124959097501508,0.305134873658181,0,0,3.35910287995922,6.98615741684117,"HDAC11;MTA3"
"Regulation Of Phosphorylation (GO:0042325)","2/82",0.127477719857122,0.305134873658181,0,0,3.31694630872483,6.83229136884524,"BMP4;STAT2"
"Regulation Of Collagen Biosynthetic Process (GO:0032965)","1/18",0.127570512150878,0.305134873658181,0,0,7.77725490196078,16.0140369263999,"BMP4"
"Regulation Of Dendrite Extension (GO:1903859)","1/18",0.127570512150878,0.305134873658181,0,0,7.77725490196078,16.0140369263999,"RNF157"
"Regulation Of Epidermal Cell Differentiation (GO:0045604)","1/18",0.127570512150878,0.305134873658181,0,0,7.77725490196078,16.0140369263999,"BMP4"
"Regulation Of Mitochondrial Membrane Permeability (GO:0046902)","1/18",0.127570512150878,0.305134873658181,0,0,7.77725490196078,16.0140369263999,"BNIP3"
"Neuromuscular Process (GO:0050905)","1/18",0.127570512150878,0.305134873658181,0,0,7.77725490196078,16.0140369263999,"GCH1"
"Regulation Of Oligodendrocyte Differentiation (GO:0048713)","1/18",0.127570512150878,0.305134873658181,0,0,7.77725490196078,16.0140369263999,"DAAM2"
"Branching Involved In Ureteric Bud Morphogenesis (GO:0001658)","1/18",0.127570512150878,0.305134873658181,0,0,7.77725490196078,16.0140369263999,"BMP4"
"Endothelial Cell Proliferation (GO:0001935)","1/18",0.127570512150878,0.305134873658181,0,0,7.77725490196078,16.0140369263999,"BMP4"
"fatty-acyl-CoA Metabolic Process (GO:0035337)","1/18",0.127570512150878,0.305134873658181,0,0,7.77725490196078,16.0140369263999,"SLC25A1"
"Ureteric Bud Development (GO:0001657)","1/18",0.127570512150878,0.305134873658181,0,0,7.77725490196078,16.0140369263999,"BMP4"
"Ureteric Bud Morphogenesis (GO:0060675)","1/18",0.127570512150878,0.305134873658181,0,0,7.77725490196078,16.0140369263999,"BMP4"
"Vesicle Transport Along Actin Filament (GO:0030050)","1/18",0.127570512150878,0.305134873658181,0,0,7.77725490196078,16.0140369263999,"MYO6"
"Positive Regulation Of Phosphoprotein Phosphatase Activity (GO:0032516)","1/18",0.127570512150878,0.305134873658181,0,0,7.77725490196078,16.0140369263999,"MAGI2"
"Protein Autoprocessing (GO:0016540)","1/18",0.127570512150878,0.305134873658181,0,0,7.77725490196078,16.0140369263999,"CASP1"
"Melanosome Assembly (GO:1903232)","1/18",0.127570512150878,0.305134873658181,0,0,7.77725490196078,16.0140369263999,"HPS3"
"Mitochondrial Fusion (GO:0008053)","1/18",0.127570512150878,0.305134873658181,0,0,7.77725490196078,16.0140369263999,"MIGA1"
"Pulmonary Valve Morphogenesis (GO:0003184)","1/18",0.127570512150878,0.305134873658181,0,0,7.77725490196078,16.0140369263999,"BMP4"
"Regulation Of Cytokine Production (GO:0001817)","3/167",0.132626299260638,0.309070285164131,0,0,2.43305042847726,4.91529685827077,"CCDC88B;ISG15;CD276"
"Arp2/3 Complex-Mediated Actin Nucleation (GO:0034314)","1/19",0.134163278211549,0.309070285164131,0,0,7.34481481481482,14.7535128213795,"IQGAP2"
"Negative Regulation Of Fatty Acid Metabolic Process (GO:0045922)","1/19",0.134163278211549,0.309070285164131,0,0,7.34481481481482,14.7535128213795,"TRIB3"
"NADP Metabolic Process (GO:0006739)","1/19",0.134163278211549,0.309070285164131,0,0,7.34481481481482,14.7535128213795,"IDH1"
"Neuron Apoptotic Process (GO:0051402)","1/19",0.134163278211549,0.309070285164131,0,0,7.34481481481482,14.7535128213795,"BNIP3"
"Bicarbonate Transport (GO:0015701)","1/19",0.134163278211549,0.309070285164131,0,0,7.34481481481482,14.7535128213795,"CFTR"
"Cardiac Epithelial To Mesenchymal Transition (GO:0060317)","1/19",0.134163278211549,0.309070285164131,0,0,7.34481481481482,14.7535128213795,"BMP4"
"Regulation Of Protein-Containing Complex Disassembly (GO:0043244)","1/19",0.134163278211549,0.309070285164131,0,0,7.34481481481482,14.7535128213795,"BNIP3"
"Phosphatidylcholine Biosynthetic Process (GO:0006656)","1/19",0.134163278211549,0.309070285164131,0,0,7.34481481481482,14.7535128213795,"LPCAT3"
"Cellular Response To Catecholamine Stimulus (GO:0071870)","1/19",0.134163278211549,0.309070285164131,0,0,7.34481481481482,14.7535128213795,"GNG2"
"Dopamine Metabolic Process (GO:0042417)","1/19",0.134163278211549,0.309070285164131,0,0,7.34481481481482,14.7535128213795,"GCH1"
"Positive Regulation Of Mitochondrial Fission (GO:0090141)","1/19",0.134163278211549,0.309070285164131,0,0,7.34481481481482,14.7535128213795,"BNIP3"
"Water Transport (GO:0006833)","1/19",0.134163278211549,0.309070285164131,0,0,7.34481481481482,14.7535128213795,"CFTR"
"Inositol Phosphate-Mediated Signaling (GO:0048016)","1/19",0.134163278211549,0.309070285164131,0,0,7.34481481481482,14.7535128213795,"NFATC2"
"Interleukin-1-Mediated Signaling Pathway (GO:0070498)","1/19",0.134163278211549,0.309070285164131,0,0,7.34481481481482,14.7535128213795,"PLCB1"
"Linoleic Acid Metabolic Process (GO:0043651)","1/19",0.134163278211549,0.309070285164131,0,0,7.34481481481482,14.7535128213795,"FADS1"
"Regulation Of Autophagy Of Mitochondrion (GO:1903146)","1/19",0.134163278211549,0.309070285164131,0,0,7.34481481481482,14.7535128213795,"SREBF1"
"Positive Regulation Of Canonical Wnt Signaling Pathway (GO:0090263)","2/85",0.135104427431259,0.310564722796529,0,0,3.19657152098326,6.39860043038238,"COL1A1;DAAM2"
"Regulation Of Type II Interferon Production (GO:0032649)","2/87",0.140244766563357,0.314590227235688,0,0,3.12104224240032,6.13086942262272,"ISG15;CD276"
"Fc-gamma Receptor Signaling Pathway Involved In Phagocytosis (GO:0038096)","1/20",0.14070655172971,0.314590227235688,0,0,6.95789473684211,13.6449795180478,"VAV3"
"Negative Regulation Of Microtubule Depolymerization (GO:0007026)","1/20",0.14070655172971,0.314590227235688,0,0,6.95789473684211,13.6449795180478,"FGF13"
"Negative Regulation Of Phosphate Metabolic Process (GO:0045936)","1/20",0.14070655172971,0.314590227235688,0,0,6.95789473684211,13.6449795180478,"BMP4"
"Actin Filament-Based Transport (GO:0099515)","1/20",0.14070655172971,0.314590227235688,0,0,6.95789473684211,13.6449795180478,"MYO6"
"Phosphatidylserine Metabolic Process (GO:0006658)","1/20",0.14070655172971,0.314590227235688,0,0,6.95789473684211,13.6449795180478,"LPCAT3"
"Positive Regulation Of Embryonic Development (GO:0040019)","1/20",0.14070655172971,0.314590227235688,0,0,6.95789473684211,13.6449795180478,"PLCB1"
"Positive Regulation Of Epithelial Cell Differentiation (GO:0030858)","1/20",0.14070655172971,0.314590227235688,0,0,6.95789473684211,13.6449795180478,"BMP4"
"Stress-Activated Protein Kinase Signaling Cascade (GO:0031098)","1/20",0.14070655172971,0.314590227235688,0,0,6.95789473684211,13.6449795180478,"MAP2K6"
"Positive Regulation Of Lipid Catabolic Process (GO:0050996)","1/20",0.14070655172971,0.314590227235688,0,0,6.95789473684211,13.6449795180478,"ABCD1"
"Long-Term Memory (GO:0007616)","1/20",0.14070655172971,0.314590227235688,0,0,6.95789473684211,13.6449795180478,"LDLR"
"Mesoderm Formation (GO:0001707)","1/20",0.14070655172971,0.314590227235688,0,0,6.95789473684211,13.6449795180478,"ITGB4"
"Pulmonary Valve Development (GO:0003177)","1/20",0.14070655172971,0.314590227235688,0,0,6.95789473684211,13.6449795180478,"BMP4"
"Regulation Of Neuron Projection Development (GO:0010975)","3/174",0.144740622820975,0.322252707412738,0,0,2.33262209577999,4.50851985344139,"RUFY3;TRPV4;MAGI2"
"Positive Regulation Of Cellular Biosynthetic Process (GO:0031328)","3/174",0.144740622820975,0.322252707412738,0,0,2.33262209577999,4.50851985344139,"SREBF1;PXYLP1;LDLR"
"Negative Regulation Of Reactive Oxygen Species Metabolic Process (GO:2000378)","1/21",0.147200701755112,0.322989969553571,0,0,6.60966666666667,12.6638457455331,"ABCD1"
"Aminoglycan Biosynthetic Process (GO:0006023)","1/21",0.147200701755112,0.322989969553571,0,0,6.60966666666667,12.6638457455331,"PXYLP1"
"Porphyrin-Containing Compound Biosynthetic Process (GO:0006779)","1/21",0.147200701755112,0.322989969553571,0,0,6.60966666666667,12.6638457455331,"RSAD1"
"Cellular Response To Nerve Growth Factor Stimulus (GO:1990090)","1/21",0.147200701755112,0.322989969553571,0,0,6.60966666666667,12.6638457455331,"MAGI2"
"Endocardial Cushion Morphogenesis (GO:0003203)","1/21",0.147200701755112,0.322989969553571,0,0,6.60966666666667,12.6638457455331,"BMP4"
"Sodium Ion Import Across Plasma Membrane (GO:0098719)","1/21",0.147200701755112,0.322989969553571,0,0,6.60966666666667,12.6638457455331,"SLC9A9"
"Focal Adhesion Assembly (GO:0048041)","1/21",0.147200701755112,0.322989969553571,0,0,6.60966666666667,12.6638457455331,"TESK2"
"Positive Regulation Of Apoptotic Process (GO:0043065)","4/270",0.147999031069301,0.324072105145563,0,0,2.00327348984707,3.82735326869801,"BMP4;LGALS2;BNIP3;RNF122"
"Positive Regulation Of Binding (GO:0051099)","2/91",0.150648489642286,0.326998301556592,0,0,2.98016740818943,5.64087886764031,"BMP4;TRIB3"
"Positive Regulation Of Cell Migration (GO:0030335)","4/272",0.150792122400473,0.326998301556592,0,0,1.98812062138288,3.76123208816362,"COL1A1;SHTN1;DAAM2;RUFY3"
"Steroid Metabolic Process (GO:0008202)","2/92",0.153273323625268,0.326998301556592,0,0,2.9469052945563,5.52701672046949,"MSMO1;FDFT1"
"Positive Regulation Of Neuron Projection Development (GO:0010976)","2/92",0.153273323625268,0.326998301556592,0,0,2.9469052945563,5.52701672046949,"MAGI2;VLDLR"
"Fc Receptor Mediated Stimulatory Signaling Pathway (GO:0002431)","1/22",0.153646094610866,0.326998301556592,0,0,6.29460317460317,11.7904426593972,"VAV3"
"Fc-epsilon Receptor Signaling Pathway (GO:0038095)","1/22",0.153646094610866,0.326998301556592,0,0,6.29460317460317,11.7904426593972,"VAV3"
"Acetylcholine Receptor Signaling Pathway (GO:0095500)","1/22",0.153646094610866,0.326998301556592,0,0,6.29460317460317,11.7904426593972,"PLCB1"
"Platelet Dense Granule Organization (GO:0060155)","1/22",0.153646094610866,0.326998301556592,0,0,6.29460317460317,11.7904426593972,"HPS3"
"Cellular Response To Low-Density Lipoprotein Particle Stimulus (GO:0071404)","1/22",0.153646094610866,0.326998301556592,0,0,6.29460317460317,11.7904426593972,"LDLR"
"Cellular Response To Topologically Incorrect Protein (GO:0035967)","1/22",0.153646094610866,0.326998301556592,0,0,6.29460317460317,11.7904426593972,"OPTN"
"Cytoskeleton-Dependent Intracellular Transport (GO:0030705)","1/22",0.153646094610866,0.326998301556592,0,0,6.29460317460317,11.7904426593972,"CCDC88B"
"Positive Regulation Of Phosphatase Activity (GO:0010922)","1/22",0.153646094610866,0.326998301556592,0,0,6.29460317460317,11.7904426593972,"MAGI2"
"Positive Regulation Of Receptor Internalization (GO:0002092)","1/22",0.153646094610866,0.326998301556592,0,0,6.29460317460317,11.7904426593972,"MAGI2"
"rRNA Methylation (GO:0031167)","1/22",0.153646094610866,0.326998301556592,0,0,6.29460317460317,11.7904426593972,"MRM1"
"Regulation Of Endothelial Cell Proliferation (GO:0001936)","2/93",0.155907140688983,0.331146766823399,0,0,2.91437421638764,5.41634903776827,"BMP4;VEGFB"
"Regulation Of Cholesterol Metabolic Process (GO:0090181)","1/23",0.160043093951766,0.332614023046528,0,0,6.00818181818182,11.0088646218556,"LPCAT3"
"Regulation Of Cholesterol Transport (GO:0032374)","1/23",0.160043093951766,0.332614023046528,0,0,6.00818181818182,11.0088646218556,"ABCA2"
"Negative Regulation Of Protein Depolymerization (GO:1901880)","1/23",0.160043093951766,0.332614023046528,0,0,6.00818181818182,11.0088646218556,"FGF13"
"Actin Nucleation (GO:0045010)","1/23",0.160043093951766,0.332614023046528,0,0,6.00818181818182,11.0088646218556,"IQGAP2"
"Regulation Of Lipid Catabolic Process (GO:0050994)","1/23",0.160043093951766,0.332614023046528,0,0,6.00818181818182,11.0088646218556,"ABCD1"
"Response To BMP (GO:0071772)","1/23",0.160043093951766,0.332614023046528,0,0,6.00818181818182,11.0088646218556,"BMP4"
"Cytosolic Pattern Recognition Receptor Signaling Pathway (GO:0002753)","1/23",0.160043093951766,0.332614023046528,0,0,6.00818181818182,11.0088646218556,"MAP2K6"
"Diacylglycerol Metabolic Process (GO:0046339)","1/23",0.160043093951766,0.332614023046528,0,0,6.00818181818182,11.0088646218556,"DGKG"
"Endocardial Cushion Development (GO:0003197)","1/23",0.160043093951766,0.332614023046528,0,0,6.00818181818182,11.0088646218556,"BMP4"
"Positive Regulation Of Morphogenesis Of An Epithelium (GO:1905332)","1/23",0.160043093951766,0.332614023046528,0,0,6.00818181818182,11.0088646218556,"BMP4"
"Protein N-linked Glycosylation Via Asparagine (GO:0018279)","1/23",0.160043093951766,0.332614023046528,0,0,6.00818181818182,11.0088646218556,"ST6GAL1"
"Cell Junction Assembly (GO:0034329)","2/95",0.161200597869564,0.33436530261226,0,0,2.851410839287,5.20412629001843,"TRPV4;NRXN2"
"Negative Regulation Of Programmed Cell Death (GO:0043069)","5/381",0.16198922545511,0.335346115854438,0,0,1.77362649373361,3.22840009243952,"BMP4;RNF157;BNIP3;SERPINB9;SLC7A11"
"Phosphate-Containing Compound Metabolic Process (GO:0006796)","3/184",0.162646550511969,0.33605182226403,0,0,2.20262804240705,4.00035982263654,"PXYLP1;PLB1;PLCD1"
"Cellular Response To Transforming Growth Factor Beta Stimulus (GO:0071560)","2/96",0.163859684006474,0.336859613912194,0,0,2.82093388547765,5.10234950413593,"WWOX;COL1A2"
"Negative Regulation Of Macromolecule Metabolic Process (GO:0010605)","3/186",0.166305665064584,0.336859613912194,0,0,2.17833407177669,3.90777411011097,"BMP4;LDLR;OPTN"
"Fc-gamma Receptor Signaling Pathway (GO:0038094)","1/24",0.166392060665324,0.336859613912194,0,0,5.74666666666667,10.3061206402528,"VAV3"
"Outflow Tract Septum Morphogenesis (GO:0003148)","1/24",0.166392060665324,0.336859613912194,0,0,5.74666666666667,10.3061206402528,"BMP4"
"Positive Regulation Of BMP Signaling Pathway (GO:0030513)","1/24",0.166392060665324,0.336859613912194,0,0,5.74666666666667,10.3061206402528,"BMP4"
"Response To Hexose (GO:0009746)","1/24",0.166392060665324,0.336859613912194,0,0,5.74666666666667,10.3061206402528,"KHK"
"Ear Morphogenesis (GO:0042471)","1/24",0.166392060665324,0.336859613912194,0,0,5.74666666666667,10.3061206402528,"MYO6"
"Positive Regulation Of p38MAPK Cascade (GO:1900745)","1/24",0.166392060665324,0.336859613912194,0,0,5.74666666666667,10.3061206402528,"BMP4"
"Mononuclear Cell Differentiation (GO:1903131)","1/24",0.166392060665324,0.336859613912194,0,0,5.74666666666667,10.3061206402528,"BMP4"
"Central Nervous System Development (GO:0007417)","4/283",0.16650745340599,0.336859613912194,0,0,1.90866310681979,3.42168937351013,"ARNT2;ADGRG1;BTD;PTS"
"Monocarboxylic Acid Metabolic Process (GO:0032787)","2/97",0.166526645295576,0.336859613912194,0,0,2.7910985517485,5.00332312587272,"BTD;MSMO1"
"MAPK Cascade (GO:0000165)","2/98",0.169201213774925,0.338377012778452,0,0,2.76188478747204,4.90694861576061,"FGF13;MAP2K6"
"Negative Regulation Of Intracellular Protein Transport (GO:0090317)","1/25",0.17269335303759,0.338377012778452,0,0,5.50694444444444,9.67150390255277,"INSIG1"
"Negative Regulation Of Lipid Biosynthetic Process (GO:0051055)","1/25",0.17269335303759,0.338377012778452,0,0,5.50694444444444,9.67150390255277,"TRIB3"
"Negative Regulation Of Response To Endoplasmic Reticulum Stress (GO:1903573)","1/25",0.17269335303759,0.338377012778452,0,0,5.50694444444444,9.67150390255277,"LPCAT3"
"Organophosphate Ester Transport (GO:0015748)","1/25",0.17269335303759,0.338377012778452,0,0,5.50694444444444,9.67150390255277,"LDLR"
"Phosphatidylethanolamine Metabolic Process (GO:0046337)","1/25",0.17269335303759,0.338377012778452,0,0,5.50694444444444,9.67150390255277,"SFI1"
"Cellular Response To Hexose Stimulus (GO:0071331)","1/25",0.17269335303759,0.338377012778452,0,0,5.50694444444444,9.67150390255277,"PCK2"
"Cellular Response To Steroid Hormone Stimulus (GO:0071383)","1/25",0.17269335303759,0.338377012778452,0,0,5.50694444444444,9.67150390255277,"BMP4"
"Secretory Granule Organization (GO:0033363)","1/25",0.17269335303759,0.338377012778452,0,0,5.50694444444444,9.67150390255277,"HPS3"
"Sterol Transport (GO:0015918)","1/25",0.17269335303759,0.338377012778452,0,0,5.50694444444444,9.67150390255277,"LDLR"
"fatty-acyl-CoA Biosynthetic Process (GO:0046949)","1/25",0.17269335303759,0.338377012778452,0,0,5.50694444444444,9.67150390255277,"SLC25A1"
"Inner Ear Morphogenesis (GO:0042472)","1/25",0.17269335303759,0.338377012778452,0,0,5.50694444444444,9.67150390255277,"MYO6"
"Positive Regulation Of Release Of Cytochrome C From Mitochondria (GO:0090200)","1/25",0.17269335303759,0.338377012778452,0,0,5.50694444444444,9.67150390255277,"BNIP3"
"Long-Chain Fatty Acid Biosynthetic Process (GO:0042759)","1/25",0.17269335303759,0.338377012778452,0,0,5.50694444444444,9.67150390255277,"FADS1"
"Metanephros Development (GO:0001656)","1/25",0.17269335303759,0.338377012778452,0,0,5.50694444444444,9.67150390255277,"BMP4"
"Purine Ribonucleotide Catabolic Process (GO:0009154)","1/25",0.17269335303759,0.338377012778452,0,0,5.50694444444444,9.67150390255277,"NUDT18"
"Regulation Of Cell Size (GO:0008361)","1/25",0.17269335303759,0.338377012778452,0,0,5.50694444444444,9.67150390255277,"VAV3"
"Visual Perception (GO:0007601)","2/101",0.177267936149701,0.342418127820854,0,0,2.67778455697919,4.63281612322646,"COL1A1;COL2A1"
"DNA-templated Transcription Elongation (GO:0006354)","1/26",0.17894732668604,0.342418127820854,0,0,5.2864,9.09611701065949,"TCEA2"
"Fc Receptor Signaling Pathway (GO:0038093)","1/26",0.17894732668604,0.342418127820854,0,0,5.2864,9.09611701065949,"VAV3"
"Negative Regulation Of Lipid Metabolic Process (GO:0045833)","1/26",0.17894732668604,0.342418127820854,0,0,5.2864,9.09611701065949,"SREBF1"
"L-amino Acid Transport (GO:0015807)","1/26",0.17894732668604,0.342418127820854,0,0,5.2864,9.09611701065949,"SLC7A11"
"Regulation Of Fatty Acid Biosynthetic Process (GO:0042304)","1/26",0.17894732668604,0.342418127820854,0,0,5.2864,9.09611701065949,"TRIB3"
"Wnt Signaling Pathway, Planar Cell Polarity Pathway (GO:0060071)","1/26",0.17894732668604,0.342418127820854,0,0,5.2864,9.09611701065949,"MAGI2"
"Organelle Fusion (GO:0048284)","1/26",0.17894732668604,0.342418127820854,0,0,5.2864,9.09611701065949,"MIGA1"
"Regulation Of Reactive Oxygen Species Biosynthetic Process (GO:1903426)","1/26",0.17894732668604,0.342418127820854,0,0,5.2864,9.09611701065949,"ABCD1"
"Establishment Or Maintenance Of Apical/Basal Cell Polarity (GO:0035088)","1/26",0.17894732668604,0.342418127820854,0,0,5.2864,9.09611701065949,"PARD3B"
"Positive Regulation Of Microtubule Polymerization Or Depolymerization (GO:0031112)","1/26",0.17894732668604,0.342418127820854,0,0,5.2864,9.09611701065949,"TRPV4"
"Positive Regulation Of Monooxygenase Activity (GO:0032770)","1/26",0.17894732668604,0.342418127820854,0,0,5.2864,9.09611701065949,"GCH1"
"Regulation Of Cardiac Muscle Cell Contraction (GO:0086004)","1/26",0.17894732668604,0.342418127820854,0,0,5.2864,9.09611701065949,"FGF13"
"Activation Of GTPase Activity (GO:0090630)","2/102",0.17997032451744,0.342524166017063,0,0,2.65087248322148,4.54614903621943,"ARHGEF19;TBC1D16"
"Sensory Perception Of Light Stimulus (GO:0050953)","2/102",0.17997032451744,0.342524166017063,0,0,2.65087248322148,4.54614903621943,"COL1A1;COL2A1"
"Protein Catabolic Process (GO:0030163)","2/102",0.17997032451744,0.342524166017063,0,0,2.65087248322148,4.54614903621943,"BNIP3;SFI1"
"Inorganic Cation Import Across Plasma Membrane (GO:0098659)","2/103",0.182679032894548,0.344210193215302,0,0,2.6244933218154,4.4617031693775,"TRPV4;SLC9A9"
"Negative Regulation Of Neurogenesis (GO:0050768)","1/27",0.185154334569681,0.344210193215302,0,0,5.08282051282051,8.57251002850938,"RUFY3"
"Regulation Of Insulin Secretion Involved In Cellular Response To Glucose Stimulus (GO:0061178)","1/27",0.185154334569681,0.344210193215302,0,0,5.08282051282051,8.57251002850938,"CFTR"
"Cell Surface Receptor Signaling Pathway Involved In Cell-Cell Signaling (GO:1905114)","1/27",0.185154334569681,0.344210193215302,0,0,5.08282051282051,8.57251002850938,"BMP4"
"Phospholipid Biosynthetic Process (GO:0008654)","1/27",0.185154334569681,0.344210193215302,0,0,5.08282051282051,8.57251002850938,"FADS1"
"Respiratory Tube Development (GO:0030323)","1/27",0.185154334569681,0.344210193215302,0,0,5.08282051282051,8.57251002850938,"BMP4"
"Clathrin-Dependent Endocytosis (GO:0072583)","1/27",0.185154334569681,0.344210193215302,0,0,5.08282051282051,8.57251002850938,"MAGI2"
"Cortical Cytoskeleton Organization (GO:0030865)","1/27",0.185154334569681,0.344210193215302,0,0,5.08282051282051,8.57251002850938,"TRPV4"
"Ventricular Septum Morphogenesis (GO:0060412)","1/27",0.185154334569681,0.344210193215302,0,0,5.08282051282051,8.57251002850938,"BMP4"
"In Utero Embryonic Development (GO:0001701)","1/27",0.185154334569681,0.344210193215302,0,0,5.08282051282051,8.57251002850938,"ARNT2"
"Positive Regulation Of Ubiquitin-Protein Transferase Activity (GO:0051443)","1/27",0.185154334569681,0.344210193215302,0,0,5.08282051282051,8.57251002850938,"TRIB3"
"Regulation Of SMAD Protein Signal Transduction (GO:0060390)","1/27",0.185154334569681,0.344210193215302,0,0,5.08282051282051,8.57251002850938,"BMP4"
"Regulation Of Actin Polymerization Or Depolymerization (GO:0008064)","1/27",0.185154334569681,0.344210193215302,0,0,5.08282051282051,8.57251002850938,"DAAM2"
"Positive Regulation Of Inflammatory Response (GO:0050729)","2/104",0.185393814048166,0.344210193215302,0,0,2.59863139886827,4.37940331226794,"LGALS2;CASP1"
"Positive Regulation Of Stress-Activated MAPK Cascade (GO:0032874)","2/105",0.188114424105516,0.346126473726481,0,0,2.57327164918225,4.29917745666411,"BMP4;PLCB1"
"Intrinsic Apoptotic Signaling Pathway (GO:0097193)","2/105",0.188114424105516,0.346126473726481,0,0,2.57327164918225,4.29917745666411,"BNIP3;TRIB3"
"Negative Regulation Of MAPK Cascade (GO:0043409)","2/105",0.188114424105516,0.346126473726481,0,0,2.57327164918225,4.29917745666411,"BMP4;PSCA"
"Golgi To Plasma Membrane Protein Transport (GO:0043001)","1/28",0.191314727003243,0.346126473726481,0,0,4.89432098765432,8.09440141448877,"OPTN"
"Regulation Of Nitric-Oxide Synthase Activity (GO:0050999)","1/28",0.191314727003243,0.346126473726481,0,0,4.89432098765432,8.09440141448877,"GCH1"
"Diterpenoid Metabolic Process (GO:0016101)","1/28",0.191314727003243,0.346126473726481,0,0,4.89432098765432,8.09440141448877,"PLB1"
"Fatty Acid Derivative Biosynthetic Process (GO:1901570)","1/28",0.191314727003243,0.346126473726481,0,0,4.89432098765432,8.09440141448877,"SLC25A1"
"Glycosaminoglycan Metabolic Process (GO:0030203)","1/28",0.191314727003243,0.346126473726481,0,0,4.89432098765432,8.09440141448877,"PXYLP1"
"Vascular Endothelial Growth Factor Receptor Signaling Pathway (GO:0048010)","1/28",0.191314727003243,0.346126473726481,0,0,4.89432098765432,8.09440141448877,"VEGFB"
"Hematopoietic Progenitor Cell Differentiation (GO:0002244)","1/28",0.191314727003243,0.346126473726481,0,0,4.89432098765432,8.09440141448877,"BMP4"
"Vesicle Coating (GO:0006901)","1/28",0.191314727003243,0.346126473726481,0,0,4.89432098765432,8.09440141448877,"AP3M2"
"Protein Depolymerization (GO:0051261)","1/28",0.191314727003243,0.346126473726481,0,0,4.89432098765432,8.09440141448877,"NCKAP5L"
"Protein Localization To Golgi Apparatus (GO:0034067)","1/28",0.191314727003243,0.346126473726481,0,0,4.89432098765432,8.09440141448877,"OPTN"
"Pyroptosis (GO:0070269)","1/28",0.191314727003243,0.346126473726481,0,0,4.89432098765432,8.09440141448877,"CASP1"
"Regulation Of Cardiac Muscle Cell Action Potential (GO:0098901)","1/28",0.191314727003243,0.346126473726481,0,0,4.89432098765432,8.09440141448877,"FGF13"
"Positive Regulation Of T Cell Activation (GO:0050870)","2/107",0.193572171781473,0.349021471021942,0,0,2.52400127836369,4.14467475390754,"CCDC88B;CD276"
"Positive Regulation Of Autophagy (GO:0010508)","2/107",0.193572171781473,0.349021471021942,0,0,2.52400127836369,4.14467475390754,"BNIP3;OPTN"
"Organic Substance Transport (GO:0071702)","3/201",0.194476384038421,0.350057491269159,0,0,2.01177313677314,3.29416694279501,"ABCA2;TRPV4;ABCD1"
"Regulation Of Developmental Growth (GO:0048638)","1/29",0.197428851826455,0.351794363489422,0,0,4.71928571428571,7.6564606156195,"PLCB1"
"RNA Biosynthetic Process (GO:0032774)","1/29",0.197428851826455,0.351794363489422,0,0,4.71928571428571,7.6564606156195,"TCEA2"
"Alpha-Amino Acid Metabolic Process (GO:1901605)","1/29",0.197428851826455,0.351794363489422,0,0,4.71928571428571,7.6564606156195,"SRR"
"Regulation Of Neuron Migration (GO:2001222)","1/29",0.197428851826455,0.351794363489422,0,0,4.71928571428571,7.6564606156195,"SHTN1"
"Phosphatidic Acid Biosynthetic Process (GO:0006654)","1/29",0.197428851826455,0.351794363489422,0,0,4.71928571428571,7.6564606156195,"DGKG"
"Chondrocyte Differentiation (GO:0002062)","1/29",0.197428851826455,0.351794363489422,0,0,4.71928571428571,7.6564606156195,"BMP4"
"Negative Regulation Of Developmental Process (GO:0051093)","2/109",0.19905039000982,0.352907369266158,0,0,2.47657279056639,3.99767703793852,"BMP4;BNIP3"
"Positive Regulation Of Wnt Signaling Pathway (GO:0030177)","2/109",0.19905039000982,0.352907369266158,0,0,2.47657279056639,3.99767703793852,"COL1A1;DAAM2"
"Regulation Of Wnt Signaling Pathway (GO:0030111)","2/109",0.19905039000982,0.352907369266158,0,0,2.47657279056639,3.99767703793852,"WWOX;DAAM2"
"Defense Response To Bacterium (GO:0042742)","3/204",0.200249018338291,0.354440762458774,0,0,1.98144413069786,3.18654576028745,"CASP1;ISG15;OPTN"
"Adenylate Cyclase-Activating G Protein-Coupled Receptor Signaling Pathway (GO:0007189)","2/110",0.201796600236435,0.355993337958629,0,0,2.45351727566493,3.92684217725424,"ADGRG1;GNG2"
"Response To Lipid (GO:0033993)","2/110",0.201796600236435,0.355993337958629,0,0,2.45351727566493,3.92684217725424,"SRR;GCH1"
"Artery Morphogenesis (GO:0048844)","1/30",0.203497054185714,0.356036032199716,0,0,4.55632183908046,7.25413708597972,"BMP4"
"Regulation Of Potassium Ion Transport (GO:0043266)","1/30",0.203497054185714,0.356036032199716,0,0,4.55632183908046,7.25413708597972,"KCNIP1"
"Embryonic Skeletal System Morphogenesis (GO:0048704)","1/30",0.203497054185714,0.356036032199716,0,0,4.55632183908046,7.25413708597972,"COL2A1"
"Positive Regulation Of Interleukin-10 Production (GO:0032733)","1/30",0.203497054185714,0.356036032199716,0,0,4.55632183908046,7.25413708597972,"ISG15"
"Intrinsic Apoptotic Signaling Pathway In Response To Endoplasmic Reticulum Stress (GO:0070059)","1/30",0.203497054185714,0.356036032199716,0,0,4.55632183908046,7.25413708597972,"TRIB3"
"Negative Regulation Of Transmembrane Receptor Protein Serine/Threonine Kinase Signaling Pathway (GO:0090101)","2/111",0.204547243908557,0.356698149476006,0,0,2.43088479773413,3.85770796529972,"CAPN5;MAGI2"
"Mitotic Cell Cycle Phase Transition (GO:0044772)","2/111",0.204547243908557,0.356698149476006,0,0,2.43088479773413,3.85770796529972,"CCNG2;PLCB1"
"Regulation Of Protein Serine/Threonine Kinase Activity (GO:0071900)","2/112",0.207302099438482,0.359466715130998,0,0,2.40866381940207,3.79022071368171,"CCNG2;TRIB3"
"Small GTPase Mediated Signal Transduction (GO:0007264)","2/112",0.207302099438482,0.359466715130998,0,0,2.40866381940207,3.79022071368171,"SHTN1;RALGDS"
"Negative Regulation Of Developmental Growth (GO:0048640)","1/31",0.209519676710064,0.359466715130998,0,0,4.40422222222222,6.88352460581978,"FGF13"
"Negative Regulation Of Microtubule Polymerization Or Depolymerization (GO:0031111)","1/31",0.209519676710064,0.359466715130998,0,0,4.40422222222222,6.88352460581978,"FGF13"
"Cellular Response To cAMP (GO:0071320)","1/31",0.209519676710064,0.359466715130998,0,0,4.40422222222222,6.88352460581978,"CFTR"
"Positive Regulation Of G1/S Transition Of Mitotic Cell Cycle (GO:1900087)","1/31",0.209519676710064,0.359466715130998,0,0,4.40422222222222,6.88352460581978,"PLCB1"
"Positive Regulation Of Rho Protein Signal Transduction (GO:0035025)","1/31",0.209519676710064,0.359466715130998,0,0,4.40422222222222,6.88352460581978,"ADGRG1"
"Positive Regulation Of Cholesterol Transport (GO:0032376)","1/31",0.209519676710064,0.359466715130998,0,0,4.40422222222222,6.88352460581978,"LPCAT3"
"Positive Regulation Of Extrinsic Apoptotic Signaling Pathway (GO:2001238)","1/31",0.209519676710064,0.359466715130998,0,0,4.40422222222222,6.88352460581978,"WWOX"
"Receptor Signaling Pathway Via STAT (GO:0097696)","1/31",0.209519676710064,0.359466715130998,0,0,4.40422222222222,6.88352460581978,"STAT2"
"Response To Endoplasmic Reticulum Stress (GO:0034976)","2/114",0.212823575032352,0.36326647171521,0,0,2.36541227229147,3.65998287705549,"TRIB3;CFTR"
"Regulation Of MAP Kinase Activity (GO:0043405)","2/114",0.212823575032352,0.36326647171521,0,0,2.36541227229147,3.65998287705549,"BMP4;TRIB3"
"Regulation Of Cholesterol Efflux (GO:0010874)","1/32",0.215497059492074,0.36326647171521,0,0,4.26193548387097,6.54125273826725,"ABCA2"
"Negative Regulation Of Fat Cell Differentiation (GO:0045599)","1/32",0.215497059492074,0.36326647171521,0,0,4.26193548387097,6.54125273826725,"TRIB3"
"Cellular Nitrogen Compound Biosynthetic Process (GO:0044271)","1/32",0.215497059492074,0.36326647171521,0,0,4.26193548387097,6.54125273826725,"GCH1"
"Regulation Of Transmembrane Transport (GO:0034762)","1/32",0.215497059492074,0.36326647171521,0,0,4.26193548387097,6.54125273826725,"TRIB3"
"Regulation Of Ubiquitin-Protein Transferase Activity (GO:0051438)","1/32",0.215497059492074,0.36326647171521,0,0,4.26193548387097,6.54125273826725,"TRIB3"
"Respiratory System Development (GO:0060541)","1/32",0.215497059492074,0.36326647171521,0,0,4.26193548387097,6.54125273826725,"BMP4"
"Glycosphingolipid Metabolic Process (GO:0006687)","1/32",0.215497059492074,0.36326647171521,0,0,4.26193548387097,6.54125273826725,"ABCA2"
"Proteoglycan Biosynthetic Process (GO:0030166)","1/32",0.215497059492074,0.36326647171521,0,0,4.26193548387097,6.54125273826725,"PXYLP1"
"Mitochondrial Membrane Organization (GO:0007006)","1/32",0.215497059492074,0.36326647171521,0,0,4.26193548387097,6.54125273826725,"BNIP3"
"Protein Processing (GO:0016485)","2/117",0.221132011695144,0.36686142218893,0,0,2.30335570469799,3.47575320398184,"IMMP2L;CASP1"
"Regulation Of Potassium Ion Transmembrane Transport (GO:1901379)","1/33",0.22142954013475,0.36686142218893,0,0,4.12854166666667,6.22439932547978,"KCNIP1"
"Carboxylic Acid Metabolic Process (GO:0019752)","1/33",0.22142954013475,0.36686142218893,0,0,4.12854166666667,6.22439932547978,"ST6GAL1"
"Regulation Of Protein Polymerization (GO:0032271)","1/33",0.22142954013475,0.36686142218893,0,0,4.12854166666667,6.22439932547978,"DAAM2"
"Phosphatidic Acid Metabolic Process (GO:0046473)","1/33",0.22142954013475,0.36686142218893,0,0,4.12854166666667,6.22439932547978,"DGKG"
"Signal Transduction By P53 Class Mediator (GO:0072331)","1/33",0.22142954013475,0.36686142218893,0,0,4.12854166666667,6.22439932547978,"MYO6"
"Epithelial Tube Morphogenesis (GO:0060562)","1/33",0.22142954013475,0.36686142218893,0,0,4.12854166666667,6.22439932547978,"BMP4"
"Positive Regulation Of Interleukin-12 Production (GO:0032735)","1/33",0.22142954013475,0.36686142218893,0,0,4.12854166666667,6.22439932547978,"PLCB1"
"Positive Regulation Of Ion Transmembrane Transporter Activity (GO:0032414)","1/33",0.22142954013475,0.36686142218893,0,0,4.12854166666667,6.22439932547978,"CFTR"
"Positive Regulation Of Protein Dephosphorylation (GO:0035307)","1/33",0.22142954013475,0.36686142218893,0,0,4.12854166666667,6.22439932547978,"MAGI2"
"Lung Development (GO:0030324)","1/33",0.22142954013475,0.36686142218893,0,0,4.12854166666667,6.22439932547978,"BMP4"
"Regulation Of Protein Binding (GO:0043393)","2/118",0.223907653840139,0.370389296539295,0,0,2.28338347604721,3.41713262853171,"BMP4;TRIB3"
"Negative Regulation Of Mitotic Cell Cycle (GO:0045930)","1/34",0.227317453655071,0.370831237759885,0,0,4.00323232323232,5.93041944554763,"BMP4"
"Apoptotic Mitochondrial Changes (GO:0008637)","1/34",0.227317453655071,0.370831237759885,0,0,4.00323232323232,5.93041944554763,"BNIP3"
"Organophosphate Biosynthetic Process (GO:0090407)","1/34",0.227317453655071,0.370831237759885,0,0,4.00323232323232,5.93041944554763,"FADS1"
"Cellular Response To Glucose Stimulus (GO:0071333)","1/34",0.227317453655071,0.370831237759885,0,0,4.00323232323232,5.93041944554763,"PCK2"
"Cellular Response To Vascular Endothelial Growth Factor Stimulus (GO:0035924)","1/34",0.227317453655071,0.370831237759885,0,0,4.00323232323232,5.93041944554763,"VEGFB"
"Response To Estrogen (GO:0043627)","1/34",0.227317453655071,0.370831237759885,0,0,4.00323232323232,5.93041944554763,"SERPINB9"
"Embryonic Skeletal System Development (GO:0048706)","1/34",0.227317453655071,0.370831237759885,0,0,4.00323232323232,5.93041944554763,"COL1A1"
"Purine Nucleotide Metabolic Process (GO:0006163)","1/34",0.227317453655071,0.370831237759885,0,0,4.00323232323232,5.93041944554763,"IDH1"
"Negative Regulation Of Cell Cycle Process (GO:0010948)","1/34",0.227317453655071,0.370831237759885,0,0,4.00323232323232,5.93041944554763,"BMP4"
"Protein Ubiquitination (GO:0016567)","5/434",0.231200755333399,0.376317815936921,0,0,1.55027620781045,2.27033125426472,"RNF157;ISG15;FBXO32;RNF122;PCMTD1"
"Neutral Amino Acid Transport (GO:0015804)","1/35",0.233161132661482,0.376317815936921,0,0,3.88529411764706,5.6570873411604,"SLC7A11"
"One-Carbon Compound Transport (GO:0019755)","1/35",0.233161132661482,0.376317815936921,0,0,3.88529411764706,5.6570873411604,"CFTR"
"Regulation Of Regulated Secretory Pathway (GO:1903305)","1/35",0.233161132661482,0.376317815936921,0,0,3.88529411764706,5.6570873411604,"RAB3D"
"Positive Regulation Of Cell Development (GO:0010720)","1/35",0.233161132661482,0.376317815936921,0,0,3.88529411764706,5.6570873411604,"BMP4"
"Glutamate Receptor Signaling Pathway (GO:0007215)","1/35",0.233161132661482,0.376317815936921,0,0,3.88529411764706,5.6570873411604,"PLCB1"
"Liver Development (GO:0001889)","1/35",0.233161132661482,0.376317815936921,0,0,3.88529411764706,5.6570873411604,"PCK2"
"Positive Regulation Of Cell Motility (GO:2000147)","3/221",0.233665983795872,0.37656035628409,0,0,1.82534713612695,2.6538039387705,"COL1A1;DAAM2;RUFY3"
"Fatty Acid Metabolic Process (GO:0006631)","2/122",0.235035699667119,0.377051228166888,0,0,2.20682326621924,3.19551950974561,"MSMO1;ABCD1"
"Potassium Ion Transport (GO:0006813)","2/122",0.235035699667119,0.377051228166888,0,0,2.20682326621924,3.19551950974561,"KCNK10;SLC9A9"
"Protein Localization To Nucleus (GO:0034504)","2/122",0.235035699667119,0.377051228166888,0,0,2.20682326621924,3.19551950974561,"BMP4;COL1A1"
"Positive Regulation Of Epithelial Cell Proliferation (GO:0050679)","2/123",0.237823110879212,0.379904915423363,0,0,2.1884741250208,3.14314806346226,"BMP4;VEGFB"
"DNA Damage Response, Signal Transduction By P53 Class Mediator (GO:0030330)","1/36",0.238960907253114,0.379904915423363,0,0,3.77409523809524,5.40244866300853,"MYO6"
"Negative Regulation Of Protein Kinase B Signaling (GO:0051898)","1/36",0.238960907253114,0.379904915423363,0,0,3.77409523809524,5.40244866300853,"MAGI2"
"Regulation Of Receptor Internalization (GO:0002090)","1/36",0.238960907253114,0.379904915423363,0,0,3.77409523809524,5.40244866300853,"MAGI2"
"Positive Regulation Of Interferon-Beta Production (GO:0032728)","1/36",0.238960907253114,0.379904915423363,0,0,3.77409523809524,5.40244866300853,"ISG15"
"Receptor Signaling Pathway Via JAK-STAT (GO:0007259)","1/36",0.238960907253114,0.379904915423363,0,0,3.77409523809524,5.40244866300853,"STAT2"
"Response To Cytokine (GO:0034097)","2/125",0.243403093861519,0.381026811995825,0,0,2.15267092268238,3.04180234404741,"GCH1;ISG15"
"Negative Regulation Of Smooth Muscle Cell Proliferation (GO:0048662)","1/37",0.244717105179313,0.381026811995825,0,0,3.66907407407407,5.16478095668615,"BMP4"
"Aortic Valve Morphogenesis (GO:0003180)","1/37",0.244717105179313,0.381026811995825,0,0,3.66907407407407,5.16478095668615,"BMP4"
"Regulation Of Ossification (GO:0030278)","1/37",0.244717105179313,0.381026811995825,0,0,3.66907407407407,5.16478095668615,"BMP4"
"Regulation Of p38MAPK Cascade (GO:1900744)","1/37",0.244717105179313,0.381026811995825,0,0,3.66907407407407,5.16478095668615,"BMP4"
"Regulation Of Phosphoprotein Phosphatase Activity (GO:0043666)","1/37",0.244717105179313,0.381026811995825,0,0,3.66907407407407,5.16478095668615,"MAGI2"
"Calcium Ion Import Across Plasma Membrane (GO:0098703)","1/37",0.244717105179313,0.381026811995825,0,0,3.66907407407407,5.16478095668615,"TRPV4"
"Regulation Of Sodium Ion Transmembrane Transporter Activity (GO:2000649)","1/37",0.244717105179313,0.381026811995825,0,0,3.66907407407407,5.16478095668615,"FGF13"
"Regulation Of Vascular Associated Smooth Muscle Cell Proliferation (GO:1904705)","1/37",0.244717105179313,0.381026811995825,0,0,3.66907407407407,5.16478095668615,"BMP4"
"Synaptic Vesicle Cycle (GO:0099504)","1/37",0.244717105179313,0.381026811995825,0,0,3.66907407407407,5.16478095668615,"AP3M2"
"Type I Interferon-Mediated Signaling Pathway (GO:0060337)","1/37",0.244717105179313,0.381026811995825,0,0,3.66907407407407,5.16478095668615,"STAT2"
"Melanosome Organization (GO:0032438)","1/37",0.244717105179313,0.381026811995825,0,0,3.66907407407407,5.16478095668615,"HPS3"
"Mitochondrion Disassembly (GO:0061726)","1/37",0.244717105179313,0.381026811995825,0,0,3.66907407407407,5.16478095668615,"BNIP3"
"Positive Regulation Of Nucleic Acid-Templated Transcription (GO:1903508)","6/557",0.24535485247667,0.381026811995825,0,0,1.44925214343826,2.0362713456926,"COL1A1;BMP4;ARNT2;NFATC2;PLCB1;MTA3"
"Cellular Response To Starvation (GO:0009267)","2/126",0.246195299489143,0.381026811995825,0,0,2.13520242476727,2.99276411126171,"SREBF1;FADS1"
"Apoptotic Process (GO:0006915)","3/228",0.247713343384209,0.381026811995825,0,0,1.76792792792793,2.46711350089824,"CASP12;BNIP3;PRUNE2"
"Cellular Response To Lipid (GO:0071396)","3/228",0.247713343384209,0.381026811995825,0,0,1.76792792792793,2.46711350089824,"INSIG1;CASP1;CFTR"
"Regulation Of Anatomical Structure Morphogenesis (GO:0022603)","2/127",0.24898874151203,0.381026811995825,0,0,2.11801342281879,2.94477487569081,"RUFY3;STAT2"
"G2/M Transition Of Mitotic Cell Cycle (GO:0000086)","1/38",0.25043005157541,0.381026811995825,0,0,3.56972972972973,4.94256079903192,"PLCB1"
"Regulation Of Protein Import Into Nucleus (GO:0042306)","1/38",0.25043005157541,0.381026811995825,0,0,3.56972972972973,4.94256079903192,"BMP4"
"Cellular Response To Type I Interferon (GO:0071357)","1/38",0.25043005157541,0.381026811995825,0,0,3.56972972972973,4.94256079903192,"STAT2"
"Response To cAMP (GO:0051591)","1/38",0.25043005157541,0.381026811995825,0,0,3.56972972972973,4.94256079903192,"CFTR"
"Connective Tissue Development (GO:0061448)","1/38",0.25043005157541,0.381026811995825,0,0,3.56972972972973,4.94256079903192,"COL2A1"
"Response To Peptide (GO:1901652)","1/38",0.25043005157541,0.381026811995825,0,0,3.56972972972973,4.94256079903192,"STAT2"
"Response To Transforming Growth Factor Beta (GO:0071559)","1/38",0.25043005157541,0.381026811995825,0,0,3.56972972972973,4.94256079903192,"WWOX"
"Signal Release From Synapse (GO:0099643)","1/38",0.25043005157541,0.381026811995825,0,0,3.56972972972973,4.94256079903192,"NRXN2"
"Establishment Of Protein Localization To Plasma Membrane (GO:0061951)","1/38",0.25043005157541,0.381026811995825,0,0,3.56972972972973,4.94256079903192,"OPTN"
"Fatty Acid Transport (GO:0015908)","1/38",0.25043005157541,0.381026811995825,0,0,3.56972972972973,4.94256079903192,"CRABP1"
"Positive Regulation Of Myoblast Differentiation (GO:0045663)","1/38",0.25043005157541,0.381026811995825,0,0,3.56972972972973,4.94256079903192,"PLCB1"
"Membrane Assembly (GO:0071709)","1/38",0.25043005157541,0.381026811995825,0,0,3.56972972972973,4.94256079903192,"NRXN2"
"Negative Regulation Of Mitochondrion Organization (GO:0010823)","1/39",0.25610006935879,0.383608284427411,0,0,3.47561403508772,4.73443630757347,"BNIP3"
"Regulation Of Mitochondrial Membrane Potential (GO:0051881)","1/39",0.25610006935879,0.383608284427411,0,0,3.47561403508772,4.73443630757347,"RNF122"
"Anterograde Axonal Transport (GO:0008089)","1/39",0.25610006935879,0.383608284427411,0,0,3.47561403508772,4.73443630757347,"AP3M2"
"Regulation Of Monoatomic Cation Transmembrane Transport (GO:1904062)","1/39",0.25610006935879,0.383608284427411,0,0,3.47561403508772,4.73443630757347,"KCNIP1"
"Axonal Transport (GO:0098930)","1/39",0.25610006935879,0.383608284427411,0,0,3.47561403508772,4.73443630757347,"AP3M2"
"Nuclear Transport (GO:0051169)","1/39",0.25610006935879,0.383608284427411,0,0,3.47561403508772,4.73443630757347,"NUP210"
"Regulation Of Protein Targeting To Mitochondrion (GO:1903214)","1/39",0.25610006935879,0.383608284427411,0,0,3.47561403508772,4.73443630757347,"SREBF1"
"Positive Regulation Of Cytokinesis (GO:0032467)","1/39",0.25610006935879,0.383608284427411,0,0,3.47561403508772,4.73443630757347,"CDC14A"
"Positive Regulation Of Intracellular Transport (GO:0032388)","1/39",0.25610006935879,0.383608284427411,0,0,3.47561403508772,4.73443630757347,"RUFY3"
"Vesicle Cytoskeletal Trafficking (GO:0099518)","1/39",0.25610006935879,0.383608284427411,0,0,3.47561403508772,4.73443630757347,"MYO6"
"Vitamin Transport (GO:0051180)","1/39",0.25610006935879,0.383608284427411,0,0,3.47561403508772,4.73443630757347,"ABCD1"
"Positive Regulation Of GTPase Activity (GO:0043547)","3/234",0.259856986983763,0.386584954979339,0,0,1.72148122148122,2.31990915029708,"ARHGEF19;RALGDS;TBC1D16"
"L-alpha-amino Acid Transmembrane Transport (GO:1902475)","1/40",0.261727478936106,0.386584954979339,0,0,3.38632478632479,4.5392040488739,"SLC7A11"
"Aortic Valve Development (GO:0003176)","1/40",0.261727478936106,0.386584954979339,0,0,3.38632478632479,4.5392040488739,"BMP4"
"Cell Cycle G2/M Phase Transition (GO:0044839)","1/40",0.261727478936106,0.386584954979339,0,0,3.38632478632479,4.5392040488739,"PLCB1"
"Cellular Response To Heat (GO:0034605)","1/40",0.261727478936106,0.386584954979339,0,0,3.38632478632479,4.5392040488739,"TRPV4"
"Positive Regulation Of Catalytic Activity (GO:0043085)","1/40",0.261727478936106,0.386584954979339,0,0,3.38632478632479,4.5392040488739,"AZIN2"
"Positive Regulation Of Cell Cycle G1/S Phase Transition (GO:1902808)","1/40",0.261727478936106,0.386584954979339,0,0,3.38632478632479,4.5392040488739,"PLCB1"
"Retinoid Metabolic Process (GO:0001523)","1/40",0.261727478936106,0.386584954979339,0,0,3.38632478632479,4.5392040488739,"PLB1"
"Positive Regulation Of Insulin Secretion (GO:0032024)","1/40",0.261727478936106,0.386584954979339,0,0,3.38632478632479,4.5392040488739,"CFTR"
"Establishment Or Maintenance Of Epithelial Cell Apical/Basal Polarity (GO:0045197)","1/40",0.261727478936106,0.386584954979339,0,0,3.38632478632479,4.5392040488739,"PARD3B"
"Epithelial Cell Differentiation (GO:0030855)","2/132",0.262968407049402,0.387878400397869,0,0,2.03603510583376,2.71957561988264,"BMP4;PCK2"
"Regulation Of Dendrite Development (GO:0050773)","1/41",0.267312598363243,0.3921077064389,0,0,3.3015,4.35578953736706,"VLDLR"
"O-glycan Processing (GO:0016266)","1/41",0.267312598363243,0.3921077064389,0,0,3.3015,4.35578953736706,"ST6GAL1"
"Acylglycerol Metabolic Process (GO:0006639)","1/41",0.267312598363243,0.3921077064389,0,0,3.3015,4.35578953736706,"DGKG"
"Regulation Of Release Of Cytochrome C From Mitochondria (GO:0090199)","1/41",0.267312598363243,0.3921077064389,0,0,3.3015,4.35578953736706,"BNIP3"
"Non-Membrane-Bounded Organelle Assembly (GO:0140694)","2/135",0.271360132126451,0.395324419463482,0,0,1.98980673159409,2.59532171294044,"SQLE;SFI1"
"Regulation Of Inflammatory Response (GO:0050727)","3/240",0.272078753777896,0.395324419463482,0,0,1.6773862470065,2.18339281988319,"LGALS2;LPCAT3;CASP1"
"Amino Acid Transmembrane Transport (GO:0003333)","1/42",0.272855743377337,0.395324419463482,0,0,3.22081300813008,4.18323070064381,"SLC7A11"
"Regulation Of Neurotransmitter Receptor Activity (GO:0099601)","1/42",0.272855743377337,0.395324419463482,0,0,3.22081300813008,4.18323070064381,"PSCA"
"Branching Morphogenesis Of An Epithelial Tube (GO:0048754)","1/42",0.272855743377337,0.395324419463482,0,0,3.22081300813008,4.18323070064381,"BMP4"
"Cardiac Ventricle Morphogenesis (GO:0003208)","1/42",0.272855743377337,0.395324419463482,0,0,3.22081300813008,4.18323070064381,"BMP4"
"Stress-Activated MAPK Cascade (GO:0051403)","1/42",0.272855743377337,0.395324419463482,0,0,3.22081300813008,4.18323070064381,"MAP2K6"
"Keratinocyte Differentiation (GO:0030216)","1/42",0.272855743377337,0.395324419463482,0,0,3.22081300813008,4.18323070064381,"SPRR3"
"Regulation Of Axonogenesis (GO:0050770)","1/42",0.272855743377337,0.395324419463482,0,0,3.22081300813008,4.18323070064381,"RUFY3"
"Potassium Ion Transmembrane Transport (GO:0071805)","2/137",0.276953567351917,0.396267259268667,0,0,1.96012925677355,2.51662056439024,"KCNK10;SLC9A9"
"Protein Localization To Plasma Membrane (GO:0072659)","2/137",0.276953567351917,0.396267259268667,0,0,1.96012925677355,2.51662056439024,"RAB3D;FGF13"
"Regulation Of Filopodium Assembly (GO:0051489)","1/43",0.278357227320552,0.396267259268667,0,0,3.14396825396825,4.02066380103189,"DAAM2"
"Neurotransmitter Secretion (GO:0007269)","1/43",0.278357227320552,0.396267259268667,0,0,3.14396825396825,4.02066380103189,"NRXN2"
"Regulation Of Primary Metabolic Process (GO:0080090)","1/43",0.278357227320552,0.396267259268667,0,0,3.14396825396825,4.02066380103189,"LDLR"
"Positive Regulation Of Cell Division (GO:0051781)","1/43",0.278357227320552,0.396267259268667,0,0,3.14396825396825,4.02066380103189,"CDC14A"
"Skeletal System Morphogenesis (GO:0048705)","1/43",0.278357227320552,0.396267259268667,0,0,3.14396825396825,4.02066380103189,"WWOX"
"Positive Regulation Of miRNA Transcription (GO:1902895)","1/43",0.278357227320552,0.396267259268667,0,0,3.14396825396825,4.02066380103189,"SREBF1"
"Positive Regulation Of Receptor-Mediated Endocytosis (GO:0048260)","1/43",0.278357227320552,0.396267259268667,0,0,3.14396825396825,4.02066380103189,"MAGI2"
"Intracellular Glucose Homeostasis (GO:0001678)","1/43",0.278357227320552,0.396267259268667,0,0,3.14396825396825,4.02066380103189,"PCK2"
"Learning (GO:0007612)","1/43",0.278357227320552,0.396267259268667,0,0,3.14396825396825,4.02066380103189,"FGF13"
"Negative Regulation Of BMP Signaling Pathway (GO:0030514)","1/43",0.278357227320552,0.396267259268667,0,0,3.14396825396825,4.02066380103189,"CAPN5"
"Regulation Of Cellular Component Size (GO:0032535)","1/43",0.278357227320552,0.396267259268667,0,0,3.14396825396825,4.02066380103189,"VAV3"
"Regulation Of Transport (GO:0051049)","1/44",0.283817361253582,0.399753365585283,0,0,3.0706976744186,3.8673113976932,"MYO6"
"Positive Regulation Of Biosynthetic Process (GO:0009891)","1/44",0.283817361253582,0.399753365585283,0,0,3.0706976744186,3.8673113976932,"BMP4"
"Response To Unfolded Protein (GO:0006986)","1/44",0.283817361253582,0.399753365585283,0,0,3.0706976744186,3.8673113976932,"OPTN"
"Positive Regulation Of Cytokine-Mediated Signaling Pathway (GO:0001961)","1/44",0.283817361253582,0.399753365585283,0,0,3.0706976744186,3.8673113976932,"CASP1"
"Positive Regulation Of Leukocyte Cell-Cell Adhesion (GO:1903039)","1/44",0.283817361253582,0.399753365585283,0,0,3.0706976744186,3.8673113976932,"CCDC88B"
"Synaptic Vesicle Recycling (GO:0036465)","1/44",0.283817361253582,0.399753365585283,0,0,3.0706976744186,3.8673113976932,"AP3M2"
"Positive Regulation Of Osteoblast Differentiation (GO:0045669)","1/44",0.283817361253582,0.399753365585283,0,0,3.0706976744186,3.8673113976932,"BMP4"
"Regulation Of DNA-templated Transcription Elongation (GO:0032784)","1/44",0.283817361253582,0.399753365585283,0,0,3.0706976744186,3.8673113976932,"TCEA2"
"Regulation Of Protein Modification Process (GO:0031399)","1/45",0.28923645386369,0.405236298157308,0,0,3.00075757575758,3.72247201867891,"STAT2"
"Regulation Of Stem Cell Differentiation (GO:2000736)","1/45",0.28923645386369,0.405236298157308,0,0,3.00075757575758,3.72247201867891,"MTA3"
"Establishment Of Protein Localization To Extracellular Region (GO:0035592)","1/45",0.28923645386369,0.405236298157308,0,0,3.00075757575758,3.72247201867891,"RAB3D"
"Hexose Metabolic Process (GO:0019318)","1/45",0.28923645386369,0.405236298157308,0,0,3.00075757575758,3.72247201867891,"KHK"
"Protein Localization To Cell Periphery (GO:1990778)","2/142",0.290924608163954,0.407064471502133,0,0,1.88964525407478,2.33312822243454,"RAB3D;FGF13"
"Regulation Of Interleukin-10 Production (GO:0032653)","1/46",0.294614811655752,0.408994679710338,0,0,2.93392592592593,3.58551126326476,"ISG15"
"Amino Acid Transport (GO:0006865)","1/46",0.294614811655752,0.408994679710338,0,0,2.93392592592593,3.58551126326476,"SLC7A11"
"Development Of Primary Male Sexual Characteristics (GO:0046546)","1/46",0.294614811655752,0.408994679710338,0,0,2.93392592592593,3.58551126326476,"LHFPL2"
"Epithelial Cell Migration (GO:0010631)","1/46",0.294614811655752,0.408994679710338,0,0,2.93392592592593,3.58551126326476,"DAAM2"
"Negative Regulation Of Cellular Metabolic Process (GO:0031324)","1/46",0.294614811655752,0.408994679710338,0,0,2.93392592592593,3.58551126326476,"SREBF1"
"Negative Regulation Of Cold-Induced Thermogenesis (GO:0120163)","1/46",0.294614811655752,0.408994679710338,0,0,2.93392592592593,3.58551126326476,"MAP2K6"
"Protein Modification By Small Protein Conjugation (GO:0032446)","4/364",0.295808686310211,0.410115959349143,0,0,1.47309145880574,1.79428780235998,"RNF157;ISG15;FBXO32;PCMTD1"
"Golgi To Plasma Membrane Transport (GO:0006893)","1/47",0.299952738766791,0.413164472853867,0,0,2.87,3.45585411649744,"OPTN"
"Regulation Of Signal Transduction By P53 Class Mediator (GO:1901796)","1/47",0.299952738766791,0.413164472853867,0,0,2.87,3.45585411649744,"MAP2K6"
"Positive Regulation Of Epithelial To Mesenchymal Transition (GO:0010718)","1/47",0.299952738766791,0.413164472853867,0,0,2.87,3.45585411649744,"COL1A1"
"Positive Regulation Of Lymphocyte Activation (GO:0051251)","1/47",0.299952738766791,0.413164472853867,0,0,2.87,3.45585411649744,"CCDC88B"
"Positive Regulation Of Smooth Muscle Cell Proliferation (GO:0048661)","1/47",0.299952738766791,0.413164472853867,0,0,2.87,3.45585411649744,"BMP4"
"Negative Regulation Of Protein Metabolic Process (GO:0051248)","2/147",0.304863347933685,0.41829170379047,0,0,1.82402221707938,2.16674074710401,"AZIN2;LDLR"
"Regulation Of Tumor Necrosis Factor-Mediated Signaling Pathway (GO:0010803)","1/48",0.30525053713523,0.41829170379047,0,0,2.80879432624113,3.33297828230743,"CASP1"
"Chloride Transmembrane Transport (GO:1902476)","1/48",0.30525053713523,0.41829170379047,0,0,2.80879432624113,3.33297828230743,"CFTR"
"Negative Regulation Of ERK1 And ERK2 Cascade (GO:0070373)","1/48",0.30525053713523,0.41829170379047,0,0,2.80879432624113,3.33297828230743,"PSCA"
"Autophagy Of Mitochondrion (GO:0000422)","1/49",0.310508506422289,0.422227956236198,0,0,2.75013888888889,3.21640838743609,"BNIP3"
"Positive Regulation Of miRNA Metabolic Process (GO:2000630)","1/49",0.310508506422289,0.422227956236198,0,0,2.75013888888889,3.21640838743609,"SREBF1"
"Unsaturated Fatty Acid Metabolic Process (GO:0033559)","1/49",0.310508506422289,0.422227956236198,0,0,2.75013888888889,3.21640838743609,"FADS1"
"Positive Regulation Of Pathway-Restricted SMAD Protein Phosphorylation (GO:0010862)","1/49",0.310508506422289,0.422227956236198,0,0,2.75013888888889,3.21640838743609,"BMP4"
"Interferon-Mediated Signaling Pathway (GO:0140888)","1/49",0.310508506422289,0.422227956236198,0,0,2.75013888888889,3.21640838743609,"STAT2"
"Regulation Of Cell Communication (GO:0010646)","1/49",0.310508506422289,0.422227956236198,0,0,2.75013888888889,3.21640838743609,"KAZALD1"
"Regulation Of Interferon-Beta Production (GO:0032648)","1/50",0.315726944068307,0.42605084447337,0,0,2.69387755102041,3.10571092406925,"ISG15"
"Regulation Of Interleukin-12 Production (GO:0032655)","1/50",0.315726944068307,0.42605084447337,0,0,2.69387755102041,3.10571092406925,"PLCB1"
"Nucleocytoplasmic Transport (GO:0006913)","1/50",0.315726944068307,0.42605084447337,0,0,2.69387755102041,3.10571092406925,"NUP210"
"Plasma Membrane Bounded Cell Projection Morphogenesis (GO:0120039)","1/50",0.315726944068307,0.42605084447337,0,0,2.69387755102041,3.10571092406925,"SHTN1"
"Mitotic Metaphase Plate Congression (GO:0007080)","1/50",0.315726944068307,0.42605084447337,0,0,2.69387755102041,3.10571092406925,"RMDN1"
"Negative Regulation Of Cell Projection Organization (GO:0031345)","1/50",0.315726944068307,0.42605084447337,0,0,2.69387755102041,3.10571092406925,"TRPV4"
"RNA Modification (GO:0009451)","1/51",0.320906145384044,0.430305967674058,0,0,2.63986666666667,3.00048982520095,"MRM1"
"Positive Regulation Of Ras Protein Signal Transduction (GO:0046579)","1/51",0.320906145384044,0.430305967674058,0,0,2.63986666666667,3.00048982520095,"ADGRG1"
"Cholesterol Transport (GO:0030301)","1/51",0.320906145384044,0.430305967674058,0,0,2.63986666666667,3.00048982520095,"LDLR"
"Microtubule Bundle Formation (GO:0001578)","1/51",0.320906145384044,0.430305967674058,0,0,2.63986666666667,3.00048982520095,"NCKAP5L"
"Negative Regulation Of MAP Kinase Activity (GO:0043407)","1/51",0.320906145384044,0.430305967674058,0,0,2.63986666666667,3.00048982520095,"BMP4"
"Regulation Of Protein Phosphorylation (GO:0001932)","3/265",0.323508860143997,0.433248940066739,0,0,1.51539612131215,1.71016813149549,"BMP4;STAT2;VEGFB"
"Negative Regulation Of Response To Stimulus (GO:0048585)","1/52",0.326046403325669,0.435001608457111,0,0,2.58797385620915,2.90038258571518,"LPCAT3"
"Neurotransmitter Transport (GO:0006836)","1/52",0.326046403325669,0.435001608457111,0,0,2.58797385620915,2.90038258571518,"NRXN2"
"Regulation Of Protein Localization To Nucleus (GO:1900180)","1/52",0.326046403325669,0.435001608457111,0,0,2.58797385620915,2.90038258571518,"BMP4"
"DNA Damage Response (GO:0006974)","4/384",0.329865900224578,0.438502724949859,0,0,1.39412817758682,1.54618444146796,"VAV3;NFATC2;MACROD2;MAP2K6"
"Regulation Of Cyclin-Dependent Protein Kinase Activity (GO:1904029)","1/53",0.33114800886044,0.438502724949859,0,0,2.53807692307692,2.80505684596414,"CCNG2"
"Negative Regulation Of Metabolic Process (GO:0009892)","1/53",0.33114800886044,0.438502724949859,0,0,2.53807692307692,2.80505684596414,"MAP2K6"
"Negative Regulation Of Viral Genome Replication (GO:0045071)","1/53",0.33114800886044,0.438502724949859,0,0,2.53807692307692,2.80505684596414,"ISG15"
"Carboxylic Acid Transport (GO:0046942)","1/53",0.33114800886044,0.438502724949859,0,0,2.53807692307692,2.80505684596414,"SLC16A9"
"Mitochondrial Transport (GO:0006839)","1/53",0.33114800886044,0.438502724949859,0,0,2.53807692307692,2.80505684596414,"BNIP3"
"Positive Regulation Of Multicellular Organismal Process (GO:0051240)","4/387",0.335000529793518,0.44081030645785,0,0,1.3829949734463,1.51247534098697,"COL1A1;BMP4;CCDC88B;PLCB1"
"Negative Regulation Of Protein Catabolic Process (GO:0042177)","1/54",0.336211250688191,0.44081030645785,0,0,2.49006289308176,2.7142073842362,"AZIN2"
"Negative Regulation Of Protein Modification By Small Protein Conjugation Or Removal (GO:1903321)","1/54",0.336211250688191,0.44081030645785,0,0,2.49006289308176,2.7142073842362,"ISG15"
"Negative Regulation Of Protein Ubiquitination (GO:0031397)","1/54",0.336211250688191,0.44081030645785,0,0,2.49006289308176,2.7142073842362,"ISG15"
"Regulation Of Smooth Muscle Cell Proliferation (GO:0048660)","1/54",0.336211250688191,0.44081030645785,0,0,2.49006289308176,2.7142073842362,"BMP4"
"Epidermal Cell Differentiation (GO:0009913)","1/54",0.336211250688191,0.44081030645785,0,0,2.49006289308176,2.7142073842362,"SPRR3"
"Positive Regulation Of Leukocyte Chemotaxis (GO:0002690)","1/54",0.336211250688191,0.44081030645785,0,0,2.49006289308176,2.7142073842362,"VEGFB"
"Monoatomic Anion Transmembrane Transport (GO:0098656)","1/54",0.336211250688191,0.44081030645785,0,0,2.49006289308176,2.7142073842362,"CFTR"
"Neuron Migration (GO:0001764)","1/55",0.341236415372376,0.446296888085546,0,0,2.44382716049383,2.62755345519861,"FGF13"
"Ceramide Metabolic Process (GO:0006672)","1/55",0.341236415372376,0.446296888085546,0,0,2.44382716049383,2.62755345519861,"ABCA2"
"Plasma Membrane Bounded Cell Projection Assembly (GO:0120031)","3/275",0.344153874987444,0.449558936330462,0,0,1.45893779809221,1.55619994439788,"SHTN1;CDC14A;CCDC28B"
"Regulation Of Mitotic Nuclear Division (GO:0007088)","1/56",0.346223787374738,0.449628232488353,0,0,2.39927272727273,2.5448364325183,"BMP4"
"Pattern Recognition Receptor Signaling Pathway (GO:0002221)","1/56",0.346223787374738,0.449628232488353,0,0,2.39927272727273,2.5448364325183,"CASP1"
"Peptide Metabolic Process (GO:0006518)","1/56",0.346223787374738,0.449628232488353,0,0,2.39927272727273,2.5448364325183,"IMMP2L"
"Regulation Of Cation Channel Activity (GO:2001257)","1/56",0.346223787374738,0.449628232488353,0,0,2.39927272727273,2.5448364325183,"FGF13"
"Regulation Of Macromolecule Metabolic Process (GO:0060255)","2/162",0.346323817491029,0.449628232488353,0,0,1.65176174496644,1.75149685825556,"LDLR;TBC1D16"
"Negative Regulation Of Cell Migration (GO:0030336)","2/163",0.349062339612617,0.452630286530646,0,0,1.64141898370086,1.72760127577078,"ADGRG1;MAGI2"
"Positive Regulation Of Interleukin-1 Beta Production (GO:0032731)","1/57",0.351173649099411,0.454812701638506,0,0,2.35630952380952,2.46581771548964,"CASP1"
"Renal System Development (GO:0072001)","1/58",0.356086280710232,0.459494082763386,0,0,2.31485380116959,2.39027686761041,"BMP4"
"Positive Regulation Of Mitochondrion Organization (GO:0010822)","1/58",0.356086280710232,0.459494082763386,0,0,2.31485380116959,2.39027686761041,"BNIP3"
"Muscle Organ Development (GO:0007517)","1/58",0.356086280710232,0.459494082763386,0,0,2.31485380116959,2.39027686761041,"ITGA11"
"Monoatomic Cation Transmembrane Transport (GO:0098655)","3/281",0.35652158735576,0.459497482732788,0,0,1.42701244409878,1.47176424982661,"KCNK10;TRPV4;SLC9A9"
"Membrane Organization (GO:0061024)","2/167",0.359977529134654,0.462414477620418,0,0,1.60130160667073,1.63607173900743,"LPCAT3;AZIN2"
"Positive Regulation Of Cell Differentiation (GO:0045597)","3/283",0.360638292452726,0.462414477620418,0,0,1.41667471042471,1.44483789612408,"COL1A1;BMP4;PLCB1"
"Phospholipid Transport (GO:0015914)","1/59",0.360961960402379,0.462414477620418,0,0,2.2748275862069,2.31800995366186,"LDLR"
"Microtubule Cytoskeleton Organization Involved In Mitosis (GO:1902850)","1/59",0.360961960402379,0.462414477620418,0,0,2.2748275862069,2.31800995366186,"RMDN1"
"Protein Targeting To Mitochondrion (GO:0006626)","1/59",0.360961960402379,0.462414477620418,0,0,2.2748275862069,2.31800995366186,"IMMP2L"
"Inorganic Cation Transmembrane Transport (GO:0098662)","3/284",0.362695306149276,0.464075198952448,0,0,1.41156102721939,1.43159414719842,"KCNK10;TRPV4;SLC9A9"
"Brain Development (GO:0007420)","2/169",0.365410445417314,0.466363294252638,0,0,1.58196358959932,1.59261661023248,"ARNT2;ADGRG1"
"Negative Regulation Of Peptidase Activity (GO:0010466)","1/60",0.365800964324338,0.466363294252638,0,0,2.2361581920904,2.2488280560468,"SERPINB9"
"protein-DNA Complex Organization (GO:0071824)","1/60",0.365800964324338,0.466363294252638,0,0,2.2361581920904,2.2488280560468,"HDAC11"
"Cellular Response To Oxygen-Containing Compound (GO:1901701)","4/406",0.367574202467452,0.468062113933374,0,0,1.31634345280401,1.3174361090063,"GNG2;INSIG1;CASP1;CFTR"
"BMP Signaling Pathway (GO:0030509)","1/61",0.370603566472519,0.469948849470875,0,0,2.19877777777778,2.18255594658525,"BMP4"
"Negative Regulation Of Viral Process (GO:0048525)","1/61",0.370603566472519,0.469948849470875,0,0,2.19877777777778,2.18255594658525,"ISG15"
"Regulation Of Pathway-Restricted SMAD Protein Phosphorylation (GO:0060393)","1/61",0.370603566472519,0.469948849470875,0,0,2.19877777777778,2.18255594658525,"BMP4"
"Metal Ion Transport (GO:0030001)","2/171",0.370825928301877,0.469948849470875,0,0,1.56308327707398,1.55061381529637,"TRPV4;FGF13"
"Regulation Of Embryonic Development (GO:0045995)","1/62",0.375370038904499,0.473447721278596,0,0,2.16262295081967,2.11903089325629,"PLCB1"
"Negative Regulation Of Kinase Activity (GO:0033673)","1/62",0.375370038904499,0.473447721278596,0,0,2.16262295081967,2.11903089325629,"TRIB3"
"Positive Regulation Of Apoptotic Signaling Pathway (GO:2001235)","1/62",0.375370038904499,0.473447721278596,0,0,2.16262295081967,2.11903089325629,"WWOX"
"Regulation Of T Cell Activation (GO:0050863)","1/62",0.375370038904499,0.473447721278596,0,0,2.16262295081967,2.11903089325629,"CCDC88B"
"Vesicle-Mediated Transport (GO:0016192)","4/411",0.376143715102702,0.473860765645397,0,0,1.29983787126644,1.27096065700334,"AP3M2;MYO6;LDLR;NCALD"
"Positive Regulation Of Mitotic Cell Cycle Phase Transition (GO:1901992)","1/63",0.380100651609714,0.477712298236113,0,0,2.12763440860215,2.05810158993059,"PLCB1"
"Inorganic Anion Transmembrane Transport (GO:0098661)","1/63",0.380100651609714,0.477712298236113,0,0,2.12763440860215,2.05810158993059,"CFTR"
"Regulation Of Secretion By Cell (GO:1903530)","1/64",0.384795672605132,0.480203295307462,0,0,2.09375661375661,1.99962719165587,"RAB3D"
"Positive Regulation Of Cysteine-Type Endopeptidase Activity (GO:2001056)","1/64",0.384795672605132,0.480203295307462,0,0,2.09375661375661,1.99962719165587,"CASP1"
"Positive Regulation Of Interleukin-1 Production (GO:0032732)","1/64",0.384795672605132,0.480203295307462,0,0,2.09375661375661,1.99962719165587,"CASP1"
"Positive Regulation Of Type I Interferon Production (GO:0032481)","1/64",0.384795672605132,0.480203295307462,0,0,2.09375661375661,1.99962719165587,"ISG15"
"Protein N-linked Glycosylation (GO:0006487)","1/64",0.384795672605132,0.480203295307462,0,0,2.09375661375661,1.99962719165587,"ST6GAL1"
"Negative Regulation Of Cell Death (GO:0060548)","1/64",0.384795672605132,0.480203295307462,0,0,2.09375661375661,1.99962719165587,"BNIP3"
"Antimicrobial Humoral Immune Response Mediated By Antimicrobial Peptide (GO:0061844)","1/65",0.389455367911784,0.483744562248321,0,0,2.0609375,1.94347644543026,"CXCL14"
"Canonical Wnt Signaling Pathway (GO:0060070)","1/65",0.389455367911784,0.483744562248321,0,0,2.0609375,1.94347644543026,"DIXDC1"
"Fatty Acid Biosynthetic Process (GO:0006633)","1/65",0.389455367911784,0.483744562248321,0,0,2.0609375,1.94347644543026,"FADS1"
"Monocarboxylic Acid Biosynthetic Process (GO:0072330)","1/65",0.389455367911784,0.483744562248321,0,0,2.0609375,1.94347644543026,"SRR"
"Negative Regulation Of Endopeptidase Activity (GO:0010951)","1/66",0.394080001468216,0.487777344474645,0,0,2.02912820512821,1.88952690544139,"SERPINB9"
"Cellular Response To BMP Stimulus (GO:0071773)","1/66",0.394080001468216,0.487777344474645,0,0,2.02912820512821,1.88952690544139,"BMP4"
"Cellular Response To Type II Interferon (GO:0071346)","1/66",0.394080001468216,0.487777344474645,0,0,2.02912820512821,1.88952690544139,"CASP1"
"Regulation Of Viral Genome Replication (GO:0045069)","1/67",0.398669835494192,0.492310889877712,0,0,1.99828282828283,1.83766422086716,"ISG15"
"Protein Secretion (GO:0009306)","1/67",0.398669835494192,0.492310889877712,0,0,1.99828282828283,1.83766422086716,"RAB3D"
"Cell-Cell Junction Organization (GO:0045216)","1/68",0.403225130017534,0.497357825875286,0,0,1.96835820895522,1.78778149481294,"TRPV4"
"Regulation Of Endopeptidase Activity (GO:0052548)","1/69",0.407746143225301,0.501768718546083,0,0,1.9393137254902,1.73977869856328,"SERPINB9"
"Phagocytosis (GO:0006909)","1/69",0.407746143225301,0.501768718546083,0,0,1.9393137254902,1.73977869856328,"LDLR"
"Negative Regulation Of Extrinsic Apoptotic Signaling Pathway (GO:2001237)","1/70",0.412233131453738,0.504368186179573,0,0,1.91111111111111,1.69356214110369,"BMP4"
"Sulfur Compound Biosynthetic Process (GO:0044272)","1/70",0.412233131453738,0.504368186179573,0,0,1.91111111111111,1.69356214110369,"CHST3"
"Positive Regulation Of Protein Transport (GO:0051222)","1/70",0.412233131453738,0.504368186179573,0,0,1.91111111111111,1.69356214110369,"RUFY3"
"Regulation Of G Protein-Coupled Receptor Signaling Pathway (GO:0008277)","1/70",0.412233131453738,0.504368186179573,0,0,1.91111111111111,1.69356214110369,"PLCB1"
"Regulation Of Actin Filament Polymerization (GO:0030833)","1/70",0.412233131453738,0.504368186179573,0,0,1.91111111111111,1.69356214110369,"DAAM2"
"Regulation Of Cell Migration (GO:0030334)","4/434",0.415391237143472,0.505738174496197,0,0,1.22885619364025,1.07959251587312,"COL1A1;DAAM2;RUFY3;MAGI2"
"Regulation Of Cilium Assembly (GO:1902017)","1/71",0.416686349043477,0.505738174496197,0,0,1.88371428571429,1.64904398701288,"TBC1D16"
"Regulation Of Hydrolase Activity (GO:0051336)","1/71",0.416686349043477,0.505738174496197,0,0,1.88371428571429,1.64904398701288,"VAV3"
"Cell-Cell Junction Assembly (GO:0007043)","1/71",0.416686349043477,0.505738174496197,0,0,1.88371428571429,1.64904398701288,"TRPV4"
"Kidney Development (GO:0001822)","1/71",0.416686349043477,0.505738174496197,0,0,1.88371428571429,1.64904398701288,"BMP4"
"Myeloid Leukocyte Differentiation (GO:0002573)","1/71",0.416686349043477,0.505738174496197,0,0,1.88371428571429,1.64904398701288,"BMP4"
"Negative Regulation Of Cellular Response To Growth Factor Stimulus (GO:0090288)","1/71",0.416686349043477,0.505738174496197,0,0,1.88371428571429,1.64904398701288,"CAPN5"
"Cellular Response To Hypoxia (GO:0071456)","1/72",0.421106048503954,0.508198435808181,0,0,1.85708920187793,1.60614181576467,"BNIP3"
"Plasma Membrane Organization (GO:0007009)","1/72",0.421106048503954,0.508198435808181,0,0,1.85708920187793,1.60614181576467,"ABCD1"
"Second-Messenger-Mediated Signaling (GO:0019932)","1/72",0.421106048503954,0.508198435808181,0,0,1.85708920187793,1.60614181576467,"NCALD"
"Transforming Growth Factor Beta Receptor Signaling Pathway (GO:0007179)","1/72",0.421106048503954,0.508198435808181,0,0,1.85708920187793,1.60614181576467,"COL1A2"
"Negative Regulation Of Catabolic Process (GO:0009895)","1/72",0.421106048503954,0.508198435808181,0,0,1.85708920187793,1.60614181576467,"AZIN2"
"Cellular Response To Decreased Oxygen Levels (GO:0036294)","1/73",0.425492480482009,0.511747468031589,0,0,1.8312037037037,1.56477822051957,"BNIP3"
"Positive Regulation Of Secretion By Cell (GO:1903532)","1/73",0.425492480482009,0.511747468031589,0,0,1.8312037037037,1.56477822051957,"CFTR"
"Regulation Of Rho Protein Signal Transduction (GO:0035023)","1/73",0.425492480482009,0.511747468031589,0,0,1.8312037037037,1.56477822051957,"ADGRG1"
"Regulation Of Signal Transduction (GO:0009966)","2/193",0.429061347873013,0.514873617447616,0,0,1.3814961874978,1.16896041525842,"PLCB1;KAZALD1"
"Regulation Of Cell Differentiation (GO:0045595)","2/193",0.429061347873013,0.514873617447616,0,0,1.3814961874978,1.16896041525842,"MTA3;FADS1"
"Regulation Of Fat Cell Differentiation (GO:0045598)","1/75",0.43416653493395,0.518718820353907,0,0,1.78153153153153,1.48638003169672,"TRIB3"
"Negative Regulation Of Phosphorylation (GO:0042326)","1/75",0.43416653493395,0.518718820353907,0,0,1.78153153153153,1.48638003169672,"BMP4"
"Defense Response To Gram-negative Bacterium (GO:0050829)","1/75",0.43416653493395,0.518718820353907,0,0,1.78153153153153,1.48638003169672,"OPTN"
"Regulation Of Programmed Cell Death (GO:0043067)","2/195",0.434219426831096,0.518718820353907,0,0,1.36704106826164,1.14039287831477,"BMP4;BNIP3"
"Wnt Signaling Pathway (GO:0016055)","1/76",0.438454649431388,0.523189705276555,0,0,1.75768888888889,1.44921254588267,"DIXDC1"
"Organelle Assembly (GO:0070925)","3/322",0.439713876065532,0.52356183759485,0,0,1.24099805134288,1.01964252609532,"HPS3;CDC14A;CCDC28B"
"Regulation Of Apoptotic Process (GO:0042981)","6/705",0.441669846237658,0.52356183759485,0,0,1.1336391889892,0.926401590578686,"BMP4;RNF157;LGALS2;BNIP3;SERPINB9;RNF122"
"Regulation Of Immune Response (GO:0050776)","1/77",0.442710480376813,0.52356183759485,0,0,1.73447368421053,1.41331726331676,"CD276"
"Negative Regulation Of Transforming Growth Factor Beta Receptor Signaling Pathway (GO:0030512)","1/77",0.442710480376813,0.52356183759485,0,0,1.73447368421053,1.41331726331676,"CAPN5"
"Cell Morphogenesis Involved In Neuron Differentiation (GO:0048667)","1/77",0.442710480376813,0.52356183759485,0,0,1.73447368421053,1.41331726331676,"SHTN1"
"Positive Regulation Of JNK Cascade (GO:0046330)","1/77",0.442710480376813,0.52356183759485,0,0,1.73447368421053,1.41331726331676,"PLCB1"
"Chloride Transport (GO:0006821)","1/77",0.442710480376813,0.52356183759485,0,0,1.73447368421053,1.41331726331676,"CFTR"
"Embryonic Organ Development (GO:0048568)","1/77",0.442710480376813,0.52356183759485,0,0,1.73447368421053,1.41331726331676,"COL2A1"
"DNA-templated Transcription (GO:0006351)","2/199",0.444460745564344,0.525047065394142,0,0,1.33901134466664,1.08579564853219,"TCEANC;TCEA2"
"Regulation Of Nucleic Acid-Templated Transcription (GO:1903506)","4/452",0.445746975423532,0.525981430999768,0,0,1.17838921282799,0.952142970831539,"ARNT2;PRRX2;NFATC2;FADS1"
"Long-Chain Fatty Acid Metabolic Process (GO:0001676)","1/78",0.446934269188165,0.526213075252584,0,0,1.71186147186147,1.3786369269195,"FADS1"
"Proteolysis Involved In Protein Catabolic Process (GO:0051603)","1/78",0.446934269188165,0.526213075252584,0,0,1.71186147186147,1.3786369269195,"ISG15"
"Regulation Of Cyclin-Dependent Protein Serine/Threonine Kinase Activity (GO:0000079)","1/79",0.451126255542999,0.530560446718344,0,0,1.68982905982906,1.34511750582703,"CCNG2"
"Negative Regulation Of Nucleic Acid-Templated Transcription (GO:1903507)","4/456",0.452432311174042,0.531507869985434,0,0,1.1677201854193,0.926138865284495,"BMP4;TRIB3;PLCB1;MTA3"
"Regulation Of Cytokinesis (GO:0032465)","1/80",0.455286677314284,0.532191227554577,0,0,1.66835443037975,1.31270797708461,"CDC14A"
"Negative Regulation Of Protein Serine/Threonine Kinase Activity (GO:0071901)","1/80",0.455286677314284,0.532191227554577,0,0,1.66835443037975,1.31270797708461,"BMP4"
"Calcium Ion Transmembrane Transport (GO:0070588)","1/80",0.455286677314284,0.532191227554577,0,0,1.66835443037975,1.31270797708461,"TRPV4"
"Wound Healing (GO:0042060)","1/80",0.455286677314284,0.532191227554577,0,0,1.66835443037975,1.31270797708461,"SPRR3"
"Proteolysis (GO:0006508)","3/330",0.455519610025528,0.532191227554577,0,0,1.21014133399455,0.951554112242509,"PAPPA;CAPN5;CASP1"
"Cellular Response To Interleukin-1 (GO:0071347)","1/81",0.45941577058467,0.534977574957148,0,0,1.64741666666667,1.28136012429917,"PLCB1"
"Positive Regulation Of Growth (GO:0045927)","1/81",0.45941577058467,0.534977574957148,0,0,1.64741666666667,1.28136012429917,"PLCB1"
"Macromolecule Modification (GO:0043412)","1/81",0.45941577058467,0.534977574957148,0,0,1.64741666666667,1.28136012429917,"ST6GAL1"
"Cellular Response To Organic Substance (GO:0071310)","1/82",0.46351376966286,0.537979916264434,0,0,1.62699588477366,1.25102835200773,"CASP1"
"Sodium Ion Transmembrane Transport (GO:0035725)","1/82",0.46351376966286,0.537979916264434,0,0,1.62699588477366,1.25102835200773,"SLC9A9"
"Negative Regulation Of Apoptotic Signaling Pathway (GO:2001234)","1/82",0.46351376966286,0.537979916264434,0,0,1.62699588477366,1.25102835200773,"BMP4"
"Regulation Of Canonical Wnt Signaling Pathway (GO:0060828)","2/207",0.464632802524387,0.53810254774362,0,0,1.28623342609265,0.985908027474022,"COL1A1;DAAM2"
"Negative Regulation Of Cell Differentiation (GO:0045596)","2/207",0.464632802524387,0.53810254774362,0,0,1.28623342609265,0.985908027474022,"BMP4;TRIB3"
"Regulation Of Epithelial To Mesenchymal Transition (GO:0010717)","1/83",0.46758090725625,0.539751003811019,0,0,1.60707317073171,1.22166951383264,"COL1A1"
"Positive Regulation Of Proteasomal Ubiquitin-Dependent Protein Catabolic Process (GO:0032436)","1/83",0.46758090725625,0.539751003811019,0,0,1.60707317073171,1.22166951383264,"TRIB3"
"Positive Regulation Of Ubiquitin-Dependent Protein Catabolic Process (GO:2000060)","1/83",0.46758090725625,0.539751003811019,0,0,1.60707317073171,1.22166951383264,"TRIB3"
"Regulation Of Cysteine-Type Endopeptidase Activity Involved In Apoptotic Process (GO:0043281)","1/84",0.471617414132616,0.542641055047495,0,0,1.58763052208835,1.19324275548639,"CASP1"
"Regulation Of Interleukin-1 Beta Production (GO:0032651)","1/84",0.471617414132616,0.542641055047495,0,0,1.58763052208835,1.19324275548639,"CASP1"
"Positive Regulation Of Protein Ubiquitination (GO:0031398)","1/84",0.471617414132616,0.542641055047495,0,0,1.58763052208835,1.19324275548639,"TRIB3"
"Regulation Of Osteoblast Differentiation (GO:0045667)","1/85",0.475623519558139,0.54371601482319,0,0,1.56865079365079,1.16570936699204,"BMP4"
"Calcium-Mediated Signaling (GO:0019722)","1/85",0.475623519558139,0.54371601482319,0,0,1.56865079365079,1.16570936699204,"NCALD"
"Positive Regulation Of Endothelial Cell Migration (GO:0010595)","1/85",0.475623519558139,0.54371601482319,0,0,1.56865079365079,1.16570936699204,"BMP4"
"Epidermis Development (GO:0008544)","1/85",0.475623519558139,0.54371601482319,0,0,1.56865079365079,1.16570936699204,"SPRR3"
"Mitotic Spindle Organization (GO:0007052)","1/85",0.475623519558139,0.54371601482319,0,0,1.56865079365079,1.16570936699204,"RMDN1"
"Negative Regulation Of Cell Cycle (GO:0045786)","1/85",0.475623519558139,0.54371601482319,0,0,1.56865079365079,1.16570936699204,"BMP4"
"Regulation Of Mitotic Cell Cycle Phase Transition (GO:1901990)","1/86",0.479599450877222,0.547671631001731,0,0,1.55011764705882,1.139032648753,"CDC14A"
"Regulation Of GTPase Activity (GO:0043087)","2/214",0.481928865628336,0.549740553487962,0,0,1.24332024819552,0.907572503555766,"VAV3;RALGDS"
"Regulation Of Endothelial Cell Migration (GO:0010594)","1/88",0.487461692785799,0.554265864816401,0,0,1.51432950191571,1.08811172726943,"BMP4"
"Negative Regulation Of Protein Kinase Activity (GO:0006469)","1/88",0.487461692785799,0.554265864816401,0,0,1.51432950191571,1.08811172726943,"TRIB3"
"Positive Regulation Of Cell Adhesion (GO:0045785)","1/88",0.487461692785799,0.554265864816401,0,0,1.51432950191571,1.08811172726943,"ADGRG1"
"Organic Anion Transport (GO:0015711)","1/89",0.491348449861399,0.556302829160773,0,0,1.49704545454545,1.06380308844383,"CFTR"
"Cellular Response To Chemical Stress (GO:0062197)","1/89",0.491348449861399,0.556302829160773,0,0,1.49704545454545,1.06380308844383,"TRPV4"
"Regulation Of Vesicle-Mediated Transport (GO:0060627)","1/89",0.491348449861399,0.556302829160773,0,0,1.49704545454545,1.06380308844383,"RAB3D"
"Sodium Ion Transport (GO:0006814)","1/89",0.491348449861399,0.556302829160773,0,0,1.49704545454545,1.06380308844383,"FGF13"
"Negative Regulation Of Apoptotic Process (GO:0043066)","4/482",0.495205910527059,0.559477333405666,0,0,1.10272393476219,0.774974115541951,"BMP4;RNF157;BNIP3;SERPINB9"
"Positive Regulation Of Proteasomal Protein Catabolic Process (GO:1901800)","1/90",0.495205925989949,0.559477333405666,0,0,1.48014981273408,1.04022204004752,"TRIB3"
"Protein Localization (GO:0008104)","3/351",0.496088100786687,0.559878387922913,0,0,1.13589235787512,0.796262525543787,"MYO6;ABCD1;PARD3B"
"Regulation Of Epithelial Cell Proliferation (GO:0050678)","1/91",0.499034340168995,0.562605593693708,0,0,1.46362962962963,1.01734022102912,"BMP4"
"Protein O-linked Glycosylation (GO:0006493)","1/93",0.506604851381235,0.570534837928814,0,0,1.43166666666667,0.973567643376506,"ST6GAL1"
"Positive Regulation Of Protein Modification Process (GO:0031401)","2/225",0.508408136992104,0.571959154116117,0,0,1.18132843771632,0.799134116179666,"BMP4;VEGFB"
"Cellular Response To Hormone Stimulus (GO:0032870)","1/94",0.510347378574852,0.572926972565003,0,0,1.41620071684588,0.952626744275112,"SERPINB9"
"Sphingolipid Metabolic Process (GO:0006665)","1/94",0.510347378574852,0.572926972565003,0,0,1.41620071684588,0.952626744275112,"ABCA2"
"T Cell Receptor Signaling Pathway (GO:0050852)","1/95",0.514061704229011,0.575272423489157,0,0,1.40106382978723,0.932284648109749,"CD276"
"Positive Regulation Of Epithelial Cell Migration (GO:0010634)","1/95",0.514061704229011,0.575272423489157,0,0,1.40106382978723,0.932284648109749,"BMP4"
"Positive Regulation Of Transmembrane Receptor Protein Serine/Threonine Kinase Signaling Pathway (GO:0090100)","1/95",0.514061704229011,0.575272423489157,0,0,1.40106382978723,0.932284648109749,"BMP4"
"Cilium Organization (GO:0044782)","2/228",0.515476739229486,0.576248733749173,0,0,1.16546890776267,0.772313238531773,"CDC14A;CCDC28B"
"Regulation Of Macroautophagy (GO:0016241)","1/96",0.517748039419943,0.576965810980041,0,0,1.38624561403509,0.912519139213755,"BNIP3"
"Regulation Of Protein Metabolic Process (GO:0051246)","1/96",0.517748039419943,0.576965810980041,0,0,1.38624561403509,0.912519139213755,"LDLR"
"Positive Regulation Of Supramolecular Fiber Organization (GO:1902905)","1/96",0.517748039419943,0.576965810980041,0,0,1.38624561403509,0.912519139213755,"TRPV4"
"Regulation Of Defense Response (GO:0031347)","1/97",0.521406593760398,0.579198465796052,0,0,1.37173611111111,0.893309029069844,"CASP1"
"Regulation Of Protein Localization (GO:0032880)","1/97",0.521406593760398,0.579198465796052,0,0,1.37173611111111,0.893309029069844,"ABCA2"
"Negative Regulation Of Intracellular Signal Transduction (GO:1902532)","2/231",0.522478465379113,0.579198465796052,0,0,1.15002491134492,0.746563408900048,"DGKG;MAGI2"
"Negative Regulation Of Multicellular Organismal Process (GO:0051241)","2/231",0.522478465379113,0.579198465796052,0,0,1.15002491134492,0.746563408900048,"BMP4;MAP2K6"
"Positive Regulation Of Phosphorylation (GO:0042327)","2/231",0.522478465379113,0.579198465796052,0,0,1.15002491134492,0.746563408900048,"BMP4;VEGFB"
"Regulation Of I-kappaB kinase/NF-kappaB Signaling (GO:0043122)","2/232",0.524797410485773,0.580822817519084,0,0,1.14496644295302,0.738209071451459,"CASP1;OPTN"
"Positive Regulation Of Protein-Containing Complex Assembly (GO:0031334)","1/98",0.525037575158494,0.580822817519084,0,0,1.35752577319588,0.874634099897786,"ISG15"
"Axon Development (GO:0061564)","1/99",0.528641190118425,0.584200774095492,0,0,1.34360544217687,0.856475050498643,"SHTN1"
"Antimicrobial Humoral Response (GO:0019730)","1/100",0.5322176434695,0.586931606816832,0,0,1.32996632996633,0.83881344703288,"CXCL14"
"Regulation Of Organelle Organization (GO:0033043)","1/100",0.5322176434695,0.586931606816832,0,0,1.32996632996633,0.83881344703288,"SFI1"
"Hemopoiesis (GO:0030097)","1/101",0.535767138616795,0.589621452032162,0,0,1.3166,0.821631675620649,"BMP4"
"rRNA Processing (GO:0006364)","1/101",0.535767138616795,0.589621452032162,0,0,1.3166,0.821631675620649,"MRM1"
"Calcium Ion Homeostasis (GO:0055074)","1/102",0.539289877360653,0.592883902439973,0,0,1.30349834983498,0.804912898990889,"TRPV4"
"Positive Regulation Of Vasculature Development (GO:1904018)","1/104",0.546255885851797,0.599921148681084,0,0,1.27805825242718,0.77280061759733,"VEGFB"
"Negative Regulation Of Cell Population Proliferation (GO:0008285)","3/379",0.547748373374696,0.600938814590834,0,0,1.04979514088557,0.631912920922265,"BMP4;ADGRG1;MAGI2"
"Cellular Response To Organonitrogen Compound (GO:0071417)","1/105",0.549699551753818,0.601952388069023,0,0,1.26570512820513,0.757376962762035,"CFTR"
"Cilium Assembly (GO:0060271)","2/243",0.549805853509372,0.601952388069023,0,0,1.0920939040352,0.653279714367649,"CDC14A;CCDC28B"
"Regulation Of ERK1 And ERK2 Cascade (GO:0070372)","2/244",0.552033484990263,0.603710712785733,0,0,1.08752565311443,0.646149640207075,"PSCA;ACKR3"
"Response To Calcium Ion (GO:0051592)","1/106",0.553117253804632,0.603710712785733,0,0,1.2535873015873,0.742355931824701,"D2HGDH"
"Regulation Of G1/S Transition Of Mitotic Cell Cycle (GO:2000045)","1/106",0.553117253804632,0.603710712785733,0,0,1.2535873015873,0.742355931824701,"PLCB1"
"Monoatomic Ion Transport (GO:0006811)","1/107",0.556509186548887,0.606789277325378,0,0,1.24169811320755,0.727724000766305,"SLC9A9"
"Response To Tumor Necrosis Factor (GO:0034612)","1/108",0.55987554288571,0.609833668250896,0,0,1.23003115264798,0.713468210509676,"GCH1"
"Regulation Of Proteasomal Ubiquitin-Dependent Protein Catabolic Process (GO:0032434)","1/109",0.563216514464887,0.612216927698782,0,0,1.21858024691358,0.699576137767015,"TRIB3"
"Positive Regulation Of Cysteine-Type Endopeptidase Activity Involved In Apoptotic Process (GO:0043280)","1/109",0.563216514464887,0.612216927698782,0,0,1.21858024691358,0.699576137767015,"CASP1"
"Regulation Of JNK Cascade (GO:0046328)","1/110",0.566532291476303,0.615191506695127,0,0,1.20733944954128,0.686035868912318,"PLCB1"
"Negative Regulation Of Inflammatory Response (GO:0050728)","1/111",0.569823062539932,0.616872673208367,0,0,1.19630303030303,0.672835975141814,"LPCAT3"
"T Cell Activation (GO:0042110)","1/111",0.569823062539932,0.616872673208367,0,0,1.19630303030303,0.672835975141814,"CD276"
"Regulation Of Transforming Growth Factor Beta Receptor Signaling Pathway (GO:0017015)","1/111",0.569823062539932,0.616872673208367,0,0,1.19630303030303,0.672835975141814,"CAPN5"
"Calcium Ion Transport (GO:0006816)","1/112",0.573089015093911,0.619146016306952,0,0,1.18546546546547,0.659965488023562,"TRPV4"
"Negative Regulation Of Defense Response (GO:0031348)","1/112",0.573089015093911,0.619146016306952,0,0,1.18546546546547,0.659965488023562,"LPCAT3"
"Regulation Of Protein Ubiquitination (GO:0031396)","1/113",0.57633033504509,0.62138356935826,0,0,1.17482142857143,0.647413877967195,"ISG15"
"Positive Regulation Of Cellular Component Organization (GO:0051130)","1/113",0.57633033504509,0.62138356935826,0,0,1.17482142857143,0.647413877967195,"BNIP3"
"Negative Regulation Of Cellular Process (GO:0048523)","4/537",0.580602283684856,0.625354589526691,0,0,0.986126533164861,0.536146438690563,"BMP4;ADGRG1;LPCAT3;MAGI2"
"Cellular Response To Molecule Of Bacterial Origin (GO:0071219)","1/117",0.589052959176949,0.633172310370364,0,0,1.13408045977011,0.600199819001155,"CASP1"
"Protein Maturation (GO:0051604)","1/117",0.589052959176949,0.633172310370364,0,0,1.13408045977011,0.600199819001155,"CASP1"
"Positive Regulation Of Cell Cycle Process (GO:0090068)","1/118",0.5921738570448,0.635241046648058,0,0,1.12433048433048,0.589098589904751,"CDC14A"
"Positive Regulation Of Cell Projection Organization (GO:0031346)","1/118",0.5921738570448,0.635241046648058,0,0,1.12433048433048,0.589098589904751,"MAGI2"
"Regulation Of Protein Kinase Activity (GO:0045859)","1/119",0.595271209208787,0.637276234052149,0,0,1.11474576271186,0.578261169709394,"TRIB3"
"Positive Regulation Of Angiogenesis (GO:0045766)","1/119",0.595271209208787,0.637276234052149,0,0,1.11474576271186,0.578261169709394,"VEGFB"
"Positive Regulation Of DNA-templated Transcription (GO:0045893)","9/1243",0.600087488498079,0.641785410659577,0,0,0.956097199077773,0.488259545749716,"COL1A1;BMP4;SREBF1;ARNT2;WWOX;STAT2;NFATC2;PLCB1;MTA3"
"Chromatin Organization (GO:0006325)","2/268",0.603166881044913,0.64442980650875,0,0,0.98819195640107,0.499591678535523,"HDAC11;MTA3"
"Regulation Of Protein Catabolic Process (GO:0042176)","1/122",0.604423749853562,0.645123640547218,0,0,1.08694214876033,0.547253366136493,"AZIN2"
"Cellular Response To Lipopolysaccharide (GO:0071222)","1/124",0.610410915557796,0.650859831648976,0,0,1.06915989159892,0.527761823939774,"CASP1"
"Negative Regulation Of Cell Growth (GO:0030308)","1/125",0.613370653852249,0.653359713531683,0,0,1.06048387096774,0.518349531731898,"FGF13"
"Organelle Organization (GO:0006996)","3/418",0.614327785667898,0.653723555490288,0,0,0.94923477694562,0.462492471326268,"HPS3;ABCD1;OPTN"
"Positive Regulation Of Intracellular Protein Transport (GO:0090316)","1/126",0.616308054382632,0.655174328082438,0,0,1.05194666666667,0.509150972701529,"RUFY3"
"Regulation Of Response To External Stimulus (GO:0032101)","1/127",0.619223284845851,0.657615128506294,0,0,1.04354497354497,0.500159994871654,"CASP1"
"Golgi Organization (GO:0007030)","1/130",0.627837610797552,0.666097445221779,0,0,1.01912144702842,0.474374258707685,"OPTN"
"Synapse Organization (GO:0050808)","1/131",0.630665810258294,0.668430230034239,0,0,1.01123076923077,0.46615632672637,"NRXN2"
"Transmembrane Receptor Protein Tyrosine Kinase Signaling Pathway (GO:0007169)","2/284",0.634756670563428,0.672095298243629,0,0,0.93136274929792,0.423316989046988,"VEGFB;PLCB1"
"Negative Regulation Of Cell Motility (GO:2000146)","1/133",0.636258315250799,0.673014273701542,0,0,0.995808080808081,0.450255263092311,"MAGI2"
"Cellular Response To Metal Ion (GO:0071248)","1/135",0.641766689784079,0.678165397562878,0,0,0.980845771144279,0.435034969094232,"BNIP3"
"Regulation Of Protein Kinase B Signaling (GO:0051896)","1/136",0.64448972171337,0.68036588912485,0,0,0.973530864197531,0.427668608234572,"MAGI2"
"Negative Regulation Of Cellular Biosynthetic Process (GO:0031327)","1/137",0.647192191168514,0.682540324747728,0,0,0.966323529411765,0.420458943113192,"TRIB3"
"Intracellular Calcium Ion Homeostasis (GO:0006874)","1/139",0.652536057951341,0.687493346770162,0,0,0.952222222222222,0.406493078035567,"TRPV4"
"Negative Regulation Of Wnt Signaling Pathway (GO:0030178)","1/140",0.655177760463566,0.689592449566212,0,0,0.945323741007194,0.399728905648604,"WWOX"
"Regulation Of Cell Cycle (GO:0051726)","2/298",0.660768448702671,0.694788210418056,0,0,0.886676945401778,0.367396192810992,"BMP4;MAP2K6"
"Positive Regulation Of Transferase Activity (GO:0051347)","1/143",0.662983750895351,0.696428035065146,0,0,0.925211267605634,0.380266269733305,"TRIB3"
"Regulation Of Cell Adhesion (GO:0030155)","1/144",0.665546537317513,0.698429271374702,0,0,0.918694638694639,0.374043504454004,"ADGRG1"
"Regulation Of Cold-Induced Thermogenesis (GO:0120161)","1/146",0.670614174503675,0.701667244653106,0,0,0.905931034482759,0.361974989210286,"MAP2K6"
"Negative Regulation Of Response To External Stimulus (GO:0032102)","1/146",0.670614174503675,0.701667244653106,0,0,0.905931034482759,0.361974989210286,"LPCAT3"
"Neuron Projection Morphogenesis (GO:0048812)","1/146",0.670614174503675,0.701667244653106,0,0,0.905931034482759,0.361974989210286,"SHTN1"
"Dephosphorylation (GO:0016311)","1/147",0.6731193146698,0.703595189152882,0,0,0.899680365296804,0.356122887691818,"PXYLP1"
"Negative Regulation Of Protein Phosphorylation (GO:0001933)","1/149",0.678072954156922,0.708076182216963,0,0,0.887432432432432,0.344767850384114,"TRIB3"
"Positive Regulation Of MAPK Cascade (GO:0043410)","2/310",0.681873101912455,0.711345023802581,0,0,0.851608123420204,0.326090719406508,"BMP4;ACKR3"
"Regulation Of Cell Population Proliferation (GO:0042127)","5/766",0.690853662926672,0.720006467152233,0,0,0.858999513977643,0.317681430956915,"BMP4;SQLE;ADGRG1;STAT2;MAGI2"
"Adenylate Cyclase-Modulating G Protein-Coupled Receptor Signaling Pathway (GO:0007188)","1/163",0.710721521383151,0.739261758774639,0,0,0.810164609053498,0.276650633911648,"ADGRG1"
"Nitrogen Compound Transport (GO:0071705)","1/163",0.710721521383151,0.739261758774639,0,0,0.810164609053498,0.276650633911648,"ABCD1"
"Heart Development (GO:0007507)","1/171",0.727878123764541,0.756366504342409,0,0,0.771725490196078,0.245116729108681,"BMP4"
"Generation Of Neurons (GO:0048699)","1/172",0.729950350558515,0.757778369788019,0,0,0.767173489278752,0.241489919726189,"FGF13"
"Positive Regulation Of I-kappaB kinase/NF-kappaB Signaling (GO:0043123)","1/175",0.736073441922066,0.763388667305892,0,0,0.753831417624521,0.230993078610033,"CASP1"
"Positive Regulation Of Hydrolase Activity (GO:0051345)","1/176",0.738083665888695,0.764726686023213,0,0,0.749485714285714,0.22761738170551,"RALGDS"
"Positive Regulation Of ERK1 And ERK2 Cascade (GO:0070374)","1/179",0.744023530759648,0.770129619558232,0,0,0.736741573033708,0.217841676576584,"ACKR3"
"Axonogenesis (GO:0007409)","1/188",0.761052025703202,0.786988560172152,0,0,0.70096256684492,0.191400323279239,"SHTN1"
"Intracellular Monoatomic Cation Homeostasis (GO:0030003)","1/190",0.764680566152392,0.789971557639922,0,0,0.69347442680776,0.186057172743117,"TRPV4"
"Neuron Projection Development (GO:0031175)","1/192",0.768254364372692,0.792122461129902,0,0,0.686143106457243,0.180890924167729,"SHTN1"
"Modification-Dependent Protein Catabolic Process (GO:0019941)","1/192",0.768254364372692,0.792122461129902,0,0,0.686143106457243,0.180890924167729,"ISG15"
"Endomembrane System Organization (GO:0010256)","1/196",0.775241003882773,0.798550869178957,0,0,0.671931623931624,0.171061243276953,"OPTN"
"Anterograde Trans-Synaptic Signaling (GO:0098916)","1/199",0.780343299032597,0.802657193869687,0,0,0.661649831649832,0.164103270685006,"NRXN2"
"Positive Regulation Of Protein Phosphorylation (GO:0001934)","2/377",0.780739059573811,0.802657193869687,0,0,0.697055928411633,0.17253130713607,"BMP4;VEGFB"
"Regulation Of MAPK Cascade (GO:0043408)","1/204",0.788592667875527,0.809947208204845,0,0,0.645188834154351,0.153235803245546,"BMP4"
"Regulation Of Angiogenesis (GO:0045765)","1/205",0.790205229538495,0.810819279004717,0,0,0.641993464052288,0.151165439336187,"VEGFB"
"Regulation Of DNA-templated Transcription (GO:0006355)","12/1922",0.794973363329151,0.81492443229301,0,0,0.810832799728803,0.186042885934394,"COL1A1;BMP4;SREBF1;ARNT2;STAT2;PRRX2;TCEA2;NFATC2;TRIB3;PLCB1;MTA3;FADS1"
"Proteasomal Protein Catabolic Process (GO:0010498)","1/220",0.81297759641522,0.832576863445481,0,0,0.597564687975647,0.123726800340113,"RNF122"
"Chromatin Remodeling (GO:0006338)","1/228",0.824100645463956,0.843154995648093,0,0,0.576270190895742,0.111486737488358,"MTA3"
"Phosphorylation (GO:0016310)","2/429",0.837944826861976,0.856494134867583,0,0,0.61053392641026,0.107944241839631,"DGKG;TESK2"
"Positive Regulation Of Transcription By RNA Polymerase II (GO:0045944)","5/938",0.841830095119943,0.859638039439788,0,0,0.694328209194086,0.119547398322996,"BMP4;SREBF1;ARNT2;WWOX;STAT2"
"Cytokine-Mediated Signaling Pathway (GO:0019221)","1/257",0.859187198900212,0.876090420693766,0,0,0.510234375,0.0774374823722712,"PLCB1"
"Regulation Of Gene Expression (GO:0010468)","6/1127",0.859591542714598,0.876090420693766,0,0,0.691303946599403,0.104592871946014,"BMP4;ARNT2;PRRX2;NFATC2;FADS1;CD276"
"Cellular Component Assembly (GO:0022607)","1/260",0.862393599590217,0.878103550110077,0,0,0.504247104247104,0.0746505064198411,"THSD4"
"Negative Regulation Of Signal Transduction (GO:0009968)","1/267",0.86959591212458,0.884588945092245,0,0,0.490802005012531,0.0685781170558099,"WWOX"
"Chemical Synaptic Transmission (GO:0007268)","1/273",0.875470420200029,0.889712522729599,0,0,0.479828431372549,0.0638142611397334,"NRXN2"
"Positive Regulation Of Gene Expression (GO:0010628)","2/480",0.880656082272178,0.894126921006743,0,0,0.543961135604167,0.0691309878810989,"BMP4;CCDC88B"
"Protein Phosphorylation (GO:0006468)","2/500",0.894385651256634,0.907199199268906,0,0,0.521576237837255,0.0582174110428798,"BMP4;TESK2"
"Gene Expression (GO:0010467)","1/296",0.89565353613073,0.907618373445454,0,0,0.441898305084746,0.0486979087474264,"CASP1"
"Cellular Response To Cytokine Stimulus (GO:0071345)","1/308",0.90485734295191,0.916071018317377,0,0,0.424364820846906,0.0424271374884965,"CASP1"
"Positive Regulation Of Intracellular Signal Transduction (GO:1902533)","2/525",0.9094952848473,0.919889516674126,0,0,0.496002669164731,0.0470535240362736,"BMP4;CASP1"
"Proteasome-Mediated Ubiquitin-Dependent Protein Catabolic Process (GO:0043161)","1/319",0.9125835410588,0.922134843581775,0,0,0.409454926624738,0.0374551538679971,"RNF122"
"Intracellular Protein Transport (GO:0006886)","1/325",0.916531693798385,0.925243972256544,0,0,0.401748971193416,0.035015890318806,"MYO6"
"Protein-Containing Complex Assembly (GO:0065003)","1/328",0.918438819778446,0.926288724220997,0,0,0.398002038735984,0.0338620076398991,"CASP1"
"Negative Regulation Of Gene Expression (GO:0010629)","1/336",0.923315470859089,0.930323557924433,0,0,0.388338308457711,0.0309833056551543,"BMP4"
"Negative Regulation Of Transcription By RNA Polymerase II (GO:0000122)","3/763",0.93093704832975,0.937113881825777,0,0,0.509130512091038,0.0364352231353736,"BMP4;TRIB3;MTA3"
"Positive Regulation Of Macromolecule Metabolic Process (GO:0010604)","1/364",0.938211609897113,0.94354235768062,0,0,0.357869605142332,0.0228248369954175,"BMP4"
"Ubiquitin-Dependent Protein Catabolic Process (GO:0006511)","1/367",0.939626150498085,0.944070928882655,0,0,0.35488160291439,0.0220996112824354,"RNF122"
"Positive Regulation Of Cellular Process (GO:0048522)","2/594",0.941396800499079,0.944955956644634,0,0,0.436627063304916,0.0263681479230126,"BMP4;ADGRG1"
"Negative Regulation Of DNA-templated Transcription (GO:0045892)","4/1025",0.954148506695747,0.956851476969673,0,0,0.501788962401807,0.0235519427802738,"BMP4;TRIB3;PLCB1;MTA3"
"Protein Modification Process (GO:0036211)","2/711",0.97262621465921,0.974461358460454,0,0,0.36235931125226,0.0100574378458618,"TESK2;MACROD2"
"Positive Regulation Of Cell Population Proliferation (GO:0008284)","1/483",0.975409832669973,0.976329163332245,0,0,0.267869986168741,0.00666930774105758,"BMP4"
"Regulation Of Transcription By RNA Polymerase II (GO:0006357)","8/2028",0.988720820818491,0.988720820818491,0,0,0.493775531399294,0.00560102992163004,"BMP4;SREBF1;ARNT2;WWOX;STAT2;NFATC2;TRIB3;MTA3"
