SYMBOL,in_male_CC,in_female_CC,kd3_male_log2FoldChange,kd3_male_pvalue,kd3_male_padj,kd3_male_sig,kd3_female_log2FoldChange,kd3_female_pvalue,kd3_female_padj,kd3_female_sig,description,gene_biotype,GO_Term_Description,Overall_pvalue_M,Expression_HR_M,Expression_pvalue_M,Recurrence_Recurrent_HR_M,Recurrence_Recurrent_pvalue_M,Recurrence_Secondary_HR_M,Recurrence_Secondary_pvalue_M,Age_HR_M,Age_pvalue_M,Subtype_Mesenchymal_HR_M,Subtype_Mesenchymal_pvalue_M,Subtype_Proneural_HR_M,Subtype_Proneural_pvalue_M,MGMT_Unmethylated_HR_M,MGMT_Unmethylated_pvalue_M,Overall_pvalue_F,Expression_HR_F,Expression_pvalue_F,Recurrence_Recurrent_HR_F,Recurrence_Recurrent_pvalue_F,Recurrence_Secondary_HR_F,Recurrence_Secondary_pvalue_F,Age_HR_F,Age_pvalue_F,Subtype_Mesenchymal_HR_F,Subtype_Mesenchymal_pvalue_F,Subtype_Proneural_HR_F,Subtype_Proneural_pvalue_F,MGMT_Unmethylated_HR_F,MGMT_Unmethylated_pvalue_F
Il18rap,FALSE,TRUE,-0.208315898428918,0.524241631788282,0.799504873671621,Not DE,-0.913111694974297,0.00353285707088384,0.0285331297856083,Down after KD,interleukin 18 receptor accessory protein [Source:MGI Symbol;Acc:MGI:1338888],protein_coding,signal transduction; cell population proliferation; immune system process; inflammatory response; positive regulation of natural killer cell mediated cytotoxicity; cellular response to interleukin-18; interleukin-18-mediated signaling pathway; response to interleukin-18; neutrophil activation; cellular response to hydrogen peroxide; cellular response to cytokine stimulus,0.0012247557953075244,1.3149439184151401,0.09666695762112916,0.3500536667821052,0.093620432857843,0.5414256559359313,0.553703655817995,1.0280581616000914,0.0013416628467660698,0.8955662089660034,0.6154733067764241,1.2085161266530076,0.4163883996791151,1.213791244688053,0.30913535890584015,0.008308628147600949,1.112247928120132,0.701625078846923,0.4668223099271536,0.12848319255152044,0.6620053458868509,0.5879368954486089,1.0266832582345835,0.005308540796559129,0.7727929988974063,0.3803123441508905,0.6264507399023209,0.09370538095507401,1.2462838923449648,0.332259572801044
Col3a1,FALSE,TRUE,0.352246147400645,0.0501088741049062,0.243664533852498,Not DE,0.66018359355945,2.34291423978854e-4,0.00339077331349568,Up after KD,"collagen, type III, alpha 1 [Source:MGI Symbol;Acc:MGI:88453]",protein_coding,in utero embryonic development; gene expression; lung development; cellular response to amino acid stimulus; aorta smooth muscle tissue morphogenesis; multicellular organism growth; tissue homeostasis; cartilage development; skeletal system development; cerebral cortex development; collagen fibril organization; fibroblast proliferation; extracellular matrix organization; blood vessel development; chondrocyte differentiation; cell-matrix adhesion; integrin-mediated signaling pathway; transforming growth factor beta receptor signaling pathway; skin development; heart development; aorta development; digestive tract development; peptide cross-linking; response to cytokine; positive regulation of Rho protein signal transduction; wound healing; neuron migration; response to radiation; supramolecular fiber organization; layer formation in cerebral cortex; skeletal system morphogenesis; response to angiotensin; negative regulation of immune response; transforming growth factor beta1 production; limb joint morphogenesis; elastic fiber assembly; endochondral bone morphogenesis; basement membrane organization; negative regulation of neuron migration,0.0013343053450958953,1.0808040134778083,0.13358060889317536,0.3938624878096438,0.1411775588611998,0.40133186331587123,0.37749730304943907,1.0272646343352598,0.0017032351120671637,0.8405967033750662,0.45896811890053435,1.2492561443489743,0.338292048461466,1.2496610251486882,0.24195914681748526,0.008663386638286062,0.9892713723951125,0.8519297303216009,0.4612789681494314,0.1280096806802388,0.6288707753964164,0.54365816419463,1.0266263994063758,0.0054476589180095306,0.8141326953579159,0.475454720449465,0.6358323504229826,0.1013459363571366,1.2418296231171722,0.33908177188300526
Tmeff2,FALSE,TRUE,9.60291379630982e-4,0.995513815414385,0.998745787741192,Not DE,0.5293776371125,1.58615511276945e-7,6.62710178564877e-6,Up after KD,transmembrane protein with EGF-like and two follistatin-like domains 2 [Source:MGI Symbol;Acc:MGI:1861735],protein_coding,"response to stress; cell differentiation; negative regulation of cell migration; wound healing, spreading of cells; negative regulation of integrin biosynthetic process",NA,NA,NA,NA,NA,NA,NA,NA,NA,NA,NA,NA,NA,NA,NA,NA,NA,NA,NA,NA,NA,NA,NA,NA,NA,NA,NA,NA,NA,NA
Nab1,FALSE,TRUE,-0.175953485864027,0.0255644634229804,0.159990094387712,Not DE,-0.648599214798869,1.37373767201847e-13,2.00531780666005e-11,Down after KD,Ngfi-A binding protein 1 [Source:MGI Symbol;Acc:MGI:107564],protein_coding,regulation of DNA-templated transcription; negative regulation of DNA-templated transcription; endochondral ossification; Schwann cell differentiation; regulation of epidermis development; myelination,0.0029807754303691203,0.9213584860365199,0.634581768028208,0.3326439911439438,0.0824110283487681,0.4674577670262084,0.46098874521349925,1.026826254261159,0.0021913902453932284,1.009558607449346,0.9641180425443803,1.2533048132405884,0.35183900528741885,1.219352387486628,0.29589547404155725,0.0024918174466185754,1.3997962011137537,0.06529356304769593,0.37919601932648844,0.05679556113636116,0.6771639493280683,0.6097135567406919,1.0269711546497102,0.0038242271166415323,0.7711062830014985,0.3480329402281849,0.5658687625564344,0.044196071119534684,1.246053972369374,0.32799157934100587
Igfbp2,FALSE,TRUE,0.178792840411719,0.024442375159483,0.154533060914503,Not DE,0.510084497882017,2.00086001653917e-29,1.02861603632866e-26,Up after KD,insulin-like growth factor binding protein 2 [Source:MGI Symbol;Acc:MGI:96437],protein_coding,positive regulation of activated T cell proliferation; osteoblast differentiation; negative regulation of osteoblast differentiation; regulation of insulin-like growth factor receptor signaling pathway; female pregnancy; response to nutrient; response to xenobiotic stimulus; response to mechanical stimulus; response to estradiol; response to retinoic acid; cellular response to hormone stimulus; response to estrogen; response to steroid hormone; response to glucocorticoid,0.0017535032617815,1.0930408281590465,0.21995198229547064,0.32887615545160886,0.0759603012646216,0.43834718694024044,0.4234753918630118,1.024880771582231,0.004211488995185872,1.0311374968292184,0.884166720068836,1.3168613836328786,0.2518488020107433,1.200317637698667,0.3372476363966218,0.008592317784329832,1.0174901390813902,0.813686290990229,0.48166444351820026,0.1568301243535399,0.6312006379778945,0.5450196829403934,1.0266500715337408,0.0055766301447571194,0.8211093558320683,0.5027101828943809,0.6403687738272404,0.10899929659768232,1.2301275163860417,0.36658802531301443
Col4a4,FALSE,TRUE,-0.0366361366683324,0.912748225340764,0.970153980883464,Not DE,1.23627209455081,0.0287216623459137,0.133387641625328,Up after KD,"collagen, type IV, alpha 4 [Source:MGI Symbol;Acc:MGI:104687]",protein_coding,collagen fibril organization; glomerular basement membrane development,0.002854469696540989,0.8947445894298817,0.5686000726704448,0.31152006819279804,0.061507132935214884,0.4643494129636631,0.45680413352482996,1.0267163781204733,0.0021666835741094384,0.9819165845513416,0.930304829839277,1.2570568592798155,0.34033109609161977,1.2126335021476862,0.3103724965101008,0.001128355836409581,1.6679260793852015,0.0131141698799293,0.4645393708901553,0.1285057637891663,0.8119874331730099,0.7852848652830671,1.031318647721956,0.0014123407928970785,0.7951831384819321,0.41093286424900205,0.554164932038788,0.03906471377603988,1.3500534957482546,0.19679396794713286
Dner,FALSE,TRUE,0.475463766569686,0.573173433687143,0.830230585016025,Not DE,1.16244014457372,3.12562370840495e-7,1.19991476390195e-5,Up after KD,delta/notch-like EGF repeat containing [Source:MGI Symbol;Acc:MGI:2152889],protein_coding,nervous system development; cell differentiation; Notch signaling pathway; glial cell differentiation; skeletal muscle fiber development; Notch receptor processing; central nervous system development,NA,NA,NA,NA,NA,NA,NA,NA,NA,NA,NA,NA,NA,NA,NA,NA,NA,NA,NA,NA,NA,NA,NA,NA,NA,NA,NA,NA,NA,NA
Sned1,FALSE,TRUE,-0.917028519326871,0.408052624764836,0.724102958354833,Not DE,1.85105570187085,1.58908118612531e-8,8.82126570175851e-7,Up after KD,"sushi, nidogen and EGF-like domains 1 [Source:MGI Symbol;Acc:MGI:3045960]",protein_coding,cell-matrix adhesion,3.0165786893587593e-4,1.551405326686119,0.008374135212402227,0.30369774039859465,0.05678964842976784,0.4773966883016559,0.47330345379200167,1.0279059156857968,0.001498374636249304,0.9262272758889184,0.7177669632438145,1.330006440814907,0.22588027167204777,1.2341902999955223,0.2701571195751775,0.0025697836606057996,1.754760540793327,0.06961701131846205,0.485775938583163,0.1505263211299784,0.6991115769769813,0.6371215546646019,1.0280578890641228,0.003462587357943985,0.831281729418661,0.5040892513664319,0.6409905774795158,0.1060390436825586,1.1771021650854587,0.47504564487425194
Pam,FALSE,TRUE,0.452079864438524,0.0036834936780627,0.0422918469899771,Not DE,0.631085620330361,2.60054550441133e-4,0.00367369773526399,Up after KD,peptidylglycine alpha-amidating monooxygenase [Source:MGI Symbol;Acc:MGI:97475],protein_coding,peptide metabolic process; lipid metabolic process; regulation of transcription by RNA polymerase II; protein maturation; proteasome-mediated ubiquitin-dependent protein catabolic process; regulation of actin cytoskeleton organization; cellular response to oxidative stress; response to pH; response to zinc ion; response to xenobiotic stimulus; peptide amidation; long-chain fatty acid metabolic process; toxin metabolic process; fatty acid primary amide biosynthetic process,0.0030552390026815984,1.0546740437703936,0.6854283024048518,0.30923111374992024,0.06026885865653898,0.4389024586974008,0.4262133582082715,1.0263721143969837,0.0023532089798487046,1.0039872495990392,0.9849024160594609,1.2362661878775654,0.3712388733304462,1.233617884974959,0.2735374676923834,0.008724308301249718,0.9683537074671398,0.8977407508347623,0.4616136515842704,0.1304390161371839,0.6071004680710529,0.5662905899267034,1.0266906677215966,0.005319455828062616,0.8034504584525917,0.42964826438921644,0.6207228131934258,0.15046865765182116,1.2411555764437077,0.3399087440124104
Tmem163,FALSE,TRUE,0.0685297790905772,0.915529359476235,0.971172679917859,Not DE,0.818712158472427,2.27581227916145e-9,1.52029403326582e-7,Up after KD,transmembrane protein 163 [Source:MGI Symbol;Acc:MGI:1919410],protein_coding,myelination; zinc ion import into synaptic vesicle; intracellular zinc ion homeostasis,NA,NA,NA,NA,NA,NA,NA,NA,NA,NA,NA,NA,NA,NA,NA,NA,NA,NA,NA,NA,NA,NA,NA,NA,NA,NA,NA,NA,NA,NA
Rab7b,FALSE,TRUE,0.848330349822301,0.0570634494793367,0.261451432651697,Not DE,-1.60657580713388,5.24028605642854e-4,0.00646101588438071,Down after KD,"RAB7B, member RAS oncogene family [Source:MGI Symbol;Acc:MGI:2442295]",protein_coding,cellular response to type II interferon; protein transport; positive regulation of interleukin-6 production; regulation of immune system process; positive regulation of megakaryocyte differentiation; endosome to lysosome transport; negative regulation of toll-like receptor 9 signaling pathway; negative regulation of toll-like receptor 4 signaling pathway; phagosome-lysosome fusion; late endosome to Golgi transport,NA,NA,NA,NA,NA,NA,NA,NA,NA,NA,NA,NA,NA,NA,NA,NA,NA,NA,NA,NA,NA,NA,NA,NA,NA,NA,NA,NA,NA,NA
Optc,FALSE,TRUE,0.0593731678265859,0.918180314562591,0.972510048312547,Not DE,0.836596829835354,0.00117730752991263,0.0122431699504723,Up after KD,opticin [Source:MGI Symbol;Acc:MGI:2151113],protein_coding,negative regulation of angiogenesis; collagen fibril organization; bone development; articular cartilage development,NA,NA,NA,NA,NA,NA,NA,NA,NA,NA,NA,NA,NA,NA,NA,NA,NA,NA,NA,NA,NA,NA,NA,NA,NA,NA,NA,NA,NA,NA
Prelp,TRUE,TRUE,0.941383685032617,1.96379990215739e-9,2.04106716933573e-7,Up after KD,0.949974698144177,5.38435873359848e-53,9.09495109515263e-50,Up after KD,proline arginine-rich end leucine-rich repeat [Source:MGI Symbol;Acc:MGI:2151110],protein_coding,cellular senescence,0.0031603025736255527,0.9610705686722419,0.7780798690787183,0.30188330540831126,0.060871253337064286,0.443847619342979,0.43249918686808764,1.0260115185109875,0.0027498115382901295,0.9849839749717514,0.942353626881562,1.2121949149334614,0.407940262970006,1.2141299323782933,0.30964003501189047,0.004501636977652962,1.3126292332807679,0.1833812048373543,0.5657595353579614,0.2717490683073383,0.6999511917406419,0.6357108808582412,1.0311611803022678,0.0021574590933923997,0.7901471152050378,0.39799380944321533,0.6924325809878897,0.19458876494605126,1.2869417684130071,0.2696293434491791
Fmod,FALSE,TRUE,0.373715942887935,0.0168276830303178,0.12065806768547,Not DE,1.02028581106842,2.1861419933251e-43,2.87210476989733e-40,Up after KD,fibromodulin [Source:MGI Symbol;Acc:MGI:1328364],protein_coding,collagen fibril organization,0.00201277423273909,1.083759031103967,0.26518720947760827,0.3594758935831805,0.10430980911764375,0.403334491459314,0.38077554764880184,1.0265875708213432,0.0022952636249983704,0.9682525615972658,0.8772698038386978,1.2450374243100024,0.3499062241939177,1.236918193218874,0.2654353745695501,0.008759253177219982,1.0063203530558236,0.9380091630073321,0.4695030315050546,0.1345242651543164,0.6422966498370225,0.559334846109997,1.0265274008010419,0.006174074373643974,0.800384258233171,0.4234200845673592,0.6376795961312106,0.10763843673832627,1.2391720725008668,0.34554119474145756
Btg2,FALSE,TRUE,0.288559368935294,0.0872530693039908,0.333336098842213,Not DE,0.665167362459238,2.40231939382804e-7,9.50000819820159e-6,Up after KD,BTG anti-proliferation factor 2 [Source:MGI Symbol;Acc:MGI:108384],protein_coding,negative regulation of apoptotic process; negative regulation of transcription by RNA polymerase II; negative regulation of cell population proliferation; negative regulation of DNA-templated transcription; negative regulation of translation; DNA damage response; neuron projection development; negative regulation of neural precursor cell proliferation; anterior/posterior pattern specification; skeletal muscle cell differentiation; protein methylation; dentate gyrus development; neuron differentiation; negative regulation of neuron apoptotic process; central nervous system neuron development; associative learning; positive regulation of nuclear-transcribed mRNA poly(A) tail shortening; response to mechanical stimulus; response to peptide hormone; response to electrical stimulus; cellular response to phorbol 13-acetate 12-myristate,0.0015745109317772202,1.1883314588645157,0.16325777409785544,0.3065545922599277,0.056397904196729506,0.43733239554517683,0.42262701762547517,1.0276911837899447,0.001587501691909162,1.020665574847708,0.9223639949882881,1.26204967349159,0.3214668322389499,1.2300187321564593,0.2782274301629078,0.002744901240992572,1.39254956113943,0.09157365316831549,0.6283893342739534,0.37246678986801274,0.639658239396747,0.5584432977591526,1.030699359169199,0.001914495654992622,0.7448272443058382,0.2937991855038284,0.6602494481588085,0.135137755291375,1.2969717797164255,0.2551158405555317
Lmod1,FALSE,TRUE,0.790363012128984,1.38742263713824e-6,6.53793523203999e-5,Up after KD,0.609668620019484,2.3258277673994e-12,2.72283044769609e-10,Up after KD,leiomodin 1 (smooth muscle) [Source:MGI Symbol;Acc:MGI:2135671],protein_coding,pointed-end actin filament capping; positive regulation of actin filament polymerization; actin nucleation,0.0024262988285349988,1.195771909641057,0.3816439570670642,0.3242597281780591,0.06978822889420638,0.5012632886314901,0.5050184036274789,1.0271316053687443,0.0019944125583173655,0.9888563108913794,0.9570772021944483,1.234223683086278,0.36678394212746707,1.2459469645732169,0.2507162021689324,0.008384979340332976,0.8904907761876668,0.7299013053350059,0.4586559965101003,0.12360621677818391,0.6309938218719017,0.5450737469108868,1.0262677722090978,0.006517404654556473,0.8317012532106666,0.5328647859645377,0.6320187824597938,0.09720594580044106,1.2462407069416,0.33059574379413326
Nav1,FALSE,TRUE,-0.0187445241003291,0.869267730822326,0.955983300158071,Not DE,0.556122274330717,0.00799678174795978,0.0528825209104455,Up after KD,neuron navigator 1 [Source:MGI Symbol;Acc:MGI:2183683],protein_coding,neurogenesis; nervous system development; cell differentiation; neuron migration; microtubule bundle formation,NA,NA,NA,NA,NA,NA,NA,NA,NA,NA,NA,NA,NA,NA,NA,NA,NA,NA,NA,NA,NA,NA,NA,NA,NA,NA,NA,NA,NA,NA
Ptgs2os,FALSE,TRUE,-0.656890952634647,0.0410880851993789,0.21790059016377,Down after KD,-0.992178393860722,0.0229816831337495,0.114414914262507,Down after KD,"prostaglandin-endoperoxide synthase 2, opposite strand [Source:MGI Symbol;Acc:MGI:2443180]",lncRNA,negative regulation of transcription by RNA polymerase II; negative regulation of toll-like receptor signaling pathway,NA,NA,NA,NA,NA,NA,NA,NA,NA,NA,NA,NA,NA,NA,NA,NA,NA,NA,NA,NA,NA,NA,NA,NA,NA,NA,NA,NA,NA,NA
Mr1,FALSE,TRUE,0.127601935752584,0.648524608822475,0.869420692648793,Not DE,0.51913924817827,0.0175372608777496,0.0946851929764889,Up after KD,"major histocompatibility complex, class I-related [Source:MGI Symbol;Acc:MGI:1195463]",protein_coding,immune system process; innate immune response; immune response; antigen processing and presentation of peptide antigen via MHC class I; T cell differentiation in thymus; positive regulation of T cell mediated cytotoxicity directed against tumor cell target; antigen processing and presentation of exogenous antigen,0.0032573866763246206,0.9916634793431859,0.9531917307899093,0.3126684022868954,0.06315713779025758,0.45368171180529354,0.4449063242870111,1.026292407174633,0.0025975784937024575,0.9959350324043259,0.9854641509579211,1.2087496035192737,0.4228732656656172,1.223479787045759,0.2930158877431924,0.004620695833062495,1.2502548116877295,0.18808999293930362,0.40716154413612393,0.08227747673327555,0.7076900239930831,0.6488013147953073,1.0269384808072382,0.003996871931478216,0.6727745057350341,0.2068754201254575,0.6573654713202808,0.1312194836728146,1.2494230676288625,0.3292177385518408
Olfml2b,FALSE,TRUE,0.166031626482175,0.23841684652835,0.569692122717251,Not DE,-0.522013471942196,6.87141200675481e-5,0.00125901915953354,Down after KD,olfactomedin-like 2B [Source:MGI Symbol;Acc:MGI:2443310],protein_coding,signal transduction; extracellular matrix organization,6.315910478363446e-4,1.204873609997347,0.04260753976808491,0.36416926656112153,0.10455531878791789,0.39991033709056795,0.3751638274747096,1.031100498547646,6.408482893457201e-4,0.793295146519593,0.3294845357488719,1.2325493140616055,0.36768862834527044,1.3171128987973288,0.15829486748963537,0.00864687288772055,0.975583151848369,0.8421134859010698,0.47452021878218614,0.14213001314701076,0.6367637059158984,0.5515142573423787,1.027202330473712,0.006394014591947137,0.8350428852830285,0.5996217545333092,0.6468225411081434,0.1328652611758167,1.2435631861077225,0.33621259285365923
Pcp4l1,FALSE,TRUE,0.764878850586437,0.457501052855522,NA,Not DE,1.31670660382033,0.0275144301883697,0.12920199465738,Up after KD,Purkinje cell protein 4-like 1 [Source:MGI Symbol;Acc:MGI:1913675],protein_coding,biological_process,NA,NA,NA,NA,NA,NA,NA,NA,NA,NA,NA,NA,NA,NA,NA,NA,NA,NA,NA,NA,NA,NA,NA,NA,NA,NA,NA,NA,NA,NA
Ifi204,TRUE,TRUE,0.796326647741116,0.00532979916953741,0.055137392152954,Up after KD,0.501618811815878,0.00442348201213114,0.033941110520077,Up after KD,interferon activated gene 204 [Source:MGI Symbol;Acc:MGI:96429],protein_coding,activation of innate immune response; cellular response to interferon-beta; response to bacterium; positive regulation of osteoblast differentiation; regulation of transcription by RNA polymerase II; immune system process; innate immune response; inner ear development; cellular response to interferon-alpha; intrinsic apoptotic signaling pathway in response to DNA damage by p53 class mediator,0.0016281630888132597,1.1454922454811813,0.19397654808344633,0.37467925371164396,0.11671092167037109,0.5363002951836794,0.5487351482185816,1.026528210052191,0.0023272163856589445,0.8909767966679392,0.6044681667325883,1.1949704446203968,0.4435977163962654,1.2517269643128153,0.2401454492847085,0.0022964237215125907,1.2344604481945796,0.07306177221474405,0.4426674871342298,0.1048823294097868,0.6531565584311392,0.5785231450756484,1.0304103895587513,0.002126387625321439,0.6257790149735656,0.12484817301413259,0.6127179075569249,0.08040283383081269,1.3123413632190202,0.23548607264640367
Ust,FALSE,TRUE,-0.488250934717995,0.0111171662956271,0.0919211943298656,Not DE,-0.553399545498318,0.00440991024408499,0.0338875417489691,Down after KD,uronyl-2-sulfotransferase [Source:MGI Symbol;Acc:MGI:2442406],protein_coding,establishment of cell polarity; regulation of axonogenesis,0.0030425482899188293,0.9566266303926528,0.6745780841841406,0.2986024221938901,0.058021994485958885,0.43147323219916567,0.41838700869135786,1.0258711707226986,0.002855754617181887,0.9730257582213712,0.8976890245021995,1.2223198506968396,0.38939827579009245,1.1991901305937778,0.35100239219402535,0.006281992293560107,0.8562489961307331,0.3529958479570397,0.39252023912561906,0.0810749278082469,0.6710637657434672,0.5987709574333613,1.0282176614038563,0.0035717518255258917,0.8305211520271572,0.5060521715858488,0.7047284355195325,0.23997825972726522,1.2483189864977475,0.3274816945686943
Lama4,FALSE,TRUE,0.536733799187936,0.203225657546761,0.524744030085332,Not DE,0.990001716297129,1.00481153425145e-8,5.8816294955392e-7,Up after KD,"laminin, alpha 4 [Source:MGI Symbol;Acc:MGI:109321]",protein_coding,cell adhesion; regulation of cell adhesion; regulation of cell migration; regulation of embryonic development; signal transduction; blood vessel development; nervous system development,0.0022043179894453433,0.8454523725194631,0.32004876524791737,0.3050975980179015,0.05646778025959058,0.41186932145916627,0.39145973922987093,1.025241710732161,0.0038676798158011126,0.9912254640851708,0.9662278278681479,1.202933067902613,0.42794061955254387,1.1593320851101783,0.45290192313842514,0.0022199997341073707,0.6758409625794097,0.0611634934393026,0.38145664697367043,0.060719142819408455,0.5233569496956327,0.396895373821468,1.025777753290124,0.006680540709549228,0.7670569570647173,0.34170364298294287,0.63932601758384,0.10802094191407044,1.0979074996274767,0.6899648856319097
Sesn1,FALSE,TRUE,0.480304960262698,9.88611140685877e-5,0.00248179333985726,Not DE,0.720625831834785,2.48021308146789e-10,2.05077199127807e-8,Up after KD,sestrin 1 [Source:MGI Symbol;Acc:MGI:2155278],protein_coding,regulation of phosphatidylinositol 3-kinase/protein kinase B signal transduction; cellular response to amino acid stimulus; negative regulation of cell growth; reactive oxygen species metabolic process; cellular response to amino acid starvation; cellular response to glucose starvation; cellular response to L-leucine; positive regulation of macroautophagy; cellular oxidant detoxification; cellular response to leucine starvation,0.0026690698194946636,1.0959621838199651,0.47751503911648857,0.3146860414285113,0.06287548901597464,0.4946585044658653,0.49719079120831056,1.0262420814696434,0.002418145333731157,1.0245686112889738,0.9093616885284831,1.2939914388831,0.30205072420983176,1.239578021875354,0.2616105785185655,0.008668148833252473,0.9736250864548452,0.854938462697887,0.4549478603217546,0.1329060837845997,0.6462707247450232,0.565070424364474,1.026667999439805,0.005381957936857892,0.8064794910080544,0.44007690243374453,0.6279190555602212,0.10119566011512161,1.2427359639565936,0.337264686670269
Man1a,FALSE,TRUE,-0.337022426028251,0.00665992662649998,0.0642368118068571,Not DE,0.52634036198785,1.78114579636985e-4,0.00271745392210028,Up after KD,"mannosidase 1, alpha [Source:MGI Symbol;Acc:MGI:104677]",protein_coding,carbohydrate metabolic process; ERAD pathway; protein targeting to ER,0.001984299526468529,1.1392736844515101,0.25619182687893594,0.29820988266719634,0.05265398281774079,0.42030646635867747,0.40147554887974674,1.0264710959671783,0.0022068061112451693,0.8426905765028266,0.5030655525049084,1.2374735918186726,0.3597247793214459,1.1727255401247367,0.41131396932428665,0.001792813450433178,1.3836970306127985,0.037830384349524654,0.39060678240902513,0.06506778683670941,0.8359391665151028,0.8143275185002761,1.0290058497366241,0.0019774398664187147,0.5519958531531526,0.07565780977608964,0.6459122935529654,0.11427089948314625,1.3274338956216067,0.21797808194530804
Oit3,FALSE,TRUE,0.638632234967086,0.222849604021094,0.548662928120121,Not DE,1.02121846810156,0.0347118718644019,0.152237823785122,Up after KD,oncoprotein induced transcript 3 [Source:MGI Symbol;Acc:MGI:1201782],protein_coding,renal system process,NA,NA,NA,NA,NA,NA,NA,NA,NA,NA,NA,NA,NA,NA,NA,NA,NA,NA,NA,NA,NA,NA,NA,NA,NA,NA,NA,NA,NA,NA
Ddit4,TRUE,TRUE,1.04341730143075,6.3215293888162e-18,1.80260841879551e-15,Up after KD,0.839450174277414,5.59392890598552e-8,2.67783867952926e-6,Up after KD,DNA-damage-inducible transcript 4 [Source:MGI Symbol;Acc:MGI:1921997],protein_coding,negative regulation of signal transduction; reactive oxygen species metabolic process; cellular response to dexamethasone stimulus; apoptotic process; defense response to virus; neuron migration; intracellular signal transduction; neuron differentiation; negative regulation of TOR signaling; brain development; response to hypoxia; neurotrophin TRK receptor signaling pathway; intrinsic apoptotic signaling pathway in response to DNA damage by p53 class mediator; negative regulation of glycolytic process; protein-containing complex disassembly,0.0030365557511546144,0.9608201436918012,0.6694454047021071,0.33618623783327084,0.08962711241210887,0.4407494039411191,0.42801835710436503,1.0268491827706963,0.0022114859636395796,0.9931223858451017,0.9735189138125092,1.1950782214952005,0.4475139847397482,1.2392537087697901,0.26685811878165516,0.006908597726953522,1.0894278473525032,0.4313820086517556,0.4631953108762359,0.12547045813379118,0.6199061978724555,0.5279345784458558,1.0282017408241495,0.004001634319129365,0.7524443508251102,0.3233145726895642,0.6431349184330727,0.11069387116363076,1.2389320173919378,0.34421314058736513
Egr2,FALSE,TRUE,-0.0976978731854682,0.700625722778465,0.89111607780015,Not DE,0.540175572749745,0.00520856773645005,0.0382047797244326,Up after KD,early growth response 2 [Source:MGI Symbol;Acc:MGI:95296],protein_coding,gene expression; positive regulation of transcription by RNA polymerase II; myelination; regulation of transcription by RNA polymerase II; Schwann cell differentiation; positive regulation of DNA-templated transcription; fat cell differentiation; skeletal muscle cell differentiation; facial nerve structural organization; protein sumoylation; aorta development; response to insulin; motor neuron axon guidance; regulation of DNA-templated transcription; protein export from nucleus; regulation of ossification; rhythmic behavior; rhombomere 3 development; rhombomere 3 formation; rhombomere 5 formation; brain segmentation; positive regulation of Schwann cell differentiation; rhombomere 3 structural organization; rhombomere 5 structural organization; positive regulation of myelination,4.514585150303889e-4,1.2236442281167739,0.025988881255724933,0.3690229611396504,0.10520421682683226,0.5218359352467928,0.5292370657278995,1.0276614667138952,0.001748978959186272,0.9826837992524765,0.9329656296154267,1.3772124177743217,0.1843754570324159,1.3137286528270447,0.15862120820487832,0.008662752705306037,1.023798784160649,0.8517148746684803,0.4839336866667091,0.1746397507736628,0.6440296493754832,0.5614802451059022,1.0270654214414123,0.00592201987273884,0.7885468971749332,0.4150066445749354,0.6391739153776519,0.10742084394874635,1.2516650145573882,0.3312342502346007
Tle2,TRUE,TRUE,1.16315523311742,0.00949448827954782,0.0817879195637888,Up after KD,0.984905820573154,0.00126449757983828,0.0129165797927601,Up after KD,transducin-like enhancer of split 2 [Source:MGI Symbol;Acc:MGI:104635],protein_coding,regulation of DNA-templated transcription; Wnt signaling pathway; negative regulation of canonical Wnt signaling pathway; negative regulation of DNA-templated transcription,0.0023773471006331595,1.1068413672917985,0.3701796337785733,0.3118809945712742,0.06322154902613182,0.4660567679270876,0.45886096118340414,1.0246116221854382,0.005288973891239135,1.0878375037268544,0.7187201394621107,1.2546801105287566,0.33685180578188056,1.2020604332686458,0.33513321801104184,0.002668522971227339,0.8000350789065398,0.080845723889449,0.36338037971095943,0.051671348268404665,0.6792026602407327,0.6130253434322898,1.0276069698754116,0.004089718743433365,0.6302392582050977,0.1323560662668703,0.5928451498224543,0.06229025797336285,1.3285832699457412,0.21853152824937416
Tcp11l2,FALSE,TRUE,0.239997787252138,0.400062820804755,0.718205960232911,Not DE,1.41495084862858,1.23446238809486e-7,5.30773937339404e-6,Up after KD,t-complex 11 (mouse) like 2 [Source:MGI Symbol;Acc:MGI:2444679],protein_coding,signal transduction; muscle cell migration,NA,NA,NA,NA,NA,NA,NA,NA,NA,NA,NA,NA,NA,NA,NA,NA,NA,NA,NA,NA,NA,NA,NA,NA,NA,NA,NA,NA,NA,NA
Syn3,FALSE,TRUE,0.282762534960182,0.360328357175432,0.688627014342707,Not DE,0.785870657688856,0.00336320660987615,0.0274630904386572,Up after KD,synapsin III [Source:MGI Symbol;Acc:MGI:1351334],protein_coding,neurotransmitter secretion; synapse organization; synaptic vesicle clustering; synaptic vesicle cycle,0.0029950191458891387,1.1316079308665485,0.6401878017460946,0.3329743696290625,0.08310423550803274,0.469757404610546,0.4642221116222389,1.0269820172339355,0.0021606314073385107,1.0204730266032722,0.9256801104641035,1.1608096199189955,0.5522597829621609,1.2419527245383282,0.26253748975510394,0.00413934624405309,0.6404398921749933,0.1715872994044725,0.378699633773152,0.06567985560157878,0.5749535590860162,0.4770809913616793,1.0242781641450442,0.011426784894717034,0.8097122310920817,0.4429499129998658,0.6922289816833715,0.19591878444150537,1.2757327220614236,0.2823231651933951
Nab2,TRUE,TRUE,-0.528980583021152,2.35572707556427e-20,9.35644314548221e-18,Down after KD,-0.592023985891222,1.28621931177007e-19,3.70933101033397e-17,Down after KD,Ngfi-A binding protein 2 [Source:MGI Symbol;Acc:MGI:107563],protein_coding,regulation of DNA-templated transcription; negative regulation of DNA-templated transcription; myelination; endochondral ossification; Schwann cell differentiation; regulation of epidermis development; negative regulation of transcription by RNA polymerase III,0.002961291775874207,1.13200595278408,0.6193743921307528,0.3095029014070806,0.06054572174121298,0.48454377974403967,0.4850695909429251,1.0256721786537353,0.0033285311819437713,1.0108326262874534,0.9594437988415383,1.2558764920264707,0.3489511398852438,1.2001257266823164,0.34511998362999907,0.0043994653020146025,1.4949457417092333,0.17963099431280805,0.49794869425519345,0.16678647956723813,0.6983316059648008,0.6361194063089741,1.0271622402451834,0.005083120589020516,0.8504905020496981,0.5616688644733192,0.6378052064422038,0.10414702333182524,1.2893171388067275,0.2633972728758519
Snhg15,FALSE,TRUE,-0.0890451486036207,0.473513315868439,0.766306219131469,Not DE,-0.542053220111392,8.45847119288999e-4,0.00950693568295924,Down after KD,small nucleolar RNA host gene 15 [Source:MGI Symbol;Acc:MGI:3650059],lncRNA,RNA processing,NA,NA,NA,NA,NA,NA,NA,NA,NA,NA,NA,NA,NA,NA,NA,NA,NA,NA,NA,NA,NA,NA,NA,NA,NA,NA,NA,NA,NA,NA
Stc2,FALSE,TRUE,0.00797307286765997,0.972953710456312,0.990450523160448,Not DE,-0.824809372461062,4.00637995559425e-4,0.00521137916336044,Down after KD,stanniocalcin 2 [Source:MGI Symbol;Acc:MGI:1316731],protein_coding,signal transduction; intracellular calcium ion homeostasis; negative regulation of gene expression; calcium ion homeostasis; response to endoplasmic reticulum stress; response to oxidative stress; negative regulation of multicellular organism growth; regulation of store-operated calcium entry; embryo implantation; response to vitamin D; response to peptide hormone; decidualization; regulation of hormone biosynthetic process; cellular response to hypoxia,0.0023712036656910337,0.902513200457088,0.37292836492839204,0.366807416467845,0.11723233313982782,0.5202424258391006,0.5305319089848489,1.026739615687365,0.00213789490880514,1.0646921784135557,0.7778182491196818,1.3108095414279368,0.27532751537524025,1.214853128058738,0.30705922083735127,0.007874010920310745,1.0711761938679687,0.5933272487732976,0.44468681745072275,0.11289377198079183,0.6527871221437616,0.5739701891586535,1.027539048451246,0.004913048880813468,0.7804705729009483,0.37918567258485464,0.602603187433066,0.08473051517442812,1.2100300503656172,0.41026102249490304
Slit3,FALSE,TRUE,0.443565592871737,0.031585617861245,0.183764668973075,Not DE,0.80170281943818,2.69693693569214e-7,1.048966523935e-5,Up after KD,slit guidance ligand 3 [Source:MGI Symbol;Acc:MGI:1315202],protein_coding,ventricular septum morphogenesis; negative regulation of gene expression; negative regulation of cell population proliferation; nervous system development; cell differentiation; aortic valve morphogenesis; axon guidance; negative regulation of cell growth; negative chemotaxis; animal organ morphogenesis; atrioventricular valve morphogenesis; axon extension involved in axon guidance; negative regulation of chemokine-mediated signaling pathway; Roundabout signaling pathway; cellular response to hormone stimulus; response to cortisol; apoptotic process involved in luteolysis,0.0032511880003123325,1.0230256722269133,0.9272150076560222,0.31577599138094076,0.06595279598468005,0.45848304795581835,0.4498397750487658,1.0262868716441658,0.002495549481880772,0.9852520614883972,0.9456888960312205,1.2080796088804149,0.4212862357614046,1.2201260704004375,0.29620239772540535,0.005039723202570564,1.3790597619722669,0.20241928141800147,0.41869124776874844,0.08646471429504714,0.618923913940972,0.525516066248259,1.0256816518005851,0.006458728180768765,0.7877348879149241,0.3898469145541586,0.586619364050819,0.06138068187481849,1.2392176431564237,0.341962109206804
Trim7,FALSE,TRUE,-0.0202881583940493,0.966814408980414,0.987957644240667,Not DE,1.04302566690686,0.0251695769380791,0.1216203832104,Up after KD,tripartite motif-containing 7 [Source:MGI Symbol;Acc:MGI:2137353],protein_coding,defense response to virus; protein ubiquitination; innate immune response,NA,NA,NA,NA,NA,NA,NA,NA,NA,NA,NA,NA,NA,NA,NA,NA,NA,NA,NA,NA,NA,NA,NA,NA,NA,NA,NA,NA,NA,NA
Adamts2,FALSE,TRUE,-0.105278592911139,0.891719099760671,0.963358083197826,Not DE,0.621345356997228,0.00263490425853636,0.0228409882352888,Up after KD,ADAM metallopeptidase with thrombospondin type 1 motif 2 [Source:MGI Symbol;Acc:MGI:1347356],protein_coding,proteolysis; extracellular matrix organization; collagen fibril organization; lung development; spermatogenesis; protein processing; skin development; collagen catabolic process,0.002544661266679287,1.2793040537019769,0.4192020401717102,0.3311951465251691,0.07764559508336517,0.467132127076522,0.460395099835091,1.0267235408863424,0.0021455949509070595,0.9176099015934186,0.709219430575933,1.1974297839738746,0.43949551009422094,1.2041705028153273,0.330272223673269,0.004921686177914022,1.6559827622602608,0.21172877095766893,0.401823001933691,0.07771038530117634,0.6550630315776509,0.5786869291937542,1.0271659829847615,0.004904918855326104,0.6914660328603263,0.22290516158982568,0.6202886293466674,0.08504199650981215,1.2446772911607662,0.3316443871660426
Kctd11,TRUE,TRUE,-0.707613568015384,3.4228080101684e-7,1.89378347667078e-5,Down after KD,-0.736838689820156,3.89043707121831e-6,1.07982459929778e-4,Down after KD,potassium channel tetramerisation domain containing 11 [Source:MGI Symbol;Acc:MGI:2448712],protein_coding,protein homooligomerization; protein ubiquitination; positive regulation of neuron differentiation; regulation of cell population proliferation; cell differentiation; nervous system development; negative regulation of smoothened signaling pathway; negative regulation of neuroblast proliferation,NA,NA,NA,NA,NA,NA,NA,NA,NA,NA,NA,NA,NA,NA,NA,NA,NA,NA,NA,NA,NA,NA,NA,NA,NA,NA,NA,NA,NA,NA
Inca1,FALSE,TRUE,0.737132012840966,0.288751876199283,NA,Not DE,2.49418685799479,6.81181661664191e-4,0.00806235432183924,Up after KD,"inhibitor of CDK, cyclin A1 interacting protein 1 [Source:MGI Symbol;Acc:MGI:2144284]",protein_coding,negative regulation of cell population proliferation; negative regulation of cyclin-dependent protein serine/threonine kinase activity,NA,NA,NA,NA,NA,NA,NA,NA,NA,NA,NA,NA,NA,NA,NA,NA,NA,NA,NA,NA,NA,NA,NA,NA,NA,NA,NA,NA,NA,NA
Slc43a2,FALSE,TRUE,0.0252617375504567,0.921659067131226,0.974433670120888,Not DE,0.800732056159422,0.00728796548572098,0.0492416593732371,Up after KD,"solute carrier family 43, member 2 [Source:MGI Symbol;Acc:MGI:2442746]",protein_coding,transmembrane transport; L-alpha-amino acid transmembrane transport; neutral amino acid transport; isoleucine transport; L-leucine transport; methionine transport; phenylalanine transport; L-amino acid transport; negative regulation of amino acid transport; negative regulation of L-leucine import across plasma membrane,NA,NA,NA,NA,NA,NA,NA,NA,NA,NA,NA,NA,NA,NA,NA,NA,NA,NA,NA,NA,NA,NA,NA,NA,NA,NA,NA,NA,NA,NA
Sez6,FALSE,TRUE,0.88274146976506,0.4944509467946,NA,Not DE,2.41438546765607,0.0132730513277368,NA,Up after KD,seizure related gene 6 [Source:MGI Symbol;Acc:MGI:104745],protein_coding,adult locomotory behavior; regulation of dendrite development; cerebellar Purkinje cell layer development; synapse maturation; excitatory postsynaptic potential; activation of protein kinase C activity,NA,NA,NA,NA,NA,NA,NA,NA,NA,NA,NA,NA,NA,NA,NA,NA,NA,NA,NA,NA,NA,NA,NA,NA,NA,NA,NA,NA,NA,NA
Rnf135,FALSE,TRUE,0.26542832270294,0.272909114164958,0.607636443087632,Not DE,0.565325611666771,0.0213544274256165,0.108740202360245,Up after KD,ring finger protein 135 [Source:MGI Symbol;Acc:MGI:1919206],protein_coding,immune system process; innate immune response; protein ubiquitination; protein K63-linked ubiquitination; protein polyubiquitination; positive regulation of interferon-beta production; protein homooligomerization; free ubiquitin chain polymerization; RIG-I signaling pathway; regulation of innate immune response,NA,NA,NA,NA,NA,NA,NA,NA,NA,NA,NA,NA,NA,NA,NA,NA,NA,NA,NA,NA,NA,NA,NA,NA,NA,NA,NA,NA,NA,NA
Cdk5r1,FALSE,TRUE,-0.0405210071265392,0.845167363631192,0.950383707195876,Not DE,-0.604988974311238,0.037263927910114,0.159737090153248,Down after KD,"cyclin dependent kinase 5, regulatory subunit 1 [Source:MGI Symbol;Acc:MGI:101764]",protein_coding,serine phosphorylation of STAT protein; rhythmic process; neuron migration; embryo development ending in birth or egg hatching; ephrin receptor signaling pathway; positive regulation of neuron apoptotic process; axon guidance; neuron differentiation; neuron projection development; brain development; negative regulation of DNA-templated transcription; regulation of dendritic spine morphogenesis; ionotropic glutamate receptor signaling pathway; cerebellum development; hippocampus development; axonal fasciculation; peptidyl-threonine phosphorylation; positive regulation of MHC class II biosynthetic process; superior olivary nucleus maturation; layer formation in cerebral cortex; positive regulation of protein kinase activity; peptidyl-serine phosphorylation; G protein-coupled acetylcholine receptor signaling pathway; neuron cell-cell adhesion; positive regulation of protein targeting to membrane; regulation of synaptic vesicle cycle; G1 to G0 transition involved in cell differentiation; cerebral cortex radially oriented cell migration; regulation of actin cytoskeleton organization; regulation of microtubule cytoskeleton organization,9.572701698085036e-4,1.2901493142229479,0.08074015491275997,0.39764268415927584,0.14619902638393642,0.5120292306240591,0.5168651281914194,1.0287065027850748,0.0010509600798439644,1.153367530856254,0.5260208054123464,1.1038175056290305,0.6811136280165863,1.2307821413359898,0.27842300021834365,9.603796019608301e-4,0.6555341473883934,0.017128083409350573,0.3320909912242084,0.032892121704157916,0.5910223727147431,0.4939933547693576,1.0249256608169561,0.007513439652462922,0.6814597230532828,0.1759790914334143,0.6755046568019947,0.15997693591983797,1.175308571902047,0.4773420997847952
Ccl2,FALSE,TRUE,-0.242474456181889,0.476480488172486,0.767783431941254,Not DE,-0.997331059217791,3.60548028280984e-5,7.23789454396325e-4,Down after KD,C-C motif chemokine ligand 2 [Source:MGI Symbol;Acc:MGI:98259],protein_coding,"immune response; positive regulation of macrophage chemotaxis; positive regulation of T cell activation; positive regulation of gene expression; cellular response to lipopolysaccharide; cellular response to type II interferon; negative regulation of angiogenesis; energy homeostasis; response to bacterium; response to wounding; inflammatory response; positive regulation of cell-cell adhesion; cytokine-mediated signaling pathway; chemotaxis; lymphocyte chemotaxis; positive regulation of tumor necrosis factor production; positive chemotaxis; antimicrobial humoral immune response mediated by antimicrobial peptide; positive regulation of wound healing; cytoskeleton organization; transforming growth factor beta receptor signaling pathway; regulation of cell shape; sensory perception of pain; intracellular calcium ion homeostasis; monocyte chemotaxis; chemokine-mediated signaling pathway; glial cell migration; positive regulation of collagen biosynthetic process; positive regulation of cell migration; positive regulation of endothelial cell proliferation; eosinophil chemotaxis; positive regulation of protein targeting to membrane; leukocyte migration involved in inflammatory response; neutrophil chemotaxis; negative regulation of neuron apoptotic process; negative regulation of G1/S transition of mitotic cell cycle; monocyte homeostasis; positive regulation of cell adhesion; positive regulation of synaptic transmission; vascular endothelial growth factor receptor signaling pathway; positive regulation of leukocyte migration; positive regulation of calcium ion import; positive regulation of monocyte chemotaxis; positive regulation of cellular extravasation; angiogenesis; response to hypoxia; positive regulation of leukocyte mediated cytotoxicity; chronic inflammatory response; response to xenobiotic stimulus; response to mechanical stimulus; response to gamma radiation; regulation of vascular endothelial growth factor production; response to activity; animal organ regeneration; response to lipopolysaccharide; response to progesterone; cellular response to insulin stimulus; response to vitamin B3; negative regulation of glial cell apoptotic process; response to tumor necrosis factor; helper T cell extravasation; response to isolation stress; cellular response to macrophage colony-stimulating factor stimulus; cellular response to platelet-derived growth factor stimulus; chemokine (C-C motif) ligand 2 signaling pathway; response to amino acid; astrocyte cell migration; response to ethanol; macrophage chemotaxis; response to glucocorticoid; positive regulation of synaptic transmission, glutamatergic; mammary gland involution; maternal process involved in female pregnancy; maternal process involved in parturition; cellular response to retinoic acid; cellular response to ATP; cellular response to glucose stimulus; cellular response to interleukin-1; cellular response to interleukin-6; cellular response to tumor necrosis factor; cellular response to estradiol stimulus; cellular response to fatty acid; cellular response to lipoprotein particle stimulus; cellular response to high density lipoprotein particle stimulus; cellular response to xenobiotic stimulus; cellular response to dexamethasone stimulus; positive regulation of immune complex clearance by monocytes and macrophages; negative regulation of vascular endothelial cell proliferation",0.0017887562641175365,1.0784728414277969,0.22409199009651967,0.37501058737587084,0.11885890963618866,0.38895331310627407,0.3631848018383568,1.02725007080024,0.0018607492789027413,0.8956766889021609,0.6202496257605581,1.2635416946642926,0.3214779407093129,1.231158603035418,0.27434395701523084,0.006660081144615312,1.0560941786751648,0.3979939275731658,0.48797259987128394,0.1529960718838369,0.7163362822358615,0.6652238707304421,1.026231377238601,0.006315951974297464,0.7165989670446261,0.27685639249797017,0.6830363949554867,0.18684132732913888,1.2467092355257618,0.3313831359072684
Bcas3,TRUE,TRUE,0.619777200477543,1.49488533859852e-4,0.00349991996853772,Up after KD,0.50597018446311,0.00108178821767027,0.0114615267793309,Up after KD,BCAS3 microtubule associated cell migration factor [Source:MGI Symbol;Acc:MGI:2385848],protein_coding,autophagy; angiogenesis; positive regulation of transcription by RNA polymerase II; cell-cell signaling; positive regulation of endothelial cell migration; response to starvation; response to estrogen; regulation of actin cytoskeleton organization; positive regulation of catalytic activity; cellular response to estrogen stimulus,0.0020955774363090054,0.8032237942277821,0.30123912662977453,0.3667155287472969,0.11282086523241859,0.4519316922431336,0.4409280283020775,1.0265713341291725,0.0020872077420990526,0.9449276577720628,0.7901936453841751,1.1650969982383539,0.51909362146707,1.234398422961757,0.26802394748563335,0.008016016064566079,0.8401592596789856,0.6285833123162499,0.4393493490393763,0.11168946127280768,0.6823031784174242,0.6195311290639399,1.0267014818224207,0.00510153159505618,0.7996442665002386,0.41910337828724803,0.6311076175908032,0.09636453422109367,1.2302942837172692,0.36071758435630324
Cyb561,FALSE,TRUE,-0.514875777069137,0.495224279561142,0.778974870933453,Not DE,0.894263327143454,0.00665588198272367,0.0461308022061692,Up after KD,cytochrome b-561 [Source:MGI Symbol;Acc:MGI:103253],protein_coding,transmembrane transport; intracellular iron ion homeostasis,7.271207272932292e-4,0.7011879716826155,0.057333008768955813,0.3163614777394487,0.06751155531462862,0.46835075213729294,0.4618542388092291,1.0276271075696617,0.001525890799434328,1.163739830007564,0.4990612399530186,1.298976203341702,0.2647033448033856,1.2646796812009462,0.21929759935491108,2.772554675088289e-4,2.282899976766738,0.0034473691764393376,0.23600793303274945,0.011307269621525933,1.2494962164004921,0.7750406686838041,1.0283198919177226,0.0033184872817936845,0.6703183945819007,0.16335186896302795,0.9064340759274803,0.739944944999445,1.2951524605364333,0.2534142796701518
Cd300lb,TRUE,TRUE,-2.26621511958796,0.00438436825429473,NA,Down after KD,-2.12251626303844,0.0469208750255566,NA,Down after KD,CD300 molecule like family member B [Source:MGI Symbol;Acc:MGI:2685099],protein_coding,immune system process; cellular response to lipopolysaccharide; immune response-activating signaling pathway; neutrophil mediated immunity; positive regulation of mast cell activation,NA,NA,NA,NA,NA,NA,NA,NA,NA,NA,NA,NA,NA,NA,NA,NA,NA,NA,NA,NA,NA,NA,NA,NA,NA,NA,NA,NA,NA,NA
B3gntl1,FALSE,TRUE,-0.207271639877456,0.49817642548105,0.78064252892416,Not DE,-0.731260234282,0.0416430159581869,0.1713283940305,Down after KD,"UDP-GlcNAc:betaGal beta-1,3-N-acetylglucosaminyltransferase-like 1 [Source:MGI Symbol;Acc:MGI:2441705]",protein_coding,biological_process; regulation of translation; tRNA modification,2.885992116245662e-5,0.3096817993036823,0.001449579471684462,0.26101195153664253,0.03352632703138189,0.35835526575403637,0.3210234657271517,1.0276070220180447,0.001483719594093873,1.240939257355103,0.32400765418967264,1.2344719667440474,0.3708673410122638,1.4667632495666998,0.057983201013907186,0.008777780688652903,0.9912250086999929,0.98218390880201345,0.469544560225867,0.16491527252401766,0.6403875422128718,0.5564221655147182,1.0266654697584765,0.005555281141853757,0.8024158994040989,0.42836016163928153,0.6352091763651602,0.10135497373244683,1.24078424443632,0.34152044862610026
Metrnl,FALSE,TRUE,-0.266798403710398,2.087769117966e-6,9.25023121948204e-5,Not DE,-0.506157634491606,2.02980474171414e-13,2.8916158151841e-11,Down after KD,"meteorin, glial cell differentiation regulator-like [Source:MGI Symbol;Acc:MGI:2384806]",protein_coding,signal transduction; fat cell differentiation; positive regulation of brown fat cell differentiation; negative regulation of inflammatory response; energy homeostasis; response to cold; response to muscle activity,NA,NA,NA,NA,NA,NA,NA,NA,NA,NA,NA,NA,NA,NA,NA,NA,NA,NA,NA,NA,NA,NA,NA,NA,NA,NA,NA,NA,NA,NA
Trib2,TRUE,TRUE,0.713726298101168,8.21532807644765e-6,3.16133783869115e-4,Up after KD,0.574322965182749,2.56343425075406e-7,1.0036439265204e-5,Up after KD,tribbles pseudokinase 2 [Source:MGI Symbol;Acc:MGI:2145021],protein_coding,protein phosphorylation; negative regulation of fat cell differentiation; positive regulation of proteasomal ubiquitin-dependent protein catabolic process; negative regulation of interleukin-10 production; regulation of MAP kinase activity,1.8746492519310874e-5,1.343983335282167,5.622608007652021e-4,0.33524430493014845,0.08101009452095,0.30898649441360243,0.25770624058832403,1.0254127436077105,0.003912660510446298,1.5078750992919134,0.08260335486473842,1.62229498226126,0.045499414461603604,1.2180307258123,0.30635426120866455,0.004371030098198216,0.8891270544774759,0.17114579576342334,0.36573820237825333,0.06070219398444693,0.6742552610396145,0.6023503908654534,1.0282259305990389,0.003129028582322351,0.6576744343709813,0.18205404912982548,0.5858271588333557,0.0606172462824651,1.208021264929529,0.4072430615785293
Lpin1,TRUE,TRUE,1.95698424933802,3.65334921733248e-7,2.00142348009628e-5,Up after KD,0.671551288795877,0.0222935434441715,0.111979123909891,Up after KD,lipin 1 [Source:MGI Symbol;Acc:MGI:1891340],protein_coding,triglyceride biosynthetic process; animal organ regeneration; negative regulation of myelination; cellular response to insulin stimulus; phosphatidylethanolamine metabolic process; negative regulation of phosphatidic acid biosynthetic process,0.002812141277420469,1.092135043498965,0.5407924798026436,0.32392812649237257,0.06986126678485699,0.464531704167833,0.4569206555626581,1.026551478761544,0.0021228218185426495,1.0148164671330986,0.9447369477189594,1.1998402335741574,0.4340111649850808,1.2352484009005547,0.26865287314910596,0.008591093753900983,1.0493064972835473,0.8115286386166799,0.4666370343261027,0.12939220702100304,0.6289951875662603,0.5423846680535354,1.0259639405972436,0.009040986040337155,0.7972871674531338,0.41556896338297,0.6277905839148903,0.09762137528775168,1.2379004996662655,0.3463457572348585
Pole2,FALSE,TRUE,-0.0996627747194719,0.482700416864803,0.772309751350163,Not DE,-0.569849751713852,2.51274097827215e-4,0.00357277798332628,Down after KD,"polymerase (DNA directed), epsilon 2 (p59 subunit) [Source:MGI Symbol;Acc:MGI:1197514]",protein_coding,DNA replication; DNA-templated DNA replication; DNA metabolic process; error-prone translesion synthesis,8.091927353561961e-4,0.8344712442783475,0.06359180974212819,0.4127036547496745,0.15804417592626813,0.5029047130187946,0.505458886137974,1.0280608349586482,0.0014354060077239664,0.9204889754738639,0.6977521967570628,1.1497042074732295,0.5541135279943621,1.2844735147062343,0.19588654913400802,5.364830720695455e-5,0.5777678092455133,7.45355961040044e-4,0.7349483919802986,0.5470784141218993,0.598542032588937,0.49915695787928305,1.0391157671546827,3.00123523197984e-4,0.7337975986518173,0.2671875067324384,0.776447100610674,0.3644975598466669,1.1836074061536181,0.45479001035048267
Slc38a6,FALSE,TRUE,0.457630696315138,0.0342123718364487,0.19333119267944399,Not DE,0.595220890147366,8.46728902544601e-5,0.00147883641708824,Up after KD,"solute carrier family 38, member 6 [Source:MGI Symbol;Acc:MGI:3648156]",protein_coding,amino acid transport; L-glutamate transmembrane transport; amino acid transmembrane transport; glutamine transport,0.003014494749050338,0.9367231361523789,0.6544739156775872,0.31200466498472484,0.06162887197477194,0.4616275709241066,0.4533469137827446,1.026425100254259,0.0023107095125746453,1.0128925758920824,0.9521807049991212,1.174533655192215,0.5083867856932283,1.2313436443598997,0.276607706356491,0.008656044446776655,1.0326682240014011,0.8472659849888833,0.46229328025751126,0.12684721987250996,0.6376780759594142,0.5530757531219402,1.0262038082402607,0.007571267509765221,0.7916967497690875,0.41252486567331875,0.6403964753220054,0.11037932983506403,1.2297279886115278,0.3716903014203386
Kcnh5,FALSE,TRUE,0.882741540854262,0.472260786440532,NA,Not DE,1.12478256576272,0.0319126789550896,0.143801644803727,Up after KD,"potassium voltage-gated channel, subfamily H (eag-related), member 5 [Source:MGI Symbol;Acc:MGI:3584508]",protein_coding,monoatomic ion transport; transmembrane transport; potassium ion transport; monoatomic ion transmembrane transport; potassium ion transmembrane transport; regulation of membrane potential; regulation of G2/M transition of mitotic cell cycle,NA,NA,NA,NA,NA,NA,NA,NA,NA,NA,NA,NA,NA,NA,NA,NA,NA,NA,NA,NA,NA,NA,NA,NA,NA,NA,NA,NA,NA,NA
Acot2,FALSE,TRUE,0.98457779627895,7.87117554552972e-5,0.00204045089141809,Up after KD,0.513493674784879,0.0478577674174807,0.187809572500595,Up after KD,acyl-CoA thioesterase 2 [Source:MGI Symbol;Acc:MGI:2159605],protein_coding,acyl-CoA metabolic process; lipid metabolic process; fatty acid metabolic process; response to hypoxia; long-chain fatty acid metabolic process; very long-chain fatty acid metabolic process; long-chain fatty-acyl-CoA catabolic process,NA,NA,NA,NA,NA,NA,NA,NA,NA,NA,NA,NA,NA,NA,NA,NA,NA,NA,NA,NA,NA,NA,NA,NA,NA,NA,NA,NA,NA,NA
Fos,TRUE,TRUE,1.30762731655652,1.04300361175875e-5,3.92946424664906e-4,Up after KD,1.090485893825,5.63593893117202e-5,0.00106782268589408,Up after KD,FBJ osteosarcoma oncogene [Source:MGI Symbol;Acc:MGI:95574],protein_coding,regulation of DNA-templated transcription; regulation of transcription by RNA polymerase II; positive regulation of transcription by RNA polymerase II; regulation of gene expression; response to xenobiotic stimulus; neuron differentiation; transcription by RNA polymerase II; skeletal muscle cell differentiation; transforming growth factor beta receptor signaling pathway; positive regulation of DNA-templated transcription; cellular response to reactive oxygen species; nervous system development; cellular response to calcium ion; cerebral cortex development; SMAD protein signal transduction; positive regulation of osteoclast differentiation; response to muscle stretch; conditioned taste aversion; neural retina development; female pregnancy; response to light stimulus; response to mechanical stimulus; response to gravity; response to toxic substance; response to activity; skeletal muscle cell proliferation; response to lipopolysaccharide; response to progesterone; response to insulin; cellular response to hormone stimulus; response to cytokine; cellular response to zinc ion starvation; response to immobilization stress; response to ethanol; response to steroid hormone; response to corticosterone; myoblast proliferation; response to cAMP; cellular response to tumor necrosis factor; cellular response to epidermal growth factor stimulus; cellular response to parathyroid hormone stimulus; cellular response to hypoxia; cellular response to transforming growth factor beta stimulus; medium-term memory; mononuclear cell differentiation; cellular response to phorbol 13-acetate 12-myristate,0.00157286982899203,1.1078903091045493,0.17484746490105735,0.34457748702649826,0.0861711705450954,0.4558547489964085,0.4461108016234542,1.0272742170486568,0.001898201470343889,0.9985972476397185,0.9946283765856546,1.3277132998634817,0.2405142606834664,1.272141773892303,0.2123359163792348,0.005383688878928825,1.0994215381457746,0.2692636576435942,0.5576714399161573,0.2561862883576402,0.6852703888409766,0.6203791310913834,1.0280606684413847,0.004131909346746912,0.7954425978738319,0.40904278861321086,0.6941188020363923,0.2037576854681961,1.2489038411602458,0.3279812249255726
Ifi27l2a,FALSE,TRUE,0.69647634466394,0.441033594518564,0.747827296411758,Not DE,1.56813760006298,1.08269639697934e-4,0.00181072166872471,Up after KD,"interferon, alpha-inducible protein 27 like 2A [Source:MGI Symbol;Acc:MGI:1924183]",protein_coding,intrinsic apoptotic signaling pathway; response to virus,NA,NA,NA,NA,NA,NA,NA,NA,NA,NA,NA,NA,NA,NA,NA,NA,NA,NA,NA,NA,NA,NA,NA,NA,NA,NA,NA,NA,NA,NA
Zfp839,TRUE,TRUE,0.810625300388711,0.0447158773949486,0.227966834875178,Up after KD,0.84330870294672,0.0360369103319254,0.156252448758594,Up after KD,zinc finger protein 839 [Source:MGI Symbol;Acc:MGI:1920055],protein_coding,biological_process,0.003017030634926376,1.155234500768079,0.6555660338597719,0.2867649531803861,0.05807125434194408,0.4442068092629998,0.4317492693796062,1.0261681752739424,0.002461824210462833,1.0110753949627895,0.9586701532275467,1.1931578188704304,0.4537844108940646,1.223189735958922,0.2893893078890898,0.005696298449440127,1.6003215567729656,0.27845999153108236,0.41707143321135504,0.09118652294343162,0.6310262718429981,0.5454824705083848,1.0257478737265324,0.006746380693147376,0.8681526828851998,0.6217370419013533,0.6245968386313829,0.09008293511968092,1.2224540451402695,0.3733121006509139
Nid1,FALSE,TRUE,-0.248819780893955,0.0137728255192151,0.106514320305418,Not DE,-0.585649149962124,2.95317478266894e-4,0.00406224426749033,Down after KD,nidogen 1 [Source:MGI Symbol;Acc:MGI:97342],protein_coding,cell-matrix adhesion; cell adhesion; extracellular matrix organization; positive regulation of cell-substrate adhesion; positive regulation of cell adhesion; positive regulation of muscle cell differentiation; glomerular basement membrane development,5.222311603958456e-4,1.2018272667805794,0.03382892458312247,0.33730150738413306,0.08152337553114675,0.384770123787203,0.35559834255424144,1.02547415260103,0.003115947647661246,1.0041510987401516,0.9841998713465242,1.4008442830937875,0.1618869107730859,1.3282304038232857,0.1475868840748925,0.008357614894130776,0.9611657707592995,0.7184726582196376,0.44271246383791946,0.12021527833867847,0.6687522583331389,0.5990848539391809,1.0261902260440847,0.006789868510942803,0.7968859129512741,0.41348196269562315,0.6258831354423101,0.09406918734355546,1.2280805703799083,0.36807640024325256
Carmil1,FALSE,TRUE,-0.203199639368171,0.371036670642197,0.697127692889319,Not DE,0.707733035512265,0.0017417129924275,0.016697710362738,Up after KD,capping protein regulator and myosin 1 linker 1 [Source:MGI Symbol;Acc:MGI:1915982],protein_coding,establishment or maintenance of cell polarity; cell migration; regulation of Arp2/3 complex-mediated actin nucleation; positive regulation of substrate adhesion-dependent cell spreading; positive regulation of cell migration; actin filament network formation; macropinocytosis; lamellipodium assembly; positive regulation of actin filament polymerization; ruffle organization; urate metabolic process; negative regulation of barbed-end actin filament capping; positive regulation of lamellipodium organization,NA,NA,NA,NA,NA,NA,NA,NA,NA,NA,NA,NA,NA,NA,NA,NA,NA,NA,NA,NA,NA,NA,NA,NA,NA,NA,NA,NA,NA,NA
Gfod1,TRUE,TRUE,-0.58382787935801606,0.00618671928564223,0.0614196306717066,Down after KD,-0.675551247842193,0.021795947448333,0.110228948943152,Down after KD,glucose-fructose oxidoreductase domain containing 1 [Source:MGI Symbol;Acc:MGI:2145304],protein_coding,NA,3.1646627180772276e-4,1.5139928311507744,0.015667413837984548,0.3344170697518153,0.07680296792877599,0.5585428173450947,0.5734791820498071,1.0285121735377758,8.252706425477074e-4,0.991977195811474,0.9691674491141624,1.1770589791327355,0.4856226068134707,1.1770119496577338,0.3947526365671028,0.0033392835655716006,1.349416306462001,0.109595065660378,0.4173356740764855,0.08447276942932556,0.6423664598932745,0.5546204297197452,1.03107665329903,0.001535960284004808,0.7317122502494963,0.2749744519019141,0.6199089414181213,0.08260086329638917,1.249395172319858,0.3236444502952034
Rnf182,FALSE,TRUE,-0.336645340848156,0.609042033486245,0.850792168622099,Not DE,0.659442764559266,8.62903886214439e-4,0.00963453781926301,Up after KD,ring finger protein 182 [Source:MGI Symbol;Acc:MGI:3045355],protein_coding,protein ubiquitination,NA,NA,NA,NA,NA,NA,NA,NA,NA,NA,NA,NA,NA,NA,NA,NA,NA,NA,NA,NA,NA,NA,NA,NA,NA,NA,NA,NA,NA,NA
Jarid2,FALSE,TRUE,0.350889092106389,0.0816446915665116,0.321871588683707,Not DE,0.605115203656432,4.74257845558061e-4,0.00597722764386295,Up after KD,jumonji and AT-rich interaction domain containing 2 [Source:MGI Symbol;Acc:MGI:104813],protein_coding,gene expression; negative regulation of cell population proliferation; negative regulation of transcription by RNA polymerase II; regulation of cell population proliferation; chromatin organization; cell differentiation; chromatin remodeling; system development; regulation of gene expression; liver development; spleen development; stem cell differentiation; negative regulation of cardiac muscle cell proliferation; negative regulation of DNA-templated transcription; thymus development; negative regulation of cardiac muscle hypertrophy; random inactivation of X chromosome; facultative heterochromatin formation,6.158415590273922e-4,1.416697672670159,0.042428380933087755,0.21220426296854658,0.020685528364682387,0.376353277262283,0.34498949571553794,1.027066557558529,0.0019006628066059368,0.967650472673445,0.8751804285383071,1.1689298393062635,0.5044078074986266,1.22011699068935,0.3004057274594831,0.00542019479547625,0.8263749959436968,0.2642973425093701,0.4486213324316682,0.1116686210859439,0.6749529598795835,0.6039715886629273,1.0261362992208503,0.006653339112778922,0.7602419164368877,0.3306226807889929,0.6941459506807176,0.2028895995595695,1.2941053799270452,0.26306280710046576
Tgfbi,FALSE,TRUE,0.227019935160444,0.746649464330082,NA,Not DE,2.36373049742481,0.0473181640625487,0.18655884357305,Up after KD,"transforming growth factor, beta induced [Source:MGI Symbol;Acc:MGI:99959]",protein_coding,cell adhesion; extracellular matrix organization; angiogenesis; chondrocyte differentiation; homophilic cell adhesion via plasma membrane adhesion molecules,0.002307662097431814,1.0993951355640854,0.35048379104013516,0.3033695848918025,0.05608725260819395,0.38822982477865176,0.36469981456842426,1.0271231615017455,0.0018275191976789534,0.8704254321413563,0.5771080557226331,1.1896397360387674,0.4562759912765162,1.238113342379865,0.26248278236935585,0.008121226421683253,1.045490618501026,0.6512076041022556,0.4339377560527041,0.11479844942907352,0.6925443327291342,0.6371676045859912,1.0261586585437514,0.006656887057765104,0.7503359934058776,0.35832585250785987,0.6244531823753926,0.09136061334516096,1.2498054248565857,0.32494201736972733
Gas1,TRUE,TRUE,0.631134080059172,3.60070567676816e-6,1.4869661412781e-4,Up after KD,0.501793205483849,1.43754166413548e-7,6.09229126764798e-6,Up after KD,growth arrest specific 1 [Source:MGI Symbol;Acc:MGI:95655],protein_coding,regulation of cell cycle; negative regulation of apoptotic process; positive regulation of cell population proliferation; positive regulation of epithelial cell proliferation; camera-type eye development; roof of mouth development; negative regulation of epithelial cell proliferation; negative regulation of cell growth; negative regulation of cell cycle G1/S phase transition; positive regulation of smoothened signaling pathway; embryonic skeletal system development; negative regulation of mitotic cell cycle; cerebellum morphogenesis; embryonic digit morphogenesis; negative regulation of protein processing; odontogenesis; embryonic cranial skeleton morphogenesis; axon guidance; cell fate commitment; dorsal/ventral pattern formation; dorsal/ventral neural tube patterning; regulation of smoothened signaling pathway; programmed cell death; middle ear morphogenesis; negative regulation of smoothened signaling pathway; developmental growth; positive regulation of mesenchymal cell proliferation; outer ear morphogenesis; embryonic morphogenesis; eye morphogenesis; cellular response to vascular endothelial growth factor stimulus; regulation of ER to Golgi vesicle-mediated transport,0.0014715950388856814,1.154314049768472,0.1572117353400031,0.3494425361029991,0.09332106673526405,0.41946684056949696,0.3999467394892674,1.026530687514398,0.0021599659417505445,1.1866174350848786,0.4841207689719367,1.4741151377811061,0.14922691235950447,1.254602024020182,0.2374682969279714,0.002239859485698722,0.8046117414127907,0.06103812878932616,0.2939230902407796,0.0337555410788862,0.8513207062333132,0.8332174253068326,1.0284993192364495,0.0025123364588660203,0.5441194517456156,0.0803540191461661,0.507343725322817,0.02469077369056877,1.293476169538006,0.25972903468449965
Ptch1,FALSE,TRUE,0.48576321357938,0.00234528627969108,0.0310869233807443,Not DE,0.508435661996868,0.00500691257377814,0.0370804341494048,Up after KD,patched 1 [Source:MGI Symbol;Acc:MGI:105373],protein_coding,in utero embryonic development; spinal cord motor neuron differentiation; negative regulation of cell population proliferation; epidermal cell fate specification; heart morphogenesis; regulation of cell population proliferation; negative regulation of transcription by RNA polymerase II; cell fate determination; positive regulation of epidermal cell differentiation; negative regulation of epithelial cell proliferation; negative regulation of smoothened signaling pathway; protein localization to plasma membrane; cellular response to cholesterol; protein processing; neural tube closure; embryonic organ development; regulation of protein localization; epidermis development; glucose homeostasis; negative regulation of osteoblast differentiation; animal organ morphogenesis; branching involved in ureteric bud morphogenesis; regulation of growth; pharyngeal system development; pattern specification process; positive regulation of cholesterol efflux; mammary gland development; mammary gland duct morphogenesis; dorsal/ventral pattern formation; dorsal/ventral neural tube patterning; embryonic limb morphogenesis; positive regulation of DNA-templated transcription; negative regulation of multicellular organism growth; regulation of mitotic cell cycle; keratinocyte proliferation; mammary gland epithelial cell differentiation; hindlimb morphogenesis; somite development; negative regulation of DNA-templated transcription; commissural neuron axon guidance; limb morphogenesis; response to chlorate; cell differentiation involved in kidney development; cell proliferation involved in metanephros development; neural tube formation; signal transduction; spermatid development; brain development; response to xenobiotic stimulus; response to mechanical stimulus; neural tube patterning; neural plate axis specification; prostate gland development; response to estradiol; response to retinoic acid; response to alkaloid; smooth muscle tissue development; negative regulation of cell division; metanephric collecting duct development; liver regeneration,0.0031985025839554996,0.938581544061112,0.8249815737148674,0.31294770533361665,0.06190585032002701,0.4500056193735324,0.43911890734382203,1.025965951897037,0.0029097229886734686,0.9900843798414278,0.9618038406199068,1.2081527061755906,0.4166331877820282,1.2231581148849082,0.28916193459000666,0.008286719755273224,0.9453486417014785,0.7035847528212167,0.46598325312020494,0.12815630934604172,0.6612704514777878,0.58709123134896,1.0275137128149827,0.005144631998101116,0.7978597133597074,0.41529125506188425,0.6644163586496262,0.1691765052912211,1.2700765757212962,0.3058792728662634
Erap1,FALSE,TRUE,-0.328460916776522,0.257699541156461,0.591878685915117,Not DE,0.691560225218874,0.0245181389872802,0.119399701559144,Up after KD,endoplasmic reticulum aminopeptidase 1 [Source:MGI Symbol;Acc:MGI:1933403],protein_coding,proteolysis; positive regulation of angiogenesis; immune system process; adaptive immune response; protein catabolic process; membrane protein ectodomain proteolysis; peptide catabolic process; peptide antigen assembly with MHC class I protein complex; antigen processing and presentation of peptide antigen via MHC class I,0.002694550060425534,1.1002919947423795,0.48408595754616596,0.3032802577618797,0.055991958264495295,0.4594679963434961,0.45050788634695793,1.0263879459120935,0.0023917305876014136,0.9803932943486043,0.9243503419314573,1.2322315945483462,0.3719041600722305,1.18711342060826,0.37828351846620756,0.0014148402833456045,1.5367935148123035,0.02582052259451627,0.5027238247038082,0.17049190653051552,0.752538719816466,0.7099202290807252,1.0280074438997695,0.002861389093854908,0.7738129933473775,0.35822697516849294,0.8357340048571136,0.5573288634554537,1.3185851343960207,0.2305953670370124
Glrx,FALSE,TRUE,0.120329824978031,0.204365690735813,0.525856281044186,Not DE,0.631676330299824,1.73475307264061e-23,6.6166839777105e-21,Up after KD,glutaredoxin [Source:MGI Symbol;Acc:MGI:2135625],protein_coding,positive regulation of exocytosis; cellular response to estradiol stimulus; positive regulation of membrane potential; positive regulation of insulin secretion; positive regulation of cell adhesion molecule production,0.0026408824450042945,1.1075651200450394,0.46676136525308326,0.31692799357598567,0.06474542332105887,0.44805961581002457,0.4359452343511065,1.0265080235221218,0.00225120959390553,0.9597507288570475,0.8467329965491571,1.222128013547994,0.38869147771856294,1.2212411770356204,0.29207644763112783,0.008617285260883895,1.0319056601830916,0.8251620067984409,0.4695576687596758,0.13266870919124782,0.6511127601677235,0.5730759348644002,1.0267196187701615,0.005293823868265415,0.7741641845802747,0.4231664408830419,0.6372736648493423,0.10348931893939751,1.233182209372309,0.35849459197355593
Arrdc3,FALSE,TRUE,0.035514278642115,0.870636711746677,0.956008765531968,Not DE,0.647781787215967,6.47478300127436e-4,0.00774876864444008,Up after KD,arrestin domain containing 3 [Source:MGI Symbol;Acc:MGI:2145242],protein_coding,positive regulation of hippo signaling; positive regulation of ubiquitin-protein transferase activity; skin development; fat pad development; temperature homeostasis; response to mechanical stimulus; negative regulation of heat generation; negative regulation of adenylate cyclase-activating adrenergic receptor signaling pathway; negative regulation of locomotion involved in locomotory behavior,NA,NA,NA,NA,NA,NA,NA,NA,NA,NA,NA,NA,NA,NA,NA,NA,NA,NA,NA,NA,NA,NA,NA,NA,NA,NA,NA,NA,NA,NA
Polr3g,FALSE,TRUE,-0.016372008593373,0.923305670704271,0.974604708470141,Not DE,-0.860333694988921,1.19445518632946e-4,0.00194803284457373,Down after KD,polymerase (RNA) III (DNA directed) polypeptide G [Source:MGI Symbol;Acc:MGI:1914736],protein_coding,transcription by RNA polymerase III; cell population proliferation; immune system process; innate immune response; defense response to virus; positive regulation of interferon-beta production; positive regulation of innate immune response; transcription initiation at RNA polymerase III promoter; termination of RNA polymerase III transcription,5.783110810319968e-4,0.5779662328316654,0.04231812288939379,0.5064229975443563,0.2957584394005046,0.5681049927713039,0.5856166534823616,1.0282187972752483,9.386106007528946e-4,0.9233778835194276,0.7045864487969963,1.1870194812840589,0.4609093574724469,1.2610051385759613,0.22417009741582386,0.00827387366060441,1.1019170538151548,0.6915029984121303,0.46589323924205706,0.1282999535099451,0.6404133874404716,0.5562597483903984,1.026310508227313,0.005943811040832236,0.7897458989692734,0.39871222124883676,0.6325249292632678,0.09789159922799148,1.239150804137496,0.34383544475852795
Mef2c,FALSE,TRUE,0.126748028783776,0.745261947331911,0.909971095105467,Not DE,0.846823077833315,0.0139395951168237,0.0799574694334903,Up after KD,myocyte enhancer factor 2C [Source:MGI Symbol;Acc:MGI:99458],protein_coding,"positive regulation of transcription by RNA polymerase II; gene expression; positive regulation of cell proliferation in bone marrow; heart development; cardiac muscle hypertrophy in response to stress; osteoblast differentiation; negative regulation of transcription by RNA polymerase II; apoptotic process; nervous system development; negative regulation of gene expression; regulation of DNA-templated transcription; cell differentiation; B cell homeostasis; positive regulation of DNA-templated transcription; cellular response to lipopolysaccharide; positive regulation of neuron differentiation; neuron development; skeletal muscle cell differentiation; cellular response to calcium ion; roof of mouth development; positive regulation of gene expression; neuron differentiation; negative regulation of epithelial cell proliferation; positive regulation of osteoblast differentiation; blood vessel development; chondrocyte differentiation; regulation of megakaryocyte differentiation; negative regulation of neuron apoptotic process; blood vessel remodeling; MAPK cascade; cellular response to transforming growth factor beta stimulus; outflow tract morphogenesis; secondary heart field specification; cellular response to growth factor stimulus; positive regulation of MAPK cascade; skeletal muscle tissue development; cardiac muscle cell differentiation; negative regulation of ossification; embryonic skeletal system morphogenesis; embryonic heart tube development; learning or memory; positive regulation of myoblast differentiation; positive regulation of bone mineralization; axon guidance; response to ischemia; negative regulation of vascular associated smooth muscle cell proliferation; cell fate commitment; renal tubule morphogenesis; cellular response to fluid shear stress; heart looping; smooth muscle cell differentiation; negative regulation of blood vessel endothelial cell migration; B cell proliferation; monocyte differentiation; platelet formation; positive regulation of skeletal muscle tissue development; endochondral ossification; positive regulation of cardiac muscle cell differentiation; positive regulation of cardiac muscle hypertrophy; transdifferentiation; melanocyte differentiation; B cell receptor signaling pathway; cellular response to retinoic acid; cartilage morphogenesis; negative regulation of vascular associated smooth muscle cell migration; negative regulation of vascular endothelial cell proliferation; ventricular cardiac muscle cell differentiation; positive regulation of B cell proliferation; positive regulation of cardiac muscle cell proliferation; semaphorin-plexin signaling pathway; sympathetic neuron axon guidance; cellular response to xenobiotic stimulus; embryonic viscerocranium morphogenesis; cardiac ventricle formation; humoral immune response; neural crest cell differentiation; muscle cell fate determination; germinal center formation; regulation of sarcomere organization; NMDA selective glutamate receptor signaling pathway; AMPA selective glutamate receptor signaling pathway; neuron migration; regulation of germinal center formation; primary heart field specification; sinoatrial valve morphogenesis; cellular response to trichostatin A; regulation of neuron apoptotic process; regulation of neurotransmitter secretion; regulation of synaptic plasticity; cell morphogenesis involved in neuron differentiation; regulation of synapse assembly; regulation of synaptic transmission, glutamatergic; regulation of synaptic activity; excitatory postsynaptic potential; regulation of dendritic spine development; cellular response to parathyroid hormone stimulus; glomerulus morphogenesis; nephron tubule epithelial cell differentiation; epithelial cell proliferation involved in renal tubule morphogenesis; myotube differentiation",2.0583646163426864e-4,1.3271149726080567,0.012489205837141422,0.45547817413514974,0.20530802237763598,0.40604700962836343,0.3829010763310317,1.0291245788726737,9.203665126092071e-4,1.0552348712289694,0.7978623833123304,1.300273491405223,0.2607550006118999,1.3510073474212063,0.12586755067144662,0.008772475520932601,1.005790342822007,0.9636239520183786,0.4715962267194043,0.16379819085310765,0.6428133331464352,0.5614957439876982,1.026734991300585,0.006199629379705741,0.8001651962036492,0.42838657839973215,0.6360696493615764,0.10234365643120404,1.24304567121424,0.34197396643410805
Foxd1,FALSE,TRUE,0.00817874178833066,0.91682003167612,0.971876424770769,Not DE,-0.700465775883913,0.0067057251559187,0.0464218350372264,Down after KD,forkhead box D1 [Source:MGI Symbol;Acc:MGI:1347463],protein_coding,regulation of DNA-templated transcription; positive regulation of transcription by RNA polymerase II; canonical Wnt signaling pathway; regulation of transcription by RNA polymerase II; negative regulation of DNA-templated transcription; kidney development; positive regulation of gene expression; cell differentiation; branching involved in ureteric bud morphogenesis; anatomical structure morphogenesis; positive regulation of BMP signaling pathway; axon guidance; positive regulation of kidney development; metanephric nephron development; luteinizing hormone secretion; dichotomous subdivision of terminal units involved in ureteric bud branching; nephrogenic mesenchyme development; metanephric capsule development; metanephric capsule specification; pattern specification involved in metanephros development,0.0032142803891693013,1.0288542242169958,0.8471362369826894,0.314232144411402,0.06316017612030489,0.4502665682138074,0.43967787537965364,1.026344254760944,0.002472628165366917,0.9987750058227695,0.9953821400161204,1.2142433563945538,0.4040966307902516,1.2292152661490234,0.28439703238319797,0.002357000314063934,0.7058998174102039,0.06501243654800955,0.4332241178312863,0.09484400510568464,0.7444240935298035,0.6971599906539788,1.0243365519941245,0.009927031863232677,0.7649050663877948,0.33948292423776,0.666957460698784,0.14472664856623188,1.132394552687958,0.5917817836160117
Ankrd55,FALSE,TRUE,-0.0790544292765592,0.948028440295302,NA,Not DE,-0.968946031805131,0.0343648777105988,0.151220809099412,Down after KD,ankyrin repeat domain 55 [Source:MGI Symbol;Acc:MGI:1924568],protein_coding,biological_process,0.0013376922271311764,1.5547187432851148,0.12185753075069367,0.3339916937492996,0.078852313593586,0.5186522149274457,0.5256957716289332,1.0270487944760778,0.0018411085863835042,0.999894874952316,0.9995972055942626,1.0981803391364036,0.6995311769033913,1.2799023115636883,0.2009607392274568,0.008329097830415846,1.261926845974799,0.7088810549288882,0.47663874406118345,0.14232965297222833,0.6193001885285044,0.530161421115692,1.0267800604238488,0.005348900418783305,0.7997764444491655,0.4201469965166975,0.6169770499591122,0.09276918339598635,1.2203906585054567,0.38853757070450334
Kat6b,FALSE,TRUE,0.355685917396706,0.125152600206646,0.406371406393609,Not DE,0.590528713616665,0.0491322295700252,0.190920347188296,Up after KD,K(lysine) acetyltransferase 6B [Source:MGI Symbol;Acc:MGI:1858746],protein_coding,chromatin organization; negative regulation of DNA-templated transcription; regulation of DNA-templated transcription; nucleosome assembly; regulation of transcription by RNA polymerase II; positive regulation of transcription by RNA polymerase II; positive regulation of DNA-templated transcription; regulation of developmental process; regulation of hemopoiesis,0.0010857854083131037,1.3827347998252488,0.0976330129972791,0.30625034368066,0.05738880962178331,0.3581755636799287,0.32362734700359735,1.026819545895709,0.001960428571169702,1.0924160943348897,0.6840277247813541,1.1418341896739956,0.5730148223385804,1.3064598897650395,0.1725281921958582,0.00876845230615434,1.0139219686478111,0.954275141662158,0.4685044036952739,0.13217925649930945,0.6393233679654683,0.5552870451110703,1.0267225845391086,0.0056931332463744135,0.8048696115595635,0.4444725307812724,0.6340435472494685,0.10267112350253539,1.2388723171249016,0.3488962345698699
Zcchc24,TRUE,TRUE,0.809444768487276,1.12471847348566e-9,1.19123753748895e-7,Up after KD,0.530122965015343,3.69872077246061e-6,1.04516341758702e-4,Up after KD,"zinc finger, CCHC domain containing 24 [Source:MGI Symbol;Acc:MGI:1919168]",protein_coding,NA,6.7533263952514e-5,1.3849685310143987,0.004519370823205251,0.40754770667416634,0.15054114969468985,0.4876918438861126,0.48623140339942805,1.0277074706468334,0.0013802406282009158,1.230329870705692,0.33779024809173536,1.4500985473358443,0.11908030491437378,1.3832284205606031,0.09802496885162798,0.003960154183644968,0.822419042859121,0.1380944096940296,0.3152714392716034,0.04326180646303069,0.7262930162843079,0.6749978717837561,1.027498914135036,0.0038966062305895925,0.759528798730626,0.32588720558190953,0.6112334168491212,0.07795268580297911,1.2205899511499234,0.37976424018173804
Wdhd1,FALSE,TRUE,-0.177547901621858,0.255094211768781,0.588935588349722,Not DE,-0.593335078055385,0.0166597070223695,0.091238710436543,Down after KD,WD repeat and HMG-box DNA binding protein 1 [Source:MGI Symbol;Acc:MGI:2443514],protein_coding,DNA-templated DNA replication; RNA processing; mitotic cell cycle; DNA repair; heterochromatin formation; regulation of chromosome organization,0.0015485499214828698,0.7513111322803069,0.17711386110355734,0.370865984545731,0.11297780187042726,0.4644298819491034,0.45679254789191626,1.0274719475561653,0.0017026968611426024,0.9976642089673518,0.9910290280863402,1.211393385956837,0.4095830621903769,1.308983006677058,0.17060046595642248,0.00715551138517227,0.8304019866826288,0.4714109197601999,0.49896892956757033,0.17010641908089258,0.6225007829715855,0.5309794560821772,1.0274488670054363,0.004655326184018483,0.7911920867827071,0.3992785399886357,0.6739752653764761,0.16901660420906436,1.2386680807930175,0.34502393279371407
Irf9,FALSE,TRUE,0.624380361670569,0.049055298147095,0.240334488954303,Up after KD,0.647099803141674,0.00716775311930317,0.0487077660245061,Up after KD,interferon regulatory factor 9 [Source:MGI Symbol;Acc:MGI:107587],protein_coding,regulation of DNA-templated transcription; positive regulation of transcription by RNA polymerase II; myeloid cell differentiation; defense response to protozoan; dendritic cell differentiation; lymphocyte activation involved in immune response; lymphocyte differentiation; regulation of transcription by RNA polymerase II; immune system process,0.002279945724241404,1.1374381940124076,0.34116909635416637,0.33970654805467115,0.08404472015447984,0.46662867716477674,0.4597210560262531,1.0273508063005057,0.0017165200945433957,1.0482288454297757,0.8273596134453767,1.299469027226418,0.2818880912250345,1.2472533918989235,0.2479675646655705,0.005720038437200755,1.1764928579040148,0.29666504840770214,0.49276877329848556,0.1588496649577032,0.6100746219062874,0.5159805619005654,1.025441898017155,0.007448792895280905,0.8067220283351575,0.43828505333415724,0.6613292242996678,0.13976625649080981,1.2659231686610575,0.30181980570489214
Kif13b,FALSE,TRUE,0.908910580292988,0.351083380796622,NA,Not DE,1.97891119412965,0.0432071727153982,NA,Up after KD,kinesin family member 13B [Source:MGI Symbol;Acc:MGI:1098265],protein_coding,microtubule-based movement; establishment of protein localization; vesicle transport along microtubule; regulation of axonogenesis,0.0022306964542321817,1.1079010622138061,0.33281619837315585,0.3140161458488002,0.06257679431576291,0.4342287635331335,0.41886516434388066,1.0264499112214414,0.002216050171775353,1.0267699592119015,0.9001141519218235,1.2423120173087248,0.35269386346724557,1.2793843671863452,0.2106269643398847,0.005823049414278162,1.1739008460003537,0.3054531991390935,0.6093447965636317,0.3775877715267391,0.624849140123948,0.5333802108370586,1.029343204525623,0.0036234196163533313,0.8510339037982079,0.5686088151343671,0.7463723998631563,0.3537290759298767,1.2912306437792367,0.26534797899386253
Klf5,FALSE,TRUE,-0.257433548476829,0.00821420441741995,0.0742136672643796,Not DE,-0.560089210057721,3.90989101051616e-5,7.73086142279985e-4,Down after KD,Kruppel-like transcription factor 5 [Source:MGI Symbol;Acc:MGI:1338056],protein_coding,gene expression; positive regulation of transcription by RNA polymerase II; regulation of gene expression; intestinal epithelial cell development; angiogenesis; negative regulation of transcription by RNA polymerase II; regulation of transcription by RNA polymerase II; skeletal muscle cell differentiation; positive regulation of DNA-templated transcription; skeletal muscle satellite cell differentiation; skeletal muscle tissue regeneration; myotube differentiation involved in skeletal muscle regeneration; positive regulation of fat cell differentiation; satellite cell activation involved in skeletal muscle regeneration; positive regulation of transcription by transcription factor localization; positive regulation of cell population proliferation,0.003051833119930685,0.9655234842502717,0.6854542044219095,0.32814323387316835,0.0777306627246525,0.4521174865798945,0.4411836422342761,1.0260829721327656,0.002606863202894378,1.027961265856972,0.9027295404060113,1.2358725760023577,0.3719166167268173,1.24367656520115,0.2637812989282465,0.0038438927976239884,1.1302068673381112,0.12192586299041107,0.3231254404599313,0.043959620723203974,0.6513855329976953,0.5709554007297775,1.0256964632130174,0.006699504544052094,0.7685773965008105,0.3446775476966059,0.6008450760761742,0.0684887213556241,1.1984407550118963,0.4231209032270428
Abcc4,FALSE,TRUE,-0.0580981608324357,0.799830256080013,0.931637630976121,Not DE,-0.760367931982601,0.00850020844844269,0.0554365497486963,Down after KD,"ATP-binding cassette, sub-family C member 4 [Source:MGI Symbol;Acc:MGI:2443111]",protein_coding,transmembrane transport; lipid transport; cilium assembly; xenobiotic transport; bile acid and bile salt transport; leukotriene transport; L-tryptophan metabolic process; xenobiotic transmembrane transport; prostaglandin secretion; kynurenic acid metabolic process; prostaglandin transport; urate transport; glutathione transmembrane transport; positive regulation of smooth muscle cell proliferation; cAMP transport; export across plasma membrane,0.0020186708851554808,0.8672885835194108,0.27964155246937883,0.36614180962640736,0.11146749532819623,0.4259395671415254,0.4080902066312663,1.0253006452932232,0.003546671286693728,1.0107430127375816,0.9592218721418125,1.241336846528042,0.35330468867609044,1.2621976048769181,0.22532704027665937,0.008083260655618775,0.9359862665727241,0.6424240146606007,0.483716282761867,0.15183857904937378,0.6500898177747155,0.5701822291291059,1.027987856942611,0.005438768402177836,0.8189343644354601,0.47697451993128487,0.6503512032479329,0.12523802293238162,1.2406397381069851,0.3414017364970635
Uggt2,FALSE,TRUE,-0.285336995080152,0.276499356341208,0.611565589786057,Not DE,0.643449611506425,0.0175243726172871,0.0946588313507552,Up after KD,UDP-glucose glycoprotein glucosyltransferase 2 [Source:MGI Symbol;Acc:MGI:1913685],protein_coding,protein glycosylation; glycoprotein biosynthetic process; carbohydrate derivative metabolic process; UDP-glucosylation,0.002869583574029264,0.9043598635219187,0.5684404480196812,0.3350838979595452,0.08344818149298536,0.48276754106909897,0.48194119343678077,1.0275642421456883,0.002092088298583347,0.9922880246471051,0.9703161235090566,1.1828919386015797,0.47731225606910005,1.2477334084419924,0.25404909183094515,0.00772053667314811,0.9021284497378734,0.5636865591978465,0.4939045934365752,0.16663651194113893,0.7049715907654235,0.6503867458179726,1.027931138264571,0.004632310028313823,0.7951023039483037,0.4094720403089681,0.6433946924151841,0.1114007096992927,1.2492024671894792,0.3270940573040678
Clybl,FALSE,TRUE,0.26818503976006,0.427120534816293,0.737157233816094,Not DE,0.500983206912354,0.00532208015814508,0.038748938294278,Up after KD,citrate lyase beta like [Source:MGI Symbol;Acc:MGI:1916884],protein_coding,protein homotrimerization; regulation of cobalamin metabolic process; positive regulation of cobalamin metabolic process,NA,NA,NA,NA,NA,NA,NA,NA,NA,NA,NA,NA,NA,NA,NA,NA,NA,NA,NA,NA,NA,NA,NA,NA,NA,NA,NA,NA,NA,NA
Selenop,FALSE,TRUE,0.769025378695932,0.0687583758467454,0.291812199078827,Not DE,1.0969333022722,7.83083565486429e-9,4.70009141031042e-7,Up after KD,selenoprotein P [Source:MGI Symbol;Acc:MGI:894288],protein_coding,post-embryonic development; locomotory behavior; regulation of growth; brain development; selenium compound metabolic process; response to selenium ion,NA,NA,NA,NA,NA,NA,NA,NA,NA,NA,NA,NA,NA,NA,NA,NA,NA,NA,NA,NA,NA,NA,NA,NA,NA,NA,NA,NA,NA,NA
Ptger4,TRUE,TRUE,-1.12638541429807,0.00275444329323645,0.0344756927522853,Down after KD,-0.821048854143879,0.00124303507211695,0.012749978231741,Down after KD,prostaglandin E receptor 4 (subtype EP4) [Source:MGI Symbol;Acc:MGI:104311],protein_coding,"G protein-coupled receptor signaling pathway; signal transduction; negative regulation of cytokine production; response to lipid; regulation of ossification; immune response; adenylate cyclase-modulating G protein-coupled receptor signaling pathway; adenylate cyclase-activating G protein-coupled receptor signaling pathway; adenylate cyclase-inhibiting G protein-coupled receptor signaling pathway; response to mechanical stimulus; response to prostaglandin E; negative regulation of inflammatory response; positive regulation of cytokine production; positive regulation of cell population proliferation; inflammatory response; positive regulation of interleukin-8 production; response to lipopolysaccharide; positive regulation of wound healing; bone development; positive regulation of gene expression; positive regulation of inflammatory response; JNK cascade; positive regulation of protein secretion; positive regulation of cytosolic calcium ion concentration; negative regulation of interleukin-8 production; negative regulation of tumor necrosis factor production; positive regulation of interleukin-10 production; positive regulation of smooth muscle cell migration; positive regulation of ossification; positive regulation of osteoblast differentiation; MAPK cascade; negative regulation of interleukin-1 alpha production; positive regulation of cell adhesion; positive regulation of bone resorption; ERK1 and ERK2 cascade; response to nematode; cAMP biosynthetic process; cellular response to prostaglandin E stimulus; positive regulation of mucus secretion; cellular response to mechanical stimulus; negative regulation of peptide secretion; positive regulation of circadian sleep/wake cycle, non-REM sleep; positive regulation of urine volume; positive regulation of matrix metallopeptidase secretion; positive regulation of protein modification process; regulation of circadian sleep/wake cycle, wakefulness; T-helper cell differentiation; chemokinesis; negative regulation of mucus secretion; ductus arteriosus closure; negative regulation of ductus arteriosus closure; negative regulation of small intestine smooth muscle contraction; positive regulation of calcitonin secretion; positive regulation of chemokinesis; positive regulation of substance P secretion; negative regulation of endothelin production; positive regulation of substance P secretion, neurotransmission",0.0018649490715090537,1.2488019021062313,0.2276679964121851,0.3326284290734208,0.07673605728399457,0.5471765749596135,0.5629533609844929,1.0288449439815925,0.0012198287612528174,0.8668894979348091,0.5443995345772503,1.2267294837522116,0.3790601107207783,1.2400478185340547,0.25911323386202134,0.0066704655000722705,0.8487989321624425,0.40471830560785593,0.5095341572780435,0.18645804818259,0.5742362575223261,0.47080684619639734,1.0270173530746873,0.0052072405553283225,0.8809685146269715,0.6729969125577713,0.6578729830590183,0.13471647916439122,1.235859661757114,0.35108365457023477
Cpq,FALSE,TRUE,0.229245155832816,0.154149921050496,0.456173835019309,Not DE,0.782690366791554,1.69943060396212e-5,3.83474569871147e-4,Up after KD,carboxypeptidase Q [Source:MGI Symbol;Acc:MGI:1889205],protein_coding,proteolysis; thyroid hormone generation; peptide catabolic process; tissue regeneration,0.0031993298239342675,1.0328701653266177,0.8247527523837027,0.31766468940317655,0.06642877417906372,0.46686140915794944,0.46209782019910817,1.0264818412793992,0.0024319053870562957,0.9890745878008187,0.9579231017470425,1.2286044408263503,0.3920313248412299,1.2336220353346952,0.2816874770973261,0.0077566472537453695,1.109468908201615,0.571377547743088,0.4752238991648111,0.13851481049991032,0.6781546869166871,0.6102459389494609,1.0261892697533668,0.0061472357414828266,0.7619493225415589,0.3512523869007418,0.6779071547902692,0.19211188921421934,1.2442938833205026,0.3355322948334075
Angpt1,FALSE,TRUE,-0.0770110014974279,0.759743446412408,0.914926243538969,Not DE,0.854047821766336,1.45365584245819e-4,0.0022953521733505,Up after KD,angiopoietin 1 [Source:MGI Symbol;Acc:MGI:108448],protein_coding,blood coagulation; in utero embryonic development; negative regulation of neuron apoptotic process; positive regulation of phosphatidylinositol 3-kinase/protein kinase B signal transduction; angiogenesis; negative regulation of protein phosphorylation; cell differentiation; negative regulation of apoptotic process; hemopoiesis; positive regulation of ERK1 and ERK2 cascade; positive regulation of gene expression; endoderm development; positive regulation of endothelial cell migration; regulation of tumor necrosis factor production; positive regulation of protein ubiquitination; negative regulation of protein import into nucleus; protein localization to cell surface; negative regulation of cell adhesion; positive regulation of peptidyl-tyrosine phosphorylation; regulation of canonical NF-kappaB signal transduction; negative regulation of cytokine production involved in immune response; cell surface receptor protein tyrosine kinase signaling pathway; negative regulation of blood coagulation; cell-substrate adhesion; positive regulation of peptidyl-serine phosphorylation; negative regulation of vascular permeability; positive regulation of cell adhesion; glomerulus vasculature development; ovarian follicle development; branching involved in blood vessel morphogenesis; vasculogenesis; sprouting angiogenesis; positive regulation of receptor internalization; endocardium morphogenesis; activation of transmembrane receptor protein tyrosine kinase activity; regulation of skeletal muscle satellite cell proliferation; heparin proteoglycan biosynthetic process; positive regulation of vascular endothelial growth factor receptor signaling pathway; positive regulation of blood vessel endothelial cell migration; Tie signaling pathway; positive regulation of coagulation; positive chemotaxis; cardiac muscle tissue morphogenesis; vasculogenesis involved in coronary vascular morphogenesis; positive regulation of blood-brain barrier permeability,0.0012932364599922014,0.8799636084628081,0.12910757892708155,0.26960910073172495,0.03941195269143861,0.4967859074356145,0.4981629426508302,1.0264217480379951,0.0021860891267516643,1.0372778983422797,0.8621091522391364,1.0687403032620193,0.7863190309305513,1.2508666928843057,0.24085112785513732,0.008547306649695902,0.9758867094486929,0.7912401232347561,0.4622917322109488,0.1251544791334259,0.6242399532482182,0.537483743586951,1.0269863158709398,0.005333865108157696,0.8144280377651903,0.46829268588810785,0.63070569696333,0.09682591427729331,1.2463222890900747,0.3316322226383886
Deptor,TRUE,TRUE,-0.895825106634484,0.0148378181848311,0.111796325225953,Down after KD,0.57262229673166,0.0264739187990796,0.125858540304885,Up after KD,DEP domain containing MTOR-interacting protein [Source:MGI Symbol;Acc:MGI:2146322],protein_coding,intracellular signal transduction; negative regulation of TOR signaling; G protein-coupled receptor signaling pathway; autophagosome assembly; positive regulation of autophagy; cellular response to nutrient levels; TORC1 signaling; negative regulation of autophagy; negative regulation of protein kinase activity; negative regulation of cell size,0.0023227056902649116,1.0865878107206703,0.3536707731404511,0.31176766605306094,0.06093526181153091,0.5085778298993743,0.5147156027648826,1.0269069427227997,0.0019720391420222426,0.966546353825518,0.8714264799256216,1.227851338431437,0.37724787499565177,1.2372561472006103,0.26402321919878363,0.00802046144292309,1.0590065836024707,0.6263048634805526,0.4443384792429434,0.1134947714680789,0.6165665870166992,0.5248959501156018,1.0271998136688913,0.004856572580341313,0.7581736925187187,0.35703178483020936,0.6299418196446255,0.09544075609769755,1.2398428328954203,0.3425514890924639
Mtss1,FALSE,TRUE,0.365660023260158,0.0494623047428756,0.241470715998911,Not DE,0.587912765640538,4.85034005296166e-6,1.3093703375849e-4,Up after KD,MTSS I-BAR domain containing 1 [Source:MGI Symbol;Acc:MGI:2384818],protein_coding,plasma membrane organization,0.0016686452276812231,1.6928896842194079,0.18907143058523296,0.3263090202793996,0.07486617066643875,0.48190610215553126,0.4792692923840648,1.0275134684856255,0.0015233454324162048,0.9576039968109193,0.8370031330976093,1.0602424447701149,0.8198088840654699,1.26211343259493,0.2278800736093532,0.00853925955139631,0.8295845779318641,0.7879799558728047,0.47479209953660767,0.14070279384605017,0.6606579341400466,0.5877665612290216,1.0261311162641018,0.007459099767096493,0.831045992969899,0.5459809744696066,0.6793313004893663,0.29663172178253894,1.2459888016131768,0.33313651330132005
Wnt7b,FALSE,TRUE,0.477484952538946,0.39424598968049,0.715523517865674,Not DE,-0.877138469023471,3.61710356402327e-7,1.3620583611787e-5,Down after KD,"wingless-type MMTV integration site family, member 7B [Source:MGI Symbol;Acc:MGI:98962]",protein_coding,"multicellular organism development; Wnt signaling pathway; in utero embryonic development; lung development; negative regulation of neurogenesis; positive regulation of gene expression; positive regulation of cell population proliferation; canonical Wnt signaling pathway; positive regulation of osteoblast differentiation; angiogenesis; cell differentiation; system development; tissue development; animal organ morphogenesis; neuron differentiation; neuron projection development; synapse organization; embryonic organ development; cell fate commitment; positive regulation of JNK cascade; vasculature development; odontogenesis of dentin-containing tooth; embryonic placenta morphogenesis; homeostatic process; metanephric collecting duct development; lung morphogenesis; metanephros morphogenesis; smooth muscle cell differentiation; lung epithelium development; chorio-allantoic fusion; neuron projection morphogenesis; forebrain regionalization; negative regulation of smoothened signaling pathway; lung-associated mesenchyme development; trachea cartilage morphogenesis; stem cell development; anatomical structure regression; Wnt signaling pathway, planar cell polarity pathway; central nervous system vasculogenesis; cell proliferation in forebrain; establishment or maintenance of polarity of embryonic epithelium; intracellular oxygen homeostasis; lobar bronchus development; developmental growth involved in morphogenesis; renal inner medulla development; renal outer medulla development; outer medullary collecting duct development; inner medullary collecting duct development; metanephric epithelium development; metanephric loop of Henle development; regulation of cell projection size; fibroblast proliferation; mammary gland epithelium development; cellular response to retinoic acid; stem cell proliferation",8.720998976414155e-4,0.50712518401243,0.0785813377742261,0.37440801011826247,0.11169791786985928,0.47923004864578855,0.4756063917353826,1.0267054934206796,0.0019175278536537668,1.0636271911483153,0.7713926029293873,1.4269687759806977,0.15003378981293694,1.2984350404523806,0.17787939133210118,0.006279117917152811,1.3462007837400938,0.336217633359853,0.36947503972105966,0.08185740572558392,0.6605339709781756,0.5835747327325784,1.0259453450254925,0.00656951530209009,0.7559004906831688,0.32703533776408383,0.5903721668058354,0.06654777474852372,1.2894313664709651,0.26864858379735457
Trmu,FALSE,TRUE,0.471165680276527,0.00379020872509515,0.0431600696878486,Not DE,0.553547182311371,0.00168574310075848,0.016378164686416,Up after KD,tRNA 5-methylaminomethyl-2-thiouridylate methyltransferase [Source:MGI Symbol;Acc:MGI:1919276],protein_coding,tRNA processing,0.001672964832762949,0.7668383298351664,0.20204266986999206,0.3120071434444446,0.06182249987071241,0.4161246600183643,0.3962573825908974,1.0278967341012515,0.0012863740223793259,0.9787068688986489,0.9177039633722152,1.1824348133141949,0.4738911742388788,1.3055075633459943,0.17892277618664185,0.0022040655053980423,0.573835796444203,0.06248938146633114,0.48466874141838046,0.1487010164866085,0.7362893784432214,0.6899331762906307,1.0286604253213418,0.0031513375261767707,0.7858222032566585,0.3877328781793551,0.6710933704702816,0.15191144248721877,1.2280092935732811,0.37041526501614896
Ppp6r2,FALSE,TRUE,0.436368178860213,0.173007949035675,0.483665510614816,Not DE,0.82405464038671,0.0145355927839028,0.0824706569466731,Up after KD,"protein phosphatase 6, regulatory subunit 2 [Source:MGI Symbol;Acc:MGI:1918724]",protein_coding,glycoprotein catabolic process,0.003111105165183077,1.1077034865151711,0.7285554644608048,0.31732744472341357,0.06607595283109353,0.45173888413008967,0.44071717109621555,1.0267129877105245,0.002312225897925395,0.9902993670954605,0.9626132890362522,1.2194764452024065,0.39462344092016893,1.213424716033449,0.3105034833668239,0.005439000754735643,0.6404389013369814,0.26464362053428275,0.4070260099848758,0.08169904315819726,0.66037751019389,0.5847452395785993,1.0272521559262828,0.004358236857588345,0.7773562244812927,0.3664609204085106,0.6451328978142146,0.11378841636373026,1.154408114609313,0.5419402565535449
Calcoco1,FALSE,TRUE,0.358188859539503,0.00844000820536364,0.0752697123110257,Not DE,0.676534260436366,2.37118299962454e-7,9.40834489515456e-6,Up after KD,calcium binding and coiled coil domain 1 [Source:MGI Symbol;Acc:MGI:1914738],protein_coding,positive regulation of transcription by RNA polymerase II; Wnt signaling pathway; positive regulation of gene expression; positive regulation of DNA-templated transcription; signal transduction; nuclear receptor-mediated steroid hormone signaling pathway,2.3592669850889893e-4,1.5935355453253224,0.013037623114699111,0.31217057881188237,0.059728396879090415,0.46112797595306537,0.4533137577403955,1.026617894367837,0.0029151321007454363,1.162548612363667,0.4862185199637159,1.2542306702627977,0.33280891650654226,1.3210197139877438,0.15424365717921967,0.0013740441082262845,1.6298442528239434,0.03330766140205303,0.5660502834420057,0.26281262843638065,0.5067253206117438,0.38016700387621766,1.0282511069704865,0.0034740065016953207,0.8641362159638535,0.5992004473685618,0.6910837123817922,0.18734966622249566,1.322148364086121,0.22561001333502334
Tfap4,FALSE,TRUE,-0.106328227903257,0.430385702084928,0.739725796977874,Not DE,-0.655781423359251,7.39782393573457e-4,0.00859252163223237,Down after KD,transcription factor AP4 [Source:MGI Symbol;Acc:MGI:103239],protein_coding,"positive regulation of transcription by RNA polymerase II; negative regulation of gene expression; negative regulation of DNA-templated transcription; protein-containing complex assembly; negative regulation of cell population proliferation; positive regulation of apoptotic process; positive regulation of DNA-templated transcription; axon development; mitotic cell cycle phase transition; regulation of mitotic cell cycle phase transition; sensory organ development; DNA damage response, signal transduction by p53 class mediator; negative regulation of cyclin-dependent protein serine/threonine kinase activity; neuron fate commitment; cellular response to dexamethasone stimulus",0.0020776156043903296,1.3135246734071395,0.2764167739971403,0.2798936271158345,0.04492752869577167,0.45656070776179725,0.4468110338288309,1.0262618001882287,0.0025301754625280505,0.9685755568705515,0.8786331543919353,1.1873253089925528,0.4615952616569634,1.1984354849608694,0.3420873229958221,0.005846450141878327,1.5128355688794404,0.2987904674416235,0.3789707956538509,0.07491598876123565,0.6094128484890713,0.5144131638221731,1.0272529804818333,0.004499196104095705,0.7979317814288852,0.41379308560398737,0.5858447178036429,0.06344341296347811,1.1859906118610033,0.45765001604215544
Socs1,FALSE,TRUE,0.099696480551456,0.636196463466871,0.863618754046277,Not DE,0.998117233234142,0.0241763368626246,0.118222087288533,Up after KD,suppressor of cytokine signaling 1 [Source:MGI Symbol;Acc:MGI:1354910],protein_coding,"intracellular signal transduction; cellular response to amino acid stimulus; negative regulation of insulin receptor signaling pathway; developmental process; protein ubiquitination; negative regulation of signal transduction; cytokine-mediated signaling pathway; positive regulation of regulatory T cell differentiation; fat cell differentiation; macrophage differentiation; regulation of protein phosphorylation; cellular response to cytokine stimulus; cell surface receptor signaling pathway via JAK-STAT; negative regulation of receptor signaling pathway via JAK-STAT; regulation of cytokine production; regulation of tyrosine phosphorylation of STAT protein; negative regulation of tyrosine phosphorylation of STAT protein; regulation of receptor signaling pathway via JAK-STAT; positive regulation of CD4-positive, alpha-beta T cell differentiation; negative regulation of CD8-positive, alpha-beta T cell differentiation",0.0018673715522068118,1.8152441844299994,0.2264500979342935,0.3294096797373625,0.07496020311803692,0.38842183066008806,0.3625986550807264,1.0271103371756976,0.0019410550465878708,0.9795710608623502,0.9209464952189219,1.3368712181683,0.23944414268148612,1.1992974485578265,0.3402438244538749,0.007408783277615042,0.7332198327532525,0.5129392290578012,0.4867744747740297,0.15358007825300013,0.6442092069292227,0.5629255611066862,1.0278542005251852,0.0046081042068542456,0.8357416058046095,0.5282148109788395,0.6373291461559827,0.10301799147944377,1.2616631536400016,0.30781187151113143
Mpv17l,FALSE,TRUE,0.523079208662136,0.0638343635257122,0.279378967638507,Not DE,0.793601016362649,3.15852200679315e-4,0.00429762534042834,Up after KD,"Mpv17 transgene, kidney disease mutant-like [Source:MGI Symbol;Acc:MGI:2135951]",protein_coding,reactive oxygen species metabolic process; negative regulation of hydrogen peroxide biosynthetic process,NA,NA,NA,NA,NA,NA,NA,NA,NA,NA,NA,NA,NA,NA,NA,NA,NA,NA,NA,NA,NA,NA,NA,NA,NA,NA,NA,NA,NA,NA
Etv5,FALSE,TRUE,0.172310077557502,0.0432542239079929,0.223839099153461,Not DE,0.57951974873605006,1.69119851314333e-12,2.04048277749049e-10,Up after KD,ets variant 5 [Source:MGI Symbol;Acc:MGI:1096867],protein_coding,regulation of DNA-templated transcription; regulation of transcription by RNA polymerase II; locomotory behavior; positive regulation of transcription by RNA polymerase II; positive regulation of DNA-templated transcription; cell differentiation; cellular response to oxidative stress; positive regulation of neuron differentiation; neuromuscular synaptic transmission; regulation of branching involved in mammary gland duct morphogenesis; skeletal muscle acetylcholine-gated channel clustering; positive regulation of glial cell proliferation; regulation of synapse organization; negative regulation of transcription by RNA polymerase II; male germ-line stem cell asymmetric division,0.0014728330221753629,1.2034374574430144,0.16405778574815544,0.3404760619570134,0.08466158681762603,0.46440732041243815,0.45690287833224746,1.0263817989726538,0.0025212366460469976,1.05266018235574,0.8090409309698517,1.3780079193168278,0.1933804521255485,1.2007405048059763,0.33882124270890807,0.008707027316775924,1.0208310224407247,0.8830603481366626,0.478081913472927,0.16003710456954315,0.642619753063419,0.559717056830571,1.0265760828533637,0.005548553921830621,0.8160586517325514,0.4998073846746997,0.6512949890787156,0.18404162698220586,1.2496401272858453,0.3350109868887592
Crygs,FALSE,TRUE,-1.27047321315727,0.28184732301505,NA,Not DE,2.42100981841354,0.0234893045720488,NA,Up after KD,"crystallin, gamma S [Source:MGI Symbol;Acc:MGI:1298216]",protein_coding,eye development; lens development in camera-type eye; visual perception; morphogenesis of an epithelium,NA,NA,NA,NA,NA,NA,NA,NA,NA,NA,NA,NA,NA,NA,NA,NA,NA,NA,NA,NA,NA,NA,NA,NA,NA,NA,NA,NA,NA,NA
Hes1,FALSE,TRUE,0.478644042362374,6.75752518921411e-4,0.0114733492563741,Not DE,0.6044970622817,1.56136351334089e-5,3.52993540759898e-4,Up after KD,hes family bHLH transcription factor 1 [Source:MGI Symbol;Acc:MGI:104853],protein_coding,"regulation of DNA-templated transcription; in utero embryonic development; lung development; positive regulation of cell population proliferation; ventricular septum morphogenesis; outflow tract morphogenesis; positive regulation of transcription by RNA polymerase II; cardiac neural crest cell development involved in outflow tract morphogenesis; negative regulation of cell differentiation; regulation of fat cell differentiation; cell migration; common bile duct development; negative regulation of transcription by RNA polymerase II; regulation of transcription by RNA polymerase II; positive regulation of DNA-templated transcription; negative regulation of DNA-templated transcription; Notch signaling pathway; negative regulation of gene expression; protein-containing complex assembly; regulation of protein-containing complex assembly; cellular response to nerve growth factor stimulus; positive regulation of gene expression; smoothened signaling pathway; cell adhesion; somatic stem cell population maintenance; neural tube development; cell maturation; regulation of neurogenesis; negative regulation of neuron differentiation; metanephric nephron tubule morphogenesis; liver development; negative regulation of neuron projection development; negative regulation of neurogenesis; pattern specification process; cochlea development; aorta morphogenesis; inner ear receptor cell stereocilium organization; midbrain development; positive regulation of BMP signaling pathway; forebrain radial glial cell differentiation; glomerulus vasculature development; cell fate commitment; hair cell differentiation; establishment of epithelial cell polarity; pituitary gland development; anterior/posterior pattern specification; artery morphogenesis; pharyngeal arch artery morphogenesis; positive regulation of Notch signaling pathway; positive regulation of T cell proliferation; positive regulation of DNA binding; neuronal stem cell population maintenance; regulation of receptor signaling pathway via JAK-STAT; response to virus; negative regulation of calcium ion import; positive regulation of tyrosine phosphorylation of STAT protein; positive regulation of glial cell differentiation; positive regulation of receptor signaling pathway via JAK-STAT; cell morphogenesis involved in neuron differentiation; telencephalon development; adenohypophysis development; regulation of epithelial cell proliferation; negative regulation of oligodendrocyte differentiation; ascending aorta morphogenesis; regulation of timing of cell differentiation; labyrinthine layer blood vessel development; hindbrain morphogenesis; regulation of secondary heart field cardioblast proliferation; midbrain-hindbrain boundary morphogenesis; oculomotor nerve development; trochlear nerve development; negative regulation of inner ear auditory receptor cell differentiation; lateral inhibition; regulation of timing of neuron differentiation; negative regulation of stomach neuroendocrine cell differentiation; negative regulation of cell fate determination; embryonic heart tube morphogenesis; ventricular septum development; neuron differentiation; response to alkaloid; positive regulation of mitotic cell cycle, embryonic; thymus development; positive regulation of astrocyte differentiation; negative regulation of glial cell proliferation; ureteric bud morphogenesis; cellular response to interleukin-1; cellular response to tumor necrosis factor; cellular response to fatty acid; comma-shaped body morphogenesis; S-shaped body morphogenesis; renal interstitial fibroblast development; response to thyroid hormone; vascular associated smooth muscle cell development; negative regulation of stem cell differentiation; negative regulation of inner ear receptor cell differentiation",0.0032004964769244615,0.9620031645868371,0.8262805660032863,0.3136755012805181,0.06256873735502341,0.4571881973248426,0.44759323991802874,1.0262608113937568,0.002473696243483266,0.9736158698833803,0.904705147793915,1.1835646488875486,0.5107786911340083,1.2360309592062682,0.28330253724179394,0.006878623147845292,0.8670806238826357,0.4120532965366012,0.45803279363055716,0.1197243484298237,0.6008719766353966,0.505068178989446,1.0274472224834372,0.004238002321041596,0.7501966104582068,0.32134844455169215,0.5804285787406178,0.06844588299352093,1.2538028710725433,0.317521646144176
Tmem44,TRUE,TRUE,0.883280265995829,0.00610360705312293,0.0609319695132676,Up after KD,1.0502532764987,0.00217968310001731,0.0198098178129167,Up after KD,transmembrane protein 44 [Source:MGI Symbol;Acc:MGI:1924489],protein_coding,biological_process; basic amino acid transmembrane transport,NA,NA,NA,NA,NA,NA,NA,NA,NA,NA,NA,NA,NA,NA,NA,NA,NA,NA,NA,NA,NA,NA,NA,NA,NA,NA,NA,NA,NA,NA
Mylk,TRUE,TRUE,1.28124371689538,4.07679563577862e-4,0.00776336374409144,Up after KD,1.22277104611094,6.01822741229836e-12,6.6504225161697e-10,Up after KD,"myosin, light polypeptide kinase [Source:MGI Symbol;Acc:MGI:894806]",protein_coding,protein phosphorylation; positive regulation of cell migration; bleb assembly; positive regulation of calcium ion transport; aorta smooth muscle tissue morphogenesis; cellular hypotonic response; positive regulation of wound healing; cellular response to xenobiotic stimulus; smooth muscle contraction; cellular response to calcium ion; cellular response to potassium ion; tonic smooth muscle contraction; neurotransmitter receptor transport to postsynaptic membrane,0.003092934759653783,1.0300860912934728,0.7137404131131654,0.3155151600352597,0.0638196491136894,0.44606777414496773,0.43412369769212944,1.0270922355460572,0.0025945615025661124,0.9645300759859635,0.8700726970774039,1.1793123903650962,0.49947783588552863,1.235032438914382,0.2724858905867839,0.0027853238695275963,1.1681056506829597,0.08373356178315769,0.4512859936148416,0.1110247318286377,0.612119460444986,0.5151641891806056,1.0270225261420483,0.004720090384499145,0.5799607232138863,0.1031193952829923,0.5707809815017385,0.04917057057073902,1.3138064708215946,0.23536199152169207
Sema5b,FALSE,TRUE,0.0613534902604502,0.902633192183954,0.967567856540028,Not DE,0.554282617389108,7.30433686071119e-5,0.00132109989017386,Up after KD,"sema domain, seven thrombospondin repeats (type 1 and type 1-like), transmembrane domain (TM) and short cytoplasmic domain, (semaphorin) 5B [Source:MGI Symbol;Acc:MGI:107555]",protein_coding,axon extension; nervous system development; cell differentiation; axon guidance; semaphorin-plexin signaling pathway; positive regulation of cell migration; negative chemotaxis; neural crest cell migration; neuron projection guidance; neuron projection extension,NA,NA,NA,NA,NA,NA,NA,NA,NA,NA,NA,NA,NA,NA,NA,NA,NA,NA,NA,NA,NA,NA,NA,NA,NA,NA,NA,NA,NA,NA
Cxadr,FALSE,TRUE,-0.0323579381655468,0.84100429573269,0.949330975725055,Not DE,-0.621671488360311,3.42745801217279e-10,2.73826104972507e-8,Down after KD,coxsackie virus and adenovirus receptor [Source:MGI Symbol;Acc:MGI:1201679],protein_coding,cell adhesion; mitochondrion organization; cardiac muscle cell development; heart development; negative regulation of cardiac muscle cell proliferation; actin cytoskeleton organization; cell-cell adhesion; epithelial structure maintenance; defense response to virus; heterophilic cell-cell adhesion via plasma membrane cell adhesion molecules; neutrophil chemotaxis; cell-cell junction organization; transepithelial transport; homotypic cell-cell adhesion; germ cell migration; gamma-delta T cell activation; positive regulation of epithelial cell proliferation involved in wound healing; AV node cell to bundle of His cell communication; AV node cell-bundle of His cell adhesion involved in cell communication; regulation of AV node cell action potential,0.0016698896113513189,0.8505091984563771,0.19526167491896287,0.3220221698964706,0.0682323004640367,0.4869868090788908,0.4854769151634046,1.0259720854391154,0.002895768331255155,1.1055888789360506,0.654211542495608,1.4362813485143902,0.17336145811118464,1.1738638366682659,0.40420397006638054,0.008777424228346306,0.9975678275750205,0.9803571677356084,0.46625567622498565,0.13536066331565613,0.6392714840849169,0.557398819526283,1.0266187149957493,0.00571886065955338,0.8020050314657586,0.42563545293289945,0.635691395903209,0.10141093503034869,1.2410713811274328,0.3402034789165744
D16Ertd472e,FALSE,TRUE,-0.254168703407052,0.179121773850282,0.491612351181883,Not DE,-0.850140307815656,1.79303386057157e-4,0.002728549854234,Down after KD,"DNA segment, Chr 16, ERATO Doi 472, expressed [Source:MGI Symbol;Acc:MGI:1196400]",protein_coding,nervous system development; cell differentiation; cerebral cortex neuron differentiation; positive regulation of dendritic spine development,6.82185696972562e-4,0.785466736997485,0.05538676805965825,0.3106014225751567,0.060494820403450784,0.4551018176453809,0.4449361500833946,1.0261303370309456,0.0028148996433130058,1.2426913295289044,0.3551218357066156,1.409546001359798,0.15911072790979847,1.2783694434018955,0.2028318814913555,0.008545548776892281,1.040528455706513,0.7893089729548014,0.4443863368435931,0.1311608107430354,0.6476096626998105,0.5664378886138995,1.0265321464552282,0.005472449719848407,0.7873789076863829,0.4021925824382509,0.6189781047993873,0.10303522738685479,1.2383126202363963,0.34489546394643367
Ets2,FALSE,TRUE,-0.0659925298550687,0.39526710658995,0.715523517865674,Not DE,-0.739186413055604,2.59498926898523e-15,4.51222839948256e-13,Down after KD,"E26 avian leukemia oncogene 2, 3' domain [Source:MGI Symbol;Acc:MGI:95456]",protein_coding,regulation of DNA-templated transcription; regulation of transcription by RNA polymerase II; positive regulation of transcription by RNA polymerase II; negative regulation of transcription by RNA polymerase II; cell differentiation; ectodermal cell fate commitment; mesoderm development; primitive streak formation,0.001248614690577904,1.2072291135453583,0.11455909143051525,0.3153626098313512,0.06413866507369864,0.48529374440319867,0.4836599067117218,1.0259142784067694,0.002511249260492365,0.8911719170114115,0.5999896541214146,1.023990360503034,0.9274403878254225,1.2123984058275854,0.31430820021680683,3.420180550604896e-4,1.5516905432620622,0.0022365638243605794,0.4326660050998769,0.09559755435284271,0.7706606042801611,0.7320845864521695,1.032634662398165,0.001075669961886065,0.642205757836494,0.12300602192790373,0.5517493869836644,0.033696223555973646,1.2396036753987758,0.339400340727729
3300005D01Rik,TRUE,TRUE,-0.776267902841513,0.0330316608221991,0.189257802906028,Down after KD,-0.913750367219646,0.025160865892151,0.1216203832104,Down after KD,RIKEN cDNA 3300005D01 gene [Source:MGI Symbol;Acc:MGI:1925762],lncRNA,NA,NA,NA,NA,NA,NA,NA,NA,NA,NA,NA,NA,NA,NA,NA,NA,NA,NA,NA,NA,NA,NA,NA,NA,NA,NA,NA,NA,NA,NA,NA
Dact2,FALSE,TRUE,0.214724322928484,0.614998766208003,0.854071088786114,Not DE,-0.746721316729698,0.0180223574462749,0.0965516380563552,Down after KD,dishevelled-binding antagonist of beta-catenin 2 [Source:MGI Symbol;Acc:MGI:1920347],protein_coding,negative regulation of cell adhesion; skin development; hematopoietic progenitor cell differentiation; epithelial cell morphogenesis; negative regulation of nodal signaling pathway; inner medullary collecting duct development,NA,NA,NA,NA,NA,NA,NA,NA,NA,NA,NA,NA,NA,NA,NA,NA,NA,NA,NA,NA,NA,NA,NA,NA,NA,NA,NA,NA,NA,NA
Fam234a,FALSE,TRUE,0.106395084551111,0.362311041546235,0.690171634922476,Not DE,0.567770045955574,1.9374153092296e-9,1.31655164461671e-7,Up after KD,"family with sequence similarity 234, member A [Source:MGI Symbol;Acc:MGI:2146854]",protein_coding,biological_process,NA,NA,NA,NA,NA,NA,NA,NA,NA,NA,NA,NA,NA,NA,NA,NA,NA,NA,NA,NA,NA,NA,NA,NA,NA,NA,NA,NA,NA,NA
Crebrf,FALSE,TRUE,0.651117455884885,0.090993264607661,0.340833983058874,Not DE,0.864350238095667,2.77288705375959e-5,5.77229164148826e-4,Up after KD,CREB3 regulatory factor [Source:MGI Symbol;Acc:MGI:1924378],protein_coding,regulation of DNA-templated transcription; response to unfolded protein; regulation of transcription by RNA polymerase II; positive regulation of transcription by RNA polymerase II; negative regulation of transcription by RNA polymerase II; positive regulation of protein catabolic process; maternal behavior; response to endoplasmic reticulum stress; negative regulation of endoplasmic reticulum unfolded protein response,NA,NA,NA,NA,NA,NA,NA,NA,NA,NA,NA,NA,NA,NA,NA,NA,NA,NA,NA,NA,NA,NA,NA,NA,NA,NA,NA,NA,NA,NA
Fkbp5,FALSE,TRUE,-0.239090856403266,0.0412095078135716,0.218064137367347,Not DE,-0.680540033467868,2.58568950893664e-6,7.75969359230121e-5,Down after KD,FK506 binding protein 5 [Source:MGI Symbol;Acc:MGI:104670],protein_coding,response to bacterium; protein folding; phosphatidylinositol 3-kinase/protein kinase B signal transduction; negative regulation of phosphatidylinositol 3-kinase/protein kinase B signal transduction,5.527697035364796e-4,1.179306162739378,0.03314996084959077,0.2860468619826511,0.044942644344905615,0.5120822960596996,0.5170823290853139,1.0253407882317145,0.003572879962169535,1.069585964967253,0.7512648026391807,1.447780591432177,0.13579282906332468,1.2397951073189792,0.26399334777733774,0.0027101712181387522,1.2153588262819441,0.08344329687323425,0.5192479641933859,0.19887197161670273,0.7315532107432864,0.6807586387808694,1.029192009016274,0.0028057855641696106,0.816782492167702,0.46546281840084586,0.7329578448957804,0.2788155867161229,1.2595868852914192,0.310158015824929
Ppt2,FALSE,TRUE,-0.116046949891881,0.451535961629352,0.754562034382076,Not DE,0.614272222217551,8.55215256676378e-8,3.85956686829828e-6,Up after KD,palmitoyl-protein thioesterase 2 [Source:MGI Symbol;Acc:MGI:1860075],protein_coding,macromolecule depalmitoylation,NA,NA,NA,NA,NA,NA,NA,NA,NA,NA,NA,NA,NA,NA,NA,NA,NA,NA,NA,NA,NA,NA,NA,NA,NA,NA,NA,NA,NA,NA
Cdsn,TRUE,TRUE,1.31912939846589,8.36995202262725e-12,1.31101741469912e-9,Up after KD,1.25678119228788,0.00480529649788296,0.0360977292191665,Up after KD,corneodesmosin [Source:MGI Symbol;Acc:MGI:3505689],protein_coding,skin morphogenesis; cell-cell adhesion; amyloid fibril formation; corneocyte desquamation; negative regulation of cornification,0.002641103472874804,0.6498786190327536,0.46911833548054666,0.3147626496159613,0.06323818906522939,0.38910335284498165,0.3700705168706619,1.0256710788967325,0.0031587901061950192,0.9825441190559631,0.932697409314167,1.2252106942326941,0.3826282659603597,1.225920491424477,0.28367528643026974,0.0061515028420036704,1.985314027590509,0.3362595414622459,0.4576572828013026,0.11862551757291376,0.5996719643856938,0.4999277035537825,1.0279837971945593,0.0038798257630020708,0.7855441945364526,0.38637033710466695,0.6213845547852982,0.08659961197696842,1.2078898441766501,0.40892965316561014
Rcan2,FALSE,TRUE,0.47742949271995,0.302256672131591,0.63874832825989,Not DE,0.533492507092309,0.028195404909641,0.131459963585014,Up after KD,regulator of calcineurin 2 [Source:MGI Symbol;Acc:MGI:1858219],protein_coding,calcium-mediated signaling; Notch signaling pathway; response to oxidative stress; response to stress; locomotion involved in locomotory behavior; calcineurin-NFAT signaling cascade; short-term memory,8.470105485140303e-4,1.117316058105304,0.06665871975917992,0.33567054477988534,0.08020977922220053,0.4470789281295442,0.4348461252785926,1.0278441735286175,0.0013756218217939595,0.8777561341810234,0.5525696566087266,1.168678191672448,0.5056622718915758,1.327144725679172,0.15018928433072545,0.008773321512244291,0.9967541996905799,0.9658779581423753,0.46631976730082564,0.1306932317304629,0.6400311329694637,0.5560944050240115,1.0265607318536345,0.006575140542574416,0.8074266362255059,0.5020754846204174,0.6356585183538609,0.1011154358509091,1.2421160216199623,0.33985193749420983
Slc29a1,FALSE,TRUE,-0.344767089278761,1.0458784434926e-5,3.92946424664906e-4,Not DE,-0.531183583720052,4.0909062228671e-9,2.57291889250961e-7,Down after KD,"solute carrier family 29 (nucleoside transporters), member 1 [Source:MGI Symbol;Acc:MGI:1927073]",protein_coding,nucleoside transmembrane transport; uridine transmembrane transport; adenosine transport; nucleoside transport; hypoxanthine transport; neurotransmitter transport; purine nucleoside transmembrane transport; inosine transport; pyrimidine-containing compound transmembrane transport; purine nucleobase transmembrane transport; cytidine transport; excitatory postsynaptic potential; neurotransmitter uptake; nucleobase transport; adenine transport; thymine transport; guanine transmembrane transport; uracil transmembrane transport; pyrimidine nucleobase transmembrane transport; lactation; response to antibiotic; cellular response to glucose stimulus; cellular response to hypoxia,0.0031956152864104216,0.9568080210288487,0.8201036412139355,0.3323063116389582,0.1008181303753676,0.4624666666100272,0.4549122882342673,1.0263923722718726,0.0023604337918245832,0.999384782038509,0.9976743041942281,1.2257855559585378,0.39239512500830476,1.2253097705486249,0.285823215959689,0.006107887342276066,1.2656582856256298,0.3257790818647964,0.47550287376583766,0.13962902107889377,0.7485371027698169,0.7090971460590403,1.0276559067980378,0.00389645263400547,0.7513768596030344,0.31488067757845156,0.5978178660777419,0.0685950179289046,1.2953254194456494,0.26108554451894306
Trerf1,TRUE,TRUE,0.69715787624175,0.00733877734728804,0.0686991101676686,Up after KD,0.518726146718586,0.00112807010486897,0.0118801564299656,Up after KD,transcriptional regulating factor 1 [Source:MGI Symbol;Acc:MGI:2442086],protein_coding,regulation of transcription by RNA polymerase II; positive regulation of transcription by RNA polymerase II; negative regulation of DNA-templated transcription; positive regulation of DNA-templated transcription; cellular response to progesterone stimulus,NA,NA,NA,NA,NA,NA,NA,NA,NA,NA,NA,NA,NA,NA,NA,NA,NA,NA,NA,NA,NA,NA,NA,NA,NA,NA,NA,NA,NA,NA
Kdm4b,FALSE,TRUE,0.0673657463457912,0.686602022309583,0.885263551992954,Not DE,0.591605999243959,7.59884510491394e-5,0.00136134461394701,Up after KD,lysine (K)-specific demethylase 4B [Source:MGI Symbol;Acc:MGI:2442355],protein_coding,chromatin organization; chromatin remodeling; brain development; regulation of gene expression,0.001512171006147541,1.3941379083703502,0.16496496969108337,0.25546035802082984,0.03580712538123723,0.3678727967142551,0.3373286745824351,1.0260798465010108,0.002793944652603797,1.0568288032812456,0.7955525766684559,1.2446458330923802,0.3484783207051192,1.2013346795274646,0.3372436928894332,0.0029316421485694765,1.48856046042227,0.08984334810028605,0.5425247040466328,0.232326968572063,0.641205733210135,0.5566506916845715,1.0263675206325888,0.0064546181747066975,0.9138260145570793,0.7535630215569654,0.6641307190547827,0.13757188177527138,1.314009514010799,0.2328866180406583
Epas1,TRUE,TRUE,0.61095195967535,0.0380485763196293,0.206862581841156,Up after KD,0.958577499797859,5.36575484906152e-24,2.18774777018288e-21,Up after KD,endothelial PAS domain protein 1 [Source:MGI Symbol;Acc:MGI:109169],protein_coding,regulation of DNA-templated transcription; gene expression; lung development; embryonic placenta development; positive regulation of transcription by RNA polymerase II; mitochondrion organization; erythrocyte differentiation; multicellular organismal-level iron ion homeostasis; angiogenesis; regulation of transcription by RNA polymerase II; response to hypoxia; cell differentiation; positive regulation of multicellular organismal process; negative regulation of transcription by RNA polymerase II; positive regulation of DNA-templated transcription; tube development; epithelial cell maturation; tissue remodeling; circulatory system development; hemopoiesis; cellular response to hypoxia; cell maturation; blood vessel remodeling; visual perception; surfactant homeostasis; response to oxidative stress; norepinephrine biosynthetic process; regulation of heart rate; norepinephrine metabolic process; intracellular oxygen homeostasis; myoblast fate commitment,0.0019125309805228404,1.1945487288380225,0.24582488753152873,0.27517915979400437,0.043231729119948256,0.4136571997160747,0.39326607677657155,1.0257753446613325,0.002794049716485122,1.0325724452809004,0.8791459555940637,1.2594430456755945,0.3261634935772643,1.2341233739474295,0.27176668041243707,0.008738698269313725,1.0230918954834982,0.9120715565051215,0.4727240073015905,0.14394705885100617,0.6444630468418849,0.5626191711049763,1.026838390624172,0.005896475808940109,0.8060153110255758,0.4422051667833475,0.6425284429572139,0.13170253182198863,1.2413578083524628,0.33964028442397154
Fzd8,FALSE,TRUE,0.176289011612787,0.205418070169187,0.526614651533316,Not DE,0.609737464436686,2.45954554229535e-11,2.42347220767502e-9,Up after KD,frizzled class receptor 8 [Source:MGI Symbol;Acc:MGI:108460],protein_coding,cell surface receptor signaling pathway; Wnt signaling pathway; canonical Wnt signaling pathway; angiogenesis; signal transduction; G protein-coupled receptor signaling pathway; positive regulation of protein phosphorylation; positive regulation of JUN kinase activity; non-canonical Wnt signaling pathway; T cell differentiation in thymus,0.0026312688701845143,0.6509890094099015,0.46691749767924623,0.32323184157655666,0.06984098920275733,0.4326478483166365,0.41719741526799237,1.025795188970709,0.003001788387757808,1.0183177557191754,0.931407655686501,1.2303847989703713,0.37494070281916547,1.2255575885762593,0.28481028300868705,0.004434580912298848,0.4876031045821798,0.19333557136353183,0.48476549609211766,0.15101718323088928,0.6875478361792293,0.6220355279500958,1.0283501183763455,0.003498302498370859,0.8312410643614472,0.5066084889530805,0.6592594768199592,0.13239396158545835,1.3033945998028051,0.24724238884339989
Zfp521,FALSE,TRUE,0.183295925237554,0.195830679734181,0.515219538519951,Not DE,0.637688359932759,9.78696749379813e-8,4.33412373208498e-6,Up after KD,zinc finger protein 521 [Source:MGI Symbol;Acc:MGI:95459],protein_coding,regulation of DNA-templated transcription; cell differentiation,NA,NA,NA,NA,NA,NA,NA,NA,NA,NA,NA,NA,NA,NA,NA,NA,NA,NA,NA,NA,NA,NA,NA,NA,NA,NA,NA,NA,NA,NA
Garem1,FALSE,TRUE,0.188990545664257,0.264849685979197,0.59942234713926,Not DE,0.505655570069863,0.00121022371906035,0.0124866363474429,Up after KD,GRB2 associated regulator of MAPK1 subtype 1 [Source:MGI Symbol;Acc:MGI:2685790],protein_coding,multicellular organism growth; protein phosphorylation; cell population proliferation; positive regulation of ERK1 and ERK2 cascade; positive regulation of cell population proliferation; positive regulation of cell division; epidermal growth factor receptor signaling pathway; cellular response to epidermal growth factor stimulus; negative regulation of protein kinase activity by regulation of protein phosphorylation; response to epidermal growth factor,NA,NA,NA,NA,NA,NA,NA,NA,NA,NA,NA,NA,NA,NA,NA,NA,NA,NA,NA,NA,NA,NA,NA,NA,NA,NA,NA,NA,NA,NA
Lims2,FALSE,TRUE,-0.107927440269307,0.821413367563216,0.941210238118199,Not DE,0.920915892782882,8.30574353001203e-9,4.95995512620516e-7,Up after KD,LIM and senescent cell antigen like domains 2 [Source:MGI Symbol;Acc:MGI:2385067],protein_coding,negative regulation of apoptotic process; cell-cell adhesion; integrin-mediated signaling pathway; cell-cell junction organization; neural precursor cell proliferation; negative regulation of neural precursor cell proliferation; negative regulation of epithelial cell proliferation,0.0023346897289297,1.1919858214327943,0.3373336016788513,0.320783805848657,0.0681654319004793,0.4917164532619966,0.49236007176348123,1.026910423033159,0.002157031427545686,1.0019745306538594,0.992433196178647,1.1636848653844154,0.5216934336118286,1.2266556606885441,0.28306842995485293,0.006695480260474063,1.2681008293557596,0.3967750698861634,0.4887048423466522,0.15592100286258362,0.7059817116883033,0.6463704804804994,1.0280934142267155,0.003641933195891962,0.7697950412898062,0.3531955263825381,0.5466760879628492,0.06956630370835686,1.2595058450572651,0.3093400992249171
Egr1,TRUE,TRUE,-4.2842773175438,3.69548018278351e-172,4.10974351127354e-168,Down after KD,-4.36242682475384,3.15459761090246e-260,3.72999621513106e-256,Down after KD,early growth response 1 [Source:MGI Symbol;Acc:MGI:95295],protein_coding,negative regulation of canonical Wnt signaling pathway; positive regulation of transcription by RNA polymerase II; BMP signaling pathway; regulation of apoptotic process; negative regulation of transcription by RNA polymerase II; regulation of transcription by RNA polymerase II; response to hypoxia; rhythmic process; positive regulation of DNA-templated transcription; positive regulation of chemokine production; positive regulation of neuron apoptotic process; circadian regulation of gene expression; positive regulation of gene expression; skeletal muscle cell differentiation; response to glucose; T cell differentiation; positive regulation of interleukin-1 beta production; positive regulation of smooth muscle cell migration; positive regulation of smooth muscle cell proliferation; response to ischemia; learning or memory; regulation of DNA-templated transcription; regulation of neuron apoptotic process; response to insulin; locomotor rhythm; long-term memory; regulation of protein sumoylation; estrous cycle; positive regulation of hormone biosynthetic process; regulation of long-term neuronal synaptic plasticity; circadian temperature homeostasis; interleukin-1-mediated signaling pathway; cellular response to gamma radiation; cellular response to heparin; cellular response to mycophenolic acid; glomerular mesangial cell proliferation; positive regulation of glomerular metanephric mesangial cell proliferation; cellular response to interleukin-8; positive regulation of post-translational protein modification; regulation of progesterone biosynthetic process,6.821836335846477e-5,1.3070949044895983,0.0023565023458664252,0.39296762065272617,0.1289673993061096,0.4799211645686951,0.4771497740326163,1.0273278583545544,0.001826849728931092,0.9932406145781385,0.9740003890783827,1.5058753075578122,0.08960217960958135,1.281138231112176,0.19793877932717818,0.008660457490671236,0.9797319734491344,0.8495308756770888,0.45018803163510585,0.1401196235513968,0.6191046380430092,0.5384057925489879,1.0266266061779925,0.005330406048894856,0.8017215786855613,0.42464005480155054,0.6289891408930547,0.09984254558397102,1.2409168772090235,0.34030697886047073
Sh3rf2,TRUE,TRUE,1.65272740575494,6.92316976922428e-4,0.0117009986327573,Up after KD,1.00057447803479,0.00125403445875797,0.0128378384764972,Up after KD,SH3 domain containing ring finger 2 [Source:MGI Symbol;Acc:MGI:2444628],protein_coding,protein ubiquitination; negative regulation of apoptotic process; protein autoubiquitination; positive regulation of proteasomal ubiquitin-dependent protein catabolic process; positive regulation of JNK cascade; positive regulation of cell migration; regulation of JNK cascade; negative regulation of JNK cascade; negative regulation of protein ubiquitination,NA,NA,NA,NA,NA,NA,NA,NA,NA,NA,NA,NA,NA,NA,NA,NA,NA,NA,NA,NA,NA,NA,NA,NA,NA,NA,NA,NA,NA,NA
Kcnn2,FALSE,TRUE,1.36363949361791,0.274071572202119,NA,Not DE,1.68462760305666,0.00514443321363316,0.0378753289651298,Up after KD,"potassium intermediate/small conductance calcium-activated channel, subfamily N, member 2 [Source:MGI Symbol;Acc:MGI:2153182]",protein_coding,potassium ion transport; potassium ion transmembrane transport,0.0018627954915807897,0.925276967296945,0.23509759090961713,0.2878245211038974,0.04925860839184078,0.4248434764968243,0.4069638078492164,1.0263245086136499,0.002322073840071663,0.8572583879014956,0.5219770220998946,1.1384741749343448,0.5864843076381616,1.1769574035859776,0.3957191127013397,0.004296013041873471,0.8865410844052789,0.1735888749053766,0.3654886997681593,0.05890863771790811,0.5855434029058284,0.48672841727238203,1.0266077531289701,0.0052808261347529716,0.7142684643994327,0.2462996401435153,0.5691663976392736,0.05113467543645774,1.185793390573116,0.45481512569587074
Synpo,TRUE,TRUE,0.966231867301086,4.18041300897695e-4,0.00789008317192362,Up after KD,0.65803570778435,1.39729147046229e-5,3.21431407524244e-4,Up after KD,synaptopodin [Source:MGI Symbol;Acc:MGI:1099446],protein_coding,positive regulation of actin filament bundle assembly; cortical cytoskeleton organization; postsynaptic modulation of chemical synaptic transmission; regulation of postsynaptic cytosolic calcium ion concentration; visual learning; regulation of long-term neuronal synaptic plasticity,3.0724126301156346e-4,1.2298380130677955,0.015029565636918088,0.38934028637208484,0.1280468645389103,0.3696976291000181,0.33606336281112226,1.0286252971875867,0.0011868172642292476,0.80143102915100906,0.3299440830954432,1.225679826229224,0.3821121930703294,1.2813540488251784,0.196367350934356,0.002527187744250666,1.240805091593881,0.07400455326544646,0.4926914847028336,0.15682857690752128,0.7772063175530792,0.7417612264993314,1.0253076558723055,0.007865919276837137,0.6280924808020758,0.13404440119117075,0.7000106063961614,0.2063028337946208,1.2765716299079406,0.28058949479161477
Piezo2,FALSE,TRUE,0.307363918956699,0.673467537072884,NA,Not DE,2.64248929036298,0.0233937144257662,NA,Up after KD,piezo-type mechanosensitive ion channel component 2 [Source:MGI Symbol;Acc:MGI:1918781],protein_coding,monoatomic ion transport; monoatomic ion transmembrane transport; monoatomic cation transmembrane transport; detection of mechanical stimulus; regulation of membrane potential; response to mechanical stimulus; monoatomic cation transport; cellular response to mechanical stimulus; detection of renal blood flow; detection of mechanical stimulus involved in sensory perception,0.0013449508970358823,1.1708141086407442,0.12816969142576995,0.26228444668191053,0.03574231555192275,0.44322159514430026,0.4299598390250617,1.026566616861537,0.0023837083685572277,0.8968722071200071,0.6213687223570554,1.1146318095055383,0.652000970101139,1.2327246192550478,0.2714728118585085,0.008647947520239415,1.022239099693679,0.8415313608280856,0.4630665988715214,0.1268988911801322,0.6495414057469763,0.5704443238610791,1.026839699869524,0.005211918391879393,0.7917102746745958,0.4117513627225775,0.621653778731916,0.1106921760599019,1.2343797049964,0.3557725406439755
Nfatc1,FALSE,TRUE,-0.0391982208308217,0.868348783763354,0.955656291363905,Not DE,1.19159709206522,2.47918013507038e-4,0.00354459805526871,Up after KD,"nuclear factor of activated T cells, cytoplasmic, calcineurin dependent 1 [Source:MGI Symbol;Acc:MGI:102469]",protein_coding,regulation of DNA-templated transcription; positive regulation of transcription by RNA polymerase II; transcription by RNA polymerase II; calcineurin-NFAT signaling cascade; cellular response to metal ion; negative regulation of inflammatory response; negative regulation of vascular associated smooth muscle cell differentiation,0.0014320004805540253,0.5447585336932272,0.15945378053495998,0.3106810507479796,0.06159069766170171,0.4101359953536458,0.3883754984159401,1.0262771320532238,0.0024927358448259365,1.101043128719986,0.6620205961517303,1.244267768557284,0.349125341271919,1.2681737156090154,0.21891752812794874,0.005327297171666969,1.970105969030632,0.2505915441375532,0.42323771300730506,0.08985904223943013,0.5779468150524311,0.4748874131073181,1.0281934282989658,0.0035489412269804088,0.7470990361629999,0.30625001664200446,0.6096212015757666,0.07628459184404206,1.2364847422526781,0.348167833506776
Rttn,FALSE,TRUE,-0.491650695611425,0.0810902366602909,0.320584614965907,Not DE,-0.692985611109687,0.0208298752450345,0.106620106016142,Down after KD,rotatin [Source:MGI Symbol;Acc:MGI:2179288],protein_coding,cilium organization; centriole-centriole cohesion; centriole replication; determination of left/right symmetry; ciliary basal body organization,NA,NA,NA,NA,NA,NA,NA,NA,NA,NA,NA,NA,NA,NA,NA,NA,NA,NA,NA,NA,NA,NA,NA,NA,NA,NA,NA,NA,NA,NA
Lrp5,FALSE,TRUE,0.440894892122277,0.184656487375847,0.498765060298594,Not DE,0.746542717541993,6.19636716483326e-4,0.00747610666908046,Up after KD,low density lipoprotein receptor-related protein 5 [Source:MGI Symbol;Acc:MGI:1278315],protein_coding,canonical Wnt signaling pathway; gene expression; positive regulation of osteoblast differentiation; positive regulation of transcription by RNA polymerase II; Wnt signaling pathway; retina vasculature development in camera-type eye; regulation of insulin secretion involved in cellular response to glucose stimulus; regulation of apoptotic process; cell-cell adhesion; positive regulation of cell population proliferation; endocytosis; positive regulation of cell differentiation; small molecule metabolic process; gastrulation with mouth forming second; mesodermal cell migration; cell migration involved in gastrulation; embryonic digit morphogenesis; bone remodeling; branching involved in mammary gland duct morphogenesis; establishment of blood-brain barrier; bone development; anterior/posterior pattern specification; nervous system development; somatic stem cell population maintenance; positive regulation of DNA-templated transcription; negative regulation of osteoblast differentiation; vasculature development; limb morphogenesis; regulation of osteoblast differentiation; cholesterol homeostasis; glucose catabolic process; cholesterol metabolic process; regulation of blood pressure; mammary gland duct morphogenesis; cell-cell signaling; blood vessel morphogenesis; osteoblast development; positive regulation of fat cell differentiation; bone morphogenesis; positive regulation of mitotic nuclear division; retinal blood vessel morphogenesis; bone marrow development; positive regulation of mesenchymal cell proliferation; anatomical structure regression; retina vasculature morphogenesis in camera-type eye; extracellular matrix-cell signaling; amino acid transport; adipose tissue development; response to peptide hormone; retina morphogenesis in camera-type eye,0.0027330449179331887,1.1231193629019611,0.5014315518382663,0.3018666797267123,0.056124983984031346,0.45202252435220996,0.4408633441575444,1.0257106721409814,0.0030166614534887456,1.0420757727944792,0.8521976159082377,1.2454497697807465,0.35141616411793897,1.2080671409252344,0.3216483148976302,0.006178687334669184,0.815974946838737,0.33859262801817885,0.47263590273620604,0.13415599613982437,0.6833999568770154,0.6151290849692681,1.0259641145268978,0.006596969888234866,0.7231778617785382,0.27354997946855836,0.6300411789059714,0.0941125999239876,1.3272635144651315,0.23212526391599922
Syt12,TRUE,TRUE,-1.28806755346542,2.99659659985764e-4,0.00612594683584869,Down after KD,-1.60213914118055,2.85996751860663e-5,5.92228650437912e-4,Down after KD,synaptotagmin XII [Source:MGI Symbol;Acc:MGI:2159601],protein_coding,presynaptic modulation of chemical synaptic transmission; vesicle-mediated transport; long-term synaptic potentiation; regulation of calcium ion-dependent exocytosis; spontaneous exocytosis of neurotransmitter,0.003207552274169482,0.9013389799594694,0.8376585163233613,0.3127922123112618,0.06218563281165791,0.4632266854584505,0.45636244380834956,1.0260091244764742,0.0029129175632701173,0.9952203908593291,0.9817031748350634,1.220845849902382,0.3964942160276,1.2180228247209863,0.30077307575859075,0.008259527363050943,0.76584828094691,0.6922018996197493,0.48764994791454425,0.1620199755264728,0.6409065219947334,0.5566023847523126,1.0268225684842522,0.005194643253954797,0.8197823815971996,0.48129099931449254,0.6501940915705746,0.12726107517597215,1.2290895766869667,0.36490048955995485
Pcx,FALSE,TRUE,0.516846347023948,0.124814563872592,0.406026653811784,Not DE,0.509816793086895,0.00984598250227145,0.0622228204740019,Up after KD,pyruvate carboxylase [Source:MGI Symbol;Acc:MGI:97520],protein_coding,gluconeogenesis; pyruvate metabolic process; lipid metabolic process; NADP+ metabolic process; negative regulation of gene expression; viral RNA genome packaging; viral release from host cell; NAD+ metabolic process; positive regulation by host of viral process,0.002924336645580535,0.9257465349044811,0.5990111401361609,0.2985585414811637,0.056303885076995214,0.4459380446559676,0.4336287692470698,1.0259577203261214,0.0027806692832714986,0.9670273667950581,0.8751228040839077,1.2110652294608057,0.41030442023163655,1.201253787537194,0.3398713001119474,0.007314502739416128,1.1515641974916933,0.48931270386544534,0.49230192582290977,0.16343441006797763,0.6401111014423798,0.5553670786961911,1.0273000803770176,0.005091411536807709,0.7867332007211703,0.3898286545286094,0.637418653109258,0.1035729635977608,1.2630946311724347,0.3056677884583292
Malat1,FALSE,TRUE,0.231620704003556,0.382813737079781,0.709190666344202,Not DE,0.887471724655027,7.9388441467483e-4,0.00907822951558529,Up after KD,metastasis associated lung adenocarcinoma transcript 1 (non-coding RNA) [Source:MGI Symbol;Acc:MGI:1919539],lncRNA,positive regulation of cell motility,NA,NA,NA,NA,NA,NA,NA,NA,NA,NA,NA,NA,NA,NA,NA,NA,NA,NA,NA,NA,NA,NA,NA,NA,NA,NA,NA,NA,NA,NA
Macrod1,FALSE,TRUE,0.342776905296081,0.289254702406842,0.624742968628179,Not DE,0.849935680853429,0.0327972614126173,0.146836357040056,Up after KD,mono-ADP ribosylhydrolase 1 [Source:MGI Symbol;Acc:MGI:2147583],protein_coding,DNA damage response; protein de-ADP-ribosylation; purine nucleoside metabolic process,1.9491402598494097e-5,0.6052986678092074,5.035246002602766e-4,0.36246785544269217,0.09985593721219276,0.25151179734785584,0.18699927047601309,1.0302444788521363,5.527979588508771e-4,0.7887433024576864,0.28477824839914057,1.0827080069728947,0.7364378800314618,1.3972724176629294,0.09017810952106733,0.0026024361148717363,0.69549889635307,0.07407960856316327,0.35460910083821606,0.05020896359836298,0.6818824783820062,0.6140623695580777,1.0317349588964886,0.0012350389914810311,0.6353509621267418,0.1342993643974497,0.5805296846869119,0.05168880555096834,1.3211237238256608,0.22434763633572008
Lrrc10b,FALSE,TRUE,-0.116850053417897,0.912707352964645,NA,Not DE,2.60916116302276,0.0162258581462082,NA,Up after KD,leucine rich repeat containing 10B [Source:MGI Symbol;Acc:MGI:2685551],protein_coding,intracellular signal transduction,NA,NA,NA,NA,NA,NA,NA,NA,NA,NA,NA,NA,NA,NA,NA,NA,NA,NA,NA,NA,NA,NA,NA,NA,NA,NA,NA,NA,NA,NA
Pgm5,FALSE,TRUE,0,1,NA,Not DE,2.77073126568441,0.00693787347283145,NA,Up after KD,phosphoglucomutase 5 [Source:MGI Symbol;Acc:MGI:1925668],protein_coding,carbohydrate metabolic process; cell adhesion; myofibril assembly; striated muscle tissue development,0.0032267199680496047,1.0593867206651049,0.8678898436255155,0.3150617651435775,0.06407528947400885,0.4557822330694558,0.4457183052345223,1.0261224872367627,0.0025811766402304257,0.9803981118694066,0.9277282428689995,1.2061204583678424,0.4238442952035641,1.2165034829527364,0.3065103480770356,0.0017905467742977096,2.6510038168677763,0.03687734883891194,0.3394796842056544,0.0402398050058421,0.6043548799774625,0.5115375183446605,1.0249965294891148,0.008552687867562463,0.7111680404020391,0.227281394531837,0.5750418941148916,0.04846485229794323,1.278116843733034,0.281610685404573
Kank1,FALSE,TRUE,0.199345248819915,0.495200276862789,0.778974870933453,Not DE,0.599290178737045,0.0390037074100721,0.164589520491325,Up after KD,KN motif and ankyrin repeat domains 1 [Source:MGI Symbol;Acc:MGI:2147707],protein_coding,negative regulation of actin filament polymerization; positive regulation of wound healing; actin cytoskeleton organization; negative regulation of insulin receptor signaling pathway; regulation of Rho protein signal transduction; positive regulation of canonical Wnt signaling pathway; negative regulation of cell migration; negative regulation of neuron projection development; cortical microtubule organization; cell population proliferation; positive regulation of Wnt signaling pathway; negative regulation of Rho protein signal transduction; podocyte cell migration; negative regulation of substrate adhesion-dependent cell spreading; negative regulation of ruffle assembly; regulation of establishment of cell polarity,0.002912728277498745,0.7848791405417719,0.5985745252893825,0.305818429618129,0.057884057403342605,0.4569688352282612,0.44734505493229076,1.0263683302798061,0.002466692767438367,1.00505287220712,0.980825628907098,1.2294811079040442,0.3765750974647173,1.2415736732481784,0.2615908429920744,0.008008210478084178,0.73461748780619,0.6274835676168051,0.48848455300077875,0.1596336028163602,0.6283549924689703,0.5400475638826711,1.0275162603424497,0.004814104445817373,0.8367497908357137,0.5380998518648172,0.6538937152376249,0.13266085507614053,1.2443348077340022,0.33409001414188805
Stambpl1,FALSE,TRUE,-0.196043193587495,0.176799805724377,0.488980512176275,Not DE,-0.551121141419054,6.64551483990921e-4,0.00790087898068523,Down after KD,STAM binding protein like 1 [Source:MGI Symbol;Acc:MGI:1923880],protein_coding,protein deubiquitination; protein K63-linked deubiquitination; proteolysis; protein K6-linked ubiquitination; cellular response to nutrient levels; cellular response to L-leucine; cellular response to leucine starvation,0.0030073826882947826,0.7240637862926552,0.6510931134009078,0.312847739028087,0.062049461111110316,0.4452295174727836,0.4328522948601971,1.0268234494736312,0.00217924173027909,1.0033311200649986,0.9873504670854916,1.2298401446260028,0.37829208875437037,1.2182875160654163,0.2993127951729907,0.0066019909399402405,1.9202123759516811,0.3834661564666403,0.48068243512508935,0.14668664050444044,0.6684062185855848,0.5954866358452087,1.0253128238786915,0.008986743058042788,0.7791928802359129,0.3729048270362806,0.5932748976270221,0.07072257790059835,1.1882882954045804,0.45727289310653824
Ifit3b,FALSE,TRUE,-0.35979599768988,0.670983207004463,0.878436513969576,Not DE,0.781831611339186,0.0196747796520063,0.102654118103124,Up after KD,interferon-induced protein with tetratricopeptide repeats 3B [Source:MGI Symbol;Acc:MGI:3698419],protein_coding,response to virus; response to other organism; negative regulation of cell population proliferation; negative regulation of apoptotic process; cellular response to cytokine stimulus,0.0023522720184465063,1.0723068634214747,0.35889708597765757,0.3353843104800234,0.07996357636666855,0.5078151303740172,0.5139066240249527,1.0273549745096584,0.0019055465196650351,1.029058879779098,0.8924681874804764,1.2615616467646629,0.3274752423674644,1.224375273350313,0.2874840823570077,0.0011982935517541604,1.2469907328975356,0.022475277069982546,0.39796792424537913,0.06798203117530632,0.6087259464084428,0.5153439188479154,1.026219209983701,0.0036511045713135707,0.7884884053951706,0.3930634074862482,0.744789519779467,0.3052801479875877,1.319376491955116,0.22936004475072433
Ifit1,FALSE,TRUE,0.423196565614043,0.709605337999528,0.895979387128594,Not DE,0.567376469929946,0.00258395287624122,0.0225314592984338,Up after KD,interferon-induced protein with tetratricopeptide repeats 1 [Source:MGI Symbol;Acc:MGI:99450],protein_coding,response to bacterium; cellular response to interferon-beta; immune system process; innate immune response; defense response to virus; response to virus; cellular response to interferon-alpha; cellular response to cytokine stimulus,0.003045723362889171,0.9727285890214991,0.677790988696173,0.2973850410253355,0.057393704646912395,0.41829195913074785,0.4069387406677277,1.0255797553539001,0.003589487610171712,0.9631194361817484,0.8638860434590416,1.1917794765141618,0.45687985426509975,1.2164004502885555,0.30312412215639084,0.006981417259446366,1.0628199561847913,0.44063086605362345,0.4468364020932284,0.11026789995959513,0.6336441245848569,0.5469816627795157,1.0262366143450918,0.005647370819559097,0.8015755053202526,0.42548905550186955,0.6284389031537746,0.09377697949982573,1.2743971420405724,0.291666099264984
Exoc6,FALSE,TRUE,0.41691899864315,0.23163248007727,0.560977887931247,Not DE,-0.930341563375265,0.0412678929009478,0.17049320952509,Down after KD,exocyst complex component 6 [Source:MGI Symbol;Acc:MGI:1351611],protein_coding,intracellular protein transport; vesicle tethering involved in exocytosis; exocytosis,NA,NA,NA,NA,NA,NA,NA,NA,NA,NA,NA,NA,NA,NA,NA,NA,NA,NA,NA,NA,NA,NA,NA,NA,NA,NA,NA,NA,NA,NA
Hells,FALSE,TRUE,-0.255958617152593,0.00214105974353077,0.0288870679694291,Not DE,-0.558148526926987,1.73150330070486e-9,1.19726871506048e-7,Down after KD,"helicase, lymphoid specific [Source:MGI Symbol;Acc:MGI:106209]",protein_coding,negative regulation of apoptotic process; cell division; double-strand break repair via homologous recombination; kidney development; DNA methylation-dependent constitutive heterochromatin formation; double-strand break repair; chromatin remodeling; urogenital system development; pericentric heterochromatin formation; lymphocyte proliferation; heterochromatin formation; lymphocyte differentiation,0.0032525284531207035,1.0087826421276098,0.9321921998350081,0.3058874820149619,0.0867777117348212,0.45128343033402846,0.4434192236753886,1.0261238895577303,0.002794791167672615,0.9895149932741243,0.9597590400140049,1.206525106835092,0.4308209184537396,1.221525726222486,0.29242429259393393,0.008750409861094308,1.01142945487839,0.9256680475305951,0.45925530762169137,0.14670772217021755,0.6410808428765815,0.5573742561051882,1.0266056924956324,0.005453690801034629,0.8034217266861425,0.43033054790019476,0.6294449773323172,0.11637849817722996,1.2431704977966938,0.33771718392393174
Dusp5,TRUE,TRUE,-0.734912893895089,8.02940611720396e-37,9.92166949215836e-34,Down after KD,-0.553939430229108,2.5103928625506e-11,2.4531310088263e-9,Down after KD,dual specificity phosphatase 5 [Source:MGI Symbol;Acc:MGI:2685183],protein_coding,protein dephosphorylation; dephosphorylation; negative regulation of DNA-templated transcription; peptidyl-tyrosine dephosphorylation; negative regulation of vasoconstriction; endoderm formation; peptidyl-threonine dephosphorylation,0.0022676506926952084,1.103867307898636,0.335407631202324,0.2581383035399516,0.040006895563175195,0.4523882359775432,0.4415881034448403,1.0263059717841891,0.002529232939402694,0.9925112458585981,0.9711661311659457,1.2815993568974555,0.3016190400636704,1.2000573267913563,0.3396970804651289,0.001052032351114608,1.322976652128679,0.01983935831951078,0.41878579726272536,0.08432187123103078,0.7283914891578622,0.6792929547403976,1.0302848049075142,0.0016790754268272495,0.7407513730767423,0.28262286078282617,0.7551351459665055,0.3288217684885033,1.4485516806171956,0.11688445763383035
Afap1l2,TRUE,TRUE,1.43230600328136,0.00206156790848646,0.0281352645860039,Up after KD,0.684454344779763,5.28392596376184e-11,4.91945988941103e-9,Up after KD,actin filament associated protein 1-like 2 [Source:MGI Symbol;Acc:MGI:2147658],protein_coding,inflammatory response; positive regulation of interleukin-8 production; positive regulation of DNA-templated transcription; regulation of interleukin-6 production; positive regulation of epidermal growth factor receptor signaling pathway; regulation of mitotic cell cycle,NA,NA,NA,NA,NA,NA,NA,NA,NA,NA,NA,NA,NA,NA,NA,NA,NA,NA,NA,NA,NA,NA,NA,NA,NA,NA,NA,NA,NA,NA
Ablim1,TRUE,TRUE,0.818535001009873,3.9652345921717e-5,0.00117280249732823,Up after KD,0.676511404709135,1.53599399202947e-17,3.36325795588082e-15,Up after KD,actin-binding LIM protein 1 [Source:MGI Symbol;Acc:MGI:1194500],protein_coding,cytoskeleton organization; transcription by RNA polymerase II; positive regulation of transcription by RNA polymerase II; cilium assembly; axon guidance; lamellipodium assembly,0.0017194147081141308,1.1825684716149585,0.20923388661892411,0.31274461287987365,0.06080742689055142,0.421772483222777,0.4029800330573181,1.0264160255194243,0.0020551540958370917,1.0851048150118452,0.7093985523381293,1.3055586519265543,0.26467335033294703,1.2620708052941934,0.22698411954634293,0.006818367047062077,1.1338758885491964,0.4269354576313162,0.48027736893184453,0.14280310614184002,0.6261733191729356,0.5368894916129139,1.028409874082413,0.0038924228690944323,0.8840176987756914,0.6815185955056776,0.7172386484822963,0.2878649465743612,1.2483491484901077,0.3280843958229614
Itga8,FALSE,TRUE,0.0538415471706561,0.93514569829748,0.979930570280009,Not DE,1.3563005402729,2.29127536345352e-6,7.01866318587421e-5,Up after KD,integrin alpha 8 [Source:MGI Symbol;Acc:MGI:109442],protein_coding,cell adhesion; positive regulation of transcription by RNA polymerase II; nervous system development; cell differentiation; kidney development; tissue development; cell-cell adhesion; integrin-mediated signaling pathway; embryonic morphogenesis; extracellular matrix organization; cell-matrix adhesion; inner ear morphogenesis; metanephros development; memory; positive regulation of transforming growth factor beta receptor signaling pathway; substrate adhesion-dependent cell spreading; establishment of protein localization; mesodermal cell differentiation; smooth muscle tissue development; smooth muscle cell differentiation,0.002642143490780963,1.0920726105125582,0.45814415265845243,0.31183109523572633,0.061004780545498655,0.4360268397265624,0.42138995784511346,1.0253177532034583,0.0037946647775739958,0.9608047389581524,0.8505610031392923,1.2132738622607655,0.40516108537668905,1.2342565037578952,0.26956544558333884,0.001150010151106199,1.4953962588172856,0.013914899315462352,0.4866383736169454,0.15359026357925243,0.7585571087884124,0.7157349034343282,1.0348427886335043,6.187086791833469e-4,0.7266710633865161,0.2542323022063343,0.5243526876469196,0.024812726447611056,1.2629399180652159,0.30505282091482677
Gsn,FALSE,TRUE,0.129475070690571,0.00705740905599176,0.0666826220150249,Not DE,1.09130698443023,2.35285164122328e-89,1.3910058902912e-85,Up after KD,gelsolin [Source:MGI Symbol;Acc:MGI:95851],protein_coding,"actin cytoskeleton organization; cellular response to type II interferon; cell projection organization; actin filament capping; cilium assembly; actin filament severing; protein destabilization; host-mediated suppression of symbiont invasion; positive regulation of gene expression; central nervous system development; actin filament organization; vesicle-mediated transport; actin filament polymerization; amyloid fibril formation; hepatocyte apoptotic process; relaxation of cardiac muscle; phagocytosis, engulfment; actin filament depolymerization; actin polymerization or depolymerization; cellular response to cadmium ion; positive regulation of cardiac muscle hypertrophy; regulation of podosome assembly; striated muscle atrophy; response to muscle stretch; cardiac muscle cell contraction; renal protein absorption; regulation of receptor clustering",6.82965767908005e-4,1.2744824344739247,0.04640299988240739,0.3171345832431687,0.06476367476541847,0.5625461305979677,0.5791082477205396,1.0290818208207346,0.0010075426244207505,0.9049324476514073,0.6395694986256467,1.1697753724468245,0.5029636527337783,1.284384341383964,0.19531307691984146,2.532269682761347e-4,1.6682097274562777,0.0027199320956590297,0.337924311339792,0.036289946803464514,0.8256079418089199,0.8011788119623106,1.0327300737490812,0.0011871334347628578,0.5782578179517813,0.06893076740737397,0.6254553546951321,0.09063275941895062,1.4873843414411057,0.08754570501115126
Cacnb4,FALSE,TRUE,0.882741582767399,0.457746035242676,0.758498906050151,Not DE,0.940321800654561,1.23364975034916e-5,2.87956791612498e-4,Up after KD,"calcium channel, voltage-dependent, beta 4 subunit [Source:MGI Symbol;Acc:MGI:103301]",protein_coding,"calcium ion transmembrane transport; muscle cell development; monoatomic ion transport; monoatomic ion transmembrane transport; calcium ion transport; regulation of presynaptic cytosolic calcium ion concentration; negative regulation of cell population proliferation; adult walking behavior; gamma-aminobutyric acid signaling pathway; neuronal action potential propagation; regulation of membrane potential; neuromuscular junction development; chemical synaptic transmission; gamma-aminobutyric acid secretion; spleen development; negative regulation of G1/S transition of mitotic cell cycle; synaptic transmission, glutamatergic; thymus development; positive regulation of protein localization to nucleolus; nervous system process; regulation of synaptic vesicle exocytosis; Peyer's patch development; cAMP metabolic process",0.003197056345599142,1.0295742343315661,0.8213368760359037,0.32257877106344013,0.07430117259902792,0.4638486294276299,0.4571090649693651,1.0261126782533605,0.0025407236368056294,1.0070796759382756,0.9743882526743295,1.2131559455012662,0.4064368014141502,1.2273232107209906,0.2838256080992534,0.0028768444577346695,0.741597874090538,0.0930237069863776,0.36876124967575863,0.05468555378510337,0.6454980750670453,0.5623050994619658,1.0246027412112644,0.010432277483692605,0.7206330071338638,0.24839463017611976,0.59849902234413,0.06818201061586596,1.2170400022492247,0.3859007653072023
Ube2l6,FALSE,TRUE,0.463155104523784,0.0182084957694424,0.127919571353107,Not DE,0.554196481949071,0.00140573896925787,0.014062146846451,Up after KD,ubiquitin-conjugating enzyme E2L 6 [Source:MGI Symbol;Acc:MGI:1914500],protein_coding,protein ubiquitination; protein polyubiquitination; innate immune response; ubiquitin-dependent protein catabolic process; ISG15-protein conjugation; modification-dependent protein catabolic process,0.0029290493668021242,1.0805650978280932,0.6027077551440964,0.3509828013963902,0.10901990228995156,0.4707963991518596,0.46550355955816025,1.026828617480212,0.0021005556952581493,1.0030117890221455,0.9885289944236895,1.2623828353611513,0.3416694586252582,1.2394203562541402,0.2636608992941322,0.008506020966119658,1.0504980689258474,0.7753788304536253,0.4863156712221202,0.16398387185806904,0.6176102825590171,0.5312974630771421,1.0265417217530428,0.005533526632259061,0.7876825768473515,0.4004996981037046,0.6470743581288372,0.12521819201320103,1.2409354068884366,0.3407364763306183
Cd82,FALSE,TRUE,0.340431537895212,0.149270782931691,0.447780930144018,Not DE,-0.943446319879952,0.0343196817390924,0.151134419695728,Down after KD,CD82 antigen [Source:MGI Symbol;Acc:MGI:104651],protein_coding,NA,8.89277286258382e-5,1.7072013227612597,0.0027966501741621013,0.3326696139889595,0.07589585439306987,0.4709577877363293,0.4656106601220657,1.0268897369019454,0.0019225921663560642,1.1411461318159686,0.5367185461985639,1.532084036420655,0.083067455839032,1.1677394648285042,0.4195820761100585,0.00831881501674415,1.0667863834003843,0.7057454684219083,0.4798930555014713,0.14652970983145275,0.6325280543961369,0.546029557835616,1.0262726516996041,0.006135808229716414,0.811546767744128,0.4533283943447753,0.6677155197313158,0.18623199637304008,1.273099258080555,0.30712779675014584
Fibin,FALSE,TRUE,0.701639412258222,0.388953392749589,0.712950876037822,Not DE,1.66137050764351,2.80440914515985e-13,3.81141767038736e-11,Up after KD,fin bud initiation factor homolog (zebrafish) [Source:MGI Symbol;Acc:MGI:1914856],protein_coding,biological_process,NA,NA,NA,NA,NA,NA,NA,NA,NA,NA,NA,NA,NA,NA,NA,NA,NA,NA,NA,NA,NA,NA,NA,NA,NA,NA,NA,NA,NA,NA
Fmn1,FALSE,TRUE,-0.321486275528111,0.186282361122589,0.500881561422705,Not DE,-1.02595318606238,0.00787259858936157,0.0521780301124502,Down after KD,formin 1 [Source:MGI Symbol;Acc:MGI:101815],protein_coding,actin nucleation; gene expression; limb development; skeletal system morphogenesis; forelimb morphogenesis; hindlimb morphogenesis; positive regulation of actin filament polymerization; positive regulation of focal adhesion assembly; ureteric bud invasion; formin-nucleated actin cable assembly; kidney development; dendrite morphogenesis,NA,NA,NA,NA,NA,NA,NA,NA,NA,NA,NA,NA,NA,NA,NA,NA,NA,NA,NA,NA,NA,NA,NA,NA,NA,NA,NA,NA,NA,NA
Grem1,FALSE,TRUE,-0.214037966442006,0.455813399070746,0.757167312750118,Not DE,-2.13517402498416,0.0281427238931769,0.131317903438407,Down after KD,"gremlin 1, DAN family BMP antagonist [Source:MGI Symbol;Acc:MGI:1344337]",protein_coding,positive regulation of angiogenesis; positive regulation of cell migration involved in sprouting angiogenesis; positive regulation of transcription by RNA polymerase II; negative regulation of BMP signaling pathway; angiogenesis; regulation of signal transduction; signal transduction; positive regulation of DNA-templated transcription; negative regulation of DNA-templated transcription; positive regulation of cell population proliferation; negative regulation of canonical Wnt signaling pathway; negative regulation of SMAD protein signal transduction; negative regulation of cell growth; limb development; negative regulation of apoptotic process; positive regulation of branching involved in ureteric bud morphogenesis; negative regulation of osteoblast differentiation; animal organ morphogenesis; cell morphogenesis; regulation of epithelial to mesenchymal transition; cell-cell signaling; embryonic limb morphogenesis; proximal/distal pattern formation; determination of dorsal identity; cell migration involved in sprouting angiogenesis; positive regulation of receptor internalization; negative regulation of leukocyte chemotaxis; mesenchymal to epithelial transition involved in metanephros morphogenesis; collagen fibril organization; negative regulation of bone mineralization; negative regulation of chondrocyte differentiation; endothelial cell migration; negative regulation of bone remodeling; regulation of focal adhesion assembly; cardiac muscle cell differentiation; cardiac muscle cell myoblast differentiation; ureteric bud formation; negative regulation of monocyte chemotaxis; negative regulation of osteoclast proliferation,0.0030842433988389115,1.0306342546144394,0.7038568700742422,0.31879204602120653,0.0667483988902558,0.46300983740938795,0.455182958519379,1.0259753047533757,0.0027008794892855936,0.9561439299286497,0.8450001878162828,1.1881957311296336,0.4697899126375946,1.209177352253493,0.32145799235292766,0.006369966962641347,1.0889778018926624,0.3457142621755356,0.4319536003761793,0.09832113638664514,0.6186330761161394,0.526498962927465,1.026098825367111,0.0066085719893138216,0.7068600423706751,0.2656642811682906,0.6222792902286768,0.08687716407619406,1.2927326215564028,0.2640619753452823
Itpripl1,FALSE,TRUE,-0.149058740836374,0.38258683105089,0.708888395221085,Not DE,-0.686465540123681,3.23035237279177e-4,0.0043602381798961,Down after KD,"inositol 1,4,5-triphosphate receptor interacting protein-like 1 [Source:MGI Symbol;Acc:MGI:1920588]",protein_coding,biological_process; protein phosphorylation; negative regulation of T cell receptor signaling pathway; T cell differentiation; T cell activation; positive regulation of MAPK cascade; calcium ion import,NA,NA,NA,NA,NA,NA,NA,NA,NA,NA,NA,NA,NA,NA,NA,NA,NA,NA,NA,NA,NA,NA,NA,NA,NA,NA,NA,NA,NA,NA
Dusp2,TRUE,TRUE,-0.580043731516872,2.0858151471937e-4,0.0046116004477020096,Down after KD,-0.801137405703611,9.15771375887526e-4,0.0101008215937445,Down after KD,dual specificity phosphatase 2 [Source:MGI Symbol;Acc:MGI:101911],protein_coding,protein dephosphorylation; dephosphorylation; endoderm formation,0.0012112264113501355,0.8103964752156414,0.13499869957929586,0.30591376363648637,0.05770331690171823,0.4034128449364304,0.38002316038814604,1.0265840785025384,0.0021733407013723566,1.1239596056965502,0.5947444169171288,1.2137654157604465,0.40449005628695545,1.3242179156755542,0.15556996529130473,0.008725195892800795,0.9841779579647284,0.8992755042211945,0.4692363795790433,0.13262322674116994,0.6422177011713179,0.5590931369462049,1.0267964288383524,0.005576085860201286,0.8065535938105268,0.4434939449328622,0.6418843533555744,0.12212969898168394,1.246581143225921,0.3358848938127205
Slc20a1,FALSE,TRUE,-0.396612038035075,2.1967564685884998e-06,9.69449551078283e-5,Not DE,-0.706675748017865,1.39496886902981e-21,5.15440997106515e-19,Down after KD,"solute carrier family 20, member 1 [Source:MGI Symbol;Acc:MGI:108392]",protein_coding,phosphate ion transport; cell population proliferation; sodium ion transmembrane transport; sodium ion transport; phosphate ion transmembrane transport; biomineral tissue development,5.233283583893141e-4,1.3277476785068207,0.03276836622727581,0.2530586806253147,0.03063829855874813,0.4095585759520569,0.38709818033745125,1.0265206831817564,0.0018996862255998305,0.8621098382772048,0.5025041556818798,1.2390770048447994,0.3573092748086264,1.305112100915337,0.16956858949417578,0.0064045849758229195,1.1586176439773248,0.35688563684448577,0.4278941921456333,0.09829512731689113,0.6440125463420564,0.5628110745152275,1.0265043514477215,0.005665165829897671,0.7486367795045529,0.3151869485710599,0.6169123729192345,0.08232234353718187,1.2691619034534005,0.2928387587895315
Slc4a11,TRUE,TRUE,1.04607704137206,0.00379968599459201,0.0431600696878486,Up after KD,0.698034557137284,0.00360791378764472,0.0290103331854722,Up after KD,"solute carrier family 4, sodium bicarbonate transporter-like, member 11 [Source:MGI Symbol;Acc:MGI:2138987]",protein_coding,monoatomic anion transport; monoatomic ion transport; sodium ion transmembrane transport; water transport; regulation of mitochondrial membrane potential; bicarbonate transport; transmembrane transport; cellular response to oxidative stress; sodium ion transport; intracellular monoatomic cation homeostasis; borate transmembrane transport; fluid transport; borate transport; monoatomic ion homeostasis; cellular hypotonic response; proton transmembrane transport,NA,NA,NA,NA,NA,NA,NA,NA,NA,NA,NA,NA,NA,NA,NA,NA,NA,NA,NA,NA,NA,NA,NA,NA,NA,NA,NA,NA,NA,NA
Prnp,FALSE,TRUE,0.0925163609735535,0.0735845136792494,0.303772263397622,Not DE,0.546539863192375,2.53984512388107e-30,1.43005374975094e-27,Up after KD,prion protein [Source:MGI Symbol;Acc:MGI:97769],protein_coding,protein homooligomerization; negative regulation of apoptotic process; negative regulation of calcineurin-NFAT signaling cascade; cellular response to amyloid-beta; cellular response to xenobiotic stimulus; intracellular signal transduction; positive regulation of protein localization to plasma membrane; protein destabilization; positive regulation of neuron apoptotic process; regulation of protein localization; regulation of glutamate receptor signaling pathway; learning or memory; response to oxidative stress; intracellular copper ion homeostasis; negative regulation of transcription by RNA polymerase II; response to copper ion; positive regulation of calcium-mediated signaling; response to cadmium ion; cellular response to copper ion; negative regulation of interleukin-17 production; nucleobase-containing compound metabolic process; regulation of potassium ion transmembrane transport; negative regulation of type II interferon production; negative regulation of interleukin-2 production; negative regulation of activated T cell proliferation; negative regulation of T cell receptor signaling pathway; positive regulation of protein targeting to membrane; response to amyloid-beta; regulation of calcium ion import across plasma membrane,0.0013874589015407158,1.248691387974756,0.14960559934698645,0.30678186165217675,0.056098572261731365,0.4625287450770968,0.45438877785614445,1.0264831645962307,0.0020080363640635965,1.1111591371416067,0.6339830720708994,1.3206708969160799,0.2433534334652656,1.3117571690750565,0.16993360438999378,0.008778527066419435,0.9967406004982136,0.9867310433750481,0.4664184086369097,0.13915130725256225,0.6404153286263126,0.5565101878490407,1.0266582150886523,0.005504824775052474,0.8015359376280612,0.4279258153537743,0.6338048241368399,0.15323916900014506,1.2406431282639117,0.3436727959681128
Plcb4,FALSE,TRUE,0.141755824348088,0.575285736711009,0.830859951445086,Not DE,0.75512173238424,3.86556728340416e-7,1.43280462567306e-5,Up after KD,"phospholipase C, beta 4 [Source:MGI Symbol;Acc:MGI:107464]",protein_coding,signal transduction; intracellular signal transduction; lipid metabolic process; lipid catabolic process; phosphatidylinositol metabolic process; phosphatidylinositol-mediated signaling; release of sequestered calcium ion into cytosol; modulation of chemical synaptic transmission; negative regulation of potassium ion transport,0.0032363526112352894,1.016107437164345,0.8874295226634562,0.30513346450908874,0.069733544497474,0.4529248514964559,0.44266036902855094,1.0262902439517625,0.0024482579003152313,0.9887074056515688,0.9566110817871123,1.1900629144156971,0.5130412064494486,1.2189062454234458,0.2992390628855169,0.008617455972980668,1.0440457816191198,0.8233177647826094,0.47106828078175245,0.13456083678971822,0.6524271223306476,0.5748312245270772,1.0265295631627611,0.0056684373723239374,0.798028067721423,0.41717728945197596,0.6219444703054406,0.1045352459539499,1.2460124733836895,0.33288569174732274
Ism1,FALSE,TRUE,-0.65038306090848,0.237239592088155,0.567873763153761,Not DE,0.764644500791046,0.019251572536796,0.101214136805281,Up after KD,"isthmin 1, angiogenesis inhibitor [Source:MGI Symbol;Acc:MGI:2442963]",protein_coding,negative regulation of angiogenesis,NA,NA,NA,NA,NA,NA,NA,NA,NA,NA,NA,NA,NA,NA,NA,NA,NA,NA,NA,NA,NA,NA,NA,NA,NA,NA,NA,NA,NA,NA
Rin2,FALSE,TRUE,0.177473502677741,0.49897781360554,0.781017912048869,Not DE,0.508689440000305,6.41411561102523e-4,0.00769954345022967,Up after KD,Ras and Rab interactor 2 [Source:MGI Symbol;Acc:MGI:1921280],protein_coding,signal transduction; vesicle-mediated transport; endocytosis; positive regulation of endothelial cell migration,0.003236001664826919,0.9768523393161201,0.8870461804198979,0.30665765698354935,0.06653903455897574,0.44251922810769684,0.43849041336098005,1.0260707292735263,0.0028299548779766423,0.9987395895954186,0.9953184295229744,1.2143258641586998,0.4044235892770667,1.2201299887798955,0.2954075181131024,0.008701450693681901,0.976428963558827,0.8779511317414784,0.46600745393367043,0.12890847894889856,0.6402545709088916,0.5560541486342588,1.0266474843376037,0.005350363539579211,0.8130747701421921,0.47676298998720135,0.6393298005851816,0.10878659535561756,1.2456122816321786,0.3346157424781979
Cst3,FALSE,TRUE,0.0823657454729625,0.0531467005371995,0.251294411851274,Not DE,0.566401103136969,1.36470690418983e-62,5.37876481171353e-59,Up after KD,cystatin C [Source:MGI Symbol;Acc:MGI:102519],protein_coding,positive regulation of cell population proliferation; negative regulation of proteolysis; defense response; cellular response to oxidative stress; positive regulation of DNA replication; supramolecular fiber organization; eye development; response to hypoxia; salivary gland development; embryo implantation; male gonad development; response to xenobiotic stimulus; response to toxic substance; response to carbohydrate; negative regulation of collagen catabolic process; negative regulation of extracellular matrix disassembly; response to nutrient levels; response to estradiol; regulation of tissue remodeling; response to axon injury; Sertoli cell development; negative regulation of elastin catabolic process; negative regulation of blood vessel remodeling; cellular response to hydrogen peroxide,2.648899573548037e-4,1.3038586242861647,0.017560195813745266,0.39304072718398514,0.1321211902829556,0.5976961570425331,0.61986046119648,1.026991292025511,0.0017518862807325486,1.3984228864401658,0.17633802327611756,1.709143873331237,0.04800959683462467,1.3388981000334579,0.13645721975235967,0.006872211266573014,1.0825820144758074,0.4309653615600949,0.5580607969626035,0.28368133560298586,0.6547025692294701,0.5767116946897807,1.0271835463997272,0.004767063064795954,0.8997455462542859,0.7351531531168038,0.7369612360501503,0.35611558458060255,1.281503870162959,0.2827393567188912
Acss1,FALSE,TRUE,0.401843574369327,0.73589193341401,0.906719343460166,Not DE,1.81656400196882,8.24897029809213e-10,6.09598905029008e-8,Up after KD,acyl-CoA synthetase short-chain family member 1 [Source:MGI Symbol;Acc:MGI:1915988],protein_coding,acetyl-CoA biosynthetic process from acetate; lipid metabolic process; ethanol catabolic process; acetyl-CoA biosynthetic process; acetate biosynthetic process; propionate biosynthetic process,NA,NA,NA,NA,NA,NA,NA,NA,NA,NA,NA,NA,NA,NA,NA,NA,NA,NA,NA,NA,NA,NA,NA,NA,NA,NA,NA,NA,NA,NA
Pygb,FALSE,TRUE,0.235713228670321,0.0366266902030452,0.202347452433217,Not DE,0.59594516293214606,7.18516480700116e-11,6.50376799775211e-9,Up after KD,brain glycogen phosphorylase [Source:MGI Symbol;Acc:MGI:97828],protein_coding,carbohydrate metabolic process; glycogen metabolic process; glycogen catabolic process,0.0031466916952639498,1.0413209603890368,0.7630076945159521,0.31229003128799826,0.06175430150919489,0.47178327260005115,0.46856179397051523,1.025895442759016,0.0030224332284301083,1.0202010552665242,0.9302701838309982,1.2261841559493483,0.38719462348732403,1.2322534982472146,0.2778193041448605,0.0032742165302392353,1.2981205754735772,0.11275712576494482,0.5611459972675451,0.2665417339566848,0.6311384825385286,0.5428918977262813,1.0277102988868618,0.005088454144196887,0.9126874434401925,0.7523319119198602,0.7112175243430844,0.23275062326197388,1.2725123104104896,0.29098587820732313
Ptgis,FALSE,TRUE,-1.02381329152106,0.403388444062779,NA,Not DE,1.75777549102362,0.0168174530909009,NA,Up after KD,prostaglandin I2 (prostacyclin) synthase [Source:MGI Symbol;Acc:MGI:1097156],protein_coding,prostaglandin biosynthetic process; lipid metabolic process; fatty acid metabolic process; fatty acid biosynthetic process; prostaglandin metabolic process; embryo implantation; cellular response to interleukin-1; icosanoid metabolic process; negative regulation of inflammatory response; cellular response to hypoxia; cellular response to interleukin-6; positive regulation of gene expression; negative regulation of cell population proliferation; apoptotic signaling pathway; negative regulation of protein phosphorylation; response to hypoxia; positive regulation of angiogenesis; negative regulation of smooth muscle cell proliferation; negative regulation of nitric oxide biosynthetic process; cyclooxygenase pathway; decidualization; positive regulation of peroxisome proliferator activated receptor signaling pathway,4.147813520032159e-5,0.25377180383665116,0.0027425731378653375,0.3163807772839559,0.06565291478837242,0.3307158238065865,0.2859085867122166,1.0305914919722807,6.228065407327328e-4,1.2008551866624024,0.3972364757035946,1.4497398107750006,0.12280649807191195,1.347484303956853,0.12865862360098962,0.00804873608794836,1.26322275794162,0.6299140494980281,0.4573569699982327,0.12140655631752036,0.6818427121710605,0.6180972658847946,1.0263886402264915,0.0058415690572208995,0.7987397624399661,0.41711571009847287,0.5970859016642948,0.09366529051465286,1.2273472348113024,0.36778336494903235
Ube2v1,FALSE,TRUE,-0.811056715890766,0.32124998146467,NA,Not DE,-1.79155575231997,0.0420584136230527,NA,Down after KD,ubiquitin-conjugating enzyme E2 variant 1 [Source:MGI Symbol;Acc:MGI:1913839],protein_coding,protein K63-linked ubiquitination; positive regulation of canonical NF-kappaB signal transduction; error-free postreplication DNA repair; positive regulation of intracellular signal transduction; postreplication repair,NA,NA,NA,NA,NA,NA,NA,NA,NA,NA,NA,NA,NA,NA,NA,NA,NA,NA,NA,NA,NA,NA,NA,NA,NA,NA,NA,NA,NA,NA
Il7,FALSE,TRUE,-0.511596268811561,0.578469383993801,0.833094796606456,Not DE,1.16466515246049,0.00754056656129384,0.0506301300515266,Up after KD,interleukin 7 [Source:MGI Symbol;Acc:MGI:96561],protein_coding,immune response; positive regulation of gene expression; regulation of gene expression; homeostasis of number of cells within a tissue; positive regulation of B cell proliferation; cytokine-mediated signaling pathway; positive regulation of chemokine production; positive regulation of T cell differentiation; positive regulation of organ growth; bone resorption; regulation of peptidyl-tyrosine phosphorylation; positive regulation of cytokine-mediated signaling pathway; T cell lineage commitment; cellular homeostasis; interleukin-7-mediated signaling pathway; negative regulation of catalytic activity; positive regulation of B cell differentiation; signal transduction,0.0032505183003095806,1.0119124076266754,0.9250888763705395,0.3142421717195217,0.0632761406820689,0.4569782885715229,0.4473356105970109,1.0263102627660035,0.0025186649668359155,0.9890689296005313,0.9580937050190855,1.217917079778199,0.40881116404246515,1.2199565725136337,0.296742763441565,0.0036065784432943297,1.2612132489934622,0.11643080078081922,0.4414328245592209,0.1073827097156077,0.7446202860994727,0.6992672762102491,1.0286415205801183,0.0027795397068125687,0.7586109974533872,0.320426996861624,0.6647107327968674,0.14006514284127733,1.395808692398973,0.16385606958644608
Hey1,FALSE,TRUE,0.308301273977589,0.214664348931045,0.539255076679953,Not DE,0.617712826897007,0.00446558453867836,0.0341975852236612,Up after KD,hairy/enhancer-of-split related with YRPW motif 1 [Source:MGI Symbol;Acc:MGI:1341800],protein_coding,regulation of DNA-templated transcription; negative regulation of gene expression; atrioventricular valve morphogenesis; muscle organ development; striated muscle tissue development; Notch signaling pathway; anatomical structure formation involved in morphogenesis; ventricular septum morphogenesis; pulmonary valve morphogenesis; outflow tract morphogenesis; tissue morphogenesis; cardiac epithelial to mesenchymal transition; regulation of neuron differentiation; cardiac ventricle morphogenesis; mesenchymal cell development; negative regulation of transcription by RNA polymerase II; angiogenesis; negative regulation of Notch signaling pathway; negative regulation of DNA-templated transcription; negative regulation of smooth muscle cell differentiation,0.0013321470397401403,1.1374381055540295,0.14779055776123318,0.3703739851247094,0.11211282413408243,0.4077055873691779,0.3852099657446875,1.0275653577075408,0.001712579352137548,1.1186339503953393,0.6148221375328637,1.2561313992130643,0.32818730407725133,1.3892611043857537,0.11598087138969325,0.008755244018641839,1.0090016777144186,0.9323411101384076,0.47841728389359683,0.19738585252576657,0.638039924826596,0.5540284484348933,1.026746745115734,0.005611256685079582,0.8090333603152351,0.4728761864032481,0.6367884134339002,0.10364929177763128,1.2428045404463424,0.3384888684049568
4931440P22Rik,FALSE,TRUE,0.673552549895241,0.30327204454916,NA,Not DE,1.36098777013315,0.0373134170334295,0.159737090153248,Up after KD,RIKEN cDNA 4931440P22 gene [Source:MGI Symbol;Acc:MGI:1918254],transcribed_processed_pseudogene,NA,NA,NA,NA,NA,NA,NA,NA,NA,NA,NA,NA,NA,NA,NA,NA,NA,NA,NA,NA,NA,NA,NA,NA,NA,NA,NA,NA,NA,NA,NA
Crct1,FALSE,TRUE,-0.490373704529428,0.182979881660779,0.497249059635206,Not DE,-0.581581668078369,1.46625489369554e-11,1.49456878129794e-9,Down after KD,cysteine-rich C-terminal 1 [Source:MGI Symbol;Acc:MGI:1921425],protein_coding,NA,0.002995510017208602,0.8192615035088178,0.6508573788311554,0.31447281189628473,0.06301666550345048,0.4618565152236079,0.45360147093753134,1.026411910913984,0.0022900824737134774,1.0025071478170924,0.9904538033866909,1.218108861375149,0.3962890282824834,1.24220762753201,0.2615920973265269,0.005529760493056965,1.572322352119725,0.21476006391944946,0.4446808827561236,0.10764844233055958,0.6682256961549882,0.5950301127565119,1.027376380399269,0.004594135509802451,0.7559269983653754,0.3264178714634538,0.615990181081314,0.08139067268712757,1.2580117118353862,0.31232647253433354
Tdrkh,FALSE,TRUE,-0.257522833738044,0.392638725776443,0.714901129267429,Not DE,-0.634613650849188,0.0216155475002648,0.109597870344396,Down after KD,tudor and KH domain containing protein [Source:MGI Symbol;Acc:MGI:1919884],protein_coding,cell differentiation; spermatogenesis; regulatory ncRNA-mediated gene silencing; piRNA processing; fertilization; male meiotic nuclear division; P granule organization,0.0019445762601092579,0.6873565109381901,0.27518378119296605,0.3061233762732164,0.057605772000755805,0.4421547065023166,0.4287798771424604,1.0275515113315123,0.001757337451121586,1.0424108230660603,0.8453531373380835,1.3354690475275703,0.24257704111480904,1.2714138712874838,0.21874314494018618,0.005325240029677799,0.48747029390423013,0.25857370172841715,0.510311528083024,0.1823704984909059,0.71982016181252,0.6679560223046666,1.0271618651225345,0.0043650805788286,0.7781414644109964,0.3670440701892642,0.6975858258274773,0.21135819425454552,1.329297297429063,0.22710293414878815
Adamtsl4,FALSE,TRUE,0.39042680212861,1.00517791060691e-4,0.00251204124581112,Not DE,0.533551476051284,2.34833495924215e-6,7.15636921599978e-5,Up after KD,ADAMTS-like 4 [Source:MGI Symbol;Acc:MGI:2389008],protein_coding,apoptotic process; extracellular matrix organization; positive regulation of apoptotic process; epithelial cell development,0.002830451123543595,1.3217283486706106,0.5457072173583584,0.26625781629283735,0.05408131027539697,0.42907666378230175,0.41373239325998684,1.026014964633039,0.0025505521176355283,0.9627701033592889,0.85924809110485,1.2218134116053438,0.38867273405716596,1.2183594036942367,0.29866344614527607,0.007278337659727846,1.4840180147599629,0.4801772028551495,0.44199159322360443,0.10674694824903053,0.6457218045917043,0.5631713887165085,1.0266545442122499,0.005143291167645271,0.7360001432811026,0.31413872414352234,0.6336794662674723,0.09864855083569053,1.2228550922903116,0.3778238505476663
Gstm1,TRUE,TRUE,0.755888397400444,7.70942118205717e-11,1.04556674348363e-8,Up after KD,0.916975028929216,4.46836495675143e-16,8.25530425759826e-14,Up after KD,"glutathione S-transferase, mu 1 [Source:MGI Symbol;Acc:MGI:95860]",protein_coding,cellular response to xenobiotic stimulus; lipid metabolic process; xenobiotic catabolic process; prostaglandin metabolic process; glutathione metabolic process; glutathione derivative biosynthetic process,0.0023465174308115308,1.1214970140973797,0.3608377973521013,0.3154418176312639,0.06346189182826725,0.4581870281955092,0.4487616426928978,1.0278417620690312,0.0018374248353394834,1.069743309804719,0.7638682433544353,1.2974799561018828,0.28822169519981916,1.2779525745606295,0.21305770071998692,0.0040312808174411885,0.7949511963800979,0.1564519178491611,0.4416107751283895,0.10260400140753569,0.64390573671816,0.5622049469159016,1.0307309047546402,0.0022715225834182267,0.7647191829181846,0.33992424639823754,0.6486586866602755,0.11699792404642649,1.3176648839573397,0.23164668923656226
Ntng1,FALSE,TRUE,0.401843445556741,0.779517790715962,NA,Not DE,2.67486780031779,0.0335472279350647,NA,Up after KD,netrin G1 [Source:MGI Symbol;Acc:MGI:1934028],protein_coding,nervous system development; cell differentiation; regulation of neuron projection development; synaptic membrane adhesion; regulation of neuron migration; axonogenesis; modulation of chemical synaptic transmission; animal organ morphogenesis; tissue development,0.0029545243888683304,1.1894934160579878,0.6157890044077845,0.3219574306327562,0.06968997018280511,0.39291214011626263,0.38343289245970064,1.0272298984900792,0.0021570065838316045,0.9798679526216518,0.9227531246508024,1.210304506504777,0.41182621015533505,1.2275994353953381,0.28175796015029625,0.003284738539771319,0.582887456404355,0.12080692266725968,0.49483084222637436,0.15619619291794234,0.6194757542935407,0.5271292705622417,1.031391017649066,0.001983745926918469,0.977719691227915,0.9401016989362809,0.7008868133960731,0.20877599855074913,1.32907431954919,0.21625674003418763
Frrs1,FALSE,TRUE,-0.278039892534793,0.0457693088966645,0.229920808376254,Not DE,-0.511306757982295,2.01149502467197e-4,0.0030068163301797,Down after KD,ferric-chelate reductase 1 [Source:MGI Symbol;Acc:MGI:108076],protein_coding,NA,NA,NA,NA,NA,NA,NA,NA,NA,NA,NA,NA,NA,NA,NA,NA,NA,NA,NA,NA,NA,NA,NA,NA,NA,NA,NA,NA,NA,NA,NA
A730020M07Rik,FALSE,TRUE,0.401843574370405,0.735891451487133,0.906719343460166,Not DE,0.617954326672843,0.0213770204113001,0.108808389730182,Up after KD,RIKEN cDNA A730020M07 gene [Source:MGI Symbol;Acc:MGI:2442643],lncRNA,NA,NA,NA,NA,NA,NA,NA,NA,NA,NA,NA,NA,NA,NA,NA,NA,NA,NA,NA,NA,NA,NA,NA,NA,NA,NA,NA,NA,NA,NA,NA
Synpo2,TRUE,TRUE,1.34259687235539,3.52132651577997e-5,0.00107289512827367,Up after KD,0.7061864176862,1.95811219346931e-4,0.00294563849562101,Up after KD,synaptopodin 2 [Source:MGI Symbol;Acc:MGI:2153070],protein_coding,autophagosome assembly; positive regulation of actin filament bundle assembly; positive regulation of cell migration; chaperone-mediated autophagy,NA,NA,NA,NA,NA,NA,NA,NA,NA,NA,NA,NA,NA,NA,NA,NA,NA,NA,NA,NA,NA,NA,NA,NA,NA,NA,NA,NA,NA,NA
Ank2,FALSE,TRUE,0.447858903444247,0.023545434922957,0.151182899410049,Not DE,0.846973991546288,4.0497461905178e-4,0.00525046041191693,Up after KD,"ankyrin 2, brain [Source:MGI Symbol;Acc:MGI:88025]",protein_coding,signal transduction; positive regulation of gene expression; regulation of heart rate; regulation of cardiac muscle cell contraction; regulation of apoptotic process; protein transport; cytoskeleton organization; protein localization to plasma membrane; endocytosis; inorganic ion homeostasis; protein localization; regulation of potassium ion transport; regulation of action potential; regulation of monoatomic cation transmembrane transport; regulation of cardiac muscle contraction; regulation of cardiac muscle contraction by regulation of the release of sequestered calcium ion; regulation of cardiac muscle contraction by calcium ion signaling; regulation of SA node cell action potential; regulation of atrial cardiac muscle cell action potential; regulation of heart rate by cardiac conduction; regulation of release of sequestered calcium ion into cytosol; regulation of calcium ion transport; regulation of ventricular cardiac muscle cell membrane repolarization; cardiac muscle contraction; protein localization to cell surface; T-tubule organization; intracellular calcium ion homeostasis; protein localization to endoplasmic reticulum; ventricular cardiac muscle cell action potential; positive regulation of calcium ion transport; regulation of protein stability; atrial cardiac muscle cell action potential; regulation of AV node cell action potential; atrial septum development; SA node cell action potential; regulation of cardiac muscle cell membrane potential; atrial cardiac muscle cell to AV node cell communication; SA node cell to atrial cardiac muscle cell communication; nervous system development; paranodal junction assembly; response to methylmercury,0.00205827763090549,1.0941931981580366,0.28035210428911933,0.3426535529494983,0.08515622950457365,0.4253632330807506,0.4077060541466602,1.026551727589678,0.0022712361567695976,1.0768396526991453,0.7377482820651783,1.265988786708329,0.31771929948633776,1.268522569018611,0.22142626756344216,0.006137880268583216,1.1065085675985906,0.3339631964843311,0.5011550366420573,0.17555959239136323,0.6567335843268901,0.580951195802718,1.0260975512781247,0.006671814662415354,0.8673866174454937,0.6213207413206094,0.7103119086508939,0.25291697774667293,1.2666997307973658,0.3005324514387173
Lef1,TRUE,TRUE,-1.04011334785601,2.39936179184481e-5,7.8556708479487e-4,Down after KD,-1.01009417815018,5.43700285518321e-4,0.00664809945808545,Down after KD,lymphoid enhancer binding factor 1 [Source:MGI Symbol;Acc:MGI:96770],protein_coding,Wnt signaling pathway; positive regulation of transcription by RNA polymerase II; canonical Wnt signaling pathway; BMP signaling pathway; negative regulation of transcription by RNA polymerase II; regulation of Wnt signaling pathway; regulation of transcription by RNA polymerase II; cell adhesion; cell differentiation; regulation of DNA-templated transcription; tissue development; face morphogenesis; positive regulation of gene expression; negative regulation of DNA-templated transcription; positive regulation of DNA-templated transcription; tongue development; somitogenesis; negative regulation of apoptotic process; positive regulation of cell differentiation; cell chemotaxis; sprouting angiogenesis; cell development; hippocampus development; protein localization to chromatin; dentate gyrus development; positive regulation of gamma-delta T cell differentiation; vasculature development; positive regulation of cell migration; cellular response to cytokine stimulus; negative regulation of interleukin-13 production; odontogenesis of dentin-containing tooth; positive regulation of epithelial to mesenchymal transition; mammary gland development; paraxial mesoderm formation; positive regulation of granulocyte differentiation; embryonic limb morphogenesis; positive regulation of Wnt signaling pathway; negative regulation of interleukin-4 production; trachea gland development; chorio-allantoic fusion; alpha-beta T cell differentiation; B cell proliferation; regulation of neurogenesis; formation of radial glial scaffolds; apoptotic process involved in morphogenesis; anatomical structure regression; epithelial to mesenchymal transition; negative regulation of striated muscle tissue development; branching involved in blood vessel morphogenesis; regulation of cell-cell adhesion; secondary palate development; forebrain radial glial cell differentiation; forebrain neuroblast division; T cell receptor V(D)J recombination; neutrophil differentiation; negative regulation of interleukin-5 production; T-helper 1 cell differentiation; cellular response to interleukin-4; positive regulation of cell proliferation in bone marrow; negative regulation of apoptotic process in bone marrow cell; odontoblast differentiation; positive regulation of cell cycle process; osteoblast differentiation,0.0026130373471655623,0.8636315016043078,0.4588532249504506,0.34270969932709555,0.09009051124959393,0.4357423919363602,0.4208248002955257,1.0266599504478873,0.0021058746739995183,0.9960875796767266,0.9849405986951572,1.1572583911057428,0.5456550591681247,1.2015753299207788,0.33617911176462867,0.00630968491926832,1.3259598798720214,0.35074085906962726,0.5371590578862114,0.23254689329188388,0.7386054434430998,0.6942725797021855,1.028889043399639,0.00394080089480619,0.8180351416786547,0.4705095599927799,0.6842274699031899,0.1856167499257796,1.2916399725644632,0.26717467030191794
Dkk2,FALSE,TRUE,0.457208350600749,0.610972731480048,NA,Not DE,1.21898308111634,0.0346385848890678,0.152029186239175,Up after KD,dickkopf WNT signaling pathway inhibitor 2 [Source:MGI Symbol;Acc:MGI:1890663],protein_coding,multicellular organism development; negative regulation of Wnt signaling pathway; Wnt signaling pathway; negative regulation of canonical Wnt signaling pathway; positive regulation of canonical Wnt signaling pathway,0.0017328779769229727,0.8361997220118983,0.2296534622225448,0.29398533800701854,0.05033915438848968,0.47140367727095395,0.4654630521637644,1.0252305929583498,0.003384896547737157,1.0656356475540585,0.7678207180788009,1.1885662095912006,0.45857432864865355,1.2136543311083539,0.3092865960247134,0.008377209933314464,1.0504974993613667,0.7215184139569834,0.4621955002665936,0.12463486521073373,0.6425285952034113,0.559334283227257,1.0261306153295788,0.006775793073412264,0.7921790501917643,0.4039526438953466,0.6212591401157483,0.09416006325058178,1.231727313959634,0.3591216960303249
Fbxl4,FALSE,TRUE,-0.026311914745616,0.906782806189535,0.969145185589834,Not DE,0.509188561901391,0.0249285205375331,0.120751670149853,Up after KD,F-box and leucine-rich repeat protein 4 [Source:MGI Symbol;Acc:MGI:2140367],protein_coding,mitophagy; SCF-dependent proteasomal ubiquitin-dependent protein catabolic process; autophagy of mitochondrion,1.8936327501708708e-5,0.4969290114702724,7.618610414220306e-4,0.39215935369024274,0.13642978364182218,0.40754162069257915,0.38472777333784153,1.033460916260099,2.181012606705652e-4,1.1378320755079465,0.5421306131641882,1.2097322508159518,0.4137903514572673,1.208887706192102,0.33588705289120124,0.00754038397975539,0.8433518891054517,0.528423723518489,0.4823290370704189,0.15046535240501566,0.6717943790404447,0.601714763305691,1.0267868416809163,0.005621072492335729,0.8078833721456435,0.44068312822346073,0.6452583159593209,0.11306138889215261,1.2533232735508477,0.3197334248016325
Pnrc1,TRUE,TRUE,0.552806623517547,9.81316106580814e-8,6.38199790718434e-6,Up after KD,0.712747935385384,4.95718623565076e-18,1.17227540100669e-15,Up after KD,proline-rich nuclear receptor coactivator 1 [Source:MGI Symbol;Acc:MGI:1917838],protein_coding,mRNA metabolic process,0.0030659984748084533,0.8933530462379939,0.692631934973253,0.30851077176404756,0.060194798659408466,0.4706746564193191,0.46591526458163285,1.026732678787959,0.0022252623356081138,1.008780586733474,0.96720941050233,1.2057972275355033,0.42206638653085876,1.2271427096171328,0.2826551207228362,0.007224951286709048,1.2511709577840595,0.48149794565530685,0.5243728593748521,0.21443018713281467,0.6115674777591134,0.5186510065499766,1.0268161609565734,0.0049753540505925445,0.7733571468203498,0.3610243104532421,0.6391202804923409,0.10612483814442242,1.222922768907044,0.37691553756588075
Igfbpl1,FALSE,TRUE,-0.17977538076701,0.672168798143455,0.878607099688923,Not DE,1.75248350761151,0.00166430666522665,0.0162098533852059,Up after KD,insulin-like growth factor binding protein-like 1 [Source:MGI Symbol;Acc:MGI:1933198],protein_coding,regulation of cell growth; signal transduction; regulation of signal transduction; cellular response to tumor cell,NA,NA,NA,NA,NA,NA,NA,NA,NA,NA,NA,NA,NA,NA,NA,NA,NA,NA,NA,NA,NA,NA,NA,NA,NA,NA,NA,NA,NA,NA
Abca1,TRUE,TRUE,0.877360072707681,1.89714246854295e-4,0.00426224674599316,Up after KD,0.692690579444236,1.19869797561875e-4,0.00195188838159229,Up after KD,"ATP-binding cassette, sub-family A member 1 [Source:MGI Symbol;Acc:MGI:99607]",protein_coding,"transmembrane transport; G protein-coupled receptor signaling pathway; cellular response to lipopolysaccharide; lysosome organization; cholesterol metabolic process; phagocytosis, engulfment; cellular response to retinoic acid; endosomal transport; phospholipid homeostasis; phospholipid translocation; adenylate cyclase-activating G protein-coupled receptor signaling pathway; phospholipid transport; cholesterol efflux; cholesterol homeostasis; reverse cholesterol transport; lipoprotein metabolic process; lipoprotein biosynthetic process; cholesterol transport; protein lipidation; protein secretion; export across plasma membrane; lipid translocation; intracellular cholesterol transport; regulation of Cdc42 protein signal transduction; high-density lipoprotein particle assembly; peptide secretion; response to nutrient; response to xenobiotic stimulus; positive regulation of cholesterol efflux; signal release; response to nutrient levels; response to vitamin B3; response to laminar fluid shear stress; apolipoprotein A-I-mediated signaling pathway; platelet dense granule organization; cellular response to cytokine stimulus; cellular response to cholesterol; cellular response to xenobiotic stimulus; protein transmembrane transport; positive regulation of high-density lipoprotein particle assembly; sphingolipid translocation",4.55381084859772e-5,1.2532630948982484,0.0022466804559170147,0.42594344869868594,0.16617224050988452,0.3822280463237639,0.3515195725786955,1.0268246666180694,0.0016170202470682943,0.9650546354498097,0.8654228617416843,1.3798372776734613,0.17162650087632608,1.4729269285580673,0.05672032501319274,0.008571867817961046,1.0373218396650565,0.8036277677915278,0.4773672644675395,0.14624328653065016,0.6335430793713602,0.5478253705614315,1.0262339657485882,0.006884960060998564,0.794326256426853,0.41051273447945413,0.6489403410025985,0.13417227067640025,1.248360678542703,0.3301374400536921
Rgs3,TRUE,TRUE,-0.828769598931046,0.0447599162905496,0.227966834875178,Down after KD,1.07780491940165,0.0105104424639377,0.0650997756383442,Up after KD,regulator of G-protein signaling 3 [Source:MGI Symbol;Acc:MGI:1354734],protein_coding,negative regulation of signal transduction; G protein-coupled receptor signaling pathway,0.0030695650640183386,0.9100342772516385,0.695160387318656,0.3118011736708018,0.060810435800891335,0.4676214876329353,0.4616193190613983,1.0256500076284123,0.0035314031739588094,1.0130323309873577,0.952073336474432,1.1941491658846,0.4510516259887282,1.2206981312287852,0.29392734905359674,0.00834689638322833,0.9200546451010281,0.7162250109297652,0.4598844743108722,0.12391949382821651,0.6253848949997498,0.5370569408342977,1.02660805266239,0.005597521114983014,0.8254594243070988,0.5059462897267504,0.6387016596039234,0.1050826573256473,1.225430498991706,0.37534380514933535
Adamtsl1,FALSE,TRUE,-0.724606161624248,0.476640012156795,0.767783431941254,Not DE,1.2138982398681,0.00363259190133332,0.0291395974500442,Up after KD,ADAMTS-like 1 [Source:MGI Symbol;Acc:MGI:1924989],protein_coding,extracellular matrix organization,NA,NA,NA,NA,NA,NA,NA,NA,NA,NA,NA,NA,NA,NA,NA,NA,NA,NA,NA,NA,NA,NA,NA,NA,NA,NA,NA,NA,NA,NA
Cyp2j6,FALSE,TRUE,-0.0658147678400034,0.679130736594663,0.881815800432011,Not DE,0.58348602593154,2.93506407558862e-4,0.00404566507156191,Up after KD,"cytochrome P450, family 2, subfamily j, polypeptide 6 [Source:MGI Symbol;Acc:MGI:1270148]",protein_coding,linoleic acid metabolic process; organic acid metabolic process; icosanoid metabolic process; xenobiotic metabolic process; epoxygenase P450 pathway,0.0024227294631409824,1.081057984550389,0.38516089075080867,0.3336714791408722,0.07901096072117042,0.5132025703374418,0.5211343235385153,1.0269095228435625,0.0018907219375641588,1.020260337170249,0.9244792712251786,1.2432739555622305,0.3556662789176152,1.272092201667563,0.2213663943798157,0.008309755096203247,0.9598327580051375,0.7053443348740962,0.45528148610507335,0.12013517191553733,0.6356518125705779,0.5499115287584545,1.026071425239283,0.007126823367413464,0.8033039786923134,0.42834837723712743,0.6323589413122531,0.09739383766642246,1.2375783694956428,0.3460170156387414
Nfia,FALSE,TRUE,0.332010940184173,0.0247393577708379,0.155981920094474,Not DE,0.531213306810874,1.09720677560228e-5,2.59987433160749e-4,Up after KD,nuclear factor I/A [Source:MGI Symbol;Acc:MGI:108056],protein_coding,regulation of DNA-templated transcription; positive regulation of DNA-templated transcription; DNA replication; gene expression; positive regulation of transcription by RNA polymerase II; response to wounding; BMP signaling pathway; retina development in camera-type eye; cell morphogenesis; cartilage development; regulation of transcription by RNA polymerase II; neurogenesis; neuron fate specification; limb morphogenesis; neural precursor cell proliferation; generation of neurons; glial cell proliferation; glial cell fate specification; synapse maturation; ureter development,NA,NA,NA,NA,NA,NA,NA,NA,NA,NA,NA,NA,NA,NA,NA,NA,NA,NA,NA,NA,NA,NA,NA,NA,NA,NA,NA,NA,NA,NA
Ror1,FALSE,TRUE,-0.125106119732888,0.69858462670156,0.890629328619517,Not DE,0.653343713038614,0.0194203825880517,0.101784842074966,Up after KD,receptor tyrosine kinase-like orphan receptor 1 [Source:MGI Symbol;Acc:MGI:1347520],protein_coding,protein phosphorylation; cell surface receptor protein tyrosine kinase signaling pathway; sensory perception of sound; Wnt signaling pathway; positive regulation of canonical NF-kappaB signal transduction; inner ear development; cell population proliferation; astrocyte development,0.0026356895706357215,1.1503852874602074,0.45882757137016905,0.27121581497915986,0.047499142868075675,0.4565425190331214,0.4467391599793797,1.0266212693522216,0.0021289921295187036,1.0056356935614783,0.9785441221421711,1.2628114652372604,0.3291373871938157,1.2362552274330778,0.2677716533035943,0.008753970536551706,0.9869743025096535,0.9306904037010632,0.4728038294764917,0.14889793912300064,0.6386532905019568,0.5543820270545619,1.0267408908232951,0.005538925456600233,0.8015225809960267,0.42449801297956785,0.6351667294446243,0.10062165931455302,1.2442474706449884,0.3382265048495146
Raver2,FALSE,TRUE,0.88274148558744,0.489751694864068,NA,Not DE,1.70240128469552,0.0216963262717243,NA,Up after KD,"ribonucleoprotein, PTB-binding 2 [Source:MGI Symbol;Acc:MGI:2443623]",protein_coding,NA,0.001781149046663765,0.5985072079824454,0.22419179127426284,0.2820094537329572,0.044976181240672757,0.3952421561932057,0.37057152627064444,1.0253945635627832,0.003291454474225006,1.0359987387093434,0.8669561341202963,1.293050421192517,0.2789746057196471,1.249296052895063,0.24430336808856504,0.006477858278273433,1.8999300026727033,0.3692513532400211,0.48698527838857175,0.15327766886122932,0.6720006193440393,0.5996038038683028,1.0274495332741735,0.004525960920726314,0.7582055302317781,0.33127142700004286,0.6207455674706354,0.08595338938699744,1.2362586892803449,0.34984049055324123
Pde4b,FALSE,TRUE,-0.483861953397531,0.00217329676052011,0.0290845165749027,Not DE,-0.788916884211961,2.75149675330371e-9,1.81752500620464e-7,Down after KD,"phosphodiesterase 4B, cAMP specific [Source:MGI Symbol;Acc:MGI:99557]",protein_coding,signal transduction; cellular response to lipopolysaccharide; regulation of cardiac muscle cell contraction; cellular response to xenobiotic stimulus; cAMP catabolic process; neutrophil homeostasis; neutrophil chemotaxis; leukocyte migration; positive regulation of type II interferon production; positive regulation of interleukin-2 production; cellular response to epinephrine stimulus; negative regulation of adenylate cyclase-activating adrenergic receptor signaling pathway; regulation of calcium ion transmembrane transport via high voltage-gated calcium channel,3.347138218197341e-4,1.2237736610750203,0.020342921902036067,0.30156386366293375,0.054855874439049,0.36145370042817404,0.32594428385872015,1.0257729661085426,0.0030720429550370114,1.2750947845991596,0.29651148675597955,1.3917490781377821,0.16692925860984156,1.2425932071139414,0.25836640566720787,0.007585112049338797,0.9440239214776427,0.5350065333899708,0.416155391821204,0.10554904596508823,0.6449684279475663,0.5614640803747283,1.0264000694266446,0.00600586810268023,0.7571746498346177,0.3414766409669803,0.6002223616993709,0.07980122992728506,1.2379051623541846,0.3455998989782776
Tmem53,FALSE,TRUE,0.132165545382788,0.661810044754607,0.875111696266763,Not DE,0.79136926284508,2.54728109866929e-5,5.38802356183644e-4,Up after KD,transmembrane protein 53 [Source:MGI Symbol;Acc:MGI:1916027],protein_coding,biological_process; negative regulation of BMP signaling pathway; negative regulation of osteoblast differentiation; negative regulation of ossification; regulation of nucleocytoplasmic transport,6.228934307427318e-4,0.6203440540474838,0.046188036123431926,0.2842107709130751,0.045541667445481056,0.36442785689639484,0.3302844107758648,1.0254156397343723,0.0032399174183960124,0.8873421164698612,0.5814697061170376,1.1220765716689591,0.6262253954228695,1.2307304234505256,0.27759099870361464,0.008270763354403196,0.8757731354550196,0.693386734031294,0.4976545255367928,0.1838798350321028,0.6763430951486167,0.6120849058552567,1.0264227663496412,0.005763777094604053,0.802151803854791,0.4262874444945611,0.6241319254729664,0.09269506455336217,1.2315604494005337,0.3596219697927213
Gjb4,FALSE,TRUE,-0.0281358150570754,0.833428391189821,0.946460627196982,Not DE,-0.536590572898706,0.0150947444979504,0.0848290204105351,Down after KD,"gap junction protein, beta 4 [Source:MGI Symbol;Acc:MGI:95722]",protein_coding,cell communication; transmembrane transport; sensory perception of smell; cell-cell signaling; olfactory behavior; gap junction-mediated intercellular transport,0.001656273863363132,0.5789388061265764,0.20139772653664975,0.2809670315498679,0.04479737451153114,0.4161694657608173,0.39601281281697925,1.0245458225989434,0.004959942124587184,0.9799060830848928,0.9224721010452738,1.2924186541135345,0.2800983921934046,1.1961929322738367,0.34770987835924466,0.005257133219280552,1.9438279193970929,0.24662645130550506,0.4486617474803432,0.11104534378239779,0.6084847648279106,0.5132032968903221,1.0263792973435353,0.005840440234122118,0.7960721803987678,0.41104550039028487,0.6530430970890178,0.12557326150772966,1.243087605134197,0.339289438051273
Epb41,FALSE,TRUE,0.330094830155025,0.054332044068841,0.253995357486478,Not DE,0.593501962162831,0.0101510543223522,0.0636532612933965,Up after KD,erythrocyte membrane protein band 4.1 [Source:MGI Symbol;Acc:MGI:95401],protein_coding,cortical actin cytoskeleton organization; cell division; regulation of calcium ion transport; protein-containing complex assembly; positive regulation of protein localization to cell cortex; actin cytoskeleton organization; regulation of cell shape; actomyosin structure organization; regulation of intestinal absorption,0.0012603502822137978,0.23791929392643454,0.12981413084547808,0.3586611969110887,0.1001356601359211,0.48260436085319636,0.4799331787575112,1.0276033498426203,0.0014148739942639094,1.0132332063323342,0.9496287660923936,1.2497477896551348,0.3407027916905795,1.2332166432964293,0.2708871433873058,0.004147795825752033,4.1499082372283755,0.15444120738124448,0.39760871631785727,0.07315726444235655,0.5184861224485379,0.3947835801410525,1.0242727900768305,0.011064839288753497,0.7755602691870004,0.36213030310762706,0.5294478418314972,0.03821444529933148,1.1439326419820162,0.5680275518424706
Man1c1,FALSE,TRUE,0.0398838598303632,0.823178697976067,0.941740049115393,Not DE,0.782657931035709,8.16277880772297e-4,0.00928730696900493,Up after KD,"mannosidase, alpha, class 1C, member 1 [Source:MGI Symbol;Acc:MGI:2446214]",protein_coding,carbohydrate metabolic process; N-glycan processing; ERAD pathway; mannose metabolic process; proteoglycan biosynthetic process,0.001093419281457471,1.1104565505780786,0.10382442961639533,0.39136708812094045,0.13597792818593119,0.4127024485397918,0.3911510667174367,1.0280217880783336,0.0012444595457305847,0.9870476403051495,0.9500986409221703,1.351598613658743,0.21135504282575496,1.3568602852289409,0.12946996336584027,0.005223892548861194,0.8996827509792042,0.23417418586380204,0.34489033031698774,0.05899901908842157,0.575725600834768,0.4687640479636944,1.0266763437024176,0.0045830452906758384,0.8460972529026416,0.5495091560662285,0.5857553803026757,0.05979742254243771,1.2363960615169607,0.3455811484467785
Id3,FALSE,TRUE,0.181452508648429,2.00177798328966e-7,1.18110259896441e-5,Not DE,0.527067023414761,4.97115808261554e-54,9.79649552814102e-51,Up after KD,inhibitor of DNA binding 3 [Source:MGI Symbol;Acc:MGI:96398],protein_coding,negative regulation of transcription by RNA polymerase II; negative regulation of DNA-templated transcription; negative regulation of osteoblast differentiation; negative regulation of gene expression; heart development; rhythmic process; cell differentiation; circadian rhythm; central nervous system development; muscle organ development; positive regulation of gene expression; neuron differentiation; negative regulation of cell differentiation; negative regulation of myoblast differentiation; positive regulation of apoptotic process; regulation of nucleobase-containing compound metabolic process; metanephros development; odontogenesis; regulation of DNA replication; epithelial cell differentiation; notochord development; cellular response to leptomycin B,0.002461191749906841,0.9189650405609331,0.39668198851020525,0.3010804524237559,0.05445683719295904,0.45948822532546807,0.4504162631260836,1.025016536065429,0.004141473522494899,0.9260398390315833,0.7309960328764824,1.1653099055997833,0.5200811764696207,1.158211661056252,0.4628161237962882,0.0016094673777266974,0.7733600300975345,0.03434740256217713,0.2794430639277133,0.024719353035746534,0.7308574982049494,0.6799589109719026,1.0323876720743268,9.906387242765225e-4,0.8101953804732286,0.44709791854424386,0.6898151662537504,0.1808199207122488,1.2940697252802607,0.25485707175737493
E2f2,FALSE,TRUE,-0.234448403773108,0.379401506395685,0.706044871590764,Not DE,-0.732378446428676,0.0366107389186464,0.158034621782336,Down after KD,E2F transcription factor 2 [Source:MGI Symbol;Acc:MGI:1096341],protein_coding,regulation of DNA-templated transcription; regulation of transcription by RNA polymerase II; regulation of cell cycle; positive regulation of transcription by RNA polymerase II; intrinsic apoptotic signaling pathway by p53 class mediator; negative regulation of sprouting angiogenesis; lens fiber cell apoptotic process,7.671741761715819e-4,0.3256204285033465,0.060005490550908785,0.3334053812112698,0.07724127654921539,0.3668733629937114,0.33371074320931327,1.0252008961318864,0.0036542721180170936,1.0587334600827683,0.7862245644388819,1.4332479214121072,0.14807158934192866,1.2186467988325984,0.2992864361889686,0.00358363176732507,3.0748748338317435,0.119982763005666,0.42922796543215164,0.09563672825650667,0.5670672307327603,0.45508854595901643,1.0272118687806169,0.0041908319330332565,0.8248579899982643,0.48625243773312615,0.569777920250477,0.05198816199250299,1.2341534491636814,0.35568177265444745
Vwa1,FALSE,TRUE,0.588558050374071,0.331599418358238,0.666511994642379,Not DE,1.19564357449216,3.54021710527872e-5,7.13109489826502e-4,Up after KD,von Willebrand factor A domain containing 1 [Source:MGI Symbol;Acc:MGI:2179729],protein_coding,extracellular matrix organization; behavioral response to pain; protein homooligomerization,0.002752477907077849,1.0928454573751283,0.5114138237647986,0.3379955157417609,0.08536111304141426,0.4630343753032114,0.4549282465655513,1.0261277159565216,0.002573916135332128,0.9903159756876554,0.9626792668825946,1.250231405952015,0.3473746226362285,1.2064235535521086,0.32553773646117995,0.007185440908505164,1.0969407879073174,0.46819464465992633,0.4970275742283555,0.16953914738294665,0.6740138299422265,0.6031709089994127,1.0281780175962458,0.004361347439475936,0.7976975756418732,0.41433553893794817,0.6449695958377499,0.1126585514052486,1.2850647517638862,0.2786378574875413
Mxra8,FALSE,TRUE,0.166101078038668,0.00608011679307909,0.0607520025658872,Not DE,0.651276027148044,2.22549329079777e-37,2.19285272253274e-34,Up after KD,matrix-remodelling associated 8 [Source:MGI Symbol;Acc:MGI:1922011],protein_coding,cell adhesion; cell differentiation; establishment of glial blood-brain barrier,0.002652078656354039,1.0860083831772003,0.4702527225931866,0.35974307792397875,0.11357222364115548,0.4907555950224134,0.49179621221960634,1.0269892868993562,0.0020424957868910867,0.96897626107955,0.8811062268732714,1.2698568751274462,0.32113377407002547,1.260995151205077,0.23572651062860506,0.004212294394302027,1.231033987557811,0.17411041608214353,0.4626978634854964,0.12251743449688836,0.669942486512147,0.5968045582271075,1.025106356232358,0.00965353067207894,0.6967634792436308,0.2248507231611354,0.6704431991913866,0.15170213083547657,1.2882431316751317,0.2682135169144417
Cdk6,FALSE,TRUE,-0.123779594911571,0.205075692583838,0.526183607981165,Not DE,-1.07090128820775,2.28168715406402e-18,5.8649280238376e-16,Down after KD,cyclin dependent kinase 6 [Source:MGI Symbol;Acc:MGI:1277162],protein_coding,protein phosphorylation; regulation of cell population proliferation; cell dedifferentiation; positive regulation of gene expression; hematopoietic stem cell differentiation; negative regulation of transcription by RNA polymerase II; cell differentiation; cell division; signal transduction; DNA damage response; hematopoietic progenitor cell differentiation; G1/S transition of mitotic cell cycle; regulation of gene expression; negative regulation of osteoblast differentiation; positive regulation of fibroblast proliferation; Notch signaling pathway; positive regulation of cell-matrix adhesion; negative regulation of cell cycle; negative regulation of epithelial cell proliferation; G2/M transition of mitotic cell cycle; negative regulation of monocyte differentiation; T cell differentiation in thymus; regulation of erythrocyte differentiation; type B pancreatic cell development; gliogenesis; negative regulation of myeloid cell differentiation; hemopoiesis; regulation of cell cycle; response to virus,0.0020362400415010165,1.437254449182457,0.2657953077428828,0.28953050605265157,0.049089474029613264,0.36525460373680446,0.33715870560825933,1.0256793964861235,0.0033498066339557593,1.0205663324662846,0.9226533810033677,1.2629833144582188,0.3206731378130149,1.2181998934430835,0.29784257880160436,0.00877945004189092,1.00043370191791,0.9992639295912479,0.4673666728997685,0.1340581752974314,0.6406970266421961,0.5585585713770841,1.026645952587367,0.005429979380509414,0.80201417580268,0.42784669304918954,0.6355214730634074,0.10598092527959152,1.2411182706421424,0.34260404726332494
Abcb1b,FALSE,TRUE,-0.392510110866083,5.89627499873257e-4,0.0102778172822735,Not DE,-0.63205606639709,5.55812513362921e-5,0.00105657992893942,Down after KD,"ATP-binding cassette, sub-family B member 1B [Source:MGI Symbol;Acc:MGI:97568]",protein_coding,transmembrane transport; gene expression; tissue homeostasis; lipid transport; lipid translocation; response to xenobiotic stimulus; proteasomal protein catabolic process; neurogenesis; phospholipid translocation; adult heart development; xenobiotic transport; neuron differentiation; export across plasma membrane; protein acetylation; response to toxic substance; epidermal growth factor receptor signaling pathway; G2/M transition of mitotic cell cycle; exploration behavior; neural tissue regeneration; transepithelial transport; carboxylic acid transmembrane transport; female gonad development; aldosterone secretion; establishment of endothelial blood-brain barrier; Sertoli cell barrier remodeling; stem cell proliferation; ceramide translocation,0.003260892352214418,1.0028624871322234,0.9785566217714662,0.31430487088045006,0.0647321082014698,0.4577798355594903,0.4519093608580353,1.026237018668539,0.0024540341737404126,0.9946322618988231,0.9825313673832982,1.2149232724717998,0.43823908784298954,1.2227077824140853,0.2973664072495427,0.008127674365371146,0.9485462030438836,0.6540022900062854,0.42072422172158486,0.1193462466594698,0.6158887870497685,0.5267412489081608,1.0252012641430597,0.012459170649498901,0.7829359204787689,0.38432582642899515,0.6058364811727966,0.09112682032730217,1.225016439197331,0.373702099896274
Mapre3,TRUE,TRUE,0.632811801345913,4.79964269680319e-8,3.42159143789412e-6,Up after KD,0.516312202444369,1.36426250408494e-6,4.48084440230566e-5,Up after KD,"microtubule-associated protein, RP/EB family, member 3 [Source:MGI Symbol;Acc:MGI:2140967]",protein_coding,cell division; regulation of microtubule polymerization; spindle assembly; positive regulation of dendritic spine morphogenesis; protein localization to microtubule; regulation of microtubule polymerization or depolymerization; positive regulation of DNA-templated transcription; behavioral response to cocaine,7.308886376754071e-4,1.6376349586318777,0.04737712601116803,0.33004196963663773,0.07254524531675909,0.5845993402865407,0.6056698336690648,1.029088680933424,0.0011350554629224214,1.029190530137355,0.8907276131140472,1.1420833029957624,0.5715159793476055,1.2137612313433115,0.3099573312798387,0.0054009767877487335,1.3780098702560273,0.24696241158322363,0.46046954317562244,0.12571660981747748,0.640315675357053,0.5562861663669872,1.0276297349122394,0.004488433155544961,0.8184659187244209,0.47046392923119434,0.6215058971135504,0.08590447148123394,1.2669736568291472,0.2970566144127402
Emilin1,FALSE,TRUE,1.28820738149606,1.47610944088407e-25,9.11989616226208e-23,Up after KD,0.948692295078699,4.05515020246832e-21,1.37888393532868e-18,Up after KD,elastin microfibril interfacer 1 [Source:MGI Symbol;Acc:MGI:1926189],protein_coding,positive regulation of gene expression; negative regulation of gene expression; negative regulation of collagen biosynthetic process; negative regulation of angiogenesis; negative regulation of transforming growth factor beta receptor signaling pathway; negative regulation of ERK1 and ERK2 cascade; negative regulation of macrophage migration; cell adhesion; cell migration; extracellular matrix organization; cell-matrix adhesion; positive regulation of defense response to bacterium; negative regulation of cell migration; negative regulation of SMAD protein signal transduction; positive regulation of cell-substrate adhesion; negative regulation of vascular endothelial growth factor receptor signaling pathway; aortic valve morphogenesis; positive regulation of apoptotic process; regulation of blood pressure; regulation of cell population proliferation; positive regulation of angiogenesis; elastic fiber assembly; negative regulation of cell activation,0.0011866490029158237,1.2488449615313904,0.10413800359039914,0.3363995305192511,0.07867155466486273,0.4106481790937735,0.38854786816663345,1.0267813025218264,0.0024998864757050454,0.9054741128072421,0.6452843661395801,1.3229237504475906,0.24245918734692465,1.1910247413495887,0.3606155984734576,0.004716311667431982,1.2179057120696737,0.1977380417674118,0.4966222730858481,0.1644946592897607,0.6657835335736084,0.5928672798475241,1.0262153220064694,0.006066336144220059,0.7246931797890851,0.2681523608430777,0.6579775635383328,0.13108773736214127,1.245691391457039,0.33034777087301614
Fgfbp1,FALSE,TRUE,-0.380053758431895,0.63034999595012,0.860877109782794,Not DE,1.12200701478644,0.00803439824927753,0.0531015790382658,Up after KD,fibroblast growth factor binding protein 1 [Source:MGI Symbol;Acc:MGI:1096350],protein_coding,positive regulation of cell population proliferation; positive regulation of cell migration involved in sprouting angiogenesis; cell-cell signaling; positive regulation of fibroblast growth factor receptor signaling pathway,0.0027808120673429963,1.0773274680773606,0.5011465340846505,0.3084740866729645,0.059351400163930756,0.46825270455790285,0.4619341929633669,1.026911575497366,0.0020996817013560357,0.9734228822618732,0.8980721938319854,1.1932875017933486,0.4499749506105087,1.2045814211178882,0.3313386707852563,0.004253576385911429,1.173910418740441,0.12301615202055095,0.3596898156512308,0.05882025584139647,0.6561010733454964,0.578657931799722,1.027854294640536,0.00405307844185459,0.7616168972997928,0.33328196079304073,0.6388816897689205,0.10489568470373614,1.29153726704113,0.26379723251308
Hopx,TRUE,TRUE,1.90527833270534,1.23714907019276e-6,5.98188469983202e-5,Up after KD,0.852598731547724,8.00694669114244e-27,3.78696550704273e-24,Up after KD,HOP homeobox [Source:MGI Symbol;Acc:MGI:1916782],protein_coding,cell differentiation; negative regulation of cell differentiation; positive regulation of skeletal muscle tissue regeneration; heart development; negative regulation of transcription by RNA polymerase II; regulation of transcription by RNA polymerase II; lung alveolus development; regulation of heart contraction; trophectodermal cell differentiation; positive regulation of striated muscle cell differentiation,8.480436649566838e-4,1.137074495651754,0.06849185911994235,0.5072253206948183,0.2964637426923564,0.434296773316356,0.41823966506055815,1.0251162115197443,0.0036523597335287646,1.1872131183391037,0.45483873460424373,1.5979843701768965,0.0876586735196182,1.2932811063747596,0.181266486971034,0.0030160358229489445,0.8974741883932454,0.08644457732485394,0.3190435789939267,0.04252709150372844,0.5379794294866059,0.4212098389684607,1.0253101061358374,0.006961859280774809,0.6948275138341954,0.20551482493119783,0.48012367420301705,0.02446962395678737,1.2303766639264007,0.35790859593785296
Spink2,FALSE,TRUE,-1.09930530651652,0.0854552374050724,NA,Not DE,-1.34581148745077,0.025545483186237,0.122812116129426,Down after KD,"serine peptidase inhibitor, Kazal type 2 [Source:MGI Symbol;Acc:MGI:1917232]",protein_coding,spermatid development; spermatogenesis; apoptotic process; cell differentiation; male gonad development; fertilization; acrosome assembly; seminiferous tubule development; positive regulation of apoptotic process; negative regulation of serine-type endopeptidase activity; male germ cell proliferation,0.001120024917391941,0.6690873859232114,0.13211605279555602,0.330159823128414,0.07448350757741248,0.43010018419363066,0.4133459618484027,1.027463718839185,0.0016150534818626361,0.9584224057640368,0.8389667543163073,1.1430395122031725,0.5671617673270781,1.2678027657754019,0.2166722736211904,0.008592099075701656,0.9107039043338535,0.8133858788550398,0.47013704815821683,0.1327246881257485,0.6480484447895319,0.5683293847716981,1.0261063115301532,0.007876240261571533,0.788172114585269,0.4055508544629271,0.6267510274279039,0.09807238387105509,1.239650360750858,0.3426770161792084
Ereg,TRUE,TRUE,-0.671588795649583,3.16165409512399e-9,3.1393531421316e-7,Down after KD,-0.556534864354349,5.39392555122255e-4,0.00661595183793106,Down after KD,epiregulin [Source:MGI Symbol;Acc:MGI:107508],protein_coding,negative regulation of cell population proliferation; cell differentiation; animal organ development; positive regulation of multicellular organismal process; positive regulation of interleukin-6 production; angiogenesis; cytokine-mediated signaling pathway; anatomical structure morphogenesis; positive regulation of cytokine production; negative regulation of DNA-templated transcription; positive regulation of cell population proliferation; animal organ morphogenesis; positive regulation of cell division; epidermal growth factor receptor signaling pathway; positive regulation of smooth muscle cell proliferation; oocyte maturation; cell-cell signaling; positive regulation of innate immune response; positive regulation of DNA replication; positive regulation of fibroblast proliferation; ovarian cumulus expansion; positive regulation of phosphorylation; positive regulation of protein kinase activity; ERBB4-ERBB4 signaling pathway; ERBB2-EGFR signaling pathway; positive regulation of mitotic nuclear division; luteinizing hormone signaling pathway; keratinocyte proliferation; mRNA transcription; ERBB2-ERBB4 signaling pathway; female meiotic nuclear division; ovulation; response to peptide hormone; primary follicle stage; negative regulation of smooth muscle cell differentiation,5.860167488136523e-4,0.6153495008062807,0.08804491480337807,0.49828528022136753,0.26082254081776185,0.4015166473912397,0.3766467062019735,1.0255091470885827,0.003619980619471738,1.1022341752055482,0.6565339109972801,1.328680243138751,0.22515880398268742,1.261683237445316,0.22343021742650648,0.005532886091368712,1.111097662718091,0.24300945378565852,0.39796346961284174,0.0813816771666325,0.6535953539614731,0.574652143017257,1.0255978691374297,0.007790647241349615,0.7247994645152029,0.2761066896531818,0.6269914454355947,0.09181647005312889,1.2962520559323858,0.2593154648565038
Areg,TRUE,TRUE,-0.745015106709276,1.74200236511806e-17,4.8432020756195e-15,Down after KD,-1.21811476559742,7.49811882039784e-12,7.98718530922379e-10,Down after KD,amphiregulin [Source:MGI Symbol;Acc:MGI:88068],protein_coding,positive regulation of cell population proliferation; G protein-coupled receptor signaling pathway; epidermal growth factor receptor signaling pathway; neuron projection development; negative regulation of osteoblast differentiation; response to glucocorticoid; positive regulation of peptidyl-tyrosine phosphorylation; positive regulation of phosphorylation; mammary gland branching involved in thelarche; mammary gland alveolus development; response to estradiol; ERBB2-EGFR signaling pathway; epithelial cell proliferation involved in mammary gland duct elongation; dichotomous subdivision of terminal units involved in mammary gland duct morphogenesis; glial cell proliferation; response to hydrogen peroxide; response to peptide hormone; response to cAMP,0.0025309850883316626,0.8819902011804185,0.4315239061433744,0.3488845020085123,0.09693582658701541,0.43724497866716794,0.4226368957243922,1.0260291726472381,0.0025944455989475447,1.070641029068791,0.7649026818662876,1.2504117226961962,0.3427123547485906,1.24801123699302,0.24853666855891327,0.003856900214810919,1.3544461545847368,0.1315327484435224,0.37028873160904674,0.06519428722837252,0.7040539357928398,0.6439923287111222,1.0277265811631702,0.004004494943003863,0.7248343478953453,0.2627854355850201,0.6295688374818184,0.09494138984771405,1.2299440331340867,0.36352091024519967
Btc,FALSE,TRUE,-0.624118952388131,0.119446324995445,0.395463703564853,Not DE,-1.20223744808071,0.0371911085033577,0.159562585226335,Down after KD,"betacellulin, epidermal growth factor family member [Source:MGI Symbol;Acc:MGI:99439]",protein_coding,negative regulation of apoptotic process; positive regulation of cell population proliferation; positive regulation of cell division; epidermal growth factor receptor signaling pathway; positive regulation of fibroblast proliferation; positive regulation of cell differentiation; ERBB4-ERBB4 signaling pathway; ERBB2-EGFR signaling pathway; positive regulation of mitotic nuclear division; positive regulation of urine volume,0.0019503457504775235,0.6594264706871152,0.26452319184993434,0.27561062398967295,0.044163510316047296,0.4389245169596317,0.4244711676460401,1.025947148927067,0.00286338248665634,1.0952244397002528,0.6871176357858154,1.3651656655721949,0.2175270112884172,1.2492771346411489,0.244717837932134,0.008198785988983355,1.2592781318428519,0.6691034858615124,0.4295544385025029,0.11769374218893897,0.6274559623180299,0.5398338349193783,1.0262748802010329,0.006186200900641703,0.7596286330733434,0.3692687608760109,0.6202958861677826,0.09088669773016238,1.2146746216640112,0.40335279219294434
Prkg2,FALSE,TRUE,-0.420077126976469,3.50579154270142e-9,3.45025732268871e-7,Not DE,-0.851221094680852,6.92832128034965e-37,5.85146220134674e-34,Down after KD,"protein kinase, cGMP-dependent, type II [Source:MGI Symbol;Acc:MGI:108173]",protein_coding,protein phosphorylation; positive regulation of chondrocyte differentiation; intracellular signal transduction; protein localization to plasma membrane; positive regulation of protein localization,0.002404509644656544,0.6817416855335425,0.3845025524254437,0.28876500648626074,0.04854902122815851,0.40072667067075,0.37958143655118737,1.0244534495309743,0.005781901792087385,1.028976397561478,0.8928503227896496,1.3241367989519623,0.26777073903654947,1.2295010824011274,0.2783696727449505,0.008539193516956603,0.876465809531189,0.7881869175776085,0.4821581705890113,0.15769507521011383,0.6422677638709418,0.5595306664804721,1.0260863310849684,0.007706738461678698,0.8207753498583572,0.49518625762118146,0.6637045147481434,0.19863614193815035,1.2572788686747387,0.3223428659440276
Spp1,TRUE,TRUE,-0.81658410055501,1.17163871507105e-118,6.51489707515258e-115,Down after KD,-0.584524553226691,1.3181947495792e-46,1.94829183987806e-43,Down after KD,secreted phosphoprotein 1 [Source:MGI Symbol;Acc:MGI:98389],protein_coding,"cell adhesion; ossification; signal transduction; negative regulation of apoptotic process; biomineral tissue development; bone mineralization; positive regulation of DNA-templated transcription; intracellular calcium ion homeostasis; calcium ion homeostasis; neutrophil chemotaxis; osteoblast differentiation; response to vitamin D; positive regulation of bone resorption; collecting duct development; positive regulation of cell-substrate adhesion; response to steroid hormone; intracellular sodium ion homeostasis; cellular response to fluid shear stress; response to 2,3,7,8-tetrachlorodibenzodioxine; intracellular phosphate ion homeostasis; intracellular chloride ion homeostasis; urate biosynthetic process; androgen catabolic process; cellular response to testosterone stimulus; positive regulation of estradiol secretion",8.009250500768325e-4,1.1742847681970334,0.10136091679731732,0.349365633632318,0.09181001840429921,0.4566940337649272,0.44686476937338343,1.028282804713937,0.0010758920026207608,0.9254043475846163,0.7155295474295778,1.2383048391110325,0.3592327748185674,1.304817462339357,0.1674410896307602,0.00643097958630184,0.9358623909813387,0.3515460377282678,0.38688539274091677,0.08752628185761036,0.6644460762222386,0.5896344476573674,1.0281595267223378,0.0034179373968568415,0.8411227064066226,0.5394328786717708,0.6296354966690217,0.09430745945407194,1.2641656795164697,0.3026292043345678
Lrrc8b,FALSE,TRUE,-0.0471770857046897,0.766220421686167,0.917834252159144,Not DE,-0.564630068235103,0.00175073390060315,0.0167604768982685,Down after KD,"leucine rich repeat containing 8 family, member B [Source:MGI Symbol;Acc:MGI:2141353]",protein_coding,monoatomic ion transport; monoatomic ion transmembrane transport; transmembrane transport; monoatomic anion transmembrane transport; aspartate transmembrane transport,0.0032617504823974465,1.0011872928793992,0.9940837575301849,0.3138104427835045,0.06321833373638465,0.4561023546260516,0.4462078370674694,1.0262236994685086,0.002505547962229735,0.9913520699046702,0.9670167760781408,1.2112352238227138,0.4280702668111957,1.221216628601451,0.30543684970165774,0.004297851801488764,0.7555233512437262,0.1752306236400823,0.457740543837507,0.11904412261783047,0.6292255954721943,0.5440645874098187,1.0243274003825884,0.01136251632835463,0.8466436329228407,0.5512594935017713,0.8302013992607564,0.5824354536026811,1.290364248641746,0.26513327618857513
Alkbh2,FALSE,TRUE,-0.157063668735604,0.495335299286505,0.778974870933453,Not DE,-0.505833303527709,0.0463560712577494,0.184054461568713,Down after KD,"alkB homolog 2, alpha-ketoglutarate-dependent dioxygenase [Source:MGI Symbol;Acc:MGI:2141032]",protein_coding,DNA repair; DNA damage response; DNA alkylation repair,NA,NA,NA,NA,NA,NA,NA,NA,NA,NA,NA,NA,NA,NA,NA,NA,NA,NA,NA,NA,NA,NA,NA,NA,NA,NA,NA,NA,NA,NA
Lmtk2,FALSE,TRUE,0.208070946434603,0.348470420524741,0.679884130992217,Not DE,-0.722581318634053,0.00173106390586677,0.0166137172264356,Down after KD,lemur tyrosine kinase 2 [Source:MGI Symbol;Acc:MGI:3036247],protein_coding,protein phosphorylation; receptor recycling; endocytic recycling; early endosome to late endosome transport; nervous system development; protein autophosphorylation; axon guidance; peptidyl-threonine phosphorylation; peptidyl-serine phosphorylation; neurotrophin TRK receptor signaling pathway,0.0031549136646370764,0.8683521897043047,0.7717412348049882,0.312453592922063,0.0619407853231057,0.4720558715433904,0.4691905908587631,1.0259053001831429,0.002945746902211333,0.9938152106025597,0.9762379620555237,1.2389064661971172,0.38044894414394925,1.2139957644209223,0.3105886075994968,0.002006915615966929,3.6302033373105815,0.04817794954802941,0.41863310952625987,0.08420420604647265,0.4958058217129409,0.36892507061392366,1.0302818579828787,0.0023032560536497453,0.7872336976329076,0.3883996678615093,0.5804680006906747,0.056067598740691976,1.1759136518083575,0.47656128628027694
Fam180a,FALSE,TRUE,1.35908409838509,0.249689826796176,0.583831455887327,Not DE,0.580396460557067,0.0247093339083399,0.120053269678437,Up after KD,"family with sequence similarity 180, member A [Source:MGI Symbol;Acc:MGI:3039626]",protein_coding,biological_process,NA,NA,NA,NA,NA,NA,NA,NA,NA,NA,NA,NA,NA,NA,NA,NA,NA,NA,NA,NA,NA,NA,NA,NA,NA,NA,NA,NA,NA,NA
Ptn,FALSE,TRUE,1.74465994794927,3.68864096188145e-6,1.51370391649755e-4,Up after KD,1.70863329344015,1.14639294821508e-13,1.7158164835057e-11,Up after KD,pleiotrophin [Source:MGI Symbol;Acc:MGI:97804],protein_coding,ossification; positive regulation of neuron projection development; positive regulation of cell population proliferation; positive regulation of cell division; integrin-mediated signaling pathway; receptor clustering; positive regulation of cell differentiation; positive regulation of developmental process; positive regulation of oligodendrocyte differentiation; memory; regulation of myelination; regulation of stem cell population maintenance; negative regulation of neurogenesis; bone mineralization; positive regulation of dendrite development; oogenesis; regulation of synaptic plasticity; positive regulation of apoptotic process; regulation of cell shape; negative regulation of angiogenesis; negative regulation of cell migration; modulation of chemical synaptic transmission; negative regulation of glial cell proliferation; positive regulation of ossification; positive regulation of stem cell differentiation; positive regulation of bone mineralization; learning; dendrite development; response to auditory stimulus; negative regulation of epithelial cell proliferation; positive regulation of cell-substrate adhesion; regulation of hemopoiesis; negative regulation of membrane potential; leukocyte chemotaxis involved in inflammatory response; decidualization; regulation of endothelial cell migration; positive regulation of leukocyte chemotaxis; estrous cycle; tissue regeneration; regulation of neural precursor cell proliferation; positive regulation of axon regeneration; negative regulation of mesenchymal cell proliferation; dendrite regeneration; negative regulation of neuroblast proliferation; retinal rod cell differentiation; positive regulation of skeletal muscle acetylcholine-gated channel clustering; negative regulation of neuromuscular junction development; signal transduction,0.0021544576955883233,1.0631107674980194,0.3204387049861276,0.4008813460178599,0.16764856118291008,0.43579899899740576,0.4207719814548836,1.0266721687777434,0.0021571842193183243,1.086396924575125,0.7136496633383352,1.301772728606602,0.27522288361023267,1.278751196879446,0.20887848730358982,7.479757824285656e-4,0.8482215088944727,0.006746651847370915,0.20256389653098653,0.007636206861160464,0.5623571344103269,0.44939037958479866,1.0266936328253502,0.0033303103524077175,0.6723893928259199,0.16344127998918426,0.5722871265013088,0.04679263546989846,1.2105003916080848,0.39989661916082436
Kdm7a,FALSE,TRUE,0.375321896747436,0.345813708886609,0.678270591980242,Not DE,0.946433840594383,1.22283522963666e-4,0.00198609941692635,Up after KD,lysine (K)-specific demethylase 7A [Source:MGI Symbol;Acc:MGI:2443388],protein_coding,nervous system development; chromatin organization; regulation of transcription by RNA polymerase II; chromatin remodeling; positive regulation of DNA-templated transcription; midbrain development,NA,NA,NA,NA,NA,NA,NA,NA,NA,NA,NA,NA,NA,NA,NA,NA,NA,NA,NA,NA,NA,NA,NA,NA,NA,NA,NA,NA,NA,NA
Ggct,FALSE,TRUE,-0.0332509776994376,0.88563791923793,0.960708086211961,Not DE,-0.803706554272384,0.00515316288549283,0.0379010734166391,Down after KD,gamma-glutamyl cyclotransferase [Source:MGI Symbol;Acc:MGI:95700],protein_coding,release of cytochrome c from mitochondria,0.0015599408166420516,1.3164799863794432,0.1750624569577891,0.281094718498096,0.043661631835345834,0.3887287486793709,0.362344492925017,1.0284719064598515,0.001196558351320756,0.9279301387773455,0.7285668374388973,1.1323460644117098,0.6014684640074154,1.2320662980323929,0.27493481263460173,0.00855964279608333,0.9322209405476625,0.7969739119191257,0.4798231194826917,0.15131711885898455,0.6214555301707586,0.5351070489620928,1.0264092792929511,0.005911717595531287,0.7945909921557138,0.41023077127767615,0.6351955502326648,0.1007263726551658,1.243828040356378,0.33582272214401426
Thnsl2,FALSE,TRUE,0.49810202992354,0.504756780814168,NA,Not DE,0.921552094395658,0.0484343343458489,0.18938761825894,Up after KD,threonine synthase-like 2 (bacterial) [Source:MGI Symbol;Acc:MGI:3041254],protein_coding,NA,0.003173347429176886,0.9743121223786999,0.7924199240728187,0.31233225219007926,0.06201336442066728,0.4568896761164252,0.4471820554773407,1.0264698185642482,0.0023666849370353915,0.9912228597926023,0.966199085098194,1.2207739247503293,0.39407270385285254,1.2244907927644062,0.2870194495299228,2.497472649730975e-4,1.567473026269905,0.0020876528215623786,0.35563171159335455,0.04055781330504596,0.6430965217452452,0.5602954662682444,1.0291902150996164,0.0021118774993143683,0.845808685824257,0.5452866719730722,0.6897361834348799,0.1840306241172461,1.093701490564862,0.6972445012970337
Atoh8,FALSE,TRUE,0.00758716350721873,0.94515086968185,0.981679211461549,Not DE,0.658263819021334,2.06126655135552e-7,8.37540058530162e-6,Up after KD,atonal bHLH transcription factor 8 [Source:MGI Symbol;Acc:MGI:1918343],protein_coding,nervous system development; cell differentiation; positive regulation of transcription by RNA polymerase II; positive regulation of DNA-templated transcription; negative regulation of DNA-templated transcription; positive regulation of SMAD protein signal transduction; negative regulation of gene expression; anatomical structure formation involved in morphogenesis; positive regulation of endothelial cell migration; formation of primary germ layer; anatomical structure morphogenesis; negative regulation of endothelial cell proliferation; tube formation; positive regulation of endothelial cell differentiation; myoblast proliferation,NA,NA,NA,NA,NA,NA,NA,NA,NA,NA,NA,NA,NA,NA,NA,NA,NA,NA,NA,NA,NA,NA,NA,NA,NA,NA,NA,NA,NA,NA
Tcf7l1,FALSE,TRUE,0.232866857240565,0.0386641303267052,0.209339724130131,Not DE,0.502449367977695,8.66258452706831e-6,2.11624792248049e-4,Up after KD,"transcription factor 7 like 1 (T cell specific, HMG box) [Source:MGI Symbol;Acc:MGI:1202876]",protein_coding,Wnt signaling pathway; cell differentiation; tissue development; regulation of transcription by RNA polymerase II; somatic stem cell population maintenance; skin development,0.0018029332722142573,1.1439314612976672,0.2249823879418656,0.30526955384018006,0.05723636347136646,0.42488325039185837,0.4070553461270515,1.0269017304732022,0.0020789851428232218,1.0905650410885275,0.6957185278320236,1.1996878233147026,0.4350082524233848,1.2751895471224624,0.2112328498719643,8.762987771288992e-4,0.7442559350443204,0.015435531675541061,0.3783290145529618,0.05613637293551904,0.8698860696053076,0.8539201505782386,1.0274731834784694,0.00324032969423628,0.6333140778696236,0.12728220966017195,0.6523538459999182,0.12437254866577538,1.3933713255532303,0.15265666559701
Stambp,FALSE,TRUE,0.038451230488663,0.806219402341663,0.934942844810873,Not DE,0.516353336576563,2.41255572045862e-4,0.00346610678477554,Up after KD,STAM binding protein [Source:MGI Symbol;Acc:MGI:1917777],protein_coding,protein deubiquitination; protein K63-linked deubiquitination; negative regulation of neuron apoptotic process; proteolysis; negative regulation of phosphatidylinositol 3-kinase/protein kinase B signal transduction; negative regulation of Ras protein signal transduction; mitotic cytokinesis,0.002273156470221008,0.8257311187630223,0.3403388663881194,0.29208677516561454,0.0507029669251365,0.3770467346567665,0.3526325627819113,1.0258456509710447,0.0029680196058128484,0.9824801208744981,0.9324485994182027,1.2654347763502525,0.3199247422434783,1.214365758363459,0.3092432670089591,3.22407549905627e-4,0.4453737262675028,0.005389069749314344,0.5145684895961357,0.18146913458855493,0.7446003279161918,0.6984737629852038,1.024691736201274,0.007090676670950786,1.0363314442222504,0.901923768512223,0.7872561618510783,0.3943511911567903,1.2642840500536845,0.3013229184872595
Frmd4b,FALSE,TRUE,0.669598540939465,0.13411165365743,0.422155444416034,Not DE,0.764911656522559,0.0437386856996339,0.176462386790356,Up after KD,FERM domain containing 4B [Source:MGI Symbol;Acc:MGI:2141794],protein_coding,establishment of epithelial cell polarity,0.0032153181359773062,0.919653639909035,0.8493581815139337,0.31047297795569756,0.06141852574023302,0.4473047183734534,0.4371938111460628,1.0258791086288945,0.003501771958032981,1.0009626966254224,0.9964173958319568,1.2233696859094978,0.39650867209282614,1.2264451268586485,0.2857594281083142,0.007562257750156817,1.6708609945531188,0.5317264051782626,0.4309455556560334,0.10620815518207076,0.639005710707042,0.5547925685687398,1.026555301407231,0.005429130890379084,0.7668166512052199,0.35434444463326625,0.6227453678642155,0.08869665150705525,1.219592554619041,0.38503430169220837
Usp18,FALSE,TRUE,0.453801800940661,0.664399214736795,0.875499335450462,Not DE,1.8303628606415,7.26170164860187e-5,0.00132095938912413,Up after KD,ubiquitin specific peptidase 18 [Source:MGI Symbol;Acc:MGI:1344364],protein_coding,protein deubiquitination; response to bacterium; proteolysis; negative regulation of type I interferon-mediated signaling pathway; regulation of inflammatory response; response to other organism; regulation of protein stability; response to stilbenoid,0.0012150972561296171,0.8211198244266597,0.12384766191621567,0.2613463550523868,0.03622167225095205,0.3736399027526731,0.34260221072862423,1.0258411682525195,0.0023741391574428655,0.9470789855035143,0.7963485566026959,1.1709783078714868,0.499000878689987,1.280365473282422,0.20201054865105278,0.003244957741507214,1.287038241425158,0.10061348815800907,0.4165996733565639,0.08202824902000894,0.6978385589498872,0.6355451610914057,1.028371634133385,0.002415872381840407,0.8485164680275558,0.5554806867300464,0.6412618236300142,0.11074849114004101,1.3742187845319795,0.17671340879343703
Borcs5,FALSE,TRUE,-0.0753386570287827,0.710170462856781,0.896357475590769,Not DE,0.516239440146415,0.0108423434433473,0.0667707650386141,Up after KD,BLOC-1 related complex subunit 5 [Source:MGI Symbol;Acc:MGI:1915024],protein_coding,lysosome localization; mitochondrion organization; organelle transport along microtubule; nervous system development; regulation of lysosome size; axon development; mRNA transport,NA,NA,NA,NA,NA,NA,NA,NA,NA,NA,NA,NA,NA,NA,NA,NA,NA,NA,NA,NA,NA,NA,NA,NA,NA,NA,NA,NA,NA,NA
Dhx34,FALSE,TRUE,-0.0712417113561607,0.75759984935138,0.914894985843924,Not DE,0.623263384211472,0.00494434509877405,0.036838019185825,Up after KD,DExH-box helicase 34 [Source:MGI Symbol;Acc:MGI:1918973],protein_coding,nuclear-transcribed mRNA catabolic process; positive regulation of phosphorylation,0.002071590459731075,0.5526401722970564,0.2918612682169586,0.35199577729272774,0.09734148894274469,0.4511882252786551,0.43982988544551316,1.0259591223941247,0.0026191437810037252,1.0050157858122974,0.9807958971115843,1.2541633881408192,0.33631916535137696,1.2524185949783564,0.2387235385196928,0.006900721905485329,0.588725933826863,0.4305713597079568,0.4454798877691291,0.11119895354209666,0.5947652612467255,0.49592436818991636,1.0261501102564832,0.006254905281460829,0.7761795288789887,0.36509507530315555,0.6263905323409571,0.09148711905099871,1.244558189601458,0.3340491363819627
Dact3,FALSE,TRUE,0.32952748939021,0.00885510200780383,0.0781568170069733,Not DE,0.527537233299812,7.79652121046059e-5,0.00138968689903508,Up after KD,dishevelled-binding antagonist of beta-catenin 3 [Source:MGI Symbol;Acc:MGI:3654828],protein_coding,Wnt signaling pathway; negative regulation of Wnt signaling pathway; negative regulation of cell growth; negative regulation of canonical Wnt signaling pathway; negative regulation of epithelial to mesenchymal transition,NA,NA,NA,NA,NA,NA,NA,NA,NA,NA,NA,NA,NA,NA,NA,NA,NA,NA,NA,NA,NA,NA,NA,NA,NA,NA,NA,NA,NA,NA
Tgfb1,FALSE,TRUE,-0.00213310325888975,0.986049862142609,0.995448485556278,Not DE,-0.666889726307358,0.00254521306332051,0.0222757951596608,Down after KD,"transforming growth factor, beta 1 [Source:MGI Symbol;Acc:MGI:98725]",protein_coding,"positive regulation of gene expression; negative regulation of gene expression; gene expression; positive regulation of collagen biosynthetic process; positive regulation of transcription by RNA polymerase II; positive regulation of fibroblast proliferation; positive regulation of cell population proliferation; retina vasculature development in camera-type eye; canonical Wnt signaling pathway; regulation of gene expression; inflammatory response; cellular response to transforming growth factor beta stimulus; protein phosphorylation; cellular response to growth factor stimulus; cell morphogenesis; neuron apoptotic process; transforming growth factor beta receptor signaling pathway; regulation of cell cycle; negative regulation of cell population proliferation; skeletal system development; negative regulation of transcription by RNA polymerase II; cellular response to virus; regulation of protein import into nucleus; cell population proliferation; regulation of cell population proliferation; positive regulation of ERK1 and ERK2 cascade; negative regulation of DNA-templated transcription; proteasome-mediated ubiquitin-dependent protein catabolic process; negative regulation of cell cycle; animal organ morphogenesis; positive regulation of epithelial to mesenchymal transition; tube development; positive regulation of cell division; face morphogenesis; positive regulation of SMAD protein signal transduction; positive regulation of interleukin-6 production; defense response to fungus; respiratory system development; phosphate-containing compound metabolic process; positive regulation of tumor necrosis factor production; positive regulation of epidermal growth factor receptor signaling pathway; positive regulation of chemotaxis; cell-cell junction organization; positive regulation of regulatory T cell differentiation; hematopoietic progenitor cell differentiation; negative regulation of fat cell differentiation; positive regulation of protein localization to nucleus; cell differentiation; response to estradiol; response to progesterone; extrinsic apoptotic signaling pathway; positive regulation of canonical NF-kappaB signal transduction; epithelial to mesenchymal transition; regulation of metal ion transport; negative regulation of epithelial cell proliferation; ATP biosynthetic process; negative regulation of myoblast differentiation; positive regulation of inflammatory response; endoderm development; membrane protein intracellular domain proteolysis; positive regulation of DNA-templated transcription; positive regulation of apoptotic process; heart development; intracellular calcium ion homeostasis; negative regulation of cell growth; positive regulation of phosphatidylinositol 3-kinase/protein kinase B signal transduction; positive regulation of interleukin-17 production; positive regulation of protein metabolic process; positive regulation of canonical Wnt signaling pathway; T cell differentiation; T cell activation; positive regulation of MAPK cascade; chondrocyte differentiation; positive regulation of protein secretion; skeletal muscle tissue development; ureteric bud development; regulation of actin cytoskeleton organization; negative regulation of T cell activation; T cell homeostasis; protein export from nucleus; positive regulation of protein-containing complex assembly; receptor catabolic process; cellular response to hypoxia; positive regulation of protein import into nucleus; positive regulation of cell migration; negative regulation of protein localization to plasma membrane; lung alveolus development; regulation of cell growth; regulation of sodium ion transport; cellular response to low-density lipoprotein particle stimulus; heart valve morphogenesis; positive regulation of smooth muscle cell proliferation; regulation of striated muscle tissue development; Notch signaling pathway; surfactant homeostasis; negative regulation of T cell proliferation; negative regulation of release of sequestered calcium ion into cytosol; morphogenesis of a branching structure; sprouting angiogenesis; positive regulation of blood vessel endothelial cell migration; negative regulation of phagocytosis; extracellular matrix assembly; negative regulation of interleukin-17 production; mammary gland development; myelination; mammary gland branching involved in thelarche; regulation of branching involved in mammary gland duct morphogenesis; aortic valve morphogenesis; osteoclast differentiation; lymph node development; ventricular cardiac muscle tissue morphogenesis; T-helper 17 cell lineage commitment; positive regulation of vascular permeability; positive regulation of epithelial cell proliferation; myeloid dendritic cell differentiation; negative regulation of blood vessel endothelial cell migration; hyaluronan catabolic process; positive regulation of fibroblast migration; positive regulation of mononuclear cell migration; positive regulation of exit from mitosis; negative regulation of skeletal muscle tissue development; cellular response to ionizing radiation; positive regulation of receptor signaling pathway via STAT; cell activation; columnar/cuboidal epithelial cell maturation; tolerance induction to self antigen; defense response; germ cell migration; negative regulation of ossification; mononuclear cell proliferation; positive regulation of odontogenesis; regulatory T cell differentiation; regulation of regulatory T cell differentiation; muscle cell cellular homeostasis; positive regulation of isotype switching to IgA isotypes; positive regulation of smooth muscle cell differentiation; phospholipid homeostasis; branch elongation involved in mammary gland duct branching; regulation of cartilage development; connective tissue development; lens fiber cell differentiation; vasculogenesis; response to hypoxia; neural tube closure; CD4-positive, CD25-positive, alpha-beta regulatory T cell lineage commitment; adaptive immune response based on somatic recombination of immune receptors built from immunoglobulin superfamily domains; negative regulation of natural killer cell mediated cytotoxicity directed against tumor cell target; negative regulation of neuroblast proliferation; salivary gland morphogenesis; female pregnancy; response to xenobiotic stimulus; response to wounding; response to glucose; response to gamma radiation; negative regulation of macrophage cytokine production; oligodendrocyte development; positive regulation of microglia differentiation; neural tube development; animal organ regeneration; regulation of interleukin-23 production; regulation of CD4-positive, CD25-positive, alpha-beta regulatory T cell differentiation; positive regulation of superoxide anion generation; response to vitamin D; negative regulation of MyD88-dependent toll-like receptor signaling pathway; response to laminar fluid shear stress; response to immobilization stress; cellular response to platelet-derived growth factor stimulus; odontogenesis of dentin-containing tooth; response to ethanol; negative regulation of cell differentiation; digestive tract development; inner ear development; frontal suture morphogenesis; regulation of morphogenesis of a branching structure; negative regulation of biomineral tissue development; response to cholesterol; cellular response to mechanical stimulus; cellular response to glucose stimulus; cellular response to dexamethasone stimulus; odontoblast differentiation; positive regulation of branching involved in ureteric bud morphogenesis; liver regeneration; response to salt; positive regulation of vasculature development; regulation of morphogenesis of an epithelium; cellular response to acetaldehyde; cellular response to insulin-like growth factor stimulus; embryonic liver development; regulation of animal organ morphogenesis; positive regulation of cardiac muscle cell differentiation",0.0014226051509960422,1.3515708358834473,0.14806252282025273,0.27189639369768304,0.039651573811130485,0.4719374332294437,0.46645697385588203,1.028649504225478,0.0011291062398108911,0.938274793408104,0.7635350500527026,1.2763597414405419,0.2988695754159973,1.2932943526365472,0.18772259976763475,0.005404161481808823,1.316029527225025,0.26044848366762363,0.509614818985185,0.1874165424155253,0.6713705997315312,0.5988116171715816,1.0279014167572436,0.0036732218789968744,0.7917301549888043,0.3988731679050198,0.6580400962540813,0.13199269886880952,1.2998195313479246,0.2548977233490681
Zfp36,FALSE,TRUE,0.216446390696471,0.0261249566908241,0.162219789703325,Not DE,0.756490053340378,1.43604706786979e-16,2.97891588254252e-14,Up after KD,zinc finger protein 36 [Source:MGI Symbol;Acc:MGI:99180],protein_coding,"mRNA catabolic process; negative regulation of inflammatory response; regulation of transcription by RNA polymerase II; mRNA transport; negative regulation of transcription by RNA polymerase II; regulation of tumor necrosis factor production; intracellular signal transduction; cellular response to lipopolysaccharide; regulation of keratinocyte proliferation; cellular response to tumor necrosis factor; response to starvation; negative regulation of viral transcription; regulation of mRNA stability; positive regulation of fat cell differentiation; response to wounding; MAPK cascade; positive regulation of mRNA catabolic process; regulation of keratinocyte differentiation; cellular response to epidermal growth factor stimulus; negative regulation of erythrocyte differentiation; cellular response to glucocorticoid stimulus; negative regulation of myeloid cell differentiation; nuclear-transcribed mRNA poly(A) tail shortening; 3'-UTR-mediated mRNA stabilization; 3'-UTR-mediated mRNA destabilization; cellular response to fibroblast growth factor stimulus; miRNA-mediated gene silencing by inhibition of translation; cellular response to granulocyte macrophage colony-stimulating factor stimulus; nuclear-transcribed mRNA catabolic process, deadenylation-dependent decay; negative regulation of cytokine production involved in inflammatory response; RNA destabilization; negative regulation of interleukin-2 production; p38MAPK cascade; positive regulation of nuclear-transcribed mRNA poly(A) tail shortening; positive regulation of intracellular mRNA localization; negative regulation of 3'-UTR-mediated mRNA stabilization",3.934479634465454e-4,1.2311602532405805,0.020413044037001567,0.3579438697527134,0.09532308153345147,0.4731598888690632,0.468313127890469,1.029446393263508,9.3539647836167e-4,0.9781508572484238,0.9155523473978435,1.422736437687743,0.14859682026868232,1.2952795525623226,0.18169467516614962,0.0047454783062868934,1.1780172527424606,0.21170328326109797,0.5267232818987776,0.20792728611952233,0.7581928679548575,0.7199595025492508,1.0293184175191654,0.003000372384863482,0.7557414053231825,0.3194900224390027,0.7258658357075014,0.27832865882437263,1.239381907239462,0.34521989788455476
Fcgrt,TRUE,TRUE,1.26683914891298,4.87316630182345e-8,3.45187786258462e-6,Up after KD,0.891224724267585,3.24178969559159e-10,2.62540557264897e-8,Up after KD,Fc fragment of IgG receptor and transporter [Source:MGI Symbol;Acc:MGI:103017],protein_coding,immune response,0.0015384535991094228,1.2202902786454854,0.17133093252692322,0.37296544803357495,0.11474034270701708,0.4498005740287115,0.43820366023553586,1.0281712774236105,0.001380613519402351,0.9677300313446758,0.8750648393384207,1.4190083419346462,0.17495578907817766,1.2544750197023984,0.235701763864855,0.007456239452791469,1.1011249286509057,0.5221522869239013,0.5265255856691854,0.22739667259978613,0.645914823097014,0.5639548896874268,1.0270657948863116,0.005021875079428973,0.7760144413688953,0.3693667378592,0.6533084486375199,0.128055645691936,1.2496850490889575,0.32691455366967037
Cemip,FALSE,TRUE,1.04772750174033,1.98642786877396e-6,8.98483507777848e-5,Up after KD,0.874387142044599,2.93222724470235e-21,1.05062590731396e-18,Up after KD,"cell migration inducing protein, hyaluronan binding [Source:MGI Symbol;Acc:MGI:2443629]",protein_coding,positive regulation of peptidyl-threonine phosphorylation; positive regulation of protein targeting to membrane; sensory perception of sound; positive regulation of cell migration; positive regulation of release of sequestered calcium ion into cytosol; hyaluronan catabolic process; positive regulation of protein kinase C activity; hyaluronan metabolic process,NA,NA,NA,NA,NA,NA,NA,NA,NA,NA,NA,NA,NA,NA,NA,NA,NA,NA,NA,NA,NA,NA,NA,NA,NA,NA,NA,NA,NA,NA
Me3,TRUE,TRUE,1.05146480211858,0.0331004796464454,0.1894546753207,Up after KD,0.775871379730758,0.0403758027416329,0.167863393676887,Up after KD,"malic enzyme 3, NADP(+)-dependent, mitochondrial [Source:MGI Symbol;Acc:MGI:1916679]",protein_coding,malate metabolic process; pyruvate biosynthetic process,0.0028254340684107917,0.9011546437685094,0.5434406285456728,0.29480456386319925,0.05410899453010736,0.45916555622937955,0.4501513751832364,1.0265903910488148,0.002192121730940326,0.9801823765798613,0.9237153447737034,1.2224366509872506,0.3878680366473265,1.2128382857687243,0.3117041727901521,0.00848681023246825,1.0596720219384392,0.7669709759369863,0.45362651131752685,0.12270861988693924,0.63774044244848,0.5528409058927745,1.0269077928589923,0.005300208898185194,0.7907663085422482,0.4041840526244589,0.6462345189540407,0.12113300221808336,1.235501891557856,0.35226885068914165
Tenm4,FALSE,TRUE,0.361473142107548,0.355724956713873,0.685770602417442,Not DE,-1.10883007598167,0.0276685545662782,0.129616873689253,Down after KD,teneurin transmembrane protein 4 [Source:MGI Symbol;Acc:MGI:2447063],protein_coding,signal transduction; cell differentiation; positive regulation of oligodendrocyte differentiation; neuron development; regulation of myelination; synaptic membrane adhesion; central nervous system myelin formation; axon guidance; cardiac muscle cell proliferation; gastrulation with mouth forming second; positive regulation of myelination; cardiac cell fate specification,NA,NA,NA,NA,NA,NA,NA,NA,NA,NA,NA,NA,NA,NA,NA,NA,NA,NA,NA,NA,NA,NA,NA,NA,NA,NA,NA,NA,NA,NA
Gdpd5,FALSE,TRUE,0.322520491495092,0.265858511389045,0.600693316773175,Not DE,0.8019542036002,0.00109185410828318,0.0115578182420236,Up after KD,glycerophosphodiester phosphodiesterase domain containing 5 [Source:MGI Symbol;Acc:MGI:2686926],protein_coding,lipid metabolic process; spinal cord motor neuron differentiation; positive regulation of neuron differentiation; nervous system development; positive regulation of cell differentiation; neuron projection development; cerebral cortex neuron differentiation; negative regulation of Notch signaling pathway; negative regulation of amyloid precursor protein biosynthetic process; regulation of timing of cell differentiation; positive regulation of cell cycle,0.0030121793334029435,1.0787807168516481,0.649765951358712,0.30489205901979616,0.05776391513151156,0.4608287868474855,0.4521515921182735,1.0268961965208498,0.002139979037838258,0.9877355298191549,0.9527226325110193,1.2106966744211711,0.4105401128490205,1.2284020969333078,0.2801524377469899,0.005942775259619209,1.2518116197694573,0.305131620155528,0.455999181972504,0.11714596274763396,0.6219848832883731,0.5304821368012244,1.027108829245266,0.004468903275162829,0.8175730143591233,0.4689206842021205,0.6352333614874452,0.10021063118193421,1.2204439723023535,0.3789750123814827
Stard10,FALSE,TRUE,0.155618469867121,0.524569375149704,0.799504873671621,Not DE,0.636916711137885,9.25463839883315e-6,2.25158116106591e-4,Up after KD,StAR related lipid transfer domain containing 10 [Source:MGI Symbol;Acc:MGI:1860093],protein_coding,lipid transport; bile acid secretion; positive regulation of peroxisome proliferator activated receptor signaling pathway,NA,NA,NA,NA,NA,NA,NA,NA,NA,NA,NA,NA,NA,NA,NA,NA,NA,NA,NA,NA,NA,NA,NA,NA,NA,NA,NA,NA,NA,NA
Stim1,FALSE,TRUE,0.26406922048407,0.476158056401406,0.767638194247349,Not DE,0.881609806117557,0.00476532649283287,0.0358906523193475,Up after KD,stromal interaction molecule 1 [Source:MGI Symbol;Acc:MGI:107476],protein_coding,activation of store-operated calcium channel activity; protein catabolic process; monoatomic ion transport; regulation of transport; calcium ion transport; detection of calcium ion; regulation of calcium ion transport; store-operated calcium entry; calcium ion transmembrane transport; intracellular calcium ion homeostasis; positive regulation of adenylate cyclase activity; monoatomic cation transport; positive regulation of angiogenesis; myotube differentiation; regulation of store-operated calcium entry; phospholipase C-activating G protein-coupled receptor signaling pathway; phospholipase C-activating G protein-coupled acetylcholine receptor signaling pathway; enamel mineralization,0.00323043921211169,1.0327202116359993,0.8756485690035654,0.31389162448479957,0.06278813420180712,0.45434562071373047,0.44404775616018255,1.026220881122534,0.002455852011455604,0.9965802840577195,0.9870390962667003,1.224334197567727,0.4021603071648622,1.227782218490921,0.28720701967272694,4.4701959218981183e-4,2.267311382175378,0.005801226851430331,0.41085048140129626,0.09138673103691099,0.7719207306215913,0.7324600058294906,1.030440519603667,0.0015454320148458372,0.8569434350342157,0.5770855716702976,0.8665669835784547,0.6300395716934776,1.3617591479461164,0.1795079314791743
Plekha7,FALSE,TRUE,0.420826472382857,0.19525623200915,0.514682283994727,Not DE,0.68784139327506,7.36682526126497e-4,0.00857850950412318,Up after KD,"pleckstrin homology domain containing, family A member 7 [Source:MGI Symbol;Acc:MGI:2445094]",protein_coding,cell-cell adhesion mediated by cadherin; cell-cell adhesion; pore complex assembly; epithelial cell-cell adhesion; vasodilation; zonula adherens maintenance,NA,NA,NA,NA,NA,NA,NA,NA,NA,NA,NA,NA,NA,NA,NA,NA,NA,NA,NA,NA,NA,NA,NA,NA,NA,NA,NA,NA,NA,NA
Fgfr2,FALSE,TRUE,0.151868873966979,0.218117896419695,0.542724981046182,Not DE,0.547748289197589,1.63512615128492e-8,9.03445402466956e-7,Up after KD,fibroblast growth factor receptor 2 [Source:MGI Symbol;Acc:MGI:95523],protein_coding,protein phosphorylation; positive regulation of cell population proliferation; fibroblast growth factor receptor signaling pathway; apoptotic process; positive regulation of multicellular organismal process; regulation of apoptotic process; positive regulation of cell communication; positive regulation of signaling; lung development; positive regulation of developmental process; midbrain development; biomineral tissue development; regulation of mitotic cell cycle; epithelial cell differentiation; regulation of cell cycle process; epidermis development; forebrain development; neuroblast proliferation; regulation of developmental growth; regulation of epithelial cell proliferation; skeletal system morphogenesis; respiratory system development; regulation of cell differentiation; chordate embryonic development; embryonic organ morphogenesis; negative regulation of epithelial cell proliferation; epithelial to mesenchymal transition; endochondral bone growth; negative regulation of keratinocyte proliferation; response to lipopolysaccharide; positive regulation of MAPK cascade; cellular response to fibroblast growth factor stimulus; response to ethanol; mesodermal cell differentiation; embryonic cranial skeleton morphogenesis; cellular response to retinoic acid; cellular response to hypoxia; cellular response to transforming growth factor beta stimulus; positive regulation of vascular associated smooth muscle cell proliferation; regulation of cell population proliferation,0.0030696188510551657,0.8273427036972778,0.696101185512052,0.31971109859898555,0.06684158380414312,0.4347909931608629,0.42219967856957846,1.0261680558135673,0.002561059757742919,0.9746236652382002,0.9036908583260629,1.228450880155731,0.3801486837504448,1.219314920498048,0.29641121227009815,0.004941465519137673,2.1167927755904525,0.2167584726410414,0.3766627918600917,0.06791712196444707,0.605059589507482,0.5085875302829075,1.0264791810660088,0.006089022163872155,0.7940083092140159,0.4048260892779358,0.6127611902417147,0.07802607389194438,1.2117991807593782,0.39780489134796676
Htra1,FALSE,TRUE,0.259996893654865,0.286960495866223,0.622447371665353,Not DE,0.663971870424582,1.67926174199042e-8,9.23515852897431e-7,Up after KD,HtrA serine peptidase 1 [Source:MGI Symbol;Acc:MGI:1929076],protein_coding,proteolysis; negative regulation of BMP signaling pathway; positive regulation of apoptotic process; negative regulation of transforming growth factor beta receptor signaling pathway; programmed cell death; placenta development; chorionic trophoblast cell differentiation; positive regulation of epithelial cell proliferation,1.37995570924026e-4,1.288204502541599,0.010333196802298609,0.36365258075977164,0.1027561530838787,0.5609419506485327,0.5759388989885049,1.0284910543990062,0.0010159075935108563,1.225965481731159,0.3544998753916356,1.6523403967614005,0.05179959063434867,1.391294539419717,0.09510440740853643,0.008760457300327009,1.0070534953437495,0.9400631549599274,0.47630778842734706,0.18568243821580566,0.6383145468211613,0.5542409367227253,1.0265909277312901,0.005648270553587569,0.802898328652834,0.4285987425407794,0.6395081949165464,0.1214522019656469,1.2436028387436793,0.3388918355546052
Fam53b,FALSE,TRUE,0.119963158347092,0.612893024072977,0.852530746806201,Not DE,0.560201322815248,0.0157477404542502,0.0874595035843377,Up after KD,"family with sequence similarity 53, member B [Source:MGI Symbol;Acc:MGI:1925188]",protein_coding,Wnt signaling pathway; protein import into nucleus; positive regulation of canonical Wnt signaling pathway; regulation of canonical Wnt signaling pathway,8.482011981027366e-4,1.6096324059540446,0.062297156922862695,0.2768191104907983,0.04069466000327925,0.522171741629606,0.52950369498609,1.0274922844874173,0.0015750554319448396,0.893943665915835,0.6044579120066645,1.1467881481185374,0.5606267583556835,1.1743964713017494,0.40081898669656135,0.007864994749414116,1.1951115665460261,0.5909925629812152,0.46436682423449877,0.128197951507752,0.6112938130711669,0.5188446634276977,1.0282403392677357,0.004961255749859388,0.7471881675799192,0.34457705969960345,0.6028276284948573,0.08491988101286178,1.2597072273165504,0.31133373000890996
Ptpre,FALSE,TRUE,-0.184020513179447,0.153820054098507,0.455804109147213,Not DE,0.540346955356896,1.28083582072595e-8,7.31623320978922e-7,Up after KD,protein tyrosine phosphatase receptor type E [Source:MGI Symbol;Acc:MGI:97813],protein_coding,protein dephosphorylation; dephosphorylation; signal transduction; negative regulation of insulin receptor signaling pathway; regulation of mast cell activation; cell surface receptor protein tyrosine phosphatase signaling pathway,8.913525174259594e-6,1.5222446267555816,3.9837748027684835e-4,0.49043988199456207,0.25613307173093947,0.65408330539553,0.6824350270797004,1.0340469944441795,1.0463983649077702e-4,1.0174173934784159,0.9339475497028686,1.682153368631789,0.03590352212914547,1.4726596622619426,0.04894554796014843,0.0062497294272946344,1.1469345610761175,0.35166677278561187,0.5134196437710512,0.19527528019479046,0.6729978946659025,0.6027790396576991,1.0291119345156021,0.003542913850707168,0.8085015880500441,0.4436649163861186,0.6791309185240073,0.17239924336078066,1.2848809746214302,0.27651183462331136
Ifitm1,TRUE,TRUE,3.29455224150297,3.42762481267201e-4,0.00675861977690168,Up after KD,1.39650771213571,1.25347928201078e-8,7.19472768470652e-7,Up after KD,interferon induced transmembrane protein 1 [Source:MGI Symbol;Acc:MGI:1915963],protein_coding,immune system process; negative regulation of cell population proliferation; innate immune response; defense response to virus; type I interferon-mediated signaling pathway; host-mediated suppression of symbiont invasion; ossification; negative regulation of viral genome replication; response to type II interferon; response to interferon-alpha; response to interferon-beta; response to virus; positive regulation of osteoblast differentiation; negative regulation of cell migration; anterior/posterior pattern specification; somitogenesis,0.0031626667799177447,0.9768691470237756,0.7798093089395496,0.3126944933882437,0.06230009149220701,0.44090344250858454,0.42986496626187826,1.0257898892849597,0.003329121611827602,0.9964227544307722,0.986318944376886,1.184227193421027,0.49356264000205713,1.224267678034943,0.28728787359271,0.004947286321521731,1.111885461518533,0.22440178842359207,0.49568145330216384,0.15731833485753172,0.7404666081369501,0.6938561312587936,1.026805916439225,0.004130094637909811,0.7690124286129781,0.3491419961986375,0.6573992429975158,0.13158026854246088,1.27644181745248,0.28530639508695255
Cd81,FALSE,TRUE,0.326368334341595,6.13812356176191e-12,1.00385400191697e-9,Not DE,0.58255685713536,2.51859433942827e-36,1.98532396462666e-33,Up after KD,CD81 antigen [Source:MGI Symbol;Acc:MGI:1096398],protein_coding,"immune system process; adaptive immune response; positive regulation of transcription by RNA polymerase II; protein localization to plasma membrane; symbiont entry into host cell; regulation of cell population proliferation; positive regulation of MAPK cascade; protein localization to lysosome; regulation of protein stability; positive regulation of B cell activation; receptor internalization; positive regulation of receptor clustering; positive regulation of protein exit from endoplasmic reticulum; positive regulation of B cell proliferation; cellular response to low-density lipoprotein particle stimulus; regulation of macrophage migration; humoral immune response mediated by circulating immunoglobulin; immunological synapse formation; regulation of cell motility; positive regulation of inflammatory response to antigenic stimulus; myoblast fusion involved in skeletal muscle regeneration; macrophage fusion; CD4-positive, alpha-beta T cell costimulation; osteoclast fusion; positive regulation of protein catabolic process in the vacuole; positive regulation of adaptive immune memory response",2.4008350981651356e-4,1.6009522514944754,0.013028960998462374,0.41179729513632485,0.15311413718985714,0.6052445946350001,0.6283562766021472,1.0285568843310946,0.001146425139722801,1.1873568025788346,0.4298635544999077,1.4221742268773012,0.14177541453734913,1.2564683394499152,0.2376774122504261,0.0041611876037895,1.3751658532315698,0.1791886304881803,0.585805469935012,0.310675283931479,0.7407726714406028,0.6939742492703914,1.0285240944463596,0.0037810322499293933,0.8105165506443093,0.4498175828011656,0.7019350775217978,0.21407986044189498,1.3204533646327827,0.22847719582975476
Mrgpre,FALSE,TRUE,-0.212234859022347,0.613762365952685,0.853313073104115,Not DE,0.780574178475588,0.00926645678478803,0.0594501275221561,Up after KD,"MAS-related GPR, member E [Source:MGI Symbol;Acc:MGI:2441884]",protein_coding,G protein-coupled receptor signaling pathway; cell surface receptor signaling pathway; signal transduction; positive regulation of insulin secretion involved in cellular response to glucose stimulus; adenylate cyclase-activating G protein-coupled receptor signaling pathway; intracellular glucose homeostasis; adenylate cyclase-activating G protein-coupled bile acid receptor signaling pathway,NA,NA,NA,NA,NA,NA,NA,NA,NA,NA,NA,NA,NA,NA,NA,NA,NA,NA,NA,NA,NA,NA,NA,NA,NA,NA,NA,NA,NA,NA
Mrgprf,FALSE,TRUE,0.336368523982007,0.298384241754891,0.634888060351215,Not DE,0.785954097223914,9.23432066153683e-5,0.00159164150877568,Up after KD,"MAS-related GPR, member F [Source:MGI Symbol;Acc:MGI:2384823]",protein_coding,G protein-coupled receptor signaling pathway; signal transduction,NA,NA,NA,NA,NA,NA,NA,NA,NA,NA,NA,NA,NA,NA,NA,NA,NA,NA,NA,NA,NA,NA,NA,NA,NA,NA,NA,NA,NA,NA
Evi5l,FALSE,TRUE,0.370987745521763,0.133040403314817,0.420205147760319,Not DE,0.615941346790328,0.00979874568021037,0.0620569731777222,Up after KD,ecotropic viral integration site 5 like [Source:MGI Symbol;Acc:MGI:2442167],protein_coding,negative regulation of cilium assembly; positive regulation of GTPase activity,NA,NA,NA,NA,NA,NA,NA,NA,NA,NA,NA,NA,NA,NA,NA,NA,NA,NA,NA,NA,NA,NA,NA,NA,NA,NA,NA,NA,NA,NA
Gas6,FALSE,TRUE,0.316923217185405,0.135886986152914,0.425172894278084,Not DE,0.685297884853219,2.79329913098296e-33,1.73831415393382e-30,Up after KD,growth arrest specific 6 [Source:MGI Symbol;Acc:MGI:95660],protein_coding,negative regulation of apoptotic process; positive regulation of fibroblast proliferation; cellular response to growth factor stimulus; positive regulation of phosphatidylinositol 3-kinase/protein kinase B signal transduction; cell surface receptor signaling pathway; cell differentiation; cell migration; cellular response to vitamin K; protein localization to plasma membrane; negative regulation of DNA-templated transcription; apoptotic cell clearance; cellular response to interferon-alpha; signal transduction; positive regulation of gene expression; positive regulation of protein phosphorylation; phagocytosis; positive regulation of phagocytosis; hematopoietic stem cell migration to bone marrow; negative regulation of type II interferon production; regulation of body fluid levels; negative regulation of tumor necrosis factor production; positive regulation of TOR signaling; protein phosphorylation; enzyme-linked receptor protein signaling pathway; negative regulation of tumor necrosis factor-mediated signaling pathway; calcium ion transmembrane transport; cellular response to starvation; positive regulation of natural killer cell differentiation; cellular response to glucose stimulus; blood coagulation; negative regulation of interleukin-1 production; negative regulation of interleukin-6 production; fusion of virus membrane with host plasma membrane; symbiont entry into host cell; positive regulation of protein export from nucleus; neuron migration; cell-substrate adhesion; positive regulation of ERK1 and ERK2 cascade; extracellular matrix assembly; positive regulation of protein kinase activity; activation of protein kinase B activity; B cell chemotaxis; cellular response to xenobiotic stimulus; negative regulation of biomineral tissue development; positive regulation of cytokine-mediated signaling pathway; receptor-mediated virion attachment to host cell; positive regulation of glomerular filtration; viral genome replication; cellular response to nutrient levels; animal organ regeneration; dendritic cell differentiation,0.0031543087000725804,1.0508193342578347,0.7700525542754817,0.3079801999327565,0.059982708849315294,0.4707201439275851,0.4670713850261056,1.0262414388520815,0.002431931183821785,0.9681901467702642,0.8847509813561251,1.226595289789724,0.3870464250449823,1.2069559246038064,0.3332610195821706,0.003097752886801238,1.2999592528917023,0.10492554312252077,0.39466751319867366,0.07332842780400342,0.6876645069912958,0.6211637417917768,1.027433370398508,0.004481409893646861,0.746623917207797,0.29503191511242616,0.6965707036421956,0.201077299732433,1.2633416505276238,0.3014975670682684
Sfrp1,FALSE,TRUE,0.333165626048387,2.66082662555968e-7,1.53321517631343e-5,Not DE,0.775888547287113,7.41739121361398e-42,7.97302124634288e-39,Up after KD,secreted frizzled-related protein 1 [Source:MGI Symbol;Acc:MGI:892014],protein_coding,"negative regulation of osteoblast differentiation; negative regulation of gene expression; Wnt signaling pathway; negative regulation of BMP signaling pathway; cell differentiation; positive regulation of cell population proliferation; digestive tract morphogenesis; convergent extension involved in axis elongation; regulation of establishment of planar polarity; canonical Wnt signaling pathway; hemopoiesis; response to xenobiotic stimulus; negative regulation of canonical Wnt signaling pathway; male gonad development; negative regulation of DNA-templated transcription; anterior/posterior pattern specification; negative regulation of cell population proliferation; positive regulation of apoptotic process; somatic stem cell population maintenance; positive regulation of DNA-templated transcription; regionalization; somitogenesis; neural tube closure; neural tube development; Wnt signaling pathway, planar cell polarity pathway; negative regulation of cell growth; hematopoietic stem cell differentiation; negative regulation of apoptotic process; positive regulation of canonical Wnt signaling pathway; ureteric bud development; negative regulation of cell migration; negative regulation of Wnt signaling pathway; regulation of cell cycle process; negative regulation of ossification; negative regulation of epithelial to mesenchymal transition; positive regulation of cell growth; positive regulation of Wnt signaling pathway; actin cytoskeleton organization; stem cell differentiation; negative regulation of epithelial cell proliferation; substrate adhesion-dependent cell spreading; negative regulation of fibroblast proliferation; regulation of ossification; negative regulation of osteoclast differentiation; negative regulation of androgen receptor signaling pathway; dopaminergic neuron differentiation; cellular response to tumor necrosis factor; non-canonical Wnt signaling pathway; female gonad development; negative regulation of bone remodeling; dorsal/ventral axis specification; positive regulation of fat cell differentiation; hematopoietic progenitor cell differentiation; prostate epithelial cord arborization involved in prostate glandular acinus morphogenesis; bone trabecula formation; cellular response to estrogen stimulus; regulation of branching involved in prostate gland morphogenesis; neural crest cell fate commitment; development of primary male sexual characteristics; negative regulation of peptidyl-tyrosine phosphorylation; positive regulation of smoothened signaling pathway; regulation of neuron projection development; negative regulation of JUN kinase activity; cellular response to X-ray; convergent extension involved in somitogenesis; osteoblast differentiation; cellular response to starvation; negative regulation of B cell differentiation; cellular response to vitamin D; cellular response to interleukin-1; cellular response to prostaglandin E stimulus; cellular response to estradiol stimulus; cellular response to hypoxia; cellular response to transforming growth factor beta stimulus; cellular response to BMP stimulus; positive regulation of non-canonical Wnt signaling pathway",2.16620264527019e-4,0.7761458761724004,0.014436923403603733,0.4953366109697455,0.26480550226074046,0.514866480895202,0.5208719853465957,1.0261573370470822,0.0026900759870985063,1.0584845343918377,0.7858848575814422,1.5107455071910219,0.0912692983781194,1.2658400784458568,0.21641798791873657,0.006793129917407969,0.917181205567736,0.4265827135829903,0.4561170915748395,0.12049803969083234,0.6125143728452896,0.5193231420763841,1.0265899058150734,0.005702080546611996,0.8215969213414861,0.48075338139709767,0.6843391225043068,0.1899430832901145,1.2393407308600168,0.3450247036619077
Dusp4,FALSE,TRUE,-0.430877921813548,0.0200650621496137,0.13647923924517,Not DE,-0.502864555864998,0.001128333531026,0.0118801564299656,Down after KD,dual specificity phosphatase 4 [Source:MGI Symbol;Acc:MGI:2442191],protein_coding,protein dephosphorylation; dephosphorylation; negative regulation of ERK1 and ERK2 cascade; endoderm formation,0.0032597189304077027,1.0031460384063686,0.9677356432641115,0.31216076873239706,0.06687801533719434,0.4558908274147299,0.44590508103259624,1.0262323907816868,0.002449536548178182,0.9917256636546447,0.9682157043000704,1.2143399713851148,0.41470833869074364,1.2199028196210906,0.30338448846740773,0.008465557323505162,1.0297411568647352,0.7573108571841352,0.45896164794119876,0.12366948541056925,0.6338147034753338,0.5472501726245528,1.0265698470855427,0.005554339179891845,0.8122704001960891,0.4576032995026516,0.6558117806640471,0.15170186891497775,1.2495519367436134,0.3271414371518897
Pdgfrl,FALSE,TRUE,0.888695825596154,2.44251013779805e-8,1.98271206149285e-6,Up after KD,0.774157367806048,4.08160840126048e-21,1.37888393532868e-18,Up after KD,platelet-derived growth factor receptor-like [Source:MGI Symbol;Acc:MGI:1916047],protein_coding,cellular response to platelet-derived growth factor stimulus; platelet-derived growth factor receptor signaling pathway,0.0032544097835589887,0.9926151496482281,0.9395200024286964,0.31288587344263363,0.06263433706371657,0.45331391844771285,0.4440600010342009,1.0263398705850246,0.0027003268407314886,0.9962580006999003,0.9863252507763695,1.2101644811813947,0.4135443435132444,1.2235182185960052,0.2911992053416571,0.007575098575982198,0.9416414038457485,0.540233444442644,0.4783642171526956,0.14447172409776865,0.6125306426899717,0.519908915481954,1.0265964661715403,0.005565899005696882,0.7925353559753991,0.4018073534827401,0.6141814314724324,0.08453306999374424,1.2403908197732312,0.34262443472028375
Stox2,FALSE,TRUE,-1.21911285332523,0.225453815806313,0.552547367277256,Not DE,0.529425247651537,0.00449126618200869,0.0342832352072761,Up after KD,storkhead box 2 [Source:MGI Symbol;Acc:MGI:1918319],protein_coding,regulation of transcription by RNA polymerase II; response to bacterium; embryo development ending in birth or egg hatching; maternal placenta development,NA,NA,NA,NA,NA,NA,NA,NA,NA,NA,NA,NA,NA,NA,NA,NA,NA,NA,NA,NA,NA,NA,NA,NA,NA,NA,NA,NA,NA,NA
Dctd,FALSE,TRUE,-0.0219942050090099,0.773775540731848,0.92100687320951,Not DE,-0.656684839009191,1.01352575251261e-9,7.35210337282764e-8,Down after KD,dCMP deaminase [Source:MGI Symbol;Acc:MGI:2444529],protein_coding,pyrimidine nucleotide metabolic process; nucleotide biosynthetic process; nucleoside salvage; dTMP biosynthetic process; dUMP biosynthetic process,0.003259617042264875,0.9921966681972147,0.9669481392106,0.31435888869262246,0.06401153455849767,0.4542353947595522,0.4459918683986326,1.026188618705237,0.0026328698777982767,0.9894776456251174,0.9601872445822096,1.2069563354713224,0.4556635408595459,1.2195170337411017,0.30751675064666156,0.00695912554979235,1.2548901127104328,0.4348936917559657,0.4372125749722172,0.10683929718285648,0.6173956860004329,0.5269761296140373,1.0247358460208538,0.011368192198999209,0.8337021680472292,0.51741054010328,0.7178517726413316,0.29109008823835,1.24368652931418,0.3346583829404198
Lzts1,FALSE,TRUE,0.72137889310964,0.118774121282314,0.393941843954849,Not DE,0.870870520142533,0.00657717906741162,0.045800097345745,Up after KD,"leucine zipper, putative tumor suppressor 1 [Source:MGI Symbol;Acc:MGI:2684762]",protein_coding,regulation of synaptic plasticity; negative regulation of macroautophagy; regulation of dendrite morphogenesis,0.003204894344661109,1.1875667228241744,0.832223678217658,0.31443517414891764,0.06341744987874687,0.4386387784704223,0.4311945467106101,1.0263918279978896,0.0023852782249314105,0.9691140434418928,0.8932467609422845,1.2051521544352408,0.4253235566065518,1.2210810265799508,0.2930928408664171,0.006822928901214233,2.184867727105122,0.41818323704120386,0.4397455030495428,0.10465364991435061,0.6306476029778378,0.5420795712887251,1.0282611585382273,0.004136807580069027,0.7386755976216662,0.3056235862726922,0.6082110751510922,0.0777319484876338,1.2251299482729097,0.3697901062886755
Bst2,FALSE,TRUE,0.164541280370817,0.132827877953414,0.419772330412024,Not DE,0.690262203209722,2.99815125151934e-11,2.90574921294793e-9,Up after KD,bone marrow stromal cell antigen 2 [Source:MGI Symbol;Acc:MGI:1916800],protein_coding,defense response to virus; immune system process; innate immune response; response to virus; negative regulation of viral genome replication; response to type II interferon; negative regulation of cell growth; negative regulation of cell migration; regulation of actin cytoskeleton organization; response to interferon-alpha; response to interferon-beta; negative regulation of plasmacytoid dendritic cell cytokine production,0.0029655358517258427,1.034807783172508,0.6232092811574526,0.3124376921951771,0.06123574594631022,0.4707280854921638,0.46558160285498534,1.0262831751984716,0.0024460575845424363,1.0040167982406378,0.9847512378661654,1.2565967455636742,0.3489788779346388,1.2142738012578838,0.3081478661164829,1.1740570560310458e-4,1.3738600300461103,0.0013686989350063467,0.32675109331525815,0.030720842797007156,0.8520216855414636,0.8360331827228044,1.0276794344788827,0.002193127092538393,0.7501363073351678,0.29846891548358656,0.8909020123051982,0.6982300617578789,1.3334354054423398,0.21138584752162234
Abcc12,FALSE,TRUE,0.880341366997243,0.459111498006853,0.758608048240083,Not DE,0.976784999690378,0.0039645608509037,0.0313139395464832,Up after KD,"ATP-binding cassette, sub-family C member 12 [Source:MGI Symbol;Acc:MGI:2441679]",protein_coding,transmembrane transport,NA,NA,NA,NA,NA,NA,NA,NA,NA,NA,NA,NA,NA,NA,NA,NA,NA,NA,NA,NA,NA,NA,NA,NA,NA,NA,NA,NA,NA,NA
Pdgfd,FALSE,TRUE,0.428608379797422,1.40216243294055e-4,0.00330369669846015,Not DE,0.592398213853007,4.74044689020341e-5,9.14372659539399e-4,Up after KD,"platelet-derived growth factor, D polypeptide [Source:MGI Symbol;Acc:MGI:1919035]",protein_coding,cellular response to amino acid stimulus; positive regulation of cell population proliferation; positive regulation of cell division; positive regulation of ERK1 and ERK2 cascade; positive regulation of phosphatidylinositol 3-kinase/protein kinase B signal transduction; positive regulation of cell migration; positive regulation of fibroblast proliferation; positive regulation of smooth muscle cell proliferation; platelet-derived growth factor receptor signaling pathway; positive regulation of glomerular mesangial cell proliferation; cellular response to transforming growth factor beta stimulus; positive regulation of smooth muscle cell chemotaxis; regulation of peptidyl-tyrosine phosphorylation; cellular response to platelet-derived growth factor stimulus; cellular response to hydrogen peroxide,0.003254850666245727,0.9953096969632057,0.9412735797852889,0.31227129401270837,0.0630482582025525,0.4612470228777261,0.4574195752661232,1.0263308449643007,0.0026809634431591246,0.9912910762627447,0.966454670588284,1.2064549011788317,0.4345926552689355,1.2232207104922124,0.2912097028226023,0.007639920685334875,1.0468224511438202,0.5469072065829774,0.4728957263608282,0.13628654018937797,0.644518412035203,0.5626366283158692,1.0271300125272746,0.004558663990943438,0.8489941266419152,0.5749349225922543,0.6652012119404757,0.1556673040526178,1.2537003511131475,0.31879347915599937
Bmper,FALSE,TRUE,-0.0791128060025933,0.42328013817171,0.733357369203409,Not DE,-0.50953991261695,0.012615217705339,0.0747687177768416,Down after KD,BMP-binding endothelial regulator [Source:MGI Symbol;Acc:MGI:1920480],protein_coding,BMP signaling pathway; negative regulation of BMP signaling pathway; system development; tube development; regulation of angiogenesis; inner ear development; positive regulation of ERK1 and ERK2 cascade; regulation of protein localization; ureteric bud development; regulation of transmembrane receptor protein serine/threonine kinase signaling pathway; positive regulation of sprouting angiogenesis; positive regulation of SMAD protein signal transduction; blood vessel development; blood vessel endothelial cell proliferation involved in sprouting angiogenesis; regulation of endothelial cell migration; endothelial cell activation; SMAD protein signal transduction,NA,NA,NA,NA,NA,NA,NA,NA,NA,NA,NA,NA,NA,NA,NA,NA,NA,NA,NA,NA,NA,NA,NA,NA,NA,NA,NA,NA,NA,NA
Kirrel3,FALSE,TRUE,0.137716826394261,0.673368726370525,0.879245462717695,Not DE,0.550848948109196,0.0115105429812129,0.0697236988780024,Up after KD,kirre like nephrin family adhesion molecule 3 [Source:MGI Symbol;Acc:MGI:1914953],protein_coding,cell adhesion; cell-cell adhesion; synapse assembly; homophilic cell adhesion via plasma membrane adhesion molecules; neuron projection morphogenesis; hemopoiesis; hippocampus development; inter-male aggressive behavior; neuron migration; glomerulus morphogenesis; principal sensory nucleus of trigeminal nerve development,NA,NA,NA,NA,NA,NA,NA,NA,NA,NA,NA,NA,NA,NA,NA,NA,NA,NA,NA,NA,NA,NA,NA,NA,NA,NA,NA,NA,NA,NA
Spa17,FALSE,TRUE,-0.27455557450329,0.631653796749316,0.861722593561908,Not DE,0.833330504813963,0.03310982849921,0.147509650404921,Up after KD,sperm autoantigenic protein 17 [Source:MGI Symbol;Acc:MGI:1333778],protein_coding,binding of sperm to zona pellucida; single fertilization,5.819763960519068e-5,0.7650623845819214,0.0017237627250675457,0.26703553856439455,0.03760479909488572,0.2808193631798236,0.2223836672594634,1.0228798618269859,0.0077428802695379915,0.9173747056212435,0.6830731882542589,1.2933644451076949,0.26750378321199386,1.1750750986291,0.39820777962336606,0.007537436483626148,0.9226995206682228,0.528288411619279,0.4522327579584861,0.11829933345629186,0.6080453236667335,0.5143710020366137,1.0272886888309851,0.004445321260296208,0.8160660643618473,0.4642008912160685,0.6295208774180798,0.09419109875272735,1.2394631247539007,0.34248113359145144
Sorl1,TRUE,TRUE,1.22102132753804,4.07220140143337e-8,3.03939273727118e-6,Up after KD,0.761847655595579,4.00314998289689e-7,1.46997656514822e-5,Up after KD,"sortilin-related receptor, LDLR class A repeats-containing [Source:MGI Symbol;Acc:MGI:1202296]",protein_coding,"protein transport; endocytosis; protein targeting; cell migration; negative regulation of neurogenesis; negative regulation of cytokine-mediated signaling pathway; receptor-mediated endocytosis; negative regulation of BMP signaling pathway; negative regulation of protein-containing complex assembly; positive regulation of protein catabolic process; neuropeptide signaling pathway; retrograde transport, endosome to Golgi; endosome to plasma membrane protein transport; protein targeting to lysosome; amyloid-beta formation; protein localization to Golgi apparatus; diet induced thermogenesis; post-Golgi vesicle-mediated transport; negative regulation of triglyceride catabolic process; regulation of smooth muscle cell migration; protein retention in Golgi apparatus; positive regulation of insulin receptor signaling pathway; positive regulation of protein exit from endoplasmic reticulum; adaptive thermogenesis; positive regulation of endocytic recycling",3.46641002413279e-4,1.2276161439138524,0.02266920365185982,0.3634157233396527,0.10231695400344559,0.5671578757638509,0.5845134093414254,1.03091900723043,5.401042427836182e-4,1.1047560902407647,0.640408412234997,1.3429978345916873,0.21296396356620334,1.376849027003364,0.10908202269261164,0.003933907790835752,1.177477103276973,0.17661470996152395,0.5055799936548073,0.17731538733908256,0.7553292020929282,0.7146467253525188,1.0293387594062184,0.002785824385684229,0.7990114887444935,0.4198360112503314,0.7230951229930223,0.2649489604324785,1.275064908781297,0.2883909554893863
Sema7a,FALSE,TRUE,-0.800818671911099,2.63158140117648e-9,2.63656006869222e-7,Down after KD,-0.738788541221639,1.4361724766311e-12,1.76888576705063e-10,Down after KD,"sema domain, immunoglobulin domain (Ig), and GPI membrane anchor, (semaphorin) 7A [Source:MGI Symbol;Acc:MGI:1306826]",protein_coding,axon extension; nervous system development; cell differentiation; inflammatory response; positive regulation of ERK1 and ERK2 cascade; integrin-mediated signaling pathway; regulation of inflammatory response; positive regulation of protein phosphorylation; neuron projection development; axon guidance; negative chemotaxis; regulation of synapse maturation; positive regulation of axon extension; semaphorin-plexin signaling pathway; positive regulation of cell migration; neural crest cell migration; olfactory lobe development; positive regulation of macrophage cytokine production,0.0024284063286293873,0.6883716782992255,0.398983530818221,0.31482391289688766,0.06420933507972847,0.4472539732276644,0.4350387816263321,1.026170419605402,0.0026982590636827936,1.0333036746972672,0.8779646335209216,1.2611038009762339,0.32829919467453655,1.2432880630491907,0.2555253578946443,0.008362430482813436,0.8013680915786322,0.7232811858083564,0.5017853453005384,0.20152069744643913,0.6621145111250817,0.5888263902086542,1.0268162970264774,0.005342905255428108,0.8226223809690295,0.4946020184644803,0.6455839977144059,0.11762920383833607,1.247117066184296,0.3305847565989233
Coro2b,TRUE,TRUE,1.0411919896083,2.36059542446136e-4,0.00506798874815342,Up after KD,0.645119370754029,2.97401363504343e-7,1.14743060166232e-5,Up after KD,"coronin, actin binding protein, 2B [Source:MGI Symbol;Acc:MGI:2444283]",protein_coding,actin filament organization; regulation of actin cytoskeleton organization; negative regulation of cell-substrate adhesion; focal adhesion assembly; regulation of glomerular filtration; regulation of cellular response to stress; negative regulation of establishment of protein localization; positive regulation of establishment of protein localization,1.660742079323137e-4,1.200586366482111,0.010097918273008441,0.38235411053819846,0.12011692924830683,0.3401917252461254,0.2982802965543462,1.027221533945373,0.0019407769972174871,1.2222144209618497,0.36038339335573216,1.517108478625001,0.08990731176156774,1.3013327252519895,0.17567763811932996,0.00877431594960688,1.0031651057890856,0.968776730653712,0.47141098003609566,0.17054200284004833,0.6391438788481234,0.555881240173359,1.02666695165226,0.005444649082208437,0.8046519862494778,0.45280127037812357,0.6384993543461731,0.13657373071852086,1.2441135819217919,0.3516926922052233
Sema3b,FALSE,TRUE,1.0200677477835,0.053024362852227,NA,Not DE,2.46682156181241,0.0102555743813314,0.0640919193894623,Up after KD,"sema domain, immunoglobulin domain (Ig), short basic domain, secreted, (semaphorin) 3B [Source:MGI Symbol;Acc:MGI:107561]",protein_coding,negative regulation of developmental process; negative regulation of multicellular organismal process; regulation of anatomical structure morphogenesis; semaphorin-plexin signaling pathway; regulation of multicellular organismal development,0.0018857256161538228,1.2993164022019401,0.23650666818460456,0.3050723612504945,0.05601579731908539,0.5431138067279209,0.5576415959699331,1.0261160320699436,0.002703119392489482,0.9971494992183662,0.9890777559017924,1.2672485721620743,0.3165153046277075,1.256544040012079,0.23501955523561022,0.007263043008576231,1.1912159120840842,0.48156387119743804,0.4752990892251812,0.13844396226996947,0.6422813145728551,0.5568323114692629,1.0260843718272787,0.006754433932092543,0.769352381530892,0.35647872888413756,0.6410659664386505,0.10795130536140769,1.2251709652197826,0.3717980888821681
Sema3f,FALSE,TRUE,0.344490473106844,0.00605722239338808,0.0606868200332151,Not DE,0.550540050099531,1.22464321343314e-8,7.09812811550659e-7,Up after KD,"sema domain, immunoglobulin domain (Ig), short basic domain, secreted, (semaphorin) 3F [Source:MGI Symbol;Acc:MGI:1096347]",protein_coding,system development; semaphorin-plexin signaling pathway; axon guidance; negative chemotaxis; positive regulation of cell migration; neural crest cell migration; facial nerve structural organization; nerve development; axon extension involved in axon guidance; sympathetic ganglion development; sympathetic neuron projection extension; sympathetic neuron projection guidance; regulation of postsynapse organization; negative regulation of axon extension involved in axon guidance; trigeminal nerve structural organization; branchiomotor neuron axon guidance,0.00279511276615072,0.8182757129323454,0.5338689804322053,0.32746449054042753,0.07417387497126537,0.47783166178394093,0.47473372354866533,1.0260606406874087,0.002618179326671389,1.0284086036011408,0.8967867788191135,1.2477985973231573,0.35064603731467214,1.2272299545720722,0.2826403545882143,0.00718870925204765,1.2643147356303275,0.46465922634265694,0.4266264366110278,0.09923984808988628,0.6610714187328117,0.5850168077995508,1.0259959969954762,0.006933023964696572,0.7781449428661417,0.3706710603645353,0.5961531105828884,0.07677298495964101,1.233279978608974,0.3546631947686845
Col7a1,FALSE,TRUE,-0.295732608710225,0.363132458515735,0.690814559748184,Not DE,-0.71144209983233,1.15185275332655e-4,0.00189159818824071,Down after KD,"collagen, type VII, alpha 1 [Source:MGI Symbol;Acc:MGI:88462]",protein_coding,cell adhesion; extracellular matrix organization; collagen fibril organization,0.002943998080965179,0.8867492308031876,0.6153828664996276,0.3354885242050842,0.0855313230033634,0.46170315183026917,0.45339883815243825,1.025822106098789,0.0029664013273823803,1.0532243918743478,0.8280868800101353,1.2255407647990857,0.3836872558398714,1.2008147193105816,0.34227057024020807,0.00877170023637417,1.0122358600920565,0.961568600497455,0.46216505060948126,0.16287672785032367,0.6424218260995213,0.560134474301216,1.0265879085628087,0.005841930363796617,0.7966214240985172,0.4636478618237498,0.6353143167877364,0.10065819901126304,1.241981017588585,0.33946327201006987
Nhsl2,FALSE,TRUE,-1.73561596292335,0.0845006048053065,NA,Not DE,1.38465752806672,0.00989476550585863,0.0623312239431393,Up after KD,NHS like 2 [Source:MGI Symbol;Acc:MGI:3645090],protein_coding,cell differentiation,NA,NA,NA,NA,NA,NA,NA,NA,NA,NA,NA,NA,NA,NA,NA,NA,NA,NA,NA,NA,NA,NA,NA,NA,NA,NA,NA,NA,NA,NA
Pcdh19,FALSE,TRUE,-0.201787690098234,0.0150302521307485,0.112863898680658,Not DE,-0.695749350381164,8.08183538020979e-17,1.70642181313572e-14,Down after KD,protocadherin 19 [Source:MGI Symbol;Acc:MGI:2685563],protein_coding,homophilic cell adhesion via plasma membrane adhesion molecules; cell adhesion,NA,NA,NA,NA,NA,NA,NA,NA,NA,NA,NA,NA,NA,NA,NA,NA,NA,NA,NA,NA,NA,NA,NA,NA,NA,NA,NA,NA,NA,NA
Bex1,FALSE,TRUE,-0.249033607443342,0.00352854012922818,0.0411761750022525,Not DE,-0.680790190699957,3.43087023267038e-37,3.12050843316112e-34,Down after KD,brain expressed X-linked 1 [Source:MGI Symbol;Acc:MGI:1328321],protein_coding,nervous system development; cell differentiation; signal transduction; positive regulation of neuroblast proliferation; negative regulation of neuron differentiation; axon regeneration; negative regulation of protein ubiquitination; neurotrophin TRK receptor signaling pathway; axon development,0.0020127934400313153,1.0646122507232731,0.28222880753846297,0.35360822733313346,0.09785710572553272,0.45921792947895096,0.4501020852067352,1.0282805272781181,0.0014892025833276707,1.067387398601123,0.7652269594476693,1.213196484066297,0.40587659791007286,1.2760364502141166,0.20974108886754578,6.178763700281005e-5,0.7863364008304221,1.7680241060738253e-4,0.1745737629092629,0.0026240125174478864,0.7256276431383296,0.6750539536318083,1.0307282317260138,0.0010067722630883594,0.7236513920509144,0.24257461572438288,0.7106718541978502,0.2222530520437972,1.282490272924725,0.27136776936707535
Tbc1d8b,FALSE,TRUE,-0.301149707849939,0.500115275275982,0.782206272293639,Not DE,0.959560480826805,0.0131061233779158,0.0766024729710708,Up after KD,"TBC1 domain family, member 8B [Source:MGI Symbol;Acc:MGI:1918101]",protein_coding,vesicle-mediated transport; glomerular filtration,0.0020080322656175946,0.843864660621333,0.28481307159677804,0.30657064351690366,0.05790534306356587,0.46918305042513325,0.4627907105254648,1.0274840538482943,0.001626281972849043,1.1437027783041265,0.5826750713713859,1.3022539953820866,0.27335141867089435,1.2663541400794502,0.22255369358506594,0.00791696335341036,1.0783607292432136,0.5963674924204128,0.4120164588843536,0.11418952403753117,0.6628849300404897,0.5882917310755651,1.0262838355969641,0.0057685882655931124,0.7635611644547182,0.3567300777910634,0.6134547419679752,0.086635592509402,1.2517783557722257,0.32143040942786794
Lrch2,FALSE,TRUE,0.211577243417201,0.450161181825592,0.753488576728988,Not DE,-0.500834193764153,1.56320230005163e-4,0.0024448814809273,Down after KD,leucine-rich repeats and calponin homology (CH) domain containing 2 [Source:MGI Symbol;Acc:MGI:2147870],protein_coding,NA,NA,NA,NA,NA,NA,NA,NA,NA,NA,NA,NA,NA,NA,NA,NA,NA,NA,NA,NA,NA,NA,NA,NA,NA,NA,NA,NA,NA,NA,NA
Kctd12b,FALSE,TRUE,1.29339502671365,0.254180796859061,0.588268419801599,Not DE,1.11371930401918,0.00815701354585507,0.0536719689294326,Up after KD,potassium channel tetramerisation domain containing 12b [Source:MGI Symbol;Acc:MGI:2444667],protein_coding,protein homooligomerization; monoatomic ion transmembrane transport; nervous system development; regulation of G protein-coupled receptor signaling pathway,NA,NA,NA,NA,NA,NA,NA,NA,NA,NA,NA,NA,NA,NA,NA,NA,NA,NA,NA,NA,NA,NA,NA,NA,NA,NA,NA,NA,NA,NA
Mbtps2,FALSE,TRUE,0.367248363005605,0.0979262121706717,0.354303020688642,Not DE,-0.531719420307808,0.0391665655439773,0.164765116810075,Down after KD,"membrane-bound transcription factor peptidase, site 2 [Source:MGI Symbol;Acc:MGI:2444506]",protein_coding,proteolysis; lipid metabolic process; steroid metabolic process; cholesterol metabolic process; positive regulation of transcription by RNA polymerase II; mitotic G2 DNA damage checkpoint signaling; protein maturation; membrane protein intracellular domain proteolysis; positive regulation of cholesterol biosynthetic process; NLS-bearing protein import into nucleus; response to endoplasmic reticulum stress; regulation of response to endoplasmic reticulum stress; bone maturation; regulation of transcription by RNA polymerase II,0.0028903942864797597,0.8935728643412554,0.585623185819679,0.3451553824172259,0.09843813365990942,0.47814826274384725,0.4753972092179101,1.0269784470031653,0.0021046044270224217,0.9838290275077112,0.9375943055869487,1.2421708376781915,0.35964715638313816,1.2112208316888717,0.31439379723694866,0.001915759213767598,1.5520584750985087,0.03392383723157939,0.3465913730764162,0.040926958137600174,0.5905169732298814,0.49400528588426335,1.0264465613446807,0.004903078662316067,0.9672042176976353,0.9094675306886891,0.6664065881805004,0.14467542009056863,1.2265516267383376,0.36774825255752336
Nhs,FALSE,TRUE,-0.451968087700829,0.216291455731056,0.54106784325455,Not DE,0.667279778734073,0.0201511029009684,0.104548767310685,Up after KD,NHS actin remodeling regulator [Source:MGI Symbol;Acc:MGI:2684894],protein_coding,lens development in camera-type eye; cell differentiation,NA,NA,NA,NA,NA,NA,NA,NA,NA,NA,NA,NA,NA,NA,NA,NA,NA,NA,NA,NA,NA,NA,NA,NA,NA,NA,NA,NA,NA,NA
