"","p_val","avg_log2FC","pct.1","pct.2","p_val_adj"
"HSPA1A",0,-2.44943718208538,0.145,0.562,0
"HSPA1B",0,-2.12403666445944,0.102,0.51,0
"HSPB1",0,-2.06257024611648,0.074,0.406,0
"HSP90AA1",0,-2.04829398363457,0.469,0.787,0
"XIST",0,3.5472716822683,0.847,0.004,0
"USP9Y",0,-1.58185752074684,0.002,0.373,0
"UTY",0,-1.90918893035029,0.002,0.447,0
"NLGN4Y",0,-1.95980160434294,0.004,0.378,0
"TTTY14",0,-1.94373721458953,0.013,0.403,0
"NEAT1",5.34444101341103e-243,-2.07100798538751,0.7,0.761,1.95611885531857e-238
"DNAJB1",1.78628921838752e-232,-1.56589468760701,0.105,0.391,6.53799716822017e-228
"FKBP5",1.42978090916609e-225,-2.23791089257798,0.085,0.348,5.23314110563881e-221
"TRIM2",1.16415005583872e-224,1.48911768633697,0.694,0.374,4.26090561937531e-220
"HSPH1",1.00397674378055e-202,-1.28823227198321,0.261,0.518,3.67465527991118e-198
"ARL17B",8.21709980231637e-202,-1.43485802936062,0.163,0.422,3.00754069864582e-197
"PTGES3",1.16134956069345e-201,-1.61225426965194,0.325,0.558,4.2506555270941e-197
"DDX3Y",1.10698192336058e-187,-0.722702020957529,0,0.157,4.05166453769206e-183
"DPH6",5.31287611301933e-182,0.88623656822158,0.459,0.146,1.9445657861262e-177
"LINC00278",1.49645041631013e-177,-1.10716240664252,0,0.15,5.47715816873672e-173
"NAALADL2",1.38302502442737e-171,1.02044237137425,0.61,0.294,5.06200989190661e-167
"APIP",1.0881612032906e-164,0.60775600740677,0.326,0.062,3.98277882016394e-160
"LINC01184",4.99928839426173e-164,0.689837484744179,0.425,0.129,1.82978954518374e-159
"LUC7L2",1.74476267367268e-163,0.591153178070085,0.549,0.234,6.38600586190938e-159
"ABHD3",2.65521028722776e-159,-1.60951532152042,0.218,0.446,9.71833517228232e-155
"TTTY10",3.21553542560091e-154,-0.537416896847976,0.003,0.138,1.17691812112419e-149
"CCDC7",6.17745070836864e-151,0.768692110383617,0.505,0.209,2.26100873377001e-146
"MIR4300HG",7.3552147025758e-150,1.71464575226351,0.357,0.106,2.69208213328977e-145
"HSP90AB1",2.17062918694873e-147,-1.46435613971063,0.258,0.466,7.94471988715105e-143
"SPP1",4.70590609583097e-147,-2.16571208530339,0.046,0.226,1.72240869013509e-142
"ETV5",6.77938836042127e-145,0.568090384652562,0.362,0.097,2.48132393379779e-140
"STK33",6.92281401889628e-144,1.05521259122166,0.331,0.091,2.53381915905623e-139
"TARBP1",6.8644403533807e-142,0.59246995637387,0.368,0.11,2.51245381374087e-137
"COMMD10",2.66178431573728e-141,0.736113049217537,0.548,0.246,9.74239677403003e-137
"JPX",1.5135916537633e-138,0.625440159475917,0.659,0.354,5.53989681193907e-134
"KDM6A",3.23925337114595e-136,0.616420779260229,0.609,0.307,1.18559912637313e-131
"STK39",4.22134869244784e-136,0.733941866047154,0.448,0.178,1.54505583492283e-131
"SPRED1",4.07458197698426e-135,0.692022304293857,0.645,0.344,1.49133774939601e-130
"SCFD2",5.20849737712447e-135,0.651947759264378,0.48,0.199,1.90636212500133e-130
"KDM5D",1.13734045078093e-134,-0.437448746654792,0,0.114,4.16277978390328e-130
"PREX2",1.28822442654465e-134,1.1092085622094,0.604,0.356,4.71503022359608e-130
"ACYP2",1.53652050582983e-133,0.675227113312637,0.593,0.295,5.62381870338775e-129
"GPCPD1",9.09363334838637e-132,1.21262238977765,0.387,0.13,3.3283607418429e-127
"CHKA",1.69687463814445e-128,0.598015786363673,0.555,0.261,6.2107308630725e-124
"STIP1",4.29553630402817e-127,-1.13368106282251,0.137,0.332,1.57220924263735e-122
"HGSNAT",2.13819290516632e-126,0.42629598692677,0.319,0.084,7.82599985219925e-122
"KIAA1328",8.18248868239515e-125,0.584226389172154,0.488,0.21,2.99487268264345e-120
"EPM2A",1.40110691241196e-122,0.580213958799484,0.313,0.086,5.12819141011903e-118
"AC008691.1",2.07719406674183e-120,1.85438991947534,0.207,0.026,7.60273800368177e-116
"ULK4",1.94695418491267e-117,0.522545434841362,0.36,0.122,7.12604701219885e-113
"MYO6",2.19805671138289e-117,0.616828577992028,0.631,0.354,8.04510736933252e-113
"DYNC2H1",1.13520499317277e-116,0.644076551435832,0.438,0.184,4.15496379551167e-112
"MIR99AHG",1.08880079282897e-115,0.839523978451973,0.811,0.592,3.9851197818333e-111
"PCDH11Y",7.27497028881764e-115,-1.38889911989839,0.038,0.182,2.66271187541014e-110
"ENOSF1",4.34404370119948e-114,0.594684048918764,0.272,0.067,1.58996343507602e-109
"METTL15",3.98163756695165e-112,0.567437287530296,0.505,0.243,1.45731916587997e-107
"DCHS2",6.81663439564021e-112,0.693334699898101,0.21,0.033,2.49495635514827e-107
"RFX3-AS1",1.66578278837339e-111,0.558948748148958,0.324,0.103,6.09693158372544e-107
"CHORDC1",2.8589593059653e-111,-1.21411491389205,0.235,0.411,1.04640769557636e-106
"CRYL1",7.29072757486683e-111,0.485873603792357,0.29,0.079,2.66847919967701e-106
"DIS3L2",1.97725844558484e-110,0.44333782505878,0.455,0.195,7.23696363668506e-106
"DDHD1",2.30985575964943e-110,0.463303843675017,0.422,0.172,8.45430306589289e-106
"TASP1",3.57491324944307e-110,0.400616838312098,0.355,0.122,1.30845399842866e-105
"VWA8",4.30355343164484e-110,0.635519877391128,0.557,0.299,1.57514359151633e-105
"GLCE",2.39194819433968e-109,0.55056738678686,0.3,0.085,8.75476958610268e-105
"ITFG1",2.7183554029314e-109,0.551186750143683,0.666,0.4,9.9494526102692e-105
"FTX",3.68772178516031e-109,0.516123545706588,0.859,0.699,1.34974305058653e-104
"DTWD2",1.77988519469395e-108,0.41519163405508,0.271,0.069,6.51455780109932e-104
"JAK1",4.31480506180737e-108,0.470753945678972,0.62,0.346,1.57926180067212e-103
"ZNF714",5.20487172635803e-108,0.358289833848333,0.244,0.052,1.9050351005643e-103
"SREBF2",1.86316846390428e-107,0.494669364788113,0.471,0.215,6.81938289473605e-103
"MYEF2",2.32566721629501e-107,0.500409644023153,0.364,0.136,8.51217457836138e-103
"MIPEP",1.03455077681362e-106,0.408052123292119,0.259,0.061,3.78655929821551e-102
"FKBP4",1.0027803181359e-105,-0.822487689954138,0.048,0.193,3.6702762424092e-101
"CCSER2",1.00824135717191e-104,0.466473572578876,0.569,0.295,3.69026419138491e-100
"GAREM1",1.08141899689348e-104,0.715423394092167,0.533,0.282,3.95810167052981e-100
"WSB1",2.61762697533395e-104,0.421429487980731,0.658,0.382,9.58077649241979e-100
"ZMAT1",1.30062621883853e-103,0.508543281516748,0.41,0.169,4.76042202357089e-99
"NMD3",2.23590697267451e-103,0.50593220667614,0.293,0.088,8.18364311068597e-99
"SPATA7",6.73214489306915e-103,0.372269401584496,0.318,0.103,2.46403235231224e-98
"C1QC",3.05366358920691e-102,-1.20619942420358,0.024,0.146,1.11767141028562e-97
"ADK",4.28890597900582e-102,0.556877447747915,0.602,0.349,1.56978247737592e-97
"PCCA",7.73472994462771e-102,0.560187027890817,0.652,0.393,2.83098850703319e-97
"FTL",2.40318006877054e-101,-1.76207267238057,0.305,0.46,8.79587936970705e-97
"LRRC28",5.94057035780011e-101,0.433500415106814,0.345,0.125,2.17430815665842e-96
"TSIX",8.34149946176909e-101,0.307250458437943,0.139,0.003,3.0530722180021e-96
"MSH3",1.68111930519544e-100,0.421167249781074,0.41,0.173,6.15306476894584e-96
"SLC25A36",4.27339963455583e-100,0.38678047033149,0.393,0.158,1.56410700024378e-95
"WDPCP",5.23021899451353e-100,0.527479248022875,0.54,0.284,1.9143124541819e-95
"GOLGA8B",7.12620341331622e-100,0.346287958826763,0.308,0.099,2.60826171130787e-95
"PPM1H",4.47641924353473e-98,0.657372470458388,0.377,0.155,1.63841420732615e-93
"GPATCH2",5.95021439031922e-98,0.430455015130453,0.339,0.122,2.17783796900074e-93
"SLC11A1",6.12821434321452e-98,-1.09307753328326,0.013,0.12,2.24298773175994e-93
"SUCLG2",1.09906107378609e-97,0.563522853699907,0.361,0.142,4.02267343616447e-93
"RSRC1",2.01302589036496e-97,0.501105781228658,0.436,0.195,7.36787606132478e-93
"SLC30A9",2.79119387694053e-97,0.394986752570478,0.428,0.188,1.021604870899e-92
"EML4",4.58784046123075e-97,0.389475269175424,0.415,0.174,1.67919548721507e-92
"PHKB",6.43528277433787e-97,0.411882734401448,0.517,0.26,2.3553778482354e-92
"RAPGEF6",8.19933164183246e-97,0.491254232618859,0.568,0.307,3.0010373742271e-92
"SLC4A4",9.2645143760575e-97,1.38261149064046,0.455,0.24,3.3909049067808e-92
"TMEM232",3.33715590700147e-96,0.492796649760251,0.471,0.228,1.22143243352161e-91
"WDR7",7.3742421753934e-96,0.463586981897931,0.591,0.345,2.69904637861574e-91
"ZBTB16",8.56227274184597e-96,-1.15955483774163,0.378,0.517,3.13387744624304e-91
"CDH11",1.52109212708031e-95,0.652063788565723,0.424,0.196,5.56734929432663e-91
"LINC01376",1.86033653872001e-95,0.563687445157454,0.189,0.032,6.80901776536909e-91
"PPIP5K2",2.30361076280629e-95,0.465072719106538,0.404,0.173,8.43144575294731e-91
"LRP6",2.65335281991305e-95,0.469119906324554,0.458,0.218,9.71153665616376e-91
"PTN",2.73857870413995e-95,0.91357834565339,0.5,0.293,1.00234719150226e-90
"CCDC14",6.55619452907874e-95,0.397670964062241,0.341,0.126,2.39963275958811e-90
"EFCAB6",8.05757023366078e-95,0.347126149357297,0.21,0.043,2.94915128122218e-90
"ICA1",2.59558851013485e-94,0.402025096599509,0.26,0.074,9.50011350594455e-90
"ZNF407",9.50493441632512e-94,0.454315772606202,0.494,0.246,3.47890104571916e-89
"FRS2",1.28019251420134e-93,0.424230410347818,0.464,0.218,4.68563262122833e-89
"FAM172A",5.1226656541213e-93,0.495016894124327,0.683,0.438,1.87494685606494e-88
"RNGTT",6.44558908842106e-93,0.417584908251501,0.466,0.229,2.35915006225299e-88
"ZNF280D",3.96422718311797e-92,0.414260184677862,0.598,0.334,1.45094679129301e-87
"ARFIP1",4.23784284171994e-92,0.343488526865072,0.439,0.197,1.55109285849791e-87
"RBFOX2",4.933494266652e-92,0.516239293058107,0.623,0.396,1.8057082365373e-87
"LANCL1",6.4838174268729e-92,0.63993010177304,0.362,0.148,2.37314201640975e-87
"C1orf61",1.49575335788926e-91,0.747606755800841,0.476,0.269,5.47460686521049e-87
"BAG3",2.67299170929012e-91,-0.871215159955847,0.064,0.205,9.78341695517277e-87
"COG6",2.75211220212034e-91,0.380175285325218,0.368,0.149,1.00730058709807e-86
"CEP85L",3.46243054691466e-91,0.658152360733291,0.601,0.362,1.26728420447623e-86
"GMDS",5.29432117058582e-91,0.567846565566515,0.441,0.21,1.93777449164612e-86
"EML1",6.18310689141712e-91,0.518724458931791,0.277,0.087,2.26307895332758e-86
"ENTPD1",7.30361049978078e-91,0.754343158199694,0.286,0.098,2.67319447902476e-86
"LPGAT1",7.60912982002941e-91,0.608156967768208,0.409,0.182,2.78501760542896e-86
"TET1",1.42889909197459e-90,0.432949538877617,0.304,0.107,5.22991356653619e-86
"TMEM135",1.96306543243172e-90,0.440975470052338,0.532,0.282,7.18501578924335e-86
"APC",8.10131682935728e-90,0.729020808970993,0.645,0.418,2.96516297271306e-85
"NALCN",1.5235088427357e-89,0.611508455247764,0.499,0.274,5.57619471529694e-85
"TBC1D32",1.76610863688241e-89,0.4968141933583,0.424,0.198,6.46413422185332e-85
"RCOR3",6.10903821424974e-89,0.36710018495466,0.467,0.226,2.23596907679755e-84
"C1QB",8.8467974882689e-89,-1.14271803052142,0.029,0.144,3.2380163486813e-84
"SNX24",1.56344482342686e-88,0.465959778824234,0.311,0.113,5.72236439822465e-84
"LRRFIP2",1.89013924392561e-88,0.458752409985134,0.536,0.294,6.91809864669212e-84
"SLC25A13",2.7803879338753e-88,0.408453076502744,0.393,0.17,1.0176497876777e-83
"LRRC49",5.58939982765411e-88,0.390085259844623,0.334,0.127,2.04577623091968e-83
"FKTN",7.4356811877173e-88,0.296234156372082,0.259,0.077,2.72153367151641e-83
"PHLPP1",8.50230344156535e-88,0.540984457653097,0.668,0.434,3.11192808264733e-83
"RNF38",1.15623947296897e-87,0.351698534640572,0.489,0.244,4.23195209501374e-83
"UBAC2",1.19233284206006e-87,0.401480144932592,0.459,0.221,4.36405743522401e-83
"ODF2L",1.28623233411173e-87,0.381557198429795,0.314,0.114,4.70773896608234e-83
"FSTL5",1.47067725692357e-87,0.753707030168752,0.327,0.124,5.38282582806596e-83
"DCLK2",3.26183127118805e-87,0.562402639902906,0.578,0.338,1.19386286356754e-82
"ZFX",3.27481101644614e-87,0.279803204673625,0.337,0.129,1.19861358012945e-82
"C5orf64",4.08382950602516e-87,0.638355753597088,0.245,0.073,1.49472243750027e-82
"NDUFS4",7.16124773036425e-87,0.332733048100522,0.374,0.158,2.62108828179062e-82
"PDE4D",9.31957679191741e-87,0.684895682665049,0.727,0.514,3.41105830160969e-82
"TVP23C",9.7667530851193e-87,0.329080116013077,0.365,0.149,3.57472929668451e-82
"SHC3",2.30084524895064e-86,0.597156157889895,0.353,0.154,8.42132369568425e-82
"AIG1",3.23213876241378e-86,0.44549635370571,0.518,0.281,1.18299510843107e-81
"KIFAP3",3.85124811589326e-86,0.468723648722419,0.442,0.222,1.40959532289809e-81
"TMCC1",5.53795707983338e-86,0.448681991513918,0.604,0.359,2.02694767078982e-81
"DMXL1",6.18910064396796e-86,0.416273097040582,0.535,0.291,2.26527272669871e-81
"DNAJC10",7.88444877131455e-86,0.345993827182388,0.265,0.082,2.88578709478884e-81
"AC004158.1",1.37342395278044e-85,0.528454418920011,0.26,0.083,5.02686900957168e-81
"METTL25",1.95036555159976e-85,0.334293269888758,0.343,0.137,7.13853295541026e-81
"NREP",2.46341942784347e-85,0.353541388486983,0.245,0.071,9.01636144784989e-81
"SUMF1",3.57932043724953e-85,0.469996671692661,0.49,0.255,1.3100670732377e-80
"RHOJ",5.32544028203013e-85,0.659005984240282,0.321,0.133,1.94916439762585e-80
"WDR70",9.38592848924698e-85,0.426741132225275,0.598,0.355,3.43534368634929e-80
"PDE7B",1.27030719305365e-84,0.555453680132668,0.533,0.316,4.64945135729565e-80
"UBR3",1.65465392681589e-84,0.410213466675769,0.668,0.433,6.05619883753883e-80
"PTBP2",2.79726374891913e-84,0.464124276926108,0.604,0.354,1.02382650474189e-79
"AKAP6",3.09316370603787e-84,0.634916842541974,0.58,0.357,1.13212884804692e-79
"SPRED2",3.9386800282528e-84,0.335657629215128,0.462,0.225,1.44159627714081e-79
"SECISBP2",8.56780393214738e-84,0.304976091422226,0.29,0.099,3.13590191720526e-79
"DNAJA1",1.27906304474171e-83,-1.01781966075453,0.155,0.309,4.68149865005914e-79
"MNAT1",1.56769458137441e-83,0.476269655208947,0.547,0.319,5.73791893728848e-79
"SNED1",1.81378273769651e-83,0.879639887764092,0.287,0.108,6.63862619824301e-79
"CDC73",3.0383670126243e-83,0.310185065524182,0.45,0.221,1.11207271029062e-78
"CRYAB",3.88659100728414e-83,-1.04307490293711,0.062,0.195,1.42253117457607e-78
"SLC4A8",4.23980387859652e-83,0.380235798429235,0.29,0.102,1.55181061760511e-78
"SERGEF",4.97641116803698e-83,0.339474378702769,0.369,0.159,1.82141625161322e-78
"ATP9B",6.03743741584427e-83,0.429104339085213,0.566,0.324,2.20976246857316e-78
"ABCD3",6.04332825208663e-83,0.43636854072413,0.353,0.149,2.21191857354623e-78
"ACACA",9.26679420443406e-83,0.453577638013499,0.564,0.329,3.39173934676491e-78
"PUDP",1.04751605861748e-82,0.391650536618459,0.257,0.083,3.83401352614585e-78
"PSD3",1.65105630895172e-82,0.499490168662833,0.677,0.447,6.04303119639421e-78
"PIGL",2.45623922428911e-82,0.289527883219592,0.278,0.093,8.99008118482056e-78
"DDX10",3.81430133557145e-82,0.365696670039657,0.333,0.132,1.39607243183251e-77
"AFF3",3.92984242911648e-82,0.482647293675502,0.457,0.233,1.43836162748092e-77
"BAALC",5.22316411540913e-82,0.391112545507658,0.403,0.19,1.9117302978809e-77
"CENPP",5.64682867757913e-82,0.612983081971048,0.361,0.157,2.06679576428074e-77
"ELOVL6",7.35410714958869e-82,0.412019513998777,0.326,0.13,2.69167675782095e-77
"VEZT",9.96234488894916e-82,0.3053926264656,0.448,0.218,3.64631785280428e-77
"P4HA1",1.00816944466631e-81,-1.3600396078415,0.377,0.496,3.69000098442316e-77
"KAT6B",1.43796834784051e-81,0.411226313395397,0.534,0.297,5.26310794993104e-77
"NAV2",2.32654737800274e-81,0.600062459475262,0.686,0.48,8.51539605822781e-77
"CD2AP",2.47682897468895e-81,0.344340209488094,0.311,0.115,9.06544173025904e-77
"SOBP",3.70965636478167e-81,0.509955876382847,0.545,0.325,1.35777132607374e-76
"PRDM5",5.46142952165036e-81,0.410377851757878,0.224,0.063,1.99893781921925e-76
"CPEB2",1.02398735290844e-80,0.38399815967104,0.458,0.229,3.74789611038019e-76
"PDE8A",1.67008257099028e-80,0.467399830178448,0.553,0.308,6.11266921808152e-76
"ANTXR1",1.99343691722598e-80,0.452817513600661,0.413,0.2,7.29617846073883e-76
"GFOD1",5.47156734184057e-80,0.40096467163419,0.323,0.13,2.00264836278707e-75
"MKNK2",7.17302489991543e-80,-0.800176105149604,0.081,0.218,2.62539884361805e-75
"CCPG1",7.22568178164529e-80,0.326026361122278,0.323,0.128,2.64467178889999e-75
"STOX2",1.11706603695252e-79,0.482264217361689,0.365,0.161,4.08857340184991e-75
"USP24",1.1546633665887e-79,0.476081813040978,0.586,0.348,4.22618338805131e-75
"PAMR1",1.33478398716771e-79,1.00294366065435,0.282,0.115,4.88544287143255e-75
"CD74",1.39670981430675e-79,-1.58292548286449,0.067,0.194,5.11209759134412e-75
"KIAA0825",1.50716918918184e-79,0.482133575290192,0.35,0.152,5.51638994932445e-75
"TRIM33",1.73297781666042e-79,0.324122840897368,0.477,0.247,6.34287210675879e-75
"SNRK",1.75244625367307e-79,0.495710936702561,0.39,0.181,6.4141285330688e-75
"LINC00342",1.90562625268329e-79,0.381619965731828,0.534,0.296,6.97478264744611e-75
"SMURF2",3.04589979348734e-79,0.342513799068419,0.51,0.273,1.1148297834143e-74
"TRIM66",3.39221148901456e-79,0.33458893896586,0.213,0.057,1.24158332709422e-74
"THSD7A",3.82883271655514e-79,0.725412318264697,0.457,0.255,1.40139106258635e-74
"CEBPD",6.19577639172316e-79,-0.925691174801332,0.034,0.144,2.26771611713459e-74
"LINC01473",7.57243611973785e-79,0.547640770385477,0.605,0.378,2.77158734418525e-74
"GFAP",9.28751559976053e-79,-1.61551047228867,0.07,0.202,3.39932358466835e-74
"TJP1",1.22197333254012e-78,0.4639792634922,0.713,0.489,4.47254459443009e-74
"ZFY",1.34883305827067e-78,-0.370835386982652,0.013,0.102,4.93686387657647e-74
"PIR",1.3493038926292e-78,0.422737960274075,0.238,0.073,4.93858717741212e-74
"ZNF644",1.83072922634775e-78,0.338786548577086,0.574,0.329,6.70065204135542e-74
"ANKFN1",2.94621973165798e-78,0.459079329074626,0.28,0.104,1.07834588398414e-73
"GSK3B",3.11181290773042e-78,0.387980187936038,0.649,0.421,1.13895464235841e-73
"COA1",3.27898811918329e-78,0.32065612534569,0.394,0.181,1.20014244150228e-73
"FAM106A",4.20432895943106e-78,0.305950345139441,0.311,0.122,1.53882644244136e-73
"FAM228B",4.5454135259121e-78,0.25096998827305,0.345,0.141,1.66366680461909e-73
"CHM",4.60531566550157e-78,0.360378834728416,0.373,0.167,1.68559158673023e-73
"LINC01278",5.3845944804404e-78,0.462073316605192,0.522,0.304,1.97081542578599e-73
"BTBD9",8.51835418066373e-78,0.271492876493339,0.621,0.378,3.11780281366473e-73
"ZNF518A",9.58378550116778e-78,0.378276440229533,0.556,0.316,3.50776133128242e-73
"WLS",9.61454381413323e-78,0.449815965838062,0.421,0.211,3.5190191814109e-73
"KCNIP1",1.11813279651062e-77,0.380217085983286,0.441,0.222,4.09247784850852e-73
"CDKAL1",1.5210941115413e-77,0.39703279964622,0.626,0.392,5.56735655765233e-73
"C2CD5",2.12547799331472e-77,0.400002271440336,0.497,0.275,7.77946200333119e-73
"CCDC102B",2.52260453365905e-77,0.312912204078095,0.228,0.067,9.2329848536455e-73
"NR3C2",2.84172685439135e-77,0.53867616968405,0.615,0.388,1.04010044597578e-72
"RPS6KC1",5.38698887441757e-77,0.339064605329829,0.513,0.285,1.97169179792558e-72
"TBCEL",6.05501872043013e-77,0.334504304626557,0.219,0.061,2.21619740186463e-72
"NR3C1",8.841214661155e-77,0.469617063650647,0.573,0.341,3.23597297812934e-72
"CAMK4",1.43672039812875e-76,0.525648846894066,0.35,0.157,5.25854032919103e-72
"RTTN",1.46985897953667e-76,0.537532425654767,0.288,0.108,5.37983085100218e-72
"ME1",1.8502434983717e-76,0.482636683034044,0.397,0.194,6.77207622839027e-72
"FBXL4",2.94159880859382e-76,0.34806919186355,0.371,0.166,1.07665457993343e-71
"PARN",3.08193505847549e-76,0.295034502206108,0.343,0.143,1.12801905075262e-71
"MED14",4.14932822982148e-76,0.319756343048135,0.283,0.103,1.51869562539696e-71
"DTD1",5.55542887811636e-76,0.309593023642856,0.284,0.104,2.03334252367937e-71
"AKAP11",5.93033825144622e-76,0.326542418651707,0.368,0.164,2.17056310341183e-71
"THADA",6.42228239017122e-76,0.300166010495011,0.445,0.221,2.35061957762657e-71
"FARSB",7.63125465561784e-76,0.280602984275133,0.245,0.078,2.79311551650268e-71
"APOC1",8.38041605131767e-76,-0.918715922614204,0.02,0.114,3.06731607894278e-71
"LINC01006",8.80040870559837e-76,0.37127046973917,0.183,0.042,3.22103759033606e-71
"POU2F1",1.38493075609551e-75,0.412540100293932,0.623,0.392,5.06898506038518e-71
"SENP6",1.53825601535786e-75,0.377845979790377,0.663,0.415,5.63017084181131e-71
"NLK",1.64125197084687e-75,0.442946273349646,0.519,0.289,6.00714633849664e-71
"COX10-AS1",1.89631913598296e-75,0.402487095734364,0.306,0.121,6.94071766961122e-71
"IMMP1L",2.27924486500648e-75,0.347984025581675,0.284,0.107,8.34226413041023e-71
"MIR100HG",3.23725014947784e-75,0.566166697494831,0.616,0.392,1.18486592721038e-70
"USP25",5.84456789506939e-75,0.313734024365836,0.466,0.246,2.13917029527435e-70
"MCC",7.79674293274776e-75,0.572787253427687,0.438,0.237,2.85368588081501e-70
"LPAR1",8.09403175244553e-75,0.798601670885198,0.282,0.111,2.96249656171259e-70
"CMSS1",9.25260543141518e-75,0.372450969649557,0.384,0.181,3.38654611395227e-70
"GPC6",1.38662613046317e-74,0.930951522125251,0.355,0.174,5.07519030010826e-70
"GALNT11",1.52725474371997e-74,0.326544913037495,0.328,0.136,5.58990508748948e-70
"CPQ",1.70078949550965e-74,0.514896108178108,0.483,0.261,6.22505963251487e-70
"NT5DC1",1.91253647676207e-74,0.473925684950056,0.358,0.163,7.00007475859684e-70
"WIF1",2.02016996842605e-74,1.00588732071254,0.228,0.079,7.39402410143619e-70
"TRPC1",2.29626606979851e-74,0.421711861522472,0.456,0.24,8.40456344206953e-70
"SCG3",2.82322005239067e-74,0.581195804765697,0.358,0.168,1.03332677137551e-69
"DAAM2",3.18247226557235e-74,0.690862468625421,0.333,0.153,1.16481667392214e-69
"RIC1",3.32862701762021e-74,0.332046995028264,0.396,0.186,1.21831077471917e-69
"BDH1",4.30147978170632e-74,0.263876619298261,0.248,0.082,1.57438461490233e-69
"EXOC6B",4.72756246367629e-74,0.456690404556457,0.732,0.524,1.73033513733016e-69
"KLHL32",5.70710189179955e-74,0.41237109811474,0.48,0.266,2.08885636341755e-69
"UBC",5.82900492900432e-74,-1.00280264741444,0.169,0.319,2.13347409406487e-69
"FRMD6",7.39496805317948e-74,0.633837083849363,0.262,0.095,2.70663225714422e-69
"TDRD3",1.38956608883981e-73,0.381335568790223,0.488,0.264,5.0859508417626e-69
"RALGAPA1",1.52634595964673e-73,0.266202662909518,0.666,0.432,5.58657884690299e-69
"CUL3",2.95858216035678e-73,0.261667865055504,0.502,0.266,1.08287065651219e-68
"VPS13B",3.5589302137241e-73,0.330424037394818,0.679,0.459,1.30260404752516e-68
"ATRN",3.73151065628211e-73,0.331022182628479,0.441,0.224,1.36577021530582e-68
"URI1",5.80172256304951e-73,0.391093532631941,0.412,0.203,2.12348847530175e-68
"DNAJB2",8.84332715784411e-73,-0.995598566356192,0.113,0.251,3.23674617304252e-68
"IQGAP1",9.09894695129237e-73,0.43263849737412,0.297,0.118,3.33030557364252e-68
"DGKB",1.38102117084916e-72,0.851907829270954,0.416,0.224,5.05467558742502e-68
"MAPKAP1",1.57627281719892e-72,0.260015150278231,0.463,0.238,5.76931613822978e-68
"MRPS6",1.84287502858645e-72,-1.00291140908831,0.212,0.346,6.74510689212928e-68
"SYNDIG1",2.32719627656689e-72,1.07740297399305,0.351,0.167,8.51777109186246e-68
"IFT80",2.3331018447576e-72,0.339495476242582,0.293,0.114,8.53938606199728e-68
"APOE",2.47218088268145e-72,-1.64628625043325,0.27,0.389,9.04842924870236e-68
"CACNA2D1",3.03390968296079e-72,0.728966669245759,0.524,0.322,1.11044128306048e-67
"CMC2",3.61155569682889e-72,0.277854262547723,0.293,0.114,1.32186550059634e-67
"CD38",4.66089060041493e-72,0.541259058828454,0.156,0.03,1.70593256865787e-67
"SLC12A2",5.52621945344893e-72,0.407067144955308,0.351,0.155,2.02265158215684e-67
"GRIK4",7.82573280514593e-72,0.433985282812046,0.381,0.186,2.86429646401146e-67
"ZNF248",9.60517714698879e-72,0.378715572216605,0.394,0.191,3.51559088756937e-67
"ABHD18",1.3525470613161e-71,0.305735093181678,0.365,0.164,4.95045749912307e-67
"ABCA10",1.72778823587302e-71,0.542994184694407,0.166,0.035,6.32387772211883e-67
"ABLIM1",2.34368548808427e-71,0.695663652503023,0.543,0.335,8.57812325493724e-67
"SH3BGRL2",2.66142853587907e-71,0.319120237947645,0.213,0.063,9.74109458417098e-67
"FGGY",2.88653305751068e-71,0.362367612374015,0.321,0.139,1.05649996437948e-66
"LNX1",3.24045338098158e-71,0.316977916121995,0.191,0.051,1.18603834197307e-66
"SLCO1C1",4.08284832751091e-71,0.825401075383935,0.272,0.116,1.49436331635227e-66
"ALMS1",4.86980605769247e-71,0.286439655065848,0.372,0.171,1.78239771517602e-66
"EEA1",7.32120689871975e-71,0.289022184235716,0.43,0.214,2.67963493700041e-66
"KLHDC1",9.17622738070355e-71,0.312776859887704,0.313,0.129,3.35859098361131e-66
"ARHGAP32",9.64328635322721e-71,0.352295028568596,0.631,0.405,3.52953923814469e-66
"MRPS28",1.49545151665507e-70,0.252489500962348,0.373,0.174,5.47350209610921e-66
"DNM1L",1.70143352008175e-70,0.300565634298034,0.43,0.218,6.2274168268512e-66
"FBXL17",2.41193506322929e-70,0.407885359439321,0.661,0.463,8.82792352492552e-66
"DMXL2",2.44013202617746e-70,0.302950869739273,0.452,0.24,8.93112722901211e-66
"SCFD1",2.54567323995867e-70,0.278064644178382,0.463,0.244,9.31741862557273e-66
"FAM184A",2.76958831936505e-70,0.658003732285643,0.406,0.216,1.0136970207708e-65
"AK5",3.28702840554154e-70,0.768607488131198,0.318,0.142,1.20308526671226e-65
"STRN3",3.6157637229228e-70,0.380616101742212,0.538,0.311,1.32340568022697e-65
"EXT1",4.11257163550488e-70,0.516312037145245,0.496,0.29,1.50524234431114e-65
"MAPK8",4.140089002439e-70,0.420790996003081,0.549,0.337,1.5153139757827e-65
"MICU3",4.6822599919708e-70,0.325231679529434,0.441,0.229,1.71375397966123e-65
"CEP112",5.4305554720943e-70,0.497317895155343,0.369,0.179,1.98763760834124e-65
"ZNF532",6.4556512904797e-70,0.340633227167896,0.527,0.304,2.36283292882847e-65
"ANO10",7.90614633491935e-70,0.337157760160178,0.399,0.195,2.89372862004383e-65
"UGGT2",8.4597641468591e-70,0.327903164693068,0.532,0.313,3.0963582753919e-65
"SPATA5",9.38129491158673e-70,0.351489244917415,0.343,0.154,3.43364775058986e-65
"VCL",9.89614004283294e-70,0.573696635312223,0.288,0.115,3.62208621707728e-65
"FAT3",1.38110941973934e-69,0.634720831546261,0.393,0.209,5.05499858718797e-65
"SLF2",1.47328053755875e-69,0.301202701699924,0.407,0.198,5.39235409551879e-65
"FBXL7",1.79726061032937e-69,0.623317595907679,0.581,0.378,6.57815355986652e-65
"PDCD6IP",2.32886591105258e-69,0.252044818240532,0.421,0.208,8.52388212104355e-65
"ZRANB2-AS2",3.20993052827327e-69,0.420071629469203,0.21,0.064,1.1748666726533e-64
"UACA",3.32473315809104e-69,0.839470999935066,0.232,0.079,1.2168855831929e-64
"TMBIM4",3.53080218455881e-69,0.353990533359638,0.305,0.125,1.29230890757037e-64
"NCKAP1",3.6487169545531e-69,0.356641429792311,0.548,0.327,1.33546689253598e-64
"FAR1",3.74228346880045e-69,0.261476684440328,0.473,0.253,1.36971317241565e-64
"PCNX1",3.90707678358581e-69,0.31309897432936,0.577,0.35,1.43002917356024e-64
"USP31",4.72477145802207e-69,0.254226993989429,0.216,0.066,1.72931360135066e-64
"TTC8",6.36737521111441e-69,0.275916804568821,0.246,0.088,2.33052300101998e-64
"LINC01102",6.40332091566709e-69,0.287926772949277,0.211,0.064,2.34367948834331e-64
"DENND1B",6.61380288421433e-69,0.281963875365837,0.319,0.139,2.42071799365129e-64
"ZNF721",7.46636370478778e-69,0.265364867839731,0.486,0.265,2.73276377958937e-64
"SCLT1",1.02199518939666e-68,0.357927813144035,0.504,0.281,3.74060459271073e-64
"SEMA6D",1.03022499613674e-68,0.463942540301235,0.388,0.197,3.77072650836008e-64
"ATL2",1.09408925673612e-68,0.275379205992348,0.397,0.194,4.00447608857986e-64
"LCLAT1",1.15190893634523e-68,0.359063400604158,0.286,0.114,4.21610189791718e-64
"MIB1",1.18138421263159e-68,-1.07379235302991,0.479,0.548,4.32398435665287e-64
"NUBPL",1.34129706495095e-68,0.360839603256307,0.373,0.179,4.90928138742697e-64
"TFB1M",1.50734347985062e-68,0.269965753098555,0.22,0.069,5.51702787060125e-64
"FOCAD",1.73952176409511e-68,0.381724980540184,0.437,0.239,6.3668236087645e-64
"ANKRD36",1.8015167887804e-68,0.353570475620177,0.479,0.264,6.59373159861513e-64
"PSPC1",2.75807281810811e-68,0.314489101373698,0.544,0.323,1.00948223215575e-63
"LRBA",4.10405292253187e-68,0.367029304467758,0.629,0.404,1.50212441017589e-63
"WDR17",5.75022304878324e-68,0.465591529922675,0.422,0.227,2.10463913808515e-63
"PLCB4",6.26871121074279e-68,0.857722699007507,0.32,0.148,2.29441099024397e-63
"CNIH3",6.27379081471314e-68,0.317669946302651,0.294,0.121,2.29627017609316e-63
"PPP2R2B",6.90521681460099e-68,0.626134302370044,0.705,0.551,2.52737840631211e-63
"DOCK1",7.19313160146212e-68,0.505895435387422,0.509,0.317,2.63275809745115e-63
"UVRAG",7.21412292273078e-68,0.341065954350048,0.566,0.329,2.64044113094869e-63
"ANKRD13C",9.69656162711791e-68,0.282238219409709,0.418,0.213,3.54903852114143e-63
"CEP83",9.92973761897371e-68,0.272504518432778,0.256,0.093,3.63438326592057e-63
"HIBCH",1.01792328861021e-67,-0.929003460251099,0.555,0.583,3.72570102864223e-63
"C2orf72",1.21618052018155e-67,0.333589373519314,0.245,0.089,4.45134232191649e-63
"BCAS3",1.30124983419446e-67,0.40145485291539,0.727,0.506,4.76270451813516e-63
"LDAH",1.40353980131792e-67,0.280560554612017,0.289,0.116,5.13709602680373e-63
"USP12",2.73517871106551e-67,0.303176688900674,0.302,0.126,1.00110276003709e-62
"MFF",3.21265728156902e-67,0.279388693455717,0.404,0.199,1.17586469162708e-62
"TBC1D19",4.15579733144472e-67,0.298670444197614,0.358,0.167,1.52106338128208e-62
"PDE1A",5.07743462694953e-67,1.0314910423969,0.214,0.072,1.8583918478098e-62
"AKT3",6.9564247416789e-67,0.38609015160386,0.778,0.573,2.54612101970189e-62
"HSPD1",7.27721918790717e-67,-0.928864525284195,0.178,0.314,2.6635349949659e-62
"ABCA5",7.36825330693499e-67,0.37871876040265,0.309,0.134,2.69685439287128e-62
"FTCDNL1",7.98629450351263e-67,0.411185380488305,0.212,0.068,2.92306365123066e-62
"ZNF736",1.079076672274e-66,0.295099345860791,0.294,0.121,3.94952852819006e-62
"SESTD1",1.08645027381775e-66,0.369550068710712,0.425,0.227,3.97651664720034e-62
"EXOC6",1.21829115106474e-66,0.411897137721372,0.437,0.231,4.45906744201207e-62
"EXOC1",1.2865838419016e-66,0.304416692562814,0.376,0.177,4.70902551974404e-62
"JMJD1C",1.30867863723022e-66,0.413542745070909,0.802,0.63,4.78989468012634e-62
"OSBPL6",1.7968865742771e-66,0.545432087446801,0.528,0.335,6.57678455051162e-62
"PPP1R9A",2.02978130156621e-66,0.498381641135088,0.592,0.392,7.4292025418625e-62
"SUGCT",7.06585372494053e-66,0.418891770200563,0.271,0.11,2.58617312186549e-61
"SYT14",7.32307903491451e-66,0.459278582804174,0.32,0.149,2.68032015756906e-61
"ATP8A1",7.60297623811859e-66,0.398791891187618,0.565,0.357,2.78276533291379e-61
"HECTD2",1.2829536502622e-65,0.25598237468996,0.396,0.196,4.69573865532469e-61
"RBM26",1.45836408442192e-65,0.295861688255354,0.629,0.41,5.33775838539267e-61
"PIK3CB",1.533795671492e-65,0.329277991363065,0.399,0.199,5.61384553722788e-61
"ZDHHC21",1.57298681181206e-65,0.300198199005698,0.54,0.327,5.75728902991331e-61
"ALS2",1.73791668904604e-65,0.285055375907346,0.263,0.101,6.36094887357741e-61
"C11orf49",2.39127528766911e-65,0.263955980789814,0.498,0.282,8.7523066803977e-61
"ATP6V1H",3.01691813874662e-65,0.273594486814947,0.414,0.211,1.10422220796265e-60
"MLLT10",3.06925602814917e-65,0.341383094199922,0.637,0.405,1.12337839886288e-60
"CYP7B1",3.94044404172726e-65,0.449583730384339,0.29,0.123,1.4422419237126e-60
"DOCK5",4.063594357646e-65,0.503397120275316,0.345,0.168,1.48731617084201e-60
"FBN1",7.45270715101748e-65,0.391841923425593,0.297,0.128,2.72776534434391e-60
"PHACTR1",7.85823950466958e-65,0.483330324725891,0.61,0.397,2.87619424110411e-60
"MTMR2",9.69802083226221e-65,0.39046029701203,0.296,0.127,3.54957260481629e-60
"PTPDC1",1.07077035920822e-64,0.275920783028175,0.196,0.058,3.91912659173802e-60
"MICU2",1.18673924762549e-64,0.265949622774525,0.423,0.219,4.34358432023405e-60
"CCDC171",1.75191051584869e-64,0.270244383649879,0.368,0.182,6.41216767905777e-60
"AKAP7",1.94931959912854e-64,0.352862834488516,0.393,0.199,7.13470466477037e-60
"PACRGL",2.13119669456308e-64,0.278708042839876,0.258,0.099,7.80039302177035e-60
"MARCH8",3.56240441405008e-64,0.273361668619256,0.283,0.117,1.30387563958647e-59
"ORC4",3.66471027281825e-64,0.295754767085728,0.434,0.233,1.34132060695421e-59
"ADGRA3",3.93028209511777e-64,0.555914602924259,0.335,0.163,1.43852254963405e-59
"SEMA6A",4.13868636797353e-64,0.54269533595817,0.347,0.17,1.51480059754199e-59
"ATG10",4.72778478699739e-64,0.359888279228826,0.368,0.183,1.73041650988892e-59
"EXOC4",4.80704043717823e-64,0.376300139437928,0.723,0.52,1.7594248704116e-59
"WFDC1",4.84591900799204e-64,0.373865668025299,0.153,0.034,1.77365481611516e-59
"LRRC8D",6.5733277345377e-64,0.292228023408797,0.457,0.246,2.40590368411814e-59
"PDZD8",6.97717488247191e-64,0.294497618496045,0.279,0.114,2.55371577873354e-59
"HUWE1",8.20891677667677e-64,0.300519434892086,0.436,0.232,3.00454562943146e-59
"SPEF2",8.71854115180157e-64,0.277871389202743,0.155,0.035,3.19107324697089e-59
"SAXO2",9.40493042231679e-64,0.253195998747788,0.164,0.04,3.44229858387217e-59
"MAP3K7",1.05661316949987e-63,0.267328749481564,0.376,0.182,3.86730986168649e-59
"MED27",1.27914664182418e-63,0.265129768277398,0.416,0.219,4.68180462374068e-59
"MON2",1.28119710278917e-63,0.309393855030704,0.61,0.381,4.68930951591863e-59
"SMAP1",1.52977814225282e-63,0.273530164682298,0.431,0.226,5.59914097845956e-59
"CLCN3",2.00524196011821e-63,0.260175403694172,0.41,0.212,7.33938609822866e-59
"RNF43",2.07954938509095e-63,0.436137074894182,0.147,0.032,7.6113587043714e-59
"RAPGEF5",2.91763614046813e-63,0.55967246657519,0.298,0.132,1.06788400377274e-58
"ZFHX4",7.59072679466543e-63,0.567851889721866,0.464,0.283,2.77828191411549e-58
"FAM171B",8.7902362770479e-63,0.386447090253683,0.455,0.251,3.2173143797623e-58
"MGMT",9.33444434640422e-63,0.407340633469,0.228,0.083,3.41649997522741e-58
"TOP2B",1.36341509839239e-62,0.32264625480636,0.413,0.216,4.990235601626e-58
"FGF1",1.44546408947993e-62,0.350758568658228,0.194,0.06,5.29054311390549e-58
"PTK2",1.64704552009455e-62,0.413469911696431,0.753,0.544,6.02835130809806e-58
"OXCT1",1.85152474972027e-62,0.267054390857995,0.252,0.095,6.77676573645117e-58
"FAF1",2.21281855923378e-62,0.326031985233155,0.73,0.515,8.09913720865157e-58
"ACBD6",3.75748212997035e-62,0.270088185043509,0.484,0.275,1.37527603439045e-57
"ZMYND11",4.01427763957696e-62,0.316222018051052,0.521,0.305,1.46926575886156e-57
"LYPLAL1",4.31814346912443e-62,0.332250482917374,0.425,0.225,1.58048369113423e-57
"ZFYVE16",5.5728897802225e-62,0.564617585245652,0.538,0.321,2.03973338845924e-57
"BACH2",7.54407959204431e-62,0.36754950443358,0.479,0.28,2.76120857148414e-57
"FHOD3",1.08946522494453e-61,0.317268824493755,0.405,0.217,3.98755166981948e-57
"DPYD",1.22790462003211e-61,0.510475397365266,0.337,0.16,4.49425369977954e-57
"PTPN14",1.36659524846734e-61,0.495755853868555,0.217,0.078,5.00187526891531e-57
"HSPE1",1.37748627839413e-61,-0.728326492416518,0.103,0.225,5.04173752755034e-57
"MAGI1",1.50256860140642e-61,0.337457140445014,0.682,0.468,5.49955133800765e-57
"CCND3",1.58353745486945e-61,-1.3238649445625,0.231,0.358,5.79590543856768e-57
"SLC6A1",1.94344556020897e-61,0.572508048118299,0.504,0.312,7.11320509492086e-57
"STIM2",2.46015307998628e-61,0.288422992867317,0.439,0.237,9.00440628805777e-57
"BTRC",2.71831151747683e-61,0.353359615155211,0.578,0.367,9.94929198511695e-57
"RGS20",2.84998291819755e-61,0.846219280698789,0.27,0.125,1.04312224788949e-56
"HS2ST1",2.94109304377286e-61,0.417872872104613,0.465,0.264,1.07646946495131e-56
"MTMR3",3.95447926537191e-61,0.264945742810516,0.461,0.251,1.44737895591877e-56
"CNTNAP4",3.98583727091419e-61,1.00705706339268,0.265,0.114,1.4588562995273e-56
"PTPRG",4.25918107372955e-61,0.632651959838697,0.648,0.484,1.55890286479575e-56
"GTDC1",5.01673647238518e-61,0.321798530173498,0.534,0.317,1.8361757162577e-56
"UBE3A",8.38353321360913e-61,0.2746526445011,0.501,0.285,3.06845699151308e-56
"ST6GALNAC3",8.430400755089e-61,0.73971196677702,0.487,0.298,3.08561098037012e-56
"DTNA",9.91851731402596e-61,0.590139327699468,0.685,0.508,3.63027652210664e-56
"GINS3",1.04644503873575e-60,0.284977495595561,0.115,0.016,3.83009348627672e-56
"DNAH14",1.07283599981919e-60,0.420843290350908,0.145,0.032,3.92668704293821e-56
"LINC00886",1.51132558459659e-60,0.27336280778326,0.152,0.036,5.53160277218199e-56
"EIF1B-AS1",2.11686393937984e-60,0.299454414621505,0.26,0.106,7.74793370452417e-56
"USP9X",2.29614626982729e-60,0.271214008727128,0.461,0.253,8.40412496219488e-56
"ANKRD28",3.0345234434415e-60,0.331570656148763,0.445,0.251,1.11066592553402e-55
"ZMYM4",3.64756032754626e-60,0.303345865925786,0.57,0.352,1.33504355548521e-55
"PRICKLE2",3.80990783922482e-60,0.488798652250442,0.501,0.308,1.39446436823468e-55
"EVI5",4.13581941199565e-60,0.264306408877448,0.555,0.335,1.51375126298453e-55
"CD81",5.57186894385328e-60,-1.00076004404199,0.228,0.349,2.03935975213974e-55
"CHIC1",8.10178264039268e-60,0.264238735901407,0.379,0.193,2.96533346421012e-55
"SH3D19",1.18896226670393e-59,0.486117346299647,0.414,0.227,4.35172079236306e-55
"ACTR3",1.39363043446362e-59,0.276456790878685,0.352,0.17,5.10082675318031e-55
"SNX29",1.73352621119529e-59,0.276304884188965,0.513,0.294,6.34487928559587e-55
"PHF20L1",2.71351166929073e-59,0.279255779087567,0.463,0.26,9.931724060771e-55
"GRM3",3.19405263077281e-59,1.07134979390007,0.416,0.269,1.16905520338916e-54
"MGAT4C",5.33806533895258e-59,0.673131504991349,0.42,0.259,1.95378529471003e-54
"DLEU1",6.6032133490579e-59,-1.7569764779637,0.165,0.284,2.41684211788868e-54
"BRINP2",7.57384626409781e-59,0.333388692202063,0.398,0.218,2.77210347112244e-54
"HIBADH",8.51789686580467e-59,0.272702224827171,0.356,0.175,3.11763543185317e-54
"ACSL6",8.65258474244553e-59,0.442361908175121,0.416,0.231,3.16693254158249e-54
"OSBPL9",1.09677195216566e-58,0.265555669070238,0.494,0.286,4.01429502212152e-54
"NEK3",1.55463330954689e-58,0.35818102892765,0.165,0.045,5.69011337627258e-54
"SETBP1",2.0501159812073e-58,0.285788609393725,0.518,0.311,7.50362950281683e-54
"ALDH1A1",2.12559441211149e-58,0.722154982346318,0.217,0.085,7.77988810776925e-54
"LINC01182",2.13670593666809e-58,0.351263745584422,0.138,0.03,7.82055739879889e-54
"NDFIP2",3.34289128371655e-58,0.286377147575175,0.215,0.077,1.22353163875309e-53
"NNT",5.01414838085695e-58,0.312115195581015,0.361,0.181,1.83522844887745e-53
"PIK3C2A",6.11849506371743e-58,0.383897409188791,0.465,0.269,2.23943037827122e-53
"COLGALT2",6.91413946546738e-58,0.442365784372681,0.3,0.137,2.53064418575572e-53
"FARS2",9.67532651312786e-58,0.274369247418895,0.541,0.332,3.54126625706993e-53
"PSMD14",1.17147288195453e-57,0.256245182938945,0.31,0.144,4.28770789524179e-53
"NBEAL1",1.18507337918161e-57,0.325506811467346,0.459,0.261,4.3374870751426e-53
"ZC3H6",1.25554674675977e-57,0.253869190018033,0.299,0.136,4.59542664781543e-53
"CAPS2",1.42735700366971e-57,0.349663859992914,0.376,0.196,5.2242693691315e-53
"GPD2",1.46514383538265e-57,0.263986026331999,0.4,0.213,5.36257295188404e-53
"BIRC6",1.65436202293973e-57,0.299532721903444,0.691,0.482,6.0551304401617e-53
"FNBP1",2.15946851566812e-57,0.393945310828897,0.645,0.418,7.90387071419689e-53
"HSPA4",2.4485894633139e-57,-0.949579375779741,0.193,0.312,8.9620822946752e-53
"ZMYM2",2.58113461789912e-57,0.28631185362833,0.628,0.411,9.44721081497255e-53
"HMGB1",2.93235541823794e-57,-1.23074771550215,0.547,0.564,1.07327140662927e-52
"ZRANB3",2.95044722442481e-57,0.309210072063583,0.263,0.111,1.07989318861172e-52
"SLC1A2",3.71674628128526e-57,1.279549118607,0.57,0.391,1.36036630641322e-52
"MARCH7",3.91816796947098e-57,0.279491268866106,0.45,0.248,1.43408865850607e-52
"PBX1",3.92014978327673e-57,0.421719728299627,0.639,0.439,1.43481402217712e-52
"DZIP3",4.32204251207876e-57,0.266227010740463,0.36,0.18,1.58191077984595e-52
"ARNT2",6.50298599861518e-57,0.364222575636516,0.567,0.368,2.38015790535314e-52
"FANCL",7.02116521280675e-57,0.298203982420462,0.325,0.155,2.5698166795394e-52
"MTMR10",7.26482887275596e-57,0.287728985586636,0.333,0.164,2.65900001571741e-52
"MMD2",7.63762409232167e-57,0.559037774965997,0.405,0.241,2.79544679403066e-52
"LAMC1",1.25998961807373e-56,0.322212234786981,0.235,0.092,4.61168800111164e-52
"LINC00299",1.97460435938111e-56,0.806947520408609,0.306,0.158,7.2272494157708e-52
"MFSD4B",2.10723374837157e-56,0.319806523947605,0.357,0.179,7.7126862424148e-52
"YTHDC2",2.15761090932753e-56,0.25045811892613,0.465,0.264,7.89707168922969e-52
"UNC13B",2.25769257501169e-56,0.367990514383124,0.222,0.084,8.26338059380027e-52
"SVIL",2.84723723130187e-56,0.633592035172773,0.215,0.079,1.0421172990288e-51
"IGF1",5.16931851428312e-56,0.38303375499852,0.16,0.045,1.89202226941277e-51
"NME7",5.33845381607557e-56,0.259835891914724,0.34,0.168,1.95392748122182e-51
"USP48",6.66817202425714e-56,0.250451432687271,0.413,0.223,2.44061764259836e-51
"ZNF521",8.56928501135606e-56,0.402296800132352,0.359,0.196,3.13644400700643e-51
"DNAJB6",1.03523571329409e-55,-1.08044994091738,0.332,0.427,3.78906623422769e-51
"ANKRD36C",1.15745699365483e-55,0.294426521367212,0.514,0.313,4.23640834247604e-51
"ZNRF2",1.18909151373434e-55,0.270376949654016,0.319,0.149,4.35219384941904e-51
"AUTS2",1.52405770141111e-55,0.386133473600021,0.825,0.662,5.57820359293481e-51
"HMGCS1",1.53353583247329e-55,0.296071732347004,0.195,0.067,5.61289450043548e-51
"GRID1",1.73189498042049e-55,0.379965972058201,0.592,0.405,6.33890881783705e-51
"TRPS1",1.8612717069646e-55,0.491340197775436,0.603,0.42,6.81244057466114e-51
"EIF4G3",1.99015842330758e-55,0.316516069677114,0.77,0.592,7.28417884514809e-51
"PIGN",2.19754457514992e-55,0.301539723646903,0.34,0.171,8.04323289950624e-51
"CTNND1",2.53106126584519e-55,0.276981642406646,0.497,0.294,9.26393733911997e-51
"ZNF609",2.9290002966906e-55,0.256076974035155,0.632,0.409,1.07204339859173e-50
"FBXW7",3.7883629702134e-55,0.295826184484641,0.465,0.269,1.38657873072781e-50
"ADD3",4.36567612539644e-55,0.397339525996701,0.594,0.388,1.59788111865635e-50
"EPC1",9.11383782590134e-55,0.255084103442353,0.581,0.365,3.33575578265815e-50
"R3HDM1",1.0226880782756e-54,0.372235054257469,0.572,0.372,3.74314063529651e-50
"UNC79",1.29153339124686e-54,0.471570290222321,0.458,0.289,4.72714136530263e-50
"PRDM11",1.33274652432821e-54,0.46951987529619,0.184,0.062,4.87798555369368e-50
"NOVA1",1.39477075682266e-54,0.34194113781238,0.6,0.396,5.10500044704661e-50
"SERPINH1",1.92199001112241e-54,-0.595913569470684,0.029,0.111,7.03467563970912e-50
"TFRC",2.29250586783222e-54,0.35602796380131,0.198,0.07,8.39080072685272e-50
"GABRA2",3.15725851939592e-54,0.584037771990928,0.354,0.196,1.1555881906841e-49
"LMBR1",3.6800436722227e-54,0.338031210303253,0.415,0.229,1.34693278447023e-49
"MFSD6",3.73738095927434e-54,0.324132426854943,0.203,0.072,1.367918804904e-49
"WWC2",3.98424443344929e-54,0.252382438064937,0.392,0.205,1.45827330508678e-49
"PAN3",4.70148027559126e-54,0.253566301308979,0.622,0.407,1.72078879566916e-49
"ZEB1",5.59213208631766e-54,0.594740671550884,0.612,0.436,2.04677626491313e-49
"CDK17",6.49136965627166e-54,0.258118240481565,0.438,0.248,2.37590620789199e-49
"NRXN1",6.76592083557167e-54,0.533880979856573,0.708,0.579,2.47639468502759e-49
"FEZ1",8.01034457576728e-54,0.301522241968792,0.289,0.134,2.93186621817658e-49
"RIMKLB",1.16004448226991e-53,0.619783003964635,0.371,0.194,4.24587880955608e-49
"RHOBTB1",1.18476855149339e-53,0.285040313169159,0.177,0.056,4.33637137532097e-49
"LRP8",1.3609913762898e-53,0.260108720402988,0.224,0.087,4.98136453635828e-49
"FOXP1",1.40425088127117e-53,0.490931561341568,0.512,0.314,5.13969865054061e-49
"HSD17B4",1.53336156517443e-53,0.286884965965748,0.411,0.226,5.61225666469492e-49
"CHN1",1.80266560832419e-53,0.298925451248578,0.429,0.241,6.59793639302738e-49
"BBS9",1.82148151685638e-53,0.408860405263086,0.647,0.442,6.66680449984602e-49
"SPATA6",2.57620189162744e-53,0.431098815759837,0.448,0.279,9.42915654354561e-49
"PNISR",2.58334318955594e-53,-0.869091508084365,0.675,0.666,9.45529440809371e-49
"FAT4",2.71150234427655e-53,0.268312077054761,0.166,0.051,9.9243697302866e-49
"PDLIM5",2.79476762384104e-53,0.481692155794448,0.447,0.27,1.02291289800206e-48
"NOS1AP",3.70787632058194e-53,0.304025298127982,0.277,0.125,1.35711981209619e-48
"XPR1",3.79248779113086e-53,0.274252820589359,0.491,0.292,1.38808845643181e-48
"INPP4B",4.12427581994406e-53,0.863479717289543,0.431,0.265,1.50952619285772e-48
"MTSS1",4.73256548591746e-53,0.407698829888537,0.486,0.296,1.73216629350065e-48
"OLA1",4.98120106789822e-53,0.277085076362829,0.444,0.252,1.82316940286143e-48
"FRYL",5.98986556824911e-53,0.344842879338605,0.635,0.428,2.19235069663486e-48
"LINC00461",6.21722928639955e-53,0.494301879852258,0.502,0.335,2.2755680911151e-48
"TXNIP",7.48534521829651e-53,-0.702009740355827,0.102,0.219,2.73971120334871e-48
"TBC1D4",1.08618820028831e-52,0.469904430894476,0.358,0.191,3.97555743187524e-48
"SMURF1",1.16881731546393e-52,0.268226662380495,0.419,0.232,4.27798825632955e-48
"ENAH",1.49660358693671e-52,0.323180170007519,0.445,0.259,5.47771878854706e-48
"SPON1",1.79346243588543e-52,0.495779329590359,0.324,0.173,6.56425186158426e-48
"DLG2",1.81084010497475e-52,0.461386428010065,0.824,0.659,6.62785586821807e-48
"TBL1XR1",2.61850602110918e-52,0.275322924425763,0.668,0.46,9.58399388786173e-48
"ZFR",2.68702918289623e-52,0.2616620382558,0.518,0.314,9.83479551231849e-48
"TLK1",2.82061886447299e-52,0.275165705022752,0.515,0.314,1.03237471058576e-47
"CBLB",3.7785462279271e-52,0.258882886550272,0.393,0.214,1.3829857048836e-47
"MAST4",4.37954882161266e-52,0.494067783619042,0.577,0.391,1.60295866419845e-47
"PLCL2",5.0714814824001e-52,0.573491127879224,0.397,0.228,1.85621293737326e-47
"KLF12",6.83406397023775e-52,0.383324767243863,0.567,0.386,2.50133575374672e-47
"HES1",7.49767594222131e-52,0.316161846017624,0.106,0.017,2.74422437161242e-47
"STS",8.68702194809921e-52,0.271938013720935,0.206,0.077,3.17953690322379e-47
"COPG2",9.65641606506103e-52,0.284359275252102,0.223,0.089,3.53434484397299e-47
"USP54",1.46315082144919e-51,0.276671287177929,0.434,0.248,5.3552783215862e-47
"ZBTB20",1.53845917509571e-51,0.335959687262865,0.857,0.678,5.63091442676782e-47
"ZNF438",1.71853624195297e-51,0.259776794512111,0.408,0.227,6.29001449917208e-47
"MYCBP2",3.04831403585854e-51,0.252974431068196,0.699,0.502,1.11571342026459e-46
"MSMO1",3.30509928655295e-51,0.270584729959303,0.142,0.038,1.20969938987124e-46
"BICD1",3.69993881382533e-51,0.388429027574509,0.588,0.396,1.35421460524821e-46
"ABLIM3",3.82557440742635e-51,0.300132971433762,0.263,0.119,1.40019848886212e-46
"LAMA4",4.24663590468849e-51,0.587607731814009,0.209,0.085,1.55431120747503e-46
"NEK7",4.36974643737289e-51,0.272199206686802,0.425,0.247,1.59937089354285e-46
"LINC01266",4.3947916414327e-51,0.801756330058164,0.171,0.059,1.60853768868078e-46
"SPAG16",4.65667240473484e-51,0.277566459521652,0.377,0.206,1.704388666857e-46
"NKAIN3",4.94844404590407e-51,0.818812363338722,0.488,0.358,1.81118000524135e-46
"BORCS5",5.56857485809383e-51,0.263383934615738,0.262,0.116,2.03815408381092e-46
"PPFIBP1",5.96923953152983e-51,0.37761492575155,0.339,0.177,2.18480136093523e-46
"DDIT4",6.97749799320783e-51,-0.546516752899239,0.045,0.135,2.553834040494e-46
"SLC22A15",7.39754729044979e-51,0.601877188007433,0.306,0.151,2.70757628377753e-46
"PLOD1",8.25377029834605e-51,-0.571282812571481,0.062,0.159,3.02096246689764e-46
"EFCAB11",8.97701645599672e-51,0.283990883859192,0.21,0.081,3.28567779305936e-46
"RCAN2",9.86442148948843e-51,0.618319354518329,0.302,0.155,3.61047690936766e-46
"CLASP2",9.88622586074813e-51,0.307145748827645,0.749,0.556,3.61845752729242e-46
"LYST",1.14196731165836e-50,0.338160261700174,0.496,0.304,4.17971455740077e-46
"BMP2K",1.35979670339377e-50,0.275933545309987,0.539,0.343,4.97699191409153e-46
"SLC44A1",2.00413543340682e-50,0.407733884725839,0.552,0.344,7.3353360998123e-46
"ARHGAP12",2.05562543502804e-50,0.309335532560757,0.438,0.254,7.52379465474611e-46
"TBC1D9",2.4211315307274e-50,0.255347661198198,0.25,0.107,8.86158351561534e-46
"ARHGEF3",2.50567298620795e-50,0.254534464098865,0.284,0.134,9.17101369681971e-46
"FARP2",2.53928094125918e-50,0.261410138479666,0.336,0.173,9.29402217310273e-46
"PCBD2",2.74150710424497e-50,0.265886961177855,0.167,0.054,1.0034190152247e-45
"CTNND2",2.76838463061939e-50,0.534450488175723,0.701,0.582,1.013256458653e-45
"TTLL11",3.02340806647748e-50,0.359413978182421,0.33,0.168,1.10659758641142e-45
"MPPED2",3.40132448004067e-50,0.450628867012461,0.407,0.242,1.24491877293969e-45
"HSPA4L",4.09166275236043e-50,-0.875916519180125,0.203,0.308,1.49758948399144e-45
"ZNF462",4.20685098866785e-50,0.336713751983291,0.437,0.259,1.53974953036232e-45
"ACVR1",4.33977039717203e-50,0.332985745970378,0.273,0.125,1.58839936306893e-45
"IQCK",7.04505953348773e-50,0.370809962535654,0.323,0.165,2.57856223985185e-45
"PDE7A",7.27240813712072e-50,0.295031326113876,0.392,0.215,2.66177410226756e-45
"ANK2",8.05044777198812e-50,0.40847119163247,0.694,0.529,2.94654438902537e-45
"COL4A5",8.05130469642625e-50,0.743960860682949,0.24,0.111,2.94685803193897e-45
"PAAF1",8.6821848152731e-50,0.254517087916794,0.237,0.1,3.17776646423811e-45
"DMGDH",9.48725345189941e-50,0.312734952786542,0.22,0.091,3.4724296359297e-45
"CFDP1",1.0118301436765e-49,0.251899622921898,0.341,0.176,3.70339950887035e-45
"ADGRV1",1.1120814468447e-49,1.24794691031915,0.386,0.252,4.0703293035963e-45
"TBCK",1.13682270385625e-49,0.260392238417806,0.579,0.385,4.16088477838425e-45
"BRINP1",1.21679533830512e-49,0.356367685749902,0.416,0.249,4.45359261773056e-45
"SH3RF1",1.27325764072788e-49,0.267254323761152,0.462,0.271,4.66025029082813e-45
"AC012494.1",1.35763719443194e-49,1.4277899292678,0.137,0.038,4.96908789534035e-45
"HERC1",2.22245821519819e-49,0.253826382848891,0.618,0.408,8.1344193134469e-45
"GALNT7",2.42696844027093e-49,0.30650624398308,0.358,0.194,8.88294718823565e-45
"ABCD2",2.81807081597132e-49,0.371163489522429,0.276,0.133,1.03144209935366e-44
"ENOX1",2.93772686517578e-49,0.401106890932719,0.461,0.286,1.07523740992299e-44
"ESYT2",3.58335801787589e-49,0.633229843012113,0.374,0.205,1.31154486812275e-44
"YWHAZ",3.60414862528486e-49,0.255361696018642,0.371,0.202,1.31915443834051e-44
"GLUD1",5.64436877556713e-49,0.501752882476136,0.405,0.245,2.06589541554533e-44
"USP6NL",7.22616288816332e-49,0.345988607196718,0.349,0.183,2.64484787869666e-44
"SLC20A2",1.02264490796861e-48,0.369527546795587,0.489,0.292,3.74298262765592e-44
"RNF13",1.23012401093972e-48,0.299914128970936,0.504,0.306,4.50237689244046e-44
"RABGAP1L",1.3481979050242e-48,0.286237510947141,0.703,0.52,4.93453915217909e-44
"LPXN",2.11565163961747e-48,0.267510951430952,0.16,0.051,7.74349656616389e-44
"SECISBP2L",3.09430000997443e-48,0.338649620825902,0.431,0.25,1.13254474665074e-43
"PDE10A",3.3372991272024e-48,0.731934400111932,0.339,0.193,1.22148485354735e-43
"TULP4",3.71728406767757e-48,0.303594702547614,0.388,0.211,1.36056314161067e-43
"PPP1R12B",4.96716255051311e-48,0.331883497224217,0.533,0.34,1.8180311651133e-43
"POC1B",5.19779474762085e-48,0.253604118913451,0.271,0.126,1.90244485557671e-43
"DDAH1",5.38563835235743e-48,0.393495544235257,0.394,0.229,1.97119749334634e-43
"ST5",5.85450744022135e-48,0.287400707496405,0.333,0.178,2.14280826819542e-43
"DNAH7",7.65115365019774e-48,0.646740420472854,0.283,0.146,2.80039874750887e-43
"ANO2",1.09054983058837e-47,0.511262902608455,0.141,0.04,3.99152143493649e-43
"TSPAN7",1.09712700964315e-47,0.418042202286244,0.516,0.346,4.01559456799489e-43
"DENND5A",1.17087292202572e-47,0.275730805344599,0.483,0.292,4.28551198190634e-43
"SRBD1",1.73876615758423e-47,0.301760981615002,0.262,0.122,6.36405801337404e-43
"DANT2",2.55086385653302e-47,0.271694114200908,0.583,0.407,9.33641680129651e-43
"PHYHIPL",2.77372311623779e-47,0.316898463104435,0.478,0.293,1.01521039777419e-42
"MIR181A1HG",2.96887859582969e-47,0.352613058198919,0.442,0.268,1.08663925485963e-42
"NCALD",3.51664740471509e-47,0.428816831463109,0.348,0.194,1.28712811659977e-42
"RNF220",4.68531671807619e-47,0.642552785902613,0.38,0.224,1.71487277198307e-42
"RGS7",5.33674833928625e-47,0.533667469387557,0.519,0.356,1.95330325966216e-42
"PLS3",5.92638047769337e-47,0.35093216076619,0.183,0.067,2.16911451864055e-42
"SLC39A10",5.99955867282231e-47,0.684242286570086,0.315,0.162,2.19589846983969e-42
"TTC28",6.44811828492098e-47,0.273830130614903,0.697,0.502,2.36007577346393e-42
"ABCA9",6.54022768286893e-47,0.67284144979978,0.139,0.04,2.39378873420686e-42
"FAM155A",1.31110917762247e-46,0.571821256689404,0.628,0.508,4.79879070101599e-42
"BCKDHB",1.4703214011027e-46,0.266253530635775,0.508,0.318,5.38152336017598e-42
"PARD3B",1.50144449865484e-46,0.556170410151195,0.428,0.27,5.49543700952658e-42
"MBD5",1.52832664682339e-46,0.25941515421926,0.769,0.617,5.59382836003828e-42
"AZIN2",1.5736519782843e-46,0.345096751144721,0.168,0.059,5.75972360571837e-42
"NCKAP5",1.73308261979688e-46,0.290056566623004,0.632,0.464,6.34325569671858e-42
"PLPPR4",2.35017847714443e-46,0.35930818649651,0.254,0.12,8.60188824419632e-42
"ZCCHC7",2.67713842734821e-46,0.327141186173458,0.615,0.424,9.79859435793719e-42
"AHSA1",3.03615981146587e-46,-0.575095413750498,0.086,0.184,1.11126485259462e-41
"MAGI2",4.33576224565124e-46,0.442096687487603,0.774,0.618,1.58693233953081e-41
"CDKL5",4.68119150761457e-46,0.267066621640991,0.378,0.211,1.71336290370201e-41
"OAZ1",5.11784781082711e-46,-0.723693712356867,0.121,0.224,1.87318347724083e-41
"PTPRM",5.69501920485948e-46,0.373270857221724,0.559,0.379,2.08443397917062e-41
"DMD",6.23404831029722e-46,0.399214695332884,0.619,0.444,2.28172402205189e-41
"CC2D2B",6.51306771567971e-46,0.34735874909045,0.156,0.053,2.38384791461593e-41
"GRID2",7.16751752502233e-46,0.643154789589842,0.537,0.358,2.62338308933342e-41
"KIF13B",7.68585628871345e-46,0.283810986517188,0.333,0.177,2.81310026023201e-41
"MTMR7",1.32207967141212e-45,0.290585824961043,0.258,0.122,4.83894380533549e-41
"UNC80",1.44915183222826e-45,0.288566908795831,0.351,0.198,5.30404062113866e-41
"FOXN3",1.85380619804554e-45,0.508724634891403,0.721,0.541,6.78511606546648e-41
"EML6",2.22229273552627e-45,0.406135450716218,0.358,0.206,8.13381364129968e-41
"UNC5C",2.7153231492765e-45,0.616337865125937,0.549,0.379,9.93835425866693e-41
"KIF1B",2.7937794210432e-45,0.334384792294255,0.68,0.492,1.02255120589602e-40
"GULP1",3.09220040347814e-45,0.252520886233464,0.187,0.071,1.13177626967704e-40
"SPTBN1",3.26931481519928e-45,0.352600970658367,0.641,0.44,1.19660191551109e-40
"FREM1",3.37334965649292e-45,0.326687787597079,0.117,0.029,1.23467970777297e-40
"AC007364.1",3.5945224548646e-45,0.337991688898601,0.287,0.143,1.31563116370499e-40
"TMEFF1",4.84663618395738e-45,0.275692517641386,0.257,0.121,1.77391730969024e-40
"TLR2",4.9331092082509e-45,-0.920849984357811,0.043,0.123,1.80556730131191e-40
"POU6F2",6.83312498491692e-45,0.437504209423096,0.233,0.108,2.50099207572944e-40
"FRAS1",8.92640571807344e-45,0.537001364110219,0.198,0.081,3.26715375687206e-40
"ARHGEF12",9.89021816442676e-45,0.278670049559058,0.617,0.421,3.61991875036184e-40
"RERG",1.11113979471726e-44,0.451579304691097,0.294,0.159,4.06688276264466e-40
"HOMER1",1.29333646361859e-44,0.440431361001676,0.294,0.154,4.7337407904904e-40
"RNLS",1.50627627318534e-44,0.253765317859307,0.241,0.11,5.51312178748567e-40
"P3H2",1.57132311501347e-44,0.427306753303874,0.206,0.086,5.75119973326082e-40
"TRMT11",2.46141247814255e-44,0.322677335422598,0.377,0.219,9.00901581124954e-40
"PALM2-AKAP2",2.75596832866486e-44,0.388794225218267,0.319,0.171,1.00871196797463e-39
"CLYBL",2.92803982845538e-44,0.325634203287671,0.274,0.138,1.07169185761295e-39
"FAM189A1",3.10626614622467e-44,0.315228810411823,0.252,0.12,1.13692447217969e-39
"RGS17",3.23814930793617e-44,0.285963884823633,0.19,0.076,1.18519502819772e-39
"MIPOL1",3.49252512671824e-44,0.290051325124389,0.306,0.161,1.27829912163014e-39
"RMST",4.69213652388504e-44,0.47258438466814,0.157,0.056,1.71736888910716e-39
"NTRK2",5.36223368362987e-44,0.533614145679974,0.615,0.479,1.96263115054537e-39
"SLCO3A1",5.65429822995555e-44,0.572834632350656,0.316,0.173,2.06952969514603e-39
"IMMP2L",6.17011660343862e-44,0.418574986306273,0.616,0.437,2.25832437802457e-39
"RUNX1T1",7.74072193403408e-44,0.380425929348023,0.445,0.281,2.83318163507581e-39
"NRP1",8.21945572502457e-44,0.330692498169829,0.26,0.127,3.00840298991624e-39
"AGBL4",8.22145494663008e-44,0.432111336731779,0.346,0.192,3.00913472501607e-39
"CEBPB",8.87419720087629e-44,-0.64962522036659,0.045,0.125,3.24804491749273e-39
"TMEM132B",9.33351529251383e-44,0.309005397973626,0.507,0.343,3.41615993221299e-39
"KIAA1549L",1.41945314979089e-43,0.299040256282619,0.28,0.142,5.19534047354963e-39
"KALRN",4.98755743300832e-43,0.435432798627798,0.523,0.358,1.82549589605538e-38
"SYTL2",5.00280831297343e-43,0.380664517488268,0.174,0.066,1.83107787063141e-38
"WRN",8.02927872472829e-43,0.260541060142469,0.379,0.219,2.9387963060378e-38
"MEIS1",8.40143742155134e-43,0.271713485956387,0.269,0.136,3.07501011066201e-38
"PDE4B",8.49574528462313e-43,0.384651025770753,0.729,0.565,3.10952773162491e-38
"OTUD7A",1.5032662608969e-42,0.413291280557669,0.524,0.357,5.50210484150873e-38
"AGT",1.77917278318014e-42,0.3775824996325,0.171,0.068,6.51195030371762e-38
"LRIG1",2.48484459462175e-42,0.398647724443026,0.367,0.215,9.09477970077505e-38
"CX3CR1",2.79189205082713e-42,0.676897692319341,0.12,0.034,1.02186040952324e-37
"ARHGEF28",2.84713476391311e-42,0.273061708053375,0.131,0.039,1.04207979493984e-37
"FAXDC2",2.95097313871891e-42,0.31784659953509,0.282,0.149,1.08008567850251e-37
"HBS1L",3.26046052157906e-42,0.263024771207727,0.341,0.185,1.19336115550315e-37
"UBE2E3",4.00262433741736e-42,0.272830437705114,0.452,0.277,1.46500053373813e-37
"HIF3A",4.65061492989963e-42,-1.38047709908972,0.282,0.363,1.70217157049256e-37
"FUT8",4.82285834389552e-42,0.250534938166241,0.634,0.437,1.7652143824492e-37
"CXCL14",7.01288789506528e-42,0.410602429347682,0.201,0.089,2.56678709847284e-37
"LRRC8B",7.02251691397893e-42,0.284125278849622,0.272,0.138,2.57031141568543e-37
"BCAR3",9.18573223413869e-42,0.31305363930642,0.276,0.142,3.3620698550171e-37
"MYO1D",1.19028624914946e-41,0.414903097954572,0.244,0.117,4.35656670051194e-37
"THRB",1.34464172998106e-41,0.282468662254292,0.54,0.371,4.92152319590368e-37
"GPR158",1.41591924908267e-41,0.632584539741002,0.316,0.185,5.18240604356748e-37
"TANC2",1.60980591161042e-41,0.366340131661208,0.586,0.41,5.8920506170853e-37
"FERMT2",2.01469061778228e-41,0.298413645367424,0.341,0.191,7.37396913014493e-37
"TUSC3",2.17038774735912e-41,0.253914747463769,0.238,0.112,7.9438361941091e-37
"FCHSD2",2.26505611754792e-41,0.375775633559124,0.722,0.542,8.29033189583716e-37
"TMEM178B",2.79424557772709e-41,0.380618084980062,0.514,0.359,1.02272182390389e-36
"ZNF704",2.88669596905132e-41,0.274034600359276,0.409,0.245,1.05655959163247e-36
"RPH3A",3.02390488054309e-41,0.289448383560626,0.17,0.066,1.10677942532758e-36
"THSD4",3.97001471465106e-41,0.620482580966358,0.107,0.026,1.45306508570943e-36
"FGFR2",4.09475902996248e-41,0.467450380164744,0.35,0.213,1.49872275255657e-36
"ANXA4",4.51409356322552e-41,0.276265021886159,0.284,0.148,1.65220338507617e-36
"CNR1",4.89129101182555e-41,0.545005320962636,0.133,0.043,1.79026142323827e-36
"TTLL7",5.1029415005105e-41,0.697043077850285,0.399,0.249,1.86772761860185e-36
"COL5A2",5.50779949452351e-41,0.290768928999842,0.104,0.024,2.01590969299055e-36
"HIVEP3",6.37235836315855e-41,0.289393607835019,0.484,0.316,2.33234688449966e-36
"LRRC3B",7.32043336395658e-41,0.77160195167259,0.304,0.182,2.67935181554175e-36
"EPHA4",8.95164975783403e-41,0.359500974058073,0.267,0.138,3.27639332786483e-36
"STXBP6",1.3133091978752e-40,0.47226669687969,0.309,0.175,4.80684299514302e-36
"CCDC91",1.36412688603175e-40,0.310439724628973,0.547,0.372,4.9928408155648e-36
"CACYBP",1.69834775975609e-40,-0.588124151865227,0.079,0.166,6.21612263548326e-36
"TRIM9",2.03065492827061e-40,0.357392008073806,0.558,0.414,7.43240010296324e-36
"MAN2A1",2.2643436427665e-40,0.320907292234041,0.535,0.349,8.28772416688966e-36
"NFIB",2.40303293698941e-40,0.278834372378828,0.592,0.418,8.79534085267494e-36
"PEX5L",2.72868512410726e-40,0.452146116597393,0.418,0.27,9.98726042274499e-36
"C4orf19",2.89105111644824e-40,0.319833065258306,0.265,0.141,1.05815361913122e-35
"SCAI",7.18392090393378e-40,0.303136376741862,0.382,0.233,2.6293868900488e-35
"OXR1",7.37101503667692e-40,0.433352484783978,0.53,0.361,2.69786521357412e-35
"CAMK1D",7.37490745871761e-40,0.330204613941227,0.568,0.387,2.69928987896523e-35
"ZNF423",1.07865868261451e-39,0.282967480878667,0.25,0.126,3.94799864423737e-35
"BCL6",1.18475185345909e-39,-0.889601104059267,0.207,0.301,4.33631025884561e-35
"NOL4",1.27198596448094e-39,0.281987148816948,0.45,0.297,4.6555958285967e-35
"CDK14",1.89858550252112e-39,0.288372773637997,0.496,0.334,6.94901279777754e-35
"FRY",2.00218502684307e-39,0.406547438232203,0.399,0.248,7.32819741674833e-35
"PHKA1",2.76946194808815e-39,0.308668642575708,0.203,0.093,1.01365076761974e-34
"PLEKHH1",3.50160466202383e-39,0.383774692193667,0.254,0.126,1.28162232234734e-34
"LMO3",3.59652627430473e-39,0.392132728476927,0.374,0.234,1.31636458165827e-34
"ANAPC16",3.71557179307955e-39,-0.906044494265715,0.308,0.388,1.35993643198504e-34
"SLC5A3",4.28854494914824e-39,-0.728941430907354,0.205,0.298,1.56965033683775e-34
"FAM227B",4.9879940357343e-39,0.276621420168737,0.164,0.064,1.82565569701911e-34
"NKAP",5.23774592118827e-39,-0.6811110594237,0.075,0.16,1.91706738461412e-34
"AGAP1",5.31814538546034e-39,0.309766571287916,0.69,0.509,1.94649439253234e-34
"LINC00639",5.93236625018077e-39,0.537156009869475,0.176,0.074,2.17130537122866e-34
"SLC16A7",6.19763229363092e-39,0.253283198106491,0.224,0.106,2.26839539579185e-34
"ADGRL3",6.95079538306229e-39,0.389175135378811,0.714,0.581,2.54406061815463e-34
"PRR5L",8.34641276798637e-39,0.442820088035296,0.158,0.062,3.05487053721069e-34
"CDH2",9.64457116914206e-39,0.25719244849445,0.516,0.344,3.53000949361768e-34
"SCGB2B2",1.02542068920796e-38,0.264502706180849,0.255,0.129,3.75314226457006e-34
"PLOD3",1.2195250461001e-38,-0.483353904738581,0.07,0.154,4.46358362123096e-34
"CHRM3",1.29456758644917e-38,0.5313390342133,0.274,0.145,4.73824682316262e-34
"DLC1",1.61921575586924e-38,0.347154902827124,0.53,0.348,5.92649158805699e-34
"ACSL1",1.6204165402947e-38,-1.37073314955089,0.129,0.217,5.93088657913262e-34
"SYNJ2",1.70319035977439e-38,0.275086453729919,0.161,0.062,6.23384703581024e-34
"ELOVL2",2.11155053634121e-38,0.325927764428251,0.196,0.09,7.72848611806246e-34
"KCNN2",2.37347323240453e-38,0.311424619130131,0.247,0.127,8.68714937792381e-34
"AHCYL2",5.7412892810012e-38,0.343569150922963,0.582,0.405,2.10136928973925e-33
"PRKCB",6.59321113461348e-38,0.377191733870548,0.431,0.273,2.41318120737988e-33
"MYO10",9.25893100416465e-38,0.391095500687201,0.362,0.225,3.3888613368343e-33
"SERINC5",1.12779502731915e-37,0.299058659363523,0.419,0.265,4.12784257949081e-33
"CREB5",1.61889773225379e-37,0.449825542387232,0.269,0.145,5.9253275898221e-33
"ADAMTS19",1.62700120494146e-37,0.281797943996935,0.153,0.058,5.95498711020623e-33
"ASTN1",4.30860717595318e-37,0.265843965666625,0.518,0.362,1.57699331247062e-32
"LAMB1",4.56183318985691e-37,0.256892484795601,0.105,0.028,1.66967656581953e-32
"CIITA",4.72182359471319e-37,-0.755645855611176,0.047,0.12,1.72823465390098e-32
"NEBL",5.0439320770748e-37,0.264633439399952,0.632,0.46,1.84612957953015e-32
"LAMA1",6.93378432958511e-37,0.276019501815578,0.167,0.071,2.53783440247145e-32
"TNFRSF1A",7.35498463941885e-37,-0.745914452873856,0.077,0.161,2.69199792787369e-32
"RIMBP2",9.21311862648979e-37,0.332349197566712,0.188,0.086,3.37209354848153e-32
"VAV3",9.38618075438288e-37,0.422156544587476,0.286,0.164,3.43543601791168e-32
"PPP2R5A",9.71718754915656e-37,0.255928964759349,0.315,0.18,3.55658781486679e-32
"NKAIN2",1.13787028148659e-36,0.911303470091294,0.374,0.244,4.16471901726905e-32
"PLPP3",1.25336231632731e-36,0.292385037682233,0.364,0.217,4.58743141398958e-32
"UNC5D",1.57032580854658e-36,0.35753899680192,0.321,0.187,5.74754949186133e-32
"SAMHD1",1.65384966848719e-36,-0.825149630961788,0.165,0.263,6.05325517162996e-32
"ZSWIM6",1.79585285135229e-36,0.296500352912328,0.786,0.612,6.5730010212345e-32
"C3",1.86764603341475e-36,-1.31443181841624,0.129,0.221,6.83577124690133e-32
"TSPAN5",2.26207330876556e-36,0.382506559107642,0.483,0.319,8.27941451741282e-32
"GPHN",2.46439415021183e-36,0.254836317206653,0.771,0.633,9.01992902919031e-32
"KIAA1324L",3.65126071392104e-36,0.269694243193519,0.248,0.126,1.33639793390224e-31
"TGFBR3",3.81127300846541e-36,0.457388653907634,0.254,0.136,1.39496403382842e-31
"KIF6",3.91206918991611e-36,0.253161491636698,0.137,0.049,1.4318564442012e-31
"HGF",4.00467892184258e-36,-0.567922196167007,0.061,0.141,1.4657525321836e-31
"ANKRD30BL",5.54219275203694e-36,0.3348935954118,0.242,0.126,2.02849796917304e-31
"FRMD4B",1.01577973570713e-35,0.266705127122677,0.38,0.23,3.71785541066168e-31
"GABRB1",1.3718518311672e-35,0.536321933359387,0.511,0.375,5.02111488725506e-31
"SLC35F1",1.87109601330614e-35,0.516291266212332,0.526,0.4,6.8483985183018e-31
"PTPRB",2.02784792915577e-35,0.399798459811757,0.146,0.056,7.42212620550304e-31
"PTOV1",2.24079256074075e-35,-0.630588787984721,0.153,0.243,8.20152485156721e-31
"JAM2",2.39760414274913e-35,0.262355177543266,0.272,0.149,8.7754709228761e-31
"AGTPBP1",3.07068123129827e-35,0.272520225613426,0.435,0.276,1.12390003746748e-30
"ATP10B",3.32617328094716e-35,0.426129257966738,0.29,0.166,1.21741268255947e-30
"HECW2",3.59754670485731e-35,0.346858612107031,0.344,0.21,1.31673806944483e-30
"UTRN",5.12133565817168e-35,0.449406531916887,0.503,0.347,1.87446006424741e-30
"LIFR",5.59779813610682e-35,0.371890787427972,0.451,0.305,2.04885009579646e-30
"EPHA3",8.8730651866758e-35,0.520253857287672,0.138,0.052,3.24763058897521e-30
"SCD5",1.03169657490157e-34,0.259781183022444,0.576,0.397,3.77611263379723e-30
"GPM6A",1.05501062752629e-34,0.597970690843463,0.652,0.532,3.86144439780898e-30
"KANSL1",1.15944716531173e-34,-0.629223745590731,0.657,0.627,4.24369256975747e-30
"ANO3",1.16372647256976e-34,0.451217059833105,0.107,0.032,4.25935526225256e-30
"NBEA",1.19354240982804e-34,0.324731942500692,0.631,0.466,4.36848457421159e-30
"HLA-B",1.28031727708617e-34,-0.727179117421532,0.058,0.132,4.68608926586308e-30
"GLI3",1.46134479079922e-34,0.527450609570827,0.263,0.154,5.34866806880421e-30
"LAT2",1.63745333880904e-34,-0.827330697927941,0.051,0.121,5.99324296537498e-30
"PAM",1.69297682833775e-34,0.261925698381257,0.392,0.25,6.19646448939901e-30
"CARMIL1",2.30751635480919e-34,0.426973606282027,0.424,0.281,8.44574061023713e-30
"TLE1",2.61572476406683e-34,0.312185702376355,0.272,0.15,9.57381420896099e-30
"MIR137HG",3.04723956878919e-34,0.307297625547331,0.155,0.063,1.11532015457253e-29
"IFITM3",3.34056936126344e-34,-0.909173072519924,0.064,0.141,1.22268179191603e-29
"FN1",3.84874762064215e-34,0.733662675543211,0.15,0.062,1.40868011663123e-29
"DYNC1I1",4.21116523192778e-34,0.329252460953857,0.278,0.156,1.54132858653789e-29
"BMPR1B",5.1728395188525e-34,0.494346276178661,0.286,0.167,1.8933109922952e-29
"LRRTM4",7.65237909864202e-34,0.447523490095673,0.535,0.38,2.80084727389397e-29
"TPM4",8.06976548735463e-34,0.373363673242272,0.188,0.087,2.95361486602667e-29
"SPARCL1",8.51890778502334e-34,0.538607944517293,0.483,0.346,3.11800543839639e-29
"GABRB3",8.86619244659461e-34,0.415195134771086,0.323,0.198,3.24511509737809e-29
"DDX5",9.0955056380294e-34,-0.864296563956802,0.563,0.559,3.32904601857514e-29
"CEMIP",1.80615834163499e-33,1.57216987363469,0.152,0.065,6.61072014621822e-29
"EDNRB",2.05801312072097e-33,0.275202569949599,0.217,0.112,7.53253382315081e-29
"GHR",2.14128180566365e-33,0.387731468961037,0.195,0.094,7.83730553690951e-29
"HCLS1",2.8786556932682e-33,-0.866384252100371,0.064,0.137,1.05361677029309e-28
"FGD6",3.17339782869337e-33,0.316309693003147,0.276,0.159,1.16149533928006e-28
"SLCO1A2",3.33686002433544e-33,0.529835866717171,0.123,0.044,1.22132413750701e-28
"ABCC4",3.34373319638662e-33,0.64712696530593,0.242,0.132,1.22383978720947e-28
"ITGA6",3.46305693963248e-33,0.318338408815488,0.2,0.099,1.26751347047488e-28
"CACNB2",5.87345600801736e-33,0.580500598080943,0.495,0.355,2.14974363349443e-28
"KCNK2",7.98469023138676e-33,0.599000082005873,0.129,0.048,2.92247647158987e-28
"PTPRK",9.6937920843912e-33,0.451337826926637,0.47,0.34,3.54802484080802e-28
"LY96",1.29899651417953e-32,-0.747757043281118,0.047,0.113,4.75445714154848e-28
"SHROOM3",1.83338740754736e-32,0.400803919902055,0.277,0.165,6.71038125036408e-28
"LGI1",2.05422171131968e-32,0.25755324875988,0.332,0.201,7.51865688560115e-28
"FSTL4",2.78214946901088e-32,0.399344037862075,0.115,0.04,1.01829452715267e-27
"F3",3.54500198731954e-32,0.272088475844813,0.222,0.119,1.29750617737883e-27
"PDE3A",3.59096477539086e-32,0.429916897020432,0.352,0.222,1.31432901744081e-27
"UBB",3.96531753250375e-32,-0.669483572052866,0.132,0.215,1.4513458700717e-27
"NKD1",5.30765841224294e-32,0.284433283218402,0.161,0.071,1.94265605546504e-27
"MYO1B",7.06124677818725e-32,0.393486962980622,0.147,0.061,2.58448693328432e-27
"LTBP1",7.17507891637322e-32,0.262657342741177,0.217,0.112,2.62615063418176e-27
"DCLK1",7.71121905197337e-32,0.594021428692204,0.257,0.148,2.82238328521277e-27
"ATP13A4",1.00414403737661e-31,0.392702419722501,0.404,0.278,3.67526759120214e-27
"SEMA3C",1.02368946530885e-31,0.268445771725883,0.104,0.033,3.74680581197693e-27
"TCF12",1.49556235641242e-31,0.278460883394676,0.795,0.631,5.47390778070511e-27
"SIK3",1.49662723878325e-31,0.358599718326213,0.76,0.582,5.47780535667056e-27
"PTPRD",1.74070140600071e-31,0.449605856878732,0.588,0.462,6.37114121610319e-27
"FMN2",2.3202580154063e-31,0.391537372499576,0.54,0.404,8.49237636218859e-27
"SGCD",2.79323938268282e-31,0.361250369254021,0.532,0.394,1.02235354645574e-26
"RAPGEF2",3.19652960130807e-31,0.278600604893811,0.611,0.444,1.16996179937477e-26
"KCNH8",3.78803777202707e-31,0.709415511987645,0.251,0.148,1.38645970493963e-26
"CASK",3.82404974606031e-31,0.299807638827862,0.518,0.364,1.39964044755553e-26
"RHBDF2",4.39250208871385e-31,-0.995164750193755,0.09,0.167,1.60769968949015e-26
"ST13",4.6244111209818e-31,-0.669932634175291,0.23,0.309,1.69258071439055e-26
"CALCRL",5.30732915597034e-31,0.254919334085558,0.191,0.093,1.9425355443767e-26
"LINC00486",5.52496442667329e-31,-0.739287702614293,0.414,0.442,2.02219222980669e-26
"XRCC4",9.68616571693605e-31,0.250568778550574,0.215,0.111,3.54523351405576e-26
"C9orf153",9.86269484733383e-31,-0.454124979511723,0.063,0.134,3.60984494107266e-26
"LDB2",1.1520447305992e-30,0.666253467934361,0.272,0.162,4.21659891846613e-26
"LINC01250",1.45316979697806e-30,0.331779680212533,0.134,0.054,5.3187467739194e-26
"PDXK",1.51428619637608e-30,-0.839823683082527,0.225,0.303,5.54243890735608e-26
"ALCAM",1.53638825268453e-30,0.290594987482183,0.571,0.433,5.62333464365064e-26
"PLXNB1",1.68049898992311e-30,-0.63788379126125,0.133,0.218,6.15079435301759e-26
"GREB1L",1.79377396546331e-30,0.286854377858962,0.12,0.044,6.56539209099227e-26
"PGM5",1.94521935516223e-30,0.423459454577547,0.133,0.053,7.11969736182926e-26
"DNAJC6",3.50472539995958e-30,0.250038732663354,0.385,0.252,1.2827645436392e-25
"RANGAP1",4.13862256194798e-30,-0.682362926020303,0.112,0.19,1.51477724389858e-25
"NCAM2",4.38955865524146e-30,0.332456843560795,0.677,0.535,1.60662236340493e-25
"ARHGAP10",4.66458434374177e-30,0.2712095807527,0.239,0.133,1.70728451565293e-25
"GNAS",4.80504548623603e-30,-0.770201908654181,0.446,0.48,1.75869469841725e-25
"SLC38A1",5.33955991008847e-30,0.44518582079562,0.259,0.145,1.95433232269148e-25
"REV3L",6.25753685972835e-30,0.307499140640881,0.617,0.467,2.29032106602917e-25
"DOK6",8.11367072543133e-30,0.410445079795594,0.301,0.187,2.96968462221512e-25
"KHDRBS2",1.01001400788245e-29,0.45099517371765,0.302,0.185,3.69675227025056e-25
"LINC01141",1.22328882784053e-29,0.383600557058278,0.108,0.038,4.47735943877911e-25
"FUT9",1.72316289681894e-29,0.311226581735751,0.551,0.405,6.30694851864701e-25
"NECTIN3",3.07027227989784e-29,0.257480642746394,0.332,0.208,1.12375035716541e-24
"TMEFF2",3.48876211083433e-29,0.641981099517198,0.362,0.247,1.27692182018647e-24
"NELL1",3.57381457239597e-29,0.358385168626386,0.239,0.136,1.30805187164265e-24
"LINC01122",4.21447265114182e-29,0.386800712311575,0.195,0.101,1.54253913504442e-24
"SOX5",5.02761047257919e-29,0.318969662234295,0.685,0.539,1.84015570906871e-24
"DGKI",6.69559050931748e-29,0.372939957236176,0.33,0.221,2.45065308231529e-24
"COBLL1",1.01976167127635e-28,0.656546867682258,0.151,0.068,3.73242969303858e-24
"EBF1",1.12600247521346e-28,0.956070266075903,0.117,0.045,4.12128165952877e-24
"SNHG25",1.99529920018335e-28,-0.480135672029498,0.106,0.183,7.30299460259107e-24
"ANO4",2.32014065736907e-28,0.449131607148936,0.379,0.253,8.49194682003654e-24
"RORB",2.64433614049061e-28,0.601856901971288,0.283,0.185,9.67853470780968e-24
"WWTR1",5.82488850219918e-28,0.558976607899907,0.226,0.128,2.13196744068992e-23
"PARP9",7.09494422953707e-28,-0.68073316157852,0.073,0.142,2.59682053745286e-23
"RUNX1",8.22851231911306e-28,-1.1650469077034,0.185,0.269,3.01171779391857e-23
"HSPA8",1.07927606640871e-27,-0.640371401025355,0.155,0.233,3.95025833066253e-23
"DIO2",1.16033872633485e-27,0.263008368403996,0.142,0.065,4.24695577225817e-23
"RUNDC3B",1.31233676564378e-27,0.266424308432771,0.203,0.108,4.80328379593281e-23
"NAV3",2.82418829716525e-27,0.36454920698726,0.771,0.676,1.03368115864545e-22
"CACNA1E",3.67762952252715e-27,0.266461845739327,0.223,0.126,1.34604918154016e-22
"RTN1",4.74200322692932e-27,0.250221828229024,0.373,0.244,1.7356206010884e-22
"ITPR2",5.08447642261057e-27,0.53417633770162,0.685,0.56,1.86096921543969e-22
"SHTN1",5.1637478281386e-27,0.337014777074797,0.4,0.271,1.88998334257701e-22
"PID1",5.28044423204358e-27,0.391656528851204,0.373,0.257,1.93269539337027e-22
"SHROOM4",5.28518434191447e-27,0.364107128634638,0.22,0.123,1.93443032098411e-22
"PRDX1",5.38361091398882e-27,-0.521106952725259,0.094,0.166,1.97045543062905e-22
"NTM",5.98555381483451e-27,0.347999757128641,0.677,0.57,2.19077255176758e-22
"VRK2",7.00635302718473e-27,0.313840142053738,0.199,0.105,2.56439527147988e-22
"KIRREL3",9.01252835619886e-27,0.500338088535776,0.26,0.157,3.29867550365234e-22
"DACH1",1.13024757579793e-26,0.725250963140859,0.122,0.052,4.136819152178e-22
"SRRM2",1.40689679846406e-26,-0.801528991566858,0.426,0.463,5.1493829720583e-22
"FXR1",1.55801109164923e-26,-0.731124666404908,0.437,0.457,5.70247639654534e-22
"COL25A1",2.32896273024788e-26,0.274222967875568,0.122,0.051,8.52423648898025e-22
"SNAP23",2.3665726576376e-26,-0.867175205716868,0.237,0.306,8.66189258421938e-22
"KAT2A",2.46817629183972e-26,-0.539845260681191,0.139,0.214,9.03377204576257e-22
"ANKRD44",2.66066487513235e-26,0.324013825872639,0.603,0.437,9.73829950947191e-22
"ZC3HAV1",3.0141077108887e-26,-1.02718967271026,0.138,0.21,1.10319356326237e-21
"SLC2A5",3.54053687550129e-26,-0.740850504637993,0.054,0.114,1.29587190180223e-21
"PRELID2",4.46659452438795e-26,0.251696220122049,0.182,0.093,1.63481826187124e-21
"RARB",5.37370743749879e-26,0.321096081973506,0.187,0.098,1.96683065919893e-21
"SLC30A10",5.62404007628691e-26,0.333426036471804,0.166,0.083,2.05845490832177e-21
"SYNPO2",1.20948575103776e-25,0.356173316529506,0.109,0.043,4.4268387973733e-21
"DPP6",1.22463439705016e-25,0.330698566905127,0.439,0.314,4.4822843566433e-21
"ARHGAP29",3.09300417442846e-25,0.625428672733858,0.193,0.109,1.13207045788256e-20
"B2M",3.60756344754149e-25,-0.765045095927635,0.163,0.243,1.32040429743466e-20
"CLSTN2",3.81167854127791e-25,0.344779063664664,0.178,0.094,1.39511246289313e-20
"GALNTL6",4.59078491623086e-25,0.337173192624611,0.235,0.136,1.68027318718966e-20
"ITIH5",6.39668429022182e-25,0.411180226979757,0.105,0.041,2.34125041706409e-20
"LINC00862",6.54162879703109e-25,-0.574762523092156,0.103,0.173,2.39430155600135e-20
"RASGRF2",7.16070187950637e-25,0.346932471298542,0.257,0.16,2.62088849491813e-20
"TRPM3",9.63375809119777e-25,0.60865653842886,0.389,0.282,3.52605179895929e-20
"KCNMA1",9.79795319913371e-25,-0.669480054142019,0.616,0.641,3.58614885041493e-20
"EPB41L4A",9.98930145453237e-25,0.396719791963057,0.22,0.131,3.65618422537339e-20
"PLD1",1.0449604686999e-24,0.410386530322545,0.237,0.142,3.8246598114885e-20
"ENPP2",1.10305781267003e-24,0.501544170693506,0.154,0.077,4.03730190015357e-20
"GPC5",1.48687848411538e-24,0.660845016498864,0.518,0.418,5.44212393971069e-20
"KBTBD12",1.97589014441165e-24,0.329685207506077,0.223,0.131,7.23195551756107e-20
"SHMT1",2.0984776562819e-24,-0.572172339865446,0.06,0.12,7.6806380697574e-20
"MPP6",2.20488280936088e-24,0.349127285075234,0.283,0.178,8.07009157054177e-20
"CTSH",2.98559692835774e-24,-0.546719986695838,0.077,0.142,1.09275833174822e-19
"SLC14A1",3.01400654088839e-24,-0.384026028018983,0.046,0.102,1.10315653403056e-19
"TMTC2",5.14508364302148e-24,0.338115547427217,0.497,0.371,1.88315206418229e-19
"FAM182A",6.98574641193836e-24,-0.39279041753897,0.073,0.136,2.55685304423356e-19
"EPAS1",1.11958310602994e-23,0.335151573081912,0.222,0.13,4.09778612638017e-19
"CCT4",1.34095278216824e-23,-0.601111751955081,0.174,0.243,4.90802127801399e-19
"RPS19",1.74033584723567e-23,-1.00109770115392,0.139,0.204,6.36980323446726e-19
"SORCS3",1.92570656267699e-23,0.469695955275228,0.246,0.159,7.04827859005404e-19
"MAML3",2.44340119839613e-23,0.294651542457941,0.324,0.21,8.94309272624966e-19
"ASIC2",2.79749385478729e-23,0.626810167708185,0.246,0.153,1.0239107257907e-18
"WDR6",3.61045906708705e-23,-0.52444371921288,0.128,0.196,1.32146412314453e-18
"KHDRBS3",4.48958938682799e-23,0.270904361007223,0.395,0.276,1.64323461147291e-18
"KCNT2",8.34669768674143e-23,0.330760315352805,0.31,0.206,3.05497482032423e-18
"PWRN1",8.98629283079827e-23,0.365922761601877,0.151,0.077,3.28907303900048e-18
"AGMO",1.84797565417462e-22,0.278620530731669,0.102,0.042,6.76377569184453e-18
"MEF2A",1.90927339188866e-22,0.335499458756983,0.63,0.471,6.98813154165168e-18
"SAMD12",1.94422274816932e-22,0.336777261921708,0.443,0.327,7.11604968057454e-18
"PER1",2.08528212617819e-22,-0.488547711499873,0.109,0.175,7.63234111002481e-18
"LAMA2",2.22089337873093e-22,0.635985708532822,0.157,0.082,8.12869185549306e-18
"ST6GALNAC6",2.25729962338006e-22,-0.596238688308935,0.072,0.131,8.26194235153337e-18
"ROBO2",2.72676922816552e-22,0.350684523236416,0.301,0.193,9.98024805200861e-18
"PPFIA2",3.16968457830214e-22,0.471955909639692,0.442,0.358,1.16013625250437e-17
"CRIM1",3.54267069720467e-22,0.397354498234545,0.348,0.229,1.29665290188388e-17
"CYBB",3.94810084825786e-22,0.344911316820217,0.108,0.047,1.44504439147086e-17
"CYBA",4.129299923739e-22,-0.638831463765484,0.049,0.102,1.51136506508771e-17
"PLPPR1",4.62375618876206e-22,0.300837499696851,0.329,0.224,1.6923410026488e-17
"CDKL1",5.61590552177073e-22,-0.696539736237305,0.238,0.299,2.0554775800233e-17
"RXRA",5.74159081273762e-22,-0.665895123525688,0.197,0.262,2.1014796533701e-17
"ANKS1B",5.77548079099302e-22,0.334542722007541,0.604,0.496,2.11388372431136e-17
"PTPRO",5.98474642355392e-22,0.274729389155601,0.291,0.194,2.19047703848497e-17
"GAPDH",6.02783318467017e-22,-0.675107330875326,0.254,0.312,2.20624722392113e-17
"PLCL1",7.37661811237162e-22,0.37733075035917,0.442,0.319,2.69991599530914e-17
"ATP8B4",7.55709599680649e-22,0.644817636930604,0.209,0.126,2.76597270579114e-17
"SLC7A1",1.00126678792128e-21,0.296455155172905,0.14,0.069,3.66473657047066e-17
"FBLN1",1.54118508642322e-21,0.343319041690336,0.103,0.045,5.64089153481764e-17
"CCT3",1.57465842076547e-21,-0.611834395275724,0.165,0.228,5.76340728584371e-17
"CTNNA3",1.84490857347867e-21,0.703611689230387,0.354,0.247,6.75254986978929e-17
"GTPBP6",2.15702532614995e-21,-0.327118092523549,0.058,0.112,7.89492839624142e-17
"RASGEF1C",2.26439358956157e-21,0.711210206124897,0.206,0.126,8.28790697715431e-17
"SIDT1",2.53039970751965e-21,0.300730787471503,0.13,0.063,9.26151596949265e-17
"IL17RB",2.58314794094946e-21,-0.519383487078452,0.075,0.133,9.45457977866911e-17
"TNFRSF1B",3.04414826881624e-21,-0.637000998678235,0.057,0.111,1.11418870786943e-16
"ASPA",3.2289774062379e-21,0.280470797139585,0.102,0.044,1.18183802045713e-16
"SNTB1",3.37541405731547e-21,0.287334754614968,0.103,0.045,1.23543529911804e-16
"LAPTM5",3.52684990584407e-21,-0.808115713951022,0.068,0.125,1.29086233403799e-16
"CASC15",3.72735859807928e-21,0.296930734221086,0.216,0.126,1.364250520483e-16
"MTCH1",3.74600667665486e-21,-0.551817595197454,0.146,0.213,1.37107590372245e-16
"LINGO2",4.44689614550261e-21,0.46723120374365,0.185,0.106,1.62760845821541e-16
"MYO1F",5.05412015113033e-21,-0.936886512142301,0.107,0.171,1.84985851651521e-16
"BICC1",9.23085311375674e-21,0.329686125987012,0.306,0.2,3.3785845481661e-16
"EYA1",1.67030645305688e-20,0.331090103520157,0.223,0.139,6.11348864883349e-16
"CCT5",1.90770757438612e-20,-0.464613486662476,0.078,0.135,6.98240049301065e-16
"HHIP",3.46078548928159e-20,0.418912505910801,0.119,0.058,1.26668209693195e-15
"TNIK",4.57271019958876e-20,0.366947187262054,0.609,0.496,1.67365766015148e-15
"KCTD16",5.79661013736427e-20,0.297275144156454,0.319,0.224,2.12161727637669e-15
"FLOT2",7.75015591846501e-20,-0.685668952908793,0.135,0.195,2.83663456771738e-15
"SLC24A3",1.66696418101129e-19,0.318600811840866,0.402,0.303,6.10125559891941e-15
"PSAP",1.96434243605863e-19,-0.784010030419745,0.423,0.436,7.18968975021818e-15
"CTSD",2.40031966363979e-19,-0.739726072772103,0.118,0.178,8.78541000088801e-15
"ARAP1",2.72856937615736e-19,-0.658323649296972,0.148,0.211,9.98683677367356e-15
"METTL21A",3.04341178000691e-19,-0.688519264023756,0.15,0.212,1.11391914560033e-14
"RAB39A",3.22518913582798e-19,-0.46401663770134,0.079,0.137,1.1804514756044e-14
"NDST3",4.06418283118235e-19,0.316699128591524,0.114,0.055,1.48753155804105e-14
"TRPC3",4.32259168332508e-19,0.377741430337823,0.109,0.052,1.58211178201381e-14
"COL4A1",4.63709444996158e-19,0.254961362636748,0.107,0.05,1.69722293963044e-14
"NFKBIA",4.85828677982002e-19,-0.479504948936486,0.064,0.117,1.77818154428192e-14
"WARS",4.98695056883479e-19,-0.290523848367864,0.119,0.056,1.82527377769922e-14
"CDH12",5.35114341738692e-19,0.741709828061348,0.178,0.107,1.95857200219779e-14
"SNX3",7.71499846538614e-19,-0.785294292805792,0.25,0.301,2.82376658831598e-14
"CLIP2",8.03306118102061e-19,-0.800008599415041,0.367,0.4,2.94018072286535e-14
"SHISA9",8.33619769215426e-19,0.354037612109273,0.277,0.193,3.05113171730538e-14
"P4HA2",1.08029569959379e-18,-0.37755347620862,0.053,0.101,3.95399029008324e-14
"MOBP",1.09231386108775e-18,0.720002084260864,0.127,0.067,3.99797796296727e-14
"FMN1",1.41320128540295e-18,-1.04968437671513,0.221,0.278,5.17245802470332e-14
"HHATL",1.43368984727615e-18,-0.468261571775323,0.069,0.121,5.24744821001542e-14
"DPP7",1.71314125846809e-18,-0.495858493882462,0.083,0.138,6.27026832011907e-14
"LINC00609",2.0895855465183e-18,0.347654367839652,0.176,0.105,7.64809205881165e-14
"DNAJA4",2.28148978785618e-18,-0.587736470673164,0.1,0.155,8.35048077253239e-14
"GRIN2B",2.29471052333664e-18,0.392637518599015,0.289,0.206,8.39886998646442e-14
"MYRIP",2.62825489020219e-18,0.67454655013737,0.268,0.187,9.61967572362903e-14
"SLC5A11",2.75052034449681e-18,0.357395719426792,0.112,0.055,1.00671795128928e-13
"EDIL3",2.85446224972771e-18,0.418894067344569,0.387,0.289,1.04476172802284e-13
"GRIK2",3.06501126184482e-18,0.399328680996358,0.438,0.329,1.12182477194782e-13
"ZEB2",3.71106817921426e-18,0.293931606159985,0.697,0.565,1.35828806427421e-13
"CNTN4",4.24196750559519e-18,0.255659926760883,0.337,0.243,1.5526025267229e-13
"PCSK2",8.45779088473272e-18,0.265174045387393,0.172,0.103,3.09563604172102e-13
"ITGB3BP",8.51084907608011e-18,-0.586826619746904,0.183,0.241,3.11505587033608e-13
"GRIN2A",1.00264997457618e-17,0.426890184225325,0.214,0.137,3.66979917194629e-13
"STAT3",1.07160425156123e-17,-0.885330315359283,0.313,0.352,3.92217872113925e-13
"SPOCK3",1.07594295382949e-17,0.290908615917553,0.388,0.289,3.93805880531133e-13
"CLU",1.58293393877361e-17,-1.38430104260771,0.364,0.386,5.7936965093053e-13
"PTPRZ1",1.6536317145837e-17,0.264478947787441,0.478,0.375,6.0524574385478e-13
"PLXND1",1.79511546327943e-17,-0.66394543362843,0.09,0.143,6.57030210714905e-13
"C17orf67",2.02062878230053e-17,-0.541826137939818,0.062,0.11,7.39570340609816e-13
"MS4A7",3.21306388435325e-17,-0.627774179028299,0.059,0.108,1.17601351231213e-12
"SLC7A11",3.9195945852115e-17,0.368305190610871,0.31,0.212,1.43461081413326e-12
"EPHA7",4.43010699981442e-17,0.293408552792431,0.138,0.075,1.62146346300208e-12
"PRR16",5.49412606851543e-17,0.289214337058388,0.125,0.066,2.01090508233733e-12
"RAB31",8.16593864961144e-17,-0.720644864642761,0.388,0.425,2.98881520514428e-12
"HLA-E",9.29221651637192e-17,-0.754658309951813,0.086,0.138,3.40104416715729e-12
"XRRA1",9.92249783294499e-17,-0.539029996036657,0.21,0.264,3.6317334318362e-12
"PDZD2",1.09718487936217e-16,-0.478227702091455,0.484,0.337,4.01580637695349e-12
"LAP3",1.11294669377717e-16,-0.76406988064224,0.091,0.141,4.07349619389383e-12
"SOX6",1.26713474310808e-16,0.325555744136163,0.472,0.384,4.63783987324988e-12
"BNIP3L",1.45373736449692e-16,-0.689578570460247,0.302,0.338,5.32082412779518e-12
"P2RY12",1.69881661245498e-16,0.891984370870596,0.171,0.11,6.21783868324648e-12
"LRRK1",1.84742261683367e-16,0.259673890975288,0.182,0.111,6.7617515198729e-12
"CDH9",1.86848562649202e-16,0.434178436056552,0.151,0.089,6.83884424152343e-12
"TNFSF13B",1.87267943425121e-16,-0.658432053480849,0.113,0.167,6.85419399730286e-12
"TCP1",4.45343287971865e-16,-0.409165040550319,0.09,0.141,1.63000096830582e-11
"C8orf34",4.9661730301709e-16,0.312110520089541,0.145,0.084,1.81766899077285e-11
"KCNIP4",5.38542904395142e-16,0.585715857107577,0.406,0.31,1.97112088437666e-11
"CKB",5.73862642902844e-16,-1.044447147556,0.306,0.332,2.1003946592887e-11
"TMSB10",6.61930533184338e-16,-1.0225733616009,0.088,0.138,2.42273194450799e-11
"ADGRL2",6.83394339933795e-16,0.291827480109869,0.236,0.159,2.50129162359168e-11
"RBPMS",9.60073306124922e-16,0.266035146293458,0.146,0.085,3.51396430774783e-11
"ARRB2",1.18485129130738e-15,-0.62463968523981,0.102,0.153,4.33667421131416e-11
"SMTN",1.50214041570934e-15,-0.335507389215195,0.058,0.103,5.49798413553774e-11
"KCNH1",1.7581766080976e-15,0.255590738438545,0.19,0.121,6.43510220329801e-11
"ZFPM2-AS1",1.84334465236268e-15,0.389147335202824,0.171,0.106,6.74682576211265e-11
"CPM",1.95072786843642e-15,-0.952437453950146,0.181,0.233,7.13985907126415e-11
"CNDP1",2.17974596584207e-15,0.283224821341886,0.104,0.054,7.97808820957858e-11
"RGL3",2.55855135473775e-15,-0.519357522365641,0.082,0.131,9.36455381347564e-11
"ATP2C1",2.56639406359118e-15,-0.66719792218691,0.577,0.552,9.39325891215007e-11
"RPS2",2.58788611389351e-15,-0.613165616853288,0.119,0.168,9.47192196546165e-11
"TRIM22",2.89087048903237e-15,-0.585583249251905,0.062,0.107,1.05808750769074e-10
"CDH18",3.42881354620358e-15,0.267839636197755,0.277,0.197,1.25498004604597e-10
"ZNF385B",3.74393478999949e-15,0.302482613553722,0.194,0.126,1.37031757248771e-10
"ZNF804B",3.77899136247227e-15,0.422717168084924,0.163,0.101,1.38314862857848e-10
"TBXAS1",4.07946566535824e-15,-0.839923973736107,0.184,0.241,1.49312522817777e-10
"SP110",6.87184962504941e-15,-0.669002228697746,0.135,0.189,2.51516568126433e-10
"MAF",7.12928819710831e-15,-0.446307967649438,0.288,0.354,2.60939077302361e-10
"UGT8",7.83020515210681e-15,0.366073894753892,0.186,0.12,2.86593338772261e-10
"NRG1",1.04237805169839e-14,0.38226964587129,0.104,0.055,3.81520790702127e-10
"ADAMTS9",1.17101661139886e-14,-0.312464284789035,0.155,0.091,4.28603789938098e-10
"RPL28",1.28454934190719e-14,-0.808113186340704,0.203,0.247,4.70157904631451e-10
"TPP1",1.52300451167815e-14,-0.398731135203518,0.105,0.155,5.57434881319319e-10
"TPM1",2.12491315619157e-14,0.276132976050342,0.276,0.191,7.77739464297675e-10
"DPP10",2.34922472269888e-14,0.754272098332287,0.449,0.363,8.59839740755017e-10
"KLF15",2.57636927925788e-14,-0.372005731953818,0.072,0.117,9.42976919901177e-10
"FYN",2.60740563457174e-14,-0.327793065390299,0.62,0.448,9.54336536309603e-10
"FAIM2",2.67702196441868e-14,-0.573036718130402,0.153,0.198,9.79816809196882e-10
"NDRG2",2.84121152974024e-14,-0.761482586703537,0.3,0.343,1.03991183200022e-09
"TUBA1C",3.47357773088689e-14,-0.38981629628962,0.064,0.108,1.27136418528191e-09
"SGCZ",4.24874505325968e-14,0.550739445582103,0.334,0.254,1.55508317694357e-09
"LINC01170",4.52092425951443e-14,0.271838338378543,0.162,0.101,1.65470348822488e-09
"FAM107A",5.22732335041126e-14,-1.10466948367095,0.183,0.224,1.91325261948402e-09
"SYTL4",6.09487496921364e-14,-0.350719373151293,0.118,0.172,2.23078518748189e-09
"NUDC",1.14347179060739e-13,-0.448311545964089,0.112,0.159,4.18522110080211e-09
"KLHL4",1.23739938460973e-13,0.275690226253824,0.15,0.092,4.52900548761008e-09
"PFN1",1.31759865002967e-13,-0.385249762345925,0.065,0.108,4.82254281897361e-09
"APOD",1.37438085303465e-13,-0.690059564796276,0.111,0.156,5.03037136019211e-09
"CCSER1",1.45545963004625e-13,0.325766452831697,0.33,0.25,5.3271277919323e-09
"TSPYL2",1.53628481374071e-13,-0.434236804212618,0.119,0.164,5.62295604677238e-09
"RIMS2",1.60451240273921e-13,0.424402582567878,0.348,0.281,5.87267584526578e-09
"AUP1",1.81418903268645e-13,-0.445115069536066,0.077,0.121,6.64011327853567e-09
"TMSB4X",3.00528568641672e-13,-1.11438217997067,0.213,0.25,1.09996461408538e-08
"TPI1",4.74364183089813e-13,-0.467050511949284,0.095,0.139,1.73622034652703e-08
"NDUFS2",5.93097437423297e-13,-0.366325089506252,0.11,0.157,2.17079593071301e-08
"PTMS",6.04273045934207e-13,-0.449148854386581,0.081,0.123,2.21169977542379e-08
"ARL6IP4",6.21352740358739e-13,-0.392478022169953,0.091,0.135,2.27421316498702e-08
"PPID",6.27484716821295e-13,-0.42515836890645,0.102,0.147,2.29665681203762e-08
"SOD1",6.33114948351259e-13,-0.502302707546624,0.116,0.16,2.31726402246044e-08
"IRF2BP2",7.34756649286704e-13,-0.522457300884901,0.171,0.218,2.68928281205427e-08
"C7orf61",9.30931452667597e-13,-0.297347139692304,0.077,0.121,3.40730220990867e-08
"BAG2",1.0130228528421e-12,-0.354799058667479,0.069,0.11,3.70776494368737e-08
"ATN1",1.07674796074351e-12,-0.548865956335832,0.176,0.221,3.94100521111733e-08
"CHST11",1.23874381824013e-12,-0.506729308671716,0.57,0.573,4.53392624914068e-08
"CGNL1",1.24216636852568e-12,0.378847776039353,0.163,0.107,4.54645312544082e-08
"NMT1",1.55633252259981e-12,-0.664572874365871,0.277,0.308,5.69633266596755e-08
"DEAF1",1.8295695790564e-12,-0.574638889939572,0.181,0.222,6.69640761630432e-08
"PDK4",2.26573400265532e-12,-0.282424770573961,0.094,0.141,8.29281302311875e-08
"PRKCSH",2.82414379641744e-12,-0.392584120797469,0.096,0.14,1.03366487092675e-07
"PNRC1",3.76867620915251e-12,-0.463879337288381,0.156,0.204,1.37937317931191e-07
"YPEL3",4.64979633433347e-12,-0.509386681569056,0.131,0.174,1.70187195632939e-07
"RBMS3",6.04145715517438e-12,0.271047590451819,0.663,0.579,2.21123373336537e-07
"SUGT1",6.24161010096299e-12,-0.590172520044055,0.278,0.306,2.28449171305346e-07
"CPVL",6.71522590474545e-12,-0.664999197937547,0.073,0.113,2.45783983339588e-07
"NBPF26",6.71767361399484e-12,-0.326883156807541,0.099,0.143,2.45873571945825e-07
"NUFIP2",6.84479098943349e-12,-0.715429539964098,0.387,0.394,2.50526195004255e-07
"GRM5",7.01614351740026e-12,0.250978989299204,0.326,0.252,2.56797868880367e-07
"RPL18",7.40680193528003e-12,-0.625715277642623,0.154,0.195,2.71096357633184e-07
"SAFB2",9.77223832103365e-12,-0.717477207567376,0.282,0.307,3.57673694788152e-07
"DNAJB4",1.25799529724264e-11,-0.372002740691152,0.088,0.13,4.60438858743778e-07
"TICAM2",1.4636220897185e-11,-0.410485140111145,0.07,0.109,5.3570032105787e-07
"SPTLC2",1.77178952805008e-11,-0.274607032623552,0.334,0.235,6.4849268516161e-07
"HSPA9",1.97395354751306e-11,-0.52165812475025,0.227,0.262,7.22486737925255e-07
"LUZP2",2.26057880908026e-11,0.369080831631527,0.319,0.247,8.27394449911465e-07
"GRM8",2.60394741782589e-11,0.40559022041817,0.166,0.11,9.53070794398454e-07
"BANP",2.83785741894996e-11,-0.633807517402705,0.214,0.253,1.03868419390988e-06
"STAT2",3.32833123873498e-11,-0.596825504174143,0.141,0.183,1.21820251668939e-06
"BCL2L1",3.49615921941919e-11,-0.264742843257287,0.231,0.156,1.27962923589962e-06
"CA10",3.67319793304043e-11,0.465282738139572,0.204,0.15,1.34442717547213e-06
"RPS26",3.68180488942285e-11,-0.383239890663597,0.076,0.114,1.34757740757766e-06
"CLK1",3.86361192006325e-11,-0.58246991753882,0.351,0.368,1.41412059886235e-06
"NFATC2",4.14149303139359e-11,-0.511565556941332,0.146,0.193,1.51582786442037e-06
"IL6ST",5.05082825185266e-11,-0.734694747980264,0.425,0.43,1.84865364846059e-06
"ATG16L2",7.11680720638182e-11,-0.465404652559267,0.069,0.105,2.60482260560781e-06
"ABR",7.17546468406247e-11,-0.724833281914955,0.509,0.492,2.6262918290137e-06
"DLGAP2",7.22346506562725e-11,0.337271959225306,0.212,0.152,2.64386044867023e-06
"APOLD1",8.02343703762808e-11,-0.486715803827429,0.122,0.168,2.93665819014225e-06
"LUC7L3",8.28618102725802e-11,-0.80524975488011,0.575,0.528,3.03282511778671e-06
"CCDC59",8.33430237261577e-11,-0.320218450004466,0.12,0.161,3.0504380114011e-06
"IFI44L",9.66691197319721e-11,-0.970379133623941,0.072,0.109,3.53818645130991e-06
"SAMSN1",1.01831181406591e-10,0.656491655805918,0.146,0.101,3.72712307066263e-06
"ACTB",1.39374775907706e-10,-0.703110488733085,0.417,0.414,5.10125617299793e-06
"HS6ST3",1.49064621069793e-10,0.394066466856676,0.309,0.248,5.45591419577551e-06
"LRRC37A2",1.49679531453364e-10,-0.394717653591154,0.131,0.169,5.47842053072456e-06
"XPO1",1.50240058792024e-10,-0.563078886195975,0.512,0.482,5.49893639184685e-06
"TNS3",1.71594656392253e-10,-0.327189704219166,0.406,0.311,6.28053601861286e-06
"MAPT",1.94127014960327e-10,-0.648199453606591,0.477,0.455,7.10524287456292e-06
"RBM47",1.99634609204067e-10,-0.72488933384484,0.128,0.17,7.30682633147805e-06
"ALDH2",2.11946843696512e-10,-0.518081039773118,0.202,0.24,7.75746642613603e-06
"ANO8",2.36182017280853e-10,-0.3378106703495,0.09,0.128,8.6444980144965e-06
"MTUS2",2.49533157565787e-10,0.34474216073422,0.193,0.14,9.13316310006538e-06
"PNPLA6",2.59713580186884e-10,-0.467703353843236,0.121,0.159,9.50577674842013e-06
"AFF1",2.61978256581852e-10,-0.640449182145781,0.468,0.463,9.58866616915236e-06
"CELF2",2.85689066342124e-10,-0.573643008302204,0.736,0.671,1.04565055171881e-05
"PDE3B",2.898437999725e-10,-0.773096677260882,0.46,0.467,1.06085729227935e-05
"CTSB",3.18311038264739e-10,-0.816975813929682,0.203,0.236,1.16505023115277e-05
"RPL10",4.74678153383409e-10,-0.638947834521464,0.169,0.206,1.73736950919861e-05
"TCF25",4.98417353090857e-10,-0.617663184519546,0.342,0.353,1.82425735404785e-05
"RPS28",6.38003862912307e-10,-0.757484865317421,0.2,0.233,2.33515793864534e-05
"CALR",6.38339893927506e-10,-0.461418789151527,0.121,0.159,2.33638784576406e-05
"UBE2B",7.03730522745873e-10,-0.601689836295877,0.323,0.334,2.57572408630217e-05
"EIF1",7.32770261503688e-10,-0.622522705867564,0.178,0.213,2.68201243412965e-05
"PTPRT",8.80498788759259e-10,0.613819303924091,0.228,0.181,3.22271361673777e-05
"PRKD2",8.81568948615804e-10,-0.36528828802347,0.081,0.117,3.2266305088287e-05
"SQSTM1",9.38705697557435e-10,-0.6204250986178,0.24,0.268,3.43575672362997e-05
"ATP2B4",1.10655294581885e-09,-0.763925984719208,0.358,0.358,4.05009443699158e-05
"TSHZ2",1.11024437447353e-09,-0.340524776005931,0.138,0.09,4.06360543501057e-05
"PBXIP1",1.14773167441844e-09,-0.482862720711268,0.091,0.129,4.20081270153895e-05
"KLHL21",1.32821222490115e-09,-0.291863141449309,0.094,0.131,4.86138956436069e-05
"MXD4",1.34432134125001e-09,-0.5118529134223,0.191,0.226,4.92035054110916e-05
"ZNF98",1.41285966019251e-09,0.982340921990831,0.245,0.205,5.1712076422706e-05
"LENG8",1.48488874007388e-09,-0.541473101882527,0.199,0.234,5.43484127754441e-05
"STARD3",1.52587674789382e-09,-0.422968507651661,0.122,0.16,5.58486148496617e-05
"ST18",1.59705387357222e-09,0.463507587390265,0.174,0.125,5.84537688266169e-05
"MT3",1.62552786335507e-09,-0.722243831259401,0.266,0.29,5.94959453266587e-05
"CERS6",1.7804579891951e-09,-0.601471794954221,0.389,0.406,6.51665428625298e-05
"TMEM163",2.04186617931262e-09,-0.921324585488749,0.165,0.203,7.47343440290211e-05
"PLIN5",2.38236650058889e-09,-0.419952631097022,0.095,0.133,8.71969962880539e-05
"HS3ST5",2.41405077029342e-09,0.386684830824336,0.265,0.206,8.83566722435095e-05
"VOPP1",2.81779089579077e-09,-0.361382424555293,0.353,0.254,0.000103133964576838
"APBB1IP",3.21171747977083e-09,-0.267466022052559,0.164,0.217,0.000117552071477092
"RPS15",3.75693013824774e-09,-0.645108143511034,0.155,0.188,0.000137507399990006
"HNRNPA3",4.09252930303187e-09,-0.256622242884963,0.392,0.286,0.00014979066502027
"CNTRL",4.2843757553273e-09,-0.267199400882995,0.281,0.2,0.000156812437020735
"KCNQ5",4.39425154751505e-09,0.250277319840985,0.204,0.15,0.000160834000890598
"AXL",4.83693444145867e-09,-0.517166267973235,0.145,0.184,0.000177036637491829
"DDX58",4.93632680665669e-09,-0.315273129822589,0.166,0.112,0.000180674497450441
"GAA",5.31271659677213e-09,-0.491274609099063,0.079,0.112,0.000194450740158457
"MSR1",7.24982623931742e-09,-0.511421729211992,0.077,0.111,0.000265350890185257
"NFASC",7.26537540676446e-09,-0.359329216191251,0.342,0.252,0.000265920005262986
"HLA-C",8.75633688605461e-09,-0.39660890775419,0.085,0.119,0.000320490686366485
"ASPH",1.04403135304217e-08,-0.268848077034599,0.53,0.395,0.000382125915526966
"HP1BP3",1.05263914029194e-08,-0.641750060664827,0.512,0.473,0.000385276451738255
"LGI4",1.06582773408973e-08,-0.420256008437051,0.098,0.133,0.000390103608954183
"OGFRL1",1.08218461083586e-08,-0.701411762503605,0.294,0.311,0.000396090389412033
"SOX8",1.81359093114243e-08,-0.343376720367027,0.07,0.101,0.00066379241670744
"PLTP",2.56845450846516e-08,-0.343195763995422,0.073,0.105,0.000940080034643334
"MBOAT7",2.7507821762501e-08,-0.516339889610445,0.092,0.123,0.0010068137843293
"HIPK3",3.03736457508061e-08,-0.353352217992006,0.353,0.26,0.00111170580812525
"GRK2",3.52856246545967e-08,-0.410833140543045,0.087,0.12,0.0012914891479829
"NME3",4.20458599412666e-08,-0.266566306752836,0.089,0.122,0.0015389205197103
"UBXN2B",4.27678749048607e-08,-0.284713686488804,0.255,0.181,0.00156534698939281
"MIF",4.5798530651364e-08,-0.324272160248185,0.074,0.104,0.00167627202037057
"UBA52",5.14114452963894e-08,-0.494206665811975,0.097,0.128,0.00188171030929315
"BIN1",5.15535759211916e-08,-0.647092041547196,0.21,0.242,0.00188691243229154
"TPST1",5.28200231164493e-08,-0.250781621463042,0.342,0.256,0.00193326566608516
"RPS16",5.89287588550955e-08,-0.474073790996644,0.11,0.142,0.00215685150285535
"KCTD12",5.92761538700743e-08,-0.549849457795864,0.075,0.105,0.00216956650779859
"DYNLL1",5.99544136912149e-08,-0.543105140371017,0.213,0.235,0.00219439149551216
"TOB2",6.66994343312118e-08,-0.619573904149969,0.207,0.238,0.00244126599595668
"EEF2",6.76849592847198e-08,-0.409147804660106,0.128,0.16,0.00247733719478003
"BAZ1B",8.46489577280777e-08,-0.323204924860158,0.31,0.227,0.00309823650180537
"TECR",9.05280804516395e-08,-0.427468446349694,0.178,0.211,0.00331341827261046
"CAMK2G",9.32216479897125e-08,-0.2832261518773,0.465,0.35,0.00341200553807147
"CD86",9.32325106603559e-08,-0.422190047937228,0.079,0.112,0.00341240312267969
"FBXL14",9.34451475867702e-08,-0.44136535157319,0.095,0.125,0.00342018584682338
"INTS10",1.01217540422405e-07,-0.282587803197614,0.323,0.235,0.00370466319700044
"GLRX",1.0307387083153e-07,-0.365890124025767,0.075,0.106,0.00377260674630484
"TPT1",1.03546504730952e-07,-0.731860176161945,0.28,0.298,0.00378990561965759
"BCAN",1.11070718766613e-07,-0.809817118824719,0.199,0.227,0.00406529937757679
"UTP23",1.33431994754722e-07,-0.506295623059306,0.192,0.218,0.0048837444400176
"ATP6V0B",1.38612754944476e-07,-0.441216563729122,0.105,0.135,0.00507336544372278
"RPL8",1.40050170173856e-07,-0.523373926205432,0.093,0.122,0.0051259762785333
"SEC62",1.40186571793152e-07,-0.273700286128232,0.292,0.215,0.00513096871420116
"FTH1",1.54169948767098e-07,-0.946911268889835,0.405,0.388,0.00564277429482454
"SERF2",1.72663206603344e-07,-0.377957638434736,0.138,0.171,0.00631964602488898
"FGF14",1.73973411632898e-07,0.273798095170612,0.397,0.338,0.00636760083917571
"NAA16",2.00820622280804e-07,-0.653391594472735,0.354,0.35,0.0073502355960997
"CNP",2.47041123393098e-07,-0.543634471155696,0.122,0.155,0.00904195215731076
"WHRN",2.75386904048156e-07,-0.292902753596595,0.101,0.133,0.0100794360750666
"NPAS2",3.10745731071678e-07,-0.343300086452997,0.317,0.235,0.0113736045029545
"NBPF14",3.17421973579488e-07,-0.304887376285024,0.072,0.102,0.0116179616549828
"RPS6KA2",3.28874186184691e-07,-0.468559453852772,0.645,0.584,0.0120371240885459
"PCBP1",3.31958419168796e-07,-0.340725069320833,0.098,0.128,0.0121500100999971
"PRKCH",3.43341744366991e-07,0.3888123446164,0.14,0.101,0.0125666511855762
"FOXP2",3.43456285024546e-07,-0.59785559444873,0.19,0.226,0.0125708434881834
"ZFYVE21",3.86916148994909e-07,-0.568608683131401,0.142,0.169,0.0141615179693627
"JUND",3.90463303990278e-07,-0.638015344885877,0.154,0.181,0.0142913473893482
"ZNF652",4.60519111030183e-07,-0.301106245133255,0.41,0.308,0.0168554599828157
"MFSD1",4.90747647403501e-07,-0.258058385776118,0.187,0.132,0.0179618546426155
"ANKS1A",5.25570410318715e-07,-0.310686583225718,0.491,0.372,0.0192364025880753
"PAPOLA",5.3994055542736e-07,-0.484575281027738,0.472,0.442,0.0197623642691968
"ADCY7",6.20335684229704e-07,-0.502688269718358,0.081,0.109,0.0227049063784914
"MBNL2",7.11969612735552e-07,-0.500552342971971,0.564,0.514,0.026058799795734
"HS3ST4",9.21687013050687e-07,-0.573918890123575,0.164,0.198,0.0337346663646682
"DENND3",9.24259748092279e-07,-0.779125659795255,0.144,0.17,0.0338288310399255
"NEDD4L",1.08046056739675e-06,-0.613299380742658,0.432,0.42,0.0395459372272885
"CACNA1A",1.20459573397304e-06,-0.540911639947623,0.414,0.425,0.0440894084591473
"HDAC4",1.22074904918746e-06,-0.293119064606167,0.478,0.363,0.0446806359493102
"MAFG",1.25240321889156e-06,-0.406806116180241,0.106,0.134,0.0458392102146501
"PTMA",1.36415530863311e-06,-0.642054012805527,0.257,0.271,0.0499294484512804
