"","p_val","avg_log2FC","pct.1","pct.2","p_val_adj"
"CHI3L1",0,3.38630872370281,0.404,0.012,0
"PPP2R2B",0,1.75501853382999,0.93,0.767,0
"XIST",0,3.6143240417707,0.795,0.001,0
"SERPINA3",3.11232400693562e-307,1.27881027048027,0.244,0,1.1391417097785e-302
"BCL6",7.75030358039816e-307,1.95292080478967,0.465,0.082,2.83668861346153e-302
"NLGN4Y",2.54249469289286e-301,-2.33099699734325,0.001,0.563,9.30578482545715e-297
"MALAT1",6.15688867189256e-300,0.844582327291882,1,0.999,2.2534828227994e-295
"NEAT1",2.49557928589346e-288,2.42907591312872,0.797,0.4,9.13406974429865e-284
"UTY",5.65691775022937e-283,-2.04636266742812,0.003,0.542,2.07048846576145e-278
"PDK4",2.56668146622278e-280,1.74836837741515,0.301,0.02,9.39431083452201e-276
"CD44",4.52611434742294e-274,2.06822026365099,0.255,0.008,1.65660311230027e-269
"TTTY14",2.90803646822855e-271,-2.08523068543901,0.002,0.525,1.06437042773633e-266
"DIP2C",8.36871835340081e-270,1.77823940622762,0.834,0.591,3.06303460452823e-265
"FKBP5",8.76542984162134e-263,1.62633937235197,0.424,0.074,3.20823497633183e-258
"MT1X",4.11503033610295e-261,1.08868948084148,0.257,0.011,1.50614225331704e-256
"CLIC4",5.86106951075106e-255,1.38768117483909,0.525,0.123,2.14521005163e-250
"ANGPTL4",2.8520955556093e-249,1.53929691017794,0.275,0.019,1.04389549430856e-244
"ITGB4",2.45964235935745e-248,1.13102407995988,0.279,0.02,9.00253699948419e-244
"OSMR-AS1",4.65985248313168e-245,1.14962377192588,0.252,0.013,1.70555260735103e-240
"USP9Y",1.43735305736273e-242,-1.79340952258438,0.002,0.486,5.26085592525333e-238
"DST",5.27574029936346e-242,1.26314405353406,0.924,0.771,1.93097370697002e-237
"GFAP",1.42250779232504e-241,1.49235391355256,0.317,0.034,5.20652077068889e-237
"CNTNAP2",3.77532886263069e-237,-2.96522706627994,0.194,0.637,1.38180811701146e-232
"NTM",2.44444579052412e-233,1.49401561786111,0.853,0.641,8.94691603789735e-229
"PIP4K2A",1.4612085153459e-224,1.71254449228772,0.779,0.424,5.34816928701754e-220
"MT2A",6.2706740204612e-221,1.43550011392744,0.287,0.03,2.295129398229e-216
"OSMR",1.27813199588074e-219,0.827526500926182,0.228,0.012,4.67809091812308e-215
"RBFOX1",3.23714131641198e-216,-2.95165636323098,0.153,0.583,1.18482609321995e-211
"ZFP36",3.12277858323415e-210,0.994774747819859,0.214,0.01,1.14296818924953e-205
"ERBIN",1.18748409537409e-202,1.45423196951319,0.793,0.493,4.34631053747869e-198
"MYT1L",5.76942042035496e-200,-1.92637530679227,0.049,0.485,2.11166556805412e-195
"F3",1.50355501958203e-195,1.59294537346808,0.304,0.046,5.50316172717218e-191
"GADD45B",1.57278520240329e-195,0.844418357890118,0.204,0.011,5.75655111931628e-191
"DLGAP1",1.26235232174853e-194,-2.22449545905093,0.188,0.591,4.62033573283179e-190
"DOCK1",1.35581389525361e-189,1.12596819073385,0.653,0.244,4.96241443801775e-185
"SYT1",3.03514806957366e-189,-2.63113434217853,0.08,0.5,1.11089454494466e-184
"QKI",1.64911803875972e-188,1.17735720396708,0.894,0.699,6.03593693366446e-184
"SLC8A1",7.52290093698212e-184,-1.74453109019888,0.125,0.566,2.75345697194483e-179
"YBX3",1.54151396011436e-183,0.870400815842455,0.208,0.015,5.64209524541458e-179
"MRVI1",7.00792033392045e-183,1.40923030881407,0.257,0.032,2.56496892141822e-178
"GRIA1",7.39952730577452e-180,-1.70442827793404,0.045,0.449,2.70830098918653e-175
"GALNT15",7.75679432422654e-180,1.25645431716569,0.313,0.059,2.83906429061016e-175
"HILPDA",8.39495222181691e-180,1.06776123278032,0.214,0.018,3.07263646270721e-175
"FRMPD4",1.41795717823588e-179,-2.09306189360658,0.044,0.45,5.18986506806115e-175
"ENOSF1",1.79644166537967e-178,1.23759548771463,0.481,0.145,6.57515613945614e-174
"GLUL",7.81169515825559e-178,1.77575620995713,0.524,0.195,2.85915854487313e-173
"DOCK5",1.10901621043303e-177,1.2825630187692,0.571,0.202,4.05911023180593e-173
"CACNA1B",2.51977434078493e-176,-1.74005845796612,0.057,0.457,9.22262606470692e-172
"DLGAP2",7.58380002226146e-175,-2.24884967148733,0.051,0.442,2.77574664614792e-170
"MEF2C",4.66177060542707e-174,-1.95248011188006,0.183,0.557,1.70625465929236e-169
"GABBR2",2.21924871298135e-173,-1.60944022612729,0.039,0.429,8.12267221438305e-169
"RIMS2",1.69413747743092e-171,-1.85041087791458,0.137,0.537,6.20071258114492e-167
"ADM",3.91838382840866e-171,0.529913450517811,0.145,0.001,1.43416766503585e-166
"MEG3",1.72994517801436e-170,-2.20950307216549,0.173,0.538,6.33177234605035e-166
"GRIN2B",2.53265831427366e-169,-1.65057132648283,0.074,0.46,9.26978269607303e-165
"KSR2",4.11774042895803e-169,-1.34365646317411,0.051,0.443,1.50713417440293e-164
"CACNB4",1.30265667054099e-167,-1.67095097668844,0.121,0.506,4.76785367984707e-163
"KHDRBS2",1.88140758034074e-166,-1.96849018437879,0.065,0.456,6.88613988480514e-162
"TENM2",3.00081434456487e-166,-2.30050515894527,0.103,0.48,1.09832805825419e-161
"MTUS2",4.01199280020517e-166,-1.75687255576264,0.037,0.419,1.4684294848031e-161
"CHSY3",3.42618626354612e-165,-1.82727841021596,0.051,0.434,1.25401843432052e-160
"HCN1",3.08851370421898e-163,-1.67595091503476,0.036,0.41,1.13042690088119e-158
"KCNQ5",4.33701921880747e-163,-2.39526518842509,0.051,0.426,1.58739240427572e-158
"ELL2",4.81858651706988e-163,1.86916525486749,0.593,0.329,1.76365085111275e-158
"SYN2",1.51793127896742e-162,-1.64993292223719,0.066,0.446,5.55578027414865e-158
"ATP8A2",1.53526489624389e-162,-1.49089226927151,0.072,0.458,5.61922304674226e-158
"SH3PXD2B",2.18666478724055e-162,1.32612045463132,0.461,0.154,8.00341178777915e-158
"KCNC2",2.78368607379707e-161,-1.8960534126343,0.021,0.389,1.01885693987047e-156
"FRMD4A",3.8873075268009e-161,-1.79272977725792,0.455,0.69,1.4227934278844e-156
"LGALS3",6.21464302916802e-161,0.681895059814481,0.182,0.012,2.27462149510579e-156
"STXBP5L",1.11297427588884e-160,-1.80490430561087,0.131,0.517,4.07359714718073e-156
"PDE4B",7.23949246264292e-160,1.0700048524227,0.845,0.602,2.64972663625193e-155
"CCSER1",9.43872529567157e-160,-1.95825817712885,0.155,0.52,3.45466784546875e-155
"CELF4",6.53647739788758e-159,-1.40393874434541,0.05,0.424,2.39241609240083e-154
"GABRG3",6.59694456665278e-159,-1.82650901673594,0.03,0.395,2.41454768084058e-154
"SRRM3",1.38782588355901e-158,-1.20362895770088,0.042,0.417,5.07958151641433e-154
"FGF12",1.6879094157897e-158,-1.61545070674423,0.147,0.546,6.17791725273188e-154
"FGFR2",2.13100157405916e-158,1.20053444939959,0.539,0.21,7.79967886121392e-154
"TMEM165",8.94753036878306e-158,1.61136443884424,0.711,0.438,3.27488559027829e-153
"VIM",2.08251872366223e-157,0.585141274570568,0.163,0.008,7.62222678047614e-153
"ALDH1L1",4.08541210211003e-157,1.0075212480012,0.258,0.04,1.49530168349329e-152
"SNRPN",7.37819111880549e-157,-1.58339351716447,0.081,0.452,2.700491731394e-152
"SIK3",7.54940357910064e-157,1.17909491622023,0.889,0.747,2.76315720398662e-152
"GABRB3",1.43791504758434e-156,-1.55997744852956,0.076,0.445,5.26291286566343e-152
"CSMD1",4.13631505204756e-156,-1.7214794733957,0.208,0.598,1.51393267219993e-151
"PTPRN2",1.1114733473609e-154,-1.53497074808498,0.115,0.481,4.06810359867562e-150
"KIAA1549L",1.12293870222661e-154,-1.45262214445785,0.054,0.416,4.11006794401962e-150
"GRM5",1.25901319588033e-153,-1.58167246048407,0.123,0.502,4.60811419824159e-149
"RBFOX3",3.26995778833196e-152,-1.31169493211801,0.029,0.387,1.19683725010738e-147
"DCLK1",4.16289080562698e-151,-1.56744370708698,0.075,0.446,1.52365966376753e-146
"GRIN1",1.29259657322868e-150,-1.17119472883435,0.043,0.405,4.73103271767428e-146
"SLC4A10",2.14364733527922e-150,-1.41521866155995,0.086,0.458,7.84596361185548e-146
"CHRM3",7.2657734309552e-150,-1.93336672049184,0.049,0.406,2.65934573346391e-145
"NPAS3",1.92416557806159e-149,1.60158839291084,0.812,0.647,7.04263843226322e-145
"SRRM4",1.71179838534493e-148,-1.22847793596294,0.027,0.379,6.26535327020097e-144
"YAP1",6.97029442544474e-148,0.813818355654035,0.22,0.028,2.55119746265703e-143
"ARHGEF10",9.41240598770604e-148,1.10465002712389,0.491,0.188,3.44503471556029e-143
"IFITM3",1.76111833411594e-147,0.62216780390972,0.177,0.014,6.44586921469776e-143
"NMNAT2",1.8426744134473e-147,-1.11731532458043,0.051,0.41,6.74437262065845e-143
"FAM107B",2.04121499353891e-147,1.34607985699957,0.412,0.129,7.47105099785176e-143
"VSNL1",6.8233606633957e-147,-1.26700317568834,0.042,0.396,2.49741823640946e-142
"PRICKLE1",1.0839406447547e-146,-1.20763701795154,0.038,0.392,3.96733115386667e-142
"CDH19",1.08879776884049e-146,1.50497084431283,0.321,0.076,3.98510871373307e-142
"LRFN5",1.8053447976276e-146,-1.65099466335839,0.111,0.473,6.60774249379677e-142
"RGS7",2.85009138096095e-146,-1.75369323914402,0.21,0.546,1.04316194634552e-141
"COL4A5",3.09210162238887e-146,1.27536232578733,0.416,0.126,1.13174011481055e-141
"SLC1A3",2.33845480241918e-145,3.04226068038954,0.522,0.223,8.55897842233445e-141
"CNTN4",2.08032081117454e-144,-1.600594266891,0.077,0.433,7.61418220097992e-140
"FBXL7",5.3524596341084e-144,1.10228999926516,0.621,0.281,1.95905375068002e-139
"SCN2A",6.59298547083859e-144,-1.2177666250431,0.087,0.455,2.41309861218163e-139
"ADGRL2",1.39204938457275e-143,-1.70543424238661,0.051,0.399,5.09503995247471e-139
"PAK3",3.62761229523994e-143,-1.18572486344978,0.064,0.422,1.32774237618077e-138
"GABRB2",4.4349635670752e-143,-1.37676619500982,0.057,0.411,1.6232410151852e-138
"RYR2",1.23010357028202e-141,-1.81763120804422,0.122,0.476,4.50230207758924e-137
"GNA14",1.6654578141255e-141,2.52973069381399,0.279,0.063,6.09574214548073e-137
"DSCAM",1.89150804256627e-141,-1.51709121598343,0.143,0.546,6.92310858659681e-137
"OXR1",1.96747980989767e-141,-1.68333689209716,0.219,0.544,7.20117285220647e-137
"ROBO2",5.59841095650433e-141,-2.68130113443598,0.071,0.415,2.04907439419015e-136
"ARAP2",1.07230533134492e-140,1.13099279716594,0.706,0.433,3.92474474325554e-136
"CACNA1A",1.60920061644352e-140,-1.33636261007906,0.205,0.558,5.88983517624494e-136
"SNTG1",3.3385160721001e-140,-1.3864444830513,0.14,0.529,1.22193026754936e-135
"KCNJ3",1.24899065310324e-139,-1.15502569152434,0.04,0.381,4.57143068942317e-135
"FOS",1.95456017399835e-139,0.635440148846279,0.17,0.014,7.15388569285137e-135
"PRDM16",2.25339357598531e-139,0.920749517151636,0.225,0.033,8.24764582746384e-135
"RALYL",2.28681758075112e-139,-2.21758850372545,0.082,0.428,8.36998102730716e-135
"ASIC2",3.23393886965423e-139,-1.47536514227573,0.069,0.416,1.18365396568214e-134
"SORBS2",1.90057936035857e-138,-1.34932929833979,0.082,0.437,6.9563105168484e-134
"CECR2",2.49125066622641e-138,0.879937372885472,0.468,0.156,9.11822656345529e-134
"MEIS2",2.83715374771827e-138,1.23950107585998,0.539,0.236,1.03842664320236e-133
"AFF3",4.03682245893075e-138,-1.24720042105862,0.106,0.46,1.47751738819324e-133
"RIMS1",9.66798917629553e-138,-1.39654336979982,0.123,0.47,3.53858071841593e-133
"TMEM144",3.19683833434784e-137,1.62674364176073,0.505,0.216,1.17007479875465e-132
"OPCML",1.20410747756205e-136,-1.08690187433494,0.179,0.576,4.40715377862484e-132
"TMBIM1",2.51474218873613e-136,0.555092426092383,0.216,0.031,9.20420788499311e-132
"XKR4",4.38202552169226e-136,-1.43298856046575,0.114,0.477,1.60386516119458e-131
"CELF5",8.47729881921411e-136,-0.996540660972685,0.05,0.389,3.10277614082056e-131
"AASS",1.06846980540665e-135,0.796009902934889,0.371,0.102,3.91070633476887e-131
"CACNA1D",1.09816285333533e-135,-1.19820417926298,0.111,0.461,4.01938585949265e-131
"ZNF385B",1.89809045487116e-135,-1.3726255389923,0.045,0.382,6.94720087387394e-131
"MIR100HG",7.23513024424519e-135,1.38636500065927,0.676,0.483,2.64813002069618e-130
"ST6GALNAC5",1.94562988013982e-134,-1.42504506583716,0.027,0.353,7.12119992429975e-130
"CHST3",2.92572372499039e-134,0.704931831602763,0.231,0.037,1.07084414058373e-129
"DNM1",3.31683766195642e-134,-1.15881165033331,0.101,0.447,1.21399575265267e-129
"CLMN",4.76570613446936e-134,1.35709427263826,0.494,0.203,1.74429610227713e-129
"FRRS1L",6.46603098275108e-134,-0.916732268825433,0.049,0.386,2.36663199999672e-129
"DGCR9",2.84448973061724e-133,-1.13989487449791,0.031,0.355,1.04111168630322e-128
"BMPR1B",2.38776522970682e-132,1.98316930966414,0.274,0.063,8.73945951724994e-128
"FMN1",2.49787374166965e-131,-1.28090985124874,0.045,0.371,9.14246768188509e-127
"MIDN",1.03655790449049e-130,1.00435906365904,0.29,0.07,3.79390558622566e-126
"FGF14",1.56756526749785e-130,-1.20163782657049,0.208,0.567,5.73744563556886e-126
"CAP2",8.51275230638354e-130,-0.989424723908424,0.038,0.356,3.11575247165944e-125
"PTPN13",8.84121448377011e-130,1.203574296404,0.499,0.226,3.2359729132047e-125
"ZBTB20",1.36687028874292e-129,0.871547837609234,0.833,0.59,5.00288194382795e-125
"RASAL2",1.98801214670074e-129,-1.28693621241392,0.203,0.53,7.27632325813937e-125
"TIPARP",3.46089302019516e-129,1.12899191992341,0.221,0.037,1.26672145432163e-124
"C10orf90",4.57347864812078e-129,1.25128664055173,0.524,0.225,1.67393891999869e-124
"CDH9",5.02708908065646e-129,-1.62906638514738,0.018,0.327,1.83996487441107e-124
"KCNB2",7.92386574218962e-129,-1.3836568855094,0.033,0.35,2.90021410029882e-124
"CLDN11",9.10795864576234e-129,1.3311376962676,0.384,0.123,3.33360394393548e-124
"BAG3",1.17684119581181e-128,0.495144672559411,0.149,0.011,4.30735646079081e-124
"ATRNL1",2.04686357281229e-128,-0.969121594125189,0.142,0.531,7.49172536285025e-124
"ATCAY",2.14155699842061e-128,-0.914071682725941,0.056,0.388,7.83831276991929e-124
"LINC00599",2.16571450545455e-128,-0.787328206275093,0.03,0.349,7.92673166141421e-124
"PMP2",2.95451036127615e-128,0.810340740770874,0.221,0.035,1.08138033733068e-123
"AQP1",4.30681968172859e-128,0.856760494232816,0.186,0.024,1.57633907170948e-123
"PRKCB",4.58966196643645e-128,-1.3406030051609,0.129,0.474,1.6798621763354e-123
"SGSM1",7.75722313104172e-128,-0.931622956238298,0.043,0.37,2.83922123819258e-123
"CAMK2A",8.8569813507878e-128,-1.0215218830067,0.033,0.352,3.24174374420184e-123
"AQP4",1.18081695741114e-127,0.917615652277881,0.238,0.044,4.32190814582051e-123
"GABRG2",5.62222518477366e-127,-0.80956247531176,0.019,0.329,2.05779063987901e-122
"CACNG3",1.65362407496052e-126,-1.0359061127873,0.013,0.317,6.052429476763e-122
"PTPRT",1.33795776792721e-125,-1.73081781315513,0.066,0.385,4.89705922639038e-121
"PTPRR",1.38710073928742e-125,-0.952174692104149,0.023,0.331,5.07692741586587e-121
"KCNB1",1.76616870028529e-125,-0.899071854024898,0.047,0.365,6.46435405991421e-121
"NAV3",3.55892098480851e-125,-1.1863416877578,0.436,0.702,1.30260066964976e-120
"DNM3",6.80124343117328e-125,1.14164030857415,0.81,0.677,2.48932310824373e-120
"CAMK1D",1.14127631858079e-124,-1.46625709793785,0.231,0.533,4.17718545363753e-120
"KCND2",1.22119507732187e-124,-1.15695830230779,0.124,0.491,4.46969610250577e-120
"RAPGEF4",2.12392982660621e-124,-1.15516317204069,0.137,0.47,7.7737955583614e-120
"CDH18",2.14288129154165e-124,-1.51439275292024,0.103,0.431,7.8431598151716e-120
"CNTNAP5",3.00584210202404e-124,-1.26641234908645,0.123,0.475,1.10016826776182e-119
"NCALD",4.58778109850167e-124,-1.10365656755558,0.076,0.406,1.6791737598626e-119
"LRRTM4",4.61610957266383e-124,-1.37882266738104,0.217,0.565,1.68954226469069e-119
"GRID2",9.28884947463489e-124,-1.31402052755901,0.167,0.54,3.39981179621112e-119
"MDGA2",2.83827195012894e-123,-1.08830214699364,0.195,0.57,1.03883591646669e-118
"TMC1",3.75040789423425e-123,1.33690733129386,0.149,0.013,1.37268679336868e-118
"FAM189A2",3.89865996316869e-123,1.65538613223101,0.227,0.043,1.42694853311937e-118
"LINGO2",6.62528955039457e-123,-1.8367433166094,0.037,0.346,2.42492222833992e-118
"TUBB2B",8.41797505096303e-123,0.866916615967141,0.237,0.048,3.08106304840298e-118
"PCDH11Y",2.72339573183999e-122,-1.40966046272425,0.006,0.296,9.96790071810754e-118
"ABLIM2",3.79648052635964e-122,-0.823861779631234,0.038,0.353,1.38954983745289e-117
"MIAT",5.7418960870058e-122,-1.23916529151864,0.129,0.443,2.10159138680499e-117
"SHANK2",5.93371861568549e-122,-0.926238797246736,0.077,0.407,2.17180035052705e-117
"WNK2",4.11966036650534e-121,-0.780165951366269,0.033,0.34,1.50783689074462e-116
"KCTD16",5.4453646525508e-121,-1.40282524198129,0.119,0.441,1.99305791648012e-116
"MAP2",6.72735055549614e-121,-1.20452445642398,0.205,0.536,2.46227757681714e-116
"CACNA1E",1.39261698641685e-120,-0.954705863410562,0.029,0.332,5.0971174319843e-116
"EMP1",1.87000473317004e-120,0.636651016280021,0.107,0.002,6.84440432387565e-116
"HIVEP3",2.14846281359546e-120,-1.08796656002828,0.15,0.492,7.86358874404075e-116
"CHD5",2.52626939447903e-120,-0.722402537868307,0.031,0.338,9.24639861073269e-116
"CNTN5",6.02903043643795e-120,-2.27416071623579,0.079,0.39,2.20668543004066e-115
"SLC2A13",6.11345287053273e-120,-0.950103619311157,0.127,0.482,2.23758488514368e-115
"PAK5",1.03321609003229e-119,-0.89170722492149,0.045,0.358,3.78167421112717e-115
"GRIN2A",1.80776033463349e-119,-1.40860933367545,0.139,0.466,6.61658360079203e-115
"MOG",2.64648487191566e-119,1.23728664825514,0.4,0.14,9.68639927969849e-115
"SVOP",3.084991332389e-119,-0.766159890419489,0.015,0.307,1.1291376775677e-114
"BICDL1",7.77911727876435e-119,-0.76783035666172,0.022,0.316,2.84723471520054e-114
"PCSK2",9.36591683287827e-119,-1.05358198301661,0.029,0.329,3.42801922000178e-114
"ZMAT4",1.05262944954888e-118,-1.20375916483047,0.027,0.324,3.85272904829385e-114
"MCTP1",2.56449606112508e-118,-1.1655477080767,0.075,0.391,9.38631203332392e-114
"KCNH7",6.19480955087296e-118,-1.39969934179491,0.038,0.342,2.26736224371501e-113
"ST18",1.21884600822982e-117,1.30126818799237,0.53,0.238,4.46109827472195e-113
"CDH23",1.85648567553772e-117,0.767761436837456,0.223,0.04,6.79492322103559e-113
"KCNJ6",2.22981857974999e-117,-0.786574176428037,0.023,0.317,8.16135898374295e-113
"KCNIP4",3.0723117863408e-117,-2.35520820578111,0.259,0.538,1.1244968369186e-112
"GRIK2",3.34753504123329e-117,-1.61579404268856,0.205,0.534,1.2252313004418e-112
"PTGDS",4.17032149698936e-117,0.61609751307058,0.625,0.283,1.52637937111308e-112
"CACNA2D3",9.29181473941467e-117,-1.4114554899502,0.102,0.419,3.40089711277316e-112
"SH3GL2",9.73525246967376e-117,-1.09435150764656,0.044,0.346,3.56319975642529e-112
"FXYD6",1.43377046113591e-116,-1.04666414996157,0.088,0.407,5.24774326480354e-112
"GALNTL6",1.44161386912142e-116,-2.23038872484586,0.046,0.344,5.2764509223713e-112
"SGIP1",1.4476190158097e-116,1.16829942872705,0.709,0.557,5.29843035976506e-112
"GABRA1",1.54199899375918e-116,-0.789895383052059,0.021,0.314,5.64387051705796e-112
"RIMBP2",1.72637165537696e-116,-0.880322361879572,0.038,0.338,6.31869289584519e-112
"AEBP1",1.79567362695285e-116,0.631021185615151,0.168,0.02,6.57234504201012e-112
"SPATA13",3.5075279362718e-116,0.842117238236728,0.443,0.167,1.28379029995484e-111
"SLC44A5",3.64998720514676e-116,-1.28661624908236,0.093,0.407,1.33593181695577e-111
"RUNDC3B",5.36502665802726e-116,-0.817462020422349,0.04,0.343,1.96365340710456e-111
"SYT16",8.68215048506986e-116,-0.951058985148525,0.089,0.404,3.17775389904042e-111
"EFEMP1",4.47321448771328e-115,1.05885057423799,0.217,0.041,1.63724123464794e-110
"AMPH",9.00924500498609e-115,-0.837528377312017,0.064,0.374,3.29747376427496e-110
"SCN1A",9.70638983064597e-115,-1.03776296991726,0.113,0.442,3.55263574191473e-110
"KANK1",1.20366250039759e-114,0.926508484289769,0.537,0.237,4.40552511770523e-110
"SHISA9",1.41584168524054e-114,-1.29086106659448,0.109,0.429,5.18212215214889e-110
"PDE4D",2.1977602479379e-114,-1.25274285121216,0.421,0.664,8.04402228347751e-110
"LDB2",6.70874052711897e-114,-1.65764875249506,0.079,0.378,2.45546612033081e-109
"RHOU",7.18823467137878e-114,0.953708917095526,0.241,0.051,2.63096577207135e-109
"ANKRD30BL",2.40778418559903e-113,-1.13433969793637,0.046,0.341,8.81273089771102e-109
"SYTL4",2.48443071304147e-113,0.473699095690084,0.143,0.013,9.09326485280307e-109
"CA12",2.91960888946756e-113,0.417293114121147,0.117,0.005,1.06860604963402e-108
"TTTY10",3.08382506617275e-113,-0.822679392834646,0.003,0.275,1.12871081246989e-108
"LRIG1",3.47015859816555e-113,1.63476938088146,0.372,0.141,1.27011274851457e-108
"FGF2",4.79002604892683e-113,1.05406559812265,0.227,0.047,1.75319743416771e-108
"NETO1",1.14545418075431e-112,-1.01134180590478,0.049,0.345,4.19247684697886e-108
"KCNH8",1.23898974660678e-112,1.24597195611563,0.517,0.244,4.53482637155547e-108
"UCHL1",1.71403249851336e-112,-0.77956051759264,0.042,0.338,6.27353034780875e-108
"DGKB",1.97897816722915e-112,-1.42144436064441,0.096,0.409,7.24325798987543e-108
"SLC12A5",1.07008385620828e-111,-0.663003850994981,0.01,0.284,3.91661392210794e-107
"ATP1A3",1.23927289153008e-111,-0.645887140840869,0.021,0.305,4.53586271028923e-107
"SPTBN4",1.77468194927889e-111,-1.16099165427041,0.184,0.472,6.49551340255566e-107
"SNAP25",2.27309521060846e-111,-1.17814302353118,0.177,0.48,8.31975578034801e-107
"LHFPL4",2.79615741669461e-111,-0.639355398055885,0.027,0.313,1.0234215760844e-106
"BOC",4.43313779741494e-111,0.890169568174079,0.21,0.041,1.62257276523184e-106
"BCL11A",1.09440823446856e-110,-0.859792543107305,0.022,0.303,4.00564357897837e-106
"NEK10",2.83724369355154e-110,-0.740783871664948,0.026,0.31,1.0384595642768e-105
"CSMD3",4.16691618079407e-110,-1.05265004235422,0.212,0.558,1.52513299133244e-105
"HAP1",6.45411438920509e-110,0.635863536288204,0.176,0.026,2.36227040759296e-105
"MAST1",7.49508438550221e-110,-0.720619667623892,0.043,0.336,2.74327583593766e-105
"PLXNA4",7.69272777092778e-110,-1.04633173015026,0.042,0.328,2.81561529143728e-105
"SEZ6L",2.12052589871782e-109,-1.29147298553825,0.072,0.374,7.76133684189708e-105
"CDH12",6.7215894175115e-109,-1.84518636815781,0.038,0.316,2.46016894270339e-104
"HECW1",6.73750401879321e-109,-1.15412104027849,0.111,0.42,2.4659938459185e-104
"CDH8",9.348340345747e-109,-1.03256930864507,0.048,0.341,3.42158604994686e-104
"FTX",9.7897888239719e-109,-0.805989803822665,0.701,0.796,3.58316060746195e-104
"MYRIP",2.56557357640948e-108,-1.00795663746456,0.087,0.396,9.39025584701635e-104
"PLCL2",4.44264627531603e-108,-0.969861260741022,0.088,0.406,1.62605296322842e-103
"PDE10A",5.63815783640402e-108,-1.22619532949574,0.12,0.421,2.06362214970224e-103
"CACNG2",6.63577171575073e-108,-0.740780514475478,0.036,0.322,2.42875880568192e-103
"LINC01250",9.4605023932169e-108,-0.996158972240802,0.019,0.289,3.46263848094132e-103
"AHCYL1",1.08735741479656e-107,2.98460532073688,0.429,0.223,3.97983687389689e-103
"JPH4",2.06112228847841e-107,-0.685784475670103,0.037,0.321,7.54391368805984e-103
"PCDH9",2.32250535278439e-107,0.72079498081155,0.958,0.836,8.50060184172613e-103
"MTUS1",3.96311756833733e-107,1.31281324030083,0.483,0.232,1.45054066118715e-102
"ANK2",8.27039764228054e-107,0.870943045558216,0.86,0.726,3.0270482410511e-102
"SCN8A",1.64353162016744e-106,-0.87325670873091,0.103,0.403,6.01549008297485e-102
"SNHG14",1.93033508276989e-106,-1.75439103834482,0.621,0.697,7.06521943644608e-102
"CACNG8",2.17830624869546e-106,-0.734581659948196,0.046,0.333,7.97281870085025e-102
"TENM3",2.98772035444476e-106,-1.57227341782369,0.05,0.331,1.09353552693033e-101
"DOK6",3.08769937053585e-106,-0.87023598070978,0.074,0.375,1.13012884660983e-101
"GUCY1A2",3.92733734170508e-106,-0.945798843345503,0.068,0.366,1.43744474043748e-101
"SPATA6",4.08924939965507e-106,1.01416856444147,0.504,0.238,1.49670617276775e-101
"OLFM3",4.25271638033405e-106,-1.31018833165703,0.025,0.296,1.55653672236607e-101
"STON2",4.38390392998519e-106,0.940225829992943,0.234,0.052,1.60455267741388e-101
"MICAL2",1.07837931531025e-105,-0.780267537909442,0.048,0.331,3.94697613196705e-101
"NEGR1",1.64145319469362e-105,-1.45803563667093,0.319,0.575,6.00788283789812e-101
"SEMA3B",5.97358696742658e-105,0.887084234174744,0.266,0.067,2.1863925659478e-100
"RAP1GAP2",7.60987305586178e-105,-1.04222162274244,0.073,0.361,2.78528963717597e-100
"ADD2",1.08973746045155e-104,-0.712967314715747,0.034,0.311,3.98854807899871e-100
"MIR124-2HG",3.28343473378465e-104,-0.573238555248061,0.034,0.31,1.20176994691252e-99
"PPM1E",3.41517787345145e-104,-1.07110634819671,0.107,0.407,1.24998925346197e-99
"KDM5D",4.55879600133001e-104,-0.715189176905442,0.001,0.252,1.6685649244468e-99
"GPRC5B",7.07550679677664e-104,0.749872453487076,0.534,0.249,2.58970624268822e-99
"PLSCR4",7.81386974767476e-104,0.580246766759452,0.195,0.035,2.85995446634644e-99
"CCDC85A",1.03553601900812e-103,-0.930577561309593,0.029,0.3,3.79016538317161e-99
"SCAI",2.06989333515351e-103,-1.05856199490028,0.171,0.468,7.57601659599535e-99
"BASP1",2.70587128438415e-103,-0.830827907701834,0.078,0.373,9.90375948797444e-99
"RAB3C",2.86206104774889e-103,-0.940288570300247,0.051,0.333,1.04754296408657e-98
"GLIS3",6.10964730547028e-103,3.01701512705693,0.347,0.141,2.23619201027518e-98
"ARHGAP44",6.58139028112747e-103,-0.797848450089122,0.083,0.376,2.40885465679546e-98
"COLEC12",8.6991763877265e-103,0.830460426366882,0.219,0.047,3.18398554967178e-98
"DAB1",1.39422117363959e-102,-1.42588906637221,0.21,0.5,5.10298891763826e-98
"ICA1",1.40437500640347e-102,-0.732808082462329,0.061,0.348,5.14015296093735e-98
"GRM1",1.53289339389631e-102,-1.01308735907705,0.022,0.283,5.61054311099987e-98
"STXBP1",2.24218893474017e-102,-0.994148334462056,0.143,0.439,8.20663572004251e-98
"SETBP1",4.76379581384206e-102,-1.07329838691462,0.18,0.47,1.74359690582433e-97
"KLHL29",4.93585381423048e-102,-0.671134009258659,0.028,0.297,1.8065718545465e-97
"AGT",5.55555997940596e-102,0.315648358367422,0.139,0.014,2.03339050806238e-97
"PPP1R3C",6.16262448847244e-102,0.609815318699704,0.132,0.013,2.2555821890258e-97
"NDST3",1.24489470097e-101,-1.06024893886978,0.021,0.281,4.55643909502029e-97
"GFOD1",1.47268503036232e-101,-0.739605800808179,0.07,0.362,5.39017447962912e-97
"RPH3A",1.69552394074383e-101,-0.791106376118171,0.022,0.285,6.20578717551649e-97
"RPL26",2.64487397071684e-101,-0.768543887571231,0.035,0.302,9.6805032202207e-97
"TMEM130",3.17125041528203e-101,-0.606575753790994,0.023,0.286,1.16070936449738e-96
"GRM7",3.90560240148698e-101,-0.971048223848245,0.145,0.468,1.42948953496825e-96
"ERC2",1.12402680469138e-100,-1.18111184322533,0.191,0.488,4.11405050785091e-96
"OTUD7B",1.9230347476223e-100,1.09783414678744,0.456,0.22,7.03849947977238e-96
"CDH10",3.90829246670937e-100,-1.09316407065642,0.12,0.413,1.4304741257403e-95
"MIR137HG",5.25679955795881e-100,-0.827594990118082,0.023,0.285,1.9240412062085e-95
"MPPED1",6.03913586307285e-100,-0.680008214189157,0.01,0.261,2.21038411724329e-95
"ELAVL4",1.063726297933e-99,-0.702226938221099,0.038,0.305,3.89334462306458e-95
"ELAVL2",1.50269010497909e-99,-0.759354304974997,0.015,0.268,5.49999605323396e-95
"MT1M",1.82614881828901e-99,0.370466346115579,0.1,0.004,6.68388728981959e-95
"TMEM132D",2.40670924947941e-99,-1.05847536053872,0.119,0.421,8.80879652401959e-95
"FAM189A1",2.54204402070846e-99,-0.929763847839344,0.078,0.361,9.30413532019502e-95
"KHDRBS3",2.71556944915512e-99,-1.16594508048345,0.182,0.487,9.93925574085266e-95
"TBC1D4",3.3011750784033e-99,-1.01307117392963,0.035,0.302,1.20826309044639e-94
"FGF1",1.26368228395958e-98,0.92948955095658,0.327,0.113,4.62520352752047e-94
"NRSN1",1.75338459041495e-98,-0.528841521037495,0.016,0.269,6.41756293937778e-94
"LINC01554",2.88993778790361e-98,0.52962842829677,0.105,0.006,1.0577461297506e-93
"ADAM12",3.54507995248195e-98,1.00412617522966,0.283,0.084,1.29753471340792e-93
"TMEM132B",4.28529848660199e-98,-0.86408490452666,0.186,0.501,1.56846209908119e-93
"ATP2B2",1.19383308916441e-97,-0.96984251332114,0.147,0.428,4.36954848965066e-93
"IL1R1",1.45959245099054e-97,0.4718113118495,0.105,0.006,5.34225432987049e-93
"CALY",3.35511646104119e-97,-0.521971778656885,0.015,0.265,1.22800617590569e-92
"MEG8",3.76317306573073e-97,-0.903256299177881,0.118,0.42,1.3773589737881e-92
"CAMK2B",3.84335252460889e-97,-0.784685653095116,0.089,0.372,1.4067054575321e-92
"PACSIN1",4.50087749427089e-97,-0.513651463778487,0.019,0.271,1.64736617167809e-92
"NFIA",8.59239787490953e-97,1.2864133329629,0.667,0.459,3.14490354619564e-92
"CDKN1A",1.15053711822374e-96,0.372749849414167,0.102,0.005,4.21108090641069e-92
"SYP",1.81665469992808e-96,-0.702709408807901,0.079,0.359,6.64913786720677e-92
"MYO1E",2.79179364024544e-96,0.8297906403373,0.388,0.149,1.02182439026623e-91
"KCNQ2",5.49101092234076e-96,-0.663735770318843,0.059,0.331,2.00976490768594e-91
"MT1E",5.67523431167518e-96,0.366316566821164,0.134,0.015,2.07719251041623e-91
"ARL15",5.90775101948924e-96,-0.947420149311233,0.165,0.473,2.16229595064326e-91
"NPTXR",6.01516318167503e-96,-0.654481056205502,0.031,0.289,2.20160987612488e-91
"FAS",7.20487312731977e-96,0.614859875444239,0.143,0.019,2.63705561333031e-91
"SYN3",1.41916067988312e-95,-1.10912371722893,0.087,0.364,5.19427000444021e-91
"PLEKHA6",1.48601357997089e-95,-0.780573255977707,0.07,0.345,5.43895830405144e-91
"GRIA4",1.75292486138155e-95,-1.24728523954099,0.192,0.489,6.41588028514259e-91
"DLC1",1.78849226295834e-95,1.07871696896294,0.591,0.351,6.54606053165382e-91
"EPB41L3",2.06459857007774e-95,-0.753092831875385,0.107,0.409,7.55663722634152e-91
"FYN",3.35064150433605e-95,1.4037419933213,0.607,0.464,1.22636829700204e-90
"CABP1",3.36111191364378e-95,-0.858275553094471,0.044,0.304,1.23020057151276e-90
"STMN2",4.62484219796361e-95,-0.568721886606825,0.016,0.263,1.69273849287666e-90
"BSN",4.88689933641591e-95,-0.669280300654279,0.046,0.311,1.78865402612159e-90
"LRRTM3",5.62258307329759e-95,-0.848969192869633,0.201,0.519,2.05792163065765e-90
"PTPRO",8.10196193350115e-95,-0.915837857766312,0.064,0.335,2.96539908728076e-90
"DLGAP4",2.8151869097152e-94,-0.844780656185982,0.134,0.418,1.03038656082486e-89
"CNN3",3.05102444504485e-94,1.45961549348862,0.312,0.119,1.11670545713086e-89
"SLC35F3",4.24738888910173e-94,-0.931013317511967,0.09,0.375,1.55458680730013e-89
"CD9",4.35509246805788e-94,0.995309470534562,0.242,0.062,1.59400739423386e-89
"KCNMB4",4.74885689416159e-94,1.91488842306733,0.479,0.292,1.73812911183208e-89
"CNNM1",5.90211603682992e-94,-0.563011436000965,0.022,0.27,2.16023349064012e-89
"KIF5A",7.14816058372077e-94,-0.426383141603208,0.033,0.289,2.61629825524764e-89
"CLSTN3",1.1831118224508e-93,-0.656009334508083,0.055,0.32,4.33030758135216e-89
"FAM107A",1.21584884481616e-93,0.7124446219117,0.22,0.052,4.45012835691163e-89
"SLIT1",1.7909926611692e-93,-0.851567814889158,0.049,0.308,6.5552122391454e-89
"NELL1",2.06183303019794e-93,-1.18136620363009,0.068,0.334,7.54651507382749e-89
"PDE2A",2.6925892713622e-93,-0.636554011698932,0.023,0.27,9.8551459921128e-89
"DPYD",2.93348206289988e-93,1.6889832305228,0.599,0.437,1.07368376984199e-88
"KIAA1324",3.01062838327828e-93,-0.534068803866866,0.037,0.298,1.10192009456368e-88
"VEGFA",3.61439572476238e-93,0.948468481484307,0.229,0.061,1.32290497922028e-88
"STRBP",3.68462155977062e-93,-0.922570392630532,0.145,0.427,1.34860833709165e-88
"ZFR2",4.79514624096627e-93,-0.587806518383362,0.045,0.304,1.75507147565607e-88
"LMOD1",6.74188952486142e-93,0.406380213773572,0.124,0.013,2.46759898499453e-88
"LRFN2",9.40059467733593e-93,-0.724314091165074,0.038,0.289,3.44071165785172e-88
"NBEA",1.29999862442202e-92,-1.11239245016704,0.401,0.599,4.75812496524703e-88
"NELL2",1.72609157078568e-92,-1.13494022657863,0.096,0.365,6.31766775823268e-88
"PHLDB1",2.18334484053721e-92,1.13954111255713,0.42,0.188,7.99126045085023e-88
"MARCH4",2.58031193543298e-92,-0.494003447197207,0.005,0.237,9.44419971487824e-88
"THY1",3.1969378965086e-92,-0.54365183770452,0.025,0.274,1.17011123950111e-87
"DGKI",4.56111110655003e-92,-0.934053916790592,0.161,0.458,1.66941227610838e-87
"PRKAR1B",5.34261247750756e-92,-0.654765599305269,0.073,0.342,1.95544959289254e-87
"PTPN5",6.23386462818365e-92,-0.51784889894925,0.014,0.252,2.2816567925615e-87
"UNC5D",8.94491071579105e-92,-1.24842747850935,0.117,0.391,3.27392677108668e-87
"TSPYL1",1.09665214332027e-91,-0.632848545883941,0.048,0.309,4.01385650976651e-87
"COL26A1",2.17632796083903e-91,-0.730673319872446,0.023,0.265,7.96557796946692e-87
"LARGE1",2.51295605210781e-91,-1.06517342199624,0.294,0.547,9.1976704463198e-87
"SHC3",2.91218504096296e-91,-0.780452614415532,0.106,0.394,1.06588884684285e-86
"PTCHD4",3.83646010753642e-91,-0.983284354118286,0.011,0.243,1.40418276395941e-86
"NAMPT",4.54136191461049e-91,2.37147057441964,0.285,0.104,1.66218387436659e-86
"CALM3",6.57941219643837e-91,-0.588928217549911,0.061,0.326,2.40813065801841e-86
"CLVS2",6.82130071201128e-91,-0.5548422700875,0.02,0.26,2.49666427360325e-86
"PHACTR1",8.76732133037434e-91,-1.47436736247878,0.309,0.544,3.20892728013031e-86
"HTR1E",1.47370182580632e-90,-0.69082709995259,0.01,0.241,5.39389605263369e-86
"TMEM63A",1.6747984461986e-90,0.862316460170206,0.305,0.098,6.1299297929315e-86
"CDC42BPA",1.75762591347596e-90,0.951941455399832,0.769,0.627,6.43308660591335e-86
"PAUPAR",2.68182350554817e-90,0.457313070359009,0.116,0.011,9.81574221265687e-86
"ZCCHC24",2.78768973414523e-90,0.760427270604052,0.367,0.132,1.0203223195945e-85
"TPD52L1",3.04784323789662e-90,1.45950753931995,0.266,0.087,1.11554110350254e-85
"SLC7A11",4.9041524581386e-90,0.775934097904609,0.222,0.055,1.79496884120331e-85
"EPHA7",5.67055327640493e-90,-0.728434950707469,0.02,0.259,2.07547920469697e-85
"APOE",6.12308192930254e-90,0.51203570975352,0.235,0.059,2.24110921694402e-85
"EFNA1",8.21378591122784e-90,0.466926694054053,0.134,0.017,3.0063277813685e-85
"ARHGEF26",1.2701531400286e-89,0.90548565107621,0.229,0.061,4.64888750781868e-85
"TMTC2",1.79661418043768e-89,0.845386634042932,0.715,0.503,6.57578756181994e-85
"FSTL4",2.90184584748804e-89,-1.0966621005436,0.025,0.264,1.0621045986391e-84
"FAM49B",4.36884525057862e-89,-0.907233005950731,0.285,0.585,1.59904105016428e-84
"ATP2B1",8.44183025152135e-89,-0.902415523106506,0.192,0.471,3.08979429035933e-84
"CYTH3",1.02816400887204e-88,-0.772649460557459,0.066,0.331,3.76318308887257e-84
"PLP1",1.4049112707323e-88,0.787385449637663,0.528,0.25,5.1421157420073e-84
"PARD3B",1.57086695289962e-88,1.45782912716941,0.369,0.159,5.74953013430792e-84
"TP53TG5",2.90546494169134e-88,1.17108971053366,0.273,0.088,1.06342922330845e-83
"EVL",3.04314292044945e-88,-0.891713286456964,0.182,0.467,1.1138207403137e-83
"C11orf80",4.31221068578715e-88,-0.742469134068363,0.082,0.346,1.57831223310496e-83
"MGST1",4.65882104006325e-88,1.89662837054964,0.28,0.104,1.70517508887355e-83
"RAB27B",6.69919658413564e-88,-0.631683930618467,0.031,0.274,2.45197294175949e-83
"FABP5",7.48875611228529e-88,0.694787905170089,0.195,0.046,2.74095962465754e-83
"HS6ST3",7.513227963693e-88,-1.29270271185072,0.111,0.387,2.74991656699128e-83
"RHOBTB3",1.18204409450551e-87,1.4031967702536,0.383,0.18,4.32639959029962e-83
"RGR",2.24261245778145e-87,0.708753033734205,0.115,0.011,8.2081858567259e-83
"CACNA1C",2.53298847976809e-87,-1.08614576347921,0.238,0.484,9.27099113479917e-83
"PCDH7",2.57372408594273e-87,-1.15096221425471,0.207,0.48,9.420087526959e-83
"ITPKB",4.44934024880425e-87,0.803448577868707,0.339,0.124,1.62850302446484e-82
"KCNT1",6.39235630344502e-87,-0.491283281491041,0.018,0.249,2.33966633062391e-82
"RPL32",7.54023641082141e-87,-0.772675203539573,0.066,0.324,2.75980192872474e-82
"SCN3B",8.88971095817093e-87,-0.491696337211869,0.02,0.251,3.25372310780014e-82
"RTN1",1.1455429037716e-86,-0.860323724653679,0.215,0.498,4.19280158209443e-82
"ACSS3",1.27996504702385e-86,0.875768938662217,0.233,0.066,4.68480006861198e-82
"YWHAH",1.47668764080845e-86,-0.590085468365291,0.042,0.29,5.40482443412302e-82
"OLFM1",1.67324337577855e-86,-0.751721561353541,0.061,0.313,6.12423807968706e-82
"TMEM59L",1.69181315990718e-86,-0.611865856236981,0.063,0.32,6.19220534657627e-82
"TMEM178B",2.02223655952371e-86,-1.00494965646209,0.261,0.512,7.40158803151275e-82
"MACROD2",2.03838471716533e-86,-1.01237580457137,0.325,0.581,7.46069190329682e-82
"IDS",2.82792665135277e-86,-0.644846388810062,0.141,0.417,1.03504943366163e-81
"SCN3A",3.05378884934366e-86,-0.616734498708224,0.117,0.413,1.11771725674827e-81
"KIAA1549",4.57387326208645e-86,-0.628619854253587,0.042,0.286,1.67408335265626e-81
"MYRF",1.62049303768979e-85,0.947697542252785,0.313,0.111,5.93116656724841e-81
"SDC4",2.54942376178688e-85,0.375993108313876,0.15,0.024,9.33114591051616e-81
"RFX3-AS1",3.72437660537136e-85,0.935166887392092,0.457,0.24,1.36315908133197e-80
"CAMKK1",5.55880162004205e-85,-0.629007696803625,0.018,0.243,2.03457698095159e-80
"CREB5",5.96985260336113e-85,1.26462885736696,0.509,0.297,2.18502575135621e-80
"UNC13A",6.23366463892844e-85,-0.586216425879021,0.076,0.332,2.2815835944942e-80
"OSBPL10",6.59202396893324e-85,-0.596760196854485,0.022,0.251,2.41274669286925e-80
"FOXP2",1.09765042137546e-84,-1.41495896661037,0.028,0.257,4.01751030727633e-80
"FNBP1",1.11075486372215e-84,0.822186589510436,0.706,0.558,4.06547387670944e-80
"MAL",1.12659367006942e-84,1.08564147953893,0.265,0.082,4.12344549182107e-80
"ARHGAP26",1.17746309418669e-84,-0.971793211357289,0.199,0.478,4.30963267103272e-80
"TBL1X",1.4262751956061e-84,0.790652837213025,0.365,0.152,5.22030984343789e-80
"PEG3",1.4896214323512e-84,-0.632729382730957,0.053,0.304,5.45216340454864e-80
"TUSC3",1.76193530086763e-84,-0.569417726847198,0.066,0.321,6.44885939470562e-80
"ADAM22",2.21406867400887e-84,-0.681363321895996,0.16,0.45,8.10371275373986e-80
"DGKZ",2.39663759126898e-84,-0.663215450697971,0.079,0.339,8.7719332478036e-80
"CEBPD",3.01158960406825e-84,0.635585883845285,0.186,0.043,1.10227191098502e-79
"SV2B",4.12336727096833e-84,-1.02137597680483,0.025,0.251,1.50919365484712e-79
"SIDT1",8.02987638055362e-84,-0.579216776044931,0.019,0.243,2.93901505404643e-79
"NEURL1",8.17503668092047e-84,-0.465191591250069,0.012,0.23,2.9921451755837e-79
"PLPPR4",1.02716117082639e-83,-0.529020950748063,0.057,0.306,3.75951260134167e-79
"PACRG",1.12169580927787e-83,-0.816722880338367,0.126,0.395,4.10551883153793e-79
"ACSBG1",1.1602021979792e-83,0.507272057602643,0.208,0.05,4.24645606482367e-79
"SCAMP5",1.30255024473019e-83,-0.615531610532296,0.102,0.371,4.76746415073696e-79
"CNP",1.32748090402722e-83,1.22671312741245,0.377,0.167,4.85871285683001e-79
"FAM20C",1.64576115590012e-83,0.74787036874883,0.258,0.085,6.02365040671002e-79
"CAMK4",2.00737759975591e-83,-0.762518832180034,0.084,0.34,7.34720275286662e-79
"SMTN",3.12487302626533e-83,0.296406427690058,0.119,0.014,1.14373477634337e-78
"SLC25A12",3.16905117639166e-83,-0.867314127850611,0.214,0.473,1.15990442107111e-78
"LNX1",4.10678281422068e-83,-0.523073028320812,0.021,0.246,1.50312357783291e-78
"ADCY1",5.47523624589873e-83,-0.631945372486542,0.046,0.287,2.0039912183614e-78
"ZNF708",7.17317410944712e-83,1.09501658032598,0.491,0.292,2.62545345579874e-78
"GPR158",8.78471878837504e-83,-0.43500555863569,0.109,0.385,3.21529492373315e-78
"ABCC5",9.4030390467293e-83,-0.517410817211255,0.105,0.376,3.44160632149339e-78
"PPP1R13B",1.01845097193499e-82,-0.671691155827476,0.115,0.379,3.72763240237927e-78
"NYAP2",1.06159173780884e-82,-0.609122036483362,0.01,0.224,3.88553191955413e-78
"LMO2",1.2672762368438e-82,0.506613010305237,0.141,0.022,4.638357754472e-78
"THRB",1.27694118714817e-82,-1.10652803654692,0.238,0.482,4.67373243908102e-78
"RAD9A",1.27782780740037e-82,-0.736752850082051,0.104,0.367,4.67697755786608e-78
"UNC80",1.53536377820788e-82,-0.842369685709843,0.18,0.442,5.61958496461866e-78
"NETO2",2.61464584718408e-82,-0.746633032526047,0.041,0.277,9.56986526527847e-78
"RGS7BP",7.32289977851225e-82,-0.512983825490974,0.027,0.254,2.68025454793327e-77
"HS3ST4",9.49175590510471e-82,-1.22743062171829,0.029,0.256,3.47407757882738e-77
"TRPM2",9.57885991408729e-82,-0.623555691289294,0.013,0.228,3.50595851715509e-77
"TMEM178A",1.00265866708626e-81,-0.440772462538455,0.056,0.301,3.66983098740241e-77
"SLC6A17",1.01642084066603e-81,-0.372702695752675,0.016,0.235,3.72020191892174e-77
"SYNPR",3.89180704552683e-81,-1.31882767976879,0.021,0.24,1.42444029673327e-76
"EMX2",8.9400421136773e-81,0.335386407491219,0.111,0.012,3.27214481402703e-76
"KIF3C",9.70346301738494e-81,-0.627838180410929,0.091,0.35,3.55156449899306e-76
"TBC1D9",1.03023716580832e-80,-0.677626938905321,0.023,0.243,3.77077105057504e-76
"RPL31",1.19176795483699e-80,-0.743329751570831,0.085,0.336,4.36198989149886e-76
"PPP2R2C",1.39186684666184e-80,-0.666144277424544,0.121,0.386,5.094371845467e-76
"MAN2A1",2.12041875224108e-80,1.01863040284688,0.642,0.464,7.76094467507756e-76
"SHROOM4",2.34820734180478e-80,0.968464204466961,0.378,0.16,8.59467369173967e-76
"C11orf96",2.65620851474086e-80,0.488828006924429,0.109,0.012,9.72198878480303e-76
"HES1",3.12171794020305e-80,0.500293151203739,0.135,0.021,1.14257998329372e-75
"TXNIP",5.82159710282278e-80,0.550359921093861,0.158,0.029,2.13076275560417e-75
"SLC44A3",6.00022327144928e-80,0.49910957825302,0.143,0.025,2.19614171958315e-75
"C1orf198",6.00651596316663e-80,0.633404032125352,0.217,0.06,2.19844490767862e-75
"GRIA3",8.34226925637131e-80,-0.801063490607972,0.164,0.436,3.05335397052446e-75
"EZR",8.45172869008001e-80,0.459354939672546,0.156,0.029,3.09341721785619e-75
"BDH1",9.58195950900664e-80,-0.467209851788157,0.061,0.305,3.50709299989152e-75
"GLI3",1.55176731772271e-79,0.458829483357032,0.183,0.041,5.6796235595969e-75
"JPH3",3.5773493318406e-79,-0.412179779993173,0.019,0.233,1.30934562894698e-74
"PCDH11X",4.37945706635128e-79,-0.967135865596589,0.074,0.321,1.60292508085523e-74
"IPCEF1",4.43612651629089e-79,-1.27460450664096,0.037,0.263,1.62366666622763e-74
"EPB41L4B",5.17818622772227e-79,-0.546057525296914,0.046,0.279,1.89526794120863e-74
"CELF2",7.42480556444943e-79,-1.04995458591762,0.385,0.618,2.71755308464414e-74
"FBXO16",7.69621640142849e-79,-0.590422321989336,0.064,0.303,2.81689216508684e-74
"HSPH1",7.8100976269993e-79,-0.58111297357772,0.038,0.266,2.85857383245801e-74
"RPS27A",9.05286535451226e-79,-0.636141703339982,0.053,0.286,3.31343924840503e-74
"RASGRF1",1.18880009239515e-78,-0.499850038185972,0.033,0.26,4.35112721817547e-74
"NPTN",1.24313792588085e-78,-0.741543234386389,0.145,0.399,4.55000912251652e-74
"ZNF385D",1.25228920105077e-78,-1.7277601183997,0.066,0.299,4.58350370476593e-74
"SNCB",1.34227244576895e-78,-0.539777294880139,0.025,0.243,4.91285137875892e-74
"KIAA1217",1.57262553443016e-78,-1.43146713798179,0.12,0.375,5.75596671856783e-74
"SMYD3",2.09001068734809e-78,-0.878380270662233,0.35,0.6,7.64964811676276e-74
"NR2E1",2.23588043881519e-78,0.56925655684873,0.128,0.019,8.18354599410749e-74
"EPHA4",2.81107021033578e-78,-0.889801005458123,0.063,0.292,1.028879807685e-73
"PFKFB3",3.53413378925239e-78,1.0976820122418,0.472,0.281,1.29352830820427e-73
"CFAP47",3.6287690036009e-78,0.349754050496736,0.107,0.012,1.32816574300797e-73
"ADAMTS19",3.95587353028657e-78,-0.564485959138295,0.026,0.245,1.44788927082019e-73
"ADGRB1",4.05835275268513e-78,-0.616227602168908,0.033,0.255,1.48539769101028e-73
"GLS",4.24531399978189e-78,-0.919493895272505,0.249,0.493,1.55382737706017e-73
"DCC",5.03185507262797e-78,-1.23348627272509,0.113,0.371,1.84170927513256e-73
"FSTL5",1.16926002377578e-77,-1.19069901160301,0.08,0.317,4.27960861302173e-73
"HRH2",1.40140930742124e-77,-0.530180940353778,0.005,0.204,5.12929820609246e-73
"CPNE4",1.7166314769277e-77,-0.980802345414713,0.027,0.243,6.28304286870309e-73
"LRRN2",1.74975116021021e-77,-0.546350067785894,0.036,0.259,6.40426422148538e-73
"ARHGAP20",2.1166608878947e-77,-0.592675715943391,0.05,0.282,7.74719051578338e-73
"SCARA3",3.16770894326519e-77,0.819668092231293,0.217,0.065,1.15941315032449e-72
"ANKRD34C-AS1",4.17654355821665e-77,-0.544980024238907,0.022,0.236,1.52865670774288e-72
"PCNX2",5.10312942373067e-77,-0.947982083812763,0.25,0.501,1.86779640037966e-72
"DMTN",5.27762471442845e-77,-0.412812207623644,0.025,0.24,1.93166342172796e-72
"KDM6A",9.18299985973763e-77,1.04796545330933,0.566,0.382,3.36106977866257e-72
"CCDC3",9.42788994513981e-77,-0.654579150128155,0.048,0.277,3.45070199882062e-72
"TSHZ3",1.24017502443696e-76,-0.592573507089315,0.042,0.267,4.53916460694172e-72
"RUNX1T1",1.62826327468177e-76,-0.793729647990124,0.168,0.429,5.95960641166276e-72
"EPHA5",2.72180676774403e-76,-0.69452657008155,0.059,0.291,9.96208495061992e-72
"PGBD5",3.12418571574414e-76,-0.5707794485648,0.067,0.307,1.14348321381951e-71
"NDRG4",3.19865507344703e-76,-0.568814939471936,0.09,0.333,1.17073974343235e-71
"IQSEC2",3.20524568460105e-76,-0.579636867912966,0.039,0.26,1.17315197302083e-71
"TLN2",4.51847759348069e-76,-0.858282029573562,0.173,0.441,1.65380798398987e-71
"CASC15",4.54787038659181e-76,-0.976739987540663,0.053,0.282,1.66456604019647e-71
"SYN1",4.86497502406183e-76,-0.4841862310204,0.029,0.247,1.78062950855687e-71
"ENC1",4.9831997819465e-76,-0.753895751622152,0.017,0.222,1.82390095219024e-71
"DLGAP3",5.09101636653106e-76,-0.420627169809005,0.015,0.221,1.86336290031404e-71
"ZNF608",5.96953801588632e-76,0.901606616741858,0.48,0.268,2.18491060919455e-71
"CTNNA3",8.33320805103856e-76,1.42831008899535,0.629,0.513,3.05003747876062e-71
"UNC13C",1.1383259892417e-75,-0.879496758947823,0.02,0.225,4.16638695322353e-71
"RNF175",1.24590177371504e-75,-0.474273922493532,0.038,0.257,4.56012508197444e-71
"SV2A",1.29395849386099e-75,-0.486369306279111,0.061,0.296,4.73601748338062e-71
"KCNMB2",1.37252622045345e-75,-1.2140699294221,0.103,0.35,5.02358321948167e-71
"IGSF21",1.64782492095193e-75,-0.892260358560281,0.071,0.308,6.03120399317617e-71
"ST8SIA5",2.29452850959857e-75,-0.483754764357959,0.055,0.291,8.39820379798173e-71
"PSD3",2.45393555656258e-75,0.903665342872265,0.679,0.545,8.98164953057471e-71
"LINC01322",2.70261034599148e-75,-0.86014884094829,0.093,0.339,9.89182412736341e-71
"SYT7",2.91493292941379e-75,-0.488024615458747,0.023,0.231,1.06689460149474e-70
"SLC35A1",3.05232640284533e-75,-0.461738199977066,0.057,0.286,1.11718198670542e-70
"POU6F2",3.98065057980241e-75,-1.15069793762301,0.042,0.255,1.45695791871348e-70
"ATP1B1",4.10062842815365e-75,-0.668953591878005,0.17,0.451,1.50087101098852e-70
"HSPB1",7.36946382617473e-75,0.345911335037881,0.161,0.034,2.69729745501821e-70
"CADM2",9.85090223349122e-75,-0.768253124369801,0.73,0.802,3.60552872648012e-70
"ITPR1",1.02507789896948e-74,-0.715260620951424,0.102,0.348,3.7518876180182e-70
"CNR1",1.15993965179207e-74,-0.697975480649278,0.012,0.211,4.24549511952415e-70
"BTG2",1.19385467576725e-74,0.434445431298097,0.137,0.024,4.36962749877573e-70
"LDB3",1.24224556247126e-74,1.03217622472159,0.279,0.101,4.54674298320106e-70
"CNTN1",1.3573537462176e-74,-0.713124731506686,0.288,0.548,4.96805044653104e-70
"ASTN1",1.50890938936134e-74,-0.82883220887106,0.21,0.468,5.52275925600144e-70
"PLXNA2",2.34724272424815e-74,-0.75411862777557,0.082,0.316,8.59114309502067e-70
"EPHA3",2.57434553285866e-74,-0.622359988655727,0.017,0.22,9.42236208481598e-70
"PREX2",2.75257314641686e-74,0.94465121279584,0.41,0.202,1.00746929732003e-69
"MT3",4.49097531308377e-74,0.731537980135842,0.323,0.138,1.64374187434179e-69
"KIAA0513",5.4112239583822e-74,-0.398393175752236,0.04,0.26,1.98056208100747e-69
"MIPOL1",6.03299598501647e-74,-0.598531568145515,0.091,0.33,2.20813686047588e-69
"CLSTN1",6.99675771501858e-74,-0.707284923440528,0.217,0.466,2.56088329127395e-69
"TSPYL2",8.28535796733628e-74,-0.449468105376321,0.058,0.288,3.03252386962475e-69
"MLIP",9.12740477685006e-74,-0.814929013513792,0.018,0.219,3.34072142237489e-69
"RFX4",9.57093334146805e-74,1.23261947107836,0.255,0.091,3.50305731231072e-69
"DGKE",9.63612492091511e-74,-0.456321582218333,0.041,0.261,3.52691808230414e-69
"CRTC1",1.0239597943825e-73,-0.588629276696441,0.089,0.334,3.7477952434194e-69
"SUSD4",1.02566734691445e-73,-0.620190890630194,0.051,0.275,3.75404505644158e-69
"LPCAT4",1.04646475827028e-73,-0.375712894900618,0.028,0.24,3.83016566174507e-69
"GPC6",1.18845050611761e-73,-1.22219528836793,0.117,0.356,4.34984769744107e-69
"LDLR",1.20803744587903e-73,0.652890330576143,0.198,0.055,4.42153785566185e-69
"MYCBP2",1.24084293482883e-73,-0.72791415349266,0.405,0.623,4.541609225767e-69
"ASPA",1.69690042274035e-73,0.785067326609953,0.279,0.099,6.21082523727196e-69
"RNF165",1.78822402221389e-73,-0.41520936596265,0.025,0.234,6.54507874370504e-69
"ARPP21",3.8232152095329e-73,-0.863278555329341,0.169,0.422,1.39933499884114e-68
"STK3",4.01531757792138e-73,0.689644545953489,0.463,0.247,1.46964638669501e-68
"GRIP1",4.34708178468034e-73,-1.62619199344199,0.139,0.369,1.59107540401085e-68
"LINC00632",6.41359320784213e-73,-0.650132216412634,0.256,0.521,2.3474392500023e-68
"RTN4RL1",6.67714457880491e-73,-0.561477384816746,0.031,0.238,2.44390168728838e-68
"ZHX2",7.70274161828374e-73,0.755032737505355,0.466,0.239,2.81928045970803e-68
"MYO6",1.13527092487157e-72,0.807091308795855,0.652,0.502,4.15520511212242e-68
"PLPP3",1.26837379450436e-72,0.721632465181301,0.313,0.123,4.64237492526541e-68
"GALNT14",1.33378600703925e-72,-0.520647156559926,0.012,0.207,4.88179016436434e-68
"RBM6",1.39388747998014e-72,-0.786276418965317,0.384,0.614,5.10176756547533e-68
"REEP1",1.60607571590416e-72,-0.363658066337833,0.068,0.305,5.87839772778082e-68
"TMEM108",2.04485692847642e-72,-0.809774964900114,0.19,0.436,7.48438084391655e-68
"SEZ6L2",2.20744368010964e-72,-0.399085206180916,0.051,0.279,8.07946461356929e-68
"GLT1D1",3.01534844593656e-72,-0.468966201220678,0.03,0.238,1.10364768469724e-67
"AJAP1",3.27595559428965e-72,-0.47191127428325,0.038,0.255,1.19903250706595e-67
"CERS6",3.59447489986125e-72,-0.669144112046678,0.172,0.431,1.31561375809822e-67
"PDLIM5",3.76187133426836e-72,0.690285571446458,0.313,0.121,1.37688252705556e-67
"CHN1",3.79558197186837e-72,-1.05906235787232,0.183,0.418,1.38922095752354e-67
"PRKAG2",5.21594954034482e-72,-0.888344687089417,0.138,0.379,1.90908969126161e-67
"EIF4A2",5.63693794099514e-72,-0.625715714037521,0.121,0.365,2.06317565578363e-67
"SHANK3",5.80084277449882e-72,-0.495955048819991,0.028,0.235,2.12316646389431e-67
"IQCJ-SCHIP1",7.69398342238337e-72,-1.63474292096637,0.219,0.434,2.81607487242654e-67
"MTCL1",7.7996738779227e-72,-0.480458594080513,0.04,0.256,2.85475863605849e-67
"RTN3",8.13528035136357e-72,-0.742791975007203,0.347,0.572,2.97759396140258e-67
"PHLPP1",1.1624995733507e-71,0.776251032695223,0.723,0.557,4.25486468842091e-67
"IQSEC3",1.38357593537524e-71,-0.325591140725859,0.013,0.206,5.06402628106692e-67
"C2CD5",1.53410139479894e-71,-0.727327857001835,0.212,0.47,5.61496451510361e-67
"YWHAG",1.56997382096613e-71,-0.607062649204381,0.135,0.388,5.74626118211814e-67
"NRG1",2.13593057878022e-71,-1.2402680128969,0.036,0.245,7.81771951139347e-67
"KCNQ3",2.13728084403133e-71,-0.88180763273999,0.268,0.533,7.82266161723906e-67
"GADD45A",2.24652621749648e-71,0.326991950190037,0.115,0.017,8.22251060865887e-67
"CCK",2.69428758075733e-71,-0.774281499241889,0.016,0.21,9.8613619743299e-67
"BSCL2",3.43039397795781e-71,-0.496174715037457,0.07,0.301,1.25555849987234e-66
"CLSTN2",4.04381638337982e-71,-1.01538099699144,0.069,0.291,1.48007723448085e-66
"SAMD4B",4.20104771362776e-71,1.06165503771301,0.426,0.24,1.5376254736649e-66
"STMN3",4.76979079292402e-71,-0.438703717186581,0.027,0.232,1.74579112811812e-66
"CRLF3",6.21547270756997e-71,-0.621654103272521,0.102,0.344,2.27492516569769e-66
"SHANK1",6.42234014976964e-71,-0.371776484444057,0.02,0.218,2.35064071821718e-66
"GLRB",7.01384011849413e-71,-0.434265872388722,0.066,0.296,2.56713562177004e-66
"FRAS1",7.51290003437748e-71,-0.738182283871524,0.025,0.225,2.7497965415825e-66
"SLC7A8",7.85576420639895e-71,-0.452163101168931,0.018,0.213,2.87528825718408e-66
"CCDC57",1.103940202864e-70,-0.658544481539413,0.121,0.36,4.04053153650254e-66
"DOCK4",1.12051116995343e-70,0.397129002649319,0.788,0.702,4.10118293314656e-66
"FAM155A",1.27561622214673e-70,-0.877938867128607,0.387,0.606,4.66888293467923e-66
"EXOC6",1.29436496152043e-70,-0.720088759949327,0.173,0.43,4.73750519566091e-66
"CNKSR2",1.30777719127922e-70,-0.825166198202993,0.15,0.39,4.78659529780107e-66
"CSRP1",1.40441867533623e-70,0.544694605829716,0.245,0.079,5.14031279359812e-66
"RARB",1.42761781301923e-70,-0.664937524712594,0.025,0.224,5.22522395743167e-66
"SLC8A2",1.7750551934331e-70,-0.44538697769735,0.026,0.229,6.49687951348447e-66
"PRKCE",2.50227611383678e-70,-0.854898136559235,0.287,0.519,9.15858080425398e-66
"MAP7D2",2.64293370640175e-70,-0.352303977503762,0.02,0.217,9.67340165880106e-66
"RPL24",2.68469389163429e-70,-0.614686330890766,0.061,0.28,9.82624811277066e-66
"TJP1",2.82699470107953e-70,0.78827046344442,0.752,0.633,1.03470833054212e-65
"PDE4A",4.27489989192269e-70,-0.459722629853223,0.038,0.249,1.56465610944262e-65
"KCNAB2",5.02719738718013e-70,-0.473394264675052,0.044,0.257,1.8400045156818e-65
"ANKRD24",5.70257279407032e-70,-0.531643622645637,0.027,0.229,2.08719866835768e-65
"LRRK1",6.41432409600607e-70,-0.871956324054816,0.023,0.219,2.34770676237918e-65
"CATSPER2",7.11197065950117e-70,-0.615995163735064,0.118,0.36,2.60305238108402e-65
"IGFBP7",7.17011178180507e-70,0.81333840641279,0.195,0.053,2.62433261325847e-65
"RPL41",7.3373432242785e-70,-0.84382009019173,0.158,0.396,2.68554099351817e-65
"PTN",1.05479932299563e-69,0.60312934559553,0.406,0.186,3.86067100209629e-65
"R3HDM1",1.60285785219243e-69,-1.05395034021991,0.367,0.561,5.86662002480952e-65
"TF",1.8166074984058e-69,0.965278316082492,0.407,0.203,6.64896510491508e-65
"NWD2",2.80767072589207e-69,-0.631153998717428,0.013,0.2,1.02763556238376e-64
"PTPRN",3.86292203119938e-69,-0.3492806908384,0.016,0.207,1.41386809263928e-64
"LINC00844",4.16369359117433e-69,0.748390185040926,0.158,0.036,1.52395349130572e-64
"PLIN2",4.68925880916282e-69,0.418617008969572,0.12,0.019,1.71631561674168e-64
"RGS20",5.23146198262464e-69,0.71500771782765,0.216,0.067,1.91476740026045e-64
"ANO3",5.63727242455458e-69,-0.770511764541999,0.022,0.215,2.06329808011122e-64
"NRGN",6.15316737250307e-69,-0.579647302600631,0.045,0.257,2.25212079000985e-64
"GAP43",8.24643592899586e-69,-0.540268391396335,0.066,0.286,3.01827801437177e-64
"LIN7A",8.78178069489052e-69,-0.467228858885199,0.039,0.246,3.21421955213688e-64
"RNF220",1.38612128645489e-68,0.926920740112548,0.565,0.356,5.07334252055353e-64
"P3H2",1.4094630520101e-68,-0.709662948417412,0.024,0.219,5.15877571666218e-64
"SCD5",1.47418441433198e-68,0.720502237955625,0.692,0.539,5.39566237489649e-64
"SLC9A9",1.50329671874007e-68,0.662917157084209,0.602,0.379,5.50221632026054e-64
"SORL1",2.18379858863218e-68,-1.41626544898523,0.18,0.422,7.99292121425264e-64
"ENPP2",2.29578679832912e-68,0.845272369087651,0.4,0.191,8.4028092605644e-64
"CAMK2G",2.39996981598634e-68,-0.858337968000109,0.145,0.391,8.78412952349159e-64
"CFAP161",2.48369169399892e-68,-0.458717345371203,0.007,0.186,9.09055996920547e-64
"SLC39A10",2.60906801696853e-68,-0.552327576318068,0.107,0.347,9.5494498489065e-64
"SRGAP2B",3.10227658034154e-68,-1.04289485759705,0.044,0.251,1.13546425117081e-63
"FAXC",3.40584834537877e-68,-0.368953290417975,0.03,0.229,1.24657455289208e-63
"NSF",3.72183077977537e-68,-0.52866189679286,0.104,0.343,1.36222728370558e-63
"CDR2",3.82916724743884e-68,-0.727159037427463,0.111,0.344,1.40151350423509e-63
"FBXL2",4.5920883832718e-68,-0.621649269895849,0.107,0.339,1.68075026916131e-63
"SLC8A3",5.42377386544469e-68,-0.518503342463793,0.053,0.269,1.98515547249141e-63
"LMTK3",7.66998070081044e-68,-0.491495973860959,0.068,0.292,2.80728963630363e-63
"CAMKV",7.93557196378381e-68,-0.426303989621672,0.016,0.203,2.90449869446451e-63
"SULT1A1",8.89378957692131e-68,-0.496941829343115,0.042,0.247,3.25521592304897e-63
"ST6GAL2",9.25385106304701e-68,-0.567227148181116,0.038,0.24,3.38700202758584e-63
"RPL14",1.02084272768621e-67,-0.463867889858719,0.057,0.273,3.73638646760429e-63
"KCNH3",1.25728295808505e-67,-0.398988895513012,0.016,0.202,4.60178135488711e-63
"MAN1A1",1.47121358339593e-67,-0.79131018227997,0.045,0.248,5.38478883658745e-63
"SLC22A17",1.79428567020652e-67,-0.56113897661539,0.086,0.315,6.56726498152287e-63
"IKZF2",2.00594593788319e-67,0.803966606349829,0.31,0.133,7.34196272724625e-63
"FBXL16",2.04120264159361e-67,-0.389051046576643,0.009,0.189,7.47100578849675e-63
"PTPRB",2.17134781982061e-67,-0.439125313491288,0.012,0.196,7.94735015532543e-63
"SLC22A10",2.78836039772023e-67,-0.921623631592984,0.014,0.198,1.02056778916958e-62
"LINC01122",3.97600917763412e-67,-0.539756348862337,0.093,0.33,1.45525911910586e-62
"ABR",4.0291333286861e-67,-1.1220643161012,0.258,0.507,1.4747030896324e-62
"RAP1GAP",4.10910395445908e-67,-0.462102627759486,0.067,0.287,1.50397313837157e-62
"TAGLN3",4.42415602490982e-67,-0.367073414790892,0.02,0.21,1.61928534667724e-62
"CST3",5.03667243717862e-67,0.468223782743727,0.259,0.091,1.84347247873175e-62
"FBXW7",5.1322063069103e-67,-0.825715487047678,0.218,0.459,1.87843883039224e-62
"PLLP",6.62617563474675e-67,0.887703481392606,0.294,0.115,2.42524654407366e-62
"SLC17A7",7.09439536832442e-67,-0.598314593581095,0.023,0.214,2.59661964876042e-62
"CDK5R1",1.08905854876687e-66,-0.315303105006676,0.023,0.215,3.98606319434164e-62
"GRB2",1.38412920927344e-66,-0.797524446111602,0.091,0.319,5.06605131886171e-62
"PLCB1",1.40390392622673e-66,-0.875892787028586,0.355,0.566,5.13842876038246e-62
"PPIP5K1",1.58533774577205e-66,-0.397053658570382,0.061,0.277,5.80249468330027e-62
"SRGAP2",1.62108633632716e-66,-1.42500524843535,0.146,0.391,5.93333809959102e-62
"ABCB9",1.69516274294415e-66,-0.455400312771846,0.053,0.267,6.20446515544987e-62
"NGEF",1.94996018923457e-66,-0.45639194947919,0.014,0.196,7.13704928861746e-62
"RPS18",2.0540939334894e-66,-0.610634938997225,0.072,0.291,7.51818920596457e-62
"UACA",2.10043430229417e-66,0.675346563400838,0.225,0.071,7.6877995898269e-62
"CGNL1",2.81644516101258e-66,0.262533622474738,0.126,0.022,1.03084709338221e-61
"SLAIN1",3.48295668320484e-66,1.23593483253436,0.58,0.44,1.2747969756198e-61
"PARM1",3.72558805248563e-66,-0.394655922741513,0.016,0.199,1.36360248309027e-61
"GDA",3.84713264636738e-66,-0.468111583819553,0.021,0.208,1.40808901989692e-61
"ERICH3",4.11577727853319e-66,-0.357806924285894,0.008,0.184,1.50641564171593e-61
"JUN",4.42192132626726e-66,0.627602158380679,0.189,0.055,1.61846742462708e-61
"MGAT5B",4.9574694927211e-66,-0.360691471573761,0.024,0.214,1.81448340903085e-61
"R3HDM2",5.04080299818142e-66,-0.748613037032221,0.357,0.576,1.84498430536438e-61
"ST8SIA3",5.32433134369221e-66,-0.383846692975496,0.02,0.207,1.94875851510479e-61
"PILRB",7.59488567649687e-66,-0.477693676151449,0.085,0.312,2.77980410645462e-61
"CA11",8.04402111282912e-66,-0.432699587187072,0.029,0.22,2.94419216750659e-61
"GNB5",1.22148352082165e-65,-0.537899148564579,0.094,0.318,4.47075183455932e-61
"WWTR1",1.23645992993792e-65,1.32201185552005,0.255,0.101,4.52556698956577e-61
"ZER1",2.30117233433528e-65,-0.529092331443823,0.182,0.437,8.42252086090056e-61
"SYNGR1",2.7842478769006e-65,-0.535582616928387,0.081,0.3,1.01906256542439e-60
"DPP6",3.25655271492047e-65,-0.660148092502889,0.298,0.571,1.19193085918804e-60
"RPS23",3.37492588258568e-65,-0.549327519846491,0.044,0.244,1.23525662228518e-60
"SGCZ",3.70722958059774e-65,-1.56273150968242,0.1,0.319,1.35688309879458e-60
"POLR2F",5.95544029945966e-65,1.43906497151788,0.506,0.354,2.17975070400523e-60
"CCDC88A",1.2003808239079e-64,1.10635259999274,0.824,0.724,4.39351385358532e-60
"MEIS3",1.75622263662511e-64,-0.420638915337558,0.033,0.227,6.42795047231157e-60
"CNTN3",1.79757729366483e-64,-0.735008800820201,0.093,0.314,6.57931265254266e-60
"PNMA2",1.88600261054129e-64,-0.460722216722155,0.057,0.261,6.90295815484217e-60
"ME3",1.90011838421201e-64,-0.533720961937352,0.096,0.316,6.95462329805438e-60
"PPARGC1B",3.20138520496543e-64,-0.414660199389134,0.01,0.185,1.1717389988694e-59
"RXFP1",3.43047786513279e-64,-0.661506278653284,0.01,0.183,1.25558920341725e-59
"UBE2QL1",3.44922654608234e-64,-0.268696904733647,0.007,0.178,1.2624514081316e-59
"ATP8B4",4.03484484061995e-64,-1.2646936930907,0.01,0.184,1.47679356011531e-59
"NCEH1",6.34133974444021e-64,-0.471063446729939,0.055,0.26,2.32099375986256e-59
"ATP13A2",6.58706519448125e-64,-0.45272695140848,0.049,0.253,2.41093173183208e-59
"PSD",8.27716261038703e-64,-0.37224284981996,0.033,0.226,3.02952428702776e-59
"NDRG1",9.14349367670522e-64,0.834239446937012,0.244,0.09,3.34661012061088e-59
"LUZP1",1.24906269200483e-63,-0.632234083410306,0.1,0.321,4.57169435900689e-59
"AAK1",1.62664926987473e-63,-0.786097278492678,0.353,0.566,5.95369899266849e-59
"GDAP1",1.64052514554797e-63,-0.584961273703253,0.191,0.446,6.00448608522013e-59
"CPLX1",1.91553908874973e-63,-0.430192553814895,0.014,0.189,7.01106461873287e-59
"PRR16",1.9556131499552e-63,-0.672510113075977,0.03,0.217,7.15773969015104e-59
"PRKCQ",2.30242646473325e-63,0.684388381180861,0.24,0.086,8.42711110357015e-59
"SAMD5",2.79752396161994e-63,-0.58983964748189,0.015,0.19,1.02392174519251e-58
"TMEM151B",3.24104736629283e-63,-0.306424974516418,0.008,0.177,1.18625574653684e-58
"PMP22",3.39357385601321e-63,0.559293173732082,0.232,0.077,1.24208196703939e-58
"ARHGAP21",4.56985693437991e-63,0.948592355807603,0.726,0.61,1.67261333655239e-58
"STX1B",4.73760642253378e-63,-0.33243258940291,0.039,0.234,1.73401132671159e-58
"ZFHX4",5.12799559157364e-63,0.447077791404256,0.358,0.153,1.87689766647187e-58
"FAM49A",5.28400581254947e-63,-0.606476479735739,0.132,0.361,1.93399896745123e-58
"ANO5",5.53634806216651e-63,-0.538567194122724,0.119,0.346,2.02635875423356e-58
"VWC2L",7.07152019036057e-63,-0.64894929053785,0.009,0.178,2.58824710487387e-58
"SYBU",9.75322134936536e-63,-0.586104637681248,0.114,0.335,3.56977654608122e-58
"MCF2L",1.06128421206271e-62,-0.641629161565087,0.085,0.309,3.88440634457071e-58
"MOBP",1.7825502105076e-62,0.833054987640836,0.379,0.179,6.52431202547888e-58
"EPHB6",1.97472047757683e-62,-0.365958143542387,0.016,0.192,7.22767441997895e-58
"RPL34",1.97939196568871e-62,-0.441345888996533,0.074,0.287,7.24477253361725e-58
"UNC79",2.06208403826268e-62,-0.6273058825178,0.303,0.532,7.54743378844525e-58
"NIN",2.10420414575146e-62,-0.608906780325427,0.185,0.425,7.70159759386493e-58
"NOS1AP",2.79725332409735e-62,-0.50084236426897,0.091,0.315,1.02382268915287e-57
"GPLD1",3.09821701872121e-62,-0.390244029600062,0.029,0.213,1.13397841102215e-57
"KIAA0825",3.88955827370791e-62,-0.574300145791062,0.134,0.364,1.42361722375983e-57
"SLC22A23",4.89257177082824e-62,1.02824953652017,0.496,0.339,1.79073019384085e-57
"FAM153B",5.21277012022151e-62,-0.3899192594228,0.04,0.231,1.90792599170228e-57
"KIAA1211L",5.21732332156122e-62,-0.611478889433041,0.053,0.252,1.90959250892462e-57
"RPS21",7.35825659397516e-62,-0.446113992595929,0.037,0.226,2.69319549596085e-57
"PODXL2",7.54243545365026e-62,-0.433524808566626,0.04,0.231,2.76060680039053e-57
"ARRDC3",8.90455759310681e-62,0.688131812093691,0.22,0.079,3.25915712465302e-57
"CORO6",1.05029847834584e-61,-0.318678284149486,0.02,0.198,3.84419746059361e-57
"PGM2L1",1.18137808623033e-61,-0.418339560794133,0.05,0.249,4.32396193341163e-57
"RGS6",1.2732887350311e-61,-1.09920563014119,0.093,0.297,4.66036409908733e-57
"FAM78B",1.50739723187193e-61,-0.407164036227124,0.029,0.212,5.51722460837444e-57
"PREX1",1.56651201042402e-61,0.45927299063021,0.451,0.228,5.73359060935297e-57
"SLC6A7",1.90279206772697e-61,-0.372572559800714,0.005,0.168,6.9644092470875e-57
"ARRB1",1.99962075042842e-61,-0.522634654417768,0.094,0.32,7.31881190864306e-57
"KNDC1",2.3913713726662e-61,-0.521036198711694,0.055,0.254,8.75265836109557e-57
"GHR",2.39525138418999e-61,-0.659294539819629,0.049,0.241,8.76685959127378e-57
"PRKAR2B",2.61680288491641e-61,-0.458088616839415,0.066,0.272,9.57776023908256e-57
"RSPO2",2.80685996534632e-61,-0.44238555927729,0.014,0.185,1.02733881591641e-56
"C4orf19",2.86735920900964e-61,0.321275847126973,0.182,0.051,1.04948214408962e-56
"FLRT2",3.01692866063706e-61,-0.933573633481858,0.2,0.412,1.10422605907977e-56
"TRHDE",3.70947352579649e-61,-0.935182172016597,0.057,0.252,1.35770440517677e-56
"ARNTL2",3.71812890018361e-61,-0.386532301750875,0.018,0.191,1.3608723587562e-56
"GLIS1",4.08253016934123e-61,-0.338140018917871,0.01,0.176,1.49424686728058e-56
"SSX2IP",4.14343256544968e-61,-0.455296625521176,0.064,0.266,1.51653775328024e-56
"RPL6",4.17015458381102e-61,-0.45121132705506,0.055,0.253,1.52631827922067e-56
"SYT12",4.54740109357371e-61,-0.387001883404648,0.016,0.188,1.66439427425891e-56
"EEF1A2",5.55174897843422e-61,-0.412038342328799,0.035,0.223,2.03199564359671e-56
"CRYBG3",6.02639847128386e-61,0.505534658921291,0.235,0.082,2.20572210447461e-56
"KIF26B",6.21695889080016e-61,-1.08424959512469,0.102,0.31,2.27546912362177e-56
"KCNH5",7.85496153598725e-61,-0.673959667775335,0.03,0.209,2.87499447178669e-56
"SPTAN1",8.62059978373365e-61,-0.595593260874427,0.207,0.432,3.15522572684435e-56
"CDK19",9.54091941820177e-61,1.04300621207171,0.608,0.475,3.49207191625603e-56
"TMSB4X",9.96291794250303e-61,-0.864982032628018,0.11,0.329,3.64652759613553e-56
"MAP3K9",1.06085653779845e-60,-0.345353727337665,0.027,0.206,3.88284101399612e-56
"CYFIP1",1.11270254317032e-60,-1.31177355967838,0.104,0.316,4.07260257825768e-56
"TRANK1",1.17317164101193e-60,-0.611454888587192,0.07,0.273,4.29392552326777e-56
"PI4KA",1.20296625908765e-60,-0.680509105217361,0.301,0.525,4.40297680488673e-56
"TMEM120B",1.43854315954836e-60,-0.393402520671795,0.059,0.262,5.26521181826297e-56
"RPL9",1.539485298647e-60,-0.410992451636046,0.061,0.263,5.63467014157788e-56
"CPLX2",1.57592399846315e-60,-0.336224488782509,0.02,0.195,5.76803942677498e-56
"MICU1",1.62069523571694e-60,-0.600870384191579,0.22,0.461,5.93190663224758e-56
"UNC5A",1.72997145231074e-60,-0.365841089172015,0.029,0.21,6.33186851260255e-56
"NPY1R",1.99293780830236e-60,-0.38165018633586,0.008,0.17,7.29435167216746e-56
"RPS25",2.10725359852526e-60,-0.680322934169311,0.094,0.308,7.71275889596232e-56
"UTP23",2.13714735917419e-60,-0.309244805419084,0.069,0.278,7.82217304931346e-56
"SLC22A15",2.25236086934841e-60,0.943307334043672,0.472,0.303,8.24386601790212e-56
"KCNN2",2.44147318524015e-60,-0.465552886978182,0.046,0.24,8.93603600529746e-56
"GGT7",2.98025830379471e-60,-0.49203876969822,0.089,0.308,1.0908043417719e-55
"ZFYVE9",3.4336728315454e-60,-0.663590047913264,0.202,0.43,1.25675859307393e-55
"ZBTB8OS",4.94249997430369e-60,-0.583931194134532,0.184,0.428,1.80900441559489e-55
"TMEM38A",5.42513883620461e-60,-0.291736476648078,0.034,0.22,1.98565506543925e-55
"KCNK1",7.07824294236173e-60,-0.466824436108088,0.051,0.244,2.59070769933382e-55
"RAB15",8.66555763778677e-60,-0.322388075411822,0.016,0.185,3.17168075100634e-55
"LMTK2",1.09664898837326e-59,-0.485953795067644,0.126,0.35,4.01384496234496e-55
"MMP24",1.1610373989832e-59,-0.339797132189339,0.012,0.178,4.2495129840184e-55
"DENND1B",1.34517801062084e-59,-0.49885391178338,0.078,0.283,4.92348603667335e-55
"SYNPO2",1.6225031746475e-59,-0.418115529352635,0.021,0.195,5.93852386952731e-55
"ELMOD1",1.95965862950656e-59,-0.52021316690881,0.107,0.321,7.17254654985696e-55
"SORCS1",2.08019040748704e-59,-0.76118872138189,0.117,0.336,7.61370491044332e-55
"POU2F2",2.70208787023288e-59,-0.602842935924838,0.026,0.202,9.88991181383937e-55
"ADARB1",3.01203720672279e-59,-0.341742123625159,0.034,0.216,1.10243573803261e-54
"MLXIPL",3.52574143030302e-59,-0.457929079885973,0.018,0.187,1.29045662090521e-54
"PRMT8",4.35336233166791e-59,-0.335225409669323,0.011,0.173,1.59337414701377e-54
"LRRC1",4.67368259263436e-59,0.784198194870404,0.27,0.112,1.7106145657301e-54
"SDK1",4.6901247681464e-59,-1.30262232706736,0.094,0.29,1.71663256638926e-54
"NME5",5.30377197947514e-59,-0.467232091172756,0.078,0.282,1.9412335822077e-54
"SNRNP70",5.35741038576182e-59,-0.550435846415467,0.19,0.435,1.96086577529268e-54
"MEGF10",6.10785674718131e-59,0.598219286350724,0.347,0.159,2.23553664803583e-54
"AGBL4",6.7961856030305e-59,-0.98010385108744,0.297,0.499,2.48747189256519e-54
"PRKCG",8.61421749535592e-59,-0.375517096536828,0.009,0.17,3.15288974547522e-54
"GLS2",1.00374360065679e-58,-0.277984815725106,0.008,0.168,3.67380195276392e-54
"SH3RF3",1.09861034209105e-58,-0.757589609754263,0.153,0.383,4.02102371308744e-54
"ZNF804A",1.28561515722419e-58,-1.05007874566045,0.062,0.253,4.70548003695626e-54
"UBE2O",1.30743665377597e-58,-0.449999446802473,0.098,0.316,4.78534889648544e-54
"FAM135B",1.36593025909649e-58,-0.519443779005809,0.088,0.293,4.99944134131905e-54
"FAM102B",1.70568867819127e-58,-0.450429625534143,0.03,0.206,6.24299113104785e-54
"RPS12",1.75259780654987e-58,-0.497357815377025,0.054,0.245,6.41468323175317e-54
"DDIT4",1.78109697014669e-58,0.340816355113158,0.103,0.017,6.5189930204339e-54
"SCG5",1.93946928529674e-58,-0.342643600214665,0.055,0.255,7.0986515311146e-54
"KLHL32",1.99420258424881e-58,1.47201084446862,0.595,0.494,7.29898087860906e-54
"ZYG11B",2.29495234446819e-58,-0.531711417616387,0.145,0.374,8.39975507598803e-54
"TRPC5",2.3384180852125e-58,-0.49518871991969,0.013,0.175,8.55884403368627e-54
"SLC24A2",2.34240762753943e-58,1.05038646038298,0.659,0.626,8.57344615755707e-54
"NAP1L3",2.65155273299364e-58,-0.348939231892049,0.018,0.185,9.70494815803001e-54
"SLF1",2.94159580731149e-58,-0.35676992251047,0.065,0.267,1.07665348143408e-53
"GIT2",2.96070375199372e-58,-0.486875345425347,0.139,0.37,1.08364718026722e-53
"CREG2",3.42567483952107e-58,-0.359148987328595,0.038,0.223,1.25383124801311e-53
"FASTKD1",3.9495625976265e-58,-0.516122295291548,0.115,0.334,1.44557940635728e-53
"SULT4A1",4.43084713421135e-58,-0.340887657943945,0.038,0.219,1.6217343595927e-53
"RPS6KA6",4.93214859758121e-58,-0.312113463490344,0.036,0.217,1.8052157082007e-53
"RPS4Y1",5.5718163964254e-58,-0.460971362530102,0.001,0.15,2.03934051925566e-53
"KIFC2",6.5602603541579e-58,-0.417911231354797,0.041,0.225,2.40112089222533e-53
"PISD",7.57649426773522e-58,-0.555097596950944,0.07,0.27,2.77307266693377e-53
"CHCHD6",8.26591262478222e-58,-0.426568281209919,0.061,0.257,3.02540667979654e-53
"FBXO34",9.2801113275913e-58,-0.550395773754613,0.127,0.344,3.39661354701169e-53
"RASGEF1B",9.48513657494949e-58,1.3855239703069,0.23,0.092,3.47165483779726e-53
"RAPGEFL1",9.92069889795871e-58,-0.299679195091318,0.05,0.241,3.63107500364187e-53
"INPP4A",1.00438558707062e-57,-0.627937307510842,0.172,0.396,3.67615168723719e-53
"RPS8",1.07147449301977e-57,-0.551792038010854,0.099,0.31,3.92170379190166e-53
"HIPK2",1.14830584718901e-57,0.648569424267094,0.56,0.358,4.20291423129651e-53
"PPP6R2",1.15218575744782e-57,-0.767294906564947,0.322,0.556,4.21711509083477e-53
"SH3BP2",1.17536877673861e-57,0.258141125122155,0.141,0.033,4.30196725974099e-53
"SERPINI1",1.18331491173738e-57,-0.423918699669923,0.136,0.366,4.33105090844998e-53
"CDH20",1.21463371216998e-57,0.69810290104552,0.562,0.361,4.44568084991333e-53
"TRAF3IP2",1.43401825498055e-57,0.444293458048956,0.17,0.05,5.2486502150543e-53
"PLEKHM3",1.47437846511521e-57,-0.378524713634095,0.122,0.353,5.39637262016818e-53
"TNRC18",1.5123108260753e-57,-0.663355701781177,0.211,0.45,5.5352088545182e-53
"NIPAL2",1.54255521272941e-57,-0.41118583994272,0.023,0.192,5.6459063341109e-53
"SH3KBP1",1.60978147695271e-57,-0.640673582440755,0.158,0.399,5.89196118379461e-53
"FAR2",1.71978690761598e-57,-0.591351747012049,0.066,0.263,6.29459206056526e-53
"XKR6",1.91222501384132e-57,-0.819557436921106,0.289,0.493,6.9989347731606e-53
"RPL22",1.9823567323585e-57,-0.416040454176825,0.036,0.215,7.25562387610536e-53
"ANKRD30B",1.99563568509891e-57,-0.397724706608358,0.005,0.158,7.30422617103051e-53
"MAP6",2.121460795419e-57,-0.322847301363832,0.04,0.223,7.76475865731307e-53
"MGAT4A",2.1939988102229e-57,-0.85460454753395,0.107,0.32,8.03025504529684e-53
"GABRA4",2.27692578223365e-57,-0.284577456530197,0.063,0.262,8.33377605555337e-53
"SOX9",2.47527125310454e-57,0.452231348180013,0.17,0.049,9.05974031348791e-53
"RIMS3",2.87152180656552e-57,-0.320837702141395,0.021,0.189,1.05100569642105e-52
"SVEP1",3.01862721648772e-57,1.55672995867187,0.274,0.127,1.10484774750667e-52
"SESN3",3.31609928937033e-57,-0.682416642133182,0.126,0.338,1.21372550090244e-52
"STAT4",3.47804969833709e-57,-0.429937614725462,0.016,0.179,1.27300097008836e-52
"BEX1",3.66544570228747e-57,-0.31765924316728,0.022,0.19,1.34158978149424e-52
"RAPH1",4.06123046168113e-57,-0.639258674526542,0.117,0.327,1.48645096127991e-52
"SACS",4.1924205463317e-57,-0.268342011552601,0.099,0.319,1.53446784416286e-52
"OPRD1",4.66702721735015e-57,-0.356456960470659,0.007,0.16,1.70817863182233e-52
"NCAN",4.90275871452344e-57,-0.617866068861736,0.033,0.207,1.79445871710272e-52
"NAALAD2",6.33285557293505e-57,-0.415090935485939,0.079,0.287,2.31788846824996e-52
"NPTX1",6.58462700873028e-57,-0.378883046476908,0.031,0.207,2.41003933146537e-52
"ABAT",7.29403565134677e-57,-0.461261549871969,0.11,0.326,2.66968998874943e-52
"MBP",7.8551851895307e-57,0.899304652215734,0.604,0.442,2.87507633122013e-52
"MB21D2",8.0070000360684e-57,-0.402264240224038,0.048,0.234,2.93064208320139e-52
"MMP17",9.41086784393732e-57,-0.461601909164613,0.079,0.285,3.4444717395595e-52
"PCSK5",9.5995941213042e-57,1.38069988818253,0.322,0.165,3.51354744433855e-52
"NORAD",9.74809477994172e-57,-0.503025178637064,0.118,0.334,3.56790017040647e-52
"CYP4X1",1.22968410740286e-56,-0.269769172907692,0.004,0.154,4.50076680150519e-52
"LINGO1",1.36145177937647e-56,-0.368045626401204,0.053,0.24,4.98304965769582e-52
"SLITRK5",1.39959125361337e-56,-0.304217722061358,0.062,0.257,5.12264394735031e-52
"RPS24",1.51814705102664e-56,-0.642731325184964,0.099,0.305,5.55657002146261e-52
"LINC01608",1.53957447619424e-56,0.77866378325526,0.325,0.145,5.63499654031855e-52
"PLD3",1.61857962571463e-56,-0.537369144701869,0.21,0.446,5.92416328807813e-52
"GPM6B",1.62962101363203e-56,0.838160751488934,0.709,0.604,5.96457587199461e-52
"VWC2",1.70464628777534e-56,-0.670542244612988,0.053,0.238,6.23917587788654e-52
"CCDC30",1.74188009481348e-56,-0.508160212275639,0.1,0.309,6.37545533502683e-52
"TMTC4",2.0658795451645e-56,0.98841571128636,0.281,0.127,7.56132572325657e-52
"FIGN",2.37159766545024e-56,0.989629831135651,0.397,0.231,8.68028461531442e-52
"STAMBPL1",2.41362454101129e-56,-0.463712568785944,0.036,0.211,8.83410718255542e-52
"ABHD8",2.46428448335131e-56,-0.399388336752528,0.021,0.186,9.01952763751412e-52
"UBAP1L",2.54478103624573e-56,-0.344867089687234,0.089,0.298,9.31415307076301e-52
"PIP5K1B",2.59434036892131e-56,-0.612269704315466,0.071,0.262,9.49554518428887e-52
"PRTG",2.68179139280781e-56,0.346322994932019,0.165,0.047,9.81562467681586e-52
"ANKS1B",2.74902476750934e-56,-0.686806819834775,0.634,0.712,1.00617055515609e-51
"NRXN1",2.94856815543196e-56,-0.824296222294215,0.488,0.651,1.07920543056965e-51
"UQCRH",3.35318996298138e-56,-0.374726531713506,0.059,0.249,1.22730105835081e-51
"ACOT7",3.86997059445455e-56,-0.41446399667558,0.06,0.252,1.41644793727631e-51
"HLF",4.20570873726293e-56,-0.463353561953104,0.033,0.205,1.5393314549256e-51
"PHYHIP",4.52087447299222e-56,-0.402363017155393,0.038,0.217,1.65468526585988e-51
"NDRG3",4.74232175555685e-56,-0.309849980502502,0.094,0.306,1.73573718575136e-51
"DDR2",4.79649659310413e-56,0.504879545902489,0.156,0.043,1.75556571804204e-51
"AMMECR1",5.1018169818621e-56,-0.421990463451921,0.073,0.269,1.86731603353135e-51
"MPHOSPH9",5.46887814427471e-56,-0.450342976719373,0.158,0.387,2.00166408958599e-51
"GRIN3A",7.9875159153505e-56,-0.751753174416761,0.005,0.155,2.92351070017744e-51
"RAB6B",1.03066017188443e-55,-0.327132886946079,0.066,0.259,3.7723192951142e-51
"SH2B1",1.23629746246692e-55,-0.51182713305661,0.073,0.268,4.52497234237519e-51
"LMO7",1.27589903157096e-55,-0.487874604783422,0.098,0.305,4.66991804545285e-51
"RPL30",1.534852759257e-55,-0.451926817959489,0.057,0.244,5.61771458415656e-51
"DENND3",1.95412837429359e-55,-0.595984230780759,0.02,0.182,7.15230526275198e-51
"ZNF395",2.27050174638934e-55,0.377686917946992,0.126,0.029,8.31026344195962e-51
"HOMER1",2.27195297759281e-55,-0.57467707888521,0.147,0.356,8.31557509328744e-51
"TANGO6",2.34690863223111e-55,-0.579428968362346,0.154,0.381,8.58992028482907e-51
"ADAMTS14",2.76316027860308e-55,0.717130029495724,0.105,0.019,1.01134429357151e-50
"MROH1",2.77267631068945e-55,-0.497118949646684,0.136,0.349,1.01482725647545e-50
"TNR",2.93107916523234e-55,-0.369691570972831,0.171,0.419,1.07280428526669e-50
"RGS4",4.08414022267339e-55,-0.303436616650593,0.01,0.163,1.49483616290069e-50
"CENPP",4.12169665565913e-55,-0.570989098225385,0.135,0.36,1.5085821929378e-50
"VSTM2L",4.289983907887e-55,-0.342205463465979,0.007,0.157,1.57017701012572e-50
"ACTL6B",4.37972595918769e-55,-0.30077882114372,0.015,0.171,1.60302349832229e-50
"GDAP1L1",4.67938222287146e-55,-0.263583414548579,0.01,0.162,1.71270068739318e-50
"SYNJ1",5.14087889439255e-55,-0.382633350410245,0.101,0.313,1.88161308413662e-50
"ELF2",5.82185378547377e-55,0.807581437586351,0.575,0.433,2.13085670402126e-50
"TTYH2",5.83267501745851e-55,0.579929372777796,0.274,0.111,2.13481738313999e-50
"RPLP1",6.64541079719944e-55,-0.512247660427657,0.094,0.298,2.43228680588297e-50
"NPM2",6.97673040601642e-55,-0.289789689122651,0.014,0.171,2.55355309590607e-50
"CDKL5",7.13775427714269e-55,-0.484200616121594,0.173,0.396,2.612489442977e-50
"CD22",7.51387207921292e-55,0.839083679479994,0.259,0.105,2.75015231971272e-50
"LRRC28",7.65077287136039e-55,-0.407218647148578,0.138,0.358,2.80025937864662e-50
"GRM8",8.1931473145297e-55,-0.718127688572604,0.039,0.211,2.99877384859102e-50
"SYT13",8.28980782712558e-55,-0.284360195118097,0.005,0.152,3.03415256280623e-50
"LARP1B",8.61198888766335e-55,-0.607753449914189,0.164,0.381,3.15207405277366e-50
"DNAH6",8.86224168704352e-55,-0.4033291295873,0.048,0.226,3.2436690798748e-50
"RPS14",1.11040200646272e-54,-0.502431235027455,0.089,0.289,4.06418238385419e-50
"CAMKK2",1.26182931651872e-54,-0.363205747976517,0.066,0.259,4.61842148139017e-50
"C8orf34",1.28410116726799e-54,-0.743359037388213,0.029,0.196,4.69993868231756e-50
"DCX",1.45912571948873e-54,-0.355038781274191,0.023,0.185,5.34054604590072e-50
"GABRA5",1.49173084607832e-54,-0.316868857546967,0.007,0.155,5.45988406973127e-50
"SERINC1",1.5556511715529e-54,-0.487306410518807,0.138,0.354,5.69383885300079e-50
"RPS15A",1.57631451288594e-54,-0.458155006022996,0.046,0.223,5.76946874861382e-50
"PLXNC1",1.68606413909461e-54,-0.311937116446728,0.031,0.199,6.17116335550019e-50
"RPS3A",1.98283408631999e-54,-0.263920737954754,0.056,0.243,7.25737103933979e-50
"RNASET2",2.06370055453619e-54,-0.849344132149624,0.027,0.19,7.55335039965789e-50
"SLC25A18",2.73086688325332e-54,0.377973787231828,0.192,0.061,9.99524587939549e-50
"MSRA",3.15036489893073e-54,-0.772351049077778,0.284,0.484,1.15306505665764e-49
"PPFIA3",3.41245766071266e-54,-0.342821977870639,0.031,0.2,1.24899362839744e-49
"RPL38",3.68222066163467e-54,-0.493818148000153,0.066,0.253,1.34772958436491e-49
"MYH10",3.85219124712043e-54,-0.550766829598143,0.162,0.369,1.40994051835855e-49
"MARCH11",3.87187177220089e-54,-0.309129816431851,0.007,0.153,1.41714378734325e-49
"SATB1-AS1",4.44696166713722e-54,-0.496136239166062,0.067,0.257,1.62763243978889e-49
"TVP23A",4.59890888911501e-54,-0.397952950252597,0.059,0.243,1.68324664250499e-49
"PDE3B",5.03551774798947e-54,-0.816167546225833,0.135,0.346,1.84304985094162e-49
"DIAPH2",6.9766307825428e-54,-0.973013068168132,0.178,0.398,2.55351663271849e-49
"IL1RAPL2",7.44218800973427e-54,-1.16980645504761,0.021,0.178,2.72391523344284e-49
"SLIT2",7.54362504385195e-54,-0.800977054420719,0.091,0.287,2.76104220230025e-49
"GRAMD1B",8.18137915780469e-54,-0.54539821067391,0.154,0.373,2.9944665855481e-49
"LRRN3",9.12042790037571e-54,-0.365917168222938,0.023,0.184,3.33816781581651e-49
"LINC01170",9.6812636081224e-54,1.12568635646621,0.271,0.119,3.54343929320888e-49
"DYNC1I1",1.00161028104059e-53,-0.37473289634342,0.197,0.44,3.66599378963667e-49
"KCNIP4-IT1",1.01401793054332e-53,-0.339099492905688,0.023,0.182,3.7114070275816e-49
"RPL19",1.13644448715036e-53,-0.493619522610229,0.058,0.242,4.15950046741904e-49
"ADGRL1",1.24980908523931e-53,-0.404811665291556,0.154,0.383,4.5744262328844e-49
"SMPD3",1.4979996101806e-53,-0.287254355464289,0.008,0.156,5.48282837322201e-49
"PAK1",1.50770979457006e-53,-0.436707600612927,0.158,0.379,5.51836861910587e-49
"SKAP2",1.60214294014744e-53,-0.755831680145197,0.042,0.216,5.86400337523364e-49
"BAZ2B",1.67524880037615e-53,0.614916575528691,0.702,0.588,6.13157813425673e-49
"MAF",2.00482342502408e-53,-1.25604133015973,0.032,0.193,7.33785421793062e-49
"CTNNA1",2.07425721376877e-53,0.750811443826519,0.418,0.25,7.59198882811507e-49
"REEP2",2.15361694377959e-53,-0.358994008006795,0.048,0.225,7.88245337592769e-49
"WSCD2",2.25869660089111e-53,-0.279584585695892,0.008,0.155,8.26705542892157e-49
"BEND6",2.33481942475444e-53,-0.354523394742017,0.073,0.267,8.54567257654374e-49
"CCPG1",2.52032295656969e-53,-0.407813804624363,0.189,0.413,9.22463405334071e-49
"MAG",2.607335252945e-53,0.739845427545788,0.208,0.073,9.54310775930398e-49
"KCNH1",3.20761211167536e-53,-0.57571311868054,0.18,0.401,1.1740181089943e-48
"RASD1",3.37490081162277e-53,0.492227180585315,0.153,0.045,1.23524744606205e-48
"RPL7",4.21169065183705e-53,-0.441180142215426,0.054,0.232,1.54152089547888e-48
"MAP7",5.17579290384023e-53,0.959630952383313,0.668,0.568,1.89439196073456e-48
"ADAM11",6.11544380089507e-53,-0.294728463998956,0.028,0.192,2.2383135855656e-48
"NCDN",6.28790914628853e-53,-0.346066290270459,0.05,0.229,2.30143762663307e-48
"ESRRG",7.69996746376999e-53,-0.604097790357458,0.186,0.41,2.81826509141445e-48
"RPL35A",8.75457018387364e-53,-0.431854714113666,0.058,0.24,3.20426023299959e-48
"ZFY",9.4387429130165e-53,-0.389715869015919,0.004,0.144,3.45467429359317e-48
"ZNF251",9.815599019632e-53,-0.41940091211134,0.112,0.318,3.59260739717551e-48
"RPL23",1.18130532387945e-52,-0.476605114047501,0.064,0.248,4.32369561593119e-48
"NCAM2",1.23961153458913e-52,0.699711068387054,0.791,0.671,4.53710217774967e-48
"EPHA6",1.34337430856708e-52,-1.27499902402676,0.118,0.302,4.91688430678635e-48
"CACNG7",1.45932909878915e-52,-0.301147058273204,0.074,0.268,5.34129043447816e-48
"PALM2-AKAP2",1.97786827085555e-52,1.65009997221574,0.55,0.501,7.23919565815838e-48
"OCA2",2.42883502897556e-52,-0.300989307065471,0.008,0.153,8.88977908955345e-48
"NDUFB1",2.9583783906696e-52,-0.39421651808207,0.037,0.206,1.08279607476898e-47
"DOCK6",3.15578474669474e-52,0.408402895659944,0.153,0.044,1.15504877513774e-47
"AC067956.1",3.44607759893071e-52,-0.489688004824786,0.01,0.155,1.26129886198463e-47
"PFN2",3.82103640822931e-52,-0.382003832518228,0.033,0.195,1.39853753577601e-47
"GALNT11",3.92851502150134e-52,-0.575023442861588,0.161,0.373,1.4378757830197e-47
"TMEM63C",3.97558950051639e-52,-0.309427901248734,0.037,0.205,1.455105513084e-47
"CNDP1",4.11318382022876e-52,1.0742452295912,0.332,0.16,1.50546641004193e-47
"TRMT11",4.80557310620387e-52,-0.504072302248053,0.202,0.42,1.75888781260168e-47
"SYNGR3",5.13480181122746e-52,-0.303261398924319,0.004,0.143,1.87938881092736e-47
"CBLN2",6.03763028569553e-52,-0.819543165728778,0.012,0.157,2.20983306086742e-47
"RALGPS2",6.25747762627106e-52,-0.583421464200023,0.099,0.294,2.29029938599147e-47
"SRGAP3",6.59842642060971e-52,-0.638459001883666,0.293,0.505,2.41509005420736e-47
"ZNF273",6.69153916208927e-52,-0.359206621041003,0.043,0.214,2.44917024871629e-47
"PLCB4",7.77418853850608e-52,-0.511262157727151,0.057,0.235,2.84543074697861e-47
"JAK2",9.11133499222179e-52,-0.599191696134159,0.128,0.336,3.3348397205031e-47
"KAT6B",1.10277283194055e-51,-0.516924566086089,0.238,0.468,4.03625884218559e-47
"NGRN",1.25152547207065e-51,-0.324311256249908,0.04,0.207,4.5807083803258e-47
"RPL13A",1.38635601655687e-51,-0.548961013195945,0.139,0.345,5.07420165619979e-47
"CUX2",1.39321811605972e-51,-0.805964695094955,0.012,0.157,5.09931762659016e-47
"SLC35D2",1.39555891619953e-51,0.617007515903474,0.15,0.042,5.10788518918188e-47
"RPL17",1.62195767426269e-51,-0.477324981283301,0.119,0.32,5.93652728356889e-47
"LIFR",2.19987956972767e-51,0.748992752722848,0.374,0.21,8.05177921316024e-47
"KIF21B",2.25073341229062e-51,-0.416662110940066,0.017,0.166,8.23790936232489e-47
"CLOCK",2.26219940088811e-51,-0.501678846797266,0.141,0.356,8.27987602719057e-47
"HDAC9",2.855833724351e-51,-0.668447860694452,0.258,0.499,1.04526370144971e-46
"PHKA1",3.13262802144994e-51,0.370114235178481,0.147,0.042,1.14657318213089e-46
"MCF2L2",3.33916537529165e-51,-0.56976450496006,0.207,0.43,1.2221679190105e-46
"PTPRG",4.29970601992761e-51,-0.715993211096768,0.321,0.536,1.5737354003537e-46
"DPY19L2",4.37479599562546e-51,-0.374320857331211,0.089,0.279,1.60121908235888e-46
"ZNF804B",4.40216583000944e-51,-0.93464571593355,0.039,0.2,1.61123671544176e-46
"CASKIN1",4.72297296450805e-51,-0.361426725997081,0.031,0.191,1.72865533473959e-46
"ZNF318",4.86937380046751e-51,-0.423211432930298,0.068,0.253,1.78223950470912e-46
"ANK1",5.95735083885187e-51,-0.428187041538567,0.014,0.161,2.18044998052817e-46
"DDX3Y",5.99220503720332e-51,-0.3776239222884,0,0.132,2.19320696566679e-46
"STX1A",6.3646066653628e-51,-0.311264663366947,0.013,0.158,2.32950968558944e-46
"KCNIP3",7.37604910853685e-51,-0.406988392217161,0.027,0.182,2.69970773421557e-46
"TTC39C",8.88799560786281e-51,-0.583870212771743,0.103,0.294,3.25309527243387e-46
"EIF2AK2",1.00702914271165e-50,-0.580472540424496,0.088,0.277,3.68582736523891e-46
"LHFPL5",1.03329766071092e-50,-0.272785505636434,0.015,0.162,3.78197276796806e-46
"ATP6V0C",1.14865853531531e-50,-0.388238246561137,0.115,0.32,4.20420510510756e-46
"PTCH2",1.24855578522059e-50,-0.312792520349466,0.025,0.181,4.56983902948589e-46
"TSHZ2",1.28636620060626e-50,-1.23470190143814,0.047,0.209,4.70822893083899e-46
"TSPAN13",1.31598859680497e-50,-0.258735327084082,0.017,0.165,4.81664986316585e-46
"ATF7IP2",1.32105303070367e-50,-0.669589337258006,0.094,0.279,4.83518619767849e-46
"APLP2",1.67569451679265e-50,-0.5372264015009,0.114,0.308,6.13320950091277e-46
"SPSB1",1.79372567836966e-50,0.469640183007093,0.144,0.04,6.5652153554008e-46
"ENSA",1.794558279897e-50,-0.539766331100973,0.233,0.451,6.56826276025101e-46
"TUBA1B",1.83083094768676e-50,-0.484159268354226,0.124,0.326,6.7010243516283e-46
"CMIP",1.99334094703555e-50,-0.716004700849835,0.253,0.473,7.29582720024483e-46
"PNMA3",2.26327326367856e-50,-0.277602689102519,0.008,0.148,8.28380647238989e-46
"ITGAV",2.46573464211859e-50,0.650389524653702,0.333,0.172,9.02483536361824e-46
"TMEM266",2.752911250513e-50,-0.277736762705015,0.014,0.159,1.00759304680026e-45
"SPATS2",2.82565880985733e-50,-0.522522103923931,0.152,0.356,1.03421938099588e-45
"AC008691.1",3.78531041342736e-50,-1.68122712176682,0.012,0.152,1.38546146441855e-45
"RANBP10",3.80264644650575e-50,-0.342695571879753,0.07,0.253,1.39180662588557e-45
"TFDP2",3.8142208625928e-50,-0.461203471105033,0.222,0.448,1.39604297791759e-45
"STAG1",3.995493904221e-50,-0.709766239549253,0.362,0.581,1.46239072388393e-45
"YPEL1",4.09027884568093e-50,-0.385143209475801,0.044,0.209,1.49708296030768e-45
"ZNF519",4.2768443116195e-50,-0.268903206445034,0.05,0.221,1.56536778649585e-45
"GGA2",4.39159344360094e-50,-0.48234270789475,0.129,0.333,1.60736711629238e-45
"ALS2",4.6496249762559e-50,-0.328952443305301,0.093,0.285,1.70180923755942e-45
"FGF13",5.07624710407188e-50,-0.64799267332937,0.03,0.186,1.85795720256135e-45
"CDC14B",5.45100114342624e-50,0.781869468927118,0.598,0.468,1.99512092850544e-45
"CADM3",6.3070165162652e-50,-0.357307764841488,0.051,0.221,2.30843111511823e-45
"SLC25A16",6.77241322675883e-50,-0.426213905988771,0.119,0.325,2.478770965126e-45
"PID1",6.89204760740463e-50,-0.561337272982558,0.14,0.351,2.52255834478617e-45
"SLC4A5",7.22772794399137e-50,0.934652690656778,0.233,0.098,2.64542070478028e-45
"LRRC6",7.29927984066026e-50,-0.374885559473455,0.074,0.255,2.67160941448006e-45
"LRRC4C",8.09881157432996e-50,-0.689137374225238,0.388,0.6,2.96424602432051e-45
"RPL37",8.78734120309766e-50,-0.520420689847131,0.112,0.307,3.21625475374578e-45
"BAALC",8.82838991848122e-50,1.51597220092917,0.418,0.304,3.23127899406331e-45
"STX3",9.23188764851529e-50,-0.277007472115708,0.025,0.18,3.37896319823308e-45
"STK33",9.97973795903429e-50,0.476690199132257,0.216,0.082,3.65268389038614e-45
"DIRAS2",1.1596340358942e-49,-0.379496809632788,0.02,0.168,4.24437653477636e-45
"KIF3B",1.24312520646021e-49,-0.324506610460076,0.057,0.232,4.549962568165e-45
"RNFT2",1.26547948677394e-49,-0.263659213640661,0.042,0.209,4.6317814695413e-45
"ANAPC7",1.35211399244433e-49,-0.324557258869665,0.056,0.231,4.9488724237455e-45
"NUAK1",1.38443226730485e-49,-0.386492156808304,0.089,0.283,5.06716054156247e-45
"CTNNA2",2.12980663438058e-49,-0.803569773446549,0.396,0.61,7.79530526249638e-45
"CARNS1",2.21560055539559e-49,0.727213942718987,0.235,0.095,8.1093195928034e-45
"RFFL",2.24832532036594e-49,0.779860246308833,0.468,0.302,8.22909550507137e-45
"DYNLL1",2.34119953914124e-49,-0.476080673125917,0.09,0.279,8.56902443321084e-45
"TASP1",2.38810405117059e-49,-0.428266611677044,0.13,0.331,8.74069963768948e-45
"CD55",2.49331580020104e-49,0.983818198805542,0.24,0.105,9.12578516031581e-45
"HUNK",2.6045369184959e-49,-0.368322305746995,0.019,0.165,9.53286557538685e-45
"GNAS",2.76216799109405e-49,-0.491462594330516,0.227,0.445,1.01098110642033e-44
"ADGRA3",2.77252365214057e-49,0.821825530410413,0.244,0.109,1.01477138191997e-44
"TRERF1",2.96532838243046e-49,-0.535226160529943,0.114,0.309,1.08533984125337e-44
"SATB2",2.98464617199716e-49,-0.761994367123815,0.085,0.258,1.09241034541268e-44
"ZNF106",3.02915948447085e-49,-0.419231484390918,0.113,0.311,1.10870266291118e-44
"PLPPR5",3.05124871873475e-49,-0.2859742579366,0.064,0.244,1.11678754354411e-44
"SASH1",3.15659151313906e-49,0.75904511000389,0.512,0.355,1.15534405972403e-44
"AFF2",3.26963088216274e-49,-0.276058961745687,0.02,0.166,1.19671759918038e-44
"LINC00320",4.14896633511352e-49,0.829959135767908,0.266,0.121,1.5185631683149e-44
"DLEU7",4.41736080925563e-49,-0.373437094152519,0.018,0.163,1.61679822979565e-44
"PTPRK",4.56750605991448e-49,0.976277645493369,0.609,0.464,1.6717528929893e-44
"GDPD1",6.14727434121648e-49,-0.442848526317406,0.113,0.313,2.24996388162864e-44
"RYR1",6.46646282933679e-49,-0.915460924674799,0.029,0.179,2.36679006016556e-44
"RAPGEF2",6.47970258567104e-49,-0.683324093845419,0.336,0.527,2.37163594338146e-44
"TJP2",7.65187347255308e-49,0.736560343757485,0.251,0.111,2.80066220968915e-44
"PHTF1",8.98158994704646e-49,-0.384455307480655,0.09,0.275,3.28735173651848e-44
"SLIT3",9.38798374153841e-49,-0.489648645866375,0.02,0.164,3.43609592924047e-44
"WIPF1",1.04163671182651e-48,0.409740500584439,0.357,0.174,3.81249452895622e-44
"BEX3",1.04349898671227e-48,-0.335450146637771,0.082,0.266,3.81931064126558e-44
"MAN1A2",1.07951092863275e-48,-0.346520302361274,0.214,0.442,3.95111794988873e-44
"CLDND1",1.11394723931045e-48,1.03218646371091,0.356,0.204,4.07715829060016e-44
"SUSD1",1.18748171206055e-48,-0.427868935932936,0.044,0.205,4.34630181431281e-44
"BTBD10",1.21364776222531e-48,-0.454869702292279,0.114,0.308,4.44207217452084e-44
"LRCH1",1.33964496699397e-48,-0.771964745810532,0.117,0.308,4.90323454369464e-44
"SH3TC2",1.76684831974101e-48,0.771462964906654,0.214,0.083,6.46684153508408e-44
"MACF1",2.03734312677807e-48,0.661902004288009,0.756,0.73,7.45687957832042e-44
"SYT14",2.30140353427574e-48,-0.355457182499075,0.21,0.432,8.42336707580265e-44
"RPS15",2.30437417042063e-48,-0.596872836907391,0.129,0.326,8.43423990115655e-44
"GULP1",2.35188957304862e-48,-0.593853399748716,0.028,0.177,8.60815102631525e-44
"VSTM2A",2.40346761834759e-48,-0.300994850550642,0.007,0.139,8.79693182991403e-44
"GAS2",2.59515774604078e-48,-0.365395598068472,0.048,0.213,9.49853686628386e-44
"TPM3",2.69106718449466e-48,-0.295360564977998,0.076,0.257,9.84957500196889e-44
"ENTPD3",2.85435766314955e-48,-0.30754407560664,0.013,0.152,1.04472344828937e-43
"LRMP",2.910936716624e-48,-0.623478701169385,0.012,0.149,1.06543194765155e-43
"UQCRB",3.11134563811317e-48,-0.383318141660887,0.046,0.209,1.1387836170058e-43
"PHF21B",3.18698623438635e-48,0.338417511997885,0.221,0.087,1.16646883164775e-43
"RASGEF1C",3.45309977528707e-48,-1.41911016428785,0.055,0.218,1.26386904875282e-43
"CBL",3.74793845796515e-48,-0.533165346858354,0.103,0.296,1.37178295499983e-43
"CTNND2",3.88740716406011e-48,0.525651034196879,0.802,0.719,1.42282989611764e-43
"P4HTM",4.63323427035742e-48,-0.326450036183578,0.042,0.203,1.69581007529352e-43
"PCSK6",4.76329649669535e-48,0.984536848536625,0.345,0.191,1.74341415075547e-43
"PLCXD3",5.22030278023528e-48,-0.5002561257528,0.02,0.162,1.91068302059392e-43
"ECSIT",5.46423777403012e-48,-0.32256192202673,0.046,0.21,1.99996566767276e-43
"WASF1",6.73920296828074e-48,-0.343746880349314,0.117,0.314,2.46661567842043e-43
"CEMIP",6.83404396795127e-48,-0.550432387485074,0.038,0.193,2.50132843270985e-43
"MPPE1",9.0661040930846e-48,-0.44841930285427,0.036,0.192,3.31828475910989e-43
"RPL10A",9.78952572608975e-48,-0.376318709982076,0.038,0.194,3.58306431100611e-43
"SYT5",9.84494841516404e-48,-0.271430813103345,0.004,0.133,3.60334956943419e-43
"TNFRSF25",1.02036417712268e-47,-0.290076014499303,0.005,0.134,3.73463492468672e-43
"HEATR3",1.07553288762831e-47,-0.372287640139019,0.04,0.2,3.93655792200838e-43
"MEGF8",1.09013362712547e-47,-0.288124313794262,0.051,0.217,3.98999808864195e-43
"HSP90AB1",1.13403415574453e-47,-0.538583852180717,0.173,0.38,4.15067841344055e-43
"APBB1IP",1.20519304008485e-47,-1.93832501724301,0.002,0.128,4.41112704601456e-43
"GRIK1",1.28628722836511e-47,-1.89060391404176,0.094,0.261,4.70793988453915e-43
"ZNF33B",1.29499717880661e-47,-0.372645866237531,0.048,0.211,4.73981917415006e-43
"BCL11B",1.31380815686974e-47,-0.51332166021118,0.007,0.138,4.80866923495892e-43
"KCNT2",1.32577616690919e-47,-0.55472050797946,0.101,0.293,4.85247334850432e-43
"GALNT9",1.34459552950528e-47,-0.267346306169283,0.012,0.149,4.92135409754229e-43
"KCNA2",1.46038352529309e-47,-0.266692649853503,0.031,0.184,5.34514974092525e-43
"LINC01252",1.58365066838044e-47,-0.329034153958508,0.037,0.194,5.79631981133925e-43
"LPAR1",1.64229755586147e-47,0.361091076003908,0.4,0.205,6.01097328420858e-43
"FHIT",1.81713487308727e-47,0.648643689169552,0.689,0.595,6.65089534898671e-43
"CHST15",1.91478291410059e-47,-0.45912160383525,0.022,0.166,7.00829694389956e-43
"SMAP2",2.00764143070474e-47,-0.644835611962972,0.104,0.294,7.34816840052243e-43
"SPG7",2.05383835640155e-47,-0.450415434367288,0.179,0.392,7.51725376826533e-43
"RPL21",2.16790590629027e-47,-0.407242103587165,0.098,0.286,7.93475240761301e-43
"HTR2A",2.20240888994073e-47,-0.281826045687007,0.005,0.133,8.06103677807206e-43
"MAP4K4",2.21400877230208e-47,0.555619136630866,0.715,0.623,8.10349350750283e-43
"JUNB",2.24671571361048e-47,0.250455629269336,0.13,0.035,8.22320418338572e-43
"SYT4",2.33695513055928e-47,-0.253746161525288,0.014,0.152,8.55348947336003e-43
"COQ4",2.59299666062558e-47,-0.348020179893295,0.061,0.232,9.49062707755569e-43
"TNK2",2.80634133935665e-47,-0.55986251140716,0.146,0.356,1.02714899361793e-42
"GAD2",4.35287321399423e-47,-0.631364708822306,0.012,0.145,1.59319512505403e-42
"EFCAB2",4.47390655770956e-47,-0.636854875724311,0.115,0.306,1.63749453918728e-42
"MATN2",4.490325219622e-47,0.838881042577215,0.281,0.135,1.64350393363385e-42
"MARK4",4.67083090283033e-47,-0.393981908341058,0.113,0.307,1.70957081874493e-42
"WDR47",4.81828518548255e-47,-0.326751719874222,0.085,0.269,1.76354056073847e-42
"CNNM2",4.85563332878857e-47,-0.504053648138964,0.226,0.442,1.7772103546699e-42
"BMPR2",5.09050843675818e-47,-0.575174007961287,0.323,0.521,1.86317699293786e-42
"RPLP2",5.22189808147553e-47,-0.574683986489667,0.091,0.274,1.91126691680086e-42
"RUNDC3A",5.55296519147744e-47,-0.268364356936162,0.05,0.214,2.03244078973266e-42
"RABGAP1L",5.6963244534037e-47,-0.605029199772018,0.492,0.647,2.08491171319029e-42
"BRINP1",6.56443084513945e-47,-0.446572612656662,0.172,0.377,2.40264733362949e-42
"GMDS",6.94724526676243e-47,-0.531632608553365,0.169,0.373,2.54276124008772e-42
"RPS27",7.00585991565926e-47,-0.41117591459396,0.098,0.284,2.56421478773045e-42
"HNRNPH1",7.28068353418802e-47,-0.472958501465934,0.163,0.37,2.66480298034816e-42
"ATP8B1",8.38855591408966e-47,-0.327206067495355,0.029,0.178,3.07029535011596e-42
"FAM81A",8.41023984133991e-47,-0.340080196240082,0.083,0.264,3.07823188432882e-42
"DNAH14",8.66202260506768e-47,-0.378998817974874,0.027,0.173,3.17038689368082e-42
"TRIM56",8.68399473652772e-47,0.268113750198547,0.136,0.037,3.17842891351651e-42
"TSPOAP1",1.14718058022318e-46,-0.375330422349851,0.05,0.212,4.19879564167488e-42
"SSH1",1.17574414346633e-46,-0.547812995770897,0.098,0.287,4.30334113950113e-42
"ADAMTS18",1.21314904643251e-46,0.641820110067931,0.115,0.028,4.44024682484763e-42
"NR3C1",1.23455604555279e-46,-0.539311195847244,0.244,0.466,4.51859858232777e-42
"KMT5B",1.24525821628218e-46,-0.507601944878468,0.154,0.359,4.55776959741442e-42
"KREMEN1",1.27349553238551e-46,0.439739758636238,0.171,0.06,4.66112099808422e-42
"AP3B1",1.60152019673698e-46,0.641324152350027,0.463,0.31,5.86172407207702e-42
"FOLH1",1.68399132755221e-46,0.54500530912445,0.253,0.108,6.16357665797386e-42
"SNAP91",1.75411964179546e-46,-0.506201857612526,0.274,0.478,6.42025330093557e-42
"PYGL",2.10999588924595e-46,0.408510221136515,0.126,0.034,7.72279595422911e-42
"GLRX",2.19421457283007e-46,0.459545334108557,0.169,0.06,8.03104475801534e-42
"KHDC1",2.28409596602599e-46,-0.333721343275429,0.029,0.176,8.36001964525174e-42
"B4GALNT3",2.46417247240686e-46,-0.316154891687996,0.019,0.158,9.01911766625636e-42
"NQO2",2.86748145228326e-46,-0.275188733345568,0.12,0.315,1.0495268863502e-41
"MAPK8IP2",2.90960313610256e-46,-0.256413959895878,0.019,0.158,1.0649438438449e-41
"PDE8A",3.76554669284164e-46,0.652865749438366,0.629,0.493,1.37822774504697e-41
"SORCS3",3.77063067135036e-46,-0.443285229677919,0.102,0.291,1.38008853202094e-41
"TMSB10",4.30882926748075e-46,-0.48092638209112,0.053,0.212,1.57707460019063e-41
"OPRM1",4.32396149988398e-46,-0.3402864219392,0.005,0.13,1.58261314857253e-41
"NCS1",4.40645925074918e-46,-0.342170387682478,0.095,0.279,1.61280815036671e-41
"CCND2",4.56148599643705e-46,-0.415305122367331,0.07,0.241,1.66954948955593e-41
"SLC5A11",4.68211668066451e-46,1.14966557732151,0.278,0.131,1.71370152629002e-41
"MIR646HG",4.95140113857436e-46,-0.9081056782269,0.014,0.148,1.8122623307296e-41
"CRK",5.26741440737699e-46,-0.428803398376525,0.076,0.25,1.92792634724405e-41
"FARP1",5.61218442698172e-46,-0.673710461918786,0.223,0.421,2.05411562211958e-41
"SPIRE2",5.62462351681277e-46,-0.274499856449077,0.033,0.182,2.05866845338864e-41
"NCK2",5.71116976075938e-46,-0.521985433084598,0.056,0.218,2.09034524413554e-41
"EML6",6.72263726114808e-46,-0.576270695304343,0.212,0.407,2.46055246395281e-41
"RFX1",7.84980917051951e-46,-0.343060406622369,0.031,0.178,2.87310865450185e-41
"BBX",7.85508808001076e-46,0.695154917010088,0.503,0.361,2.87504078816474e-41
"TGFB2",8.34775842977194e-46,0.946995727717732,0.184,0.07,3.05536306288083e-41
"EVA1C",9.13074218418298e-46,0.936470484681844,0.42,0.278,3.34194294683281e-41
"ACAP3",9.38433298879552e-46,-0.409472509828391,0.145,0.353,3.43475971722905e-41
"SPATA7",1.06305038261956e-45,-0.344505093792664,0.145,0.346,3.89087070542584e-41
"RHOQ",1.21147014581923e-45,0.596133271213416,0.28,0.134,4.43410188071298e-41
"LRRN1",1.33317121314828e-45,-0.589671507992552,0.057,0.218,4.87953995724401e-41
"UNC5C",1.93364147229155e-45,1.20582714027652,0.643,0.569,7.07732115273432e-41
"KAZN",2.22506377473279e-45,-0.934641328910998,0.525,0.627,8.14395592189949e-41
"NCKAP5",2.2439068397933e-45,0.625726323467849,0.582,0.381,8.21292342432746e-41
"URGCP",2.43290409291292e-45,-0.493496247980432,0.188,0.394,8.90467227047056e-41
"NOTCH2",2.73051366172834e-45,0.328856098641256,0.23,0.095,9.99395305329189e-41
"PART1",2.78943088365978e-45,-0.289168295683629,0.009,0.137,1.02095959772832e-40
"GFOD2",2.79892208431199e-45,-0.307689386580334,0.027,0.17,1.02443347207903e-40
"TCAIM",2.98108827202276e-45,-0.395817219245653,0.093,0.274,1.09110811844305e-40
"SIPA1L1",2.99088222548729e-45,-0.631695303592406,0.412,0.577,1.0946928033506e-40
"KLHL22",2.99929831689772e-45,-0.344654309309153,0.136,0.332,1.09777317696774e-40
"ATXN7L1",3.08852687107613e-45,-0.507272160272814,0.188,0.399,1.13043172008258e-40
"TOMM20",3.35202156481012e-45,-0.291931600700465,0.077,0.251,1.22687341293615e-40
"RIMKLA",3.42461669789453e-45,-0.25478723797188,0.02,0.157,1.25344395759638e-40
"ELOVL5",3.50236179907522e-45,0.821835976737389,0.343,0.196,1.28189944207952e-40
"PON2",3.54761491998497e-45,0.281943445597991,0.223,0.086,1.2984625368637e-40
"KLHDC10",3.70763780497358e-45,-0.494781099441873,0.179,0.387,1.35703251299838e-40
"FBXO44",3.76442198417708e-45,-0.268551232191579,0.039,0.191,1.37781609042865e-40
"SORT1",4.03692613158043e-45,0.780328895571722,0.56,0.436,1.47755533341975e-40
"RAPGEF1",4.45578101749757e-45,-0.758590734739827,0.157,0.352,1.63086041021428e-40
"RPL18A",4.51150941843243e-45,-0.313792663818678,0.05,0.207,1.65125756224045e-40
"RPS13",4.6055172110949e-45,-0.388764195781517,0.045,0.2,1.68566535443285e-40
"PCLO",4.84726422766552e-45,-0.796771305369945,0.29,0.469,1.77414717996786e-40
"ARL6IP1",4.89838734194988e-45,-0.296048015881698,0.103,0.287,1.79285875102707e-40
"PHLPP2",4.91710802754225e-45,-0.338084702699333,0.1,0.282,1.79971070916074e-40
"S100B",5.26769759225932e-45,0.342371010550311,0.164,0.053,1.92802999574283e-40
"GABRA3",5.33958661440945e-45,-0.348187742694702,0.032,0.178,1.95434209674e-40
"QRICH1",5.90626407041044e-45,-0.429998717884864,0.165,0.366,2.16175171241092e-40
"EFHD2",6.06408422314371e-45,-0.289865982477843,0.016,0.149,2.21951546651283e-40
"DNMT3A",6.83874614978139e-45,-0.453719804117832,0.169,0.379,2.50304947828149e-40
"HECTD4",7.04818065981886e-45,-0.506621619455295,0.349,0.532,2.5797046033003e-40
"EML4",7.72030198814206e-45,-0.722363458037804,0.117,0.299,2.82570773067987e-40
"LMO4",8.14668990051951e-45,-0.635791090492107,0.139,0.319,2.98176997048915e-40
"ANKRD7",8.71385794940228e-45,-0.292447669810476,0.023,0.163,3.18935914806073e-40
"FZD3",9.17961519676626e-45,-0.462104087362086,0.145,0.332,3.35983095816842e-40
"RPS20",9.183255945233e-45,-0.468092677538983,0.091,0.267,3.36116350851473e-40
"NOP56",1.15914808947872e-44,-0.302018188792683,0.038,0.188,4.24259792230107e-40
"ALDH1A1",1.17349443291705e-44,0.717525238794354,0.164,0.057,4.29510697391968e-40
"EFHD1",1.2616312727495e-44,0.687283406506541,0.24,0.105,4.61769662139045e-40
"MIR9-3HG",1.35627790160053e-44,-0.38281811215569,0.046,0.2,4.96411274764808e-40
"GFPT1",1.37553639051007e-44,-0.387507975353065,0.085,0.262,5.03460074290589e-40
"IP6K1",1.51175563130673e-44,-0.418540211853345,0.147,0.349,5.53317678614577e-40
"TRMT61B",1.53019931959549e-44,-0.259779842108734,0.068,0.237,5.60068252965146e-40
"SLC7A6",1.8695412357912e-44,-0.419369745381895,0.08,0.251,6.84270787711937e-40
"USP11",1.98178979516147e-44,-0.307401005995134,0.11,0.295,7.25354882927048e-40
"KAT2B",2.04761589331219e-44,0.635340795906942,0.488,0.326,7.49447893111196e-40
"REV3L",2.40266536669151e-44,1.79450846971198,0.569,0.526,8.79399550862758e-40
"VOPP1",2.48712227707008e-44,-0.564103349260258,0.094,0.271,9.10311624630419e-40
"CLEC2L",2.5005498957571e-44,-0.252724496329655,0.007,0.129,9.15226267346058e-40
"ADAM23",2.50180908596397e-44,-0.51221838562515,0.207,0.396,9.15687143553673e-40
"ST7",2.56215469407824e-44,-0.346713249016355,0.113,0.297,9.37774239579577e-40
"ST8SIA4",2.58571231573058e-44,-0.529059883279912,0.009,0.134,9.4639656468055e-40
"LRRC4",2.73710050255706e-44,-0.295209677230318,0.016,0.148,1.00180615494091e-39
"RPS11",3.31286135222661e-44,-0.544922845297696,0.076,0.245,1.21254038352846e-39
"GSN",3.73459373531247e-44,0.479347753122237,0.39,0.213,1.36689865306172e-39
"FAU",3.78560182227016e-44,-0.339800480260409,0.046,0.199,1.3855681229691e-39
"MXI1",3.82632905820708e-44,0.824110578162237,0.459,0.333,1.40047469859437e-39
"MOK",4.45443840850828e-44,-0.419742646416897,0.096,0.273,1.63036900189811e-39
"LINC01378",4.45612908621315e-44,-0.567480825203963,0.01,0.135,1.63098780684487e-39
"RHOT1",4.52438577858336e-44,-0.445036006664782,0.205,0.414,1.6559704388193e-39
"SARAF",4.72678604937614e-44,-0.41281459235697,0.158,0.349,1.73005096193216e-39
"DENND6B",5.27345634881812e-44,-0.260104508067542,0.024,0.161,1.93013775823092e-39
"IQSEC1",5.28998450138217e-44,-0.426700988440337,0.232,0.443,1.93618722735089e-39
"C9orf16",5.37330693615616e-44,-0.252780201353845,0.014,0.143,1.96668407170252e-39
"BRINP3",5.37933013680966e-44,-0.631261318441664,0.212,0.407,1.9688886233737e-39
"AACS",5.50515806184778e-44,-0.315771338583322,0.062,0.224,2.01494290221691e-39
"FAM117B",5.71422805726081e-44,-0.42237085978264,0.091,0.268,2.09146461123803e-39
"TMX4",5.99421577697862e-44,-0.291648253878256,0.051,0.207,2.19394291653194e-39
"LINC01197",6.25948205183727e-44,-0.319345735318538,0.007,0.13,2.29103302579296e-39
"OSBPL3",6.31038849638238e-44,-0.493380846805374,0.104,0.279,2.30966529356091e-39
"MAP3K10",6.76343289926113e-44,-0.330044435849881,0.046,0.199,2.47548407545856e-39
"KCNC1",7.44291534606902e-44,-0.343011925958096,0.067,0.231,2.72418144581472e-39
"LPP",7.71388583036408e-44,1.28101315091712,0.505,0.405,2.82335935277156e-39
"ARF3",7.96583550988956e-44,-0.270023252928033,0.048,0.202,2.91557545497468e-39
"SUGP2",1.08845589342702e-43,-0.311951695508861,0.177,0.385,3.98385741553224e-39
"TPST1",1.3055566619974e-43,1.53445214068658,0.469,0.404,4.77846793857667e-39
"PRR18",1.34447344731404e-43,0.423635564135999,0.1,0.022,4.9209072645141e-39
"GREM2",1.43918917447099e-43,-0.361804420648513,0.012,0.137,5.26757629748127e-39
"MRPL41",1.48205877417751e-43,-0.283486577407111,0.03,0.172,5.42448331936709e-39
"OAF",1.56702320657642e-43,0.329968977500947,0.154,0.049,5.73546163839036e-39
"EPHA10",1.67265765977619e-43,-0.255610113687123,0.009,0.133,6.12209430054685e-39
"SCML1",1.71991629910911e-43,0.450803933448151,0.174,0.065,6.29506564636925e-39
"CYP27A1",1.84848019603947e-43,0.434011125472449,0.186,0.069,6.76562236552406e-39
"ANKRD55",1.87302948167129e-43,-0.431211996281453,0.016,0.145,6.85547520586509e-39
"CTXN1",2.03964464684401e-43,-0.275334420208994,0.013,0.14,7.46530337191375e-39
"RPL35",2.16061662816758e-43,-0.47145392218303,0.085,0.256,7.90807292075615e-39
"DAPK1",2.46698362711932e-43,-0.518075453897348,0.156,0.341,9.02940677361943e-39
"GMCL1",2.60889184345033e-43,-0.331410615155138,0.091,0.268,9.54880503621255e-39
"CRYM",2.86521370413285e-43,-0.32754746026612,0.007,0.128,1.04869686784966e-38
"PHC1",3.04764103655558e-43,-0.298031499043595,0.042,0.19,1.11546709578971e-38
"PDZRN4",3.27271067775335e-43,-0.800538495684774,0.096,0.264,1.1978448351645e-38
"TRIM37",3.54513356771468e-43,-0.398529594085674,0.154,0.346,1.29755433711925e-38
"ACTR2",4.05910541045392e-43,-0.419596679128185,0.147,0.34,1.48567317128024e-38
"SATB1",4.21200435988539e-43,-0.32958838662077,0.06,0.218,1.54163571576165e-38
"FAM216A",4.3944290581516e-43,-0.310992905226844,0.029,0.168,1.60840497957407e-38
"SLC4A7",5.76833795825803e-43,-0.703982447078425,0.126,0.307,2.11126937610202e-38
"SOCS7",6.60699645022809e-43,-0.331400165041283,0.075,0.241,2.41822677074798e-38
"CALM1",8.24492905532564e-43,-0.513468267807688,0.27,0.468,3.01772648353974e-38
"OSBPL8",8.52599318108097e-43,-0.498791807073472,0.25,0.446,3.12059876420745e-38
"ACVR2A",8.71913834205625e-43,-0.387700460037586,0.088,0.262,3.19129182457601e-38
"AEBP2",8.74915950798435e-43,-0.604841860261661,0.32,0.49,3.20227987151735e-38
"ZNF846",8.77201963067475e-43,-0.503316284386099,0.072,0.235,3.21064690502327e-38
"BLCAP",8.84631748039924e-43,-0.334143576125609,0.063,0.224,3.23784066100092e-38
"FRMD4B",9.529388440475e-43,0.809731566840088,0.496,0.351,3.48785146309826e-38
"GPR176",1.03796873759837e-42,-0.282528732656466,0.033,0.174,3.7990693764838e-38
"SIMC1",1.13942479359579e-42,-0.39995975070184,0.104,0.279,4.17040868703994e-38
"JPH1",1.33532768651016e-42,-0.264076795072459,0.031,0.171,4.88743286539584e-38
"TCERG1L",1.33924249240432e-42,-0.309944253858999,0.007,0.126,4.90176144644904e-38
"GNG2",1.43896043219628e-42,-0.498016742924889,0.053,0.204,5.26673907788159e-38
"RBMS1",1.51178803283139e-42,-0.370424650393852,0.078,0.247,5.53329537896617e-38
"RPS26",1.81478124806063e-42,-0.378948483332058,0.057,0.213,6.6422808460267e-38
"UBE3C",1.96116505565275e-42,-0.490306044196593,0.247,0.457,7.17806022019462e-38
"DPY30",2.04212740928493e-42,-0.33974024301285,0.044,0.19,7.47439053072379e-38
"PWRN4",2.04917586850804e-42,-0.368331262772165,0.007,0.125,7.50018859632628e-38
"KCND3",2.41033481333542e-42,-0.486604114774147,0.184,0.375,8.82206645028896e-38
"DOCK8",2.64396372114046e-42,-1.79035021980637,0.008,0.126,9.67717161574621e-38
"DAAM2",2.75454614281913e-42,0.475228278419629,0.306,0.15,1.00819143373323e-37
"PIK3R3",3.08001884372629e-42,-0.348906401816441,0.036,0.177,1.12731769699226e-37
"HS3ST2",3.37650844583008e-42,-0.40025001700183,0.014,0.138,1.23583585625827e-37
"TMPRSS5",3.8760695360552e-42,0.626162234929473,0.115,0.031,1.41868021089156e-37
"CDKL2",3.89881620353499e-42,-0.272604791076195,0.036,0.178,1.42700571865584e-37
"TSPYL4",3.90519424385413e-42,-0.278975736658821,0.025,0.159,1.42934014519305e-37
"LZTS3",3.92294039530627e-42,-0.31929503633194,0.059,0.216,1.43583541408605e-37
"NREP",4.33708246486003e-42,-0.334583172749381,0.053,0.205,1.58741555296342e-37
"SUCLA2",4.39460737030796e-42,-0.394955912049252,0.094,0.268,1.60847024360642e-37
"MPP7",4.90233259650807e-42,-0.312480273772386,0.023,0.156,1.79430275364792e-37
"ERC1",5.09634650373036e-42,-0.62275324898713,0.397,0.569,1.86531378383035e-37
"ATRN",5.22484947243322e-42,-0.487965601530525,0.191,0.397,1.91234715540528e-37
"SLC38A1",5.73326991428109e-42,-0.276019894745627,0.104,0.287,2.09843412132602e-37
"ZNF618",6.3514182052728e-42,-0.383848560114094,0.018,0.145,2.3246825773119e-37
"U91319.1",6.73688761802772e-42,-0.332929653085978,0.07,0.235,2.46576823707433e-37
"RNF111",7.09013076475957e-42,-0.433110251698883,0.184,0.382,2.59505876120965e-37
"ARMC9",8.31633139610389e-42,-0.398154468925379,0.13,0.308,3.04386045428798e-37
"ST3GAL6",8.33553943457419e-42,-0.462659386032365,0.098,0.273,3.0508907884485e-37
"CPT1C",8.92452413443388e-42,-0.314769640540092,0.051,0.202,3.26646507844414e-37
"CHD7",1.09884217684442e-41,0.428124478520622,0.419,0.23,4.02187225146827e-37
"BCO2",1.10056908391385e-41,-0.381933282543651,0.031,0.168,4.02819290403308e-37
"LRP8",1.35674668666517e-41,-0.430369649583099,0.062,0.215,4.96582854786318e-37
"PDE1C",1.62480729625385e-41,1.15002646809751,0.511,0.41,5.94695718501872e-37
"RGCC",1.65233014473324e-41,0.607106257480089,0.148,0.049,6.04769356273812e-37
"MTFMT",1.83023644269837e-41,-0.304835943857727,0.081,0.247,6.69884840392029e-37
"CAMTA2",1.87822194436937e-41,-0.376819100433171,0.034,0.172,6.87448013858635e-37
"SBNO1",1.91780375906047e-41,-0.29522202002961,0.129,0.316,7.01935353853724e-37
"PKNOX1",2.15219392525517e-41,-0.339037091913853,0.112,0.294,7.87724498582643e-37
"ZNF821",2.1739716772876e-41,-0.260081145240201,0.063,0.22,7.95695373604033e-37
"KIAA0319",2.21888710756207e-41,-0.460893466240463,0.15,0.333,8.12134870238792e-37
"RPL13",2.5031119761141e-41,-0.455087532586314,0.168,0.362,9.16164014377523e-37
"VPS35",2.55449139611204e-41,-0.303524734990192,0.063,0.22,9.34969395890968e-37
"DTWD2",2.66701539692806e-41,-0.397189497151967,0.085,0.252,9.76154305429639e-37
"NRG2",2.8099528373509e-41,-0.474651375501398,0.154,0.345,1.0284708379988e-36
"WIPF3",2.94038198061571e-41,-0.255957083378944,0.016,0.14,1.07620920872516e-36
"LINC00299",3.09350816690819e-41,0.84406512097901,0.266,0.138,1.13225492417007e-36
"CDH7",3.35312562378329e-41,-0.33808555221133,0.02,0.148,1.22727750956092e-36
"GLRA3",3.37602935458872e-41,-0.262116062732859,0.003,0.114,1.23566050407302e-36
"ZBTB18",3.47639906622583e-41,-0.328871431918492,0.041,0.183,1.27239682222932e-36
"RGL1",3.54906365944351e-41,1.00921900761584,0.487,0.406,1.29899278999292e-36
"PARP8",3.78032409644456e-41,-0.460074122903475,0.16,0.349,1.38363642253967e-36
"ZNF786",3.92510686615498e-41,-0.303643179535204,0.016,0.14,1.43662836408139e-36
"OPALIN",3.98313075624368e-41,0.590218424820957,0.219,0.093,1.45786568809275e-36
"HIF3A",4.03673757894441e-41,0.501581466901561,0.238,0.104,1.47748632126944e-36
"ACADM",4.06252250425044e-41,-0.317964794992657,0.084,0.25,1.4869238617807e-36
"HERC1",4.27270267687018e-41,-0.434292220526681,0.429,0.583,1.56385190676126e-36
"GRIK5",4.54216636965893e-41,-0.356407643639146,0.093,0.26,1.66247831295886e-36
"SAE1",4.66653998524195e-41,-0.298585210534302,0.059,0.215,1.70800029999841e-36
"COL12A1",4.82171913234429e-41,-0.309105874160156,0.012,0.131,1.76479741962933e-36
"PPP3CB",4.83845876137963e-41,-0.529275966296371,0.248,0.439,1.77092429125256e-36
"ATP10B",4.99757087380077e-41,0.54275934881014,0.29,0.142,1.82916091551982e-36
"EIF4G3",5.08797189798869e-41,-0.506156819429815,0.575,0.708,1.86224859438284e-36
"FARS2",5.44698385443392e-41,-0.562910829272214,0.263,0.456,1.99365056056136e-36
"VPS13A",5.79482406852867e-41,-0.475983480061004,0.18,0.363,2.12096355732218e-36
"ST6GAL1",5.85596208098552e-41,-1.62712657406837,0.156,0.329,2.14334068126151e-36
"LINC01473",5.88708241500248e-41,0.780128334449965,0.529,0.434,2.15473103471506e-36
"ATP11A",5.96253867482387e-41,0.825598519445452,0.407,0.274,2.18234878037228e-36
"FOCAD",6.71439760724441e-41,-0.603508080251351,0.258,0.434,2.45753666822753e-36
"GNG12",8.12845739889243e-41,0.292680579689685,0.137,0.043,2.97509669256862e-36
"CNTN2",8.42154275282734e-41,0.970755908399017,0.332,0.196,3.08236886296233e-36
"ZNF536",8.61012041445759e-41,0.84456135398251,0.458,0.315,3.15139017289562e-36
"RPL29",8.6174519853819e-41,-0.342137810827609,0.056,0.206,3.15407360116963e-36
"MIR222HG",8.9994220179135e-41,-0.279628397069629,0.006,0.119,3.29387845277652e-36
"PHACTR3",9.76376202631987e-41,0.800284030804659,0.554,0.451,3.57363453925334e-36
"NAIP",1.06541670226342e-40,0.620631340982135,0.176,0.067,3.89953167195435e-36
"SSBP4",1.07366972198783e-40,-0.29290045473211,0.032,0.168,3.92973854944765e-36
"PUS7",1.11393439747178e-40,-0.303164636570758,0.06,0.214,4.07711128818647e-36
"CCNI",1.16222716210518e-40,-0.465101294306889,0.158,0.346,4.25386763602116e-36
"RHOBTB2",1.36584545452911e-40,-0.305828529217403,0.032,0.167,4.999130948122e-36
"BTBD2",1.36898602352607e-40,-0.2733613505553,0.079,0.243,5.01062574470776e-36
"PLEKHH1",1.52654108643772e-40,0.707320819262465,0.44,0.287,5.5872930304707e-36
"OSBP2",1.60488543559708e-40,-0.413729298254671,0.328,0.537,5.87404118282887e-36
"VKORC1L1",1.67873452200929e-40,-0.328487360245532,0.102,0.274,6.14433622400619e-36
"INPP5D",2.16565673597196e-40,-1.56255282552809,0.007,0.12,7.92652021933098e-36
"GPR162",2.20589274698513e-40,-0.259538067805873,0.029,0.161,8.07378804324026e-36
"ANKRD12",2.49550905562554e-40,0.602862798242727,0.676,0.597,9.13381269449503e-36
"GLDN",2.64520786122563e-40,0.912416407177625,0.291,0.158,9.68172529287192e-36
"GRIP2",2.95308833920533e-40,-0.306858712778036,0.003,0.111,1.08085986303254e-35
"NRXN3",3.35042603067144e-40,-0.597055172874577,0.539,0.689,1.22628943148605e-35
"SLC16A10",3.42726518246643e-40,-0.272499148971625,0.043,0.185,1.25441332943454e-35
"IGSF9B",3.68654249498694e-40,-0.273920727718089,0.082,0.247,1.34931141859017e-35
"MFAP3L",3.89481875481979e-40,0.533430481376743,0.249,0.122,1.42554261245159e-35
"MPP6",4.03737960235856e-40,-0.424199615852881,0.119,0.294,1.47772130825926e-35
"MCHR2",4.21361422429072e-40,-0.289136960915022,0.009,0.124,1.54222494223265e-35
"PPP1R14C",4.2366723352091e-40,-0.263144110338102,0.016,0.138,1.55066444140988e-35
"B4GALT6",4.29798778176827e-40,-0.324281013394481,0.074,0.232,1.573106508005e-35
"SEMA6A",4.72121304216534e-40,0.723025362367341,0.328,0.185,1.72801118556294e-35
"ITGA9-AS1",4.91708842021447e-40,-0.366459857939927,0.115,0.288,1.7997035326827e-35
"H3F3B",5.02238516836622e-40,0.755259661303274,0.289,0.159,1.83824319547372e-35
"ZNF675",5.39751705886954e-40,-0.401094590227234,0.072,0.228,1.97554521871684e-35
"CAND2",5.80080400338282e-40,-0.266094325347285,0.027,0.158,2.12315227327814e-35
"GLDC",6.07444710957167e-40,0.782888722545258,0.191,0.081,2.22330838657433e-35
"STAT3",6.11366039170063e-40,0.708231686130074,0.38,0.245,2.23766083996635e-35
"COX7C",6.61058487312293e-40,-0.287154425569376,0.057,0.205,2.41954016941172e-35
"GP1BB",6.72271175583618e-40,-0.266864513707279,0.022,0.148,2.4605797297536e-35
"ABCA3",6.93418737146249e-40,-0.430100548259241,0.164,0.351,2.53798191982899e-35
"NHSL1",6.97703906049968e-40,0.698314976591065,0.254,0.12,2.55366606653349e-35
"XYLT1",7.45058201722557e-40,-0.572694541555024,0.198,0.404,2.72698752412473e-35
"IL12RB2",7.6590116891651e-40,-0.264145885808187,0.009,0.123,2.80327486835132e-35
"CERCAM",8.13343721170228e-40,0.559884627634869,0.358,0.2,2.97691935385515e-35
"TTC39B",8.21235062953368e-40,-0.380541169958474,0.079,0.236,3.00580245391562e-35
"PNKD",8.36250316057343e-40,-0.312123303605919,0.061,0.212,3.06075978180148e-35
"ATP6V1B2",9.8507039469325e-40,-0.267564584771747,0.07,0.226,3.60545615161676e-35
"NELFA",9.92074236738447e-40,-0.330963162159717,0.143,0.325,3.63109091388639e-35
"MAP3K3",1.03026557616056e-39,-0.460930067400603,0.125,0.306,3.77087503530527e-35
"PLOD2",1.08583275548413e-39,1.18000913877074,0.25,0.131,3.97425646834748e-35
"VPS9D1",1.20865829258968e-39,-0.368597941542923,0.091,0.254,4.42381021670747e-35
"ZFP36L1",1.24217127848823e-39,0.358964516141481,0.247,0.11,4.54647109639477e-35
"SLITRK4",1.28602173548623e-39,-0.262418164868158,0.023,0.149,4.70696815405314e-35
"TMEM268",1.31940924938309e-39,-0.272263599064906,0.032,0.164,4.82916979366704e-35
"PREP",1.33677639064449e-39,-0.311470833876309,0.065,0.218,4.89273526739788e-35
"UBP1",1.48865299968378e-39,-0.333460570499844,0.106,0.278,5.4486188441426e-35
"DAPK2",1.51902752405681e-39,0.896374306921778,0.212,0.096,5.55979264080032e-35
"GOT1",1.52121209157826e-39,-0.271794955411977,0.031,0.162,5.56778837638557e-35
"MIR4500HG",1.52822129795041e-39,-0.304075462219658,0.014,0.133,5.5934427726283e-35
"MSL2",2.19163687745026e-39,-0.457675519131245,0.08,0.24,8.02161013515569e-35
"FBXL17",2.40831455846322e-39,-0.538333148143403,0.403,0.566,8.81467211543122e-35
"KLF9",2.44741942067334e-39,0.7003597366285,0.194,0.086,8.95779982160649e-35
"GPD1L",2.79522711679507e-39,-0.284060054408628,0.019,0.141,1.02308107701817e-34
"SPAG16",2.81890573445672e-39,-0.42687863408496,0.169,0.354,1.0317476878685e-34
"KIFAP3",3.0589314042041e-39,-0.367731003730112,0.217,0.403,1.11959948325274e-34
"CDH13",3.3310696815304e-39,-0.809062556639211,0.18,0.353,1.21920481413694e-34
"IRAK1BP1",3.72803767999883e-39,-0.255542952959793,0.121,0.3,1.36449907125637e-34
"GRK5",4.1003761257711e-39,-0.465276818266562,0.045,0.184,1.50077866579348e-34
"ZC3H14",4.23542123041736e-39,-0.377416386469915,0.143,0.326,1.55020652454506e-34
"PRRX1",4.55899340699217e-39,0.394404935949845,0.223,0.097,1.66863717689321e-34
"RPL15",5.10851484639303e-39,-0.332825079495113,0.088,0.249,1.86976751892831e-34
"PAMR1",5.83558183850136e-39,0.514893319922463,0.184,0.075,2.13588130870988e-34
"GRIK3",6.15343267666119e-39,-0.542093308243834,0.068,0.217,2.25221789398476e-34
"RPL39",6.39853690270156e-39,-0.251395501107677,0.036,0.172,2.3419284917578e-34
"MAST3",6.7023894455343e-39,-0.324710866172241,0.095,0.263,2.45314156096001e-34
"ULK3",6.73785060109076e-39,-0.314782514824543,0.019,0.139,2.46612069850523e-34
"SLC41A2",6.81853613112719e-39,-0.365928683750656,0.108,0.278,2.49565240935386e-34
"PPM1K",7.94067502443804e-39,-0.363739026890595,0.146,0.331,2.90636646569457e-34
"HOOK2",8.09394052125027e-39,-0.305578234107805,0.072,0.226,2.96246317018281e-34
"JAM3",8.21832386635875e-39,1.17785202848709,0.439,0.335,3.00798871832597e-34
"EPS8",8.66593441346264e-39,0.313819076060267,0.297,0.148,3.17181865467146e-34
"NTN4",9.32486453426351e-39,-0.388088032674432,0.048,0.186,3.41299366818579e-34
"ZNF638",1.04789558360786e-38,0.57276916052605,0.739,0.668,3.83540262556314e-34
"PTK2",1.10196633834471e-38,0.573721865055689,0.792,0.682,4.03330699497548e-34
"FAM126B",1.16159417115168e-38,-0.327660709080323,0.197,0.392,4.25155082583227e-34
"AKAP11",1.20624342528287e-38,-0.28054234514072,0.14,0.326,4.41497156087784e-34
"COL19A1",1.36620383059792e-38,-0.315508119840751,0.017,0.135,5.00044264037146e-34
"ST3GAL2",1.46736534733697e-38,-0.320327247642803,0.063,0.21,5.37070390778804e-34
"EPHB2",1.52726201824459e-38,-0.38899569220411,0.068,0.218,5.58993171297702e-34
"CCDC171",1.64617118636937e-38,-0.346654570505552,0.144,0.326,6.02515115923052e-34
"SCAP",1.71375536835491e-38,-0.348897284021922,0.095,0.26,6.27251602371581e-34
"CHRM2",2.03138844945299e-38,-0.380681749981986,0.008,0.117,7.43508486384287e-34
"LANCL2",2.1042347176405e-38,-0.38202645967312,0.094,0.257,7.70170949003599e-34
"TMEM245",2.13738867365109e-38,-0.32150855218539,0.143,0.329,7.82305628443034e-34
"ZIC1",2.28558358947091e-38,0.329708385297454,0.175,0.064,8.36546449582248e-34
"CPEB3",2.30209874232515e-38,-0.40073809460282,0.346,0.533,8.42591160678429e-34
"BAG4",2.31807048986336e-38,-0.316088322029577,0.061,0.209,8.48436979994889e-34
"CSPG5",2.58380082603245e-38,-0.408181257884104,0.045,0.182,9.45696940336137e-34
"RPS4X",2.89923082989114e-38,-0.306049021587613,0.049,0.188,1.06114747604846e-33
"RPL11",3.07709147081161e-38,-0.400225809120097,0.076,0.23,1.12624624923176e-33
"SNX27",3.0966365819524e-38,-0.412091670022775,0.141,0.32,1.1333999553604e-33
"TIMP3",3.48190926514237e-38,0.697491825181679,0.203,0.088,1.27441361013476e-33
"RPS16",3.52876430584489e-38,-0.292156395232754,0.051,0.192,1.29156302358229e-33
"TMEM91",3.59157162564145e-38,-0.258654673970376,0.062,0.208,1.31455113070103e-33
"SORCS2",3.72998596592106e-38,0.684849980697704,0.352,0.217,1.36521216338677e-33
"PRR14L",3.9858211414391e-38,-0.303760497785037,0.145,0.329,1.45885039597813e-33
"FA2H",4.0907646773269e-38,0.486564254635552,0.313,0.162,1.49726077954842e-33
"GPC1",4.28090987536956e-38,-0.295478023536059,0.068,0.22,1.56685582348401e-33
"PXK",4.30654473234452e-38,0.959630931191475,0.506,0.395,1.57623843748542e-33
"SARM1",4.58832596573419e-38,-0.359273070260559,0.091,0.253,1.67937318671837e-33
"RALA",5.28303768575741e-38,-0.344431780852901,0.068,0.217,1.93364462336407e-33
"IQGAP1",5.4937022948648e-38,0.926702404076556,0.388,0.258,2.01074997694347e-33
"TANC1",6.25089532088977e-38,0.4938944584378,0.337,0.186,2.28789019639887e-33
"BRI3BP",7.01396643010841e-38,-0.265744136973561,0.055,0.198,2.56718185308398e-33
"CFAP46",7.69644571571442e-38,-0.31050325330472,0.027,0.151,2.81697609640864e-33
"FAM13A",8.06727672020423e-38,-0.48759242818337,0.134,0.302,2.95270395236195e-33
"MIS18BP1",9.49274506141724e-38,-0.688792463154978,0.022,0.141,3.47443961992932e-33
"LSAMP",1.07887222465348e-37,1.23072294641381,0.774,0.747,3.94878022945419e-33
"GSE1",1.24000329404074e-37,-0.438680904838059,0.109,0.269,4.53853605651851e-33
"NPC1",1.26814997189709e-37,0.551571514797674,0.392,0.247,4.64155571214055e-33
"AIF1L",1.27329835192419e-37,0.517258864247156,0.128,0.04,4.66039929787774e-33
"RPRD2",1.3304391468233e-37,-0.493526717854104,0.339,0.524,4.86954032128797e-33
"TOLLIP",1.49094065805392e-37,-0.285610640445263,0.034,0.162,5.45699190254315e-33
"LRRC63",1.4973738174847e-37,0.848990754823053,0.128,0.042,5.48053790937574e-33
"SLC1A1",1.70797675615335e-37,-0.425461612958308,0.077,0.229,6.25136572519689e-33
"CLU",1.73634990968752e-37,1.24210676920886,0.413,0.318,6.3552143044473e-33
"TULP3",1.78882108903672e-37,0.594667254274933,0.25,0.125,6.54726406798332e-33
"KLHDC3",1.90864346386614e-37,-0.271157052871442,0.04,0.173,6.98582594209647e-33
"DYSF",2.03096826536823e-37,1.02489321703368,0.246,0.13,7.43354694807426e-33
"LRRFIP1",2.48976588991003e-37,-0.430679980674568,0.227,0.414,9.11279213365969e-33
"GK5",2.55033649801504e-37,-0.34439663981441,0.081,0.237,9.33448661638485e-33
"RABEP1",2.68584922007556e-37,-0.40555271609333,0.284,0.484,9.83047673039855e-33
"COX7A2L",2.74684139629508e-37,-0.261658835465264,0.054,0.193,1.00537141945796e-32
"MIR99AHG",2.75125116870475e-37,1.02329009379657,0.677,0.67,1.00698544025762e-32
"DAGLB",2.75861722219567e-37,-0.29847934648905,0.04,0.171,1.00968148949584e-32
"RANBP3L",2.84275422607478e-37,0.415297859119229,0.151,0.054,1.04047647428563e-32
"PBX1",2.96440074725892e-37,-0.44169862426172,0.349,0.537,1.08500031750424e-32
"CD82",3.06257937411514e-37,0.377645414174492,0.137,0.044,1.12093467671988e-32
"TESPA1",3.47880661543284e-37,-0.269028319275787,0.005,0.109,1.27327800931458e-32
"EHD3",3.48029359488287e-37,-0.288197210639619,0.024,0.145,1.27382225866308e-32
"VRK2",4.08672401306105e-37,0.656629302837402,0.263,0.13,1.49578185602047e-32
"IGF1",4.48253310768959e-37,-0.385439012993436,0.003,0.103,1.64065194274547e-32
"CBFB",4.87242197408681e-37,0.542522059519704,0.337,0.198,1.78335516673551e-32
"CACHD1",5.09825516712767e-37,0.998089721438078,0.254,0.136,1.8660123737204e-32
"PDXP",5.19754028488018e-37,-0.270649050437233,0.013,0.124,1.902351719669e-32
"KLHL18",5.37384142791046e-37,-0.330881823042776,0.07,0.22,1.96687970102951e-32
"MARCH3",5.43471770110853e-37,0.940670345457014,0.238,0.118,1.98916102578273e-32
"TM7SF3",5.56053260525882e-37,-0.317332331099566,0.106,0.271,2.03521053885078e-32
"NISCH",5.7240521995979e-37,-0.318367455593227,0.1,0.262,2.09506034557483e-32
"CDC14A",5.97828119935771e-37,0.300013059161696,0.164,0.061,2.18811070177692e-32
"SFI1",6.40792601220807e-37,-0.30081295795205,0.068,0.218,2.34536499972827e-32
"APOO",6.70306366692669e-37,-0.308706802441679,0.055,0.195,2.45338833273184e-32
"KDM2B",8.09414949241927e-37,-0.286927368577593,0.126,0.3,2.96253965572038e-32
"SNX32",8.3676139479019e-37,-0.297528645910574,0.116,0.284,3.06263038107157e-32
"PRDM11",9.37648560547927e-37,-0.70726870036285,0.029,0.151,3.43188749646147e-32
"ZNF398",9.63693789608144e-37,-0.3102750217109,0.092,0.251,3.52721563934477e-32
"SLC44A1",9.97405367506994e-37,0.74420197427419,0.655,0.586,3.65060338561235e-32
"ATP6V1A",1.06141537275092e-36,-0.405628505781013,0.185,0.369,3.88488640580565e-32
"CDH22",1.06498635195118e-36,-0.321246214772136,0.015,0.126,3.8979565467765e-32
"GLMN",1.08851400295417e-36,-0.333010544332269,0.112,0.278,3.98407010221255e-32
"PLEKHG5",1.09195966560748e-36,-0.252174008963159,0.008,0.113,3.99668157208992e-32
"RABL6",1.39615788834552e-36,-0.268248976685507,0.125,0.299,5.11007748713344e-32
"SLC25A37",1.59545696174626e-36,0.904158851310378,0.315,0.196,5.83953202568749e-32
"NDUFV3",1.60382927293827e-36,-0.342757064774772,0.097,0.256,5.87017552188137e-32
"CTCF",1.64810165950709e-36,-0.379322842625995,0.098,0.258,6.0322168839619e-32
"PPP1R14A",1.6944006295281e-36,0.56692773758429,0.129,0.042,6.2016757441358e-32
"LRP2",1.82838860035551e-36,0.589578262733502,0.13,0.043,6.6920851161612e-32
"HEPACAM",1.85338144523865e-36,0.26184609630969,0.244,0.109,6.78356142771798e-32
"NXPH1",1.91693610346226e-36,-1.07207885616803,0.095,0.241,7.01617783228224e-32
"STS",1.97602486331523e-36,-0.313415773884631,0.068,0.214,7.23244860222008e-32
"ABHD18",2.45794214364746e-36,-0.303379021550335,0.193,0.378,8.99631403996406e-32
"QTRT1",2.51366754926053e-36,-0.289087413733218,0.065,0.211,9.20027459704845e-32
"NEK3",2.62173944249537e-36,0.452875758243009,0.18,0.072,9.5958285334773e-32
"HIP1",2.63774024897101e-36,0.649681493319696,0.512,0.358,9.6543930852588e-32
"ZBTB46",2.69781991651888e-36,-0.397338764380428,0.045,0.176,9.87429067645074e-32
"RPL36A",2.88696919908743e-36,-0.369214918849399,0.047,0.179,1.05665959655799e-31
"RPL7A",3.00815664026469e-36,-0.263104370681765,0.064,0.208,1.10101541190328e-31
"SPHKAP",3.05867239043647e-36,-0.460468468944107,0.012,0.118,1.11950468162365e-31
"C19orf12",3.13957286693214e-36,-0.272401305818719,0.081,0.234,1.14911506502583e-31
"DLG1",3.15639765217776e-36,0.765571580046973,0.722,0.637,1.15527310467358e-31
"SPOP",3.30524227796182e-36,-0.385185802893817,0.149,0.324,1.2097517261568e-31
"UPP2",3.41142507701599e-36,-0.383157383996544,0.119,0.286,1.24861569243862e-31
"PPM1L",3.43446196039457e-36,-0.383152147718898,0.235,0.42,1.25704742212402e-31
"LIMK1",3.75770611328628e-36,-0.264401396853016,0.025,0.144,1.37535801452391e-31
"OSBPL9",3.93999054241379e-36,0.719260408448583,0.493,0.39,1.44207593842887e-31
"EXT1",4.27985895390657e-36,-0.540177984916053,0.276,0.458,1.56647117571934e-31
"EMB",5.30110921580105e-36,-0.298918180689296,0.005,0.104,1.94025898407534e-31
"TRPC4AP",5.50970008906789e-36,0.755292550065252,0.509,0.399,2.01660532959974e-31
"EXTL3",5.60941430967638e-36,-0.408286934406613,0.081,0.232,2.05310173148465e-31
"TENM1",5.81846115904393e-36,-0.511810001926267,0.099,0.252,2.12961496882167e-31
"RPL4",5.92799515651405e-36,-0.332222816499334,0.041,0.17,2.16970550723571e-31
"SDHD",6.38376111457762e-36,-0.283222691182747,0.027,0.146,2.33652040554656e-31
"ACSL6",7.45222741858377e-36,-0.42735300639721,0.155,0.329,2.72758975747585e-31
"PKD1L1",8.20606204944589e-36,-0.25552726147977,0.031,0.152,3.00350077071769e-31
"MAOB",8.33637283701626e-36,1.35192516194824,0.21,0.106,3.05119582207632e-31
"ZFP64",8.54548525600451e-36,-0.273417894252591,0.061,0.203,3.12773305855021e-31
"TTLL11",9.18149282522665e-36,-0.32411534051744,0.192,0.392,3.3605181889612e-31
"FEM1C",9.43207935499338e-36,0.349843936417397,0.166,0.068,3.45223536472113e-31
"LINC00609",9.50021550900108e-36,0.665561384248666,0.263,0.134,3.47717387844949e-31
"ZNF420",1.05128742519357e-35,-0.320062733457403,0.045,0.176,3.847817104951e-31
"TBRG1",1.11994170852453e-35,-0.255535470904959,0.084,0.238,4.09909864737064e-31
"DNAJB6",1.13238915628952e-35,-0.405082731196253,0.119,0.283,4.14465755093529e-31
"DOCK10",1.13314240172304e-35,0.723939703887658,0.572,0.45,4.14741450454651e-31
"SYNE1",1.2077489468514e-35,-0.531999441028791,0.413,0.564,4.42048192037082e-31
"PIP5K1C",1.29811414371938e-35,-0.295613592009756,0.074,0.219,4.75122757742731e-31
"PTMS",1.33673245942662e-35,-0.266673881589512,0.024,0.14,4.89257447474737e-31
"DHX30",1.35299168320625e-35,-0.250732184338755,0.115,0.285,4.95208485970319e-31
"BRK1",1.40465208836514e-35,-0.267983674130182,0.033,0.157,5.14116710862526e-31
"RPL23A",1.53972910784824e-35,-0.467233616730408,0.09,0.239,5.63556250763534e-31
"WDR17",1.5990886158708e-35,-0.432396455181699,0.205,0.381,5.85282424294871e-31
"FMNL2",1.62015693652847e-35,0.46246645269484,0.765,0.702,5.92993640338787e-31
"WSB2",1.64259768379207e-35,-0.277310479558054,0.058,0.196,6.01207178244734e-31
"SH3D19",1.74285841692062e-35,0.564268173471249,0.547,0.414,6.37903609177116e-31
"FHOD3",1.7971579414995e-35,-0.485475785315451,0.15,0.312,6.57777778168231e-31
"TTYH3",1.91056527150641e-35,-0.371890111461798,0.07,0.211,6.99285995024061e-31
"CTSB",1.96958193899746e-35,-0.490724930373608,0.081,0.229,7.20886685492461e-31
"MDH1",2.00435786053806e-35,-0.299906911276744,0.092,0.245,7.33615020535536e-31
"CTDSPL",2.05452964471004e-35,-0.399091199351599,0.189,0.374,7.51978395260322e-31
"ADCY6",2.15521579910129e-35,-0.258002943010623,0.034,0.157,7.88830534629064e-31
"ATR",2.74162679397789e-35,-0.390715754885826,0.173,0.357,1.00346282286385e-30
"CDK5RAP1",2.76258192733589e-35,-0.260606362921303,0.074,0.22,1.01113261122421e-30
"TMA7",2.78950599977565e-35,-0.335695027225903,0.061,0.2,1.02098709097788e-30
"ARMC2",2.7957198302671e-35,-0.353976856582058,0.133,0.3,1.02326141507606e-30
"FERMT2",3.04524995090569e-35,0.504203134410024,0.283,0.155,1.11459193453099e-30
"GLCE",3.05286481437106e-35,-0.337618117423188,0.078,0.227,1.11737905070795e-30
"PRR12",3.17584899514842e-35,-0.353603537854308,0.047,0.178,1.16239249071427e-30
"ATL2",3.20180207514973e-35,-0.368309237025858,0.147,0.315,1.17189157752555e-30
"PPM1A",3.80230463670764e-35,-0.298450812000323,0.125,0.293,1.39168152008136e-30
"BCAP29",4.06576691381707e-35,-0.281682778144119,0.096,0.251,1.48811134812619e-30
"WIPF2",4.17811503778043e-35,-0.445137819256439,0.193,0.371,1.52923188497802e-30
"LYPLA1",4.47534756800464e-35,-0.284667653955081,0.048,0.178,1.63802196336538e-30
"CEP126",4.72104412844587e-35,-0.347703137769047,0.129,0.295,1.72794936145247e-30
"PCGF6",5.75445594922236e-35,-0.3048278610755,0.07,0.214,2.10618842197488e-30
"RPL27A",5.8588557162209e-35,-0.314397187002332,0.071,0.215,2.14439978069401e-30
"LPAR6",5.95895126035051e-35,-1.2244352659217,0.008,0.108,2.18103575080089e-30
"NDRG2",6.56160248652663e-35,0.250922405894927,0.225,0.101,2.40161212609361e-30
"SNX10",6.6299647075365e-35,-0.327692589227357,0.104,0.261,2.42663338260543e-30
"TBCE",7.74499010362547e-35,-0.281615806557759,0.043,0.17,2.83474382782796e-30
"EPB41",7.85846165846464e-35,-0.545056754068232,0.087,0.232,2.87627555161464e-30
"ACTB",7.96677542550601e-35,0.770792179185556,0.472,0.374,2.91591947348945e-30
"BCAS1",8.13902002282156e-35,0.361028839639306,0.398,0.232,2.97896271855292e-30
"NDUFA4",9.03429085279188e-35,-0.288893141966986,0.061,0.198,3.30664079503036e-30
"INPP4B",9.2302052776563e-35,-0.862774530111431,0.191,0.343,3.37834743367498e-30
"USP31",9.46381447169028e-35,-0.252732702808073,0.087,0.241,3.46385073478336e-30
"NIPSNAP1",9.61432628790843e-35,-0.260855421773845,0.04,0.165,3.51893956463736e-30
"GRID1",9.92734332164545e-35,0.721403403337895,0.639,0.56,3.63350692915545e-30
"SMARCA4",1.06733213658102e-34,-0.287562781199627,0.186,0.37,3.9065423531002e-30
"RPN1",1.06792914581903e-34,-0.319173788511407,0.055,0.189,3.90872746661223e-30
"SMARCD3",1.15470742363178e-34,-0.330119534862677,0.061,0.198,4.22634464123466e-30
"ZDBF2",1.32599042161493e-34,-0.258885393570142,0.075,0.219,4.85325754215279e-30
"RMDN2",1.37153672187614e-34,-0.258526243310154,0.025,0.14,5.01996155573884e-30
"USP4",1.46247417974124e-34,-0.334078206193262,0.136,0.305,5.35280174527092e-30
"GLCCI1",1.72542984126146e-34,-0.334269580824483,0.227,0.423,6.31524576200107e-30
"SRPK1",1.75024054215019e-34,-0.257602246487701,0.107,0.268,6.4060554083239e-30
"CDK10",1.75410534237187e-34,-0.323673754724045,0.043,0.169,6.42020096361527e-30
"UXS1",1.99127829190771e-34,-0.30171731905993,0.057,0.191,7.28827767621142e-30
"MBTD1",2.19335912448326e-34,-0.45185978028485,0.195,0.379,8.02791373152118e-30
"CTNNAL1",2.61080281194792e-34,-0.29654913515852,0.064,0.2,9.5557993720106e-30
"FNBP1L",2.66749193932136e-34,-0.436692414209818,0.117,0.271,9.76328724711011e-30
"LYRM4",2.70706488092519e-34,-0.315539445010894,0.096,0.251,9.90812817067429e-30
"SYNDIG1",2.95183472537665e-34,-0.645567315160682,0.219,0.421,1.08040102783511e-29
"MSI2",2.97486609348228e-34,1.30647601494173,0.506,0.452,1.08883073887545e-29
"XYLB",3.54123894202023e-34,-0.255234713105105,0.053,0.185,1.29612886516882e-29
"PNPLA8",3.87198066737258e-34,0.981080710549753,0.298,0.191,1.41718364406504e-29
"RUNX2",4.29686325769005e-34,-0.63776189099328,0.036,0.154,1.57269492094714e-29
"PDZRN3",4.33102236615772e-34,-0.312561384360429,0.205,0.388,1.58519749623739e-29
"TRAF3IP1",4.33715913131809e-34,-0.293200604774106,0.079,0.225,1.58744361365373e-29
"MARS",4.42155004878866e-34,-0.329682204999656,0.081,0.227,1.61833153335714e-29
"ANAPC16",4.44414547188995e-34,-0.429701984428156,0.158,0.334,1.62660168416644e-29
"PPM1F",4.6616102749837e-34,-0.307122178325148,0.014,0.117,1.70619597674678e-29
"CERS5",4.74025019936184e-34,-0.329967974914513,0.143,0.311,1.73497897546843e-29
"FBXL20",5.20354756779294e-34,-0.432005423132763,0.321,0.494,1.90455044528789e-29
"SPECC1L",5.33182024366304e-34,-0.429985061609291,0.229,0.414,1.95149952738311e-29
"COBLL1",5.42522983871419e-34,-0.526590252742171,0.017,0.122,1.98568837326778e-29
"ATP13A4",5.51441697124195e-34,0.2610237320972,0.268,0.138,2.01833175564427e-29
"CYHR1",5.56723584179667e-34,-0.311534734753143,0.036,0.158,2.037663990456e-29
"FAM222B",5.85421483606864e-34,-0.289950360143103,0.261,0.45,2.14270117214948e-29
"ANKS1A",5.88193635611363e-34,-0.466113662768134,0.2,0.376,2.15284752570115e-29
"HCG17",6.70807412242637e-34,-0.277785091991088,0.184,0.364,2.45522220954928e-29
"UGT8",6.80597760078193e-34,0.331379491636299,0.285,0.146,2.4910558616622e-29
"NDUFS1",7.18047378410872e-34,-0.34861850188341,0.195,0.376,2.62812520972163e-29
"MAP4K5",7.42861385530857e-34,0.585463066722601,0.61,0.527,2.71894695718149e-29
"SMARCB1",7.72450954274855e-34,-0.369208697899213,0.068,0.207,2.8272477377414e-29
"JADE2",8.11422879366333e-34,-0.255553005731738,0.04,0.163,2.96988888076871e-29
"RPGRIP1L",8.18667438499188e-34,-0.273040087730387,0.06,0.195,2.99640469165088e-29
"C18orf25",8.4928958123234e-34,-0.253164995968076,0.096,0.246,3.10848479626849e-29
"FAM151B",9.37611594752085e-34,-0.255859879864555,0.02,0.128,3.43175219795211e-29
"GAB1",9.67004248123793e-34,0.564995209757597,0.537,0.399,3.5393322485579e-29
"ADRA1B",9.68374503161761e-34,-0.279742982911026,0.012,0.112,3.54434751902236e-29
"FAM3C",1.013510858919e-33,-0.325299994152059,0.08,0.223,3.70955109472943e-29
"BEST1",1.11845161224391e-33,0.4036843428728,0.115,0.036,4.09364474597392e-29
"TMEM181",1.16643575618983e-33,-0.33096547193757,0.122,0.283,4.26927151123039e-29
"ANKFY1",1.27837725229385e-33,-0.333657632051202,0.169,0.347,4.67898858112073e-29
"RINT1",1.38108792340387e-33,-0.253193117736722,0.05,0.178,5.05491990845051e-29
"FRMD3",1.44808558066671e-33,-0.323363451369556,0.063,0.197,5.30013803379822e-29
"COMMD6",1.50311685411798e-33,-0.253476552655775,0.02,0.128,5.50155799775723e-29
"RALGPS1",1.65026995093506e-33,-0.380584878991834,0.231,0.424,6.04015304741742e-29
"UTP6",1.68800228342361e-33,-0.266416243127378,0.056,0.189,6.17825715755877e-29
"MARCKSL1",1.89763138999635e-33,0.69939005933578,0.205,0.098,6.94552065052565e-29
"CAMK2N1",2.11906252781006e-33,-0.29043518393502,0.173,0.358,7.7559807580376e-29
"GABPB2",2.7064427828957e-33,-0.274505524095201,0.132,0.301,9.90585122967656e-29
"PCDH15",2.86671970882429e-33,-0.684968994555745,0.121,0.281,1.04924808062678e-28
"BID",2.97315426373803e-33,-0.331565456104814,0.014,0.115,1.08820419207076e-28
"ADCYAP1R1",3.02292650395305e-33,-0.317506501292946,0.038,0.155,1.10642132971185e-28
"ABL2",3.29090656726503e-33,-0.307455436099605,0.203,0.383,1.20450471268467e-28
"TANC2",3.42503854711919e-33,-0.341801014898414,0.371,0.565,1.2535983586311e-28
"HECW2",3.45200448469041e-33,-0.259732744412193,0.314,0.538,1.26346816144154e-28
"LUC7L",3.7232824649163e-33,-0.326674505374424,0.227,0.417,1.36275861498401e-28
"ARRB2",3.94983904045843e-33,-0.257964325869144,0.021,0.13,1.44568058719819e-28
"TMEM63B",3.97029198658598e-33,-0.264859672723097,0.059,0.193,1.45316657001034e-28
"USP43",4.31229729026339e-33,-0.280247417368955,0.037,0.156,1.5783439312093e-28
"PABPN1",4.36466766173526e-33,-0.325621904190958,0.22,0.409,1.59751201087172e-28
"MTRNR2L12",4.82956906348505e-33,0.989926591033125,0.162,0.069,1.76767057292616e-28
"ADAMTS10",5.07658702105564e-33,-0.355864098296358,0.044,0.166,1.85808161557657e-28
"ADCY9",5.51038824157526e-33,-0.35433555718506,0.183,0.354,2.01685720029896e-28
"ATF1",5.74462090747474e-33,-0.296253996613849,0.081,0.226,2.10258869834483e-28
"AP4S1",6.30453191635273e-33,-0.263488031562934,0.136,0.301,2.30752172670426e-28
"CAMSAP1",6.77385837944737e-33,-0.280157825035718,0.098,0.251,2.47929990546153e-28
"HACD3",7.65124655677478e-33,-0.320129292780465,0.155,0.324,2.80043275224514e-28
"NAP1L1",8.40662148401511e-33,-0.321327503228907,0.249,0.43,3.07690752936437e-28
"EPS15",8.53863856921403e-33,0.631216228095727,0.518,0.415,3.12522710271803e-28
"TPST2",8.54196313918649e-33,-0.289568184949508,0.025,0.135,3.12644392857365e-28
"G3BP2",8.56709942986034e-33,-0.309534579909799,0.138,0.301,3.13564406232318e-28
"NCLN",8.58692515051588e-33,-0.25146227102507,0.032,0.147,3.14290047434032e-28
"SNU13",9.00169758495314e-33,-0.32330520272102,0.048,0.173,3.2947113330687e-28
"MRPS21",9.66424833144695e-33,-0.267702000489854,0.056,0.185,3.5372115317929e-28
"PGRMC1",1.00666439380937e-32,-0.253792504567891,0.046,0.17,3.68449234778167e-28
"LARP1",1.03784807025446e-32,-0.40144346927218,0.216,0.394,3.79862772193835e-28
"DMXL2",1.09588440197977e-32,-0.362614610787285,0.205,0.379,4.01104649968615e-28
"ASAP3",1.25945874671998e-32,0.31224977113128,0.168,0.072,4.60974495886981e-28
"BRD1",1.29732327049228e-32,-0.29354836632385,0.067,0.203,4.74833290232879e-28
"CAMSAP2",1.30851467886225e-32,-0.473915671370998,0.321,0.507,4.78929457610371e-28
"KDM3B",1.41415593503645e-32,-0.318174879268595,0.18,0.356,5.1759521378269e-28
"MKNK1",1.6269138393445e-32,-0.662939145191406,0.103,0.248,5.95466734338481e-28
"REEP5",1.77949554998522e-32,-0.275124038693578,0.11,0.264,6.51313166250092e-28
"PTPRE",1.80832643746211e-32,-0.540743897452661,0.22,0.406,6.61865559375508e-28
"MAML3",1.88117425355804e-32,-0.953603420401166,0.099,0.24,6.8852858854478e-28
"GALNT7",1.9928031429722e-32,-0.292836225945604,0.138,0.298,7.29385878359256e-28
"EXOC7",2.28541421587045e-32,-0.269168203675667,0.081,0.223,8.36484457150743e-28
"RUSC2",2.46655820397899e-32,-0.267429478886015,0.133,0.295,9.0278496823835e-28
"DTNA",2.64423194977486e-32,2.39639873474298,0.533,0.518,9.67815335937098e-28
"KLHL23",2.75950168701159e-32,-0.370677882430795,0.141,0.304,1.01000521246311e-27
"RUBCN",2.76124851173385e-32,-0.279305573154372,0.132,0.295,1.01064456777971e-27
"IRS2",2.89948169860964e-32,1.04669573626128,0.304,0.201,1.06123929650811e-27
"GRIA2",2.94430287218189e-32,-0.429700486846831,0.479,0.61,1.07764429424729e-27
"BRPF3",3.0762637564349e-32,-0.25854784906869,0.014,0.112,1.12594329749274e-27
"MZF1",3.28286278843874e-32,-0.307028370895774,0.05,0.174,1.20156060919646e-27
"PRDM2",3.34160124751737e-32,-0.344646186921632,0.203,0.387,1.22305947260383e-27
"RAP2A",3.5035398622894e-32,-0.345681467548671,0.068,0.203,1.28233062499654e-27
"ERBB3",3.8139777676184e-32,0.438516780636452,0.244,0.121,1.39595400272601e-27
"APOD",3.89564127066828e-32,0.637802349368811,0.208,0.098,1.4258436614773e-27
"TUB",4.13785499513214e-32,-0.273032636471174,0.05,0.172,1.51449630676831e-27
"PPP1R2",4.25098974182957e-32,-0.291987255597573,0.055,0.182,1.55590475540704e-27
"PTPN2",4.48319529431144e-32,-0.300683886758505,0.119,0.275,1.64089430967093e-27
"P2RY12",4.87734671736088e-32,-1.3337701321396,0.01,0.103,1.78515767202125e-27
"LRRC8C",4.87788487074602e-32,-0.467769738830063,0.079,0.218,1.78535464154175e-27
"EIF2B3",5.28646621914906e-32,-0.279148221137675,0.125,0.286,1.93489950087075e-27
"HM13",6.24697870273318e-32,-0.350007698108588,0.145,0.309,2.28645667498737e-27
"TRIP4",6.51808436426851e-32,-0.308321637898657,0.106,0.255,2.38568405816592e-27
"SLCO1A2",6.532085891887e-32,0.575337171568608,0.216,0.103,2.39080875728956e-27
"EXD2",6.69922878614187e-32,-0.262077964422873,0.055,0.181,2.45198472801579e-27
"VPS29",6.82757189218152e-32,-0.302896774287157,0.064,0.196,2.49895958825736e-27
"ZFPM2",6.91392854112691e-32,-0.497361837658536,0.244,0.404,2.53056698533786e-27
"PIK3CD",7.50769739602582e-32,-0.535533281414294,0.022,0.126,2.74789232391941e-27
"SYNGAP1",1.02709669479811e-31,-0.281148487526533,0.054,0.18,3.75927661263058e-27
"TMOD2",1.03332948097857e-31,-0.354150842383921,0.164,0.333,3.78208923332965e-27
"RASA2",1.07269099814419e-31,-0.370138441235313,0.227,0.402,3.92615632230756e-27
"ZNF124",1.09139948402728e-31,-0.386609038799555,0.036,0.15,3.99463125148824e-27
"KLC4",1.1273725664055e-31,-0.337065850185948,0.049,0.17,4.12629633030076e-27
"ICA1L",1.13765525475267e-31,-0.415297405982312,0.264,0.425,4.16393199792026e-27
"CLPTM1",1.23670352401278e-31,-0.347675671226311,0.076,0.212,4.52645856823919e-27
"SKI",1.23849742550665e-31,-0.425014648685523,0.124,0.278,4.53302442709691e-27
"RPL3",1.24715071666666e-31,-0.32430580337494,0.083,0.22,4.56469633807166e-27
"NRIP3",1.28777243966658e-31,-0.261328901809737,0.012,0.108,4.71337590642366e-27
"POLR2J3",1.30259368287921e-31,-0.377147064793119,0.238,0.419,4.76762313870618e-27
"BBS7",1.33386234342977e-31,-0.255018647267583,0.08,0.22,4.88206956318729e-27
"GPX4",1.60168624686604e-31,-0.271756118611715,0.061,0.19,5.86233183215438e-27
"MTG2",1.70136280276186e-31,-0.269156379203286,0.062,0.191,6.22715799438868e-27
"STIM1",1.90372966599302e-31,-0.408106233493355,0.136,0.291,6.96784095050105e-27
"PCNX4",1.95700812022425e-31,-0.350409955199161,0.171,0.341,7.16284542083276e-27
"LASP1",2.00004664703819e-31,-0.326056692784393,0.042,0.16,7.32037073282447e-27
"SHC2",2.15464373793581e-31,-0.338551789317269,0.066,0.195,7.88621154521885e-27
"AGAP3",2.2916105177403e-31,-0.265637685947704,0.138,0.304,8.38752365598127e-27
"MGAT4C",2.39676933499361e-31,-0.53670001729729,0.238,0.407,8.77241544301012e-27
"TPK1",2.59491423184203e-31,-0.274057633116707,0.122,0.277,9.49764557996501e-27
"CSRNP3",2.60187054094455e-31,-0.341376473795866,0.277,0.461,9.52310636691116e-27
"OTOGL",2.70887975121318e-31,-0.324472729709979,0.021,0.123,9.91477077741537e-27
"UHRF1BP1",2.72896815637352e-31,-0.365875685069494,0.111,0.259,9.98829634914273e-27
"LTBP1",2.8111466627442e-31,0.566107630533798,0.177,0.08,1.028907790031e-26
"ZNF346",2.90479634564757e-31,-0.256761532523334,0.149,0.313,1.06318451047047e-26
"MTHFD1L",2.94615644246578e-31,-0.619417002500342,0.218,0.388,1.0783227195069e-26
"EEF2K",3.45688449225689e-31,-0.344471735761947,0.078,0.213,1.26525429301094e-26
"DGCR2",3.50828817950402e-31,-0.298468816867813,0.124,0.279,1.28406855658027e-26
"TSPAN15",3.68923356406299e-31,0.544099077994863,0.157,0.065,1.3502963767827e-26
"ATXN2L",3.94246823790083e-31,-0.268337067033951,0.091,0.234,1.44298279975408e-26
"MCU",4.66980702066344e-31,-0.332867762251682,0.13,0.285,1.70919606763303e-26
"MAML1",5.13091506684346e-31,-0.269332373576146,0.102,0.25,1.87796622361538e-26
"HHIP",5.75352408482834e-31,0.675234892884937,0.291,0.169,2.10584735028802e-26
"LUZP2",5.86767091569544e-31,-0.514855788360138,0.118,0.271,2.14762623185369e-26
"PPARG",5.96095938014698e-31,-0.256422244112312,0.018,0.117,2.18177074272759e-26
"ZBTB4",6.78277492031983e-31,-0.295447945560079,0.149,0.311,2.48256344858626e-26
"ACACB",7.0240034842033e-31,0.324268178032602,0.237,0.119,2.57085551525325e-26
"AGO2",7.17737367698465e-31,0.680421750918508,0.393,0.282,2.62699053951315e-26
"MSANTD2",7.2129300548255e-31,-0.257203200255297,0.062,0.19,2.64000452936668e-26
"NCOA5",7.3806896096109e-31,-0.382356452735625,0.049,0.167,2.70140620401369e-26
"WDR12",7.58466836598415e-31,-0.263301567288249,0.063,0.19,2.77606446863386e-26
"NACA",8.00350764880788e-31,-0.308939127949076,0.075,0.209,2.92936383454017e-26
"KLHL8",8.46268110695258e-31,-0.390074158760609,0.072,0.203,3.09742591195571e-26
"ALG8",9.48383572385389e-31,-0.252967260858724,0.041,0.155,3.47117871328776e-26
"RHOB",1.0015419325414e-30,0.584113325853639,0.237,0.131,3.66574362729479e-26
"ATP6V0D1",1.00692262687209e-30,-0.263924140433627,0.048,0.168,3.68543750661453e-26
"KCTD1",1.07592048097762e-30,-0.333437220826786,0.164,0.32,3.93797655242617e-26
"GNAI3",1.15727647330946e-30,-0.290323179201247,0.074,0.207,4.23574761995997e-26
"PTPN18",1.18853604646927e-30,-0.281252902855204,0.028,0.134,4.35016078368217e-26
"LRP4",1.20624479909588e-30,0.320391240455595,0.226,0.107,4.41497658917082e-26
"MCPH1",1.32201800659397e-30,-0.273372715806717,0.154,0.319,4.8387181059346e-26
"ZNF623",1.4162049321581e-30,-0.281828533875448,0.023,0.125,5.18345167219187e-26
"SPOPL",1.43041881291496e-30,-0.392742152841175,0.09,0.229,5.23547589715003e-26
"TPT1",1.47376772871849e-30,-0.417685539026078,0.093,0.232,5.39413726388255e-26
"MZT2B",1.57277535752858e-30,-0.263887366618136,0.041,0.155,5.75651508609034e-26
"TGOLN2",1.57332028446909e-30,-0.296406107154095,0.059,0.184,5.75850957318533e-26
"NRF1",1.5988832704738e-30,-0.456312128286097,0.244,0.418,5.85207265826114e-26
"CEP295",1.73745147803765e-30,-0.25247381367006,0.094,0.235,6.35924615476559e-26
"TUBGCP5",1.78589595259201e-30,-0.322732117983048,0.072,0.202,6.53655777608201e-26
"FAM168B",1.78627736923891e-30,-0.261489250061494,0.117,0.268,6.53795379915133e-26
"ADD3",1.81623697766214e-30,0.52294392754563,0.515,0.411,6.64760896194121e-26
"YWHAZ",1.87410076946289e-30,-0.394463070085483,0.22,0.39,6.85939622631112e-26
"GAREM1",2.11514702666611e-30,0.79667363571884,0.441,0.345,7.74164963230064e-26
"NUP93",2.36602462050121e-30,-0.254789166139332,0.074,0.207,8.65988671349648e-26
"SOS1",2.53402536301947e-30,-0.424342584596346,0.326,0.493,9.27478623118756e-26
"COX10-AS1",2.55602521385953e-30,-0.337367653847198,0.117,0.267,9.35530788524727e-26
"RPS29",2.64930736599603e-30,-0.334414388519482,0.146,0.304,9.69672989028206e-26
"MARCH1",2.85343694877226e-30,0.885533108104458,0.603,0.614,1.04438645762014e-25
"PEX3",3.29490349504552e-30,-0.29684662565718,0.107,0.255,1.20596762822161e-25
"ARPP19",3.48908296895859e-30,-0.338101477407302,0.123,0.271,1.27703925746853e-25
"AGO4",3.5620722148568e-30,-0.253206834934431,0.182,0.355,1.30375405135974e-25
"MAGI1",3.73920245537693e-30,-0.474393213695975,0.47,0.602,1.36858549069251e-25
"RPL27",3.95347297557688e-30,-0.273032780198235,0.036,0.147,1.4470106437909e-25
"HERC6",4.0456935050538e-30,-0.25565789604943,0.025,0.128,1.48076427978474e-25
"CA10",4.14338536504807e-30,-0.521781730167298,0.106,0.25,1.51652047746124e-25
"TMEM241",4.49505184991977e-30,-0.327349769592856,0.122,0.27,1.64523392758914e-25
"PITPNA",4.50275221635947e-30,-0.326292710334882,0.119,0.27,1.64805233870973e-25
"TECPR1",4.88353206844349e-30,-0.280074786239134,0.055,0.177,1.787421572371e-25
"MAGED1",5.01578918817171e-30,-0.340782763358581,0.184,0.349,1.83582900076273e-25
"LRRC7",5.65597439591807e-30,-0.349202261255609,0.468,0.661,2.07014318864997e-25
"SLC30A5",5.67560654532757e-30,-0.251481801324743,0.085,0.22,2.07732875165535e-25
"MTO1",5.74488763485085e-30,-0.264961732516624,0.051,0.171,2.10268632323176e-25
"TTC3",5.89242865097133e-30,-0.354304301454567,0.428,0.576,2.15668781054202e-25
"PGPEP1",6.07196377931738e-30,-0.305998429074053,0.04,0.151,2.22239946286796e-25
"AP2A2",6.4464384905093e-30,-0.252153759754416,0.169,0.334,2.35946095191131e-25
"HSPA8",6.82495819133216e-30,-0.269249582608857,0.041,0.153,2.49800294760948e-25
"KCNMA1",7.13524237822372e-30,-0.296076536388207,0.39,0.559,2.61157006285366e-25
"PANK2",7.16342533867466e-30,-0.335758197927399,0.095,0.234,2.62188530820831e-25
"PKNOX2",7.6018744945897e-30,-0.36464355306057,0.201,0.362,2.78236208376478e-25
"MTSS1",7.80235155044119e-30,-0.424967432298258,0.248,0.433,2.85573869097698e-25
"TSC22D4",8.17211715103554e-30,0.378471823720504,0.198,0.093,2.99107659845052e-25
"FBXO42",8.19481256193452e-30,-0.359472937912743,0.244,0.418,2.99938334579365e-25
"CIAO1",8.42452636441711e-30,-0.307595614275724,0.076,0.207,3.08346089464031e-25
"SNTB1",8.44431626102837e-30,0.314412241903773,0.102,0.032,3.090704194699e-25
"SNX3",9.36990742813168e-30,-0.255315848289706,0.1,0.242,3.42947981777048e-25
"PALD1",9.82968584589538e-30,-1.12214760627632,0.022,0.118,3.59776331645617e-25
"ZNF483",9.97261093219302e-30,-0.254870772469455,0.237,0.415,3.65007532729197e-25
"STK4",1.0731725352603e-29,-0.410514271446911,0.109,0.252,3.92791879630623e-25
"TRPS1",1.08214632832614e-29,0.768167755276005,0.432,0.33,3.96076377630651e-25
"RPL10",1.16410813343784e-29,-0.287628846713417,0.137,0.289,4.26075217919585e-25
"CMTM8",1.16629095703548e-29,-0.318576971488874,0.016,0.11,4.26874153184556e-25
"ANKRD13D",1.16636869077152e-29,-0.257735434854449,0.046,0.162,4.26902604509285e-25
"HRH1",1.20586026591264e-29,-0.32745761491415,0.054,0.171,4.41356915926687e-25
"DDX19B",1.20997132791355e-29,-0.274696527609973,0.046,0.161,4.4286160572964e-25
"RPS19",1.27891212937051e-29,-0.267342868874121,0.106,0.251,4.68094628470899e-25
"ZBTB16",1.29898392123821e-29,0.871044975441505,0.49,0.392,4.75441105012397e-25
"SIRPA",1.29942351307083e-29,-0.358594980538022,0.155,0.315,4.75602000019055e-25
"PATJ",1.42066853454679e-29,-0.336353455694535,0.179,0.341,5.19978890329471e-25
"TSNARE1",1.50869475015726e-29,-0.268383942872208,0.059,0.182,5.52197365505058e-25
"IFNGR2",1.51271619997518e-29,-0.417217373410001,0.085,0.218,5.53669256352915e-25
"DPYSL2",1.55868005740663e-29,0.606745696944041,0.589,0.558,5.70492487811401e-25
"SRSF7",1.77539921881756e-29,-0.270013624979229,0.07,0.198,6.49813868079415e-25
"RNF149",1.7983337610659e-29,-0.318328263871636,0.22,0.397,6.58208139887729e-25
"GAD1",1.94692936621162e-29,-0.431075146428348,0.072,0.193,7.12595617327114e-25
"VWA1",1.97826247381906e-29,0.333997080736772,0.116,0.041,7.24063848042513e-25
"PRNP",1.98243441355168e-29,-0.302067072437843,0.206,0.375,7.25590819704051e-25
"TARBP1",2.07781200217316e-29,-0.328406915107134,0.243,0.406,7.604999709154e-25
"PTPRZ1",2.11270211699024e-29,1.1220827437619,0.379,0.274,7.73270101839597e-25
"DOCK11",2.66840796689868e-29,-0.574885501716598,0.05,0.162,9.76663999964585e-25
"SPIN1",3.25047638089607e-29,-0.357102154048627,0.298,0.47,1.18970686017177e-24
"DKK3",3.40182807458501e-29,-0.306596231585036,0.136,0.286,1.24510309357886e-24
"SMIM7",3.93960095226433e-29,-0.256814611285647,0.084,0.217,1.44193334453827e-24
"DNAJC5",4.2891990854936e-29,-0.352594850480522,0.145,0.3,1.56988975728151e-24
"TFEB",4.34128787808375e-29,0.420841961784195,0.189,0.088,1.58895477625743e-24
"DDX17",4.41248929307852e-29,0.497254118262258,0.706,0.654,1.61501520615967e-24
"NR2F1",4.58499052110942e-29,-0.251038762150958,0.066,0.189,1.67815238063126e-24
"RBPJ",4.99342622632445e-29,0.655412284896255,0.533,0.441,1.82764393309701e-24
"GPRIN3",5.06873948113114e-29,-0.337963909300606,0.016,0.108,1.85520933748881e-24
"PPP2R2A",5.27291155854914e-29,0.663369258130828,0.482,0.385,1.92993835954457e-24
"USP8",5.43032933036847e-29,-0.326658999059365,0.155,0.312,1.98755483820816e-24
"TFCP2",5.72807419499239e-29,-0.30712975221449,0.278,0.465,2.09653243610917e-24
"PDXDC1",5.85426573949384e-29,-0.256502612555932,0.174,0.337,2.14271980331214e-24
"SOX8",6.15180479722242e-29,0.59845900840618,0.156,0.067,2.25162207383138e-24
"GOLGA3",6.68555339699865e-29,-0.326747247887452,0.073,0.2,2.44697939883547e-24
"CMPK1",6.83546398404387e-29,-0.26152340281205,0.055,0.173,2.5018481727999e-24
"ANKRD46",6.8641099734372e-29,-0.285528175667786,0.072,0.199,2.51233289137775e-24
"CADPS2",6.98133690461961e-29,-0.721978529204217,0.126,0.252,2.55523912045982e-24
"OSBPL6",6.9973244133222e-29,-0.323168222654687,0.275,0.451,2.56109070852006e-24
"SRGAP2C",7.83498110025486e-29,-0.512289032924239,0.109,0.252,2.86768143250428e-24
"SNTB2",7.88319259977541e-29,-0.351566590609571,0.124,0.265,2.8853273234438e-24
"FNDC3B",7.9627854021646e-29,0.799846698844153,0.341,0.243,2.91445908504627e-24
"CARS2",8.01347676172307e-29,-0.283859352597692,0.091,0.227,2.93301262955826e-24
"ROCK2",8.33006196670921e-29,-0.392021204765709,0.287,0.45,3.04888598043524e-24
"STAU2",8.53145597076359e-29,-0.413649487798856,0.347,0.505,3.12259819985918e-24
"RPL37A",1.067290719013e-28,-0.443697654427034,0.244,0.404,3.90639076065947e-24
"EFNA5",1.09762735835192e-28,-0.433481860912589,0.228,0.39,4.01742589430387e-24
"HEATR5B",1.10168265135958e-28,-0.43626245623764,0.159,0.315,4.03226867224119e-24
"ZNF721",1.12475730116607e-28,-0.340871327145243,0.307,0.48,4.11672419799794e-24
"SNRK",1.16543817687101e-28,-0.362257302823368,0.091,0.224,4.2656202711656e-24
"SMIM8",1.31719857720739e-28,-0.269875707056244,0.066,0.188,4.82107851243676e-24
"CELF1",1.32874748252713e-28,-0.368268807778732,0.337,0.506,4.86334866079754e-24
"GNPTAB",1.36022689267572e-28,-0.321481303031995,0.167,0.325,4.97856644988241e-24
"MBOAT2",1.43947274221746e-28,0.770459596603739,0.445,0.347,5.26861418379013e-24
"FOXN3",1.50487443540239e-28,-0.917896104278121,0.389,0.55,5.50799092101627e-24
"MAP2K1",1.56042116663889e-28,-0.375379259155778,0.144,0.296,5.71129751201499e-24
"SOCS6",1.65411288944063e-28,-0.58825783519217,0.035,0.138,6.05421858664164e-24
"TAF12",1.65883005289265e-28,-0.2591363485115,0.027,0.126,6.07148387659239e-24
"PSMD4",1.74868576815944e-28,-0.2520914108691,0.06,0.18,6.40036478004038e-24
"COX16",1.8924524475264e-28,-0.264217316832642,0.036,0.141,6.92656520319139e-24
"CBX1",2.04514833337909e-28,-0.264020388593132,0.053,0.169,7.48544741500079e-24
"REEP3",2.05333985667852e-28,0.665978423974736,0.344,0.232,7.51542920942905e-24
"RAC1",2.09149475282132e-28,-0.364068939000456,0.111,0.251,7.65507994480132e-24
"DICER1",2.1795145703516e-28,0.629833097286508,0.487,0.394,7.97724127894387e-24
"PARD3",2.38009634762962e-28,0.736609287917446,0.365,0.258,8.71139064195917e-24
"EPB41L2",2.55648522181397e-28,-0.818754975241793,0.374,0.527,9.35699156036131e-24
"ZNF559",2.6993215119964e-28,-0.294884642986805,0.09,0.223,9.87978666605804e-24
"DPY19L3",3.20510868178881e-28,0.543491582856306,0.318,0.21,1.17310182862152e-23
"AZIN2",3.27017076087531e-28,-0.340888020088234,0.065,0.187,1.19691520018797e-23
"WHRN",4.00879207182688e-28,0.462653339721356,0.164,0.074,1.46725798620936e-23
"EML1",4.85928537466564e-28,-0.268805780030781,0.083,0.213,1.77854703998137e-23
"DDX10",4.87362085862491e-28,-0.272796610465212,0.141,0.293,1.7837939704653e-23
"TIAM1",5.01783227988341e-28,-0.401868005767936,0.325,0.505,1.83657679276013e-23
"HECTD2",6.97262033826415e-28,-0.25973924517383,0.139,0.288,2.55204877000806e-23
"CNST",7.20171843477188e-28,-0.266492645621825,0.105,0.242,2.63590096431086e-23
"RIT2",7.20893980359198e-28,-0.303845932549112,0.057,0.173,2.6385440575127e-23
"TTC8",7.21717051129002e-28,-0.292655717752935,0.1,0.232,2.64155657883726e-23
"FAM149A",7.28741480268553e-28,-0.631338139495147,0.017,0.106,2.66726669193093e-23
"MIA3",7.67573186733745e-28,-0.299727446287646,0.087,0.216,2.80939462076418e-23
"FREM1",7.99303226196045e-28,-0.254287835239314,0.016,0.105,2.92552973820014e-23
"SNX8",9.04770235484086e-28,-0.250833430777965,0.048,0.159,3.3115495388953e-23
"FLOT1",9.71160425763273e-28,-0.315502187630922,0.094,0.226,3.55454427433616e-23
"ITGB8",9.9948021578983e-28,0.465099773131692,0.265,0.15,3.65819753781236e-23
"SLC35F4",1.01437244055675e-27,-0.353483011080517,0.014,0.101,3.71270456968177e-23
"EDIL3",1.04048879303933e-27,0.917186670323245,0.558,0.533,3.80829303140324e-23
"KCMF1",1.07245565172209e-27,-0.366183671844365,0.14,0.288,3.92529493086802e-23
"TNS1",1.1006191486322e-27,0.379053000533111,0.136,0.054,4.0283761459087e-23
"SGK2",1.12581038877764e-27,0.452578687030136,0.109,0.038,4.12057860396505e-23
"JPX",1.18153145276442e-27,0.703389593532797,0.525,0.465,4.32452327026304e-23
"PDPR",1.23649861576448e-27,-0.272188885611964,0.092,0.224,4.52570858355956e-23
"ARHGEF11",1.24389333294951e-27,-0.319332493633734,0.175,0.335,4.55277398792851e-23
"NDUFB2",1.56606567761292e-27,-0.257768724800539,0.043,0.151,5.73195698663104e-23
"ABLIM3",1.68313464288806e-27,-0.268230553994066,0.07,0.193,6.1604411064346e-23
"RPS6",1.76841248711221e-27,-0.291534311231824,0.079,0.207,6.47256654407941e-23
"OTUD7A",1.80754232247457e-27,0.856460272258889,0.601,0.533,6.61578565448918e-23
"UBE2L3",1.82258265666523e-27,-0.253695480996065,0.099,0.235,6.6708347816604e-23
"RRBP1",1.87526547182747e-27,0.506246166746434,0.16,0.071,6.86365915343574e-23
"DOCK2",2.17949070391572e-27,-0.902157930388185,0.017,0.104,7.97715392540193e-23
"RASSF3",2.20628516996921e-27,-0.345595957741288,0.018,0.108,8.0752243506043e-23
"GGA3",2.26872796007193e-27,-0.256176921421233,0.037,0.14,8.30377120665927e-23
"TAMM41",2.27851800725511e-27,-0.283224940977302,0.128,0.275,8.33960375835443e-23
"TBC1D1",2.29373648238578e-27,-0.498454706916943,0.128,0.265,8.39530489918019e-23
"ARHGEF28",2.78540092193247e-27,-0.260156555036349,0.036,0.138,1.0194845914365e-22
"SPOCK2",2.91866441891347e-27,-0.272980082467396,0.081,0.206,1.06826036396652e-22
"LAMP2",2.92005095786481e-27,0.584350725206968,0.343,0.225,1.0687678510881e-22
"LINC00937",2.99707829310135e-27,-0.326376151438605,0.038,0.14,1.09696062605803e-22
"RAD18",3.07892902963278e-27,-0.274693952862757,0.057,0.172,1.12691881413589e-22
"ARHGEF3",3.21013986279418e-27,0.945178125004981,0.399,0.332,1.1749432911813e-22
"ADGRV1",3.42753725936647e-27,1.41879297666092,0.287,0.19,1.25451291230072e-22
"HERC4",4.11856578124984e-27,-0.37389893649058,0.364,0.53,1.50743626159526e-22
"USP15",4.1198590123659e-27,-0.361996569697883,0.228,0.397,1.50790959711604e-22
"CCNH",4.16298007629264e-27,0.605239113791776,0.563,0.483,1.52369233772387e-22
"RBM23",4.41668536786001e-27,-0.284163834637999,0.054,0.166,1.61655101149044e-22
"ANKRD28",4.51868905189978e-27,0.694001300582121,0.519,0.453,1.65388537988584e-22
"MVP",5.14344475659415e-27,0.295625845825156,0.164,0.075,1.88255221536102e-22
"RNF180",5.65551851451171e-27,-0.260261356810222,0.159,0.311,2.06997633149643e-22
"RYK",5.78136321602665e-27,-0.268258875997441,0.157,0.311,2.11603675069791e-22
"NEO1",5.86238329156512e-27,0.547287854670699,0.517,0.439,2.14569090854575e-22
"NCOA3",6.00071275258347e-27,-0.427351591392895,0.163,0.312,2.19632087457307e-22
"GPATCH8",6.18722328738337e-27,-0.325407739235666,0.449,0.584,2.26458559541519e-22
"LMNA",6.7248112937159e-27,0.554598724823158,0.208,0.112,2.46134818161295e-22
"ARNT2",8.12202663554809e-27,-0.435080658953244,0.321,0.476,2.97274296887696e-22
"RFTN2",8.20095687839656e-27,0.269171624673588,0.32,0.182,3.00163222706193e-22
"RIC3",8.35022977221655e-27,-0.258458503318869,0.144,0.288,3.05626759892898e-22
"FBXO28",9.36675682402938e-27,-0.263708681856819,0.15,0.302,3.42832666516299e-22
"ABCA1",1.06615670524677e-26,0.413066497396469,0.223,0.118,3.9022401568737e-22
"DAG1",1.10414359230195e-26,-0.271536254580594,0.071,0.189,4.04127596218437e-22
"NEDD4L",1.25633486905035e-26,-0.260311132378708,0.257,0.422,4.5983112542112e-22
"LINC00877",1.28591761867413e-26,0.576964507108154,0.12,0.047,4.70658707610919e-22
"RNASEK",1.52962486071338e-26,-0.286166578677745,0.054,0.164,5.59857995269703e-22
"UQCR11",1.65267993680947e-26,-0.255422580065697,0.033,0.13,6.04897383671636e-22
"TCF12",1.76052172612505e-26,0.349381340620024,0.737,0.66,6.44368556979028e-22
"FAM118B",1.88017447660705e-26,-0.271148999796943,0.033,0.13,6.88162660182947e-22
"CUL2",1.94497744244211e-26,-0.284204375526153,0.085,0.212,7.11881193708238e-22
"TENM4",2.07433524787757e-26,-0.422099899362849,0.272,0.435,7.59227444075671e-22
"INPP5B",2.29943367414812e-26,-0.302580459975438,0.159,0.309,8.41615719074955e-22
"RBFOX2",2.30578655724223e-26,-0.438608668866433,0.393,0.525,8.43940937816228e-22
"EIF3L",2.53835935368313e-26,-0.267106368991461,0.059,0.171,9.29064907041564e-22
"TRIM44",2.57627485919519e-26,-0.315258424797825,0.258,0.427,9.42942361214031e-22
"PRUNE2",2.76493055556542e-26,0.887493759342104,0.505,0.435,1.0119922326425e-21
"LINC01278",2.89459763272368e-26,-0.367785803164434,0.295,0.452,1.05945167955319e-21
"AKAP6",2.96288244270119e-26,0.740755616215286,0.688,0.65,1.08444460285306e-21
"IPO9",3.04248031339464e-26,-0.345707462842587,0.16,0.31,1.11357821950557e-21
"DCAF10",3.09226080817044e-26,-0.328964640198271,0.207,0.365,1.13179837839846e-21
"COL25A1",3.1668582766284e-26,-0.340691748431415,0.029,0.123,1.15910179782876e-21
"RNF145",3.28527552856863e-26,-0.30698666084956,0.151,0.298,1.20244369621141e-21
"NCAM1",3.40403746264316e-26,0.460987024585912,0.738,0.69,1.24591175170202e-21
"BTBD11",3.52654623840805e-26,-0.526350889203487,0.037,0.133,1.29075118871973e-21
"ARHGAP32",3.83798605736612e-26,-0.463620170889505,0.366,0.51,1.40474127685657e-21
"MAGI2",4.00564662276125e-26,0.328378896672771,0.87,0.79,1.46610672039685e-21
"ETV5",4.19552882179111e-26,-0.543418016811197,0.091,0.211,1.53560550406377e-21
"CEP68",4.31421705155265e-26,-0.294640158748774,0.094,0.22,1.57904658303878e-21
"ABCC1",5.19322090588807e-26,-0.294802157252675,0.094,0.219,1.90077078376409e-21
"PILRA",5.56255060608125e-26,-0.378258683201715,0.063,0.174,2.0359491473318e-21
"SSBP3",5.6935347747167e-26,-0.326546587553313,0.184,0.338,2.08389066289406e-21
"ZFP90",5.78067809267311e-26,-0.254968519543926,0.118,0.255,2.11578598869928e-21
"TTLL7",6.23533579029361e-26,0.908399175373578,0.576,0.573,2.28219525260536e-21
"OMG",7.07218610275772e-26,-0.322398718475984,0.059,0.17,2.58849083547035e-21
"GALNT1",7.10742066879567e-26,-0.368119936201517,0.135,0.276,2.6013870389859e-21
"SEL1L3",7.17464112680267e-26,-0.429748570501518,0.086,0.203,2.62599039882105e-21
"TNPO1",7.75662401811475e-26,-0.274780194682507,0.235,0.396,2.83900195687018e-21
"XRRA1",8.43615662711802e-26,-0.286975622027537,0.145,0.29,3.08771768709147e-21
"TBK1",8.72555228125962e-26,-0.282442328912676,0.119,0.254,3.19363939046383e-21
"ERCC3",9.49737170356484e-26,-0.332462092261723,0.079,0.2,3.47613301722177e-21
"FAM219A",9.84898629603486e-26,-0.306974195205639,0.119,0.256,3.60482747421172e-21
"EEFSEC",1.00961339434273e-25,-0.273282213969187,0.074,0.193,3.69528598463381e-21
"CALN1",1.01671832705157e-25,-0.324187761614928,0.165,0.307,3.72129074884144e-21
"TRIM14",1.03081459925396e-25,-0.281982290451285,0.024,0.113,3.77288451472942e-21
"CADM1",1.06314339797058e-25,0.696732763133832,0.608,0.584,3.89121115091214e-21
"IL1RAPL1",1.07455786898113e-25,0.760684936958536,0.687,0.77,3.93298925625784e-21
"KIF6",1.23511215284229e-25,0.751028613208649,0.243,0.144,4.52063399061807e-21
"ABHD12",1.24605074632586e-25,-0.271765923571181,0.156,0.307,4.56067033662727e-21
"TMEM196",1.27779088514406e-25,-0.255454329277126,0.027,0.118,4.67684241871577e-21
"ABCA8",1.28990295792528e-25,0.436304309972207,0.222,0.116,4.72117381630233e-21
"OLA1",1.41481469384556e-25,-0.320771559580242,0.235,0.396,5.17836326094415e-21
"GNA12",1.46900539441733e-25,0.784743464118463,0.349,0.262,5.37670664410686e-21
"PER1",1.63890911112503e-25,0.592173558278996,0.231,0.138,5.99857123762872e-21
"NEK7",1.76559792767586e-25,0.367549082493777,0.323,0.207,6.4622649750864e-21
"FBXO10",1.86266552159489e-25,-0.275590705938653,0.08,0.2,6.81754207558945e-21
"PPIP5K2",1.97109021553175e-25,-0.27868902772738,0.185,0.339,7.21438729786776e-21
"FGFR1",2.14697802471604e-25,0.544022079321222,0.287,0.18,7.85815426826319e-21
"BTBD9",2.21100503992526e-25,-0.362694998397553,0.393,0.55,8.09249954663043e-21
"FAM227B",2.23599381115191e-25,0.459357122937365,0.15,0.069,8.18396094819712e-21
"GSR",2.41059669110637e-25,-0.253835963207863,0.087,0.21,8.82302494911841e-21
"ZNF335",2.42057106245646e-25,-0.280180724485572,0.038,0.136,8.85953214569687e-21
"UBE2W",2.47495003281382e-25,-0.372383064584796,0.206,0.366,9.05856461510185e-21
"ARPC3",2.59855832981729e-25,-0.288871963252191,0.087,0.209,9.51098334296424e-21
"BMT2",2.8459800376982e-25,-0.266972149442131,0.122,0.257,1.04165715359792e-20
"LINC00486",3.67706400830754e-25,0.66183864406698,0.473,0.402,1.34584219768064e-20
"CS",3.75301095292973e-25,-0.27062009316656,0.063,0.172,1.37363953888181e-20
"WSB1",3.82501905303835e-25,0.473304100819133,0.65,0.623,1.39999522360257e-20
"APOLD1",3.88079062660207e-25,0.436584369907552,0.157,0.072,1.42040817724263e-20
"PCGF5",4.17847230860515e-25,0.714075166756401,0.447,0.371,1.52936264967257e-20
"NFE2L2",4.28061025790399e-25,0.447179939909459,0.324,0.213,1.56674616049544e-20
"KPNA5",4.29670366776254e-25,-0.276462307034345,0.138,0.278,1.57263650943777e-20
"MIOS",4.4430821922332e-25,-0.26013276138135,0.051,0.155,1.62621251317927e-20
"MAPK14",4.50124615258282e-25,-0.30105807358031,0.183,0.338,1.64750110430684e-20
"BMPER",4.57897904388979e-25,-0.413248082994042,0.158,0.291,1.6759521198541e-20
"CPSF7",4.69878926305972e-25,-0.262507058178998,0.093,0.216,1.71980385817249e-20
"ZNF562",4.96573993846261e-25,-0.306154495126237,0.1,0.226,1.8175104748767e-20
"PPP2R3A",5.78058292357588e-25,0.678050716323019,0.352,0.253,2.11575115585801e-20
"DNAJC16",6.16650875109084e-25,-0.277648858142398,0.096,0.221,2.25700386798676e-20
"TIGAR",6.54213838072083e-25,-0.250553606183383,0.045,0.146,2.39448806872763e-20
"ERGIC1",6.56826262558274e-25,-0.260282435266255,0.132,0.269,2.40404980358954e-20
"NPRL3",7.45797005241821e-25,-0.299154704884987,0.137,0.276,2.72969161888559e-20
"CUX1",7.55297519916792e-25,-0.375333612147249,0.366,0.521,2.76446445264745e-20
"PSMA1",7.83070716374192e-25,-0.497449567781535,0.116,0.244,2.86611712900118e-20
"LCOR",8.11568482484611e-25,-0.331347208956394,0.328,0.501,2.97042180274192e-20
"GOLGA4",8.14230064043426e-25,0.68169778710772,0.605,0.545,2.98016345740534e-20
"LIN52",8.38429809496819e-25,-0.265743797467356,0.169,0.318,3.06873694573931e-20
"GABBR1",9.28106777510316e-25,-0.330507633270947,0.156,0.296,3.39696361636551e-20
"ZSWIM8",9.39920827175289e-25,-0.274199864980519,0.091,0.212,3.44020421954428e-20
"C2CD3",9.61210832035216e-25,-0.262427285351696,0.106,0.236,3.51812776633209e-20
"CNTRL",1.33026300188837e-24,-0.37110771204321,0.119,0.25,4.86889561321162e-20
"NKX6-2",1.34803709169392e-24,0.395931096681682,0.128,0.052,4.93395055930891e-20
"PABPC1",1.35750591496237e-24,-0.337749046976999,0.144,0.282,4.96860739935376e-20
"APBB2",1.38264227545187e-24,0.797142922129831,0.58,0.567,5.06060899238139e-20
"AP1B1",1.52391977774639e-24,-0.525959680321421,0.075,0.186,5.57769877852958e-20
"TIMP2",1.52751148757643e-24,-0.292828832299274,0.142,0.28,5.59084479567851e-20
"AGAP1",1.53581775892636e-24,0.426689372700107,0.756,0.708,5.62124657944637e-20
"TNRC6A",1.53774131738545e-24,-0.433232802689419,0.598,0.676,5.62828699576248e-20
"ZNF621",1.54045422890204e-24,0.431482859520211,0.198,0.105,5.63821652320435e-20
"FRMD6",1.59671096711622e-24,-0.284921878046028,0.05,0.15,5.84412181074209e-20
"ARSB",1.62696563585582e-24,-0.35225353449236,0.1,0.222,5.9548569237959e-20
"ZFPM2-AS1",1.63504395950322e-24,-0.632814121759482,0.031,0.119,5.98442439617774e-20
"ABI2",1.72306181981552e-24,-0.3185533007618,0.315,0.469,6.30657856670679e-20
"PTPN4",1.86243994085248e-24,-0.37397890338295,0.296,0.456,6.81671642751416e-20
"MNAT1",1.96838104658081e-24,-0.360937821988313,0.365,0.504,7.20447146859041e-20
"KALRN",2.18148150632066e-24,-0.565955306174097,0.386,0.502,7.98444046128426e-20
"PDE6D",2.23398160027154e-24,-0.40740431186821,0.053,0.155,8.17659605515387e-20
"SHISA6",2.32852336424252e-24,-0.562963532670618,0.076,0.184,8.52262836546405e-20
"ADAMTSL1",2.35240872174259e-24,-0.426583733927333,0.019,0.1,8.61005116245005e-20
"UBE2K",2.41884410261405e-24,-0.340867737737814,0.363,0.525,8.85321129997769e-20
"CNOT6",2.47170529314444e-24,-0.268949860799626,0.087,0.207,9.04668854343797e-20
"SLC1A2",2.79815446164269e-24,1.40304947860332,0.384,0.315,1.02415251450584e-19
"PMS1",3.06071706086445e-24,-0.313089743514602,0.148,0.287,1.120253051447e-19
"ARHGAP6",3.07893458658384e-24,-0.5377005829371,0.034,0.124,1.12692084803555e-19
"ANKH",3.37962722731568e-24,-0.307407240484292,0.276,0.45,1.23697736146981e-19
"FNIP1",4.05533854720901e-24,0.552127992869691,0.582,0.523,1.48429446166397e-19
"USP3",4.0578916555519e-24,0.261777178565844,0.253,0.146,1.48522892484855e-19
"WDR70",4.05983317710321e-24,-0.354929653844618,0.352,0.512,1.48593954115155e-19
"RTN4",4.55506287296061e-24,0.391435375839375,0.677,0.612,1.66719856213231e-19
"YLPM1",5.09079928538841e-24,-0.33972039032076,0.239,0.399,1.86328344644501e-19
"EPC2",5.16422830307612e-24,-0.388504541970458,0.214,0.366,1.89015920120889e-19
"AMER2",5.74697452074165e-24,0.715267098822366,0.286,0.186,2.10345014433665e-19
"PRIM2",5.8259042412486e-24,-0.270759233182114,0.076,0.188,2.1323392113394e-19
"PPHLN1",5.93467270588654e-24,-0.254616814462738,0.223,0.378,2.17214955708153e-19
"TNIK",6.30153034182988e-24,1.16764044497868,0.537,0.522,2.30642312041315e-19
"DPP8",6.33481158575581e-24,-0.296506661489266,0.181,0.326,2.31860438850248e-19
"RC3H2",6.93683751480524e-24,-0.288781209925698,0.135,0.27,2.53895189879387e-19
"TMED10",7.68440318191496e-24,0.776341078836973,0.281,0.188,2.8125684086127e-19
"NLGN3",8.29853811536586e-24,-0.310409371822264,0.08,0.195,3.03734793560506e-19
"RPS6KA3",8.46071819724316e-24,-0.333883802955154,0.205,0.358,3.09670746737297e-19
"MEIKIN",8.60415234498283e-24,-0.447473836380884,0.048,0.145,3.14920579978717e-19
"MIA2",8.68203992651603e-24,-0.339934334625834,0.139,0.272,3.17771343350413e-19
"ERCC6",9.08227463248899e-24,-0.280994449225334,0.06,0.164,3.3242033382373e-19
"ADK",9.1927652672518e-24,-0.424017054888087,0.392,0.527,3.36464401546683e-19
"RSRP1",9.72853708794381e-24,-0.269794321214124,0.273,0.433,3.56074185955831e-19
"USP42",9.79602228462768e-24,-0.278295481909523,0.108,0.232,3.58544211639658e-19
"FRYL",1.17526425600946e-23,0.414518322331423,0.614,0.54,4.30158470342023e-19
"COMMD1",1.66685001568941e-23,-0.323065764990349,0.277,0.443,6.10083774242483e-19
"CCND3",1.68125158477897e-23,-0.44936443179065,0.1,0.215,6.15354892544952e-19
"FRMD5",1.80241603514537e-23,0.493486081865563,0.719,0.678,6.59702293023558e-19
"NTNG1",2.18187991630371e-23,1.08694687660656,0.282,0.183,7.98589868166322e-19
"ASXL2",2.22948002544292e-23,-0.32945741124919,0.154,0.293,8.16011984112364e-19
"RASGRF2",2.45664719157745e-23,-0.291792825026937,0.218,0.372,8.99157438589263e-19
"MKLN1",2.96979488287672e-23,0.517625922194771,0.62,0.621,1.08697462508171e-18
"SDC2",3.13820044401775e-23,0.2912956692608,0.124,0.053,1.14861274451494e-18
"PDS5B",3.15301684827834e-23,-0.307515852063849,0.297,0.46,1.15403569663836e-18
"PTK2B",3.18655318394689e-23,-0.290085446491509,0.076,0.186,1.1663103308564e-18
"CDC42SE2",3.47635715849902e-23,-0.282354047341642,0.261,0.425,1.27238148358223e-18
"CACNG4",3.60811945743089e-23,-0.407032721723729,0.049,0.144,1.32060780261428e-18
"NR1D2",3.61312507884403e-23,-0.281803225835415,0.159,0.298,1.3224399101077e-18
"SLC25A48",3.8611344492259e-23,0.42954819283176,0.122,0.052,1.41321381976117e-18
"RAF1",4.06109330235546e-23,-0.319978269038479,0.21,0.361,1.48640075959512e-18
"TMEM232",4.38897774091079e-23,-0.282521844621533,0.23,0.374,1.60640974295076e-18
"DNHD1",4.4213525764192e-23,0.492893706360774,0.257,0.163,1.61825925649519e-18
"MLLT6",4.86743080045955e-23,-0.291916143810686,0.101,0.22,1.7815283472762e-18
"EWSR1",5.85170044115499e-23,-0.324729341571938,0.157,0.296,2.14178087846714e-18
"MIR3681HG",6.05937504095493e-23,-0.524493682819571,0.021,0.1,2.21779185873992e-18
"OLFM2",6.1859294853501e-23,-0.565383868973088,0.174,0.305,2.26411205093299e-18
"PTP4A2",6.49403702845724e-23,0.620310697858463,0.293,0.199,2.37688249278563e-18
"JAZF1",6.53432967577403e-23,-0.283492558204156,0.364,0.53,2.39163000463005e-18
"RPL28",6.5494060994521e-23,-0.3447465502073,0.188,0.334,2.39714812646046e-18
"PDZD2",6.65221920149148e-23,-0.265341969631786,0.266,0.414,2.4347787499379e-18
"PLXDC1",6.83683652653082e-23,-0.273234038754262,0.031,0.118,2.50235053707555e-18
"VASH1",7.40043900539651e-23,-0.368624772843274,0.029,0.114,2.70863468036518e-18
"ITGA9",7.45558682983592e-23,-0.356745025971113,0.094,0.208,2.72881933558824e-18
"RGS12",7.64701524472449e-23,-0.699431061037997,0.158,0.276,2.79888404972161e-18
"AFDN",7.66603686028264e-23,0.712987615717365,0.441,0.363,2.80584615123205e-18
"ANXA11",7.71162746696551e-23,-0.260586004152415,0.048,0.144,2.82253276918405e-18
"PITPNM2",7.94488563555436e-23,-0.304419333674827,0.168,0.304,2.90790759146925e-18
"CCDC18-AS1",8.76137672279503e-23,0.433002304337052,0.442,0.348,3.20675149431021e-18
"ARHGAP42",9.30853193829184e-23,0.483058567469362,0.22,0.122,3.40701577473419e-18
"PFKP",9.32310372557855e-23,1.05166571240134,0.272,0.191,3.41234919459901e-18
"OPA3",9.70051202676973e-23,-0.25188767579073,0.031,0.116,3.55048440691799e-18
"PRR5L",1.15995710394045e-22,0.348210375757209,0.164,0.079,4.24555899613244e-18
"ZDHHC9",1.17967009823462e-22,0.487511347357336,0.232,0.139,4.31771052654852e-18
"RFX7",1.21332578977061e-22,-0.339241857873447,0.266,0.423,4.44089372313939e-18
"SOD2",1.35780426921602e-22,1.12485288043744,0.284,0.203,4.96969940575754e-18
"ENO1",1.36245289466267e-22,0.523768188073839,0.253,0.165,4.98671383975482e-18
"CSPP1",1.56260733991401e-22,-0.251114991709351,0.233,0.385,5.71929912481927e-18
"ZNF516",1.59026516262159e-22,0.454631848218333,0.228,0.136,5.82052952171127e-18
"GNAL",1.83653782816972e-22,-0.458783330838479,0.114,0.228,6.72191210488398e-18
"FUT8",2.04729448636754e-22,0.749593266455975,0.599,0.562,7.49330254955384e-18
"TBXAS1",2.14741885949582e-22,-1.33545135444911,0.036,0.119,7.85976776764067e-18
"DCAF7",2.45667894748053e-22,-0.278058975591285,0.13,0.26,8.9916906156735e-18
"PRKDC",2.73663280618572e-22,-0.277888029876904,0.221,0.376,1.00163497339203e-17
"ULK4",2.98802929365238e-22,-0.344671662183577,0.194,0.338,1.09364860176971e-17
"SH3BGRL",3.14187843232133e-22,-0.478702446147287,0.15,0.281,1.14995892501393e-17
"PACS1",3.21098736355616e-22,-0.414559396668365,0.27,0.424,1.17525348493519e-17
"DNAJC10",3.21932094537776e-22,-0.256388256618435,0.104,0.223,1.17830365921771e-17
"PREPL",3.4680228532949e-22,-0.331226253911238,0.294,0.435,1.26933104453447e-17
"PCMTD1",4.23070001532287e-22,-0.374560541213077,0.25,0.396,1.54847851260832e-17
"CREBBP",4.25384740445467e-22,-0.422293325566168,0.305,0.458,1.55695068850445e-17
"CAST",5.11521284042606e-22,0.578990841979491,0.32,0.229,1.87221905172434e-17
"EEF1A1",5.54503046125959e-22,-0.361903305488705,0.233,0.376,2.02953659912562e-17
"ADAMTS9",5.56659103657921e-22,0.916599553398079,0.106,0.044,2.03742798529836e-17
"STK32A",5.7250828407074e-22,0.293277114710837,0.15,0.07,2.09543757052731e-17
"PLCH1",6.20428560871726e-22,-0.673315413010461,0.075,0.17,2.2708305756466e-17
"TAF4",6.64952861234269e-22,-0.294388660279774,0.05,0.144,2.43379396740355e-17
"ATG5",6.77569780214559e-22,-0.259171611351721,0.152,0.287,2.47997315256331e-17
"TSC22D1",7.15767920192171e-22,-0.346043570263525,0.334,0.47,2.61978216469536e-17
"SCD",7.52533919875273e-22,0.285352978614367,0.222,0.121,2.75434940013549e-17
"C2orf72",7.7380689910385e-22,-0.307324931538607,0.07,0.174,2.83221063141e-17
"ANKMY1",7.87556944318641e-22,-0.270255619268053,0.078,0.187,2.88253717190066e-17
"INO80D",8.41449793339229e-22,-0.265778790432568,0.149,0.281,3.07979038860091e-17
"SETDB1",9.55535315224996e-22,-0.282180570233868,0.099,0.213,3.49735480725501e-17
"ARHGAP35",1.00457556289529e-21,-0.358247204933926,0.323,0.485,3.67684701775304e-17
"DANT2",1.0665440807453e-21,-0.396374430080078,0.426,0.558,3.90365798993586e-17
"TIAM2",1.11631729581885e-21,-0.328349214513338,0.265,0.416,4.08583293442659e-17
"DISP1",1.12167918679669e-21,-0.595358049205584,0.087,0.192,4.10545799159455e-17
"SIL1",1.2206144617629e-21,-0.267545084247492,0.211,0.358,4.46757099149837e-17
"ITPR2",1.38313903337225e-21,0.583063844869509,0.44,0.345,5.06242717604579e-17
"ANKRD33B",1.61595038371114e-21,-0.274919017435838,0.088,0.194,5.91453999942113e-17
"PLD5",1.78667596031631e-21,-0.552122070572076,0.119,0.231,6.53941268235372e-17
"TRIM27",1.82568057523796e-21,-0.257291010500568,0.059,0.157,6.68217347342846e-17
"UBAC2",2.01373962625852e-21,-0.390406180537665,0.233,0.382,7.3704884060688e-17
"FAT1",2.24649721081407e-21,0.518480058074864,0.138,0.066,8.22240444130059e-17
"ME2",2.2880882407157e-21,-0.25406548735595,0.145,0.276,8.37463176984353e-17
"PACSIN2",2.37307995264822e-21,-0.422613365617768,0.107,0.221,8.68570993468774e-17
"KCNN3",2.42278667685248e-21,0.741103530998751,0.221,0.135,8.86764151594777e-17
"ATG7",2.90593233555459e-21,-0.372433250407983,0.369,0.523,1.06360029413633e-16
"PLA2G4C",3.00847800397e-21,-0.329011402698201,0.25,0.407,1.10113303423306e-16
"SIRT1",3.92253347268012e-21,-0.252282247424229,0.067,0.167,1.43568647633565e-16
"GCFC2",4.1358605494729e-21,-0.263490237599792,0.118,0.238,1.51376631971258e-16
"ATP1B2",4.13821097106289e-21,0.340292740171735,0.244,0.151,1.51462659751873e-16
"RMST",4.18592045461012e-21,-0.426587308983746,0.031,0.11,1.53208874559185e-16
"FAXDC2",4.25718753096048e-21,0.339908168832289,0.232,0.134,1.55817320820684e-16
"RNF138",4.35148530496548e-21,-0.305140061627419,0.1,0.213,1.59268713647042e-16
"NFATC3",4.65534644225657e-21,-0.386651590458765,0.218,0.36,1.70390335133033e-16
"MYO16",4.68523846527637e-21,-0.461082952312158,0.086,0.187,1.71484413067581e-16
"ST6GALNAC3",5.64602283006453e-21,-0.760191527676913,0.262,0.413,2.06650081603192e-16
"RUNX1",5.66999553444605e-21,-0.85010469160217,0.047,0.133,2.0752750655626e-16
"SMARCA2",6.44877704336423e-21,-0.403320677929499,0.337,0.476,2.36031688564174e-16
"NFASC",7.01811982264627e-21,0.946331931732195,0.529,0.502,2.56870203628676e-16
"VTI1A",7.08680649889198e-21,-0.314452077810201,0.349,0.504,2.59384204665945e-16
"RNF24",7.27374827820595e-21,-0.262146198064066,0.249,0.396,2.66226460730616e-16
"KIAA1211",7.75583016645476e-21,-0.494313198269588,0.133,0.241,2.83871139922411e-16
"FAM124A",8.67038828340443e-21,0.642705563129389,0.212,0.127,3.17344881560886e-16
"OSBPL1A",9.19097034809033e-21,0.613104546014653,0.575,0.52,3.36398705710454e-16
"HAPLN2",9.40816680079861e-21,0.632422311702391,0.159,0.083,3.4434831307603e-16
"SH2B3",9.46196768690477e-21,-0.318900432224319,0.043,0.129,3.46317479308402e-16
"QSER1",9.53977774802818e-21,-0.250595533425513,0.157,0.29,3.49165405355579e-16
"CALD1",1.07806097539372e-20,0.643895420326803,0.321,0.226,3.94581097603855e-16
"PLEKHH2",1.11047484058945e-20,0.308935913773763,0.184,0.096,4.06444896404144e-16
"RPS6KC1",1.16683295347062e-20,-0.291353988807785,0.296,0.439,4.27072529299781e-16
"TMEM14B",1.23563345466139e-20,-0.25766505947413,0.334,0.479,4.52254200740617e-16
"RAB3GAP1",1.3111369633844e-20,-0.291059271617789,0.261,0.409,4.79889239968323e-16
"IGSF11",1.31830235080436e-20,0.495194158230293,0.397,0.305,4.82511843417904e-16
"ATP8A1",1.3733338007653e-20,0.850316357788684,0.577,0.535,5.02653904418106e-16
"HPCAL1",1.41850379745051e-20,-0.260666341777613,0.05,0.139,5.1918657490486e-16
"LGR5",1.42641136797775e-20,0.517777139739336,0.141,0.069,5.22080824793538e-16
"EIF1",1.51836930609278e-20,-0.26054806807337,0.141,0.266,5.55738349723018e-16
"HTT",1.54954664955707e-20,-0.312565620393589,0.266,0.414,5.67149569204383e-16
"BACH1",1.5701805360861e-20,-0.586371692037368,0.115,0.222,5.74701778012872e-16
"PLCL1",1.74605147683912e-20,0.817359718186734,0.511,0.468,6.39072301037887e-16
"KIFC3",2.14127099326191e-20,-0.261337565425239,0.058,0.151,7.83726596243793e-16
"LHFPL3",2.1813379778605e-20,-0.267806488001888,0.122,0.243,7.98391513276721e-16
"SRSF6",2.23570091881818e-20,-0.360839680384731,0.059,0.151,8.18288893296644e-16
"SAMD8",2.77762793431047e-20,-0.254635469435815,0.149,0.275,1.01663960023698e-15
"WDFY2",2.80060982235399e-20,0.452386382242859,0.442,0.349,1.02505120107978e-15
"CHD2",2.83996433298448e-20,0.67156087078616,0.506,0.463,1.03945534551565e-15
"CARHSP1",3.36252141683504e-20,0.363852632161425,0.107,0.046,1.23071646377579e-15
"ZNF710",3.60844490213381e-20,-0.85854743817367,0.093,0.191,1.32072691862999e-15
"PRKCA",4.67565550207844e-20,1.05556315770199,0.554,0.549,1.71133667031573e-15
"ABCA2",4.95690230752952e-20,0.772650551880839,0.373,0.296,1.81427581357888e-15
"CHCHD3",5.05030150850692e-20,-0.280245507750786,0.264,0.414,1.84846085512862e-15
"CDK14",5.09963562120068e-20,-0.293060305455765,0.317,0.455,1.86651763371566e-15
"TRAK1",5.182555441096e-20,-0.426581285042354,0.238,0.386,1.89686711699555e-15
"TCF7L2",5.27697343019406e-20,0.590888797832979,0.333,0.243,1.93142504518533e-15
"TNPO2",5.51633198303046e-20,-0.253324530731543,0.101,0.211,2.01903266910898e-15
"NKAIN2",5.53690105732713e-20,-0.499356660582831,0.481,0.589,2.0265611559923e-15
"PTEN",5.65838147243233e-20,-0.35620583592278,0.266,0.411,2.07102420272496e-15
"MAPK1",6.37587414664295e-20,-0.321686506346286,0.279,0.421,2.33363369641279e-15
"TRAF3",7.6589721289993e-20,-0.355915364957868,0.204,0.336,2.80326038893504e-15
"TMEM65",8.5647225672988e-20,-0.291050216316909,0.121,0.236,3.13477410685703e-15
"CDHR3",8.81625357308865e-20,1.11145964188291,0.272,0.198,3.22683697028618e-15
"PTBP2",9.40554868891919e-20,0.534805672098236,0.558,0.498,3.44252487563131e-15
"MAPRE2",9.62470718366801e-20,0.961626044919376,0.456,0.438,3.52273907629433e-15
"KIF13A",9.91871036801031e-20,0.325954610211154,0.559,0.469,3.63034718179545e-15
"GRK2",1.01888285480532e-19,-0.267502717225292,0.038,0.119,3.72921313687294e-15
"LAMA2",1.05589303352253e-19,0.649963213053169,0.279,0.186,3.8646740919958e-15
"LDLRAD4",1.12967784599196e-19,-0.544105600008261,0.402,0.545,4.13473388411516e-15
"NDUFA13",1.16239457412091e-19,-0.264898854721462,0.085,0.188,4.25448038073996e-15
"SH3BP4",1.48238467039072e-19,0.298754907558936,0.11,0.047,5.42567613209707e-15
"GRM3",1.57965238928363e-19,0.383298589016371,0.45,0.353,5.78168571001701e-15
"USP54",1.75029892771431e-19,0.40936901273842,0.541,0.467,6.40626910532713e-15
"KMT2C",1.86678236000761e-19,0.335106872634117,0.649,0.615,6.83261011586385e-15
"EP400",1.95241784983014e-19,-0.266033451834829,0.206,0.344,7.14604457216329e-15
"KLF7",1.97355559608045e-19,0.533572782967011,0.285,0.2,7.22341083721406e-15
"CORO1C",2.07338595658323e-19,0.593322902081344,0.304,0.222,7.5887999396903e-15
"PPP4R3A",2.30610814347599e-19,-0.28294677877208,0.164,0.291,8.44058641593647e-15
"DNAJC6",2.56384893267777e-19,0.735928249668408,0.562,0.534,9.38394347849391e-15
"SLC39A14",2.74432663085254e-19,0.834467105919612,0.233,0.161,1.00445099015834e-14
"ABCC4",2.9447185910614e-19,-1.00665575841961,0.068,0.155,1.07779645151438e-14
"KLF12",3.37096895832764e-19,-0.427303052156111,0.221,0.348,1.2338083484375e-14
"ZMAT1",3.62737941177727e-19,0.551887856452555,0.314,0.226,1.3276571385046e-14
"ALCAM",4.18672984588706e-19,0.480029365196968,0.59,0.5,1.53238499089312e-14
"CEP112",4.34191046713278e-19,-0.331128313203844,0.186,0.312,1.58918265007527e-14
"CPNE2",4.86924455515098e-19,0.530507097525463,0.167,0.091,1.78219219963081e-14
"NSD1",4.97222154960975e-19,-0.255424947627985,0.355,0.506,1.81988280937267e-14
"ZNF33A",5.13806406026978e-19,-0.26565276967131,0.169,0.297,1.88058282669934e-14
"ATF7",5.33506048307074e-19,0.542823933079876,0.371,0.284,1.95268548740872e-14
"COL4A2",5.52801094054648e-19,0.917461369252206,0.184,0.11,2.02330728434942e-14
"TESK2",5.81258865379073e-19,0.488566328746868,0.279,0.186,2.12746557317394e-14
"SOS2",7.55723716280045e-19,-0.256674259228235,0.25,0.396,2.76602437395659e-14
"TET3",8.13883579255424e-19,-0.263989244289754,0.197,0.333,2.97889528843278e-14
"FAM114A1",8.47755478284577e-19,0.332327539413907,0.106,0.046,3.10286982606938e-14
"FN1",8.74170425817879e-19,0.298189102958966,0.102,0.044,3.19955117553602e-14
"USP32",8.8710717323764e-19,0.512761655759643,0.509,0.449,3.24690096476709e-14
"DLEU1",1.06818342630561e-18,-0.972799932375772,0.113,0.211,3.90965815862116e-14
"ITGA2",1.11257625434304e-18,0.265546923435569,0.113,0.05,4.07214034852098e-14
"XXYLT1",1.12778157751563e-18,-0.250157517472105,0.086,0.185,4.12779335186495e-14
"RNF38",1.28940345228378e-18,-0.271249565100178,0.246,0.39,4.71934557570386e-14
"LINC01135",1.42068798091483e-18,0.369517028147323,0.162,0.088,5.19986007894637e-14
"PPP3R1",1.58057719399475e-18,-0.295664550322347,0.233,0.368,5.78507058774018e-14
"AQR",2.07011580155373e-18,-0.259376263110904,0.154,0.273,7.5768308452668e-14
"CUL5",2.19394598457182e-18,-0.256758268879585,0.257,0.4,8.03006169813133e-14
"MAP4",2.2825947793936e-18,0.482289673630007,0.485,0.425,8.35452515205852e-14
"GBF1",2.40445882916904e-18,-0.281530041284201,0.262,0.401,8.80055976064162e-14
"WDR60",2.56272414832019e-18,-0.276688718702057,0.264,0.402,9.37982665526674e-14
"TMEM163",2.58476875131347e-18,-0.259013880196817,0.066,0.155,9.46051210668242e-14
"AFTPH",3.00794470302209e-18,-0.271510170472811,0.156,0.279,1.10093784075312e-13
"PLCG2",3.55358969555007e-18,0.325041093837521,0.576,0.54,1.30064936446828e-13
"PLPP4",3.7027226159904e-18,0.462257524257344,0.153,0.081,1.35523350467865e-13
"HIF1A",3.72404944989995e-18,0.808566275210907,0.283,0.21,1.36303933915788e-13
"RAB40B",4.12484379961608e-18,0.971765758315215,0.302,0.231,1.50973407909748e-13
"MAN2C1",4.60321790705808e-18,-0.2796250744685,0.084,0.181,1.68482378616233e-13
"LCNL1",4.81637274330141e-18,0.395120292069009,0.154,0.081,1.76284058777575e-13
"FUS",4.82741818099394e-18,-0.354016514126622,0.219,0.353,1.76688332842559e-13
"ARHGAP23",5.19228223602943e-18,0.742911051978717,0.267,0.189,1.90042722120913e-13
"KDM2A",5.30433545636563e-18,-0.275705059381702,0.373,0.514,1.94143982038439e-13
"CTNND1",5.45660457514736e-18,-0.507265749484347,0.254,0.385,1.99717184054969e-13
"ESRRA",5.98270749755752e-18,-0.264638237755022,0.048,0.129,2.18973077118103e-13
"MTMR10",6.46069178339089e-18,0.3639321209019,0.212,0.129,2.3646777996389e-13
"NR3C2",6.78447100892038e-18,-0.399914222462594,0.307,0.439,2.48318423397495e-13
"CCDC144A",6.87658424694715e-18,-0.277563237096137,0.351,0.501,2.51689860022513e-13
"HK1",6.97212901212518e-18,-0.250778874323581,0.154,0.273,2.55186893972794e-13
"SNHG25",7.65422836665129e-18,0.518395767450548,0.183,0.108,2.80152412447804e-13
"GLB1",8.2015072429507e-18,-0.271644878141221,0.124,0.233,3.00183366599239e-13
"OGDH",9.50643137641924e-18,-0.288394244505849,0.182,0.309,3.47944894808321e-13
"NAV1",9.73546188380375e-18,0.380924758933373,0.571,0.518,3.56327640409101e-13
"SARNP",9.78543014582508e-18,-0.255717721961475,0.184,0.31,3.58156528767344e-13
"LIMS1",9.81089983791552e-18,0.381156730940797,0.326,0.24,3.59088744967546e-13
"ARHGAP12",9.97032098282308e-18,-0.552616766732766,0.165,0.276,3.64923718292308e-13
"SERPINB6",1.29915095639703e-17,0.362039662987578,0.206,0.125,4.75502241550876e-13
"UHRF1BP1L",1.45436235314337e-17,-0.267278598428403,0.194,0.319,5.32311164874003e-13
"HTRA1",2.40033313235562e-17,0.329616449227873,0.278,0.181,8.78545929773479e-13
"PLXDC2",2.54986857172827e-17,-1.18535104163063,0.433,0.542,9.33277395938264e-13
"CAPN2",2.71576953707922e-17,0.263522053597177,0.21,0.13,9.93998808266364e-13
"PHACTR4",2.72470920905386e-17,-0.280934511671558,0.336,0.485,9.97270817605803e-13
"SNX14",3.02592200049367e-17,-0.262946642565822,0.29,0.43,1.10751771140069e-12
"ANO6",3.30707325678488e-17,0.40939394596811,0.214,0.138,1.21042188271583e-12
"SLAIN2",3.42974517804948e-17,-0.25174170081567,0.133,0.244,1.25532103261789e-12
"SKA2",3.79588551105964e-17,-0.262822268299664,0.068,0.155,1.38933205590294e-12
"UBASH3B",3.86167605096956e-17,-0.397477284259414,0.127,0.225,1.41341205141537e-12
"PLSCR1",5.27422559714634e-17,0.281655207017359,0.152,0.085,1.93041931081153e-12
"SLC27A1",5.68811300985212e-17,-0.279215335025419,0.173,0.292,2.08190624273597e-12
"MIRLET7BHG",7.0934174740227e-17,0.516735465566754,0.336,0.258,2.59626172966705e-12
"EMC2",7.10932338495925e-17,0.413986121709722,0.248,0.17,2.60208345212893e-12
"TRIM2",8.349143699984e-17,0.342509858049699,0.659,0.613,3.05587008563114e-12
"LRSAM1",8.68686049321207e-17,-0.270944016908108,0.144,0.256,3.17947780912055e-12
"CAT",8.73419831562526e-17,0.276481137968719,0.116,0.055,3.196803925502e-12
"ABCC9",9.09174136511443e-17,0.303954353300755,0.103,0.048,3.32766825704553e-12
"LINC01630",9.60105311940362e-17,0.605763424256725,0.182,0.108,3.51408145223292e-12
"GLUD1",9.71668158876725e-17,0.604643128741665,0.298,0.225,3.5564026283047e-12
"PTPRD",1.0234412915191e-16,-0.459549236584429,0.711,0.743,3.74589747108907e-12
"SLC20A2",1.09683468932145e-16,-0.302791052550585,0.309,0.454,4.01452464638545e-12
"CASC4",1.21493086145655e-16,-0.287873730689393,0.431,0.559,4.44676844601713e-12
"SHTN1",1.24688157058149e-16,0.720137418406691,0.521,0.497,4.56371123648532e-12
"NDE1",1.40869198662874e-16,0.28711139036357,0.143,0.075,5.15595354025984e-12
"SFMBT1",1.41756119902933e-16,-0.259859351088293,0.157,0.271,5.18841574456726e-12
"P4HA1",1.42415026098244e-16,0.571908908054851,0.328,0.257,5.21253237022183e-12
"GPR37",1.48265396837788e-16,0.407360817759737,0.135,0.069,5.42666178965989e-12
"SNX2",1.51521181354042e-16,-0.250838675368899,0.134,0.242,5.54582675873931e-12
"ARID1A",1.5866916802045e-16,-0.25942092130313,0.258,0.396,5.80745021871651e-12
"EHMT1",1.63000460277033e-16,-0.263148441193614,0.303,0.44,5.96597984659967e-12
"PKN2",1.67152725462155e-16,-0.373003637416079,0.336,0.473,6.11795690464034e-12
"ITM2B",1.79226823927431e-16,-0.362399411773027,0.293,0.426,6.55988098256791e-12
"UNK",2.7403379280413e-16,-0.319229409788138,0.15,0.258,1.0029910850424e-11
"DGKD",2.80507542929134e-16,0.610888508738867,0.263,0.186,1.02668565787492e-11
"STARD13",2.86513445303162e-16,0.494093702795867,0.423,0.348,1.0486678611541e-11
"MAP3K13",2.93884177818944e-16,-0.261322156396235,0.271,0.403,1.07564547923512e-11
"DENND5B",3.1589459967882e-16,-0.279041310943665,0.367,0.495,1.15620582428445e-11
"CYP20A1",3.21808348857823e-16,-0.282595883193288,0.101,0.195,1.17785073765452e-11
"GRK3",3.37297524415264e-16,-0.268080335503023,0.264,0.391,1.23454266911231e-11
"PTMA",4.18829245782239e-16,0.71041129202666,0.348,0.285,1.53295692248757e-11
"MBNL2",4.53339175483136e-16,0.56239259315605,0.541,0.483,1.65926671618582e-11
"FEZ2",4.69030938616739e-16,-0.265669074556597,0.129,0.233,1.71670013843113e-11
"CNOT2",5.26654308708938e-16,0.665226787715117,0.443,0.396,1.92760743530558e-11
"ATXN2",6.37237813794821e-16,-0.279307948958122,0.47,0.586,2.33235412227042e-11
"MMD2",6.97971772380921e-16,-0.905035069740745,0.132,0.217,2.55464648409141e-11
"SLC24A3",8.47449520029693e-16,-0.557941807323328,0.137,0.226,3.10174998826068e-11
"YTHDC2",9.3267495308813e-16,-0.279921066188949,0.273,0.402,3.41368359579786e-11
"EXOC6B",9.96129092163972e-16,0.428675259341812,0.718,0.682,3.64593209022936e-11
"PSME4",1.02112260091113e-15,0.375971827524428,0.438,0.372,3.73741083159481e-11
"KIF1B",1.13997297086697e-15,0.321354228446624,0.699,0.648,4.1724150706702e-11
"ELMO1",1.14217502110836e-15,0.67573969222098,0.559,0.568,4.18047479475872e-11
"COL4A1",1.19682498271844e-15,0.961522156150225,0.126,0.069,4.38049911924775e-11
"ADGRB3",1.22448700226742e-15,-0.311159698356093,0.806,0.752,4.481744876999e-11
"PTAR1",1.23308928758755e-15,0.307202829145026,0.224,0.147,4.51323010149918e-11
"ZNRF3",1.53247633540808e-15,1.4359120903142,0.293,0.237,5.60901663522713e-11
"GSAP",1.5940117782044e-15,-0.292013580810135,0.098,0.19,5.83424250940592e-11
"C2orf76",1.79330962974137e-15,0.270926158023086,0.135,0.073,6.56369257581639e-11
"KIAA2026",2.46978301445919e-15,-0.251784398987805,0.298,0.432,9.03965281122209e-11
"SLC4A4",2.53484748808075e-15,0.367861664112678,0.259,0.181,9.27779529112434e-11
"EFCAB11",2.56554752574391e-15,-0.301067193325451,0.099,0.191,9.39016049897527e-11
"ACTG1",2.61498421131434e-15,0.497053028991635,0.262,0.191,9.57110371183162e-11
"RAI14",2.89899063332666e-15,0.310421579903598,0.143,0.079,1.06105956170389e-10
"FLNA",2.90859454308842e-15,0.339135013978435,0.13,0.071,1.06457468871579e-10
"FDFT1",3.29977629591522e-15,0.487154368161006,0.213,0.142,1.20775112206793e-10
"RASA3",3.68550857850368e-15,0.592287197796502,0.25,0.177,1.34893299481813e-10
"GSK3B",3.82694300297767e-15,-0.297134306877173,0.367,0.504,1.40069940851986e-10
"ZEB2",4.45684806101457e-15,0.575148981985868,0.673,0.664,1.63125095881194e-10
"PLD1",4.69192651285236e-15,0.429737491588789,0.287,0.199,1.71729202296909e-10
"KANSL1",4.92446929951264e-15,-0.322310395340113,0.431,0.55,1.80240500831462e-10
"PAN3",5.39795050312647e-15,-0.274806238837042,0.38,0.52,1.97570386364932e-10
"ARHGAP1",6.42933402131642e-15,0.60395199297801,0.278,0.205,2.35320054514202e-10
"ZKSCAN1",6.94542748726501e-15,0.530867907270863,0.436,0.381,2.54209591461387e-10
"PTPN14",7.02221489446038e-15,-0.304555814261381,0.075,0.153,2.57020087352144e-10
"RASA1",8.44434455718433e-15,-0.28165415468892,0.343,0.463,3.09071455137504e-10
"USP40",1.43329942736096e-14,0.363090546872514,0.287,0.21,5.24601923408386e-10
"SETD5",1.47295502845354e-14,0.46263877137744,0.541,0.515,5.39116269964281e-10
"KLHL5",1.52441287834716e-14,-0.370009242057375,0.209,0.312,5.57950357603845e-10
"SLC31A2",1.61769809283456e-14,0.407695171342326,0.109,0.055,5.92093678958376e-10
"PTBP3",1.69923014901951e-14,-0.362991429125744,0.159,0.264,6.21935226842631e-10
"WBP1L",1.71470442813686e-14,-0.280127685958304,0.136,0.234,6.27598967742372e-10
"IGF1R",2.00200407588301e-14,-0.275744607594086,0.34,0.489,7.32753511813942e-10
"GPC5",2.72447470368483e-14,1.85148870126959,0.335,0.297,9.97184986295684e-10
"SPAG9",2.76211656110664e-14,0.429741752777588,0.55,0.516,1.01096228253064e-09
"VPS8",3.16628567518374e-14,-0.257649124168312,0.287,0.414,1.158892219974e-09
"SERPINE2",3.1701767443127e-14,0.290171829228035,0.207,0.129,1.16031639018589e-09
"PADI2",3.98216655811391e-14,0.250551630695755,0.18,0.108,1.45751278193527e-09
"MPZL1",4.11917877038014e-14,-0.322240289636644,0.114,0.204,1.50766062174684e-09
"CHD9",5.03354477619291e-14,-0.29414223867501,0.519,0.627,1.84232772353437e-09
"SPOCK1",5.06291816149677e-14,0.491594471132597,0.573,0.523,1.85307867628943e-09
"TET2",5.24480545698368e-14,-0.268259409176864,0.22,0.336,1.9196512453106e-09
"ENOX2",5.26573743780152e-14,0.645362317065287,0.186,0.121,1.92731255960974e-09
"LRP1",6.37853875724452e-14,-0.391693883170217,0.224,0.337,2.33460897053907e-09
"NINJ2",6.77100163684767e-14,0.453104041020621,0.145,0.083,2.47825430910262e-09
"PALLD",7.16677951548706e-14,0.826525825193298,0.284,0.223,2.62311297046342e-09
"NAALADL2",7.72216183130143e-14,0.544147308637764,0.492,0.446,2.82638845187464e-09
"CHST11",7.95764380343068e-14,-0.566153528003191,0.265,0.37,2.91257720849366e-09
"APPL2",8.65487644107061e-14,-0.379399201752883,0.207,0.319,3.16777132619625e-09
"PAG1",8.88501331468395e-14,-0.38726332472984,0.157,0.255,3.25200372330747e-09
"VEZT",9.04403709188148e-14,-0.275924672064844,0.301,0.422,3.31020801599954e-09
"MXD4",9.73792716635054e-14,-0.254701654644062,0.053,0.12,3.56417872215596e-09
"MOB1B",1.00616351053935e-13,-0.394180203509365,0.135,0.227,3.68265906492508e-09
"RALGDS",1.11188526084946e-13,0.511711977039828,0.328,0.269,4.06961124323512e-09
"ANKRD17",1.19399242644568e-13,-0.317513334537364,0.476,0.586,4.37013168003383e-09
"PSMG4",1.2486984817161e-13,0.433891722489218,0.202,0.138,4.57036131292911e-09
"ATM",1.31728753029583e-13,-0.456116784175494,0.285,0.409,4.82140408963577e-09
"TBC1D2B",1.50339236668112e-13,-0.281124220159706,0.096,0.18,5.50256640128958e-09
"COLGALT2",1.52615740477367e-13,0.64387462731617,0.369,0.314,5.58588871721211e-09
"CCNL1",1.69609513305926e-13,0.377656443603364,0.223,0.156,6.2078777965102e-09
"C5orf64",1.79785535639051e-13,0.31060534240422,0.155,0.09,6.5803303899249e-09
"RBM19",1.83803601697224e-13,-0.269715258360066,0.055,0.122,6.7273956257201e-09
"MAPK4",2.05695667351084e-13,1.16045832238164,0.266,0.215,7.52866712071703e-09
"FAM110B",2.7873827839073e-13,-0.265365972917733,0.164,0.26,1.02020997273791e-08
"SYT9",2.94837705443053e-13,0.433977172576708,0.213,0.145,1.07913548569212e-08
"PHACTR2",3.02520223693421e-13,-0.324794217682009,0.139,0.228,1.10725427074029e-08
"MPPED2",3.02531855169216e-13,-0.29138080597908,0.159,0.254,1.10729684310485e-08
"TOX",3.12929658564073e-13,-0.577594502675111,0.231,0.314,1.14535384331036e-08
"KIAA0319L",5.47327557577222e-13,-0.253521602643884,0.274,0.394,2.00327359348839e-08
"BACH2",5.52151203491248e-13,0.546165937350428,0.476,0.44,2.02092861989832e-08
"DARS",5.91528005363346e-13,0.366753827009482,0.268,0.202,2.16505165243038e-08
"EGLN3",6.59174406365118e-13,0.304722711670354,0.168,0.104,2.41264424473697e-08
"SUSD6",8.38657204802727e-13,-0.398970156333126,0.122,0.207,3.06956923529846e-08
"RNF130",8.59413135204295e-13,0.506462082543004,0.601,0.58,3.14553801616124e-08
"CRYAB",1.44687821702613e-12,0.280088483121788,0.139,0.081,5.29571896213735e-08
"STX8",1.60795268550941e-12,-0.307061282785549,0.268,0.383,5.88526762423299e-08
"EIF4A1",1.67154051335131e-12,0.305443648230223,0.232,0.168,6.11800543291714e-08
"ZNF274",1.71653964170701e-12,0.304549623667261,0.128,0.073,6.28270674261183e-08
"PPP1R12A",1.71668595336328e-12,-0.260435460115541,0.35,0.468,6.28324225790494e-08
"CTTNBP2NL",1.89672857358624e-12,-0.33556191627106,0.153,0.248,6.942216252183e-08
"GAK",1.90128787682642e-12,-0.343154166311744,0.146,0.239,6.95890375797237e-08
"RYR3",2.22383212882494e-12,1.13182966550135,0.292,0.248,8.13944797471215e-08
"HAVCR2",2.63465311066542e-12,-0.292978126965602,0.081,0.154,9.64309385034649e-08
"ITGB1",2.96382399954616e-12,0.485864339380215,0.22,0.158,1.08478922207389e-07
"USP53",3.03922799732251e-12,-0.835866611016774,0.155,0.241,1.11238783930001e-07
"NRP1",3.32625871491389e-12,0.703815230352528,0.154,0.098,1.21744395224563e-07
"CDKAL1",3.53309789950098e-12,-0.31532500317024,0.383,0.509,1.29314916219635e-07
"PDK1",3.55588343261441e-12,0.369225650000216,0.156,0.101,1.3014888951712e-07
"LHFPL2",3.56592553158904e-12,-0.68843052127171,0.087,0.156,1.3051644038169e-07
"MARCKS",3.67295689317395e-12,-0.45994666145961,0.141,0.224,1.3443389524706e-07
"ATP1A2",3.91252309203234e-12,-0.710942091751943,0.218,0.132,1.43202257691476e-07
"ITPKC",4.21761749975711e-12,0.286618388118554,0.136,0.083,1.5436901810861e-07
"SAMD4A",4.29201624672777e-12,1.12982528677108,0.364,0.339,1.57092086646483e-07
"FAM102A",5.23793436138663e-12,0.616402550673381,0.248,0.19,1.91713635561112e-07
"DPF1",6.05827188871098e-12,0.350746185898501,0.081,0.159,2.21738809398711e-07
"CLASP2",6.35005544208176e-12,0.385980603037867,0.792,0.762,2.32418379235634e-07
"OLMALINC",6.73841853321764e-12,0.316398744254428,0.164,0.103,2.46632856734299e-07
"ANO4",7.13070963624251e-12,0.705623943616923,0.467,0.451,2.60991103396112e-07
"NRIP1",8.01219483253112e-12,-0.418717373088967,0.231,0.339,2.93254343065472e-07
"HIP1R",9.61728934527216e-12,0.346366180060951,0.283,0.208,3.52002407326306e-07
"BCL2",1.14482841220536e-11,0.627075838026073,0.371,0.334,4.19018647151283e-07
"LINC00271",1.40412026010839e-11,0.327735756811837,0.167,0.11,5.13922056402272e-07
"EHBP1",1.58576485942897e-11,0.840830289274233,0.496,0.512,5.80405796199598e-07
"SHB",1.86600546128647e-11,0.362022132556135,0.141,0.087,6.82976658885462e-07
"FGGY",2.08116176547774e-11,0.415116759916121,0.221,0.162,7.61726017782508e-07
"PITPNC1",2.16888704038511e-11,1.50516811212277,0.41,0.425,7.93834345651355e-07
"RASSF2",2.18279853429593e-11,0.260254342141832,0.119,0.067,7.98926091537653e-07
"ZNF438",2.38637418282648e-11,0.472676846714301,0.331,0.279,8.73436814656319e-07
"KIAA1958",2.38883492813216e-11,0.415142765833066,0.365,0.305,8.74337472045652e-07
"AKT3",2.45438645635229e-11,0.303961371923039,0.663,0.657,8.98329986889503e-07
"AOAH",2.59556168604238e-11,-0.846916359685139,0.1,0.168,9.50001532708371e-07
"TOB1",2.74589000442708e-11,0.273585832718408,0.119,0.07,1.00502320052036e-06
"CA8",2.75779937921945e-11,-0.384894193297028,0.049,0.104,1.00938215078811e-06
"CTSD",2.89955176525729e-11,0.35064440116957,0.177,0.12,1.06126494160182e-06
"PHC2",2.93482461656875e-11,0.441001527776891,0.339,0.289,1.07417515791033e-06
"HECA",3.08677093203413e-11,-0.251038186175225,0.049,0.106,1.12978902883381e-06
"ZBTB37",3.50052021949217e-11,0.281187674687746,0.145,0.091,1.28122540553633e-06
"GAPDH",3.67106603731377e-11,0.623989573801433,0.336,0.299,1.34364688031721e-06
"BIN1",3.9986528666618e-11,0.836715971932117,0.327,0.288,1.46354693572689e-06
"KIF13B",4.29978123539084e-11,0.326348050578201,0.344,0.278,1.5737629299654e-06
"PTPRF",4.40693776660913e-11,0.419218790070922,0.244,0.186,1.61298329195661e-06
"PRKD1",5.15982973969353e-11,0.574368587213816,0.356,0.304,1.88854928302523e-06
"TRPM3",5.28942337741365e-11,-0.299491722218759,0.205,0.293,1.93598185036717e-06
"SLC25A13",5.63407472389765e-11,0.280894856199487,0.311,0.244,2.06212768969378e-06
"KDM4C",6.22081871794372e-11,0.398732187641063,0.51,0.5,2.27688185895458e-06
"BMPR1A",6.43941304988693e-11,0.725243205709913,0.377,0.351,2.35688957038911e-06
"TRA2A",7.94103149901688e-11,-0.253192847330629,0.382,0.5,2.90649693895517e-06
"TEX9",8.29062043553042e-11,0.491878656318018,0.134,0.085,3.03444998560849e-06
"SORBS1",8.802976927673e-11,1.77416805444221,0.455,0.515,3.22197758529759e-06
"RIMKLB",8.9567203380596e-11,-0.267665991923436,0.147,0.232,3.2782492109332e-06
"SLC6A8",9.08111786382843e-11,0.459583831834817,0.145,0.095,3.32377994933984e-06
"BARD1",9.4245669143472e-11,0.309036378904418,0.134,0.082,3.44948573632022e-06
"OGFRL1",1.00316055705804e-10,0.313331255371332,0.22,0.164,3.67166795488812e-06
"DIP2B",1.02769363328422e-10,0.288949502818571,0.664,0.639,3.76146146718356e-06
"CPEB4",1.2340711915762e-10,0.409626325618369,0.532,0.533,4.51682396828805e-06
"LINC01376",1.32768543331579e-10,0.331588861797289,0.185,0.129,4.85946145447914e-06
"PDE8B",1.39623705117377e-10,0.754337040093962,0.41,0.38,5.11036723100111e-06
"ID2",1.44778655231708e-10,0.480611011725034,0.152,0.101,5.29904356013574e-06
"THOC2",1.4764620944127e-10,0.557442353361486,0.363,0.314,5.40399891175992e-06
"LSS",1.4954796060534e-10,0.434752941168479,0.232,0.174,5.47360490611606e-06
"WASF3",1.53878515507822e-10,-0.281377549359709,0.167,0.252,5.6321075461018e-06
"TAOK1",1.79274022696728e-10,0.344531339945853,0.565,0.542,6.56160850472293e-06
"SGMS1",2.05676880379219e-10,0.349433212417531,0.515,0.491,7.5279794987598e-06
"PCED1B",2.0665584767943e-10,-0.381988618396223,0.066,0.125,7.5638106809148e-06
"MPP5",2.33574008111749e-10,0.48965943734443,0.237,0.181,8.54904227089812e-06
"SGK1",2.665551062689e-10,0.835621390391705,0.472,0.483,9.75618344454801e-06
"DENND5A",2.66798338870367e-10,0.374924250350509,0.489,0.457,9.76508600099429e-06
"AUH",3.03701775034051e-10,0.461758536152471,0.381,0.345,1.11157886680213e-05
"SPP1",3.64456847844754e-10,0.325593438124342,0.124,0.074,1.33394850879658e-05
"NCK1",3.69716795194943e-10,-0.294223830560915,0.111,0.183,1.35320044209301e-05
"FBXO7",4.03865366766546e-10,0.336171345011958,0.212,0.155,1.47818762890224e-05
"AMOTL2",4.36741373189973e-10,0.388332326899636,0.105,0.061,1.59851710001262e-05
"ABL1",4.58018841138839e-10,-0.263405668020486,0.285,0.392,1.67639476045227e-05
"DIXDC1",4.86528725292875e-10,0.635062485432158,0.361,0.326,1.78074378744445e-05
"PHF21A",5.13928358468944e-10,0.405883346930519,0.479,0.464,1.88102918483218e-05
"APC",5.90354798799497e-10,0.906767986233748,0.486,0.51,2.16075759908604e-05
"ASPH",6.09246298831855e-10,0.615475303147274,0.371,0.35,2.22990237835447e-05
"ITM2C",6.95410950204148e-10,-0.308813227945061,0.139,0.215,2.5452736188422e-05
"TBC1D22A",9.45313416549941e-10,-0.494981760679257,0.344,0.453,3.45994163591444e-05
"GNB4",1.12149850310578e-09,-0.420680692432625,0.074,0.132,4.10479667121746e-05
"MANBA",1.21662162757652e-09,-0.371611658694284,0.176,0.263,4.45295681909282e-05
"TRIM52",1.2543697499612e-09,0.467496952449547,0.147,0.101,4.59111872183301e-05
"ACTN2",1.28244926762271e-09,0.553415114630914,0.165,0.118,4.69389256442589e-05
"RYBP",1.28294688627592e-09,0.405351472731935,0.36,0.315,4.69571389845849e-05
"MTMR3",1.77739227981941e-09,-0.276473203340021,0.222,0.315,6.50543348336701e-05
"TAF15",1.93282832536655e-09,-0.262179838583384,0.342,0.452,7.07434495367412e-05
"ADD1",2.07706022947247e-09,0.563791486607141,0.466,0.442,7.60224814589218e-05
"LINC00174",2.20460641920776e-09,0.330769059825618,0.218,0.164,8.06907995494234e-05
"GREB1L",2.80526748285247e-09,0.532540845174849,0.197,0.146,0.000102675595139883
"ZNF592",2.84240086938938e-09,-0.260764459845665,0.104,0.172,0.000104034714220521
"CYLD",3.43239662944305e-09,0.397601580073597,0.26,0.213,0.000125629149034245
"MIR4300HG",4.73733890594871e-09,0.267223281481812,0.118,0.072,0.000173391341296629
"RALGAPA1",4.7574697718034e-09,0.288880572498319,0.588,0.571,0.000174128151117776
"SUN2",4.98755654375697e-09,0.361183059288583,0.212,0.158,0.000182549557058049
"ZNF280D",5.04177411085272e-09,0.500170726862107,0.473,0.451,0.00018453397423132
"AATK",5.68046805378855e-09,0.698548082352185,0.365,0.345,0.000207910811236715
"IRF2BP2",6.15197877558517e-09,0.264404246125034,0.18,0.129,0.000225168575165193
"USP47",6.29158539791959e-09,0.283029532695645,0.509,0.484,0.000230278317149255
"DENND4A",9.78591697891002e-09,0.386026749835829,0.534,0.524,0.000358174347345086
"ATXN7",9.9428548027763e-09,-0.25212014835073,0.158,0.237,0.000363918428636415
"CACNB2",1.33520786929331e-08,0.763296843166973,0.307,0.467,0.000488699432240043
"GBE1",1.45035147421859e-08,0.418661491518239,0.208,0.159,0.000530843143078746
"ZFAND5",1.62501097539544e-08,0.531379844240953,0.258,0.22,0.000594770267104484
"COPA",1.69642260277438e-08,0.538813813959493,0.346,0.313,0.000620907636841451
"GNAO1",1.70221155308106e-08,0.524124662331154,0.53,0.524,0.000623026450543199
"KNOP1",2.02166120044334e-08,-0.553063910747851,0.143,0.207,0.000739948215974267
"COBL",2.11878581507853e-08,0.473728540254569,0.509,0.487,0.000775496796176894
"CLVS1",2.27293468570065e-08,0.609889605873595,0.201,0.314,0.000831916824313294
"BCAN",2.29602422213861e-08,-0.299461363618975,0.072,0.122,0.000840367825544952
"LINC01411",2.30887889181286e-08,0.318510939156277,0.102,0.062,0.000845072763192426
"PPP1R12B",2.35012553114942e-08,0.432330324660833,0.501,0.492,0.000860169445656
"CLIP4",2.37816415505514e-08,0.397895922712502,0.407,0.378,0.00087043186239173
"C1orf61",3.34601381281095e-08,-0.643885122715571,0.197,0.266,0.00122467451562694
"ZNRF2",3.88441391966125e-08,-0.348975288489945,0.148,0.219,0.00142173433873521
"AK4",3.92343934468931e-08,0.286723487692178,0.152,0.11,0.00143601803454974
"ATP2B4",4.01912173877257e-08,0.276702425962529,0.357,0.299,0.00147103874760815
"CSNK1A1",4.16153765653385e-08,0.280811337322947,0.487,0.475,0.00152316439766795
"PIK3C2B",4.28866934211029e-08,0.671477209652276,0.253,0.215,0.00156969586590579
"TUBA1A",4.80694721399194e-08,0.484815702233159,0.251,0.207,0.00175939074979319
"HS3ST5",5.04183120682319e-08,0.543300769675887,0.289,0.244,0.00184536064000936
"CAPZB",6.89825186654391e-08,-0.319756269194236,0.299,0.394,0.00252482916567374
"ANKRD36C",6.96079534590621e-08,0.651137641355166,0.475,0.451,0.00254772070455513
"SECISBP2L",7.29100564079697e-08,0.462515584526592,0.424,0.404,0.0026685809745881
"IDI1",7.5958714131478e-08,0.273975195286786,0.127,0.087,0.00278016489592623
"LINC01006",7.96516559250653e-08,0.591983274192227,0.161,0.118,0.00291533025851332
"RAB11FIP2",8.1478070533556e-08,0.467340476810857,0.264,0.226,0.00298217885959868
"CPM",9.16387060970726e-08,0.265993138166183,0.136,0.089,0.00335406828185895
"MOSPD2",9.32555164820473e-08,0.377484756723566,0.16,0.118,0.00341324515875941
"AC012494.1",9.70646991040624e-08,-0.686637966496142,0.075,0.123,0.00355266505190779
"LINC00511",9.7864071068554e-08,0.383231018761696,0.309,0.261,0.00358192286518015
"ARFGEF3",1.0236693398163e-07,0.422015611607045,0.502,0.487,0.00374673215066165
"NPHP3",1.06964012226306e-07,0.352076995483545,0.225,0.178,0.00391498981149504
"RNF19A",1.12367057587949e-07,0.990204562665829,0.291,0.27,0.00411274667477651
"MAP3K1",1.19445949473705e-07,-0.302609227249224,0.093,0.146,0.00437184119668706
"GNG7",1.23257056559364e-07,0.494231046989032,0.457,0.428,0.00451133152712927
"CADPS",1.28233374616576e-07,0.391964854059958,0.341,0.479,0.00469346974434131
"EVI5",1.31716887763977e-07,0.416887311380032,0.476,0.457,0.00482096980904932
"KLF6",1.53990139237749e-07,0.312263048299631,0.112,0.074,0.00563619308624087
"MROH7",1.62499609139908e-07,-0.330211898212565,0.141,0.203,0.00594764819412976
"FAR1",1.94347792677051e-07,0.399612944421887,0.418,0.394,0.00711332355977276
"PSEN1",2.07165823129963e-07,0.421977678653125,0.429,0.408,0.00758247629237977
"HADHB",2.10367005953626e-07,0.253962832288483,0.23,0.186,0.00769964278490865
"NADK2",2.27938824231977e-07,0.323866462010393,0.193,0.15,0.00834278890571461
"LINC01578",2.53599845551109e-07,0.265875682755856,0.33,0.295,0.00928200794701615
"ACSS2",2.97550557521092e-07,0.447248843527956,0.194,0.151,0.0108906479558295
"SYNJ2",3.47220579335883e-07,0.637684260332342,0.29,0.258,0.0127086204242727
"ADARB2",4.68403794068847e-07,-0.327862783868218,0.369,0.277,0.0171440472667139
"EMID1",5.04538831028175e-07,-0.408247116394805,0.072,0.115,0.0184666257544622
"JUND",6.40110370015775e-07,0.588732071485007,0.261,0.228,0.0234286796529474
"LIMCH1",6.81312833881133e-07,0.443990613355278,0.591,0.596,0.0249367310328833
"BBS2",7.16994543983057e-07,0.273568982580189,0.319,0.285,0.0262427173043239
"ADIPOR2",8.81215557054238e-07,0.458858693859707,0.277,0.241,0.0322533706037421
"PPFIA1",9.27661181795846e-07,0.440260035989961,0.318,0.295,0.0339533269149098
"OPHN1",1.03467566534298e-06,1.05636961915178,0.396,0.417,0.0378701640272186
"FTCDNL1",1.04924467002543e-06,0.37388598378172,0.193,0.156,0.0384034041676008
"RAB21",1.17818389199065e-06,0.367754561393712,0.246,0.21,0.04312270863075
"GABRB1",1.24703778360637e-06,0.660656189724328,0.318,0.462,0.0456428299177767
"DNER",1.31888423535279e-06,0.420646266804619,0.373,0.331,0.0482724818981473
"NCOA1",1.339653192308e-06,0.427587219620125,0.605,0.631,0.0490326464916652
"MEF2A",1.34703885652799e-06,-0.722904261726747,0.485,0.565,0.0493029691877809
